timestamp,info,length,delta,prediction,confidence,prob_DoS,prob_normal
1778739983.5946772,PPI / Raw,49,0.0,normal,0.51561993,0.4843801,0.51561993
1778739983.5950348,PPI / Raw,45,0.00035762786865234375,normal,0.51561993,0.4843801,0.51561993
1778739983.601721,PPI / Raw,45,0.006686210632324219,normal,0.51561993,0.4843801,0.51561993
1778739983.6256316,PPI / Raw,54,0.0239105224609375,normal,0.52342033,0.47657967,0.52342033
1778739983.650632,PPI / Raw,56,0.025000333786010742,normal,0.52342033,0.47657967,0.52342033
1778739983.651372,PPI / Raw,39,0.00074005126953125,normal,0.5448014,0.45519862,0.5448014
1778739983.656581,PPI / Raw,47,0.0052089691162109375,normal,0.51561993,0.4843801,0.51561993
1778739983.6619334,PPI / Raw,49,0.005352497100830078,normal,0.51561993,0.4843801,0.51561993
1778739983.703076,PPI / Raw,57,0.04114246368408203,normal,0.52342033,0.47657967,0.52342033
1778739983.729082,PPI / Raw,49,0.026006221771240234,normal,0.51561993,0.4843801,0.51561993
1778739983.7923443,PPI / Raw,49,0.0632622241973877,normal,0.51561993,0.4843801,0.51561993
1778739983.8156302,PPI / Raw,54,0.023285865783691406,normal,0.52342033,0.47657967,0.52342033
1778739983.8580499,PPI / Raw,49,0.0424196720123291,normal,0.51561993,0.4843801,0.51561993
1778739983.8825126,PPI / Raw,58,0.02446269989013672,normal,0.52342033,0.47657967,0.52342033
1778739983.924384,PPI / Raw,56,0.04187154769897461,normal,0.52342033,0.47657967,0.52342033
1778739983.9277995,PPI / Raw,49,0.003415346145629883,normal,0.51561993,0.4843801,0.51561993
1778739983.9831414,PPI / Raw,57,0.05534195899963379,normal,0.52342033,0.47657967,0.52342033
1778739983.9930499,PPI / Raw,49,0.009908437728881836,normal,0.51561993,0.4843801,0.51561993
1778739984.0056314,PPI / Raw,54,0.012581586837768555,normal,0.52342033,0.47657967,0.52342033
1778739984.0624094,PPI / Raw,40,0.0567779541015625,normal,0.51561993,0.4843801,0.51561993
1778739984.110869,PPI / Raw,68,0.048459529876708984,normal,0.52342033,0.47657967,0.52342033
1778739984.1275663,PPI / Raw,49,0.016697406768798828,normal,0.51561993,0.4843801,0.51561993
1778739984.1868865,PPI / Raw,54,0.05932021141052246,normal,0.52342033,0.47657967,0.52342033
1778739984.1942122,PPI / Raw,49,0.007325649261474609,normal,0.51561993,0.4843801,0.51561993
1778739984.1993864,PPI / Raw,56,0.005174160003662109,normal,0.52342033,0.47657967,0.52342033
1778739984.2544575,PPI / Raw,57,0.055071115493774414,normal,0.52342033,0.47657967,0.52342033
1778739984.2605321,PPI / Raw,49,0.006074666976928711,normal,0.51561993,0.4843801,0.51561993
1778739984.3681345,PPI / Raw,54,0.10760235786437988,normal,0.52342033,0.47657967,0.52342033
1778739984.3946695,PPI / Raw,49,0.0265350341796875,normal,0.51561993,0.4843801,0.51561993
1778739984.4743884,PPI / Raw,56,0.07971882820129395,normal,0.52342033,0.47657967,0.52342033
1778739984.5288095,PPI / Raw,49,0.054421186447143555,normal,0.51561993,0.4843801,0.51561993
1778739984.5320232,PPI / Raw,57,0.003213644027709961,normal,0.52342033,0.47657967,0.52342033
1778739984.5493891,PPI / Raw,54,0.01736593246459961,normal,0.52342033,0.47657967,0.52342033
1778739984.5983078,PPI / Raw,49,0.048918724060058594,normal,0.51561993,0.4843801,0.51561993
1778739984.6688452,PPI / Raw,49,0.07053732872009277,normal,0.51561993,0.4843801,0.51561993
1778739984.7306373,PPI / Raw,54,0.06179213523864746,normal,0.52342033,0.47657967,0.52342033
1778739984.7493908,PPI / Raw,56,0.018753528594970703,normal,0.52342033,0.47657967,0.52342033
1778739984.7498052,PPI / Raw,45,0.0004143714904785156,normal,0.51561993,0.4843801,0.51561993
1778739984.7501318,PPI / Raw,39,0.0003266334533691406,normal,0.5448014,0.45519862,0.5448014
1778739984.795459,PPI / Raw,49,0.045327186584472656,normal,0.51561993,0.4843801,0.51561993
1778739984.809594,PPI / Raw,57,0.014134883880615234,normal,0.52342033,0.47657967,0.52342033
1778739984.915639,PPI / Raw,54,0.10604500770568848,normal,0.52342033,0.47657967,0.52342033
1778739984.935006,PPI / Raw,49,0.019366979598999023,normal,0.51561993,0.4843801,0.51561993
1778739984.9972935,PPI / Raw,49,0.06228756904602051,normal,0.51561993,0.4843801,0.51561993
1778739985.026893,PPI / Raw,56,0.029599428176879883,normal,0.52342033,0.47657967,0.52342033
1778739985.0492463,PPI / Raw,53,0.022353410720825195,normal,0.52342033,0.47657967,0.52342033
1778739985.0804985,PPI / Raw,39,0.031252145767211914,normal,0.5448014,0.45519862,0.5448014
1778739985.0821664,PPI / Raw,57,0.0016679763793945312,normal,0.52342033,0.47657967,0.52342033
1778739985.1056435,PPI / Raw,54,0.02347707748413086,normal,0.52342033,0.47657967,0.52342033
1778739985.133501,PPI / Raw,49,0.027857542037963867,normal,0.51561993,0.4843801,0.51561993
1778739985.2049549,PPI / Raw,49,0.07145380973815918,normal,0.51561993,0.4843801,0.51561993
1778739985.269292,PPI / Raw,49,0.06433725357055664,normal,0.51561993,0.4843801,0.51561993
1778739985.3018951,PPI / Raw,56,0.03260302543640137,normal,0.52342033,0.47657967,0.52342033
1778739985.335517,PPI / Raw,49,0.033621788024902344,normal,0.51561993,0.4843801,0.51561993
1778739985.4367423,PPI / Raw,42,0.10122537612915039,normal,0.5078119,0.49218813,0.5078119
1778739985.4661615,PPI / Raw,49,0.0294191837310791,normal,0.51561993,0.4843801,0.51561993
1778739985.4781437,PPI / Raw,54,0.011982202529907227,normal,0.52342033,0.47657967,0.52342033
1778739985.5313993,PPI / Raw,49,0.053255558013916016,normal,0.51561993,0.4843801,0.51561993
1778739985.5671384,PPI / Raw,68,0.03573918342590332,normal,0.52342033,0.47657967,0.52342033
1778739985.5793943,PPI / Raw,56,0.01225590705871582,normal,0.52342033,0.47657967,0.52342033
1778739985.5980206,PPI / Raw,49,0.01862621307373047,normal,0.51561993,0.4843801,0.51561993
1778739985.6629288,PPI / Raw,47,0.06490826606750488,normal,0.51561993,0.4843801,0.51561993
1778739985.663148,PPI / Raw,54,0.00021910667419433594,normal,0.52342033,0.47657967,0.52342033
1778739985.7346823,PPI / Raw,49,0.07153439521789551,normal,0.51561993,0.4843801,0.51561993
1778739985.7971568,PPI / Raw,49,0.06247448921203613,normal,0.51561993,0.4843801,0.51561993
1778739985.8468966,PPI / Raw,54,0.049739837646484375,normal,0.52342033,0.47657967,0.52342033
1778739985.8543994,PPI / Raw,56,0.00750279426574707,normal,0.52342033,0.47657967,0.52342033
1778739985.868287,PPI / Raw,49,0.013887643814086914,normal,0.51561993,0.4843801,0.51561993
1778739985.9098732,PPI / Raw,57,0.04158616065979004,normal,0.52342033,0.47657967,0.52342033
1778739985.9359536,PPI / Raw,49,0.02608036994934082,normal,0.51561993,0.4843801,0.51561993
1778739986.0294006,PPI / Raw,54,0.09344696998596191,normal,0.52342033,0.47657967,0.52342033
1778739986.0639496,PPI / Raw,49,0.03454899787902832,normal,0.51561993,0.4843801,0.51561993
1778739986.1281488,PPI / Raw,56,0.06419920921325684,normal,0.52342033,0.47657967,0.52342033
1778739986.128726,PPI / Raw,49,0.0005772113800048828,normal,0.51561993,0.4843801,0.51561993
1778739986.1805108,PPI / Raw,61,0.05178475379943848,normal,0.52342033,0.47657967,0.52342033
1778739986.1984396,PPI / Raw,49,0.0179288387298584,normal,0.51561993,0.4843801,0.51561993
1778739986.2156525,PPI / Raw,54,0.017212867736816406,normal,0.52342033,0.47657967,0.52342033
1778739986.265106,PPI / Raw,49,0.0494534969329834,normal,0.51561993,0.4843801,0.51561993
1778739986.3361073,PPI / Raw,49,0.07100129127502441,normal,0.51561993,0.4843801,0.51561993
1778739986.4031508,PPI / Raw,54,0.06704354286193848,normal,0.52342033,0.47657967,0.52342033
1778739986.4050546,PPI / Raw,49,0.0019037723541259766,normal,0.51561993,0.4843801,0.51561993
1778739986.405654,PPI / Raw,56,0.0005993843078613281,normal,0.52342033,0.47657967,0.52342033
1778739986.4574928,PPI / Raw,57,0.05183887481689453,normal,0.52342033,0.47657967,0.52342033
1778739986.4686253,PPI / Raw,49,0.011132478713989258,normal,0.51561993,0.4843801,0.51561993
1778739986.5030134,PPI / Raw,42,0.034388065338134766,normal,0.5078119,0.49218813,0.5078119
1778739986.5305407,PPI / Raw,49,0.027527332305908203,normal,0.51561993,0.4843801,0.51561993
1778739986.5856552,PPI / Raw,54,0.0551145076751709,normal,0.52342033,0.47657967,0.52342033
1778739986.5979593,PPI / Raw,49,0.012304067611694336,normal,0.51561993,0.4843801,0.51561993
1778739986.6694808,PPI / Raw,49,0.07152152061462402,normal,0.51561993,0.4843801,0.51561993
1778739986.680653,PPI / Raw,56,0.011172294616699219,normal,0.52342033,0.47657967,0.52342033
1778739986.7300587,PPI / Raw,57,0.049405574798583984,normal,0.52342033,0.47657967,0.52342033
1778739986.770654,PPI / Raw,54,0.040595293045043945,normal,0.52342033,0.47657967,0.52342033
1778739986.8517656,PPI / Raw,42,0.08111166954040527,normal,0.5078119,0.49218813,0.5078119
1778739986.879757,PPI / Raw,49,0.027991294860839844,normal,0.51561993,0.4843801,0.51561993
1778739986.9556553,PPI / Raw,56,0.07589840888977051,normal,0.52342033,0.47657967,0.52342033
1778739986.9619083,PPI / Raw,54,0.00625300407409668,normal,0.52342033,0.47657967,0.52342033
1778739987.000123,PPI / Raw,57,0.038214683532714844,normal,0.52342033,0.47657967,0.52342033
1778739987.0153196,PPI / Raw,49,0.015196561813354492,normal,0.51561993,0.4843801,0.51561993
1778739987.0255175,PPI / Raw,57,0.010197877883911133,normal,0.52342033,0.47657967,0.52342033
1778739987.0819361,PPI / Raw,49,0.056418657302856445,normal,0.51561993,0.4843801,0.51561993
1778739987.149407,PPI / Raw,54,0.06747078895568848,normal,0.52342033,0.47657967,0.52342033
1778739987.211145,PPI / Raw,49,0.061738014221191406,normal,0.51561993,0.4843801,0.51561993
1778739987.2344105,PPI / Raw,56,0.023265600204467773,normal,0.52342033,0.47657967,0.52342033
1778739987.2764413,PPI / Raw,57,0.04203081130981445,normal,0.52342033,0.47657967,0.52342033
1778739987.2835414,PPI / Raw,49,0.007100105285644531,normal,0.51561993,0.4843801,0.51561993
1778739987.3105226,PPI / Raw,61,0.026981115341186523,normal,0.52342033,0.47657967,0.52342033
1778739987.3356586,PPI / Raw,54,0.02513599395751953,normal,0.52342033,0.47657967,0.52342033
1778739987.3522868,PPI / Raw,49,0.016628265380859375,normal,0.51561993,0.4843801,0.51561993
1778739987.416352,PPI / Raw,49,0.06406521797180176,normal,0.51561993,0.4843801,0.51561993
1778739987.4863806,PPI / Raw,49,0.07002854347229004,normal,0.51561993,0.4843801,0.51561993
1778739987.5106628,PPI / Raw,56,0.024282217025756836,normal,0.52342033,0.47657967,0.52342033
1778739987.526913,PPI / Raw,54,0.016250133514404297,normal,0.52342033,0.47657967,0.52342033
1778739987.5465097,PPI / Raw,57,0.01959681510925293,normal,0.52342033,0.47657967,0.52342033
1778739987.552457,PPI / Raw,49,0.0059473514556884766,normal,0.51561993,0.4843801,0.51561993
1778739987.559277,PPI / Raw,42,0.006819963455200195,normal,0.5078119,0.49218813,0.5078119
1778739987.5930326,PPI / Raw,61,0.03375554084777832,normal,0.52342033,0.47657967,0.52342033
1778739987.6144094,PPI / Raw,49,0.021376848220825195,normal,0.51561993,0.4843801,0.51561993
1778739987.6617804,PPI / Raw,47,0.04737091064453125,normal,0.51561993,0.4843801,0.51561993
1778739987.683098,PPI / Raw,49,0.021317720413208008,normal,0.51561993,0.4843801,0.51561993
1778739987.7181616,PPI / Raw,54,0.03506350517272949,normal,0.52342033,0.47657967,0.52342033
1778739987.7453651,PPI / Raw,45,0.02720355987548828,normal,0.51561993,0.4843801,0.51561993
1778739987.7551546,PPI / Raw,49,0.009789466857910156,normal,0.51561993,0.4843801,0.51561993
1778739987.7558384,PPI / Raw,67,0.0006837844848632812,normal,0.52342033,0.47657967,0.52342033
1778739987.7693388,PPI / Raw,45,0.013500452041625977,normal,0.51561993,0.4843801,0.51561993
1778739987.784415,PPI / Raw,56,0.015076160430908203,normal,0.52342033,0.47657967,0.52342033
1778739987.7848294,PPI / Raw,45,0.0004143714904785156,normal,0.51561993,0.4843801,0.51561993
1778739987.821763,PPI / Raw,49,0.03693366050720215,normal,0.51561993,0.4843801,0.51561993
1778739987.8221207,PPI / Raw,45,0.00035762786865234375,normal,0.51561993,0.4843801,0.51561993
1778739987.8265824,PPI / Raw,57,0.004461765289306641,normal,0.52342033,0.47657967,0.52342033
1778739987.8273304,PPI / Raw,39,0.0007479190826416016,normal,0.5448014,0.45519862,0.5448014
1778739987.8472455,PPI / Raw,45,0.019915103912353516,normal,0.51561993,0.4843801,0.51561993
1778739987.873044,PPI / Raw,61,0.025798559188842773,normal,0.52342033,0.47657967,0.52342033
1778739987.8904822,PPI / Raw,49,0.017438173294067383,normal,0.51561993,0.4843801,0.51561993
1778739987.903163,PPI / Raw,54,0.012680768966674805,normal,0.52342033,0.47657967,0.52342033
1778739987.9130445,PPI / Raw,42,0.00988149642944336,normal,0.5078119,0.49218813,0.5078119
1778739987.9626296,PPI / Raw,49,0.04958510398864746,normal,0.51561993,0.4843801,0.51561993
1778739988.0279152,PPI / Raw,49,0.06528568267822266,normal,0.51561993,0.4843801,0.51561993
1778739988.0644143,PPI / Raw,56,0.0364990234375,normal,0.52342033,0.47657967,0.52342033
1778739988.0894144,PPI / Raw,54,0.02500009536743164,normal,0.52342033,0.47657967,0.52342033
1778739988.0962548,PPI / Raw,49,0.00684046745300293,normal,0.51561993,0.4843801,0.51561993
1778739988.0979013,PPI / Raw,57,0.0016465187072753906,normal,0.52342033,0.47657967,0.52342033
1778739988.1530457,PPI / Raw,61,0.055144309997558594,normal,0.52342033,0.47657967,0.52342033
1778739988.1653142,PPI / Raw,49,0.012268543243408203,normal,0.51561993,0.4843801,0.51561993
1778739988.2321732,PPI / Raw,49,0.06685900688171387,normal,0.51561993,0.4843801,0.51561993
1778739988.276916,PPI / Raw,54,0.04474282264709473,normal,0.52342033,0.47657967,0.52342033
1778739988.299768,PPI / Raw,49,0.022851943969726562,normal,0.51561993,0.4843801,0.51561993
1778739988.3356695,PPI / Raw,56,0.035901546478271484,normal,0.52342033,0.47657967,0.52342033
1778739988.3690052,PPI / Raw,49,0.03333568572998047,normal,0.51561993,0.4843801,0.51561993
1778739988.3754694,PPI / Raw,57,0.006464242935180664,normal,0.52342033,0.47657967,0.52342033
1778739988.438436,PPI / Raw,49,0.06296658515930176,normal,0.51561993,0.4843801,0.51561993
1778739988.4681675,PPI / Raw,54,0.02973151206970215,normal,0.52342033,0.47657967,0.52342033
1778739988.5029337,PPI / Raw,69,0.034766197204589844,normal,0.52342033,0.47657967,0.52342033
1778739988.5086982,PPI / Raw,49,0.005764484405517578,normal,0.51561993,0.4843801,0.51561993
1778739988.6106684,PPI / Raw,56,0.10197019577026367,normal,0.52342033,0.47657967,0.52342033
1778739988.6530397,PPI / Raw,57,0.042371273040771484,normal,0.52342033,0.47657967,0.52342033
1778739988.656922,PPI / Raw,54,0.0038824081420898438,normal,0.52342033,0.47657967,0.52342033
1778739988.7167847,PPI / Raw,49,0.059862613677978516,normal,0.51561993,0.4843801,0.51561993
1778739988.7842398,PPI / Raw,49,0.06745505332946777,normal,0.51561993,0.4843801,0.51561993
1778739988.8419206,PPI / Raw,54,0.05768084526062012,normal,0.52342033,0.47657967,0.52342033
1778739988.8478932,PPI / Raw,49,0.005972623825073242,normal,0.51561993,0.4843801,0.51561993
1778739988.8881738,PPI / Raw,56,0.04028058052062988,normal,0.52342033,0.47657967,0.52342033
1778739988.916789,PPI / Raw,49,0.028615236282348633,normal,0.51561993,0.4843801,0.51561993
1778739988.9318528,PPI / Raw,57,0.015063762664794922,normal,0.52342033,0.47657967,0.52342033
1778739988.987328,PPI / Raw,49,0.05547523498535156,normal,0.51561993,0.4843801,0.51561993
1778739988.9901848,PPI / Raw,57,0.002856731414794922,normal,0.52342033,0.47657967,0.52342033
1778739989.023175,PPI / Raw,54,0.032990217208862305,normal,0.52342033,0.47657967,0.52342033
1778739989.0570526,PPI / Raw,49,0.03387761116027832,normal,0.51561993,0.4843801,0.51561993
1778739989.1123981,PPI / Raw,88,0.05534553527832031,normal,0.52342033,0.47657967,0.52342033
1778739989.126293,PPI / Raw,49,0.013894796371459961,normal,0.51561993,0.4843801,0.51561993
1778739989.1631732,PPI / Raw,56,0.0368802547454834,normal,0.52342033,0.47657967,0.52342033
1778739989.1946902,PPI / Raw,49,0.03151702880859375,normal,0.51561993,0.4843801,0.51561993
1778739989.2119203,PPI / Raw,57,0.01723003387451172,normal,0.52342033,0.47657967,0.52342033
1778739989.2625449,PPI / Raw,49,0.05062460899353027,normal,0.51561993,0.4843801,0.51561993
1778739989.4003658,PPI / Raw,49,0.13782095909118652,normal,0.51561993,0.4843801,0.51561993
1778739989.401925,PPI / Raw,54,0.0015592575073242188,normal,0.52342033,0.47657967,0.52342033
1778739989.436928,PPI / Raw,56,0.035002946853637695,normal,0.52342033,0.47657967,0.52342033
1778739989.471194,PPI / Raw,49,0.034265995025634766,normal,0.51561993,0.4843801,0.51561993
1778739989.4909837,PPI / Raw,57,0.019789695739746094,normal,0.52342033,0.47657967,0.52342033
1778739989.5376956,PPI / Raw,49,0.04671192169189453,normal,0.51561993,0.4843801,0.51561993
1778739989.5844295,PPI / Raw,54,0.046733856201171875,normal,0.52342033,0.47657967,0.52342033
1778739989.6084888,PPI / Raw,49,0.024059295654296875,normal,0.51561993,0.4843801,0.51561993
1778739989.637192,PPI / Raw,68,0.02870321273803711,normal,0.52342033,0.47657967,0.52342033
1778739989.666879,PPI / Raw,47,0.029686927795410156,normal,0.51561993,0.4843801,0.51561993
1778739989.6775887,PPI / Raw,49,0.010709762573242188,normal,0.51561993,0.4843801,0.51561993
1778739989.7156775,PPI / Raw,56,0.03808879852294922,normal,0.52342033,0.47657967,0.52342033
1778739989.748579,PPI / Raw,49,0.03290152549743652,normal,0.51561993,0.4843801,0.51561993
1778739989.7669308,PPI / Raw,54,0.01835179328918457,normal,0.52342033,0.47657967,0.52342033
1778739989.7698035,PPI / Raw,57,0.0028727054595947266,normal,0.52342033,0.47657967,0.52342033
1778739989.8115091,PPI / Raw,49,0.04170560836791992,normal,0.51561993,0.4843801,0.51561993
1778739989.8805897,PPI / Raw,49,0.06908059120178223,normal,0.51561993,0.4843801,0.51561993
1778739989.949708,PPI / Raw,49,0.06911826133728027,normal,0.51561993,0.4843801,0.51561993
1778739989.9531827,PPI / Raw,54,0.003474712371826172,normal,0.52342033,0.47657967,0.52342033
1778739989.9906795,PPI / Raw,56,0.03749680519104004,normal,0.52342033,0.47657967,0.52342033
1778739990.0133367,PPI / Raw,49,0.022657155990600586,normal,0.51561993,0.4843801,0.51561993
1778739990.087995,PPI / Raw,57,0.07465839385986328,normal,0.52342033,0.47657967,0.52342033
1778739990.1419308,PPI / Raw,54,0.05393576622009277,normal,0.52342033,0.47657967,0.52342033
1778739990.20832,PPI / Raw,49,0.06638908386230469,normal,0.51561993,0.4843801,0.51561993
1778739990.265685,PPI / Raw,56,0.05736517906188965,normal,0.52342033,0.47657967,0.52342033
1778739990.2775855,PPI / Raw,49,0.01190042495727539,normal,0.51561993,0.4843801,0.51561993
1778739990.3186889,PPI / Raw,57,0.041103363037109375,normal,0.52342033,0.47657967,0.52342033
1778739990.3269324,PPI / Raw,54,0.008243560791015625,normal,0.52342033,0.47657967,0.52342033
1778739990.3467329,PPI / Raw,49,0.019800424575805664,normal,0.51561993,0.4843801,0.51561993
1778739990.4157202,PPI / Raw,49,0.06898736953735352,normal,0.51561993,0.4843801,0.51561993
1778739990.4798226,PPI / Raw,49,0.0641024112701416,normal,0.51561993,0.4843801,0.51561993
1778739990.5081868,PPI / Raw,54,0.028364181518554688,normal,0.52342033,0.47657967,0.52342033
1778739990.5420651,PPI / Raw,49,0.033878326416015625,normal,0.51561993,0.4843801,0.51561993
1778739990.544437,PPI / Raw,56,0.0023717880249023438,normal,0.52342033,0.47657967,0.52342033
1778739990.596256,PPI / Raw,57,0.0518190860748291,normal,0.52342033,0.47657967,0.52342033
1778739990.6115937,PPI / Raw,49,0.015337705612182617,normal,0.51561993,0.4843801,0.51561993
1778739990.6381454,PPI / Raw,57,0.02655172348022461,normal,0.52342033,0.47657967,0.52342033
1778739990.6769779,PPI / Raw,49,0.03883242607116699,normal,0.51561993,0.4843801,0.51561993
1778739990.6969354,PPI / Raw,54,0.019957542419433594,normal,0.52342033,0.47657967,0.52342033
1778739990.7489834,PPI / Raw,49,0.0520479679107666,normal,0.51561993,0.4843801,0.51561993
1778739990.8009577,PPI / Raw,68,0.05197429656982422,normal,0.52342033,0.47657967,0.52342033
1778739990.8128247,PPI / Raw,49,0.011867046356201172,normal,0.51561993,0.4843801,0.51561993
1778739990.8144393,PPI / Raw,56,0.0016145706176757812,normal,0.52342033,0.47657967,0.52342033
1778739990.8675723,PPI / Raw,57,0.05313301086425781,normal,0.52342033,0.47657967,0.52342033
1778739990.8781865,PPI / Raw,54,0.010614156723022461,normal,0.52342033,0.47657967,0.52342033
1778739990.9534,PPI / Raw,49,0.07521343231201172,normal,0.51561993,0.4843801,0.51561993
1778739991.0245214,PPI / Raw,49,0.0711214542388916,normal,0.51561993,0.4843801,0.51561993
1778739991.063188,PPI / Raw,54,0.038666725158691406,normal,0.52342033,0.47657967,0.52342033
1778739991.0844417,PPI / Raw,56,0.021253585815429688,normal,0.52342033,0.47657967,0.52342033
1778739991.0954356,PPI / Raw,49,0.01099395751953125,normal,0.51561993,0.4843801,0.51561993
1778739991.1376376,PPI / Raw,57,0.042201995849609375,normal,0.52342033,0.47657967,0.52342033
1778739991.160773,PPI / Raw,49,0.02313542366027832,normal,0.51561993,0.4843801,0.51561993
1778739991.2249374,PPI / Raw,49,0.06416440010070801,normal,0.51561993,0.4843801,0.51561993
1778739991.2342799,PPI / Raw,61,0.009342432022094727,normal,0.52342033,0.47657967,0.52342033
1778739991.2456899,PPI / Raw,54,0.011409997940063477,normal,0.52342033,0.47657967,0.52342033
1778739991.2971158,PPI / Raw,49,0.051425933837890625,normal,0.51561993,0.4843801,0.51561993
1778739991.3594434,PPI / Raw,56,0.06232762336730957,normal,0.52342033,0.47657967,0.52342033
1778739991.3648732,PPI / Raw,49,0.005429744720458984,normal,0.51561993,0.4843801,0.51561993
1778739991.4104211,PPI / Raw,57,0.0455479621887207,normal,0.52342033,0.47657967,0.52342033
1778739991.426944,PPI / Raw,54,0.016522884368896484,normal,0.52342033,0.47657967,0.52342033
1778739991.431184,PPI / Raw,49,0.0042400360107421875,normal,0.51561993,0.4843801,0.51561993
1778739991.4951613,PPI / Raw,49,0.06397724151611328,normal,0.51561993,0.4843801,0.51561993
1778739991.557906,PPI / Raw,49,0.0627446174621582,normal,0.51561993,0.4843801,0.51561993
1778739991.6081924,PPI / Raw,54,0.05028653144836426,normal,0.52342033,0.47657967,0.52342033
1778739991.629176,PPI / Raw,49,0.020983457565307617,normal,0.51561993,0.4843801,0.51561993
1778739991.6369457,PPI / Raw,56,0.00776982307434082,normal,0.52342033,0.47657967,0.52342033
1778739991.669478,PPI / Raw,47,0.0325322151184082,normal,0.51561993,0.4843801,0.51561993
1778739991.6842391,PPI / Raw,57,0.014761209487915039,normal,0.52342033,0.47657967,0.52342033
1778739991.6990585,PPI / Raw,49,0.01481938362121582,normal,0.51561993,0.4843801,0.51561993
1778739991.767929,PPI / Raw,49,0.06887054443359375,normal,0.51561993,0.4843801,0.51561993
1778739991.7969441,PPI / Raw,54,0.029015064239501953,normal,0.52342033,0.47657967,0.52342033
1778739991.8332934,PPI / Raw,49,0.03634929656982422,normal,0.51561993,0.4843801,0.51561993
1778739991.903288,PPI / Raw,49,0.06999444961547852,normal,0.51561993,0.4843801,0.51561993
1778739991.908195,PPI / Raw,56,0.004907131195068359,normal,0.52342033,0.47657967,0.52342033
1778739991.9434721,PPI / Raw,52,0.03527712821960449,normal,0.52342033,0.47657967,0.52342033
1778739991.9487011,PPI / Raw,45,0.005228996276855469,normal,0.51561993,0.4843801,0.51561993
1778739991.9543095,PPI / Raw,57,0.005608320236206055,normal,0.52342033,0.47657967,0.52342033
1778739991.9547307,PPI / Raw,45,0.00042128562927246094,normal,0.51561993,0.4843801,0.51561993
1778739991.9550576,PPI / Raw,39,0.0003268718719482422,normal,0.5448014,0.45519862,0.5448014
1778739991.962529,PPI / Raw,47,0.007471323013305664,normal,0.51561993,0.4843801,0.51561993
1778739991.972721,PPI / Raw,49,0.010192155838012695,normal,0.51561993,0.4843801,0.51561993
1778739991.9869456,PPI / Raw,54,0.014224529266357422,normal,0.52342033,0.47657967,0.52342033
1778739992.0227606,PPI / Raw,59,0.03581500053405762,normal,0.52342033,0.47657967,0.52342033
1778739992.0415077,PPI / Raw,49,0.01874709129333496,normal,0.51561993,0.4843801,0.51561993
1778739992.0680337,PPI / Raw,37,0.02652597427368164,normal,0.5292634,0.47073662,0.5292634
1778739992.1055663,PPI / Raw,49,0.03753256797790527,normal,0.51561993,0.4843801,0.51561993
1778739992.1492822,PPI / Raw,42,0.0437159538269043,normal,0.5078119,0.49218813,0.5078119
1778739992.171947,PPI / Raw,54,0.022664785385131836,normal,0.52342033,0.47657967,0.52342033
1778739992.1882,PPI / Raw,56,0.016252994537353516,normal,0.52342033,0.47657967,0.52342033
1778739992.224377,PPI / Raw,57,0.03617691993713379,normal,0.52342033,0.47657967,0.52342033
1778739992.23536,PPI / Raw,49,0.010982990264892578,normal,0.51561993,0.4843801,0.51561993
1778739992.3064446,PPI / Raw,49,0.07108473777770996,normal,0.51561993,0.4843801,0.51561993
1778739992.3544517,PPI / Raw,54,0.04800701141357422,normal,0.52342033,0.47657967,0.52342033
1778739992.3696187,PPI / Raw,49,0.015166997909545898,normal,0.51561993,0.4843801,0.51561993
1778739992.4393303,PPI / Raw,49,0.06971168518066406,normal,0.51561993,0.4843801,0.51561993
1778739992.4728544,PPI / Raw,68,0.0335240364074707,normal,0.52342033,0.47657967,0.52342033
1778739992.4960465,PPI / Raw,57,0.023192167282104492,normal,0.52342033,0.47657967,0.52342033
1778739992.506356,PPI / Raw,49,0.010309457778930664,normal,0.51561993,0.4843801,0.51561993
1778739992.5444531,PPI / Raw,54,0.03809714317321777,normal,0.52342033,0.47657967,0.52342033
1778739992.5704124,PPI / Raw,49,0.025959253311157227,normal,0.51561993,0.4843801,0.51561993
1778739992.6323807,PPI / Raw,49,0.061968326568603516,normal,0.51561993,0.4843801,0.51561993
1778739992.7041981,PPI / Raw,49,0.07181739807128906,normal,0.51561993,0.4843801,0.51561993
1778739992.7257013,PPI / Raw,54,0.021503210067749023,normal,0.52342033,0.47657967,0.52342033
1778739992.7319548,PPI / Raw,56,0.006253480911254883,normal,0.52342033,0.47657967,0.52342033
1778739992.7711146,PPI / Raw,57,0.03915977478027344,normal,0.52342033,0.47657967,0.52342033
1778739992.7716386,PPI / Raw,49,0.0005240440368652344,normal,0.51561993,0.4843801,0.51561993
1778739992.7903585,PPI / Raw,65,0.018719911575317383,normal,0.52342033,0.47657967,0.52342033
1778739992.841714,PPI / Raw,49,0.05135536193847656,normal,0.51561993,0.4843801,0.51561993
1778739992.9096363,PPI / Raw,49,0.06792235374450684,normal,0.51561993,0.4843801,0.51561993
1778739992.915706,PPI / Raw,54,0.006069660186767578,normal,0.52342033,0.47657967,0.52342033
1778739992.9789834,PPI / Raw,49,0.0632774829864502,normal,0.51561993,0.4843801,0.51561993
1778739993.0057034,PPI / Raw,56,0.026720046997070312,normal,0.52342033,0.47657967,0.52342033
1778739993.041183,PPI / Raw,57,0.03547954559326172,normal,0.52342033,0.47657967,0.52342033
1778739993.0455253,PPI / Raw,49,0.004342317581176758,normal,0.51561993,0.4843801,0.51561993
1778739993.1057076,PPI / Raw,54,0.06018233299255371,normal,0.52342033,0.47657967,0.52342033
1778739993.1175134,PPI / Raw,49,0.01180577278137207,normal,0.51561993,0.4843801,0.51561993
1778739993.1823602,PPI / Raw,49,0.06484675407409668,normal,0.51561993,0.4843801,0.51561993
1778739993.2142746,PPI / Raw,42,0.031914472579956055,normal,0.5078119,0.49218813,0.5078119
1778739993.2467525,PPI / Raw,45,0.03247785568237305,normal,0.51561993,0.4843801,0.51561993
1778739993.2470794,PPI / Raw,67,0.0003268718719482422,normal,0.52342033,0.47657967,0.52342033
1778739993.276956,PPI / Raw,56,0.029876708984375,normal,0.52342033,0.47657967,0.52342033
1778739993.27737,PPI / Raw,45,0.0004138946533203125,normal,0.51561993,0.4843801,0.51561993
1778739993.2776968,PPI / Raw,39,0.0003268718719482422,normal,0.5448014,0.45519862,0.5448014
1778739993.2869558,PPI / Raw,54,0.00925898551940918,normal,0.52342033,0.47657967,0.52342033
1778739993.3074687,PPI / Raw,45,0.020512819290161133,normal,0.51561993,0.4843801,0.51561993
1778739993.3096244,PPI / Raw,45,0.002155780792236328,normal,0.51561993,0.4843801,0.51561993
1778739993.318175,PPI / Raw,45,0.008550643920898438,normal,0.51561993,0.4843801,0.51561993
1778739993.3637788,PPI / Raw,45,0.04560375213623047,normal,0.51561993,0.4843801,0.51561993
1778739993.3877172,PPI / Raw,67,0.023938417434692383,normal,0.52342033,0.47657967,0.52342033
1778739993.4108765,PPI / Raw,45,0.023159265518188477,normal,0.51561993,0.4843801,0.51561993
1778739993.41497,PPI / Raw,45,0.0040934085845947266,normal,0.51561993,0.4843801,0.51561993
1778739993.418177,PPI / Raw,45,0.003206968307495117,normal,0.51561993,0.4843801,0.51561993
1778739993.4577298,PPI / Raw,49,0.039552927017211914,normal,0.51561993,0.4843801,0.51561993
1778739993.4742768,PPI / Raw,61,0.016546964645385742,normal,0.52342033,0.47657967,0.52342033
1778739993.4769576,PPI / Raw,54,0.0026807785034179688,normal,0.52342033,0.47657967,0.52342033
1778739993.519118,PPI / Raw,68,0.0421605110168457,normal,0.52342033,0.47657967,0.52342033
1778739993.5241933,PPI / Raw,49,0.005075216293334961,normal,0.51561993,0.4843801,0.51561993
1778739993.5544612,PPI / Raw,56,0.030267953872680664,normal,0.52342033,0.47657967,0.52342033
1778739993.592569,PPI / Raw,57,0.038107872009277344,normal,0.52342033,0.47657967,0.52342033
1778739993.5952237,PPI / Raw,49,0.002654552459716797,normal,0.51561993,0.4843801,0.51561993
1778739993.662786,PPI / Raw,49,0.06756234169006348,normal,0.51561993,0.4843801,0.51561993
1778739993.6682088,PPI / Raw,54,0.005422830581665039,normal,0.52342033,0.47657967,0.52342033
1778739993.678327,PPI / Raw,47,0.010118246078491211,normal,0.51561993,0.4843801,0.51561993
1778739993.8332133,PPI / Raw,56,0.15488624572753906,normal,0.52342033,0.47657967,0.52342033
1778739993.8557136,PPI / Raw,54,0.022500276565551758,normal,0.52342033,0.47657967,0.52342033
1778739993.8672924,PPI / Raw,49,0.011578798294067383,normal,0.51561993,0.4843801,0.51561993
1778739993.8676343,PPI / Raw,57,0.0003418922424316406,normal,0.52342033,0.47657967,0.52342033
1778739993.885671,PPI / Raw,56,0.018036603927612305,normal,0.52342033,0.47657967,0.52342033
1778739993.9205132,PPI / Raw,60,0.03484225273132324,normal,0.52342033,0.47657967,0.52342033
1778739993.9391446,PPI / Raw,49,0.018631458282470703,normal,0.51561993,0.4843801,0.51561993
1778739994.0394619,PPI / Raw,54,0.10031723976135254,normal,0.52342033,0.47657967,0.52342033
1778739994.0739706,PPI / Raw,49,0.034508705139160156,normal,0.51561993,0.4843801,0.51561993
1778739994.0743291,PPI / Raw,45,0.00035858154296875,normal,0.51561993,0.4843801,0.51561993
1778739994.0746555,PPI / Raw,67,0.00032639503479003906,normal,0.52342033,0.47657967,0.52342033
1778739994.1107156,PPI / Raw,56,0.03606009483337402,normal,0.52342033,0.47657967,0.52342033
1778739994.1114566,PPI / Raw,39,0.0007410049438476562,normal,0.5448014,0.45519862,0.5448014
1778739994.137616,PPI / Raw,49,0.026159286499023438,normal,0.51561993,0.4843801,0.51561993
1778739994.1389503,PPI / Raw,57,0.0013344287872314453,normal,0.52342033,0.47657967,0.52342033
1778739994.157806,PPI / Raw,50,0.018855571746826172,normal,0.52342033,0.47657967,0.52342033
1778739994.2083466,PPI / Raw,49,0.05054068565368652,normal,0.51561993,0.4843801,0.51561993
1778739994.219806,PPI / Raw,58,0.0114593505859375,normal,0.52342033,0.47657967,0.52342033
1778739994.2584321,PPI / Raw,74,0.03862619400024414,normal,0.52342033,0.47657967,0.52342033
1778739994.3167555,PPI / Raw,61,0.05832338333129883,normal,0.52342033,0.47657967,0.52342033
1778739994.3370185,PPI / Raw,49,0.020262956619262695,normal,0.51561993,0.4843801,0.51561993
1778739994.389468,PPI / Raw,56,0.05244946479797363,normal,0.52342033,0.47657967,0.52342033
1778739994.4016478,PPI / Raw,49,0.012179851531982422,normal,0.51561993,0.4843801,0.51561993
1778739994.403218,PPI / Raw,54,0.0015702247619628906,normal,0.52342033,0.47657967,0.52342033
1778739994.4682934,PPI / Raw,49,0.06507539749145508,normal,0.51561993,0.4843801,0.51561993
1778739994.5317326,PPI / Raw,49,0.06343913078308105,normal,0.51561993,0.4843801,0.51561993
1778739994.594467,PPI / Raw,54,0.06273436546325684,normal,0.52342033,0.47657967,0.52342033
1778739994.597998,PPI / Raw,61,0.0035309791564941406,normal,0.52342033,0.47657967,0.52342033
1778739994.6594703,PPI / Raw,56,0.061472415924072266,normal,0.52342033,0.47657967,0.52342033
1778739994.6656377,PPI / Raw,49,0.006167411804199219,normal,0.51561993,0.4843801,0.51561993
1778739994.690333,PPI / Raw,57,0.024695158004760742,normal,0.52342033,0.47657967,0.52342033
1778739994.7332883,PPI / Raw,49,0.04295539855957031,normal,0.51561993,0.4843801,0.51561993
1778739994.7832184,PPI / Raw,54,0.04993009567260742,normal,0.52342033,0.47657967,0.52342033
1778739994.8009996,PPI / Raw,49,0.01778125762939453,normal,0.51561993,0.4843801,0.51561993
1778739994.864791,PPI / Raw,49,0.06379127502441406,normal,0.51561993,0.4843801,0.51561993
1778739994.9344692,PPI / Raw,56,0.06967830657958984,normal,0.52342033,0.47657967,0.52342033
1778739994.9682226,PPI / Raw,54,0.033753395080566406,normal,0.52342033,0.47657967,0.52342033
1778739994.987987,PPI / Raw,42,0.019764423370361328,normal,0.5078119,0.49218813,0.5078119
1778739994.9971707,PPI / Raw,49,0.009183645248413086,normal,0.51561993,0.4843801,0.51561993
1778739995.133833,PPI / Raw,49,0.13666224479675293,normal,0.51561993,0.4843801,0.51561993
1778739995.1494713,PPI / Raw,54,0.015638351440429688,normal,0.52342033,0.47657967,0.52342033
1778739995.2082245,PPI / Raw,56,0.058753252029418945,normal,0.52342033,0.47657967,0.52342033
1778739995.2399461,PPI / Raw,57,0.03172159194946289,normal,0.52342033,0.47657967,0.52342033
1778739995.2625759,PPI / Raw,49,0.022629737854003906,normal,0.51561993,0.4843801,0.51561993
1778739995.3273754,PPI / Raw,49,0.06479954719543457,normal,0.51561993,0.4843801,0.51561993
1778739995.3369758,PPI / Raw,54,0.009600400924682617,normal,0.52342033,0.47657967,0.52342033
1778739995.3925126,PPI / Raw,49,0.055536746978759766,normal,0.51561993,0.4843801,0.51561993
1778739995.4648187,PPI / Raw,49,0.07230615615844727,normal,0.51561993,0.4843801,0.51561993
1778739995.483224,PPI / Raw,56,0.01840519905090332,normal,0.52342033,0.47657967,0.52342033
1778739995.483638,PPI / Raw,45,0.00041413307189941406,normal,0.51561993,0.4843801,0.51561993
1778739995.4839644,PPI / Raw,39,0.00032639503479003906,normal,0.5448014,0.45519862,0.5448014
1778739995.4919856,PPI / Raw,68,0.008021116256713867,normal,0.52342033,0.47657967,0.52342033
1778739995.4924953,PPI / Raw,61,0.0005097389221191406,normal,0.52342033,0.47657967,0.52342033
1778739995.5034034,PPI / Raw,45,0.010908126831054688,normal,0.51561993,0.4843801,0.51561993
1778739995.5125175,PPI / Raw,57,0.00911402702331543,normal,0.52342033,0.47657967,0.52342033
1778739995.5129395,PPI / Raw,45,0.0004220008850097656,normal,0.51561993,0.4843801,0.51561993
1778739995.524477,PPI / Raw,54,0.011537551879882812,normal,0.52342033,0.47657967,0.52342033
1778739995.5345824,PPI / Raw,49,0.010105371475219727,normal,0.51561993,0.4843801,0.51561993
1778739995.5352664,PPI / Raw,67,0.0006840229034423828,normal,0.52342033,0.47657967,0.52342033
1778739995.600905,PPI / Raw,49,0.06563854217529297,normal,0.51561993,0.4843801,0.51561993
1778739995.601262,PPI / Raw,45,0.0003571510314941406,normal,0.51561993,0.4843801,0.51561993
1778739995.6015887,PPI / Raw,67,0.0003266334533691406,normal,0.52342033,0.47657967,0.52342033
1778739995.6052806,PPI / Raw,45,0.0036919116973876953,normal,0.51561993,0.4843801,0.51561993
1778739995.6726685,PPI / Raw,49,0.06738781929016113,normal,0.51561993,0.4843801,0.51561993
1778739995.6884274,PPI / Raw,47,0.015758991241455078,normal,0.51561993,0.4843801,0.51561993
1778739995.7057254,PPI / Raw,54,0.017297983169555664,normal,0.52342033,0.47657967,0.52342033
1778739995.7377226,PPI / Raw,49,0.0319972038269043,normal,0.51561993,0.4843801,0.51561993
1778739995.753226,PPI / Raw,56,0.015503406524658203,normal,0.52342033,0.47657967,0.52342033
1778739995.799767,PPI / Raw,49,0.04654097557067871,normal,0.51561993,0.4843801,0.51561993
1778739995.8676536,PPI / Raw,49,0.0678865909576416,normal,0.51561993,0.4843801,0.51561993
1778739995.8869772,PPI / Raw,54,0.01932358741760254,normal,0.52342033,0.47657967,0.52342033
1778739995.9337802,PPI / Raw,49,0.04680299758911133,normal,0.51561993,0.4843801,0.51561993
1778739995.9869106,PPI / Raw,47,0.053130388259887695,normal,0.51561993,0.4843801,0.51561993
1778739996.0016472,PPI / Raw,49,0.014736652374267578,normal,0.51561993,0.4843801,0.51561993
1778739996.0029688,PPI / Raw,61,0.001321554183959961,normal,0.52342033,0.47657967,0.52342033
1778739996.0257285,PPI / Raw,56,0.022759675979614258,normal,0.52342033,0.47657967,0.52342033
1778739996.0643122,PPI / Raw,57,0.03858375549316406,normal,0.52342033,0.47657967,0.52342033
1778739996.072038,PPI / Raw,49,0.007725715637207031,normal,0.51561993,0.4843801,0.51561993
1778739996.0757315,PPI / Raw,54,0.0036935806274414062,normal,0.52342033,0.47657967,0.52342033
1778739996.1206143,PPI / Raw,50,0.044882774353027344,normal,0.52342033,0.47657967,0.52342033
1778739996.1399162,PPI / Raw,49,0.019301891326904297,normal,0.51561993,0.4843801,0.51561993
1778739996.2066457,PPI / Raw,49,0.06672954559326172,normal,0.51561993,0.4843801,0.51561993
1778739996.261983,PPI / Raw,54,0.05533719062805176,normal,0.52342033,0.47657967,0.52342033
1778739996.2752082,PPI / Raw,49,0.013225317001342773,normal,0.51561993,0.4843801,0.51561993
1778739996.2982302,PPI / Raw,56,0.023021936416625977,normal,0.52342033,0.47657967,0.52342033
1778739996.2989714,PPI / Raw,39,0.0007412433624267578,normal,0.5448014,0.45519862,0.5448014
1778739996.3416018,PPI / Raw,49,0.04263043403625488,normal,0.51561993,0.4843801,0.51561993
1778739996.3443823,PPI / Raw,57,0.002780437469482422,normal,0.52342033,0.47657967,0.52342033
1778739996.4494815,PPI / Raw,54,0.10509920120239258,normal,0.52342033,0.47657967,0.52342033
1778739996.4815924,PPI / Raw,49,0.03211092948913574,normal,0.51561993,0.4843801,0.51561993
1778739996.545307,PPI / Raw,49,0.06371450424194336,normal,0.51561993,0.4843801,0.51561993
1778739996.5707326,PPI / Raw,56,0.02542567253112793,normal,0.52342033,0.47657967,0.52342033
1778739996.6160662,PPI / Raw,49,0.0453336238861084,normal,0.51561993,0.4843801,0.51561993
1778739996.6244466,PPI / Raw,57,0.008380413055419922,normal,0.52342033,0.47657967,0.52342033
1778739996.640733,PPI / Raw,54,0.016286373138427734,normal,0.52342033,0.47657967,0.52342033
1778739996.6821234,PPI / Raw,49,0.041390419006347656,normal,0.51561993,0.4843801,0.51561993
1778739996.7397854,PPI / Raw,67,0.057662010192871094,normal,0.52342033,0.47657967,0.52342033
1778739996.7504904,PPI / Raw,49,0.010704994201660156,normal,0.51561993,0.4843801,0.51561993
1778739996.8149955,PPI / Raw,49,0.06450510025024414,normal,0.51561993,0.4843801,0.51561993
1778739996.8244874,PPI / Raw,54,0.009491920471191406,normal,0.52342033,0.47657967,0.52342033
1778739996.8419878,PPI / Raw,56,0.01750040054321289,normal,0.52342033,0.47657967,0.52342033
1778739996.877392,PPI / Raw,49,0.035404205322265625,normal,0.51561993,0.4843801,0.51561993
1778739996.898263,PPI / Raw,57,0.02087092399597168,normal,0.52342033,0.47657967,0.52342033
1778739996.9451218,PPI / Raw,49,0.046858787536621094,normal,0.51561993,0.4843801,0.51561993
1778739997.009486,PPI / Raw,54,0.06436419486999512,normal,0.52342033,0.47657967,0.52342033
1778739997.0154672,PPI / Raw,49,0.0059812068939208984,normal,0.51561993,0.4843801,0.51561993
1778739997.0787613,PPI / Raw,49,0.0632941722869873,normal,0.51561993,0.4843801,0.51561993
1778739997.14829,PPI / Raw,49,0.06952857971191406,normal,0.51561993,0.4843801,0.51561993
1778739997.1770782,PPI / Raw,57,0.028788328170776367,normal,0.52342033,0.47657967,0.52342033
1778739997.1957374,PPI / Raw,54,0.018659114837646484,normal,0.52342033,0.47657967,0.52342033
1778739997.2142472,PPI / Raw,49,0.018509864807128906,normal,0.51561993,0.4843801,0.51561993
1778739997.2765746,PPI / Raw,49,0.06232738494873047,normal,0.51561993,0.4843801,0.51561993
1778739997.3478374,PPI / Raw,49,0.07126283645629883,normal,0.51561993,0.4843801,0.51561993
1778739997.385739,PPI / Raw,54,0.03790163993835449,normal,0.52342033,0.47657967,0.52342033
1778739997.398242,PPI / Raw,56,0.012502908706665039,normal,0.52342033,0.47657967,0.52342033
1778739997.4184716,PPI / Raw,49,0.020229578018188477,normal,0.51561993,0.4843801,0.51561993
1778739997.486709,PPI / Raw,49,0.0682375431060791,normal,0.51561993,0.4843801,0.51561993
1778739997.5587075,PPI / Raw,49,0.07199835777282715,normal,0.51561993,0.4843801,0.51561993
1778739997.5682404,PPI / Raw,54,0.009532928466796875,normal,0.52342033,0.47657967,0.52342033
1778739997.594512,PPI / Raw,68,0.026271581649780273,normal,0.52342033,0.47657967,0.52342033
1778739997.621444,PPI / Raw,49,0.0269320011138916,normal,0.51561993,0.4843801,0.51561993
1778739997.6218014,PPI / Raw,45,0.0003573894500732422,normal,0.51561993,0.4843801,0.51561993
1778739997.6221278,PPI / Raw,67,0.00032639503479003906,normal,0.52342033,0.47657967,0.52342033
1778739997.6394308,PPI / Raw,45,0.017302989959716797,normal,0.51561993,0.4843801,0.51561993
1778739997.6477618,PPI / Raw,45,0.008331060409545898,normal,0.51561993,0.4843801,0.51561993
1778739997.6729228,PPI / Raw,67,0.025161027908325195,normal,0.52342033,0.47657967,0.52342033
1778739997.6896083,PPI / Raw,49,0.01668548583984375,normal,0.51561993,0.4843801,0.51561993
1778739997.7043982,PPI / Raw,45,0.014789819717407227,normal,0.51561993,0.4843801,0.51561993
1778739997.7338893,PPI / Raw,47,0.029491186141967773,normal,0.51561993,0.4843801,0.51561993
1778739997.749495,PPI / Raw,54,0.015605688095092773,normal,0.52342033,0.47657967,0.52342033
1778739997.754518,PPI / Raw,41,0.005023002624511719,normal,0.5078119,0.49218813,0.5078119
1778739997.8107648,PPI / Raw,67,0.05624675750732422,normal,0.52342033,0.47657967,0.52342033
1778739997.820827,PPI / Raw,49,0.010062217712402344,normal,0.51561993,0.4843801,0.51561993
1778739997.8838336,PPI / Raw,49,0.06300663948059082,normal,0.51561993,0.4843801,0.51561993
1778739997.9394934,PPI / Raw,54,0.05565977096557617,normal,0.52342033,0.47657967,0.52342033
1778739997.9457464,PPI / Raw,56,0.00625300407409668,normal,0.52342033,0.47657967,0.52342033
1778739997.9469059,PPI / Raw,49,0.0011594295501708984,normal,0.51561993,0.4843801,0.51561993
1778739997.971728,PPI / Raw,53,0.024822235107421875,normal,0.52342033,0.47657967,0.52342033
1778739998.00906,PPI / Raw,49,0.03733181953430176,normal,0.51561993,0.4843801,0.51561993
1778739998.0122848,PPI / Raw,57,0.0032248497009277344,normal,0.52342033,0.47657967,0.52342033
1778739998.089803,PPI / Raw,36,0.07751822471618652,normal,0.51561993,0.4843801,0.51561993
1778739998.1257446,PPI / Raw,54,0.03594160079956055,normal,0.52342033,0.47657967,0.52342033
1778739998.216611,PPI / Raw,49,0.0908663272857666,normal,0.51561993,0.4843801,0.51561993
1778739998.2232485,PPI / Raw,56,0.0066375732421875,normal,0.52342033,0.47657967,0.52342033
1778739998.2529695,PPI / Raw,61,0.02972102165222168,normal,0.52342033,0.47657967,0.52342033
1778739998.2809083,PPI / Raw,49,0.0279388427734375,normal,0.51561993,0.4843801,0.51561993
1778739998.292354,PPI / Raw,57,0.011445760726928711,normal,0.52342033,0.47657967,0.52342033
1778739998.3157463,PPI / Raw,54,0.023392200469970703,normal,0.52342033,0.47657967,0.52342033
1778739998.348091,PPI / Raw,49,0.03234457969665527,normal,0.51561993,0.4843801,0.51561993
1778739998.417452,PPI / Raw,49,0.06936120986938477,normal,0.51561993,0.4843801,0.51561993
1778739998.4199698,PPI / Raw,46,0.0025177001953125,normal,0.51561993,0.4843801,0.51561993
1778739998.4802465,PPI / Raw,49,0.06027674674987793,normal,0.51561993,0.4843801,0.51561993
1778739998.4932475,PPI / Raw,56,0.013000965118408203,normal,0.52342033,0.47657967,0.52342033
1778739998.4939878,PPI / Raw,39,0.0007402896881103516,normal,0.5448014,0.45519862,0.5448014
1778739998.5032508,PPI / Raw,54,0.009263038635253906,normal,0.52342033,0.47657967,0.52342033
1778739998.552026,PPI / Raw,49,0.04877519607543945,normal,0.51561993,0.4843801,0.51561993
1778739998.6215336,PPI / Raw,49,0.06950759887695312,normal,0.51561993,0.4843801,0.51561993
1778739998.6857493,PPI / Raw,54,0.06421566009521484,normal,0.52342033,0.47657967,0.52342033
1778739998.7506244,PPI / Raw,49,0.06487512588500977,normal,0.51561993,0.4843801,0.51561993
1778739998.7682498,PPI / Raw,56,0.01762533187866211,normal,0.52342033,0.47657967,0.52342033
1778739998.8167431,PPI / Raw,61,0.048493385314941406,normal,0.52342033,0.47657967,0.52342033
1778739998.8173409,PPI / Raw,49,0.0005977153778076172,normal,0.51561993,0.4843801,0.51561993
1778739998.843743,PPI / Raw,57,0.02640223503112793,normal,0.52342033,0.47657967,0.52342033
1778739998.8707538,PPI / Raw,54,0.027010679244995117,normal,0.52342033,0.47657967,0.52342033
1778739998.8889203,PPI / Raw,49,0.018166542053222656,normal,0.51561993,0.4843801,0.51561993
1778739998.9058785,PPI / Raw,37,0.016958236694335938,normal,0.5292634,0.47073662,0.5292634
1778739999.0382519,PPI / Raw,56,0.13237333297729492,normal,0.52342033,0.47657967,0.52342033
1778739999.0607553,PPI / Raw,54,0.022503376007080078,normal,0.52342033,0.47657967,0.52342033
1778739999.0959744,PPI / Raw,49,0.03521919250488281,normal,0.51561993,0.4843801,0.51561993
1778739999.1218643,PPI / Raw,57,0.025889873504638672,normal,0.52342033,0.47657967,0.52342033
1778739999.1602519,PPI / Raw,49,0.03838753700256348,normal,0.51561993,0.4843801,0.51561993
1778739999.2255492,PPI / Raw,49,0.06529736518859863,normal,0.51561993,0.4843801,0.51561993
1778739999.2457566,PPI / Raw,54,0.02020740509033203,normal,0.52342033,0.47657967,0.52342033
1778739999.2933435,PPI / Raw,49,0.047586917877197266,normal,0.51561993,0.4843801,0.51561993
1778739999.309504,PPI / Raw,56,0.01616048812866211,normal,0.52342033,0.47657967,0.52342033
1778739999.3596623,PPI / Raw,49,0.05015826225280762,normal,0.51561993,0.4843801,0.51561993
1778739999.3974397,PPI / Raw,57,0.03777742385864258,normal,0.52342033,0.47657967,0.52342033
1778739999.4270084,PPI / Raw,54,0.02956867218017578,normal,0.52342033,0.47657967,0.52342033
1778739999.4321356,PPI / Raw,49,0.0051271915435791016,normal,0.51561993,0.4843801,0.51561993
1778739999.5642326,PPI / Raw,49,0.1320970058441162,normal,0.51561993,0.4843801,0.51561993
1778739999.5807564,PPI / Raw,56,0.01652383804321289,normal,0.52342033,0.47657967,0.52342033
1778739999.6107562,PPI / Raw,54,0.029999732971191406,normal,0.52342033,0.47657967,0.52342033
1778739999.62864,PPI / Raw,49,0.017883777618408203,normal,0.51561993,0.4843801,0.51561993
1778739999.673761,PPI / Raw,57,0.045120954513549805,normal,0.52342033,0.47657967,0.52342033
1778739999.6899416,PPI / Raw,47,0.016180753707885742,normal,0.51561993,0.4843801,0.51561993
1778739999.6940885,PPI / Raw,49,0.0041468143463134766,normal,0.51561993,0.4843801,0.51561993
1778739999.728613,PPI / Raw,57,0.03452444076538086,normal,0.52342033,0.47657967,0.52342033
1778739999.7596629,PPI / Raw,49,0.03104996681213379,normal,0.51561993,0.4843801,0.51561993
1778739999.76295,PPI / Raw,68,0.003287076950073242,normal,0.52342033,0.47657967,0.52342033
1778739999.8302953,PPI / Raw,49,0.06734538078308105,normal,0.51561993,0.4843801,0.51561993
1778739999.8557613,PPI / Raw,56,0.025465965270996094,normal,0.52342033,0.47657967,0.52342033
1778739999.856502,PPI / Raw,39,0.0007407665252685547,normal,0.5448014,0.45519862,0.5448014
1778739999.8692014,PPI / Raw,67,0.012699365615844727,normal,0.52342033,0.47657967,0.52342033
1778739999.8939178,PPI / Raw,49,0.02471637725830078,normal,0.51561993,0.4843801,0.51561993
1778739999.8946028,PPI / Raw,67,0.0006849765777587891,normal,0.52342033,0.47657967,0.52342033
1778739999.9176521,PPI / Raw,79,0.023049354553222656,normal,0.52342033,0.47657967,0.52342033
1778739999.948833,PPI / Raw,57,0.031180858612060547,normal,0.52342033,0.47657967,0.52342033
1778739999.9575675,PPI / Raw,49,0.008734464645385742,normal,0.51561993,0.4843801,0.51561993
1778739999.957925,PPI / Raw,45,0.00035762786865234375,normal,0.51561993,0.4843801,0.51561993
1778739999.9582512,PPI / Raw,67,0.0003261566162109375,normal,0.52342033,0.47657967,0.52342033
1778739999.9795096,PPI / Raw,54,0.02125835418701172,normal,0.52342033,0.47657967,0.52342033
1778740000.0003023,PPI / Raw,47,0.020792722702026367,normal,0.51561993,0.4843801,0.51561993
1778740000.0287867,PPI / Raw,49,0.028484344482421875,normal,0.51561993,0.4843801,0.51561993
1778740000.093544,PPI / Raw,49,0.0647573471069336,normal,0.51561993,0.4843801,0.51561993
1778740000.1357636,PPI / Raw,56,0.04221963882446289,normal,0.52342033,0.47657967,0.52342033
1778740000.168261,PPI / Raw,54,0.032497406005859375,normal,0.52342033,0.47657967,0.52342033
1778740000.2214005,PPI / Raw,57,0.053139448165893555,normal,0.52342033,0.47657967,0.52342033
1778740000.223553,PPI / Raw,49,0.0021524429321289062,normal,0.51561993,0.4843801,0.51561993
1778740000.353744,PPI / Raw,49,0.13019108772277832,normal,0.51561993,0.4843801,0.51561993
1778740000.3557622,PPI / Raw,54,0.0020182132720947266,normal,0.52342033,0.47657967,0.52342033
1778740000.4157658,PPI / Raw,56,0.06000351905822754,normal,0.52342033,0.47657967,0.52342033
1778740000.4253764,PPI / Raw,49,0.009610652923583984,normal,0.51561993,0.4843801,0.51561993
1778740000.4952164,PPI / Raw,57,0.0698399543762207,normal,0.52342033,0.47657967,0.52342033
1778740000.5470135,PPI / Raw,54,0.05179715156555176,normal,0.52342033,0.47657967,0.52342033
1778740000.558911,PPI / Raw,49,0.011897563934326172,normal,0.51561993,0.4843801,0.51561993
1778740000.6056733,PPI / Raw,50,0.04676222801208496,normal,0.52342033,0.47657967,0.52342033
1778740000.6243236,PPI / Raw,49,0.018650293350219727,normal,0.51561993,0.4843801,0.51561993
1778740000.6742713,PPI / Raw,42,0.04994773864746094,normal,0.5078119,0.49218813,0.5078119
1778740000.692018,PPI / Raw,56,0.017746686935424805,normal,0.52342033,0.47657967,0.52342033
1778740000.7320182,PPI / Raw,54,0.040000200271606445,normal,0.52342033,0.47657967,0.52342033
1778740000.7611272,PPI / Raw,49,0.02910900115966797,normal,0.51561993,0.4843801,0.51561993
1778740000.7752826,PPI / Raw,57,0.014155387878417969,normal,0.52342033,0.47657967,0.52342033
1778740000.8260477,PPI / Raw,49,0.050765037536621094,normal,0.51561993,0.4843801,0.51561993
1778740000.8901324,PPI / Raw,49,0.06408476829528809,normal,0.51561993,0.4843801,0.51561993
1778740000.9195168,PPI / Raw,54,0.029384374618530273,normal,0.52342033,0.47657967,0.52342033
1778740000.953592,PPI / Raw,49,0.034075260162353516,normal,0.51561993,0.4843801,0.51561993
1778740000.9632702,PPI / Raw,56,0.009678125381469727,normal,0.52342033,0.47657967,0.52342033
1778740001.0135915,PPI / Raw,68,0.050321340560913086,normal,0.52342033,0.47657967,0.52342033
1778740001.0220244,PPI / Raw,49,0.008432865142822266,normal,0.51561993,0.4843801,0.51561993
1778740001.0882015,PPI / Raw,49,0.0661771297454834,normal,0.51561993,0.4843801,0.51561993
1778740001.110768,PPI / Raw,54,0.022566556930541992,normal,0.52342033,0.47657967,0.52342033
1778740001.1527662,PPI / Raw,49,0.04199814796447754,normal,0.51561993,0.4843801,0.51561993
1778740001.237022,PPI / Raw,56,0.08425569534301758,normal,0.52342033,0.47657967,0.52342033
1778740001.287631,PPI / Raw,49,0.05060911178588867,normal,0.51561993,0.4843801,0.51561993
1778740001.302023,PPI / Raw,54,0.014391899108886719,normal,0.52342033,0.47657967,0.52342033
1778740001.3241634,PPI / Raw,57,0.0221405029296875,normal,0.52342033,0.47657967,0.52342033
1778740001.3551295,PPI / Raw,49,0.03096604347229004,normal,0.51561993,0.4843801,0.51561993
1778740001.4261968,PPI / Raw,49,0.07106733322143555,normal,0.51561993,0.4843801,0.51561993
1778740001.4832711,PPI / Raw,54,0.05707430839538574,normal,0.52342033,0.47657967,0.52342033
1778740001.4909315,PPI / Raw,49,0.007660388946533203,normal,0.51561993,0.4843801,0.51561993
1778740001.5070245,PPI / Raw,56,0.016093015670776367,normal,0.52342033,0.47657967,0.52342033
1778740001.555714,PPI / Raw,49,0.04868936538696289,normal,0.51561993,0.4843801,0.51561993
1778740001.5979795,PPI / Raw,57,0.04226565361022949,normal,0.52342033,0.47657967,0.52342033
1778740001.626643,PPI / Raw,49,0.02866339683532715,normal,0.51561993,0.4843801,0.51561993
1778740001.6745226,PPI / Raw,54,0.047879695892333984,normal,0.52342033,0.47657967,0.52342033
1778740001.690044,PPI / Raw,47,0.01552128791809082,normal,0.51561993,0.4843801,0.51561993
1778740001.6948178,PPI / Raw,49,0.004773855209350586,normal,0.51561993,0.4843801,0.51561993
1778740001.762166,PPI / Raw,49,0.06734824180603027,normal,0.51561993,0.4843801,0.51561993
1778740001.7845235,PPI / Raw,56,0.022357463836669922,normal,0.52342033,0.47657967,0.52342033
1778740001.8343174,PPI / Raw,49,0.04979395866394043,normal,0.51561993,0.4843801,0.51561993
1778740001.8607771,PPI / Raw,54,0.026459693908691406,normal,0.52342033,0.47657967,0.52342033
1778740001.878048,PPI / Raw,57,0.017270803451538086,normal,0.52342033,0.47657967,0.52342033
1778740001.898597,PPI / Raw,49,0.02054905891418457,normal,0.51561993,0.4843801,0.51561993
1778740001.9626474,PPI / Raw,49,0.06405043601989746,normal,0.51561993,0.4843801,0.51561993
1778740002.0334349,PPI / Raw,49,0.07078742980957031,normal,0.51561993,0.4843801,0.51561993
1778740002.034119,PPI / Raw,67,0.0006840229034423828,normal,0.52342033,0.47657967,0.52342033
1778740002.047849,PPI / Raw,45,0.013730049133300781,normal,0.51561993,0.4843801,0.51561993
1778740002.0507755,PPI / Raw,54,0.0029265880584716797,normal,0.52342033,0.47657967,0.52342033
1778740002.0557787,PPI / Raw,56,0.005003213882446289,normal,0.52342033,0.47657967,0.52342033
1778740002.0561926,PPI / Raw,48,0.0004138946533203125,normal,0.51561993,0.4843801,0.51561993
1778740002.0565186,PPI / Raw,39,0.00032591819763183594,normal,0.5448014,0.45519862,0.5448014
1778740002.0970244,PPI / Raw,49,0.04050588607788086,normal,0.51561993,0.4843801,0.51561993
1778740002.1493676,PPI / Raw,57,0.052343130111694336,normal,0.52342033,0.47657967,0.52342033
1778740002.150116,PPI / Raw,39,0.0007483959197998047,normal,0.5448014,0.45519862,0.5448014
1778740002.1602976,PPI / Raw,49,0.010181665420532227,normal,0.51561993,0.4843801,0.51561993
1778740002.1606557,PPI / Raw,45,0.0003581047058105469,normal,0.51561993,0.4843801,0.51561993
1778740002.160982,PPI / Raw,67,0.0003261566162109375,normal,0.52342033,0.47657967,0.52342033
1778740002.1644425,PPI / Raw,50,0.0034606456756591797,normal,0.52342033,0.47657967,0.52342033
1778740002.2260551,PPI / Raw,49,0.061612606048583984,normal,0.51561993,0.4843801,0.51561993
1778740002.235777,PPI / Raw,54,0.009721755981445312,normal,0.52342033,0.47657967,0.52342033
1778740002.2913697,PPI / Raw,49,0.05559277534484863,normal,0.51561993,0.4843801,0.51561993
1778740002.3357778,PPI / Raw,56,0.04440808296203613,normal,0.52342033,0.47657967,0.52342033
1778740002.3563383,PPI / Raw,49,0.020560503005981445,normal,0.51561993,0.4843801,0.51561993
1778740002.426939,PPI / Raw,57,0.07060074806213379,normal,0.52342033,0.47657967,0.52342033
1778740002.4279754,PPI / Raw,49,0.0010364055633544922,normal,0.51561993,0.4843801,0.51561993
1778740002.4480162,PPI / Raw,42,0.02004075050354004,normal,0.5078119,0.49218813,0.5078119
1778740002.493191,PPI / Raw,49,0.04517483711242676,normal,0.51561993,0.4843801,0.51561993
1778740002.5614367,PPI / Raw,49,0.06824564933776855,normal,0.51561993,0.4843801,0.51561993
1778740002.61078,PPI / Raw,56,0.04934334754943848,normal,0.52342033,0.47657967,0.52342033
1778740002.613283,PPI / Raw,54,0.002502918243408203,normal,0.52342033,0.47657967,0.52342033
1778740002.625843,PPI / Raw,49,0.012560129165649414,normal,0.51561993,0.4843801,0.51561993
1778740002.6932034,PPI / Raw,49,0.06736040115356445,normal,0.51561993,0.4843801,0.51561993
1778740002.6981125,PPI / Raw,57,0.004909038543701172,normal,0.52342033,0.47657967,0.52342033
1778740002.7645888,PPI / Raw,49,0.06647634506225586,normal,0.51561993,0.4843801,0.51561993
1778740002.7945344,PPI / Raw,54,0.02994561195373535,normal,0.52342033,0.47657967,0.52342033
1778740002.828262,PPI / Raw,49,0.03372764587402344,normal,0.51561993,0.4843801,0.51561993
1778740002.890782,PPI / Raw,56,0.06252002716064453,normal,0.52342033,0.47657967,0.52342033
1778740002.8982706,PPI / Raw,49,0.0074884891510009766,normal,0.51561993,0.4843801,0.51561993
1778740002.9203105,PPI / Raw,58,0.02203989028930664,normal,0.52342033,0.47657967,0.52342033
1778740002.9756832,PPI / Raw,57,0.05537271499633789,normal,0.52342033,0.47657967,0.52342033
1778740002.985783,PPI / Raw,54,0.01009988784790039,normal,0.52342033,0.47657967,0.52342033
1778740003.0276775,PPI / Raw,49,0.04189443588256836,normal,0.51561993,0.4843801,0.51561993
1778740003.092256,PPI / Raw,49,0.06457853317260742,normal,0.51561993,0.4843801,0.51561993
1778740003.1589715,PPI / Raw,49,0.06671547889709473,normal,0.51561993,0.4843801,0.51561993
1778740003.1670344,PPI / Raw,56,0.00806283950805664,normal,0.52342033,0.47657967,0.52342033
1778740003.1695375,PPI / Raw,54,0.0025031566619873047,normal,0.52342033,0.47657967,0.52342033
1778740003.22543,PPI / Raw,49,0.0558924674987793,normal,0.51561993,0.4843801,0.51561993
1778740003.2532518,PPI / Raw,57,0.027821779251098633,normal,0.52342033,0.47657967,0.52342033
1778740003.349536,PPI / Raw,54,0.09628415107727051,normal,0.52342033,0.47657967,0.52342033
1778740003.3638995,PPI / Raw,49,0.014363527297973633,normal,0.51561993,0.4843801,0.51561993
1778740003.4350038,PPI / Raw,49,0.07110428810119629,normal,0.51561993,0.4843801,0.51561993
1778740003.4370368,PPI / Raw,56,0.0020329952239990234,normal,0.52342033,0.47657967,0.52342033
1778740003.5045638,PPI / Raw,49,0.06752705574035645,normal,0.51561993,0.4843801,0.51561993
1778740003.5283215,PPI / Raw,57,0.0237576961517334,normal,0.52342033,0.47657967,0.52342033
1778740003.5395372,PPI / Raw,54,0.011215686798095703,normal,0.52342033,0.47657967,0.52342033
1778740003.568495,PPI / Raw,49,0.028957843780517578,normal,0.51561993,0.4843801,0.51561993
1778740003.5821826,PPI / Raw,57,0.013687610626220703,normal,0.52342033,0.47657967,0.52342033
1778740003.6352715,PPI / Raw,49,0.05308890342712402,normal,0.51561993,0.4843801,0.51561993
1778740003.7001495,PPI / Raw,47,0.06487798690795898,normal,0.51561993,0.4843801,0.51561993
1778740003.7017007,PPI / Raw,49,0.0015511512756347656,normal,0.51561993,0.4843801,0.51561993
1778740003.7145417,PPI / Raw,56,0.012840986251831055,normal,0.52342033,0.47657967,0.52342033
1778740003.7307918,PPI / Raw,54,0.016250133514404297,normal,0.52342033,0.47657967,0.52342033
1778740003.744569,PPI / Raw,47,0.01377725601196289,normal,0.51561993,0.4843801,0.51561993
1778740003.8021386,PPI / Raw,57,0.05756950378417969,normal,0.52342033,0.47657967,0.52342033
1778740003.9170403,PPI / Raw,54,0.11490178108215332,normal,0.52342033,0.47657967,0.52342033
1778740003.9672189,PPI / Raw,49,0.05017852783203125,normal,0.51561993,0.4843801,0.51561993
1778740003.987044,PPI / Raw,56,0.019825220108032227,normal,0.52342033,0.47657967,0.52342033
1778740004.0053308,PPI / Raw,47,0.018286705017089844,normal,0.51561993,0.4843801,0.51561993
1778740004.0380132,PPI / Raw,49,0.03268241882324219,normal,0.51561993,0.4843801,0.51561993
1778740004.0747058,PPI / Raw,57,0.03669261932373047,normal,0.52342033,0.47657967,0.52342033
1778740004.104542,PPI / Raw,54,0.029836177825927734,normal,0.52342033,0.47657967,0.52342033
1778740004.1088727,PPI / Raw,49,0.004330635070800781,normal,0.51561993,0.4843801,0.51561993
1778740004.17376,PPI / Raw,49,0.06488728523254395,normal,0.51561993,0.4843801,0.51561993
1778740004.2409375,PPI / Raw,49,0.06717753410339355,normal,0.51561993,0.4843801,0.51561993
1778740004.2416224,PPI / Raw,67,0.0006849765777587891,normal,0.52342033,0.47657967,0.52342033
1778740004.262046,PPI / Raw,56,0.02042365074157715,normal,0.52342033,0.47657967,0.52342033
1778740004.2627869,PPI / Raw,39,0.0007407665252685547,normal,0.5448014,0.45519862,0.5448014
1778740004.2895463,PPI / Raw,54,0.02675938606262207,normal,0.52342033,0.47657967,0.52342033
1778740004.3547704,PPI / Raw,57,0.06522417068481445,normal,0.52342033,0.47657967,0.52342033
1778740004.3555188,PPI / Raw,39,0.0007483959197998047,normal,0.5448014,0.45519862,0.5448014
1778740004.3746333,PPI / Raw,49,0.01911449432373047,normal,0.51561993,0.4843801,0.51561993
1778740004.375317,PPI / Raw,67,0.0006837844848632812,normal,0.52342033,0.47657967,0.52342033
1778740004.4429388,PPI / Raw,49,0.06762170791625977,normal,0.51561993,0.4843801,0.51561993
1778740004.4707947,PPI / Raw,54,0.027855873107910156,normal,0.52342033,0.47657967,0.52342033
1778740004.5070102,PPI / Raw,49,0.03621554374694824,normal,0.51561993,0.4843801,0.51561993
1778740004.5332983,PPI / Raw,56,0.02628803253173828,normal,0.52342033,0.47657967,0.52342033
1778740004.5771356,PPI / Raw,49,0.04383730888366699,normal,0.51561993,0.4843801,0.51561993
1778740004.624834,PPI / Raw,57,0.0476984977722168,normal,0.52342033,0.47657967,0.52342033
1778740004.6428518,PPI / Raw,49,0.01801776885986328,normal,0.51561993,0.4843801,0.51561993
1778740004.6595492,PPI / Raw,54,0.016697406768798828,normal,0.52342033,0.47657967,0.52342033
1778740004.8107975,PPI / Raw,56,0.15124821662902832,normal,0.52342033,0.47657967,0.52342033
1778740004.8408005,PPI / Raw,54,0.030003070831298828,normal,0.52342033,0.47657967,0.52342033
1778740004.8537521,PPI / Raw,49,0.01295161247253418,normal,0.51561993,0.4843801,0.51561993
1778740004.8848927,PPI / Raw,80,0.031140565872192383,normal,0.52342033,0.47657967,0.52342033
1778740004.9036436,PPI / Raw,57,0.018750905990600586,normal,0.52342033,0.47657967,0.52342033
1778740004.9170558,PPI / Raw,49,0.013412237167358398,normal,0.51561993,0.4843801,0.51561993
1778740004.9871411,PPI / Raw,49,0.07008528709411621,normal,0.51561993,0.4843801,0.51561993
1778740005.0257993,PPI / Raw,54,0.03865814208984375,normal,0.52342033,0.47657967,0.52342033
1778740005.0569334,PPI / Raw,49,0.03113412857055664,normal,0.51561993,0.4843801,0.51561993
1778740005.0858023,PPI / Raw,56,0.028868913650512695,normal,0.52342033,0.47657967,0.52342033
1778740005.1239789,PPI / Raw,49,0.038176536560058594,normal,0.51561993,0.4843801,0.51561993
1778740005.1918306,PPI / Raw,49,0.06785178184509277,normal,0.51561993,0.4843801,0.51561993
1778740005.2095535,PPI / Raw,54,0.01772284507751465,normal,0.52342033,0.47657967,0.52342033
1778740005.2225823,PPI / Raw,57,0.013028860092163086,normal,0.52342033,0.47657967,0.52342033
1778740005.3036478,PPI / Raw,68,0.08106541633605957,normal,0.52342033,0.47657967,0.52342033
1778740005.3239625,PPI / Raw,49,0.020314693450927734,normal,0.51561993,0.4843801,0.51561993
1778740005.3633018,PPI / Raw,56,0.039339303970336914,normal,0.52342033,0.47657967,0.52342033
1778740005.3869298,PPI / Raw,49,0.02362799644470215,normal,0.51561993,0.4843801,0.51561993
1778740005.398305,PPI / Raw,54,0.011375188827514648,normal,0.52342033,0.47657967,0.52342033
1778740005.45072,PPI / Raw,49,0.05241513252258301,normal,0.51561993,0.4843801,0.51561993
1778740005.4575176,PPI / Raw,57,0.0067975521087646484,normal,0.52342033,0.47657967,0.52342033
1778740005.5193236,PPI / Raw,49,0.06180596351623535,normal,0.51561993,0.4843801,0.51561993
1778740005.582293,PPI / Raw,49,0.06296944618225098,normal,0.51561993,0.4843801,0.51561993
1778740005.5858035,PPI / Raw,54,0.0035104751586914062,normal,0.52342033,0.47657967,0.52342033
1778740005.6395538,PPI / Raw,56,0.05375027656555176,normal,0.52342033,0.47657967,0.52342033
1778740005.7019188,PPI / Raw,47,0.062365055084228516,normal,0.51561993,0.4843801,0.51561993
1778740005.717018,PPI / Raw,49,0.015099048614501953,normal,0.51561993,0.4843801,0.51561993
1778740005.7288315,PPI / Raw,57,0.011813640594482422,normal,0.52342033,0.47657967,0.52342033
1778740005.7720578,PPI / Raw,54,0.04322624206542969,normal,0.52342033,0.47657967,0.52342033
1778740005.7824082,PPI / Raw,49,0.010350465774536133,normal,0.51561993,0.4843801,0.51561993
1778740005.851415,PPI / Raw,49,0.06900668144226074,normal,0.51561993,0.4843801,0.51561993
1778740005.9195561,PPI / Raw,56,0.06814122200012207,normal,0.52342033,0.47657967,0.52342033
1778740005.9595597,PPI / Raw,54,0.04000353813171387,normal,0.52342033,0.47657967,0.52342033
1778740005.9829879,PPI / Raw,49,0.02342820167541504,normal,0.51561993,0.4843801,0.51561993
1778740006.0042617,PPI / Raw,57,0.02127385139465332,normal,0.52342033,0.47657967,0.52342033
1778740006.0057478,PPI / Raw,47,0.001486063003540039,normal,0.51561993,0.4843801,0.51561993
1778740006.0456474,PPI / Raw,49,0.039899587631225586,normal,0.51561993,0.4843801,0.51561993
1778740006.148308,PPI / Raw,54,0.1026606559753418,normal,0.52342033,0.47657967,0.52342033
1778740006.1816032,PPI / Raw,49,0.0332951545715332,normal,0.51561993,0.4843801,0.51561993
1778740006.1958082,PPI / Raw,56,0.014204978942871094,normal,0.52342033,0.47657967,0.52342033
1778740006.2439446,PPI / Raw,49,0.04813647270202637,normal,0.51561993,0.4843801,0.51561993
1778740006.2780726,PPI / Raw,57,0.03412795066833496,normal,0.52342033,0.47657967,0.52342033
1778740006.3178911,PPI / Raw,57,0.039818525314331055,normal,0.52342033,0.47657967,0.52342033
1778740006.3267446,PPI / Raw,58,0.008853435516357422,normal,0.52342033,0.47657967,0.52342033
1778740006.3358092,PPI / Raw,54,0.009064674377441406,normal,0.52342033,0.47657967,0.52342033
1778740006.384037,PPI / Raw,67,0.048227787017822266,normal,0.52342033,0.47657967,0.52342033
1778740006.4461489,PPI / Raw,49,0.062111854553222656,normal,0.51561993,0.4843801,0.51561993
1778740006.446833,PPI / Raw,67,0.0006840229034423828,normal,0.52342033,0.47657967,0.52342033
1778740006.4683106,PPI / Raw,56,0.021477699279785156,normal,0.52342033,0.47657967,0.52342033
1778740006.4690506,PPI / Raw,39,0.00074005126953125,normal,0.5448014,0.45519862,0.5448014
1778740006.5089464,PPI / Raw,49,0.03989577293395996,normal,0.51561993,0.4843801,0.51561993
1778740006.5096302,PPI / Raw,67,0.0006837844848632812,normal,0.52342033,0.47657967,0.52342033
1778740006.5220609,PPI / Raw,54,0.012430667877197266,normal,0.52342033,0.47657967,0.52342033
1778740006.5493865,PPI / Raw,57,0.02732563018798828,normal,0.52342033,0.47657967,0.52342033
1778740006.572747,PPI / Raw,49,0.023360490798950195,normal,0.51561993,0.4843801,0.51561993
1778740006.6391742,PPI / Raw,49,0.06642723083496094,normal,0.51561993,0.4843801,0.51561993
1778740006.7059216,PPI / Raw,49,0.06674742698669434,normal,0.51561993,0.4843801,0.51561993
1778740006.7133155,PPI / Raw,54,0.007393836975097656,normal,0.52342033,0.47657967,0.52342033
1778740006.7395656,PPI / Raw,56,0.026250123977661133,normal,0.52342033,0.47657967,0.52342033
1778740006.773875,PPI / Raw,49,0.03430938720703125,normal,0.51561993,0.4843801,0.51561993
1778740006.82945,PPI / Raw,57,0.055574893951416016,normal,0.52342033,0.47657967,0.52342033
1778740006.8384306,PPI / Raw,49,0.008980751037597656,normal,0.51561993,0.4843801,0.51561993
1778740006.8630433,PPI / Raw,68,0.0246126651763916,normal,0.52342033,0.47657967,0.52342033
1778740006.864291,PPI / Raw,41,0.0012476444244384766,normal,0.5078119,0.49218813,0.5078119
1778740006.900814,PPI / Raw,54,0.03652310371398926,normal,0.52342033,0.47657967,0.52342033
1778740006.9070919,PPI / Raw,49,0.006277799606323242,normal,0.51561993,0.4843801,0.51561993
1778740006.9753006,PPI / Raw,49,0.06820869445800781,normal,0.51561993,0.4843801,0.51561993
1778740007.0145679,PPI / Raw,56,0.03926730155944824,normal,0.52342033,0.47657967,0.52342033
1778740007.0464509,PPI / Raw,49,0.03188300132751465,normal,0.51561993,0.4843801,0.51561993
1778740007.0845652,PPI / Raw,54,0.038114309310913086,normal,0.52342033,0.47657967,0.52342033
1778740007.1057615,PPI / Raw,57,0.021196365356445312,normal,0.52342033,0.47657967,0.52342033
1778740007.1119032,PPI / Raw,49,0.00614166259765625,normal,0.51561993,0.4843801,0.51561993
1778740007.1784668,PPI / Raw,49,0.06656360626220703,normal,0.51561993,0.4843801,0.51561993
1778740007.2142484,PPI / Raw,61,0.0357816219329834,normal,0.52342033,0.47657967,0.52342033
1778740007.244343,PPI / Raw,49,0.030094623565673828,normal,0.51561993,0.4843801,0.51561993
1778740007.273317,PPI / Raw,54,0.028974056243896484,normal,0.52342033,0.47657967,0.52342033
1778740007.2920673,PPI / Raw,56,0.01875019073486328,normal,0.52342033,0.47657967,0.52342033
1778740007.3070643,PPI / Raw,49,0.014997005462646484,normal,0.51561993,0.4843801,0.51561993
1778740007.3776538,PPI / Raw,49,0.07058954238891602,normal,0.51561993,0.4843801,0.51561993
1778740007.3795726,PPI / Raw,57,0.001918792724609375,normal,0.52342033,0.47657967,0.52342033
1778740007.381175,PPI / Raw,68,0.0016024112701416016,normal,0.52342033,0.47657967,0.52342033
1778740007.4144425,PPI / Raw,57,0.03326749801635742,normal,0.52342033,0.47657967,0.52342033
1778740007.4418023,PPI / Raw,49,0.027359724044799805,normal,0.51561993,0.4843801,0.51561993
1778740007.4633183,PPI / Raw,54,0.021516084671020508,normal,0.52342033,0.47657967,0.52342033
1778740007.506617,PPI / Raw,49,0.04329872131347656,normal,0.51561993,0.4843801,0.51561993
1778740007.549876,PPI / Raw,57,0.0432589054107666,normal,0.52342033,0.47657967,0.52342033
1778740007.5605028,PPI / Raw,47,0.010626792907714844,normal,0.51561993,0.4843801,0.51561993
1778740007.5708222,PPI / Raw,56,0.01031947135925293,normal,0.52342033,0.47657967,0.52342033
1778740007.5711455,PPI / Raw,49,0.00032329559326171875,normal,0.51561993,0.4843801,0.51561993
1778740007.636736,PPI / Raw,49,0.06559038162231445,normal,0.51561993,0.4843801,0.51561993
1778740007.6520731,PPI / Raw,54,0.015337228775024414,normal,0.52342033,0.47657967,0.52342033
1778740007.7007716,PPI / Raw,49,0.04869842529296875,normal,0.51561993,0.4843801,0.51561993
1778740007.757292,PPI / Raw,47,0.05652046203613281,normal,0.51561993,0.4843801,0.51561993
1778740007.7682567,PPI / Raw,49,0.010964632034301758,normal,0.51561993,0.4843801,0.51561993
1778740007.77799,PPI / Raw,61,0.009733438491821289,normal,0.52342033,0.47657967,0.52342033
1778740007.824936,PPI / Raw,57,0.046945810317993164,normal,0.52342033,0.47657967,0.52342033
1778740007.8345714,PPI / Raw,54,0.009635448455810547,normal,0.52342033,0.47657967,0.52342033
1778740007.83535,PPI / Raw,49,0.0007786750793457031,normal,0.51561993,0.4843801,0.51561993
1778740007.8495743,PPI / Raw,56,0.01422429084777832,normal,0.52342033,0.47657967,0.52342033
1778740007.9060574,PPI / Raw,49,0.05648303031921387,normal,0.51561993,0.4843801,0.51561993
1778740007.9695964,PPI / Raw,57,0.06353902816772461,normal,0.52342033,0.47657967,0.52342033
1778740007.970722,PPI / Raw,49,0.0011255741119384766,normal,0.51561993,0.4843801,0.51561993
1778740008.0139937,PPI / Raw,47,0.043271780014038086,normal,0.51561993,0.4843801,0.51561993
1778740008.020544,PPI / Raw,58,0.006550312042236328,normal,0.52342033,0.47657967,0.52342033
1778740008.025823,PPI / Raw,54,0.005279064178466797,normal,0.52342033,0.47657967,0.52342033
1778740008.0404677,PPI / Raw,49,0.014644622802734375,normal,0.51561993,0.4843801,0.51561993
1778740008.0917375,PPI / Raw,58,0.0512697696685791,normal,0.52342033,0.47657967,0.52342033
1778740008.103792,PPI / Raw,57,0.012054443359375,normal,0.52342033,0.47657967,0.52342033
1778740008.1079357,PPI / Raw,49,0.004143714904785156,normal,0.51561993,0.4843801,0.51561993
1778740008.1124346,PPI / Raw,68,0.004498958587646484,normal,0.52342033,0.47657967,0.52342033
1778740008.1195767,PPI / Raw,56,0.007142066955566406,normal,0.52342033,0.47657967,0.52342033
1778740008.1745672,PPI / Raw,49,0.054990530014038086,normal,0.51561993,0.4843801,0.51561993
1778740008.2158275,PPI / Raw,54,0.0412602424621582,normal,0.52342033,0.47657967,0.52342033
1778740008.2161863,PPI / Raw,76,0.00035881996154785156,normal,0.52342033,0.47657967,0.52342033
1778740008.3025582,PPI / Raw,49,0.08637189865112305,normal,0.51561993,0.4843801,0.51561993
1778740008.3193123,PPI / Raw,68,0.016754150390625,normal,0.52342033,0.47657967,0.52342033
1778740008.3699658,PPI / Raw,49,0.05065345764160156,normal,0.51561993,0.4843801,0.51561993
1778740008.3738513,PPI / Raw,57,0.003885507583618164,normal,0.52342033,0.47657967,0.52342033
1778740008.397076,PPI / Raw,54,0.023224592208862305,normal,0.52342033,0.47657967,0.52342033
1778740008.398329,PPI / Raw,56,0.0012531280517578125,normal,0.52342033,0.47657967,0.52342033
1778740008.4479895,PPI / Raw,48,0.049660444259643555,normal,0.51561993,0.4843801,0.51561993
1778740008.5027735,PPI / Raw,68,0.05478405952453613,normal,0.52342033,0.47657967,0.52342033
1778740008.5058815,PPI / Raw,49,0.0031080245971679688,normal,0.51561993,0.4843801,0.51561993
1778740008.57891,PPI / Raw,67,0.073028564453125,normal,0.52342033,0.47657967,0.52342033
1778740008.5858274,PPI / Raw,54,0.006917238235473633,normal,0.52342033,0.47657967,0.52342033
1778740008.6052887,PPI / Raw,46,0.019461393356323242,normal,0.51561993,0.4843801,0.51561993
1778740008.6120348,PPI / Raw,57,0.006746053695678711,normal,0.52342033,0.47657967,0.52342033
1778740008.6268167,PPI / Raw,67,0.014781951904296875,normal,0.52342033,0.47657967,0.52342033
1778740008.6326733,PPI / Raw,45,0.005856513977050781,normal,0.51561993,0.4843801,0.51561993
1778740008.6367242,PPI / Raw,47,0.0040509700775146484,normal,0.51561993,0.4843801,0.51561993
1778740008.6476624,PPI / Raw,57,0.010938167572021484,normal,0.52342033,0.47657967,0.52342033
1778740008.6480846,PPI / Raw,46,0.0004222393035888672,normal,0.51561993,0.4843801,0.51561993
1778740008.678328,PPI / Raw,56,0.030243396759033203,normal,0.52342033,0.47657967,0.52342033
1778740008.678742,PPI / Raw,77,0.0004138946533203125,normal,0.52342033,0.47657967,0.52342033
1778740008.709664,PPI / Raw,45,0.03092217445373535,normal,0.51561993,0.4843801,0.51561993
1778740008.717058,PPI / Raw,49,0.007393836975097656,normal,0.51561993,0.4843801,0.51561993
1778740008.720161,PPI / Raw,45,0.003103017807006836,normal,0.51561993,0.4843801,0.51561993
1778740008.7310781,PPI / Raw,45,0.010917186737060547,normal,0.51561993,0.4843801,0.51561993
1778740008.7695818,PPI / Raw,54,0.03850364685058594,normal,0.52342033,0.47657967,0.52342033
1778740008.787861,PPI / Raw,49,0.018279314041137695,normal,0.51561993,0.4843801,0.51561993
1778740008.8365932,PPI / Raw,71,0.04873204231262207,normal,0.52342033,0.47657967,0.52342033
1778740008.8570035,PPI / Raw,49,0.02041029930114746,normal,0.51561993,0.4843801,0.51561993
1778740008.9244971,PPI / Raw,49,0.06749367713928223,normal,0.51561993,0.4843801,0.51561993
1778740008.9545803,PPI / Raw,54,0.030083179473876953,normal,0.52342033,0.47657967,0.52342033
1778740008.9558332,PPI / Raw,56,0.001252889633178711,normal,0.52342033,0.47657967,0.52342033
1778740008.9954236,PPI / Raw,49,0.03959035873413086,normal,0.51561993,0.4843801,0.51561993
1778740009.060371,PPI / Raw,49,0.06494736671447754,normal,0.51561993,0.4843801,0.51561993
1778740009.1260142,PPI / Raw,49,0.065643310546875,normal,0.51561993,0.4843801,0.51561993
1778740009.1395848,PPI / Raw,54,0.013570547103881836,normal,0.52342033,0.47657967,0.52342033
1778740009.1493232,PPI / Raw,68,0.009738445281982422,normal,0.52342033,0.47657967,0.52342033
1778740009.1804929,PPI / Raw,61,0.031169652938842773,normal,0.52342033,0.47657967,0.52342033
1778740009.1910186,PPI / Raw,49,0.010525703430175781,normal,0.51561993,0.4843801,0.51561993
1778740009.192782,PPI / Raw,57,0.0017633438110351562,normal,0.52342033,0.47657967,0.52342033
1778740009.2205153,PPI / Raw,58,0.027733325958251953,normal,0.52342033,0.47657967,0.52342033
1778740009.2333326,PPI / Raw,56,0.0128173828125,normal,0.52342033,0.47657967,0.52342033
1778740009.2537882,PPI / Raw,49,0.020455598831176758,normal,0.51561993,0.4843801,0.51561993
1778740009.325371,PPI / Raw,49,0.07158279418945312,normal,0.51561993,0.4843801,0.51561993
1778740009.328336,PPI / Raw,54,0.0029649734497070312,normal,0.52342033,0.47657967,0.52342033
1778740009.3934124,PPI / Raw,49,0.06507635116577148,normal,0.51561993,0.4843801,0.51561993
1778740009.4557447,PPI / Raw,49,0.0623323917388916,normal,0.51561993,0.4843801,0.51561993
1778740009.4654927,PPI / Raw,61,0.009747982025146484,normal,0.52342033,0.47657967,0.52342033
1778740009.4728408,PPI / Raw,57,0.007348060607910156,normal,0.52342033,0.47657967,0.52342033
1778740009.5108347,PPI / Raw,54,0.0379939079284668,normal,0.52342033,0.47657967,0.52342033
1778740009.5117445,PPI / Raw,42,0.0009098052978515625,normal,0.5078119,0.49218813,0.5078119
1778740009.5120878,PPI / Raw,56,0.00034332275390625,normal,0.52342033,0.47657967,0.52342033
1778740009.5204253,PPI / Raw,58,0.00833749771118164,normal,0.52342033,0.47657967,0.52342033
1778740009.5705514,PPI / Raw,47,0.050126075744628906,normal,0.51561993,0.4843801,0.51561993
1778740009.5940282,PPI / Raw,49,0.023476839065551758,normal,0.51561993,0.4843801,0.51561993
1778740009.659772,PPI / Raw,49,0.06574368476867676,normal,0.51561993,0.4843801,0.51561993
1778740009.7020893,PPI / Raw,54,0.04231739044189453,normal,0.52342033,0.47657967,0.52342033
1778740009.7296433,PPI / Raw,49,0.027554035186767578,normal,0.51561993,0.4843801,0.51561993
1778740009.7492468,PPI / Raw,61,0.019603490829467773,normal,0.52342033,0.47657967,0.52342033
1778740009.7820866,PPI / Raw,56,0.03283977508544922,normal,0.52342033,0.47657967,0.52342033
1778740009.7962956,PPI / Raw,49,0.01420903205871582,normal,0.51561993,0.4843801,0.51561993
1778740009.8589613,PPI / Raw,49,0.06266570091247559,normal,0.51561993,0.4843801,0.51561993
1778740009.8870878,PPI / Raw,54,0.02812647819519043,normal,0.52342033,0.47657967,0.52342033
1778740009.9278085,PPI / Raw,49,0.04072070121765137,normal,0.51561993,0.4843801,0.51561993
1778740009.9940379,PPI / Raw,49,0.06622934341430664,normal,0.51561993,0.4843801,0.51561993
1778740010.0167143,PPI / Raw,47,0.022676467895507812,normal,0.51561993,0.4843801,0.51561993
1778740010.0292122,PPI / Raw,57,0.012497901916503906,normal,0.52342033,0.47657967,0.52342033
1778740010.0520918,PPI / Raw,56,0.022879600524902344,normal,0.52342033,0.47657967,0.52342033
1778740010.072089,PPI / Raw,54,0.019997119903564453,normal,0.52342033,0.47657967,0.52342033
1778740010.130257,PPI / Raw,49,0.05816793441772461,normal,0.51561993,0.4843801,0.51561993
1778740010.198513,PPI / Raw,49,0.06825613975524902,normal,0.51561993,0.4843801,0.51561993
1778740010.2595901,PPI / Raw,54,0.061077117919921875,normal,0.52342033,0.47657967,0.52342033
1778740010.2706916,PPI / Raw,49,0.011101484298706055,normal,0.51561993,0.4843801,0.51561993
1778740010.3005247,PPI / Raw,57,0.029833078384399414,normal,0.52342033,0.47657967,0.52342033
1778740010.3245938,PPI / Raw,56,0.02406907081604004,normal,0.52342033,0.47657967,0.52342033
1778740010.4128096,PPI / Raw,49,0.08821582794189453,normal,0.51561993,0.4843801,0.51561993
1778740010.444592,PPI / Raw,54,0.03178238868713379,normal,0.52342033,0.47657967,0.52342033
1778740010.479767,PPI / Raw,49,0.03517508506774902,normal,0.51561993,0.4843801,0.51561993
1778740010.511841,PPI / Raw,42,0.032073974609375,normal,0.5078119,0.49218813,0.5078119
1778740010.5463104,PPI / Raw,49,0.0344693660736084,normal,0.51561993,0.4843801,0.51561993
1778740010.571746,PPI / Raw,42,0.025435686111450195,normal,0.5078119,0.49218813,0.5078119
1778740010.5793083,PPI / Raw,94,0.007562160491943359,normal,0.52342033,0.47657967,0.52342033
1778740010.5945961,PPI / Raw,56,0.01528787612915039,normal,0.52342033,0.47657967,0.52342033
1778740010.6106098,PPI / Raw,49,0.016013622283935547,normal,0.51561993,0.4843801,0.51561993
1778740010.6333463,PPI / Raw,54,0.022736549377441406,normal,0.52342033,0.47657967,0.52342033
1778740010.704676,PPI / Raw,68,0.07132959365844727,normal,0.52342033,0.47657967,0.52342033
1778740010.7218442,PPI / Raw,68,0.017168283462524414,normal,0.52342033,0.47657967,0.52342033
1778740010.7399526,PPI / Raw,49,0.018108367919921875,normal,0.51561993,0.4843801,0.51561993
1778740010.8003216,PPI / Raw,45,0.060369014739990234,normal,0.51561993,0.4843801,0.51561993
1778740010.8025153,PPI / Raw,49,0.0021936893463134766,normal,0.51561993,0.4843801,0.51561993
1778740010.8233445,PPI / Raw,54,0.020829200744628906,normal,0.52342033,0.47657967,0.52342033
1778740010.8544,PPI / Raw,57,0.031055450439453125,normal,0.52342033,0.47657967,0.52342033
1778740010.854822,PPI / Raw,45,0.0004220008850097656,normal,0.51561993,0.4843801,0.51561993
1778740010.8735406,PPI / Raw,49,0.018718719482421875,normal,0.51561993,0.4843801,0.51561993
1778740010.8745983,PPI / Raw,56,0.0010576248168945312,normal,0.52342033,0.47657967,0.52342033
1778740010.9151888,PPI / Raw,45,0.040590524673461914,normal,0.51561993,0.4843801,0.51561993
1778740010.940314,PPI / Raw,49,0.02512526512145996,normal,0.51561993,0.4843801,0.51561993
1778740010.940999,PPI / Raw,67,0.0006849765777587891,normal,0.52342033,0.47657967,0.52342033
1778740011.0105705,PPI / Raw,49,0.06957149505615234,normal,0.51561993,0.4843801,0.51561993
1778740011.0108464,PPI / Raw,54,0.0002758502960205078,normal,0.52342033,0.47657967,0.52342033
1778740011.0759668,PPI / Raw,49,0.06512045860290527,normal,0.51561993,0.4843801,0.51561993
1778740011.1257129,PPI / Raw,57,0.049746036529541016,normal,0.52342033,0.47657967,0.52342033
1778740011.1379995,PPI / Raw,61,0.012286663055419922,normal,0.52342033,0.47657967,0.52342033
1778740011.1470973,PPI / Raw,56,0.009097814559936523,normal,0.52342033,0.47657967,0.52342033
1778740011.1478102,PPI / Raw,49,0.0007128715515136719,normal,0.51561993,0.4843801,0.51561993
1778740011.1971009,PPI / Raw,54,0.04929065704345703,normal,0.52342033,0.47657967,0.52342033
1778740011.2801194,PPI / Raw,49,0.08301854133605957,normal,0.51561993,0.4843801,0.51561993
1778740011.3503053,PPI / Raw,49,0.07018589973449707,normal,0.51561993,0.4843801,0.51561993
1778740011.387099,PPI / Raw,54,0.03679370880126953,normal,0.52342033,0.47657967,0.52342033
1778740011.3962517,PPI / Raw,57,0.009152650833129883,normal,0.52342033,0.47657967,0.52342033
1778740011.413822,PPI / Raw,49,0.01757025718688965,normal,0.51561993,0.4843801,0.51561993
1778740011.4221027,PPI / Raw,56,0.008280754089355469,normal,0.52342033,0.47657967,0.52342033
1778740011.4841046,PPI / Raw,49,0.062001943588256836,normal,0.51561993,0.4843801,0.51561993
1778740011.555605,PPI / Raw,68,0.07150030136108398,normal,0.52342033,0.47657967,0.52342033
1778740011.5758507,PPI / Raw,54,0.020245790481567383,normal,0.52342033,0.47657967,0.52342033
1778740011.5780988,PPI / Raw,47,0.002248048782348633,normal,0.51561993,0.4843801,0.51561993
1778740011.6188214,PPI / Raw,49,0.04072260856628418,normal,0.51561993,0.4843801,0.51561993
1778740011.6280115,PPI / Raw,58,0.009190082550048828,normal,0.52342033,0.47657967,0.52342033
1778740011.673811,PPI / Raw,57,0.04579949378967285,normal,0.52342033,0.47657967,0.52342033
1778740011.690096,PPI / Raw,49,0.016284942626953125,normal,0.51561993,0.4843801,0.51561993
1778740011.702102,PPI / Raw,56,0.012006044387817383,normal,0.52342033,0.47657967,0.52342033
1778740011.7533815,PPI / Raw,49,0.051279544830322266,normal,0.51561993,0.4843801,0.51561993
1778740011.7596054,PPI / Raw,54,0.006223917007446289,normal,0.52342033,0.47657967,0.52342033
1778740011.8196008,PPI / Raw,49,0.059995412826538086,normal,0.51561993,0.4843801,0.51561993
1778740011.8892283,PPI / Raw,49,0.06962752342224121,normal,0.51561993,0.4843801,0.51561993
1778740011.945123,PPI / Raw,57,0.05589461326599121,normal,0.52342033,0.47657967,0.52342033
1778740011.9508538,PPI / Raw,54,0.005730867385864258,normal,0.52342033,0.47657967,0.52342033
1778740011.9568415,PPI / Raw,49,0.005987644195556641,normal,0.51561993,0.4843801,0.51561993
1778740011.9726982,PPI / Raw,50,0.01585674285888672,normal,0.52342033,0.47657967,0.52342033
1778740011.9821072,PPI / Raw,56,0.009408950805664062,normal,0.52342033,0.47657967,0.52342033
1778740012.1421084,PPI / Raw,54,0.16000127792358398,normal,0.52342033,0.47657967,0.52342033
1778740012.166489,PPI / Raw,49,0.02438044548034668,normal,0.51561993,0.4843801,0.51561993
1778740012.223934,PPI / Raw,57,0.05744504928588867,normal,0.52342033,0.47657967,0.52342033
1778740012.2328193,PPI / Raw,49,0.008885383605957031,normal,0.51561993,0.4843801,0.51561993
1778740012.2621064,PPI / Raw,56,0.029287099838256836,normal,0.52342033,0.47657967,0.52342033
1778740012.2856147,PPI / Raw,68,0.023508310317993164,normal,0.52342033,0.47657967,0.52342033
1778740012.2970877,PPI / Raw,49,0.011472940444946289,normal,0.51561993,0.4843801,0.51561993
1778740012.3296096,PPI / Raw,54,0.032521963119506836,normal,0.52342033,0.47657967,0.52342033
1778740012.3664932,PPI / Raw,49,0.03688359260559082,normal,0.51561993,0.4843801,0.51561993
1778740012.4321485,PPI / Raw,49,0.06565523147583008,normal,0.51561993,0.4843801,0.51561993
1778740012.4965026,PPI / Raw,57,0.06435418128967285,normal,0.52342033,0.47657967,0.52342033
1778740012.5034971,PPI / Raw,49,0.006994485855102539,normal,0.51561993,0.4843801,0.51561993
1778740012.5371115,PPI / Raw,56,0.033614397048950195,normal,0.52342033,0.47657967,0.52342033
1778740012.553727,PPI / Raw,57,0.01661539077758789,normal,0.52342033,0.47657967,0.52342033
1778740012.5679214,PPI / Raw,49,0.014194488525390625,normal,0.51561993,0.4843801,0.51561993
1778740012.5736215,PPI / Raw,47,0.005700111389160156,normal,0.51561993,0.4843801,0.51561993
1778740012.638311,PPI / Raw,49,0.06468939781188965,normal,0.51561993,0.4843801,0.51561993
1778740012.6983628,PPI / Raw,54,0.060051918029785156,normal,0.52342033,0.47657967,0.52342033
1778740012.7097414,PPI / Raw,49,0.01137852668762207,normal,0.51561993,0.4843801,0.51561993
1778740012.8067796,PPI / Raw,61,0.09703826904296875,normal,0.52342033,0.47657967,0.52342033
1778740012.8096104,PPI / Raw,56,0.0028307437896728516,normal,0.52342033,0.47657967,0.52342033
1778740012.8135633,PPI / Raw,45,0.003952980041503906,normal,0.51561993,0.4843801,0.51561993
1778740012.8287694,PPI / Raw,57,0.015206098556518555,normal,0.52342033,0.47657967,0.52342033
1778740012.8291922,PPI / Raw,45,0.0004227161407470703,normal,0.51561993,0.4843801,0.51561993
1778740012.8453763,PPI / Raw,49,0.016184091567993164,normal,0.51561993,0.4843801,0.51561993
1778740012.887114,PPI / Raw,54,0.04173779487609863,normal,0.52342033,0.47657967,0.52342033
1778740012.9116187,PPI / Raw,49,0.024504661560058594,normal,0.51561993,0.4843801,0.51561993
1778740012.976537,PPI / Raw,49,0.06491827964782715,normal,0.51561993,0.4843801,0.51561993
1778740013.0362492,PPI / Raw,76,0.05971217155456543,normal,0.52342033,0.47657967,0.52342033
1778740013.0408723,PPI / Raw,49,0.0046231746673583984,normal,0.51561993,0.4843801,0.51561993
1778740013.0480404,PPI / Raw,58,0.0071680545806884766,normal,0.52342033,0.47657967,0.52342033
1778740013.0683625,PPI / Raw,54,0.020322084426879883,normal,0.52342033,0.47657967,0.52342033
1778740013.0830333,PPI / Raw,61,0.014670848846435547,normal,0.52342033,0.47657967,0.52342033
1778740013.0883627,PPI / Raw,56,0.0053293704986572266,normal,0.52342033,0.47657967,0.52342033
1778740013.1063378,PPI / Raw,57,0.0179750919342041,normal,0.52342033,0.47657967,0.52342033
1778740013.1125448,PPI / Raw,49,0.006206989288330078,normal,0.51561993,0.4843801,0.51561993
1778740013.1823583,PPI / Raw,49,0.06981348991394043,normal,0.51561993,0.4843801,0.51561993
1778740013.2406268,PPI / Raw,68,0.05826854705810547,normal,0.52342033,0.47657967,0.52342033
1778740013.2516036,PPI / Raw,49,0.010976791381835938,normal,0.51561993,0.4843801,0.51561993
1778740013.2558641,PPI / Raw,54,0.004260540008544922,normal,0.52342033,0.47657967,0.52342033
1778740013.3149998,PPI / Raw,49,0.05913567543029785,normal,0.51561993,0.4843801,0.51561993
1778740013.3646176,PPI / Raw,56,0.049617767333984375,normal,0.52342033,0.47657967,0.52342033
1778740013.380274,PPI / Raw,57,0.015656471252441406,normal,0.52342033,0.47657967,0.52342033
1778740013.4458656,PPI / Raw,54,0.06559157371520996,normal,0.52342033,0.47657967,0.52342033
1778740013.45307,PPI / Raw,49,0.007204294204711914,normal,0.51561993,0.4843801,0.51561993
1778740013.5237682,PPI / Raw,49,0.07069826126098633,normal,0.51561993,0.4843801,0.51561993
1778740013.557506,PPI / Raw,76,0.033737897872924805,normal,0.52342033,0.47657967,0.52342033
1778740013.5946376,PPI / Raw,49,0.037131547927856445,normal,0.51561993,0.4843801,0.51561993
1778740013.63337,PPI / Raw,54,0.038732290267944336,normal,0.52342033,0.47657967,0.52342033
1778740013.6421201,PPI / Raw,56,0.008750200271606445,normal,0.52342033,0.47657967,0.52342033
1778740013.6553388,PPI / Raw,57,0.01321864128112793,normal,0.52342033,0.47657967,0.52342033
1778740013.6647303,PPI / Raw,49,0.009391546249389648,normal,0.51561993,0.4843801,0.51561993
1778740013.6658444,PPI / Raw,50,0.0011141300201416016,normal,0.52342033,0.47657967,0.52342033
1778740013.7275496,PPI / Raw,49,0.06170511245727539,normal,0.51561993,0.4843801,0.51561993
1778740013.7574658,PPI / Raw,57,0.02991628646850586,normal,0.52342033,0.47657967,0.52342033
1778740013.773911,PPI / Raw,47,0.016445159912109375,normal,0.51561993,0.4843801,0.51561993
1778740013.8208683,PPI / Raw,54,0.04695725440979004,normal,0.52342033,0.47657967,0.52342033
1778740013.8588715,PPI / Raw,49,0.03800320625305176,normal,0.51561993,0.4843801,0.51561993
1778740013.9208722,PPI / Raw,56,0.06200075149536133,normal,0.52342033,0.47657967,0.52342033
1778740013.9250798,PPI / Raw,49,0.004207611083984375,normal,0.51561993,0.4843801,0.51561993
1778740013.9316504,PPI / Raw,57,0.006570577621459961,normal,0.52342033,0.47657967,0.52342033
1778740013.9945614,PPI / Raw,49,0.0629110336303711,normal,0.51561993,0.4843801,0.51561993
1778740014.00337,PPI / Raw,54,0.008808612823486328,normal,0.52342033,0.47657967,0.52342033
1778740014.0284925,PPI / Raw,47,0.025122404098510742,normal,0.51561993,0.4843801,0.51561993
1778740014.0644608,PPI / Raw,49,0.03596830368041992,normal,0.51561993,0.4843801,0.51561993
1778740014.1030476,PPI / Raw,42,0.03858685493469238,normal,0.5078119,0.49218813,0.5078119
1778740014.1271274,PPI / Raw,49,0.02407979965209961,normal,0.51561993,0.4843801,0.51561993
1778740014.1921244,PPI / Raw,56,0.06499695777893066,normal,0.52342033,0.47657967,0.52342033
1778740014.1932147,PPI / Raw,49,0.0010902881622314453,normal,0.51561993,0.4843801,0.51561993
1778740014.1946244,PPI / Raw,54,0.001409769058227539,normal,0.52342033,0.47657967,0.52342033
1778740014.2019064,PPI / Raw,57,0.0072820186614990234,normal,0.52342033,0.47657967,0.52342033
1778740014.2030447,PPI / Raw,61,0.0011382102966308594,normal,0.52342033,0.47657967,0.52342033
1778740014.313869,PPI / Raw,57,0.1108243465423584,normal,0.52342033,0.47657967,0.52342033
1778740014.3771229,PPI / Raw,54,0.06325387954711914,normal,0.52342033,0.47657967,0.52342033
1778740014.392199,PPI / Raw,49,0.015076160430908203,normal,0.51561993,0.4843801,0.51561993
1778740014.451786,PPI / Raw,42,0.05958700180053711,normal,0.5078119,0.49218813,0.5078119
1778740014.4619534,PPI / Raw,49,0.010167360305786133,normal,0.51561993,0.4843801,0.51561993
1778740014.4646266,PPI / Raw,56,0.0026731491088867188,normal,0.52342033,0.47657967,0.52342033
1778740014.4808986,PPI / Raw,57,0.01627206802368164,normal,0.52342033,0.47657967,0.52342033
1778740014.532161,PPI / Raw,49,0.05126237869262695,normal,0.51561993,0.4843801,0.51561993
1778740014.558377,PPI / Raw,54,0.02621603012084961,normal,0.52342033,0.47657967,0.52342033
1778740014.584161,PPI / Raw,47,0.025784015655517578,normal,0.51561993,0.4843801,0.51561993
1778740014.5983975,PPI / Raw,49,0.0142364501953125,normal,0.51561993,0.4843801,0.51561993
1778740014.6699018,PPI / Raw,49,0.07150435447692871,normal,0.51561993,0.4843801,0.51561993
1778740014.7383754,PPI / Raw,56,0.06847357749938965,normal,0.52342033,0.47657967,0.52342033
1778740014.740082,PPI / Raw,49,0.0017066001892089844,normal,0.51561993,0.4843801,0.51561993
1778740014.7483788,PPI / Raw,54,0.008296728134155273,normal,0.52342033,0.47657967,0.52342033
1778740014.7520747,PPI / Raw,57,0.003695964813232422,normal,0.52342033,0.47657967,0.52342033
1778740014.869711,PPI / Raw,49,0.11763620376586914,normal,0.51561993,0.4843801,0.51561993
1778740014.9182901,PPI / Raw,58,0.04857921600341797,normal,0.52342033,0.47657967,0.52342033
1778740014.9352562,PPI / Raw,49,0.01696610450744629,normal,0.51561993,0.4843801,0.51561993
1778740014.9371274,PPI / Raw,54,0.0018711090087890625,normal,0.52342033,0.47657967,0.52342033
1778740015.0059867,PPI / Raw,49,0.06885933876037598,normal,0.51561993,0.4843801,0.51561993
1778740015.0158777,PPI / Raw,56,0.009891033172607422,normal,0.52342033,0.47657967,0.52342033
1778740015.0271394,PPI / Raw,57,0.011261701583862305,normal,0.52342033,0.47657967,0.52342033
1778740015.0442739,PPI / Raw,61,0.017134428024291992,normal,0.52342033,0.47657967,0.52342033
1778740015.1208816,PPI / Raw,54,0.07660770416259766,normal,0.52342033,0.47657967,0.52342033
1778740015.1450615,PPI / Raw,49,0.024179935455322266,normal,0.51561993,0.4843801,0.51561993
1778740015.1933606,PPI / Raw,58,0.04829907417297363,normal,0.52342033,0.47657967,0.52342033
1778740015.2147121,PPI / Raw,49,0.02135157585144043,normal,0.51561993,0.4843801,0.51561993
1778740015.2835946,PPI / Raw,49,0.06888246536254883,normal,0.51561993,0.4843801,0.51561993
1778740015.28713,PPI / Raw,56,0.0035355091094970703,normal,0.52342033,0.47657967,0.52342033
1778740015.30217,PPI / Raw,57,0.015039920806884766,normal,0.52342033,0.47657967,0.52342033
1778740015.3121333,PPI / Raw,54,0.009963274002075195,normal,0.52342033,0.47657967,0.52342033
1778740015.35562,PPI / Raw,49,0.043486595153808594,normal,0.51561993,0.4843801,0.51561993
1778740015.4264674,PPI / Raw,49,0.0708475112915039,normal,0.51561993,0.4843801,0.51561993
1778740015.447347,PPI / Raw,65,0.020879507064819336,normal,0.52342033,0.47657967,0.52342033
1778740015.4939115,PPI / Raw,49,0.046564579010009766,normal,0.51561993,0.4843801,0.51561993
1778740015.4946318,PPI / Raw,54,0.0007202625274658203,normal,0.52342033,0.47657967,0.52342033
1778740015.5535533,PPI / Raw,69,0.05892157554626465,normal,0.52342033,0.47657967,0.52342033
1778740015.558382,PPI / Raw,56,0.004828691482543945,normal,0.52342033,0.47657967,0.52342033
1778740015.561407,PPI / Raw,49,0.003025054931640625,normal,0.51561993,0.4843801,0.51561993
1778740015.5698524,PPI / Raw,47,0.008445262908935547,normal,0.51561993,0.4843801,0.51561993
1778740015.6137137,PPI / Raw,85,0.04386138916015625,normal,0.52342033,0.47657967,0.52342033
1778740015.6255786,PPI / Raw,49,0.011864900588989258,normal,0.51561993,0.4843801,0.51561993
1778740015.6687834,PPI / Raw,68,0.04320478439331055,normal,0.52342033,0.47657967,0.52342033
1778740015.6771364,PPI / Raw,54,0.008352994918823242,normal,0.52342033,0.47657967,0.52342033
1778740015.6830091,PPI / Raw,57,0.0058727264404296875,normal,0.52342033,0.47657967,0.52342033
1778740015.6888711,PPI / Raw,69,0.005861997604370117,normal,0.52342033,0.47657967,0.52342033
1778740015.6971323,PPI / Raw,49,0.00826120376586914,normal,0.51561993,0.4843801,0.51561993
1778740015.7483463,PPI / Raw,50,0.051213979721069336,normal,0.52342033,0.47657967,0.52342033
1778740015.7683842,PPI / Raw,49,0.02003788948059082,normal,0.51561993,0.4843801,0.51561993
1778740015.7687852,PPI / Raw,68,0.0004010200500488281,normal,0.52342033,0.47657967,0.52342033
1778740015.7753417,PPI / Raw,47,0.006556510925292969,normal,0.51561993,0.4843801,0.51561993
1778740015.8296344,PPI / Raw,56,0.05429267883300781,normal,0.52342033,0.47657967,0.52342033
1778740015.839308,PPI / Raw,49,0.009673595428466797,normal,0.51561993,0.4843801,0.51561993
1778740015.848549,PPI / Raw,57,0.009240865707397461,normal,0.52342033,0.47657967,0.52342033
1778740015.8646376,PPI / Raw,54,0.01608872413635254,normal,0.52342033,0.47657967,0.52342033
1778740015.884268,PPI / Raw,61,0.01963043212890625,normal,0.52342033,0.47657967,0.52342033
1778740015.9091144,PPI / Raw,49,0.024846315383911133,normal,0.51561993,0.4843801,0.51561993
1778740015.9732308,PPI / Raw,49,0.0641164779663086,normal,0.51561993,0.4843801,0.51561993
1778740016.0339198,PPI / Raw,47,0.06068897247314453,normal,0.51561993,0.4843801,0.51561993
1778740016.036005,PPI / Raw,49,0.0020852088928222656,normal,0.51561993,0.4843801,0.51561993
1778740016.0500515,PPI / Raw,69,0.014046430587768555,normal,0.52342033,0.47657967,0.52342033
1778740016.0558894,PPI / Raw,54,0.005837917327880859,normal,0.52342033,0.47657967,0.52342033
1778740016.0890014,PPI / Raw,50,0.0331120491027832,normal,0.52342033,0.47657967,0.52342033
1778740016.0995176,PPI / Raw,49,0.010516166687011719,normal,0.51561993,0.4843801,0.51561993
1778740016.1096368,PPI / Raw,56,0.010119199752807617,normal,0.52342033,0.47657967,0.52342033
1778740016.164756,PPI / Raw,49,0.05511927604675293,normal,0.51561993,0.4843801,0.51561993
1778740016.1692698,PPI / Raw,61,0.004513740539550781,normal,0.52342033,0.47657967,0.52342033
1778740016.2092702,PPI / Raw,42,0.04000043869018555,normal,0.5078119,0.49218813,0.5078119
1778740016.2358925,PPI / Raw,49,0.026622295379638672,normal,0.51561993,0.4843801,0.51561993
1778740016.2458875,PPI / Raw,54,0.009994983673095703,normal,0.52342033,0.47657967,0.52342033
1778740016.3021328,PPI / Raw,49,0.05624532699584961,normal,0.51561993,0.4843801,0.51561993
1778740016.3671646,PPI / Raw,49,0.06503176689147949,normal,0.51561993,0.4843801,0.51561993
1778740016.384639,PPI / Raw,56,0.01747441291809082,normal,0.52342033,0.47657967,0.52342033
1778740016.4013715,PPI / Raw,57,0.016732454299926758,normal,0.52342033,0.47657967,0.52342033
1778740016.4321392,PPI / Raw,54,0.03076767921447754,normal,0.52342033,0.47657967,0.52342033
1778740016.4376,PPI / Raw,49,0.0054607391357421875,normal,0.51561993,0.4843801,0.51561993
1778740016.5795827,PPI / Raw,49,0.1419827938079834,normal,0.51561993,0.4843801,0.51561993
1778740016.5917451,PPI / Raw,47,0.012162446975708008,normal,0.51561993,0.4843801,0.51561993
1778740016.6158938,PPI / Raw,54,0.02414870262145996,normal,0.52342033,0.47657967,0.52342033
1778740016.64614,PPI / Raw,49,0.030246257781982422,normal,0.51561993,0.4843801,0.51561993
1778740016.659553,PPI / Raw,69,0.013412952423095703,normal,0.52342033,0.47657967,0.52342033
1778740016.6802857,PPI / Raw,57,0.020732641220092773,normal,0.52342033,0.47657967,0.52342033
1778740016.7149875,PPI / Raw,49,0.03470182418823242,normal,0.51561993,0.4843801,0.51561993
1778740016.7330236,PPI / Raw,61,0.0180361270904541,normal,0.52342033,0.47657967,0.52342033
1778740016.781405,PPI / Raw,49,0.04838132858276367,normal,0.51561993,0.4843801,0.51561993
1778740016.7964323,PPI / Raw,47,0.015027284622192383,normal,0.51561993,0.4843801,0.51561993
1778740016.7983923,PPI / Raw,54,0.0019600391387939453,normal,0.52342033,0.47657967,0.52342033
1778740016.8507423,PPI / Raw,49,0.05235004425048828,normal,0.51561993,0.4843801,0.51561993
1778740016.918136,PPI / Raw,49,0.06739354133605957,normal,0.51561993,0.4843801,0.51561993
1778740016.930896,PPI / Raw,56,0.012760162353515625,normal,0.52342033,0.47657967,0.52342033
1778740016.9541013,PPI / Raw,57,0.023205280303955078,normal,0.52342033,0.47657967,0.52342033
1778740016.9796438,PPI / Raw,54,0.025542497634887695,normal,0.52342033,0.47657967,0.52342033
1778740017.0480647,PPI / Raw,49,0.0684208869934082,normal,0.51561993,0.4843801,0.51561993
1778740017.1199994,PPI / Raw,49,0.07193470001220703,normal,0.51561993,0.4843801,0.51561993
1778740017.1269276,PPI / Raw,68,0.006928205490112305,normal,0.52342033,0.47657967,0.52342033
1778740017.1658955,PPI / Raw,54,0.03896784782409668,normal,0.52342033,0.47657967,0.52342033
1778740017.1916354,PPI / Raw,49,0.02573990821838379,normal,0.51561993,0.4843801,0.51561993
1778740017.2058985,PPI / Raw,56,0.014263153076171875,normal,0.52342033,0.47657967,0.52342033
1778740017.2259192,PPI / Raw,57,0.020020723342895508,normal,0.52342033,0.47657967,0.52342033
1778740017.261467,PPI / Raw,49,0.035547733306884766,normal,0.51561993,0.4843801,0.51561993
1778740017.3282814,PPI / Raw,49,0.06681442260742188,normal,0.51561993,0.4843801,0.51561993
1778740017.3325555,PPI / Raw,68,0.004274129867553711,normal,0.52342033,0.47657967,0.52342033
1778740017.3483965,PPI / Raw,54,0.015841007232666016,normal,0.52342033,0.47657967,0.52342033
1778740017.3961158,PPI / Raw,49,0.04771924018859863,normal,0.51561993,0.4843801,0.51561993
1778740017.4608734,PPI / Raw,49,0.0647575855255127,normal,0.51561993,0.4843801,0.51561993
1778740017.4821506,PPI / Raw,56,0.021277189254760742,normal,0.52342033,0.47657967,0.52342033
1778740017.50513,PPI / Raw,57,0.0229794979095459,normal,0.52342033,0.47657967,0.52342033
1778740017.5301294,PPI / Raw,49,0.024999380111694336,normal,0.51561993,0.4843801,0.51561993
1778740017.5371482,PPI / Raw,54,0.0070188045501708984,normal,0.52342033,0.47657967,0.52342033
1778740017.5767539,PPI / Raw,61,0.03960561752319336,normal,0.52342033,0.47657967,0.52342033
1778740017.5930102,PPI / Raw,49,0.016256332397460938,normal,0.51561993,0.4843801,0.51561993
1778740017.6444347,PPI / Raw,68,0.051424503326416016,normal,0.52342033,0.47657967,0.52342033
1778740017.6551356,PPI / Raw,49,0.01070094108581543,normal,0.51561993,0.4843801,0.51561993
1778740017.7183995,PPI / Raw,54,0.0632638931274414,normal,0.52342033,0.47657967,0.52342033
1778740017.7193491,PPI / Raw,49,0.0009496212005615234,normal,0.51561993,0.4843801,0.51561993
1778740017.7228894,PPI / Raw,68,0.0035402774810791016,normal,0.52342033,0.47657967,0.52342033
1778740017.7584026,PPI / Raw,56,0.03551316261291504,normal,0.52342033,0.47657967,0.52342033
1778740017.7755249,PPI / Raw,47,0.017122268676757812,normal,0.51561993,0.4843801,0.51561993
1778740017.7839456,PPI / Raw,57,0.008420705795288086,normal,0.52342033,0.47657967,0.52342033
1778740017.7878044,PPI / Raw,49,0.003858804702758789,normal,0.51561993,0.4843801,0.51561993
1778740017.902151,PPI / Raw,54,0.11434674263000488,normal,0.52342033,0.47657967,0.52342033
1778740017.9232671,PPI / Raw,49,0.021116018295288086,normal,0.51561993,0.4843801,0.51561993
1778740017.9874299,PPI / Raw,49,0.0641627311706543,normal,0.51561993,0.4843801,0.51561993
1778740018.030905,PPI / Raw,56,0.04347515106201172,normal,0.52342033,0.47657967,0.52342033
1778740018.0580583,PPI / Raw,49,0.02715325355529785,normal,0.51561993,0.4843801,0.51561993
1778740018.0630884,PPI / Raw,57,0.005030155181884766,normal,0.52342033,0.47657967,0.52342033
1778740018.0896556,PPI / Raw,54,0.02656722068786621,normal,0.52342033,0.47657967,0.52342033
1778740018.1256685,PPI / Raw,49,0.036012887954711914,normal,0.51561993,0.4843801,0.51561993
1778740018.197056,PPI / Raw,49,0.07138752937316895,normal,0.51561993,0.4843801,0.51561993
1778740018.2002783,PPI / Raw,70,0.003222227096557617,normal,0.52342033,0.47657967,0.52342033
1778740018.2375855,PPI / Raw,70,0.0373072624206543,normal,0.52342033,0.47657967,0.52342033
1778740018.2640064,PPI / Raw,49,0.02642083168029785,normal,0.51561993,0.4843801,0.51561993
1778740018.2771537,PPI / Raw,54,0.013147354125976562,normal,0.52342033,0.47657967,0.52342033
1778740018.3059072,PPI / Raw,56,0.02875351905822754,normal,0.52342033,0.47657967,0.52342033
1778740018.3066468,PPI / Raw,39,0.0007395744323730469,normal,0.5448014,0.45519862,0.5448014
1778740018.321806,PPI / Raw,70,0.015159130096435547,normal,0.52342033,0.47657967,0.52342033
1778740018.3344069,PPI / Raw,57,0.012600898742675781,normal,0.52342033,0.47657967,0.52342033
1778740018.3912506,PPI / Raw,86,0.05684375762939453,normal,0.52342033,0.47657967,0.52342033
1778740018.3964944,PPI / Raw,49,0.005243778228759766,normal,0.51561993,0.4843801,0.51561993
1778740018.4609084,PPI / Raw,54,0.06441402435302734,normal,0.52342033,0.47657967,0.52342033
1778740018.4686577,PPI / Raw,49,0.007749319076538086,normal,0.51561993,0.4843801,0.51561993
1778740018.5376952,PPI / Raw,49,0.06903743743896484,normal,0.51561993,0.4843801,0.51561993
1778740018.5743597,PPI / Raw,70,0.036664485931396484,normal,0.52342033,0.47657967,0.52342033
1778740018.5859063,PPI / Raw,56,0.011546611785888672,normal,0.52342033,0.47657967,0.52342033
1778740018.6058316,PPI / Raw,57,0.019925355911254883,normal,0.52342033,0.47657967,0.52342033
1778740018.606767,PPI / Raw,70,0.0009353160858154297,normal,0.52342033,0.47657967,0.52342033
1778740018.6077876,PPI / Raw,49,0.001020669937133789,normal,0.51561993,0.4843801,0.51561993
1778740018.6405709,PPI / Raw,70,0.03278326988220215,normal,0.52342033,0.47657967,0.52342033
1778740018.6434097,PPI / Raw,54,0.0028388500213623047,normal,0.52342033,0.47657967,0.52342033
1778740018.6699839,PPI / Raw,49,0.026574134826660156,normal,0.51561993,0.4843801,0.51561993
1778740018.671716,PPI / Raw,70,0.0017321109771728516,normal,0.52342033,0.47657967,0.52342033
1778740018.70802,PPI / Raw,70,0.03630399703979492,normal,0.52342033,0.47657967,0.52342033
1778740018.7407365,PPI / Raw,49,0.03271651268005371,normal,0.51561993,0.4843801,0.51561993
1778740018.742402,PPI / Raw,70,0.0016655921936035156,normal,0.52342033,0.47657967,0.52342033
1778740018.7738447,PPI / Raw,70,0.03144264221191406,normal,0.52342033,0.47657967,0.52342033
1778740018.803751,PPI / Raw,70,0.029906272888183594,normal,0.52342033,0.47657967,0.52342033
1778740018.8050745,PPI / Raw,66,0.0013234615325927734,normal,0.52342033,0.47657967,0.52342033
1778740018.8112748,PPI / Raw,49,0.006200313568115234,normal,0.51561993,0.4843801,0.51561993
1778740018.8296583,PPI / Raw,54,0.018383502960205078,normal,0.52342033,0.47657967,0.52342033
1778740018.8375874,PPI / Raw,70,0.007929086685180664,normal,0.52342033,0.47657967,0.52342033
1778740018.8596616,PPI / Raw,56,0.022074222564697266,normal,0.52342033,0.47657967,0.52342033
1778740018.8771462,PPI / Raw,57,0.017484664916992188,normal,0.52342033,0.47657967,0.52342033
1778740018.894778,PPI / Raw,68,0.01763176918029785,normal,0.52342033,0.47657967,0.52342033
1778740018.9025888,PPI / Raw,70,0.007810831069946289,normal,0.52342033,0.47657967,0.52342033
1778740018.9362462,PPI / Raw,70,0.03365731239318848,normal,0.52342033,0.47657967,0.52342033
1778740018.9636571,PPI / Raw,66,0.02741098403930664,normal,0.52342033,0.47657967,0.52342033
1778740018.971574,PPI / Raw,47,0.007916927337646484,normal,0.51561993,0.4843801,0.51561993
1778740018.9948142,PPI / Raw,70,0.023240089416503906,normal,0.52342033,0.47657967,0.52342033
1778740019.01795,PPI / Raw,49,0.023135900497436523,normal,0.51561993,0.4843801,0.51561993
1778740019.0209126,PPI / Raw,54,0.0029625892639160156,normal,0.52342033,0.47657967,0.52342033
1778740019.029724,PPI / Raw,78,0.008811235427856445,normal,0.52342033,0.47657967,0.52342033
1778740019.0392509,PPI / Raw,43,0.009526968002319336,normal,0.5078119,0.49218813,0.5078119
1778740019.0847485,PPI / Raw,49,0.04549765586853027,normal,0.51561993,0.4843801,0.51561993
1778740019.1059265,PPI / Raw,70,0.021178007125854492,normal,0.52342033,0.47657967,0.52342033
1778740019.1321604,PPI / Raw,56,0.026233911514282227,normal,0.52342033,0.47657967,0.52342033
1778740019.1501083,PPI / Raw,49,0.017947912216186523,normal,0.51561993,0.4843801,0.51561993
1778740019.1534612,PPI / Raw,57,0.0033528804779052734,normal,0.52342033,0.47657967,0.52342033
1778740019.2121642,PPI / Raw,54,0.058702945709228516,normal,0.52342033,0.47657967,0.52342033
1778740019.2180254,PPI / Raw,49,0.0058612823486328125,normal,0.51561993,0.4843801,0.51561993
1778740019.2283328,PPI / Raw,39,0.01030731201171875,normal,0.5448014,0.45519862,0.5448014
1778740019.2580032,PPI / Raw,62,0.02967047691345215,normal,0.52342033,0.47657967,0.52342033
1778740019.2620103,PPI / Raw,39,0.004007101058959961,normal,0.5448014,0.45519862,0.5448014
1778740019.285635,PPI / Raw,49,0.023624658584594727,normal,0.51561993,0.4843801,0.51561993
1778740019.3259773,PPI / Raw,70,0.04034233093261719,normal,0.52342033,0.47657967,0.52342033
1778740019.3268306,PPI / Raw,39,0.0008533000946044922,normal,0.5448014,0.45519862,0.5448014
1778740019.3501623,PPI / Raw,49,0.023331642150878906,normal,0.51561993,0.4843801,0.51561993
1778740019.3892539,PPI / Raw,42,0.03909158706665039,normal,0.5078119,0.49218813,0.5078119
1778740019.3934124,PPI / Raw,54,0.004158496856689453,normal,0.52342033,0.47657967,0.52342033
1778740019.4055638,PPI / Raw,70,0.012151479721069336,normal,0.52342033,0.47657967,0.52342033
1778740019.407163,PPI / Raw,56,0.0015990734100341797,normal,0.52342033,0.47657967,0.52342033
1778740019.416463,PPI / Raw,49,0.009299993515014648,normal,0.51561993,0.4843801,0.51561993
1778740019.4302394,PPI / Raw,57,0.013776540756225586,normal,0.52342033,0.47657967,0.52342033
1778740019.4406142,PPI / Raw,70,0.010374784469604492,normal,0.52342033,0.47657967,0.52342033
1778740019.4717698,PPI / Raw,70,0.03115558624267578,normal,0.52342033,0.47657967,0.52342033
1778740019.4801345,PPI / Raw,49,0.008364677429199219,normal,0.51561993,0.4843801,0.51561993
1778740019.549999,PPI / Raw,49,0.06986451148986816,normal,0.51561993,0.4843801,0.51561993
1778740019.578417,PPI / Raw,54,0.02841806411743164,normal,0.52342033,0.47657967,0.52342033
1778740019.5793135,PPI / Raw,70,0.000896453857421875,normal,0.52342033,0.47657967,0.52342033
1778740019.6518176,PPI / Raw,70,0.07250404357910156,normal,0.52342033,0.47657967,0.52342033
1778740019.6852686,PPI / Raw,49,0.033451080322265625,normal,0.51561993,0.4843801,0.51561993
1778740019.6859148,PPI / Raw,56,0.0006461143493652344,normal,0.52342033,0.47657967,0.52342033
1778740019.690477,PPI / Raw,70,0.0045621395111083984,normal,0.52342033,0.47657967,0.52342033
1778740019.7028034,PPI / Raw,57,0.012326478958129883,normal,0.52342033,0.47657967,0.52342033
1778740019.7417579,PPI / Raw,42,0.03895449638366699,normal,0.5078119,0.49218813,0.5078119
1778740019.7492852,PPI / Raw,49,0.007527351379394531,normal,0.51561993,0.4843801,0.51561993
1778740019.7596655,PPI / Raw,54,0.010380268096923828,normal,0.52342033,0.47657967,0.52342033
1778740019.805574,PPI / Raw,70,0.045908451080322266,normal,0.52342033,0.47657967,0.52342033
1778740019.8148448,PPI / Raw,49,0.009270906448364258,normal,0.51561993,0.4843801,0.51561993
1778740019.835481,PPI / Raw,70,0.02063608169555664,normal,0.52342033,0.47657967,0.52342033
1778740019.8482137,PPI / Raw,68,0.012732744216918945,normal,0.52342033,0.47657967,0.52342033
1778740019.856024,PPI / Raw,74,0.007810354232788086,normal,0.52342033,0.47657967,0.52342033
1778740019.87039,PPI / Raw,70,0.014365911483764648,normal,0.52342033,0.47657967,0.52342033
1778740019.8806798,PPI / Raw,49,0.010289907455444336,normal,0.51561993,0.4843801,0.51561993
1778740019.900469,PPI / Raw,70,0.01978921890258789,normal,0.52342033,0.47657967,0.52342033
1778740019.9369106,PPI / Raw,70,0.03644156455993652,normal,0.52342033,0.47657967,0.52342033
1778740019.94467,PPI / Raw,54,0.0077593326568603516,normal,0.52342033,0.47657967,0.52342033
1778740019.9494786,PPI / Raw,49,0.004808664321899414,normal,0.51561993,0.4843801,0.51561993
1778740019.956965,PPI / Raw,68,0.0074863433837890625,normal,0.52342033,0.47657967,0.52342033
1778740019.96217,PPI / Raw,56,0.005204916000366211,normal,0.52342033,0.47657967,0.52342033
1778740019.9778292,PPI / Raw,57,0.015659332275390625,normal,0.52342033,0.47657967,0.52342033
1778740020.0106027,PPI / Raw,70,0.032773494720458984,normal,0.52342033,0.47657967,0.52342033
1778740020.0137491,PPI / Raw,49,0.0031464099884033203,normal,0.51561993,0.4843801,0.51561993
1778740020.0406551,PPI / Raw,70,0.02690601348876953,normal,0.52342033,0.47657967,0.52342033
1778740020.0460427,PPI / Raw,76,0.005387544631958008,normal,0.52342033,0.47657967,0.52342033
1778740020.070561,PPI / Raw,70,0.024518251419067383,normal,0.52342033,0.47657967,0.52342033
1778740020.110468,PPI / Raw,70,0.039906978607177734,normal,0.52342033,0.47657967,0.52342033
1778740020.1321683,PPI / Raw,54,0.021700382232666016,normal,0.52342033,0.47657967,0.52342033
1778740020.138922,PPI / Raw,49,0.006753683090209961,normal,0.51561993,0.4843801,0.51561993
1778740020.1469507,PPI / Raw,70,0.008028745651245117,normal,0.52342033,0.47657967,0.52342033
1778740020.184357,PPI / Raw,70,0.037406206130981445,normal,0.52342033,0.47657967,0.52342033
1778740020.2086532,PPI / Raw,49,0.024296283721923828,normal,0.51561993,0.4843801,0.51561993
1778740020.233422,PPI / Raw,56,0.024768829345703125,normal,0.52342033,0.47657967,0.52342033
1778740020.2503912,PPI / Raw,57,0.01696920394897461,normal,0.52342033,0.47657967,0.52342033
1778740020.263669,PPI / Raw,70,0.013277769088745117,normal,0.52342033,0.47657967,0.52342033
1778740020.2694693,PPI / Raw,68,0.0058002471923828125,normal,0.52342033,0.47657967,0.52342033
1778740020.2776465,PPI / Raw,49,0.00817728042602539,normal,0.51561993,0.4843801,0.51561993
1778740020.293584,PPI / Raw,70,0.01593756675720215,normal,0.52342033,0.47657967,0.52342033
1778740020.3196697,PPI / Raw,54,0.026085615158081055,normal,0.52342033,0.47657967,0.52342033
1778740020.333639,PPI / Raw,70,0.013969182968139648,normal,0.52342033,0.47657967,0.52342033
1778740020.34708,PPI / Raw,49,0.013441085815429688,normal,0.51561993,0.4843801,0.51561993
1778740020.3722942,PPI / Raw,70,0.025214195251464844,normal,0.52342033,0.47657967,0.52342033
1778740020.409728,PPI / Raw,70,0.03743386268615723,normal,0.52342033,0.47657967,0.52342033
1778740020.4174635,PPI / Raw,49,0.007735490798950195,normal,0.51561993,0.4843801,0.51561993
1778740020.4435372,PPI / Raw,70,0.026073694229125977,normal,0.52342033,0.47657967,0.52342033
1778740020.476917,PPI / Raw,70,0.03337979316711426,normal,0.52342033,0.47657967,0.52342033
1778740020.483245,PPI / Raw,49,0.00632786750793457,normal,0.51561993,0.4843801,0.51561993
1778740020.5059242,PPI / Raw,54,0.02267932891845703,normal,0.52342033,0.47657967,0.52342033
1778740020.5121746,PPI / Raw,56,0.0062503814697265625,normal,0.52342033,0.47657967,0.52342033
1778740020.5209816,PPI / Raw,57,0.008806943893432617,normal,0.52342033,0.47657967,0.52342033
1778740020.5454855,PPI / Raw,49,0.02450394630432129,normal,0.51561993,0.4843801,0.51561993
1778740020.5935218,PPI / Raw,47,0.04803633689880371,normal,0.51561993,0.4843801,0.51561993
1778740020.610499,PPI / Raw,49,0.01697707176208496,normal,0.51561993,0.4843801,0.51561993
1778740020.6130738,PPI / Raw,70,0.002574920654296875,normal,0.52342033,0.47657967,0.52342033
1778740020.6479795,PPI / Raw,70,0.03490567207336426,normal,0.52342033,0.47657967,0.52342033
1778740020.681837,PPI / Raw,49,0.03385758399963379,normal,0.51561993,0.4843801,0.51561993
1778740020.6934226,PPI / Raw,54,0.011585474014282227,normal,0.52342033,0.47657967,0.52342033
1778740020.7190356,PPI / Raw,70,0.025613069534301758,normal,0.52342033,0.47657967,0.52342033
1778740020.7499056,PPI / Raw,49,0.03086996078491211,normal,0.51561993,0.4843801,0.51561993
1778740020.7553473,PPI / Raw,70,0.0054416656494140625,normal,0.52342033,0.47657967,0.52342033
1778740020.7921765,PPI / Raw,56,0.036829233169555664,normal,0.52342033,0.47657967,0.52342033
1778740020.8013656,PPI / Raw,57,0.009189128875732422,normal,0.52342033,0.47657967,0.52342033
1778740020.808009,PPI / Raw,58,0.0066432952880859375,normal,0.52342033,0.47657967,0.52342033
1778740020.820343,PPI / Raw,49,0.012334108352661133,normal,0.51561993,0.4843801,0.51561993
1778740020.8821743,PPI / Raw,54,0.06183123588562012,normal,0.52342033,0.47657967,0.52342033
1778740020.8890646,PPI / Raw,49,0.006890296936035156,normal,0.51561993,0.4843801,0.51561993
1778740020.9081163,PPI / Raw,70,0.019051790237426758,normal,0.52342033,0.47657967,0.52342033
1778740020.959435,PPI / Raw,49,0.05131864547729492,normal,0.51561993,0.4843801,0.51561993
1778740020.9969788,PPI / Raw,68,0.03754377365112305,normal,0.52342033,0.47657967,0.52342033
1778740021.0238094,PPI / Raw,49,0.026830673217773438,normal,0.51561993,0.4843801,0.51561993
1778740021.0721757,PPI / Raw,54,0.04836630821228027,normal,0.52342033,0.47657967,0.52342033
1778740021.0734286,PPI / Raw,56,0.001252889633178711,normal,0.52342033,0.47657967,0.52342033
1778740021.0764306,PPI / Raw,57,0.0030019283294677734,normal,0.52342033,0.47657967,0.52342033
1778740021.086993,PPI / Raw,49,0.010562419891357422,normal,0.51561993,0.4843801,0.51561993
1778740021.153642,PPI / Raw,49,0.06664896011352539,normal,0.51561993,0.4843801,0.51561993
1778740021.1655142,PPI / Raw,74,0.011872291564941406,normal,0.52342033,0.47657967,0.52342033
1778740021.2162378,PPI / Raw,49,0.05072355270385742,normal,0.51561993,0.4843801,0.51561993
1778740021.2596772,PPI / Raw,54,0.043439388275146484,normal,0.52342033,0.47657967,0.52342033
1778740021.286845,PPI / Raw,49,0.027167797088623047,normal,0.51561993,0.4843801,0.51561993
1778740021.3495007,PPI / Raw,57,0.06265568733215332,normal,0.52342033,0.47657967,0.52342033
1778740021.3509278,PPI / Raw,56,0.0014271736145019531,normal,0.52342033,0.47657967,0.52342033
1778740021.3569427,PPI / Raw,49,0.006014823913574219,normal,0.51561993,0.4843801,0.51561993
1778740021.3975224,PPI / Raw,50,0.040579795837402344,normal,0.52342033,0.47657967,0.52342033
1778740021.428995,PPI / Raw,49,0.03147244453430176,normal,0.51561993,0.4843801,0.51561993
1778740021.4421787,PPI / Raw,54,0.013183832168579102,normal,0.52342033,0.47657967,0.52342033
1778740021.4564757,PPI / Raw,53,0.014297008514404297,normal,0.52342033,0.47657967,0.52342033
1778740021.4973109,PPI / Raw,76,0.04083514213562012,normal,0.52342033,0.47657967,0.52342033
1778740021.500843,PPI / Raw,49,0.0035321712493896484,normal,0.51561993,0.4843801,0.51561993
1778740021.5229695,PPI / Raw,70,0.022126436233520508,normal,0.52342033,0.47657967,0.52342033
1778740021.5633528,PPI / Raw,49,0.040383338928222656,normal,0.51561993,0.4843801,0.51561993
1778740021.5902293,PPI / Raw,47,0.026876449584960938,normal,0.51561993,0.4843801,0.51561993
1778740021.6204374,PPI / Raw,70,0.030208110809326172,normal,0.52342033,0.47657967,0.52342033
1778740021.62218,PPI / Raw,56,0.0017426013946533203,normal,0.52342033,0.47657967,0.52342033
1778740021.6246831,PPI / Raw,54,0.0025031566619873047,normal,0.52342033,0.47657967,0.52342033
1778740021.6308165,PPI / Raw,57,0.006133317947387695,normal,0.52342033,0.47657967,0.52342033
1778740021.6604946,PPI / Raw,70,0.0296781063079834,normal,0.52342033,0.47657967,0.52342033
1778740021.6884518,PPI / Raw,49,0.02795720100402832,normal,0.51561993,0.4843801,0.51561993
1778740021.720434,PPI / Raw,70,0.0319821834564209,normal,0.52342033,0.47657967,0.52342033
1778740021.7568972,PPI / Raw,49,0.036463260650634766,normal,0.51561993,0.4843801,0.51561993
1778740021.8084314,PPI / Raw,54,0.051534175872802734,normal,0.52342033,0.47657967,0.52342033
1778740021.8344846,PPI / Raw,70,0.026053190231323242,normal,0.52342033,0.47657967,0.52342033
1778740021.8643913,PPI / Raw,70,0.029906749725341797,normal,0.52342033,0.47657967,0.52342033
1778740021.893155,PPI / Raw,49,0.028763771057128906,normal,0.51561993,0.4843801,0.51561993
1778740021.898435,PPI / Raw,56,0.005280017852783203,normal,0.52342033,0.47657967,0.52342033
1778740021.9019356,PPI / Raw,70,0.0035004615783691406,normal,0.52342033,0.47657967,0.52342033
1778740021.9069924,PPI / Raw,57,0.005056858062744141,normal,0.52342033,0.47657967,0.52342033
1778740021.9407418,PPI / Raw,70,0.03374934196472168,normal,0.52342033,0.47657967,0.52342033
1778740021.9614906,PPI / Raw,49,0.02074885368347168,normal,0.51561993,0.4843801,0.51561993
1778740021.9996858,PPI / Raw,54,0.038195133209228516,normal,0.52342033,0.47657967,0.52342033
1778740022.029665,PPI / Raw,49,0.029979228973388672,normal,0.51561993,0.4843801,0.51561993
1778740022.038242,PPI / Raw,67,0.008577108383178711,normal,0.52342033,0.47657967,0.52342033
1778740022.0432591,PPI / Raw,70,0.00501704216003418,normal,0.52342033,0.47657967,0.52342033
1778740022.1699457,PPI / Raw,49,0.12668657302856445,normal,0.51561993,0.4843801,0.51561993
1778740022.1734345,PPI / Raw,56,0.003488779067993164,normal,0.52342033,0.47657967,0.52342033
1778740022.1807652,PPI / Raw,57,0.007330656051635742,normal,0.52342033,0.47657967,0.52342033
1778740022.2076304,PPI / Raw,45,0.026865243911743164,normal,0.51561993,0.4843801,0.51561993
1778740022.2432451,PPI / Raw,68,0.035614728927612305,normal,0.52342033,0.47657967,0.52342033
1778740022.2880058,PPI / Raw,70,0.044760704040527344,normal,0.52342033,0.47657967,0.52342033
1778740022.3046448,PPI / Raw,49,0.016638994216918945,normal,0.51561993,0.4843801,0.51561993
1778740022.3671856,PPI / Raw,54,0.06254076957702637,normal,0.52342033,0.47657967,0.52342033
1778740022.373826,PPI / Raw,49,0.006640434265136719,normal,0.51561993,0.4843801,0.51561993
1778740022.422996,PPI / Raw,70,0.04917001724243164,normal,0.52342033,0.47657967,0.52342033
1778740022.4414895,PPI / Raw,49,0.0184934139251709,normal,0.51561993,0.4843801,0.51561993
1778740022.4509363,PPI / Raw,56,0.009446859359741211,normal,0.52342033,0.47657967,0.52342033
1778740022.4516776,PPI / Raw,39,0.0007412433624267578,normal,0.5448014,0.45519862,0.5448014
1778740022.4569743,PPI / Raw,70,0.0052967071533203125,normal,0.52342033,0.47657967,0.52342033
1778740022.4575005,PPI / Raw,45,0.0005261898040771484,normal,0.51561993,0.4843801,0.51561993
1778740022.4578273,PPI / Raw,39,0.0003268718719482422,normal,0.5448014,0.45519862,0.5448014
1778740022.4595807,PPI / Raw,57,0.0017533302307128906,normal,0.52342033,0.47657967,0.52342033
1778740022.46033,PPI / Raw,39,0.0007493495941162109,normal,0.5448014,0.45519862,0.5448014
1778740022.4895315,PPI / Raw,70,0.029201507568359375,normal,0.52342033,0.47657967,0.52342033
1778740022.4903843,PPI / Raw,39,0.0008528232574462891,normal,0.5448014,0.45519862,0.5448014
1778740022.5049458,PPI / Raw,49,0.01456141471862793,normal,0.51561993,0.4843801,0.51561993
1778740022.5231879,PPI / Raw,70,0.01824212074279785,normal,0.52342033,0.47657967,0.52342033
1778740022.5496902,PPI / Raw,54,0.026502370834350586,normal,0.52342033,0.47657967,0.52342033
1778740022.5590959,PPI / Raw,39,0.00940561294555664,normal,0.5448014,0.45519862,0.5448014
1778740022.560383,PPI / Raw,53,0.001287221908569336,normal,0.52342033,0.47657967,0.52342033
1778740022.5936086,PPI / Raw,47,0.03322553634643555,normal,0.51561993,0.4843801,0.51561993
1778740022.598299,PPI / Raw,70,0.004690408706665039,normal,0.52342033,0.47657967,0.52342033
1778740022.630704,PPI / Raw,70,0.03240489959716797,normal,0.52342033,0.47657967,0.52342033
1778740022.641368,PPI / Raw,49,0.010663986206054688,normal,0.51561993,0.4843801,0.51561993
1778740022.706453,PPI / Raw,49,0.06508517265319824,normal,0.51561993,0.4843801,0.51561993
1778740022.7271888,PPI / Raw,56,0.020735740661621094,normal,0.52342033,0.47657967,0.52342033
1778740022.7309418,PPI / Raw,54,0.0037529468536376953,normal,0.52342033,0.47657967,0.52342033
1778740022.7319884,PPI / Raw,57,0.0010466575622558594,normal,0.52342033,0.47657967,0.52342033
1778740022.7329729,PPI / Raw,70,0.0009844303131103516,normal,0.52342033,0.47657967,0.52342033
1778740022.7678823,PPI / Raw,70,0.03490948677062988,normal,0.52342033,0.47657967,0.52342033
1778740022.7770455,PPI / Raw,49,0.009163141250610352,normal,0.51561993,0.4843801,0.51561993
1778740022.8065474,PPI / Raw,70,0.029501914978027344,normal,0.52342033,0.47657967,0.52342033
1778740022.8317115,PPI / Raw,57,0.025164127349853516,normal,0.52342033,0.47657967,0.52342033
1778740022.84532,PPI / Raw,49,0.013608455657958984,normal,0.51561993,0.4843801,0.51561993
1778740022.9107237,PPI / Raw,49,0.06540369987487793,normal,0.51561993,0.4843801,0.51561993
1778740022.9121933,PPI / Raw,54,0.0014696121215820312,normal,0.52342033,0.47657967,0.52342033
1778740022.976908,PPI / Raw,49,0.06471467018127441,normal,0.51561993,0.4843801,0.51561993
1778740023.0033069,PPI / Raw,57,0.026398897171020508,normal,0.52342033,0.47657967,0.52342033
1778740023.004691,PPI / Raw,56,0.0013840198516845703,normal,0.52342033,0.47657967,0.52342033
1778740023.0368888,PPI / Raw,70,0.03219795227050781,normal,0.52342033,0.47657967,0.52342033
1778740023.0404372,PPI / Raw,49,0.0035483837127685547,normal,0.51561993,0.4843801,0.51561993
1778740023.0946949,PPI / Raw,54,0.05425763130187988,normal,0.52342033,0.47657967,0.52342033
1778740023.1085267,PPI / Raw,49,0.013831853866577148,normal,0.51561993,0.4843801,0.51561993
1778740023.1533093,PPI / Raw,70,0.04478263854980469,normal,0.52342033,0.47657967,0.52342033
1778740023.1800692,PPI / Raw,49,0.026759862899780273,normal,0.51561993,0.4843801,0.51561993
1778740023.193218,PPI / Raw,70,0.013148784637451172,normal,0.52342033,0.47657967,0.52342033
1778740023.2257738,PPI / Raw,70,0.03255581855773926,normal,0.52342033,0.47657967,0.52342033
1778740023.244381,PPI / Raw,49,0.018607139587402344,normal,0.51561993,0.4843801,0.51561993
1778740023.2669413,PPI / Raw,70,0.02256035804748535,normal,0.52342033,0.47657967,0.52342033
1778740023.275943,PPI / Raw,56,0.009001731872558594,normal,0.52342033,0.47657967,0.52342033
1778740023.2807288,PPI / Raw,57,0.004785776138305664,normal,0.52342033,0.47657967,0.52342033
1778740023.3068485,PPI / Raw,70,0.026119709014892578,normal,0.52342033,0.47657967,0.52342033
1778740023.344938,PPI / Raw,70,0.03808951377868652,normal,0.52342033,0.47657967,0.52342033
1778740023.3818645,PPI / Raw,57,0.0369265079498291,normal,0.52342033,0.47657967,0.52342033
1778740023.3824565,PPI / Raw,70,0.0005919933319091797,normal,0.52342033,0.47657967,0.52342033
1778740023.3847117,PPI / Raw,40,0.0022552013397216797,normal,0.51561993,0.4843801,0.51561993
1778740023.4028456,PPI / Raw,70,0.018133878707885742,normal,0.52342033,0.47657967,0.52342033
1778740023.4169397,PPI / Raw,47,0.014094114303588867,normal,0.51561993,0.4843801,0.51561993
1778740023.434005,PPI / Raw,70,0.01706528663635254,normal,0.52342033,0.47657967,0.52342033
1778740023.448377,PPI / Raw,49,0.014371871948242188,normal,0.51561993,0.4843801,0.51561993
1778740023.4665632,PPI / Raw,70,0.018186330795288086,normal,0.52342033,0.47657967,0.52342033
1778740023.477195,PPI / Raw,54,0.010631799697875977,normal,0.52342033,0.47657967,0.52342033
1778740023.5431027,PPI / Raw,70,0.06590771675109863,normal,0.52342033,0.47657967,0.52342033
1778740023.5484483,PPI / Raw,56,0.005345582962036133,normal,0.52342033,0.47657967,0.52342033
1778740023.5581512,PPI / Raw,57,0.009702920913696289,normal,0.52342033,0.47657967,0.52342033
1778740023.5731537,PPI / Raw,70,0.01500248908996582,normal,0.52342033,0.47657967,0.52342033
1778740023.5770319,PPI / Raw,49,0.0038781166076660156,normal,0.51561993,0.4843801,0.51561993
1778740023.6118102,PPI / Raw,70,0.03477835655212402,normal,0.52342033,0.47657967,0.52342033
1778740023.6476274,PPI / Raw,49,0.03581714630126953,normal,0.51561993,0.4843801,0.51561993
1778740023.6634464,PPI / Raw,54,0.015819072723388672,normal,0.52342033,0.47657967,0.52342033
1778740023.7176528,PPI / Raw,49,0.05420637130737305,normal,0.51561993,0.4843801,0.51561993
1778740023.7179632,PPI / Raw,44,0.0003104209899902344,normal,0.5078119,0.49218813,0.5078119
1778740023.719354,PPI / Raw,70,0.001390695571899414,normal,0.52342033,0.47657967,0.52342033
1778740023.7280145,PPI / Raw,61,0.008660554885864258,normal,0.52342033,0.47657967,0.52342033
1778740023.788768,PPI / Raw,49,0.060753583908081055,normal,0.51561993,0.4843801,0.51561993
1778740023.8247006,PPI / Raw,56,0.03593254089355469,normal,0.52342033,0.47657967,0.52342033
1778740023.8332112,PPI / Raw,57,0.008510589599609375,normal,0.52342033,0.47657967,0.52342033
1778740023.8447006,PPI / Raw,54,0.011489391326904297,normal,0.52342033,0.47657967,0.52342033
1778740023.8570244,PPI / Raw,49,0.012323856353759766,normal,0.51561993,0.4843801,0.51561993
1778740023.9269705,PPI / Raw,70,0.0699460506439209,normal,0.52342033,0.47657967,0.52342033
1778740023.9950023,PPI / Raw,49,0.06803178787231445,normal,0.51561993,0.4843801,0.51561993
1778740024.025949,PPI / Raw,54,0.030946731567382812,normal,0.52342033,0.47657967,0.52342033
1778740024.0368347,PPI / Raw,70,0.01088571548461914,normal,0.52342033,0.47657967,0.52342033
1778740024.0545497,PPI / Raw,35,0.017714977264404297,normal,0.53704137,0.4629586,0.53704137
1778740024.0581279,PPI / Raw,49,0.00357818603515625,normal,0.51561993,0.4843801,0.51561993
1778740024.1009526,PPI / Raw,56,0.042824745178222656,normal,0.52342033,0.47657967,0.52342033
1778740024.1093814,PPI / Raw,57,0.008428812026977539,normal,0.52342033,0.47657967,0.52342033
1778740024.1294954,PPI / Raw,49,0.02011394500732422,normal,0.51561993,0.4843801,0.51561993
1778740024.1934967,PPI / Raw,49,0.06400132179260254,normal,0.51561993,0.4843801,0.51561993
1778740024.2084506,PPI / Raw,54,0.014953851699829102,normal,0.52342033,0.47657967,0.52342033
1778740024.2561574,PPI / Raw,49,0.04770684242248535,normal,0.51561993,0.4843801,0.51561993
1778740024.2569695,PPI / Raw,70,0.0008120536804199219,normal,0.52342033,0.47657967,0.52342033
1778740024.373455,PPI / Raw,56,0.116485595703125,normal,0.52342033,0.47657967,0.52342033
1778740024.3839293,PPI / Raw,49,0.010474205017089844,normal,0.51561993,0.4843801,0.51561993
1778740024.399705,PPI / Raw,54,0.015775680541992188,normal,0.52342033,0.47657967,0.52342033
1778740024.4096048,PPI / Raw,47,0.00989985466003418,normal,0.51561993,0.4843801,0.51561993
1778740024.4523575,PPI / Raw,49,0.042752742767333984,normal,0.51561993,0.4843801,0.51561993
1778740024.5228941,PPI / Raw,49,0.07053661346435547,normal,0.51561993,0.4843801,0.51561993
1778740024.5439003,PPI / Raw,65,0.021006107330322266,normal,0.52342033,0.47657967,0.52342033
1778740024.5834537,PPI / Raw,54,0.03955340385437012,normal,0.52342033,0.47657967,0.52342033
1778740024.5939229,PPI / Raw,47,0.010469198226928711,normal,0.51561993,0.4843801,0.51561993
1778740024.64321,PPI / Raw,70,0.04928708076477051,normal,0.52342033,0.47657967,0.52342033
1778740024.653457,PPI / Raw,56,0.010246992111206055,normal,0.52342033,0.47657967,0.52342033
1778740024.6653428,PPI / Raw,49,0.011885881423950195,normal,0.51561993,0.4843801,0.51561993
1778740024.7359593,PPI / Raw,49,0.07061648368835449,normal,0.51561993,0.4843801,0.51561993
1778740024.7747047,PPI / Raw,54,0.03874540328979492,normal,0.52342033,0.47657967,0.52342033
1778740024.8031826,PPI / Raw,49,0.028477907180786133,normal,0.51561993,0.4843801,0.51561993
1778740024.85825,PPI / Raw,70,0.05506730079650879,normal,0.52342033,0.47657967,0.52342033
1778740024.87395,PPI / Raw,49,0.015700101852416992,normal,0.51561993,0.4843801,0.51561993
1778740024.8920522,PPI / Raw,70,0.018102169036865234,normal,0.52342033,0.47657967,0.52342033
1778740024.9284563,PPI / Raw,56,0.03640413284301758,normal,0.52342033,0.47657967,0.52342033
1778740024.9384272,PPI / Raw,57,0.009970903396606445,normal,0.52342033,0.47657967,0.52342033
1778740024.945557,PPI / Raw,49,0.0071299076080322266,normal,0.51561993,0.4843801,0.51561993
1778740024.95191,PPI / Raw,52,0.006352901458740234,normal,0.52342033,0.47657967,0.52342033
1778740024.9572093,PPI / Raw,54,0.00529932975769043,normal,0.52342033,0.47657967,0.52342033
1778740025.0618737,PPI / Raw,70,0.10466432571411133,normal,0.52342033,0.47657967,0.52342033
1778740025.0849593,PPI / Raw,49,0.023085594177246094,normal,0.51561993,0.4843801,0.51561993
1778740025.091781,PPI / Raw,70,0.006821632385253906,normal,0.52342033,0.47657967,0.52342033
1778740025.1287453,PPI / Raw,70,0.03696441650390625,normal,0.52342033,0.47657967,0.52342033
1778740025.1367729,PPI / Raw,61,0.00802755355834961,normal,0.52342033,0.47657967,0.52342033
1778740025.139708,PPI / Raw,54,0.002935171127319336,normal,0.52342033,0.47657967,0.52342033
1778740025.1500366,PPI / Raw,49,0.010328531265258789,normal,0.51561993,0.4843801,0.51561993
1778740025.1661572,PPI / Raw,70,0.01612067222595215,normal,0.52342033,0.47657967,0.52342033
1778740025.1984582,PPI / Raw,56,0.03230094909667969,normal,0.52342033,0.47657967,0.52342033
1778740025.2154977,PPI / Raw,49,0.01703953742980957,normal,0.51561993,0.4843801,0.51561993
1778740025.219743,PPI / Raw,57,0.004245281219482422,normal,0.52342033,0.47657967,0.52342033
1778740025.2844794,PPI / Raw,49,0.06473636627197266,normal,0.51561993,0.4843801,0.51561993
1778740025.307046,PPI / Raw,70,0.022566556930541992,normal,0.52342033,0.47657967,0.52342033
1778740025.3222125,PPI / Raw,54,0.015166521072387695,normal,0.52342033,0.47657967,0.52342033
1778740025.3421023,PPI / Raw,70,0.01988983154296875,normal,0.52342033,0.47657967,0.52342033
1778740025.3501682,PPI / Raw,49,0.008065938949584961,normal,0.51561993,0.4843801,0.51561993
1778740025.370161,PPI / Raw,68,0.019992828369140625,normal,0.52342033,0.47657967,0.52342033
1778740025.3784075,PPI / Raw,70,0.008246421813964844,normal,0.52342033,0.47657967,0.52342033
1778740025.4159253,PPI / Raw,49,0.03751778602600098,normal,0.51561993,0.4843801,0.51561993
1778740025.4441113,PPI / Raw,47,0.02818608283996582,normal,0.51561993,0.4843801,0.51561993
1778740025.4684603,PPI / Raw,56,0.024348974227905273,normal,0.52342033,0.47657967,0.52342033
1778740025.485534,PPI / Raw,49,0.017073631286621094,normal,0.51561993,0.4843801,0.51561993
1778740025.4971678,PPI / Raw,57,0.011633872985839844,normal,0.52342033,0.47657967,0.52342033
1778740025.5034637,PPI / Raw,54,0.006295919418334961,normal,0.52342033,0.47657967,0.52342033
1778740025.5060868,PPI / Raw,74,0.0026230812072753906,normal,0.52342033,0.47657967,0.52342033
1778740025.5436308,PPI / Raw,70,0.03754401206970215,normal,0.52342033,0.47657967,0.52342033
1778740025.5545254,PPI / Raw,49,0.010894536972045898,normal,0.51561993,0.4843801,0.51561993
1778740025.6214995,PPI / Raw,49,0.06697416305541992,normal,0.51561993,0.4843801,0.51561993
1778740025.6549711,PPI / Raw,71,0.03347158432006836,normal,0.52342033,0.47657967,0.52342033
1778740025.6838923,PPI / Raw,49,0.028921127319335938,normal,0.51561993,0.4843801,0.51561993
1778740025.694712,PPI / Raw,54,0.010819673538208008,normal,0.52342033,0.47657967,0.52342033
1778740025.6967564,PPI / Raw,61,0.0020444393157958984,normal,0.52342033,0.47657967,0.52342033
1778740025.7459626,PPI / Raw,56,0.04920625686645508,normal,0.52342033,0.47657967,0.52342033
1778740025.7473779,PPI / Raw,49,0.001415252685546875,normal,0.51561993,0.4843801,0.51561993
1778740025.7783399,PPI / Raw,57,0.030961990356445312,normal,0.52342033,0.47657967,0.52342033
1778740025.7999823,PPI / Raw,47,0.021642446517944336,normal,0.51561993,0.4843801,0.51561993
1778740025.8180223,PPI / Raw,49,0.018039941787719727,normal,0.51561993,0.4843801,0.51561993
1778740025.8784668,PPI / Raw,54,0.06044459342956543,normal,0.52342033,0.47657967,0.52342033
1778740025.8886714,PPI / Raw,49,0.010204553604125977,normal,0.51561993,0.4843801,0.51561993
1778740025.9947562,PPI / Raw,49,0.10608482360839844,normal,0.51561993,0.4843801,0.51561993
1778740025.9970171,PPI / Raw,70,0.002260923385620117,normal,0.52342033,0.47657967,0.52342033
1778740026.0205526,PPI / Raw,49,0.023535490036010742,normal,0.51561993,0.4843801,0.51561993
1778740026.0209646,PPI / Raw,56,0.0004119873046875,normal,0.52342033,0.47657967,0.52342033
1778740026.048403,PPI / Raw,57,0.02743840217590332,normal,0.52342033,0.47657967,0.52342033
1778740026.063468,PPI / Raw,54,0.01506495475769043,normal,0.52342033,0.47657967,0.52342033
1778740026.0917037,PPI / Raw,49,0.028235673904418945,normal,0.51561993,0.4843801,0.51561993
1778740026.1179945,PPI / Raw,42,0.0262908935546875,normal,0.5078119,0.49218813,0.5078119
1778740026.1344476,PPI / Raw,66,0.016453027725219727,normal,0.52342033,0.47657967,0.52342033
1778740026.1435633,PPI / Raw,57,0.00911569595336914,normal,0.52342033,0.47657967,0.52342033
1778740026.1543982,PPI / Raw,49,0.010834932327270508,normal,0.51561993,0.4843801,0.51561993
1778740026.1731076,PPI / Raw,70,0.018709421157836914,normal,0.52342033,0.47657967,0.52342033
1778740026.201422,PPI / Raw,68,0.02831435203552246,normal,0.52342033,0.47657967,0.52342033
1778740026.2237554,PPI / Raw,49,0.022333383560180664,normal,0.51561993,0.4843801,0.51561993
1778740026.244719,PPI / Raw,54,0.020963668823242188,normal,0.52342033,0.47657967,0.52342033
1778740026.29312,PPI / Raw,49,0.04840087890625,normal,0.51561993,0.4843801,0.51561993
1778740026.293467,PPI / Raw,56,0.000347137451171875,normal,0.52342033,0.47657967,0.52342033
1778740026.307893,PPI / Raw,70,0.014425992965698242,normal,0.52342033,0.47657967,0.52342033
1778740026.3289351,PPI / Raw,57,0.0210421085357666,normal,0.52342033,0.47657967,0.52342033
1778740026.3629882,PPI / Raw,49,0.03405308723449707,normal,0.51561993,0.4843801,0.51561993
1778740026.426974,PPI / Raw,71,0.06398582458496094,normal,0.52342033,0.47657967,0.52342033
1778740026.429862,PPI / Raw,49,0.0028879642486572266,normal,0.51561993,0.4843801,0.51561993
1778740026.4347181,PPI / Raw,54,0.004856109619140625,normal,0.52342033,0.47657967,0.52342033
1778740026.4679968,PPI / Raw,42,0.033278703689575195,normal,0.5078119,0.49218813,0.5078119
1778740026.5649278,PPI / Raw,49,0.09693098068237305,normal,0.51561993,0.4843801,0.51561993
1778740026.5684688,PPI / Raw,56,0.0035409927368164062,normal,0.52342033,0.47657967,0.52342033
1778740026.6015022,PPI / Raw,57,0.03303337097167969,normal,0.52342033,0.47657967,0.52342033
1778740026.6037621,PPI / Raw,47,0.002259969711303711,normal,0.51561993,0.4843801,0.51561993
1778740026.6172194,PPI / Raw,54,0.013457298278808594,normal,0.52342033,0.47657967,0.52342033
1778740026.6301873,PPI / Raw,49,0.012967824935913086,normal,0.51561993,0.4843801,0.51561993
1778740026.6974487,PPI / Raw,49,0.0672614574432373,normal,0.51561993,0.4843801,0.51561993
1778740026.7604983,PPI / Raw,49,0.0630495548248291,normal,0.51561993,0.4843801,0.51561993
1778740026.803474,PPI / Raw,54,0.042975664138793945,normal,0.52342033,0.47657967,0.52342033
1778740026.8245916,PPI / Raw,49,0.021117687225341797,normal,0.51561993,0.4843801,0.51561993
1778740026.844724,PPI / Raw,56,0.02013230323791504,normal,0.52342033,0.47657967,0.52342033
1778740026.8937593,PPI / Raw,49,0.04903531074523926,normal,0.51561993,0.4843801,0.51561993
1778740026.918116,PPI / Raw,70,0.024356842041015625,normal,0.52342033,0.47657967,0.52342033
1778740026.951774,PPI / Raw,70,0.03365778923034668,normal,0.52342033,0.47657967,0.52342033
1778740026.9649284,PPI / Raw,49,0.01315450668334961,normal,0.51561993,0.4843801,0.51561993
1778740026.9909723,PPI / Raw,54,0.02604389190673828,normal,0.52342033,0.47657967,0.52342033
1778740027.0362659,PPI / Raw,49,0.045293569564819336,normal,0.51561993,0.4843801,0.51561993
1778740027.1026273,PPI / Raw,49,0.0663614273071289,normal,0.51561993,0.4843801,0.51561993
1778740027.1147263,PPI / Raw,56,0.012099027633666992,normal,0.52342033,0.47657967,0.52342033
1778740027.1571407,PPI / Raw,57,0.04241442680358887,normal,0.52342033,0.47657967,0.52342033
1778740027.1722238,PPI / Raw,54,0.015083074569702148,normal,0.52342033,0.47657967,0.52342033
1778740027.233827,PPI / Raw,49,0.06160330772399902,normal,0.51561993,0.4843801,0.51561993
1778740027.3046865,PPI / Raw,49,0.07085943222045898,normal,0.51561993,0.4843801,0.51561993
1778740027.3634753,PPI / Raw,54,0.05878877639770508,normal,0.52342033,0.47657967,0.52342033
1778740027.3947284,PPI / Raw,56,0.03125309944152832,normal,0.52342033,0.47657967,0.52342033
1778740027.4297128,PPI / Raw,57,0.03498435020446777,normal,0.52342033,0.47657967,0.52342033
1778740027.4364145,PPI / Raw,49,0.00670170783996582,normal,0.51561993,0.4843801,0.51561993
1778740027.502251,PPI / Raw,49,0.06583642959594727,normal,0.51561993,0.4843801,0.51561993
1778740027.5459764,PPI / Raw,54,0.04372549057006836,normal,0.52342033,0.47657967,0.52342033
1778740027.5706124,PPI / Raw,49,0.024636030197143555,normal,0.51561993,0.4843801,0.51561993
1778740027.633668,PPI / Raw,49,0.06305551528930664,normal,0.51561993,0.4843801,0.51561993
1778740027.669154,PPI / Raw,50,0.03548598289489746,normal,0.52342033,0.47657967,0.52342033
1778740027.6734805,PPI / Raw,56,0.004326581954956055,normal,0.52342033,0.47657967,0.52342033
1778740027.6968124,PPI / Raw,49,0.023331880569458008,normal,0.51561993,0.4843801,0.51561993
1778740027.7099895,PPI / Raw,57,0.013177156448364258,normal,0.52342033,0.47657967,0.52342033
1778740027.7359781,PPI / Raw,54,0.02598857879638672,normal,0.52342033,0.47657967,0.52342033
1778740027.7614567,PPI / Raw,49,0.025478601455688477,normal,0.51561993,0.4843801,0.51561993
1778740027.8780034,PPI / Raw,42,0.116546630859375,normal,0.5078119,0.49218813,0.5078119
1778740027.9025607,PPI / Raw,49,0.02455735206604004,normal,0.51561993,0.4843801,0.51561993
1778740027.9209795,PPI / Raw,54,0.01841878890991211,normal,0.52342033,0.47657967,0.52342033
1778740027.947233,PPI / Raw,56,0.026253461837768555,normal,0.52342033,0.47657967,0.52342033
1778740027.9788013,PPI / Raw,57,0.031568288803100586,normal,0.52342033,0.47657967,0.52342033
1778740028.0359225,PPI / Raw,49,0.05712127685546875,normal,0.51561993,0.4843801,0.51561993
1778740028.1026063,PPI / Raw,50,0.06668376922607422,normal,0.52342033,0.47657967,0.52342033
1778740028.103603,PPI / Raw,49,0.0009965896606445312,normal,0.51561993,0.4843801,0.51561993
1778740028.105981,PPI / Raw,54,0.002378225326538086,normal,0.52342033,0.47657967,0.52342033
1778740028.1671734,PPI / Raw,49,0.06119227409362793,normal,0.51561993,0.4843801,0.51561993
1778740028.2197351,PPI / Raw,56,0.05256175994873047,normal,0.52342033,0.47657967,0.52342033
1778740028.2359,PPI / Raw,49,0.016164779663085938,normal,0.51561993,0.4843801,0.51561993
1778740028.2959855,PPI / Raw,54,0.06008553504943848,normal,0.52342033,0.47657967,0.52342033
1778740028.3003821,PPI / Raw,49,0.004396677017211914,normal,0.51561993,0.4843801,0.51561993
1778740028.3527715,PPI / Raw,57,0.05238938331604004,normal,0.52342033,0.47657967,0.52342033
1778740028.432653,PPI / Raw,49,0.07988142967224121,normal,0.51561993,0.4843801,0.51561993
1778740028.483484,PPI / Raw,54,0.05083107948303223,normal,0.52342033,0.47657967,0.52342033
1778740028.4922369,PPI / Raw,56,0.008752822875976562,normal,0.52342033,0.47657967,0.52342033
1778740028.4981256,PPI / Raw,49,0.005888700485229492,normal,0.51561993,0.4843801,0.51561993
1778740028.5663018,PPI / Raw,49,0.06817626953125,normal,0.51561993,0.4843801,0.51561993
1778740028.612601,PPI / Raw,47,0.04629921913146973,normal,0.51561993,0.4843801,0.51561993
1778740028.6288285,PPI / Raw,49,0.01622748374938965,normal,0.51561993,0.4843801,0.51561993
1778740028.6684856,PPI / Raw,54,0.0396571159362793,normal,0.52342033,0.47657967,0.52342033
1778740028.6982055,PPI / Raw,49,0.029719829559326172,normal,0.51561993,0.4843801,0.51561993
1778740028.764736,PPI / Raw,56,0.06653046607971191,normal,0.52342033,0.47657967,0.52342033
1778740028.7678692,PPI / Raw,49,0.0031332969665527344,normal,0.51561993,0.4843801,0.51561993
1778740028.7717402,PPI / Raw,61,0.0038709640502929688,normal,0.52342033,0.47657967,0.52342033
1778740028.8111482,PPI / Raw,57,0.039407968521118164,normal,0.52342033,0.47657967,0.52342033
1778740028.8133311,PPI / Raw,68,0.0021829605102539062,normal,0.52342033,0.47657967,0.52342033
1778740028.8351798,PPI / Raw,49,0.021848678588867188,normal,0.51561993,0.4843801,0.51561993
1778740028.85349,PPI / Raw,54,0.0183103084564209,normal,0.52342033,0.47657967,0.52342033
1778740028.9741685,PPI / Raw,49,0.12067842483520508,normal,0.51561993,0.4843801,0.51561993
1778740029.0359883,PPI / Raw,54,0.06181979179382324,normal,0.52342033,0.47657967,0.52342033
1778740029.036999,PPI / Raw,49,0.0010106563568115234,normal,0.51561993,0.4843801,0.51561993
1778740029.038491,PPI / Raw,56,0.0014920234680175781,normal,0.52342033,0.47657967,0.52342033
1778740029.0837128,PPI / Raw,57,0.045221805572509766,normal,0.52342033,0.47657967,0.52342033
1778740029.1009336,PPI / Raw,49,0.017220735549926758,normal,0.51561993,0.4843801,0.51561993
1778740029.1199133,PPI / Raw,69,0.018979787826538086,normal,0.52342033,0.47657967,0.52342033
1778740029.172049,PPI / Raw,49,0.05213570594787598,normal,0.51561993,0.4843801,0.51561993
1778740029.2172396,PPI / Raw,54,0.04519057273864746,normal,0.52342033,0.47657967,0.52342033
1778740029.2422223,PPI / Raw,49,0.024982690811157227,normal,0.51561993,0.4843801,0.51561993
1778740029.2804935,PPI / Raw,42,0.038271188735961914,normal,0.5078119,0.49218813,0.5078119
1778740029.2971663,PPI / Raw,70,0.016672849655151367,normal,0.52342033,0.47657967,0.52342033
1778740029.3114085,PPI / Raw,49,0.014242172241210938,normal,0.51561993,0.4843801,0.51561993
1778740029.3488746,PPI / Raw,47,0.03746604919433594,normal,0.51561993,0.4843801,0.51561993
1778740029.3575284,PPI / Raw,57,0.008653879165649414,normal,0.52342033,0.47657967,0.52342033
1778740029.3775182,PPI / Raw,49,0.019989728927612305,normal,0.51561993,0.4843801,0.51561993
1778740029.4072442,PPI / Raw,54,0.029726028442382812,normal,0.52342033,0.47657967,0.52342033
1778740029.4435446,PPI / Raw,49,0.0363004207611084,normal,0.51561993,0.4843801,0.51561993
1778740029.494854,PPI / Raw,65,0.05130934715270996,normal,0.52342033,0.47657967,0.52342033
1778740029.5131078,PPI / Raw,49,0.018253803253173828,normal,0.51561993,0.4843801,0.51561993
1778740029.5536613,PPI / Raw,68,0.04055356979370117,normal,0.52342033,0.47657967,0.52342033
1778740029.5780036,PPI / Raw,49,0.02434229850769043,normal,0.51561993,0.4843801,0.51561993
1778740029.5884924,PPI / Raw,56,0.010488748550415039,normal,0.52342033,0.47657967,0.52342033
1778740029.5934927,PPI / Raw,54,0.00500035285949707,normal,0.52342033,0.47657967,0.52342033
1778740029.6327376,PPI / Raw,57,0.039244890213012695,normal,0.52342033,0.47657967,0.52342033
1778740029.642012,PPI / Raw,49,0.00927424430847168,normal,0.51561993,0.4843801,0.51561993
1778740029.7073083,PPI / Raw,49,0.06529641151428223,normal,0.51561993,0.4843801,0.51561993
1778740029.7539682,PPI / Raw,68,0.04665994644165039,normal,0.52342033,0.47657967,0.52342033
1778740029.777244,PPI / Raw,54,0.02327585220336914,normal,0.52342033,0.47657967,0.52342033
1778740029.7787766,PPI / Raw,49,0.0015325546264648438,normal,0.51561993,0.4843801,0.51561993
1778740029.8425722,PPI / Raw,49,0.06379556655883789,normal,0.51561993,0.4843801,0.51561993
1778740029.862248,PPI / Raw,56,0.019675731658935547,normal,0.52342033,0.47657967,0.52342033
1778740029.9065568,PPI / Raw,57,0.04430890083312988,normal,0.52342033,0.47657967,0.52342033
1778740029.961471,PPI / Raw,68,0.054914236068725586,normal,0.52342033,0.47657967,0.52342033
1778740029.9634953,PPI / Raw,54,0.0020241737365722656,normal,0.52342033,0.47657967,0.52342033
1778740029.976443,PPI / Raw,49,0.012947797775268555,normal,0.51561993,0.4843801,0.51561993
1778740030.0330784,PPI / Raw,70,0.056635379791259766,normal,0.52342033,0.47657967,0.52342033
1778740030.0482535,PPI / Raw,49,0.015175104141235352,normal,0.51561993,0.4843801,0.51561993
1778740030.1110659,PPI / Raw,49,0.06281232833862305,normal,0.51561993,0.4843801,0.51561993
1778740030.1372497,PPI / Raw,56,0.0261838436126709,normal,0.52342033,0.47657967,0.52342033
1778740030.1509998,PPI / Raw,54,0.013750076293945312,normal,0.52342033,0.47657967,0.52342033
1778740030.170849,PPI / Raw,68,0.019849300384521484,normal,0.52342033,0.47657967,0.52342033
1778740030.1759348,PPI / Raw,49,0.00508570671081543,normal,0.51561993,0.4843801,0.51561993
1778740030.180377,PPI / Raw,57,0.0044422149658203125,normal,0.52342033,0.47657967,0.52342033
1778740030.240058,PPI / Raw,49,0.059680938720703125,normal,0.51561993,0.4843801,0.51561993
1778740030.3124342,PPI / Raw,49,0.07237625122070312,normal,0.51561993,0.4843801,0.51561993
1778740030.3372483,PPI / Raw,54,0.024814128875732422,normal,0.52342033,0.47657967,0.52342033
1778740030.3820727,PPI / Raw,49,0.04482436180114746,normal,0.51561993,0.4843801,0.51561993
1778740030.4172518,PPI / Raw,56,0.03517913818359375,normal,0.52342033,0.47657967,0.52342033
1778740030.4523318,PPI / Raw,49,0.0350799560546875,normal,0.51561993,0.4843801,0.51561993
1778740030.4591978,PPI / Raw,57,0.006865978240966797,normal,0.52342033,0.47657967,0.52342033
1778740030.5146797,PPI / Raw,49,0.055481910705566406,normal,0.51561993,0.4843801,0.51561993
1778740030.5184999,PPI / Raw,54,0.003820180892944336,normal,0.52342033,0.47657967,0.52342033
1778740030.5792646,PPI / Raw,49,0.06076478958129883,normal,0.51561993,0.4843801,0.51561993
1778740030.5880494,PPI / Raw,68,0.008784770965576172,normal,0.52342033,0.47657967,0.52342033
1778740030.6139488,PPI / Raw,47,0.025899410247802734,normal,0.51561993,0.4843801,0.51561993
1778740030.6486933,PPI / Raw,49,0.0347445011138916,normal,0.51561993,0.4843801,0.51561993
1778740030.6879637,PPI / Raw,42,0.03927040100097656,normal,0.5078119,0.49218813,0.5078119
1778740030.691004,PPI / Raw,56,0.003040313720703125,normal,0.52342033,0.47657967,0.52342033
1778740030.7085044,PPI / Raw,54,0.01750040054321289,normal,0.52342033,0.47657967,0.52342033
1778740030.7112358,PPI / Raw,49,0.0027313232421875,normal,0.51561993,0.4843801,0.51561993
1778740030.739263,PPI / Raw,57,0.02802729606628418,normal,0.52342033,0.47657967,0.52342033
1778740030.7748013,PPI / Raw,49,0.0355381965637207,normal,0.51561993,0.4843801,0.51561993
1778740030.8453298,PPI / Raw,49,0.07052850723266602,normal,0.51561993,0.4843801,0.51561993
1778740030.896003,PPI / Raw,54,0.05067324638366699,normal,0.52342033,0.47657967,0.52342033
1778740030.9104502,PPI / Raw,49,0.014447212219238281,normal,0.51561993,0.4843801,0.51561993
1778740030.9697564,PPI / Raw,56,0.05930614471435547,normal,0.52342033,0.47657967,0.52342033
1778740030.9783587,PPI / Raw,49,0.008602380752563477,normal,0.51561993,0.4843801,0.51561993
1778740031.0093265,PPI / Raw,57,0.03096771240234375,normal,0.52342033,0.47657967,0.52342033
1778740031.044955,PPI / Raw,49,0.035628557205200195,normal,0.51561993,0.4843801,0.51561993
1778740031.078504,PPI / Raw,54,0.03354907035827637,normal,0.52342033,0.47657967,0.52342033
1778740031.1171324,PPI / Raw,49,0.038628339767456055,normal,0.51561993,0.4843801,0.51561993
1778740031.1840088,PPI / Raw,49,0.06687641143798828,normal,0.51561993,0.4843801,0.51561993
1778740031.2497556,PPI / Raw,56,0.06574678421020508,normal,0.52342033,0.47657967,0.52342033
1778740031.2519925,PPI / Raw,49,0.0022368431091308594,normal,0.51561993,0.4843801,0.51561993
1778740031.2660089,PPI / Raw,54,0.014016389846801758,normal,0.52342033,0.47657967,0.52342033
1778740031.280642,PPI / Raw,57,0.0146331787109375,normal,0.52342033,0.47657967,0.52342033
1778740031.3123257,PPI / Raw,52,0.03168368339538574,normal,0.52342033,0.47657967,0.52342033
1778740031.3223624,PPI / Raw,49,0.010036706924438477,normal,0.51561993,0.4843801,0.51561993
1778740031.351414,PPI / Raw,47,0.029051542282104492,normal,0.51561993,0.4843801,0.51561993
1778740031.4133654,PPI / Raw,67,0.061951398849487305,normal,0.52342033,0.47657967,0.52342033
1778740031.4565947,PPI / Raw,49,0.04322934150695801,normal,0.51561993,0.4843801,0.51561993
1778740031.4572573,PPI / Raw,54,0.0006625652313232422,normal,0.52342033,0.47657967,0.52342033
1778740031.5272608,PPI / Raw,56,0.07000350952148438,normal,0.52342033,0.47657967,0.52342033
1778740031.528083,PPI / Raw,49,0.0008223056793212891,normal,0.51561993,0.4843801,0.51561993
1778740031.5569658,PPI / Raw,57,0.028882741928100586,normal,0.52342033,0.47657967,0.52342033
1778740031.5914586,PPI / Raw,49,0.03449273109436035,normal,0.51561993,0.4843801,0.51561993
1778740031.6485088,PPI / Raw,54,0.057050228118896484,normal,0.52342033,0.47657967,0.52342033
1778740031.7226183,PPI / Raw,49,0.07410955429077148,normal,0.51561993,0.4843801,0.51561993
1778740031.7264943,PPI / Raw,76,0.0038759708404541016,normal,0.52342033,0.47657967,0.52342033
1778740031.788606,PPI / Raw,49,0.062111616134643555,normal,0.51561993,0.4843801,0.51561993
1778740031.8017337,PPI / Raw,82,0.013127803802490234,normal,0.52342033,0.47657967,0.52342033
1778740031.8072598,PPI / Raw,56,0.005526065826416016,normal,0.52342033,0.47657967,0.52342033
1778740031.8192565,PPI / Raw,47,0.011996746063232422,normal,0.51561993,0.4843801,0.51561993
1778740031.827033,PPI / Raw,57,0.007776498794555664,normal,0.52342033,0.47657967,0.52342033
1778740031.837263,PPI / Raw,54,0.010230064392089844,normal,0.52342033,0.47657967,0.52342033
1778740031.8539543,PPI / Raw,49,0.016691207885742188,normal,0.51561993,0.4843801,0.51561993
1778740031.9183376,PPI / Raw,49,0.06438326835632324,normal,0.51561993,0.4843801,0.51561993
1778740031.9828794,PPI / Raw,49,0.06454181671142578,normal,0.51561993,0.4843801,0.51561993
1778740032.0185115,PPI / Raw,54,0.03563213348388672,normal,0.52342033,0.47657967,0.52342033
1778740032.0468976,PPI / Raw,49,0.02838611602783203,normal,0.51561993,0.4843801,0.51561993
1778740032.079765,PPI / Raw,56,0.032867431640625,normal,0.52342033,0.47657967,0.52342033
1778740032.107104,PPI / Raw,57,0.02733898162841797,normal,0.52342033,0.47657967,0.52342033
1778740032.116462,PPI / Raw,49,0.009357929229736328,normal,0.51561993,0.4843801,0.51561993
1778740032.1797245,PPI / Raw,49,0.0632624626159668,normal,0.51561993,0.4843801,0.51561993
1778740032.2022665,PPI / Raw,54,0.02254199981689453,normal,0.52342033,0.47657967,0.52342033
1778740032.2517,PPI / Raw,49,0.04943346977233887,normal,0.51561993,0.4843801,0.51561993
1778740032.267249,PPI / Raw,66,0.015549182891845703,normal,0.52342033,0.47657967,0.52342033
1778740032.3180873,PPI / Raw,49,0.05083823204040527,normal,0.51561993,0.4843801,0.51561993
1778740032.349764,PPI / Raw,56,0.0316767692565918,normal,0.52342033,0.47657967,0.52342033
1778740032.3771744,PPI / Raw,57,0.027410268783569336,normal,0.52342033,0.47657967,0.52342033
1778740032.377597,PPI / Raw,45,0.0004227161407470703,normal,0.51561993,0.4843801,0.51561993
1778740032.385619,PPI / Raw,49,0.008021831512451172,normal,0.51561993,0.4843801,0.51561993
1778740032.3935175,PPI / Raw,54,0.007898569107055664,normal,0.52342033,0.47657967,0.52342033
1778740032.452351,PPI / Raw,49,0.05883359909057617,normal,0.51561993,0.4843801,0.51561993
1778740032.495736,PPI / Raw,66,0.04338479042053223,normal,0.52342033,0.47657967,0.52342033
1778740032.5182815,PPI / Raw,49,0.022545576095581055,normal,0.51561993,0.4843801,0.51561993
1778740032.5747662,PPI / Raw,54,0.05648469924926758,normal,0.52342033,0.47657967,0.52342033
1778740032.5862288,PPI / Raw,49,0.011462688446044922,normal,0.51561993,0.4843801,0.51561993
1778740032.614056,PPI / Raw,47,0.02782726287841797,normal,0.51561993,0.4843801,0.51561993
1778740032.6297662,PPI / Raw,56,0.015710115432739258,normal,0.52342033,0.47657967,0.52342033
1778740032.653493,PPI / Raw,57,0.023726701736450195,normal,0.52342033,0.47657967,0.52342033
1778740032.6543162,PPI / Raw,49,0.0008232593536376953,normal,0.51561993,0.4843801,0.51561993
1778740032.6567082,PPI / Raw,61,0.0023920536041259766,normal,0.52342033,0.47657967,0.52342033
1778740032.7622705,PPI / Raw,54,0.10556221008300781,normal,0.52342033,0.47657967,0.52342033
1778740032.7904675,PPI / Raw,49,0.028197050094604492,normal,0.51561993,0.4843801,0.51561993
1778740032.8552048,PPI / Raw,49,0.06473731994628906,normal,0.51561993,0.4843801,0.51561993
1778740032.9240615,PPI / Raw,57,0.06885671615600586,normal,0.52342033,0.47657967,0.52342033
1778740032.9404564,PPI / Raw,62,0.016394853591918945,normal,0.52342033,0.47657967,0.52342033
1778740032.9522688,PPI / Raw,54,0.011812448501586914,normal,0.52342033,0.47657967,0.52342033
1778740032.9808857,PPI / Raw,70,0.028616905212402344,normal,0.52342033,0.47657967,0.52342033
1778740032.9958777,PPI / Raw,49,0.014991998672485352,normal,0.51561993,0.4843801,0.51561993
1778740033.1292815,PPI / Raw,49,0.13340377807617188,normal,0.51561993,0.4843801,0.51561993
1778740033.1385233,PPI / Raw,54,0.009241819381713867,normal,0.52342033,0.47657967,0.52342033
1778740033.167949,PPI / Raw,38,0.029425621032714844,normal,0.53704137,0.4629586,0.53704137
1778740033.1797705,PPI / Raw,56,0.011821508407592773,normal,0.52342033,0.47657967,0.52342033
1778740033.195591,PPI / Raw,49,0.01582050323486328,normal,0.51561993,0.4843801,0.51561993
1778740033.245066,PPI / Raw,69,0.04947495460510254,normal,0.52342033,0.47657967,0.52342033
1778740033.2592084,PPI / Raw,49,0.014142513275146484,normal,0.51561993,0.4843801,0.51561993
1778740033.2933896,PPI / Raw,68,0.03418111801147461,normal,0.52342033,0.47657967,0.52342033
1778740033.3197718,PPI / Raw,54,0.0263822078704834,normal,0.52342033,0.47657967,0.52342033
1778740033.3283637,PPI / Raw,49,0.008591890335083008,normal,0.51561993,0.4843801,0.51561993
1778740033.3915303,PPI / Raw,49,0.06316661834716797,normal,0.51561993,0.4843801,0.51561993
1778740033.427654,PPI / Raw,69,0.03612375259399414,normal,0.52342033,0.47657967,0.52342033
1778740033.4535255,PPI / Raw,56,0.02587151527404785,normal,0.52342033,0.47657967,0.52342033
1778740033.4568355,PPI / Raw,49,0.003309965133666992,normal,0.51561993,0.4843801,0.51561993
1778740033.4792032,PPI / Raw,57,0.02236771583557129,normal,0.52342033,0.47657967,0.52342033
1778740033.5010233,PPI / Raw,54,0.021820068359375,normal,0.52342033,0.47657967,0.52342033
1778740033.5887806,PPI / Raw,49,0.08775734901428223,normal,0.51561993,0.4843801,0.51561993
1778740033.6033938,PPI / Raw,68,0.014613151550292969,normal,0.52342033,0.47657967,0.52342033
1778740033.6516871,PPI / Raw,49,0.048293352127075195,normal,0.51561993,0.4843801,0.51561993
1778740033.6922777,PPI / Raw,54,0.040590524673461914,normal,0.52342033,0.47657967,0.52342033
1778740033.7163534,PPI / Raw,49,0.024075746536254883,normal,0.51561993,0.4843801,0.51561993
1778740033.7297778,PPI / Raw,56,0.013424396514892578,normal,0.52342033,0.47657967,0.52342033
1778740033.7530205,PPI / Raw,57,0.023242712020874023,normal,0.52342033,0.47657967,0.52342033
1778740033.7578034,PPI / Raw,70,0.004782915115356445,normal,0.52342033,0.47657967,0.52342033
1778740033.8244305,PPI / Raw,47,0.06662702560424805,normal,0.51561993,0.4843801,0.51561993
1778740033.8522694,PPI / Raw,49,0.027838945388793945,normal,0.51561993,0.4843801,0.51561993
1778740033.8704686,PPI / Raw,42,0.01819920539855957,normal,0.5078119,0.49218813,0.5078119
1778740033.879776,PPI / Raw,54,0.009307384490966797,normal,0.52342033,0.47657967,0.52342033
1778740033.9174728,PPI / Raw,49,0.03769683837890625,normal,0.51561993,0.4843801,0.51561993
1778740033.9800782,PPI / Raw,49,0.06260538101196289,normal,0.51561993,0.4843801,0.51561993
1778740033.9878998,PPI / Raw,69,0.00782155990600586,normal,0.52342033,0.47657967,0.52342033
1778740034.0060303,PPI / Raw,56,0.01813054084777832,normal,0.52342033,0.47657967,0.52342033
1778740034.030589,PPI / Raw,57,0.02455878257751465,normal,0.52342033,0.47657967,0.52342033
1778740034.0493248,PPI / Raw,49,0.018735647201538086,normal,0.51561993,0.4843801,0.51561993
1778740034.0622807,PPI / Raw,54,0.012955904006958008,normal,0.52342033,0.47657967,0.52342033
1778740034.1193383,PPI / Raw,49,0.05705761909484863,normal,0.51561993,0.4843801,0.51561993
1778740034.1243434,PPI / Raw,67,0.0050051212310791016,normal,0.52342033,0.47657967,0.52342033
1778740034.1779814,PPI / Raw,69,0.05363798141479492,normal,0.52342033,0.47657967,0.52342033
1778740034.1897535,PPI / Raw,49,0.01177215576171875,normal,0.51561993,0.4843801,0.51561993
1778740034.2535293,PPI / Raw,54,0.06377577781677246,normal,0.52342033,0.47657967,0.52342033
1778740034.2543721,PPI / Raw,49,0.0008428096771240234,normal,0.51561993,0.4843801,0.51561993
1778740034.2822826,PPI / Raw,56,0.027910470962524414,normal,0.52342033,0.47657967,0.52342033
1778740034.3044035,PPI / Raw,57,0.022120952606201172,normal,0.52342033,0.47657967,0.52342033
1778740034.3224175,PPI / Raw,49,0.018013954162597656,normal,0.51561993,0.4843801,0.51561993
1778740034.3618135,PPI / Raw,69,0.039396047592163086,normal,0.52342033,0.47657967,0.52342033
1778740034.3931859,PPI / Raw,49,0.0313723087310791,normal,0.51561993,0.4843801,0.51561993
1778740034.3979032,PPI / Raw,58,0.004717350006103516,normal,0.52342033,0.47657967,0.52342033
1778740034.4422805,PPI / Raw,54,0.04437732696533203,normal,0.52342033,0.47657967,0.52342033
1778740034.5206878,PPI / Raw,49,0.07840728759765625,normal,0.51561993,0.4843801,0.51561993
1778740034.5518942,PPI / Raw,69,0.031206369400024414,normal,0.52342033,0.47657967,0.52342033
1778740034.5535345,PPI / Raw,56,0.00164031982421875,normal,0.52342033,0.47657967,0.52342033
1778740034.5794694,PPI / Raw,57,0.025934934616088867,normal,0.52342033,0.47657967,0.52342033
1778740034.6241586,PPI / Raw,47,0.044689178466796875,normal,0.51561993,0.4843801,0.51561993
1778740034.6260352,PPI / Raw,54,0.0018765926361083984,normal,0.52342033,0.47657967,0.52342033
1778740034.6516716,PPI / Raw,49,0.02563643455505371,normal,0.51561993,0.4843801,0.51561993
1778740034.7149463,PPI / Raw,49,0.06327462196350098,normal,0.51561993,0.4843801,0.51561993
1778740034.7344773,PPI / Raw,69,0.0195310115814209,normal,0.52342033,0.47657967,0.52342033
1778740034.7792099,PPI / Raw,49,0.04473257064819336,normal,0.51561993,0.4843801,0.51561993
1778740034.8135335,PPI / Raw,54,0.034323692321777344,normal,0.52342033,0.47657967,0.52342033
1778740034.8297868,PPI / Raw,56,0.016253232955932617,normal,0.52342033,0.47657967,0.52342033
1778740034.8595347,PPI / Raw,57,0.029747962951660156,normal,0.52342033,0.47657967,0.52342033
1778740034.948001,PPI / Raw,57,0.08846616744995117,normal,0.52342033,0.47657967,0.52342033
1778740034.9812648,PPI / Raw,49,0.0332639217376709,normal,0.51561993,0.4843801,0.51561993
1778740035.0022848,PPI / Raw,54,0.021019935607910156,normal,0.52342033,0.47657967,0.52342033
1778740035.0522482,PPI / Raw,49,0.04996347427368164,normal,0.51561993,0.4843801,0.51561993
1778740035.0788672,PPI / Raw,38,0.02661895751953125,normal,0.53704137,0.4629586,0.53704137
1778740035.102289,PPI / Raw,56,0.023421764373779297,normal,0.52342033,0.47657967,0.52342033
1778740035.1149337,PPI / Raw,49,0.012644767761230469,normal,0.51561993,0.4843801,0.51561993
1778740035.1321008,PPI / Raw,57,0.017167091369628906,normal,0.52342033,0.47657967,0.52342033
1778740035.1702898,PPI / Raw,67,0.038188934326171875,normal,0.52342033,0.47657967,0.52342033
1778740035.178071,PPI / Raw,49,0.007781267166137695,normal,0.51561993,0.4843801,0.51561993
1778740035.1817038,PPI / Raw,61,0.003632783889770508,normal,0.52342033,0.47657967,0.52342033
1778740035.1885395,PPI / Raw,54,0.0068356990814208984,normal,0.52342033,0.47657967,0.52342033
1778740035.2420447,PPI / Raw,49,0.05350518226623535,normal,0.51561993,0.4843801,0.51561993
1778740035.3097053,PPI / Raw,49,0.06766057014465332,normal,0.51561993,0.4843801,0.51561993
1778740035.3723538,PPI / Raw,49,0.06264853477478027,normal,0.51561993,0.4843801,0.51561993
1778740035.373538,PPI / Raw,54,0.001184225082397461,normal,0.52342033,0.47657967,0.52342033
1778740035.3810408,PPI / Raw,56,0.00750279426574707,normal,0.52342033,0.47657967,0.52342033
1778740035.40217,PPI / Raw,57,0.021129131317138672,normal,0.52342033,0.47657967,0.52342033
1778740035.44012,PPI / Raw,49,0.03795003890991211,normal,0.51561993,0.4843801,0.51561993
1778740035.5077274,PPI / Raw,49,0.06760740280151367,normal,0.51561993,0.4843801,0.51561993
1778740035.5635393,PPI / Raw,54,0.05581188201904297,normal,0.52342033,0.47657967,0.52342033
1778740035.578272,PPI / Raw,49,0.014732837677001953,normal,0.51561993,0.4843801,0.51561993
1778740035.6405854,PPI / Raw,49,0.06231331825256348,normal,0.51561993,0.4843801,0.51561993
1778740035.65479,PPI / Raw,56,0.01420450210571289,normal,0.52342033,0.47657967,0.52342033
1778740035.6772332,PPI / Raw,57,0.022443294525146484,normal,0.52342033,0.47657967,0.52342033
1778740035.692383,PPI / Raw,50,0.015149831771850586,normal,0.52342033,0.47657967,0.52342033
1778740035.710132,PPI / Raw,49,0.01774883270263672,normal,0.51561993,0.4843801,0.51561993
1778740035.734189,PPI / Raw,61,0.02405714988708496,normal,0.52342033,0.47657967,0.52342033
1778740035.747294,PPI / Raw,54,0.013104915618896484,normal,0.52342033,0.47657967,0.52342033
1778740035.7736251,PPI / Raw,49,0.026331186294555664,normal,0.51561993,0.4843801,0.51561993
1778740035.7921724,PPI / Raw,68,0.01854729652404785,normal,0.52342033,0.47657967,0.52342033
1778740035.8092666,PPI / Raw,39,0.017094135284423828,normal,0.5448014,0.45519862,0.5448014
1778740035.8271117,PPI / Raw,47,0.01784515380859375,normal,0.51561993,0.4843801,0.51561993
1778740035.8604836,PPI / Raw,69,0.033371925354003906,normal,0.52342033,0.47657967,0.52342033
1778740035.899674,PPI / Raw,68,0.03919029235839844,normal,0.52342033,0.47657967,0.52342033
1778740035.9057882,PPI / Raw,49,0.00611424446105957,normal,0.51561993,0.4843801,0.51561993
1778740035.9322922,PPI / Raw,56,0.026504039764404297,normal,0.52342033,0.47657967,0.52342033
1778740035.9347954,PPI / Raw,54,0.0025031566619873047,normal,0.52342033,0.47657967,0.52342033
1778740035.9674025,PPI / Raw,49,0.032607078552246094,normal,0.51561993,0.4843801,0.51561993
1778740035.996681,PPI / Raw,42,0.02927851676940918,normal,0.5078119,0.49218813,0.5078119
1778740036.0091805,PPI / Raw,61,0.012499570846557617,normal,0.52342033,0.47657967,0.52342033
1778740036.038892,PPI / Raw,49,0.029711484909057617,normal,0.51561993,0.4843801,0.51561993
1778740036.1028016,PPI / Raw,68,0.06390953063964844,normal,0.52342033,0.47657967,0.52342033
1778740036.1043565,PPI / Raw,49,0.0015549659729003906,normal,0.51561993,0.4843801,0.51561993
1778740036.126047,PPI / Raw,54,0.02169036865234375,normal,0.52342033,0.47657967,0.52342033
1778740036.1675808,PPI / Raw,49,0.0415339469909668,normal,0.51561993,0.4843801,0.51561993
1778740036.1978946,PPI / Raw,69,0.030313730239868164,normal,0.52342033,0.47657967,0.52342033
1778740036.2072942,PPI / Raw,56,0.009399652481079102,normal,0.52342033,0.47657967,0.52342033
1778740036.2328393,PPI / Raw,49,0.025545120239257812,normal,0.51561993,0.4843801,0.51561993
1778740036.2336652,PPI / Raw,57,0.0008258819580078125,normal,0.52342033,0.47657967,0.52342033
1778740036.238149,PPI / Raw,69,0.004483699798583984,normal,0.52342033,0.47657967,0.52342033
1778740036.29417,PPI / Raw,61,0.05602097511291504,normal,0.52342033,0.47657967,0.52342033
1778740036.3072984,PPI / Raw,54,0.013128519058227539,normal,0.52342033,0.47657967,0.52342033
1778740036.3609452,PPI / Raw,49,0.05364680290222168,normal,0.51561993,0.4843801,0.51561993
1778740036.3804018,PPI / Raw,70,0.01945662498474121,normal,0.52342033,0.47657967,0.52342033
1778740036.4098935,PPI / Raw,50,0.029491662979125977,normal,0.52342033,0.47657967,0.52342033
1778740036.4284098,PPI / Raw,49,0.01851630210876465,normal,0.51561993,0.4843801,0.51561993
1778740036.4772964,PPI / Raw,56,0.04888653755187988,normal,0.52342033,0.47657967,0.52342033
1778740036.4885464,PPI / Raw,54,0.011250019073486328,normal,0.52342033,0.47657967,0.52342033
1778740036.4915242,PPI / Raw,49,0.0029778480529785156,normal,0.51561993,0.4843801,0.51561993
1778740036.5062249,PPI / Raw,57,0.014700651168823242,normal,0.52342033,0.47657967,0.52342033
1778740036.509682,PPI / Raw,68,0.0034570693969726562,normal,0.52342033,0.47657967,0.52342033
1778740036.5550408,PPI / Raw,49,0.045358896255493164,normal,0.51561993,0.4843801,0.51561993
1778740036.577934,PPI / Raw,61,0.022893190383911133,normal,0.52342033,0.47657967,0.52342033
1778740036.6095607,PPI / Raw,69,0.03162670135498047,normal,0.52342033,0.47657967,0.52342033
1778740036.6195483,PPI / Raw,49,0.009987592697143555,normal,0.51561993,0.4843801,0.51561993
1778740036.625476,PPI / Raw,47,0.005927562713623047,normal,0.51561993,0.4843801,0.51561993
1778740036.672298,PPI / Raw,54,0.04682207107543945,normal,0.52342033,0.47657967,0.52342033
1778740036.6871717,PPI / Raw,49,0.014873743057250977,normal,0.51561993,0.4843801,0.51561993
1778740036.6979384,PPI / Raw,42,0.010766744613647461,normal,0.5078119,0.49218813,0.5078119
1778740036.753014,PPI / Raw,70,0.055075645446777344,normal,0.52342033,0.47657967,0.52342033
1778740036.7568681,PPI / Raw,49,0.003854036331176758,normal,0.51561993,0.4843801,0.51561993
1778740036.7850332,PPI / Raw,57,0.028165102005004883,normal,0.52342033,0.47657967,0.52342033
1778740036.8283165,PPI / Raw,49,0.04328322410583496,normal,0.51561993,0.4843801,0.51561993
1778740036.8635495,PPI / Raw,54,0.0352330207824707,normal,0.52342033,0.47657967,0.52342033
1778740036.9630413,PPI / Raw,49,0.09949183464050293,normal,0.51561993,0.4843801,0.51561993
1778740037.0255718,PPI / Raw,49,0.062530517578125,normal,0.51561993,0.4843801,0.51561993
1778740037.0360541,PPI / Raw,56,0.010482311248779297,normal,0.52342033,0.47657967,0.52342033
1778740037.0473042,PPI / Raw,54,0.011250019073486328,normal,0.52342033,0.47657967,0.52342033
1778740037.0566971,PPI / Raw,42,0.009392976760864258,normal,0.5078119,0.49218813,0.5078119
1778740037.0625908,PPI / Raw,57,0.005893707275390625,normal,0.52342033,0.47657967,0.52342033
1778740037.096365,PPI / Raw,49,0.03377413749694824,normal,0.51561993,0.4843801,0.51561993
1778740037.137947,PPI / Raw,61,0.04158210754394531,normal,0.52342033,0.47657967,0.52342033
1778740037.1637297,PPI / Raw,49,0.02578258514404297,normal,0.51561993,0.4843801,0.51561993
1778740037.2285526,PPI / Raw,54,0.06482291221618652,normal,0.52342033,0.47657967,0.52342033
1778740037.235422,PPI / Raw,49,0.006869316101074219,normal,0.51561993,0.4843801,0.51561993
1778740037.3042223,PPI / Raw,49,0.06880044937133789,normal,0.51561993,0.4843801,0.51561993
1778740037.308556,PPI / Raw,56,0.0043337345123291016,normal,0.52342033,0.47657967,0.52342033
1778740037.3376482,PPI / Raw,57,0.029092073440551758,normal,0.52342033,0.47657967,0.52342033
1778740037.3728328,PPI / Raw,49,0.035184621810913086,normal,0.51561993,0.4843801,0.51561993
1778740037.407947,PPI / Raw,42,0.035114288330078125,normal,0.5078119,0.49218813,0.5078119
1778740037.4160538,PPI / Raw,54,0.008106708526611328,normal,0.52342033,0.47657967,0.52342033
1778740037.4229486,PPI / Raw,61,0.006894826889038086,normal,0.52342033,0.47657967,0.52342033
1778740037.578558,PPI / Raw,56,0.1556093692779541,normal,0.52342033,0.47657967,0.52342033
1778740037.584516,PPI / Raw,49,0.005958080291748047,normal,0.51561993,0.4843801,0.51561993
1778740037.598558,PPI / Raw,54,0.014041900634765625,normal,0.52342033,0.47657967,0.52342033
1778740037.6102087,PPI / Raw,57,0.011650800704956055,normal,0.52342033,0.47657967,0.52342033
1778740037.6551292,PPI / Raw,49,0.04492044448852539,normal,0.51561993,0.4843801,0.51561993
1778740037.7124636,PPI / Raw,78,0.05733442306518555,normal,0.52342033,0.47657967,0.52342033
1778740037.726716,PPI / Raw,49,0.014252424240112305,normal,0.51561993,0.4843801,0.51561993
1778740037.7609484,PPI / Raw,68,0.034232378005981445,normal,0.52342033,0.47657967,0.52342033
1778740037.787307,PPI / Raw,54,0.026358604431152344,normal,0.52342033,0.47657967,0.52342033
1778740037.7988071,PPI / Raw,49,0.011500120162963867,normal,0.51561993,0.4843801,0.51561993
1778740037.8360374,PPI / Raw,47,0.03723025321960449,normal,0.51561993,0.4843801,0.51561993
1778740037.8523102,PPI / Raw,56,0.016272783279418945,normal,0.52342033,0.47657967,0.52342033
1778740037.8689177,PPI / Raw,49,0.01660752296447754,normal,0.51561993,0.4843801,0.51561993
1778740037.8854563,PPI / Raw,70,0.016538619995117188,normal,0.52342033,0.47657967,0.52342033
1778740037.8902698,PPI / Raw,57,0.004813432693481445,normal,0.52342033,0.47657967,0.52342033
1778740037.939842,PPI / Raw,49,0.04957222938537598,normal,0.51561993,0.4843801,0.51561993
1778740037.9405272,PPI / Raw,67,0.0006852149963378906,normal,0.52342033,0.47657967,0.52342033
1778740037.9543126,PPI / Raw,70,0.013785362243652344,normal,0.52342033,0.47657967,0.52342033
1778740037.9723082,PPI / Raw,54,0.017995595932006836,normal,0.52342033,0.47657967,0.52342033
1778740037.9829535,PPI / Raw,61,0.010645389556884766,normal,0.52342033,0.47657967,0.52342033
1778740038.0024457,PPI / Raw,49,0.019492149353027344,normal,0.51561993,0.4843801,0.51561993
1778740038.070565,PPI / Raw,49,0.06811928749084473,normal,0.51561993,0.4843801,0.51561993
1778740038.099642,PPI / Raw,70,0.02907705307006836,normal,0.52342033,0.47657967,0.52342033
1778740038.1223094,PPI / Raw,56,0.022667407989501953,normal,0.52342033,0.47657967,0.52342033
1778740038.1422434,PPI / Raw,49,0.01993393898010254,normal,0.51561993,0.4843801,0.51561993
1778740038.1613662,PPI / Raw,70,0.019122838973999023,normal,0.52342033,0.47657967,0.52342033
1778740038.1623125,PPI / Raw,54,0.0009462833404541016,normal,0.52342033,0.47657967,0.52342033
1778740038.165332,PPI / Raw,57,0.003019571304321289,normal,0.52342033,0.47657967,0.52342033
1778740038.2123096,PPI / Raw,49,0.04697751998901367,normal,0.51561993,0.4843801,0.51561993
1778740038.2339852,PPI / Raw,70,0.021675586700439453,normal,0.52342033,0.47657967,0.52342033
1778740038.276983,PPI / Raw,49,0.04299783706665039,normal,0.51561993,0.4843801,0.51561993
1778740038.3404074,PPI / Raw,70,0.06342434883117676,normal,0.52342033,0.47657967,0.52342033
1778740038.3480136,PPI / Raw,49,0.0076062679290771484,normal,0.51561993,0.4843801,0.51561993
1778740038.3510613,PPI / Raw,54,0.0030477046966552734,normal,0.52342033,0.47657967,0.52342033
1778740038.3742144,PPI / Raw,70,0.023153066635131836,normal,0.52342033,0.47657967,0.52342033
1778740038.3935645,PPI / Raw,56,0.019350051879882812,normal,0.52342033,0.47657967,0.52342033
1778740038.419534,PPI / Raw,49,0.025969505310058594,normal,0.51561993,0.4843801,0.51561993
1778740038.4391484,PPI / Raw,57,0.019614458084106445,normal,0.52342033,0.47657967,0.52342033
1778740038.4591253,PPI / Raw,70,0.01997685432434082,normal,0.52342033,0.47657967,0.52342033
1778740038.4615252,PPI / Raw,47,0.002399921417236328,normal,0.51561993,0.4843801,0.51561993
1778740038.4911757,PPI / Raw,49,0.029650449752807617,normal,0.51561993,0.4843801,0.51561993
1778740038.4928641,PPI / Raw,70,0.0016884803771972656,normal,0.52342033,0.47657967,0.52342033
1778740038.5348155,PPI / Raw,54,0.04195141792297363,normal,0.52342033,0.47657967,0.52342033
1778740038.6278882,PPI / Raw,47,0.09307265281677246,normal,0.51561993,0.4843801,0.51561993
1778740038.6304,PPI / Raw,49,0.002511739730834961,normal,0.51561993,0.4843801,0.51561993
1778740038.6668966,PPI / Raw,38,0.036496639251708984,normal,0.53704137,0.4629586,0.53704137
1778740038.6685636,PPI / Raw,56,0.001667022705078125,normal,0.52342033,0.47657967,0.52342033
1778740038.6985545,PPI / Raw,49,0.02999091148376465,normal,0.51561993,0.4843801,0.51561993
1778740038.7031941,PPI / Raw,70,0.004639625549316406,normal,0.52342033,0.47657967,0.52342033
1778740038.714218,PPI / Raw,57,0.011023759841918945,normal,0.52342033,0.47657967,0.52342033
1778740038.718567,PPI / Raw,54,0.0043489933013916016,normal,0.52342033,0.47657967,0.52342033
1778740038.7611923,PPI / Raw,49,0.04262542724609375,normal,0.51561993,0.4843801,0.51561993
1778740038.7951033,PPI / Raw,70,0.03391098976135254,normal,0.52342033,0.47657967,0.52342033
1778740038.8241885,PPI / Raw,61,0.029085159301757812,normal,0.52342033,0.47657967,0.52342033
1778740038.8288136,PPI / Raw,49,0.004625082015991211,normal,0.51561993,0.4843801,0.51561993
1778740038.835442,PPI / Raw,42,0.006628513336181641,normal,0.5078119,0.49218813,0.5078119
1778740038.892921,PPI / Raw,49,0.057478904724121094,normal,0.51561993,0.4843801,0.51561993
1778740038.9098155,PPI / Raw,54,0.01689457893371582,normal,0.52342033,0.47657967,0.52342033
1778740038.942319,PPI / Raw,56,0.032503366470336914,normal,0.52342033,0.47657967,0.52342033
1778740038.9569895,PPI / Raw,49,0.014670610427856445,normal,0.51561993,0.4843801,0.51561993
1778740038.991787,PPI / Raw,57,0.03479743003845215,normal,0.52342033,0.47657967,0.52342033
1778740039.0190897,PPI / Raw,68,0.02730274200439453,normal,0.52342033,0.47657967,0.52342033
1778740039.0281544,PPI / Raw,68,0.009064674377441406,normal,0.52342033,0.47657967,0.52342033
1778740039.0935442,PPI / Raw,49,0.06538987159729004,normal,0.51561993,0.4843801,0.51561993
1778740039.0960698,PPI / Raw,54,0.0025255680084228516,normal,0.52342033,0.47657967,0.52342033
1778740039.106693,PPI / Raw,61,0.01062321662902832,normal,0.52342033,0.47657967,0.52342033
1778740039.155882,PPI / Raw,49,0.049188852310180664,normal,0.51561993,0.4843801,0.51561993
1778740039.1879432,PPI / Raw,42,0.03206133842468262,normal,0.5078119,0.49218813,0.5078119
1778740039.2078347,PPI / Raw,94,0.01989150047302246,normal,0.52342033,0.47657967,0.52342033
1778740039.2185678,PPI / Raw,56,0.01073312759399414,normal,0.52342033,0.47657967,0.52342033
1778740039.2254443,PPI / Raw,49,0.006876468658447266,normal,0.51561993,0.4843801,0.51561993
1778740039.2284677,PPI / Raw,68,0.003023386001586914,normal,0.52342033,0.47657967,0.52342033
1778740039.2416441,PPI / Raw,70,0.013176441192626953,normal,0.52342033,0.47657967,0.52342033
1778740039.2681031,PPI / Raw,57,0.0264589786529541,normal,0.52342033,0.47657967,0.52342033
1778740039.281068,PPI / Raw,54,0.012964963912963867,normal,0.52342033,0.47657967,0.52342033
1778740039.2890558,PPI / Raw,49,0.007987737655639648,normal,0.51561993,0.4843801,0.51561993
1778740039.3080034,PPI / Raw,70,0.018947601318359375,normal,0.52342033,0.47657967,0.52342033
1778740039.353075,PPI / Raw,49,0.04507160186767578,normal,0.51561993,0.4843801,0.51561993
1778740039.361667,PPI / Raw,70,0.008591890335083008,normal,0.52342033,0.47657967,0.52342033
1778740039.383285,PPI / Raw,69,0.021618127822875977,normal,0.52342033,0.47657967,0.52342033
1778740039.3916945,PPI / Raw,61,0.008409500122070312,normal,0.52342033,0.47657967,0.52342033
1778740039.4008749,PPI / Raw,70,0.009180307388305664,normal,0.52342033,0.47657967,0.52342033
1778740039.4244823,PPI / Raw,49,0.023607492446899414,normal,0.51561993,0.4843801,0.51561993
1778740039.437554,PPI / Raw,70,0.013071537017822266,normal,0.52342033,0.47657967,0.52342033
1778740039.4648225,PPI / Raw,54,0.027268648147583008,normal,0.52342033,0.47657967,0.52342033
1778740039.4688573,PPI / Raw,70,0.004034757614135742,normal,0.52342033,0.47657967,0.52342033
1778740039.488814,PPI / Raw,49,0.01995682716369629,normal,0.51561993,0.4843801,0.51561993
1778740039.49732,PPI / Raw,56,0.008505821228027344,normal,0.52342033,0.47657967,0.52342033
1778740039.5392647,PPI / Raw,57,0.04194474220275879,normal,0.52342033,0.47657967,0.52342033
1778740039.541695,PPI / Raw,42,0.002430438995361328,normal,0.5078119,0.49218813,0.5078119
1778740039.5601234,PPI / Raw,49,0.018428325653076172,normal,0.51561993,0.4843801,0.51561993
1778740039.572788,PPI / Raw,70,0.012664556503295898,normal,0.52342033,0.47657967,0.52342033
1778740039.610342,PPI / Raw,70,0.037554025650024414,normal,0.52342033,0.47657967,0.52342033
1778740039.6292648,PPI / Raw,49,0.018922805786132812,normal,0.51561993,0.4843801,0.51561993
1778740039.6473212,PPI / Raw,54,0.018056392669677734,normal,0.52342033,0.47657967,0.52342033
1778740039.6716917,PPI / Raw,62,0.024370431900024414,normal,0.52342033,0.47657967,0.52342033
1778740039.701832,PPI / Raw,49,0.030140399932861328,normal,0.51561993,0.4843801,0.51561993
1778740039.7375984,PPI / Raw,70,0.0357663631439209,normal,0.52342033,0.47657967,0.52342033
1778740039.7622018,PPI / Raw,69,0.02460336685180664,normal,0.52342033,0.47657967,0.52342033
1778740039.7730186,PPI / Raw,49,0.010816812515258789,normal,0.51561993,0.4843801,0.51561993
1778740039.7735722,PPI / Raw,56,0.0005536079406738281,normal,0.52342033,0.47657967,0.52342033
1778740039.8130822,PPI / Raw,57,0.03951001167297363,normal,0.52342033,0.47657967,0.52342033
1778740039.8310726,PPI / Raw,54,0.0179903507232666,normal,0.52342033,0.47657967,0.52342033
1778740039.8424625,PPI / Raw,47,0.011389970779418945,normal,0.51561993,0.4843801,0.51561993
1778740039.8903155,PPI / Raw,70,0.04785299301147461,normal,0.52342033,0.47657967,0.52342033
1778740039.9116993,PPI / Raw,49,0.02138376235961914,normal,0.51561993,0.4843801,0.51561993
1778740039.954183,PPI / Raw,61,0.04248380661010742,normal,0.52342033,0.47657967,0.52342033
1778740040.0148273,PPI / Raw,54,0.06064414978027344,normal,0.52342033,0.47657967,0.52342033
1778740040.0416384,PPI / Raw,49,0.02681112289428711,normal,0.51561993,0.4843801,0.51561993
1778740040.0448272,PPI / Raw,56,0.0031888484954833984,normal,0.52342033,0.47657967,0.52342033
1778740040.0678656,PPI / Raw,70,0.023038387298583984,normal,0.52342033,0.47657967,0.52342033
1778740040.0918963,PPI / Raw,57,0.024030685424804688,normal,0.52342033,0.47657967,0.52342033
1778740040.1074638,PPI / Raw,49,0.015567541122436523,normal,0.51561993,0.4843801,0.51561993
1778740040.1404922,PPI / Raw,70,0.033028364181518555,normal,0.52342033,0.47657967,0.52342033
1778740040.1730347,PPI / Raw,50,0.03254246711730957,normal,0.52342033,0.47657967,0.52342033
1778740040.1973252,PPI / Raw,54,0.02429056167602539,normal,0.52342033,0.47657967,0.52342033
1778740040.2341726,PPI / Raw,61,0.03684735298156738,normal,0.52342033,0.47657967,0.52342033
1778740040.2356317,PPI / Raw,49,0.0014591217041015625,normal,0.51561993,0.4843801,0.51561993
1778740040.2479258,PPI / Raw,38,0.01229405403137207,normal,0.53704137,0.4629586,0.53704137
1778740040.2959814,PPI / Raw,68,0.04805564880371094,normal,0.52342033,0.47657967,0.52342033
1778740040.3014894,PPI / Raw,70,0.005507946014404297,normal,0.52342033,0.47657967,0.52342033
1778740040.3060253,PPI / Raw,49,0.0045359134674072266,normal,0.51561993,0.4843801,0.51561993
1778740040.3235795,PPI / Raw,56,0.017554283142089844,normal,0.52342033,0.47657967,0.52342033
1778740040.3377945,PPI / Raw,70,0.01421499252319336,normal,0.52342033,0.47657967,0.52342033
1778740040.361962,PPI / Raw,57,0.024167537689208984,normal,0.52342033,0.47657967,0.52342033
1778740040.3678613,PPI / Raw,70,0.005899190902709961,normal,0.52342033,0.47657967,0.52342033
1778740040.3754706,PPI / Raw,49,0.007609367370605469,normal,0.51561993,0.4843801,0.51561993
1778740040.3873267,PPI / Raw,54,0.0118560791015625,normal,0.52342033,0.47657967,0.52342033
1778740040.406681,PPI / Raw,70,0.01935434341430664,normal,0.52342033,0.47657967,0.52342033
1778740040.4404864,PPI / Raw,70,0.03380537033081055,normal,0.52342033,0.47657967,0.52342033
1778740040.5043437,PPI / Raw,70,0.0638573169708252,normal,0.52342033,0.47657967,0.52342033
1778740040.5135243,PPI / Raw,49,0.009180545806884766,normal,0.51561993,0.4843801,0.51561993
1778740040.5166674,PPI / Raw,61,0.0031430721282958984,normal,0.52342033,0.47657967,0.52342033
1778740040.5760784,PPI / Raw,54,0.059411048889160156,normal,0.52342033,0.47657967,0.52342033
1778740040.5766637,PPI / Raw,49,0.0005853176116943359,normal,0.51561993,0.4843801,0.51561993
1778740040.5927646,PPI / Raw,70,0.01610088348388672,normal,0.52342033,0.47657967,0.52342033
1778740040.597916,PPI / Raw,42,0.005151271820068359,normal,0.5078119,0.49218813,0.5078119
1778740040.5998313,PPI / Raw,56,0.0019154548645019531,normal,0.52342033,0.47657967,0.52342033
1778740040.6329865,PPI / Raw,47,0.033155202865600586,normal,0.51561993,0.4843801,0.51561993
1778740040.6343043,PPI / Raw,57,0.001317739486694336,normal,0.52342033,0.47657967,0.52342033
1778740040.6451201,PPI / Raw,49,0.010815858840942383,normal,0.51561993,0.4843801,0.51561993
1778740040.7074728,PPI / Raw,49,0.062352657318115234,normal,0.51561993,0.4843801,0.51561993
1778740040.76733,PPI / Raw,54,0.05985713005065918,normal,0.52342033,0.47657967,0.52342033
1778740040.7753632,PPI / Raw,49,0.008033275604248047,normal,0.51561993,0.4843801,0.51561993
1778740040.8403068,PPI / Raw,49,0.06494355201721191,normal,0.51561993,0.4843801,0.51561993
1778740040.8723335,PPI / Raw,56,0.03202676773071289,normal,0.52342033,0.47657967,0.52342033
1778740040.9045727,PPI / Raw,49,0.03223919868469238,normal,0.51561993,0.4843801,0.51561993
1778740040.9543834,PPI / Raw,70,0.04981064796447754,normal,0.52342033,0.47657967,0.52342033
1778740040.9560845,PPI / Raw,54,0.0017011165618896484,normal,0.52342033,0.47657967,0.52342033
1778740040.9751267,PPI / Raw,49,0.019042253494262695,normal,0.51561993,0.4843801,0.51561993
1778740041.0244923,PPI / Raw,70,0.04936552047729492,normal,0.52342033,0.47657967,0.52342033
1778740041.045044,PPI / Raw,49,0.020551681518554688,normal,0.51561993,0.4843801,0.51561993
1778740041.092104,PPI / Raw,70,0.04706001281738281,normal,0.52342033,0.47657967,0.52342033
1778740041.1097822,PPI / Raw,49,0.017678260803222656,normal,0.51561993,0.4843801,0.51561993
1778740041.1349554,PPI / Raw,50,0.025173187255859375,normal,0.52342033,0.47657967,0.52342033
1778740041.1373324,PPI / Raw,54,0.002377033233642578,normal,0.52342033,0.47657967,0.52342033
1778740041.1510856,PPI / Raw,56,0.013753175735473633,normal,0.52342033,0.47657967,0.52342033
1778740041.172298,PPI / Raw,49,0.021212339401245117,normal,0.51561993,0.4843801,0.51561993
1778740041.1869395,PPI / Raw,57,0.014641523361206055,normal,0.52342033,0.47657967,0.52342033
1778740041.23863,PPI / Raw,49,0.05169057846069336,normal,0.51561993,0.4843801,0.51561993
1778740041.327334,PPI / Raw,54,0.08870387077331543,normal,0.52342033,0.47657967,0.52342033
1778740041.3417106,PPI / Raw,70,0.014376640319824219,normal,0.52342033,0.47657967,0.52342033
1778740041.3429132,PPI / Raw,61,0.0012025833129882812,normal,0.52342033,0.47657967,0.52342033
1778740041.3667402,PPI / Raw,49,0.023827075958251953,normal,0.51561993,0.4843801,0.51561993
1778740041.4011528,PPI / Raw,60,0.03441262245178223,normal,0.52342033,0.47657967,0.52342033
1778740041.421088,PPI / Raw,56,0.019935131072998047,normal,0.52342033,0.47657967,0.52342033
1778740041.421829,PPI / Raw,39,0.0007410049438476562,normal,0.5448014,0.45519862,0.5448014
1778740041.4368148,PPI / Raw,49,0.014985799789428711,normal,0.51561993,0.4843801,0.51561993
1778740041.4670045,PPI / Raw,57,0.03018975257873535,normal,0.52342033,0.47657967,0.52342033
1778740041.5148385,PPI / Raw,54,0.047833919525146484,normal,0.52342033,0.47657967,0.52342033
1778740041.5543356,PPI / Raw,42,0.03949713706970215,normal,0.5078119,0.49218813,0.5078119
1778740041.557787,PPI / Raw,87,0.0034513473510742188,normal,0.52342033,0.47657967,0.52342033
1778740041.5682404,PPI / Raw,49,0.010453462600708008,normal,0.51561993,0.4843801,0.51561993
1778740041.6179144,PPI / Raw,61,0.049674034118652344,normal,0.52342033,0.47657967,0.52342033
1778740041.633786,PPI / Raw,49,0.015871524810791016,normal,0.51561993,0.4843801,0.51561993
1778740041.635061,PPI / Raw,69,0.0012750625610351562,normal,0.52342033,0.47657967,0.52342033
1778740041.6604145,PPI / Raw,42,0.025353431701660156,normal,0.5078119,0.49218813,0.5078119
1778740041.6713853,PPI / Raw,93,0.010970830917358398,normal,0.52342033,0.47657967,0.52342033
1778740041.674976,PPI / Raw,58,0.003590822219848633,normal,0.52342033,0.47657967,0.52342033
1778740041.691087,PPI / Raw,56,0.016110897064208984,normal,0.52342033,0.47657967,0.52342033
1778740041.6962392,PPI / Raw,49,0.005152225494384766,normal,0.51561993,0.4843801,0.51561993
1778740041.7035902,PPI / Raw,54,0.007350921630859375,normal,0.52342033,0.47657967,0.52342033
1778740041.7064695,PPI / Raw,85,0.0028793811798095703,normal,0.52342033,0.47657967,0.52342033
1778740041.7681148,PPI / Raw,49,0.0616452693939209,normal,0.51561993,0.4843801,0.51561993
1778740041.844937,PPI / Raw,47,0.07682228088378906,normal,0.51561993,0.4843801,0.51561993
1778740041.8873386,PPI / Raw,54,0.04240155220031738,normal,0.52342033,0.47657967,0.52342033
1778740041.967339,PPI / Raw,56,0.08000040054321289,normal,0.52342033,0.47657967,0.52342033
1778740041.9733438,PPI / Raw,49,0.006004810333251953,normal,0.51561993,0.4843801,0.51561993
1778740042.008388,PPI / Raw,57,0.035044193267822266,normal,0.52342033,0.47657967,0.52342033
1778740042.073593,PPI / Raw,54,0.06520485877990723,normal,0.52342033,0.47657967,0.52342033
1778740042.1060371,PPI / Raw,49,0.03244423866271973,normal,0.51561993,0.4843801,0.51561993
1778740042.1729684,PPI / Raw,49,0.06693124771118164,normal,0.51561993,0.4843801,0.51561993
1778740042.2213454,PPI / Raw,58,0.048377037048339844,normal,0.52342033,0.47657967,0.52342033
1778740042.2423415,PPI / Raw,56,0.02099609375,normal,0.52342033,0.47657967,0.52342033
1778740042.2447407,PPI / Raw,49,0.0023992061614990234,normal,0.51561993,0.4843801,0.51561993
1778740042.2560945,PPI / Raw,54,0.011353731155395508,normal,0.52342033,0.47657967,0.52342033
1778740042.284706,PPI / Raw,57,0.02861166000366211,normal,0.52342033,0.47657967,0.52342033
1778740042.3092153,PPI / Raw,49,0.024509191513061523,normal,0.51561993,0.4843801,0.51561993
1778740042.3779747,PPI / Raw,49,0.06875944137573242,normal,0.51561993,0.4843801,0.51561993
1778740042.438596,PPI / Raw,54,0.06062126159667969,normal,0.52342033,0.47657967,0.52342033
1778740042.445453,PPI / Raw,49,0.0068569183349609375,normal,0.51561993,0.4843801,0.51561993
1778740042.4939315,PPI / Raw,60,0.04847860336303711,normal,0.52342033,0.47657967,0.52342033
1778740042.494689,PPI / Raw,71,0.0007574558258056641,normal,0.52342033,0.47657967,0.52342033
1778740042.5160933,PPI / Raw,56,0.021404266357421875,normal,0.52342033,0.47657967,0.52342033
1778740042.5485003,PPI / Raw,57,0.03240704536437988,normal,0.52342033,0.47657967,0.52342033
1778740042.558988,PPI / Raw,47,0.010487794876098633,normal,0.51561993,0.4843801,0.51561993
1778740042.58155,PPI / Raw,49,0.02256178855895996,normal,0.51561993,0.4843801,0.51561993
1778740042.608171,PPI / Raw,69,0.026621103286743164,normal,0.52342033,0.47657967,0.52342033
1778740042.6235971,PPI / Raw,54,0.015426158905029297,normal,0.52342033,0.47657967,0.52342033
1778740042.6502976,PPI / Raw,49,0.026700496673583984,normal,0.51561993,0.4843801,0.51561993
1778740042.6981008,PPI / Raw,50,0.04780316352844238,normal,0.52342033,0.47657967,0.52342033
1778740042.7173038,PPI / Raw,49,0.01920294761657715,normal,0.51561993,0.4843801,0.51561993
1778740042.784445,PPI / Raw,49,0.06714129447937012,normal,0.51561993,0.4843801,0.51561993
1778740042.7860956,PPI / Raw,56,0.0016505718231201172,normal,0.52342033,0.47657967,0.52342033
1778740042.8073459,PPI / Raw,54,0.021250247955322266,normal,0.52342033,0.47657967,0.52342033
1778740042.8248217,PPI / Raw,57,0.01747584342956543,normal,0.52342033,0.47657967,0.52342033
1778740042.8561115,PPI / Raw,49,0.03128981590270996,normal,0.51561993,0.4843801,0.51561993
1778740042.922579,PPI / Raw,49,0.0664675235748291,normal,0.51561993,0.4843801,0.51561993
1778740042.9651902,PPI / Raw,69,0.042611122131347656,normal,0.52342033,0.47657967,0.52342033
1778740042.9923644,PPI / Raw,49,0.02717423439025879,normal,0.51561993,0.4843801,0.51561993
1778740042.9961002,PPI / Raw,54,0.003735780715942383,normal,0.52342033,0.47657967,0.52342033
1778740043.0572822,PPI / Raw,49,0.06118202209472656,normal,0.51561993,0.4843801,0.51561993
1778740043.0611007,PPI / Raw,56,0.003818511962890625,normal,0.52342033,0.47657967,0.52342033
1778740043.1048923,PPI / Raw,57,0.04379153251647949,normal,0.52342033,0.47657967,0.52342033
1778740043.1253636,PPI / Raw,49,0.02047133445739746,normal,0.51561993,0.4843801,0.51561993
1778740043.1742465,PPI / Raw,53,0.04888296127319336,normal,0.52342033,0.47657967,0.52342033
1778740043.1848485,PPI / Raw,54,0.010601997375488281,normal,0.52342033,0.47657967,0.52342033
1778740043.1966918,PPI / Raw,49,0.011843204498291016,normal,0.51561993,0.4843801,0.51561993
1778740043.239396,PPI / Raw,69,0.04270434379577637,normal,0.52342033,0.47657967,0.52342033
1778740043.2602594,PPI / Raw,49,0.02086329460144043,normal,0.51561993,0.4843801,0.51561993
1778740043.2694747,PPI / Raw,69,0.009215354919433594,normal,0.52342033,0.47657967,0.52342033
1778740043.2816734,PPI / Raw,61,0.012198686599731445,normal,0.52342033,0.47657967,0.52342033
1778740043.3240523,PPI / Raw,49,0.042378902435302734,normal,0.51561993,0.4843801,0.51561993
1778740043.334853,PPI / Raw,56,0.010800600051879883,normal,0.52342033,0.47657967,0.52342033
1778740043.3722093,PPI / Raw,85,0.03735637664794922,normal,0.52342033,0.47657967,0.52342033
1778740043.3761,PPI / Raw,54,0.0038907527923583984,normal,0.52342033,0.47657967,0.52342033
1778740043.3774624,PPI / Raw,57,0.0013623237609863281,normal,0.52342033,0.47657967,0.52342033
1778740043.3915343,PPI / Raw,49,0.014071941375732422,normal,0.51561993,0.4843801,0.51561993
1778740043.4097896,PPI / Raw,69,0.018255233764648438,normal,0.52342033,0.47657967,0.52342033
1778740043.4630466,PPI / Raw,49,0.053256988525390625,normal,0.51561993,0.4843801,0.51561993
1778740043.5673518,PPI / Raw,54,0.10430526733398438,normal,0.52342033,0.47657967,0.52342033
1778740043.6111047,PPI / Raw,56,0.04375290870666504,normal,0.52342033,0.47657967,0.52342033
1778740043.6475308,PPI / Raw,57,0.03642606735229492,normal,0.52342033,0.47657967,0.52342033
1778740043.661723,PPI / Raw,49,0.01419210433959961,normal,0.51561993,0.4843801,0.51561993
1778740043.7253444,PPI / Raw,49,0.06362152099609375,normal,0.51561993,0.4843801,0.51561993
1778740043.7283537,PPI / Raw,55,0.003009319305419922,normal,0.52342033,0.47657967,0.52342033
1778740043.7498531,PPI / Raw,54,0.0214993953704834,normal,0.52342033,0.47657967,0.52342033
1778740043.7930307,PPI / Raw,49,0.04317760467529297,normal,0.51561993,0.4843801,0.51561993
1778740043.861865,PPI / Raw,49,0.06883430480957031,normal,0.51561993,0.4843801,0.51561993
1778740043.881107,PPI / Raw,56,0.019242048263549805,normal,0.52342033,0.47657967,0.52342033
1778740043.9188457,PPI / Raw,57,0.03773856163024902,normal,0.52342033,0.47657967,0.52342033
1778740043.9264574,PPI / Raw,49,0.007611751556396484,normal,0.51561993,0.4843801,0.51561993
1778740043.9398575,PPI / Raw,54,0.013400077819824219,normal,0.52342033,0.47657967,0.52342033
1778740043.991847,PPI / Raw,49,0.05198955535888672,normal,0.51561993,0.4843801,0.51561993
1778740044.0577455,PPI / Raw,49,0.06589841842651367,normal,0.51561993,0.4843801,0.51561993
1778740044.1261058,PPI / Raw,54,0.0683603286743164,normal,0.52342033,0.47657967,0.52342033
1778740044.1536093,PPI / Raw,56,0.027503490447998047,normal,0.52342033,0.47657967,0.52342033
1778740044.1875935,PPI / Raw,49,0.03398418426513672,normal,0.51561993,0.4843801,0.51561993
1778740044.1964128,PPI / Raw,57,0.008819341659545898,normal,0.52342033,0.47657967,0.52342033
1778740044.258087,PPI / Raw,49,0.06167411804199219,normal,0.51561993,0.4843801,0.51561993
1778740044.3073573,PPI / Raw,54,0.0492703914642334,normal,0.52342033,0.47657967,0.52342033
1778740044.3267264,PPI / Raw,49,0.019369125366210938,normal,0.51561993,0.4843801,0.51561993
1778740044.3913486,PPI / Raw,49,0.06462216377258301,normal,0.51561993,0.4843801,0.51561993
1778740044.432358,PPI / Raw,56,0.04100942611694336,normal,0.52342033,0.47657967,0.52342033
1778740044.4618099,PPI / Raw,49,0.029451847076416016,normal,0.51561993,0.4843801,0.51561993
1778740044.4677312,PPI / Raw,57,0.005921363830566406,normal,0.52342033,0.47657967,0.52342033
1778740044.483122,PPI / Raw,50,0.015390872955322266,normal,0.52342033,0.47657967,0.52342033
1778740044.4948618,PPI / Raw,54,0.011739730834960938,normal,0.52342033,0.47657967,0.52342033
1778740044.5292444,PPI / Raw,49,0.03438258171081543,normal,0.51561993,0.4843801,0.51561993
1778740044.582797,PPI / Raw,45,0.05355262756347656,normal,0.51561993,0.4843801,0.51561993
1778740044.598827,PPI / Raw,49,0.016029834747314453,normal,0.51561993,0.4843801,0.51561993
1778740044.6674933,PPI / Raw,49,0.06866645812988281,normal,0.51561993,0.4843801,0.51561993
1778740044.6798604,PPI / Raw,54,0.012367010116577148,normal,0.52342033,0.47657967,0.52342033
1778740044.7086134,PPI / Raw,56,0.028753042221069336,normal,0.52342033,0.47657967,0.52342033
1778740044.7376127,PPI / Raw,49,0.02899932861328125,normal,0.51561993,0.4843801,0.51561993
1778740044.8068893,PPI / Raw,49,0.06927657127380371,normal,0.51561993,0.4843801,0.51561993
1778740044.8636143,PPI / Raw,54,0.05672502517700195,normal,0.52342033,0.47657967,0.52342033
1778740044.8764675,PPI / Raw,49,0.012853145599365234,normal,0.51561993,0.4843801,0.51561993
1778740044.948005,PPI / Raw,49,0.07153749465942383,normal,0.51561993,0.4843801,0.51561993
1778740044.9786124,PPI / Raw,56,0.03060746192932129,normal,0.52342033,0.47657967,0.52342033
1778740045.0141144,PPI / Raw,57,0.035501956939697266,normal,0.52342033,0.47657967,0.52342033
1778740045.0161326,PPI / Raw,49,0.0020182132720947266,normal,0.51561993,0.4843801,0.51561993
1778740045.0498662,PPI / Raw,54,0.03373360633850098,normal,0.52342033,0.47657967,0.52342033
1778740045.061725,PPI / Raw,60,0.011858701705932617,normal,0.52342033,0.47657967,0.52342033
1778740045.081373,PPI / Raw,49,0.019648075103759766,normal,0.51561993,0.4843801,0.51561993
1778740045.1486063,PPI / Raw,49,0.06723332405090332,normal,0.51561993,0.4843801,0.51561993
1778740045.2113256,PPI / Raw,49,0.06271934509277344,normal,0.51561993,0.4843801,0.51561993
1778740045.2348645,PPI / Raw,54,0.023538827896118164,normal,0.52342033,0.47657967,0.52342033
1778740045.2548676,PPI / Raw,56,0.020003080368041992,normal,0.52342033,0.47657967,0.52342033
1778740045.27693,PPI / Raw,49,0.02206254005432129,normal,0.51561993,0.4843801,0.51561993
1778740045.284181,PPI / Raw,57,0.00725102424621582,normal,0.52342033,0.47657967,0.52342033
1778740045.3418026,PPI / Raw,49,0.05762147903442383,normal,0.51561993,0.4843801,0.51561993
1778740045.4089503,PPI / Raw,49,0.06714773178100586,normal,0.51561993,0.4843801,0.51561993
1778740045.4198687,PPI / Raw,54,0.010918378829956055,normal,0.52342033,0.47657967,0.52342033
1778740045.4776495,PPI / Raw,49,0.05778074264526367,normal,0.51561993,0.4843801,0.51561993
1778740045.5323668,PPI / Raw,56,0.054717302322387695,normal,0.52342033,0.47657967,0.52342033
1778740045.5617561,PPI / Raw,57,0.029389381408691406,normal,0.52342033,0.47657967,0.52342033
1778740045.6086204,PPI / Raw,54,0.04686427116394043,normal,0.52342033,0.47657967,0.52342033
1778740045.6186156,PPI / Raw,49,0.009995222091674805,normal,0.51561993,0.4843801,0.51561993
1778740045.6867537,PPI / Raw,49,0.06813812255859375,normal,0.51561993,0.4843801,0.51561993
1778740045.748675,PPI / Raw,49,0.06192135810852051,normal,0.51561993,0.4843801,0.51561993
1778740045.7898688,PPI / Raw,54,0.04119372367858887,normal,0.52342033,0.47657967,0.52342033
1778740045.804869,PPI / Raw,56,0.015000104904174805,normal,0.52342033,0.47657967,0.52342033
1778740045.8192585,PPI / Raw,49,0.014389514923095703,normal,0.51561993,0.4843801,0.51561993
1778740045.888832,PPI / Raw,49,0.06957364082336426,normal,0.51561993,0.4843801,0.51561993
1778740045.9252887,PPI / Raw,55,0.03645658493041992,normal,0.52342033,0.47657967,0.52342033
1778740045.93418,PPI / Raw,68,0.00889134407043457,normal,0.52342033,0.47657967,0.52342033
1778740045.9608595,PPI / Raw,49,0.026679515838623047,normal,0.51561993,0.4843801,0.51561993
1778740045.9773731,PPI / Raw,54,0.016513586044311523,normal,0.52342033,0.47657967,0.52342033
1778740046.024995,PPI / Raw,49,0.047621965408325195,normal,0.51561993,0.4843801,0.51561993
1778740046.0429313,PPI / Raw,68,0.017936229705810547,normal,0.52342033,0.47657967,0.52342033
1778740046.081121,PPI / Raw,56,0.03818964958190918,normal,0.52342033,0.47657967,0.52342033
1778740046.096867,PPI / Raw,49,0.015746116638183594,normal,0.51561993,0.4843801,0.51561993
1778740046.1179962,PPI / Raw,57,0.021129131317138672,normal,0.52342033,0.47657967,0.52342033
1778740046.1679416,PPI / Raw,49,0.04994535446166992,normal,0.51561993,0.4843801,0.51561993
1778740046.236571,PPI / Raw,49,0.06862950325012207,normal,0.51561993,0.4843801,0.51561993
1778740046.3023303,PPI / Raw,49,0.06575918197631836,normal,0.51561993,0.4843801,0.51561993
1778740046.3536263,PPI / Raw,54,0.05129599571228027,normal,0.52342033,0.47657967,0.52342033
1778740046.3561263,PPI / Raw,56,0.0025000572204589844,normal,0.52342033,0.47657967,0.52342033
1778740046.3701658,PPI / Raw,49,0.01403951644897461,normal,0.51561993,0.4843801,0.51561993
1778740046.3943164,PPI / Raw,57,0.024150609970092773,normal,0.52342033,0.47657967,0.52342033
1778740046.503599,PPI / Raw,49,0.1092824935913086,normal,0.51561993,0.4843801,0.51561993
1778740046.5436246,PPI / Raw,54,0.04002571105957031,normal,0.52342033,0.47657967,0.52342033
1778740046.5618834,PPI / Raw,58,0.01825881004333496,normal,0.52342033,0.47657967,0.52342033
1778740046.566642,PPI / Raw,49,0.004758596420288086,normal,0.51561993,0.4843801,0.51561993
1778740046.571689,PPI / Raw,47,0.005046844482421875,normal,0.51561993,0.4843801,0.51561993
1778740046.629878,PPI / Raw,56,0.05818915367126465,normal,0.52342033,0.47657967,0.52342033
1778740046.6318967,PPI / Raw,49,0.0020186901092529297,normal,0.51561993,0.4843801,0.51561993
1778740046.674387,PPI / Raw,57,0.042490243911743164,normal,0.52342033,0.47657967,0.52342033
1778740046.6937726,PPI / Raw,49,0.019385576248168945,normal,0.51561993,0.4843801,0.51561993
1778740046.7336264,PPI / Raw,54,0.039853811264038086,normal,0.52342033,0.47657967,0.52342033
1778740046.751786,PPI / Raw,56,0.01815962791442871,normal,0.52342033,0.47657967,0.52342033
1778740046.8289351,PPI / Raw,49,0.0771491527557373,normal,0.51561993,0.4843801,0.51561993
1778740046.8618162,PPI / Raw,58,0.03288102149963379,normal,0.52342033,0.47657967,0.52342033
1778740046.8951592,PPI / Raw,49,0.03334307670593262,normal,0.51561993,0.4843801,0.51561993
1778740046.8998804,PPI / Raw,56,0.004721164703369141,normal,0.52342033,0.47657967,0.52342033
1778740046.9236307,PPI / Raw,54,0.02375030517578125,normal,0.52342033,0.47657967,0.52342033
1778740046.948205,PPI / Raw,57,0.02457427978515625,normal,0.52342033,0.47657967,0.52342033
1778740046.961253,PPI / Raw,49,0.013047933578491211,normal,0.51561993,0.4843801,0.51561993
1778740046.9679792,PPI / Raw,68,0.006726264953613281,normal,0.52342033,0.47657967,0.52342033
1778740047.07982,PPI / Raw,67,0.11184072494506836,normal,0.52342033,0.47657967,0.52342033
1778740047.091811,PPI / Raw,49,0.011991024017333984,normal,0.51561993,0.4843801,0.51561993
1778740047.1073792,PPI / Raw,54,0.015568256378173828,normal,0.52342033,0.47657967,0.52342033
1778740047.1553721,PPI / Raw,49,0.04799294471740723,normal,0.51561993,0.4843801,0.51561993
1778740047.161686,PPI / Raw,58,0.006313800811767578,normal,0.52342033,0.47657967,0.52342033
1778740047.1773827,PPI / Raw,56,0.01569676399230957,normal,0.52342033,0.47657967,0.52342033
1778740047.2195241,PPI / Raw,57,0.04214143753051758,normal,0.52342033,0.47657967,0.52342033
1778740047.2260938,PPI / Raw,49,0.006569623947143555,normal,0.51561993,0.4843801,0.51561993
1778740047.2952461,PPI / Raw,49,0.0691523551940918,normal,0.51561993,0.4843801,0.51561993
1778740047.306952,PPI / Raw,56,0.011705875396728516,normal,0.52342033,0.47657967,0.52342033
1778740047.3628778,PPI / Raw,49,0.055925846099853516,normal,0.51561993,0.4843801,0.51561993
1778740047.425321,PPI / Raw,49,0.06244325637817383,normal,0.51561993,0.4843801,0.51561993
1778740047.4561348,PPI / Raw,56,0.03081369400024414,normal,0.52342033,0.47657967,0.52342033
1778740047.483635,PPI / Raw,54,0.027500152587890625,normal,0.52342033,0.47657967,0.52342033
1778740047.4881926,PPI / Raw,49,0.004557609558105469,normal,0.51561993,0.4843801,0.51561993
1778740047.4908412,PPI / Raw,57,0.002648591995239258,normal,0.52342033,0.47657967,0.52342033
1778740047.5542116,PPI / Raw,57,0.0633704662322998,normal,0.52342033,0.47657967,0.52342033
1778740047.5730433,PPI / Raw,47,0.018831729888916016,normal,0.51561993,0.4843801,0.51561993
1778740047.6736333,PPI / Raw,54,0.10058999061584473,normal,0.52342033,0.47657967,0.52342033
1778740047.6853929,PPI / Raw,42,0.011759519577026367,normal,0.5078119,0.49218813,0.5078119
1778740047.6881957,PPI / Raw,49,0.0028028488159179688,normal,0.51561993,0.4843801,0.51561993
1778740047.7348871,PPI / Raw,56,0.0466914176940918,normal,0.52342033,0.47657967,0.52342033
1778740047.761908,PPI / Raw,58,0.027020931243896484,normal,0.52342033,0.47657967,0.52342033
1778740047.825549,PPI / Raw,49,0.06364083290100098,normal,0.51561993,0.4843801,0.51561993
1778740047.8318238,PPI / Raw,57,0.0062749385833740234,normal,0.52342033,0.47657967,0.52342033
1778740047.8521178,PPI / Raw,56,0.0202939510345459,normal,0.52342033,0.47657967,0.52342033
1778740047.8641233,PPI / Raw,79,0.01200556755065918,normal,0.52342033,0.47657967,0.52342033
1778740047.8648882,PPI / Raw,54,0.0007648468017578125,normal,0.52342033,0.47657967,0.52342033
1778740047.8934972,PPI / Raw,49,0.028609037399291992,normal,0.51561993,0.4843801,0.51561993
1778740047.9641485,PPI / Raw,49,0.07065129280090332,normal,0.51561993,0.4843801,0.51561993
1778740048.013636,PPI / Raw,56,0.04948759078979492,normal,0.52342033,0.47657967,0.52342033
1778740048.0268779,PPI / Raw,49,0.013241767883300781,normal,0.51561993,0.4843801,0.51561993
1778740048.047389,PPI / Raw,54,0.020511150360107422,normal,0.52342033,0.47657967,0.52342033
1778740048.0967214,PPI / Raw,49,0.049332380294799805,normal,0.51561993,0.4843801,0.51561993
1778740048.108142,PPI / Raw,57,0.011420488357543945,normal,0.52342033,0.47657967,0.52342033
1778740048.164175,PPI / Raw,49,0.05603313446044922,normal,0.51561993,0.4843801,0.51561993
1778740048.2267413,PPI / Raw,49,0.06256628036499023,normal,0.51561993,0.4843801,0.51561993
1778740048.233638,PPI / Raw,54,0.0068967342376708984,normal,0.52342033,0.47657967,0.52342033
1778740048.2836382,PPI / Raw,56,0.05000019073486328,normal,0.52342033,0.47657967,0.52342033
1778740048.2965798,PPI / Raw,49,0.012941598892211914,normal,0.51561993,0.4843801,0.51561993
1778740048.363062,PPI / Raw,49,0.0664820671081543,normal,0.51561993,0.4843801,0.51561993
1778740048.380566,PPI / Raw,57,0.017503976821899414,normal,0.52342033,0.47657967,0.52342033
1778740048.4186423,PPI / Raw,54,0.03807640075683594,normal,0.52342033,0.47657967,0.52342033
1778740048.4279475,PPI / Raw,49,0.009305238723754883,normal,0.51561993,0.4843801,0.51561993
1778740048.5545995,PPI / Raw,49,0.12665200233459473,normal,0.51561993,0.4843801,0.51561993
1778740048.5586405,PPI / Raw,56,0.004040956497192383,normal,0.52342033,0.47657967,0.52342033
1778740048.6011436,PPI / Raw,54,0.04250311851501465,normal,0.52342033,0.47657967,0.52342033
1778740048.6210449,PPI / Raw,49,0.019901275634765625,normal,0.51561993,0.4843801,0.51561993
1778740048.6506326,PPI / Raw,57,0.029587745666503906,normal,0.52342033,0.47657967,0.52342033
1778740048.6622283,PPI / Raw,58,0.011595726013183594,normal,0.52342033,0.47657967,0.52342033
1778740048.6861198,PPI / Raw,56,0.023891448974609375,normal,0.52342033,0.47657967,0.52342033
1778740048.691632,PPI / Raw,49,0.005512237548828125,normal,0.51561993,0.4843801,0.51561993
1778740048.7367167,PPI / Raw,68,0.04508471488952637,normal,0.52342033,0.47657967,0.52342033
1778740048.7453973,PPI / Raw,42,0.008680582046508789,normal,0.5078119,0.49218813,0.5078119
1778740048.782392,PPI / Raw,54,0.03699469566345215,normal,0.52342033,0.47657967,0.52342033
1778740048.8311884,PPI / Raw,49,0.04879641532897949,normal,0.51561993,0.4843801,0.51561993
1778740048.8386428,PPI / Raw,56,0.007454395294189453,normal,0.52342033,0.47657967,0.52342033
1778740048.9306984,PPI / Raw,57,0.0920555591583252,normal,0.52342033,0.47657967,0.52342033
1778740048.9314463,PPI / Raw,39,0.0007479190826416016,normal,0.5448014,0.45519862,0.5448014
1778740048.9574103,PPI / Raw,49,0.025964021682739258,normal,0.51561993,0.4843801,0.51561993
1778740048.9636464,PPI / Raw,54,0.006236076354980469,normal,0.52342033,0.47657967,0.52342033
1778740049.0287364,PPI / Raw,49,0.06508994102478027,normal,0.51561993,0.4843801,0.51561993
1778740049.099652,PPI / Raw,49,0.07091569900512695,normal,0.51561993,0.4843801,0.51561993
1778740049.1098948,PPI / Raw,56,0.010242700576782227,normal,0.52342033,0.47657967,0.52342033
1778740049.152398,PPI / Raw,54,0.04250335693359375,normal,0.52342033,0.47657967,0.52342033
1778740049.1622112,PPI / Raw,49,0.009813070297241211,normal,0.51561993,0.4843801,0.51561993
1778740049.2099426,PPI / Raw,57,0.04773139953613281,normal,0.52342033,0.47657967,0.52342033
1778740049.296297,PPI / Raw,49,0.08635449409484863,normal,0.51561993,0.4843801,0.51561993
1778740049.3336494,PPI / Raw,54,0.03735232353210449,normal,0.52342033,0.47657967,0.52342033
1778740049.360596,PPI / Raw,49,0.026946544647216797,normal,0.51561993,0.4843801,0.51561993
1778740049.3898969,PPI / Raw,56,0.029300928115844727,normal,0.52342033,0.47657967,0.52342033
1778740049.4232364,PPI / Raw,49,0.033339500427246094,normal,0.51561993,0.4843801,0.51561993
1778740049.4291394,PPI / Raw,93,0.005903005599975586,normal,0.52342033,0.47657967,0.52342033
1778740049.4700408,PPI / Raw,47,0.04090142250061035,normal,0.51561993,0.4843801,0.51561993
1778740049.485011,PPI / Raw,57,0.01497030258178711,normal,0.52342033,0.47657967,0.52342033
1778740049.5161476,PPI / Raw,54,0.031136512756347656,normal,0.52342033,0.47657967,0.52342033
1778740049.5516992,PPI / Raw,49,0.03555154800415039,normal,0.51561993,0.4843801,0.51561993
1778740049.5638716,PPI / Raw,58,0.012172460556030273,normal,0.52342033,0.47657967,0.52342033
1778740049.5807638,PPI / Raw,47,0.016892194747924805,normal,0.51561993,0.4843801,0.51561993
1778740049.6197677,PPI / Raw,49,0.039003849029541016,normal,0.51561993,0.4843801,0.51561993
1778740049.663649,PPI / Raw,56,0.04388141632080078,normal,0.52342033,0.47657967,0.52342033
1778740049.6757855,PPI / Raw,47,0.012136459350585938,normal,0.51561993,0.4843801,0.51561993
1778740049.6973991,PPI / Raw,54,0.021613597869873047,normal,0.52342033,0.47657967,0.52342033
1778740049.7004275,PPI / Raw,58,0.003028392791748047,normal,0.52342033,0.47657967,0.52342033
1778740049.7041411,PPI / Raw,61,0.0037136077880859375,normal,0.52342033,0.47657967,0.52342033
1778740049.7183535,PPI / Raw,47,0.014212369918823242,normal,0.51561993,0.4843801,0.51561993
1778740049.7573366,PPI / Raw,49,0.03898310661315918,normal,0.51561993,0.4843801,0.51561993
1778740049.7877004,PPI / Raw,56,0.030363798141479492,normal,0.52342033,0.47657967,0.52342033
1778740049.8249438,PPI / Raw,49,0.03724336624145508,normal,0.51561993,0.4843801,0.51561993
1778740049.8811507,PPI / Raw,54,0.05620694160461426,normal,0.52342033,0.47657967,0.52342033
1778740049.8951924,PPI / Raw,49,0.014041662216186523,normal,0.51561993,0.4843801,0.51561993
1778740049.9042315,PPI / Raw,68,0.009039163589477539,normal,0.52342033,0.47657967,0.52342033
1778740049.942404,PPI / Raw,56,0.03817248344421387,normal,0.52342033,0.47657967,0.52342033
1778740049.9648857,PPI / Raw,49,0.022481679916381836,normal,0.51561993,0.4843801,0.51561993
1778740050.0306423,PPI / Raw,57,0.06575655937194824,normal,0.52342033,0.47657967,0.52342033
1778740050.0312903,PPI / Raw,49,0.0006480216979980469,normal,0.51561993,0.4843801,0.51561993
1778740050.067402,PPI / Raw,54,0.03611159324645996,normal,0.52342033,0.47657967,0.52342033
1778740050.1028147,PPI / Raw,49,0.03541278839111328,normal,0.51561993,0.4843801,0.51561993
1778740050.1154845,PPI / Raw,76,0.012669801712036133,normal,0.52342033,0.47657967,0.52342033
1778740050.166853,PPI / Raw,49,0.05136847496032715,normal,0.51561993,0.4843801,0.51561993
1778740050.2124064,PPI / Raw,56,0.04555344581604004,normal,0.52342033,0.47657967,0.52342033
1778740050.2384014,PPI / Raw,49,0.02599501609802246,normal,0.51561993,0.4843801,0.51561993
1778740050.2549067,PPI / Raw,54,0.01650524139404297,normal,0.52342033,0.47657967,0.52342033
1778740050.2566416,PPI / Raw,58,0.0017349720001220703,normal,0.52342033,0.47657967,0.52342033
1778740050.3044105,PPI / Raw,49,0.04776883125305176,normal,0.51561993,0.4843801,0.51561993
1778740050.308052,PPI / Raw,57,0.0036416053771972656,normal,0.52342033,0.47657967,0.52342033
1778740050.3748963,PPI / Raw,49,0.06684422492980957,normal,0.51561993,0.4843801,0.51561993
1778740050.437405,PPI / Raw,54,0.06250882148742676,normal,0.52342033,0.47657967,0.52342033
1778740050.444707,PPI / Raw,49,0.007301807403564453,normal,0.51561993,0.4843801,0.51561993
1778740050.4911582,PPI / Raw,56,0.04645133018493652,normal,0.52342033,0.47657967,0.52342033
1778740050.509874,PPI / Raw,49,0.018715858459472656,normal,0.51561993,0.4843801,0.51561993
1778740050.5731146,PPI / Raw,49,0.06324052810668945,normal,0.51561993,0.4843801,0.51561993
1778740050.5880861,PPI / Raw,57,0.014971494674682617,normal,0.52342033,0.47657967,0.52342033
1778740050.6046154,PPI / Raw,49,0.016529321670532227,normal,0.51561993,0.4843801,0.51561993
1778740050.645186,PPI / Raw,49,0.04057049751281738,normal,0.51561993,0.4843801,0.51561993
1778740050.7711606,PPI / Raw,56,0.1259746551513672,normal,0.52342033,0.47657967,0.52342033
1778740050.7726989,PPI / Raw,49,0.0015382766723632812,normal,0.51561993,0.4843801,0.51561993
1778740050.8099082,PPI / Raw,54,0.037209272384643555,normal,0.52342033,0.47657967,0.52342033
1778740050.8149316,PPI / Raw,77,0.005023479461669922,normal,0.52342033,0.47657967,0.52342033
1778740050.8259997,PPI / Raw,45,0.011068105697631836,normal,0.51561993,0.4843801,0.51561993
1778740050.8619003,PPI / Raw,57,0.03590059280395508,normal,0.52342033,0.47657967,0.52342033
1778740050.912487,PPI / Raw,49,0.050586700439453125,normal,0.51561993,0.4843801,0.51561993
1778740050.974858,PPI / Raw,49,0.062371015548706055,normal,0.51561993,0.4843801,0.51561993
1778740050.997409,PPI / Raw,54,0.02255105972290039,normal,0.52342033,0.47657967,0.52342033
1778740051.0405927,PPI / Raw,49,0.04318356513977051,normal,0.51561993,0.4843801,0.51561993
1778740051.0461626,PPI / Raw,56,0.005569934844970703,normal,0.52342033,0.47657967,0.52342033
1778740051.1108563,PPI / Raw,49,0.06469368934631348,normal,0.51561993,0.4843801,0.51561993
1778740051.1886609,PPI / Raw,54,0.0778045654296875,normal,0.52342033,0.47657967,0.52342033
1778740051.247323,PPI / Raw,49,0.05866217613220215,normal,0.51561993,0.4843801,0.51561993
1778740051.3134027,PPI / Raw,49,0.06607961654663086,normal,0.51561993,0.4843801,0.51561993
1778740051.3211617,PPI / Raw,56,0.00775909423828125,normal,0.52342033,0.47657967,0.52342033
1778740051.3775692,PPI / Raw,49,0.05640745162963867,normal,0.51561993,0.4843801,0.51561993
1778740051.3786654,PPI / Raw,54,0.0010962486267089844,normal,0.52342033,0.47657967,0.52342033
1778740051.4075198,PPI / Raw,57,0.0288543701171875,normal,0.52342033,0.47657967,0.52342033
1778740051.4717522,PPI / Raw,68,0.06423234939575195,normal,0.52342033,0.47657967,0.52342033
1778740051.5079257,PPI / Raw,49,0.03617358207702637,normal,0.51561993,0.4843801,0.51561993
1778740051.5649137,PPI / Raw,54,0.05698800086975098,normal,0.52342033,0.47657967,0.52342033
1778740051.5717537,PPI / Raw,68,0.0068399906158447266,normal,0.52342033,0.47657967,0.52342033
1778740051.5883412,PPI / Raw,47,0.016587495803833008,normal,0.51561993,0.4843801,0.51561993
1778740051.599917,PPI / Raw,56,0.011575698852539062,normal,0.52342033,0.47657967,0.52342033
1778740051.6429658,PPI / Raw,58,0.043048858642578125,normal,0.52342033,0.47657967,0.52342033
1778740051.6435397,PPI / Raw,49,0.0005738735198974609,normal,0.51561993,0.4843801,0.51561993
1778740051.709404,PPI / Raw,49,0.06586432456970215,normal,0.51561993,0.4843801,0.51561993
1778740051.753668,PPI / Raw,54,0.04426407814025879,normal,0.52342033,0.47657967,0.52342033
1778740051.7757945,PPI / Raw,49,0.022126436233520508,normal,0.51561993,0.4843801,0.51561993
1778740051.7794693,PPI / Raw,50,0.003674745559692383,normal,0.52342033,0.47657967,0.52342033
1778740051.8467886,PPI / Raw,49,0.06731939315795898,normal,0.51561993,0.4843801,0.51561993
1778740051.8699162,PPI / Raw,56,0.02312755584716797,normal,0.52342033,0.47657967,0.52342033
1778740051.9109082,PPI / Raw,49,0.040992021560668945,normal,0.51561993,0.4843801,0.51561993
1778740051.91797,PPI / Raw,58,0.00706171989440918,normal,0.52342033,0.47657967,0.52342033
1778740051.9449198,PPI / Raw,54,0.02694988250732422,normal,0.52342033,0.47657967,0.52342033
1778740051.956307,PPI / Raw,57,0.011387109756469727,normal,0.52342033,0.47657967,0.52342033
1778740051.9749289,PPI / Raw,49,0.01862192153930664,normal,0.51561993,0.4843801,0.51561993
1778740052.1135728,PPI / Raw,49,0.13864398002624512,normal,0.51561993,0.4843801,0.51561993
1778740052.128668,PPI / Raw,54,0.015095233917236328,normal,0.52342033,0.47657967,0.52342033
1778740052.1449213,PPI / Raw,56,0.016253232955932617,normal,0.52342033,0.47657967,0.52342033
1778740052.18536,PPI / Raw,49,0.04043865203857422,normal,0.51561993,0.4843801,0.51561993
1778740052.209151,PPI / Raw,62,0.023791074752807617,normal,0.52342033,0.47657967,0.52342033
1778740052.2276187,PPI / Raw,57,0.01846766471862793,normal,0.52342033,0.47657967,0.52342033
1778740052.2519073,PPI / Raw,49,0.024288654327392578,normal,0.51561993,0.4843801,0.51561993
1778740052.3136725,PPI / Raw,54,0.061765193939208984,normal,0.52342033,0.47657967,0.52342033
1778740052.3161051,PPI / Raw,49,0.002432584762573242,normal,0.51561993,0.4843801,0.51561993
1778740052.3792443,PPI / Raw,49,0.06313920021057129,normal,0.51561993,0.4843801,0.51561993
1778740052.4236705,PPI / Raw,56,0.04442620277404785,normal,0.52342033,0.47657967,0.52342033
1778740052.4511478,PPI / Raw,49,0.027477264404296875,normal,0.51561993,0.4843801,0.51561993
1778740052.4949238,PPI / Raw,54,0.04377603530883789,normal,0.52342033,0.47657967,0.52342033
1778740052.5043244,PPI / Raw,57,0.009400606155395508,normal,0.52342033,0.47657967,0.52342033
1778740052.5061407,PPI / Raw,68,0.0018162727355957031,normal,0.52342033,0.47657967,0.52342033
1778740052.5227814,PPI / Raw,49,0.016640663146972656,normal,0.51561993,0.4843801,0.51561993
1778740052.5895967,PPI / Raw,49,0.06681537628173828,normal,0.51561993,0.4843801,0.51561993
1778740052.6061423,PPI / Raw,68,0.016545534133911133,normal,0.52342033,0.47657967,0.52342033
1778740052.652686,PPI / Raw,49,0.04654383659362793,normal,0.51561993,0.4843801,0.51561993
1778740052.6811726,PPI / Raw,54,0.02848649024963379,normal,0.52342033,0.47657967,0.52342033
1778740052.7024224,PPI / Raw,56,0.021249771118164062,normal,0.52342033,0.47657967,0.52342033
1778740052.7159867,PPI / Raw,49,0.013564348220825195,normal,0.51561993,0.4843801,0.51561993
1778740052.7366102,PPI / Raw,58,0.020623445510864258,normal,0.52342033,0.47657967,0.52342033
1778740052.78708,PPI / Raw,49,0.05046987533569336,normal,0.51561993,0.4843801,0.51561993
1778740052.8524795,PPI / Raw,49,0.0653994083404541,normal,0.51561993,0.4843801,0.51561993
1778740052.872427,PPI / Raw,54,0.019947528839111328,normal,0.52342033,0.47657967,0.52342033
1778740052.91547,PPI / Raw,49,0.043042898178100586,normal,0.51561993,0.4843801,0.51561993
1778740052.9786747,PPI / Raw,56,0.06320476531982422,normal,0.52342033,0.47657967,0.52342033
1778740053.0165274,PPI / Raw,58,0.03785276412963867,normal,0.52342033,0.47657967,0.52342033
1778740053.046298,PPI / Raw,49,0.029770612716674805,normal,0.51561993,0.4843801,0.51561993
1778740053.054452,PPI / Raw,57,0.008153915405273438,normal,0.52342033,0.47657967,0.52342033
1778740053.0561752,PPI / Raw,54,0.0017232894897460938,normal,0.52342033,0.47657967,0.52342033
1778740053.0566282,PPI / Raw,61,0.00045299530029296875,normal,0.52342033,0.47657967,0.52342033
1778740053.1117942,PPI / Raw,49,0.055166006088256836,normal,0.51561993,0.4843801,0.51561993
1778740053.1742117,PPI / Raw,49,0.06241750717163086,normal,0.51561993,0.4843801,0.51561993
1778740053.23993,PPI / Raw,54,0.06571817398071289,normal,0.52342033,0.47657967,0.52342033
1778740053.2461624,PPI / Raw,49,0.006232500076293945,normal,0.51561993,0.4843801,0.51561993
1778740053.25118,PPI / Raw,56,0.005017518997192383,normal,0.52342033,0.47657967,0.52342033
1778740053.2915938,PPI / Raw,42,0.040413856506347656,normal,0.5078119,0.49218813,0.5078119
1778740053.3109486,PPI / Raw,49,0.019354820251464844,normal,0.51561993,0.4843801,0.51561993
1778740053.3345122,PPI / Raw,57,0.023563623428344727,normal,0.52342033,0.47657967,0.52342033
1778740053.379638,PPI / Raw,49,0.045125722885131836,normal,0.51561993,0.4843801,0.51561993
1778740053.382624,PPI / Raw,56,0.0029859542846679688,normal,0.52342033,0.47657967,0.52342033
1778740053.4110713,PPI / Raw,79,0.028447389602661133,normal,0.52342033,0.47657967,0.52342033
1778740053.429928,PPI / Raw,54,0.01885676383972168,normal,0.52342033,0.47657967,0.52342033
1778740053.4484625,PPI / Raw,49,0.018534421920776367,normal,0.51561993,0.4843801,0.51561993
1778740053.519059,PPI / Raw,49,0.07059645652770996,normal,0.51561993,0.4843801,0.51561993
1778740053.5311818,PPI / Raw,56,0.012122869491577148,normal,0.52342033,0.47657967,0.52342033
1778740053.5890322,PPI / Raw,49,0.05785036087036133,normal,0.51561993,0.4843801,0.51561993
1778740053.5908897,PPI / Raw,47,0.0018575191497802734,normal,0.51561993,0.4843801,0.51561993
1778740053.6057985,PPI / Raw,57,0.014908790588378906,normal,0.52342033,0.47657967,0.52342033
1778740053.6149297,PPI / Raw,54,0.009131193161010742,normal,0.52342033,0.47657967,0.52342033
1778740053.6593888,PPI / Raw,49,0.04445910453796387,normal,0.51561993,0.4843801,0.51561993
1778740053.7960434,PPI / Raw,49,0.13665461540222168,normal,0.51561993,0.4843801,0.51561993
1778740053.806184,PPI / Raw,56,0.010140657424926758,normal,0.52342033,0.47657967,0.52342033
1778740053.8602808,PPI / Raw,49,0.05409669876098633,normal,0.51561993,0.4843801,0.51561993
1778740053.8849504,PPI / Raw,57,0.024669647216796875,normal,0.52342033,0.47657967,0.52342033
1778740053.8869376,PPI / Raw,47,0.0019872188568115234,normal,0.51561993,0.4843801,0.51561993
1778740053.8903837,PPI / Raw,61,0.0034461021423339844,normal,0.52342033,0.47657967,0.52342033
1778740053.9799323,PPI / Raw,54,0.08954858779907227,normal,0.52342033,0.47657967,0.52342033
1778740053.9960477,PPI / Raw,49,0.016115427017211914,normal,0.51561993,0.4843801,0.51561993
1778740054.0616984,PPI / Raw,49,0.06565070152282715,normal,0.51561993,0.4843801,0.51561993
1778740054.0861864,PPI / Raw,56,0.024487972259521484,normal,0.52342033,0.47657967,0.52342033
1778740054.1309874,PPI / Raw,49,0.04480099678039551,normal,0.51561993,0.4843801,0.51561993
1778740054.1575098,PPI / Raw,57,0.026522397994995117,normal,0.52342033,0.47657967,0.52342033
1778740054.1649365,PPI / Raw,54,0.007426738739013672,normal,0.52342033,0.47657967,0.52342033
1778740054.200494,PPI / Raw,49,0.03555750846862793,normal,0.51561993,0.4843801,0.51561993
1778740054.2672915,PPI / Raw,49,0.06679749488830566,normal,0.51561993,0.4843801,0.51561993
1778740054.334126,PPI / Raw,49,0.0668344497680664,normal,0.51561993,0.4843801,0.51561993
1778740054.3549354,PPI / Raw,54,0.020809412002563477,normal,0.52342033,0.47657967,0.52342033
1778740054.3586884,PPI / Raw,56,0.0037529468536376953,normal,0.52342033,0.47657967,0.52342033
1778740054.4028585,PPI / Raw,49,0.04417014122009277,normal,0.51561993,0.4843801,0.51561993
1778740054.4312155,PPI / Raw,57,0.02835702896118164,normal,0.52342033,0.47657967,0.52342033
1778740054.4674888,PPI / Raw,49,0.03627324104309082,normal,0.51561993,0.4843801,0.51561993
1778740054.4911668,PPI / Raw,68,0.023678064346313477,normal,0.52342033,0.47657967,0.52342033
1778740054.5359154,PPI / Raw,49,0.044748544692993164,normal,0.51561993,0.4843801,0.51561993
1778740054.5424366,PPI / Raw,54,0.0065212249755859375,normal,0.52342033,0.47657967,0.52342033
1778740054.6062698,PPI / Raw,49,0.06383323669433594,normal,0.51561993,0.4843801,0.51561993
1778740054.6386874,PPI / Raw,56,0.03241753578186035,normal,0.52342033,0.47657967,0.52342033
1778740054.6625707,PPI / Raw,58,0.023883342742919922,normal,0.52342033,0.47657967,0.52342033
1778740054.7012784,PPI / Raw,57,0.038707733154296875,normal,0.52342033,0.47657967,0.52342033
1778740054.7286913,PPI / Raw,54,0.027412891387939453,normal,0.52342033,0.47657967,0.52342033
1778740054.8122706,PPI / Raw,49,0.08357930183410645,normal,0.51561993,0.4843801,0.51561993
1778740054.8781033,PPI / Raw,49,0.06583261489868164,normal,0.51561993,0.4843801,0.51561993
1778740054.9136899,PPI / Raw,56,0.03558659553527832,normal,0.52342033,0.47657967,0.52342033
1778740054.9161928,PPI / Raw,54,0.002502918243408203,normal,0.52342033,0.47657967,0.52342033
1778740054.932632,PPI / Raw,60,0.016439199447631836,normal,0.52342033,0.47657967,0.52342033
1778740054.9405658,PPI / Raw,49,0.007933855056762695,normal,0.51561993,0.4843801,0.51561993
1778740054.971824,PPI / Raw,57,0.03125810623168945,normal,0.52342033,0.47657967,0.52342033
1778740055.006437,PPI / Raw,49,0.03461313247680664,normal,0.51561993,0.4843801,0.51561993
1778740055.0203688,PPI / Raw,61,0.013931751251220703,normal,0.52342033,0.47657967,0.52342033
1778740055.0780568,PPI / Raw,49,0.057687997817993164,normal,0.51561993,0.4843801,0.51561993
1778740055.102441,PPI / Raw,54,0.024384260177612305,normal,0.52342033,0.47657967,0.52342033
1778740055.192445,PPI / Raw,56,0.09000396728515625,normal,0.52342033,0.47657967,0.52342033
1778740055.2128296,PPI / Raw,49,0.020384550094604492,normal,0.51561993,0.4843801,0.51561993
1778740055.2431378,PPI / Raw,57,0.030308246612548828,normal,0.52342033,0.47657967,0.52342033
1778740055.284319,PPI / Raw,49,0.041181087493896484,normal,0.51561993,0.4843801,0.51561993
1778740055.2899456,PPI / Raw,54,0.005626678466796875,normal,0.52342033,0.47657967,0.52342033
1778740055.3565133,PPI / Raw,49,0.06656765937805176,normal,0.51561993,0.4843801,0.51561993
1778740055.4215388,PPI / Raw,49,0.06502556800842285,normal,0.51561993,0.4843801,0.51561993
1778740055.468694,PPI / Raw,56,0.047155141830444336,normal,0.52342033,0.47657967,0.52342033
1778740055.4691045,PPI / Raw,42,0.0004105567932128906,normal,0.5078119,0.49218813,0.5078119
1778740055.4736974,PPI / Raw,54,0.0045928955078125,normal,0.52342033,0.47657967,0.52342033
1778740055.4881492,PPI / Raw,58,0.014451742172241211,normal,0.52342033,0.47657967,0.52342033
1778740055.492196,PPI / Raw,49,0.004046916961669922,normal,0.51561993,0.4843801,0.51561993
1778740055.521812,PPI / Raw,57,0.02961587905883789,normal,0.52342033,0.47657967,0.52342033
1778740055.5568488,PPI / Raw,49,0.03503680229187012,normal,0.51561993,0.4843801,0.51561993
1778740055.5909457,PPI / Raw,47,0.03409695625305176,normal,0.51561993,0.4843801,0.51561993
1778740055.592058,PPI / Raw,56,0.001112222671508789,normal,0.52342033,0.47657967,0.52342033
1778740055.623791,PPI / Raw,49,0.031733036041259766,normal,0.51561993,0.4843801,0.51561993
1778740055.6624484,PPI / Raw,54,0.038657426834106445,normal,0.52342033,0.47657967,0.52342033
1778740055.6893885,PPI / Raw,49,0.026940107345581055,normal,0.51561993,0.4843801,0.51561993
1778740055.7436962,PPI / Raw,56,0.05430769920349121,normal,0.52342033,0.47657967,0.52342033
1778740055.7578678,PPI / Raw,49,0.014171600341796875,normal,0.51561993,0.4843801,0.51561993
1778740055.7582169,PPI / Raw,50,0.0003490447998046875,normal,0.52342033,0.47657967,0.52342033
1778740055.7943757,PPI / Raw,57,0.03615880012512207,normal,0.52342033,0.47657967,0.52342033
1778740055.8287325,PPI / Raw,49,0.03435683250427246,normal,0.51561993,0.4843801,0.51561993
1778740055.8487,PPI / Raw,54,0.01996755599975586,normal,0.52342033,0.47657967,0.52342033
1778740055.8882995,PPI / Raw,47,0.03959941864013672,normal,0.51561993,0.4843801,0.51561993
1778740055.8940609,PPI / Raw,49,0.005761384963989258,normal,0.51561993,0.4843801,0.51561993
1778740055.957952,PPI / Raw,49,0.06389117240905762,normal,0.51561993,0.4843801,0.51561993
1778740056.0211983,PPI / Raw,56,0.06324625015258789,normal,0.52342033,0.47657967,0.52342033
1778740056.0272014,PPI / Raw,49,0.006003141403198242,normal,0.51561993,0.4843801,0.51561993
1778740056.0324516,PPI / Raw,54,0.005250215530395508,normal,0.52342033,0.47657967,0.52342033
1778740056.074447,PPI / Raw,57,0.04199528694152832,normal,0.52342033,0.47657967,0.52342033
1778740056.0982122,PPI / Raw,49,0.02376532554626465,normal,0.51561993,0.4843801,0.51561993
1778740056.1589923,PPI / Raw,68,0.06078004837036133,normal,0.52342033,0.47657967,0.52342033
1778740056.1665285,PPI / Raw,49,0.007536172866821289,normal,0.51561993,0.4843801,0.51561993
1778740056.2199526,PPI / Raw,54,0.05342411994934082,normal,0.52342033,0.47657967,0.52342033
1778740056.2378168,PPI / Raw,49,0.017864227294921875,normal,0.51561993,0.4843801,0.51561993
1778740056.2924504,PPI / Raw,56,0.05463361740112305,normal,0.52342033,0.47657967,0.52342033
1778740056.3037956,PPI / Raw,49,0.011345148086547852,normal,0.51561993,0.4843801,0.51561993
1778740056.305696,PPI / Raw,58,0.0019004344940185547,normal,0.52342033,0.47657967,0.52342033
1778740056.353698,PPI / Raw,57,0.048002004623413086,normal,0.52342033,0.47657967,0.52342033
1778740056.3746676,PPI / Raw,49,0.020969629287719727,normal,0.51561993,0.4843801,0.51561993
1778740056.4087014,PPI / Raw,54,0.034033775329589844,normal,0.52342033,0.47657967,0.52342033
1778740056.409114,PPI / Raw,61,0.0004124641418457031,normal,0.52342033,0.47657967,0.52342033
1778740056.4413455,PPI / Raw,49,0.03223156929016113,normal,0.51561993,0.4843801,0.51561993
1778740056.5105734,PPI / Raw,49,0.06922793388366699,normal,0.51561993,0.4843801,0.51561993
1778740056.5649557,PPI / Raw,56,0.05438232421875,normal,0.52342033,0.47657967,0.52342033
1778740056.5753932,PPI / Raw,49,0.010437488555908203,normal,0.51561993,0.4843801,0.51561993
1778740056.5823865,PPI / Raw,63,0.006993293762207031,normal,0.52342033,0.47657967,0.52342033
1778740056.5949528,PPI / Raw,54,0.012566328048706055,normal,0.52342033,0.47657967,0.52342033
1778740056.627512,PPI / Raw,57,0.03255915641784668,normal,0.52342033,0.47657967,0.52342033
1778740056.6407478,PPI / Raw,49,0.013235807418823242,normal,0.51561993,0.4843801,0.51561993
1778740056.6866117,PPI / Raw,61,0.04586386680603027,normal,0.52342033,0.47657967,0.52342033
1778740056.6881585,PPI / Raw,58,0.0015468597412109375,normal,0.52342033,0.47657967,0.52342033
1778740056.704637,PPI / Raw,49,0.016478538513183594,normal,0.51561993,0.4843801,0.51561993
1778740056.709847,PPI / Raw,47,0.005209922790527344,normal,0.51561993,0.4843801,0.51561993
1778740056.7765002,PPI / Raw,49,0.06665325164794922,normal,0.51561993,0.4843801,0.51561993
1778740056.7787044,PPI / Raw,54,0.0022041797637939453,normal,0.52342033,0.47657967,0.52342033
1778740056.8437078,PPI / Raw,56,0.0650033950805664,normal,0.52342033,0.47657967,0.52342033
1778740056.8470385,PPI / Raw,49,0.003330707550048828,normal,0.51561993,0.4843801,0.51561993
1778740056.903072,PPI / Raw,57,0.05603361129760742,normal,0.52342033,0.47657967,0.52342033
1778740056.9116035,PPI / Raw,49,0.008531332015991211,normal,0.51561993,0.4843801,0.51561993
1778740056.9637058,PPI / Raw,54,0.05210232734680176,normal,0.52342033,0.47657967,0.52342033
1778740056.9745686,PPI / Raw,49,0.01086282730102539,normal,0.51561993,0.4843801,0.51561993
1778740057.1118734,PPI / Raw,49,0.13730478286743164,normal,0.51561993,0.4843801,0.51561993
1778740057.11746,PPI / Raw,56,0.0055866241455078125,normal,0.52342033,0.47657967,0.52342033
1778740057.1549602,PPI / Raw,54,0.03750014305114746,normal,0.52342033,0.47657967,0.52342033
1778740057.1759672,PPI / Raw,49,0.021007061004638672,normal,0.51561993,0.4843801,0.51561993
1778740057.1792433,PPI / Raw,57,0.0032761096954345703,normal,0.52342033,0.47657967,0.52342033
1778740057.238275,PPI / Raw,56,0.05903172492980957,normal,0.52342033,0.47657967,0.52342033
1778740057.2415714,PPI / Raw,49,0.003296375274658203,normal,0.51561993,0.4843801,0.51561993
1778740057.3399584,PPI / Raw,54,0.09838700294494629,normal,0.52342033,0.47657967,0.52342033
1778740057.3749425,PPI / Raw,49,0.03498411178588867,normal,0.51561993,0.4843801,0.51561993
1778740057.393712,PPI / Raw,56,0.018769502639770508,normal,0.52342033,0.47657967,0.52342033
1778740057.443405,PPI / Raw,49,0.04969286918640137,normal,0.51561993,0.4843801,0.51561993
1778740057.5061743,PPI / Raw,49,0.06276941299438477,normal,0.51561993,0.4843801,0.51561993
1778740057.5105581,PPI / Raw,58,0.00438380241394043,normal,0.52342033,0.47657967,0.52342033
1778740057.52496,PPI / Raw,54,0.014401912689208984,normal,0.52342033,0.47657967,0.52342033
1778740057.5754907,PPI / Raw,49,0.05053067207336426,normal,0.51561993,0.4843801,0.51561993
1778740057.64224,PPI / Raw,49,0.06674933433532715,normal,0.51561993,0.4843801,0.51561993
1778740057.664964,PPI / Raw,56,0.022723913192749023,normal,0.52342033,0.47657967,0.52342033
1778740057.7123015,PPI / Raw,49,0.04733753204345703,normal,0.51561993,0.4843801,0.51561993
1778740057.7137146,PPI / Raw,54,0.001413106918334961,normal,0.52342033,0.47657967,0.52342033
1778740057.7330585,PPI / Raw,57,0.019343852996826172,normal,0.52342033,0.47657967,0.52342033
1778740057.7338064,PPI / Raw,39,0.0007479190826416016,normal,0.5448014,0.45519862,0.5448014
1778740057.743594,PPI / Raw,45,0.009787559509277344,normal,0.51561993,0.4843801,0.51561993
1778740057.7439203,PPI / Raw,50,0.00032639503479003906,normal,0.52342033,0.47657967,0.52342033
1778740057.781836,PPI / Raw,49,0.037915706634521484,normal,0.51561993,0.4843801,0.51561993
1778740057.8103526,PPI / Raw,61,0.028516530990600586,normal,0.52342033,0.47657967,0.52342033
1778740057.8462174,PPI / Raw,49,0.035864830017089844,normal,0.51561993,0.4843801,0.51561993
1778740057.9037127,PPI / Raw,54,0.0574953556060791,normal,0.52342033,0.47657967,0.52342033
1778740057.9118664,PPI / Raw,49,0.008153676986694336,normal,0.51561993,0.4843801,0.51561993
1778740057.9374664,PPI / Raw,56,0.025599956512451172,normal,0.52342033,0.47657967,0.52342033
1778740057.956212,PPI / Raw,68,0.01874566078186035,normal,0.52342033,0.47657967,0.52342033
1778740057.9750414,PPI / Raw,49,0.018829345703125,normal,0.51561993,0.4843801,0.51561993
1778740058.004372,PPI / Raw,57,0.02933049201965332,normal,0.52342033,0.47657967,0.52342033
1778740058.0505188,PPI / Raw,58,0.04614686965942383,normal,0.52342033,0.47657967,0.52342033
1778740058.0941045,PPI / Raw,61,0.043585777282714844,normal,0.52342033,0.47657967,0.52342033
1778740058.0949645,PPI / Raw,54,0.0008599758148193359,normal,0.52342033,0.47657967,0.52342033
1778740058.118143,PPI / Raw,49,0.023178577423095703,normal,0.51561993,0.4843801,0.51561993
1778740058.1885006,PPI / Raw,49,0.0703575611114502,normal,0.51561993,0.4843801,0.51561993
1778740058.2087154,PPI / Raw,56,0.02021479606628418,normal,0.52342033,0.47657967,0.52342033
1778740058.259263,PPI / Raw,49,0.05054759979248047,normal,0.51561993,0.4843801,0.51561993
1778740058.2837188,PPI / Raw,54,0.024455785751342773,normal,0.52342033,0.47657967,0.52342033
1778740058.326682,PPI / Raw,54,0.042963266372680664,normal,0.52342033,0.47657967,0.52342033
1778740058.3273182,PPI / Raw,49,0.0006361007690429688,normal,0.51561993,0.4843801,0.51561993
1778740058.3703551,PPI / Raw,61,0.04303693771362305,normal,0.52342033,0.47657967,0.52342033
1778740058.389104,PPI / Raw,49,0.018748760223388672,normal,0.51561993,0.4843801,0.51561993
1778740058.4610991,PPI / Raw,49,0.07199525833129883,normal,0.51561993,0.4843801,0.51561993
1778740058.4737175,PPI / Raw,54,0.012618303298950195,normal,0.52342033,0.47657967,0.52342033
1778740058.4874675,PPI / Raw,56,0.013750076293945312,normal,0.52342033,0.47657967,0.52342033
1778740058.5611975,PPI / Raw,57,0.0737299919128418,normal,0.52342033,0.47657967,0.52342033
1778740058.594097,PPI / Raw,49,0.03289937973022461,normal,0.51561993,0.4843801,0.51561993
1778740058.6029928,PPI / Raw,58,0.0088958740234375,normal,0.52342033,0.47657967,0.52342033
1778740058.6565325,PPI / Raw,49,0.05353975296020508,normal,0.51561993,0.4843801,0.51561993
1778740058.658722,PPI / Raw,54,0.0021893978118896484,normal,0.52342033,0.47657967,0.52342033
1778740058.7174494,PPI / Raw,47,0.05872750282287598,normal,0.51561993,0.4843801,0.51561993
1778740058.7275279,PPI / Raw,49,0.01007843017578125,normal,0.51561993,0.4843801,0.51561993
1778740058.7599697,PPI / Raw,56,0.03244185447692871,normal,0.52342033,0.47657967,0.52342033
1778740058.790842,PPI / Raw,49,0.030872344970703125,normal,0.51561993,0.4843801,0.51561993
1778740058.8387597,PPI / Raw,57,0.04791760444641113,normal,0.52342033,0.47657967,0.52342033
1778740058.8449736,PPI / Raw,54,0.0062139034271240234,normal,0.52342033,0.47657967,0.52342033
1778740058.8549318,PPI / Raw,49,0.009958267211914062,normal,0.51561993,0.4843801,0.51561993
1778740058.881805,PPI / Raw,58,0.026873111724853516,normal,0.52342033,0.47657967,0.52342033
1778740058.9231193,PPI / Raw,49,0.04131436347961426,normal,0.51561993,0.4843801,0.51561993
1778740058.9947448,PPI / Raw,49,0.0716254711151123,normal,0.51561993,0.4843801,0.51561993
1778740059.0312219,PPI / Raw,54,0.036477088928222656,normal,0.52342033,0.47657967,0.52342033
1778740059.0374749,PPI / Raw,56,0.00625300407409668,normal,0.52342033,0.47657967,0.52342033
1778740059.0608153,PPI / Raw,49,0.023340463638305664,normal,0.51561993,0.4843801,0.51561993
1778740059.1256266,PPI / Raw,49,0.06481122970581055,normal,0.51561993,0.4843801,0.51561993
1778740059.1618602,PPI / Raw,58,0.03623366355895996,normal,0.52342033,0.47657967,0.52342033
1778740059.1638603,PPI / Raw,56,0.002000093460083008,normal,0.52342033,0.47657967,0.52342033
1778740059.1924329,PPI / Raw,49,0.028572559356689453,normal,0.51561993,0.4843801,0.51561993
1778740059.2124765,PPI / Raw,54,0.020043611526489258,normal,0.52342033,0.47657967,0.52342033
1778740059.2642524,PPI / Raw,49,0.05177593231201172,normal,0.51561993,0.4843801,0.51561993
1778740059.317474,PPI / Raw,56,0.05322146415710449,normal,0.52342033,0.47657967,0.52342033
1778740059.335893,PPI / Raw,49,0.01841902732849121,normal,0.51561993,0.4843801,0.51561993
1778740059.3818839,PPI / Raw,57,0.045990943908691406,normal,0.52342033,0.47657967,0.52342033
1778740059.3999777,PPI / Raw,54,0.01809382438659668,normal,0.52342033,0.47657967,0.52342033
1778740059.4041445,PPI / Raw,49,0.004166841506958008,normal,0.51561993,0.4843801,0.51561993
1778740059.4389424,PPI / Raw,56,0.03479790687561035,normal,0.52342033,0.47657967,0.52342033
1778740059.4419138,PPI / Raw,58,0.0029714107513427734,normal,0.52342033,0.47657967,0.52342033
1778740059.4761539,PPI / Raw,49,0.034240007400512695,normal,0.51561993,0.4843801,0.51561993
1778740059.4890962,PPI / Raw,61,0.012942314147949219,normal,0.52342033,0.47657967,0.52342033
1778740059.5461779,PPI / Raw,49,0.05708169937133789,normal,0.51561993,0.4843801,0.51561993
1778740059.587476,PPI / Raw,54,0.04129815101623535,normal,0.52342033,0.47657967,0.52342033
1778740059.588729,PPI / Raw,56,0.001252889633178711,normal,0.52342033,0.47657967,0.52342033
1778740059.603768,PPI / Raw,47,0.015039205551147461,normal,0.51561993,0.4843801,0.51561993
1778740059.6117244,PPI / Raw,49,0.007956266403198242,normal,0.51561993,0.4843801,0.51561993
1778740059.6586962,PPI / Raw,57,0.046971797943115234,normal,0.52342033,0.47657967,0.52342033
1778740059.674772,PPI / Raw,49,0.016075849533081055,normal,0.51561993,0.4843801,0.51561993
1778740059.7428195,PPI / Raw,49,0.06804752349853516,normal,0.51561993,0.4843801,0.51561993
1778740059.7621622,PPI / Raw,68,0.019342660903930664,normal,0.52342033,0.47657967,0.52342033
1778740059.8099608,PPI / Raw,49,0.04779863357543945,normal,0.51561993,0.4843801,0.51561993
1778740059.8637314,PPI / Raw,56,0.05377054214477539,normal,0.52342033,0.47657967,0.52342033
1778740059.8734834,PPI / Raw,49,0.009752035140991211,normal,0.51561993,0.4843801,0.51561993
1778740059.896027,PPI / Raw,47,0.022543668746948242,normal,0.51561993,0.4843801,0.51561993
1778740059.9375126,PPI / Raw,57,0.04148554801940918,normal,0.52342033,0.47657967,0.52342033
1778740059.9443378,PPI / Raw,49,0.00682520866394043,normal,0.51561993,0.4843801,0.51561993
1778740059.966229,PPI / Raw,54,0.021891117095947266,normal,0.52342033,0.47657967,0.52342033
1778740059.9845335,PPI / Raw,58,0.01830458641052246,normal,0.52342033,0.47657967,0.52342033
1778740060.0093412,PPI / Raw,49,0.02480769157409668,normal,0.51561993,0.4843801,0.51561993
1778740060.0800385,PPI / Raw,49,0.07069730758666992,normal,0.51561993,0.4843801,0.51561993
1778740060.1399834,PPI / Raw,56,0.059944868087768555,normal,0.52342033,0.47657967,0.52342033
1778740060.1461148,PPI / Raw,49,0.006131410598754883,normal,0.51561993,0.4843801,0.51561993
1778740060.1549835,PPI / Raw,54,0.008868694305419922,normal,0.52342033,0.47657967,0.52342033
1778740060.211322,PPI / Raw,57,0.05633854866027832,normal,0.52342033,0.47657967,0.52342033
1778740060.2153015,PPI / Raw,49,0.00397944450378418,normal,0.51561993,0.4843801,0.51561993
1778740060.2608433,PPI / Raw,58,0.04554176330566406,normal,0.52342033,0.47657967,0.52342033
1778740060.280107,PPI / Raw,49,0.019263744354248047,normal,0.51561993,0.4843801,0.51561993
1778740060.339982,PPI / Raw,54,0.0598750114440918,normal,0.52342033,0.47657967,0.52342033
1778740060.3467155,PPI / Raw,49,0.006733417510986328,normal,0.51561993,0.4843801,0.51561993
1778740060.4185004,PPI / Raw,67,0.07178497314453125,normal,0.52342033,0.47657967,0.52342033
1778740060.4199858,PPI / Raw,56,0.0014853477478027344,normal,0.52342033,0.47657967,0.52342033
1778740060.4207265,PPI / Raw,39,0.0007407665252685547,normal,0.5448014,0.45519862,0.5448014
1778740060.4855683,PPI / Raw,57,0.06484174728393555,normal,0.52342033,0.47657967,0.52342033
1778740060.486136,PPI / Raw,49,0.0005676746368408203,normal,0.51561993,0.4843801,0.51561993
1778740060.5312333,PPI / Raw,54,0.04509735107421875,normal,0.52342033,0.47657967,0.52342033
1778740060.5359206,PPI / Raw,58,0.004687309265136719,normal,0.52342033,0.47657967,0.52342033
1778740060.5462456,PPI / Raw,68,0.010324954986572266,normal,0.52342033,0.47657967,0.52342033
1778740060.5498374,PPI / Raw,49,0.003591775894165039,normal,0.51561993,0.4843801,0.51561993
1778740060.617136,PPI / Raw,49,0.06729865074157715,normal,0.51561993,0.4843801,0.51561993
1778740060.6867735,PPI / Raw,49,0.06963753700256348,normal,0.51561993,0.4843801,0.51561993
1778740060.691238,PPI / Raw,56,0.004464387893676758,normal,0.52342033,0.47657967,0.52342033
1778740060.716238,PPI / Raw,54,0.02500009536743164,normal,0.52342033,0.47657967,0.52342033
1778740060.7200398,PPI / Raw,47,0.0038018226623535156,normal,0.51561993,0.4843801,0.51561993
1778740060.756882,PPI / Raw,57,0.03684210777282715,normal,0.52342033,0.47657967,0.52342033
1778740060.8093598,PPI / Raw,55,0.05247783660888672,normal,0.52342033,0.47657967,0.52342033
1778740060.8122258,PPI / Raw,58,0.002866029739379883,normal,0.52342033,0.47657967,0.52342033
1778740060.826045,PPI / Raw,49,0.013819217681884766,normal,0.51561993,0.4843801,0.51561993
1778740060.895943,PPI / Raw,49,0.06989789009094238,normal,0.51561993,0.4843801,0.51561993
1778740060.9074864,PPI / Raw,54,0.011543512344360352,normal,0.52342033,0.47657967,0.52342033
1778740060.9652932,PPI / Raw,49,0.05780673027038574,normal,0.51561993,0.4843801,0.51561993
1778740060.9699898,PPI / Raw,56,0.00469660758972168,normal,0.52342033,0.47657967,0.52342033
1778740061.028707,PPI / Raw,57,0.05871725082397461,normal,0.52342033,0.47657967,0.52342033
1778740061.0358825,PPI / Raw,49,0.007175445556640625,normal,0.51561993,0.4843801,0.51561993
1778740061.0922842,PPI / Raw,58,0.056401729583740234,normal,0.52342033,0.47657967,0.52342033
1778740061.0949879,PPI / Raw,54,0.0027036666870117188,normal,0.52342033,0.47657967,0.52342033
1778740061.104149,PPI / Raw,49,0.009161233901977539,normal,0.51561993,0.4843801,0.51561993
1778740061.1578195,PPI / Raw,42,0.053670406341552734,normal,0.5078119,0.49218813,0.5078119
1778740061.1736374,PPI / Raw,49,0.015817880630493164,normal,0.51561993,0.4843801,0.51561993
1778740061.2415838,PPI / Raw,49,0.0679464340209961,normal,0.51561993,0.4843801,0.51561993
1778740061.249989,PPI / Raw,56,0.008405208587646484,normal,0.52342033,0.47657967,0.52342033
1778740061.2862422,PPI / Raw,54,0.03625321388244629,normal,0.52342033,0.47657967,0.52342033
1778740061.303769,PPI / Raw,57,0.017526865005493164,normal,0.52342033,0.47657967,0.52342033
1778740061.3128881,PPI / Raw,49,0.009119033813476562,normal,0.51561993,0.4843801,0.51561993
1778740061.3723464,PPI / Raw,58,0.059458255767822266,normal,0.52342033,0.47657967,0.52342033
1778740061.454131,PPI / Raw,49,0.08178448677062988,normal,0.51561993,0.4843801,0.51561993
1778740061.4712408,PPI / Raw,54,0.01710987091064453,normal,0.52342033,0.47657967,0.52342033
1778740061.5173595,PPI / Raw,49,0.046118736267089844,normal,0.51561993,0.4843801,0.51561993
1778740061.5249941,PPI / Raw,56,0.007634639739990234,normal,0.52342033,0.47657967,0.52342033
1778740061.5814786,PPI / Raw,57,0.05648446083068848,normal,0.52342033,0.47657967,0.52342033
1778740061.5840049,PPI / Raw,49,0.0025262832641601562,normal,0.51561993,0.4843801,0.51561993
1778740061.5968847,PPI / Raw,68,0.01287984848022461,normal,0.52342033,0.47657967,0.52342033
1778740061.6138265,PPI / Raw,47,0.01694178581237793,normal,0.51561993,0.4843801,0.51561993
1778740061.6599953,PPI / Raw,54,0.04616880416870117,normal,0.52342033,0.47657967,0.52342033
1778740061.787744,PPI / Raw,49,0.12774872779846191,normal,0.51561993,0.4843801,0.51561993
1778740061.7987432,PPI / Raw,56,0.010999202728271484,normal,0.52342033,0.47657967,0.52342033
1778740061.8462467,PPI / Raw,54,0.04750347137451172,normal,0.52342033,0.47657967,0.52342033
1778740061.8566365,PPI / Raw,49,0.01038980484008789,normal,0.51561993,0.4843801,0.51561993
1778740061.8605714,PPI / Raw,57,0.0039348602294921875,normal,0.52342033,0.47657967,0.52342033
1778740061.897389,PPI / Raw,47,0.03681755065917969,normal,0.51561993,0.4843801,0.51561993
1778740061.9096963,PPI / Raw,56,0.012307405471801758,normal,0.52342033,0.47657967,0.52342033
1778740061.923785,PPI / Raw,49,0.014088630676269531,normal,0.51561993,0.4843801,0.51561993
1778740062.0312452,PPI / Raw,54,0.10746026039123535,normal,0.52342033,0.47657967,0.52342033
1778740062.066486,PPI / Raw,49,0.03524065017700195,normal,0.51561993,0.4843801,0.51561993
1778740062.0699983,PPI / Raw,56,0.0035123825073242188,normal,0.52342033,0.47657967,0.52342033
1778740062.1293404,PPI / Raw,49,0.059342145919799805,normal,0.51561993,0.4843801,0.51561993
1778740062.1406338,PPI / Raw,57,0.011293411254882812,normal,0.52342033,0.47657967,0.52342033
1778740062.2003884,PPI / Raw,49,0.05975461006164551,normal,0.51561993,0.4843801,0.51561993
1778740062.2174997,PPI / Raw,54,0.01711130142211914,normal,0.52342033,0.47657967,0.52342033
1778740062.230855,PPI / Raw,50,0.013355255126953125,normal,0.52342033,0.47657967,0.52342033
1778740062.2653313,PPI / Raw,49,0.034476280212402344,normal,0.51561993,0.4843801,0.51561993
1778740062.3324275,PPI / Raw,49,0.06709623336791992,normal,0.51561993,0.4843801,0.51561993
1778740062.3424978,PPI / Raw,56,0.010070323944091797,normal,0.52342033,0.47657967,0.52342033
1778740062.395248,PPI / Raw,49,0.0527501106262207,normal,0.51561993,0.4843801,0.51561993
1778740062.402501,PPI / Raw,54,0.007253170013427734,normal,0.52342033,0.47657967,0.52342033
1778740062.410638,PPI / Raw,57,0.008136987686157227,normal,0.52342033,0.47657967,0.52342033
1778740062.4666214,PPI / Raw,49,0.05598330497741699,normal,0.51561993,0.4843801,0.51561993
1778740062.4725637,PPI / Raw,58,0.005942344665527344,normal,0.52342033,0.47657967,0.52342033
1778740062.5299237,PPI / Raw,49,0.057359933853149414,normal,0.51561993,0.4843801,0.51561993
1778740062.5874996,PPI / Raw,54,0.05757594108581543,normal,0.52342033,0.47657967,0.52342033
1778740062.5955193,PPI / Raw,49,0.008019685745239258,normal,0.51561993,0.4843801,0.51561993
1778740062.62125,PPI / Raw,56,0.025730609893798828,normal,0.52342033,0.47657967,0.52342033
1778740062.6632626,PPI / Raw,49,0.042012691497802734,normal,0.51561993,0.4843801,0.51561993
1778740062.7313344,PPI / Raw,49,0.06807184219360352,normal,0.51561993,0.4843801,0.51561993
1778740062.754747,PPI / Raw,47,0.023412466049194336,normal,0.51561993,0.4843801,0.51561993
1778740062.756023,PPI / Raw,58,0.0012760162353515625,normal,0.52342033,0.47657967,0.52342033
1778740062.7725043,PPI / Raw,54,0.016481399536132812,normal,0.52342033,0.47657967,0.52342033
1778740062.7996564,PPI / Raw,49,0.027152061462402344,normal,0.51561993,0.4843801,0.51561993
1778740062.871054,PPI / Raw,49,0.07139754295349121,normal,0.51561993,0.4843801,0.51561993
1778740062.891252,PPI / Raw,56,0.02019810676574707,normal,0.52342033,0.47657967,0.52342033
1778740062.9354541,PPI / Raw,49,0.04420208930969238,normal,0.51561993,0.4843801,0.51561993
1778740062.9537523,PPI / Raw,54,0.01829814910888672,normal,0.52342033,0.47657967,0.52342033
1778740062.9662762,PPI / Raw,57,0.012523889541625977,normal,0.52342033,0.47657967,0.52342033
1778740062.9993877,PPI / Raw,49,0.033111572265625,normal,0.51561993,0.4843801,0.51561993
1778740063.0147026,PPI / Raw,80,0.015314817428588867,normal,0.52342033,0.47657967,0.52342033
1778740063.054708,PPI / Raw,58,0.04000544548034668,normal,0.52342033,0.47657967,0.52342033
1778740063.0677056,PPI / Raw,49,0.012997627258300781,normal,0.51561993,0.4843801,0.51561993
1778740063.0756538,PPI / Raw,68,0.007948160171508789,normal,0.52342033,0.47657967,0.52342033
1778740063.1306968,PPI / Raw,49,0.05504298210144043,normal,0.51561993,0.4843801,0.51561993
1778740063.1387568,PPI / Raw,54,0.008059978485107422,normal,0.52342033,0.47657967,0.52342033
1778740063.161257,PPI / Raw,56,0.022500276565551758,normal,0.52342033,0.47657967,0.52342033
1778740063.1996002,PPI / Raw,49,0.038343191146850586,normal,0.51561993,0.4843801,0.51561993
1778740063.2400894,PPI / Raw,57,0.04048919677734375,normal,0.52342033,0.47657967,0.52342033
1778740063.2642817,PPI / Raw,49,0.024192333221435547,normal,0.51561993,0.4843801,0.51561993
1778740063.3250055,PPI / Raw,54,0.06072378158569336,normal,0.52342033,0.47657967,0.52342033
1778740063.3311052,PPI / Raw,49,0.006099700927734375,normal,0.51561993,0.4843801,0.51561993
1778740063.4009495,PPI / Raw,49,0.06984424591064453,normal,0.51561993,0.4843801,0.51561993
1778740063.4400094,PPI / Raw,56,0.03905987739562988,normal,0.52342033,0.47657967,0.52342033
1778740063.4448948,PPI / Raw,47,0.004885435104370117,normal,0.51561993,0.4843801,0.51561993
1778740063.46457,PPI / Raw,49,0.019675254821777344,normal,0.51561993,0.4843801,0.51561993
1778740063.5062568,PPI / Raw,54,0.0416867733001709,normal,0.52342033,0.47657967,0.52342033
1778740063.5176494,PPI / Raw,57,0.011392593383789062,normal,0.52342033,0.47657967,0.52342033
1778740063.5314405,PPI / Raw,49,0.013791084289550781,normal,0.51561993,0.4843801,0.51561993
1778740063.5939507,PPI / Raw,49,0.06251025199890137,normal,0.51561993,0.4843801,0.51561993
1778740063.6641424,PPI / Raw,49,0.07019162178039551,normal,0.51561993,0.4843801,0.51561993
1778740063.691258,PPI / Raw,54,0.027115583419799805,normal,0.52342033,0.47657967,0.52342033
1778740063.7187614,PPI / Raw,56,0.027503490447998047,normal,0.52342033,0.47657967,0.52342033
1778740063.7310965,PPI / Raw,49,0.012335062026977539,normal,0.51561993,0.4843801,0.51561993
1778740063.7864592,PPI / Raw,57,0.055362701416015625,normal,0.52342033,0.47657967,0.52342033
1778740063.7987883,PPI / Raw,68,0.0123291015625,normal,0.52342033,0.47657967,0.52342033
1778740063.802393,PPI / Raw,49,0.0036046504974365234,normal,0.51561993,0.4843801,0.51561993
1778740063.849088,PPI / Raw,68,0.04669499397277832,normal,0.52342033,0.47657967,0.52342033
1778740063.8674169,PPI / Raw,49,0.01832890510559082,normal,0.51561993,0.4843801,0.51561993
1778740063.8737597,PPI / Raw,54,0.006342887878417969,normal,0.52342033,0.47657967,0.52342033
1778740063.937094,PPI / Raw,49,0.06333422660827637,normal,0.51561993,0.4843801,0.51561993
1778740063.949089,PPI / Raw,68,0.011995077133178711,normal,0.52342033,0.47657967,0.52342033
1778740063.954806,PPI / Raw,58,0.005717039108276367,normal,0.52342033,0.47657967,0.52342033
1778740063.9962635,PPI / Raw,56,0.041457414627075195,normal,0.52342033,0.47657967,0.52342033
1778740064.0075855,PPI / Raw,49,0.011322021484375,normal,0.51561993,0.4843801,0.51561993
1778740064.055014,PPI / Raw,54,0.04742836952209473,normal,0.52342033,0.47657967,0.52342033
1778740064.0640204,PPI / Raw,57,0.009006500244140625,normal,0.52342033,0.47657967,0.52342033
1778740064.0763137,PPI / Raw,49,0.012293338775634766,normal,0.51561993,0.4843801,0.51561993
1778740064.1408353,PPI / Raw,49,0.06452155113220215,normal,0.51561993,0.4843801,0.51561993
1778740064.2080646,PPI / Raw,49,0.0672292709350586,normal,0.51561993,0.4843801,0.51561993
1778740064.2550244,PPI / Raw,58,0.046959877014160156,normal,0.52342033,0.47657967,0.52342033
1778740064.2687657,PPI / Raw,56,0.013741254806518555,normal,0.52342033,0.47657967,0.52342033
1778740064.2775393,PPI / Raw,49,0.008773565292358398,normal,0.51561993,0.4843801,0.51561993
1778740064.3357098,PPI / Raw,57,0.05817055702209473,normal,0.52342033,0.47657967,0.52342033
1778740064.3420458,PPI / Raw,49,0.0063359737396240234,normal,0.51561993,0.4843801,0.51561993
1778740064.3465648,PPI / Raw,49,0.004518985748291016,normal,0.51561993,0.4843801,0.51561993
1778740064.405299,PPI / Raw,49,0.05873417854309082,normal,0.51561993,0.4843801,0.51561993
1778740064.430014,PPI / Raw,54,0.024714946746826172,normal,0.52342033,0.47657967,0.52342033
1778740064.4758425,PPI / Raw,49,0.04582858085632324,normal,0.51561993,0.4843801,0.51561993
1778740064.5387678,PPI / Raw,56,0.06292533874511719,normal,0.52342033,0.47657967,0.52342033
1778740064.547417,PPI / Raw,49,0.008649110794067383,normal,0.51561993,0.4843801,0.51561993
1778740064.5549722,PPI / Raw,58,0.007555246353149414,normal,0.52342033,0.47657967,0.52342033
1778740064.6098824,PPI / Raw,49,0.05491018295288086,normal,0.51561993,0.4843801,0.51561993
1778740064.6125183,PPI / Raw,54,0.002635955810546875,normal,0.52342033,0.47657967,0.52342033
1778740064.6325493,PPI / Raw,68,0.020030975341796875,normal,0.52342033,0.47657967,0.52342033
1778740064.673461,PPI / Raw,49,0.04091167449951172,normal,0.51561993,0.4843801,0.51561993
1778740064.745754,PPI / Raw,49,0.07229304313659668,normal,0.51561993,0.4843801,0.51561993
1778740064.758337,PPI / Raw,47,0.012583017349243164,normal,0.51561993,0.4843801,0.51561993
1778740064.7950165,PPI / Raw,54,0.03667950630187988,normal,0.52342033,0.47657967,0.52342033
1778740064.8171465,PPI / Raw,49,0.02213001251220703,normal,0.51561993,0.4843801,0.51561993
1778740064.81752,PPI / Raw,56,0.0003733634948730469,normal,0.52342033,0.47657967,0.52342033
1778740064.8547485,PPI / Raw,58,0.03722858428955078,normal,0.52342033,0.47657967,0.52342033
1778740064.8883333,PPI / Raw,57,0.0335848331451416,normal,0.52342033,0.47657967,0.52342033
1778740064.9520466,PPI / Raw,49,0.06371331214904785,normal,0.51561993,0.4843801,0.51561993
1778740064.9825182,PPI / Raw,54,0.0304715633392334,normal,0.52342033,0.47657967,0.52342033
1778740065.0171015,PPI / Raw,49,0.034583330154418945,normal,0.51561993,0.4843801,0.51561993
1778740065.0838733,PPI / Raw,49,0.0667717456817627,normal,0.51561993,0.4843801,0.51561993
1778740065.0887692,PPI / Raw,56,0.004895925521850586,normal,0.52342033,0.47657967,0.52342033
1778740065.151547,PPI / Raw,49,0.06277775764465332,normal,0.51561993,0.4843801,0.51561993
1778740065.154733,PPI / Raw,90,0.0031859874725341797,normal,0.52342033,0.47657967,0.52342033
1778740065.1662724,PPI / Raw,54,0.011539459228515625,normal,0.52342033,0.47657967,0.52342033
1778740065.1831121,PPI / Raw,57,0.01683974266052246,normal,0.52342033,0.47657967,0.52342033
1778740065.3474672,PPI / Raw,49,0.16435503959655762,normal,0.51561993,0.4843801,0.51561993
1778740065.3537712,PPI / Raw,54,0.006304025650024414,normal,0.52342033,0.47657967,0.52342033
1778740065.366274,PPI / Raw,56,0.012502908706665039,normal,0.52342033,0.47657967,0.52342033
1778740065.4158916,PPI / Raw,49,0.04961752891540527,normal,0.51561993,0.4843801,0.51561993
1778740065.47839,PPI / Raw,49,0.06249833106994629,normal,0.51561993,0.4843801,0.51561993
1778740065.5412757,PPI / Raw,54,0.06288576126098633,normal,0.52342033,0.47657967,0.52342033
1778740065.5438874,PPI / Raw,49,0.0026116371154785156,normal,0.51561993,0.4843801,0.51561993
1778740065.612568,PPI / Raw,49,0.0686805248260498,normal,0.51561993,0.4843801,0.51561993
1778740065.6276805,PPI / Raw,47,0.015112638473510742,normal,0.51561993,0.4843801,0.51561993
1778740065.6362731,PPI / Raw,56,0.008592605590820312,normal,0.52342033,0.47657967,0.52342033
1778740065.675548,PPI / Raw,49,0.03927493095397949,normal,0.51561993,0.4843801,0.51561993
1778740065.7085078,PPI / Raw,57,0.032959699630737305,normal,0.52342033,0.47657967,0.52342033
1778740065.7237768,PPI / Raw,54,0.015269041061401367,normal,0.52342033,0.47657967,0.52342033
1778740065.7456846,PPI / Raw,49,0.021907806396484375,normal,0.51561993,0.4843801,0.51561993
1778740065.7546747,PPI / Raw,58,0.008990049362182617,normal,0.52342033,0.47657967,0.52342033
1778740065.814112,PPI / Raw,49,0.05943727493286133,normal,0.51561993,0.4843801,0.51561993
1778740065.9137752,PPI / Raw,54,0.09966325759887695,normal,0.52342033,0.47657967,0.52342033
1778740065.9150283,PPI / Raw,56,0.0012531280517578125,normal,0.52342033,0.47657967,0.52342033
1778740065.9520159,PPI / Raw,49,0.0369875431060791,normal,0.51561993,0.4843801,0.51561993
1778740065.984819,PPI / Raw,57,0.03280305862426758,normal,0.52342033,0.47657967,0.52342033
1778740066.0181553,PPI / Raw,49,0.03333640098571777,normal,0.51561993,0.4843801,0.51561993
1778740066.054853,PPI / Raw,58,0.0366976261138916,normal,0.52342033,0.47657967,0.52342033
1778740066.081304,PPI / Raw,49,0.02645111083984375,normal,0.51561993,0.4843801,0.51561993
1778740066.1050298,PPI / Raw,54,0.02372574806213379,normal,0.52342033,0.47657967,0.52342033
1778740066.110303,PPI / Raw,66,0.005273103713989258,normal,0.52342033,0.47657967,0.52342033
1778740066.1521041,PPI / Raw,49,0.04180121421813965,normal,0.51561993,0.4843801,0.51561993
1778740066.1925275,PPI / Raw,56,0.04042339324951172,normal,0.52342033,0.47657967,0.52342033
1778740066.217165,PPI / Raw,49,0.024637460708618164,normal,0.51561993,0.4843801,0.51561993
1778740066.2648842,PPI / Raw,57,0.04771924018859863,normal,0.52342033,0.47657967,0.52342033
1778740066.2806423,PPI / Raw,49,0.015758037567138672,normal,0.51561993,0.4843801,0.51561993
1778740066.2937782,PPI / Raw,54,0.013135910034179688,normal,0.52342033,0.47657967,0.52342033
1778740066.3133762,PPI / Raw,56,0.019598007202148438,normal,0.52342033,0.47657967,0.52342033
1778740066.3547096,PPI / Raw,58,0.04133343696594238,normal,0.52342033,0.47657967,0.52342033
1778740066.4217138,PPI / Raw,49,0.06700420379638672,normal,0.51561993,0.4843801,0.51561993
1778740066.4662824,PPI / Raw,56,0.044568538665771484,normal,0.52342033,0.47657967,0.52342033
1778740066.4787798,PPI / Raw,54,0.012497425079345703,normal,0.52342033,0.47657967,0.52342033
1778740066.4929316,PPI / Raw,49,0.014151811599731445,normal,0.51561993,0.4843801,0.51561993
1778740066.5374541,PPI / Raw,57,0.04452252388000488,normal,0.52342033,0.47657967,0.52342033
1778740066.6273963,PPI / Raw,49,0.08994221687316895,normal,0.51561993,0.4843801,0.51561993
1778740066.6549416,PPI / Raw,58,0.02754521369934082,normal,0.52342033,0.47657967,0.52342033
1778740066.668781,PPI / Raw,54,0.013839483261108398,normal,0.52342033,0.47657967,0.52342033
1778740066.6908407,PPI / Raw,49,0.02205967903137207,normal,0.51561993,0.4843801,0.51561993
1778740066.743785,PPI / Raw,56,0.052944183349609375,normal,0.52342033,0.47657967,0.52342033
1778740066.759525,PPI / Raw,49,0.015740156173706055,normal,0.51561993,0.4843801,0.51561993
1778740066.8112724,PPI / Raw,57,0.05174732208251953,normal,0.52342033,0.47657967,0.52342033
1778740066.8219178,PPI / Raw,49,0.010645389556884766,normal,0.51561993,0.4843801,0.51561993
1778740066.8344529,PPI / Raw,68,0.01253509521484375,normal,0.52342033,0.47657967,0.52342033
1778740066.8562825,PPI / Raw,54,0.021829605102539062,normal,0.52342033,0.47657967,0.52342033
1778740066.8932822,PPI / Raw,49,0.03699970245361328,normal,0.51561993,0.4843801,0.51561993
1778740066.9547262,PPI / Raw,58,0.06144404411315918,normal,0.52342033,0.47657967,0.52342033
1778740066.9567585,PPI / Raw,49,0.0020322799682617188,normal,0.51561993,0.4843801,0.51561993
1778740067.013787,PPI / Raw,56,0.05702853202819824,normal,0.52342033,0.47657967,0.52342033
1778740067.025213,PPI / Raw,49,0.011425971984863281,normal,0.51561993,0.4843801,0.51561993
1778740067.0437872,PPI / Raw,54,0.018574237823486328,normal,0.52342033,0.47657967,0.52342033
1778740067.0913436,PPI / Raw,57,0.047556400299072266,normal,0.52342033,0.47657967,0.52342033
1778740067.0959165,PPI / Raw,49,0.004572868347167969,normal,0.51561993,0.4843801,0.51561993
1778740067.1634326,PPI / Raw,49,0.06751608848571777,normal,0.51561993,0.4843801,0.51561993
1778740067.2250354,PPI / Raw,54,0.06160283088684082,normal,0.52342033,0.47657967,0.52342033
1778740067.2297482,PPI / Raw,49,0.004712820053100586,normal,0.51561993,0.4843801,0.51561993
1778740067.2475834,PPI / Raw,51,0.017835140228271484,normal,0.52342033,0.47657967,0.52342033
1778740067.2553453,PPI / Raw,58,0.007761955261230469,normal,0.52342033,0.47657967,0.52342033
1778740067.288789,PPI / Raw,56,0.03344368934631348,normal,0.52342033,0.47657967,0.52342033
1778740067.3004727,PPI / Raw,49,0.01168370246887207,normal,0.51561993,0.4843801,0.51561993
1778740067.3639123,PPI / Raw,57,0.06343960762023926,normal,0.52342033,0.47657967,0.52342033
1778740067.3659081,PPI / Raw,49,0.0019958019256591797,normal,0.51561993,0.4843801,0.51561993
1778740067.410037,PPI / Raw,54,0.0441288948059082,normal,0.52342033,0.47657967,0.52342033
1778740067.4318106,PPI / Raw,49,0.021773576736450195,normal,0.51561993,0.4843801,0.51561993
1778740067.4945312,PPI / Raw,49,0.06272053718566895,normal,0.51561993,0.4843801,0.51561993
1778740067.5548427,PPI / Raw,58,0.06031155586242676,normal,0.52342033,0.47657967,0.52342033
1778740067.555273,PPI / Raw,45,0.0004303455352783203,normal,0.51561993,0.4843801,0.51561993
1778740067.563788,PPI / Raw,56,0.008514881134033203,normal,0.52342033,0.47657967,0.52342033
1778740067.5642028,PPI / Raw,45,0.00041484832763671875,normal,0.51561993,0.4843801,0.51561993
1778740067.5645292,PPI / Raw,39,0.00032639503479003906,normal,0.5448014,0.45519862,0.5448014
1778740067.5658352,PPI / Raw,49,0.0013060569763183594,normal,0.51561993,0.4843801,0.51561993
1778740067.5661943,PPI / Raw,45,0.0003590583801269531,normal,0.51561993,0.4843801,0.51561993
1778740067.5665205,PPI / Raw,67,0.0003261566162109375,normal,0.52342033,0.47657967,0.52342033
1778740067.5919776,PPI / Raw,45,0.025457143783569336,normal,0.51561993,0.4843801,0.51561993
1778740067.5937912,PPI / Raw,54,0.001813650131225586,normal,0.52342033,0.47657967,0.52342033
1778740067.6305842,PPI / Raw,47,0.03679299354553223,normal,0.51561993,0.4843801,0.51561993
1778740067.6318822,PPI / Raw,49,0.0012979507446289062,normal,0.51561993,0.4843801,0.51561993
1778740067.6322405,PPI / Raw,45,0.00035834312438964844,normal,0.51561993,0.4843801,0.51561993
1778740067.632567,PPI / Raw,67,0.00032639503479003906,normal,0.52342033,0.47657967,0.52342033
1778740067.6429317,PPI / Raw,57,0.010364770889282227,normal,0.52342033,0.47657967,0.52342033
1778740067.668427,PPI / Raw,50,0.025495290756225586,normal,0.52342033,0.47657967,0.52342033
1778740067.6960485,PPI / Raw,49,0.02762150764465332,normal,0.51561993,0.4843801,0.51561993
1778740067.6964073,PPI / Raw,45,0.00035881996154785156,normal,0.51561993,0.4843801,0.51561993
1778740067.6967332,PPI / Raw,67,0.00032591819763183594,normal,0.52342033,0.47657967,0.52342033
1778740067.7812898,PPI / Raw,54,0.08455657958984375,normal,0.52342033,0.47657967,0.52342033
1778740067.8425431,PPI / Raw,56,0.06125330924987793,normal,0.52342033,0.47657967,0.52342033
1778740067.8549926,PPI / Raw,58,0.012449502944946289,normal,0.52342033,0.47657967,0.52342033
1778740067.8965957,PPI / Raw,49,0.04160308837890625,normal,0.51561993,0.4843801,0.51561993
1778740067.9153502,PPI / Raw,57,0.01875448226928711,normal,0.52342033,0.47657967,0.52342033
1778740067.966806,PPI / Raw,49,0.05145573616027832,normal,0.51561993,0.4843801,0.51561993
1778740067.9675415,PPI / Raw,54,0.0007355213165283203,normal,0.52342033,0.47657967,0.52342033
1778740068.0372646,PPI / Raw,49,0.06972312927246094,normal,0.51561993,0.4843801,0.51561993
1778740068.1090298,PPI / Raw,49,0.07176518440246582,normal,0.51561993,0.4843801,0.51561993
1778740068.1212924,PPI / Raw,56,0.012262582778930664,normal,0.52342033,0.47657967,0.52342033
1778740068.1546109,PPI / Raw,42,0.033318519592285156,normal,0.5078119,0.49218813,0.5078119
1778740068.1575456,PPI / Raw,54,0.002934694290161133,normal,0.52342033,0.47657967,0.52342033
1778740068.1742482,PPI / Raw,49,0.016702651977539062,normal,0.51561993,0.4843801,0.51561993
1778740068.1866748,PPI / Raw,57,0.012426614761352539,normal,0.52342033,0.47657967,0.52342033
1778740068.2414906,PPI / Raw,49,0.05481576919555664,normal,0.51561993,0.4843801,0.51561993
1778740068.271125,PPI / Raw,58,0.029634475708007812,normal,0.52342033,0.47657967,0.52342033
1778740068.293907,PPI / Raw,47,0.022781848907470703,normal,0.51561993,0.4843801,0.51561993
1778740068.306453,PPI / Raw,49,0.012546062469482422,normal,0.51561993,0.4843801,0.51561993
1778740068.340044,PPI / Raw,54,0.03359103202819824,normal,0.52342033,0.47657967,0.52342033
1778740068.3745148,PPI / Raw,49,0.03447079658508301,normal,0.51561993,0.4843801,0.51561993
1778740068.3912976,PPI / Raw,56,0.016782760620117188,normal,0.52342033,0.47657967,0.52342033
1778740068.4118903,PPI / Raw,56,0.020592689514160156,normal,0.52342033,0.47657967,0.52342033
1778740068.442977,PPI / Raw,49,0.03108668327331543,normal,0.51561993,0.4843801,0.51561993
1778740068.4982245,PPI / Raw,68,0.05524754524230957,normal,0.52342033,0.47657967,0.52342033
1778740068.5110795,PPI / Raw,49,0.012855052947998047,normal,0.51561993,0.4843801,0.51561993
1778740068.5300486,PPI / Raw,54,0.018969058990478516,normal,0.52342033,0.47657967,0.52342033
1778740068.5499408,PPI / Raw,58,0.019892215728759766,normal,0.52342033,0.47657967,0.52342033
1778740068.5810208,PPI / Raw,49,0.031080007553100586,normal,0.51561993,0.4843801,0.51561993
1778740068.6491332,PPI / Raw,49,0.06811237335205078,normal,0.51561993,0.4843801,0.51561993
1778740068.6531487,PPI / Raw,56,0.004015445709228516,normal,0.52342033,0.47657967,0.52342033
1778740068.6612966,PPI / Raw,56,0.008147954940795898,normal,0.52342033,0.47657967,0.52342033
1778740068.713797,PPI / Raw,54,0.05250048637390137,normal,0.52342033,0.47657967,0.52342033
1778740068.7143998,PPI / Raw,49,0.00060272216796875,normal,0.51561993,0.4843801,0.51561993
1778740068.7368124,PPI / Raw,57,0.022412538528442383,normal,0.52342033,0.47657967,0.52342033
1778740068.7769845,PPI / Raw,49,0.04017210006713867,normal,0.51561993,0.4843801,0.51561993
1778740068.8250299,PPI / Raw,58,0.04804539680480957,normal,0.52342033,0.47657967,0.52342033
1778740068.8403919,PPI / Raw,49,0.015362024307250977,normal,0.51561993,0.4843801,0.51561993
1778740068.9037983,PPI / Raw,54,0.06340646743774414,normal,0.52342033,0.47657967,0.52342033
1778740068.90523,PPI / Raw,49,0.0014317035675048828,normal,0.51561993,0.4843801,0.51561993
1778740068.9295006,PPI / Raw,56,0.02427053451538086,normal,0.52342033,0.47657967,0.52342033
1778740068.9413016,PPI / Raw,56,0.011801004409790039,normal,0.52342033,0.47657967,0.52342033
1778740068.9728875,PPI / Raw,49,0.0315859317779541,normal,0.51561993,0.4843801,0.51561993
1778740069.0371761,PPI / Raw,49,0.06428861618041992,normal,0.51561993,0.4843801,0.51561993
1778740069.0888028,PPI / Raw,54,0.05162668228149414,normal,0.52342033,0.47657967,0.52342033
1778740069.0988593,PPI / Raw,58,0.010056495666503906,normal,0.52342033,0.47657967,0.52342033
1778740069.2213008,PPI / Raw,56,0.12244153022766113,normal,0.52342033,0.47657967,0.52342033
1778740069.2220418,PPI / Raw,39,0.0007410049438476562,normal,0.5448014,0.45519862,0.5448014
1778740069.2390726,PPI / Raw,49,0.017030715942382812,normal,0.51561993,0.4843801,0.51561993
1778740069.2763042,PPI / Raw,54,0.0372316837310791,normal,0.52342033,0.47657967,0.52342033
1778740069.2794526,PPI / Raw,57,0.003148317337036133,normal,0.52342033,0.47657967,0.52342033
1778740069.30916,PPI / Raw,49,0.02970743179321289,normal,0.51561993,0.4843801,0.51561993
1778740069.3701677,PPI / Raw,58,0.06100773811340332,normal,0.52342033,0.47657967,0.52342033
1778740069.3801894,PPI / Raw,49,0.010021686553955078,normal,0.51561993,0.4843801,0.51561993
1778740069.4453995,PPI / Raw,49,0.06521010398864746,normal,0.51561993,0.4843801,0.51561993
1778740069.453543,PPI / Raw,47,0.008143424987792969,normal,0.51561993,0.4843801,0.51561993
1778740069.463806,PPI / Raw,54,0.01026296615600586,normal,0.52342033,0.47657967,0.52342033
1778740069.5013027,PPI / Raw,56,0.03749680519104004,normal,0.52342033,0.47657967,0.52342033
1778740069.512382,PPI / Raw,49,0.01107931137084961,normal,0.51561993,0.4843801,0.51561993
1778740069.5507727,PPI / Raw,57,0.0383906364440918,normal,0.52342033,0.47657967,0.52342033
1778740069.5798926,PPI / Raw,49,0.02911996841430664,normal,0.51561993,0.4843801,0.51561993
1778740069.640228,PPI / Raw,58,0.060335397720336914,normal,0.52342033,0.47657967,0.52342033
1778740069.646307,PPI / Raw,54,0.006078958511352539,normal,0.52342033,0.47657967,0.52342033
1778740069.64929,PPI / Raw,49,0.00298309326171875,normal,0.51561993,0.4843801,0.51561993
1778740069.7133613,PPI / Raw,49,0.0640711784362793,normal,0.51561993,0.4843801,0.51561993
1778740069.7766116,PPI / Raw,49,0.06325030326843262,normal,0.51561993,0.4843801,0.51561993
1778740069.7775552,PPI / Raw,56,0.0009436607360839844,normal,0.52342033,0.47657967,0.52342033
1778740069.8220887,PPI / Raw,57,0.044533491134643555,normal,0.52342033,0.47657967,0.52342033
1778740069.8375556,PPI / Raw,54,0.015466928482055664,normal,0.52342033,0.47657967,0.52342033
1778740069.9166274,PPI / Raw,47,0.0790717601776123,normal,0.51561993,0.4843801,0.51561993
1778740069.9563684,PPI / Raw,68,0.03974103927612305,normal,0.52342033,0.47657967,0.52342033
1778740070.0213072,PPI / Raw,54,0.06493878364562988,normal,0.52342033,0.47657967,0.52342033
1778740070.0538104,PPI / Raw,56,0.03250312805175781,normal,0.52342033,0.47657967,0.52342033
1778740070.0996761,PPI / Raw,49,0.045865774154663086,normal,0.51561993,0.4843801,0.51561993
1778740070.1009054,PPI / Raw,57,0.0012292861938476562,normal,0.52342033,0.47657967,0.52342033
1778740070.1709275,PPI / Raw,49,0.0700221061706543,normal,0.51561993,0.4843801,0.51561993
1778740070.2063081,PPI / Raw,54,0.03538060188293457,normal,0.52342033,0.47657967,0.52342033
1778740070.240113,PPI / Raw,49,0.033804893493652344,normal,0.51561993,0.4843801,0.51561993
1778740070.29936,PPI / Raw,56,0.05924701690673828,normal,0.52342033,0.47657967,0.52342033
1778740070.3040218,PPI / Raw,47,0.0046617984771728516,normal,0.51561993,0.4843801,0.51561993
1778740070.3108974,PPI / Raw,49,0.006875514984130859,normal,0.51561993,0.4843801,0.51561993
1778740070.325062,PPI / Raw,56,0.01416468620300293,normal,0.52342033,0.47657967,0.52342033
1778740070.3772206,PPI / Raw,57,0.05215859413146973,normal,0.52342033,0.47657967,0.52342033
1778740070.3776696,PPI / Raw,49,0.0004489421844482422,normal,0.51561993,0.4843801,0.51561993
1778740070.39006,PPI / Raw,54,0.012390375137329102,normal,0.52342033,0.47657967,0.52342033
1778740070.442993,PPI / Raw,49,0.0529329776763916,normal,0.51561993,0.4843801,0.51561993
1778740070.5071878,PPI / Raw,49,0.06419491767883301,normal,0.51561993,0.4843801,0.51561993
1778740070.573539,PPI / Raw,49,0.06635117530822754,normal,0.51561993,0.4843801,0.51561993
1778740070.5750613,PPI / Raw,54,0.0015223026275634766,normal,0.52342033,0.47657967,0.52342033
1778740070.6000645,PPI / Raw,56,0.02500319480895996,normal,0.52342033,0.47657967,0.52342033
1778740070.6395497,PPI / Raw,49,0.03948521614074707,normal,0.51561993,0.4843801,0.51561993
1778740070.702242,PPI / Raw,49,0.06269216537475586,normal,0.51561993,0.4843801,0.51561993
1778740070.7511888,PPI / Raw,58,0.04894685745239258,normal,0.52342033,0.47657967,0.52342033
1778740070.7638128,PPI / Raw,54,0.012624025344848633,normal,0.52342033,0.47657967,0.52342033
1778740070.7682376,PPI / Raw,49,0.0044248104095458984,normal,0.51561993,0.4843801,0.51561993
1778740070.8763165,PPI / Raw,56,0.1080789566040039,normal,0.52342033,0.47657967,0.52342033
1778740070.9022272,PPI / Raw,49,0.025910615921020508,normal,0.51561993,0.4843801,0.51561993
1778740070.932531,PPI / Raw,57,0.030303955078125,normal,0.52342033,0.47657967,0.52342033
1778740070.951317,PPI / Raw,54,0.018785953521728516,normal,0.52342033,0.47657967,0.52342033
1778740070.9686425,PPI / Raw,49,0.017325401306152344,normal,0.51561993,0.4843801,0.51561993
1778740071.0326405,PPI / Raw,49,0.06399798393249512,normal,0.51561993,0.4843801,0.51561993
1778740071.0995276,PPI / Raw,49,0.06688714027404785,normal,0.51561993,0.4843801,0.51561993
1778740071.1208627,PPI / Raw,54,0.021335124969482422,normal,0.52342033,0.47657967,0.52342033
1778740071.1216028,PPI / Raw,39,0.00074005126953125,normal,0.5448014,0.45519862,0.5448014
1778740071.1388156,PPI / Raw,54,0.017212867736816406,normal,0.52342033,0.47657967,0.52342033
1778740071.1463184,PPI / Raw,56,0.00750279426574707,normal,0.52342033,0.47657967,0.52342033
1778740071.1676738,PPI / Raw,49,0.021355390548706055,normal,0.51561993,0.4843801,0.51561993
1778740071.1883066,PPI / Raw,70,0.02063274383544922,normal,0.52342033,0.47657967,0.52342033
1778740071.2026007,PPI / Raw,57,0.014294147491455078,normal,0.52342033,0.47657967,0.52342033
1778740071.2327244,PPI / Raw,49,0.03012371063232422,normal,0.51561993,0.4843801,0.51561993
1778740071.238186,PPI / Raw,39,0.005461454391479492,normal,0.5448014,0.45519862,0.5448014
1778740071.3021588,PPI / Raw,49,0.06397294998168945,normal,0.51561993,0.4843801,0.51561993
1778740071.321317,PPI / Raw,54,0.019158124923706055,normal,0.52342033,0.47657967,0.52342033
1778740071.3735614,PPI / Raw,49,0.05224442481994629,normal,0.51561993,0.4843801,0.51561993
1778740071.3971977,PPI / Raw,56,0.023636341094970703,normal,0.52342033,0.47657967,0.52342033
1778740071.4188209,PPI / Raw,56,0.02162313461303711,normal,0.52342033,0.47657967,0.52342033
1778740071.4429076,PPI / Raw,49,0.024086713790893555,normal,0.51561993,0.4843801,0.51561993
1778740071.453877,PPI / Raw,45,0.010969400405883789,normal,0.51561993,0.4843801,0.51561993
1778740071.4751723,PPI / Raw,57,0.02129530906677246,normal,0.52342033,0.47657967,0.52342033
1778740071.5059152,PPI / Raw,49,0.030742883682250977,normal,0.51561993,0.4843801,0.51561993
1778740071.5088212,PPI / Raw,54,0.0029060840606689453,normal,0.52342033,0.47657967,0.52342033
1778740071.5702455,PPI / Raw,49,0.06142425537109375,normal,0.51561993,0.4843801,0.51561993
1778740071.6421938,PPI / Raw,49,0.07194828987121582,normal,0.51561993,0.4843801,0.51561993
1778740071.6445367,PPI / Raw,47,0.0023429393768310547,normal,0.51561993,0.4843801,0.51561993
1778740071.69132,PPI / Raw,56,0.0467832088470459,normal,0.52342033,0.47657967,0.52342033
1778740071.6963232,PPI / Raw,54,0.005003213882446289,normal,0.52342033,0.47657967,0.52342033
1778740071.7083735,PPI / Raw,49,0.012050390243530273,normal,0.51561993,0.4843801,0.51561993
1778740071.7452407,PPI / Raw,57,0.03686714172363281,normal,0.52342033,0.47657967,0.52342033
1778740071.7623072,PPI / Raw,50,0.017066478729248047,normal,0.52342033,0.47657967,0.52342033
1778740071.7786179,PPI / Raw,49,0.016310691833496094,normal,0.51561993,0.4843801,0.51561993
1778740071.8052838,PPI / Raw,37,0.026665925979614258,normal,0.5292634,0.47073662,0.5292634
1778740071.8421624,PPI / Raw,49,0.03687858581542969,normal,0.51561993,0.4843801,0.51561993
1778740071.8788211,PPI / Raw,54,0.03665876388549805,normal,0.52342033,0.47657967,0.52342033
1778740071.9081995,PPI / Raw,49,0.029378414154052734,normal,0.51561993,0.4843801,0.51561993
1778740071.9434614,PPI / Raw,55,0.03526186943054199,normal,0.52342033,0.47657967,0.52342033
1778740071.962572,PPI / Raw,56,0.019110679626464844,normal,0.52342033,0.47657967,0.52342033
1778740071.976641,PPI / Raw,49,0.014068841934204102,normal,0.51561993,0.4843801,0.51561993
1778740072.021559,PPI / Raw,57,0.044918060302734375,normal,0.52342033,0.47657967,0.52342033
1778740072.0480366,PPI / Raw,49,0.026477575302124023,normal,0.51561993,0.4843801,0.51561993
1778740072.0638258,PPI / Raw,54,0.015789270401000977,normal,0.52342033,0.47657967,0.52342033
1778740072.0664473,PPI / Raw,91,0.0026214122772216797,normal,0.52342033,0.47657967,0.52342033
1778740072.1151268,PPI / Raw,49,0.04867959022521973,normal,0.51561993,0.4843801,0.51561993
1778740072.1339722,PPI / Raw,58,0.018845319747924805,normal,0.52342033,0.47657967,0.52342033
1778740072.1640382,PPI / Raw,42,0.03006601333618164,normal,0.5078119,0.49218813,0.5078119
1778740072.1854987,PPI / Raw,49,0.021460533142089844,normal,0.51561993,0.4843801,0.51561993
1778740072.2325742,PPI / Raw,56,0.047075510025024414,normal,0.52342033,0.47657967,0.52342033
1778740072.252577,PPI / Raw,54,0.02000284194946289,normal,0.52342033,0.47657967,0.52342033
1778740072.2579718,PPI / Raw,49,0.005394697189331055,normal,0.51561993,0.4843801,0.51561993
1778740072.3003745,PPI / Raw,57,0.04240274429321289,normal,0.52342033,0.47657967,0.52342033
1778740072.3041537,PPI / Raw,47,0.003779172897338867,normal,0.51561993,0.4843801,0.51561993
1778740072.3862379,PPI / Raw,49,0.08208417892456055,normal,0.51561993,0.4843801,0.51561993
1778740072.3865566,PPI / Raw,39,0.00031876564025878906,normal,0.5448014,0.45519862,0.5448014
1778740072.4438286,PPI / Raw,54,0.05727195739746094,normal,0.52342033,0.47657967,0.52342033
1778740072.449531,PPI / Raw,49,0.005702495574951172,normal,0.51561993,0.4843801,0.51561993
1778740072.5038261,PPI / Raw,56,0.05429506301879883,normal,0.52342033,0.47657967,0.52342033
1778740072.5479786,PPI / Raw,57,0.04415249824523926,normal,0.52342033,0.47657967,0.52342033
1778740072.5584712,PPI / Raw,47,0.010492563247680664,normal,0.51561993,0.4843801,0.51561993
1778740072.5934029,PPI / Raw,49,0.03493165969848633,normal,0.51561993,0.4843801,0.51561993
1778740072.6288273,PPI / Raw,54,0.03542447090148926,normal,0.52342033,0.47657967,0.52342033
1778740072.6559343,PPI / Raw,49,0.02710700035095215,normal,0.51561993,0.4843801,0.51561993
1778740072.6562932,PPI / Raw,45,0.00035881996154785156,normal,0.51561993,0.4843801,0.51561993
1778740072.6853511,PPI / Raw,58,0.029057979583740234,normal,0.52342033,0.47657967,0.52342033
1778740072.6861084,PPI / Raw,39,0.0007572174072265625,normal,0.5448014,0.45519862,0.5448014
1778740072.7218318,PPI / Raw,49,0.03572344779968262,normal,0.51561993,0.4843801,0.51561993
1778740072.722517,PPI / Raw,67,0.0006852149963378906,normal,0.52342033,0.47657967,0.52342033
1778740072.7800782,PPI / Raw,56,0.05756115913391113,normal,0.52342033,0.47657967,0.52342033
1778740072.7866552,PPI / Raw,49,0.006577014923095703,normal,0.51561993,0.4843801,0.51561993
1778740072.8192942,PPI / Raw,57,0.0326390266418457,normal,0.52342033,0.47657967,0.52342033
1778740072.8200788,PPI / Raw,54,0.0007846355438232422,normal,0.52342033,0.47657967,0.52342033
1778740072.851334,PPI / Raw,49,0.031255245208740234,normal,0.51561993,0.4843801,0.51561993
1778740072.8608904,PPI / Raw,50,0.009556293487548828,normal,0.52342033,0.47657967,0.52342033
1778740072.9566672,PPI / Raw,58,0.09577679634094238,normal,0.52342033,0.47657967,0.52342033
1778740072.957424,PPI / Raw,39,0.0007567405700683594,normal,0.5448014,0.45519862,0.5448014
1778740072.9847147,PPI / Raw,49,0.027290821075439453,normal,0.51561993,0.4843801,0.51561993
1778740073.0100832,PPI / Raw,54,0.025368452072143555,normal,0.52342033,0.47657967,0.52342033
1778740073.056299,PPI / Raw,49,0.04621577262878418,normal,0.51561993,0.4843801,0.51561993
1778740073.0575836,PPI / Raw,56,0.0012845993041992188,normal,0.52342033,0.47657967,0.52342033
1778740073.0981138,PPI / Raw,57,0.04053020477294922,normal,0.52342033,0.47657967,0.52342033
1778740073.1237876,PPI / Raw,49,0.025673866271972656,normal,0.51561993,0.4843801,0.51561993
1778740073.193885,PPI / Raw,49,0.07009744644165039,normal,0.51561993,0.4843801,0.51561993
1778740073.1988316,PPI / Raw,54,0.004946470260620117,normal,0.52342033,0.47657967,0.52342033
1778740073.2354856,PPI / Raw,58,0.036653995513916016,normal,0.52342033,0.47657967,0.52342033
1778740073.3179498,PPI / Raw,56,0.08246421813964844,normal,0.52342033,0.47657967,0.52342033
1778740073.3254108,PPI / Raw,49,0.007461071014404297,normal,0.51561993,0.4843801,0.51561993
1778740073.3300855,PPI / Raw,56,0.004674673080444336,normal,0.52342033,0.47657967,0.52342033
1778740073.374431,PPI / Raw,57,0.04434537887573242,normal,0.52342033,0.47657967,0.52342033
1778740073.386333,PPI / Raw,54,0.011902093887329102,normal,0.52342033,0.47657967,0.52342033
1778740073.45606,PPI / Raw,49,0.06972694396972656,normal,0.51561993,0.4843801,0.51561993
1778740073.508057,PPI / Raw,58,0.05199718475341797,normal,0.52342033,0.47657967,0.52342033
1778740073.5197103,PPI / Raw,49,0.01165318489074707,normal,0.51561993,0.4843801,0.51561993
1778740073.5775845,PPI / Raw,54,0.057874202728271484,normal,0.52342033,0.47657967,0.52342033
1778740073.5876646,PPI / Raw,49,0.010080099105834961,normal,0.51561993,0.4843801,0.51561993
1778740073.6075878,PPI / Raw,56,0.01992321014404297,normal,0.52342033,0.47657967,0.52342033
1778740073.6278784,PPI / Raw,57,0.020290613174438477,normal,0.52342033,0.47657967,0.52342033
1778740073.654502,PPI / Raw,57,0.02662348747253418,normal,0.52342033,0.47657967,0.52342033
1778740073.659039,PPI / Raw,49,0.004537105560302734,normal,0.51561993,0.4843801,0.51561993
1778740073.7282217,PPI / Raw,49,0.0691826343536377,normal,0.51561993,0.4843801,0.51561993
1778740073.761336,PPI / Raw,54,0.03311443328857422,normal,0.52342033,0.47657967,0.52342033
1778740073.7818708,PPI / Raw,58,0.020534753799438477,normal,0.52342033,0.47657967,0.52342033
1778740073.795308,PPI / Raw,49,0.013437271118164062,normal,0.51561993,0.4843801,0.51561993
1778740073.8401692,PPI / Raw,68,0.0448610782623291,normal,0.52342033,0.47657967,0.52342033
1778740073.8664653,PPI / Raw,49,0.026296138763427734,normal,0.51561993,0.4843801,0.51561993
1778740073.8677177,PPI / Raw,40,0.0012524127960205078,normal,0.51561993,0.4843801,0.51561993
1778740073.8838367,PPI / Raw,56,0.016119003295898438,normal,0.52342033,0.47657967,0.52342033
1778740073.9257228,PPI / Raw,57,0.041886091232299805,normal,0.52342033,0.47657967,0.52342033
1778740073.9307346,PPI / Raw,47,0.005011796951293945,normal,0.51561993,0.4843801,0.51561993
1778740073.9346144,PPI / Raw,49,0.0038797855377197266,normal,0.51561993,0.4843801,0.51561993
1778740073.9480007,PPI / Raw,63,0.013386249542236328,normal,0.52342033,0.47657967,0.52342033
1778740073.9525905,PPI / Raw,54,0.00458979606628418,normal,0.52342033,0.47657967,0.52342033
1778740074.0021582,PPI / Raw,49,0.04956769943237305,normal,0.51561993,0.4843801,0.51561993
1778740074.0619295,PPI / Raw,58,0.05977129936218262,normal,0.52342033,0.47657967,0.52342033
1778740074.066954,PPI / Raw,49,0.005024433135986328,normal,0.51561993,0.4843801,0.51561993
1778740074.12946,PPI / Raw,49,0.06250619888305664,normal,0.51561993,0.4843801,0.51561993
1778740074.133839,PPI / Raw,54,0.004378795623779297,normal,0.52342033,0.47657967,0.52342033
1778740074.1600919,PPI / Raw,56,0.02625298500061035,normal,0.52342033,0.47657967,0.52342033
1778740074.2011995,PPI / Raw,49,0.0411076545715332,normal,0.51561993,0.4843801,0.51561993
1778740074.20579,PPI / Raw,57,0.004590511322021484,normal,0.52342033,0.47657967,0.52342033
1778740074.271695,PPI / Raw,49,0.06590485572814941,normal,0.51561993,0.4843801,0.51561993
1778740074.3055565,PPI / Raw,47,0.033861637115478516,normal,0.51561993,0.4843801,0.51561993
1778740074.3175902,PPI / Raw,54,0.012033700942993164,normal,0.52342033,0.47657967,0.52342033
1778740074.3320026,PPI / Raw,58,0.014412403106689453,normal,0.52342033,0.47657967,0.52342033
1778740074.3373914,PPI / Raw,49,0.005388736724853516,normal,0.51561993,0.4843801,0.51561993
1778740074.401095,PPI / Raw,49,0.06370353698730469,normal,0.51561993,0.4843801,0.51561993
1778740074.436344,PPI / Raw,56,0.03524899482727051,normal,0.52342033,0.47657967,0.52342033
1778740074.478358,PPI / Raw,57,0.042014122009277344,normal,0.52342033,0.47657967,0.52342033
1778740074.5050945,PPI / Raw,54,0.02673649787902832,normal,0.52342033,0.47657967,0.52342033
1778740074.527849,PPI / Raw,49,0.022754430770874023,normal,0.51561993,0.4843801,0.51561993
1778740074.5648158,PPI / Raw,47,0.036966800689697266,normal,0.51561993,0.4843801,0.51561993
1778740074.5981033,PPI / Raw,49,0.03328752517700195,normal,0.51561993,0.4843801,0.51561993
1778740074.6913428,PPI / Raw,54,0.09323954582214355,normal,0.52342033,0.47657967,0.52342033
1778740074.707596,PPI / Raw,56,0.016253232955932617,normal,0.52342033,0.47657967,0.52342033
1778740074.728997,PPI / Raw,49,0.021400928497314453,normal,0.51561993,0.4843801,0.51561993
1778740074.758426,PPI / Raw,57,0.029428958892822266,normal,0.52342033,0.47657967,0.52342033
1778740074.8000004,PPI / Raw,49,0.04157447814941406,normal,0.51561993,0.4843801,0.51561993
1778740074.8685179,PPI / Raw,49,0.06851744651794434,normal,0.51561993,0.4843801,0.51561993
1778740074.8771396,PPI / Raw,58,0.008621692657470703,normal,0.52342033,0.47657967,0.52342033
1778740074.8775947,PPI / Raw,54,0.0004551410675048828,normal,0.52342033,0.47657967,0.52342033
1778740074.9396534,PPI / Raw,49,0.06205868721008301,normal,0.51561993,0.4843801,0.51561993
1778740074.9800951,PPI / Raw,56,0.04044175148010254,normal,0.52342033,0.47657967,0.52342033
1778740075.0051477,PPI / Raw,49,0.025052547454833984,normal,0.51561993,0.4843801,0.51561993
1778740075.0675988,PPI / Raw,54,0.06245112419128418,normal,0.52342033,0.47657967,0.52342033
1778740075.072499,PPI / Raw,49,0.004900217056274414,normal,0.51561993,0.4843801,0.51561993
1778740075.1387587,PPI / Raw,49,0.06625962257385254,normal,0.51561993,0.4843801,0.51561993
1778740075.1547034,PPI / Raw,58,0.015944719314575195,normal,0.52342033,0.47657967,0.52342033
1778740075.2076588,PPI / Raw,49,0.05295538902282715,normal,0.51561993,0.4843801,0.51561993
1778740075.2203996,PPI / Raw,50,0.012740850448608398,normal,0.52342033,0.47657967,0.52342033
1778740075.2550976,PPI / Raw,54,0.0346980094909668,normal,0.52342033,0.47657967,0.52342033
1778740075.2588503,PPI / Raw,56,0.0037527084350585938,normal,0.52342033,0.47657967,0.52342033
1778740075.2722456,PPI / Raw,49,0.013395309448242188,normal,0.51561993,0.4843801,0.51561993
1778740075.3348062,PPI / Raw,49,0.0625605583190918,normal,0.51561993,0.4843801,0.51561993
1778740075.3977764,PPI / Raw,49,0.06297016143798828,normal,0.51561993,0.4843801,0.51561993
1778740075.433523,PPI / Raw,58,0.03574657440185547,normal,0.52342033,0.47657967,0.52342033
1778740075.4388518,PPI / Raw,54,0.0053288936614990234,normal,0.52342033,0.47657967,0.52342033
1778740075.462653,PPI / Raw,47,0.023801088333129883,normal,0.51561993,0.4843801,0.51561993
1778740075.470124,PPI / Raw,49,0.0074710845947265625,normal,0.51561993,0.4843801,0.51561993
1778740075.5338492,PPI / Raw,56,0.06372523307800293,normal,0.52342033,0.47657967,0.52342033
1778740075.5372446,PPI / Raw,49,0.0033953189849853516,normal,0.51561993,0.4843801,0.51561993
1778740075.5823793,PPI / Raw,57,0.045134782791137695,normal,0.52342033,0.47657967,0.52342033
1778740075.6029174,PPI / Raw,49,0.0205380916595459,normal,0.51561993,0.4843801,0.51561993
1778740075.627603,PPI / Raw,54,0.02468562126159668,normal,0.52342033,0.47657967,0.52342033
1778740075.641655,PPI / Raw,50,0.01405191421508789,normal,0.52342033,0.47657967,0.52342033
1778740075.6686313,PPI / Raw,49,0.026976346969604492,normal,0.51561993,0.4843801,0.51561993
1778740075.7087069,PPI / Raw,58,0.04007554054260254,normal,0.52342033,0.47657967,0.52342033
1778740075.7386315,PPI / Raw,49,0.029924631118774414,normal,0.51561993,0.4843801,0.51561993
1778740075.7921247,PPI / Raw,56,0.05349326133728027,normal,0.52342033,0.47657967,0.52342033
1778740075.8051016,PPI / Raw,56,0.012976884841918945,normal,0.52342033,0.47657967,0.52342033
1778740075.81059,PPI / Raw,49,0.005488395690917969,normal,0.51561993,0.4843801,0.51561993
1778740075.8188548,PPI / Raw,54,0.008264780044555664,normal,0.52342033,0.47657967,0.52342033
1778740075.8611948,PPI / Raw,57,0.04234004020690918,normal,0.52342033,0.47657967,0.52342033
1778740075.8808854,PPI / Raw,49,0.019690513610839844,normal,0.51561993,0.4843801,0.51561993
1778740075.9432032,PPI / Raw,49,0.062317848205566406,normal,0.51561993,0.4843801,0.51561993
1778740075.9862711,PPI / Raw,58,0.04306793212890625,normal,0.52342033,0.47657967,0.52342033
1778740076.007039,PPI / Raw,49,0.020767927169799805,normal,0.51561993,0.4843801,0.51561993
1778740076.008856,PPI / Raw,54,0.0018169879913330078,normal,0.52342033,0.47657967,0.52342033
1778740076.07211,PPI / Raw,49,0.06325387954711914,normal,0.51561993,0.4843801,0.51561993
1778740076.0851038,PPI / Raw,56,0.012993812561035156,normal,0.52342033,0.47657967,0.52342033
1778740076.1355162,PPI / Raw,49,0.05041241645812988,normal,0.51561993,0.4843801,0.51561993
1778740076.1387603,PPI / Raw,57,0.003244161605834961,normal,0.52342033,0.47657967,0.52342033
1778740076.1938546,PPI / Raw,54,0.055094242095947266,normal,0.52342033,0.47657967,0.52342033
1778740076.1981266,PPI / Raw,49,0.004271984100341797,normal,0.51561993,0.4843801,0.51561993
1778740076.2613425,PPI / Raw,58,0.06321597099304199,normal,0.52342033,0.47657967,0.52342033
1778740076.2678332,PPI / Raw,49,0.0064907073974609375,normal,0.51561993,0.4843801,0.51561993
1778740076.3359966,PPI / Raw,49,0.06816339492797852,normal,0.51561993,0.4843801,0.51561993
1778740076.356359,PPI / Raw,56,0.020362377166748047,normal,0.52342033,0.47657967,0.52342033
1778740076.381356,PPI / Raw,54,0.02499699592590332,normal,0.52342033,0.47657967,0.52342033
1778740076.4078822,PPI / Raw,49,0.026526212692260742,normal,0.51561993,0.4843801,0.51561993
1778740076.40901,PPI / Raw,42,0.0011277198791503906,normal,0.5078119,0.49218813,0.5078119
1778740076.4719825,PPI / Raw,49,0.0629725456237793,normal,0.51561993,0.4843801,0.51561993
1778740076.5389137,PPI / Raw,58,0.06693124771118164,normal,0.52342033,0.47657967,0.52342033
1778740076.5398178,PPI / Raw,49,0.000904083251953125,normal,0.51561993,0.4843801,0.51561993
1778740076.5726075,PPI / Raw,54,0.03278970718383789,normal,0.52342033,0.47657967,0.52342033
1778740076.5736663,PPI / Raw,47,0.001058816909790039,normal,0.51561993,0.4843801,0.51561993
1778740076.606743,PPI / Raw,49,0.03307676315307617,normal,0.51561993,0.4843801,0.51561993
1778740076.6211329,PPI / Raw,56,0.014389753341674805,normal,0.52342033,0.47657967,0.52342033
1778740076.630111,PPI / Raw,56,0.008978128433227539,normal,0.52342033,0.47657967,0.52342033
1778740076.67271,PPI / Raw,49,0.04259896278381348,normal,0.51561993,0.4843801,0.51561993
1778740076.6913986,PPI / Raw,57,0.018688678741455078,normal,0.52342033,0.47657967,0.52342033
1778740076.7396173,PPI / Raw,49,0.048218727111816406,normal,0.51561993,0.4843801,0.51561993
1778740076.755109,PPI / Raw,54,0.015491724014282227,normal,0.52342033,0.47657967,0.52342033
1778740076.8033848,PPI / Raw,49,0.04827570915222168,normal,0.51561993,0.4843801,0.51561993
1778740076.812733,PPI / Raw,58,0.009348154067993164,normal,0.52342033,0.47657967,0.52342033
1778740076.872898,PPI / Raw,49,0.0601651668548584,normal,0.51561993,0.4843801,0.51561993
1778740076.892709,PPI / Raw,68,0.019810914993286133,normal,0.52342033,0.47657967,0.52342033
1778740076.900113,PPI / Raw,56,0.0074040889739990234,normal,0.52342033,0.47657967,0.52342033
1778740076.9401133,PPI / Raw,54,0.040000200271606445,normal,0.52342033,0.47657967,0.52342033
1778740076.9404097,PPI / Raw,49,0.0002963542938232422,normal,0.51561993,0.4843801,0.51561993
1778740076.965217,PPI / Raw,57,0.024807453155517578,normal,0.52342033,0.47657967,0.52342033
1778740077.009291,PPI / Raw,49,0.04407382011413574,normal,0.51561993,0.4843801,0.51561993
1778740077.0727675,PPI / Raw,49,0.0634765625,normal,0.51561993,0.4843801,0.51561993
1778740077.0840523,PPI / Raw,58,0.011284828186035156,normal,0.52342033,0.47657967,0.52342033
1778740077.126362,PPI / Raw,54,0.04230976104736328,normal,0.52342033,0.47657967,0.52342033
1778740077.1375387,PPI / Raw,49,0.011176586151123047,normal,0.51561993,0.4843801,0.51561993
1778740077.1685812,PPI / Raw,56,0.03104257583618164,normal,0.52342033,0.47657967,0.52342033
1778740077.1726155,PPI / Raw,56,0.004034280776977539,normal,0.52342033,0.47657967,0.52342033
1778740077.2382855,PPI / Raw,57,0.06567001342773438,normal,0.52342033,0.47657967,0.52342033
1778740077.3126132,PPI / Raw,54,0.07432770729064941,normal,0.52342033,0.47657967,0.52342033
1778740077.3413134,PPI / Raw,49,0.02870011329650879,normal,0.51561993,0.4843801,0.51561993
1778740077.3553774,PPI / Raw,58,0.01406407356262207,normal,0.52342033,0.47657967,0.52342033
1778740077.4121745,PPI / Raw,49,0.056797027587890625,normal,0.51561993,0.4843801,0.51561993
1778740077.439916,PPI / Raw,56,0.027741432189941406,normal,0.52342033,0.47657967,0.52342033
1778740077.4426174,PPI / Raw,56,0.0027015209197998047,normal,0.52342033,0.47657967,0.52342033
1778740077.4630053,PPI / Raw,47,0.020387887954711914,normal,0.51561993,0.4843801,0.51561993
1778740077.479595,PPI / Raw,49,0.016589641571044922,normal,0.51561993,0.4843801,0.51561993
1778740077.4938679,PPI / Raw,54,0.014272928237915039,normal,0.52342033,0.47657967,0.52342033
1778740077.5083542,PPI / Raw,57,0.014486312866210938,normal,0.52342033,0.47657967,0.52342033
1778740077.5491283,PPI / Raw,49,0.04077410697937012,normal,0.51561993,0.4843801,0.51561993
1778740077.620077,PPI / Raw,49,0.07094860076904297,normal,0.51561993,0.4843801,0.51561993
1778740077.631698,PPI / Raw,58,0.01162099838256836,normal,0.52342033,0.47657967,0.52342033
1778740077.638969,PPI / Raw,92,0.0072710514068603516,normal,0.52342033,0.47657967,0.52342033
1778740077.6838663,PPI / Raw,54,0.04489731788635254,normal,0.52342033,0.47657967,0.52342033
1778740077.68904,PPI / Raw,49,0.005173683166503906,normal,0.51561993,0.4843801,0.51561993
1778740077.7163696,PPI / Raw,56,0.027329683303833008,normal,0.52342033,0.47657967,0.52342033
1778740077.7591145,PPI / Raw,49,0.04274487495422363,normal,0.51561993,0.4843801,0.51561993
1778740077.7936363,PPI / Raw,68,0.03452181816101074,normal,0.52342033,0.47657967,0.52342033
1778740077.8263412,PPI / Raw,49,0.032704830169677734,normal,0.51561993,0.4843801,0.51561993
1778740077.8688676,PPI / Raw,54,0.0425264835357666,normal,0.52342033,0.47657967,0.52342033
1778740077.8982086,PPI / Raw,49,0.02934098243713379,normal,0.51561993,0.4843801,0.51561993
1778740077.9473393,PPI / Raw,47,0.04913067817687988,normal,0.51561993,0.4843801,0.51561993
1778740077.966044,PPI / Raw,49,0.018704652786254883,normal,0.51561993,0.4843801,0.51561993
1778740077.9899304,PPI / Raw,56,0.023886442184448242,normal,0.52342033,0.47657967,0.52342033
1778740077.9926186,PPI / Raw,56,0.002688169479370117,normal,0.52342033,0.47657967,0.52342033
1778740078.0317523,PPI / Raw,49,0.03913378715515137,normal,0.51561993,0.4843801,0.51561993
1778740078.051372,PPI / Raw,54,0.01961970329284668,normal,0.52342033,0.47657967,0.52342033
1778740078.0559938,PPI / Raw,57,0.004621744155883789,normal,0.52342033,0.47657967,0.52342033
1778740078.0944448,PPI / Raw,49,0.03845095634460449,normal,0.51561993,0.4843801,0.51561993
1778740078.1639569,PPI / Raw,49,0.06951212882995605,normal,0.51561993,0.4843801,0.51561993
1778740078.2302637,PPI / Raw,49,0.06630682945251465,normal,0.51561993,0.4843801,0.51561993
1778740078.2426207,PPI / Raw,54,0.012356996536254883,normal,0.52342033,0.47657967,0.52342033
1778740078.256477,PPI / Raw,68,0.01385641098022461,normal,0.52342033,0.47657967,0.52342033
1778740078.268874,PPI / Raw,56,0.012396812438964844,normal,0.52342033,0.47657967,0.52342033
1778740078.294431,PPI / Raw,49,0.02555704116821289,normal,0.51561993,0.4843801,0.51561993
1778740078.331061,PPI / Raw,57,0.03662991523742676,normal,0.52342033,0.47657967,0.52342033
1778740078.3608534,PPI / Raw,68,0.02979254722595215,normal,0.52342033,0.47657967,0.52342033
1778740078.3631034,PPI / Raw,49,0.0022499561309814453,normal,0.51561993,0.4843801,0.51561993
1778740078.427625,PPI / Raw,54,0.06452155113220215,normal,0.52342033,0.47657967,0.52342033
1778740078.4519114,PPI / Raw,58,0.024286508560180664,normal,0.52342033,0.47657967,0.52342033
1778740078.545123,PPI / Raw,56,0.09321165084838867,normal,0.52342033,0.47657967,0.52342033
1778740078.5678227,PPI / Raw,49,0.022699594497680664,normal,0.51561993,0.4843801,0.51561993
1778740078.573768,PPI / Raw,47,0.0059452056884765625,normal,0.51561993,0.4843801,0.51561993
1778740078.6061273,PPI / Raw,57,0.03235936164855957,normal,0.52342033,0.47657967,0.52342033
1778740078.6101265,PPI / Raw,54,0.003999233245849609,normal,0.52342033,0.47657967,0.52342033
1778740078.6992946,PPI / Raw,49,0.08916807174682617,normal,0.51561993,0.4843801,0.51561993
1778740078.7976248,PPI / Raw,54,0.09833025932312012,normal,0.52342033,0.47657967,0.52342033
1778740078.821375,PPI / Raw,56,0.02375006675720215,normal,0.52342033,0.47657967,0.52342033
1778740078.8353913,PPI / Raw,49,0.014016389846801758,normal,0.51561993,0.4843801,0.51561993
1778740078.884943,PPI / Raw,57,0.04955172538757324,normal,0.52342033,0.47657967,0.52342033
1778740078.8984568,PPI / Raw,49,0.013513803482055664,normal,0.51561993,0.4843801,0.51561993
1778740078.9620345,PPI / Raw,49,0.06357765197753906,normal,0.51561993,0.4843801,0.51561993
1778740078.9876266,PPI / Raw,54,0.02559208869934082,normal,0.52342033,0.47657967,0.52342033
1778740078.999547,PPI / Raw,58,0.011920452117919922,normal,0.52342033,0.47657967,0.52342033
1778740079.027338,PPI / Raw,49,0.02779102325439453,normal,0.51561993,0.4843801,0.51561993
1778740079.089,PPI / Raw,56,0.06166195869445801,normal,0.52342033,0.47657967,0.52342033
1778740079.0939634,PPI / Raw,49,0.004963397979736328,normal,0.51561993,0.4843801,0.51561993
1778740079.1013772,PPI / Raw,56,0.0074138641357421875,normal,0.52342033,0.47657967,0.52342033
1778740079.1587615,PPI / Raw,57,0.05738425254821777,normal,0.52342033,0.47657967,0.52342033
1778740079.1640437,PPI / Raw,49,0.005282163619995117,normal,0.51561993,0.4843801,0.51561993
1778740079.1738808,PPI / Raw,54,0.009837150573730469,normal,0.52342033,0.47657967,0.52342033
1778740079.2708583,PPI / Raw,58,0.09697747230529785,normal,0.52342033,0.47657967,0.52342033
1778740079.2935383,PPI / Raw,49,0.022680044174194336,normal,0.51561993,0.4843801,0.51561993
1778740079.358882,PPI / Raw,54,0.06534361839294434,normal,0.52342033,0.47657967,0.52342033
1778740079.3647332,PPI / Raw,49,0.005851268768310547,normal,0.51561993,0.4843801,0.51561993
1778740079.3788793,PPI / Raw,56,0.014146089553833008,normal,0.52342033,0.47657967,0.52342033
1778740079.4270747,PPI / Raw,49,0.04819536209106445,normal,0.51561993,0.4843801,0.51561993
1778740079.436329,PPI / Raw,57,0.009254217147827148,normal,0.52342033,0.47657967,0.52342033
1778740079.49321,PPI / Raw,49,0.05688118934631348,normal,0.51561993,0.4843801,0.51561993
1778740079.542631,PPI / Raw,54,0.049420833587646484,normal,0.52342033,0.47657967,0.52342033
1778740079.5446725,PPI / Raw,58,0.0020415782928466797,normal,0.52342033,0.47657967,0.52342033
1778740079.5590653,PPI / Raw,49,0.014392852783203125,normal,0.51561993,0.4843801,0.51561993
1778740079.61212,PPI / Raw,68,0.0530545711517334,normal,0.52342033,0.47657967,0.52342033
1778740079.6240678,PPI / Raw,49,0.011947870254516602,normal,0.51561993,0.4843801,0.51561993
1778740079.6576345,PPI / Raw,56,0.03356671333312988,normal,0.52342033,0.47657967,0.52342033
1778740079.689421,PPI / Raw,49,0.031786441802978516,normal,0.51561993,0.4843801,0.51561993
1778740079.7209117,PPI / Raw,57,0.03149080276489258,normal,0.52342033,0.47657967,0.52342033
1778740079.731382,PPI / Raw,54,0.010470151901245117,normal,0.52342033,0.47657967,0.52342033
1778740079.7609065,PPI / Raw,49,0.029524564743041992,normal,0.51561993,0.4843801,0.51561993
1778740079.818929,PPI / Raw,58,0.058022499084472656,normal,0.52342033,0.47657967,0.52342033
1778740079.8233058,PPI / Raw,49,0.004376888275146484,normal,0.51561993,0.4843801,0.51561993
1778740079.9188864,PPI / Raw,54,0.0955805778503418,normal,0.52342033,0.47657967,0.52342033
1778740079.9351366,PPI / Raw,56,0.016250133514404297,normal,0.52342033,0.47657967,0.52342033
1778740079.9500196,PPI / Raw,47,0.014883041381835938,normal,0.51561993,0.4843801,0.51561993
1778740079.954021,PPI / Raw,49,0.0040013790130615234,normal,0.51561993,0.4843801,0.51561993
1778740079.9972334,PPI / Raw,57,0.0432124137878418,normal,0.52342033,0.47657967,0.52342033
1778740080.0175595,PPI / Raw,49,0.02032613754272461,normal,0.51561993,0.4843801,0.51561993
1778740080.0821419,PPI / Raw,49,0.06458234786987305,normal,0.51561993,0.4843801,0.51561993
1778740080.090251,PPI / Raw,58,0.008109092712402344,normal,0.52342033,0.47657967,0.52342033
1778740080.1076348,PPI / Raw,54,0.017383813858032227,normal,0.52342033,0.47657967,0.52342033
1778740080.1451664,PPI / Raw,49,0.03753161430358887,normal,0.51561993,0.4843801,0.51561993
1778740080.2151392,PPI / Raw,56,0.06997275352478027,normal,0.52342033,0.47657967,0.52342033
1778740080.2170398,PPI / Raw,49,0.0019006729125976562,normal,0.51561993,0.4843801,0.51561993
1778740080.2748022,PPI / Raw,57,0.05776238441467285,normal,0.52342033,0.47657967,0.52342033
1778740080.2853851,PPI / Raw,49,0.010582923889160156,normal,0.51561993,0.4843801,0.51561993
1778740080.2938864,PPI / Raw,54,0.008501291275024414,normal,0.52342033,0.47657967,0.52342033
1778740080.3254447,PPI / Raw,47,0.03155827522277832,normal,0.51561993,0.4843801,0.51561993
1778740080.3516507,PPI / Raw,49,0.026206016540527344,normal,0.51561993,0.4843801,0.51561993
1778740080.3653255,PPI / Raw,58,0.013674736022949219,normal,0.52342033,0.47657967,0.52342033
1778740080.421483,PPI / Raw,49,0.056157588958740234,normal,0.51561993,0.4843801,0.51561993
1778740080.475138,PPI / Raw,54,0.05365490913391113,normal,0.52342033,0.47657967,0.52342033
1778740080.4790053,PPI / Raw,61,0.0038673877716064453,normal,0.52342033,0.47657967,0.52342033
1778740080.488891,PPI / Raw,56,0.009885549545288086,normal,0.52342033,0.47657967,0.52342033
1778740080.4916315,PPI / Raw,49,0.002740621566772461,normal,0.51561993,0.4843801,0.51561993
1778740080.54612,PPI / Raw,57,0.054488420486450195,normal,0.52342033,0.47657967,0.52342033
1778740080.6238194,PPI / Raw,49,0.07769942283630371,normal,0.51561993,0.4843801,0.51561993
1778740080.6391485,PPI / Raw,58,0.015329122543334961,normal,0.52342033,0.47657967,0.52342033
1778740080.6613894,PPI / Raw,54,0.022240877151489258,normal,0.52342033,0.47657967,0.52342033
1778740080.6627564,PPI / Raw,82,0.0013670921325683594,normal,0.52342033,0.47657967,0.52342033
1778740080.6884277,PPI / Raw,49,0.02567124366760254,normal,0.51561993,0.4843801,0.51561993
1778740080.7519553,PPI / Raw,49,0.06352758407592773,normal,0.51561993,0.4843801,0.51561993
1778740080.7651432,PPI / Raw,56,0.013187885284423828,normal,0.52342033,0.47657967,0.52342033
1778740080.8235304,PPI / Raw,57,0.05838727951049805,normal,0.52342033,0.47657967,0.52342033
1778740080.8476439,PPI / Raw,54,0.02411341667175293,normal,0.52342033,0.47657967,0.52342033
1778740080.9542913,PPI / Raw,49,0.10664749145507812,normal,0.51561993,0.4843801,0.51561993
1778740080.962975,PPI / Raw,50,0.00868368148803711,normal,0.52342033,0.47657967,0.52342033
1778740081.0178351,PPI / Raw,49,0.05486011505126953,normal,0.51561993,0.4843801,0.51561993
1778740081.0244262,PPI / Raw,56,0.006591081619262695,normal,0.52342033,0.47657967,0.52342033
1778740081.038892,PPI / Raw,54,0.014465808868408203,normal,0.52342033,0.47657967,0.52342033
1778740081.0401452,PPI / Raw,56,0.0012531280517578125,normal,0.52342033,0.47657967,0.52342033
1778740081.0833805,PPI / Raw,49,0.04323530197143555,normal,0.51561993,0.4843801,0.51561993
1778740081.0935936,PPI / Raw,57,0.010213136672973633,normal,0.52342033,0.47657967,0.52342033
1778740081.1534169,PPI / Raw,49,0.05982327461242676,normal,0.51561993,0.4843801,0.51561993
1778740081.1953866,PPI / Raw,58,0.04196977615356445,normal,0.52342033,0.47657967,0.52342033
1778740081.2191715,PPI / Raw,49,0.023784875869750977,normal,0.51561993,0.4843801,0.51561993
1778740081.289146,PPI / Raw,49,0.06997442245483398,normal,0.51561993,0.4843801,0.51561993
1778740081.3101473,PPI / Raw,56,0.021001338958740234,normal,0.52342033,0.47657967,0.52342033
1778740081.3528595,PPI / Raw,49,0.04271221160888672,normal,0.51561993,0.4843801,0.51561993
1778740081.36616,PPI / Raw,57,0.013300418853759766,normal,0.52342033,0.47657967,0.52342033
1778740081.3736057,PPI / Raw,50,0.007445812225341797,normal,0.52342033,0.47657967,0.52342033
1778740081.3927839,PPI / Raw,58,0.019178152084350586,normal,0.52342033,0.47657967,0.52342033
1778740081.414548,PPI / Raw,49,0.021764039993286133,normal,0.51561993,0.4843801,0.51561993
1778740081.4704623,PPI / Raw,58,0.05591440200805664,normal,0.52342033,0.47657967,0.52342033
1778740081.4733908,PPI / Raw,47,0.002928495407104492,normal,0.51561993,0.4843801,0.51561993
1778740081.480854,PPI / Raw,49,0.007463216781616211,normal,0.51561993,0.4843801,0.51561993
1778740081.5494707,PPI / Raw,49,0.06861662864685059,normal,0.51561993,0.4843801,0.51561993
1778740081.5744298,PPI / Raw,56,0.024959087371826172,normal,0.52342033,0.47657967,0.52342033
1778740081.5801463,PPI / Raw,56,0.005716562271118164,normal,0.52342033,0.47657967,0.52342033
1778740081.6026497,PPI / Raw,54,0.022503376007080078,normal,0.52342033,0.47657967,0.52342033
1778740081.6208262,PPI / Raw,49,0.018176555633544922,normal,0.51561993,0.4843801,0.51561993
1778740081.6424763,PPI / Raw,57,0.021650075912475586,normal,0.52342033,0.47657967,0.52342033
1778740081.6893973,PPI / Raw,49,0.0469210147857666,normal,0.51561993,0.4843801,0.51561993
1778740081.7417912,PPI / Raw,58,0.05239391326904297,normal,0.52342033,0.47657967,0.52342033
1778740081.7583625,PPI / Raw,49,0.0165712833404541,normal,0.51561993,0.4843801,0.51561993
1778740081.787648,PPI / Raw,54,0.029285430908203125,normal,0.52342033,0.47657967,0.52342033
1778740081.823338,PPI / Raw,49,0.0356900691986084,normal,0.51561993,0.4843801,0.51561993
1778740081.8470097,PPI / Raw,56,0.023671627044677734,normal,0.52342033,0.47657967,0.52342033
1778740081.847424,PPI / Raw,45,0.0004143714904785156,normal,0.51561993,0.4843801,0.51561993
1778740081.8526483,PPI / Raw,56,0.0052242279052734375,normal,0.52342033,0.47657967,0.52342033
1778740081.8530626,PPI / Raw,45,0.0004143714904785156,normal,0.51561993,0.4843801,0.51561993
1778740081.8533895,PPI / Raw,39,0.0003268718719482422,normal,0.5448014,0.45519862,0.5448014
1778740081.8839092,PPI / Raw,45,0.030519723892211914,normal,0.51561993,0.4843801,0.51561993
1778740081.8864918,PPI / Raw,49,0.002582550048828125,normal,0.51561993,0.4843801,0.51561993
1778740081.8868499,PPI / Raw,45,0.0003581047058105469,normal,0.51561993,0.4843801,0.51561993
1778740081.8871765,PPI / Raw,67,0.0003266334533691406,normal,0.52342033,0.47657967,0.52342033
1778740081.913793,PPI / Raw,57,0.026616573333740234,normal,0.52342033,0.47657967,0.52342033
1778740081.9142153,PPI / Raw,45,0.0004222393035888672,normal,0.51561993,0.4843801,0.51561993
1778740081.9145417,PPI / Raw,39,0.00032639503479003906,normal,0.5448014,0.45519862,0.5448014
1778740081.9584517,PPI / Raw,49,0.04391002655029297,normal,0.51561993,0.4843801,0.51561993
1778740081.9591372,PPI / Raw,67,0.0006854534149169922,normal,0.52342033,0.47657967,0.52342033
1778740081.9789026,PPI / Raw,54,0.019765377044677734,normal,0.52342033,0.47657967,0.52342033
1778740081.9920359,PPI / Raw,45,0.01313328742980957,normal,0.51561993,0.4843801,0.51561993
1778740081.9923627,PPI / Raw,56,0.0003268718719482422,normal,0.52342033,0.47657967,0.52342033
1778740082.0122983,PPI / Raw,45,0.01993560791015625,normal,0.51561993,0.4843801,0.51561993
1778740082.0239105,PPI / Raw,49,0.011612176895141602,normal,0.51561993,0.4843801,0.51561993
1778740082.0874991,PPI / Raw,49,0.06358861923217773,normal,0.51561993,0.4843801,0.51561993
1778740082.0878572,PPI / Raw,45,0.0003581047058105469,normal,0.51561993,0.4843801,0.51561993
1778740082.1289003,PPI / Raw,56,0.04104304313659668,normal,0.52342033,0.47657967,0.52342033
1778740082.1296415,PPI / Raw,39,0.0007412433624267578,normal,0.5448014,0.45519862,0.5448014
1778740082.1543949,PPI / Raw,45,0.024753332138061523,normal,0.51561993,0.4843801,0.51561993
1778740082.1547213,PPI / Raw,67,0.00032639503479003906,normal,0.52342033,0.47657967,0.52342033
1778740082.1689038,PPI / Raw,54,0.014182567596435547,normal,0.52342033,0.47657967,0.52342033
1778740082.1838598,PPI / Raw,57,0.014955997467041016,normal,0.52342033,0.47657967,0.52342033
1778740082.184282,PPI / Raw,45,0.0004222393035888672,normal,0.51561993,0.4843801,0.51561993
1778740082.1846087,PPI / Raw,39,0.0003266334533691406,normal,0.5448014,0.45519862,0.5448014
1778740082.224629,PPI / Raw,49,0.04002022743225098,normal,0.51561993,0.4843801,0.51561993
1778740082.2907655,PPI / Raw,49,0.06613659858703613,normal,0.51561993,0.4843801,0.51561993
1778740082.2911232,PPI / Raw,45,0.00035762786865234375,normal,0.51561993,0.4843801,0.51561993
1778740082.2914493,PPI / Raw,67,0.0003261566162109375,normal,0.52342033,0.47657967,0.52342033
1778740082.291973,PPI / Raw,58,0.0005238056182861328,normal,0.52342033,0.47657967,0.52342033
1778740082.328146,PPI / Raw,47,0.03617286682128906,normal,0.51561993,0.4843801,0.51561993
1778740082.3539054,PPI / Raw,54,0.025759458541870117,normal,0.52342033,0.47657967,0.52342033
1778740082.361266,PPI / Raw,49,0.0073604583740234375,normal,0.51561993,0.4843801,0.51561993
1778740082.3946807,PPI / Raw,56,0.03341484069824219,normal,0.52342033,0.47657967,0.52342033
1778740082.408903,PPI / Raw,56,0.014222145080566406,normal,0.52342033,0.47657967,0.52342033
1778740082.4096437,PPI / Raw,39,0.0007407665252685547,normal,0.5448014,0.45519862,0.5448014
1778740082.418406,PPI / Raw,67,0.008762359619140625,normal,0.52342033,0.47657967,0.52342033
1778740082.4278152,PPI / Raw,49,0.009409189224243164,normal,0.51561993,0.4843801,0.51561993
1778740082.4285002,PPI / Raw,67,0.0006849765777587891,normal,0.52342033,0.47657967,0.52342033
1778740082.4576778,PPI / Raw,57,0.02917766571044922,normal,0.52342033,0.47657967,0.52342033
1778740082.4581,PPI / Raw,45,0.0004222393035888672,normal,0.51561993,0.4843801,0.51561993
1778740082.458427,PPI / Raw,39,0.0003268718719482422,normal,0.5448014,0.45519862,0.5448014
1778740082.4956906,PPI / Raw,49,0.03726363182067871,normal,0.51561993,0.4843801,0.51561993
1778740082.5401568,PPI / Raw,54,0.044466257095336914,normal,0.52342033,0.47657967,0.52342033
1778740082.56518,PPI / Raw,49,0.025023221969604492,normal,0.51561993,0.4843801,0.51561993
1778740082.5658326,PPI / Raw,58,0.0006525516510009766,normal,0.52342033,0.47657967,0.52342033
1778740082.5864637,PPI / Raw,47,0.020631074905395508,normal,0.51561993,0.4843801,0.51561993
1778740082.6276517,PPI / Raw,49,0.04118800163269043,normal,0.51561993,0.4843801,0.51561993
1778740082.62801,PPI / Raw,45,0.00035834312438964844,normal,0.51561993,0.4843801,0.51561993
1778740082.6283364,PPI / Raw,67,0.00032639503479003906,normal,0.52342033,0.47657967,0.52342033
1778740082.682655,PPI / Raw,56,0.05431866645812988,normal,0.52342033,0.47657967,0.52342033
1778740082.690202,PPI / Raw,49,0.007546901702880859,normal,0.51561993,0.4843801,0.51561993
1778740082.7251554,PPI / Raw,54,0.03495335578918457,normal,0.52342033,0.47657967,0.52342033
1778740082.736495,PPI / Raw,57,0.011339664459228516,normal,0.52342033,0.47657967,0.52342033
1778740082.7535276,PPI / Raw,49,0.017032623291015625,normal,0.51561993,0.4843801,0.51561993
1778740082.824326,PPI / Raw,45,0.07079839706420898,normal,0.51561993,0.4843801,0.51561993
1778740082.824653,PPI / Raw,67,0.0003268718719482422,normal,0.52342033,0.47657967,0.52342033
1778740082.8409016,PPI / Raw,58,0.016248703002929688,normal,0.52342033,0.47657967,0.52342033
1778740082.8906264,PPI / Raw,49,0.04972481727600098,normal,0.51561993,0.4843801,0.51561993
1778740082.8909848,PPI / Raw,45,0.00035834312438964844,normal,0.51561993,0.4843801,0.51561993
1778740082.8913114,PPI / Raw,67,0.0003266334533691406,normal,0.52342033,0.47657967,0.52342033
1778740082.9089065,PPI / Raw,54,0.01759505271911621,normal,0.52342033,0.47657967,0.52342033
1778740082.9551601,PPI / Raw,56,0.04625368118286133,normal,0.52342033,0.47657967,0.52342033
1778740082.9603577,PPI / Raw,49,0.0051975250244140625,normal,0.51561993,0.4843801,0.51561993
1778740082.9607167,PPI / Raw,45,0.0003590583801269531,normal,0.51561993,0.4843801,0.51561993
1778740082.9610426,PPI / Raw,67,0.00032591819763183594,normal,0.52342033,0.47657967,0.52342033
1778740083.0065644,PPI / Raw,57,0.04552173614501953,normal,0.52342033,0.47657967,0.52342033
1778740083.0239255,PPI / Raw,49,0.017361164093017578,normal,0.51561993,0.4843801,0.51561993
1778740083.090158,PPI / Raw,54,0.06623244285583496,normal,0.52342033,0.47657967,0.52342033
1778740083.09255,PPI / Raw,49,0.0023920536041259766,normal,0.51561993,0.4843801,0.51561993
1778740083.1122231,PPI / Raw,58,0.01967310905456543,normal,0.52342033,0.47657967,0.52342033
1778740083.1591322,PPI / Raw,49,0.04690909385681152,normal,0.51561993,0.4843801,0.51561993
1778740083.2215035,PPI / Raw,49,0.062371253967285156,normal,0.51561993,0.4843801,0.51561993
1778740083.2251623,PPI / Raw,56,0.003658771514892578,normal,0.52342033,0.47657967,0.52342033
1778740083.2726595,PPI / Raw,54,0.04749727249145508,normal,0.52342033,0.47657967,0.52342033
1778740083.279133,PPI / Raw,57,0.006473541259765625,normal,0.52342033,0.47657967,0.52342033
1778740083.286494,PPI / Raw,49,0.007360935211181641,normal,0.51561993,0.4843801,0.51561993
1778740083.3575065,PPI / Raw,49,0.07101249694824219,normal,0.51561993,0.4843801,0.51561993
1778740083.3860602,PPI / Raw,58,0.02855372428894043,normal,0.52342033,0.47657967,0.52342033
1778740083.3864908,PPI / Raw,45,0.0004305839538574219,normal,0.51561993,0.4843801,0.51561993
1778740083.3868175,PPI / Raw,39,0.0003266334533691406,normal,0.5448014,0.45519862,0.5448014
1778740083.4232678,PPI / Raw,49,0.03645038604736328,normal,0.51561993,0.4843801,0.51561993
1778740083.4236264,PPI / Raw,45,0.00035858154296875,normal,0.51561993,0.4843801,0.51561993
1778740083.423953,PPI / Raw,67,0.0003266334533691406,normal,0.52342033,0.47657967,0.52342033
1778740083.456411,PPI / Raw,54,0.032457828521728516,normal,0.52342033,0.47657967,0.52342033
1778740083.495106,PPI / Raw,49,0.03869509696960449,normal,0.51561993,0.4843801,0.51561993
1778740083.5051646,PPI / Raw,56,0.01005864143371582,normal,0.52342033,0.47657967,0.52342033
1778740083.5055788,PPI / Raw,45,0.00041413307189941406,normal,0.51561993,0.4843801,0.51561993
1778740083.5059054,PPI / Raw,39,0.0003266334533691406,normal,0.5448014,0.45519862,0.5448014
1778740083.5075233,PPI / Raw,56,0.0016179084777832031,normal,0.52342033,0.47657967,0.52342033
1778740083.5576336,PPI / Raw,49,0.0501103401184082,normal,0.51561993,0.4843801,0.51561993
1778740083.5610542,PPI / Raw,57,0.003420591354370117,normal,0.52342033,0.47657967,0.52342033
1778740083.5942595,PPI / Raw,50,0.033205270767211914,normal,0.52342033,0.47657967,0.52342033
1778740083.6401625,PPI / Raw,54,0.04590296745300293,normal,0.52342033,0.47657967,0.52342033
1778740083.6873724,PPI / Raw,49,0.047209978103637695,normal,0.51561993,0.4843801,0.51561993
1778740083.7556548,PPI / Raw,49,0.0682823657989502,normal,0.51561993,0.4843801,0.51561993
1778740083.7560124,PPI / Raw,45,0.00035762786865234375,normal,0.51561993,0.4843801,0.51561993
1778740083.7776666,PPI / Raw,56,0.021654129028320312,normal,0.52342033,0.47657967,0.52342033
1778740083.7780805,PPI / Raw,45,0.0004138946533203125,normal,0.51561993,0.4843801,0.51561993
1778740083.7784076,PPI / Raw,39,0.00032711029052734375,normal,0.5448014,0.45519862,0.5448014
1778740083.7855284,PPI / Raw,45,0.007120847702026367,normal,0.51561993,0.4843801,0.51561993
1778740083.785854,PPI / Raw,47,0.0003256797790527344,normal,0.51561993,0.4843801,0.51561993
1778740083.8181736,PPI / Raw,49,0.03231954574584961,normal,0.51561993,0.4843801,0.51561993
1778740083.822667,PPI / Raw,54,0.004493236541748047,normal,0.52342033,0.47657967,0.52342033
1778740083.8364353,PPI / Raw,57,0.013768434524536133,normal,0.52342033,0.47657967,0.52342033
1778740083.836858,PPI / Raw,45,0.0004227161407470703,normal,0.51561993,0.4843801,0.51561993
1778740083.8371844,PPI / Raw,39,0.00032639503479003906,normal,0.5448014,0.45519862,0.5448014
1778740083.884711,PPI / Raw,49,0.04752659797668457,normal,0.51561993,0.4843801,0.51561993
1778740083.9424546,PPI / Raw,58,0.05774354934692383,normal,0.52342033,0.47657967,0.52342033
1778740083.9559414,PPI / Raw,49,0.013486862182617188,normal,0.51561993,0.4843801,0.51561993
1778740084.0101655,PPI / Raw,54,0.05422401428222656,normal,0.52342033,0.47657967,0.52342033
1778740084.010927,PPI / Raw,67,0.0007615089416503906,normal,0.52342033,0.47657967,0.52342033
1778740084.019147,PPI / Raw,49,0.00821995735168457,normal,0.51561993,0.4843801,0.51561993
1778740084.0476685,PPI / Raw,56,0.02852153778076172,normal,0.52342033,0.47657967,0.52342033
1778740084.0480833,PPI / Raw,45,0.00041484832763671875,normal,0.51561993,0.4843801,0.51561993
1778740084.0484104,PPI / Raw,39,0.00032711029052734375,normal,0.5448014,0.45519862,0.5448014
1778740084.0816011,PPI / Raw,49,0.03319072723388672,normal,0.51561993,0.4843801,0.51561993
1778740084.081959,PPI / Raw,45,0.0003578662872314453,normal,0.51561993,0.4843801,0.51561993
1778740084.082285,PPI / Raw,67,0.00032591819763183594,normal,0.52342033,0.47657967,0.52342033
1778740084.1077554,PPI / Raw,57,0.025470495223999023,normal,0.52342033,0.47657967,0.52342033
1778740084.1081781,PPI / Raw,45,0.0004227161407470703,normal,0.51561993,0.4843801,0.51561993
1778740084.1085045,PPI / Raw,39,0.00032639503479003906,normal,0.5448014,0.45519862,0.5448014
1778740084.1183138,PPI / Raw,77,0.009809255599975586,normal,0.52342033,0.47657967,0.52342033
1778740084.1377301,PPI / Raw,45,0.019416332244873047,normal,0.51561993,0.4843801,0.51561993
1778740084.1914167,PPI / Raw,54,0.05368661880493164,normal,0.52342033,0.47657967,0.52342033
1778740084.2133942,PPI / Raw,49,0.02197742462158203,normal,0.51561993,0.4843801,0.51561993
1778740084.213752,PPI / Raw,45,0.0003578662872314453,normal,0.51561993,0.4843801,0.51561993
1778740084.2140782,PPI / Raw,67,0.0003261566162109375,normal,0.52342033,0.47657967,0.52342033
1778740084.2251055,PPI / Raw,58,0.011027336120605469,normal,0.52342033,0.47657967,0.52342033
1778740084.2831795,PPI / Raw,49,0.058073997497558594,normal,0.51561993,0.4843801,0.51561993
1778740084.2835379,PPI / Raw,45,0.00035834312438964844,normal,0.51561993,0.4843801,0.51561993
1778740084.2838645,PPI / Raw,67,0.0003266334533691406,normal,0.52342033,0.47657967,0.52342033
1778740084.3214178,PPI / Raw,56,0.03755331039428711,normal,0.52342033,0.47657967,0.52342033
1778740084.337105,PPI / Raw,47,0.015687227249145508,normal,0.51561993,0.4843801,0.51561993
1778740084.3452792,PPI / Raw,56,0.00817418098449707,normal,0.52342033,0.47657967,0.52342033
1778740084.348152,PPI / Raw,49,0.0028727054595947266,normal,0.51561993,0.4843801,0.51561993
1778740084.375171,PPI / Raw,54,0.027019023895263672,normal,0.52342033,0.47657967,0.52342033
1778740084.3878248,PPI / Raw,57,0.012653827667236328,normal,0.52342033,0.47657967,0.52342033
1778740084.4128275,PPI / Raw,49,0.025002717971801758,normal,0.51561993,0.4843801,0.51561993
1778740084.4339423,PPI / Raw,45,0.021114826202392578,normal,0.51561993,0.4843801,0.51561993
1778740084.479971,PPI / Raw,49,0.04602861404418945,normal,0.51561993,0.4843801,0.51561993
1778740084.480329,PPI / Raw,45,0.0003581047058105469,normal,0.51561993,0.4843801,0.51561993
1778740084.4806561,PPI / Raw,67,0.00032711029052734375,normal,0.52342033,0.47657967,0.52342033
1778740084.5098188,PPI / Raw,58,0.02916264533996582,normal,0.52342033,0.47657967,0.52342033
1778740084.549938,PPI / Raw,49,0.040119171142578125,normal,0.51561993,0.4843801,0.51561993
1778740084.5502968,PPI / Raw,45,0.00035881996154785156,normal,0.51561993,0.4843801,0.51561993
1778740084.5506237,PPI / Raw,67,0.0003268718719482422,normal,0.52342033,0.47657967,0.52342033
1778740084.5915682,PPI / Raw,47,0.040944576263427734,normal,0.51561993,0.4843801,0.51561993
1778740084.5939229,PPI / Raw,56,0.0023546218872070312,normal,0.52342033,0.47657967,0.52342033
1778740084.6178358,PPI / Raw,49,0.023912906646728516,normal,0.51561993,0.4843801,0.51561993
1778740084.6434352,PPI / Raw,66,0.02559947967529297,normal,0.52342033,0.47657967,0.52342033
1778740084.6442733,PPI / Raw,50,0.0008380413055419922,normal,0.52342033,0.47657967,0.52342033
1778740084.6653955,PPI / Raw,57,0.021122217178344727,normal,0.52342033,0.47657967,0.52342033
1778740084.6869183,PPI / Raw,45,0.02152276039123535,normal,0.51561993,0.4843801,0.51561993
1778740084.6872451,PPI / Raw,67,0.0003268718719482422,normal,0.52342033,0.47657967,0.52342033
1778740084.741424,PPI / Raw,54,0.05417895317077637,normal,0.52342033,0.47657967,0.52342033
1778740084.7458215,PPI / Raw,45,0.004397392272949219,normal,0.51561993,0.4843801,0.51561993
1778740084.748605,PPI / Raw,45,0.002783536911010742,normal,0.51561993,0.4843801,0.51561993
1778740084.7564616,PPI / Raw,49,0.007856607437133789,normal,0.51561993,0.4843801,0.51561993
1778740084.7568202,PPI / Raw,45,0.00035858154296875,normal,0.51561993,0.4843801,0.51561993
1778740084.7571466,PPI / Raw,67,0.00032639503479003906,normal,0.52342033,0.47657967,0.52342033
1778740084.788633,PPI / Raw,58,0.03148651123046875,normal,0.52342033,0.47657967,0.52342033
1778740084.7890627,PPI / Raw,45,0.0004296302795410156,normal,0.51561993,0.4843801,0.51561993
1778740084.789389,PPI / Raw,39,0.0003261566162109375,normal,0.5448014,0.45519862,0.5448014
1778740084.8689218,PPI / Raw,56,0.07953286170959473,normal,0.52342033,0.47657967,0.52342033
1778740084.8919544,PPI / Raw,49,0.023032665252685547,normal,0.51561993,0.4843801,0.51561993
1778740084.921499,PPI / Raw,78,0.029544591903686523,normal,0.52342033,0.47657967,0.52342033
1778740084.9251754,PPI / Raw,54,0.0036764144897460938,normal,0.52342033,0.47657967,0.52342033
1778740084.940463,PPI / Raw,57,0.015287637710571289,normal,0.52342033,0.47657967,0.52342033
1778740084.960084,PPI / Raw,49,0.019620895385742188,normal,0.51561993,0.4843801,0.51561993
1778740085.0260153,PPI / Raw,49,0.06593132019042969,normal,0.51561993,0.4843801,0.51561993
1778740085.026374,PPI / Raw,45,0.00035881996154785156,normal,0.51561993,0.4843801,0.51561993
1778740085.0267005,PPI / Raw,67,0.00032639503479003906,normal,0.52342033,0.47657967,0.52342033
1778740085.0577004,PPI / Raw,45,0.03099989891052246,normal,0.51561993,0.4843801,0.51561993
1778740085.0692954,PPI / Raw,58,0.011595010757446289,normal,0.52342033,0.47657967,0.52342033
1778740085.0697258,PPI / Raw,45,0.0004303455352783203,normal,0.51561993,0.4843801,0.51561993
1778740085.0700526,PPI / Raw,39,0.0003268718719482422,normal,0.5448014,0.45519862,0.5448014
1778740085.0711222,PPI / Raw,45,0.0010695457458496094,normal,0.51561993,0.4843801,0.51561993
1778740085.0925918,PPI / Raw,49,0.021469593048095703,normal,0.51561993,0.4843801,0.51561993
1778740085.0929494,PPI / Raw,45,0.00035762786865234375,normal,0.51561993,0.4843801,0.51561993
1778740085.0932755,PPI / Raw,67,0.0003261566162109375,normal,0.52342033,0.47657967,0.52342033
1778740085.1126738,PPI / Raw,54,0.019398212432861328,normal,0.52342033,0.47657967,0.52342033
1778740085.146427,PPI / Raw,56,0.033753156661987305,normal,0.52342033,0.47657967,0.52342033
1778740085.1645422,PPI / Raw,49,0.01811528205871582,normal,0.51561993,0.4843801,0.51561993
1778740085.2167873,PPI / Raw,57,0.052245140075683594,normal,0.52342033,0.47657967,0.52342033
1778740085.2355425,PPI / Raw,49,0.018755197525024414,normal,0.51561993,0.4843801,0.51561993
1778740085.2976782,PPI / Raw,54,0.06213569641113281,normal,0.52342033,0.47657967,0.52342033
1778740085.3072627,PPI / Raw,49,0.009584426879882812,normal,0.51561993,0.4843801,0.51561993
1778740085.345614,PPI / Raw,58,0.03835129737854004,normal,0.52342033,0.47657967,0.52342033
1778740085.3758504,PPI / Raw,49,0.030236482620239258,normal,0.51561993,0.4843801,0.51561993
1778740085.3762085,PPI / Raw,45,0.0003581047058105469,normal,0.51561993,0.4843801,0.51561993
1778740085.3765352,PPI / Raw,67,0.0003266334533691406,normal,0.52342033,0.47657967,0.52342033
1778740085.3930142,PPI / Raw,45,0.016479015350341797,normal,0.51561993,0.4843801,0.51561993
1778740085.417676,PPI / Raw,56,0.024661779403686523,normal,0.52342033,0.47657967,0.52342033
1778740085.4411898,PPI / Raw,49,0.0235137939453125,normal,0.51561993,0.4843801,0.51561993
1778740085.4415476,PPI / Raw,45,0.0003578662872314453,normal,0.51561993,0.4843801,0.51561993
1778740085.4418738,PPI / Raw,67,0.0003261566162109375,normal,0.52342033,0.47657967,0.52342033
1778740085.448362,PPI / Raw,45,0.006488323211669922,normal,0.51561993,0.4843801,0.51561993
1778740085.4779549,PPI / Raw,47,0.02959275245666504,normal,0.51561993,0.4843801,0.51561993
1778740085.4876795,PPI / Raw,54,0.009724617004394531,normal,0.52342033,0.47657967,0.52342033
1778740085.493103,PPI / Raw,57,0.005423545837402344,normal,0.52342033,0.47657967,0.52342033
1778740085.493526,PPI / Raw,45,0.0004229545593261719,normal,0.51561993,0.4843801,0.51561993
1778740085.4938524,PPI / Raw,39,0.00032639503479003906,normal,0.5448014,0.45519862,0.5448014
1778740085.506617,PPI / Raw,49,0.012764692306518555,normal,0.51561993,0.4843801,0.51561993
1778740085.569464,PPI / Raw,49,0.06284689903259277,normal,0.51561993,0.4843801,0.51561993
1778740085.6169322,PPI / Raw,58,0.04746818542480469,normal,0.52342033,0.47657967,0.52342033
1778740085.6338003,PPI / Raw,49,0.016868114471435547,normal,0.51561993,0.4843801,0.51561993
1778740085.6341584,PPI / Raw,45,0.0003581047058105469,normal,0.51561993,0.4843801,0.51561993
1778740085.673928,PPI / Raw,54,0.039769649505615234,normal,0.52342033,0.47657967,0.52342033
1778740085.691428,PPI / Raw,56,0.017499923706054688,normal,0.52342033,0.47657967,0.52342033
1778740085.7000356,PPI / Raw,49,0.008607625961303711,normal,0.51561993,0.4843801,0.51561993
1778740085.700394,PPI / Raw,45,0.00035834312438964844,normal,0.51561993,0.4843801,0.51561993
1778740085.7007205,PPI / Raw,67,0.0003266334533691406,normal,0.52342033,0.47657967,0.52342033
1778740085.762429,PPI / Raw,49,0.06170845031738281,normal,0.51561993,0.4843801,0.51561993
1778740085.7627878,PPI / Raw,45,0.00035881996154785156,normal,0.51561993,0.4843801,0.51561993
1778740085.763114,PPI / Raw,67,0.0003261566162109375,normal,0.52342033,0.47657967,0.52342033
1778740085.7681696,PPI / Raw,57,0.005055665969848633,normal,0.52342033,0.47657967,0.52342033
1778740085.768592,PPI / Raw,45,0.0004222393035888672,normal,0.51561993,0.4843801,0.51561993
1778740085.7689188,PPI / Raw,39,0.0003268718719482422,normal,0.5448014,0.45519862,0.5448014
1778740085.7794454,PPI / Raw,45,0.010526657104492188,normal,0.51561993,0.4843801,0.51561993
1778740085.793213,PPI / Raw,45,0.013767480850219727,normal,0.51561993,0.4843801,0.51561993
1778740085.8277497,PPI / Raw,49,0.03453683853149414,normal,0.51561993,0.4843801,0.51561993
1778740085.8281076,PPI / Raw,45,0.0003578662872314453,normal,0.51561993,0.4843801,0.51561993
1778740085.8284342,PPI / Raw,67,0.0003266334533691406,normal,0.52342033,0.47657967,0.52342033
1778740085.8589296,PPI / Raw,54,0.030495405197143555,normal,0.52342033,0.47657967,0.52342033
1778740085.8964977,PPI / Raw,49,0.037568092346191406,normal,0.51561993,0.4843801,0.51561993
1778740085.8968563,PPI / Raw,45,0.00035858154296875,normal,0.51561993,0.4843801,0.51561993
1778740085.897183,PPI / Raw,67,0.0003266334533691406,normal,0.52342033,0.47657967,0.52342033
1778740085.9639332,PPI / Raw,56,0.06675028800964355,normal,0.52342033,0.47657967,0.52342033
1778740085.964348,PPI / Raw,45,0.00041484832763671875,normal,0.51561993,0.4843801,0.51561993
1778740085.964674,PPI / Raw,39,0.00032591819763183594,normal,0.5448014,0.45519862,0.5448014
1778740085.9679332,PPI / Raw,49,0.0032591819763183594,normal,0.51561993,0.4843801,0.51561993
1778740085.9682918,PPI / Raw,45,0.00035858154296875,normal,0.51561993,0.4843801,0.51561993
1778740085.9686184,PPI / Raw,67,0.0003266334533691406,normal,0.52342033,0.47657967,0.52342033
1778740085.9718099,PPI / Raw,47,0.0031914710998535156,normal,0.51561993,0.4843801,0.51561993
1778740085.993115,PPI / Raw,56,0.021305084228515625,normal,0.52342033,0.47657967,0.52342033
1778740086.039326,PPI / Raw,49,0.04621100425720215,normal,0.51561993,0.4843801,0.51561993
1778740086.040181,PPI / Raw,54,0.0008549690246582031,normal,0.52342033,0.47657967,0.52342033
1778740086.0482361,PPI / Raw,57,0.00805521011352539,normal,0.52342033,0.47657967,0.52342033
1778740086.0486581,PPI / Raw,45,0.0004220008850097656,normal,0.51561993,0.4843801,0.51561993
1778740086.0489843,PPI / Raw,39,0.0003261566162109375,normal,0.5448014,0.45519862,0.5448014
1778740086.0782118,PPI / Raw,45,0.029227495193481445,normal,0.51561993,0.4843801,0.51561993
1778740086.097089,PPI / Raw,45,0.018877267837524414,normal,0.51561993,0.4843801,0.51561993
1778740086.104559,PPI / Raw,49,0.007469892501831055,normal,0.51561993,0.4843801,0.51561993
1778740086.1049175,PPI / Raw,45,0.00035858154296875,normal,0.51561993,0.4843801,0.51561993
1778740086.105244,PPI / Raw,67,0.00032639503479003906,normal,0.52342033,0.47657967,0.52342033
1778740086.1386788,PPI / Raw,45,0.03343486785888672,normal,0.51561993,0.4843801,0.51561993
1778740086.1696854,PPI / Raw,49,0.031006574630737305,normal,0.51561993,0.4843801,0.51561993
1778740086.1700442,PPI / Raw,45,0.00035881996154785156,normal,0.51561993,0.4843801,0.51561993
1778740086.1703708,PPI / Raw,67,0.0003266334533691406,normal,0.52342033,0.47657967,0.52342033
1778740086.1746016,PPI / Raw,58,0.0042307376861572266,normal,0.52342033,0.47657967,0.52342033
1778740086.2276855,PPI / Raw,54,0.05308389663696289,normal,0.52342033,0.47657967,0.52342033
1778740086.231676,PPI / Raw,49,0.003990650177001953,normal,0.51561993,0.4843801,0.51561993
1778740086.232035,PPI / Raw,45,0.00035881996154785156,normal,0.51561993,0.4843801,0.51561993
1778740086.232361,PPI / Raw,67,0.0003261566162109375,normal,0.52342033,0.47657967,0.52342033
1778740086.2351851,PPI / Raw,56,0.002824068069458008,normal,0.52342033,0.47657967,0.52342033
1778740086.2356002,PPI / Raw,45,0.0004150867462158203,normal,0.51561993,0.4843801,0.51561993
1778740086.2359262,PPI / Raw,39,0.00032591819763183594,normal,0.5448014,0.45519862,0.5448014
1778740086.2998767,PPI / Raw,49,0.0639505386352539,normal,0.51561993,0.4843801,0.51561993
1778740086.3002348,PPI / Raw,45,0.0003581047058105469,normal,0.51561993,0.4843801,0.51561993
1778740086.3005617,PPI / Raw,67,0.0003268718719482422,normal,0.52342033,0.47657967,0.52342033
1778740086.325805,PPI / Raw,57,0.025243282318115234,normal,0.52342033,0.47657967,0.52342033
1778740086.3340108,PPI / Raw,42,0.008205890655517578,normal,0.5078119,0.49218813,0.5078119
1778740086.3343132,PPI / Raw,45,0.00030231475830078125,normal,0.51561993,0.4843801,0.51561993
1778740086.3447707,PPI / Raw,79,0.010457515716552734,normal,0.52342033,0.47657967,0.52342033
1778740086.362818,PPI / Raw,49,0.018047332763671875,normal,0.51561993,0.4843801,0.51561993
1778740086.408344,PPI / Raw,45,0.04552602767944336,normal,0.51561993,0.4843801,0.51561993
1778740086.4176838,PPI / Raw,54,0.00933980941772461,normal,0.52342033,0.47657967,0.52342033
1778740086.4303164,PPI / Raw,49,0.012632608413696289,normal,0.51561993,0.4843801,0.51561993
1778740086.4306738,PPI / Raw,45,0.0003573894500732422,normal,0.51561993,0.4843801,0.51561993
1778740086.4310005,PPI / Raw,67,0.0003266334533691406,normal,0.52342033,0.47657967,0.52342033
1778740086.4493837,PPI / Raw,58,0.018383264541625977,normal,0.52342033,0.47657967,0.52342033
1778740086.4498134,PPI / Raw,45,0.0004296302795410156,normal,0.51561993,0.4843801,0.51561993
1778740086.4501398,PPI / Raw,39,0.00032639503479003906,normal,0.5448014,0.45519862,0.5448014
1778740086.4536958,PPI / Raw,45,0.0035560131072998047,normal,0.51561993,0.4843801,0.51561993
1778740086.5051873,PPI / Raw,56,0.051491498947143555,normal,0.52342033,0.47657967,0.52342033
1778740086.5056021,PPI / Raw,45,0.00041484832763671875,normal,0.51561993,0.4843801,0.51561993
1778740086.5059288,PPI / Raw,39,0.0003266334533691406,normal,0.5448014,0.45519862,0.5448014
1778740086.5495298,PPI / Raw,56,0.043601036071777344,normal,0.52342033,0.47657967,0.52342033
1778740086.5664852,PPI / Raw,49,0.01695537567138672,normal,0.51561993,0.4843801,0.51561993
1778740086.592921,PPI / Raw,47,0.02643585205078125,normal,0.51561993,0.4843801,0.51561993
1778740086.5989354,PPI / Raw,54,0.006014347076416016,normal,0.52342033,0.47657967,0.52342033
1778740086.6033692,PPI / Raw,57,0.004433870315551758,normal,0.52342033,0.47657967,0.52342033
1778740086.603792,PPI / Raw,45,0.0004227161407470703,normal,0.51561993,0.4843801,0.51561993
1778740086.6041183,PPI / Raw,39,0.00032639503479003906,normal,0.5448014,0.45519862,0.5448014
1778740086.6321607,PPI / Raw,49,0.028042316436767578,normal,0.51561993,0.4843801,0.51561993
1778740086.701055,PPI / Raw,49,0.0688943862915039,normal,0.51561993,0.4843801,0.51561993
1778740086.701413,PPI / Raw,45,0.0003578662872314453,normal,0.51561993,0.4843801,0.51561993
1778740086.701739,PPI / Raw,67,0.0003261566162109375,normal,0.52342033,0.47657967,0.52342033
1778740086.7134624,PPI / Raw,68,0.01172327995300293,normal,0.52342033,0.47657967,0.52342033
1778740086.7257025,PPI / Raw,58,0.012240171432495117,normal,0.52342033,0.47657967,0.52342033
1778740086.7261326,PPI / Raw,45,0.00043010711669921875,normal,0.51561993,0.4843801,0.51561993
1778740086.7264588,PPI / Raw,39,0.0003261566162109375,normal,0.5448014,0.45519862,0.5448014
1778740086.7703595,PPI / Raw,49,0.04390072822570801,normal,0.51561993,0.4843801,0.51561993
1778740086.7716115,PPI / Raw,40,0.0012519359588623047,normal,0.51561993,0.4843801,0.51561993
1778740086.7801867,PPI / Raw,56,0.008575201034545898,normal,0.52342033,0.47657967,0.52342033
1778740086.780601,PPI / Raw,45,0.0004143714904785156,normal,0.51561993,0.4843801,0.51561993
1778740086.7809277,PPI / Raw,39,0.0003266334533691406,normal,0.5448014,0.45519862,0.5448014
1778740086.7901895,PPI / Raw,54,0.009261846542358398,normal,0.52342033,0.47657967,0.52342033
1778740086.83595,PPI / Raw,49,0.045760393142700195,normal,0.51561993,0.4843801,0.51561993
1778740086.8834386,PPI / Raw,57,0.04748868942260742,normal,0.52342033,0.47657967,0.52342033
1778740086.968459,PPI / Raw,49,0.08502030372619629,normal,0.51561993,0.4843801,0.51561993
1778740086.971438,PPI / Raw,54,0.0029790401458740234,normal,0.52342033,0.47657967,0.52342033
1778740086.9957685,PPI / Raw,58,0.024330615997314453,normal,0.52342033,0.47657967,0.52342033
1778740087.036358,PPI / Raw,49,0.04058957099914551,normal,0.51561993,0.4843801,0.51561993
1778740087.0430496,PPI / Raw,45,0.006691455841064453,normal,0.51561993,0.4843801,0.51561993
1778740087.0433755,PPI / Raw,95,0.00032591819763183594,normal,0.52342033,0.47657967,0.52342033
1778740087.0514414,PPI / Raw,56,0.008065938949584961,normal,0.52342033,0.47657967,0.52342033
1778740087.0518558,PPI / Raw,45,0.0004143714904785156,normal,0.51561993,0.4843801,0.51561993
1778740087.0521824,PPI / Raw,39,0.0003266334533691406,normal,0.5448014,0.45519862,0.5448014
1778740087.100211,PPI / Raw,49,0.04802846908569336,normal,0.51561993,0.4843801,0.51561993
1778740087.1005685,PPI / Raw,45,0.00035762786865234375,normal,0.51561993,0.4843801,0.51561993
1778740087.100895,PPI / Raw,67,0.00032639503479003906,normal,0.52342033,0.47657967,0.52342033
1778740087.1026099,PPI / Raw,45,0.001714944839477539,normal,0.51561993,0.4843801,0.51561993
1778740087.1029356,PPI / Raw,39,0.0003256797790527344,normal,0.5448014,0.45519862,0.5448014
1778740087.132728,PPI / Raw,45,0.02979254722595215,normal,0.51561993,0.4843801,0.51561993
1778740087.1572573,PPI / Raw,57,0.024529218673706055,normal,0.52342033,0.47657967,0.52342033
1778740087.1601923,PPI / Raw,54,0.0029349327087402344,normal,0.52342033,0.47657967,0.52342033
1778740087.1643002,PPI / Raw,49,0.004107952117919922,normal,0.51561993,0.4843801,0.51561993
1778740087.2279887,PPI / Raw,49,0.06368851661682129,normal,0.51561993,0.4843801,0.51561993
1778740087.234719,PPI / Raw,68,0.006730318069458008,normal,0.52342033,0.47657967,0.52342033
1778740087.2733312,PPI / Raw,58,0.03861212730407715,normal,0.52342033,0.47657967,0.52342033
1778740087.274087,PPI / Raw,39,0.0007557868957519531,normal,0.5448014,0.45519862,0.5448014
1778740087.331441,PPI / Raw,56,0.057353973388671875,normal,0.52342033,0.47657967,0.52342033
1778740087.3415954,PPI / Raw,68,0.010154485702514648,normal,0.52342033,0.47657967,0.52342033
1778740087.3501937,PPI / Raw,54,0.00859832763671875,normal,0.52342033,0.47657967,0.52342033
1778740087.3625267,PPI / Raw,49,0.012332916259765625,normal,0.51561993,0.4843801,0.51561993
1778740087.3967998,PPI / Raw,45,0.03427314758300781,normal,0.51561993,0.4843801,0.51561993
1778740087.402495,PPI / Raw,45,0.0056951045989990234,normal,0.51561993,0.4843801,0.51561993
1778740087.4297607,PPI / Raw,57,0.02726578712463379,normal,0.52342033,0.47657967,0.52342033
1778740087.432766,PPI / Raw,49,0.0030052661895751953,normal,0.51561993,0.4843801,0.51561993
1778740087.433451,PPI / Raw,67,0.0006849765777587891,normal,0.52342033,0.47657967,0.52342033
1778740087.4496064,PPI / Raw,45,0.016155481338500977,normal,0.51561993,0.4843801,0.51561993
1778740087.474455,PPI / Raw,45,0.02484869956970215,normal,0.51561993,0.4843801,0.51561993
1778740087.474782,PPI / Raw,61,0.0003268718719482422,normal,0.52342033,0.47657967,0.52342033
1778740087.4982965,PPI / Raw,49,0.023514509201049805,normal,0.51561993,0.4843801,0.51561993
1778740087.5314426,PPI / Raw,54,0.03314614295959473,normal,0.52342033,0.47657967,0.52342033
1778740087.5521555,PPI / Raw,58,0.020712852478027344,normal,0.52342033,0.47657967,0.52342033
1778740087.5601842,PPI / Raw,49,0.008028745651245117,normal,0.51561993,0.4843801,0.51561993
1778740087.5612574,PPI / Raw,57,0.0010731220245361328,normal,0.52342033,0.47657967,0.52342033
1778740087.5799563,PPI / Raw,47,0.018698930740356445,normal,0.51561993,0.4843801,0.51561993
1778740087.606446,PPI / Raw,56,0.026489734649658203,normal,0.52342033,0.47657967,0.52342033
1778740087.6276014,PPI / Raw,49,0.021155357360839844,normal,0.51561993,0.4843801,0.51561993
1778740087.6522243,PPI / Raw,68,0.02462291717529297,normal,0.52342033,0.47657967,0.52342033
1778740087.7164469,PPI / Raw,54,0.06422257423400879,normal,0.52342033,0.47657967,0.52342033
1778740087.7490027,PPI / Raw,42,0.03255581855773926,normal,0.5078119,0.49218813,0.5078119
1778740087.7603269,PPI / Raw,49,0.011324167251586914,normal,0.51561993,0.4843801,0.51561993
1778740087.8294811,PPI / Raw,58,0.06915426254272461,normal,0.52342033,0.47657967,0.52342033
1778740087.829911,PPI / Raw,45,0.0004298686981201172,normal,0.51561993,0.4843801,0.51561993
1778740087.8302372,PPI / Raw,95,0.0003261566162109375,normal,0.52342033,0.47657967,0.52342033
1778740087.832441,PPI / Raw,45,0.0022039413452148438,normal,0.51561993,0.4843801,0.51561993
1778740087.833822,PPI / Raw,57,0.00138092041015625,normal,0.52342033,0.47657967,0.52342033
1778740087.8342445,PPI / Raw,45,0.00042247772216796875,normal,0.51561993,0.4843801,0.51561993
1778740087.834571,PPI / Raw,39,0.00032639503479003906,normal,0.5448014,0.45519862,0.5448014
1778740087.8602378,PPI / Raw,46,0.02566695213317871,normal,0.51561993,0.4843801,0.51561993
1778740087.8864453,PPI / Raw,56,0.026207447052001953,normal,0.52342033,0.47657967,0.52342033
1778740087.8868594,PPI / Raw,46,0.00041413307189941406,normal,0.51561993,0.4843801,0.51561993
1778740087.887186,PPI / Raw,39,0.0003266334533691406,normal,0.5448014,0.45519862,0.5448014
1778740087.900963,PPI / Raw,49,0.013777017593383789,normal,0.51561993,0.4843801,0.51561993
1778740087.901648,PPI / Raw,67,0.0006849765777587891,normal,0.52342033,0.47657967,0.52342033
1778740087.9039454,PPI / Raw,54,0.0022974014282226562,normal,0.52342033,0.47657967,0.52342033
1778740087.929398,PPI / Raw,45,0.025452613830566406,normal,0.51561993,0.4843801,0.51561993
1778740087.9314334,PPI / Raw,45,0.002035379409790039,normal,0.51561993,0.4843801,0.51561993
1778740087.9693835,PPI / Raw,49,0.03795003890991211,normal,0.51561993,0.4843801,0.51561993
1778740087.9769897,PPI / Raw,47,0.0076062679290771484,normal,0.51561993,0.4843801,0.51561993
1778740088.0345018,PPI / Raw,49,0.05751204490661621,normal,0.51561993,0.4843801,0.51561993
1778740088.095197,PPI / Raw,54,0.06069517135620117,normal,0.52342033,0.47657967,0.52342033
1778740088.0995462,PPI / Raw,58,0.004349231719970703,normal,0.52342033,0.47657967,0.52342033
1778740088.1051674,PPI / Raw,49,0.005621194839477539,normal,0.51561993,0.4843801,0.51561993
1778740088.1101356,PPI / Raw,57,0.004968166351318359,normal,0.52342033,0.47657967,0.52342033
1778740088.1564472,PPI / Raw,56,0.04631161689758301,normal,0.52342033,0.47657967,0.52342033
1778740088.1763437,PPI / Raw,49,0.019896507263183594,normal,0.51561993,0.4843801,0.51561993
1778740088.2473502,PPI / Raw,49,0.07100653648376465,normal,0.51561993,0.4843801,0.51561993
1778740088.2839513,PPI / Raw,54,0.03660106658935547,normal,0.52342033,0.47657967,0.52342033
1778740088.3115826,PPI / Raw,49,0.027631282806396484,normal,0.51561993,0.4843801,0.51561993
1778740088.3605356,PPI / Raw,47,0.04895305633544922,normal,0.51561993,0.4843801,0.51561993
1778740088.3696148,PPI / Raw,58,0.009079217910766602,normal,0.52342033,0.47657967,0.52342033
1778740088.3740032,PPI / Raw,49,0.004388332366943359,normal,0.51561993,0.4843801,0.51561993
1778740088.3890374,PPI / Raw,57,0.015034198760986328,normal,0.52342033,0.47657967,0.52342033
1778740088.4314494,PPI / Raw,56,0.04241204261779785,normal,0.52342033,0.47657967,0.52342033
1778740088.4727027,PPI / Raw,54,0.04125332832336426,normal,0.52342033,0.47657967,0.52342033
1778740088.5147157,PPI / Raw,49,0.042012929916381836,normal,0.51561993,0.4843801,0.51561993
1778740088.5794683,PPI / Raw,49,0.06475257873535156,normal,0.51561993,0.4843801,0.51561993
1778740088.6421795,PPI / Raw,58,0.06271123886108398,normal,0.52342033,0.47657967,0.52342033
1778740088.6429353,PPI / Raw,39,0.0007557868957519531,normal,0.5448014,0.45519862,0.5448014
1778740088.6462147,PPI / Raw,49,0.003279447555541992,normal,0.51561993,0.4843801,0.51561993
1778740088.653954,PPI / Raw,54,0.00773930549621582,normal,0.52342033,0.47657967,0.52342033
1778740088.659107,PPI / Raw,57,0.00515294075012207,normal,0.52342033,0.47657967,0.52342033
1778740088.7102015,PPI / Raw,56,0.05109453201293945,normal,0.52342033,0.47657967,0.52342033
1778740088.7110374,PPI / Raw,49,0.0008358955383300781,normal,0.51561993,0.4843801,0.51561993
1778740088.7525012,PPI / Raw,56,0.04146385192871094,normal,0.52342033,0.47657967,0.52342033
1778740088.7788737,PPI / Raw,49,0.026372432708740234,normal,0.51561993,0.4843801,0.51561993
1778740088.8402057,PPI / Raw,54,0.061331987380981445,normal,0.52342033,0.47657967,0.52342033
1778740088.8477712,PPI / Raw,49,0.007565498352050781,normal,0.51561993,0.4843801,0.51561993
1778740088.8677425,PPI / Raw,61,0.019971370697021484,normal,0.52342033,0.47657967,0.52342033
1778740088.9170055,PPI / Raw,49,0.04926300048828125,normal,0.51561993,0.4843801,0.51561993
1778740088.9331784,PPI / Raw,57,0.01617288589477539,normal,0.52342033,0.47657967,0.52342033
1778740088.9852035,PPI / Raw,56,0.05202507972717285,normal,0.52342033,0.47657967,0.52342033
1778740088.9857607,PPI / Raw,49,0.0005571842193603516,normal,0.51561993,0.4843801,0.51561993
1778740089.0277042,PPI / Raw,54,0.04194355010986328,normal,0.52342033,0.47657967,0.52342033
1778740089.0531244,PPI / Raw,49,0.025420188903808594,normal,0.51561993,0.4843801,0.51561993
1778740089.1183279,PPI / Raw,49,0.06520342826843262,normal,0.51561993,0.4843801,0.51561993
1778740089.1812654,PPI / Raw,49,0.06293749809265137,normal,0.51561993,0.4843801,0.51561993
1778740089.188084,PPI / Raw,69,0.006818532943725586,normal,0.52342033,0.47657967,0.52342033
1778740089.2019928,PPI / Raw,57,0.013908863067626953,normal,0.52342033,0.47657967,0.52342033
1778740089.2164552,PPI / Raw,54,0.014462471008300781,normal,0.52342033,0.47657967,0.52342033
1778740089.2494254,PPI / Raw,49,0.03297019004821777,normal,0.51561993,0.4843801,0.51561993
1778740089.2639587,PPI / Raw,56,0.014533281326293945,normal,0.52342033,0.47657967,0.52342033
1778740089.315972,PPI / Raw,49,0.052013397216796875,normal,0.51561993,0.4843801,0.51561993
1778740089.3799865,PPI / Raw,49,0.06401443481445312,normal,0.51561993,0.4843801,0.51561993
1778740089.3989568,PPI / Raw,54,0.018970251083374023,normal,0.52342033,0.47657967,0.52342033
1778740089.448284,PPI / Raw,49,0.04932713508605957,normal,0.51561993,0.4843801,0.51561993
1778740089.4586415,PPI / Raw,58,0.01035761833190918,normal,0.52342033,0.47657967,0.52342033
1778740089.5121074,PPI / Raw,49,0.053465843200683594,normal,0.51561993,0.4843801,0.51561993
1778740089.5763168,PPI / Raw,56,0.0642094612121582,normal,0.52342033,0.47657967,0.52342033
1778740089.5814583,PPI / Raw,54,0.005141496658325195,normal,0.52342033,0.47657967,0.52342033
1778740089.5836384,PPI / Raw,47,0.0021800994873046875,normal,0.51561993,0.4843801,0.51561993
1778740089.7337055,PPI / Raw,58,0.15006709098815918,normal,0.52342033,0.47657967,0.52342033
1778740089.7344613,PPI / Raw,39,0.0007557868957519531,normal,0.5448014,0.45519862,0.5448014
1778740089.7510378,PPI / Raw,57,0.016576528549194336,normal,0.52342033,0.47657967,0.52342033
1778740089.7714596,PPI / Raw,54,0.020421743392944336,normal,0.52342033,0.47657967,0.52342033
1778740089.7920382,PPI / Raw,49,0.020578622817993164,normal,0.51561993,0.4843801,0.51561993
1778740089.8569674,PPI / Raw,49,0.06492924690246582,normal,0.51561993,0.4843801,0.51561993
1778740089.922839,PPI / Raw,49,0.0658714771270752,normal,0.51561993,0.4843801,0.51561993
1778740089.952711,PPI / Raw,54,0.02987217903137207,normal,0.52342033,0.47657967,0.52342033
1778740089.9821634,PPI / Raw,47,0.02945232391357422,normal,0.51561993,0.4843801,0.51561993
1778740089.9882793,PPI / Raw,49,0.006115913391113281,normal,0.51561993,0.4843801,0.51561993
1778740090.0050204,PPI / Raw,58,0.016741037368774414,normal,0.52342033,0.47657967,0.52342033
1778740090.0311058,PPI / Raw,57,0.026085376739501953,normal,0.52342033,0.47657967,0.52342033
1778740090.0609486,PPI / Raw,49,0.029842853546142578,normal,0.51561993,0.4843801,0.51561993
1778740090.1277106,PPI / Raw,56,0.06676197052001953,normal,0.52342033,0.47657967,0.52342033
1778740090.1402156,PPI / Raw,54,0.012505054473876953,normal,0.52342033,0.47657967,0.52342033
1778740090.1999776,PPI / Raw,49,0.059762001037597656,normal,0.51561993,0.4843801,0.51561993
1778740090.226481,PPI / Raw,42,0.026503324508666992,normal,0.5078119,0.49218813,0.5078119
1778740090.2788446,PPI / Raw,58,0.05236363410949707,normal,0.52342033,0.47657967,0.52342033
1778740090.3041706,PPI / Raw,57,0.025326013565063477,normal,0.52342033,0.47657967,0.52342033
1778740090.325214,PPI / Raw,54,0.02104330062866211,normal,0.52342033,0.47657967,0.52342033
1778740090.3324804,PPI / Raw,49,0.007266521453857422,normal,0.51561993,0.4843801,0.51561993
1778740090.3539672,PPI / Raw,56,0.021486759185791016,normal,0.52342033,0.47657967,0.52342033
1778740090.403134,PPI / Raw,49,0.04916691780090332,normal,0.51561993,0.4843801,0.51561993
1778740090.4669354,PPI / Raw,49,0.06380128860473633,normal,0.51561993,0.4843801,0.51561993
1778740090.5040863,PPI / Raw,57,0.03715085983276367,normal,0.52342033,0.47657967,0.52342033
1778740090.512715,PPI / Raw,54,0.00862884521484375,normal,0.52342033,0.47657967,0.52342033
1778740090.534977,PPI / Raw,49,0.022261857986450195,normal,0.51561993,0.4843801,0.51561993
1778740090.5514097,PPI / Raw,58,0.016432762145996094,normal,0.52342033,0.47657967,0.52342033
1778740090.552167,PPI / Raw,39,0.0007572174072265625,normal,0.5448014,0.45519862,0.5448014
1778740090.577733,PPI / Raw,42,0.02556610107421875,normal,0.5078119,0.49218813,0.5078119
1778740090.5792367,PPI / Raw,57,0.0015037059783935547,normal,0.52342033,0.47657967,0.52342033
1778740090.6031473,PPI / Raw,49,0.0239105224609375,normal,0.51561993,0.4843801,0.51561993
1778740090.6252193,PPI / Raw,56,0.02207207679748535,normal,0.52342033,0.47657967,0.52342033
1778740090.7039697,PPI / Raw,54,0.0787503719329834,normal,0.52342033,0.47657967,0.52342033
1778740090.735048,PPI / Raw,49,0.031078338623046875,normal,0.51561993,0.4843801,0.51561993
1778740090.784167,PPI / Raw,41,0.049118995666503906,normal,0.5078119,0.49218813,0.5078119
1778740090.7992465,PPI / Raw,49,0.015079498291015625,normal,0.51561993,0.4843801,0.51561993
1778740090.8202338,PPI / Raw,61,0.020987272262573242,normal,0.52342033,0.47657967,0.52342033
1778740090.8302274,PPI / Raw,58,0.009993553161621094,normal,0.52342033,0.47657967,0.52342033
1778740090.849802,PPI / Raw,57,0.019574642181396484,normal,0.52342033,0.47657967,0.52342033
1778740090.8620389,PPI / Raw,49,0.012236833572387695,normal,0.51561993,0.4843801,0.51561993
1778740090.8952184,PPI / Raw,54,0.033179521560668945,normal,0.52342033,0.47657967,0.52342033
1778740090.9014711,PPI / Raw,56,0.006252765655517578,normal,0.52342033,0.47657967,0.52342033
1778740090.9934509,PPI / Raw,49,0.0919797420501709,normal,0.51561993,0.4843801,0.51561993
1778740091.0618575,PPI / Raw,49,0.06840658187866211,normal,0.51561993,0.4843801,0.51561993
1778740091.0839696,PPI / Raw,54,0.022112131118774414,normal,0.52342033,0.47657967,0.52342033
1778740091.1211202,PPI / Raw,57,0.03715062141418457,normal,0.52342033,0.47657967,0.52342033
1778740091.1296427,PPI / Raw,49,0.008522510528564453,normal,0.51561993,0.4843801,0.51561993
1778740091.1802204,PPI / Raw,56,0.050577640533447266,normal,0.52342033,0.47657967,0.52342033
1778740091.1999521,PPI / Raw,49,0.019731760025024414,normal,0.51561993,0.4843801,0.51561993
1778740091.2683377,PPI / Raw,49,0.06838560104370117,normal,0.51561993,0.4843801,0.51561993
1778740091.2714744,PPI / Raw,54,0.0031366348266601562,normal,0.52342033,0.47657967,0.52342033
1778740091.384109,PPI / Raw,58,0.11263465881347656,normal,0.52342033,0.47657967,0.52342033
1778740091.3961875,PPI / Raw,57,0.012078523635864258,normal,0.52342033,0.47657967,0.52342033
1778740091.4552228,PPI / Raw,54,0.059035301208496094,normal,0.52342033,0.47657967,0.52342033
1778740091.5004215,PPI / Raw,56,0.045198678970336914,normal,0.52342033,0.47657967,0.52342033
1778740091.5355673,PPI / Raw,49,0.03514575958251953,normal,0.51561993,0.4843801,0.51561993
1778740091.6015098,PPI / Raw,49,0.06594252586364746,normal,0.51561993,0.4843801,0.51561993
1778740091.638977,PPI / Raw,54,0.037467241287231445,normal,0.52342033,0.47657967,0.52342033
1778740091.6566703,PPI / Raw,58,0.017693281173706055,normal,0.52342033,0.47657967,0.52342033
1778740091.6661112,PPI / Raw,57,0.009440898895263672,normal,0.52342033,0.47657967,0.52342033
1778740091.670617,PPI / Raw,49,0.00450587272644043,normal,0.51561993,0.4843801,0.51561993
1778740091.7364748,PPI / Raw,56,0.0658576488494873,normal,0.52342033,0.47657967,0.52342033
1778740091.7407215,PPI / Raw,49,0.004246711730957031,normal,0.51561993,0.4843801,0.51561993
1778740091.806045,PPI / Raw,49,0.0653235912322998,normal,0.51561993,0.4843801,0.51561993
1778740091.8214755,PPI / Raw,54,0.015430450439453125,normal,0.52342033,0.47657967,0.52342033
1778740091.821867,PPI / Raw,50,0.0003914833068847656,normal,0.52342033,0.47657967,0.52342033
1778740091.8777432,PPI / Raw,49,0.05587625503540039,normal,0.51561993,0.4843801,0.51561993
1778740091.9224932,PPI / Raw,52,0.04474997520446777,normal,0.52342033,0.47657967,0.52342033
1778740091.932996,PPI / Raw,58,0.010502815246582031,normal,0.52342033,0.47657967,0.52342033
1778740091.9424438,PPI / Raw,57,0.009447813034057617,normal,0.52342033,0.47657967,0.52342033
1778740091.947575,PPI / Raw,49,0.005131244659423828,normal,0.51561993,0.4843801,0.51561993
1778740091.9835854,PPI / Raw,47,0.0360102653503418,normal,0.51561993,0.4843801,0.51561993
1778740092.001453,PPI / Raw,42,0.017867565155029297,normal,0.5078119,0.49218813,0.5078119
1778740092.0064769,PPI / Raw,56,0.005023956298828125,normal,0.52342033,0.47657967,0.52342033
1778740092.0068905,PPI / Raw,45,0.00041365623474121094,normal,0.51561993,0.4843801,0.51561993
1778740092.007217,PPI / Raw,39,0.00032639503479003906,normal,0.5448014,0.45519862,0.5448014
1778740092.0089798,PPI / Raw,54,0.0017628669738769531,normal,0.52342033,0.47657967,0.52342033
1778740092.0126076,PPI / Raw,49,0.003627777099609375,normal,0.51561993,0.4843801,0.51561993
1778740092.0132916,PPI / Raw,67,0.0006840229034423828,normal,0.52342033,0.47657967,0.52342033
1778740092.0447345,PPI / Raw,45,0.031442880630493164,normal,0.51561993,0.4843801,0.51561993
1778740092.04506,PPI / Raw,71,0.0003254413604736328,normal,0.52342033,0.47657967,0.52342033
1778740092.082434,PPI / Raw,49,0.037374019622802734,normal,0.51561993,0.4843801,0.51561993
1778740092.0827918,PPI / Raw,45,0.0003578662872314453,normal,0.51561993,0.4843801,0.51561993
1778740092.083119,PPI / Raw,67,0.00032711029052734375,normal,0.52342033,0.47657967,0.52342033
1778740092.146534,PPI / Raw,49,0.0634150505065918,normal,0.51561993,0.4843801,0.51561993
1778740092.1952314,PPI / Raw,54,0.048697471618652344,normal,0.52342033,0.47657967,0.52342033
1778740092.2104492,PPI / Raw,39,0.015217781066894531,normal,0.5448014,0.45519862,0.5448014
1778740092.2125547,PPI / Raw,49,0.0021054744720458984,normal,0.51561993,0.4843801,0.51561993
1778740092.2129467,PPI / Raw,57,0.00039196014404296875,normal,0.52342033,0.47657967,0.52342033
1778740092.2136958,PPI / Raw,39,0.0007491111755371094,normal,0.5448014,0.45519862,0.5448014
1778740092.2214549,PPI / Raw,61,0.00775909423828125,normal,0.52342033,0.47657967,0.52342033
1778740092.2752883,PPI / Raw,49,0.0538334846496582,normal,0.51561993,0.4843801,0.51561993
1778740092.278979,PPI / Raw,56,0.0036907196044921875,normal,0.52342033,0.47657967,0.52342033
1778740092.2797203,PPI / Raw,39,0.0007412433624267578,normal,0.5448014,0.45519862,0.5448014
1778740092.324396,PPI / Raw,56,0.044675588607788086,normal,0.52342033,0.47657967,0.52342033
1778740092.3398979,PPI / Raw,49,0.015501976013183594,normal,0.51561993,0.4843801,0.51561993
1778740092.3670747,PPI / Raw,47,0.027176856994628906,normal,0.51561993,0.4843801,0.51561993
1778740092.3802297,PPI / Raw,54,0.013154983520507812,normal,0.52342033,0.47657967,0.52342033
1778740092.41212,PPI / Raw,49,0.0318903923034668,normal,0.51561993,0.4843801,0.51561993
1778740092.4761846,PPI / Raw,49,0.06406450271606445,normal,0.51561993,0.4843801,0.51561993
1778740092.48101,PPI / Raw,58,0.0048253536224365234,normal,0.52342033,0.47657967,0.52342033
1778740092.4905145,PPI / Raw,57,0.009504556655883789,normal,0.52342033,0.47657967,0.52342033
1778740092.5465138,PPI / Raw,49,0.0559992790222168,normal,0.51561993,0.4843801,0.51561993
1778740092.5589843,PPI / Raw,56,0.012470483779907227,normal,0.52342033,0.47657967,0.52342033
1778740092.5652342,PPI / Raw,54,0.006249904632568359,normal,0.52342033,0.47657967,0.52342033
1778740092.5994723,PPI / Raw,56,0.03423810005187988,normal,0.52342033,0.47657967,0.52342033
1778740092.6101353,PPI / Raw,49,0.010663032531738281,normal,0.51561993,0.4843801,0.51561993
1778740092.6775897,PPI / Raw,49,0.06745433807373047,normal,0.51561993,0.4843801,0.51561993
1778740092.7089474,PPI / Raw,42,0.031357765197753906,normal,0.5078119,0.49218813,0.5078119
1778740092.7417223,PPI / Raw,49,0.032774925231933594,normal,0.51561993,0.4843801,0.51561993
1778740092.7510912,PPI / Raw,58,0.009368896484375,normal,0.52342033,0.47657967,0.52342033
1778740092.7514822,PPI / Raw,54,0.0003910064697265625,normal,0.52342033,0.47657967,0.52342033
1778740092.8113108,PPI / Raw,49,0.05982851982116699,normal,0.51561993,0.4843801,0.51561993
1778740092.835236,PPI / Raw,56,0.023925304412841797,normal,0.52342033,0.47657967,0.52342033
1778740092.8781042,PPI / Raw,49,0.04286813735961914,normal,0.51561993,0.4843801,0.51561993
1778740092.940234,PPI / Raw,54,0.06212973594665527,normal,0.52342033,0.47657967,0.52342033
1778740092.9412117,PPI / Raw,49,0.0009777545928955078,normal,0.51561993,0.4843801,0.51561993
1778740093.003769,PPI / Raw,49,0.06255722045898438,normal,0.51561993,0.4843801,0.51561993
1778740093.0249069,PPI / Raw,58,0.02113795280456543,normal,0.52342033,0.47657967,0.52342033
1778740093.035693,PPI / Raw,57,0.010786056518554688,normal,0.52342033,0.47657967,0.52342033
1778740093.0651977,PPI / Raw,42,0.029504776000976562,normal,0.5078119,0.49218813,0.5078119
1778740093.0735452,PPI / Raw,68,0.008347511291503906,normal,0.52342033,0.47657967,0.52342033
1778740093.1152353,PPI / Raw,56,0.04169011116027832,normal,0.52342033,0.47657967,0.52342033
1778740093.1289885,PPI / Raw,54,0.013753175735473633,normal,0.52342033,0.47657967,0.52342033
1778740093.1395948,PPI / Raw,49,0.01060628890991211,normal,0.51561993,0.4843801,0.51561993
1778740093.2758749,PPI / Raw,49,0.13628005981445312,normal,0.51561993,0.4843801,0.51561993
1778740093.2974796,PPI / Raw,58,0.02160477638244629,normal,0.52342033,0.47657967,0.52342033
1778740093.3075001,PPI / Raw,57,0.01002049446105957,normal,0.52342033,0.47657967,0.52342033
1778740093.318987,PPI / Raw,54,0.01148676872253418,normal,0.52342033,0.47657967,0.52342033
1778740093.3422842,PPI / Raw,49,0.02329730987548828,normal,0.51561993,0.4843801,0.51561993
1778740093.3902404,PPI / Raw,56,0.047956228256225586,normal,0.52342033,0.47657967,0.52342033
1778740093.412199,PPI / Raw,49,0.021958589553833008,normal,0.51561993,0.4843801,0.51561993
1778740093.4159443,PPI / Raw,56,0.0037453174591064453,normal,0.52342033,0.47657967,0.52342033
1778740093.4819021,PPI / Raw,49,0.06595778465270996,normal,0.51561993,0.4843801,0.51561993
1778740093.4895875,PPI / Raw,47,0.007685422897338867,normal,0.51561993,0.4843801,0.51561993
1778740093.5027385,PPI / Raw,54,0.013150930404663086,normal,0.52342033,0.47657967,0.52342033
1778740093.5493653,PPI / Raw,49,0.04662680625915527,normal,0.51561993,0.4843801,0.51561993
1778740093.573793,PPI / Raw,58,0.02442765235900879,normal,0.52342033,0.47657967,0.52342033
1778740093.581314,PPI / Raw,57,0.007521152496337891,normal,0.52342033,0.47657967,0.52342033
1778740093.5927851,PPI / Raw,47,0.011471033096313477,normal,0.51561993,0.4843801,0.51561993
1778740093.6689925,PPI / Raw,56,0.07620739936828613,normal,0.52342033,0.47657967,0.52342033
1778740093.682259,PPI / Raw,49,0.013266563415527344,normal,0.51561993,0.4843801,0.51561993
1778740093.6860151,PPI / Raw,56,0.0037560462951660156,normal,0.52342033,0.47657967,0.52342033
1778740093.693993,PPI / Raw,54,0.007977962493896484,normal,0.52342033,0.47657967,0.52342033
1778740093.7751834,PPI / Raw,42,0.08119034767150879,normal,0.5078119,0.49218813,0.5078119
1778740093.815233,PPI / Raw,49,0.04004955291748047,normal,0.51561993,0.4843801,0.51561993
1778740093.8526084,PPI / Raw,58,0.037375450134277344,normal,0.52342033,0.47657967,0.52342033
1778740093.8563793,PPI / Raw,57,0.0037708282470703125,normal,0.52342033,0.47657967,0.52342033
1778740093.8807306,PPI / Raw,49,0.02435135841369629,normal,0.51561993,0.4843801,0.51561993
1778740093.883991,PPI / Raw,54,0.003260374069213867,normal,0.52342033,0.47657967,0.52342033
1778740093.9176836,PPI / Raw,63,0.03369259834289551,normal,0.52342033,0.47657967,0.52342033
1778740093.9477448,PPI / Raw,56,0.03006124496459961,normal,0.52342033,0.47657967,0.52342033
1778740093.9494388,PPI / Raw,49,0.0016939640045166016,normal,0.51561993,0.4843801,0.51561993
1778740093.9585888,PPI / Raw,56,0.009150028228759766,normal,0.52342033,0.47657967,0.52342033
1778740094.0143604,PPI / Raw,49,0.055771589279174805,normal,0.51561993,0.4843801,0.51561993
1778740094.0241826,PPI / Raw,68,0.00982213020324707,normal,0.52342033,0.47657967,0.52342033
1778740094.0652456,PPI / Raw,54,0.04106307029724121,normal,0.52342033,0.47657967,0.52342033
1778740094.0770488,PPI / Raw,49,0.011803150177001953,normal,0.51561993,0.4843801,0.51561993
1778740094.1263018,PPI / Raw,57,0.049252986907958984,normal,0.52342033,0.47657967,0.52342033
1778740094.1289268,PPI / Raw,42,0.002624988555908203,normal,0.5078119,0.49218813,0.5078119
1778740094.1314285,PPI / Raw,58,0.0025017261505126953,normal,0.52342033,0.47657967,0.52342033
1778740094.1419234,PPI / Raw,49,0.01049494743347168,normal,0.51561993,0.4843801,0.51561993
1778740094.2092597,PPI / Raw,49,0.0673363208770752,normal,0.51561993,0.4843801,0.51561993
1778740094.220244,PPI / Raw,56,0.010984182357788086,normal,0.52342033,0.47657967,0.52342033
1778740094.2564971,PPI / Raw,54,0.03625321388244629,normal,0.52342033,0.47657967,0.52342033
1778740094.2729354,PPI / Raw,49,0.01643824577331543,normal,0.51561993,0.4843801,0.51561993
1778740094.3414218,PPI / Raw,49,0.06848645210266113,normal,0.51561993,0.4843801,0.51561993
1778740094.4038677,PPI / Raw,57,0.062445878982543945,normal,0.52342033,0.47657967,0.52342033
1778740094.4077435,PPI / Raw,58,0.003875732421875,normal,0.52342033,0.47657967,0.52342033
1778740094.4095118,PPI / Raw,49,0.001768350601196289,normal,0.51561993,0.4843801,0.51561993
1778740094.4402459,PPI / Raw,54,0.03073406219482422,normal,0.52342033,0.47657967,0.52342033
1778740094.4739165,PPI / Raw,61,0.033670663833618164,normal,0.52342033,0.47657967,0.52342033
1778740094.4753945,PPI / Raw,49,0.001477956771850586,normal,0.51561993,0.4843801,0.51561993
1778740094.4814162,PPI / Raw,42,0.006021738052368164,normal,0.5078119,0.49218813,0.5078119
1778740094.4902492,PPI / Raw,56,0.008832931518554688,normal,0.52342033,0.47657967,0.52342033
1778740094.518741,PPI / Raw,56,0.028491735458374023,normal,0.52342033,0.47657967,0.52342033
1778740094.5451381,PPI / Raw,49,0.026397228240966797,normal,0.51561993,0.4843801,0.51561993
1778740094.6136441,PPI / Raw,49,0.06850600242614746,normal,0.51561993,0.4843801,0.51561993
1778740094.6302502,PPI / Raw,54,0.01660609245300293,normal,0.52342033,0.47657967,0.52342033
1778740094.676736,PPI / Raw,57,0.04648590087890625,normal,0.52342033,0.47657967,0.52342033
1778740094.6807616,PPI / Raw,49,0.004025459289550781,normal,0.51561993,0.4843801,0.51561993
1778740094.7522044,PPI / Raw,49,0.07144284248352051,normal,0.51561993,0.4843801,0.51561993
1778740094.7526572,PPI / Raw,61,0.0004527568817138672,normal,0.52342033,0.47657967,0.52342033
1778740094.7614982,PPI / Raw,56,0.00884103775024414,normal,0.52342033,0.47657967,0.52342033
1778740094.796313,PPI / Raw,88,0.03481483459472656,normal,0.52342033,0.47657967,0.52342033
1778740094.8165019,PPI / Raw,54,0.02018880844116211,normal,0.52342033,0.47657967,0.52342033
1778740094.821796,PPI / Raw,49,0.005294084548950195,normal,0.51561993,0.4843801,0.51561993
1778740094.8389084,PPI / Raw,42,0.01711249351501465,normal,0.5078119,0.49218813,0.5078119
1778740094.886931,PPI / Raw,49,0.04802250862121582,normal,0.51561993,0.4843801,0.51561993
1778740094.9506845,PPI / Raw,49,0.06375360488891602,normal,0.51561993,0.4843801,0.51561993
1778740094.956803,PPI / Raw,57,0.0061185359954833984,normal,0.52342033,0.47657967,0.52342033
1778740095.0002499,PPI / Raw,54,0.04344677925109863,normal,0.52342033,0.47657967,0.52342033
1778740095.016212,PPI / Raw,49,0.01596212387084961,normal,0.51561993,0.4843801,0.51561993
1778740095.0390034,PPI / Raw,56,0.022791385650634766,normal,0.52342033,0.47657967,0.52342033
1778740095.0782292,PPI / Raw,56,0.03922581672668457,normal,0.52342033,0.47657967,0.52342033
1778740095.0838246,PPI / Raw,49,0.00559544563293457,normal,0.51561993,0.4843801,0.51561993
1778740095.152822,PPI / Raw,49,0.06899738311767578,normal,0.51561993,0.4843801,0.51561993
1778740095.1915047,PPI / Raw,54,0.03868269920349121,normal,0.52342033,0.47657967,0.52342033
1778740095.1964107,PPI / Raw,42,0.0049059391021728516,normal,0.5078119,0.49218813,0.5078119
1778740095.223086,PPI / Raw,49,0.02667546272277832,normal,0.51561993,0.4843801,0.51561993
1778740095.2318585,PPI / Raw,57,0.00877237319946289,normal,0.52342033,0.47657967,0.52342033
1778740095.2403817,PPI / Raw,58,0.008523225784301758,normal,0.52342033,0.47657967,0.52342033
1778740095.287674,PPI / Raw,49,0.047292232513427734,normal,0.51561993,0.4843801,0.51561993
1778740095.3127525,PPI / Raw,56,0.025078535079956055,normal,0.52342033,0.47657967,0.52342033
1778740095.3214111,PPI / Raw,61,0.008658647537231445,normal,0.52342033,0.47657967,0.52342033
1778740095.3545551,PPI / Raw,56,0.03314399719238281,normal,0.52342033,0.47657967,0.52342033
1778740095.358405,PPI / Raw,49,0.0038499832153320312,normal,0.51561993,0.4843801,0.51561993
1778740095.3740058,PPI / Raw,54,0.01560068130493164,normal,0.52342033,0.47657967,0.52342033
1778740095.4244864,PPI / Raw,49,0.05048060417175293,normal,0.51561993,0.4843801,0.51561993
1778740095.4616697,PPI / Raw,57,0.037183284759521484,normal,0.52342033,0.47657967,0.52342033
1778740095.4880311,PPI / Raw,49,0.026361465454101562,normal,0.51561993,0.4843801,0.51561993
1778740095.5098734,PPI / Raw,57,0.021842241287231445,normal,0.52342033,0.47657967,0.52342033
1778740095.5204492,PPI / Raw,58,0.01057577133178711,normal,0.52342033,0.47657967,0.52342033
1778740095.552663,PPI / Raw,42,0.03221392631530762,normal,0.5078119,0.49218813,0.5078119
1778740095.5542974,PPI / Raw,49,0.001634359359741211,normal,0.51561993,0.4843801,0.51561993
1778740095.5552573,PPI / Raw,54,0.0009598731994628906,normal,0.52342033,0.47657967,0.52342033
1778740095.5827546,PPI / Raw,56,0.027497291564941406,normal,0.52342033,0.47657967,0.52342033
1778740095.5991294,PPI / Raw,47,0.016374826431274414,normal,0.51561993,0.4843801,0.51561993
1778740095.6209717,PPI / Raw,49,0.021842241287231445,normal,0.51561993,0.4843801,0.51561993
1778740095.63338,PPI / Raw,56,0.012408256530761719,normal,0.52342033,0.47657967,0.52342033
1778740095.691939,PPI / Raw,49,0.05855917930603027,normal,0.51561993,0.4843801,0.51561993
1778740095.7087924,PPI / Raw,82,0.01685333251953125,normal,0.52342033,0.47657967,0.52342033
1778740095.742756,PPI / Raw,54,0.03396344184875488,normal,0.52342033,0.47657967,0.52342033
1778740095.7626917,PPI / Raw,49,0.01993584632873535,normal,0.51561993,0.4843801,0.51561993
1778740095.7992609,PPI / Raw,58,0.03656911849975586,normal,0.52342033,0.47657967,0.52342033
1778740095.8312201,PPI / Raw,49,0.03195929527282715,normal,0.51561993,0.4843801,0.51561993
1778740095.8615098,PPI / Raw,56,0.030289649963378906,normal,0.52342033,0.47657967,0.52342033
1778740095.9033303,PPI / Raw,49,0.041820526123046875,normal,0.51561993,0.4843801,0.51561993
1778740095.9084532,PPI / Raw,56,0.0051229000091552734,normal,0.52342033,0.47657967,0.52342033
1778740095.9277573,PPI / Raw,54,0.01930403709411621,normal,0.52342033,0.47657967,0.52342033
1778740096.0093203,PPI / Raw,58,0.08156299591064453,normal,0.52342033,0.47657967,0.52342033
1778740096.0365324,PPI / Raw,49,0.027212142944335938,normal,0.51561993,0.4843801,0.51561993
1778740096.051756,PPI / Raw,57,0.015223503112792969,normal,0.52342033,0.47657967,0.52342033
1778740096.1021376,PPI / Raw,49,0.05038166046142578,normal,0.51561993,0.4843801,0.51561993
1778740096.1127617,PPI / Raw,54,0.010624170303344727,normal,0.52342033,0.47657967,0.52342033
1778740096.1646051,PPI / Raw,49,0.05184340476989746,normal,0.51561993,0.4843801,0.51561993
1778740096.1649632,PPI / Raw,45,0.0003581047058105469,normal,0.51561993,0.4843801,0.51561993
1778740096.1652894,PPI / Raw,67,0.0003261566162109375,normal,0.52342033,0.47657967,0.52342033
1778740096.1676466,PPI / Raw,61,0.0023572444915771484,normal,0.52342033,0.47657967,0.52342033
1778740096.1681008,PPI / Raw,45,0.00045418739318847656,normal,0.51561993,0.4843801,0.51561993
1778740096.1889439,PPI / Raw,45,0.020843029022216797,normal,0.51561993,0.4843801,0.51561993
1778740096.2296426,PPI / Raw,49,0.04069876670837402,normal,0.51561993,0.4843801,0.51561993
1778740096.2300005,PPI / Raw,45,0.0003578662872314453,normal,0.51561993,0.4843801,0.51561993
1778740096.230327,PPI / Raw,67,0.00032639503479003906,normal,0.52342033,0.47657967,0.52342033
1778740096.256394,PPI / Raw,46,0.026067018508911133,normal,0.51561993,0.4843801,0.51561993
1778740096.2898192,PPI / Raw,45,0.033425331115722656,normal,0.51561993,0.4843801,0.51561993
1778740096.2957342,PPI / Raw,49,0.005914926528930664,normal,0.51561993,0.4843801,0.51561993
1778740096.3027601,PPI / Raw,54,0.007025957107543945,normal,0.52342033,0.47657967,0.52342033
1778740096.326822,PPI / Raw,57,0.024061918258666992,normal,0.52342033,0.47657967,0.52342033
1778740096.3423378,PPI / Raw,68,0.015515804290771484,normal,0.52342033,0.47657967,0.52342033
1778740096.3451471,PPI / Raw,39,0.002809286117553711,normal,0.5448014,0.45519862,0.5448014
1778740096.3601506,PPI / Raw,49,0.015003442764282227,normal,0.51561993,0.4843801,0.51561993
1778740096.376085,PPI / Raw,47,0.015934467315673828,normal,0.51561993,0.4843801,0.51561993
1778740096.409014,PPI / Raw,56,0.0329289436340332,normal,0.52342033,0.47657967,0.52342033
1778740096.432082,PPI / Raw,49,0.023067951202392578,normal,0.51561993,0.4843801,0.51561993
1778740096.4865115,PPI / Raw,54,0.05442953109741211,normal,0.52342033,0.47657967,0.52342033
1778740096.4965084,PPI / Raw,49,0.009996891021728516,normal,0.51561993,0.4843801,0.51561993
1778740096.5630279,PPI / Raw,49,0.06651949882507324,normal,0.51561993,0.4843801,0.51561993
1778740096.6061356,PPI / Raw,57,0.04310774803161621,normal,0.52342033,0.47657967,0.52342033
1778740096.6126494,PPI / Raw,58,0.006513833999633789,normal,0.52342033,0.47657967,0.52342033
1778740096.6144571,PPI / Raw,58,0.0018076896667480469,normal,0.52342033,0.47657967,0.52342033
1778740096.6341321,PPI / Raw,49,0.019675016403198242,normal,0.51561993,0.4843801,0.51561993
1778740096.6594958,PPI / Raw,76,0.025363683700561523,normal,0.52342033,0.47657967,0.52342033
1778740096.675263,PPI / Raw,54,0.01576709747314453,normal,0.52342033,0.47657967,0.52342033
1778740096.680266,PPI / Raw,56,0.0050029754638671875,normal,0.52342033,0.47657967,0.52342033
1778740096.7027786,PPI / Raw,49,0.02251267433166504,normal,0.51561993,0.4843801,0.51561993
1778740096.771249,PPI / Raw,49,0.06847047805786133,normal,0.51561993,0.4843801,0.51561993
1778740096.8389046,PPI / Raw,49,0.06765556335449219,normal,0.51561993,0.4843801,0.51561993
1778740096.8577642,PPI / Raw,54,0.0188596248626709,normal,0.52342033,0.47657967,0.52342033
1778740096.859485,PPI / Raw,45,0.0017206668853759766,normal,0.51561993,0.4843801,0.51561993
1778740096.8932357,PPI / Raw,45,0.03375077247619629,normal,0.51561993,0.4843801,0.51561993
1778740096.8945222,PPI / Raw,58,0.0012865066528320312,normal,0.52342033,0.47657967,0.52342033
1778740096.9070952,PPI / Raw,49,0.012573003768920898,normal,0.51561993,0.4843801,0.51561993
1778740096.955265,PPI / Raw,56,0.048169851303100586,normal,0.52342033,0.47657967,0.52342033
1778740096.9691277,PPI / Raw,49,0.01386260986328125,normal,0.51561993,0.4843801,0.51561993
1778740097.0381968,PPI / Raw,49,0.06906914710998535,normal,0.51561993,0.4843801,0.51561993
1778740097.0760972,PPI / Raw,68,0.037900447845458984,normal,0.52342033,0.47657967,0.52342033
1778740097.153868,PPI / Raw,57,0.07777070999145508,normal,0.52342033,0.47657967,0.52342033
1778740097.1798482,PPI / Raw,51,0.025980234146118164,normal,0.52342033,0.47657967,0.52342033
1778740097.225267,PPI / Raw,54,0.045418739318847656,normal,0.52342033,0.47657967,0.52342033
1778740097.22777,PPI / Raw,56,0.0025031566619873047,normal,0.52342033,0.47657967,0.52342033
1778740097.2516143,PPI / Raw,49,0.023844242095947266,normal,0.51561993,0.4843801,0.51561993
1778740097.3036692,PPI / Raw,56,0.05205488204956055,normal,0.52342033,0.47657967,0.52342033
1778740097.3151526,PPI / Raw,42,0.011483430862426758,normal,0.5078119,0.49218813,0.5078119
1778740097.3168232,PPI / Raw,49,0.0016705989837646484,normal,0.51561993,0.4843801,0.51561993
1778740097.3171818,PPI / Raw,45,0.00035858154296875,normal,0.51561993,0.4843801,0.51561993
1778740097.3175082,PPI / Raw,67,0.00032639503479003906,normal,0.52342033,0.47657967,0.52342033
1778740097.3865001,PPI / Raw,49,0.06899189949035645,normal,0.51561993,0.4843801,0.51561993
1778740097.3868585,PPI / Raw,45,0.00035834312438964844,normal,0.51561993,0.4843801,0.51561993
1778740097.4140186,PPI / Raw,54,0.027160167694091797,normal,0.52342033,0.47657967,0.52342033
1778740097.4330232,PPI / Raw,57,0.01900458335876465,normal,0.52342033,0.47657967,0.52342033
1778740097.4434032,PPI / Raw,58,0.010380029678344727,normal,0.52342033,0.47657967,0.52342033
1778740097.4977725,PPI / Raw,56,0.054369211196899414,normal,0.52342033,0.47657967,0.52342033
1778740097.5795944,PPI / Raw,49,0.08182191848754883,normal,0.51561993,0.4843801,0.51561993
1778740097.5799963,PPI / Raw,55,0.0004019737243652344,normal,0.52342033,0.47657967,0.52342033
1778740097.6002731,PPI / Raw,54,0.020276784896850586,normal,0.52342033,0.47657967,0.52342033
1778740097.6017127,PPI / Raw,47,0.0014395713806152344,normal,0.51561993,0.4843801,0.51561993
1778740097.643386,PPI / Raw,49,0.04167318344116211,normal,0.51561993,0.4843801,0.51561993
1778740097.668905,PPI / Raw,42,0.025519132614135742,normal,0.5078119,0.49218813,0.5078119
1778740097.7118387,PPI / Raw,57,0.04293370246887207,normal,0.52342033,0.47657967,0.52342033
1778740097.7133372,PPI / Raw,49,0.0014984607696533203,normal,0.51561993,0.4843801,0.51561993
1778740097.726425,PPI / Raw,60,0.013087749481201172,normal,0.52342033,0.47657967,0.52342033
1778740097.7777717,PPI / Raw,56,0.051346778869628906,normal,0.52342033,0.47657967,0.52342033
1778740097.7827744,PPI / Raw,54,0.005002737045288086,normal,0.52342033,0.47657967,0.52342033
1778740097.8439622,PPI / Raw,49,0.061187744140625,normal,0.51561993,0.4843801,0.51561993
1778740097.8576567,PPI / Raw,61,0.013694524765014648,normal,0.52342033,0.47657967,0.52342033
1778740097.8600698,PPI / Raw,56,0.002413034439086914,normal,0.52342033,0.47657967,0.52342033
1778740097.966526,PPI / Raw,54,0.10645627975463867,normal,0.52342033,0.47657967,0.52342033
1778740097.9749,PPI / Raw,49,0.00837397575378418,normal,0.51561993,0.4843801,0.51561993
1778740097.9830644,PPI / Raw,57,0.008164405822753906,normal,0.52342033,0.47657967,0.52342033
1778740098.0189126,PPI / Raw,42,0.035848140716552734,normal,0.5078119,0.49218813,0.5078119
1778740098.0419054,PPI / Raw,49,0.022992849349975586,normal,0.51561993,0.4843801,0.51561993
1778740098.0477734,PPI / Raw,56,0.005867958068847656,normal,0.52342033,0.47657967,0.52342033
1778740098.1540241,PPI / Raw,54,0.10625076293945312,normal,0.52342033,0.47657967,0.52342033
1778740098.1776423,PPI / Raw,49,0.023618221282958984,normal,0.51561993,0.4843801,0.51561993
1778740098.2459729,PPI / Raw,49,0.06833052635192871,normal,0.51561993,0.4843801,0.51561993
1778740098.2568836,PPI / Raw,57,0.010910749435424805,normal,0.52342033,0.47657967,0.52342033
1778740098.2803102,PPI / Raw,58,0.023426532745361328,normal,0.52342033,0.47657967,0.52342033
1778740098.315571,PPI / Raw,49,0.035260915756225586,normal,0.51561993,0.4843801,0.51561993
1778740098.3202755,PPI / Raw,56,0.004704475402832031,normal,0.52342033,0.47657967,0.52342033
1778740098.3377788,PPI / Raw,54,0.01750326156616211,normal,0.52342033,0.47657967,0.52342033
1778740098.3825185,PPI / Raw,49,0.044739723205566406,normal,0.51561993,0.4843801,0.51561993
1778740098.407714,PPI / Raw,56,0.02519536018371582,normal,0.52342033,0.47657967,0.52342033
1778740098.451591,PPI / Raw,49,0.04387712478637695,normal,0.51561993,0.4843801,0.51561993
1778740098.5218356,PPI / Raw,49,0.07024455070495605,normal,0.51561993,0.4843801,0.51561993
1778740098.5227802,PPI / Raw,54,0.0009446144104003906,normal,0.52342033,0.47657967,0.52342033
1778740098.5281007,PPI / Raw,57,0.005320549011230469,normal,0.52342033,0.47657967,0.52342033
1778740098.528523,PPI / Raw,45,0.0004222393035888672,normal,0.51561993,0.4843801,0.51561993
1778740098.557864,PPI / Raw,58,0.02934098243713379,normal,0.52342033,0.47657967,0.52342033
1778740098.5856118,PPI / Raw,49,0.02774786949157715,normal,0.51561993,0.4843801,0.51561993
1778740098.6002774,PPI / Raw,56,0.014665603637695312,normal,0.52342033,0.47657967,0.52342033
1778740098.6006918,PPI / Raw,45,0.0004143714904785156,normal,0.51561993,0.4843801,0.51561993
1778740098.601019,PPI / Raw,39,0.00032711029052734375,normal,0.5448014,0.45519862,0.5448014
1778740098.6510592,PPI / Raw,49,0.050040245056152344,normal,0.51561993,0.4843801,0.51561993
1778740098.6827886,PPI / Raw,56,0.03172945976257324,normal,0.52342033,0.47657967,0.52342033
1778740098.7052817,PPI / Raw,54,0.02249312400817871,normal,0.52342033,0.47657967,0.52342033
1778740098.714007,PPI / Raw,49,0.008725166320800781,normal,0.51561993,0.4843801,0.51561993
1778740098.7448692,PPI / Raw,68,0.03086233139038086,normal,0.52342033,0.47657967,0.52342033
1778740098.7457068,PPI / Raw,50,0.0008375644683837891,normal,0.52342033,0.47657967,0.52342033
1778740098.8074157,PPI / Raw,57,0.061708927154541016,normal,0.52342033,0.47657967,0.52342033
1778740098.8078382,PPI / Raw,45,0.00042247772216796875,normal,0.51561993,0.4843801,0.51561993
1778740098.8081641,PPI / Raw,39,0.00032591819763183594,normal,0.5448014,0.45519862,0.5448014
1778740098.8291695,PPI / Raw,90,0.02100539207458496,normal,0.52342033,0.47657967,0.52342033
1778740098.8520286,PPI / Raw,49,0.02285909652709961,normal,0.51561993,0.4843801,0.51561993
1778740098.8752797,PPI / Raw,56,0.023251056671142578,normal,0.52342033,0.47657967,0.52342033
1778740098.8756938,PPI / Raw,45,0.00041413307189941406,normal,0.51561993,0.4843801,0.51561993
1778740098.876021,PPI / Raw,39,0.00032711029052734375,normal,0.5448014,0.45519862,0.5448014
1778740098.88653,PPI / Raw,54,0.010509014129638672,normal,0.52342033,0.47657967,0.52342033
1778740098.9212148,PPI / Raw,49,0.03468489646911621,normal,0.51561993,0.4843801,0.51561993
1778740098.9627044,PPI / Raw,56,0.041489601135253906,normal,0.52342033,0.47657967,0.52342033
1778740098.9852808,PPI / Raw,49,0.022576332092285156,normal,0.51561993,0.4843801,0.51561993
1778740099.0502698,PPI / Raw,49,0.06498908996582031,normal,0.51561993,0.4843801,0.51561993
1778740099.0727813,PPI / Raw,54,0.02251148223876953,normal,0.52342033,0.47657967,0.52342033
1778740099.0837328,PPI / Raw,57,0.010951519012451172,normal,0.52342033,0.47657967,0.52342033
1778740099.1004786,PPI / Raw,58,0.016745805740356445,normal,0.52342033,0.47657967,0.52342033
1778740099.1211345,PPI / Raw,49,0.02065587043762207,normal,0.51561993,0.4843801,0.51561993
1778740099.152785,PPI / Raw,56,0.031650543212890625,normal,0.52342033,0.47657967,0.52342033
1778740099.1912649,PPI / Raw,49,0.03847980499267578,normal,0.51561993,0.4843801,0.51561993
1778740099.2602828,PPI / Raw,54,0.06901788711547852,normal,0.52342033,0.47657967,0.52342033
1778740099.2606642,PPI / Raw,49,0.0003814697265625,normal,0.51561993,0.4843801,0.51561993
1778740099.3115644,PPI / Raw,57,0.05090022087097168,normal,0.52342033,0.47657967,0.52342033
1778740099.3274596,PPI / Raw,49,0.01589512825012207,normal,0.51561993,0.4843801,0.51561993
1778740099.3605483,PPI / Raw,57,0.03308868408203125,normal,0.52342033,0.47657967,0.52342033
1778740099.3755312,PPI / Raw,58,0.014982938766479492,normal,0.52342033,0.47657967,0.52342033
1778740099.376288,PPI / Raw,39,0.0007567405700683594,normal,0.5448014,0.45519862,0.5448014
1778740099.395954,PPI / Raw,49,0.019665956497192383,normal,0.51561993,0.4843801,0.51561993
1778740099.426534,PPI / Raw,56,0.03058004379272461,normal,0.52342033,0.47657967,0.52342033
1778740099.447784,PPI / Raw,54,0.021250009536743164,normal,0.52342033,0.47657967,0.52342033
1778740099.4616945,PPI / Raw,49,0.013910531997680664,normal,0.51561993,0.4843801,0.51561993
1778740099.531896,PPI / Raw,49,0.07020163536071777,normal,0.51561993,0.4843801,0.51561993
1778740099.5978553,PPI / Raw,49,0.06595921516418457,normal,0.51561993,0.4843801,0.51561993
1778740099.6110084,PPI / Raw,47,0.013153076171875,normal,0.51561993,0.4843801,0.51561993
1778740099.6331139,PPI / Raw,57,0.02210545539855957,normal,0.52342033,0.47657967,0.52342033
1778740099.6352859,PPI / Raw,54,0.0021719932556152344,normal,0.52342033,0.47657967,0.52342033
1778740099.6518323,PPI / Raw,58,0.01654648780822754,normal,0.52342033,0.47657967,0.52342033
1778740099.665694,PPI / Raw,49,0.013861656188964844,normal,0.51561993,0.4843801,0.51561993
1778740099.7065394,PPI / Raw,56,0.040845394134521484,normal,0.52342033,0.47657967,0.52342033
1778740099.735582,PPI / Raw,49,0.029042720794677734,normal,0.51561993,0.4843801,0.51561993
1778740099.78543,PPI / Raw,56,0.04984784126281738,normal,0.52342033,0.47657967,0.52342033
1778740099.7983298,PPI / Raw,49,0.01289987564086914,normal,0.51561993,0.4843801,0.51561993
1778740099.8165371,PPI / Raw,54,0.018207311630249023,normal,0.52342033,0.47657967,0.52342033
1778740099.8662841,PPI / Raw,49,0.04974699020385742,normal,0.51561993,0.4843801,0.51561993
1778740099.9281392,PPI / Raw,58,0.06185507774353027,normal,0.52342033,0.47657967,0.52342033
1778740099.9852915,PPI / Raw,56,0.05715227127075195,normal,0.52342033,0.47657967,0.52342033
1778740100.0014849,PPI / Raw,49,0.016193389892578125,normal,0.51561993,0.4843801,0.51561993
1778740100.0125988,PPI / Raw,50,0.011113882064819336,normal,0.52342033,0.47657967,0.52342033
1778740100.0731883,PPI / Raw,49,0.06058955192565918,normal,0.51561993,0.4843801,0.51561993
1778740100.1401546,PPI / Raw,42,0.06696629524230957,normal,0.5078119,0.49218813,0.5078119
1778740100.145089,PPI / Raw,49,0.0049343109130859375,normal,0.51561993,0.4843801,0.51561993
1778740100.19279,PPI / Raw,54,0.047701120376586914,normal,0.52342033,0.47657967,0.52342033
1778740100.1994445,PPI / Raw,58,0.006654500961303711,normal,0.52342033,0.47657967,0.52342033
1778740100.2091131,PPI / Raw,49,0.009668588638305664,normal,0.51561993,0.4843801,0.51561993
1778740100.2590437,PPI / Raw,56,0.049930572509765625,normal,0.52342033,0.47657967,0.52342033
1778740100.2773833,PPI / Raw,49,0.01833963394165039,normal,0.51561993,0.4843801,0.51561993
1778740100.3414164,PPI / Raw,49,0.06403303146362305,normal,0.51561993,0.4843801,0.51561993
1778740100.367651,PPI / Raw,61,0.02623462677001953,normal,0.52342033,0.47657967,0.52342033
1778740100.375291,PPI / Raw,54,0.00764012336730957,normal,0.52342033,0.47657967,0.52342033
1778740100.3887875,PPI / Raw,47,0.01349639892578125,normal,0.51561993,0.4843801,0.51561993
1778740100.4105296,PPI / Raw,49,0.02174210548400879,normal,0.51561993,0.4843801,0.51561993
1778740100.4108875,PPI / Raw,45,0.0003578662872314453,normal,0.51561993,0.4843801,0.51561993
1778740100.4112134,PPI / Raw,67,0.00032591819763183594,normal,0.52342033,0.47657967,0.52342033
1778740100.416084,PPI / Raw,45,0.00487065315246582,normal,0.51561993,0.4843801,0.51561993
1778740100.4549174,PPI / Raw,57,0.0388333797454834,normal,0.52342033,0.47657967,0.52342033
1778740100.45534,PPI / Raw,45,0.00042247772216796875,normal,0.51561993,0.4843801,0.51561993
1778740100.4556658,PPI / Raw,39,0.00032591819763183594,normal,0.5448014,0.45519862,0.5448014
1778740100.475162,PPI / Raw,49,0.01949620246887207,normal,0.51561993,0.4843801,0.51561993
1778740100.4770072,PPI / Raw,58,0.0018451213836669922,normal,0.52342033,0.47657967,0.52342033
1778740100.477437,PPI / Raw,45,0.0004298686981201172,normal,0.51561993,0.4843801,0.51561993
1778740100.4777632,PPI / Raw,79,0.0003261566162109375,normal,0.52342033,0.47657967,0.52342033
1778740100.5365427,PPI / Raw,56,0.05877947807312012,normal,0.52342033,0.47657967,0.52342033
1778740100.5379007,PPI / Raw,49,0.0013580322265625,normal,0.51561993,0.4843801,0.51561993
1778740100.5565457,PPI / Raw,54,0.018645048141479492,normal,0.52342033,0.47657967,0.52342033
1778740100.600499,PPI / Raw,49,0.04395318031311035,normal,0.51561993,0.4843801,0.51561993
1778740100.6081855,PPI / Raw,56,0.007686614990234375,normal,0.52342033,0.47657967,0.52342033
1778740100.6693382,PPI / Raw,49,0.06115269660949707,normal,0.51561993,0.4843801,0.51561993
1778740100.6907468,PPI / Raw,57,0.021408557891845703,normal,0.52342033,0.47657967,0.52342033
1778740100.7324474,PPI / Raw,57,0.04170060157775879,normal,0.52342033,0.47657967,0.52342033
1778740100.7380412,PPI / Raw,49,0.005593776702880859,normal,0.51561993,0.4843801,0.51561993
1778740100.7508104,PPI / Raw,58,0.012769222259521484,normal,0.52342033,0.47657967,0.52342033
1778740100.8101122,PPI / Raw,49,0.05930185317993164,normal,0.51561993,0.4843801,0.51561993
1778740100.8753316,PPI / Raw,81,0.06521940231323242,normal,0.52342033,0.47657967,0.52342033
1778740100.8831086,PPI / Raw,56,0.007776975631713867,normal,0.52342033,0.47657967,0.52342033
1778740100.9315486,PPI / Raw,54,0.048439979553222656,normal,0.52342033,0.47657967,0.52342033
1778740101.0100513,PPI / Raw,49,0.07850265502929688,normal,0.51561993,0.4843801,0.51561993
1778740101.0299435,PPI / Raw,58,0.019892215728759766,normal,0.52342033,0.47657967,0.52342033
1778740101.073295,PPI / Raw,49,0.04335165023803711,normal,0.51561993,0.4843801,0.51561993
1778740101.0865467,PPI / Raw,56,0.013251543045043945,normal,0.52342033,0.47657967,0.52342033
1778740101.1165497,PPI / Raw,54,0.030003070831298828,normal,0.52342033,0.47657967,0.52342033
1778740101.159442,PPI / Raw,56,0.0428922176361084,normal,0.52342033,0.47657967,0.52342033
1778740101.201014,PPI / Raw,49,0.04157209396362305,normal,0.51561993,0.4843801,0.51561993
1778740101.2706344,PPI / Raw,49,0.06962037086486816,normal,0.51561993,0.4843801,0.51561993
1778740101.2837367,PPI / Raw,57,0.013102293014526367,normal,0.52342033,0.47657967,0.52342033
1778740101.3077986,PPI / Raw,54,0.024061918258666992,normal,0.52342033,0.47657967,0.52342033
1778740101.3395596,PPI / Raw,49,0.03176093101501465,normal,0.51561993,0.4843801,0.51561993
1778740101.362802,PPI / Raw,56,0.023242473602294922,normal,0.52342033,0.47657967,0.52342033
1778740101.4045773,PPI / Raw,49,0.04177522659301758,normal,0.51561993,0.4843801,0.51561993
1778740101.4320273,PPI / Raw,56,0.027450084686279297,normal,0.52342033,0.47657967,0.52342033
1778740101.4701564,PPI / Raw,61,0.03812909126281738,normal,0.52342033,0.47657967,0.52342033
1778740101.4718885,PPI / Raw,49,0.0017321109771728516,normal,0.51561993,0.4843801,0.51561993
1778740101.4990528,PPI / Raw,54,0.027164220809936523,normal,0.52342033,0.47657967,0.52342033
1778740101.5135002,PPI / Raw,57,0.014447450637817383,normal,0.52342033,0.47657967,0.52342033
1778740101.5221205,PPI / Raw,47,0.008620262145996094,normal,0.51561993,0.4843801,0.51561993
1778740101.543051,PPI / Raw,49,0.02093052864074707,normal,0.51561993,0.4843801,0.51561993
1778740101.5501637,PPI / Raw,42,0.007112741470336914,normal,0.5078119,0.49218813,0.5078119
1778740101.5800567,PPI / Raw,58,0.029892921447753906,normal,0.52342033,0.47657967,0.52342033
1778740101.6115553,PPI / Raw,49,0.03149867057800293,normal,0.51561993,0.4843801,0.51561993
1778740101.6210873,PPI / Raw,47,0.009531974792480469,normal,0.51561993,0.4843801,0.51561993
1778740101.6428008,PPI / Raw,56,0.0217134952545166,normal,0.52342033,0.47657967,0.52342033
1778740101.6769829,PPI / Raw,49,0.034182071685791016,normal,0.51561993,0.4843801,0.51561993
1778740101.6853042,PPI / Raw,54,0.008321285247802734,normal,0.52342033,0.47657967,0.52342033
1778740101.7474952,PPI / Raw,49,0.062191009521484375,normal,0.51561993,0.4843801,0.51561993
1778740101.8363652,PPI / Raw,57,0.08887004852294922,normal,0.52342033,0.47657967,0.52342033
1778740101.871553,PPI / Raw,54,0.035187721252441406,normal,0.52342033,0.47657967,0.52342033
1778740101.880554,PPI / Raw,49,0.009001016616821289,normal,0.51561993,0.4843801,0.51561993
1778740101.9039276,PPI / Raw,42,0.02337360382080078,normal,0.5078119,0.49218813,0.5078119
1778740101.9128032,PPI / Raw,56,0.008875608444213867,normal,0.52342033,0.47657967,0.52342033
1778740101.9464245,PPI / Raw,49,0.03362131118774414,normal,0.51561993,0.4843801,0.51561993
1778740101.950458,PPI / Raw,57,0.004033565521240234,normal,0.52342033,0.47657967,0.52342033
1778740102.014443,PPI / Raw,49,0.06398487091064453,normal,0.51561993,0.4843801,0.51561993
1778740102.026787,PPI / Raw,67,0.012344121932983398,normal,0.52342033,0.47657967,0.52342033
1778740102.055304,PPI / Raw,54,0.02851700782775879,normal,0.52342033,0.47657967,0.52342033
1778740102.0866632,PPI / Raw,49,0.031359195709228516,normal,0.51561993,0.4843801,0.51561993
1778740102.1155758,PPI / Raw,57,0.02891254425048828,normal,0.52342033,0.47657967,0.52342033
1778740102.1828053,PPI / Raw,56,0.0672295093536377,normal,0.52342033,0.47657967,0.52342033
1778740102.222417,PPI / Raw,49,0.03961181640625,normal,0.51561993,0.4843801,0.51561993
1778740102.2365556,PPI / Raw,54,0.014138460159301758,normal,0.52342033,0.47657967,0.52342033
1778740102.2497754,PPI / Raw,56,0.013219833374023438,normal,0.52342033,0.47657967,0.52342033
1778740102.2893786,PPI / Raw,49,0.039603233337402344,normal,0.51561993,0.4843801,0.51561993
1778740102.305179,PPI / Raw,62,0.01580047607421875,normal,0.52342033,0.47657967,0.52342033
1778740102.353957,PPI / Raw,49,0.04877781867980957,normal,0.51561993,0.4843801,0.51561993
1778740102.3956432,PPI / Raw,57,0.041686296463012695,normal,0.52342033,0.47657967,0.52342033
1778740102.4192655,PPI / Raw,49,0.02362227439880371,normal,0.51561993,0.4843801,0.51561993
1778740102.4265602,PPI / Raw,54,0.007294654846191406,normal,0.52342033,0.47657967,0.52342033
1778740102.4528105,PPI / Raw,56,0.026250362396240234,normal,0.52342033,0.47657967,0.52342033
1778740102.489188,PPI / Raw,49,0.0363774299621582,normal,0.51561993,0.4843801,0.51561993
1778740102.526109,PPI / Raw,56,0.036921024322509766,normal,0.52342033,0.47657967,0.52342033
1778740102.5605438,PPI / Raw,43,0.03443479537963867,normal,0.5078119,0.49218813,0.5078119
1778740102.5611506,PPI / Raw,49,0.0006067752838134766,normal,0.51561993,0.4843801,0.51561993
1778740102.6128085,PPI / Raw,54,0.051657915115356445,normal,0.52342033,0.47657967,0.52342033
1778740102.625387,PPI / Raw,49,0.012578487396240234,normal,0.51561993,0.4843801,0.51561993
1778740102.6687062,PPI / Raw,57,0.0433192253112793,normal,0.52342033,0.47657967,0.52342033
1778740102.6930144,PPI / Raw,49,0.024308204650878906,normal,0.51561993,0.4843801,0.51561993
1778740102.7303126,PPI / Raw,56,0.03729820251464844,normal,0.52342033,0.47657967,0.52342033
1778740102.7597816,PPI / Raw,49,0.029469013214111328,normal,0.51561993,0.4843801,0.51561993
1778740102.8003101,PPI / Raw,54,0.04052853584289551,normal,0.52342033,0.47657967,0.52342033
1778740102.830423,PPI / Raw,49,0.03011298179626465,normal,0.51561993,0.4843801,0.51561993
1778740102.8924806,PPI / Raw,49,0.0620574951171875,normal,0.51561993,0.4843801,0.51561993
1778740102.943776,PPI / Raw,57,0.05129528045654297,normal,0.52342033,0.47657967,0.52342033
1778740102.9853146,PPI / Raw,54,0.04153871536254883,normal,0.52342033,0.47657967,0.52342033
1778740103.0053148,PPI / Raw,56,0.020000219345092773,normal,0.52342033,0.47657967,0.52342033
1778740103.0276856,PPI / Raw,49,0.02237081527709961,normal,0.51561993,0.4843801,0.51561993
1778740103.0722313,PPI / Raw,58,0.044545650482177734,normal,0.52342033,0.47657967,0.52342033
1778740103.0906398,PPI / Raw,49,0.018408536911010742,normal,0.51561993,0.4843801,0.51561993
1778740103.1611285,PPI / Raw,49,0.07048869132995605,normal,0.51561993,0.4843801,0.51561993
1778740103.176563,PPI / Raw,54,0.015434503555297852,normal,0.52342033,0.47657967,0.52342033
1778740103.2259588,PPI / Raw,49,0.04939579963684082,normal,0.51561993,0.4843801,0.51561993
1778740103.285314,PPI / Raw,56,0.05935525894165039,normal,0.52342033,0.47657967,0.52342033
1778740103.2891781,PPI / Raw,49,0.0038640499114990234,normal,0.51561993,0.4843801,0.51561993
1778740103.3114176,PPI / Raw,42,0.02223944664001465,normal,0.5078119,0.49218813,0.5078119
1778740103.3383057,PPI / Raw,57,0.026888132095336914,normal,0.52342033,0.47657967,0.52342033
1778740103.3474374,PPI / Raw,56,0.009131669998168945,normal,0.52342033,0.47657967,0.52342033
1778740103.3485413,PPI / Raw,58,0.0011038780212402344,normal,0.52342033,0.47657967,0.52342033
1778740103.353021,PPI / Raw,49,0.004479646682739258,normal,0.51561993,0.4843801,0.51561993
1778740103.3590674,PPI / Raw,54,0.0060465335845947266,normal,0.52342033,0.47657967,0.52342033
1778740103.4149482,PPI / Raw,49,0.05588078498840332,normal,0.51561993,0.4843801,0.51561993
1778740103.4812336,PPI / Raw,49,0.06628537178039551,normal,0.51561993,0.4843801,0.51561993
1778740103.4926631,PPI / Raw,57,0.011429548263549805,normal,0.52342033,0.47657967,0.52342033
1778740103.544066,PPI / Raw,54,0.05140280723571777,normal,0.52342033,0.47657967,0.52342033
1778740103.5477219,PPI / Raw,49,0.0036559104919433594,normal,0.51561993,0.4843801,0.51561993
1778740103.5615695,PPI / Raw,56,0.013847589492797852,normal,0.52342033,0.47657967,0.52342033
1778740103.588527,PPI / Raw,56,0.02695751190185547,normal,0.52342033,0.47657967,0.52342033
1778740103.6096268,PPI / Raw,57,0.02109980583190918,normal,0.52342033,0.47657967,0.52342033
1778740103.6194596,PPI / Raw,49,0.00983285903930664,normal,0.51561993,0.4843801,0.51561993
1778740103.6274264,PPI / Raw,47,0.007966756820678711,normal,0.51561993,0.4843801,0.51561993
1778740103.6479561,PPI / Raw,47,0.020529747009277344,normal,0.51561993,0.4843801,0.51561993
1778740103.6614196,PPI / Raw,42,0.013463497161865234,normal,0.5078119,0.49218813,0.5078119
1778740103.6901438,PPI / Raw,49,0.028724193572998047,normal,0.51561993,0.4843801,0.51561993
1778740103.7076697,PPI / Raw,61,0.017525911331176758,normal,0.52342033,0.47657967,0.52342033
1778740103.7253177,PPI / Raw,54,0.017647981643676758,normal,0.52342033,0.47657967,0.52342033
1778740103.754959,PPI / Raw,49,0.029641389846801758,normal,0.51561993,0.4843801,0.51561993
1778740103.765209,PPI / Raw,68,0.010249853134155273,normal,0.52342033,0.47657967,0.52342033
1778740103.7689798,PPI / Raw,57,0.0037708282470703125,normal,0.52342033,0.47657967,0.52342033
1778740103.831571,PPI / Raw,56,0.0625913143157959,normal,0.52342033,0.47657967,0.52342033
1778740103.8936796,PPI / Raw,58,0.062108516693115234,normal,0.52342033,0.47657967,0.52342033
1778740103.902606,PPI / Raw,56,0.0089263916015625,normal,0.52342033,0.47657967,0.52342033
1778740103.916572,PPI / Raw,54,0.013966083526611328,normal,0.52342033,0.47657967,0.52342033
1778740104.0114229,PPI / Raw,42,0.09485077857971191,normal,0.5078119,0.49218813,0.5078119
1778740104.021524,PPI / Raw,49,0.010101079940795898,normal,0.51561993,0.4843801,0.51561993
1778740104.0414557,PPI / Raw,57,0.019931793212890625,normal,0.52342033,0.47657967,0.52342033
1778740104.0418131,PPI / Raw,71,0.0003573894500732422,normal,0.52342033,0.47657967,0.52342033
1778740104.088259,PPI / Raw,49,0.04644584655761719,normal,0.51561993,0.4843801,0.51561993
1778740104.0978205,PPI / Raw,54,0.009561538696289062,normal,0.52342033,0.47657967,0.52342033
1778740104.1053238,PPI / Raw,56,0.0075032711029052734,normal,0.52342033,0.47657967,0.52342033
1778740104.150593,PPI / Raw,49,0.04526925086975098,normal,0.51561993,0.4843801,0.51561993
1778740104.1572719,PPI / Raw,57,0.00667881965637207,normal,0.52342033,0.47657967,0.52342033
1778740104.2124302,PPI / Raw,49,0.055158376693725586,normal,0.51561993,0.4843801,0.51561993
1778740104.2818646,PPI / Raw,49,0.06943440437316895,normal,0.51561993,0.4843801,0.51561993
1778740104.285322,PPI / Raw,54,0.003457307815551758,normal,0.52342033,0.47657967,0.52342033
1778740104.3472433,PPI / Raw,49,0.06192135810852051,normal,0.51561993,0.4843801,0.51561993
1778740104.3657453,PPI / Raw,49,0.018501996994018555,normal,0.51561993,0.4843801,0.51561993
1778740104.3753226,PPI / Raw,56,0.009577274322509766,normal,0.52342033,0.47657967,0.52342033
1778740104.4321656,PPI / Raw,49,0.05684304237365723,normal,0.51561993,0.4843801,0.51561993
1778740104.4348428,PPI / Raw,57,0.0026772022247314453,normal,0.52342033,0.47657967,0.52342033
1778740104.4577723,PPI / Raw,56,0.02292943000793457,normal,0.52342033,0.47657967,0.52342033
1778740104.4690766,PPI / Raw,54,0.011304378509521484,normal,0.52342033,0.47657967,0.52342033
1778740104.504277,PPI / Raw,49,0.03520035743713379,normal,0.51561993,0.4843801,0.51561993
1778740104.5510452,PPI / Raw,45,0.0467681884765625,normal,0.51561993,0.4843801,0.51561993
1778740104.5749273,PPI / Raw,49,0.023882150650024414,normal,0.51561993,0.4843801,0.51561993
1778740104.5940897,PPI / Raw,57,0.019162416458129883,normal,0.52342033,0.47657967,0.52342033
1778740104.5945115,PPI / Raw,45,0.00042176246643066406,normal,0.51561993,0.4843801,0.51561993
1778740104.5948377,PPI / Raw,39,0.0003261566162109375,normal,0.5448014,0.45519862,0.5448014
1778740104.6503248,PPI / Raw,54,0.05548715591430664,normal,0.52342033,0.47657967,0.52342033
1778740104.6528277,PPI / Raw,56,0.002502918243408203,normal,0.52342033,0.47657967,0.52342033
1778740104.6532423,PPI / Raw,45,0.0004146099090576172,normal,0.51561993,0.4843801,0.51561993
1778740104.6535687,PPI / Raw,39,0.00032639503479003906,normal,0.5448014,0.45519862,0.5448014
1778740104.6804569,PPI / Raw,45,0.026888132095336914,normal,0.51561993,0.4843801,0.51561993
1778740104.715455,PPI / Raw,49,0.034998178482055664,normal,0.51561993,0.4843801,0.51561993
1778740104.718911,PPI / Raw,44,0.0034558773040771484,normal,0.5078119,0.49218813,0.5078119
1778740104.7326975,PPI / Raw,56,0.013786554336547852,normal,0.52342033,0.47657967,0.52342033
1778740104.7792614,PPI / Raw,49,0.04656386375427246,normal,0.51561993,0.4843801,0.51561993
1778740104.8239114,PPI / Raw,61,0.04465007781982422,normal,0.52342033,0.47657967,0.52342033
1778740104.8415792,PPI / Raw,54,0.017667770385742188,normal,0.52342033,0.47657967,0.52342033
1778740104.845465,PPI / Raw,49,0.0038857460021972656,normal,0.51561993,0.4843801,0.51561993
1778740104.8729076,PPI / Raw,57,0.02744269371032715,normal,0.52342033,0.47657967,0.52342033
1778740104.9148703,PPI / Raw,49,0.041962623596191406,normal,0.51561993,0.4843801,0.51561993
1778740104.929077,PPI / Raw,56,0.014206647872924805,normal,0.52342033,0.47657967,0.52342033
1778740104.991237,PPI / Raw,57,0.06216001510620117,normal,0.52342033,0.47657967,0.52342033
1778740104.9939137,PPI / Raw,50,0.002676725387573242,normal,0.52342033,0.47657967,0.52342033
1778740105.0278306,PPI / Raw,54,0.03391695022583008,normal,0.52342033,0.47657967,0.52342033
1778740105.0464714,PPI / Raw,49,0.018640756607055664,normal,0.51561993,0.4843801,0.51561993
1778740105.072664,PPI / Raw,42,0.026192665100097656,normal,0.5078119,0.49218813,0.5078119
1778740105.1836233,PPI / Raw,49,0.11095929145812988,normal,0.51561993,0.4843801,0.51561993
1778740105.2078292,PPI / Raw,56,0.024205923080444336,normal,0.52342033,0.47657967,0.52342033
1778740105.210332,PPI / Raw,54,0.0025026798248291016,normal,0.52342033,0.47657967,0.52342033
1778740105.2613053,PPI / Raw,49,0.05097341537475586,normal,0.51561993,0.4843801,0.51561993
1778740105.2791152,PPI / Raw,56,0.01780986785888672,normal,0.52342033,0.47657967,0.52342033
1778740105.3176682,PPI / Raw,49,0.03855299949645996,normal,0.51561993,0.4843801,0.51561993
1778740105.3733432,PPI / Raw,51,0.05567502975463867,normal,0.52342033,0.47657967,0.52342033
1778740105.376407,PPI / Raw,61,0.003063678741455078,normal,0.52342033,0.47657967,0.52342033
1778740105.3870475,PPI / Raw,49,0.010640621185302734,normal,0.51561993,0.4843801,0.51561993
1778740105.4015834,PPI / Raw,54,0.014535903930664062,normal,0.52342033,0.47657967,0.52342033
1778740105.4214096,PPI / Raw,42,0.019826173782348633,normal,0.5078119,0.49218813,0.5078119
1778740105.4568179,PPI / Raw,49,0.03540825843811035,normal,0.51561993,0.4843801,0.51561993
1778740105.5241034,PPI / Raw,43,0.06728553771972656,normal,0.5078119,0.49218813,0.5078119
1778740105.5284812,PPI / Raw,49,0.004377841949462891,normal,0.51561993,0.4843801,0.51561993
1778740105.582832,PPI / Raw,54,0.054350852966308594,normal,0.52342033,0.47657967,0.52342033
1778740105.5923939,PPI / Raw,56,0.009561777114868164,normal,0.52342033,0.47657967,0.52342033
1778740105.6001515,PPI / Raw,49,0.007757663726806641,normal,0.51561993,0.4843801,0.51561993
1778740105.6275322,PPI / Raw,47,0.027380704879760742,normal,0.51561993,0.4843801,0.51561993
1778740105.654321,PPI / Raw,47,0.026788711547851562,normal,0.51561993,0.4843801,0.51561993
1778740105.6576529,PPI / Raw,61,0.003331899642944336,normal,0.52342033,0.47657967,0.52342033
1778740105.667502,PPI / Raw,49,0.009849071502685547,normal,0.51561993,0.4843801,0.51561993
1778740105.704361,PPI / Raw,57,0.03685903549194336,normal,0.52342033,0.47657967,0.52342033
1778740105.7374196,PPI / Raw,49,0.03305864334106445,normal,0.51561993,0.4843801,0.51561993
1778740105.7528362,PPI / Raw,56,0.015416622161865234,normal,0.52342033,0.47657967,0.52342033
1778740105.7678335,PPI / Raw,54,0.014997243881225586,normal,0.52342033,0.47657967,0.52342033
1778740105.776403,PPI / Raw,74,0.008569478988647461,normal,0.52342033,0.47657967,0.52342033
1778740105.8080096,PPI / Raw,49,0.03160667419433594,normal,0.51561993,0.4843801,0.51561993
1778740105.8101904,PPI / Raw,57,0.002180814743041992,normal,0.52342033,0.47657967,0.52342033
1778740105.8739085,PPI / Raw,49,0.06371808052062988,normal,0.51561993,0.4843801,0.51561993
1778740105.942422,PPI / Raw,49,0.06851339340209961,normal,0.51561993,0.4843801,0.51561993
1778740105.9590852,PPI / Raw,54,0.016663312911987305,normal,0.52342033,0.47657967,0.52342033
1778740105.9844313,PPI / Raw,57,0.025346040725708008,normal,0.52342033,0.47657967,0.52342033
1778740106.006128,PPI / Raw,49,0.021696805953979492,normal,0.51561993,0.4843801,0.51561993
1778740106.0073361,PPI / Raw,78,0.0012080669403076172,normal,0.52342033,0.47657967,0.52342033
1778740106.0328386,PPI / Raw,56,0.025502443313598633,normal,0.52342033,0.47657967,0.52342033
1778740106.0418396,PPI / Raw,68,0.009001016616821289,normal,0.52342033,0.47657967,0.52342033
1778740106.0827599,PPI / Raw,57,0.040920257568359375,normal,0.52342033,0.47657967,0.52342033
1778740106.105621,PPI / Raw,56,0.022861242294311523,normal,0.52342033,0.47657967,0.52342033
1778740106.1361742,PPI / Raw,49,0.030553102493286133,normal,0.51561993,0.4843801,0.51561993
1778740106.1465864,PPI / Raw,54,0.010412216186523438,normal,0.52342033,0.47657967,0.52342033
1778740106.2067904,PPI / Raw,49,0.06020402908325195,normal,0.51561993,0.4843801,0.51561993
1778740106.2632527,PPI / Raw,57,0.05646228790283203,normal,0.52342033,0.47657967,0.52342033
1778740106.2713447,PPI / Raw,49,0.008091926574707031,normal,0.51561993,0.4843801,0.51561993
1778740106.310341,PPI / Raw,56,0.038996219635009766,normal,0.52342033,0.47657967,0.52342033
1778740106.335341,PPI / Raw,54,0.02500009536743164,normal,0.52342033,0.47657967,0.52342033
1778740106.3794556,PPI / Raw,56,0.04411458969116211,normal,0.52342033,0.47657967,0.52342033
1778740106.40009,PPI / Raw,49,0.02063441276550293,normal,0.51561993,0.4843801,0.51561993
1778740106.464328,PPI / Raw,49,0.06423807144165039,normal,0.51561993,0.4843801,0.51561993
1778740106.5203393,PPI / Raw,54,0.056011199951171875,normal,0.52342033,0.47657967,0.52342033
1778740106.5308144,PPI / Raw,49,0.01047515869140625,normal,0.51561993,0.4843801,0.51561993
1778740106.543321,PPI / Raw,57,0.012506484985351562,normal,0.52342033,0.47657967,0.52342033
1778740106.586593,PPI / Raw,56,0.04327201843261719,normal,0.52342033,0.47657967,0.52342033
1778740106.5964594,PPI / Raw,49,0.009866476058959961,normal,0.51561993,0.4843801,0.51561993
1778740106.6366596,PPI / Raw,57,0.040200233459472656,normal,0.52342033,0.47657967,0.52342033
1778740106.6597438,PPI / Raw,49,0.023084163665771484,normal,0.51561993,0.4843801,0.51561993
1778740106.7040908,PPI / Raw,54,0.04434704780578613,normal,0.52342033,0.47657967,0.52342033
1778740106.723644,PPI / Raw,49,0.019553184509277344,normal,0.51561993,0.4843801,0.51561993
1778740106.7814076,PPI / Raw,61,0.05776357650756836,normal,0.52342033,0.47657967,0.52342033
1778740106.7880595,PPI / Raw,49,0.006651878356933594,normal,0.51561993,0.4843801,0.51561993
1778740106.852564,PPI / Raw,49,0.06450462341308594,normal,0.51561993,0.4843801,0.51561993
1778740106.856595,PPI / Raw,56,0.004030942916870117,normal,0.52342033,0.47657967,0.52342033
1778740106.8878453,PPI / Raw,54,0.0312502384185791,normal,0.52342033,0.47657967,0.52342033
1778740106.9079814,PPI / Raw,57,0.020136117935180664,normal,0.52342033,0.47657967,0.52342033
1778740106.9225316,PPI / Raw,49,0.014550209045410156,normal,0.51561993,0.4843801,0.51561993
1778740107.0499575,PPI / Raw,49,0.1274259090423584,normal,0.51561993,0.4843801,0.51561993
1778740107.0639043,PPI / Raw,61,0.013946771621704102,normal,0.52342033,0.47657967,0.52342033
1778740107.0790937,PPI / Raw,54,0.015189409255981445,normal,0.52342033,0.47657967,0.52342033
1778740107.0934541,PPI / Raw,57,0.014360427856445312,normal,0.52342033,0.47657967,0.52342033
1778740107.1192496,PPI / Raw,49,0.025795459747314453,normal,0.51561993,0.4843801,0.51561993
1778740107.1290941,PPI / Raw,56,0.009844541549682617,normal,0.52342033,0.47657967,0.52342033
1778740107.1868024,PPI / Raw,57,0.0577082633972168,normal,0.52342033,0.47657967,0.52342033
1778740107.191203,PPI / Raw,49,0.004400730133056641,normal,0.51561993,0.4843801,0.51561993
1778740107.2557855,PPI / Raw,49,0.06458234786987305,normal,0.51561993,0.4843801,0.51561993
1778740107.2603483,PPI / Raw,54,0.004562854766845703,normal,0.52342033,0.47657967,0.52342033
1778740107.3258462,PPI / Raw,49,0.06549787521362305,normal,0.51561993,0.4843801,0.51561993
1778740107.3426466,PPI / Raw,61,0.016800403594970703,normal,0.52342033,0.47657967,0.52342033
1778740107.3722703,PPI / Raw,57,0.029623746871948242,normal,0.52342033,0.47657967,0.52342033
1778740107.3956416,PPI / Raw,49,0.023371219635009766,normal,0.51561993,0.4843801,0.51561993
1778740107.399096,PPI / Raw,56,0.003454446792602539,normal,0.52342033,0.47657967,0.52342033
1778740107.4453495,PPI / Raw,54,0.04625344276428223,normal,0.52342033,0.47657967,0.52342033
1778740107.4606237,PPI / Raw,57,0.015274286270141602,normal,0.52342033,0.47657967,0.52342033
1778740107.461325,PPI / Raw,49,0.0007011890411376953,normal,0.51561993,0.4843801,0.51561993
1778740107.478539,PPI / Raw,56,0.017214059829711914,normal,0.52342033,0.47657967,0.52342033
1778740107.532562,PPI / Raw,49,0.054023027420043945,normal,0.51561993,0.4843801,0.51561993
1778740107.5426419,PPI / Raw,42,0.01007986068725586,normal,0.5078119,0.49218813,0.5078119
1778740107.6000059,PPI / Raw,56,0.05736398696899414,normal,0.52342033,0.47657967,0.52342033
1778740107.6006913,PPI / Raw,49,0.0006854534149169922,normal,0.51561993,0.4843801,0.51561993
1778740107.6276395,PPI / Raw,93,0.026948213577270508,normal,0.52342033,0.47657967,0.52342033
1778740107.631598,PPI / Raw,54,0.003958463668823242,normal,0.52342033,0.47657967,0.52342033
1778740107.6338089,PPI / Raw,47,0.002210855484008789,normal,0.51561993,0.4843801,0.51561993
1778740107.6499681,PPI / Raw,57,0.0161592960357666,normal,0.52342033,0.47657967,0.52342033
1778740107.6622767,PPI / Raw,47,0.012308597564697266,normal,0.51561993,0.4843801,0.51561993
1778740107.67124,PPI / Raw,49,0.008963346481323242,normal,0.51561993,0.4843801,0.51561993
1778740107.6728513,PPI / Raw,56,0.0016112327575683594,normal,0.52342033,0.47657967,0.52342033
1778740107.718324,PPI / Raw,50,0.04547262191772461,normal,0.52342033,0.47657967,0.52342033
1778740107.7356856,PPI / Raw,57,0.01736164093017578,normal,0.52342033,0.47657967,0.52342033
1778740107.7383246,PPI / Raw,49,0.0026390552520751953,normal,0.51561993,0.4843801,0.51561993
1778740107.8006783,PPI / Raw,49,0.06235361099243164,normal,0.51561993,0.4843801,0.51561993
1778740107.8166022,PPI / Raw,54,0.01592397689819336,normal,0.52342033,0.47657967,0.52342033
1778740107.8680873,PPI / Raw,49,0.05148506164550781,normal,0.51561993,0.4843801,0.51561993
1778740107.9275694,PPI / Raw,57,0.05948209762573242,normal,0.52342033,0.47657967,0.52342033
1778740107.937651,PPI / Raw,49,0.01008152961730957,normal,0.51561993,0.4843801,0.51561993
1778740107.9503505,PPI / Raw,56,0.012699604034423828,normal,0.52342033,0.47657967,0.52342033
1778740108.0022392,PPI / Raw,49,0.05188870429992676,normal,0.51561993,0.4843801,0.51561993
1778740108.0028536,PPI / Raw,54,0.0006144046783447266,normal,0.52342033,0.47657967,0.52342033
1778740108.0186212,PPI / Raw,57,0.015767574310302734,normal,0.52342033,0.47657967,0.52342033
1778740108.03558,PPI / Raw,58,0.01695871353149414,normal,0.52342033,0.47657967,0.52342033
1778740108.0658395,PPI / Raw,49,0.03025960922241211,normal,0.51561993,0.4843801,0.51561993
1778740108.1312203,PPI / Raw,49,0.06538081169128418,normal,0.51561993,0.4843801,0.51561993
1778740108.186602,PPI / Raw,54,0.05538177490234375,normal,0.52342033,0.47657967,0.52342033
1778740108.2013805,PPI / Raw,49,0.014778375625610352,normal,0.51561993,0.4843801,0.51561993
1778740108.2051387,PPI / Raw,57,0.0037581920623779297,normal,0.52342033,0.47657967,0.52342033
1778740108.2228525,PPI / Raw,56,0.01771378517150879,normal,0.52342033,0.47657967,0.52342033
1778740108.264996,PPI / Raw,49,0.04214358329772949,normal,0.51561993,0.4843801,0.51561993
1778740108.297434,PPI / Raw,57,0.032438039779663086,normal,0.52342033,0.47657967,0.52342033
1778740108.3106391,PPI / Raw,58,0.01320505142211914,normal,0.52342033,0.47657967,0.52342033
1778740108.3287337,PPI / Raw,49,0.018094539642333984,normal,0.51561993,0.4843801,0.51561993
1778740108.3703563,PPI / Raw,54,0.04162263870239258,normal,0.52342033,0.47657967,0.52342033
1778740108.4001691,PPI / Raw,49,0.02981281280517578,normal,0.51561993,0.4843801,0.51561993
1778740108.4628906,PPI / Raw,49,0.06272149085998535,normal,0.51561993,0.4843801,0.51561993
1778740108.4814591,PPI / Raw,57,0.01856851577758789,normal,0.52342033,0.47657967,0.52342033
1778740108.5016046,PPI / Raw,56,0.020145416259765625,normal,0.52342033,0.47657967,0.52342033
1778740108.5275798,PPI / Raw,49,0.02597522735595703,normal,0.51561993,0.4843801,0.51561993
1778740108.5566082,PPI / Raw,54,0.02902841567993164,normal,0.52342033,0.47657967,0.52342033
1778740108.5762448,PPI / Raw,57,0.01963663101196289,normal,0.52342033,0.47657967,0.52342033
1778740108.591571,PPI / Raw,49,0.015326261520385742,normal,0.51561993,0.4843801,0.51561993
1778740108.6076608,PPI / Raw,42,0.016089677810668945,normal,0.5078119,0.49218813,0.5078119
1778740108.6600406,PPI / Raw,49,0.05237984657287598,normal,0.51561993,0.4843801,0.51561993
1778740108.730188,PPI / Raw,49,0.07014727592468262,normal,0.51561993,0.4843801,0.51561993
1778740108.7478595,PPI / Raw,54,0.017671585083007812,normal,0.52342033,0.47657967,0.52342033
1778740108.7568378,PPI / Raw,45,0.00897836685180664,normal,0.51561993,0.4843801,0.51561993
1778740108.7615268,PPI / Raw,57,0.00468897819519043,normal,0.52342033,0.47657967,0.52342033
1778740108.761949,PPI / Raw,45,0.0004222393035888672,normal,0.51561993,0.4843801,0.51561993
1778740108.7622757,PPI / Raw,39,0.0003266334533691406,normal,0.5448014,0.45519862,0.5448014
1778740108.7803566,PPI / Raw,56,0.018080949783325195,normal,0.52342033,0.47657967,0.52342033
1778740108.7807715,PPI / Raw,45,0.00041484832763671875,normal,0.51561993,0.4843801,0.51561993
1778740108.7810977,PPI / Raw,39,0.0003261566162109375,normal,0.5448014,0.45519862,0.5448014
1778740108.7962236,PPI / Raw,49,0.01512598991394043,normal,0.51561993,0.4843801,0.51561993
1778740108.7965815,PPI / Raw,45,0.0003578662872314453,normal,0.51561993,0.4843801,0.51561993
1778740108.7969086,PPI / Raw,67,0.00032711029052734375,normal,0.52342033,0.47657967,0.52342033
1778740108.8211234,PPI / Raw,45,0.024214744567871094,normal,0.51561993,0.4843801,0.51561993
1778740108.8500566,PPI / Raw,57,0.028933286666870117,normal,0.52342033,0.47657967,0.52342033
1778740108.8606746,PPI / Raw,45,0.010617971420288086,normal,0.51561993,0.4843801,0.51561993
1778740108.865845,PPI / Raw,49,0.005170345306396484,normal,0.51561993,0.4843801,0.51561993
1778740108.8665287,PPI / Raw,67,0.0006837844848632812,normal,0.52342033,0.47657967,0.52342033
1778740108.8704665,PPI / Raw,45,0.003937721252441406,normal,0.51561993,0.4843801,0.51561993
1778740108.9319994,PPI / Raw,49,0.06153297424316406,normal,0.51561993,0.4843801,0.51561993
1778740108.936608,PPI / Raw,54,0.004608631134033203,normal,0.52342033,0.47657967,0.52342033
1778740108.9589133,PPI / Raw,42,0.02230525016784668,normal,0.5078119,0.49218813,0.5078119
1778740108.997514,PPI / Raw,49,0.03860068321228027,normal,0.51561993,0.4843801,0.51561993
1778740109.0264134,PPI / Raw,61,0.028899431228637695,normal,0.52342033,0.47657967,0.52342033
1778740109.0390906,PPI / Raw,57,0.012677192687988281,normal,0.52342033,0.47657967,0.52342033
1778740109.060362,PPI / Raw,56,0.021271467208862305,normal,0.52342033,0.47657967,0.52342033
1778740109.1191096,PPI / Raw,54,0.05874752998352051,normal,0.52342033,0.47657967,0.52342033
1778740109.1376176,PPI / Raw,49,0.018507957458496094,normal,0.51561993,0.4843801,0.51561993
1778740109.1583855,PPI / Raw,56,0.020767927169799805,normal,0.52342033,0.47657967,0.52342033
1778740109.2015252,PPI / Raw,49,0.04313969612121582,normal,0.51561993,0.4843801,0.51561993
1778740109.2031548,PPI / Raw,57,0.0016295909881591797,normal,0.52342033,0.47657967,0.52342033
1778740109.2713773,PPI / Raw,49,0.0682225227355957,normal,0.51561993,0.4843801,0.51561993
1778740109.3041139,PPI / Raw,54,0.03273653984069824,normal,0.52342033,0.47657967,0.52342033
1778740109.3179076,PPI / Raw,57,0.013793706893920898,normal,0.52342033,0.47657967,0.52342033
1778740109.3183296,PPI / Raw,45,0.0004220008850097656,normal,0.51561993,0.4843801,0.51561993
1778740109.3186555,PPI / Raw,39,0.00032591819763183594,normal,0.5448014,0.45519862,0.5448014
1778740109.332864,PPI / Raw,56,0.014208555221557617,normal,0.52342033,0.47657967,0.52342033
1778740109.3421118,PPI / Raw,49,0.009247779846191406,normal,0.51561993,0.4843801,0.51561993
1778740109.3981333,PPI / Raw,67,0.05602145195007324,normal,0.52342033,0.47657967,0.52342033
1778740109.4048693,PPI / Raw,49,0.006736040115356445,normal,0.51561993,0.4843801,0.51561993
1778740109.4051776,PPI / Raw,57,0.0003082752227783203,normal,0.52342033,0.47657967,0.52342033
1778740109.4284723,PPI / Raw,56,0.023294687271118164,normal,0.52342033,0.47657967,0.52342033
1778740109.4928625,PPI / Raw,54,0.06439018249511719,normal,0.52342033,0.47657967,0.52342033
1778740109.5056345,PPI / Raw,67,0.012772083282470703,normal,0.52342033,0.47657967,0.52342033
1778740109.5323613,PPI / Raw,47,0.026726722717285156,normal,0.51561993,0.4843801,0.51561993
1778740109.5385733,PPI / Raw,49,0.006211996078491211,normal,0.51561993,0.4843801,0.51561993
1778740109.582647,PPI / Raw,61,0.04407382011413574,normal,0.52342033,0.47657967,0.52342033
1778740109.5879729,PPI / Raw,57,0.005325794219970703,normal,0.52342033,0.47657967,0.52342033
1778740109.5883958,PPI / Raw,45,0.0004229545593261719,normal,0.51561993,0.4843801,0.51561993
1778740109.588722,PPI / Raw,39,0.0003261566162109375,normal,0.5448014,0.45519862,0.5448014
1778740109.6041162,PPI / Raw,56,0.015394210815429688,normal,0.52342033,0.47657967,0.52342033
1778740109.613349,PPI / Raw,54,0.009232759475708008,normal,0.52342033,0.47657967,0.52342033
1778740109.642662,PPI / Raw,47,0.029313087463378906,normal,0.51561993,0.4843801,0.51561993
1778740109.6764877,PPI / Raw,57,0.03382563591003418,normal,0.52342033,0.47657967,0.52342033
1778740109.680364,PPI / Raw,54,0.003876209259033203,normal,0.52342033,0.47657967,0.52342033
1778740109.7411215,PPI / Raw,49,0.06075763702392578,normal,0.51561993,0.4843801,0.51561993
1778740109.811734,PPI / Raw,49,0.07061243057250977,normal,0.51561993,0.4843801,0.51561993
1778740109.8609636,PPI / Raw,45,0.04922962188720703,normal,0.51561993,0.4843801,0.51561993
1778740109.86129,PPI / Raw,39,0.00032639503479003906,normal,0.5448014,0.45519862,0.5448014
1778740109.865365,PPI / Raw,54,0.004075050354003906,normal,0.52342033,0.47657967,0.52342033
1778740109.8737903,PPI / Raw,49,0.008425235748291016,normal,0.51561993,0.4843801,0.51561993
1778740109.8753684,PPI / Raw,56,0.0015780925750732422,normal,0.52342033,0.47657967,0.52342033
1778740109.9773881,PPI / Raw,56,0.1020197868347168,normal,0.52342033,0.47657967,0.52342033
1778740110.0089233,PPI / Raw,49,0.03153514862060547,normal,0.51561993,0.4843801,0.51561993
1778740110.0483315,PPI / Raw,79,0.039408206939697266,normal,0.52342033,0.47657967,0.52342033
1778740110.0516167,PPI / Raw,54,0.0032851696014404297,normal,0.52342033,0.47657967,0.52342033
1778740110.071241,PPI / Raw,49,0.01962423324584961,normal,0.51561993,0.4843801,0.51561993
1778740110.1237676,PPI / Raw,78,0.05252671241760254,normal,0.52342033,0.47657967,0.52342033
1778740110.1372805,PPI / Raw,45,0.013512849807739258,normal,0.51561993,0.4843801,0.51561993
1778740110.1376069,PPI / Raw,39,0.00032639503479003906,normal,0.5448014,0.45519862,0.5448014
1778740110.1424053,PPI / Raw,49,0.004798412322998047,normal,0.51561993,0.4843801,0.51561993
1778740110.1491203,PPI / Raw,56,0.006715059280395508,normal,0.52342033,0.47657967,0.52342033
1778740110.2048995,PPI / Raw,49,0.055779218673706055,normal,0.51561993,0.4843801,0.51561993
1778740110.2353625,PPI / Raw,57,0.030462980270385742,normal,0.52342033,0.47657967,0.52342033
1778740110.2378712,PPI / Raw,54,0.0025086402893066406,normal,0.52342033,0.47657967,0.52342033
1778740110.2537243,PPI / Raw,56,0.015853166580200195,normal,0.52342033,0.47657967,0.52342033
1778740110.2707314,PPI / Raw,49,0.017007112503051758,normal,0.51561993,0.4843801,0.51561993
1778740110.27109,PPI / Raw,45,0.00035858154296875,normal,0.51561993,0.4843801,0.51561993
1778740110.271416,PPI / Raw,67,0.00032591819763183594,normal,0.52342033,0.47657967,0.52342033
1778740110.3363748,PPI / Raw,49,0.06495881080627441,normal,0.51561993,0.4843801,0.51561993
1778740110.3367326,PPI / Raw,45,0.0003578662872314453,normal,0.51561993,0.4843801,0.51561993
1778740110.3370597,PPI / Raw,67,0.00032711029052734375,normal,0.52342033,0.47657967,0.52342033
1778740110.402367,PPI / Raw,49,0.0653073787689209,normal,0.51561993,0.4843801,0.51561993
1778740110.4027257,PPI / Raw,45,0.00035858154296875,normal,0.51561993,0.4843801,0.51561993
1778740110.4030519,PPI / Raw,67,0.0003261566162109375,normal,0.52342033,0.47657967,0.52342033
1778740110.413177,PPI / Raw,57,0.010125160217285156,normal,0.52342033,0.47657967,0.52342033
1778740110.4203694,PPI / Raw,56,0.007192373275756836,normal,0.52342033,0.47657967,0.52342033
1778740110.4253721,PPI / Raw,54,0.005002737045288086,normal,0.52342033,0.47657967,0.52342033
1778740110.4685545,PPI / Raw,49,0.043182373046875,normal,0.51561993,0.4843801,0.51561993
1778740110.5154254,PPI / Raw,57,0.04687094688415527,normal,0.52342033,0.47657967,0.52342033
1778740110.538477,PPI / Raw,49,0.02305150032043457,normal,0.51561993,0.4843801,0.51561993
1778740110.5388348,PPI / Raw,45,0.0003578662872314453,normal,0.51561993,0.4843801,0.51561993
1778740110.539161,PPI / Raw,67,0.0003261566162109375,normal,0.52342033,0.47657967,0.52342033
1778740110.6070187,PPI / Raw,45,0.06785774230957031,normal,0.51561993,0.4843801,0.51561993
1778740110.607345,PPI / Raw,67,0.00032639503479003906,normal,0.52342033,0.47657967,0.52342033
1778740110.6091208,PPI / Raw,54,0.0017757415771484375,normal,0.52342033,0.47657967,0.52342033
1778740110.6745138,PPI / Raw,49,0.06539297103881836,normal,0.51561993,0.4843801,0.51561993
1778740110.6844957,PPI / Raw,57,0.009981870651245117,normal,0.52342033,0.47657967,0.52342033
1778740110.684918,PPI / Raw,46,0.0004222393035888672,normal,0.51561993,0.4843801,0.51561993
1778740110.6852443,PPI / Raw,39,0.00032639503479003906,normal,0.5448014,0.45519862,0.5448014
1778740110.6941245,PPI / Raw,56,0.008880138397216797,normal,0.52342033,0.47657967,0.52342033
1778740110.7454853,PPI / Raw,49,0.0513608455657959,normal,0.51561993,0.4843801,0.51561993
1778740110.7500257,PPI / Raw,68,0.004540443420410156,normal,0.52342033,0.47657967,0.52342033
1778740110.7904897,PPI / Raw,57,0.040463924407958984,normal,0.52342033,0.47657967,0.52342033
1778740110.7941253,PPI / Raw,54,0.0036356449127197266,normal,0.52342033,0.47657967,0.52342033
1778740110.8101645,PPI / Raw,49,0.016039133071899414,normal,0.51561993,0.4843801,0.51561993
1778740110.8105228,PPI / Raw,45,0.00035834312438964844,normal,0.51561993,0.4843801,0.51561993
1778740110.8761477,PPI / Raw,49,0.06562495231628418,normal,0.51561993,0.4843801,0.51561993
1778740110.8765063,PPI / Raw,45,0.00035858154296875,normal,0.51561993,0.4843801,0.51561993
1778740110.876833,PPI / Raw,67,0.0003266334533691406,normal,0.52342033,0.47657967,0.52342033
1778740110.9432697,PPI / Raw,49,0.066436767578125,normal,0.51561993,0.4843801,0.51561993
1778740110.9545662,PPI / Raw,57,0.011296510696411133,normal,0.52342033,0.47657967,0.52342033
1778740110.9741237,PPI / Raw,56,0.019557476043701172,normal,0.52342033,0.47657967,0.52342033
1778740110.9745386,PPI / Raw,45,0.00041484832763671875,normal,0.51561993,0.4843801,0.51561993
1778740110.9748654,PPI / Raw,39,0.0003268718719482422,normal,0.5448014,0.45519862,0.5448014
1778740110.9766266,PPI / Raw,54,0.0017611980438232422,normal,0.52342033,0.47657967,0.52342033
1778740111.078732,PPI / Raw,49,0.10210537910461426,normal,0.51561993,0.4843801,0.51561993
1778740111.0790906,PPI / Raw,45,0.00035858154296875,normal,0.51561993,0.4843801,0.51561993
1778740111.1476018,PPI / Raw,49,0.0685112476348877,normal,0.51561993,0.4843801,0.51561993
1778740111.1479604,PPI / Raw,45,0.00035858154296875,normal,0.51561993,0.4843801,0.51561993
1778740111.1482866,PPI / Raw,67,0.0003261566162109375,normal,0.52342033,0.47657967,0.52342033
1778740111.167875,PPI / Raw,54,0.019588470458984375,normal,0.52342033,0.47657967,0.52342033
1778740111.2466254,PPI / Raw,56,0.0787503719329834,normal,0.52342033,0.47657967,0.52342033
1778740111.2470405,PPI / Raw,45,0.0004150867462158203,normal,0.51561993,0.4843801,0.51561993
1778740111.2473664,PPI / Raw,39,0.00032591819763183594,normal,0.5448014,0.45519862,0.5448014
1778740111.2644074,PPI / Raw,68,0.01704096794128418,normal,0.52342033,0.47657967,0.52342033
1778740111.2758956,PPI / Raw,49,0.011488199234008789,normal,0.51561993,0.4843801,0.51561993
1778740111.2762537,PPI / Raw,45,0.0003581047058105469,normal,0.51561993,0.4843801,0.51561993
1778740111.2765808,PPI / Raw,67,0.00032711029052734375,normal,0.52342033,0.47657967,0.52342033
1778740111.3436751,PPI / Raw,49,0.06709432601928711,normal,0.51561993,0.4843801,0.51561993
1778740111.3440335,PPI / Raw,45,0.00035834312438964844,normal,0.51561993,0.4843801,0.51561993
1778740111.3443604,PPI / Raw,67,0.0003268718719482422,normal,0.52342033,0.47657967,0.52342033
1778740111.3516293,PPI / Raw,54,0.0072689056396484375,normal,0.52342033,0.47657967,0.52342033
1778740111.3538954,PPI / Raw,56,0.0022661685943603516,normal,0.52342033,0.47657967,0.52342033
1778740111.4055197,PPI / Raw,49,0.051624298095703125,normal,0.51561993,0.4843801,0.51561993
1778740111.477405,PPI / Raw,49,0.07188534736633301,normal,0.51561993,0.4843801,0.51561993
1778740111.477763,PPI / Raw,45,0.0003578662872314453,normal,0.51561993,0.4843801,0.51561993
1778740111.5064533,PPI / Raw,57,0.028690338134765625,normal,0.52342033,0.47657967,0.52342033
1778740111.524128,PPI / Raw,56,0.017674684524536133,normal,0.52342033,0.47657967,0.52342033
1778740111.532881,PPI / Raw,54,0.008753061294555664,normal,0.52342033,0.47657967,0.52342033
1778740111.5385041,PPI / Raw,47,0.0056231021881103516,normal,0.51561993,0.4843801,0.51561993
1778740111.5427194,PPI / Raw,49,0.004215240478515625,normal,0.51561993,0.4843801,0.51561993
1778740111.5605793,PPI / Raw,90,0.017859935760498047,normal,0.52342033,0.47657967,0.52342033
1778740111.6252275,PPI / Raw,56,0.06464815139770508,normal,0.52342033,0.47657967,0.52342033
1778740111.6452668,PPI / Raw,47,0.02003931999206543,normal,0.51561993,0.4843801,0.51561993
1778740111.674625,PPI / Raw,50,0.0293581485748291,normal,0.52342033,0.47657967,0.52342033
1778740111.6780314,PPI / Raw,49,0.003406524658203125,normal,0.51561993,0.4843801,0.51561993
1778740111.7191324,PPI / Raw,54,0.04110097885131836,normal,0.52342033,0.47657967,0.52342033
1778740111.7493854,PPI / Raw,49,0.030252933502197266,normal,0.51561993,0.4843801,0.51561993
1778740111.749744,PPI / Raw,45,0.00035858154296875,normal,0.51561993,0.4843801,0.51561993
1778740111.7500703,PPI / Raw,67,0.00032639503479003906,normal,0.52342033,0.47657967,0.52342033
1778740111.7827725,PPI / Raw,57,0.03270220756530762,normal,0.52342033,0.47657967,0.52342033
1778740111.783195,PPI / Raw,45,0.00042247772216796875,normal,0.51561993,0.4843801,0.51561993
1778740111.7835217,PPI / Raw,39,0.0003266334533691406,normal,0.5448014,0.45519862,0.5448014
1778740111.80288,PPI / Raw,56,0.019358396530151367,normal,0.52342033,0.47657967,0.52342033
1778740111.8149204,PPI / Raw,49,0.012040376663208008,normal,0.51561993,0.4843801,0.51561993
1778740111.8152783,PPI / Raw,45,0.0003578662872314453,normal,0.51561993,0.4843801,0.51561993
1778740111.8156052,PPI / Raw,67,0.0003268718719482422,normal,0.52342033,0.47657967,0.52342033
1778740111.9028838,PPI / Raw,54,0.08727860450744629,normal,0.52342033,0.47657967,0.52342033
1778740111.941298,PPI / Raw,49,0.03841423988342285,normal,0.51561993,0.4843801,0.51561993
1778740112.0553415,PPI / Raw,57,0.1140434741973877,normal,0.52342033,0.47657967,0.52342033
1778740112.055764,PPI / Raw,45,0.00042247772216796875,normal,0.51561993,0.4843801,0.51561993
1778740112.0739498,PPI / Raw,49,0.018185853958129883,normal,0.51561993,0.4843801,0.51561993
1778740112.0816324,PPI / Raw,56,0.0076825618743896484,normal,0.52342033,0.47657967,0.52342033
1778740112.0916326,PPI / Raw,54,0.010000228881835938,normal,0.52342033,0.47657967,0.52342033
1778740112.1381013,PPI / Raw,49,0.04646873474121094,normal,0.51561993,0.4843801,0.51561993
1778740112.1720476,PPI / Raw,57,0.03394627571105957,normal,0.52342033,0.47657967,0.52342033
1778740112.2088637,PPI / Raw,49,0.03681612014770508,normal,0.51561993,0.4843801,0.51561993
1778740112.2791338,PPI / Raw,54,0.07027006149291992,normal,0.52342033,0.47657967,0.52342033
1778740112.3266592,PPI / Raw,57,0.04752540588378906,normal,0.52342033,0.47657967,0.52342033
1778740112.327082,PPI / Raw,45,0.0004227161407470703,normal,0.51561993,0.4843801,0.51561993
1778740112.327408,PPI / Raw,39,0.0003261566162109375,normal,0.5448014,0.45519862,0.5448014
1778740112.3516374,PPI / Raw,56,0.02422928810119629,normal,0.52342033,0.47657967,0.52342033
1778740112.406572,PPI / Raw,49,0.05493474006652832,normal,0.51561993,0.4843801,0.51561993
1778740112.4442267,PPI / Raw,52,0.03765463829040527,normal,0.52342033,0.47657967,0.52342033
1778740112.465385,PPI / Raw,54,0.021158218383789062,normal,0.52342033,0.47657967,0.52342033
1778740112.4727933,PPI / Raw,49,0.0074083805084228516,normal,0.51561993,0.4843801,0.51561993
1778740112.537202,PPI / Raw,49,0.06440854072570801,normal,0.51561993,0.4843801,0.51561993
1778740112.5979729,PPI / Raw,57,0.06077098846435547,normal,0.52342033,0.47657967,0.52342033
1778740112.5983949,PPI / Raw,45,0.0004220008850097656,normal,0.51561993,0.4843801,0.51561993
1778740112.598721,PPI / Raw,39,0.0003261566162109375,normal,0.5448014,0.45519862,0.5448014
1778740112.6038334,PPI / Raw,49,0.005112409591674805,normal,0.51561993,0.4843801,0.51561993
1778740112.6316395,PPI / Raw,56,0.02780604362487793,normal,0.52342033,0.47657967,0.52342033
1778740112.6320543,PPI / Raw,45,0.00041484832763671875,normal,0.51561993,0.4843801,0.51561993
1778740112.6323814,PPI / Raw,39,0.00032711029052734375,normal,0.5448014,0.45519862,0.5448014
1778740112.6491396,PPI / Raw,54,0.016758203506469727,normal,0.52342033,0.47657967,0.52342033
1778740112.666637,PPI / Raw,49,0.01749730110168457,normal,0.51561993,0.4843801,0.51561993
1778740112.6669948,PPI / Raw,45,0.0003578662872314453,normal,0.51561993,0.4843801,0.51561993
1778740112.667321,PPI / Raw,67,0.0003261566162109375,normal,0.52342033,0.47657967,0.52342033
1778740112.7150514,PPI / Raw,67,0.047730445861816406,normal,0.52342033,0.47657967,0.52342033
1778740112.716808,PPI / Raw,56,0.0017566680908203125,normal,0.52342033,0.47657967,0.52342033
1778740112.7388124,PPI / Raw,49,0.022004365921020508,normal,0.51561993,0.4843801,0.51561993
1778740112.837888,PPI / Raw,54,0.0990755558013916,normal,0.52342033,0.47657967,0.52342033
1778740112.875542,PPI / Raw,57,0.03765392303466797,normal,0.52342033,0.47657967,0.52342033
1778740112.876787,PPI / Raw,49,0.0012450218200683594,normal,0.51561993,0.4843801,0.51561993
1778740112.904142,PPI / Raw,56,0.027354955673217773,normal,0.52342033,0.47657967,0.52342033
1778740112.904556,PPI / Raw,45,0.00041413307189941406,normal,0.51561993,0.4843801,0.51561993
1778740112.9048827,PPI / Raw,39,0.0003266334533691406,normal,0.5448014,0.45519862,0.5448014
1778740112.9412115,PPI / Raw,49,0.036328792572021484,normal,0.51561993,0.4843801,0.51561993
1778740112.9881394,PPI / Raw,56,0.04692792892456055,normal,0.52342033,0.47657967,0.52342033
1778740112.9885538,PPI / Raw,45,0.0004143714904785156,normal,0.51561993,0.4843801,0.51561993
1778740112.9888794,PPI / Raw,39,0.0003256797790527344,normal,0.5448014,0.45519862,0.5448014
1778740113.0085127,PPI / Raw,57,0.01963329315185547,normal,0.52342033,0.47657967,0.52342033
1778740113.0219703,PPI / Raw,45,0.013457536697387695,normal,0.51561993,0.4843801,0.51561993
1778740113.0253894,PPI / Raw,54,0.003419160842895508,normal,0.52342033,0.47657967,0.52342033
1778740113.0843182,PPI / Raw,49,0.058928728103637695,normal,0.51561993,0.4843801,0.51561993
1778740113.1456068,PPI / Raw,57,0.06128859519958496,normal,0.52342033,0.47657967,0.52342033
1778740113.1515758,PPI / Raw,49,0.005969047546386719,normal,0.51561993,0.4843801,0.51561993
1778740113.1766438,PPI / Raw,56,0.025068044662475586,normal,0.52342033,0.47657967,0.52342033
1778740113.2166438,PPI / Raw,54,0.039999961853027344,normal,0.52342033,0.47657967,0.52342033
1778740113.2219813,PPI / Raw,49,0.00533747673034668,normal,0.51561993,0.4843801,0.51561993
1778740113.2394333,PPI / Raw,68,0.017452001571655273,normal,0.52342033,0.47657967,0.52342033
1778740113.2869375,PPI / Raw,49,0.04750418663024902,normal,0.51561993,0.4843801,0.51561993
1778740113.352894,PPI / Raw,49,0.06595659255981445,normal,0.51561993,0.4843801,0.51561993
1778740113.4016426,PPI / Raw,54,0.04874849319458008,normal,0.52342033,0.47657967,0.52342033
1778740113.4194245,PPI / Raw,57,0.017781972885131836,normal,0.52342033,0.47657967,0.52342033
1778740113.4243355,PPI / Raw,49,0.004910945892333984,normal,0.51561993,0.4843801,0.51561993
1778740113.4566457,PPI / Raw,56,0.03231024742126465,normal,0.52342033,0.47657967,0.52342033
1778740113.4926407,PPI / Raw,49,0.0359950065612793,normal,0.51561993,0.4843801,0.51561993
1778740113.537061,PPI / Raw,56,0.04442024230957031,normal,0.52342033,0.47657967,0.52342033
1778740113.540211,PPI / Raw,47,0.0031499862670898438,normal,0.51561993,0.4843801,0.51561993
1778740113.5544784,PPI / Raw,49,0.014267444610595703,normal,0.51561993,0.4843801,0.51561993
1778740113.5599065,PPI / Raw,57,0.0054280757904052734,normal,0.52342033,0.47657967,0.52342033
1778740113.5613124,PPI / Raw,96,0.001405954360961914,normal,0.52342033,0.47657967,0.52342033
