timestamp,info,length,delta,prediction,confidence,prob_DoS,prob_normal
1778740006.432059,"Packet (Length: 44)
[1m[33mLayer BLUETOOTH
:[0m[1m[33mLayer HCI_MON
:[0m[1m[32m	Adapter ID:[0m[1m 65535
[0m[1m[32m	Opcode:[0m[1m System Note (12)
[0m[1m[32m	System Note:[0m[1m Linux version 5.15.44-Re4son-v8l+ (aarch64)
[0m",44,0.0,DoS,0.7233095,0.7233095,0.2766905
1778740006.432074,"Packet (Length: 33)
[1m[33mLayer BLUETOOTH
:[0m[1m[33mLayer HCI_MON
:[0m[1m[32m	Adapter ID:[0m[1m 65535
[0m[1m[32m	Opcode:[0m[1m System Note (12)
[0m[1m[32m	System Note:[0m[1m Bluetooth subsystem version 2.22
[0m",33,1.5020370483398438e-05,DoS,0.6791787,0.6791787,0.3208213
1778740006.432084,"Packet (Length: 16)
[1m[33mLayer BLUETOOTH
:[0m[1m[33mLayer HCI_MON
:[0m[1m[32m	Adapter ID:[0m[1m 0
[0m[1m[32m	Opcode:[0m[1m New Index (0)
[0m[1m[32m	Bus:[0m[1m BR/EDR (0x00)
[0m[1m[32m	Type:[0m[1m UART (0x03)
[0m[1m[32m	BD_ADDR:[0m[1m e4:5f:01:d5:e7:33
[0m[1m[32m	Adapter Name:[0m[1m hci0
[0m",16,1.0013580322265625e-05,normal,0.5525397,0.44746026,0.5525397
1778740006.432087,"Packet (Length: 0)
[1m[33mLayer BLUETOOTH
:[0m[1m[33mLayer HCI_MON
:[0m[1m[32m	Adapter ID:[0m[1m 0
[0m[1m[32m	Opcode:[0m[1m Open Index (8)
[0m",0,2.86102294921875e-06,normal,0.5525397,0.44746026,0.5525397
1778740006.43209,"Packet (Length: 8)
[1m[33mLayer BLUETOOTH
:[0m[1m[33mLayer HCI_MON
:[0m[1m[32m	Adapter ID:[0m[1m 0
[0m[1m[32m	Opcode:[0m[1m Index Info (10)
[0m[1m[32m	BD_ADDR:[0m[1m e4:5f:01:d5:e7:33
[0m[1m[32m	Manufacturer:[0m[1m 0x0131
[0m",8,3.0994415283203125e-06,normal,0.5525397,0.44746026,0.5525397
1778740006.432094,"Packet (Length: 30)
[1m[33mLayer BLUETOOTH
:[0m[1m[33mLayer HCI_MON
:[0m[1m[32m	Adapter ID:[0m[1m 0
[0m[1m[32m	Opcode:[0m[1m Control Open (14)
[0m[1m[32m	Cookie:[0m[1m 0x00000002
[0m[1m[32m	Format:[0m[1m Rqw (0x0000)
[0m[1m[32m	Version:[0m[1m 2
[0m[1m[32m	Revision:[0m[1m 22
[0m[1m[32m	Flags:[0m[1m 0x00000001, Trusted Socket
[0m[1m[32m	.... .... .... .... .... .... .... ...1 = Trusted Socket:[0m[1m True
[0m[1m[32m	Command Length:[0m[1m 16
[0m[1m[32m	Command:[0m[1m dumpcap
[0m",30,4.0531158447265625e-06,normal,0.70740473,0.2925953,0.70740473
1778740006.432098,"Packet (Length: 30)
[1m[33mLayer BLUETOOTH
:[0m[1m[33mLayer HCI_MON
:[0m[1m[32m	Adapter ID:[0m[1m 65535
[0m[1m[32m	Opcode:[0m[1m Control Open (14)
[0m[1m[32m	Cookie:[0m[1m 0x00000001
[0m[1m[32m	Format:[0m[1m Control (0x0002)
[0m[1m[32m	Version:[0m[1m 1
[0m[1m[32m	Revision:[0m[1m 21
[0m[1m[32m	Flags:[0m[1m 0x00000001, Trusted Socket
[0m[1m[32m	.... .... .... .... .... .... .... ...1 = Trusted Socket:[0m[1m True
[0m[1m[32m	Command Length:[0m[1m 16
[0m[1m[32m	Command:[0m[1m bluetoothd
[0m",30,3.814697265625e-06,normal,0.70740473,0.2925953,0.70740473
1778740007.024332,"Packet (Length: 30)
[1m[33mLayer BLUETOOTH
:[0m[1m[33mLayer HCI_MON
:[0m[1m[32m	Adapter ID:[0m[1m 65535
[0m[1m[32m	Opcode:[0m[1m Control Open (14)
[0m[1m[32m	Cookie:[0m[1m 0x00000003
[0m[1m[32m	Format:[0m[1m Rqw (0x0000)
[0m[1m[32m	Version:[0m[1m 2
[0m[1m[32m	Revision:[0m[1m 22
[0m[1m[32m	Flags:[0m[1m 0x00000000
[0m[1m[32m	.... .... .... .... .... .... .... ...0 = Trusted Socket:[0m[1m False
[0m[1m[32m	Command Length:[0m[1m 16
[0m[1m[32m	Command:[0m[1m blueman-manager
[0m",30,0.5922341346740723,normal,0.70740473,0.2925953,0.70740473
1778740007.024385,"Packet (Length: 4)
[1m[33mLayer BLUETOOTH
:[0m[1m[33mLayer HCI_MON
:[0m[1m[32m	Adapter ID:[0m[1m 65535
[0m[1m[32m	Opcode:[0m[1m Control Close (15)
[0m[1m[32m	Cookie:[0m[1m 0x00000003
[0m",4,5.2928924560546875e-05,normal,0.5525397,0.44746026,0.5525397
1778740008.0261,"Packet (Length: 30)
[1m[33mLayer BLUETOOTH
:[0m[1m[33mLayer HCI_MON
:[0m[1m[32m	Adapter ID:[0m[1m 65535
[0m[1m[32m	Opcode:[0m[1m Control Open (14)
[0m[1m[32m	Cookie:[0m[1m 0x00000003
[0m[1m[32m	Format:[0m[1m Rqw (0x0000)
[0m[1m[32m	Version:[0m[1m 2
[0m[1m[32m	Revision:[0m[1m 22
[0m[1m[32m	Flags:[0m[1m 0x00000000
[0m[1m[32m	.... .... .... .... .... .... .... ...0 = Trusted Socket:[0m[1m False
[0m[1m[32m	Command Length:[0m[1m 16
[0m[1m[32m	Command:[0m[1m blueman-manager
[0m",30,1.0017149448394775,normal,0.70740473,0.2925953,0.70740473
1778740008.026151,"Packet (Length: 4)
[1m[33mLayer BLUETOOTH
:[0m[1m[33mLayer HCI_MON
:[0m[1m[32m	Adapter ID:[0m[1m 65535
[0m[1m[32m	Opcode:[0m[1m Control Close (15)
[0m[1m[32m	Cookie:[0m[1m 0x00000003
[0m",4,5.1021575927734375e-05,normal,0.5525397,0.44746026,0.5525397
1778740009.027834,"Packet (Length: 30)
[1m[33mLayer BLUETOOTH
:[0m[1m[33mLayer HCI_MON
:[0m[1m[32m	Adapter ID:[0m[1m 65535
[0m[1m[32m	Opcode:[0m[1m Control Open (14)
[0m[1m[32m	Cookie:[0m[1m 0x00000003
[0m[1m[32m	Format:[0m[1m Rqw (0x0000)
[0m[1m[32m	Version:[0m[1m 2
[0m[1m[32m	Revision:[0m[1m 22
[0m[1m[32m	Flags:[0m[1m 0x00000000
[0m[1m[32m	.... .... .... .... .... .... .... ...0 = Trusted Socket:[0m[1m False
[0m[1m[32m	Command Length:[0m[1m 16
[0m[1m[32m	Command:[0m[1m blueman-manager
[0m",30,1.001682996749878,normal,0.70740473,0.2925953,0.70740473
1778740009.027892,"Packet (Length: 4)
[1m[33mLayer BLUETOOTH
:[0m[1m[33mLayer HCI_MON
:[0m[1m[32m	Adapter ID:[0m[1m 65535
[0m[1m[32m	Opcode:[0m[1m Control Close (15)
[0m[1m[32m	Cookie:[0m[1m 0x00000003
[0m",4,5.817413330078125e-05,normal,0.5525397,0.44746026,0.5525397
1778740010.02967,"Packet (Length: 30)
[1m[33mLayer BLUETOOTH
:[0m[1m[33mLayer HCI_MON
:[0m[1m[32m	Adapter ID:[0m[1m 65535
[0m[1m[32m	Opcode:[0m[1m Control Open (14)
[0m[1m[32m	Cookie:[0m[1m 0x00000003
[0m[1m[32m	Format:[0m[1m Rqw (0x0000)
[0m[1m[32m	Version:[0m[1m 2
[0m[1m[32m	Revision:[0m[1m 22
[0m[1m[32m	Flags:[0m[1m 0x00000000
[0m[1m[32m	.... .... .... .... .... .... .... ...0 = Trusted Socket:[0m[1m False
[0m[1m[32m	Command Length:[0m[1m 16
[0m[1m[32m	Command:[0m[1m blueman-manager
[0m",30,1.0017778873443604,normal,0.70740473,0.2925953,0.70740473
1778740010.029721,"Packet (Length: 4)
[1m[33mLayer BLUETOOTH
:[0m[1m[33mLayer HCI_MON
:[0m[1m[32m	Adapter ID:[0m[1m 65535
[0m[1m[32m	Opcode:[0m[1m Control Close (15)
[0m[1m[32m	Cookie:[0m[1m 0x00000003
[0m",4,5.1021575927734375e-05,normal,0.5525397,0.44746026,0.5525397
1778740011.030548,"Packet (Length: 30)
[1m[33mLayer BLUETOOTH
:[0m[1m[33mLayer HCI_MON
:[0m[1m[32m	Adapter ID:[0m[1m 65535
[0m[1m[32m	Opcode:[0m[1m Control Open (14)
[0m[1m[32m	Cookie:[0m[1m 0x00000003
[0m[1m[32m	Format:[0m[1m Rqw (0x0000)
[0m[1m[32m	Version:[0m[1m 2
[0m[1m[32m	Revision:[0m[1m 22
[0m[1m[32m	Flags:[0m[1m 0x00000000
[0m[1m[32m	.... .... .... .... .... .... .... ...0 = Trusted Socket:[0m[1m False
[0m[1m[32m	Command Length:[0m[1m 16
[0m[1m[32m	Command:[0m[1m blueman-manager
[0m",30,1.0008270740509033,normal,0.70740473,0.2925953,0.70740473
1778740011.030606,"Packet (Length: 4)
[1m[33mLayer BLUETOOTH
:[0m[1m[33mLayer HCI_MON
:[0m[1m[32m	Adapter ID:[0m[1m 65535
[0m[1m[32m	Opcode:[0m[1m Control Close (15)
[0m[1m[32m	Cookie:[0m[1m 0x00000003
[0m",4,5.793571472167969e-05,normal,0.5525397,0.44746026,0.5525397
1778740012.031763,"Packet (Length: 30)
[1m[33mLayer BLUETOOTH
:[0m[1m[33mLayer HCI_MON
:[0m[1m[32m	Adapter ID:[0m[1m 65535
[0m[1m[32m	Opcode:[0m[1m Control Open (14)
[0m[1m[32m	Cookie:[0m[1m 0x00000003
[0m[1m[32m	Format:[0m[1m Rqw (0x0000)
[0m[1m[32m	Version:[0m[1m 2
[0m[1m[32m	Revision:[0m[1m 22
[0m[1m[32m	Flags:[0m[1m 0x00000000
[0m[1m[32m	.... .... .... .... .... .... .... ...0 = Trusted Socket:[0m[1m False
[0m[1m[32m	Command Length:[0m[1m 16
[0m[1m[32m	Command:[0m[1m blueman-manager
[0m",30,1.0011570453643799,normal,0.70740473,0.2925953,0.70740473
1778740012.031824,"Packet (Length: 4)
[1m[33mLayer BLUETOOTH
:[0m[1m[33mLayer HCI_MON
:[0m[1m[32m	Adapter ID:[0m[1m 65535
[0m[1m[32m	Opcode:[0m[1m Control Close (15)
[0m[1m[32m	Cookie:[0m[1m 0x00000003
[0m",4,6.103515625e-05,normal,0.5525397,0.44746026,0.5525397
1778740013.032949,"Packet (Length: 30)
[1m[33mLayer BLUETOOTH
:[0m[1m[33mLayer HCI_MON
:[0m[1m[32m	Adapter ID:[0m[1m 65535
[0m[1m[32m	Opcode:[0m[1m Control Open (14)
[0m[1m[32m	Cookie:[0m[1m 0x00000003
[0m[1m[32m	Format:[0m[1m Rqw (0x0000)
[0m[1m[32m	Version:[0m[1m 2
[0m[1m[32m	Revision:[0m[1m 22
[0m[1m[32m	Flags:[0m[1m 0x00000000
[0m[1m[32m	.... .... .... .... .... .... .... ...0 = Trusted Socket:[0m[1m False
[0m[1m[32m	Command Length:[0m[1m 16
[0m[1m[32m	Command:[0m[1m blueman-manager
[0m",30,1.0011248588562012,normal,0.70740473,0.2925953,0.70740473
1778740013.033008,"Packet (Length: 4)
[1m[33mLayer BLUETOOTH
:[0m[1m[33mLayer HCI_MON
:[0m[1m[32m	Adapter ID:[0m[1m 65535
[0m[1m[32m	Opcode:[0m[1m Control Close (15)
[0m[1m[32m	Cookie:[0m[1m 0x00000003
[0m",4,5.91278076171875e-05,normal,0.5525397,0.44746026,0.5525397
1778740014.034139,"Packet (Length: 30)
[1m[33mLayer BLUETOOTH
:[0m[1m[33mLayer HCI_MON
:[0m[1m[32m	Adapter ID:[0m[1m 65535
[0m[1m[32m	Opcode:[0m[1m Control Open (14)
[0m[1m[32m	Cookie:[0m[1m 0x00000003
[0m[1m[32m	Format:[0m[1m Rqw (0x0000)
[0m[1m[32m	Version:[0m[1m 2
[0m[1m[32m	Revision:[0m[1m 22
[0m[1m[32m	Flags:[0m[1m 0x00000000
[0m[1m[32m	.... .... .... .... .... .... .... ...0 = Trusted Socket:[0m[1m False
[0m[1m[32m	Command Length:[0m[1m 16
[0m[1m[32m	Command:[0m[1m blueman-manager
[0m",30,1.0011308193206787,normal,0.70740473,0.2925953,0.70740473
1778740014.034202,"Packet (Length: 4)
[1m[33mLayer BLUETOOTH
:[0m[1m[33mLayer HCI_MON
:[0m[1m[32m	Adapter ID:[0m[1m 65535
[0m[1m[32m	Opcode:[0m[1m Control Close (15)
[0m[1m[32m	Cookie:[0m[1m 0x00000003
[0m",4,6.318092346191406e-05,normal,0.5525397,0.44746026,0.5525397
1778740015.035301,"Packet (Length: 30)
[1m[33mLayer BLUETOOTH
:[0m[1m[33mLayer HCI_MON
:[0m[1m[32m	Adapter ID:[0m[1m 65535
[0m[1m[32m	Opcode:[0m[1m Control Open (14)
[0m[1m[32m	Cookie:[0m[1m 0x00000003
[0m[1m[32m	Format:[0m[1m Rqw (0x0000)
[0m[1m[32m	Version:[0m[1m 2
[0m[1m[32m	Revision:[0m[1m 22
[0m[1m[32m	Flags:[0m[1m 0x00000000
[0m[1m[32m	.... .... .... .... .... .... .... ...0 = Trusted Socket:[0m[1m False
[0m[1m[32m	Command Length:[0m[1m 16
[0m[1m[32m	Command:[0m[1m blueman-manager
[0m",30,1.001098871231079,normal,0.70740473,0.2925953,0.70740473
1778740015.035352,"Packet (Length: 4)
[1m[33mLayer BLUETOOTH
:[0m[1m[33mLayer HCI_MON
:[0m[1m[32m	Adapter ID:[0m[1m 65535
[0m[1m[32m	Opcode:[0m[1m Control Close (15)
[0m[1m[32m	Cookie:[0m[1m 0x00000003
[0m",4,5.1021575927734375e-05,normal,0.5525397,0.44746026,0.5525397
1778740016.036494,"Packet (Length: 30)
[1m[33mLayer BLUETOOTH
:[0m[1m[33mLayer HCI_MON
:[0m[1m[32m	Adapter ID:[0m[1m 65535
[0m[1m[32m	Opcode:[0m[1m Control Open (14)
[0m[1m[32m	Cookie:[0m[1m 0x00000003
[0m[1m[32m	Format:[0m[1m Rqw (0x0000)
[0m[1m[32m	Version:[0m[1m 2
[0m[1m[32m	Revision:[0m[1m 22
[0m[1m[32m	Flags:[0m[1m 0x00000000
[0m[1m[32m	.... .... .... .... .... .... .... ...0 = Trusted Socket:[0m[1m False
[0m[1m[32m	Command Length:[0m[1m 16
[0m[1m[32m	Command:[0m[1m blueman-manager
[0m",30,1.0011420249938965,normal,0.70740473,0.2925953,0.70740473
1778740016.036544,"Packet (Length: 4)
[1m[33mLayer BLUETOOTH
:[0m[1m[33mLayer HCI_MON
:[0m[1m[32m	Adapter ID:[0m[1m 65535
[0m[1m[32m	Opcode:[0m[1m Control Close (15)
[0m[1m[32m	Cookie:[0m[1m 0x00000003
[0m",4,5.0067901611328125e-05,normal,0.5525397,0.44746026,0.5525397
1778740017.03655,"Packet (Length: 30)
[1m[33mLayer BLUETOOTH
:[0m[1m[33mLayer HCI_MON
:[0m[1m[32m	Adapter ID:[0m[1m 65535
[0m[1m[32m	Opcode:[0m[1m Control Open (14)
[0m[1m[32m	Cookie:[0m[1m 0x00000003
[0m[1m[32m	Format:[0m[1m Rqw (0x0000)
[0m[1m[32m	Version:[0m[1m 2
[0m[1m[32m	Revision:[0m[1m 22
[0m[1m[32m	Flags:[0m[1m 0x00000000
[0m[1m[32m	.... .... .... .... .... .... .... ...0 = Trusted Socket:[0m[1m False
[0m[1m[32m	Command Length:[0m[1m 16
[0m[1m[32m	Command:[0m[1m blueman-manager
[0m",30,1.0000059604644775,normal,0.70740473,0.2925953,0.70740473
1778740017.03658,"Packet (Length: 4)
[1m[33mLayer BLUETOOTH
:[0m[1m[33mLayer HCI_MON
:[0m[1m[32m	Adapter ID:[0m[1m 65535
[0m[1m[32m	Opcode:[0m[1m Control Close (15)
[0m[1m[32m	Cookie:[0m[1m 0x00000003
[0m",4,3.0040740966796875e-05,normal,0.5525397,0.44746026,0.5525397
1778740018.03751,"Packet (Length: 30)
[1m[33mLayer BLUETOOTH
:[0m[1m[33mLayer HCI_MON
:[0m[1m[32m	Adapter ID:[0m[1m 65535
[0m[1m[32m	Opcode:[0m[1m Control Open (14)
[0m[1m[32m	Cookie:[0m[1m 0x00000003
[0m[1m[32m	Format:[0m[1m Rqw (0x0000)
[0m[1m[32m	Version:[0m[1m 2
[0m[1m[32m	Revision:[0m[1m 22
[0m[1m[32m	Flags:[0m[1m 0x00000000
[0m[1m[32m	.... .... .... .... .... .... .... ...0 = Trusted Socket:[0m[1m False
[0m[1m[32m	Command Length:[0m[1m 16
[0m[1m[32m	Command:[0m[1m blueman-manager
[0m",30,1.000929832458496,normal,0.70740473,0.2925953,0.70740473
1778740018.037565,"Packet (Length: 4)
[1m[33mLayer BLUETOOTH
:[0m[1m[33mLayer HCI_MON
:[0m[1m[32m	Adapter ID:[0m[1m 65535
[0m[1m[32m	Opcode:[0m[1m Control Close (15)
[0m[1m[32m	Cookie:[0m[1m 0x00000003
[0m",4,5.507469177246094e-05,normal,0.5525397,0.44746026,0.5525397
1778740019.038733,"Packet (Length: 30)
[1m[33mLayer BLUETOOTH
:[0m[1m[33mLayer HCI_MON
:[0m[1m[32m	Adapter ID:[0m[1m 65535
[0m[1m[32m	Opcode:[0m[1m Control Open (14)
[0m[1m[32m	Cookie:[0m[1m 0x00000003
[0m[1m[32m	Format:[0m[1m Rqw (0x0000)
[0m[1m[32m	Version:[0m[1m 2
[0m[1m[32m	Revision:[0m[1m 22
[0m[1m[32m	Flags:[0m[1m 0x00000000
[0m[1m[32m	.... .... .... .... .... .... .... ...0 = Trusted Socket:[0m[1m False
[0m[1m[32m	Command Length:[0m[1m 16
[0m[1m[32m	Command:[0m[1m blueman-manager
[0m",30,1.0011680126190186,normal,0.70740473,0.2925953,0.70740473
1778740019.038791,"Packet (Length: 4)
[1m[33mLayer BLUETOOTH
:[0m[1m[33mLayer HCI_MON
:[0m[1m[32m	Adapter ID:[0m[1m 65535
[0m[1m[32m	Opcode:[0m[1m Control Close (15)
[0m[1m[32m	Cookie:[0m[1m 0x00000003
[0m",4,5.793571472167969e-05,normal,0.5525397,0.44746026,0.5525397
1778740020.039942,"Packet (Length: 30)
[1m[33mLayer BLUETOOTH
:[0m[1m[33mLayer HCI_MON
:[0m[1m[32m	Adapter ID:[0m[1m 65535
[0m[1m[32m	Opcode:[0m[1m Control Open (14)
[0m[1m[32m	Cookie:[0m[1m 0x00000003
[0m[1m[32m	Format:[0m[1m Rqw (0x0000)
[0m[1m[32m	Version:[0m[1m 2
[0m[1m[32m	Revision:[0m[1m 22
[0m[1m[32m	Flags:[0m[1m 0x00000000
[0m[1m[32m	.... .... .... .... .... .... .... ...0 = Trusted Socket:[0m[1m False
[0m[1m[32m	Command Length:[0m[1m 16
[0m[1m[32m	Command:[0m[1m blueman-manager
[0m",30,1.0011510848999023,normal,0.70740473,0.2925953,0.70740473
1778740020.039996,"Packet (Length: 4)
[1m[33mLayer BLUETOOTH
:[0m[1m[33mLayer HCI_MON
:[0m[1m[32m	Adapter ID:[0m[1m 65535
[0m[1m[32m	Opcode:[0m[1m Control Close (15)
[0m[1m[32m	Cookie:[0m[1m 0x00000003
[0m",4,5.3882598876953125e-05,normal,0.5525397,0.44746026,0.5525397
1778740021.041172,"Packet (Length: 30)
[1m[33mLayer BLUETOOTH
:[0m[1m[33mLayer HCI_MON
:[0m[1m[32m	Adapter ID:[0m[1m 65535
[0m[1m[32m	Opcode:[0m[1m Control Open (14)
[0m[1m[32m	Cookie:[0m[1m 0x00000003
[0m[1m[32m	Format:[0m[1m Rqw (0x0000)
[0m[1m[32m	Version:[0m[1m 2
[0m[1m[32m	Revision:[0m[1m 22
[0m[1m[32m	Flags:[0m[1m 0x00000000
[0m[1m[32m	.... .... .... .... .... .... .... ...0 = Trusted Socket:[0m[1m False
[0m[1m[32m	Command Length:[0m[1m 16
[0m[1m[32m	Command:[0m[1m blueman-manager
[0m",30,1.001176118850708,normal,0.70740473,0.2925953,0.70740473
1778740021.041228,"Packet (Length: 4)
[1m[33mLayer BLUETOOTH
:[0m[1m[33mLayer HCI_MON
:[0m[1m[32m	Adapter ID:[0m[1m 65535
[0m[1m[32m	Opcode:[0m[1m Control Close (15)
[0m[1m[32m	Cookie:[0m[1m 0x00000003
[0m",4,5.602836608886719e-05,normal,0.5525397,0.44746026,0.5525397
1778740022.0424,"Packet (Length: 30)
[1m[33mLayer BLUETOOTH
:[0m[1m[33mLayer HCI_MON
:[0m[1m[32m	Adapter ID:[0m[1m 65535
[0m[1m[32m	Opcode:[0m[1m Control Open (14)
[0m[1m[32m	Cookie:[0m[1m 0x00000003
[0m[1m[32m	Format:[0m[1m Rqw (0x0000)
[0m[1m[32m	Version:[0m[1m 2
[0m[1m[32m	Revision:[0m[1m 22
[0m[1m[32m	Flags:[0m[1m 0x00000000
[0m[1m[32m	.... .... .... .... .... .... .... ...0 = Trusted Socket:[0m[1m False
[0m[1m[32m	Command Length:[0m[1m 16
[0m[1m[32m	Command:[0m[1m blueman-manager
[0m",30,1.0011718273162842,normal,0.70740473,0.2925953,0.70740473
1778740022.042457,"Packet (Length: 4)
[1m[33mLayer BLUETOOTH
:[0m[1m[33mLayer HCI_MON
:[0m[1m[32m	Adapter ID:[0m[1m 65535
[0m[1m[32m	Opcode:[0m[1m Control Close (15)
[0m[1m[32m	Cookie:[0m[1m 0x00000003
[0m",4,5.7220458984375e-05,normal,0.5525397,0.44746026,0.5525397
1778740023.04357,"Packet (Length: 30)
[1m[33mLayer BLUETOOTH
:[0m[1m[33mLayer HCI_MON
:[0m[1m[32m	Adapter ID:[0m[1m 65535
[0m[1m[32m	Opcode:[0m[1m Control Open (14)
[0m[1m[32m	Cookie:[0m[1m 0x00000003
[0m[1m[32m	Format:[0m[1m Rqw (0x0000)
[0m[1m[32m	Version:[0m[1m 2
[0m[1m[32m	Revision:[0m[1m 22
[0m[1m[32m	Flags:[0m[1m 0x00000000
[0m[1m[32m	.... .... .... .... .... .... .... ...0 = Trusted Socket:[0m[1m False
[0m[1m[32m	Command Length:[0m[1m 16
[0m[1m[32m	Command:[0m[1m blueman-manager
[0m",30,1.001112937927246,normal,0.70740473,0.2925953,0.70740473
1778740023.043622,"Packet (Length: 4)
[1m[33mLayer BLUETOOTH
:[0m[1m[33mLayer HCI_MON
:[0m[1m[32m	Adapter ID:[0m[1m 65535
[0m[1m[32m	Opcode:[0m[1m Control Close (15)
[0m[1m[32m	Cookie:[0m[1m 0x00000003
[0m",4,5.1975250244140625e-05,normal,0.5525397,0.44746026,0.5525397
1778740024.044819,"Packet (Length: 30)
[1m[33mLayer BLUETOOTH
:[0m[1m[33mLayer HCI_MON
:[0m[1m[32m	Adapter ID:[0m[1m 65535
[0m[1m[32m	Opcode:[0m[1m Control Open (14)
[0m[1m[32m	Cookie:[0m[1m 0x00000003
[0m[1m[32m	Format:[0m[1m Rqw (0x0000)
[0m[1m[32m	Version:[0m[1m 2
[0m[1m[32m	Revision:[0m[1m 22
[0m[1m[32m	Flags:[0m[1m 0x00000000
[0m[1m[32m	.... .... .... .... .... .... .... ...0 = Trusted Socket:[0m[1m False
[0m[1m[32m	Command Length:[0m[1m 16
[0m[1m[32m	Command:[0m[1m blueman-manager
[0m",30,1.001197099685669,normal,0.70740473,0.2925953,0.70740473
1778740024.044868,"Packet (Length: 4)
[1m[33mLayer BLUETOOTH
:[0m[1m[33mLayer HCI_MON
:[0m[1m[32m	Adapter ID:[0m[1m 65535
[0m[1m[32m	Opcode:[0m[1m Control Close (15)
[0m[1m[32m	Cookie:[0m[1m 0x00000003
[0m",4,4.887580871582031e-05,normal,0.5525397,0.44746026,0.5525397
1778740025.046006,"Packet (Length: 30)
[1m[33mLayer BLUETOOTH
:[0m[1m[33mLayer HCI_MON
:[0m[1m[32m	Adapter ID:[0m[1m 65535
[0m[1m[32m	Opcode:[0m[1m Control Open (14)
[0m[1m[32m	Cookie:[0m[1m 0x00000003
[0m[1m[32m	Format:[0m[1m Rqw (0x0000)
[0m[1m[32m	Version:[0m[1m 2
[0m[1m[32m	Revision:[0m[1m 22
[0m[1m[32m	Flags:[0m[1m 0x00000000
[0m[1m[32m	.... .... .... .... .... .... .... ...0 = Trusted Socket:[0m[1m False
[0m[1m[32m	Command Length:[0m[1m 16
[0m[1m[32m	Command:[0m[1m blueman-manager
[0m",30,1.0011379718780518,normal,0.70740473,0.2925953,0.70740473
1778740025.046065,"Packet (Length: 4)
[1m[33mLayer BLUETOOTH
:[0m[1m[33mLayer HCI_MON
:[0m[1m[32m	Adapter ID:[0m[1m 65535
[0m[1m[32m	Opcode:[0m[1m Control Close (15)
[0m[1m[32m	Cookie:[0m[1m 0x00000003
[0m",4,5.91278076171875e-05,normal,0.5525397,0.44746026,0.5525397
1778740025.92254,"Packet (Length: 30)
[1m[33mLayer BLUETOOTH
:[0m[1m[33mLayer HCI_MON
:[0m[1m[32m	Adapter ID:[0m[1m 65535
[0m[1m[32m	Opcode:[0m[1m Control Open (14)
[0m[1m[32m	Cookie:[0m[1m 0x00000003
[0m[1m[32m	Format:[0m[1m Control (0x0002)
[0m[1m[32m	Version:[0m[1m 1
[0m[1m[32m	Revision:[0m[1m 21
[0m[1m[32m	Flags:[0m[1m 0x00000000
[0m[1m[32m	.... .... .... .... .... .... .... ...0 = Trusted Socket:[0m[1m False
[0m[1m[32m	Command Length:[0m[1m 16
[0m[1m[32m	Command:[0m[1m bluetoothctl
[0m",30,0.8764748573303223,normal,0.70740473,0.2925953,0.70740473
1778740026.046602,"Packet (Length: 30)
[1m[33mLayer BLUETOOTH
:[0m[1m[33mLayer HCI_MON
:[0m[1m[32m	Adapter ID:[0m[1m 65535
[0m[1m[32m	Opcode:[0m[1m Control Open (14)
[0m[1m[32m	Cookie:[0m[1m 0x00000004
[0m[1m[32m	Format:[0m[1m Rqw (0x0000)
[0m[1m[32m	Version:[0m[1m 2
[0m[1m[32m	Revision:[0m[1m 22
[0m[1m[32m	Flags:[0m[1m 0x00000000
[0m[1m[32m	.... .... .... .... .... .... .... ...0 = Trusted Socket:[0m[1m False
[0m[1m[32m	Command Length:[0m[1m 16
[0m[1m[32m	Command:[0m[1m blueman-manager
[0m",30,0.12406206130981445,normal,0.70740473,0.2925953,0.70740473
1778740026.046662,"Packet (Length: 4)
[1m[33mLayer BLUETOOTH
:[0m[1m[33mLayer HCI_MON
:[0m[1m[32m	Adapter ID:[0m[1m 65535
[0m[1m[32m	Opcode:[0m[1m Control Close (15)
[0m[1m[32m	Cookie:[0m[1m 0x00000004
[0m",4,6.008148193359375e-05,normal,0.5525397,0.44746026,0.5525397
1778740027.047559,"Packet (Length: 30)
[1m[33mLayer BLUETOOTH
:[0m[1m[33mLayer HCI_MON
:[0m[1m[32m	Adapter ID:[0m[1m 65535
[0m[1m[32m	Opcode:[0m[1m Control Open (14)
[0m[1m[32m	Cookie:[0m[1m 0x00000004
[0m[1m[32m	Format:[0m[1m Rqw (0x0000)
[0m[1m[32m	Version:[0m[1m 2
[0m[1m[32m	Revision:[0m[1m 22
[0m[1m[32m	Flags:[0m[1m 0x00000000
[0m[1m[32m	.... .... .... .... .... .... .... ...0 = Trusted Socket:[0m[1m False
[0m[1m[32m	Command Length:[0m[1m 16
[0m[1m[32m	Command:[0m[1m blueman-manager
[0m",30,1.00089693069458,normal,0.70740473,0.2925953,0.70740473
1778740027.047624,"Packet (Length: 4)
[1m[33mLayer BLUETOOTH
:[0m[1m[33mLayer HCI_MON
:[0m[1m[32m	Adapter ID:[0m[1m 65535
[0m[1m[32m	Opcode:[0m[1m Control Close (15)
[0m[1m[32m	Cookie:[0m[1m 0x00000004
[0m",4,6.508827209472656e-05,normal,0.5525397,0.44746026,0.5525397
1778740028.048737,"Packet (Length: 30)
[1m[33mLayer BLUETOOTH
:[0m[1m[33mLayer HCI_MON
:[0m[1m[32m	Adapter ID:[0m[1m 65535
[0m[1m[32m	Opcode:[0m[1m Control Open (14)
[0m[1m[32m	Cookie:[0m[1m 0x00000004
[0m[1m[32m	Format:[0m[1m Rqw (0x0000)
[0m[1m[32m	Version:[0m[1m 2
[0m[1m[32m	Revision:[0m[1m 22
[0m[1m[32m	Flags:[0m[1m 0x00000000
[0m[1m[32m	.... .... .... .... .... .... .... ...0 = Trusted Socket:[0m[1m False
[0m[1m[32m	Command Length:[0m[1m 16
[0m[1m[32m	Command:[0m[1m blueman-manager
[0m",30,1.001112937927246,normal,0.70740473,0.2925953,0.70740473
1778740028.048787,"Packet (Length: 4)
[1m[33mLayer BLUETOOTH
:[0m[1m[33mLayer HCI_MON
:[0m[1m[32m	Adapter ID:[0m[1m 65535
[0m[1m[32m	Opcode:[0m[1m Control Close (15)
[0m[1m[32m	Cookie:[0m[1m 0x00000004
[0m",4,5.0067901611328125e-05,normal,0.5525397,0.44746026,0.5525397
1778740029.049146,"Packet (Length: 30)
[1m[33mLayer BLUETOOTH
:[0m[1m[33mLayer HCI_MON
:[0m[1m[32m	Adapter ID:[0m[1m 65535
[0m[1m[32m	Opcode:[0m[1m Control Open (14)
[0m[1m[32m	Cookie:[0m[1m 0x00000004
[0m[1m[32m	Format:[0m[1m Rqw (0x0000)
[0m[1m[32m	Version:[0m[1m 2
[0m[1m[32m	Revision:[0m[1m 22
[0m[1m[32m	Flags:[0m[1m 0x00000000
[0m[1m[32m	.... .... .... .... .... .... .... ...0 = Trusted Socket:[0m[1m False
[0m[1m[32m	Command Length:[0m[1m 16
[0m[1m[32m	Command:[0m[1m blueman-manager
[0m",30,1.0003588199615479,normal,0.70740473,0.2925953,0.70740473
1778740029.049193,"Packet (Length: 4)
[1m[33mLayer BLUETOOTH
:[0m[1m[33mLayer HCI_MON
:[0m[1m[32m	Adapter ID:[0m[1m 65535
[0m[1m[32m	Opcode:[0m[1m Control Close (15)
[0m[1m[32m	Cookie:[0m[1m 0x00000004
[0m",4,4.696846008300781e-05,normal,0.5525397,0.44746026,0.5525397
1778740030.050334,"Packet (Length: 30)
[1m[33mLayer BLUETOOTH
:[0m[1m[33mLayer HCI_MON
:[0m[1m[32m	Adapter ID:[0m[1m 65535
[0m[1m[32m	Opcode:[0m[1m Control Open (14)
[0m[1m[32m	Cookie:[0m[1m 0x00000004
[0m[1m[32m	Format:[0m[1m Rqw (0x0000)
[0m[1m[32m	Version:[0m[1m 2
[0m[1m[32m	Revision:[0m[1m 22
[0m[1m[32m	Flags:[0m[1m 0x00000000
[0m[1m[32m	.... .... .... .... .... .... .... ...0 = Trusted Socket:[0m[1m False
[0m[1m[32m	Command Length:[0m[1m 16
[0m[1m[32m	Command:[0m[1m blueman-manager
[0m",30,1.00114107131958,normal,0.70740473,0.2925953,0.70740473
1778740030.050381,"Packet (Length: 4)
[1m[33mLayer BLUETOOTH
:[0m[1m[33mLayer HCI_MON
:[0m[1m[32m	Adapter ID:[0m[1m 65535
[0m[1m[32m	Opcode:[0m[1m Control Close (15)
[0m[1m[32m	Cookie:[0m[1m 0x00000004
[0m",4,4.696846008300781e-05,normal,0.5525397,0.44746026,0.5525397
1778740031.051659,"Packet (Length: 30)
[1m[33mLayer BLUETOOTH
:[0m[1m[33mLayer HCI_MON
:[0m[1m[32m	Adapter ID:[0m[1m 65535
[0m[1m[32m	Opcode:[0m[1m Control Open (14)
[0m[1m[32m	Cookie:[0m[1m 0x00000004
[0m[1m[32m	Format:[0m[1m Rqw (0x0000)
[0m[1m[32m	Version:[0m[1m 2
[0m[1m[32m	Revision:[0m[1m 22
[0m[1m[32m	Flags:[0m[1m 0x00000000
[0m[1m[32m	.... .... .... .... .... .... .... ...0 = Trusted Socket:[0m[1m False
[0m[1m[32m	Command Length:[0m[1m 16
[0m[1m[32m	Command:[0m[1m blueman-manager
[0m",30,1.0012781620025635,normal,0.70740473,0.2925953,0.70740473
1778740031.051718,"Packet (Length: 4)
[1m[33mLayer BLUETOOTH
:[0m[1m[33mLayer HCI_MON
:[0m[1m[32m	Adapter ID:[0m[1m 65535
[0m[1m[32m	Opcode:[0m[1m Control Close (15)
[0m[1m[32m	Cookie:[0m[1m 0x00000004
[0m",4,5.888938903808594e-05,normal,0.5525397,0.44746026,0.5525397
1778740032.052856,"Packet (Length: 30)
[1m[33mLayer BLUETOOTH
:[0m[1m[33mLayer HCI_MON
:[0m[1m[32m	Adapter ID:[0m[1m 65535
[0m[1m[32m	Opcode:[0m[1m Control Open (14)
[0m[1m[32m	Cookie:[0m[1m 0x00000004
[0m[1m[32m	Format:[0m[1m Rqw (0x0000)
[0m[1m[32m	Version:[0m[1m 2
[0m[1m[32m	Revision:[0m[1m 22
[0m[1m[32m	Flags:[0m[1m 0x00000000
[0m[1m[32m	.... .... .... .... .... .... .... ...0 = Trusted Socket:[0m[1m False
[0m[1m[32m	Command Length:[0m[1m 16
[0m[1m[32m	Command:[0m[1m blueman-manager
[0m",30,1.0011379718780518,normal,0.70740473,0.2925953,0.70740473
1778740032.052914,"Packet (Length: 4)
[1m[33mLayer BLUETOOTH
:[0m[1m[33mLayer HCI_MON
:[0m[1m[32m	Adapter ID:[0m[1m 65535
[0m[1m[32m	Opcode:[0m[1m Control Close (15)
[0m[1m[32m	Cookie:[0m[1m 0x00000004
[0m",4,5.793571472167969e-05,normal,0.5525397,0.44746026,0.5525397
1778740033.054079,"Packet (Length: 30)
[1m[33mLayer BLUETOOTH
:[0m[1m[33mLayer HCI_MON
:[0m[1m[32m	Adapter ID:[0m[1m 65535
[0m[1m[32m	Opcode:[0m[1m Control Open (14)
[0m[1m[32m	Cookie:[0m[1m 0x00000004
[0m[1m[32m	Format:[0m[1m Rqw (0x0000)
[0m[1m[32m	Version:[0m[1m 2
[0m[1m[32m	Revision:[0m[1m 22
[0m[1m[32m	Flags:[0m[1m 0x00000000
[0m[1m[32m	.... .... .... .... .... .... .... ...0 = Trusted Socket:[0m[1m False
[0m[1m[32m	Command Length:[0m[1m 16
[0m[1m[32m	Command:[0m[1m blueman-manager
[0m",30,1.0011651515960693,normal,0.70740473,0.2925953,0.70740473
1778740033.054137,"Packet (Length: 4)
[1m[33mLayer BLUETOOTH
:[0m[1m[33mLayer HCI_MON
:[0m[1m[32m	Adapter ID:[0m[1m 65535
[0m[1m[32m	Opcode:[0m[1m Control Close (15)
[0m[1m[32m	Cookie:[0m[1m 0x00000004
[0m",4,5.793571472167969e-05,normal,0.5525397,0.44746026,0.5525397
1778740034.055288,"Packet (Length: 30)
[1m[33mLayer BLUETOOTH
:[0m[1m[33mLayer HCI_MON
:[0m[1m[32m	Adapter ID:[0m[1m 65535
[0m[1m[32m	Opcode:[0m[1m Control Open (14)
[0m[1m[32m	Cookie:[0m[1m 0x00000004
[0m[1m[32m	Format:[0m[1m Rqw (0x0000)
[0m[1m[32m	Version:[0m[1m 2
[0m[1m[32m	Revision:[0m[1m 22
[0m[1m[32m	Flags:[0m[1m 0x00000000
[0m[1m[32m	.... .... .... .... .... .... .... ...0 = Trusted Socket:[0m[1m False
[0m[1m[32m	Command Length:[0m[1m 16
[0m[1m[32m	Command:[0m[1m blueman-manager
[0m",30,1.0011510848999023,normal,0.70740473,0.2925953,0.70740473
1778740034.055349,"Packet (Length: 4)
[1m[33mLayer BLUETOOTH
:[0m[1m[33mLayer HCI_MON
:[0m[1m[32m	Adapter ID:[0m[1m 65535
[0m[1m[32m	Opcode:[0m[1m Control Close (15)
[0m[1m[32m	Cookie:[0m[1m 0x00000004
[0m",4,6.103515625e-05,normal,0.5525397,0.44746026,0.5525397
1778740035.056505,"Packet (Length: 30)
[1m[33mLayer BLUETOOTH
:[0m[1m[33mLayer HCI_MON
:[0m[1m[32m	Adapter ID:[0m[1m 65535
[0m[1m[32m	Opcode:[0m[1m Control Open (14)
[0m[1m[32m	Cookie:[0m[1m 0x00000004
[0m[1m[32m	Format:[0m[1m Rqw (0x0000)
[0m[1m[32m	Version:[0m[1m 2
[0m[1m[32m	Revision:[0m[1m 22
[0m[1m[32m	Flags:[0m[1m 0x00000000
[0m[1m[32m	.... .... .... .... .... .... .... ...0 = Trusted Socket:[0m[1m False
[0m[1m[32m	Command Length:[0m[1m 16
[0m[1m[32m	Command:[0m[1m blueman-manager
[0m",30,1.0011558532714844,normal,0.70740473,0.2925953,0.70740473
1778740035.056563,"Packet (Length: 4)
[1m[33mLayer BLUETOOTH
:[0m[1m[33mLayer HCI_MON
:[0m[1m[32m	Adapter ID:[0m[1m 65535
[0m[1m[32m	Opcode:[0m[1m Control Close (15)
[0m[1m[32m	Cookie:[0m[1m 0x00000004
[0m",4,5.793571472167969e-05,normal,0.5525397,0.44746026,0.5525397
1778740036.057717,"Packet (Length: 30)
[1m[33mLayer BLUETOOTH
:[0m[1m[33mLayer HCI_MON
:[0m[1m[32m	Adapter ID:[0m[1m 65535
[0m[1m[32m	Opcode:[0m[1m Control Open (14)
[0m[1m[32m	Cookie:[0m[1m 0x00000004
[0m[1m[32m	Format:[0m[1m Rqw (0x0000)
[0m[1m[32m	Version:[0m[1m 2
[0m[1m[32m	Revision:[0m[1m 22
[0m[1m[32m	Flags:[0m[1m 0x00000000
[0m[1m[32m	.... .... .... .... .... .... .... ...0 = Trusted Socket:[0m[1m False
[0m[1m[32m	Command Length:[0m[1m 16
[0m[1m[32m	Command:[0m[1m blueman-manager
[0m",30,1.0011541843414307,normal,0.70740473,0.2925953,0.70740473
1778740036.057775,"Packet (Length: 4)
[1m[33mLayer BLUETOOTH
:[0m[1m[33mLayer HCI_MON
:[0m[1m[32m	Adapter ID:[0m[1m 65535
[0m[1m[32m	Opcode:[0m[1m Control Close (15)
[0m[1m[32m	Cookie:[0m[1m 0x00000004
[0m",4,5.793571472167969e-05,normal,0.5525397,0.44746026,0.5525397
1778740037.059455,"Packet (Length: 30)
[1m[33mLayer BLUETOOTH
:[0m[1m[33mLayer HCI_MON
:[0m[1m[32m	Adapter ID:[0m[1m 65535
[0m[1m[32m	Opcode:[0m[1m Control Open (14)
[0m[1m[32m	Cookie:[0m[1m 0x00000004
[0m[1m[32m	Format:[0m[1m Rqw (0x0000)
[0m[1m[32m	Version:[0m[1m 2
[0m[1m[32m	Revision:[0m[1m 22
[0m[1m[32m	Flags:[0m[1m 0x00000000
[0m[1m[32m	.... .... .... .... .... .... .... ...0 = Trusted Socket:[0m[1m False
[0m[1m[32m	Command Length:[0m[1m 16
[0m[1m[32m	Command:[0m[1m blueman-manager
[0m",30,1.0016798973083496,normal,0.70740473,0.2925953,0.70740473
1778740037.059498,"Packet (Length: 4)
[1m[33mLayer BLUETOOTH
:[0m[1m[33mLayer HCI_MON
:[0m[1m[32m	Adapter ID:[0m[1m 65535
[0m[1m[32m	Opcode:[0m[1m Control Close (15)
[0m[1m[32m	Cookie:[0m[1m 0x00000004
[0m",4,4.315376281738281e-05,normal,0.5525397,0.44746026,0.5525397
1778740038.061189,"Packet (Length: 30)
[1m[33mLayer BLUETOOTH
:[0m[1m[33mLayer HCI_MON
:[0m[1m[32m	Adapter ID:[0m[1m 65535
[0m[1m[32m	Opcode:[0m[1m Control Open (14)
[0m[1m[32m	Cookie:[0m[1m 0x00000004
[0m[1m[32m	Format:[0m[1m Rqw (0x0000)
[0m[1m[32m	Version:[0m[1m 2
[0m[1m[32m	Revision:[0m[1m 22
[0m[1m[32m	Flags:[0m[1m 0x00000000
[0m[1m[32m	.... .... .... .... .... .... .... ...0 = Trusted Socket:[0m[1m False
[0m[1m[32m	Command Length:[0m[1m 16
[0m[1m[32m	Command:[0m[1m blueman-manager
[0m",30,1.0016908645629883,normal,0.70740473,0.2925953,0.70740473
1778740038.061243,"Packet (Length: 4)
[1m[33mLayer BLUETOOTH
:[0m[1m[33mLayer HCI_MON
:[0m[1m[32m	Adapter ID:[0m[1m 65535
[0m[1m[32m	Opcode:[0m[1m Control Close (15)
[0m[1m[32m	Cookie:[0m[1m 0x00000004
[0m",4,5.412101745605469e-05,normal,0.5525397,0.44746026,0.5525397
1778740039.062466,"Packet (Length: 30)
[1m[33mLayer BLUETOOTH
:[0m[1m[33mLayer HCI_MON
:[0m[1m[32m	Adapter ID:[0m[1m 65535
[0m[1m[32m	Opcode:[0m[1m Control Open (14)
[0m[1m[32m	Cookie:[0m[1m 0x00000004
[0m[1m[32m	Format:[0m[1m Rqw (0x0000)
[0m[1m[32m	Version:[0m[1m 2
[0m[1m[32m	Revision:[0m[1m 22
[0m[1m[32m	Flags:[0m[1m 0x00000000
[0m[1m[32m	.... .... .... .... .... .... .... ...0 = Trusted Socket:[0m[1m False
[0m[1m[32m	Command Length:[0m[1m 16
[0m[1m[32m	Command:[0m[1m blueman-manager
[0m",30,1.001222848892212,normal,0.70740473,0.2925953,0.70740473
1778740039.062523,"Packet (Length: 4)
[1m[33mLayer BLUETOOTH
:[0m[1m[33mLayer HCI_MON
:[0m[1m[32m	Adapter ID:[0m[1m 65535
[0m[1m[32m	Opcode:[0m[1m Control Close (15)
[0m[1m[32m	Cookie:[0m[1m 0x00000004
[0m",4,5.698204040527344e-05,normal,0.5525397,0.44746026,0.5525397
1778740040.064324,"Packet (Length: 30)
[1m[33mLayer BLUETOOTH
:[0m[1m[33mLayer HCI_MON
:[0m[1m[32m	Adapter ID:[0m[1m 65535
[0m[1m[32m	Opcode:[0m[1m Control Open (14)
[0m[1m[32m	Cookie:[0m[1m 0x00000004
[0m[1m[32m	Format:[0m[1m Rqw (0x0000)
[0m[1m[32m	Version:[0m[1m 2
[0m[1m[32m	Revision:[0m[1m 22
[0m[1m[32m	Flags:[0m[1m 0x00000000
[0m[1m[32m	.... .... .... .... .... .... .... ...0 = Trusted Socket:[0m[1m False
[0m[1m[32m	Command Length:[0m[1m 16
[0m[1m[32m	Command:[0m[1m blueman-manager
[0m",30,1.0018010139465332,normal,0.70740473,0.2925953,0.70740473
1778740040.064376,"Packet (Length: 4)
[1m[33mLayer BLUETOOTH
:[0m[1m[33mLayer HCI_MON
:[0m[1m[32m	Adapter ID:[0m[1m 65535
[0m[1m[32m	Opcode:[0m[1m Control Close (15)
[0m[1m[32m	Cookie:[0m[1m 0x00000004
[0m",4,5.221366882324219e-05,normal,0.5525397,0.44746026,0.5525397
1778740041.065508,"Packet (Length: 30)
[1m[33mLayer BLUETOOTH
:[0m[1m[33mLayer HCI_MON
:[0m[1m[32m	Adapter ID:[0m[1m 65535
[0m[1m[32m	Opcode:[0m[1m Control Open (14)
[0m[1m[32m	Cookie:[0m[1m 0x00000004
[0m[1m[32m	Format:[0m[1m Rqw (0x0000)
[0m[1m[32m	Version:[0m[1m 2
[0m[1m[32m	Revision:[0m[1m 22
[0m[1m[32m	Flags:[0m[1m 0x00000000
[0m[1m[32m	.... .... .... .... .... .... .... ...0 = Trusted Socket:[0m[1m False
[0m[1m[32m	Command Length:[0m[1m 16
[0m[1m[32m	Command:[0m[1m blueman-manager
[0m",30,1.0011317729949951,normal,0.70740473,0.2925953,0.70740473
1778740041.065565,"Packet (Length: 4)
[1m[33mLayer BLUETOOTH
:[0m[1m[33mLayer HCI_MON
:[0m[1m[32m	Adapter ID:[0m[1m 65535
[0m[1m[32m	Opcode:[0m[1m Control Close (15)
[0m[1m[32m	Cookie:[0m[1m 0x00000004
[0m",4,5.7220458984375e-05,normal,0.5525397,0.44746026,0.5525397
1778740042.066731,"Packet (Length: 30)
[1m[33mLayer BLUETOOTH
:[0m[1m[33mLayer HCI_MON
:[0m[1m[32m	Adapter ID:[0m[1m 65535
[0m[1m[32m	Opcode:[0m[1m Control Open (14)
[0m[1m[32m	Cookie:[0m[1m 0x00000004
[0m[1m[32m	Format:[0m[1m Rqw (0x0000)
[0m[1m[32m	Version:[0m[1m 2
[0m[1m[32m	Revision:[0m[1m 22
[0m[1m[32m	Flags:[0m[1m 0x00000000
[0m[1m[32m	.... .... .... .... .... .... .... ...0 = Trusted Socket:[0m[1m False
[0m[1m[32m	Command Length:[0m[1m 16
[0m[1m[32m	Command:[0m[1m blueman-manager
[0m",30,1.0011658668518066,normal,0.70740473,0.2925953,0.70740473
1778740042.066787,"Packet (Length: 4)
[1m[33mLayer BLUETOOTH
:[0m[1m[33mLayer HCI_MON
:[0m[1m[32m	Adapter ID:[0m[1m 65535
[0m[1m[32m	Opcode:[0m[1m Control Close (15)
[0m[1m[32m	Cookie:[0m[1m 0x00000004
[0m",4,5.602836608886719e-05,normal,0.5525397,0.44746026,0.5525397
1778740043.067948,"Packet (Length: 30)
[1m[33mLayer BLUETOOTH
:[0m[1m[33mLayer HCI_MON
:[0m[1m[32m	Adapter ID:[0m[1m 65535
[0m[1m[32m	Opcode:[0m[1m Control Open (14)
[0m[1m[32m	Cookie:[0m[1m 0x00000004
[0m[1m[32m	Format:[0m[1m Rqw (0x0000)
[0m[1m[32m	Version:[0m[1m 2
[0m[1m[32m	Revision:[0m[1m 22
[0m[1m[32m	Flags:[0m[1m 0x00000000
[0m[1m[32m	.... .... .... .... .... .... .... ...0 = Trusted Socket:[0m[1m False
[0m[1m[32m	Command Length:[0m[1m 16
[0m[1m[32m	Command:[0m[1m blueman-manager
[0m",30,1.0011610984802246,normal,0.70740473,0.2925953,0.70740473
1778740043.068008,"Packet (Length: 4)
[1m[33mLayer BLUETOOTH
:[0m[1m[33mLayer HCI_MON
:[0m[1m[32m	Adapter ID:[0m[1m 65535
[0m[1m[32m	Opcode:[0m[1m Control Close (15)
[0m[1m[32m	Cookie:[0m[1m 0x00000004
[0m",4,5.984306335449219e-05,normal,0.5525397,0.44746026,0.5525397
1778740044.069117,"Packet (Length: 30)
[1m[33mLayer BLUETOOTH
:[0m[1m[33mLayer HCI_MON
:[0m[1m[32m	Adapter ID:[0m[1m 65535
[0m[1m[32m	Opcode:[0m[1m Control Open (14)
[0m[1m[32m	Cookie:[0m[1m 0x00000004
[0m[1m[32m	Format:[0m[1m Rqw (0x0000)
[0m[1m[32m	Version:[0m[1m 2
[0m[1m[32m	Revision:[0m[1m 22
[0m[1m[32m	Flags:[0m[1m 0x00000000
[0m[1m[32m	.... .... .... .... .... .... .... ...0 = Trusted Socket:[0m[1m False
[0m[1m[32m	Command Length:[0m[1m 16
[0m[1m[32m	Command:[0m[1m blueman-manager
[0m",30,1.0011091232299805,normal,0.70740473,0.2925953,0.70740473
1778740044.069169,"Packet (Length: 4)
[1m[33mLayer BLUETOOTH
:[0m[1m[33mLayer HCI_MON
:[0m[1m[32m	Adapter ID:[0m[1m 65535
[0m[1m[32m	Opcode:[0m[1m Control Close (15)
[0m[1m[32m	Cookie:[0m[1m 0x00000004
[0m",4,5.1975250244140625e-05,normal,0.5525397,0.44746026,0.5525397
1778740045.07003,"Packet (Length: 30)
[1m[33mLayer BLUETOOTH
:[0m[1m[33mLayer HCI_MON
:[0m[1m[32m	Adapter ID:[0m[1m 65535
[0m[1m[32m	Opcode:[0m[1m Control Open (14)
[0m[1m[32m	Cookie:[0m[1m 0x00000004
[0m[1m[32m	Format:[0m[1m Rqw (0x0000)
[0m[1m[32m	Version:[0m[1m 2
[0m[1m[32m	Revision:[0m[1m 22
[0m[1m[32m	Flags:[0m[1m 0x00000000
[0m[1m[32m	.... .... .... .... .... .... .... ...0 = Trusted Socket:[0m[1m False
[0m[1m[32m	Command Length:[0m[1m 16
[0m[1m[32m	Command:[0m[1m blueman-manager
[0m",30,1.0008609294891357,normal,0.70740473,0.2925953,0.70740473
1778740045.070081,"Packet (Length: 4)
[1m[33mLayer BLUETOOTH
:[0m[1m[33mLayer HCI_MON
:[0m[1m[32m	Adapter ID:[0m[1m 65535
[0m[1m[32m	Opcode:[0m[1m Control Close (15)
[0m[1m[32m	Cookie:[0m[1m 0x00000004
[0m",4,5.1021575927734375e-05,normal,0.5525397,0.44746026,0.5525397
1778740046.070894,"Packet (Length: 30)
[1m[33mLayer BLUETOOTH
:[0m[1m[33mLayer HCI_MON
:[0m[1m[32m	Adapter ID:[0m[1m 65535
[0m[1m[32m	Opcode:[0m[1m Control Open (14)
[0m[1m[32m	Cookie:[0m[1m 0x00000004
[0m[1m[32m	Format:[0m[1m Rqw (0x0000)
[0m[1m[32m	Version:[0m[1m 2
[0m[1m[32m	Revision:[0m[1m 22
[0m[1m[32m	Flags:[0m[1m 0x00000000
[0m[1m[32m	.... .... .... .... .... .... .... ...0 = Trusted Socket:[0m[1m False
[0m[1m[32m	Command Length:[0m[1m 16
[0m[1m[32m	Command:[0m[1m blueman-manager
[0m",30,1.0008130073547363,normal,0.70740473,0.2925953,0.70740473
1778740046.070951,"Packet (Length: 4)
[1m[33mLayer BLUETOOTH
:[0m[1m[33mLayer HCI_MON
:[0m[1m[32m	Adapter ID:[0m[1m 65535
[0m[1m[32m	Opcode:[0m[1m Control Close (15)
[0m[1m[32m	Cookie:[0m[1m 0x00000004
[0m",4,5.698204040527344e-05,normal,0.5525397,0.44746026,0.5525397
1778740047.071213,"Packet (Length: 30)
[1m[33mLayer BLUETOOTH
:[0m[1m[33mLayer HCI_MON
:[0m[1m[32m	Adapter ID:[0m[1m 65535
[0m[1m[32m	Opcode:[0m[1m Control Open (14)
[0m[1m[32m	Cookie:[0m[1m 0x00000004
[0m[1m[32m	Format:[0m[1m Rqw (0x0000)
[0m[1m[32m	Version:[0m[1m 2
[0m[1m[32m	Revision:[0m[1m 22
[0m[1m[32m	Flags:[0m[1m 0x00000000
[0m[1m[32m	.... .... .... .... .... .... .... ...0 = Trusted Socket:[0m[1m False
[0m[1m[32m	Command Length:[0m[1m 16
[0m[1m[32m	Command:[0m[1m blueman-manager
[0m",30,1.0002620220184326,normal,0.70740473,0.2925953,0.70740473
1778740047.071274,"Packet (Length: 4)
[1m[33mLayer BLUETOOTH
:[0m[1m[33mLayer HCI_MON
:[0m[1m[32m	Adapter ID:[0m[1m 65535
[0m[1m[32m	Opcode:[0m[1m Control Close (15)
[0m[1m[32m	Cookie:[0m[1m 0x00000004
[0m",4,6.103515625e-05,normal,0.5525397,0.44746026,0.5525397
1778740048.072466,"Packet (Length: 30)
[1m[33mLayer BLUETOOTH
:[0m[1m[33mLayer HCI_MON
:[0m[1m[32m	Adapter ID:[0m[1m 65535
[0m[1m[32m	Opcode:[0m[1m Control Open (14)
[0m[1m[32m	Cookie:[0m[1m 0x00000004
[0m[1m[32m	Format:[0m[1m Rqw (0x0000)
[0m[1m[32m	Version:[0m[1m 2
[0m[1m[32m	Revision:[0m[1m 22
[0m[1m[32m	Flags:[0m[1m 0x00000000
[0m[1m[32m	.... .... .... .... .... .... .... ...0 = Trusted Socket:[0m[1m False
[0m[1m[32m	Command Length:[0m[1m 16
[0m[1m[32m	Command:[0m[1m blueman-manager
[0m",30,1.0011918544769287,normal,0.70740473,0.2925953,0.70740473
1778740048.072525,"Packet (Length: 4)
[1m[33mLayer BLUETOOTH
:[0m[1m[33mLayer HCI_MON
:[0m[1m[32m	Adapter ID:[0m[1m 65535
[0m[1m[32m	Opcode:[0m[1m Control Close (15)
[0m[1m[32m	Cookie:[0m[1m 0x00000004
[0m",4,5.91278076171875e-05,normal,0.5525397,0.44746026,0.5525397
1778740049.073681,"Packet (Length: 30)
[1m[33mLayer BLUETOOTH
:[0m[1m[33mLayer HCI_MON
:[0m[1m[32m	Adapter ID:[0m[1m 65535
[0m[1m[32m	Opcode:[0m[1m Control Open (14)
[0m[1m[32m	Cookie:[0m[1m 0x00000004
[0m[1m[32m	Format:[0m[1m Rqw (0x0000)
[0m[1m[32m	Version:[0m[1m 2
[0m[1m[32m	Revision:[0m[1m 22
[0m[1m[32m	Flags:[0m[1m 0x00000000
[0m[1m[32m	.... .... .... .... .... .... .... ...0 = Trusted Socket:[0m[1m False
[0m[1m[32m	Command Length:[0m[1m 16
[0m[1m[32m	Command:[0m[1m blueman-manager
[0m",30,1.0011560916900635,normal,0.70740473,0.2925953,0.70740473
1778740049.073739,"Packet (Length: 4)
[1m[33mLayer BLUETOOTH
:[0m[1m[33mLayer HCI_MON
:[0m[1m[32m	Adapter ID:[0m[1m 65535
[0m[1m[32m	Opcode:[0m[1m Control Close (15)
[0m[1m[32m	Cookie:[0m[1m 0x00000004
[0m",4,5.793571472167969e-05,normal,0.5525397,0.44746026,0.5525397
1778740050.074902,"Packet (Length: 30)
[1m[33mLayer BLUETOOTH
:[0m[1m[33mLayer HCI_MON
:[0m[1m[32m	Adapter ID:[0m[1m 65535
[0m[1m[32m	Opcode:[0m[1m Control Open (14)
[0m[1m[32m	Cookie:[0m[1m 0x00000004
[0m[1m[32m	Format:[0m[1m Rqw (0x0000)
[0m[1m[32m	Version:[0m[1m 2
[0m[1m[32m	Revision:[0m[1m 22
[0m[1m[32m	Flags:[0m[1m 0x00000000
[0m[1m[32m	.... .... .... .... .... .... .... ...0 = Trusted Socket:[0m[1m False
[0m[1m[32m	Command Length:[0m[1m 16
[0m[1m[32m	Command:[0m[1m blueman-manager
[0m",30,1.0011630058288574,normal,0.70740473,0.2925953,0.70740473
1778740050.074961,"Packet (Length: 4)
[1m[33mLayer BLUETOOTH
:[0m[1m[33mLayer HCI_MON
:[0m[1m[32m	Adapter ID:[0m[1m 65535
[0m[1m[32m	Opcode:[0m[1m Control Close (15)
[0m[1m[32m	Cookie:[0m[1m 0x00000004
[0m",4,5.888938903808594e-05,normal,0.5525397,0.44746026,0.5525397
1778740051.076112,"Packet (Length: 30)
[1m[33mLayer BLUETOOTH
:[0m[1m[33mLayer HCI_MON
:[0m[1m[32m	Adapter ID:[0m[1m 65535
[0m[1m[32m	Opcode:[0m[1m Control Open (14)
[0m[1m[32m	Cookie:[0m[1m 0x00000004
[0m[1m[32m	Format:[0m[1m Rqw (0x0000)
[0m[1m[32m	Version:[0m[1m 2
[0m[1m[32m	Revision:[0m[1m 22
[0m[1m[32m	Flags:[0m[1m 0x00000000
[0m[1m[32m	.... .... .... .... .... .... .... ...0 = Trusted Socket:[0m[1m False
[0m[1m[32m	Command Length:[0m[1m 16
[0m[1m[32m	Command:[0m[1m blueman-manager
[0m",30,1.0011510848999023,normal,0.70740473,0.2925953,0.70740473
1778740051.076172,"Packet (Length: 4)
[1m[33mLayer BLUETOOTH
:[0m[1m[33mLayer HCI_MON
:[0m[1m[32m	Adapter ID:[0m[1m 65535
[0m[1m[32m	Opcode:[0m[1m Control Close (15)
[0m[1m[32m	Cookie:[0m[1m 0x00000004
[0m",4,6.008148193359375e-05,normal,0.5525397,0.44746026,0.5525397
1778740052.077306,"Packet (Length: 30)
[1m[33mLayer BLUETOOTH
:[0m[1m[33mLayer HCI_MON
:[0m[1m[32m	Adapter ID:[0m[1m 65535
[0m[1m[32m	Opcode:[0m[1m Control Open (14)
[0m[1m[32m	Cookie:[0m[1m 0x00000004
[0m[1m[32m	Format:[0m[1m Rqw (0x0000)
[0m[1m[32m	Version:[0m[1m 2
[0m[1m[32m	Revision:[0m[1m 22
[0m[1m[32m	Flags:[0m[1m 0x00000000
[0m[1m[32m	.... .... .... .... .... .... .... ...0 = Trusted Socket:[0m[1m False
[0m[1m[32m	Command Length:[0m[1m 16
[0m[1m[32m	Command:[0m[1m blueman-manager
[0m",30,1.001133918762207,normal,0.70740473,0.2925953,0.70740473
1778740052.077365,"Packet (Length: 4)
[1m[33mLayer BLUETOOTH
:[0m[1m[33mLayer HCI_MON
:[0m[1m[32m	Adapter ID:[0m[1m 65535
[0m[1m[32m	Opcode:[0m[1m Control Close (15)
[0m[1m[32m	Cookie:[0m[1m 0x00000004
[0m",4,5.888938903808594e-05,normal,0.5525397,0.44746026,0.5525397
1778740053.078515,"Packet (Length: 30)
[1m[33mLayer BLUETOOTH
:[0m[1m[33mLayer HCI_MON
:[0m[1m[32m	Adapter ID:[0m[1m 65535
[0m[1m[32m	Opcode:[0m[1m Control Open (14)
[0m[1m[32m	Cookie:[0m[1m 0x00000004
[0m[1m[32m	Format:[0m[1m Rqw (0x0000)
[0m[1m[32m	Version:[0m[1m 2
[0m[1m[32m	Revision:[0m[1m 22
[0m[1m[32m	Flags:[0m[1m 0x00000000
[0m[1m[32m	.... .... .... .... .... .... .... ...0 = Trusted Socket:[0m[1m False
[0m[1m[32m	Command Length:[0m[1m 16
[0m[1m[32m	Command:[0m[1m blueman-manager
[0m",30,1.001150131225586,normal,0.70740473,0.2925953,0.70740473
1778740053.078573,"Packet (Length: 4)
[1m[33mLayer BLUETOOTH
:[0m[1m[33mLayer HCI_MON
:[0m[1m[32m	Adapter ID:[0m[1m 65535
[0m[1m[32m	Opcode:[0m[1m Control Close (15)
[0m[1m[32m	Cookie:[0m[1m 0x00000004
[0m",4,5.793571472167969e-05,normal,0.5525397,0.44746026,0.5525397
1778740054.07898,"Packet (Length: 30)
[1m[33mLayer BLUETOOTH
:[0m[1m[33mLayer HCI_MON
:[0m[1m[32m	Adapter ID:[0m[1m 65535
[0m[1m[32m	Opcode:[0m[1m Control Open (14)
[0m[1m[32m	Cookie:[0m[1m 0x00000004
[0m[1m[32m	Format:[0m[1m Rqw (0x0000)
[0m[1m[32m	Version:[0m[1m 2
[0m[1m[32m	Revision:[0m[1m 22
[0m[1m[32m	Flags:[0m[1m 0x00000000
[0m[1m[32m	.... .... .... .... .... .... .... ...0 = Trusted Socket:[0m[1m False
[0m[1m[32m	Command Length:[0m[1m 16
[0m[1m[32m	Command:[0m[1m blueman-manager
[0m",30,1.0004069805145264,normal,0.70740473,0.2925953,0.70740473
1778740054.079032,"Packet (Length: 4)
[1m[33mLayer BLUETOOTH
:[0m[1m[33mLayer HCI_MON
:[0m[1m[32m	Adapter ID:[0m[1m 65535
[0m[1m[32m	Opcode:[0m[1m Control Close (15)
[0m[1m[32m	Cookie:[0m[1m 0x00000004
[0m",4,5.1975250244140625e-05,normal,0.5525397,0.44746026,0.5525397
1778740055.080004,"Packet (Length: 30)
[1m[33mLayer BLUETOOTH
:[0m[1m[33mLayer HCI_MON
:[0m[1m[32m	Adapter ID:[0m[1m 65535
[0m[1m[32m	Opcode:[0m[1m Control Open (14)
[0m[1m[32m	Cookie:[0m[1m 0x00000004
[0m[1m[32m	Format:[0m[1m Rqw (0x0000)
[0m[1m[32m	Version:[0m[1m 2
[0m[1m[32m	Revision:[0m[1m 22
[0m[1m[32m	Flags:[0m[1m 0x00000000
[0m[1m[32m	.... .... .... .... .... .... .... ...0 = Trusted Socket:[0m[1m False
[0m[1m[32m	Command Length:[0m[1m 16
[0m[1m[32m	Command:[0m[1m blueman-manager
[0m",30,1.000972032546997,normal,0.70740473,0.2925953,0.70740473
1778740055.080064,"Packet (Length: 4)
[1m[33mLayer BLUETOOTH
:[0m[1m[33mLayer HCI_MON
:[0m[1m[32m	Adapter ID:[0m[1m 65535
[0m[1m[32m	Opcode:[0m[1m Control Close (15)
[0m[1m[32m	Cookie:[0m[1m 0x00000004
[0m",4,6.008148193359375e-05,normal,0.5525397,0.44746026,0.5525397
1778740056.081185,"Packet (Length: 30)
[1m[33mLayer BLUETOOTH
:[0m[1m[33mLayer HCI_MON
:[0m[1m[32m	Adapter ID:[0m[1m 65535
[0m[1m[32m	Opcode:[0m[1m Control Open (14)
[0m[1m[32m	Cookie:[0m[1m 0x00000004
[0m[1m[32m	Format:[0m[1m Rqw (0x0000)
[0m[1m[32m	Version:[0m[1m 2
[0m[1m[32m	Revision:[0m[1m 22
[0m[1m[32m	Flags:[0m[1m 0x00000000
[0m[1m[32m	.... .... .... .... .... .... .... ...0 = Trusted Socket:[0m[1m False
[0m[1m[32m	Command Length:[0m[1m 16
[0m[1m[32m	Command:[0m[1m blueman-manager
[0m",30,1.0011210441589355,normal,0.70740473,0.2925953,0.70740473
1778740056.081235,"Packet (Length: 4)
[1m[33mLayer BLUETOOTH
:[0m[1m[33mLayer HCI_MON
:[0m[1m[32m	Adapter ID:[0m[1m 65535
[0m[1m[32m	Opcode:[0m[1m Control Close (15)
[0m[1m[32m	Cookie:[0m[1m 0x00000004
[0m",4,4.982948303222656e-05,normal,0.5525397,0.44746026,0.5525397
1778740057.082438,"Packet (Length: 30)
[1m[33mLayer BLUETOOTH
:[0m[1m[33mLayer HCI_MON
:[0m[1m[32m	Adapter ID:[0m[1m 65535
[0m[1m[32m	Opcode:[0m[1m Control Open (14)
[0m[1m[32m	Cookie:[0m[1m 0x00000004
[0m[1m[32m	Format:[0m[1m Rqw (0x0000)
[0m[1m[32m	Version:[0m[1m 2
[0m[1m[32m	Revision:[0m[1m 22
[0m[1m[32m	Flags:[0m[1m 0x00000000
[0m[1m[32m	.... .... .... .... .... .... .... ...0 = Trusted Socket:[0m[1m False
[0m[1m[32m	Command Length:[0m[1m 16
[0m[1m[32m	Command:[0m[1m blueman-manager
[0m",30,1.0012030601501465,normal,0.70740473,0.2925953,0.70740473
1778740057.082488,"Packet (Length: 4)
[1m[33mLayer BLUETOOTH
:[0m[1m[33mLayer HCI_MON
:[0m[1m[32m	Adapter ID:[0m[1m 65535
[0m[1m[32m	Opcode:[0m[1m Control Close (15)
[0m[1m[32m	Cookie:[0m[1m 0x00000004
[0m",4,5.0067901611328125e-05,normal,0.5525397,0.44746026,0.5525397
1778740058.083661,"Packet (Length: 30)
[1m[33mLayer BLUETOOTH
:[0m[1m[33mLayer HCI_MON
:[0m[1m[32m	Adapter ID:[0m[1m 65535
[0m[1m[32m	Opcode:[0m[1m Control Open (14)
[0m[1m[32m	Cookie:[0m[1m 0x00000004
[0m[1m[32m	Format:[0m[1m Rqw (0x0000)
[0m[1m[32m	Version:[0m[1m 2
[0m[1m[32m	Revision:[0m[1m 22
[0m[1m[32m	Flags:[0m[1m 0x00000000
[0m[1m[32m	.... .... .... .... .... .... .... ...0 = Trusted Socket:[0m[1m False
[0m[1m[32m	Command Length:[0m[1m 16
[0m[1m[32m	Command:[0m[1m blueman-manager
[0m",30,1.0011730194091797,normal,0.70740473,0.2925953,0.70740473
1778740058.083722,"Packet (Length: 4)
[1m[33mLayer BLUETOOTH
:[0m[1m[33mLayer HCI_MON
:[0m[1m[32m	Adapter ID:[0m[1m 65535
[0m[1m[32m	Opcode:[0m[1m Control Close (15)
[0m[1m[32m	Cookie:[0m[1m 0x00000004
[0m",4,6.103515625e-05,normal,0.5525397,0.44746026,0.5525397
1778740059.08484,"Packet (Length: 30)
[1m[33mLayer BLUETOOTH
:[0m[1m[33mLayer HCI_MON
:[0m[1m[32m	Adapter ID:[0m[1m 65535
[0m[1m[32m	Opcode:[0m[1m Control Open (14)
[0m[1m[32m	Cookie:[0m[1m 0x00000004
[0m[1m[32m	Format:[0m[1m Rqw (0x0000)
[0m[1m[32m	Version:[0m[1m 2
[0m[1m[32m	Revision:[0m[1m 22
[0m[1m[32m	Flags:[0m[1m 0x00000000
[0m[1m[32m	.... .... .... .... .... .... .... ...0 = Trusted Socket:[0m[1m False
[0m[1m[32m	Command Length:[0m[1m 16
[0m[1m[32m	Command:[0m[1m blueman-manager
[0m",30,1.0011179447174072,normal,0.70740473,0.2925953,0.70740473
1778740059.084892,"Packet (Length: 4)
[1m[33mLayer BLUETOOTH
:[0m[1m[33mLayer HCI_MON
:[0m[1m[32m	Adapter ID:[0m[1m 65535
[0m[1m[32m	Opcode:[0m[1m Control Close (15)
[0m[1m[32m	Cookie:[0m[1m 0x00000004
[0m",4,5.1975250244140625e-05,normal,0.5525397,0.44746026,0.5525397
1778740060.085343,"Packet (Length: 30)
[1m[33mLayer BLUETOOTH
:[0m[1m[33mLayer HCI_MON
:[0m[1m[32m	Adapter ID:[0m[1m 65535
[0m[1m[32m	Opcode:[0m[1m Control Open (14)
[0m[1m[32m	Cookie:[0m[1m 0x00000004
[0m[1m[32m	Format:[0m[1m Rqw (0x0000)
[0m[1m[32m	Version:[0m[1m 2
[0m[1m[32m	Revision:[0m[1m 22
[0m[1m[32m	Flags:[0m[1m 0x00000000
[0m[1m[32m	.... .... .... .... .... .... .... ...0 = Trusted Socket:[0m[1m False
[0m[1m[32m	Command Length:[0m[1m 16
[0m[1m[32m	Command:[0m[1m blueman-manager
[0m",30,1.000450849533081,normal,0.70740473,0.2925953,0.70740473
1778740060.085402,"Packet (Length: 4)
[1m[33mLayer BLUETOOTH
:[0m[1m[33mLayer HCI_MON
:[0m[1m[32m	Adapter ID:[0m[1m 65535
[0m[1m[32m	Opcode:[0m[1m Control Close (15)
[0m[1m[32m	Cookie:[0m[1m 0x00000004
[0m",4,5.91278076171875e-05,normal,0.5525397,0.44746026,0.5525397
1778740061.085779,"Packet (Length: 30)
[1m[33mLayer BLUETOOTH
:[0m[1m[33mLayer HCI_MON
:[0m[1m[32m	Adapter ID:[0m[1m 65535
[0m[1m[32m	Opcode:[0m[1m Control Open (14)
[0m[1m[32m	Cookie:[0m[1m 0x00000004
[0m[1m[32m	Format:[0m[1m Rqw (0x0000)
[0m[1m[32m	Version:[0m[1m 2
[0m[1m[32m	Revision:[0m[1m 22
[0m[1m[32m	Flags:[0m[1m 0x00000000
[0m[1m[32m	.... .... .... .... .... .... .... ...0 = Trusted Socket:[0m[1m False
[0m[1m[32m	Command Length:[0m[1m 16
[0m[1m[32m	Command:[0m[1m blueman-manager
[0m",30,1.0003769397735596,normal,0.70740473,0.2925953,0.70740473
1778740061.085836,"Packet (Length: 4)
[1m[33mLayer BLUETOOTH
:[0m[1m[33mLayer HCI_MON
:[0m[1m[32m	Adapter ID:[0m[1m 65535
[0m[1m[32m	Opcode:[0m[1m Control Close (15)
[0m[1m[32m	Cookie:[0m[1m 0x00000004
[0m",4,5.698204040527344e-05,normal,0.5525397,0.44746026,0.5525397
1778740062.087019,"Packet (Length: 30)
[1m[33mLayer BLUETOOTH
:[0m[1m[33mLayer HCI_MON
:[0m[1m[32m	Adapter ID:[0m[1m 65535
[0m[1m[32m	Opcode:[0m[1m Control Open (14)
[0m[1m[32m	Cookie:[0m[1m 0x00000004
[0m[1m[32m	Format:[0m[1m Rqw (0x0000)
[0m[1m[32m	Version:[0m[1m 2
[0m[1m[32m	Revision:[0m[1m 22
[0m[1m[32m	Flags:[0m[1m 0x00000000
[0m[1m[32m	.... .... .... .... .... .... .... ...0 = Trusted Socket:[0m[1m False
[0m[1m[32m	Command Length:[0m[1m 16
[0m[1m[32m	Command:[0m[1m blueman-manager
[0m",30,1.001183032989502,normal,0.70740473,0.2925953,0.70740473
1778740062.087072,"Packet (Length: 4)
[1m[33mLayer BLUETOOTH
:[0m[1m[33mLayer HCI_MON
:[0m[1m[32m	Adapter ID:[0m[1m 65535
[0m[1m[32m	Opcode:[0m[1m Control Close (15)
[0m[1m[32m	Cookie:[0m[1m 0x00000004
[0m",4,5.2928924560546875e-05,normal,0.5525397,0.44746026,0.5525397
1778740063.088352,"Packet (Length: 30)
[1m[33mLayer BLUETOOTH
:[0m[1m[33mLayer HCI_MON
:[0m[1m[32m	Adapter ID:[0m[1m 65535
[0m[1m[32m	Opcode:[0m[1m Control Open (14)
[0m[1m[32m	Cookie:[0m[1m 0x00000004
[0m[1m[32m	Format:[0m[1m Rqw (0x0000)
[0m[1m[32m	Version:[0m[1m 2
[0m[1m[32m	Revision:[0m[1m 22
[0m[1m[32m	Flags:[0m[1m 0x00000000
[0m[1m[32m	.... .... .... .... .... .... .... ...0 = Trusted Socket:[0m[1m False
[0m[1m[32m	Command Length:[0m[1m 16
[0m[1m[32m	Command:[0m[1m blueman-manager
[0m",30,1.0012800693511963,normal,0.70740473,0.2925953,0.70740473
1778740063.088409,"Packet (Length: 4)
[1m[33mLayer BLUETOOTH
:[0m[1m[33mLayer HCI_MON
:[0m[1m[32m	Adapter ID:[0m[1m 65535
[0m[1m[32m	Opcode:[0m[1m Control Close (15)
[0m[1m[32m	Cookie:[0m[1m 0x00000004
[0m",4,5.698204040527344e-05,normal,0.5525397,0.44746026,0.5525397
1778740064.089449,"Packet (Length: 30)
[1m[33mLayer BLUETOOTH
:[0m[1m[33mLayer HCI_MON
:[0m[1m[32m	Adapter ID:[0m[1m 65535
[0m[1m[32m	Opcode:[0m[1m Control Open (14)
[0m[1m[32m	Cookie:[0m[1m 0x00000004
[0m[1m[32m	Format:[0m[1m Rqw (0x0000)
[0m[1m[32m	Version:[0m[1m 2
[0m[1m[32m	Revision:[0m[1m 22
[0m[1m[32m	Flags:[0m[1m 0x00000000
[0m[1m[32m	.... .... .... .... .... .... .... ...0 = Trusted Socket:[0m[1m False
[0m[1m[32m	Command Length:[0m[1m 16
[0m[1m[32m	Command:[0m[1m blueman-manager
[0m",30,1.001039981842041,normal,0.70740473,0.2925953,0.70740473
1778740064.089499,"Packet (Length: 4)
[1m[33mLayer BLUETOOTH
:[0m[1m[33mLayer HCI_MON
:[0m[1m[32m	Adapter ID:[0m[1m 65535
[0m[1m[32m	Opcode:[0m[1m Control Close (15)
[0m[1m[32m	Cookie:[0m[1m 0x00000004
[0m",4,5.0067901611328125e-05,normal,0.5525397,0.44746026,0.5525397
1778740065.091301,"Packet (Length: 30)
[1m[33mLayer BLUETOOTH
:[0m[1m[33mLayer HCI_MON
:[0m[1m[32m	Adapter ID:[0m[1m 65535
[0m[1m[32m	Opcode:[0m[1m Control Open (14)
[0m[1m[32m	Cookie:[0m[1m 0x00000004
[0m[1m[32m	Format:[0m[1m Rqw (0x0000)
[0m[1m[32m	Version:[0m[1m 2
[0m[1m[32m	Revision:[0m[1m 22
[0m[1m[32m	Flags:[0m[1m 0x00000000
[0m[1m[32m	.... .... .... .... .... .... .... ...0 = Trusted Socket:[0m[1m False
[0m[1m[32m	Command Length:[0m[1m 16
[0m[1m[32m	Command:[0m[1m blueman-manager
[0m",30,1.0018019676208496,normal,0.70740473,0.2925953,0.70740473
1778740065.091345,"Packet (Length: 4)
[1m[33mLayer BLUETOOTH
:[0m[1m[33mLayer HCI_MON
:[0m[1m[32m	Adapter ID:[0m[1m 65535
[0m[1m[32m	Opcode:[0m[1m Control Close (15)
[0m[1m[32m	Cookie:[0m[1m 0x00000004
[0m",4,4.410743713378906e-05,normal,0.5525397,0.44746026,0.5525397
1778740066.092357,"Packet (Length: 30)
[1m[33mLayer BLUETOOTH
:[0m[1m[33mLayer HCI_MON
:[0m[1m[32m	Adapter ID:[0m[1m 65535
[0m[1m[32m	Opcode:[0m[1m Control Open (14)
[0m[1m[32m	Cookie:[0m[1m 0x00000004
[0m[1m[32m	Format:[0m[1m Rqw (0x0000)
[0m[1m[32m	Version:[0m[1m 2
[0m[1m[32m	Revision:[0m[1m 22
[0m[1m[32m	Flags:[0m[1m 0x00000000
[0m[1m[32m	.... .... .... .... .... .... .... ...0 = Trusted Socket:[0m[1m False
[0m[1m[32m	Command Length:[0m[1m 16
[0m[1m[32m	Command:[0m[1m blueman-manager
[0m",30,1.001011848449707,normal,0.70740473,0.2925953,0.70740473
1778740066.092411,"Packet (Length: 4)
[1m[33mLayer BLUETOOTH
:[0m[1m[33mLayer HCI_MON
:[0m[1m[32m	Adapter ID:[0m[1m 65535
[0m[1m[32m	Opcode:[0m[1m Control Close (15)
[0m[1m[32m	Cookie:[0m[1m 0x00000004
[0m",4,5.412101745605469e-05,normal,0.5525397,0.44746026,0.5525397
1778740067.094089,"Packet (Length: 30)
[1m[33mLayer BLUETOOTH
:[0m[1m[33mLayer HCI_MON
:[0m[1m[32m	Adapter ID:[0m[1m 65535
[0m[1m[32m	Opcode:[0m[1m Control Open (14)
[0m[1m[32m	Cookie:[0m[1m 0x00000004
[0m[1m[32m	Format:[0m[1m Rqw (0x0000)
[0m[1m[32m	Version:[0m[1m 2
[0m[1m[32m	Revision:[0m[1m 22
[0m[1m[32m	Flags:[0m[1m 0x00000000
[0m[1m[32m	.... .... .... .... .... .... .... ...0 = Trusted Socket:[0m[1m False
[0m[1m[32m	Command Length:[0m[1m 16
[0m[1m[32m	Command:[0m[1m blueman-manager
[0m",30,1.0016779899597168,normal,0.70740473,0.2925953,0.70740473
1778740067.09414,"Packet (Length: 4)
[1m[33mLayer BLUETOOTH
:[0m[1m[33mLayer HCI_MON
:[0m[1m[32m	Adapter ID:[0m[1m 65535
[0m[1m[32m	Opcode:[0m[1m Control Close (15)
[0m[1m[32m	Cookie:[0m[1m 0x00000004
[0m",4,5.1021575927734375e-05,normal,0.5525397,0.44746026,0.5525397
1778740068.095919,"Packet (Length: 30)
[1m[33mLayer BLUETOOTH
:[0m[1m[33mLayer HCI_MON
:[0m[1m[32m	Adapter ID:[0m[1m 65535
[0m[1m[32m	Opcode:[0m[1m Control Open (14)
[0m[1m[32m	Cookie:[0m[1m 0x00000004
[0m[1m[32m	Format:[0m[1m Rqw (0x0000)
[0m[1m[32m	Version:[0m[1m 2
[0m[1m[32m	Revision:[0m[1m 22
[0m[1m[32m	Flags:[0m[1m 0x00000000
[0m[1m[32m	.... .... .... .... .... .... .... ...0 = Trusted Socket:[0m[1m False
[0m[1m[32m	Command Length:[0m[1m 16
[0m[1m[32m	Command:[0m[1m blueman-manager
[0m",30,1.0017788410186768,normal,0.70740473,0.2925953,0.70740473
1778740068.09598,"Packet (Length: 4)
[1m[33mLayer BLUETOOTH
:[0m[1m[33mLayer HCI_MON
:[0m[1m[32m	Adapter ID:[0m[1m 65535
[0m[1m[32m	Opcode:[0m[1m Control Close (15)
[0m[1m[32m	Cookie:[0m[1m 0x00000004
[0m",4,6.103515625e-05,normal,0.5525397,0.44746026,0.5525397
1778740069.09756,"Packet (Length: 30)
[1m[33mLayer BLUETOOTH
:[0m[1m[33mLayer HCI_MON
:[0m[1m[32m	Adapter ID:[0m[1m 65535
[0m[1m[32m	Opcode:[0m[1m Control Open (14)
[0m[1m[32m	Cookie:[0m[1m 0x00000004
[0m[1m[32m	Format:[0m[1m Rqw (0x0000)
[0m[1m[32m	Version:[0m[1m 2
[0m[1m[32m	Revision:[0m[1m 22
[0m[1m[32m	Flags:[0m[1m 0x00000000
[0m[1m[32m	.... .... .... .... .... .... .... ...0 = Trusted Socket:[0m[1m False
[0m[1m[32m	Command Length:[0m[1m 16
[0m[1m[32m	Command:[0m[1m blueman-manager
[0m",30,1.001579999923706,normal,0.70740473,0.2925953,0.70740473
1778740069.097613,"Packet (Length: 4)
[1m[33mLayer BLUETOOTH
:[0m[1m[33mLayer HCI_MON
:[0m[1m[32m	Adapter ID:[0m[1m 65535
[0m[1m[32m	Opcode:[0m[1m Control Close (15)
[0m[1m[32m	Cookie:[0m[1m 0x00000004
[0m",4,5.316734313964844e-05,normal,0.5525397,0.44746026,0.5525397
1778740070.098784,"Packet (Length: 30)
[1m[33mLayer BLUETOOTH
:[0m[1m[33mLayer HCI_MON
:[0m[1m[32m	Adapter ID:[0m[1m 65535
[0m[1m[32m	Opcode:[0m[1m Control Open (14)
[0m[1m[32m	Cookie:[0m[1m 0x00000004
[0m[1m[32m	Format:[0m[1m Rqw (0x0000)
[0m[1m[32m	Version:[0m[1m 2
[0m[1m[32m	Revision:[0m[1m 22
[0m[1m[32m	Flags:[0m[1m 0x00000000
[0m[1m[32m	.... .... .... .... .... .... .... ...0 = Trusted Socket:[0m[1m False
[0m[1m[32m	Command Length:[0m[1m 16
[0m[1m[32m	Command:[0m[1m blueman-manager
[0m",30,1.0011708736419678,normal,0.70740473,0.2925953,0.70740473
1778740070.098842,"Packet (Length: 4)
[1m[33mLayer BLUETOOTH
:[0m[1m[33mLayer HCI_MON
:[0m[1m[32m	Adapter ID:[0m[1m 65535
[0m[1m[32m	Opcode:[0m[1m Control Close (15)
[0m[1m[32m	Cookie:[0m[1m 0x00000004
[0m",4,5.793571472167969e-05,normal,0.5525397,0.44746026,0.5525397
1778740070.323221,"Packet (Length: 7)
[1m[33mLayer BLUETOOTH
:[0m[1m[33mLayer HCI_MON
:[0m[1m[32m	Adapter ID:[0m[1m 0
[0m[1m[32m	Opcode:[0m[1m Control Command (16)
[0m[1m[32m	Cookie:[0m[1m 0x00000001
[0m[1m	Unknown data
[0m[1m[32m	Expert Info (Warning/Protocol):[0m[1m Unknown data
[0m[1m	Unknown data
[0m[1m[32m	Severity level:[0m[1m Warning
[0m[1m[32m	Group:[0m[1m Protocol
[0m[1m[32m	Opcode:[0m[1m Unknown (24)
[0m",7,0.2243790626525879,normal,0.6095242,0.39047587,0.6095242
1778740070.323257,"Packet (Length: 9)
[1m[33mLayer BLUETOOTH
:[0m[1m[33mLayer HCI_MON
:[0m[1m[32m	Adapter ID:[0m[1m 0
[0m[1m[32m	Opcode:[0m[1m Control Event (17)
[0m[1m[32m	Cookie:[0m[1m 0x00000001
[0m[1m[32m	Event:[0m[1m Command complete (0x0001)
[0m[1m	Unknown data
[0m[1m[32m	Expert Info (Warning/Protocol):[0m[1m Unknown data
[0m[1m	Unknown data
[0m[1m[32m	Severity level:[0m[1m Warning
[0m[1m[32m	Group:[0m[1m Protocol
[0m",9,3.600120544433594e-05,normal,0.6095242,0.39047587,0.6095242
1778740071.099978,"Packet (Length: 30)
[1m[33mLayer BLUETOOTH
:[0m[1m[33mLayer HCI_MON
:[0m[1m[32m	Adapter ID:[0m[1m 65535
[0m[1m[32m	Opcode:[0m[1m Control Open (14)
[0m[1m[32m	Cookie:[0m[1m 0x00000004
[0m[1m[32m	Format:[0m[1m Rqw (0x0000)
[0m[1m[32m	Version:[0m[1m 2
[0m[1m[32m	Revision:[0m[1m 22
[0m[1m[32m	Flags:[0m[1m 0x00000000
[0m[1m[32m	.... .... .... .... .... .... .... ...0 = Trusted Socket:[0m[1m False
[0m[1m[32m	Command Length:[0m[1m 16
[0m[1m[32m	Command:[0m[1m blueman-manager
[0m",30,0.7767210006713867,normal,0.70740473,0.2925953,0.70740473
1778740071.100044,"Packet (Length: 4)
[1m[33mLayer BLUETOOTH
:[0m[1m[33mLayer HCI_MON
:[0m[1m[32m	Adapter ID:[0m[1m 65535
[0m[1m[32m	Opcode:[0m[1m Control Close (15)
[0m[1m[32m	Cookie:[0m[1m 0x00000004
[0m",4,6.604194641113281e-05,normal,0.5525397,0.44746026,0.5525397
1778740072.101184,"Packet (Length: 30)
[1m[33mLayer BLUETOOTH
:[0m[1m[33mLayer HCI_MON
:[0m[1m[32m	Adapter ID:[0m[1m 65535
[0m[1m[32m	Opcode:[0m[1m Control Open (14)
[0m[1m[32m	Cookie:[0m[1m 0x00000004
[0m[1m[32m	Format:[0m[1m Rqw (0x0000)
[0m[1m[32m	Version:[0m[1m 2
[0m[1m[32m	Revision:[0m[1m 22
[0m[1m[32m	Flags:[0m[1m 0x00000000
[0m[1m[32m	.... .... .... .... .... .... .... ...0 = Trusted Socket:[0m[1m False
[0m[1m[32m	Command Length:[0m[1m 16
[0m[1m[32m	Command:[0m[1m blueman-manager
[0m",30,1.0011398792266846,normal,0.70740473,0.2925953,0.70740473
1778740072.101242,"Packet (Length: 4)
[1m[33mLayer BLUETOOTH
:[0m[1m[33mLayer HCI_MON
:[0m[1m[32m	Adapter ID:[0m[1m 65535
[0m[1m[32m	Opcode:[0m[1m Control Close (15)
[0m[1m[32m	Cookie:[0m[1m 0x00000004
[0m",4,5.817413330078125e-05,normal,0.5525397,0.44746026,0.5525397
1778740073.102387,"Packet (Length: 30)
[1m[33mLayer BLUETOOTH
:[0m[1m[33mLayer HCI_MON
:[0m[1m[32m	Adapter ID:[0m[1m 65535
[0m[1m[32m	Opcode:[0m[1m Control Open (14)
[0m[1m[32m	Cookie:[0m[1m 0x00000004
[0m[1m[32m	Format:[0m[1m Rqw (0x0000)
[0m[1m[32m	Version:[0m[1m 2
[0m[1m[32m	Revision:[0m[1m 22
[0m[1m[32m	Flags:[0m[1m 0x00000000
[0m[1m[32m	.... .... .... .... .... .... .... ...0 = Trusted Socket:[0m[1m False
[0m[1m[32m	Command Length:[0m[1m 16
[0m[1m[32m	Command:[0m[1m blueman-manager
[0m",30,1.0011448860168457,normal,0.70740473,0.2925953,0.70740473
1778740073.102446,"Packet (Length: 4)
[1m[33mLayer BLUETOOTH
:[0m[1m[33mLayer HCI_MON
:[0m[1m[32m	Adapter ID:[0m[1m 65535
[0m[1m[32m	Opcode:[0m[1m Control Close (15)
[0m[1m[32m	Cookie:[0m[1m 0x00000004
[0m",4,5.91278076171875e-05,normal,0.5525397,0.44746026,0.5525397
1778740074.10358,"Packet (Length: 30)
[1m[33mLayer BLUETOOTH
:[0m[1m[33mLayer HCI_MON
:[0m[1m[32m	Adapter ID:[0m[1m 65535
[0m[1m[32m	Opcode:[0m[1m Control Open (14)
[0m[1m[32m	Cookie:[0m[1m 0x00000004
[0m[1m[32m	Format:[0m[1m Rqw (0x0000)
[0m[1m[32m	Version:[0m[1m 2
[0m[1m[32m	Revision:[0m[1m 22
[0m[1m[32m	Flags:[0m[1m 0x00000000
[0m[1m[32m	.... .... .... .... .... .... .... ...0 = Trusted Socket:[0m[1m False
[0m[1m[32m	Command Length:[0m[1m 16
[0m[1m[32m	Command:[0m[1m blueman-manager
[0m",30,1.001133918762207,normal,0.70740473,0.2925953,0.70740473
1778740074.103639,"Packet (Length: 4)
[1m[33mLayer BLUETOOTH
:[0m[1m[33mLayer HCI_MON
:[0m[1m[32m	Adapter ID:[0m[1m 65535
[0m[1m[32m	Opcode:[0m[1m Control Close (15)
[0m[1m[32m	Cookie:[0m[1m 0x00000004
[0m",4,5.888938903808594e-05,normal,0.5525397,0.44746026,0.5525397
1778740075.104792,"Packet (Length: 30)
[1m[33mLayer BLUETOOTH
:[0m[1m[33mLayer HCI_MON
:[0m[1m[32m	Adapter ID:[0m[1m 65535
[0m[1m[32m	Opcode:[0m[1m Control Open (14)
[0m[1m[32m	Cookie:[0m[1m 0x00000004
[0m[1m[32m	Format:[0m[1m Rqw (0x0000)
[0m[1m[32m	Version:[0m[1m 2
[0m[1m[32m	Revision:[0m[1m 22
[0m[1m[32m	Flags:[0m[1m 0x00000000
[0m[1m[32m	.... .... .... .... .... .... .... ...0 = Trusted Socket:[0m[1m False
[0m[1m[32m	Command Length:[0m[1m 16
[0m[1m[32m	Command:[0m[1m blueman-manager
[0m",30,1.0011532306671143,normal,0.70740473,0.2925953,0.70740473
1778740075.104846,"Packet (Length: 4)
[1m[33mLayer BLUETOOTH
:[0m[1m[33mLayer HCI_MON
:[0m[1m[32m	Adapter ID:[0m[1m 65535
[0m[1m[32m	Opcode:[0m[1m Control Close (15)
[0m[1m[32m	Cookie:[0m[1m 0x00000004
[0m",4,5.3882598876953125e-05,normal,0.5525397,0.44746026,0.5525397
1778740076.106072,"Packet (Length: 30)
[1m[33mLayer BLUETOOTH
:[0m[1m[33mLayer HCI_MON
:[0m[1m[32m	Adapter ID:[0m[1m 65535
[0m[1m[32m	Opcode:[0m[1m Control Open (14)
[0m[1m[32m	Cookie:[0m[1m 0x00000004
[0m[1m[32m	Format:[0m[1m Rqw (0x0000)
[0m[1m[32m	Version:[0m[1m 2
[0m[1m[32m	Revision:[0m[1m 22
[0m[1m[32m	Flags:[0m[1m 0x00000000
[0m[1m[32m	.... .... .... .... .... .... .... ...0 = Trusted Socket:[0m[1m False
[0m[1m[32m	Command Length:[0m[1m 16
[0m[1m[32m	Command:[0m[1m blueman-manager
[0m",30,1.0012259483337402,normal,0.70740473,0.2925953,0.70740473
1778740076.106139,"Packet (Length: 4)
[1m[33mLayer BLUETOOTH
:[0m[1m[33mLayer HCI_MON
:[0m[1m[32m	Adapter ID:[0m[1m 65535
[0m[1m[32m	Opcode:[0m[1m Control Close (15)
[0m[1m[32m	Cookie:[0m[1m 0x00000004
[0m",4,6.699562072753906e-05,normal,0.5525397,0.44746026,0.5525397
1778740077.107347,"Packet (Length: 30)
[1m[33mLayer BLUETOOTH
:[0m[1m[33mLayer HCI_MON
:[0m[1m[32m	Adapter ID:[0m[1m 65535
[0m[1m[32m	Opcode:[0m[1m Control Open (14)
[0m[1m[32m	Cookie:[0m[1m 0x00000004
[0m[1m[32m	Format:[0m[1m Rqw (0x0000)
[0m[1m[32m	Version:[0m[1m 2
[0m[1m[32m	Revision:[0m[1m 22
[0m[1m[32m	Flags:[0m[1m 0x00000000
[0m[1m[32m	.... .... .... .... .... .... .... ...0 = Trusted Socket:[0m[1m False
[0m[1m[32m	Command Length:[0m[1m 16
[0m[1m[32m	Command:[0m[1m blueman-manager
[0m",30,1.0012080669403076,normal,0.70740473,0.2925953,0.70740473
1778740077.107399,"Packet (Length: 4)
[1m[33mLayer BLUETOOTH
:[0m[1m[33mLayer HCI_MON
:[0m[1m[32m	Adapter ID:[0m[1m 65535
[0m[1m[32m	Opcode:[0m[1m Control Close (15)
[0m[1m[32m	Cookie:[0m[1m 0x00000004
[0m",4,5.1975250244140625e-05,normal,0.5525397,0.44746026,0.5525397
1778740078.108624,"Packet (Length: 30)
[1m[33mLayer BLUETOOTH
:[0m[1m[33mLayer HCI_MON
:[0m[1m[32m	Adapter ID:[0m[1m 65535
[0m[1m[32m	Opcode:[0m[1m Control Open (14)
[0m[1m[32m	Cookie:[0m[1m 0x00000004
[0m[1m[32m	Format:[0m[1m Rqw (0x0000)
[0m[1m[32m	Version:[0m[1m 2
[0m[1m[32m	Revision:[0m[1m 22
[0m[1m[32m	Flags:[0m[1m 0x00000000
[0m[1m[32m	.... .... .... .... .... .... .... ...0 = Trusted Socket:[0m[1m False
[0m[1m[32m	Command Length:[0m[1m 16
[0m[1m[32m	Command:[0m[1m blueman-manager
[0m",30,1.0012249946594238,normal,0.70740473,0.2925953,0.70740473
1778740078.108677,"Packet (Length: 4)
[1m[33mLayer BLUETOOTH
:[0m[1m[33mLayer HCI_MON
:[0m[1m[32m	Adapter ID:[0m[1m 65535
[0m[1m[32m	Opcode:[0m[1m Control Close (15)
[0m[1m[32m	Cookie:[0m[1m 0x00000004
[0m",4,5.2928924560546875e-05,normal,0.5525397,0.44746026,0.5525397
1778740079.109881,"Packet (Length: 30)
[1m[33mLayer BLUETOOTH
:[0m[1m[33mLayer HCI_MON
:[0m[1m[32m	Adapter ID:[0m[1m 65535
[0m[1m[32m	Opcode:[0m[1m Control Open (14)
[0m[1m[32m	Cookie:[0m[1m 0x00000004
[0m[1m[32m	Format:[0m[1m Rqw (0x0000)
[0m[1m[32m	Version:[0m[1m 2
[0m[1m[32m	Revision:[0m[1m 22
[0m[1m[32m	Flags:[0m[1m 0x00000000
[0m[1m[32m	.... .... .... .... .... .... .... ...0 = Trusted Socket:[0m[1m False
[0m[1m[32m	Command Length:[0m[1m 16
[0m[1m[32m	Command:[0m[1m blueman-manager
[0m",30,1.001204013824463,normal,0.70740473,0.2925953,0.70740473
1778740079.109938,"Packet (Length: 4)
[1m[33mLayer BLUETOOTH
:[0m[1m[33mLayer HCI_MON
:[0m[1m[32m	Adapter ID:[0m[1m 65535
[0m[1m[32m	Opcode:[0m[1m Control Close (15)
[0m[1m[32m	Cookie:[0m[1m 0x00000004
[0m",4,5.698204040527344e-05,normal,0.5525397,0.44746026,0.5525397
1778740080.111054,"Packet (Length: 30)
[1m[33mLayer BLUETOOTH
:[0m[1m[33mLayer HCI_MON
:[0m[1m[32m	Adapter ID:[0m[1m 65535
[0m[1m[32m	Opcode:[0m[1m Control Open (14)
[0m[1m[32m	Cookie:[0m[1m 0x00000004
[0m[1m[32m	Format:[0m[1m Rqw (0x0000)
[0m[1m[32m	Version:[0m[1m 2
[0m[1m[32m	Revision:[0m[1m 22
[0m[1m[32m	Flags:[0m[1m 0x00000000
[0m[1m[32m	.... .... .... .... .... .... .... ...0 = Trusted Socket:[0m[1m False
[0m[1m[32m	Command Length:[0m[1m 16
[0m[1m[32m	Command:[0m[1m blueman-manager
[0m",30,1.0011160373687744,normal,0.70740473,0.2925953,0.70740473
1778740080.111102,"Packet (Length: 4)
[1m[33mLayer BLUETOOTH
:[0m[1m[33mLayer HCI_MON
:[0m[1m[32m	Adapter ID:[0m[1m 65535
[0m[1m[32m	Opcode:[0m[1m Control Close (15)
[0m[1m[32m	Cookie:[0m[1m 0x00000004
[0m",4,4.8160552978515625e-05,normal,0.5525397,0.44746026,0.5525397
1778740081.112378,"Packet (Length: 30)
[1m[33mLayer BLUETOOTH
:[0m[1m[33mLayer HCI_MON
:[0m[1m[32m	Adapter ID:[0m[1m 65535
[0m[1m[32m	Opcode:[0m[1m Control Open (14)
[0m[1m[32m	Cookie:[0m[1m 0x00000004
[0m[1m[32m	Format:[0m[1m Rqw (0x0000)
[0m[1m[32m	Version:[0m[1m 2
[0m[1m[32m	Revision:[0m[1m 22
[0m[1m[32m	Flags:[0m[1m 0x00000000
[0m[1m[32m	.... .... .... .... .... .... .... ...0 = Trusted Socket:[0m[1m False
[0m[1m[32m	Command Length:[0m[1m 16
[0m[1m[32m	Command:[0m[1m blueman-manager
[0m",30,1.0012757778167725,normal,0.70740473,0.2925953,0.70740473
1778740081.11243,"Packet (Length: 4)
[1m[33mLayer BLUETOOTH
:[0m[1m[33mLayer HCI_MON
:[0m[1m[32m	Adapter ID:[0m[1m 65535
[0m[1m[32m	Opcode:[0m[1m Control Close (15)
[0m[1m[32m	Cookie:[0m[1m 0x00000004
[0m",4,5.221366882324219e-05,normal,0.5525397,0.44746026,0.5525397
1778740081.725727,"Packet (Length: 7)
[1m[33mLayer BLUETOOTH
:[0m[1m[33mLayer HCI_MON
:[0m[1m[32m	Adapter ID:[0m[1m 0
[0m[1m[32m	Opcode:[0m[1m Control Command (16)
[0m[1m[32m	Cookie:[0m[1m 0x00000001
[0m[1m	Unknown data
[0m[1m[32m	Expert Info (Warning/Protocol):[0m[1m Unknown data
[0m[1m	Unknown data
[0m[1m[32m	Severity level:[0m[1m Warning
[0m[1m[32m	Group:[0m[1m Protocol
[0m[1m[32m	Opcode:[0m[1m Unknown (35)
[0m",7,0.6132969856262207,normal,0.6095242,0.39047587,0.6095242
1778740081.726162,"Packet (Length: 9)
[1m[33mLayer BLUETOOTH
:[0m[1m[33mLayer HCI_MON
:[0m[1m[32m	Adapter ID:[0m[1m 0
[0m[1m[32m	Opcode:[0m[1m HCI Command Packet (2)
[0m[1m[33mLayer BTHCI_CMD
:[0m[1m[32m	Command Opcode:[0m[1m LE Set Random Address (0x2005)
[0m[1m[32m	0010 00.. .... .... = Opcode Group Field:[0m[1m LE Controller Commands (0x08)
[0m[1m[32m	.... ..00 0000 0101 = Opcode Command Field:[0m[1m LE Set Random Address (0x005)
[0m[1m[32m	Parameter Total Length:[0m[1m 6
[0m[1m[32m	BD_ADDR:[0m[1m 26:53:c3:58:8b:4b
[0m",9,0.00043487548828125,normal,0.70578504,0.29421496,0.70578504
1778740081.726596,"Packet (Length: 6)
[1m[33mLayer BLUETOOTH
:[0m[1m[33mLayer HCI_MON
:[0m[1m[32m	Adapter ID:[0m[1m 0
[0m[1m[32m	Opcode:[0m[1m HCI Event Packet (3)
[0m[1m[33mLayer BTHCI_EVT
:[0m[1m[32m	Event Code:[0m[1m Command Complete (0x0e)
[0m[1m[32m	Parameter Total Length:[0m[1m 4
[0m[1m[32m	Number of Allowed Command Packets:[0m[1m 1
[0m[1m[32m	Command Opcode:[0m[1m LE Set Random Address (0x2005)
[0m[1m[32m	0010 00.. .... .... = Opcode Group Field:[0m[1m LE Controller Commands (0x08)
[0m[1m[32m	.... ..00 0000 0101 = Opcode Command Field:[0m[1m LE Set Random Address (0x005)
[0m[1m[32m	Status:[0m[1m Success (0x00)
[0m[1m[32m	Command in frame:[0m[1m 162
[0m[1m[32m	Command-Response Delta:[0m[1m 0.434ms
[0m",6,0.0004341602325439453,normal,0.70740473,0.2925953,0.70740473
1778740081.726683,"Packet (Length: 10)
[1m[33mLayer BLUETOOTH
:[0m[1m[33mLayer HCI_MON
:[0m[1m[32m	Adapter ID:[0m[1m 0
[0m[1m[32m	Opcode:[0m[1m HCI Command Packet (2)
[0m[1m[33mLayer BTHCI_CMD
:[0m[1m[32m	Command Opcode:[0m[1m LE Set Scan Parameters (0x200b)
[0m[1m[32m	0010 00.. .... .... = Opcode Group Field:[0m[1m LE Controller Commands (0x08)
[0m[1m[32m	.... ..00 0000 1011 = Opcode Command Field:[0m[1m LE Set Scan Parameters (0x00b)
[0m[1m[32m	Parameter Total Length:[0m[1m 7
[0m[1m[32m	Scan Type:[0m[1m Active (0x01)
[0m[1m[32m	Scan Interval:[0m[1m 11.25 ms (18 slots)
[0m[1m[32m	Scan Window:[0m[1m 11.25 ms (18 slots)
[0m[1m[32m	Own Address Type:[0m[1m Random Device Address (0x01)
[0m[1m[32m	Scan Filter Policy:[0m[1m 0x00, Decision Mode: No-decisions Mode
[0m[1m[32m	0000 .... = Reserved:[0m[1m 0x0
[0m[1m[32m	.... 00.. = Decision Mode:[0m[1m No-decisions Mode (0x0)
[0m[1m[32m	.... ..0. = Extended (Allow Unresolvable TargetA Address):[0m[1m False
[0m[1m[32m	.... ...0 = Filtered (Use Filter Accept List):[0m[1m False
[0m",10,8.678436279296875e-05,normal,0.70578504,0.29421496,0.70578504
1778740081.727035,"Packet (Length: 6)
[1m[33mLayer BLUETOOTH
:[0m[1m[33mLayer HCI_MON
:[0m[1m[32m	Adapter ID:[0m[1m 0
[0m[1m[32m	Opcode:[0m[1m HCI Event Packet (3)
[0m[1m[33mLayer BTHCI_EVT
:[0m[1m[32m	Event Code:[0m[1m Command Complete (0x0e)
[0m[1m[32m	Parameter Total Length:[0m[1m 4
[0m[1m[32m	Number of Allowed Command Packets:[0m[1m 1
[0m[1m[32m	Command Opcode:[0m[1m LE Set Scan Parameters (0x200b)
[0m[1m[32m	0010 00.. .... .... = Opcode Group Field:[0m[1m LE Controller Commands (0x08)
[0m[1m[32m	.... ..00 0000 1011 = Opcode Command Field:[0m[1m LE Set Scan Parameters (0x00b)
[0m[1m[32m	Status:[0m[1m Success (0x00)
[0m[1m[32m	Command in frame:[0m[1m 164
[0m[1m[32m	Command-Response Delta:[0m[1m 0.352ms
[0m",6,0.0003521442413330078,normal,0.70740473,0.2925953,0.70740473
1778740081.727109,"Packet (Length: 5)
[1m[33mLayer BLUETOOTH
:[0m[1m[33mLayer HCI_MON
:[0m[1m[32m	Adapter ID:[0m[1m 0
[0m[1m[32m	Opcode:[0m[1m HCI Command Packet (2)
[0m[1m[33mLayer BTHCI_CMD
:[0m[1m[32m	Command Opcode:[0m[1m LE Set Scan Enable (0x200c)
[0m[1m[32m	0010 00.. .... .... = Opcode Group Field:[0m[1m LE Controller Commands (0x08)
[0m[1m[32m	.... ..00 0000 1100 = Opcode Command Field:[0m[1m LE Set Scan Enable (0x00c)
[0m[1m[32m	Parameter Total Length:[0m[1m 2
[0m[1m[32m	Scan Enable:[0m[1m true (0x01)
[0m[1m[32m	Filter Duplicates:[0m[1m true (0x01)
[0m",5,7.390975952148438e-05,normal,0.70578504,0.29421496,0.70578504
1778740081.727516,"Packet (Length: 6)
[1m[33mLayer BLUETOOTH
:[0m[1m[33mLayer HCI_MON
:[0m[1m[32m	Adapter ID:[0m[1m 0
[0m[1m[32m	Opcode:[0m[1m HCI Event Packet (3)
[0m[1m[33mLayer BTHCI_EVT
:[0m[1m[32m	Event Code:[0m[1m Command Complete (0x0e)
[0m[1m[32m	Parameter Total Length:[0m[1m 4
[0m[1m[32m	Number of Allowed Command Packets:[0m[1m 1
[0m[1m[32m	Command Opcode:[0m[1m LE Set Scan Enable (0x200c)
[0m[1m[32m	0010 00.. .... .... = Opcode Group Field:[0m[1m LE Controller Commands (0x08)
[0m[1m[32m	.... ..00 0000 1100 = Opcode Command Field:[0m[1m LE Set Scan Enable (0x00c)
[0m[1m[32m	Status:[0m[1m Success (0x00)
[0m[1m[32m	Command in frame:[0m[1m 166
[0m[1m[32m	Command-Response Delta:[0m[1m 0.407ms
[0m",6,0.0004069805145263672,normal,0.70740473,0.2925953,0.70740473
1778740081.729451,"Packet (Length: 10)
[1m[33mLayer BLUETOOTH
:[0m[1m[33mLayer HCI_MON
:[0m[1m[32m	Adapter ID:[0m[1m 0
[0m[1m[32m	Opcode:[0m[1m Control Event (17)
[0m[1m[32m	Cookie:[0m[1m 0x00000001
[0m[1m[32m	Event:[0m[1m Command complete (0x0001)
[0m[1m	Unknown data
[0m[1m[32m	Expert Info (Warning/Protocol):[0m[1m Unknown data
[0m[1m	Unknown data
[0m[1m[32m	Severity level:[0m[1m Warning
[0m[1m[32m	Group:[0m[1m Protocol
[0m",10,0.0019350051879882812,normal,0.6095242,0.39047587,0.6095242
1778740081.729491,"Packet (Length: 8)
[1m[33mLayer BLUETOOTH
:[0m[1m[33mLayer HCI_MON
:[0m[1m[32m	Adapter ID:[0m[1m 0
[0m[1m[32m	Opcode:[0m[1m Control Event (17)
[0m[1m[32m	Cookie:[0m[1m 0x00000001
[0m[1m[32m	Event:[0m[1m Discovering (0x0013)
[0m[1m	Unknown data
[0m[1m[32m	Expert Info (Warning/Protocol):[0m[1m Unknown data
[0m[1m	Unknown data
[0m[1m[32m	Severity level:[0m[1m Warning
[0m[1m[32m	Group:[0m[1m Protocol
[0m",8,4.00543212890625e-05,DoS,0.6039318,0.6039318,0.39606816
1778740081.744228,"Packet (Length: 24)
[1m[33mLayer BLUETOOTH
:[0m[1m[33mLayer HCI_MON
:[0m[1m[32m	Adapter ID:[0m[1m 0
[0m[1m[32m	Opcode:[0m[1m HCI Event Packet (3)
[0m[1m[33mLayer BTHCI_EVT
:[0m[1m[32m	Event Code:[0m[1m LE Meta (0x3e)
[0m[1m[32m	Parameter Total Length:[0m[1m 22
[0m[1m[32m	Sub Event:[0m[1m LE Advertising Report (0x02)
[0m[1m[32m	Num Reports:[0m[1m 1
[0m[1m[32m	Event Type:[0m[1m Connectable Undirected Advertising (0x00)
[0m[1m[32m	Peer Address Type:[0m[1m Random Device Address (0x01)
[0m[1m[32m	BD_ADDR:[0m[1m f1:e3:c6:6a:c5:d8
[0m[1m[32m	Data Length:[0m[1m 10
[0m[1m	Advertising Data
[0m[1m	Service Data - 16 bit UUID
[0m[1m[32m	Length:[0m[1m 6
[0m[1m[32m	Type:[0m[1m Service Data - 16 bit UUID (0x16)
[0m[1m[32m	UUID 16:[0m[1m Google LLC (0xfe2c)
[0m[1m[32m	Service Data:[0m[1m 67b851
[0m[1m[32m	Power Level (dBm):[0m[1m -8
[0m[1m[32m	RSSI:[0m[1m -34 dBm
[0m[1m	Tx Power Level
[0m[1m[32m	Length:[0m[1m 2
[0m[1m[32m	Type:[0m[1m Tx Power Level (0x0a)
[0m",24,0.01473689079284668,DoS,0.5794004,0.5794004,0.4205996
1778740081.745175,"Packet (Length: 42)
[1m[33mLayer BLUETOOTH
:[0m[1m[33mLayer HCI_MON
:[0m[1m[32m	Adapter ID:[0m[1m 0
[0m[1m[32m	Opcode:[0m[1m HCI Event Packet (3)
[0m[1m[33mLayer BTHCI_EVT
:[0m[1m[32m	Event Code:[0m[1m LE Meta (0x3e)
[0m[1m[32m	Parameter Total Length:[0m[1m 40
[0m[1m[32m	Sub Event:[0m[1m LE Advertising Report (0x02)
[0m[1m[32m	Num Reports:[0m[1m 1
[0m[1m[32m	Event Type:[0m[1m Scan Response (0x04)
[0m[1m[32m	Peer Address Type:[0m[1m Random Device Address (0x01)
[0m[1m[32m	BD_ADDR:[0m[1m f1:e3:c6:6a:c5:d8
[0m[1m[32m	Data Length:[0m[1m 28
[0m[1m	Advertising Data
[0m[1m[32m	Device Name:[0m[1m realme Buds T200 Lite(BLE)
[0m[1m[32m	Length:[0m[1m 27
[0m[1m[32m	Type:[0m[1m Device Name (0x09)
[0m[1m[32m	Device Name:[0m[1m realme Buds T200 Lite(BLE)
[0m[1m[32m	RSSI:[0m[1m -34 dBm
[0m",42,0.0009469985961914062,DoS,0.7264256,0.7264256,0.27357438
1778740081.745242,"Packet (Length: 58)
[1m[33mLayer BLUETOOTH
:[0m[1m[33mLayer HCI_MON
:[0m[1m[32m	Adapter ID:[0m[1m 0
[0m[1m[32m	Opcode:[0m[1m Control Event (17)
[0m[1m[32m	Cookie:[0m[1m 0x00000001
[0m[1m[32m	Event:[0m[1m Device found (0x0012)
[0m[1m	Unknown data
[0m[1m[32m	Expert Info (Warning/Protocol):[0m[1m Unknown data
[0m[1m	Unknown data
[0m[1m[32m	Severity level:[0m[1m Warning
[0m[1m[32m	Group:[0m[1m Protocol
[0m",58,6.723403930664062e-05,DoS,0.7302899,0.7302899,0.26971012
1778740081.772748,"Packet (Length: 29)
[1m[33mLayer BLUETOOTH
:[0m[1m[33mLayer HCI_MON
:[0m[1m[32m	Adapter ID:[0m[1m 0
[0m[1m[32m	Opcode:[0m[1m HCI Event Packet (3)
[0m[1m[33mLayer BTHCI_EVT
:[0m[1m[32m	Event Code:[0m[1m LE Meta (0x3e)
[0m[1m[32m	Parameter Total Length:[0m[1m 27
[0m[1m[32m	Sub Event:[0m[1m LE Advertising Report (0x02)
[0m[1m[32m	Num Reports:[0m[1m 1
[0m[1m[32m	Event Type:[0m[1m Non-Connectable Undirected Advertising (0x03)
[0m[1m[32m	Peer Address Type:[0m[1m Random Device Address (0x01)
[0m[1m[32m	BD_ADDR:[0m[1m 15:7e:9d:a5:f4:88
[0m[1m[32m	Data Length:[0m[1m 15
[0m[1m	Advertising Data
[0m[1m	Flags
[0m[1m[32m	Length:[0m[1m 2
[0m[1m[32m	Type:[0m[1m Flags (0x01)
[0m[1m[32m	000. .... = Reserved:[0m[1m 0x0
[0m[1m[32m	...1 .... = Simultaneous LE and BR/EDR to Same Device Capable (Host):[0m[1m true (0x1)
[0m[1m[32m	.... 1... = Simultaneous LE and BR/EDR to Same Device Capable (Controller):[0m[1m true (0x1)
[0m[1m[32m	.... .0.. = BR/EDR Not Supported:[0m[1m false (0x0)
[0m[1m[32m	.... ..1. = LE General Discoverable Mode:[0m[1m true (0x1)
[0m[1m[32m	.... ...0 = LE Limited Discoverable Mode:[0m[1m false (0x0)
[0m[1m[32m	Company ID:[0m[1m Apple, Inc. (0x004c)
[0m[1m[32m	Data:[0m[1m 090603530ae69d4e
[0m[1m[32m	Expert Info (Note/Undecoded):[0m[1m Undecoded
[0m[1m	Undecoded
[0m[1m[32m	Severity level:[0m[1m Note
[0m[1m[32m	Group:[0m[1m Undecoded
[0m[1m[32m	RSSI:[0m[1m -62 dBm
[0m[1m	Manufacturer Specific
[0m[1m[32m	Length:[0m[1m 11
[0m[1m[32m	Type:[0m[1m Manufacturer Specific (0xff)
[0m",29,0.027505874633789062,DoS,0.6791787,0.6791787,0.3208213
1778740081.772833,"Packet (Length: 35)
[1m[33mLayer BLUETOOTH
:[0m[1m[33mLayer HCI_MON
:[0m[1m[32m	Adapter ID:[0m[1m 0
[0m[1m[32m	Opcode:[0m[1m Control Event (17)
[0m[1m[32m	Cookie:[0m[1m 0x00000001
[0m[1m[32m	Event:[0m[1m Device found (0x0012)
[0m[1m	Unknown data
[0m[1m[32m	Expert Info (Warning/Protocol):[0m[1m Unknown data
[0m[1m	Unknown data
[0m[1m[32m	Severity level:[0m[1m Warning
[0m[1m[32m	Group:[0m[1m Protocol
[0m",35,8.511543273925781e-05,DoS,0.7295198,0.7295198,0.27048025
1778740081.837222,"Packet (Length: 31)
[1m[33mLayer BLUETOOTH
:[0m[1m[33mLayer HCI_MON
:[0m[1m[32m	Adapter ID:[0m[1m 0
[0m[1m[32m	Opcode:[0m[1m HCI Event Packet (3)
[0m[1m[33mLayer BTHCI_EVT
:[0m[1m[32m	Event Code:[0m[1m LE Meta (0x3e)
[0m[1m[32m	Parameter Total Length:[0m[1m 29
[0m[1m[32m	Sub Event:[0m[1m LE Advertising Report (0x02)
[0m[1m[32m	Num Reports:[0m[1m 1
[0m[1m[32m	Event Type:[0m[1m Connectable Undirected Advertising (0x00)
[0m[1m[32m	Peer Address Type:[0m[1m Random Device Address (0x01)
[0m[1m[32m	BD_ADDR:[0m[1m 5f:50:80:1d:4b:7b
[0m[1m[32m	Data Length:[0m[1m 17
[0m[1m	Advertising Data
[0m[1m	Flags
[0m[1m[32m	Length:[0m[1m 2
[0m[1m[32m	Type:[0m[1m Flags (0x01)
[0m[1m[32m	000. .... = Reserved:[0m[1m 0x0
[0m[1m[32m	...1 .... = Simultaneous LE and BR/EDR to Same Device Capable (Host):[0m[1m true (0x1)
[0m[1m[32m	.... 1... = Simultaneous LE and BR/EDR to Same Device Capable (Controller):[0m[1m true (0x1)
[0m[1m[32m	.... .0.. = BR/EDR Not Supported:[0m[1m false (0x0)
[0m[1m[32m	.... ..1. = LE General Discoverable Mode:[0m[1m true (0x1)
[0m[1m[32m	.... ...0 = LE Limited Discoverable Mode:[0m[1m false (0x0)
[0m[1m[32m	Power Level (dBm):[0m[1m 12
[0m[1m[32m	Company ID:[0m[1m Apple, Inc. (0x004c)
[0m[1m[32m	Data:[0m[1m 1005021cbea404
[0m[1m[32m	Expert Info (Note/Undecoded):[0m[1m Undecoded
[0m[1m	Undecoded
[0m[1m[32m	Severity level:[0m[1m Note
[0m[1m[32m	Group:[0m[1m Undecoded
[0m[1m[32m	RSSI:[0m[1m -51 dBm
[0m[1m	Tx Power Level
[0m[1m	Manufacturer Specific
[0m[1m[32m	Length:[0m[1m 2
[0m[1m[32m	Length:[0m[1m 10
[0m[1m[32m	Type:[0m[1m Tx Power Level (0x0a)
[0m[1m[32m	Type:[0m[1m Manufacturer Specific (0xff)
[0m",31,0.06438899040222168,DoS,0.6959583,0.6959583,0.30404168
1778740081.837873,"Packet (Length: 14)
[1m[33mLayer BLUETOOTH
:[0m[1m[33mLayer HCI_MON
:[0m[1m[32m	Adapter ID:[0m[1m 0
[0m[1m[32m	Opcode:[0m[1m HCI Event Packet (3)
[0m[1m[33mLayer BTHCI_EVT
:[0m[1m[32m	Event Code:[0m[1m LE Meta (0x3e)
[0m[1m[32m	Parameter Total Length:[0m[1m 12
[0m[1m[32m	Sub Event:[0m[1m LE Advertising Report (0x02)
[0m[1m[32m	Num Reports:[0m[1m 1
[0m[1m[32m	Event Type:[0m[1m Scan Response (0x04)
[0m[1m[32m	Peer Address Type:[0m[1m Random Device Address (0x01)
[0m[1m[32m	BD_ADDR:[0m[1m 5f:50:80:1d:4b:7b
[0m[1m[32m	Data Length:[0m[1m 0
[0m[1m[32m	RSSI:[0m[1m -51 dBm
[0m",14,0.0006508827209472656,normal,0.5983122,0.4016878,0.5983122
1778740081.837924,"Packet (Length: 37)
[1m[33mLayer BLUETOOTH
:[0m[1m[33mLayer HCI_MON
:[0m[1m[32m	Adapter ID:[0m[1m 0
[0m[1m[32m	Opcode:[0m[1m Control Event (17)
[0m[1m[32m	Cookie:[0m[1m 0x00000001
[0m[1m[32m	Event:[0m[1m Device found (0x0012)
[0m[1m	Unknown data
[0m[1m[32m	Expert Info (Warning/Protocol):[0m[1m Unknown data
[0m[1m	Unknown data
[0m[1m[32m	Severity level:[0m[1m Warning
[0m[1m[32m	Group:[0m[1m Protocol
[0m",37,5.1021575927734375e-05,DoS,0.7295198,0.7295198,0.27048025
1778740081.898382,"Packet (Length: 32)
[1m[33mLayer BLUETOOTH
:[0m[1m[33mLayer HCI_MON
:[0m[1m[32m	Adapter ID:[0m[1m 0
[0m[1m[32m	Opcode:[0m[1m HCI Event Packet (3)
[0m[1m[33mLayer BTHCI_EVT
:[0m[1m[32m	Event Code:[0m[1m LE Meta (0x3e)
[0m[1m[32m	Parameter Total Length:[0m[1m 30
[0m[1m[32m	Sub Event:[0m[1m LE Advertising Report (0x02)
[0m[1m[32m	Num Reports:[0m[1m 1
[0m[1m[32m	Event Type:[0m[1m Connectable Undirected Advertising (0x00)
[0m[1m[32m	Peer Address Type:[0m[1m Random Device Address (0x01)
[0m[1m[32m	BD_ADDR:[0m[1m 7c:d6:b3:3f:c3:ad
[0m[1m[32m	Data Length:[0m[1m 18
[0m[1m	Advertising Data
[0m[1m	Flags
[0m[1m[32m	Length:[0m[1m 2
[0m[1m[32m	Type:[0m[1m Flags (0x01)
[0m[1m[32m	000. .... = Reserved:[0m[1m 0x0
[0m[1m[32m	...1 .... = Simultaneous LE and BR/EDR to Same Device Capable (Host):[0m[1m true (0x1)
[0m[1m[32m	.... 1... = Simultaneous LE and BR/EDR to Same Device Capable (Controller):[0m[1m true (0x1)
[0m[1m[32m	.... .0.. = BR/EDR Not Supported:[0m[1m false (0x0)
[0m[1m[32m	.... ..1. = LE General Discoverable Mode:[0m[1m true (0x1)
[0m[1m[32m	.... ...0 = LE Limited Discoverable Mode:[0m[1m false (0x0)
[0m[1m[32m	Power Level (dBm):[0m[1m 15
[0m[1m[32m	Company ID:[0m[1m Apple, Inc. (0x004c)
[0m[1m[32m	Data:[0m[1m 1006711e6e97118f
[0m[1m[32m	Expert Info (Note/Undecoded):[0m[1m Undecoded
[0m[1m	Undecoded
[0m[1m[32m	Severity level:[0m[1m Note
[0m[1m[32m	Group:[0m[1m Undecoded
[0m[1m[32m	RSSI:[0m[1m -37 dBm
[0m[1m	Tx Power Level
[0m[1m	Manufacturer Specific
[0m[1m[32m	Length:[0m[1m 2
[0m[1m[32m	Length:[0m[1m 11
[0m[1m[32m	Type:[0m[1m Tx Power Level (0x0a)
[0m[1m[32m	Type:[0m[1m Manufacturer Specific (0xff)
[0m",32,0.06045794486999512,DoS,0.70089483,0.70089483,0.2991052
1778740081.899018,"Packet (Length: 14)
[1m[33mLayer BLUETOOTH
:[0m[1m[33mLayer HCI_MON
:[0m[1m[32m	Adapter ID:[0m[1m 0
[0m[1m[32m	Opcode:[0m[1m HCI Event Packet (3)
[0m[1m[33mLayer BTHCI_EVT
:[0m[1m[32m	Event Code:[0m[1m LE Meta (0x3e)
[0m[1m[32m	Parameter Total Length:[0m[1m 12
[0m[1m[32m	Sub Event:[0m[1m LE Advertising Report (0x02)
[0m[1m[32m	Num Reports:[0m[1m 1
[0m[1m[32m	Event Type:[0m[1m Scan Response (0x04)
[0m[1m[32m	Peer Address Type:[0m[1m Random Device Address (0x01)
[0m[1m[32m	BD_ADDR:[0m[1m 7c:d6:b3:3f:c3:ad
[0m[1m[32m	Data Length:[0m[1m 0
[0m[1m[32m	RSSI:[0m[1m -37 dBm
[0m",14,0.0006361007690429688,normal,0.5983122,0.4016878,0.5983122
1778740081.899082,"Packet (Length: 38)
[1m[33mLayer BLUETOOTH
:[0m[1m[33mLayer HCI_MON
:[0m[1m[32m	Adapter ID:[0m[1m 0
[0m[1m[32m	Opcode:[0m[1m Control Event (17)
[0m[1m[32m	Cookie:[0m[1m 0x00000001
[0m[1m[32m	Event:[0m[1m Device found (0x0012)
[0m[1m	Unknown data
[0m[1m[32m	Expert Info (Warning/Protocol):[0m[1m Unknown data
[0m[1m	Unknown data
[0m[1m[32m	Severity level:[0m[1m Warning
[0m[1m[32m	Group:[0m[1m Protocol
[0m",38,6.389617919921875e-05,DoS,0.7295198,0.7295198,0.27048025
1778740081.959831,"Packet (Length: 22)
[1m[33mLayer BLUETOOTH
:[0m[1m[33mLayer HCI_MON
:[0m[1m[32m	Adapter ID:[0m[1m 0
[0m[1m[32m	Opcode:[0m[1m HCI Event Packet (3)
[0m[1m[33mLayer BTHCI_EVT
:[0m[1m[32m	Event Code:[0m[1m LE Meta (0x3e)
[0m[1m[32m	Parameter Total Length:[0m[1m 20
[0m[1m[32m	Sub Event:[0m[1m LE Advertising Report (0x02)
[0m[1m[32m	Num Reports:[0m[1m 1
[0m[1m[32m	Event Type:[0m[1m Non-Connectable Undirected Advertising (0x03)
[0m[1m[32m	Peer Address Type:[0m[1m Random Device Address (0x01)
[0m[1m[32m	BD_ADDR:[0m[1m cd:ec:cb:93:c1:c0
[0m[1m[32m	Data Length:[0m[1m 8
[0m[1m	Advertising Data
[0m[1m	Manufacturer Specific
[0m[1m[32m	Length:[0m[1m 7
[0m[1m[32m	Type:[0m[1m Manufacturer Specific (0xff)
[0m[1m[32m	Company ID:[0m[1m Apple, Inc. (0x004c)
[0m[1m[32m	Data:[0m[1m 12020000
[0m[1m[32m	Expert Info (Note/Undecoded):[0m[1m Undecoded
[0m[1m	Undecoded
[0m[1m[32m	Severity level:[0m[1m Note
[0m[1m[32m	Group:[0m[1m Undecoded
[0m[1m[32m	RSSI:[0m[1m -86 dBm
[0m",22,0.060749053955078125,DoS,0.53704137,0.53704137,0.4629586
1778740081.959955,"Packet (Length: 28)
[1m[33mLayer BLUETOOTH
:[0m[1m[33mLayer HCI_MON
:[0m[1m[32m	Adapter ID:[0m[1m 0
[0m[1m[32m	Opcode:[0m[1m Control Event (17)
[0m[1m[32m	Cookie:[0m[1m 0x00000001
[0m[1m[32m	Event:[0m[1m Device found (0x0012)
[0m[1m	Unknown data
[0m[1m[32m	Expert Info (Warning/Protocol):[0m[1m Unknown data
[0m[1m	Unknown data
[0m[1m[32m	Severity level:[0m[1m Warning
[0m[1m[32m	Group:[0m[1m Protocol
[0m",28,0.0001239776611328125,DoS,0.6688803,0.6688803,0.33111975
1778740082.28094,"Packet (Length: 30)
[1m[33mLayer BLUETOOTH
:[0m[1m[33mLayer HCI_MON
:[0m[1m[32m	Adapter ID:[0m[1m 65535
[0m[1m[32m	Opcode:[0m[1m Control Open (14)
[0m[1m[32m	Cookie:[0m[1m 0x00000004
[0m[1m[32m	Format:[0m[1m Rqw (0x0000)
[0m[1m[32m	Version:[0m[1m 2
[0m[1m[32m	Revision:[0m[1m 22
[0m[1m[32m	Flags:[0m[1m 0x00000000
[0m[1m[32m	.... .... .... .... .... .... .... ...0 = Trusted Socket:[0m[1m False
[0m[1m[32m	Command Length:[0m[1m 16
[0m[1m[32m	Command:[0m[1m blueman-manager
[0m",30,0.3209850788116455,normal,0.70740473,0.2925953,0.70740473
1778740082.28097,"Packet (Length: 4)
[1m[33mLayer BLUETOOTH
:[0m[1m[33mLayer HCI_MON
:[0m[1m[32m	Adapter ID:[0m[1m 65535
[0m[1m[32m	Opcode:[0m[1m Control Close (15)
[0m[1m[32m	Cookie:[0m[1m 0x00000004
[0m",4,3.0040740966796875e-05,normal,0.5525397,0.44746026,0.5525397
1778740082.313102,"Packet (Length: 22)
[1m[33mLayer BLUETOOTH
:[0m[1m[33mLayer HCI_MON
:[0m[1m[32m	Adapter ID:[0m[1m 0
[0m[1m[32m	Opcode:[0m[1m HCI Event Packet (3)
[0m[1m[33mLayer BTHCI_EVT
:[0m[1m[32m	Event Code:[0m[1m LE Meta (0x3e)
[0m[1m[32m	Parameter Total Length:[0m[1m 20
[0m[1m[32m	Sub Event:[0m[1m LE Advertising Report (0x02)
[0m[1m[32m	Num Reports:[0m[1m 1
[0m[1m[32m	Event Type:[0m[1m Non-Connectable Undirected Advertising (0x03)
[0m[1m[32m	Peer Address Type:[0m[1m Random Device Address (0x01)
[0m[1m[32m	BD_ADDR:[0m[1m eb:b0:75:f2:4a:24
[0m[1m[32m	Data Length:[0m[1m 8
[0m[1m	Advertising Data
[0m[1m	Manufacturer Specific
[0m[1m[32m	Length:[0m[1m 7
[0m[1m[32m	Type:[0m[1m Manufacturer Specific (0xff)
[0m[1m[32m	Company ID:[0m[1m Apple, Inc. (0x004c)
[0m[1m[32m	Data:[0m[1m 12020001
[0m[1m[32m	Expert Info (Note/Undecoded):[0m[1m Undecoded
[0m[1m	Undecoded
[0m[1m[32m	Severity level:[0m[1m Note
[0m[1m[32m	Group:[0m[1m Undecoded
[0m[1m[32m	RSSI:[0m[1m -81 dBm
[0m",22,0.03213191032409668,DoS,0.53704137,0.53704137,0.4629586
1778740082.313182,"Packet (Length: 28)
[1m[33mLayer BLUETOOTH
:[0m[1m[33mLayer HCI_MON
:[0m[1m[32m	Adapter ID:[0m[1m 0
[0m[1m[32m	Opcode:[0m[1m Control Event (17)
[0m[1m[32m	Cookie:[0m[1m 0x00000001
[0m[1m[32m	Event:[0m[1m Device found (0x0012)
[0m[1m	Unknown data
[0m[1m[32m	Expert Info (Warning/Protocol):[0m[1m Unknown data
[0m[1m	Unknown data
[0m[1m[32m	Severity level:[0m[1m Warning
[0m[1m[32m	Group:[0m[1m Protocol
[0m",28,8.0108642578125e-05,DoS,0.6688803,0.6688803,0.33111975
1778740082.570996,"Packet (Length: 22)
[1m[33mLayer BLUETOOTH
:[0m[1m[33mLayer HCI_MON
:[0m[1m[32m	Adapter ID:[0m[1m 0
[0m[1m[32m	Opcode:[0m[1m HCI Event Packet (3)
[0m[1m[33mLayer BTHCI_EVT
:[0m[1m[32m	Event Code:[0m[1m LE Meta (0x3e)
[0m[1m[32m	Parameter Total Length:[0m[1m 20
[0m[1m[32m	Sub Event:[0m[1m LE Advertising Report (0x02)
[0m[1m[32m	Num Reports:[0m[1m 1
[0m[1m[32m	Event Type:[0m[1m Non-Connectable Undirected Advertising (0x03)
[0m[1m[32m	Peer Address Type:[0m[1m Random Device Address (0x01)
[0m[1m[32m	BD_ADDR:[0m[1m c0:e2:03:13:dd:9b
[0m[1m[32m	Data Length:[0m[1m 8
[0m[1m	Advertising Data
[0m[1m	Manufacturer Specific
[0m[1m[32m	Length:[0m[1m 7
[0m[1m[32m	Type:[0m[1m Manufacturer Specific (0xff)
[0m[1m[32m	Company ID:[0m[1m Apple, Inc. (0x004c)
[0m[1m[32m	Data:[0m[1m 12020001
[0m[1m[32m	Expert Info (Note/Undecoded):[0m[1m Undecoded
[0m[1m	Undecoded
[0m[1m[32m	Severity level:[0m[1m Note
[0m[1m[32m	Group:[0m[1m Undecoded
[0m[1m[32m	RSSI:[0m[1m -31 dBm
[0m",22,0.2578139305114746,DoS,0.53704137,0.53704137,0.4629586
1778740082.571072,"Packet (Length: 28)
[1m[33mLayer BLUETOOTH
:[0m[1m[33mLayer HCI_MON
:[0m[1m[32m	Adapter ID:[0m[1m 0
[0m[1m[32m	Opcode:[0m[1m Control Event (17)
[0m[1m[32m	Cookie:[0m[1m 0x00000001
[0m[1m[32m	Event:[0m[1m Device found (0x0012)
[0m[1m	Unknown data
[0m[1m[32m	Expert Info (Warning/Protocol):[0m[1m Unknown data
[0m[1m	Unknown data
[0m[1m[32m	Severity level:[0m[1m Warning
[0m[1m[32m	Group:[0m[1m Protocol
[0m",28,7.605552673339844e-05,DoS,0.6688803,0.6688803,0.33111975
1778740082.69879,"Packet (Length: 36)
[1m[33mLayer BLUETOOTH
:[0m[1m[33mLayer HCI_MON
:[0m[1m[32m	Adapter ID:[0m[1m 0
[0m[1m[32m	Opcode:[0m[1m HCI Event Packet (3)
[0m[1m[33mLayer BTHCI_EVT
:[0m[1m[32m	Event Code:[0m[1m LE Meta (0x3e)
[0m[1m[32m	Parameter Total Length:[0m[1m 34
[0m[1m[32m	Sub Event:[0m[1m LE Advertising Report (0x02)
[0m[1m[32m	Num Reports:[0m[1m 1
[0m[1m[32m	Event Type:[0m[1m Connectable Undirected Advertising (0x00)
[0m[1m[32m	Peer Address Type:[0m[1m Random Device Address (0x01)
[0m[1m[32m	BD_ADDR:[0m[1m 5e:60:8b:a8:ea:c0
[0m[1m[32m	Data Length:[0m[1m 22
[0m[1m	Advertising Data
[0m[1m	Flags
[0m[1m[32m	Length:[0m[1m 2
[0m[1m[32m	Type:[0m[1m Flags (0x01)
[0m[1m[32m	000. .... = Reserved:[0m[1m 0x0
[0m[1m[32m	...0 .... = Simultaneous LE and BR/EDR to Same Device Capable (Host):[0m[1m false (0x0)
[0m[1m[32m	.... 0... = Simultaneous LE and BR/EDR to Same Device Capable (Controller):[0m[1m false (0x0)
[0m[1m[32m	.... .0.. = BR/EDR Not Supported:[0m[1m false (0x0)
[0m[1m[32m	.... ..1. = LE General Discoverable Mode:[0m[1m true (0x1)
[0m[1m[32m	.... ...0 = LE Limited Discoverable Mode:[0m[1m false (0x0)
[0m[1m[32m	Company ID:[0m[1m Samsung Electronics Co. Ltd. (0x0075)
[0m[1m[32m	Data:[0m[1m 010002000103ff00004306
[0m[1m[32m	Expert Info (Note/Undecoded):[0m[1m Undecoded
[0m[1m	Undecoded
[0m[1m[32m	Severity level:[0m[1m Note
[0m[1m[32m	Group:[0m[1m Undecoded
[0m[1m[32m	Appearance:[0m[1m Generic Watch (0x00c0)
[0m[1m[32m	RSSI:[0m[1m -82 dBm
[0m[1m	Manufacturer Specific
[0m[1m[32m	Appearance:[0m[1m Generic Watch
[0m[1m[32m	Length:[0m[1m 14
[0m[1m[32m	Length:[0m[1m 3
[0m[1m[32m	Type:[0m[1m Manufacturer Specific (0xff)
[0m[1m[32m	Type:[0m[1m Appearance (0x19)
[0m",36,0.1277179718017578,DoS,0.7233095,0.7233095,0.2766905
1778740083.281835,"Packet (Length: 30)
[1m[33mLayer BLUETOOTH
:[0m[1m[33mLayer HCI_MON
:[0m[1m[32m	Adapter ID:[0m[1m 65535
[0m[1m[32m	Opcode:[0m[1m Control Open (14)
[0m[1m[32m	Cookie:[0m[1m 0x00000004
[0m[1m[32m	Format:[0m[1m Rqw (0x0000)
[0m[1m[32m	Version:[0m[1m 2
[0m[1m[32m	Revision:[0m[1m 22
[0m[1m[32m	Flags:[0m[1m 0x00000000
[0m[1m[32m	.... .... .... .... .... .... .... ...0 = Trusted Socket:[0m[1m False
[0m[1m[32m	Command Length:[0m[1m 16
[0m[1m[32m	Command:[0m[1m blueman-manager
[0m",30,0.5830450057983398,normal,0.70740473,0.2925953,0.70740473
1778740083.281875,"Packet (Length: 4)
[1m[33mLayer BLUETOOTH
:[0m[1m[33mLayer HCI_MON
:[0m[1m[32m	Adapter ID:[0m[1m 65535
[0m[1m[32m	Opcode:[0m[1m Control Close (15)
[0m[1m[32m	Cookie:[0m[1m 0x00000004
[0m",4,3.981590270996094e-05,normal,0.5525397,0.44746026,0.5525397
1778740083.77074,"Packet (Length: 31)
[1m[33mLayer BLUETOOTH
:[0m[1m[33mLayer HCI_MON
:[0m[1m[32m	Adapter ID:[0m[1m 0
[0m[1m[32m	Opcode:[0m[1m HCI Event Packet (3)
[0m[1m[33mLayer BTHCI_EVT
:[0m[1m[32m	Event Code:[0m[1m LE Meta (0x3e)
[0m[1m[32m	Parameter Total Length:[0m[1m 29
[0m[1m[32m	Sub Event:[0m[1m LE Advertising Report (0x02)
[0m[1m[32m	Num Reports:[0m[1m 1
[0m[1m[32m	Event Type:[0m[1m Connectable Undirected Advertising (0x00)
[0m[1m[32m	Peer Address Type:[0m[1m Random Device Address (0x01)
[0m[1m[32m	BD_ADDR:[0m[1m 77:63:a2:17:70:a4
[0m[1m[32m	Data Length:[0m[1m 17
[0m[1m	Advertising Data
[0m[1m	Flags
[0m[1m[32m	Length:[0m[1m 2
[0m[1m[32m	Type:[0m[1m Flags (0x01)
[0m[1m[32m	000. .... = Reserved:[0m[1m 0x0
[0m[1m[32m	...1 .... = Simultaneous LE and BR/EDR to Same Device Capable (Host):[0m[1m true (0x1)
[0m[1m[32m	.... 1... = Simultaneous LE and BR/EDR to Same Device Capable (Controller):[0m[1m true (0x1)
[0m[1m[32m	.... .0.. = BR/EDR Not Supported:[0m[1m false (0x0)
[0m[1m[32m	.... ..1. = LE General Discoverable Mode:[0m[1m true (0x1)
[0m[1m[32m	.... ...0 = LE Limited Discoverable Mode:[0m[1m false (0x0)
[0m[1m[32m	Power Level (dBm):[0m[1m 8
[0m[1m[32m	Company ID:[0m[1m Apple, Inc. (0x004c)
[0m[1m[32m	Data:[0m[1m 10052318d13eec
[0m[1m[32m	Expert Info (Note/Undecoded):[0m[1m Undecoded
[0m[1m	Undecoded
[0m[1m[32m	Severity level:[0m[1m Note
[0m[1m[32m	Group:[0m[1m Undecoded
[0m[1m[32m	RSSI:[0m[1m -81 dBm
[0m[1m	Tx Power Level
[0m[1m	Manufacturer Specific
[0m[1m[32m	Length:[0m[1m 2
[0m[1m[32m	Length:[0m[1m 10
[0m[1m[32m	Type:[0m[1m Tx Power Level (0x0a)
[0m[1m[32m	Type:[0m[1m Manufacturer Specific (0xff)
[0m",31,0.4888651371002197,DoS,0.6959583,0.6959583,0.30404168
1778740083.770834,"Packet (Length: 42)
[1m[33mLayer BLUETOOTH
:[0m[1m[33mLayer HCI_MON
:[0m[1m[32m	Adapter ID:[0m[1m 0
[0m[1m[32m	Opcode:[0m[1m Control Event (17)
[0m[1m[32m	Cookie:[0m[1m 0x00000001
[0m[1m[32m	Event:[0m[1m Device found (0x0012)
[0m[1m	Unknown data
[0m[1m[32m	Expert Info (Warning/Protocol):[0m[1m Unknown data
[0m[1m	Unknown data
[0m[1m[32m	Severity level:[0m[1m Warning
[0m[1m[32m	Group:[0m[1m Protocol
[0m",42,9.393692016601562e-05,DoS,0.7302899,0.7302899,0.26971012
1778740083.771385,"Packet (Length: 14)
[1m[33mLayer BLUETOOTH
:[0m[1m[33mLayer HCI_MON
:[0m[1m[32m	Adapter ID:[0m[1m 0
[0m[1m[32m	Opcode:[0m[1m HCI Event Packet (3)
[0m[1m[33mLayer BTHCI_EVT
:[0m[1m[32m	Event Code:[0m[1m LE Meta (0x3e)
[0m[1m[32m	Parameter Total Length:[0m[1m 12
[0m[1m[32m	Sub Event:[0m[1m LE Advertising Report (0x02)
[0m[1m[32m	Num Reports:[0m[1m 1
[0m[1m[32m	Event Type:[0m[1m Scan Response (0x04)
[0m[1m[32m	Peer Address Type:[0m[1m Random Device Address (0x01)
[0m[1m[32m	BD_ADDR:[0m[1m 77:63:a2:17:70:a4
[0m[1m[32m	Data Length:[0m[1m 0
[0m[1m[32m	RSSI:[0m[1m -86 dBm
[0m",14,0.0005509853363037109,normal,0.5983122,0.4016878,0.5983122
1778740083.771446,"Packet (Length: 37)
[1m[33mLayer BLUETOOTH
:[0m[1m[33mLayer HCI_MON
:[0m[1m[32m	Adapter ID:[0m[1m 0
[0m[1m[32m	Opcode:[0m[1m Control Event (17)
[0m[1m[32m	Cookie:[0m[1m 0x00000001
[0m[1m[32m	Event:[0m[1m Device found (0x0012)
[0m[1m	Unknown data
[0m[1m[32m	Expert Info (Warning/Protocol):[0m[1m Unknown data
[0m[1m	Unknown data
[0m[1m[32m	Severity level:[0m[1m Warning
[0m[1m[32m	Group:[0m[1m Protocol
[0m",37,6.103515625e-05,DoS,0.7295198,0.7295198,0.27048025
1778740084.210335,"Packet (Length: 33)
[1m[33mLayer BLUETOOTH
:[0m[1m[33mLayer HCI_MON
:[0m[1m[32m	Adapter ID:[0m[1m 0
[0m[1m[32m	Opcode:[0m[1m HCI Event Packet (3)
[0m[1m[33mLayer BTHCI_EVT
:[0m[1m[32m	Event Code:[0m[1m LE Meta (0x3e)
[0m[1m[32m	Parameter Total Length:[0m[1m 31
[0m[1m[32m	Sub Event:[0m[1m LE Advertising Report (0x02)
[0m[1m[32m	Num Reports:[0m[1m 1
[0m[1m[32m	Event Type:[0m[1m Connectable Undirected Advertising (0x00)
[0m[1m[32m	Peer Address Type:[0m[1m Random Device Address (0x01)
[0m[1m[32m	BD_ADDR:[0m[1m 44:11:04:d4:af:ee
[0m[1m[32m	Data Length:[0m[1m 19
[0m[1m	Advertising Data
[0m[1m	Flags
[0m[1m[32m	Length:[0m[1m 2
[0m[1m[32m	Type:[0m[1m Flags (0x01)
[0m[1m[32m	000. .... = Reserved:[0m[1m 0x0
[0m[1m[32m	...1 .... = Simultaneous LE and BR/EDR to Same Device Capable (Host):[0m[1m true (0x1)
[0m[1m[32m	.... 1... = Simultaneous LE and BR/EDR to Same Device Capable (Controller):[0m[1m true (0x1)
[0m[1m[32m	.... .0.. = BR/EDR Not Supported:[0m[1m false (0x0)
[0m[1m[32m	.... ..1. = LE General Discoverable Mode:[0m[1m true (0x1)
[0m[1m[32m	.... ...0 = LE Limited Discoverable Mode:[0m[1m false (0x0)
[0m[1m[32m	Power Level (dBm):[0m[1m 12
[0m[1m[32m	Company ID:[0m[1m Apple, Inc. (0x004c)
[0m[1m[32m	Data:[0m[1m 10072d1f64a14e0b48
[0m[1m[32m	Expert Info (Note/Undecoded):[0m[1m Undecoded
[0m[1m	Undecoded
[0m[1m[32m	Severity level:[0m[1m Note
[0m[1m[32m	Group:[0m[1m Undecoded
[0m[1m[32m	RSSI:[0m[1m -82 dBm
[0m[1m	Tx Power Level
[0m[1m	Manufacturer Specific
[0m[1m[32m	Length:[0m[1m 2
[0m[1m[32m	Length:[0m[1m 12
[0m[1m[32m	Type:[0m[1m Tx Power Level (0x0a)
[0m[1m[32m	Type:[0m[1m Manufacturer Specific (0xff)
[0m",33,0.4388890266418457,DoS,0.7106283,0.7106283,0.2893717
1778740084.210822,"Packet (Length: 14)
[1m[33mLayer BLUETOOTH
:[0m[1m[33mLayer HCI_MON
:[0m[1m[32m	Adapter ID:[0m[1m 0
[0m[1m[32m	Opcode:[0m[1m HCI Event Packet (3)
[0m[1m[33mLayer BTHCI_EVT
:[0m[1m[32m	Event Code:[0m[1m LE Meta (0x3e)
[0m[1m[32m	Parameter Total Length:[0m[1m 12
[0m[1m[32m	Sub Event:[0m[1m LE Advertising Report (0x02)
[0m[1m[32m	Num Reports:[0m[1m 1
[0m[1m[32m	Event Type:[0m[1m Scan Response (0x04)
[0m[1m[32m	Peer Address Type:[0m[1m Random Device Address (0x01)
[0m[1m[32m	BD_ADDR:[0m[1m 44:11:04:d4:af:ee
[0m[1m[32m	Data Length:[0m[1m 0
[0m[1m[32m	RSSI:[0m[1m -80 dBm
[0m",14,0.0004870891571044922,normal,0.5983122,0.4016878,0.5983122
1778740084.210878,"Packet (Length: 39)
[1m[33mLayer BLUETOOTH
:[0m[1m[33mLayer HCI_MON
:[0m[1m[32m	Adapter ID:[0m[1m 0
[0m[1m[32m	Opcode:[0m[1m Control Event (17)
[0m[1m[32m	Cookie:[0m[1m 0x00000001
[0m[1m[32m	Event:[0m[1m Device found (0x0012)
[0m[1m	Unknown data
[0m[1m[32m	Expert Info (Warning/Protocol):[0m[1m Unknown data
[0m[1m	Unknown data
[0m[1m[32m	Severity level:[0m[1m Warning
[0m[1m[32m	Group:[0m[1m Protocol
[0m",39,5.5789947509765625e-05,DoS,0.7302899,0.7302899,0.26971012
1778740084.37447,"Packet (Length: 30)
[1m[33mLayer BLUETOOTH
:[0m[1m[33mLayer HCI_MON
:[0m[1m[32m	Adapter ID:[0m[1m 65535
[0m[1m[32m	Opcode:[0m[1m Control Open (14)
[0m[1m[32m	Cookie:[0m[1m 0x00000004
[0m[1m[32m	Format:[0m[1m Rqw (0x0000)
[0m[1m[32m	Version:[0m[1m 2
[0m[1m[32m	Revision:[0m[1m 22
[0m[1m[32m	Flags:[0m[1m 0x00000000
[0m[1m[32m	.... .... .... .... .... .... .... ...0 = Trusted Socket:[0m[1m False
[0m[1m[32m	Command Length:[0m[1m 16
[0m[1m[32m	Command:[0m[1m blueman-manager
[0m",30,0.16359210014343262,normal,0.70740473,0.2925953,0.70740473
1778740084.374505,"Packet (Length: 4)
[1m[33mLayer BLUETOOTH
:[0m[1m[33mLayer HCI_MON
:[0m[1m[32m	Adapter ID:[0m[1m 65535
[0m[1m[32m	Opcode:[0m[1m Control Close (15)
[0m[1m[32m	Cookie:[0m[1m 0x00000004
[0m",4,3.504753112792969e-05,normal,0.5525397,0.44746026,0.5525397
1778740085.217802,"Packet (Length: 32)
[1m[33mLayer BLUETOOTH
:[0m[1m[33mLayer HCI_MON
:[0m[1m[32m	Adapter ID:[0m[1m 0
[0m[1m[32m	Opcode:[0m[1m HCI Event Packet (3)
[0m[1m[33mLayer BTHCI_EVT
:[0m[1m[32m	Event Code:[0m[1m LE Meta (0x3e)
[0m[1m[32m	Parameter Total Length:[0m[1m 30
[0m[1m[32m	Sub Event:[0m[1m LE Advertising Report (0x02)
[0m[1m[32m	Num Reports:[0m[1m 1
[0m[1m[32m	Event Type:[0m[1m Connectable Undirected Advertising (0x00)
[0m[1m[32m	Peer Address Type:[0m[1m Random Device Address (0x01)
[0m[1m[32m	BD_ADDR:[0m[1m 63:cf:92:fd:c2:30
[0m[1m[32m	Data Length:[0m[1m 18
[0m[1m	Advertising Data
[0m[1m	Flags
[0m[1m[32m	Length:[0m[1m 2
[0m[1m[32m	Type:[0m[1m Flags (0x01)
[0m[1m[32m	000. .... = Reserved:[0m[1m 0x0
[0m[1m[32m	...1 .... = Simultaneous LE and BR/EDR to Same Device Capable (Host):[0m[1m true (0x1)
[0m[1m[32m	.... 1... = Simultaneous LE and BR/EDR to Same Device Capable (Controller):[0m[1m true (0x1)
[0m[1m[32m	.... .0.. = BR/EDR Not Supported:[0m[1m false (0x0)
[0m[1m[32m	.... ..1. = LE General Discoverable Mode:[0m[1m true (0x1)
[0m[1m[32m	.... ...0 = LE Limited Discoverable Mode:[0m[1m false (0x0)
[0m[1m[32m	Power Level (dBm):[0m[1m 8
[0m[1m[32m	Company ID:[0m[1m Apple, Inc. (0x004c)
[0m[1m[32m	Data:[0m[1m 1006371e2b4206a1
[0m[1m[32m	Expert Info (Note/Undecoded):[0m[1m Undecoded
[0m[1m	Undecoded
[0m[1m[32m	Severity level:[0m[1m Note
[0m[1m[32m	Group:[0m[1m Undecoded
[0m[1m[32m	RSSI:[0m[1m -89 dBm
[0m[1m	Tx Power Level
[0m[1m	Manufacturer Specific
[0m[1m[32m	Length:[0m[1m 2
[0m[1m[32m	Length:[0m[1m 11
[0m[1m[32m	Type:[0m[1m Tx Power Level (0x0a)
[0m[1m[32m	Type:[0m[1m Manufacturer Specific (0xff)
[0m",32,0.843297004699707,DoS,0.70089483,0.70089483,0.2991052
1778740085.375501,"Packet (Length: 30)
[1m[33mLayer BLUETOOTH
:[0m[1m[33mLayer HCI_MON
:[0m[1m[32m	Adapter ID:[0m[1m 65535
[0m[1m[32m	Opcode:[0m[1m Control Open (14)
[0m[1m[32m	Cookie:[0m[1m 0x00000004
[0m[1m[32m	Format:[0m[1m Rqw (0x0000)
[0m[1m[32m	Version:[0m[1m 2
[0m[1m[32m	Revision:[0m[1m 22
[0m[1m[32m	Flags:[0m[1m 0x00000000
[0m[1m[32m	.... .... .... .... .... .... .... ...0 = Trusted Socket:[0m[1m False
[0m[1m[32m	Command Length:[0m[1m 16
[0m[1m[32m	Command:[0m[1m blueman-manager
[0m",30,0.1576988697052002,normal,0.70740473,0.2925953,0.70740473
1778740085.375547,"Packet (Length: 4)
[1m[33mLayer BLUETOOTH
:[0m[1m[33mLayer HCI_MON
:[0m[1m[32m	Adapter ID:[0m[1m 65535
[0m[1m[32m	Opcode:[0m[1m Control Close (15)
[0m[1m[32m	Cookie:[0m[1m 0x00000004
[0m",4,4.601478576660156e-05,normal,0.5525397,0.44746026,0.5525397
1778740086.318373,"Packet (Length: 17)
[1m[33mLayer BLUETOOTH
:[0m[1m[33mLayer HCI_MON
:[0m[1m[32m	Adapter ID:[0m[1m 0
[0m[1m[32m	Opcode:[0m[1m HCI Event Packet (3)
[0m[1m[33mLayer BTHCI_EVT
:[0m[1m[32m	Event Code:[0m[1m LE Meta (0x3e)
[0m[1m[32m	Parameter Total Length:[0m[1m 15
[0m[1m[32m	Sub Event:[0m[1m LE Advertising Report (0x02)
[0m[1m[32m	Num Reports:[0m[1m 1
[0m[1m[32m	Event Type:[0m[1m Connectable Undirected Advertising (0x00)
[0m[1m[32m	Peer Address Type:[0m[1m Random Device Address (0x01)
[0m[1m[32m	BD_ADDR:[0m[1m 5d:b0:4e:45:88:db
[0m[1m[32m	Data Length:[0m[1m 3
[0m[1m	Advertising Data
[0m[1m	Flags
[0m[1m[32m	Length:[0m[1m 2
[0m[1m[32m	Type:[0m[1m Flags (0x01)
[0m[1m[32m	000. .... = Reserved:[0m[1m 0x0
[0m[1m[32m	...0 .... = Simultaneous LE and BR/EDR to Same Device Capable (Host):[0m[1m false (0x0)
[0m[1m[32m	.... 0... = Simultaneous LE and BR/EDR to Same Device Capable (Controller):[0m[1m false (0x0)
[0m[1m[32m	.... .0.. = BR/EDR Not Supported:[0m[1m false (0x0)
[0m[1m[32m	.... ..1. = LE General Discoverable Mode:[0m[1m true (0x1)
[0m[1m[32m	.... ...0 = LE Limited Discoverable Mode:[0m[1m false (0x0)
[0m[1m[32m	RSSI:[0m[1m -93 dBm
[0m",17,0.9428260326385498,normal,0.51561993,0.4843801,0.51561993
1778740086.318474,"Packet (Length: 38)
[1m[33mLayer BLUETOOTH
:[0m[1m[33mLayer HCI_MON
:[0m[1m[32m	Adapter ID:[0m[1m 0
[0m[1m[32m	Opcode:[0m[1m Control Event (17)
[0m[1m[32m	Cookie:[0m[1m 0x00000001
[0m[1m[32m	Event:[0m[1m Device found (0x0012)
[0m[1m	Unknown data
[0m[1m[32m	Expert Info (Warning/Protocol):[0m[1m Unknown data
[0m[1m	Unknown data
[0m[1m[32m	Severity level:[0m[1m Warning
[0m[1m[32m	Group:[0m[1m Protocol
[0m",38,0.0001010894775390625,DoS,0.7295198,0.7295198,0.27048025
1778740086.496724,"Packet (Length: 30)
[1m[33mLayer BLUETOOTH
:[0m[1m[33mLayer HCI_MON
:[0m[1m[32m	Adapter ID:[0m[1m 65535
[0m[1m[32m	Opcode:[0m[1m Control Open (14)
[0m[1m[32m	Cookie:[0m[1m 0x00000004
[0m[1m[32m	Format:[0m[1m Rqw (0x0000)
[0m[1m[32m	Version:[0m[1m 2
[0m[1m[32m	Revision:[0m[1m 22
[0m[1m[32m	Flags:[0m[1m 0x00000000
[0m[1m[32m	.... .... .... .... .... .... .... ...0 = Trusted Socket:[0m[1m False
[0m[1m[32m	Command Length:[0m[1m 16
[0m[1m[32m	Command:[0m[1m blueman-manager
[0m",30,0.17824983596801758,normal,0.70740473,0.2925953,0.70740473
1778740086.49676,"Packet (Length: 4)
[1m[33mLayer BLUETOOTH
:[0m[1m[33mLayer HCI_MON
:[0m[1m[32m	Adapter ID:[0m[1m 65535
[0m[1m[32m	Opcode:[0m[1m Control Close (15)
[0m[1m[32m	Cookie:[0m[1m 0x00000004
[0m",4,3.600120544433594e-05,normal,0.5525397,0.44746026,0.5525397
1778740087.048314,"Packet (Length: 5)
[1m[33mLayer BLUETOOTH
:[0m[1m[33mLayer HCI_MON
:[0m[1m[32m	Adapter ID:[0m[1m 0
[0m[1m[32m	Opcode:[0m[1m HCI Command Packet (2)
[0m[1m[33mLayer BTHCI_CMD
:[0m[1m[32m	Command Opcode:[0m[1m LE Set Scan Enable (0x200c)
[0m[1m[32m	0010 00.. .... .... = Opcode Group Field:[0m[1m LE Controller Commands (0x08)
[0m[1m[32m	.... ..00 0000 1100 = Opcode Command Field:[0m[1m LE Set Scan Enable (0x00c)
[0m[1m[32m	Parameter Total Length:[0m[1m 2
[0m[1m[32m	Scan Enable:[0m[1m false (0x00)
[0m[1m[32m	Filter Duplicates:[0m[1m false (0x00)
[0m",5,0.5515542030334473,normal,0.70578504,0.29421496,0.70578504
1778740087.050442,"Packet (Length: 6)
[1m[33mLayer BLUETOOTH
:[0m[1m[33mLayer HCI_MON
:[0m[1m[32m	Adapter ID:[0m[1m 0
[0m[1m[32m	Opcode:[0m[1m HCI Event Packet (3)
[0m[1m[33mLayer BTHCI_EVT
:[0m[1m[32m	Event Code:[0m[1m Command Complete (0x0e)
[0m[1m[32m	Parameter Total Length:[0m[1m 4
[0m[1m[32m	Number of Allowed Command Packets:[0m[1m 1
[0m[1m[32m	Command Opcode:[0m[1m LE Set Scan Enable (0x200c)
[0m[1m[32m	0010 00.. .... .... = Opcode Group Field:[0m[1m LE Controller Commands (0x08)
[0m[1m[32m	.... ..00 0000 1100 = Opcode Command Field:[0m[1m LE Set Scan Enable (0x00c)
[0m[1m[32m	Status:[0m[1m Success (0x00)
[0m[1m[32m	Command in frame:[0m[1m 208
[0m[1m[32m	Command-Response Delta:[0m[1m 2.128ms
[0m",6,0.0021278858184814453,normal,0.70740473,0.2925953,0.70740473
1778740087.050544,"Packet (Length: 23)
[1m[33mLayer BLUETOOTH
:[0m[1m[33mLayer HCI_MON
:[0m[1m[32m	Adapter ID:[0m[1m 0
[0m[1m[32m	Opcode:[0m[1m Control Event (17)
[0m[1m[32m	Cookie:[0m[1m 0x00000001
[0m[1m[32m	Event:[0m[1m Device found (0x0012)
[0m[1m	Unknown data
[0m[1m[32m	Expert Info (Warning/Protocol):[0m[1m Unknown data
[0m[1m	Unknown data
[0m[1m[32m	Severity level:[0m[1m Warning
[0m[1m[32m	Group:[0m[1m Protocol
[0m",23,0.00010204315185546875,DoS,0.6039318,0.6039318,0.39606816
1778740087.050642,"Packet (Length: 8)
[1m[33mLayer BLUETOOTH
:[0m[1m[33mLayer HCI_MON
:[0m[1m[32m	Adapter ID:[0m[1m 0
[0m[1m[32m	Opcode:[0m[1m HCI Command Packet (2)
[0m[1m[33mLayer BTHCI_CMD
:[0m[1m[32m	Command Opcode:[0m[1m Inquiry (0x0401)
[0m[1m[32m	0000 01.. .... .... = Opcode Group Field:[0m[1m Link Control Commands (0x01)
[0m[1m[32m	.... ..00 0000 0001 = Opcode Command Field:[0m[1m Inquiry (0x001)
[0m[1m[32m	Parameter Total Length:[0m[1m 5
[0m[1m[32m	LAP:[0m[1m 0x9e8b33
[0m[1m[32m	Inquiry Length:[0m[1m 4 (5.12 sec)
[0m[1m[32m	Num Responses:[0m[1m 0
[0m",8,9.799003601074219e-05,normal,0.70578504,0.29421496,0.70578504
1778740087.051635,"Packet (Length: 6)
[1m[33mLayer BLUETOOTH
:[0m[1m[33mLayer HCI_MON
:[0m[1m[32m	Adapter ID:[0m[1m 0
[0m[1m[32m	Opcode:[0m[1m HCI Event Packet (3)
[0m[1m[33mLayer BTHCI_EVT
:[0m[1m[32m	Event Code:[0m[1m Command Status (0x0f)
[0m[1m[32m	Parameter Total Length:[0m[1m 4
[0m[1m[32m	Status:[0m[1m Pending (0x00)
[0m[1m[32m	Number of Allowed Command Packets:[0m[1m 1
[0m[1m[32m	Command Opcode:[0m[1m Inquiry (0x0401)
[0m[1m[32m	0000 01.. .... .... = Opcode Group Field:[0m[1m Link Control Commands (0x01)
[0m[1m[32m	.... ..00 0000 0001 = Opcode Command Field:[0m[1m Inquiry (0x001)
[0m[1m[32m	Command in frame:[0m[1m 211
[0m[1m[32m	Command-Pending Delta:[0m[1m 0.993ms
[0m",6,0.0009930133819580078,normal,0.70740473,0.2925953,0.70740473
1778740087.100815,"Packet (Length: 257)
[1m[33mLayer BLUETOOTH
:[0m[1m[33mLayer HCI_MON
:[0m[1m[32m	Adapter ID:[0m[1m 0
[0m[1m[32m	Opcode:[0m[1m HCI Event Packet (3)
[0m[1m[33mLayer BTHCI_EVT
:[0m[1m[32m	Event Code:[0m[1m Extended Inquiry Result (0x2f)
[0m[1m[32m	Parameter Total Length:[0m[1m 255
[0m[1m[32m	Number of responses:[0m[1m 1
[0m[1m[32m	BD_ADDR:[0m[1m 28:04:c6:6a:c5:d8
[0m[1m[32m	Page Scan Repetition Mode:[0m[1m R1 (0x01)
[0m[1m	Reserved
[0m[1m[32m	Class of Device:[0m[1m 0x240404 (Audio/Video:Wearable Headset Device - services: Rendering Audio)
[0m[1m[32m	0000 01.. = Minor Device Class:[0m[1m Wearable Headset Device (0x01)
[0m[1m[32m	.... ..00 = Format Type:[0m[1m 0x0
[0m[1m[32m	0... .... .... .... = Major Service Classes:[0m[1m Information: False
[0m[1m[32m	.0.. .... .... .... = Major Service Classes:[0m[1m Telephony: False
[0m[1m[32m	..1. .... .... .... = Major Service Classes:[0m[1m Audio: True
[0m[1m[32m	...0 .... .... .... = Major Service Classes:[0m[1m Object Transfer: False
[0m[1m[32m	.... 0... .... .... = Major Service Classes:[0m[1m Capturing: False
[0m[1m[32m	.... .1.. .... .... = Major Service Classes:[0m[1m Rendering: True
[0m[1m[32m	.... ..0. .... .... = Major Service Classes:[0m[1m Networking: False
[0m[1m[32m	.... ...0 .... .... = Major Service Classes:[0m[1m Positioning: False
[0m[1m[32m	.... .... 0... .... = Major Service Classes:[0m[1m Reserved: 0x0
[0m[1m[32m	.... .... .0.. .... = Major Service Classes:[0m[1m LE Audio: 0x0
[0m[1m[32m	.... .... ..0. .... = Major Service Classes:[0m[1m Limited Discoverable Mode: False
[0m[1m[32m	.... .... ...0 0100 = Major Device Class:[0m[1m Audio/Video (0x04)
[0m[1m[32m	.101 0100 1100 1010 = Clock Offset:[0m[1m 0x54ca
[0m[1m[32m	RSSI:[0m[1m -27 dBm
[0m[1m	Extended Inquiry Response Data
[0m[1m[32m	Device Name:[0m[1m realme Buds T200 Lite
[0m[1m[32m	Length:[0m[1m 22
[0m[1m[32m	Type:[0m[1m Device Name (0x09)
[0m[1m[32m	Device Name:[0m[1m realme Buds T200 Lite
[0m[1m	Unused
[0m",257,0.049180030822753906,DoS,0.71701187,0.71701187,0.28298813
1778740087.100869,"Packet (Length: 48)
[1m[33mLayer BLUETOOTH
:[0m[1m[33mLayer HCI_MON
:[0m[1m[32m	Adapter ID:[0m[1m 0
[0m[1m[32m	Opcode:[0m[1m Control Event (17)
[0m[1m[32m	Cookie:[0m[1m 0x00000001
[0m[1m[32m	Event:[0m[1m Device found (0x0012)
[0m[1m	Unknown data
[0m[1m[32m	Expert Info (Warning/Protocol):[0m[1m Unknown data
[0m[1m	Unknown data
[0m[1m[32m	Severity level:[0m[1m Warning
[0m[1m[32m	Group:[0m[1m Protocol
[0m",48,5.3882598876953125e-05,DoS,0.7302899,0.7302899,0.26971012
1778740087.537869,"Packet (Length: 30)
[1m[33mLayer BLUETOOTH
:[0m[1m[33mLayer HCI_MON
:[0m[1m[32m	Adapter ID:[0m[1m 65535
[0m[1m[32m	Opcode:[0m[1m Control Open (14)
[0m[1m[32m	Cookie:[0m[1m 0x00000004
[0m[1m[32m	Format:[0m[1m Rqw (0x0000)
[0m[1m[32m	Version:[0m[1m 2
[0m[1m[32m	Revision:[0m[1m 22
[0m[1m[32m	Flags:[0m[1m 0x00000000
[0m[1m[32m	.... .... .... .... .... .... .... ...0 = Trusted Socket:[0m[1m False
[0m[1m[32m	Command Length:[0m[1m 16
[0m[1m[32m	Command:[0m[1m blueman-manager
[0m",30,0.437000036239624,normal,0.70740473,0.2925953,0.70740473
1778740087.537908,"Packet (Length: 4)
[1m[33mLayer BLUETOOTH
:[0m[1m[33mLayer HCI_MON
:[0m[1m[32m	Adapter ID:[0m[1m 65535
[0m[1m[32m	Opcode:[0m[1m Control Close (15)
[0m[1m[32m	Cookie:[0m[1m 0x00000004
[0m",4,3.910064697265625e-05,normal,0.5525397,0.44746026,0.5525397
1778740088.577755,"Packet (Length: 30)
[1m[33mLayer BLUETOOTH
:[0m[1m[33mLayer HCI_MON
:[0m[1m[32m	Adapter ID:[0m[1m 65535
[0m[1m[32m	Opcode:[0m[1m Control Open (14)
[0m[1m[32m	Cookie:[0m[1m 0x00000004
[0m[1m[32m	Format:[0m[1m Rqw (0x0000)
[0m[1m[32m	Version:[0m[1m 2
[0m[1m[32m	Revision:[0m[1m 22
[0m[1m[32m	Flags:[0m[1m 0x00000000
[0m[1m[32m	.... .... .... .... .... .... .... ...0 = Trusted Socket:[0m[1m False
[0m[1m[32m	Command Length:[0m[1m 16
[0m[1m[32m	Command:[0m[1m blueman-manager
[0m",30,1.0398468971252441,normal,0.70740473,0.2925953,0.70740473
1778740088.577802,"Packet (Length: 4)
[1m[33mLayer BLUETOOTH
:[0m[1m[33mLayer HCI_MON
:[0m[1m[32m	Adapter ID:[0m[1m 65535
[0m[1m[32m	Opcode:[0m[1m Control Close (15)
[0m[1m[32m	Cookie:[0m[1m 0x00000004
[0m",4,4.696846008300781e-05,normal,0.5525397,0.44746026,0.5525397
1778740089.578464,"Packet (Length: 30)
[1m[33mLayer BLUETOOTH
:[0m[1m[33mLayer HCI_MON
:[0m[1m[32m	Adapter ID:[0m[1m 65535
[0m[1m[32m	Opcode:[0m[1m Control Open (14)
[0m[1m[32m	Cookie:[0m[1m 0x00000004
[0m[1m[32m	Format:[0m[1m Rqw (0x0000)
[0m[1m[32m	Version:[0m[1m 2
[0m[1m[32m	Revision:[0m[1m 22
[0m[1m[32m	Flags:[0m[1m 0x00000000
[0m[1m[32m	.... .... .... .... .... .... .... ...0 = Trusted Socket:[0m[1m False
[0m[1m[32m	Command Length:[0m[1m 16
[0m[1m[32m	Command:[0m[1m blueman-manager
[0m",30,1.000662088394165,normal,0.70740473,0.2925953,0.70740473
1778740089.578509,"Packet (Length: 4)
[1m[33mLayer BLUETOOTH
:[0m[1m[33mLayer HCI_MON
:[0m[1m[32m	Adapter ID:[0m[1m 65535
[0m[1m[32m	Opcode:[0m[1m Control Close (15)
[0m[1m[32m	Cookie:[0m[1m 0x00000004
[0m",4,4.506111145019531e-05,normal,0.5525397,0.44746026,0.5525397
1778740090.579579,"Packet (Length: 30)
[1m[33mLayer BLUETOOTH
:[0m[1m[33mLayer HCI_MON
:[0m[1m[32m	Adapter ID:[0m[1m 65535
[0m[1m[32m	Opcode:[0m[1m Control Open (14)
[0m[1m[32m	Cookie:[0m[1m 0x00000004
[0m[1m[32m	Format:[0m[1m Rqw (0x0000)
[0m[1m[32m	Version:[0m[1m 2
[0m[1m[32m	Revision:[0m[1m 22
[0m[1m[32m	Flags:[0m[1m 0x00000000
[0m[1m[32m	.... .... .... .... .... .... .... ...0 = Trusted Socket:[0m[1m False
[0m[1m[32m	Command Length:[0m[1m 16
[0m[1m[32m	Command:[0m[1m blueman-manager
[0m",30,1.0010700225830078,normal,0.70740473,0.2925953,0.70740473
1778740090.579632,"Packet (Length: 4)
[1m[33mLayer BLUETOOTH
:[0m[1m[33mLayer HCI_MON
:[0m[1m[32m	Adapter ID:[0m[1m 65535
[0m[1m[32m	Opcode:[0m[1m Control Close (15)
[0m[1m[32m	Cookie:[0m[1m 0x00000004
[0m",4,5.2928924560546875e-05,normal,0.5525397,0.44746026,0.5525397
1778740091.580681,"Packet (Length: 30)
[1m[33mLayer BLUETOOTH
:[0m[1m[33mLayer HCI_MON
:[0m[1m[32m	Adapter ID:[0m[1m 65535
[0m[1m[32m	Opcode:[0m[1m Control Open (14)
[0m[1m[32m	Cookie:[0m[1m 0x00000004
[0m[1m[32m	Format:[0m[1m Rqw (0x0000)
[0m[1m[32m	Version:[0m[1m 2
[0m[1m[32m	Revision:[0m[1m 22
[0m[1m[32m	Flags:[0m[1m 0x00000000
[0m[1m[32m	.... .... .... .... .... .... .... ...0 = Trusted Socket:[0m[1m False
[0m[1m[32m	Command Length:[0m[1m 16
[0m[1m[32m	Command:[0m[1m blueman-manager
[0m",30,1.0010490417480469,normal,0.70740473,0.2925953,0.70740473
1778740091.580742,"Packet (Length: 4)
[1m[33mLayer BLUETOOTH
:[0m[1m[33mLayer HCI_MON
:[0m[1m[32m	Adapter ID:[0m[1m 65535
[0m[1m[32m	Opcode:[0m[1m Control Close (15)
[0m[1m[32m	Cookie:[0m[1m 0x00000004
[0m",4,6.079673767089844e-05,normal,0.5525397,0.44746026,0.5525397
1778740092.174229,"Packet (Length: 3)
[1m[33mLayer BLUETOOTH
:[0m[1m[33mLayer HCI_MON
:[0m[1m[32m	Adapter ID:[0m[1m 0
[0m[1m[32m	Opcode:[0m[1m HCI Event Packet (3)
[0m[1m[33mLayer BTHCI_EVT
:[0m[1m[32m	Event Code:[0m[1m Inquiry Complete (0x01)
[0m[1m[32m	Parameter Total Length:[0m[1m 1
[0m[1m[32m	Status:[0m[1m Success (0x00)
[0m[1m[32m	Command in frame:[0m[1m 211
[0m[1m[32m	Pending in frame:[0m[1m 212
[0m[1m[32m	Pending-Response Delta:[0m[1m 5122.594ms
[0m[1m[32m	Command-Response Delta:[0m[1m 5123.587ms
[0m",3,0.593487024307251,normal,0.7090191,0.29098085,0.7090191
1778740092.174329,"Packet (Length: 8)
[1m[33mLayer BLUETOOTH
:[0m[1m[33mLayer HCI_MON
:[0m[1m[32m	Adapter ID:[0m[1m 0
[0m[1m[32m	Opcode:[0m[1m Control Event (17)
[0m[1m[32m	Cookie:[0m[1m 0x00000001
[0m[1m[32m	Event:[0m[1m Discovering (0x0013)
[0m[1m	Unknown data
[0m[1m[32m	Expert Info (Warning/Protocol):[0m[1m Unknown data
[0m[1m	Unknown data
[0m[1m[32m	Severity level:[0m[1m Warning
[0m[1m[32m	Group:[0m[1m Protocol
[0m",8,0.00010013580322265625,DoS,0.6039318,0.6039318,0.39606816
1778740092.581773,"Packet (Length: 30)
[1m[33mLayer BLUETOOTH
:[0m[1m[33mLayer HCI_MON
:[0m[1m[32m	Adapter ID:[0m[1m 65535
[0m[1m[32m	Opcode:[0m[1m Control Open (14)
[0m[1m[32m	Cookie:[0m[1m 0x00000004
[0m[1m[32m	Format:[0m[1m Rqw (0x0000)
[0m[1m[32m	Version:[0m[1m 2
[0m[1m[32m	Revision:[0m[1m 22
[0m[1m[32m	Flags:[0m[1m 0x00000000
[0m[1m[32m	.... .... .... .... .... .... .... ...0 = Trusted Socket:[0m[1m False
[0m[1m[32m	Command Length:[0m[1m 16
[0m[1m[32m	Command:[0m[1m blueman-manager
[0m",30,0.4074440002441406,normal,0.70740473,0.2925953,0.70740473
1778740092.581828,"Packet (Length: 4)
[1m[33mLayer BLUETOOTH
:[0m[1m[33mLayer HCI_MON
:[0m[1m[32m	Adapter ID:[0m[1m 65535
[0m[1m[32m	Opcode:[0m[1m Control Close (15)
[0m[1m[32m	Cookie:[0m[1m 0x00000004
[0m",4,5.507469177246094e-05,normal,0.5525397,0.44746026,0.5525397
1778740093.583886,"Packet (Length: 30)
[1m[33mLayer BLUETOOTH
:[0m[1m[33mLayer HCI_MON
:[0m[1m[32m	Adapter ID:[0m[1m 65535
[0m[1m[32m	Opcode:[0m[1m Control Open (14)
[0m[1m[32m	Cookie:[0m[1m 0x00000004
[0m[1m[32m	Format:[0m[1m Rqw (0x0000)
[0m[1m[32m	Version:[0m[1m 2
[0m[1m[32m	Revision:[0m[1m 22
[0m[1m[32m	Flags:[0m[1m 0x00000000
[0m[1m[32m	.... .... .... .... .... .... .... ...0 = Trusted Socket:[0m[1m False
[0m[1m[32m	Command Length:[0m[1m 16
[0m[1m[32m	Command:[0m[1m blueman-manager
[0m",30,1.0020577907562256,normal,0.70740473,0.2925953,0.70740473
1778740093.583938,"Packet (Length: 4)
[1m[33mLayer BLUETOOTH
:[0m[1m[33mLayer HCI_MON
:[0m[1m[32m	Adapter ID:[0m[1m 65535
[0m[1m[32m	Opcode:[0m[1m Control Close (15)
[0m[1m[32m	Cookie:[0m[1m 0x00000004
[0m",4,5.1975250244140625e-05,normal,0.5525397,0.44746026,0.5525397
1778740094.585111,"Packet (Length: 30)
[1m[33mLayer BLUETOOTH
:[0m[1m[33mLayer HCI_MON
:[0m[1m[32m	Adapter ID:[0m[1m 65535
[0m[1m[32m	Opcode:[0m[1m Control Open (14)
[0m[1m[32m	Cookie:[0m[1m 0x00000004
[0m[1m[32m	Format:[0m[1m Rqw (0x0000)
[0m[1m[32m	Version:[0m[1m 2
[0m[1m[32m	Revision:[0m[1m 22
[0m[1m[32m	Flags:[0m[1m 0x00000000
[0m[1m[32m	.... .... .... .... .... .... .... ...0 = Trusted Socket:[0m[1m False
[0m[1m[32m	Command Length:[0m[1m 16
[0m[1m[32m	Command:[0m[1m blueman-manager
[0m",30,1.0011730194091797,normal,0.70740473,0.2925953,0.70740473
1778740094.585169,"Packet (Length: 4)
[1m[33mLayer BLUETOOTH
:[0m[1m[33mLayer HCI_MON
:[0m[1m[32m	Adapter ID:[0m[1m 65535
[0m[1m[32m	Opcode:[0m[1m Control Close (15)
[0m[1m[32m	Cookie:[0m[1m 0x00000004
[0m",4,5.817413330078125e-05,normal,0.5525397,0.44746026,0.5525397
1778740095.677182,"Packet (Length: 30)
[1m[33mLayer BLUETOOTH
:[0m[1m[33mLayer HCI_MON
:[0m[1m[32m	Adapter ID:[0m[1m 65535
[0m[1m[32m	Opcode:[0m[1m Control Open (14)
[0m[1m[32m	Cookie:[0m[1m 0x00000004
[0m[1m[32m	Format:[0m[1m Rqw (0x0000)
[0m[1m[32m	Version:[0m[1m 2
[0m[1m[32m	Revision:[0m[1m 22
[0m[1m[32m	Flags:[0m[1m 0x00000000
[0m[1m[32m	.... .... .... .... .... .... .... ...0 = Trusted Socket:[0m[1m False
[0m[1m[32m	Command Length:[0m[1m 16
[0m[1m[32m	Command:[0m[1m blueman-manager
[0m",30,1.092012882232666,normal,0.70740473,0.2925953,0.70740473
1778740095.677612,"Packet (Length: 4)
[1m[33mLayer BLUETOOTH
:[0m[1m[33mLayer HCI_MON
:[0m[1m[32m	Adapter ID:[0m[1m 65535
[0m[1m[32m	Opcode:[0m[1m Control Close (15)
[0m[1m[32m	Cookie:[0m[1m 0x00000004
[0m",4,0.00043010711669921875,normal,0.5525397,0.44746026,0.5525397
1778740096.676089,"Packet (Length: 30)
[1m[33mLayer BLUETOOTH
:[0m[1m[33mLayer HCI_MON
:[0m[1m[32m	Adapter ID:[0m[1m 65535
[0m[1m[32m	Opcode:[0m[1m Control Open (14)
[0m[1m[32m	Cookie:[0m[1m 0x00000004
[0m[1m[32m	Format:[0m[1m Rqw (0x0000)
[0m[1m[32m	Version:[0m[1m 2
[0m[1m[32m	Revision:[0m[1m 22
[0m[1m[32m	Flags:[0m[1m 0x00000000
[0m[1m[32m	.... .... .... .... .... .... .... ...0 = Trusted Socket:[0m[1m False
[0m[1m[32m	Command Length:[0m[1m 16
[0m[1m[32m	Command:[0m[1m blueman-manager
[0m",30,0.9984769821166992,normal,0.70740473,0.2925953,0.70740473
1778740096.676136,"Packet (Length: 4)
[1m[33mLayer BLUETOOTH
:[0m[1m[33mLayer HCI_MON
:[0m[1m[32m	Adapter ID:[0m[1m 65535
[0m[1m[32m	Opcode:[0m[1m Control Close (15)
[0m[1m[32m	Cookie:[0m[1m 0x00000004
[0m",4,4.696846008300781e-05,normal,0.5525397,0.44746026,0.5525397
1778740097.268426,"Packet (Length: 7)
[1m[33mLayer BLUETOOTH
:[0m[1m[33mLayer HCI_MON
:[0m[1m[32m	Adapter ID:[0m[1m 0
[0m[1m[32m	Opcode:[0m[1m Control Command (16)
[0m[1m[32m	Cookie:[0m[1m 0x00000001
[0m[1m	Unknown data
[0m[1m[32m	Expert Info (Warning/Protocol):[0m[1m Unknown data
[0m[1m	Unknown data
[0m[1m[32m	Severity level:[0m[1m Warning
[0m[1m[32m	Group:[0m[1m Protocol
[0m[1m[32m	Opcode:[0m[1m Unknown (35)
[0m",7,0.592289924621582,normal,0.6095242,0.39047587,0.6095242
1778740097.268507,"Packet (Length: 9)
[1m[33mLayer BLUETOOTH
:[0m[1m[33mLayer HCI_MON
:[0m[1m[32m	Adapter ID:[0m[1m 0
[0m[1m[32m	Opcode:[0m[1m HCI Command Packet (2)
[0m[1m[33mLayer BTHCI_CMD
:[0m[1m[32m	Command Opcode:[0m[1m LE Set Random Address (0x2005)
[0m[1m[32m	0010 00.. .... .... = Opcode Group Field:[0m[1m LE Controller Commands (0x08)
[0m[1m[32m	.... ..00 0000 0101 = Opcode Command Field:[0m[1m LE Set Random Address (0x005)
[0m[1m[32m	Parameter Total Length:[0m[1m 6
[0m[1m[32m	BD_ADDR:[0m[1m 2e:8a:c7:01:12:a0
[0m",9,8.106231689453125e-05,normal,0.70578504,0.29421496,0.70578504
1778740097.268838,"Packet (Length: 6)
[1m[33mLayer BLUETOOTH
:[0m[1m[33mLayer HCI_MON
:[0m[1m[32m	Adapter ID:[0m[1m 0
[0m[1m[32m	Opcode:[0m[1m HCI Event Packet (3)
[0m[1m[33mLayer BTHCI_EVT
:[0m[1m[32m	Event Code:[0m[1m Command Complete (0x0e)
[0m[1m[32m	Parameter Total Length:[0m[1m 4
[0m[1m[32m	Number of Allowed Command Packets:[0m[1m 1
[0m[1m[32m	Command Opcode:[0m[1m LE Set Random Address (0x2005)
[0m[1m[32m	0010 00.. .... .... = Opcode Group Field:[0m[1m LE Controller Commands (0x08)
[0m[1m[32m	.... ..00 0000 0101 = Opcode Command Field:[0m[1m LE Set Random Address (0x005)
[0m[1m[32m	Status:[0m[1m Success (0x00)
[0m[1m[32m	Command in frame:[0m[1m 238
[0m[1m[32m	Command-Response Delta:[0m[1m 0.331ms
[0m",6,0.00033092498779296875,normal,0.70740473,0.2925953,0.70740473
1778740097.268896,"Packet (Length: 10)
[1m[33mLayer BLUETOOTH
:[0m[1m[33mLayer HCI_MON
:[0m[1m[32m	Adapter ID:[0m[1m 0
[0m[1m[32m	Opcode:[0m[1m HCI Command Packet (2)
[0m[1m[33mLayer BTHCI_CMD
:[0m[1m[32m	Command Opcode:[0m[1m LE Set Scan Parameters (0x200b)
[0m[1m[32m	0010 00.. .... .... = Opcode Group Field:[0m[1m LE Controller Commands (0x08)
[0m[1m[32m	.... ..00 0000 1011 = Opcode Command Field:[0m[1m LE Set Scan Parameters (0x00b)
[0m[1m[32m	Parameter Total Length:[0m[1m 7
[0m[1m[32m	Scan Type:[0m[1m Active (0x01)
[0m[1m[32m	Scan Interval:[0m[1m 11.25 ms (18 slots)
[0m[1m[32m	Scan Window:[0m[1m 11.25 ms (18 slots)
[0m[1m[32m	Own Address Type:[0m[1m Random Device Address (0x01)
[0m[1m[32m	Scan Filter Policy:[0m[1m 0x00, Decision Mode: No-decisions Mode
[0m[1m[32m	0000 .... = Reserved:[0m[1m 0x0
[0m[1m[32m	.... 00.. = Decision Mode:[0m[1m No-decisions Mode (0x0)
[0m[1m[32m	.... ..0. = Extended (Allow Unresolvable TargetA Address):[0m[1m False
[0m[1m[32m	.... ...0 = Filtered (Use Filter Accept List):[0m[1m False
[0m",10,5.817413330078125e-05,normal,0.70578504,0.29421496,0.70578504
1778740097.269224,"Packet (Length: 6)
[1m[33mLayer BLUETOOTH
:[0m[1m[33mLayer HCI_MON
:[0m[1m[32m	Adapter ID:[0m[1m 0
[0m[1m[32m	Opcode:[0m[1m HCI Event Packet (3)
[0m[1m[33mLayer BTHCI_EVT
:[0m[1m[32m	Event Code:[0m[1m Command Complete (0x0e)
[0m[1m[32m	Parameter Total Length:[0m[1m 4
[0m[1m[32m	Number of Allowed Command Packets:[0m[1m 1
[0m[1m[32m	Command Opcode:[0m[1m LE Set Scan Parameters (0x200b)
[0m[1m[32m	0010 00.. .... .... = Opcode Group Field:[0m[1m LE Controller Commands (0x08)
[0m[1m[32m	.... ..00 0000 1011 = Opcode Command Field:[0m[1m LE Set Scan Parameters (0x00b)
[0m[1m[32m	Status:[0m[1m Success (0x00)
[0m[1m[32m	Command in frame:[0m[1m 240
[0m[1m[32m	Command-Response Delta:[0m[1m 0.328ms
[0m",6,0.00032782554626464844,normal,0.70740473,0.2925953,0.70740473
1778740097.269273,"Packet (Length: 5)
[1m[33mLayer BLUETOOTH
:[0m[1m[33mLayer HCI_MON
:[0m[1m[32m	Adapter ID:[0m[1m 0
[0m[1m[32m	Opcode:[0m[1m HCI Command Packet (2)
[0m[1m[33mLayer BTHCI_CMD
:[0m[1m[32m	Command Opcode:[0m[1m LE Set Scan Enable (0x200c)
[0m[1m[32m	0010 00.. .... .... = Opcode Group Field:[0m[1m LE Controller Commands (0x08)
[0m[1m[32m	.... ..00 0000 1100 = Opcode Command Field:[0m[1m LE Set Scan Enable (0x00c)
[0m[1m[32m	Parameter Total Length:[0m[1m 2
[0m[1m[32m	Scan Enable:[0m[1m true (0x01)
[0m[1m[32m	Filter Duplicates:[0m[1m true (0x01)
[0m",5,4.9114227294921875e-05,normal,0.70578504,0.29421496,0.70578504
1778740097.26964,"Packet (Length: 6)
[1m[33mLayer BLUETOOTH
:[0m[1m[33mLayer HCI_MON
:[0m[1m[32m	Adapter ID:[0m[1m 0
[0m[1m[32m	Opcode:[0m[1m HCI Event Packet (3)
[0m[1m[33mLayer BTHCI_EVT
:[0m[1m[32m	Event Code:[0m[1m Command Complete (0x0e)
[0m[1m[32m	Parameter Total Length:[0m[1m 4
[0m[1m[32m	Number of Allowed Command Packets:[0m[1m 1
[0m[1m[32m	Command Opcode:[0m[1m LE Set Scan Enable (0x200c)
[0m[1m[32m	0010 00.. .... .... = Opcode Group Field:[0m[1m LE Controller Commands (0x08)
[0m[1m[32m	.... ..00 0000 1100 = Opcode Command Field:[0m[1m LE Set Scan Enable (0x00c)
[0m[1m[32m	Status:[0m[1m Success (0x00)
[0m[1m[32m	Command in frame:[0m[1m 242
[0m[1m[32m	Command-Response Delta:[0m[1m 0.367ms
[0m",6,0.0003669261932373047,normal,0.70740473,0.2925953,0.70740473
1778740097.269711,"Packet (Length: 10)
[1m[33mLayer BLUETOOTH
:[0m[1m[33mLayer HCI_MON
:[0m[1m[32m	Adapter ID:[0m[1m 0
[0m[1m[32m	Opcode:[0m[1m Control Event (17)
[0m[1m[32m	Cookie:[0m[1m 0x00000001
[0m[1m[32m	Event:[0m[1m Command complete (0x0001)
[0m[1m	Unknown data
[0m[1m[32m	Expert Info (Warning/Protocol):[0m[1m Unknown data
[0m[1m	Unknown data
[0m[1m[32m	Severity level:[0m[1m Warning
[0m[1m[32m	Group:[0m[1m Protocol
[0m",10,7.104873657226562e-05,normal,0.6095242,0.39047587,0.6095242
1778740097.26973,"Packet (Length: 8)
[1m[33mLayer BLUETOOTH
:[0m[1m[33mLayer HCI_MON
:[0m[1m[32m	Adapter ID:[0m[1m 0
[0m[1m[32m	Opcode:[0m[1m Control Event (17)
[0m[1m[32m	Cookie:[0m[1m 0x00000001
[0m[1m[32m	Event:[0m[1m Discovering (0x0013)
[0m[1m	Unknown data
[0m[1m[32m	Expert Info (Warning/Protocol):[0m[1m Unknown data
[0m[1m	Unknown data
[0m[1m[32m	Severity level:[0m[1m Warning
[0m[1m[32m	Group:[0m[1m Protocol
[0m",8,1.9073486328125e-05,DoS,0.6039318,0.6039318,0.39606816
1778740097.289362,"Packet (Length: 31)
[1m[33mLayer BLUETOOTH
:[0m[1m[33mLayer HCI_MON
:[0m[1m[32m	Adapter ID:[0m[1m 0
[0m[1m[32m	Opcode:[0m[1m HCI Event Packet (3)
[0m[1m[33mLayer BTHCI_EVT
:[0m[1m[32m	Event Code:[0m[1m LE Meta (0x3e)
[0m[1m[32m	Parameter Total Length:[0m[1m 29
[0m[1m[32m	Sub Event:[0m[1m LE Advertising Report (0x02)
[0m[1m[32m	Num Reports:[0m[1m 1
[0m[1m[32m	Event Type:[0m[1m Connectable Undirected Advertising (0x00)
[0m[1m[32m	Peer Address Type:[0m[1m Random Device Address (0x01)
[0m[1m[32m	BD_ADDR:[0m[1m 77:63:a2:17:70:a4
[0m[1m[32m	Data Length:[0m[1m 17
[0m[1m	Advertising Data
[0m[1m	Flags
[0m[1m[32m	Length:[0m[1m 2
[0m[1m[32m	Type:[0m[1m Flags (0x01)
[0m[1m[32m	000. .... = Reserved:[0m[1m 0x0
[0m[1m[32m	...1 .... = Simultaneous LE and BR/EDR to Same Device Capable (Host):[0m[1m true (0x1)
[0m[1m[32m	.... 1... = Simultaneous LE and BR/EDR to Same Device Capable (Controller):[0m[1m true (0x1)
[0m[1m[32m	.... .0.. = BR/EDR Not Supported:[0m[1m false (0x0)
[0m[1m[32m	.... ..1. = LE General Discoverable Mode:[0m[1m true (0x1)
[0m[1m[32m	.... ...0 = LE Limited Discoverable Mode:[0m[1m false (0x0)
[0m[1m[32m	Power Level (dBm):[0m[1m 8
[0m[1m[32m	Company ID:[0m[1m Apple, Inc. (0x004c)
[0m[1m[32m	Data:[0m[1m 10052318d13eec
[0m[1m[32m	Expert Info (Note/Undecoded):[0m[1m Undecoded
[0m[1m	Undecoded
[0m[1m[32m	Severity level:[0m[1m Note
[0m[1m[32m	Group:[0m[1m Undecoded
[0m[1m[32m	RSSI:[0m[1m -88 dBm
[0m[1m	Tx Power Level
[0m[1m	Manufacturer Specific
[0m[1m[32m	Length:[0m[1m 2
[0m[1m[32m	Length:[0m[1m 10
[0m[1m[32m	Type:[0m[1m Tx Power Level (0x0a)
[0m[1m[32m	Type:[0m[1m Manufacturer Specific (0xff)
[0m",31,0.01963186264038086,DoS,0.6959583,0.6959583,0.30404168
1778740097.301219,"Packet (Length: 24)
[1m[33mLayer BLUETOOTH
:[0m[1m[33mLayer HCI_MON
:[0m[1m[32m	Adapter ID:[0m[1m 0
[0m[1m[32m	Opcode:[0m[1m HCI Event Packet (3)
[0m[1m[33mLayer BTHCI_EVT
:[0m[1m[32m	Event Code:[0m[1m LE Meta (0x3e)
[0m[1m[32m	Parameter Total Length:[0m[1m 22
[0m[1m[32m	Sub Event:[0m[1m LE Advertising Report (0x02)
[0m[1m[32m	Num Reports:[0m[1m 1
[0m[1m[32m	Event Type:[0m[1m Connectable Undirected Advertising (0x00)
[0m[1m[32m	Peer Address Type:[0m[1m Random Device Address (0x01)
[0m[1m[32m	BD_ADDR:[0m[1m f1:e3:c6:6a:c5:d8
[0m[1m[32m	Data Length:[0m[1m 10
[0m[1m	Advertising Data
[0m[1m	Service Data - 16 bit UUID
[0m[1m[32m	Length:[0m[1m 6
[0m[1m[32m	Type:[0m[1m Service Data - 16 bit UUID (0x16)
[0m[1m[32m	UUID 16:[0m[1m Google LLC (0xfe2c)
[0m[1m[32m	Service Data:[0m[1m 67b851
[0m[1m[32m	Power Level (dBm):[0m[1m -8
[0m[1m[32m	RSSI:[0m[1m -34 dBm
[0m[1m	Tx Power Level
[0m[1m[32m	Length:[0m[1m 2
[0m[1m[32m	Type:[0m[1m Tx Power Level (0x0a)
[0m",24,0.011857032775878906,DoS,0.5794004,0.5794004,0.4205996
1778740097.301392,"Packet (Length: 37)
[1m[33mLayer BLUETOOTH
:[0m[1m[33mLayer HCI_MON
:[0m[1m[32m	Adapter ID:[0m[1m 0
[0m[1m[32m	Opcode:[0m[1m Control Event (17)
[0m[1m[32m	Cookie:[0m[1m 0x00000001
[0m[1m[32m	Event:[0m[1m Device found (0x0012)
[0m[1m	Unknown data
[0m[1m[32m	Expert Info (Warning/Protocol):[0m[1m Unknown data
[0m[1m	Unknown data
[0m[1m[32m	Severity level:[0m[1m Warning
[0m[1m[32m	Group:[0m[1m Protocol
[0m",37,0.00017309188842773438,DoS,0.7295198,0.7295198,0.27048025
1778740097.301956,"Packet (Length: 42)
[1m[33mLayer BLUETOOTH
:[0m[1m[33mLayer HCI_MON
:[0m[1m[32m	Adapter ID:[0m[1m 0
[0m[1m[32m	Opcode:[0m[1m HCI Event Packet (3)
[0m[1m[33mLayer BTHCI_EVT
:[0m[1m[32m	Event Code:[0m[1m LE Meta (0x3e)
[0m[1m[32m	Parameter Total Length:[0m[1m 40
[0m[1m[32m	Sub Event:[0m[1m LE Advertising Report (0x02)
[0m[1m[32m	Num Reports:[0m[1m 1
[0m[1m[32m	Event Type:[0m[1m Scan Response (0x04)
[0m[1m[32m	Peer Address Type:[0m[1m Random Device Address (0x01)
[0m[1m[32m	BD_ADDR:[0m[1m f1:e3:c6:6a:c5:d8
[0m[1m[32m	Data Length:[0m[1m 28
[0m[1m	Advertising Data
[0m[1m[32m	Device Name:[0m[1m realme Buds T200 Lite(BLE)
[0m[1m[32m	Length:[0m[1m 27
[0m[1m[32m	Type:[0m[1m Device Name (0x09)
[0m[1m[32m	Device Name:[0m[1m realme Buds T200 Lite(BLE)
[0m[1m[32m	RSSI:[0m[1m -34 dBm
[0m",42,0.0005638599395751953,DoS,0.7264256,0.7264256,0.27357438
1778740097.302043,"Packet (Length: 58)
[1m[33mLayer BLUETOOTH
:[0m[1m[33mLayer HCI_MON
:[0m[1m[32m	Adapter ID:[0m[1m 0
[0m[1m[32m	Opcode:[0m[1m Control Event (17)
[0m[1m[32m	Cookie:[0m[1m 0x00000001
[0m[1m[32m	Event:[0m[1m Device found (0x0012)
[0m[1m	Unknown data
[0m[1m[32m	Expert Info (Warning/Protocol):[0m[1m Unknown data
[0m[1m	Unknown data
[0m[1m[32m	Severity level:[0m[1m Warning
[0m[1m[32m	Group:[0m[1m Protocol
[0m",58,8.702278137207031e-05,DoS,0.7302899,0.7302899,0.26971012
1778740097.418105,"Packet (Length: 32)
[1m[33mLayer BLUETOOTH
:[0m[1m[33mLayer HCI_MON
:[0m[1m[32m	Adapter ID:[0m[1m 0
[0m[1m[32m	Opcode:[0m[1m HCI Event Packet (3)
[0m[1m[33mLayer BTHCI_EVT
:[0m[1m[32m	Event Code:[0m[1m LE Meta (0x3e)
[0m[1m[32m	Parameter Total Length:[0m[1m 30
[0m[1m[32m	Sub Event:[0m[1m LE Advertising Report (0x02)
[0m[1m[32m	Num Reports:[0m[1m 1
[0m[1m[32m	Event Type:[0m[1m Connectable Undirected Advertising (0x00)
[0m[1m[32m	Peer Address Type:[0m[1m Random Device Address (0x01)
[0m[1m[32m	BD_ADDR:[0m[1m 7c:d6:b3:3f:c3:ad
[0m[1m[32m	Data Length:[0m[1m 18
[0m[1m	Advertising Data
[0m[1m	Flags
[0m[1m[32m	Length:[0m[1m 2
[0m[1m[32m	Type:[0m[1m Flags (0x01)
[0m[1m[32m	000. .... = Reserved:[0m[1m 0x0
[0m[1m[32m	...1 .... = Simultaneous LE and BR/EDR to Same Device Capable (Host):[0m[1m true (0x1)
[0m[1m[32m	.... 1... = Simultaneous LE and BR/EDR to Same Device Capable (Controller):[0m[1m true (0x1)
[0m[1m[32m	.... .0.. = BR/EDR Not Supported:[0m[1m false (0x0)
[0m[1m[32m	.... ..1. = LE General Discoverable Mode:[0m[1m true (0x1)
[0m[1m[32m	.... ...0 = LE Limited Discoverable Mode:[0m[1m false (0x0)
[0m[1m[32m	Power Level (dBm):[0m[1m 15
[0m[1m[32m	Company ID:[0m[1m Apple, Inc. (0x004c)
[0m[1m[32m	Data:[0m[1m 10067d1e6e97118f
[0m[1m[32m	Expert Info (Note/Undecoded):[0m[1m Undecoded
[0m[1m	Undecoded
[0m[1m[32m	Severity level:[0m[1m Note
[0m[1m[32m	Group:[0m[1m Undecoded
[0m[1m[32m	RSSI:[0m[1m -34 dBm
[0m[1m	Tx Power Level
[0m[1m	Manufacturer Specific
[0m[1m[32m	Length:[0m[1m 2
[0m[1m[32m	Length:[0m[1m 11
[0m[1m[32m	Type:[0m[1m Tx Power Level (0x0a)
[0m[1m[32m	Type:[0m[1m Manufacturer Specific (0xff)
[0m",32,0.11606192588806152,DoS,0.70089483,0.70089483,0.2991052
1778740097.418764,"Packet (Length: 14)
[1m[33mLayer BLUETOOTH
:[0m[1m[33mLayer HCI_MON
:[0m[1m[32m	Adapter ID:[0m[1m 0
[0m[1m[32m	Opcode:[0m[1m HCI Event Packet (3)
[0m[1m[33mLayer BTHCI_EVT
:[0m[1m[32m	Event Code:[0m[1m LE Meta (0x3e)
[0m[1m[32m	Parameter Total Length:[0m[1m 12
[0m[1m[32m	Sub Event:[0m[1m LE Advertising Report (0x02)
[0m[1m[32m	Num Reports:[0m[1m 1
[0m[1m[32m	Event Type:[0m[1m Scan Response (0x04)
[0m[1m[32m	Peer Address Type:[0m[1m Random Device Address (0x01)
[0m[1m[32m	BD_ADDR:[0m[1m 7c:d6:b3:3f:c3:ad
[0m[1m[32m	Data Length:[0m[1m 0
[0m[1m[32m	RSSI:[0m[1m -34 dBm
[0m",14,0.0006592273712158203,normal,0.5983122,0.4016878,0.5983122
1778740097.418815,"Packet (Length: 38)
[1m[33mLayer BLUETOOTH
:[0m[1m[33mLayer HCI_MON
:[0m[1m[32m	Adapter ID:[0m[1m 0
[0m[1m[32m	Opcode:[0m[1m Control Event (17)
[0m[1m[32m	Cookie:[0m[1m 0x00000001
[0m[1m[32m	Event:[0m[1m Device found (0x0012)
[0m[1m	Unknown data
[0m[1m[32m	Expert Info (Warning/Protocol):[0m[1m Unknown data
[0m[1m	Unknown data
[0m[1m[32m	Severity level:[0m[1m Warning
[0m[1m[32m	Group:[0m[1m Protocol
[0m",38,5.078315734863281e-05,DoS,0.7295198,0.7295198,0.27048025
1778740097.482637,"Packet (Length: 22)
[1m[33mLayer BLUETOOTH
:[0m[1m[33mLayer HCI_MON
:[0m[1m[32m	Adapter ID:[0m[1m 0
[0m[1m[32m	Opcode:[0m[1m HCI Event Packet (3)
[0m[1m[33mLayer BTHCI_EVT
:[0m[1m[32m	Event Code:[0m[1m LE Meta (0x3e)
[0m[1m[32m	Parameter Total Length:[0m[1m 20
[0m[1m[32m	Sub Event:[0m[1m LE Advertising Report (0x02)
[0m[1m[32m	Num Reports:[0m[1m 1
[0m[1m[32m	Event Type:[0m[1m Non-Connectable Undirected Advertising (0x03)
[0m[1m[32m	Peer Address Type:[0m[1m Random Device Address (0x01)
[0m[1m[32m	BD_ADDR:[0m[1m c9:db:bb:bc:d6:b2
[0m[1m[32m	Data Length:[0m[1m 8
[0m[1m	Advertising Data
[0m[1m	Manufacturer Specific
[0m[1m[32m	Length:[0m[1m 7
[0m[1m[32m	Type:[0m[1m Manufacturer Specific (0xff)
[0m[1m[32m	Company ID:[0m[1m Apple, Inc. (0x004c)
[0m[1m[32m	Data:[0m[1m 12020002
[0m[1m[32m	Expert Info (Note/Undecoded):[0m[1m Undecoded
[0m[1m	Undecoded
[0m[1m[32m	Severity level:[0m[1m Note
[0m[1m[32m	Group:[0m[1m Undecoded
[0m[1m[32m	RSSI:[0m[1m -81 dBm
[0m",22,0.06382203102111816,DoS,0.53704137,0.53704137,0.4629586
1778740097.482697,"Packet (Length: 28)
[1m[33mLayer BLUETOOTH
:[0m[1m[33mLayer HCI_MON
:[0m[1m[32m	Adapter ID:[0m[1m 0
[0m[1m[32m	Opcode:[0m[1m Control Event (17)
[0m[1m[32m	Cookie:[0m[1m 0x00000001
[0m[1m[32m	Event:[0m[1m Device found (0x0012)
[0m[1m	Unknown data
[0m[1m[32m	Expert Info (Warning/Protocol):[0m[1m Unknown data
[0m[1m	Unknown data
[0m[1m[32m	Severity level:[0m[1m Warning
[0m[1m[32m	Group:[0m[1m Protocol
[0m",28,6.008148193359375e-05,DoS,0.6688803,0.6688803,0.33111975
1778740097.585233,"Packet (Length: 29)
[1m[33mLayer BLUETOOTH
:[0m[1m[33mLayer HCI_MON
:[0m[1m[32m	Adapter ID:[0m[1m 0
[0m[1m[32m	Opcode:[0m[1m HCI Event Packet (3)
[0m[1m[33mLayer BTHCI_EVT
:[0m[1m[32m	Event Code:[0m[1m LE Meta (0x3e)
[0m[1m[32m	Parameter Total Length:[0m[1m 27
[0m[1m[32m	Sub Event:[0m[1m LE Advertising Report (0x02)
[0m[1m[32m	Num Reports:[0m[1m 1
[0m[1m[32m	Event Type:[0m[1m Non-Connectable Undirected Advertising (0x03)
[0m[1m[32m	Peer Address Type:[0m[1m Random Device Address (0x01)
[0m[1m[32m	BD_ADDR:[0m[1m 15:7e:9d:a5:f4:88
[0m[1m[32m	Data Length:[0m[1m 15
[0m[1m	Advertising Data
[0m[1m	Flags
[0m[1m[32m	Length:[0m[1m 2
[0m[1m[32m	Type:[0m[1m Flags (0x01)
[0m[1m[32m	000. .... = Reserved:[0m[1m 0x0
[0m[1m[32m	...1 .... = Simultaneous LE and BR/EDR to Same Device Capable (Host):[0m[1m true (0x1)
[0m[1m[32m	.... 1... = Simultaneous LE and BR/EDR to Same Device Capable (Controller):[0m[1m true (0x1)
[0m[1m[32m	.... .0.. = BR/EDR Not Supported:[0m[1m false (0x0)
[0m[1m[32m	.... ..1. = LE General Discoverable Mode:[0m[1m true (0x1)
[0m[1m[32m	.... ...0 = LE Limited Discoverable Mode:[0m[1m false (0x0)
[0m[1m[32m	Company ID:[0m[1m Apple, Inc. (0x004c)
[0m[1m[32m	Data:[0m[1m 090603530ae69d4e
[0m[1m[32m	Expert Info (Note/Undecoded):[0m[1m Undecoded
[0m[1m	Undecoded
[0m[1m[32m	Severity level:[0m[1m Note
[0m[1m[32m	Group:[0m[1m Undecoded
[0m[1m[32m	RSSI:[0m[1m -57 dBm
[0m[1m	Manufacturer Specific
[0m[1m[32m	Length:[0m[1m 11
[0m[1m[32m	Type:[0m[1m Manufacturer Specific (0xff)
[0m",29,0.10253596305847168,DoS,0.6791787,0.6791787,0.3208213
1778740097.58529,"Packet (Length: 35)
[1m[33mLayer BLUETOOTH
:[0m[1m[33mLayer HCI_MON
:[0m[1m[32m	Adapter ID:[0m[1m 0
[0m[1m[32m	Opcode:[0m[1m Control Event (17)
[0m[1m[32m	Cookie:[0m[1m 0x00000001
[0m[1m[32m	Event:[0m[1m Device found (0x0012)
[0m[1m	Unknown data
[0m[1m[32m	Expert Info (Warning/Protocol):[0m[1m Unknown data
[0m[1m	Unknown data
[0m[1m[32m	Severity level:[0m[1m Warning
[0m[1m[32m	Group:[0m[1m Protocol
[0m",35,5.698204040527344e-05,DoS,0.7295198,0.7295198,0.27048025
1778740097.58645,"Packet (Length: 22)
[1m[33mLayer BLUETOOTH
:[0m[1m[33mLayer HCI_MON
:[0m[1m[32m	Adapter ID:[0m[1m 0
[0m[1m[32m	Opcode:[0m[1m HCI Event Packet (3)
[0m[1m[33mLayer BTHCI_EVT
:[0m[1m[32m	Event Code:[0m[1m LE Meta (0x3e)
[0m[1m[32m	Parameter Total Length:[0m[1m 20
[0m[1m[32m	Sub Event:[0m[1m LE Advertising Report (0x02)
[0m[1m[32m	Num Reports:[0m[1m 1
[0m[1m[32m	Event Type:[0m[1m Non-Connectable Undirected Advertising (0x03)
[0m[1m[32m	Peer Address Type:[0m[1m Random Device Address (0x01)
[0m[1m[32m	BD_ADDR:[0m[1m c0:e2:03:13:dd:9b
[0m[1m[32m	Data Length:[0m[1m 8
[0m[1m	Advertising Data
[0m[1m	Manufacturer Specific
[0m[1m[32m	Length:[0m[1m 7
[0m[1m[32m	Type:[0m[1m Manufacturer Specific (0xff)
[0m[1m[32m	Company ID:[0m[1m Apple, Inc. (0x004c)
[0m[1m[32m	Data:[0m[1m 12020001
[0m[1m[32m	Expert Info (Note/Undecoded):[0m[1m Undecoded
[0m[1m	Undecoded
[0m[1m[32m	Severity level:[0m[1m Note
[0m[1m[32m	Group:[0m[1m Undecoded
[0m[1m[32m	RSSI:[0m[1m -34 dBm
[0m",22,0.0011601448059082031,DoS,0.53704137,0.53704137,0.4629586
1778740097.586497,"Packet (Length: 28)
[1m[33mLayer BLUETOOTH
:[0m[1m[33mLayer HCI_MON
:[0m[1m[32m	Adapter ID:[0m[1m 0
[0m[1m[32m	Opcode:[0m[1m Control Event (17)
[0m[1m[32m	Cookie:[0m[1m 0x00000001
[0m[1m[32m	Event:[0m[1m Device found (0x0012)
[0m[1m	Unknown data
[0m[1m[32m	Expert Info (Warning/Protocol):[0m[1m Unknown data
[0m[1m	Unknown data
[0m[1m[32m	Severity level:[0m[1m Warning
[0m[1m[32m	Group:[0m[1m Protocol
[0m",28,4.696846008300781e-05,DoS,0.6688803,0.6688803,0.33111975
1778740097.750313,"Packet (Length: 30)
[1m[33mLayer BLUETOOTH
:[0m[1m[33mLayer HCI_MON
:[0m[1m[32m	Adapter ID:[0m[1m 65535
[0m[1m[32m	Opcode:[0m[1m Control Open (14)
[0m[1m[32m	Cookie:[0m[1m 0x00000004
[0m[1m[32m	Format:[0m[1m Rqw (0x0000)
[0m[1m[32m	Version:[0m[1m 2
[0m[1m[32m	Revision:[0m[1m 22
[0m[1m[32m	Flags:[0m[1m 0x00000000
[0m[1m[32m	.... .... .... .... .... .... .... ...0 = Trusted Socket:[0m[1m False
[0m[1m[32m	Command Length:[0m[1m 16
[0m[1m[32m	Command:[0m[1m blueman-manager
[0m",30,0.16381597518920898,normal,0.70740473,0.2925953,0.70740473
1778740097.750353,"Packet (Length: 4)
[1m[33mLayer BLUETOOTH
:[0m[1m[33mLayer HCI_MON
:[0m[1m[32m	Adapter ID:[0m[1m 65535
[0m[1m[32m	Opcode:[0m[1m Control Close (15)
[0m[1m[32m	Cookie:[0m[1m 0x00000004
[0m",4,4.00543212890625e-05,normal,0.5525397,0.44746026,0.5525397
1778740097.763811,"Packet (Length: 31)
[1m[33mLayer BLUETOOTH
:[0m[1m[33mLayer HCI_MON
:[0m[1m[32m	Adapter ID:[0m[1m 0
[0m[1m[32m	Opcode:[0m[1m HCI Event Packet (3)
[0m[1m[33mLayer BTHCI_EVT
:[0m[1m[32m	Event Code:[0m[1m LE Meta (0x3e)
[0m[1m[32m	Parameter Total Length:[0m[1m 29
[0m[1m[32m	Sub Event:[0m[1m LE Advertising Report (0x02)
[0m[1m[32m	Num Reports:[0m[1m 1
[0m[1m[32m	Event Type:[0m[1m Connectable Undirected Advertising (0x00)
[0m[1m[32m	Peer Address Type:[0m[1m Random Device Address (0x01)
[0m[1m[32m	BD_ADDR:[0m[1m 5f:50:80:1d:4b:7b
[0m[1m[32m	Data Length:[0m[1m 17
[0m[1m	Advertising Data
[0m[1m	Flags
[0m[1m[32m	Length:[0m[1m 2
[0m[1m[32m	Type:[0m[1m Flags (0x01)
[0m[1m[32m	000. .... = Reserved:[0m[1m 0x0
[0m[1m[32m	...1 .... = Simultaneous LE and BR/EDR to Same Device Capable (Host):[0m[1m true (0x1)
[0m[1m[32m	.... 1... = Simultaneous LE and BR/EDR to Same Device Capable (Controller):[0m[1m true (0x1)
[0m[1m[32m	.... .0.. = BR/EDR Not Supported:[0m[1m false (0x0)
[0m[1m[32m	.... ..1. = LE General Discoverable Mode:[0m[1m true (0x1)
[0m[1m[32m	.... ...0 = LE Limited Discoverable Mode:[0m[1m false (0x0)
[0m[1m[32m	Power Level (dBm):[0m[1m 12
[0m[1m[32m	Company ID:[0m[1m Apple, Inc. (0x004c)
[0m[1m[32m	Data:[0m[1m 1005021cbea404
[0m[1m[32m	Expert Info (Note/Undecoded):[0m[1m Undecoded
[0m[1m	Undecoded
[0m[1m[32m	Severity level:[0m[1m Note
[0m[1m[32m	Group:[0m[1m Undecoded
[0m[1m[32m	RSSI:[0m[1m -55 dBm
[0m[1m	Tx Power Level
[0m[1m	Manufacturer Specific
[0m[1m[32m	Length:[0m[1m 2
[0m[1m[32m	Length:[0m[1m 10
[0m[1m[32m	Type:[0m[1m Tx Power Level (0x0a)
[0m[1m[32m	Type:[0m[1m Manufacturer Specific (0xff)
[0m",31,0.013458013534545898,DoS,0.6959583,0.6959583,0.30404168
1778740097.764427,"Packet (Length: 14)
[1m[33mLayer BLUETOOTH
:[0m[1m[33mLayer HCI_MON
:[0m[1m[32m	Adapter ID:[0m[1m 0
[0m[1m[32m	Opcode:[0m[1m HCI Event Packet (3)
[0m[1m[33mLayer BTHCI_EVT
:[0m[1m[32m	Event Code:[0m[1m LE Meta (0x3e)
[0m[1m[32m	Parameter Total Length:[0m[1m 12
[0m[1m[32m	Sub Event:[0m[1m LE Advertising Report (0x02)
[0m[1m[32m	Num Reports:[0m[1m 1
[0m[1m[32m	Event Type:[0m[1m Scan Response (0x04)
[0m[1m[32m	Peer Address Type:[0m[1m Random Device Address (0x01)
[0m[1m[32m	BD_ADDR:[0m[1m 5f:50:80:1d:4b:7b
[0m[1m[32m	Data Length:[0m[1m 0
[0m[1m[32m	RSSI:[0m[1m -55 dBm
[0m",14,0.0006158351898193359,normal,0.5983122,0.4016878,0.5983122
1778740097.764466,"Packet (Length: 37)
[1m[33mLayer BLUETOOTH
:[0m[1m[33mLayer HCI_MON
:[0m[1m[32m	Adapter ID:[0m[1m 0
[0m[1m[32m	Opcode:[0m[1m Control Event (17)
[0m[1m[32m	Cookie:[0m[1m 0x00000001
[0m[1m[32m	Event:[0m[1m Device found (0x0012)
[0m[1m	Unknown data
[0m[1m[32m	Expert Info (Warning/Protocol):[0m[1m Unknown data
[0m[1m	Unknown data
[0m[1m[32m	Severity level:[0m[1m Warning
[0m[1m[32m	Group:[0m[1m Protocol
[0m",37,3.910064697265625e-05,DoS,0.7295198,0.7295198,0.27048025
1778740098.756656,"Packet (Length: 30)
[1m[33mLayer BLUETOOTH
:[0m[1m[33mLayer HCI_MON
:[0m[1m[32m	Adapter ID:[0m[1m 65535
[0m[1m[32m	Opcode:[0m[1m Control Open (14)
[0m[1m[32m	Cookie:[0m[1m 0x00000004
[0m[1m[32m	Format:[0m[1m Rqw (0x0000)
[0m[1m[32m	Version:[0m[1m 2
[0m[1m[32m	Revision:[0m[1m 22
[0m[1m[32m	Flags:[0m[1m 0x00000000
[0m[1m[32m	.... .... .... .... .... .... .... ...0 = Trusted Socket:[0m[1m False
[0m[1m[32m	Command Length:[0m[1m 16
[0m[1m[32m	Command:[0m[1m blueman-manager
[0m",30,0.992189884185791,normal,0.70740473,0.2925953,0.70740473
1778740098.756707,"Packet (Length: 4)
[1m[33mLayer BLUETOOTH
:[0m[1m[33mLayer HCI_MON
:[0m[1m[32m	Adapter ID:[0m[1m 65535
[0m[1m[32m	Opcode:[0m[1m Control Close (15)
[0m[1m[32m	Cookie:[0m[1m 0x00000004
[0m",4,5.1021575927734375e-05,normal,0.5525397,0.44746026,0.5525397
1778740099.335781,"Packet (Length: 14)
[1m[33mLayer BLUETOOTH
:[0m[1m[33mLayer HCI_MON
:[0m[1m[32m	Adapter ID:[0m[1m 0
[0m[1m[32m	Opcode:[0m[1m Control Command (16)
[0m[1m[32m	Cookie:[0m[1m 0x00000001
[0m[1m	Unknown data
[0m[1m[32m	Expert Info (Warning/Protocol):[0m[1m Unknown data
[0m[1m	Unknown data
[0m[1m[32m	Severity level:[0m[1m Warning
[0m[1m[32m	Group:[0m[1m Protocol
[0m[1m[32m	Opcode:[0m[1m Unknown (51)
[0m",14,0.5790741443634033,normal,0.6095242,0.39047587,0.6095242
1778740099.335829,"Packet (Length: 21)
[1m[33mLayer BLUETOOTH
:[0m[1m[33mLayer HCI_MON
:[0m[1m[32m	Adapter ID:[0m[1m 0
[0m[1m[32m	Opcode:[0m[1m Control Event (17)
[0m[1m[32m	Cookie:[0m[1m 0x00000001
[0m[1m[32m	Event:[0m[1m Unknown (0x002a)
[0m[1m	Unknown data
[0m[1m[32m	Expert Info (Warning/Protocol):[0m[1m Unknown data
[0m[1m	Unknown data
[0m[1m[32m	Severity level:[0m[1m Warning
[0m[1m[32m	Group:[0m[1m Protocol
[0m",21,4.792213439941406e-05,DoS,0.6039318,0.6039318,0.39606816
1778740099.335845,"Packet (Length: 16)
[1m[33mLayer BLUETOOTH
:[0m[1m[33mLayer HCI_MON
:[0m[1m[32m	Adapter ID:[0m[1m 0
[0m[1m[32m	Opcode:[0m[1m Control Event (17)
[0m[1m[32m	Cookie:[0m[1m 0x00000001
[0m[1m[32m	Event:[0m[1m Command complete (0x0001)
[0m[1m	Unknown data
[0m[1m[32m	Expert Info (Warning/Protocol):[0m[1m Unknown data
[0m[1m	Unknown data
[0m[1m[32m	Severity level:[0m[1m Warning
[0m[1m[32m	Group:[0m[1m Protocol
[0m",16,1.5974044799804688e-05,normal,0.6095242,0.39047587,0.6095242
1778740099.335907,"Packet (Length: 4)
[1m[33mLayer BLUETOOTH
:[0m[1m[33mLayer HCI_MON
:[0m[1m[32m	Adapter ID:[0m[1m 0
[0m[1m[32m	Opcode:[0m[1m HCI Command Packet (2)
[0m[1m[33mLayer BTHCI_CMD
:[0m[1m[32m	Command Opcode:[0m[1m Write Scan Enable (0x0c1a)
[0m[1m[32m	0000 11.. .... .... = Opcode Group Field:[0m[1m Host Controller & Baseband Commands (0x03)
[0m[1m[32m	.... ..00 0001 1010 = Opcode Command Field:[0m[1m Write Scan Enable (0x01a)
[0m[1m[32m	Parameter Total Length:[0m[1m 1
[0m[1m[32m	Scan Enable:[0m[1m Inquiry Scan disabled/Page Scan enabled (0x02)
[0m",4,6.198883056640625e-05,normal,0.70578504,0.29421496,0.70578504
1778740099.336298,"Packet (Length: 6)
[1m[33mLayer BLUETOOTH
:[0m[1m[33mLayer HCI_MON
:[0m[1m[32m	Adapter ID:[0m[1m 0
[0m[1m[32m	Opcode:[0m[1m HCI Event Packet (3)
[0m[1m[33mLayer BTHCI_EVT
:[0m[1m[32m	Event Code:[0m[1m Command Complete (0x0e)
[0m[1m[32m	Parameter Total Length:[0m[1m 4
[0m[1m[32m	Number of Allowed Command Packets:[0m[1m 1
[0m[1m[32m	Command Opcode:[0m[1m Write Scan Enable (0x0c1a)
[0m[1m[32m	0000 11.. .... .... = Opcode Group Field:[0m[1m Host Controller & Baseband Commands (0x03)
[0m[1m[32m	.... ..00 0001 1010 = Opcode Command Field:[0m[1m Write Scan Enable (0x01a)
[0m[1m[32m	Status:[0m[1m Success (0x00)
[0m[1m[32m	Command in frame:[0m[1m 270
[0m[1m[32m	Command-Response Delta:[0m[1m 0.391ms
[0m",6,0.0003910064697265625,normal,0.70740473,0.2925953,0.70740473
1778740099.336361,"Packet (Length: 7)
[1m[33mLayer BLUETOOTH
:[0m[1m[33mLayer HCI_MON
:[0m[1m[32m	Adapter ID:[0m[1m 0
[0m[1m[32m	Opcode:[0m[1m Control Command (16)
[0m[1m[32m	Cookie:[0m[1m 0x00000001
[0m[1m	Unknown data
[0m[1m[32m	Expert Info (Warning/Protocol):[0m[1m Unknown data
[0m[1m	Unknown data
[0m[1m[32m	Severity level:[0m[1m Warning
[0m[1m[32m	Group:[0m[1m Protocol
[0m[1m[32m	Opcode:[0m[1m Unknown (36)
[0m",7,6.29425048828125e-05,normal,0.6095242,0.39047587,0.6095242
1778740099.336436,"Packet (Length: 5)
[1m[33mLayer BLUETOOTH
:[0m[1m[33mLayer HCI_MON
:[0m[1m[32m	Adapter ID:[0m[1m 0
[0m[1m[32m	Opcode:[0m[1m HCI Command Packet (2)
[0m[1m[33mLayer BTHCI_CMD
:[0m[1m[32m	Command Opcode:[0m[1m LE Set Scan Enable (0x200c)
[0m[1m[32m	0010 00.. .... .... = Opcode Group Field:[0m[1m LE Controller Commands (0x08)
[0m[1m[32m	.... ..00 0000 1100 = Opcode Command Field:[0m[1m LE Set Scan Enable (0x00c)
[0m[1m[32m	Parameter Total Length:[0m[1m 2
[0m[1m[32m	Scan Enable:[0m[1m false (0x00)
[0m[1m[32m	Filter Duplicates:[0m[1m false (0x00)
[0m",5,7.510185241699219e-05,normal,0.70578504,0.29421496,0.70578504
1778740099.337895,"Packet (Length: 6)
[1m[33mLayer BLUETOOTH
:[0m[1m[33mLayer HCI_MON
:[0m[1m[32m	Adapter ID:[0m[1m 0
[0m[1m[32m	Opcode:[0m[1m HCI Event Packet (3)
[0m[1m[33mLayer BTHCI_EVT
:[0m[1m[32m	Event Code:[0m[1m Command Complete (0x0e)
[0m[1m[32m	Parameter Total Length:[0m[1m 4
[0m[1m[32m	Number of Allowed Command Packets:[0m[1m 1
[0m[1m[32m	Command Opcode:[0m[1m LE Set Scan Enable (0x200c)
[0m[1m[32m	0010 00.. .... .... = Opcode Group Field:[0m[1m LE Controller Commands (0x08)
[0m[1m[32m	.... ..00 0000 1100 = Opcode Command Field:[0m[1m LE Set Scan Enable (0x00c)
[0m[1m[32m	Status:[0m[1m Success (0x00)
[0m[1m[32m	Command in frame:[0m[1m 273
[0m[1m[32m	Command-Response Delta:[0m[1m 1.459ms
[0m",6,0.001458883285522461,normal,0.70740473,0.2925953,0.70740473
1778740099.338026,"Packet (Length: 10)
[1m[33mLayer BLUETOOTH
:[0m[1m[33mLayer HCI_MON
:[0m[1m[32m	Adapter ID:[0m[1m 0
[0m[1m[32m	Opcode:[0m[1m Control Event (17)
[0m[1m[32m	Cookie:[0m[1m 0x00000001
[0m[1m[32m	Event:[0m[1m Command complete (0x0001)
[0m[1m	Unknown data
[0m[1m[32m	Expert Info (Warning/Protocol):[0m[1m Unknown data
[0m[1m	Unknown data
[0m[1m[32m	Severity level:[0m[1m Warning
[0m[1m[32m	Group:[0m[1m Protocol
[0m",10,0.00013113021850585938,normal,0.6095242,0.39047587,0.6095242
1778740099.338049,"Packet (Length: 8)
[1m[33mLayer BLUETOOTH
:[0m[1m[33mLayer HCI_MON
:[0m[1m[32m	Adapter ID:[0m[1m 0
[0m[1m[32m	Opcode:[0m[1m Control Event (17)
[0m[1m[32m	Cookie:[0m[1m 0x00000001
[0m[1m[32m	Event:[0m[1m Discovering (0x0013)
[0m[1m	Unknown data
[0m[1m[32m	Expert Info (Warning/Protocol):[0m[1m Unknown data
[0m[1m	Unknown data
[0m[1m[32m	Severity level:[0m[1m Warning
[0m[1m[32m	Group:[0m[1m Protocol
[0m",8,2.288818359375e-05,DoS,0.6039318,0.6039318,0.39606816
1778740099.33838,"Packet (Length: 14)
[1m[33mLayer BLUETOOTH
:[0m[1m[33mLayer HCI_MON
:[0m[1m[32m	Adapter ID:[0m[1m 0
[0m[1m[32m	Opcode:[0m[1m Control Command (16)
[0m[1m[32m	Cookie:[0m[1m 0x00000001
[0m[1m	Unknown data
[0m[1m[32m	Expert Info (Warning/Protocol):[0m[1m Unknown data
[0m[1m	Unknown data
[0m[1m[32m	Severity level:[0m[1m Warning
[0m[1m[32m	Group:[0m[1m Protocol
[0m[1m[32m	Opcode:[0m[1m Unknown (25)
[0m",14,0.0003311634063720703,normal,0.6095242,0.39047587,0.6095242
1778740099.338442,"Packet (Length: 16)
[1m[33mLayer BLUETOOTH
:[0m[1m[33mLayer HCI_MON
:[0m[1m[32m	Adapter ID:[0m[1m 0
[0m[1m[32m	Opcode:[0m[1m HCI Command Packet (2)
[0m[1m[33mLayer BTHCI_CMD
:[0m[1m[32m	Command Opcode:[0m[1m Create Connection (0x0405)
[0m[1m[32m	0000 01.. .... .... = Opcode Group Field:[0m[1m Link Control Commands (0x01)
[0m[1m[32m	.... ..00 0000 0101 = Opcode Command Field:[0m[1m Create Connection (0x005)
[0m[1m[32m	Parameter Total Length:[0m[1m 13
[0m[1m[32m	BD_ADDR:[0m[1m 28:04:c6:6a:c5:d8
[0m[1m[32m	Packet Type:[0m[1m 0xcc18, DH5, DM5, DH3, DM3, DH1, DM1
[0m[1m[32m	1... .... .... .... = DH5:[0m[1m True
[0m[1m[32m	.1.. .... .... .... = DM5:[0m[1m True
[0m[1m[32m	..0. .... .... .... = 3-DH5:[0m[1m False
[0m[1m[32m	...0 .... .... .... = 2-DH5:[0m[1m False
[0m[1m[32m	.... 1... .... .... = DH3:[0m[1m True
[0m[1m[32m	.... .1.. .... .... = DM3:[0m[1m True
[0m[1m[32m	.... ..0. .... .... = 3-DH3:[0m[1m False
[0m[1m[32m	.... ...0 .... .... = 2-DH3:[0m[1m False
[0m[1m[32m	.... .... 000. .... = Reserved:[0m[1m 0x0
[0m[1m[32m	.... .... ...1 .... = DH1:[0m[1m True
[0m[1m[32m	.... .... .... 1... = DM1:[0m[1m True
[0m[1m[32m	.... .... .... .0.. = 3-DH1:[0m[1m False
[0m[1m[32m	.... .... .... ..0. = 2-DH1:[0m[1m False
[0m[1m[32m	.... .... .... ...0 = Reserved:[0m[1m False
[0m[1m[32m	Page Scan Repetition Mode:[0m[1m R2 (0x02)
[0m[1m[32m	Page Scan Mode:[0m[1m Mandatory Page Scan Mode (0x00)
[0m[1m[32m	.000 0000 0000 0000 = Clock Offset:[0m[1m 0x0000 (0 msec)
[0m[1m[32m	0... .... .... .... = Clock_Offset_Valid_Flag:[0m[1m false (0)
[0m[1m[32m	Allow Role Switch:[0m[1m Local device may be Central, or may become Peripheral after accepting a switch. (0x01)
[0m",16,6.198883056640625e-05,normal,0.70740473,0.2925953,0.70740473
1778740099.338858,"Packet (Length: 6)
[1m[33mLayer BLUETOOTH
:[0m[1m[33mLayer HCI_MON
:[0m[1m[32m	Adapter ID:[0m[1m 0
[0m[1m[32m	Opcode:[0m[1m HCI Event Packet (3)
[0m[1m[33mLayer BTHCI_EVT
:[0m[1m[32m	Event Code:[0m[1m Command Status (0x0f)
[0m[1m[32m	Parameter Total Length:[0m[1m 4
[0m[1m[32m	Status:[0m[1m Pending (0x00)
[0m[1m[32m	Number of Allowed Command Packets:[0m[1m 1
[0m[1m[32m	Command Opcode:[0m[1m Create Connection (0x0405)
[0m[1m[32m	0000 01.. .... .... = Opcode Group Field:[0m[1m Link Control Commands (0x01)
[0m[1m[32m	.... ..00 0000 0101 = Opcode Command Field:[0m[1m Create Connection (0x005)
[0m[1m[32m	Command in frame:[0m[1m 278
[0m[1m[32m	Command-Pending Delta:[0m[1m 0.416ms
[0m",6,0.000415802001953125,normal,0.70740473,0.2925953,0.70740473
1778740099.469202,"Packet (Length: 13)
[1m[33mLayer BLUETOOTH
:[0m[1m[33mLayer HCI_MON
:[0m[1m[32m	Adapter ID:[0m[1m 0
[0m[1m[32m	Opcode:[0m[1m HCI Event Packet (3)
[0m[1m[33mLayer BTHCI_EVT
:[0m[1m[32m	Event Code:[0m[1m Connect Complete (0x03)
[0m[1m[32m	Parameter Total Length:[0m[1m 11
[0m[1m[32m	Status:[0m[1m Success (0x00)
[0m[1m[32m	Connection Handle:[0m[1m 0x000c
[0m[1m[32m	BD_ADDR:[0m[1m 28:04:c6:6a:c5:d8
[0m[1m[32m	Link Type:[0m[1m ACL connection (Data Channels) (0x01)
[0m[1m[32m	Encryption Mode:[0m[1m Encryption Disabled (0x00)
[0m[1m[32m	Command in frame:[0m[1m 278
[0m[1m[32m	Pending in frame:[0m[1m 279
[0m[1m[32m	Pending-Response Delta:[0m[1m 130.344ms
[0m[1m[32m	Command-Response Delta:[0m[1m 130.76ms
[0m",13,0.13034415245056152,normal,0.6619229,0.33807713,0.6619229
1778740099.46941,"Packet (Length: 5)
[1m[33mLayer BLUETOOTH
:[0m[1m[33mLayer HCI_MON
:[0m[1m[32m	Adapter ID:[0m[1m 0
[0m[1m[32m	Opcode:[0m[1m HCI Command Packet (2)
[0m[1m[33mLayer BTHCI_CMD
:[0m[1m[32m	Command Opcode:[0m[1m Read Remote Supported Features (0x041b)
[0m[1m[32m	0000 01.. .... .... = Opcode Group Field:[0m[1m Link Control Commands (0x01)
[0m[1m[32m	.... ..00 0001 1011 = Opcode Command Field:[0m[1m Read Remote Supported Features (0x01b)
[0m[1m[32m	Parameter Total Length:[0m[1m 2
[0m[1m[32m	Connection Handle:[0m[1m 0x000c
[0m",5,0.0002079010009765625,normal,0.70578504,0.29421496,0.70578504
1778740099.469992,"Packet (Length: 30)
[1m[33mLayer BLUETOOTH
:[0m[1m[33mLayer HCI_MON
:[0m[1m[32m	Adapter ID:[0m[1m 65535
[0m[1m[32m	Opcode:[0m[1m Control Open (14)
[0m[1m[32m	Cookie:[0m[1m 0x00000004
[0m[1m[32m	Format:[0m[1m Rqw (0x0000)
[0m[1m[32m	Version:[0m[1m 2
[0m[1m[32m	Revision:[0m[1m 22
[0m[1m[32m	Flags:[0m[1m 0x00000001, Trusted Socket
[0m[1m[32m	.... .... .... .... .... .... .... ...1 = Trusted Socket:[0m[1m True
[0m[1m[32m	Command Length:[0m[1m 16
[0m[1m[32m	Command:[0m[1m btmon
[0m",30,0.0005819797515869141,normal,0.70740473,0.2925953,0.70740473
1778740099.470013,"Packet (Length: 4)
[1m[33mLayer BLUETOOTH
:[0m[1m[33mLayer HCI_MON
:[0m[1m[32m	Adapter ID:[0m[1m 65535
[0m[1m[32m	Opcode:[0m[1m Control Close (15)
[0m[1m[32m	Cookie:[0m[1m 0x00000004
[0m",4,2.09808349609375e-05,normal,0.5525397,0.44746026,0.5525397
1778740099.470652,"Packet (Length: 6)
[1m[33mLayer BLUETOOTH
:[0m[1m[33mLayer HCI_MON
:[0m[1m[32m	Adapter ID:[0m[1m 0
[0m[1m[32m	Opcode:[0m[1m HCI Event Packet (3)
[0m[1m[33mLayer BTHCI_EVT
:[0m[1m[32m	Event Code:[0m[1m Command Status (0x0f)
[0m[1m[32m	Parameter Total Length:[0m[1m 4
[0m[1m[32m	Status:[0m[1m Pending (0x00)
[0m[1m[32m	Number of Allowed Command Packets:[0m[1m 1
[0m[1m[32m	Command Opcode:[0m[1m Read Remote Supported Features (0x041b)
[0m[1m[32m	0000 01.. .... .... = Opcode Group Field:[0m[1m Link Control Commands (0x01)
[0m[1m[32m	.... ..00 0001 1011 = Opcode Command Field:[0m[1m Read Remote Supported Features (0x01b)
[0m[1m[32m	Command in frame:[0m[1m 281
[0m[1m[32m	Command-Pending Delta:[0m[1m 1.242ms
[0m",6,0.0006392002105712891,normal,0.70740473,0.2925953,0.70740473
1778740099.470721,"Packet (Length: 4)
[1m[33mLayer BLUETOOTH
:[0m[1m[33mLayer HCI_MON
:[0m[1m[32m	Adapter ID:[0m[1m 0
[0m[1m[32m	Opcode:[0m[1m HCI Command Packet (2)
[0m[1m[33mLayer BTHCI_CMD
:[0m[1m[32m	Command Opcode:[0m[1m Write Scan Enable (0x0c1a)
[0m[1m[32m	0000 11.. .... .... = Opcode Group Field:[0m[1m Host Controller & Baseband Commands (0x03)
[0m[1m[32m	.... ..00 0001 1010 = Opcode Command Field:[0m[1m Write Scan Enable (0x01a)
[0m[1m[32m	Parameter Total Length:[0m[1m 1
[0m[1m[32m	Scan Enable:[0m[1m No Scans enabled (0x00)
[0m",4,6.890296936035156e-05,normal,0.70578504,0.29421496,0.70578504
1778740099.470776,"Packet (Length: 13)
[1m[33mLayer BLUETOOTH
:[0m[1m[33mLayer HCI_MON
:[0m[1m[32m	Adapter ID:[0m[1m 0
[0m[1m[32m	Opcode:[0m[1m HCI Event Packet (3)
[0m[1m[33mLayer BTHCI_EVT
:[0m[1m[32m	Event Code:[0m[1m Read Remote Supported Features (0x0b)
[0m[1m[32m	Parameter Total Length:[0m[1m 11
[0m[1m[32m	Status:[0m[1m Success (0x00)
[0m[1m[32m	Connection Handle:[0m[1m 0x000c
[0m[1m	LMP Features
[0m[1m[32m	.... ...1 = 3-slot packets:[0m[1m True
[0m[1m[32m	.... ..1. = 5-slot packets:[0m[1m True
[0m[1m[32m	.... .1.. = Encryption:[0m[1m True
[0m[1m[32m	.... 1... = Slot Offset:[0m[1m True
[0m[1m[32m	...1 .... = Timing Accuracy:[0m[1m True
[0m[1m[32m	..1. .... = Role Switch:[0m[1m True
[0m[1m[32m	.0.. .... = Hold Mode:[0m[1m False
[0m[1m[32m	1... .... = Sniff Mode:[0m[1m True
[0m[1m[32m	.... ...0 = Park Mode:[0m[1m False
[0m[1m[32m	.... ..1. = Power Control Requests:[0m[1m True
[0m[1m[32m	.... .1.. = Channel Quality Driven Data Rate:[0m[1m True
[0m[1m[32m	.... 1... = SCO Link:[0m[1m True
[0m[1m[32m	...1 .... = HV2 packets:[0m[1m True
[0m[1m[32m	..1. .... = HV3 packets:[0m[1m True
[0m[1m[32m	.1.. .... = u-law Log Synchronous Data:[0m[1m True
[0m[1m[32m	1... .... = A-law Log Synchronous Data:[0m[1m True
[0m[1m[32m	.... ...1 = CVSD Synchronous Data:[0m[1m True
[0m[1m[32m	.... ..0. = Paging Parameter Negotiation:[0m[1m False
[0m[1m[32m	.... .1.. = Power Control:[0m[1m True
[0m[1m[32m	.... 1... = Transparent Synchronous Data:[0m[1m True
[0m[1m[32m	.000 .... = Flow Control Lag:[0m[1m 0 (0 bytes)
[0m[1m[32m	1... .... = Broadband Encryption:[0m[1m True
[0m[1m[32m	.... ...0 = Reserved:[0m[1m False
[0m[1m[32m	.... ..1. = EDR ACL 2 Mbps Mode:[0m[1m True
[0m[1m[32m	.... .0.. = EDR ACL 3 Mbps Mode:[0m[1m False
[0m[1m[32m	.... 1... = Enhanced Inquiry Scan:[0m[1m True
[0m[1m[32m	...1 .... = Interlaced Inquiry Scan:[0m[1m True
[0m[1m[32m	..1. .... = Interlaced Page Scan:[0m[1m True
[0m[1m[32m	.1.. .... = RSSI with Inquiry Results:[0m[1m True
[0m[1m[32m	1... .... = EV3 Packets:[0m[1m True
[0m[1m[32m	.... ...0 = EV4 Packets:[0m[1m False
[0m[1m[32m	.... ..0. = EV5 Packets:[0m[1m False
[0m[1m[32m	.... .0.. = Reserved:[0m[1m False
[0m[1m[32m	.... 1... = AFH Capable Peripheral:[0m[1m True
[0m[1m[32m	...1 .... = AFH Classification Peripheral:[0m[1m True
[0m[1m[32m	..0. .... = BR/EDR Not Supported:[0m[1m False
[0m[1m[32m	.1.. .... = LE Supported Controller:[0m[1m True
[0m[1m[32m	1... .... = 3-slot EDR ACL packets:[0m[1m True
[0m[1m[32m	.... ...1 = 5-slot EDR ACL packets:[0m[1m True
[0m[1m[32m	.... ..0. = Sniff Subrating:[0m[1m False
[0m[1m[32m	.... .1.. = Pause Encryption:[0m[1m True
[0m[1m[32m	.... 1... = AFH Capable Central:[0m[1m True
[0m[1m[32m	...1 .... = AFH Classification Central:[0m[1m True
[0m[1m[32m	..1. .... = EDR eSCO 2 Mbps Mode:[0m[1m True
[0m[1m[32m	.0.. .... = EDR eSCO 3 Mbps Mode:[0m[1m False
[0m[1m[32m	0... .... = 3-slot EDR eSCO Packets:[0m[1m False
[0m[1m[32m	.... ...1 = Extended Inquiry Response:[0m[1m True
[0m[1m[32m	.... ..0. = Simultaneous LE and BR/EDR to Same Device Capable Controller:[0m[1m False
[0m[1m[32m	.... .0.. = Reserved:[0m[1m False
[0m[1m[32m	.... 1... = Secure Simple Pairing:[0m[1m True
[0m[1m[32m	...1 .... = Encapsulated PDU:[0m[1m True
[0m[1m[32m	..1. .... = Erroneous Data Reporting:[0m[1m True
[0m[1m[32m	.1.. .... = Non-flushable Packet Boundary Flag:[0m[1m True
[0m[1m[32m	0... .... = Reserved:[0m[1m False
[0m[1m[32m	.... ...1 = Link Supervision Timeout Changed Event:[0m[1m True
[0m[1m[32m	.... ..1. = Inquiry TX Power Level:[0m[1m True
[0m[1m[32m	.... .1.. = Enhanced Power Control:[0m[1m True
[0m[1m[32m	.000 0... = Reserved:[0m[1m False
[0m[1m[32m	1... .... = Extended Features:[0m[1m True
[0m[1m[32m	Command in frame:[0m[1m 281
[0m[1m[32m	Pending in frame:[0m[1m 284
[0m[1m[32m	Pending-Response Delta:[0m[1m 0.124ms
[0m[1m[32m	Command-Response Delta:[0m[1m 1.366ms
[0m",13,5.507469177246094e-05,normal,0.6039318,0.39606816,0.6039318
1778740099.471316,"Packet (Length: 6)
[1m[33mLayer BLUETOOTH
:[0m[1m[33mLayer HCI_MON
:[0m[1m[32m	Adapter ID:[0m[1m 0
[0m[1m[32m	Opcode:[0m[1m HCI Event Packet (3)
[0m[1m[33mLayer BTHCI_EVT
:[0m[1m[32m	Event Code:[0m[1m Command Complete (0x0e)
[0m[1m[32m	Parameter Total Length:[0m[1m 4
[0m[1m[32m	Number of Allowed Command Packets:[0m[1m 1
[0m[1m[32m	Command Opcode:[0m[1m Write Scan Enable (0x0c1a)
[0m[1m[32m	0000 11.. .... .... = Opcode Group Field:[0m[1m Host Controller & Baseband Commands (0x03)
[0m[1m[32m	.... ..00 0001 1010 = Opcode Command Field:[0m[1m Write Scan Enable (0x01a)
[0m[1m[32m	Status:[0m[1m Success (0x00)
[0m[1m[32m	Command in frame:[0m[1m 285
[0m[1m[32m	Command-Response Delta:[0m[1m 0.595ms
[0m",6,0.0005400180816650391,normal,0.70740473,0.2925953,0.70740473
1778740099.471389,"Packet (Length: 6)
[1m[33mLayer BLUETOOTH
:[0m[1m[33mLayer HCI_MON
:[0m[1m[32m	Adapter ID:[0m[1m 0
[0m[1m[32m	Opcode:[0m[1m HCI Command Packet (2)
[0m[1m[33mLayer BTHCI_CMD
:[0m[1m[32m	Command Opcode:[0m[1m Read Remote Extended Features (0x041c)
[0m[1m[32m	0000 01.. .... .... = Opcode Group Field:[0m[1m Link Control Commands (0x01)
[0m[1m[32m	.... ..00 0001 1100 = Opcode Command Field:[0m[1m Read Remote Extended Features (0x01c)
[0m[1m[32m	Parameter Total Length:[0m[1m 3
[0m[1m[32m	Connection Handle:[0m[1m 0x000c
[0m[1m[32m	Page Number:[0m[1m 1
[0m",6,7.295608520507812e-05,normal,0.70578504,0.29421496,0.70578504
1778740099.472331,"Packet (Length: 6)
[1m[33mLayer BLUETOOTH
:[0m[1m[33mLayer HCI_MON
:[0m[1m[32m	Adapter ID:[0m[1m 0
[0m[1m[32m	Opcode:[0m[1m HCI Event Packet (3)
[0m[1m[33mLayer BTHCI_EVT
:[0m[1m[32m	Event Code:[0m[1m Command Status (0x0f)
[0m[1m[32m	Parameter Total Length:[0m[1m 4
[0m[1m[32m	Status:[0m[1m Pending (0x00)
[0m[1m[32m	Number of Allowed Command Packets:[0m[1m 1
[0m[1m[32m	Command Opcode:[0m[1m Read Remote Extended Features (0x041c)
[0m[1m[32m	0000 01.. .... .... = Opcode Group Field:[0m[1m Link Control Commands (0x01)
[0m[1m[32m	.... ..00 0001 1100 = Opcode Command Field:[0m[1m Read Remote Extended Features (0x01c)
[0m[1m[32m	Command in frame:[0m[1m 288
[0m[1m[32m	Command-Pending Delta:[0m[1m 0.942ms
[0m",6,0.0009419918060302734,normal,0.70740473,0.2925953,0.70740473
1778740099.472611,"Packet (Length: 15)
[1m[33mLayer BLUETOOTH
:[0m[1m[33mLayer HCI_MON
:[0m[1m[32m	Adapter ID:[0m[1m 0
[0m[1m[32m	Opcode:[0m[1m HCI Event Packet (3)
[0m[1m[33mLayer BTHCI_EVT
:[0m[1m[32m	Event Code:[0m[1m Read Remote Extended Features Complete (0x23)
[0m[1m[32m	Parameter Total Length:[0m[1m 13
[0m[1m[32m	Status:[0m[1m Success (0x00)
[0m[1m[32m	Connection Handle:[0m[1m 0x000c
[0m[1m[32m	Page Number:[0m[1m 1
[0m[1m[32m	Max Page Number:[0m[1m 1
[0m[1m	LMP Features
[0m[1m[32m	.... ...1 = Secure Simple Pairing Host:[0m[1m True
[0m[1m[32m	.... ..0. = LE Supported Host:[0m[1m False
[0m[1m[32m	.... .0.. = Simultaneous LE and BR/EDR to Same Device Capable Host:[0m[1m False
[0m[1m[32m	.... 0... = Secure Connections Host:[0m[1m False
[0m[1m[32m	0000 .... = Reserved:[0m[1m 0x0
[0m[1m[32m	Reserved:[0m[1m 00000000000000
[0m[1m[32m	Command in frame:[0m[1m 288
[0m[1m[32m	Pending in frame:[0m[1m 289
[0m[1m[32m	Pending-Response Delta:[0m[1m 0.28ms
[0m[1m[32m	Command-Response Delta:[0m[1m 1.222ms
[0m",15,0.0002799034118652344,normal,0.7090191,0.29098085,0.7090191
1778740099.472658,"Packet (Length: 13)
[1m[33mLayer BLUETOOTH
:[0m[1m[33mLayer HCI_MON
:[0m[1m[32m	Adapter ID:[0m[1m 0
[0m[1m[32m	Opcode:[0m[1m HCI Command Packet (2)
[0m[1m[33mLayer BTHCI_CMD
:[0m[1m[32m	Command Opcode:[0m[1m Remote Name Request (0x0419)
[0m[1m[32m	0000 01.. .... .... = Opcode Group Field:[0m[1m Link Control Commands (0x01)
[0m[1m[32m	.... ..00 0001 1001 = Opcode Command Field:[0m[1m Remote Name Request (0x019)
[0m[1m[32m	Parameter Total Length:[0m[1m 10
[0m[1m[32m	BD_ADDR:[0m[1m 28:04:c6:6a:c5:d8
[0m[1m[32m	Page Scan Repetition Mode:[0m[1m R2 (0x02)
[0m[1m[32m	Page Scan Mode:[0m[1m Mandatory Page Scan Mode (0x00)
[0m[1m[32m	.000 0000 0000 0000 = Clock Offset:[0m[1m 0x0000 (0 msec)
[0m[1m[32m	0... .... .... .... = Clock_Offset_Valid_Flag:[0m[1m false (0)
[0m",13,4.696846008300781e-05,normal,0.70578504,0.29421496,0.70578504
1778740099.47316,"Packet (Length: 5)
[1m[33mLayer BLUETOOTH
:[0m[1m[33mLayer HCI_MON
:[0m[1m[32m	Adapter ID:[0m[1m 0
[0m[1m[32m	Opcode:[0m[1m HCI Event Packet (3)
[0m[1m[33mLayer BTHCI_EVT
:[0m[1m[32m	Event Code:[0m[1m Max Slots Change (0x1b)
[0m[1m[32m	Parameter Total Length:[0m[1m 3
[0m[1m[32m	Connection Handle:[0m[1m 0x000c
[0m[1m[32m	Maximum Number of Slots:[0m[1m 5
[0m",5,0.0005021095275878906,normal,0.7185944,0.2814056,0.7185944
1778740099.473465,"Packet (Length: 6)
[1m[33mLayer BLUETOOTH
:[0m[1m[33mLayer HCI_MON
:[0m[1m[32m	Adapter ID:[0m[1m 0
[0m[1m[32m	Opcode:[0m[1m HCI Event Packet (3)
[0m[1m[33mLayer BTHCI_EVT
:[0m[1m[32m	Event Code:[0m[1m Command Status (0x0f)
[0m[1m[32m	Parameter Total Length:[0m[1m 4
[0m[1m[32m	Status:[0m[1m Pending (0x00)
[0m[1m[32m	Number of Allowed Command Packets:[0m[1m 1
[0m[1m[32m	Command Opcode:[0m[1m Remote Name Request (0x0419)
[0m[1m[32m	0000 01.. .... .... = Opcode Group Field:[0m[1m Link Control Commands (0x01)
[0m[1m[32m	.... ..00 0001 1001 = Opcode Command Field:[0m[1m Remote Name Request (0x019)
[0m[1m[32m	Command in frame:[0m[1m 291
[0m[1m[32m	Command-Pending Delta:[0m[1m 0.807ms
[0m",6,0.00030493736267089844,normal,0.70740473,0.2925953,0.70740473
1778740099.489004,"Packet (Length: 257)
[1m[33mLayer BLUETOOTH
:[0m[1m[33mLayer HCI_MON
:[0m[1m[32m	Adapter ID:[0m[1m 0
[0m[1m[32m	Opcode:[0m[1m HCI Event Packet (3)
[0m[1m[33mLayer BTHCI_EVT
:[0m[1m[32m	Event Code:[0m[1m Remote Name Request Complete (0x07)
[0m[1m[32m	Parameter Total Length:[0m[1m 255
[0m[1m[32m	Status:[0m[1m Success (0x00)
[0m[1m[32m	BD_ADDR:[0m[1m 28:04:c6:6a:c5:d8
[0m[1m[32m	Remote Name:[0m[1m realme Buds T200 Lite
[0m[1m[32m	Command in frame:[0m[1m 291
[0m[1m[32m	Pending in frame:[0m[1m 293
[0m[1m[32m	Pending-Response Delta:[0m[1m 15.539ms
[0m[1m[32m	Command-Response Delta:[0m[1m 16.346ms
[0m",257,0.015538930892944336,normal,0.70740473,0.2925953,0.70740473
1778740099.489064,"Packet (Length: 47)
[1m[33mLayer BLUETOOTH
:[0m[1m[33mLayer HCI_MON
:[0m[1m[32m	Adapter ID:[0m[1m 0
[0m[1m[32m	Opcode:[0m[1m Control Event (17)
[0m[1m[32m	Cookie:[0m[1m 0x00000001
[0m[1m[32m	Event:[0m[1m Device connected (0x000b)
[0m[1m	Unknown data
[0m[1m[32m	Expert Info (Warning/Protocol):[0m[1m Unknown data
[0m[1m	Unknown data
[0m[1m[32m	Severity level:[0m[1m Warning
[0m[1m[32m	Group:[0m[1m Protocol
[0m",47,6.008148193359375e-05,DoS,0.7302899,0.7302899,0.26971012
1778740099.489095,"Packet (Length: 5)
[1m[33mLayer BLUETOOTH
:[0m[1m[33mLayer HCI_MON
:[0m[1m[32m	Adapter ID:[0m[1m 0
[0m[1m[32m	Opcode:[0m[1m HCI Command Packet (2)
[0m[1m[33mLayer BTHCI_CMD
:[0m[1m[32m	Command Opcode:[0m[1m Authentication Requested (0x0411)
[0m[1m[32m	0000 01.. .... .... = Opcode Group Field:[0m[1m Link Control Commands (0x01)
[0m[1m[32m	.... ..00 0001 0001 = Opcode Command Field:[0m[1m Authentication Requested (0x011)
[0m[1m[32m	Parameter Total Length:[0m[1m 2
[0m[1m[32m	Connection Handle:[0m[1m 0x000c
[0m",5,3.0994415283203125e-05,normal,0.70578504,0.29421496,0.70578504
1778740099.489428,"Packet (Length: 6)
[1m[33mLayer BLUETOOTH
:[0m[1m[33mLayer HCI_MON
:[0m[1m[32m	Adapter ID:[0m[1m 0
[0m[1m[32m	Opcode:[0m[1m HCI Event Packet (3)
[0m[1m[33mLayer BTHCI_EVT
:[0m[1m[32m	Event Code:[0m[1m Command Status (0x0f)
[0m[1m[32m	Parameter Total Length:[0m[1m 4
[0m[1m[32m	Status:[0m[1m Pending (0x00)
[0m[1m[32m	Number of Allowed Command Packets:[0m[1m 1
[0m[1m[32m	Command Opcode:[0m[1m Authentication Requested (0x0411)
[0m[1m[32m	0000 01.. .... .... = Opcode Group Field:[0m[1m Link Control Commands (0x01)
[0m[1m[32m	.... ..00 0001 0001 = Opcode Command Field:[0m[1m Authentication Requested (0x011)
[0m[1m[32m	Command in frame:[0m[1m 296
[0m[1m[32m	Command-Pending Delta:[0m[1m 0.333ms
[0m",6,0.0003330707550048828,normal,0.70740473,0.2925953,0.70740473
1778740099.48952,"Packet (Length: 8)
[1m[33mLayer BLUETOOTH
:[0m[1m[33mLayer HCI_MON
:[0m[1m[32m	Adapter ID:[0m[1m 0
[0m[1m[32m	Opcode:[0m[1m HCI Event Packet (3)
[0m[1m[33mLayer BTHCI_EVT
:[0m[1m[32m	Event Code:[0m[1m Link Key Request (0x17)
[0m[1m[32m	Parameter Total Length:[0m[1m 6
[0m[1m[32m	BD_ADDR:[0m[1m 28:04:c6:6a:c5:d8
[0m",8,9.202957153320312e-05,normal,0.7185944,0.2814056,0.7185944
1778740099.489555,"Packet (Length: 9)
[1m[33mLayer BLUETOOTH
:[0m[1m[33mLayer HCI_MON
:[0m[1m[32m	Adapter ID:[0m[1m 0
[0m[1m[32m	Opcode:[0m[1m HCI Command Packet (2)
[0m[1m[33mLayer BTHCI_CMD
:[0m[1m[32m	Command Opcode:[0m[1m Link Key Request Negative Reply (0x040c)
[0m[1m[32m	0000 01.. .... .... = Opcode Group Field:[0m[1m Link Control Commands (0x01)
[0m[1m[32m	.... ..00 0000 1100 = Opcode Command Field:[0m[1m Link Key Request Negative Reply (0x00c)
[0m[1m[32m	Parameter Total Length:[0m[1m 6
[0m[1m[32m	BD_ADDR:[0m[1m 28:04:c6:6a:c5:d8
[0m",9,3.4809112548828125e-05,normal,0.70578504,0.29421496,0.70578504
1778740099.490041,"Packet (Length: 12)
[1m[33mLayer BLUETOOTH
:[0m[1m[33mLayer HCI_MON
:[0m[1m[32m	Adapter ID:[0m[1m 0
[0m[1m[32m	Opcode:[0m[1m HCI Event Packet (3)
[0m[1m[33mLayer BTHCI_EVT
:[0m[1m[32m	Event Code:[0m[1m Command Complete (0x0e)
[0m[1m[32m	Parameter Total Length:[0m[1m 10
[0m[1m[32m	Number of Allowed Command Packets:[0m[1m 1
[0m[1m[32m	Command Opcode:[0m[1m Link Key Request Negative Reply (0x040c)
[0m[1m[32m	0000 01.. .... .... = Opcode Group Field:[0m[1m Link Control Commands (0x01)
[0m[1m[32m	.... ..00 0000 1100 = Opcode Command Field:[0m[1m Link Key Request Negative Reply (0x00c)
[0m[1m[32m	Status:[0m[1m Success (0x00)
[0m[1m[32m	BD_ADDR:[0m[1m 28:04:c6:6a:c5:d8
[0m[1m[32m	Command in frame:[0m[1m 299
[0m[1m[32m	Command-Response Delta:[0m[1m 0.486ms
[0m",12,0.00048613548278808594,normal,0.70740473,0.2925953,0.70740473
1778740099.490114,"Packet (Length: 8)
[1m[33mLayer BLUETOOTH
:[0m[1m[33mLayer HCI_MON
:[0m[1m[32m	Adapter ID:[0m[1m 0
[0m[1m[32m	Opcode:[0m[1m HCI Event Packet (3)
[0m[1m[33mLayer BTHCI_EVT
:[0m[1m[32m	Event Code:[0m[1m IO Capability Request (0x31)
[0m[1m[32m	Parameter Total Length:[0m[1m 6
[0m[1m[32m	BD_ADDR:[0m[1m 28:04:c6:6a:c5:d8
[0m",8,7.295608520507812e-05,normal,0.7185944,0.2814056,0.7185944
1778740099.490142,"Packet (Length: 12)
[1m[33mLayer BLUETOOTH
:[0m[1m[33mLayer HCI_MON
:[0m[1m[32m	Adapter ID:[0m[1m 0
[0m[1m[32m	Opcode:[0m[1m HCI Command Packet (2)
[0m[1m[33mLayer BTHCI_CMD
:[0m[1m[32m	Command Opcode:[0m[1m IO Capability Request Reply (0x042b)
[0m[1m[32m	0000 01.. .... .... = Opcode Group Field:[0m[1m Link Control Commands (0x01)
[0m[1m[32m	.... ..00 0010 1011 = Opcode Command Field:[0m[1m IO Capability Request Reply (0x02b)
[0m[1m[32m	Parameter Total Length:[0m[1m 9
[0m[1m[32m	BD_ADDR:[0m[1m 28:04:c6:6a:c5:d8
[0m[1m[32m	IO Capability:[0m[1m Display Yes/No (1)
[0m[1m[32m	OOB Data Present:[0m[1m OOB Authentication Data Not Present (0)
[0m[1m[32m	Authentication Requirements:[0m[1m MITM Protection Required - Dedicated Bonding. Use IO Capability To Determine Procedure, No Secure Connection (3)
[0m",12,2.8133392333984375e-05,normal,0.6688803,0.33111975,0.6688803
1778740099.490734,"Packet (Length: 12)
[1m[33mLayer BLUETOOTH
:[0m[1m[33mLayer HCI_MON
:[0m[1m[32m	Adapter ID:[0m[1m 0
[0m[1m[32m	Opcode:[0m[1m HCI Event Packet (3)
[0m[1m[33mLayer BTHCI_EVT
:[0m[1m[32m	Event Code:[0m[1m Command Complete (0x0e)
[0m[1m[32m	Parameter Total Length:[0m[1m 10
[0m[1m[32m	Number of Allowed Command Packets:[0m[1m 1
[0m[1m[32m	Command Opcode:[0m[1m IO Capability Request Reply (0x042b)
[0m[1m[32m	0000 01.. .... .... = Opcode Group Field:[0m[1m Link Control Commands (0x01)
[0m[1m[32m	.... ..00 0010 1011 = Opcode Command Field:[0m[1m IO Capability Request Reply (0x02b)
[0m[1m[32m	Status:[0m[1m Success (0x00)
[0m[1m[32m	BD_ADDR:[0m[1m 28:04:c6:6a:c5:d8
[0m[1m[32m	Command in frame:[0m[1m 302
[0m[1m[32m	Command-Response Delta:[0m[1m 0.592ms
[0m",12,0.0005919933319091797,normal,0.70740473,0.2925953,0.70740473
1778740099.525919,"Packet (Length: 30)
[1m[33mLayer BLUETOOTH
:[0m[1m[33mLayer HCI_MON
:[0m[1m[32m	Adapter ID:[0m[1m 0
[0m[1m[32m	Opcode:[0m[1m Control Open (14)
[0m[1m[32m	Cookie:[0m[1m 0x00000004
[0m[1m[32m	Format:[0m[1m Rqw (0x0000)
[0m[1m[32m	Version:[0m[1m 2
[0m[1m[32m	Revision:[0m[1m 22
[0m[1m[32m	Flags:[0m[1m 0x00000000
[0m[1m[32m	.... .... .... .... .... .... .... ...0 = Trusted Socket:[0m[1m False
[0m[1m[32m	Command Length:[0m[1m 16
[0m[1m[32m	Command:[0m[1m blueman-manager
[0m",30,0.03518486022949219,normal,0.70740473,0.2925953,0.70740473
1778740099.529181,"Packet (Length: 5)
[1m[33mLayer BLUETOOTH
:[0m[1m[33mLayer HCI_MON
:[0m[1m[32m	Adapter ID:[0m[1m 0
[0m[1m[32m	Opcode:[0m[1m HCI Command Packet (2)
[0m[1m[33mLayer BTHCI_CMD
:[0m[1m[32m	Command Opcode:[0m[1m Read RSSI (0x1405)
[0m[1m[32m	0001 01.. .... .... = Opcode Group Field:[0m[1m Status Parameters (0x05)
[0m[1m[32m	.... ..00 0000 0101 = Opcode Command Field:[0m[1m Read RSSI (0x005)
[0m[1m[32m	Parameter Total Length:[0m[1m 2
[0m[1m[32m	Connection Handle:[0m[1m 0x000c
[0m",5,0.003262042999267578,normal,0.70578504,0.29421496,0.70578504
1778740099.529548,"Packet (Length: 9)
[1m[33mLayer BLUETOOTH
:[0m[1m[33mLayer HCI_MON
:[0m[1m[32m	Adapter ID:[0m[1m 0
[0m[1m[32m	Opcode:[0m[1m HCI Event Packet (3)
[0m[1m[33mLayer BTHCI_EVT
:[0m[1m[32m	Event Code:[0m[1m Command Complete (0x0e)
[0m[1m[32m	Parameter Total Length:[0m[1m 7
[0m[1m[32m	Number of Allowed Command Packets:[0m[1m 1
[0m[1m[32m	Command Opcode:[0m[1m Read RSSI (0x1405)
[0m[1m[32m	0001 01.. .... .... = Opcode Group Field:[0m[1m Status Parameters (0x05)
[0m[1m[32m	.... ..00 0000 0101 = Opcode Command Field:[0m[1m Read RSSI (0x005)
[0m[1m[32m	Status:[0m[1m Success (0x00)
[0m[1m[32m	Connection Handle:[0m[1m 0x000c
[0m[1m[32m	RSSI:[0m[1m 19 dBm
[0m[1m[32m	Command in frame:[0m[1m 305
[0m[1m[32m	Command-Response Delta:[0m[1m 0.367ms
[0m",9,0.0003669261932373047,normal,0.70740473,0.2925953,0.70740473
1778740099.529723,"Packet (Length: 6)
[1m[33mLayer BLUETOOTH
:[0m[1m[33mLayer HCI_MON
:[0m[1m[32m	Adapter ID:[0m[1m 0
[0m[1m[32m	Opcode:[0m[1m HCI Command Packet (2)
[0m[1m[33mLayer BTHCI_CMD
:[0m[1m[32m	Command Opcode:[0m[1m Read Tx Power Level (0x0c2d)
[0m[1m[32m	0000 11.. .... .... = Opcode Group Field:[0m[1m Host Controller & Baseband Commands (0x03)
[0m[1m[32m	.... ..00 0010 1101 = Opcode Command Field:[0m[1m Read Tx Power Level (0x02d)
[0m[1m[32m	Parameter Total Length:[0m[1m 3
[0m[1m[32m	Connection Handle:[0m[1m 0x000c
[0m[1m[32m	Tx Power Level Type:[0m[1m Current Tx Power Level (0x00)
[0m",6,0.00017499923706054688,normal,0.70578504,0.29421496,0.70578504
1778740099.53005,"Packet (Length: 9)
[1m[33mLayer BLUETOOTH
:[0m[1m[33mLayer HCI_MON
:[0m[1m[32m	Adapter ID:[0m[1m 0
[0m[1m[32m	Opcode:[0m[1m HCI Event Packet (3)
[0m[1m[33mLayer BTHCI_EVT
:[0m[1m[32m	Event Code:[0m[1m Command Complete (0x0e)
[0m[1m[32m	Parameter Total Length:[0m[1m 7
[0m[1m[32m	Number of Allowed Command Packets:[0m[1m 1
[0m[1m[32m	Command Opcode:[0m[1m Read Tx Power Level (0x0c2d)
[0m[1m[32m	0000 11.. .... .... = Opcode Group Field:[0m[1m Host Controller & Baseband Commands (0x03)
[0m[1m[32m	.... ..00 0010 1101 = Opcode Command Field:[0m[1m Read Tx Power Level (0x02d)
[0m[1m[32m	Status:[0m[1m Success (0x00)
[0m[1m[32m	Connection Handle:[0m[1m 0x000c
[0m[1m[32m	Transmit Power Level:[0m[1m 12 dBm
[0m[1m[32m	Command in frame:[0m[1m 307
[0m[1m[32m	Command-Response Delta:[0m[1m 0.327ms
[0m",9,0.00032711029052734375,normal,0.70740473,0.2925953,0.70740473
1778740099.599373,"Packet (Length: 11)
[1m[33mLayer BLUETOOTH
:[0m[1m[33mLayer HCI_MON
:[0m[1m[32m	Adapter ID:[0m[1m 0
[0m[1m[32m	Opcode:[0m[1m HCI Event Packet (3)
[0m[1m[33mLayer BTHCI_EVT
:[0m[1m[32m	Event Code:[0m[1m IO Capability Response (0x32)
[0m[1m[32m	Parameter Total Length:[0m[1m 9
[0m[1m[32m	BD_ADDR:[0m[1m 28:04:c6:6a:c5:d8
[0m[1m[32m	IO Capability:[0m[1m No Input, No Output (0x03)
[0m[1m[32m	OOB Data Present:[0m[1m OOB Authentication Data Not Present (0)
[0m[1m[32m	Authentication Requirements:[0m[1m MITM Protection Not Required - Dedicated Bonding. Numeric Comparison, Automatic Accept Allowed, No Secure Connection (2)
[0m",11,0.06932306289672852,DoS,0.5078119,0.5078119,0.49218813
1778740099.778385,"Packet (Length: 12)
[1m[33mLayer BLUETOOTH
:[0m[1m[33mLayer HCI_MON
:[0m[1m[32m	Adapter ID:[0m[1m 0
[0m[1m[32m	Opcode:[0m[1m HCI Event Packet (3)
[0m[1m[33mLayer BTHCI_EVT
:[0m[1m[32m	Event Code:[0m[1m User Confirmation Request (0x33)
[0m[1m[32m	Parameter Total Length:[0m[1m 10
[0m[1m[32m	BD_ADDR:[0m[1m 28:04:c6:6a:c5:d8
[0m[1m[32m	Numeric Value:[0m[1m 653060
[0m",12,0.17901182174682617,normal,0.7185944,0.2814056,0.7185944
1778740099.778509,"Packet (Length: 9)
[1m[33mLayer BLUETOOTH
:[0m[1m[33mLayer HCI_MON
:[0m[1m[32m	Adapter ID:[0m[1m 0
[0m[1m[32m	Opcode:[0m[1m HCI Command Packet (2)
[0m[1m[33mLayer BTHCI_CMD
:[0m[1m[32m	Command Opcode:[0m[1m User Confirmation Request Reply (0x042c)
[0m[1m[32m	0000 01.. .... .... = Opcode Group Field:[0m[1m Link Control Commands (0x01)
[0m[1m[32m	.... ..00 0010 1100 = Opcode Command Field:[0m[1m User Confirmation Request Reply (0x02c)
[0m[1m[32m	Parameter Total Length:[0m[1m 6
[0m[1m[32m	BD_ADDR:[0m[1m 28:04:c6:6a:c5:d8
[0m",9,0.0001239776611328125,normal,0.70578504,0.29421496,0.70578504
1778740099.783337,"Packet (Length: 12)
[1m[33mLayer BLUETOOTH
:[0m[1m[33mLayer HCI_MON
:[0m[1m[32m	Adapter ID:[0m[1m 0
[0m[1m[32m	Opcode:[0m[1m HCI Event Packet (3)
[0m[1m[33mLayer BTHCI_EVT
:[0m[1m[32m	Event Code:[0m[1m Command Complete (0x0e)
[0m[1m[32m	Parameter Total Length:[0m[1m 10
[0m[1m[32m	Number of Allowed Command Packets:[0m[1m 1
[0m[1m[32m	Command Opcode:[0m[1m User Confirmation Request Reply (0x042c)
[0m[1m[32m	0000 01.. .... .... = Opcode Group Field:[0m[1m Link Control Commands (0x01)
[0m[1m[32m	.... ..00 0010 1100 = Opcode Command Field:[0m[1m User Confirmation Request Reply (0x02c)
[0m[1m[32m	Status:[0m[1m Success (0x00)
[0m[1m[32m	BD_ADDR:[0m[1m 28:04:c6:6a:c5:d8
[0m[1m[32m	Command in frame:[0m[1m 311
[0m[1m[32m	Command-Response Delta:[0m[1m 4.828ms
[0m",12,0.004828214645385742,normal,0.70740473,0.2925953,0.70740473
1778740099.798807,"Packet (Length: 9)
[1m[33mLayer BLUETOOTH
:[0m[1m[33mLayer HCI_MON
:[0m[1m[32m	Adapter ID:[0m[1m 0
[0m[1m[32m	Opcode:[0m[1m HCI Event Packet (3)
[0m[1m[33mLayer BTHCI_EVT
:[0m[1m[32m	Event Code:[0m[1m Simple Pairing Complete (0x36)
[0m[1m[32m	Parameter Total Length:[0m[1m 7
[0m[1m[32m	Status:[0m[1m Success (0x00)
[0m[1m[32m	BD_ADDR:[0m[1m 28:04:c6:6a:c5:d8
[0m",9,0.015469789505004883,normal,0.7185944,0.2814056,0.7185944
1778740099.806443,"Packet (Length: 25)
[1m[33mLayer BLUETOOTH
:[0m[1m[33mLayer HCI_MON
:[0m[1m[32m	Adapter ID:[0m[1m 0
[0m[1m[32m	Opcode:[0m[1m HCI Event Packet (3)
[0m[1m[33mLayer BTHCI_EVT
:[0m[1m[32m	Event Code:[0m[1m Link Key Notification (0x18)
[0m[1m[32m	Parameter Total Length:[0m[1m 23
[0m[1m[32m	BD_ADDR:[0m[1m 28:04:c6:6a:c5:d8
[0m[1m[32m	Link Key:[0m[1m 7a633354f3639a7604d898ac35d610ea
[0m[1m[32m	Key Type:[0m[1m Unauthenticated Combination Key, P-192 (0x04)
[0m",25,0.007636070251464844,normal,0.7185944,0.2814056,0.7185944
1778740099.806503,"Packet (Length: 32)
[1m[33mLayer BLUETOOTH
:[0m[1m[33mLayer HCI_MON
:[0m[1m[32m	Adapter ID:[0m[1m 0
[0m[1m[32m	Opcode:[0m[1m Control Event (17)
[0m[1m[32m	Cookie:[0m[1m 0x00000001
[0m[1m[32m	Event:[0m[1m New link key (0x0009)
[0m[1m	Unknown data
[0m[1m[32m	Expert Info (Warning/Protocol):[0m[1m Unknown data
[0m[1m	Unknown data
[0m[1m[32m	Severity level:[0m[1m Warning
[0m[1m[32m	Group:[0m[1m Protocol
[0m",32,6.008148193359375e-05,DoS,0.7264256,0.7264256,0.27357438
1778740099.806603,"Packet (Length: 5)
[1m[33mLayer BLUETOOTH
:[0m[1m[33mLayer HCI_MON
:[0m[1m[32m	Adapter ID:[0m[1m 0
[0m[1m[32m	Opcode:[0m[1m HCI Event Packet (3)
[0m[1m[33mLayer BTHCI_EVT
:[0m[1m[32m	Event Code:[0m[1m Authentication Complete (0x06)
[0m[1m[32m	Parameter Total Length:[0m[1m 3
[0m[1m[32m	Status:[0m[1m Success (0x00)
[0m[1m[32m	Connection Handle:[0m[1m 0x000c
[0m[1m[32m	Command in frame:[0m[1m 296
[0m[1m[32m	Pending in frame:[0m[1m 297
[0m[1m[32m	Pending-Response Delta:[0m[1m 317.175ms
[0m[1m[32m	Command-Response Delta:[0m[1m 317.508ms
[0m",5,9.989738464355469e-05,normal,0.7090191,0.29098085,0.7090191
1778740099.806642,"Packet (Length: 6)
[1m[33mLayer BLUETOOTH
:[0m[1m[33mLayer HCI_MON
:[0m[1m[32m	Adapter ID:[0m[1m 0
[0m[1m[32m	Opcode:[0m[1m HCI Command Packet (2)
[0m[1m[33mLayer BTHCI_CMD
:[0m[1m[32m	Command Opcode:[0m[1m Set Connection Encryption (0x0413)
[0m[1m[32m	0000 01.. .... .... = Opcode Group Field:[0m[1m Link Control Commands (0x01)
[0m[1m[32m	.... ..00 0001 0011 = Opcode Command Field:[0m[1m Set Connection Encryption (0x013)
[0m[1m[32m	Parameter Total Length:[0m[1m 3
[0m[1m[32m	Connection Handle:[0m[1m 0x000c
[0m[1m[32m	Encryption Enable:[0m[1m Link Level Encryption is ON (0x01)
[0m",6,3.910064697265625e-05,normal,0.70578504,0.29421496,0.70578504
1778740099.807029,"Packet (Length: 6)
[1m[33mLayer BLUETOOTH
:[0m[1m[33mLayer HCI_MON
:[0m[1m[32m	Adapter ID:[0m[1m 0
[0m[1m[32m	Opcode:[0m[1m HCI Event Packet (3)
[0m[1m[33mLayer BTHCI_EVT
:[0m[1m[32m	Event Code:[0m[1m Command Status (0x0f)
[0m[1m[32m	Parameter Total Length:[0m[1m 4
[0m[1m[32m	Status:[0m[1m Pending (0x00)
[0m[1m[32m	Number of Allowed Command Packets:[0m[1m 1
[0m[1m[32m	Command Opcode:[0m[1m Set Connection Encryption (0x0413)
[0m[1m[32m	0000 01.. .... .... = Opcode Group Field:[0m[1m Link Control Commands (0x01)
[0m[1m[32m	.... ..00 0001 0011 = Opcode Command Field:[0m[1m Set Connection Encryption (0x013)
[0m[1m[32m	Command in frame:[0m[1m 317
[0m[1m[32m	Command-Pending Delta:[0m[1m 0.387ms
[0m",6,0.00038695335388183594,normal,0.70740473,0.2925953,0.70740473
1778740099.820164,"Packet (Length: 6)
[1m[33mLayer BLUETOOTH
:[0m[1m[33mLayer HCI_MON
:[0m[1m[32m	Adapter ID:[0m[1m 0
[0m[1m[32m	Opcode:[0m[1m HCI Event Packet (3)
[0m[1m[33mLayer BTHCI_EVT
:[0m[1m[32m	Event Code:[0m[1m Encryption Change [v1] (0x08)
[0m[1m[32m	Parameter Total Length:[0m[1m 4
[0m[1m[32m	Status:[0m[1m Success (0x00)
[0m[1m[32m	Connection Handle:[0m[1m 0x000c
[0m[1m[32m	Encryption Enable:[0m[1m Link Level Encryption is ON (0x01)
[0m[1m[32m	Command in frame:[0m[1m 317
[0m[1m[32m	Pending in frame:[0m[1m 318
[0m[1m[32m	Pending-Response Delta:[0m[1m 13.135ms
[0m[1m[32m	Command-Response Delta:[0m[1m 13.522ms
[0m",6,0.013134956359863281,normal,0.7090191,0.29098085,0.7090191
1778740099.820255,"Packet (Length: 5)
[1m[33mLayer BLUETOOTH
:[0m[1m[33mLayer HCI_MON
:[0m[1m[32m	Adapter ID:[0m[1m 0
[0m[1m[32m	Opcode:[0m[1m HCI Command Packet (2)
[0m[1m[33mLayer BTHCI_CMD
:[0m[1m[32m	Command Opcode:[0m[1m Read Encryption Key Size (0x1408)
[0m[1m[32m	0001 01.. .... .... = Opcode Group Field:[0m[1m Status Parameters (0x05)
[0m[1m[32m	.... ..00 0000 1000 = Opcode Command Field:[0m[1m Read Encryption Key Size (0x008)
[0m[1m[32m	Parameter Total Length:[0m[1m 2
[0m[1m[32m	Connection Handle:[0m[1m 0x000c
[0m",5,9.107589721679688e-05,normal,0.70578504,0.29421496,0.70578504
1778740099.820736,"Packet (Length: 9)
[1m[33mLayer BLUETOOTH
:[0m[1m[33mLayer HCI_MON
:[0m[1m[32m	Adapter ID:[0m[1m 0
[0m[1m[32m	Opcode:[0m[1m HCI Event Packet (3)
[0m[1m[33mLayer BTHCI_EVT
:[0m[1m[32m	Event Code:[0m[1m Command Complete (0x0e)
[0m[1m[32m	Parameter Total Length:[0m[1m 7
[0m[1m[32m	Number of Allowed Command Packets:[0m[1m 1
[0m[1m[32m	Command Opcode:[0m[1m Read Encryption Key Size (0x1408)
[0m[1m[32m	0001 01.. .... .... = Opcode Group Field:[0m[1m Status Parameters (0x05)
[0m[1m[32m	.... ..00 0000 1000 = Opcode Command Field:[0m[1m Read Encryption Key Size (0x008)
[0m[1m[32m	Status:[0m[1m Success (0x00)
[0m[1m[32m	Connection Handle:[0m[1m 0x000c
[0m[1m[32m	Encryption Key Size:[0m[1m 16
[0m[1m[32m	Command in frame:[0m[1m 320
[0m[1m[32m	Command-Response Delta:[0m[1m 0.481ms
[0m",9,0.00048089027404785156,normal,0.70740473,0.2925953,0.70740473
1778740099.820834,"Packet (Length: 16)
[1m[33mLayer BLUETOOTH
:[0m[1m[33mLayer HCI_MON
:[0m[1m[32m	Adapter ID:[0m[1m 0
[0m[1m[32m	Opcode:[0m[1m Control Event (17)
[0m[1m[32m	Cookie:[0m[1m 0x00000001
[0m[1m[32m	Event:[0m[1m Command complete (0x0001)
[0m[1m	Unknown data
[0m[1m[32m	Expert Info (Warning/Protocol):[0m[1m Unknown data
[0m[1m	Unknown data
[0m[1m[32m	Severity level:[0m[1m Warning
[0m[1m[32m	Group:[0m[1m Protocol
[0m",16,9.799003601074219e-05,normal,0.6095242,0.39047587,0.6095242
1778740099.820857,"Packet (Length: 14)
[1m[33mLayer BLUETOOTH
:[0m[1m[33mLayer HCI_MON
:[0m[1m[32m	Adapter ID:[0m[1m 0
[0m[1m[32m	Opcode:[0m[1m ACL Tx Packet (4)
[0m[1m[33mLayer BTHCI_ACL
:[0m[1m[32m	.... 0000 0000 1100 = Connection Handle:[0m[1m 0x00c
[0m[1m[32m	..00 .... .... .... = PB Flag:[0m[1m First Non-automatically Flushable Packet (0)
[0m[1m[32m	00.. .... .... .... = BC Flag:[0m[1m Point-To-Point (0)
[0m[1m[32m	Data Total Length:[0m[1m 10
[0m[1m	Data
[0m[1m[32m	Connect in frame:[0m[1m 280
[0m[1m[32m	Source BD_ADDR:[0m[1m 00:00:00:00:00:00
[0m[1m[32m	Source Device Name:[0m[1m 
[0m[1m[32m	Source Role:[0m[1m Central (1)
[0m[1m[32m	Destination BD_ADDR:[0m[1m 28:04:c6:6a:c5:d8
[0m[1m[32m	Destination Device Name:[0m[1m realme Buds T200 Lite
[0m[1m[32m	Destination Role:[0m[1m Peripheral (2)
[0m[1m[32m	Last Role Change in Frame:[0m[1m 278
[0m[1m[32m	Current Mode:[0m[1m Active Mode (0)
[0m[1m[32m	Last Mode Change in Frame:[0m[1m 280
[0m[1m[33mLayer BTL2CAP
:[0m[1m[32m	Length:[0m[1m 6
[0m[1m[32m	CID:[0m[1m L2CAP Signaling Channel (0x0001)
[0m[1m[32m	Command:[0m[1m Information Request
[0m[1m[32m	Command Code:[0m[1m Information Request (0x0a)
[0m[1m[32m	Command Identifier:[0m[1m 0x01
[0m[1m[32m	Command Length:[0m[1m 2
[0m[1m[32m	Information Type:[0m[1m Extended Features Mask (0x0002)
[0m",14,2.3126602172851562e-05,normal,0.6584175,0.3415825,0.6584175
1778740099.84312,"Packet (Length: 20)
[1m[33mLayer BLUETOOTH
:[0m[1m[33mLayer HCI_MON
:[0m[1m[32m	Adapter ID:[0m[1m 0
[0m[1m[32m	Opcode:[0m[1m ACL Rx Packet (5)
[0m[1m[33mLayer BTHCI_ACL
:[0m[1m[32m	.... 0000 0000 1100 = Connection Handle:[0m[1m 0x00c
[0m[1m[32m	..10 .... .... .... = PB Flag:[0m[1m First Automatically Flushable Packet (2)
[0m[1m[32m	00.. .... .... .... = BC Flag:[0m[1m Point-To-Point (0)
[0m[1m[32m	Data Total Length:[0m[1m 16
[0m[1m	Data
[0m[1m[32m	Connect in frame:[0m[1m 280
[0m[1m[32m	Source BD_ADDR:[0m[1m 28:04:c6:6a:c5:d8
[0m[1m[32m	Source Device Name:[0m[1m realme Buds T200 Lite
[0m[1m[32m	Source Role:[0m[1m Peripheral (2)
[0m[1m[32m	Destination BD_ADDR:[0m[1m 00:00:00:00:00:00
[0m[1m[32m	Destination Device Name:[0m[1m 
[0m[1m[32m	Destination Role:[0m[1m Central (1)
[0m[1m[32m	Last Role Change in Frame:[0m[1m 278
[0m[1m[32m	Current Mode:[0m[1m Active Mode (0)
[0m[1m[32m	Last Mode Change in Frame:[0m[1m 280
[0m[1m[33mLayer BTL2CAP
:[0m[1m[32m	Length:[0m[1m 12
[0m[1m[32m	CID:[0m[1m L2CAP Signaling Channel (0x0001)
[0m[1m[32m	Command:[0m[1m Information Response
[0m[1m[32m	Command Code:[0m[1m Information Response (0x0b)
[0m[1m[32m	Command Identifier:[0m[1m 0x01
[0m[1m[32m	Command Length:[0m[1m 8
[0m[1m[32m	Information Type:[0m[1m Extended Features Mask (0x0002)
[0m[1m[32m	Result:[0m[1m Success (0x0000)
[0m[1m[32m	Features:[0m[1m FixedChan 
[0m[1m[32m	.... .... .... .... .... .... .... ...0 = Flow Control Mode:[0m[1m 0
[0m[1m[32m	.... .... .... .... .... .... .... ..0. = Retransmission Mode:[0m[1m 0
[0m[1m[32m	.... .... .... .... .... .... .... .0.. = Bi-Directional QOS:[0m[1m 0
[0m[1m[32m	.... .... .... .... .... .... .... 0... = Enhanced Retransmission Mode:[0m[1m 0
[0m[1m[32m	.... .... .... .... .... .... ...0 .... = Streaming Mode:[0m[1m 0
[0m[1m[32m	.... .... .... .... .... .... ..0. .... = FCS:[0m[1m 0
[0m[1m[32m	.... .... .... .... .... .... .0.. .... = Extended Flow Specification for BR/EDR:[0m[1m 0
[0m[1m[32m	.... .... .... .... .... .... 1... .... = Fixed Channels:[0m[1m 1
[0m[1m[32m	.... .... .... .... .... ...0 .... .... = Extended Window Size:[0m[1m 0
[0m[1m[32m	.... .... .... .... .... ..0. .... .... = Unicast Connectionless Data Reception:[0m[1m 0
[0m",20,0.022263050079345703,normal,0.6548947,0.3451053,0.6548947
1778740099.843199,"Packet (Length: 14)
[1m[33mLayer BLUETOOTH
:[0m[1m[33mLayer HCI_MON
:[0m[1m[32m	Adapter ID:[0m[1m 0
[0m[1m[32m	Opcode:[0m[1m ACL Tx Packet (4)
[0m[1m[33mLayer BTHCI_ACL
:[0m[1m[32m	.... 0000 0000 1100 = Connection Handle:[0m[1m 0x00c
[0m[1m[32m	..00 .... .... .... = PB Flag:[0m[1m First Non-automatically Flushable Packet (0)
[0m[1m[32m	00.. .... .... .... = BC Flag:[0m[1m Point-To-Point (0)
[0m[1m[32m	Data Total Length:[0m[1m 10
[0m[1m	Data
[0m[1m[32m	Connect in frame:[0m[1m 280
[0m[1m[32m	Source BD_ADDR:[0m[1m 00:00:00:00:00:00
[0m[1m[32m	Source Device Name:[0m[1m 
[0m[1m[32m	Source Role:[0m[1m Central (1)
[0m[1m[32m	Destination BD_ADDR:[0m[1m 28:04:c6:6a:c5:d8
[0m[1m[32m	Destination Device Name:[0m[1m realme Buds T200 Lite
[0m[1m[32m	Destination Role:[0m[1m Peripheral (2)
[0m[1m[32m	Last Role Change in Frame:[0m[1m 278
[0m[1m[32m	Current Mode:[0m[1m Active Mode (0)
[0m[1m[32m	Last Mode Change in Frame:[0m[1m 280
[0m[1m[33mLayer BTL2CAP
:[0m[1m[32m	Length:[0m[1m 6
[0m[1m[32m	CID:[0m[1m L2CAP Signaling Channel (0x0001)
[0m[1m[32m	Command:[0m[1m Information Request
[0m[1m[32m	Command Code:[0m[1m Information Request (0x0a)
[0m[1m[32m	Command Identifier:[0m[1m 0x02
[0m[1m[32m	Command Length:[0m[1m 2
[0m[1m[32m	Information Type:[0m[1m Fixed Channels Supported (0x0003)
[0m",14,7.891654968261719e-05,normal,0.6584175,0.3415825,0.6584175
1778740099.846819,"Packet (Length: 7)
[1m[33mLayer BLUETOOTH
:[0m[1m[33mLayer HCI_MON
:[0m[1m[32m	Adapter ID:[0m[1m 0
[0m[1m[32m	Opcode:[0m[1m HCI Event Packet (3)
[0m[1m[33mLayer BTHCI_EVT
:[0m[1m[32m	Event Code:[0m[1m Number of Completed Packets (0x13)
[0m[1m[32m	Parameter Total Length:[0m[1m 5
[0m[1m[32m	Number of Connection Handles:[0m[1m 1
[0m[1m[32m	Connection Handle:[0m[1m 0x000c
[0m[1m[32m	Number of Completed Packets:[0m[1m 2
[0m",7,0.0036199092864990234,normal,0.7185944,0.2814056,0.7185944
1778740099.847967,"Packet (Length: 24)
[1m[33mLayer BLUETOOTH
:[0m[1m[33mLayer HCI_MON
:[0m[1m[32m	Adapter ID:[0m[1m 0
[0m[1m[32m	Opcode:[0m[1m ACL Rx Packet (5)
[0m[1m[33mLayer BTHCI_ACL
:[0m[1m[32m	.... 0000 0000 1100 = Connection Handle:[0m[1m 0x00c
[0m[1m[32m	..10 .... .... .... = PB Flag:[0m[1m First Automatically Flushable Packet (2)
[0m[1m[32m	00.. .... .... .... = BC Flag:[0m[1m Point-To-Point (0)
[0m[1m[32m	Data Total Length:[0m[1m 20
[0m[1m	Data
[0m[1m[32m	Connect in frame:[0m[1m 280
[0m[1m[32m	Source BD_ADDR:[0m[1m 28:04:c6:6a:c5:d8
[0m[1m[32m	Source Device Name:[0m[1m realme Buds T200 Lite
[0m[1m[32m	Source Role:[0m[1m Peripheral (2)
[0m[1m[32m	Destination BD_ADDR:[0m[1m 00:00:00:00:00:00
[0m[1m[32m	Destination Device Name:[0m[1m 
[0m[1m[32m	Destination Role:[0m[1m Central (1)
[0m[1m[32m	Last Role Change in Frame:[0m[1m 278
[0m[1m[32m	Current Mode:[0m[1m Active Mode (0)
[0m[1m[32m	Last Mode Change in Frame:[0m[1m 280
[0m[1m[33mLayer BTL2CAP
:[0m[1m[32m	Length:[0m[1m 16
[0m[1m[32m	CID:[0m[1m L2CAP Signaling Channel (0x0001)
[0m[1m[32m	Command:[0m[1m Information Response
[0m[1m[32m	Command Code:[0m[1m Information Response (0x0b)
[0m[1m[32m	Command Identifier:[0m[1m 0x02
[0m[1m[32m	Command Length:[0m[1m 12
[0m[1m[32m	Information Type:[0m[1m Fixed Channels Supported (0x0003)
[0m[1m[32m	Result:[0m[1m Success (0x0000)
[0m[1m[32m	Fixed Channels Supported:[0m[1m
[0m[1m[32m	.... .... .... .... .... .... .... ...0 = Null identifier:[0m[1m 0
[0m[1m[32m	.... .... .... .... .... .... .... ..1. = L2CAP signaling channel:[0m[1m 1
[0m[1m[32m	.... .... .... .... .... .... .... .0.. = Connectionless reception:[0m[1m 0
[0m[1m[32m	.... .... .... .... .... .... .... 0... = AMP Manager protocol:[0m[1m 0
[0m[1m[32m	.... .... .... .... .... .... .000 .... = Reserved for future use:[0m[1m 0
[0m[1m[32m	.... .... .... .... .... .... 0... .... = BR/EDR Security Manager:[0m[1m 0
[0m[1m[32m	0... .... .... .... .... .... .... .... = AMP Test Manager:[0m[1m 0
[0m",24,0.0011479854583740234,normal,0.6688803,0.33111975,0.6688803
1778740099.848036,"Packet (Length: 16)
[1m[33mLayer BLUETOOTH
:[0m[1m[33mLayer HCI_MON
:[0m[1m[32m	Adapter ID:[0m[1m 0
[0m[1m[32m	Opcode:[0m[1m ACL Tx Packet (4)
[0m[1m[33mLayer BTHCI_ACL
:[0m[1m[32m	.... 0000 0000 1100 = Connection Handle:[0m[1m 0x00c
[0m[1m[32m	..00 .... .... .... = PB Flag:[0m[1m First Non-automatically Flushable Packet (0)
[0m[1m[32m	00.. .... .... .... = BC Flag:[0m[1m Point-To-Point (0)
[0m[1m[32m	Data Total Length:[0m[1m 12
[0m[1m	Data
[0m[1m[32m	Connect in frame:[0m[1m 280
[0m[1m[32m	Source BD_ADDR:[0m[1m 00:00:00:00:00:00
[0m[1m[32m	Source Device Name:[0m[1m 
[0m[1m[32m	Source Role:[0m[1m Central (1)
[0m[1m[32m	Destination BD_ADDR:[0m[1m 28:04:c6:6a:c5:d8
[0m[1m[32m	Destination Device Name:[0m[1m realme Buds T200 Lite
[0m[1m[32m	Destination Role:[0m[1m Peripheral (2)
[0m[1m[32m	Last Role Change in Frame:[0m[1m 278
[0m[1m[32m	Current Mode:[0m[1m Active Mode (0)
[0m[1m[32m	Last Mode Change in Frame:[0m[1m 280
[0m[1m[33mLayer BTL2CAP
:[0m[1m[32m	Length:[0m[1m 8
[0m[1m[32m	CID:[0m[1m L2CAP Signaling Channel (0x0001)
[0m[1m[32m	Command:[0m[1m Connection Request
[0m[1m[32m	Command Code:[0m[1m Connection Request (0x02)
[0m[1m[32m	Command Identifier:[0m[1m 0x03
[0m[1m[32m	Command Length:[0m[1m 4
[0m[1m[32m	PSM:[0m[1m SDP (0x0001)
[0m[1m[32m	Source CID:[0m[1m Dynamically Allocated Channel (0x0040)
[0m",16,6.914138793945312e-05,normal,0.6584175,0.3415825,0.6584175
1778740099.855478,"Packet (Length: 20)
[1m[33mLayer BLUETOOTH
:[0m[1m[33mLayer HCI_MON
:[0m[1m[32m	Adapter ID:[0m[1m 0
[0m[1m[32m	Opcode:[0m[1m ACL Rx Packet (5)
[0m[1m[33mLayer BTHCI_ACL
:[0m[1m[32m	.... 0000 0000 1100 = Connection Handle:[0m[1m 0x00c
[0m[1m[32m	..10 .... .... .... = PB Flag:[0m[1m First Automatically Flushable Packet (2)
[0m[1m[32m	00.. .... .... .... = BC Flag:[0m[1m Point-To-Point (0)
[0m[1m[32m	Data Total Length:[0m[1m 16
[0m[1m	Data
[0m[1m[32m	Connect in frame:[0m[1m 280
[0m[1m[32m	Source BD_ADDR:[0m[1m 28:04:c6:6a:c5:d8
[0m[1m[32m	Source Device Name:[0m[1m realme Buds T200 Lite
[0m[1m[32m	Source Role:[0m[1m Peripheral (2)
[0m[1m[32m	Destination BD_ADDR:[0m[1m 00:00:00:00:00:00
[0m[1m[32m	Destination Device Name:[0m[1m 
[0m[1m[32m	Destination Role:[0m[1m Central (1)
[0m[1m[32m	Last Role Change in Frame:[0m[1m 278
[0m[1m[32m	Current Mode:[0m[1m Active Mode (0)
[0m[1m[32m	Last Mode Change in Frame:[0m[1m 280
[0m[1m[33mLayer BTL2CAP
:[0m[1m[32m	Length:[0m[1m 12
[0m[1m[32m	CID:[0m[1m L2CAP Signaling Channel (0x0001)
[0m[1m[32m	Command:[0m[1m Connection Response
[0m[1m[32m	Command Code:[0m[1m Connection Response (0x03)
[0m[1m[32m	Command Identifier:[0m[1m 0x03
[0m[1m[32m	Command Length:[0m[1m 8
[0m[1m[32m	Destination CID:[0m[1m Dynamically Allocated Channel (0x0040)
[0m[1m[32m	Source CID:[0m[1m Dynamically Allocated Channel (0x0040)
[0m[1m[32m	Result:[0m[1m Successful (0x0000)
[0m[1m[32m	Status:[0m[1m No further information available (0x0000)
[0m",20,0.007441997528076172,normal,0.6619229,0.33807713,0.6619229
1778740099.855577,"Packet (Length: 16)
[1m[33mLayer BLUETOOTH
:[0m[1m[33mLayer HCI_MON
:[0m[1m[32m	Adapter ID:[0m[1m 0
[0m[1m[32m	Opcode:[0m[1m ACL Tx Packet (4)
[0m[1m[33mLayer BTHCI_ACL
:[0m[1m[32m	.... 0000 0000 1100 = Connection Handle:[0m[1m 0x00c
[0m[1m[32m	..00 .... .... .... = PB Flag:[0m[1m First Non-automatically Flushable Packet (0)
[0m[1m[32m	00.. .... .... .... = BC Flag:[0m[1m Point-To-Point (0)
[0m[1m[32m	Data Total Length:[0m[1m 12
[0m[1m	Data
[0m[1m[32m	Connect in frame:[0m[1m 280
[0m[1m[32m	Source BD_ADDR:[0m[1m 00:00:00:00:00:00
[0m[1m[32m	Source Device Name:[0m[1m 
[0m[1m[32m	Source Role:[0m[1m Central (1)
[0m[1m[32m	Destination BD_ADDR:[0m[1m 28:04:c6:6a:c5:d8
[0m[1m[32m	Destination Device Name:[0m[1m realme Buds T200 Lite
[0m[1m[32m	Destination Role:[0m[1m Peripheral (2)
[0m[1m[32m	Last Role Change in Frame:[0m[1m 278
[0m[1m[32m	Current Mode:[0m[1m Active Mode (0)
[0m[1m[32m	Last Mode Change in Frame:[0m[1m 280
[0m[1m[33mLayer BTL2CAP
:[0m[1m[32m	Length:[0m[1m 8
[0m[1m[32m	CID:[0m[1m L2CAP Signaling Channel (0x0001)
[0m[1m[32m	Command:[0m[1m Configure Request
[0m[1m[32m	Command Code:[0m[1m Configure Request (0x04)
[0m[1m[32m	Command Identifier:[0m[1m 0x04
[0m[1m[32m	Command Length:[0m[1m 4
[0m[1m[32m	Destination CID:[0m[1m Dynamically Allocated Channel (0x0040)
[0m[1m[32m	0000 0000 0000 000. = Reserved:[0m[1m 0x0000
[0m[1m[32m	.... .... .... ...0 = Continuation Flag:[0m[1m False
[0m",16,9.894371032714844e-05,normal,0.6584175,0.3415825,0.6584175
1778740099.856729,"Packet (Length: 20)
[1m[33mLayer BLUETOOTH
:[0m[1m[33mLayer HCI_MON
:[0m[1m[32m	Adapter ID:[0m[1m 0
[0m[1m[32m	Opcode:[0m[1m ACL Rx Packet (5)
[0m[1m[33mLayer BTHCI_ACL
:[0m[1m[32m	.... 0000 0000 1100 = Connection Handle:[0m[1m 0x00c
[0m[1m[32m	..10 .... .... .... = PB Flag:[0m[1m First Automatically Flushable Packet (2)
[0m[1m[32m	00.. .... .... .... = BC Flag:[0m[1m Point-To-Point (0)
[0m[1m[32m	Data Total Length:[0m[1m 16
[0m[1m	Data
[0m[1m[32m	Connect in frame:[0m[1m 280
[0m[1m[32m	Source BD_ADDR:[0m[1m 28:04:c6:6a:c5:d8
[0m[1m[32m	Source Device Name:[0m[1m realme Buds T200 Lite
[0m[1m[32m	Source Role:[0m[1m Peripheral (2)
[0m[1m[32m	Destination BD_ADDR:[0m[1m 00:00:00:00:00:00
[0m[1m[32m	Destination Device Name:[0m[1m 
[0m[1m[32m	Destination Role:[0m[1m Central (1)
[0m[1m[32m	Last Role Change in Frame:[0m[1m 278
[0m[1m[32m	Current Mode:[0m[1m Active Mode (0)
[0m[1m[32m	Last Mode Change in Frame:[0m[1m 280
[0m[1m[33mLayer BTL2CAP
:[0m[1m[32m	Length:[0m[1m 12
[0m[1m[32m	CID:[0m[1m L2CAP Signaling Channel (0x0001)
[0m[1m[32m	Command:[0m[1m Configure Request
[0m[1m[32m	Command Code:[0m[1m Configure Request (0x04)
[0m[1m[32m	Command Identifier:[0m[1m 0x0d
[0m[1m[32m	Command Length:[0m[1m 8
[0m[1m[32m	Destination CID:[0m[1m Dynamically Allocated Channel (0x0040)
[0m[1m[32m	0000 0000 0000 000. = Reserved:[0m[1m 0x0000
[0m[1m[32m	.... .... .... ...0 = Continuation Flag:[0m[1m False
[0m[1m[32m	Option:[0m[1m MTU
[0m[1m[32m	Type:[0m[1m Maximum Transmission Unit (0x01)
[0m[1m[32m	Length:[0m[1m 2
[0m[1m[32m	MTU:[0m[1m 679
[0m",20,0.00115203857421875,normal,0.6619229,0.33807713,0.6619229
1778740099.856794,"Packet (Length: 22)
[1m[33mLayer BLUETOOTH
:[0m[1m[33mLayer HCI_MON
:[0m[1m[32m	Adapter ID:[0m[1m 0
[0m[1m[32m	Opcode:[0m[1m ACL Tx Packet (4)
[0m[1m[33mLayer BTHCI_ACL
:[0m[1m[32m	.... 0000 0000 1100 = Connection Handle:[0m[1m 0x00c
[0m[1m[32m	..00 .... .... .... = PB Flag:[0m[1m First Non-automatically Flushable Packet (0)
[0m[1m[32m	00.. .... .... .... = BC Flag:[0m[1m Point-To-Point (0)
[0m[1m[32m	Data Total Length:[0m[1m 18
[0m[1m	Data
[0m[1m[32m	Connect in frame:[0m[1m 280
[0m[1m[32m	Source BD_ADDR:[0m[1m 00:00:00:00:00:00
[0m[1m[32m	Source Device Name:[0m[1m 
[0m[1m[32m	Source Role:[0m[1m Central (1)
[0m[1m[32m	Destination BD_ADDR:[0m[1m 28:04:c6:6a:c5:d8
[0m[1m[32m	Destination Device Name:[0m[1m realme Buds T200 Lite
[0m[1m[32m	Destination Role:[0m[1m Peripheral (2)
[0m[1m[32m	Last Role Change in Frame:[0m[1m 278
[0m[1m[32m	Current Mode:[0m[1m Active Mode (0)
[0m[1m[32m	Last Mode Change in Frame:[0m[1m 280
[0m[1m[33mLayer BTL2CAP
:[0m[1m[32m	Length:[0m[1m 14
[0m[1m[32m	CID:[0m[1m L2CAP Signaling Channel (0x0001)
[0m[1m[32m	Command:[0m[1m Configure Response
[0m[1m[32m	Command Code:[0m[1m Configure Response (0x05)
[0m[1m[32m	Command Identifier:[0m[1m 0x0d
[0m[1m[32m	Command Length:[0m[1m 10
[0m[1m[32m	Source CID:[0m[1m Dynamically Allocated Channel (0x0040)
[0m[1m[32m	0000 0000 0000 000. = Reserved:[0m[1m 0x0000
[0m[1m[32m	.... .... .... ...0 = Continuation Flag:[0m[1m False
[0m[1m[32m	Result:[0m[1m Success (0x0000)
[0m[1m[32m	Option:[0m[1m MTU
[0m[1m[32m	Type:[0m[1m Maximum Transmission Unit (0x01)
[0m[1m[32m	Length:[0m[1m 2
[0m[1m[32m	MTU:[0m[1m 679
[0m",22,6.508827209472656e-05,normal,0.6619229,0.33807713,0.6619229
1778740099.858121,"Packet (Length: 7)
[1m[33mLayer BLUETOOTH
:[0m[1m[33mLayer HCI_MON
:[0m[1m[32m	Adapter ID:[0m[1m 0
[0m[1m[32m	Opcode:[0m[1m HCI Event Packet (3)
[0m[1m[33mLayer BTHCI_EVT
:[0m[1m[32m	Event Code:[0m[1m Number of Completed Packets (0x13)
[0m[1m[32m	Parameter Total Length:[0m[1m 5
[0m[1m[32m	Number of Connection Handles:[0m[1m 1
[0m[1m[32m	Connection Handle:[0m[1m 0x000c
[0m[1m[32m	Number of Completed Packets:[0m[1m 2
[0m",7,0.0013267993927001953,normal,0.7185944,0.2814056,0.7185944
1778740099.860791,"Packet (Length: 18)
[1m[33mLayer BLUETOOTH
:[0m[1m[33mLayer HCI_MON
:[0m[1m[32m	Adapter ID:[0m[1m 0
[0m[1m[32m	Opcode:[0m[1m ACL Rx Packet (5)
[0m[1m[33mLayer BTHCI_ACL
:[0m[1m[32m	.... 0000 0000 1100 = Connection Handle:[0m[1m 0x00c
[0m[1m[32m	..10 .... .... .... = PB Flag:[0m[1m First Automatically Flushable Packet (2)
[0m[1m[32m	00.. .... .... .... = BC Flag:[0m[1m Point-To-Point (0)
[0m[1m[32m	Data Total Length:[0m[1m 14
[0m[1m	Data
[0m[1m[32m	Connect in frame:[0m[1m 280
[0m[1m[32m	Source BD_ADDR:[0m[1m 28:04:c6:6a:c5:d8
[0m[1m[32m	Source Device Name:[0m[1m realme Buds T200 Lite
[0m[1m[32m	Source Role:[0m[1m Peripheral (2)
[0m[1m[32m	Destination BD_ADDR:[0m[1m 00:00:00:00:00:00
[0m[1m[32m	Destination Device Name:[0m[1m 
[0m[1m[32m	Destination Role:[0m[1m Central (1)
[0m[1m[32m	Last Role Change in Frame:[0m[1m 278
[0m[1m[32m	Current Mode:[0m[1m Active Mode (0)
[0m[1m[32m	Last Mode Change in Frame:[0m[1m 280
[0m[1m[33mLayer BTL2CAP
:[0m[1m[32m	Length:[0m[1m 10
[0m[1m[32m	CID:[0m[1m L2CAP Signaling Channel (0x0001)
[0m[1m[32m	Command:[0m[1m Configure Response
[0m[1m[32m	Command Code:[0m[1m Configure Response (0x05)
[0m[1m[32m	Command Identifier:[0m[1m 0x04
[0m[1m[32m	Command Length:[0m[1m 6
[0m[1m[32m	Source CID:[0m[1m Dynamically Allocated Channel (0x0040)
[0m[1m[32m	0000 0000 0000 000. = Reserved:[0m[1m 0x0000
[0m[1m[32m	.... .... .... ...0 = Continuation Flag:[0m[1m False
[0m[1m[32m	Result:[0m[1m Success (0x0000)
[0m",18,0.0026700496673583984,normal,0.6619229,0.33807713,0.6619229
1778740099.861092,"Packet (Length: 28)
[1m[33mLayer BLUETOOTH
:[0m[1m[33mLayer HCI_MON
:[0m[1m[32m	Adapter ID:[0m[1m 0
[0m[1m[32m	Opcode:[0m[1m ACL Tx Packet (4)
[0m[1m[33mLayer BTHCI_ACL
:[0m[1m[32m	.... 0000 0000 1100 = Connection Handle:[0m[1m 0x00c
[0m[1m[32m	..00 .... .... .... = PB Flag:[0m[1m First Non-automatically Flushable Packet (0)
[0m[1m[32m	00.. .... .... .... = BC Flag:[0m[1m Point-To-Point (0)
[0m[1m[32m	Data Total Length:[0m[1m 24
[0m[1m	Data
[0m[1m[32m	Connect in frame:[0m[1m 280
[0m[1m[32m	Source BD_ADDR:[0m[1m 00:00:00:00:00:00
[0m[1m[32m	Source Device Name:[0m[1m 
[0m[1m[32m	Source Role:[0m[1m Central (1)
[0m[1m[32m	Destination BD_ADDR:[0m[1m 28:04:c6:6a:c5:d8
[0m[1m[32m	Destination Device Name:[0m[1m realme Buds T200 Lite
[0m[1m[32m	Destination Role:[0m[1m Peripheral (2)
[0m[1m[32m	Last Role Change in Frame:[0m[1m 278
[0m[1m[32m	Current Mode:[0m[1m Active Mode (0)
[0m[1m[32m	Last Mode Change in Frame:[0m[1m 280
[0m[1m[33mLayer BTL2CAP
:[0m[1m[32m	Length:[0m[1m 20
[0m[1m[32m	CID:[0m[1m Dynamically Allocated Channel (0x0040)
[0m[1m[32m	Connect in frame:[0m[1m 328
[0m[1m[32m	PSM:[0m[1m SDP (0x0001)
[0m[1m[33mLayer BTSDP
:[0m[1m[32m	PDU:[0m[1m Service Search Attribute Request (0x06)
[0m[1m[32m	Transaction Id:[0m[1m 0x0000
[0m[1m[32m	Parameter Length:[0m[1m 15
[0m[1m[32m	Service Search Pattern:[0m[1m L2CAP
[0m[1m[32m	Data Element:[0m[1m Sequence uint8 3 bytes
[0m[1m[32m	0011 0... = Data Element Type:[0m[1m Sequence (6)
[0m[1m[32m	.... .101 = Data Element Size:[0m[1m uint8 (5)
[0m[1m[32m	Data Element Var Size:[0m[1m 3
[0m[1m	Data Value
[0m[1m[32m	Value:[0m[1m UUID: L2CAP (0x0100)
[0m[1m[32m	Maximum Attribute Byte Count:[0m[1m 65535
[0m[1m	Attribute ID List
[0m[1m[32m	Attribute Range:[0m[1m 0x0000ffff
[0m[1m[32m	Attribute Range From:[0m[1m 0x0000
[0m[1m[32m	Attribute Range To:[0m[1m 0xffff
[0m[1m[32m	Continuation State:[0m[1m no (00)
[0m[1m[32m	Data Element:[0m[1m UUID 2 bytes
[0m[1m[32m	Data Element:[0m[1m Sequence uint8 5 bytes
[0m[1m[32m	Data Element:[0m[1m Unsigned Integer 4 bytes
[0m[1m[32m	0001 1... = Data Element Type:[0m[1m UUID (3)
[0m[1m[32m	0011 0... = Data Element Type:[0m[1m Sequence (6)
[0m[1m[32m	0000 1... = Data Element Type:[0m[1m Unsigned Integer (1)
[0m[1m[32m	.... .001 = Data Element Size:[0m[1m 2 bytes (1)
[0m[1m[32m	.... .101 = Data Element Size:[0m[1m uint8 (5)
[0m[1m[32m	.... .010 = Data Element Size:[0m[1m 4 bytes (2)
[0m[1m[32m	Data Element Var Size:[0m[1m 5
[0m[1m	Data Value
[0m[1m	Data Value
[0m[1m	Data Value
[0m",28,0.00030112266540527344,DoS,0.6370308,0.6370308,0.36296922
1778740099.86446,"Packet (Length: 7)
[1m[33mLayer BLUETOOTH
:[0m[1m[33mLayer HCI_MON
:[0m[1m[32m	Adapter ID:[0m[1m 0
[0m[1m[32m	Opcode:[0m[1m HCI Event Packet (3)
[0m[1m[33mLayer BTHCI_EVT
:[0m[1m[32m	Event Code:[0m[1m Number of Completed Packets (0x13)
[0m[1m[32m	Parameter Total Length:[0m[1m 5
[0m[1m[32m	Number of Connection Handles:[0m[1m 1
[0m[1m[32m	Connection Handle:[0m[1m 0x000c
[0m[1m[32m	Number of Completed Packets:[0m[1m 2
[0m",7,0.003367900848388672,normal,0.7185944,0.2814056,0.7185944
1778740099.867878,"Packet (Length: 308)
[1m[33mLayer BLUETOOTH
:[0m[1m[33mLayer HCI_MON
:[0m[1m[32m	Adapter ID:[0m[1m 0
[0m[1m[32m	Opcode:[0m[1m ACL Rx Packet (5)
[0m[1m[33mLayer BTHCI_ACL
:[0m[1m[32m	.... 0000 0000 1100 = Connection Handle:[0m[1m 0x00c
[0m[1m[32m	..10 .... .... .... = PB Flag:[0m[1m First Automatically Flushable Packet (2)
[0m[1m[32m	00.. .... .... .... = BC Flag:[0m[1m Point-To-Point (0)
[0m[1m[32m	Data Total Length:[0m[1m 304
[0m[1m	Data
[0m[1m[32m	Connect in frame:[0m[1m 280
[0m[1m[32m	Source BD_ADDR:[0m[1m 28:04:c6:6a:c5:d8
[0m[1m[32m	Source Device Name:[0m[1m realme Buds T200 Lite
[0m[1m[32m	Source Role:[0m[1m Peripheral (2)
[0m[1m[32m	Destination BD_ADDR:[0m[1m 00:00:00:00:00:00
[0m[1m[32m	Destination Device Name:[0m[1m 
[0m[1m[32m	Destination Role:[0m[1m Central (1)
[0m[1m[32m	Last Role Change in Frame:[0m[1m 278
[0m[1m[32m	Current Mode:[0m[1m Active Mode (0)
[0m[1m[32m	Last Mode Change in Frame:[0m[1m 280
[0m[1m[33mLayer BTL2CAP
:[0m[1m[32m	Length:[0m[1m 300
[0m[1m[32m	CID:[0m[1m Dynamically Allocated Channel (0x0040)
[0m[1m[32m	Connect in frame:[0m[1m 328
[0m[1m[32m	PSM:[0m[1m SDP (0x0001)
[0m[1m[33mLayer BTSDP
:[0m[1m[32m	PDU:[0m[1m Service Search Attribute Response (0x07)
[0m[1m[32m	Transaction Id:[0m[1m 0x0000
[0m[1m[32m	Parameter Length:[0m[1m 295
[0m[1m[32m	Attribute List Byte Count:[0m[1m 288
[0m[1m	Data Fragment
[0m[1m[32m	Continuation State:[0m[1m yes (00 06 00 00)
[0m[1m[32m	Continuation State Length:[0m[1m 4
[0m[1m	Continuation State Value
[0m",308,0.00341796875,DoS,0.7302899,0.7302899,0.26971012
1778740099.868685,"Packet (Length: 32)
[1m[33mLayer BLUETOOTH
:[0m[1m[33mLayer HCI_MON
:[0m[1m[32m	Adapter ID:[0m[1m 0
[0m[1m[32m	Opcode:[0m[1m ACL Tx Packet (4)
[0m[1m[33mLayer BTHCI_ACL
:[0m[1m[32m	.... 0000 0000 1100 = Connection Handle:[0m[1m 0x00c
[0m[1m[32m	..00 .... .... .... = PB Flag:[0m[1m First Non-automatically Flushable Packet (0)
[0m[1m[32m	00.. .... .... .... = BC Flag:[0m[1m Point-To-Point (0)
[0m[1m[32m	Data Total Length:[0m[1m 28
[0m[1m	Data
[0m[1m[32m	Connect in frame:[0m[1m 280
[0m[1m[32m	Source BD_ADDR:[0m[1m 00:00:00:00:00:00
[0m[1m[32m	Source Device Name:[0m[1m 
[0m[1m[32m	Source Role:[0m[1m Central (1)
[0m[1m[32m	Destination BD_ADDR:[0m[1m 28:04:c6:6a:c5:d8
[0m[1m[32m	Destination Device Name:[0m[1m realme Buds T200 Lite
[0m[1m[32m	Destination Role:[0m[1m Peripheral (2)
[0m[1m[32m	Last Role Change in Frame:[0m[1m 278
[0m[1m[32m	Current Mode:[0m[1m Active Mode (0)
[0m[1m[32m	Last Mode Change in Frame:[0m[1m 280
[0m[1m[33mLayer BTL2CAP
:[0m[1m[32m	Length:[0m[1m 24
[0m[1m[32m	CID:[0m[1m Dynamically Allocated Channel (0x0040)
[0m[1m[32m	Connect in frame:[0m[1m 328
[0m[1m[32m	PSM:[0m[1m SDP (0x0001)
[0m[1m[33mLayer BTSDP
:[0m[1m[32m	PDU:[0m[1m Service Search Attribute Request (0x06)
[0m[1m[32m	Transaction Id:[0m[1m 0x0001
[0m[1m[32m	Parameter Length:[0m[1m 19
[0m[1m[32m	Service Search Pattern:[0m[1m L2CAP
[0m[1m[32m	Data Element:[0m[1m Sequence uint8 3 bytes
[0m[1m[32m	0011 0... = Data Element Type:[0m[1m Sequence (6)
[0m[1m[32m	.... .101 = Data Element Size:[0m[1m uint8 (5)
[0m[1m[32m	Data Element Var Size:[0m[1m 3
[0m[1m	Data Value
[0m[1m[32m	Value:[0m[1m UUID: L2CAP (0x0100)
[0m[1m[32m	Maximum Attribute Byte Count:[0m[1m 65535
[0m[1m	Attribute ID List
[0m[1m[32m	Attribute Range:[0m[1m 0x0000ffff
[0m[1m[32m	Attribute Range From:[0m[1m 0x0000
[0m[1m[32m	Attribute Range To:[0m[1m 0xffff
[0m[1m[32m	Continuation State:[0m[1m yes (00 06 00 00)
[0m[1m[32m	Continuation State Length:[0m[1m 4
[0m[1m	Continuation State Value
[0m[1m[32m	Data Element:[0m[1m UUID 2 bytes
[0m[1m[32m	Data Element:[0m[1m Sequence uint8 5 bytes
[0m[1m[32m	Data Element:[0m[1m Unsigned Integer 4 bytes
[0m[1m[32m	0001 1... = Data Element Type:[0m[1m UUID (3)
[0m[1m[32m	0011 0... = Data Element Type:[0m[1m Sequence (6)
[0m[1m[32m	0000 1... = Data Element Type:[0m[1m Unsigned Integer (1)
[0m[1m[32m	.... .001 = Data Element Size:[0m[1m 2 bytes (1)
[0m[1m[32m	.... .101 = Data Element Size:[0m[1m uint8 (5)
[0m[1m[32m	.... .010 = Data Element Size:[0m[1m 4 bytes (2)
[0m[1m[32m	Data Element Var Size:[0m[1m 5
[0m[1m	Data Value
[0m[1m	Data Value
[0m[1m	Data Value
[0m",32,0.0008070468902587891,DoS,0.6584175,0.6584175,0.3415825
1778740099.878883,"Packet (Length: 302)
[1m[33mLayer BLUETOOTH
:[0m[1m[33mLayer HCI_MON
:[0m[1m[32m	Adapter ID:[0m[1m 0
[0m[1m[32m	Opcode:[0m[1m ACL Rx Packet (5)
[0m[1m[33mLayer BTHCI_ACL
:[0m[1m[32m	.... 0000 0000 1100 = Connection Handle:[0m[1m 0x00c
[0m[1m[32m	..10 .... .... .... = PB Flag:[0m[1m First Automatically Flushable Packet (2)
[0m[1m[32m	00.. .... .... .... = BC Flag:[0m[1m Point-To-Point (0)
[0m[1m[32m	Data Total Length:[0m[1m 298
[0m[1m	Data
[0m[1m[32m	Connect in frame:[0m[1m 280
[0m[1m[32m	Source BD_ADDR:[0m[1m 28:04:c6:6a:c5:d8
[0m[1m[32m	Source Device Name:[0m[1m realme Buds T200 Lite
[0m[1m[32m	Source Role:[0m[1m Peripheral (2)
[0m[1m[32m	Destination BD_ADDR:[0m[1m 00:00:00:00:00:00
[0m[1m[32m	Destination Device Name:[0m[1m 
[0m[1m[32m	Destination Role:[0m[1m Central (1)
[0m[1m[32m	Last Role Change in Frame:[0m[1m 278
[0m[1m[32m	Current Mode:[0m[1m Active Mode (0)
[0m[1m[32m	Last Mode Change in Frame:[0m[1m 280
[0m[1m[33mLayer BTL2CAP
:[0m[1m[32m	Length:[0m[1m 294
[0m[1m[32m	CID:[0m[1m Dynamically Allocated Channel (0x0040)
[0m[1m[32m	Connect in frame:[0m[1m 328
[0m[1m[32m	PSM:[0m[1m SDP (0x0001)
[0m[1m[33mLayer BTSDP
:[0m[1m[32m	PDU:[0m[1m Service Search Attribute Response (0x07)
[0m[1m[32m	Transaction Id:[0m[1m 0x0001
[0m[1m[32m	Parameter Length:[0m[1m 289
[0m[1m[32m	Attribute List Byte Count:[0m[1m 282
[0m[1m	Data Fragment
[0m[1m[32m	Continuation State:[0m[1m yes (00 09 00 00)
[0m[1m[32m	Continuation State Length:[0m[1m 4
[0m[1m	Continuation State Value
[0m[1m	Partial Attribute List
[0m",302,0.010197877883911133,DoS,0.7302899,0.7302899,0.26971012
1778740099.879225,"Packet (Length: 32)
[1m[33mLayer BLUETOOTH
:[0m[1m[33mLayer HCI_MON
:[0m[1m[32m	Adapter ID:[0m[1m 0
[0m[1m[32m	Opcode:[0m[1m ACL Tx Packet (4)
[0m[1m[33mLayer BTHCI_ACL
:[0m[1m[32m	.... 0000 0000 1100 = Connection Handle:[0m[1m 0x00c
[0m[1m[32m	..00 .... .... .... = PB Flag:[0m[1m First Non-automatically Flushable Packet (0)
[0m[1m[32m	00.. .... .... .... = BC Flag:[0m[1m Point-To-Point (0)
[0m[1m[32m	Data Total Length:[0m[1m 28
[0m[1m	Data
[0m[1m[32m	Connect in frame:[0m[1m 280
[0m[1m[32m	Source BD_ADDR:[0m[1m 00:00:00:00:00:00
[0m[1m[32m	Source Device Name:[0m[1m 
[0m[1m[32m	Source Role:[0m[1m Central (1)
[0m[1m[32m	Destination BD_ADDR:[0m[1m 28:04:c6:6a:c5:d8
[0m[1m[32m	Destination Device Name:[0m[1m realme Buds T200 Lite
[0m[1m[32m	Destination Role:[0m[1m Peripheral (2)
[0m[1m[32m	Last Role Change in Frame:[0m[1m 278
[0m[1m[32m	Current Mode:[0m[1m Active Mode (0)
[0m[1m[32m	Last Mode Change in Frame:[0m[1m 280
[0m[1m[33mLayer BTL2CAP
:[0m[1m[32m	Length:[0m[1m 24
[0m[1m[32m	CID:[0m[1m Dynamically Allocated Channel (0x0040)
[0m[1m[32m	Connect in frame:[0m[1m 328
[0m[1m[32m	PSM:[0m[1m SDP (0x0001)
[0m[1m[33mLayer BTSDP
:[0m[1m[32m	PDU:[0m[1m Service Search Attribute Request (0x06)
[0m[1m[32m	Transaction Id:[0m[1m 0x0002
[0m[1m[32m	Parameter Length:[0m[1m 19
[0m[1m[32m	Service Search Pattern:[0m[1m L2CAP
[0m[1m[32m	Data Element:[0m[1m Sequence uint8 3 bytes
[0m[1m[32m	0011 0... = Data Element Type:[0m[1m Sequence (6)
[0m[1m[32m	.... .101 = Data Element Size:[0m[1m uint8 (5)
[0m[1m[32m	Data Element Var Size:[0m[1m 3
[0m[1m	Data Value
[0m[1m[32m	Value:[0m[1m UUID: L2CAP (0x0100)
[0m[1m[32m	Maximum Attribute Byte Count:[0m[1m 65535
[0m[1m	Attribute ID List
[0m[1m[32m	Attribute Range:[0m[1m 0x0000ffff
[0m[1m[32m	Attribute Range From:[0m[1m 0x0000
[0m[1m[32m	Attribute Range To:[0m[1m 0xffff
[0m[1m[32m	Continuation State:[0m[1m yes (00 09 00 00)
[0m[1m[32m	Continuation State Length:[0m[1m 4
[0m[1m	Continuation State Value
[0m[1m[32m	Data Element:[0m[1m UUID 2 bytes
[0m[1m[32m	Data Element:[0m[1m Sequence uint8 5 bytes
[0m[1m[32m	Data Element:[0m[1m Unsigned Integer 4 bytes
[0m[1m[32m	0001 1... = Data Element Type:[0m[1m UUID (3)
[0m[1m[32m	0011 0... = Data Element Type:[0m[1m Sequence (6)
[0m[1m[32m	0000 1... = Data Element Type:[0m[1m Unsigned Integer (1)
[0m[1m[32m	.... .001 = Data Element Size:[0m[1m 2 bytes (1)
[0m[1m[32m	.... .101 = Data Element Size:[0m[1m uint8 (5)
[0m[1m[32m	.... .010 = Data Element Size:[0m[1m 4 bytes (2)
[0m[1m[32m	Data Element Var Size:[0m[1m 5
[0m[1m	Data Value
[0m[1m	Data Value
[0m[1m	Data Value
[0m",32,0.0003421306610107422,DoS,0.6584175,0.6584175,0.3415825
1778740099.885582,"Packet (Length: 7)
[1m[33mLayer BLUETOOTH
:[0m[1m[33mLayer HCI_MON
:[0m[1m[32m	Adapter ID:[0m[1m 0
[0m[1m[32m	Opcode:[0m[1m HCI Event Packet (3)
[0m[1m[33mLayer BTHCI_EVT
:[0m[1m[32m	Event Code:[0m[1m Number of Completed Packets (0x13)
[0m[1m[32m	Parameter Total Length:[0m[1m 5
[0m[1m[32m	Number of Connection Handles:[0m[1m 1
[0m[1m[32m	Connection Handle:[0m[1m 0x000c
[0m[1m[32m	Number of Completed Packets:[0m[1m 2
[0m",7,0.006356954574584961,normal,0.7185944,0.2814056,0.7185944
1778740099.886943,"Packet (Length: 82)
[1m[33mLayer BLUETOOTH
:[0m[1m[33mLayer HCI_MON
:[0m[1m[32m	Adapter ID:[0m[1m 0
[0m[1m[32m	Opcode:[0m[1m ACL Rx Packet (5)
[0m[1m[33mLayer BTHCI_ACL
:[0m[1m[32m	.... 0000 0000 1100 = Connection Handle:[0m[1m 0x00c
[0m[1m[32m	..10 .... .... .... = PB Flag:[0m[1m First Automatically Flushable Packet (2)
[0m[1m[32m	00.. .... .... .... = BC Flag:[0m[1m Point-To-Point (0)
[0m[1m[32m	Data Total Length:[0m[1m 78
[0m[1m	Data
[0m[1m[32m	Connect in frame:[0m[1m 280
[0m[1m[32m	Source BD_ADDR:[0m[1m 28:04:c6:6a:c5:d8
[0m[1m[32m	Source Device Name:[0m[1m realme Buds T200 Lite
[0m[1m[32m	Source Role:[0m[1m Peripheral (2)
[0m[1m[32m	Destination BD_ADDR:[0m[1m 00:00:00:00:00:00
[0m[1m[32m	Destination Device Name:[0m[1m 
[0m[1m[32m	Destination Role:[0m[1m Central (1)
[0m[1m[32m	Last Role Change in Frame:[0m[1m 278
[0m[1m[32m	Current Mode:[0m[1m Active Mode (0)
[0m[1m[32m	Last Mode Change in Frame:[0m[1m 280
[0m[1m[33mLayer BTL2CAP
:[0m[1m[32m	Length:[0m[1m 74
[0m[1m[32m	CID:[0m[1m Dynamically Allocated Channel (0x0040)
[0m[1m[32m	Connect in frame:[0m[1m 328
[0m[1m[32m	PSM:[0m[1m SDP (0x0001)
[0m[1m[33mLayer BTSDP
:[0m[1m[32m	PDU:[0m[1m Service Search Attribute Response (0x07)
[0m[1m[32m	Transaction Id:[0m[1m 0x0002
[0m[1m[32m	Parameter Length:[0m[1m 69
[0m[1m[32m	Attribute List Byte Count:[0m[1m 66
[0m[1m	Data Fragment
[0m[1m[32m	Continuation State:[0m[1m no (00)
[0m[1m	Reassembled Attribute List
[0m[1m	Attribute Lists [count =  8]
[0m[1m[32m	Data Element:[0m[1m Sequence uint16 633 bytes
[0m[1m[32m	0011 0... = Data Element Type:[0m[1m Sequence (6)
[0m[1m[32m	.... .110 = Data Element Size:[0m[1m uint16 (6)
[0m[1m[32m	Data Element Var Size:[0m[1m 633
[0m[1m	Data Value
[0m[1m	Attribute List [count =  6] (Audio Sink)
[0m[1m[32m	Service Attribute:[0m[1m Service Record Handle (0x0), value = 0x00010001 (65537)
[0m[1m[32m	Attribute ID:[0m[1m Service Record Handle
[0m[1m[32m	Attribute ID:[0m[1m Service Record Handle (0x0000)
[0m[1m	Value
[0m[1m[32m	Service Record Handle:[0m[1m 0x00010001
[0m[1m[32m	Value:[0m[1m UUID: Audio Sink (0x110b)
[0m[1m[32m	Protocol #1:[0m[1m L2CAP, PSM: 25
[0m[1m[32m	Protocol Entry:[0m[1m L2CAP, PSM: 25
[0m[1m[32m	L2CAP PSM:[0m[1m AVDTP (25)
[0m[1m[32m	Protocol Version:[0m[1m 0x0103
[0m[1m[32m	Profile Descriptor List #1:[0m[1m Advanced Audio Distribution, Version 1.4
[0m[1m[32m	0000 0000 0000 .... = Supported Features:[0m[1m Reserved: 0x000
[0m[1m[32m	.... .... .... 0... = Supported Features:[0m[1m Amplifier: False
[0m[1m[32m	.... .... .... .0.. = Supported Features:[0m[1m Recorder: False
[0m[1m[32m	.... .... .... ..0. = Supported Features:[0m[1m Speaker: False
[0m[1m[32m	.... .... .... ...1 = Supported Features:[0m[1m Headphone: True
[0m[1m[32m	Service Name:[0m[1m JL_A2DP
[0m[1m[32m	0000 00.. .... .... = Supported Features:[0m[1m Reserved: 0x00
[0m[1m[32m	.... ..0. .... .... = Supported Features:[0m[1m Cover Art - Get Linked Thumbnail: False
[0m[1m[32m	.... ...0 .... .... = Supported Features:[0m[1m Cover Art - Get Image: False
[0m[1m[32m	.... .... 0... .... = Supported Features:[0m[1m Cover Art - Get Image Properties: False
[0m[1m[32m	.... .... .0.. .... = Supported Features:[0m[1m Browsing: False
[0m[1m[32m	.... .... .... 0... = Supported Features:[0m[1m Category 4: Menu: False
[0m[1m[32m	.... .... .... .0.. = Supported Features:[0m[1m Category 3: Tuner: False
[0m[1m[32m	.... .... .... ..0. = Supported Features:[0m[1m Category 2: Monitor/Amplifier: False
[0m[1m[32m	.... .... .... ...1 = Supported Features:[0m[1m Category 1: Player/Recorder: True
[0m[1m[32m	0000 000. .... .... = Supported Features:[0m[1m Reserved: 0x00
[0m[1m[32m	.... ...0 .... .... = Supported Features:[0m[1m Cover Art: False
[0m[1m[32m	.... .... 0... .... = Supported Features:[0m[1m Multiple Player: False
[0m[1m[32m	.... .... .0.. .... = Supported Features:[0m[1m Browsing: False
[0m[1m[32m	.... .... ..0. .... = Supported Features:[0m[1m Group Navigation: False
[0m[1m[32m	.... .... ...0 .... = Supported Features:[0m[1m Settings: False
[0m[1m[32m	.... .... .... 0... = Supported Features:[0m[1m Category 4: Menu: False
[0m[1m[32m	.... .... .... .0.. = Supported Features:[0m[1m Category 3: Tuner: False
[0m[1m[32m	.... .... .... ..1. = Supported Features:[0m[1m Category 2: Monitor/Amplifier: True
[0m[1m[32m	.... .... .... ...0 = Supported Features:[0m[1m Category 1: Player/Recorder: False
[0m[1m[32m	RFCOMM Channel:[0m[1m 4 (0x04)
[0m[1m[32m	0000 0000 00.. .... = Supported Features:[0m[1m Reserved: 0x000
[0m[1m[32m	.... .... ..1. .... = Supported Features:[0m[1m Wide Band Speech: True
[0m[1m[32m	.... .... ...1 .... = Supported Features:[0m[1m Remote Volume Control: True
[0m[1m[32m	.... .... .... 1... = Supported Features:[0m[1m Voice Recognition Activation: True
[0m[1m[32m	.... .... .... .1.. = Supported Features:[0m[1m CLI Presentation Capability: True
[0m[1m[32m	.... .... .... ..1. = Supported Features:[0m[1m Call Waiting or Three Way Calling: True
[0m[1m[32m	.... .... .... ...1 = Supported Features:[0m[1m EC and/or Nr Function: True
[0m[1m[32m	Value:[0m[1m Custom UUID: df21fe2c25154fdb8886f12c4d67927c (Unknown)
[0m[1m[32m	Value:[0m[1m UUID: 0000110100001000800000805f9b34fb (Serial Port)
[0m[1m[32m	Data Element:[0m[1m Sequence uint16 74 bytes
[0m[1m[32m	Data Element:[0m[1m Unsigned Integer 2 bytes
[0m[1m[32m	Data Element:[0m[1m Unsigned Integer 4 bytes
[0m[1m[32m	Data Element:[0m[1m Unsigned Integer 2 bytes
[0m[1m[32m	Data Element:[0m[1m Sequence uint16 3 bytes
[0m[1m[32m	Data Element:[0m[1m UUID 2 bytes
[0m[1m[32m	Data Element:[0m[1m Unsigned Integer 2 bytes
[0m[1m[32m	Data Element:[0m[1m Sequence uint16 18 bytes
[0m[1m[32m	Data Element:[0m[1m Sequence uint16 6 bytes
[0m[1m[32m	Data Element:[0m[1m UUID 2 bytes
[0m[1m[32m	Data Element:[0m[1m Unsigned Integer 2 bytes
[0m[1m[32m	Data Element:[0m[1m Sequence uint16 6 bytes
[0m[1m[32m	Data Element:[0m[1m UUID 2 bytes
[0m[1m[32m	Data Element:[0m[1m Unsigned Integer 2 bytes
[0m[1m[32m	Data Element:[0m[1m Unsigned Integer 2 bytes
[0m[1m[32m	Data Element:[0m[1m Sequence uint16 9 bytes
[0m[1m[32m	Data Element:[0m[1m Sequence uint16 6 bytes
[0m[1m[32m	Data Element:[0m[1m UUID 2 bytes
[0m[1m[32m	Data Element:[0m[1m Unsigned Integer 2 bytes
[0m[1m[32m	Data Element:[0m[1m Unsigned Integer 2 bytes
[0m[1m[32m	Data Element:[0m[1m Unsigned Integer 2 bytes
[0m[1m[32m	Data Element:[0m[1m Unsigned Integer 2 bytes
[0m[1m[32m	Data Element:[0m[1m Text string uint8 7 bytes
[0m[1m[32m	Data Element:[0m[1m Sequence uint16 65 bytes
[0m[1m[32m	Data Element:[0m[1m Unsigned Integer 2 bytes
[0m[1m[32m	Data Element:[0m[1m Unsigned Integer 4 bytes
[0m[1m[32m	Data Element:[0m[1m Unsigned Integer 2 bytes
[0m[1m[32m	Data Element:[0m[1m Sequence uint16 6 bytes
[0m[1m[32m	Data Element:[0m[1m UUID 2 bytes
[0m[1m[32m	Data Element:[0m[1m UUID 2 bytes
[0m[1m[32m	Data Element:[0m[1m Unsigned Integer 2 bytes
[0m[1m[32m	Data Element:[0m[1m Sequence uint16 18 bytes
[0m[1m[32m	Data Element:[0m[1m Sequence uint16 6 bytes
[0m[1m[32m	Data Element:[0m[1m UUID 2 bytes
[0m[1m[32m	Data Element:[0m[1m Unsigned Integer 2 bytes
[0m[1m[32m	Data Element:[0m[1m Sequence uint16 6 bytes
[0m[1m[32m	Data Element:[0m[1m UUID 2 bytes
[0m[1m[32m	Data Element:[0m[1m Unsigned Integer 2 bytes
[0m[1m[32m	Data Element:[0m[1m Unsigned Integer 2 bytes
[0m[1m[32m	Data Element:[0m[1m Sequence uint16 9 bytes
[0m[1m[32m	Data Element:[0m[1m Sequence uint16 6 bytes
[0m[1m[32m	Data Element:[0m[1m UUID 2 bytes
[0m[1m[32m	Data Element:[0m[1m Unsigned Integer 2 bytes
[0m[1m[32m	Data Element:[0m[1m Unsigned Integer 2 bytes
[0m[1m[32m	Data Element:[0m[1m Unsigned Integer 2 bytes
[0m[1m[32m	Data Element:[0m[1m Sequence uint16 62 bytes
[0m[1m[32m	Data Element:[0m[1m Unsigned Integer 2 bytes
[0m[1m[32m	Data Element:[0m[1m Unsigned Integer 4 bytes
[0m[1m[32m	Data Element:[0m[1m Unsigned Integer 2 bytes
[0m[1m[32m	Data Element:[0m[1m Sequence uint16 3 bytes
[0m[1m[32m	Data Element:[0m[1m UUID 2 bytes
[0m[1m[32m	Data Element:[0m[1m Unsigned Integer 2 bytes
[0m[1m[32m	Data Element:[0m[1m Sequence uint16 18 bytes
[0m[1m[32m	Data Element:[0m[1m Sequence uint16 6 bytes
[0m[1m[32m	Data Element:[0m[1m UUID 2 bytes
[0m[1m[32m	Data Element:[0m[1m Unsigned Integer 2 bytes
[0m[1m[32m	Data Element:[0m[1m Sequence uint16 6 bytes
[0m[1m[32m	Data Element:[0m[1m UUID 2 bytes
[0m[1m[32m	Data Element:[0m[1m Unsigned Integer 2 bytes
[0m[1m[32m	Data Element:[0m[1m Unsigned Integer 2 bytes
[0m[1m[32m	Data Element:[0m[1m Sequence uint16 9 bytes
[0m[1m[32m	Data Element:[0m[1m Sequence uint16 6 bytes
[0m[1m[32m	Data Element:[0m[1m UUID 2 bytes
[0m[1m[32m	Data Element:[0m[1m Unsigned Integer 2 bytes
[0m[1m[32m	Data Element:[0m[1m Unsigned Integer 2 bytes
[0m[1m[32m	Data Element:[0m[1m Unsigned Integer 2 bytes
[0m[1m[32m	Data Element:[0m[1m Sequence uint16 72 bytes
[0m[1m[32m	Data Element:[0m[1m Unsigned Integer 2 bytes
[0m[1m[32m	Data Element:[0m[1m Unsigned Integer 4 bytes
[0m[1m[32m	Data Element:[0m[1m Unsigned Integer 2 bytes
[0m[1m[32m	Data Element:[0m[1m Sequence uint16 6 bytes
[0m[1m[32m	Data Element:[0m[1m UUID 2 bytes
[0m[1m[32m	Data Element:[0m[1m UUID 2 bytes
[0m[1m[32m	Data Element:[0m[1m Unsigned Integer 2 bytes
[0m[1m[32m	Data Element:[0m[1m Sequence uint16 14 bytes
[0m[1m[32m	Data Element:[0m[1m Sequence uint16 3 bytes
[0m[1m[32m	Data Element:[0m[1m UUID 2 bytes
[0m[1m[32m	Data Element:[0m[1m Sequence uint16 5 bytes
[0m[1m[32m	Data Element:[0m[1m UUID 2 bytes
[0m[1m[32m	Data Element:[0m[1m Unsigned Integer 1 byte (0 bytes if Nil)
[0m[1m[32m	Data Element:[0m[1m Unsigned Integer 2 bytes
[0m[1m[32m	Data Element:[0m[1m Sequence uint16 9 bytes
[0m[1m[32m	Data Element:[0m[1m Sequence uint16 6 bytes
[0m[1m[32m	Data Element:[0m[1m UUID 2 bytes
[0m[1m[32m	Data Element:[0m[1m Unsigned Integer 2 bytes
[0m[1m[32m	Data Element:[0m[1m Unsigned Integer 2 bytes
[0m[1m[32m	Data Element:[0m[1m Unsigned Integer 2 bytes
[0m[1m[32m	Data Element:[0m[1m Unsigned Integer 2 bytes
[0m[1m[32m	Data Element:[0m[1m Text string uint8 6 bytes
[0m[1m[32m	Data Element:[0m[1m Sequence uint16 91 bytes
[0m[1m[32m	Data Element:[0m[1m Unsigned Integer 2 bytes
[0m[1m[32m	Data Element:[0m[1m Unsigned Integer 4 bytes
[0m[1m[32m	Data Element:[0m[1m Unsigned Integer 2 bytes
[0m[1m[32m	Data Element:[0m[1m Sequence uint16 17 bytes
[0m[1m[32m	Data Element:[0m[1m UUID 16 bytes
[0m[1m[32m	Data Element:[0m[1m Unsigned Integer 2 bytes
[0m[1m[32m	Data Element:[0m[1m Sequence uint16 14 bytes
[0m[1m[32m	Data Element:[0m[1m Sequence uint16 3 bytes
[0m[1m[32m	Data Element:[0m[1m UUID 2 bytes
[0m[1m[32m	Data Element:[0m[1m Sequence uint16 5 bytes
[0m[1m[32m	Data Element:[0m[1m UUID 2 bytes
[0m[1m[32m	Data Element:[0m[1m Unsigned Integer 1 byte (0 bytes if Nil)
[0m[1m[32m	Data Element:[0m[1m Unsigned Integer 2 bytes
[0m[1m[32m	Data Element:[0m[1m Sequence uint16 23 bytes
[0m[1m[32m	Data Element:[0m[1m Sequence uint16 20 bytes
[0m[1m[32m	Data Element:[0m[1m UUID 16 bytes
[0m[1m[32m	Data Element:[0m[1m Unsigned Integer 2 bytes
[0m[1m[32m	Data Element:[0m[1m Unsigned Integer 2 bytes
[0m[1m[32m	Data Element:[0m[1m Text string uint8 6 bytes
[0m[1m[32m	Data Element:[0m[1m Sequence uint16 91 bytes
[0m[1m[32m	Data Element:[0m[1m Unsigned Integer 2 bytes
[0m[1m[32m	Data Element:[0m[1m Unsigned Integer 4 bytes
[0m[1m[32m	Data Element:[0m[1m Unsigned Integer 2 bytes
[0m[1m[32m	Data Element:[0m[1m Sequence uint16 17 bytes
[0m[1m[32m	Data Element:[0m[1m UUID 16 bytes
[0m[1m[32m	Data Element:[0m[1m Unsigned Integer 2 bytes
[0m[1m[32m	Data Element:[0m[1m Sequence uint16 14 bytes
[0m[1m[32m	Data Element:[0m[1m Sequence uint16 3 bytes
[0m[1m[32m	Data Element:[0m[1m UUID 2 bytes
[0m[1m[32m	Data Element:[0m[1m Sequence uint16 5 bytes
[0m[1m[32m	Data Element:[0m[1m UUID 2 bytes
[0m[1m[32m	Data Element:[0m[1m Unsigned Integer 1 byte (0 bytes if Nil)
[0m[1m[32m	Data Element:[0m[1m Unsigned Integer 2 bytes
[0m[1m[32m	Data Element:[0m[1m Sequence uint16 23 bytes
[0m[1m[32m	Data Element:[0m[1m Sequence uint16 20 bytes
[0m[1m[32m	Data Element:[0m[1m UUID 16 bytes
[0m[1m[32m	Data Element:[0m[1m Unsigned Integer 2 bytes
[0m[1m[32m	Data Element:[0m[1m Unsigned Integer 2 bytes
[0m[1m[32m	Data Element:[0m[1m Text string uint8 6 bytes
[0m[1m[32m	Data Element:[0m[1m Sequence uint16 91 bytes
[0m[1m[32m	Data Element:[0m[1m Unsigned Integer 2 bytes
[0m[1m[32m	Data Element:[0m[1m Unsigned Integer 4 bytes
[0m[1m[32m	Data Element:[0m[1m Unsigned Integer 2 bytes
[0m[1m[32m	Data Element:[0m[1m Sequence uint16 17 bytes
[0m[1m[32m	Data Element:[0m[1m UUID 16 bytes
[0m[1m[32m	Data Element:[0m[1m Unsigned Integer 2 bytes
[0m[1m[32m	Data Element:[0m[1m Sequence uint16 14 bytes
[0m[1m[32m	Data Element:[0m[1m Sequence uint16 3 bytes
[0m[1m[32m	Data Element:[0m[1m UUID 2 bytes
[0m[1m[32m	Data Element:[0m[1m Sequence uint16 5 bytes
[0m[1m[32m	Data Element:[0m[1m UUID 2 bytes
[0m[1m[32m	Data Element:[0m[1m Unsigned Integer 1 byte (0 bytes if Nil)
[0m[1m[32m	Data Element:[0m[1m Unsigned Integer 2 bytes
[0m[1m[32m	Data Element:[0m[1m Sequence uint16 23 bytes
[0m[1m[32m	Data Element:[0m[1m Sequence uint16 20 bytes
[0m[1m[32m	Data Element:[0m[1m UUID 16 bytes
[0m[1m[32m	Data Element:[0m[1m Unsigned Integer 2 bytes
[0m[1m[32m	Data Element:[0m[1m Unsigned Integer 2 bytes
[0m[1m[32m	Data Element:[0m[1m Text string uint8 6 bytes
[0m[1m[32m	Data Element:[0m[1m Sequence uint16 63 bytes
[0m[1m[32m	Data Element:[0m[1m Unsigned Integer 2 bytes
[0m[1m[32m	Data Element:[0m[1m Unsigned Integer 4 bytes
[0m[1m[32m	Data Element:[0m[1m Unsigned Integer 2 bytes
[0m[1m[32m	Data Element:[0m[1m Sequence uint16 3 bytes
[0m[1m[32m	Data Element:[0m[1m UUID 2 bytes
[0m[1m[32m	Data Element:[0m[1m Unsigned Integer 2 bytes
[0m[1m[32m	Data Element:[0m[1m Sequence uint16 14 bytes
[0m[1m[32m	Data Element:[0m[1m Sequence uint16 3 bytes
[0m[1m[32m	Data Element:[0m[1m UUID 2 bytes
[0m[1m[32m	Data Element:[0m[1m Sequence uint16 5 bytes
[0m[1m[32m	Data Element:[0m[1m UUID 2 bytes
[0m[1m[32m	Data Element:[0m[1m Unsigned Integer 1 byte (0 bytes if Nil)
[0m[1m[32m	Data Element:[0m[1m Unsigned Integer 2 bytes
[0m[1m[32m	Data Element:[0m[1m Sequence uint16 9 bytes
[0m[1m[32m	Data Element:[0m[1m Sequence uint16 6 bytes
[0m[1m[32m	Data Element:[0m[1m UUID 2 bytes
[0m[1m[32m	Data Element:[0m[1m Unsigned Integer 2 bytes
[0m[1m[32m	Data Element:[0m[1m Unsigned Integer 2 bytes
[0m[1m[32m	Data Element:[0m[1m Text string uint8 6 bytes
[0m[1m[32m	0011 0... = Data Element Type:[0m[1m Sequence (6)
[0m[1m[32m	0000 1... = Data Element Type:[0m[1m Unsigned Integer (1)
[0m[1m[32m	0000 1... = Data Element Type:[0m[1m Unsigned Integer (1)
[0m[1m[32m	0000 1... = Data Element Type:[0m[1m Unsigned Integer (1)
[0m[1m[32m	0011 0... = Data Element Type:[0m[1m Sequence (6)
[0m[1m[32m	0001 1... = Data Element Type:[0m[1m UUID (3)
[0m[1m[32m	0000 1... = Data Element Type:[0m[1m Unsigned Integer (1)
[0m[1m[32m	0011 0... = Data Element Type:[0m[1m Sequence (6)
[0m[1m[32m	0011 0... = Data Element Type:[0m[1m Sequence (6)
[0m[1m[32m	0001 1... = Data Element Type:[0m[1m UUID (3)
[0m[1m[32m	0000 1... = Data Element Type:[0m[1m Unsigned Integer (1)
[0m[1m[32m	0011 0... = Data Element Type:[0m[1m Sequence (6)
[0m[1m[32m	0001 1... = Data Element Type:[0m[1m UUID (3)
[0m[1m[32m	0000 1... = Data Element Type:[0m[1m Unsigned Integer (1)
[0m[1m[32m	0000 1... = Data Element Type:[0m[1m Unsigned Integer (1)
[0m[1m[32m	0011 0... = Data Element Type:[0m[1m Sequence (6)
[0m[1m[32m	0011 0... = Data Element Type:[0m[1m Sequence (6)
[0m[1m[32m	0001 1... = Data Element Type:[0m[1m UUID (3)
[0m[1m[32m	0000 1... = Data Element Type:[0m[1m Unsigned Integer (1)
[0m[1m[32m	0000 1... = Data Element Type:[0m[1m Unsigned Integer (1)
[0m[1m[32m	0000 1... = Data Element Type:[0m[1m Unsigned Integer (1)
[0m[1m[32m	0000 1... = Data Element Type:[0m[1m Unsigned Integer (1)
[0m[1m[32m	0010 0... = Data Element Type:[0m[1m Text string (4)
[0m[1m[32m	0011 0... = Data Element Type:[0m[1m Sequence (6)
[0m[1m[32m	0000 1... = Data Element Type:[0m[1m Unsigned Integer (1)
[0m[1m[32m	0000 1... = Data Element Type:[0m[1m Unsigned Integer (1)
[0m[1m[32m	0000 1... = Data Element Type:[0m[1m Unsigned Integer (1)
[0m[1m[32m	0011 0... = Data Element Type:[0m[1m Sequence (6)
[0m[1m[32m	0001 1... = Data Element Type:[0m[1m UUID (3)
[0m[1m[32m	0001 1... = Data Element Type:[0m[1m UUID (3)
[0m[1m[32m	0000 1... = Data Element Type:[0m[1m Unsigned Integer (1)
[0m[1m[32m	0011 0... = Data Element Type:[0m[1m Sequence (6)
[0m[1m[32m	0011 0... = Data Element Type:[0m[1m Sequence (6)
[0m[1m[32m	0001 1... = Data Element Type:[0m[1m UUID (3)
[0m[1m[32m	0000 1... = Data Element Type:[0m[1m Unsigned Integer (1)
[0m[1m[32m	0011 0... = Data Element Type:[0m[1m Sequence (6)
[0m[1m[32m	0001 1... = Data Element Type:[0m[1m UUID (3)
[0m[1m[32m	0000 1... = Data Element Type:[0m[1m Unsigned Integer (1)
[0m[1m[32m	0000 1... = Data Element Type:[0m[1m Unsigned Integer (1)
[0m[1m[32m	0011 0... = Data Element Type:[0m[1m Sequence (6)
[0m[1m[32m	0011 0... = Data Element Type:[0m[1m Sequence (6)
[0m[1m[32m	0001 1... = Data Element Type:[0m[1m UUID (3)
[0m[1m[32m	0000 1... = Data Element Type:[0m[1m Unsigned Integer (1)
[0m[1m[32m	0000 1... = Data Element Type:[0m[1m Unsigned Integer (1)
[0m[1m[32m	0000 1... = Data Element Type:[0m[1m Unsigned Integer (1)
[0m[1m[32m	0011 0... = Data Element Type:[0m[1m Sequence (6)
[0m[1m[32m	0000 1... = Data Element Type:[0m[1m Unsigned Integer (1)
[0m[1m[32m	0000 1... = Data Element Type:[0m[1m Unsigned Integer (1)
[0m[1m[32m	0000 1... = Data Element Type:[0m[1m Unsigned Integer (1)
[0m[1m[32m	0011 0... = Data Element Type:[0m[1m Sequence (6)
[0m[1m[32m	0001 1... = Data Element Type:[0m[1m UUID (3)
[0m[1m[32m	0000 1... = Data Element Type:[0m[1m Unsigned Integer (1)
[0m[1m[32m	0011 0... = Data Element Type:[0m[1m Sequence (6)
[0m[1m[32m	0011 0... = Data Element Type:[0m[1m Sequence (6)
[0m[1m[32m	0001 1... = Data Element Type:[0m[1m UUID (3)
[0m[1m[32m	0000 1... = Data Element Type:[0m[1m Unsigned Integer (1)
[0m[1m[32m	0011 0... = Data Element Type:[0m[1m Sequence (6)
[0m[1m[32m	0001 1... = Data Element Type:[0m[1m UUID (3)
[0m[1m[32m	0000 1... = Data Element Type:[0m[1m Unsigned Integer (1)
[0m[1m[32m	0000 1... = Data Element Type:[0m[1m Unsigned Integer (1)
[0m[1m[32m	0011 0... = Data Element Type:[0m[1m Sequence (6)
[0m[1m[32m	0011 0... = Data Element Type:[0m[1m Sequence (6)
[0m[1m[32m	0001 1... = Data Element Type:[0m[1m UUID (3)
[0m[1m[32m	0000 1... = Data Element Type:[0m[1m Unsigned Integer (1)
[0m[1m[32m	0000 1... = Data Element Type:[0m[1m Unsigned Integer (1)
[0m[1m[32m	0000 1... = Data Element Type:[0m[1m Unsigned Integer (1)
[0m[1m[32m	0011 0... = Data Element Type:[0m[1m Sequence (6)
[0m[1m[32m	0000 1... = Data Element Type:[0m[1m Unsigned Integer (1)
[0m[1m[32m	0000 1... = Data Element Type:[0m[1m Unsigned Integer (1)
[0m[1m[32m	0000 1... = Data Element Type:[0m[1m Unsigned Integer (1)
[0m[1m[32m	0011 0... = Data Element Type:[0m[1m Sequence (6)
[0m[1m[32m	0001 1... = Data Element Type:[0m[1m UUID (3)
[0m[1m[32m	0001 1... = Data Element Type:[0m[1m UUID (3)
[0m[1m[32m	0000 1... = Data Element Type:[0m[1m Unsigned Integer (1)
[0m[1m[32m	0011 0... = Data Element Type:[0m[1m Sequence (6)
[0m[1m[32m	0011 0... = Data Element Type:[0m[1m Sequence (6)
[0m[1m[32m	0001 1... = Data Element Type:[0m[1m UUID (3)
[0m[1m[32m	0011 0... = Data Element Type:[0m[1m Sequence (6)
[0m[1m[32m	0001 1... = Data Element Type:[0m[1m UUID (3)
[0m[1m[32m	0000 1... = Data Element Type:[0m[1m Unsigned Integer (1)
[0m[1m[32m	0000 1... = Data Element Type:[0m[1m Unsigned Integer (1)
[0m[1m[32m	0011 0... = Data Element Type:[0m[1m Sequence (6)
[0m[1m[32m	0011 0... = Data Element Type:[0m[1m Sequence (6)
[0m[1m[32m	0001 1... = Data Element Type:[0m[1m UUID (3)
[0m[1m[32m	0000 1... = Data Element Type:[0m[1m Unsigned Integer (1)
[0m[1m[32m	0000 1... = Data Element Type:[0m[1m Unsigned Integer (1)
[0m[1m[32m	0000 1... = Data Element Type:[0m[1m Unsigned Integer (1)
[0m[1m[32m	0000 1... = Data Element Type:[0m[1m Unsigned Integer (1)
[0m[1m[32m	0010 0... = Data Element Type:[0m[1m Text string (4)
[0m[1m[32m	0011 0... = Data Element Type:[0m[1m Sequence (6)
[0m[1m[32m	0000 1... = Data Element Type:[0m[1m Unsigned Integer (1)
[0m[1m[32m	0000 1... = Data Element Type:[0m[1m Unsigned Integer (1)
[0m[1m[32m	0000 1... = Data Element Type:[0m[1m Unsigned Integer (1)
[0m[1m[32m	0011 0... = Data Element Type:[0m[1m Sequence (6)
[0m[1m[32m	0001 1... = Data Element Type:[0m[1m UUID (3)
[0m[1m[32m	0000 1... = Data Element Type:[0m[1m Unsigned Integer (1)
[0m[1m[32m	0011 0... = Data Element Type:[0m[1m Sequence (6)
[0m[1m[32m	0011 0... = Data Element Type:[0m[1m Sequence (6)
[0m[1m[32m	0001 1... = Data Element Type:[0m[1m UUID (3)
[0m[1m[32m	0011 0... = Data Element Type:[0m[1m Sequence (6)
[0m[1m[32m	0001 1... = Data Element Type:[0m[1m UUID (3)
[0m[1m[32m	0000 1... = Data Element Type:[0m[1m Unsigned Integer (1)
[0m[1m[32m	0000 1... = Data Element Type:[0m[1m Unsigned Integer (1)
[0m[1m[32m	0011 0... = Data Element Type:[0m[1m Sequence (6)
[0m[1m[32m	0011 0... = Data Element Type:[0m[1m Sequence (6)
[0m[1m[32m	0001 1... = Data Element Type:[0m[1m UUID (3)
[0m[1m[32m	0000 1... = Data Element Type:[0m[1m Unsigned Integer (1)
[0m[1m[32m	0000 1... = Data Element Type:[0m[1m Unsigned Integer (1)
[0m[1m[32m	0010 0... = Data Element Type:[0m[1m Text string (4)
[0m[1m[32m	0011 0... = Data Element Type:[0m[1m Sequence (6)
[0m[1m[32m	0000 1... = Data Element Type:[0m[1m Unsigned Integer (1)
[0m[1m[32m	0000 1... = Data Element Type:[0m[1m Unsigned Integer (1)
[0m[1m[32m	0000 1... = Data Element Type:[0m[1m Unsigned Integer (1)
[0m[1m[32m	0011 0... = Data Element Type:[0m[1m Sequence (6)
[0m[1m[32m	0001 1... = Data Element Type:[0m[1m UUID (3)
[0m[1m[32m	0000 1... = Data Element Type:[0m[1m Unsigned Integer (1)
[0m[1m[32m	0011 0... = Data Element Type:[0m[1m Sequence (6)
[0m[1m[32m	0011 0... = Data Element Type:[0m[1m Sequence (6)
[0m[1m[32m	0001 1... = Data Element Type:[0m[1m UUID (3)
[0m[1m[32m	0011 0... = Data Element Type:[0m[1m Sequence (6)
[0m[1m[32m	0001 1... = Data Element Type:[0m[1m UUID (3)
[0m[1m[32m	0000 1... = Data Element Type:[0m[1m Unsigned Integer (1)
[0m[1m[32m	0000 1... = Data Element Type:[0m[1m Unsigned Integer (1)
[0m[1m[32m	0011 0... = Data Element Type:[0m[1m Sequence (6)
[0m[1m[32m	0011 0... = Data Element Type:[0m[1m Sequence (6)
[0m[1m[32m	0001 1... = Data Element Type:[0m[1m UUID (3)
[0m[1m[32m	0000 1... = Data Element Type:[0m[1m Unsigned Integer (1)
[0m[1m[32m	0000 1... = Data Element Type:[0m[1m Unsigned Integer (1)
[0m[1m[32m	0010 0... = Data Element Type:[0m[1m Text string (4)
[0m[1m[32m	0011 0... = Data Element Type:[0m[1m Sequence (6)
[0m[1m[32m	0000 1... = Data Element Type:[0m[1m Unsigned Integer (1)
[0m[1m[32m	0000 1... = Data Element Type:[0m[1m Unsigned Integer (1)
[0m[1m[32m	0000 1... = Data Element Type:[0m[1m Unsigned Integer (1)
[0m[1m[32m	0011 0... = Data Element Type:[0m[1m Sequence (6)
[0m[1m[32m	0001 1... = Data Element Type:[0m[1m UUID (3)
[0m[1m[32m	0000 1... = Data Element Type:[0m[1m Unsigned Integer (1)
[0m[1m[32m	0011 0... = Data Element Type:[0m[1m Sequence (6)
[0m[1m[32m	0011 0... = Data Element Type:[0m[1m Sequence (6)
[0m[1m[32m	0001 1... = Data Element Type:[0m[1m UUID (3)
[0m[1m[32m	0011 0... = Data Element Type:[0m[1m Sequence (6)
[0m[1m[32m	0001 1... = Data Element Type:[0m[1m UUID (3)
[0m[1m[32m	0000 1... = Data Element Type:[0m[1m Unsigned Integer (1)
[0m[1m[32m	0000 1... = Data Element Type:[0m[1m Unsigned Integer (1)
[0m[1m[32m	0011 0... = Data Element Type:[0m[1m Sequence (6)
[0m[1m[32m	0011 0... = Data Element Type:[0m[1m Sequence (6)
[0m[1m[32m	0001 1... = Data Element Type:[0m[1m UUID (3)
[0m[1m[32m	0000 1... = Data Element Type:[0m[1m Unsigned Integer (1)
[0m[1m[32m	0000 1... = Data Element Type:[0m[1m Unsigned Integer (1)
[0m[1m[32m	0010 0... = Data Element Type:[0m[1m Text string (4)
[0m[1m[32m	0011 0... = Data Element Type:[0m[1m Sequence (6)
[0m[1m[32m	0000 1... = Data Element Type:[0m[1m Unsigned Integer (1)
[0m[1m[32m	0000 1... = Data Element Type:[0m[1m Unsigned Integer (1)
[0m[1m[32m	0000 1... = Data Element Type:[0m[1m Unsigned Integer (1)
[0m[1m[32m	0011 0... = Data Element Type:[0m[1m Sequence (6)
[0m[1m[32m	0001 1... = Data Element Type:[0m[1m UUID (3)
[0m[1m[32m	0000 1... = Data Element Type:[0m[1m Unsigned Integer (1)
[0m[1m[32m	0011 0... = Data Element Type:[0m[1m Sequence (6)
[0m[1m[32m	0011 0... = Data Element Type:[0m[1m Sequence (6)
[0m[1m[32m	0001 1... = Data Element Type:[0m[1m UUID (3)
[0m[1m[32m	0011 0... = Data Element Type:[0m[1m Sequence (6)
[0m[1m[32m	0001 1... = Data Element Type:[0m[1m UUID (3)
[0m[1m[32m	0000 1... = Data Element Type:[0m[1m Unsigned Integer (1)
[0m[1m[32m	0000 1... = Data Element Type:[0m[1m Unsigned Integer (1)
[0m[1m[32m	0011 0... = Data Element Type:[0m[1m Sequence (6)
[0m[1m[32m	0011 0... = Data Element Type:[0m[1m Sequence (6)
[0m[1m[32m	0001 1... = Data Element Type:[0m[1m UUID (3)
[0m[1m[32m	0000 1... = Data Element Type:[0m[1m Unsigned Integer (1)
[0m[1m[32m	0000 1... = Data Element Type:[0m[1m Unsigned Integer (1)
[0m[1m[32m	0010 0... = Data Element Type:[0m[1m Text string (4)
[0m[1m[32m	.... .110 = Data Element Size:[0m[1m uint16 (6)
[0m[1m[32m	.... .001 = Data Element Size:[0m[1m 2 bytes (1)
[0m[1m[32m	.... .010 = Data Element Size:[0m[1m 4 bytes (2)
[0m[1m[32m	.... .001 = Data Element Size:[0m[1m 2 bytes (1)
[0m[1m[32m	.... .110 = Data Element Size:[0m[1m uint16 (6)
[0m[1m[32m	.... .001 = Data Element Size:[0m[1m 2 bytes (1)
[0m[1m[32m	.... .001 = Data Element Size:[0m[1m 2 bytes (1)
[0m[1m[32m	.... .110 = Data Element Size:[0m[1m uint16 (6)
[0m[1m[32m	.... .110 = Data Element Size:[0m[1m uint16 (6)
[0m[1m[32m	.... .001 = Data Element Size:[0m[1m 2 bytes (1)
[0m[1m[32m	.... .001 = Data Element Size:[0m[1m 2 bytes (1)
[0m[1m[32m	.... .110 = Data Element Size:[0m[1m uint16 (6)
[0m[1m[32m	.... .001 = Data Element Size:[0m[1m 2 bytes (1)
[0m[1m[32m	.... .001 = Data Element Size:[0m[1m 2 bytes (1)
[0m[1m[32m	.... .001 = Data Element Size:[0m[1m 2 bytes (1)
[0m[1m[32m	.... .110 = Data Element Size:[0m[1m uint16 (6)
[0m[1m[32m	.... .110 = Data Element Size:[0m[1m uint16 (6)
[0m[1m[32m	.... .001 = Data Element Size:[0m[1m 2 bytes (1)
[0m[1m[32m	.... .001 = Data Element Size:[0m[1m 2 bytes (1)
[0m[1m[32m	.... .001 = Data Element Size:[0m[1m 2 bytes (1)
[0m[1m[32m	.... .001 = Data Element Size:[0m[1m 2 bytes (1)
[0m[1m[32m	.... .001 = Data Element Size:[0m[1m 2 bytes (1)
[0m[1m[32m	.... .101 = Data Element Size:[0m[1m uint8 (5)
[0m[1m[32m	.... .110 = Data Element Size:[0m[1m uint16 (6)
[0m[1m[32m	.... .001 = Data Element Size:[0m[1m 2 bytes (1)
[0m[1m[32m	.... .010 = Data Element Size:[0m[1m 4 bytes (2)
[0m[1m[32m	.... .001 = Data Element Size:[0m[1m 2 bytes (1)
[0m[1m[32m	.... .110 = Data Element Size:[0m[1m uint16 (6)
[0m[1m[32m	.... .001 = Data Element Size:[0m[1m 2 bytes (1)
[0m[1m[32m	.... .001 = Data Element Size:[0m[1m 2 bytes (1)
[0m[1m[32m	.... .001 = Data Element Size:[0m[1m 2 bytes (1)
[0m[1m[32m	.... .110 = Data Element Size:[0m[1m uint16 (6)
[0m[1m[32m	.... .110 = Data Element Size:[0m[1m uint16 (6)
[0m[1m[32m	.... .001 = Data Element Size:[0m[1m 2 bytes (1)
[0m[1m[32m	.... .001 = Data Element Size:[0m[1m 2 bytes (1)
[0m[1m[32m	.... .110 = Data Element Size:[0m[1m uint16 (6)
[0m[1m[32m	.... .001 = Data Element Size:[0m[1m 2 bytes (1)
[0m[1m[32m	.... .001 = Data Element Size:[0m[1m 2 bytes (1)
[0m[1m[32m	.... .001 = Data Element Size:[0m[1m 2 bytes (1)
[0m[1m[32m	.... .110 = Data Element Size:[0m[1m uint16 (6)
[0m[1m[32m	.... .110 = Data Element Size:[0m[1m uint16 (6)
[0m[1m[32m	.... .001 = Data Element Size:[0m[1m 2 bytes (1)
[0m[1m[32m	.... .001 = Data Element Size:[0m[1m 2 bytes (1)
[0m[1m[32m	.... .001 = Data Element Size:[0m[1m 2 bytes (1)
[0m[1m[32m	.... .001 = Data Element Size:[0m[1m 2 bytes (1)
[0m[1m[32m	.... .110 = Data Element Size:[0m[1m uint16 (6)
[0m[1m[32m	.... .001 = Data Element Size:[0m[1m 2 bytes (1)
[0m[1m[32m	.... .010 = Data Element Size:[0m[1m 4 bytes (2)
[0m[1m[32m	.... .001 = Data Element Size:[0m[1m 2 bytes (1)
[0m[1m[32m	.... .110 = Data Element Size:[0m[1m uint16 (6)
[0m[1m[32m	.... .001 = Data Element Size:[0m[1m 2 bytes (1)
[0m[1m[32m	.... .001 = Data Element Size:[0m[1m 2 bytes (1)
[0m[1m[32m	.... .110 = Data Element Size:[0m[1m uint16 (6)
[0m[1m[32m	.... .110 = Data Element Size:[0m[1m uint16 (6)
[0m[1m[32m	.... .001 = Data Element Size:[0m[1m 2 bytes (1)
[0m[1m[32m	.... .001 = Data Element Size:[0m[1m 2 bytes (1)
[0m[1m[32m	.... .110 = Data Element Size:[0m[1m uint16 (6)
[0m[1m[32m	.... .001 = Data Element Size:[0m[1m 2 bytes (1)
[0m[1m[32m	.... .001 = Data Element Size:[0m[1m 2 bytes (1)
[0m[1m[32m	.... .001 = Data Element Size:[0m[1m 2 bytes (1)
[0m[1m[32m	.... .110 = Data Element Size:[0m[1m uint16 (6)
[0m[1m[32m	.... .110 = Data Element Size:[0m[1m uint16 (6)
[0m[1m[32m	.... .001 = Data Element Size:[0m[1m 2 bytes (1)
[0m[1m[32m	.... .001 = Data Element Size:[0m[1m 2 bytes (1)
[0m[1m[32m	.... .001 = Data Element Size:[0m[1m 2 bytes (1)
[0m[1m[32m	.... .001 = Data Element Size:[0m[1m 2 bytes (1)
[0m[1m[32m	.... .110 = Data Element Size:[0m[1m uint16 (6)
[0m[1m[32m	.... .001 = Data Element Size:[0m[1m 2 bytes (1)
[0m[1m[32m	.... .010 = Data Element Size:[0m[1m 4 bytes (2)
[0m[1m[32m	.... .001 = Data Element Size:[0m[1m 2 bytes (1)
[0m[1m[32m	.... .110 = Data Element Size:[0m[1m uint16 (6)
[0m[1m[32m	.... .001 = Data Element Size:[0m[1m 2 bytes (1)
[0m[1m[32m	.... .001 = Data Element Size:[0m[1m 2 bytes (1)
[0m[1m[32m	.... .001 = Data Element Size:[0m[1m 2 bytes (1)
[0m[1m[32m	.... .110 = Data Element Size:[0m[1m uint16 (6)
[0m[1m[32m	.... .110 = Data Element Size:[0m[1m uint16 (6)
[0m[1m[32m	.... .001 = Data Element Size:[0m[1m 2 bytes (1)
[0m[1m[32m	.... .110 = Data Element Size:[0m[1m uint16 (6)
[0m[1m[32m	.... .001 = Data Element Size:[0m[1m 2 bytes (1)
[0m[1m[32m	.... .000 = Data Element Size:[0m[1m 1 byte (0 bytes if Nil) (0)
[0m[1m[32m	.... .001 = Data Element Size:[0m[1m 2 bytes (1)
[0m[1m[32m	.... .110 = Data Element Size:[0m[1m uint16 (6)
[0m[1m[32m	.... .110 = Data Element Size:[0m[1m uint16 (6)
[0m[1m[32m	.... .001 = Data Element Size:[0m[1m 2 bytes (1)
[0m[1m[32m	.... .001 = Data Element Size:[0m[1m 2 bytes (1)
[0m[1m[32m	.... .001 = Data Element Size:[0m[1m 2 bytes (1)
[0m[1m[32m	.... .001 = Data Element Size:[0m[1m 2 bytes (1)
[0m[1m[32m	.... .001 = Data Element Size:[0m[1m 2 bytes (1)
[0m[1m[32m	.... .101 = Data Element Size:[0m[1m uint8 (5)
[0m[1m[32m	.... .110 = Data Element Size:[0m[1m uint16 (6)
[0m[1m[32m	.... .001 = Data Element Size:[0m[1m 2 bytes (1)
[0m[1m[32m	.... .010 = Data Element Size:[0m[1m 4 bytes (2)
[0m[1m[32m	.... .001 = Data Element Size:[0m[1m 2 bytes (1)
[0m[1m[32m	.... .110 = Data Element Size:[0m[1m uint16 (6)
[0m[1m[32m	.... .100 = Data Element Size:[0m[1m 16 bytes (4)
[0m[1m[32m	.... .001 = Data Element Size:[0m[1m 2 bytes (1)
[0m[1m[32m	.... .110 = Data Element Size:[0m[1m uint16 (6)
[0m[1m[32m	.... .110 = Data Element Size:[0m[1m uint16 (6)
[0m[1m[32m	.... .001 = Data Element Size:[0m[1m 2 bytes (1)
[0m[1m[32m	.... .110 = Data Element Size:[0m[1m uint16 (6)
[0m[1m[32m	.... .001 = Data Element Size:[0m[1m 2 bytes (1)
[0m[1m[32m	.... .000 = Data Element Size:[0m[1m 1 byte (0 bytes if Nil) (0)
[0m[1m[32m	.... .001 = Data Element Size:[0m[1m 2 bytes (1)
[0m[1m[32m	.... .110 = Data Element Size:[0m[1m uint16 (6)
[0m[1m[32m	.... .110 = Data Element Size:[0m[1m uint16 (6)
[0m[1m[32m	.... .100 = Data Element Size:[0m[1m 16 bytes (4)
[0m[1m[32m	.... .001 = Data Element Size:[0m[1m 2 bytes (1)
[0m[1m[32m	.... .001 = Data Element Size:[0m[1m 2 bytes (1)
[0m[1m[32m	.... .101 = Data Element Size:[0m[1m uint8 (5)
[0m[1m[32m	.... .110 = Data Element Size:[0m[1m uint16 (6)
[0m[1m[32m	.... .001 = Data Element Size:[0m[1m 2 bytes (1)
[0m[1m[32m	.... .010 = Data Element Size:[0m[1m 4 bytes (2)
[0m[1m[32m	.... .001 = Data Element Size:[0m[1m 2 bytes (1)
[0m[1m[32m	.... .110 = Data Element Size:[0m[1m uint16 (6)
[0m[1m[32m	.... .100 = Data Element Size:[0m[1m 16 bytes (4)
[0m[1m[32m	.... .001 = Data Element Size:[0m[1m 2 bytes (1)
[0m[1m[32m	.... .110 = Data Element Size:[0m[1m uint16 (6)
[0m[1m[32m	.... .110 = Data Element Size:[0m[1m uint16 (6)
[0m[1m[32m	.... .001 = Data Element Size:[0m[1m 2 bytes (1)
[0m[1m[32m	.... .110 = Data Element Size:[0m[1m uint16 (6)
[0m[1m[32m	.... .001 = Data Element Size:[0m[1m 2 bytes (1)
[0m[1m[32m	.... .000 = Data Element Size:[0m[1m 1 byte (0 bytes if Nil) (0)
[0m[1m[32m	.... .001 = Data Element Size:[0m[1m 2 bytes (1)
[0m[1m[32m	.... .110 = Data Element Size:[0m[1m uint16 (6)
[0m[1m[32m	.... .110 = Data Element Size:[0m[1m uint16 (6)
[0m[1m[32m	.... .100 = Data Element Size:[0m[1m 16 bytes (4)
[0m[1m[32m	.... .001 = Data Element Size:[0m[1m 2 bytes (1)
[0m[1m[32m	.... .001 = Data Element Size:[0m[1m 2 bytes (1)
[0m[1m[32m	.... .101 = Data Element Size:[0m[1m uint8 (5)
[0m[1m[32m	.... .110 = Data Element Size:[0m[1m uint16 (6)
[0m[1m[32m	.... .001 = Data Element Size:[0m[1m 2 bytes (1)
[0m[1m[32m	.... .010 = Data Element Size:[0m[1m 4 bytes (2)
[0m[1m[32m	.... .001 = Data Element Size:[0m[1m 2 bytes (1)
[0m[1m[32m	.... .110 = Data Element Size:[0m[1m uint16 (6)
[0m[1m[32m	.... .100 = Data Element Size:[0m[1m 16 bytes (4)
[0m[1m[32m	.... .001 = Data Element Size:[0m[1m 2 bytes (1)
[0m[1m[32m	.... .110 = Data Element Size:[0m[1m uint16 (6)
[0m[1m[32m	.... .110 = Data Element Size:[0m[1m uint16 (6)
[0m[1m[32m	.... .001 = Data Element Size:[0m[1m 2 bytes (1)
[0m[1m[32m	.... .110 = Data Element Size:[0m[1m uint16 (6)
[0m[1m[32m	.... .001 = Data Element Size:[0m[1m 2 bytes (1)
[0m[1m[32m	.... .000 = Data Element Size:[0m[1m 1 byte (0 bytes if Nil) (0)
[0m[1m[32m	.... .001 = Data Element Size:[0m[1m 2 bytes (1)
[0m[1m[32m	.... .110 = Data Element Size:[0m[1m uint16 (6)
[0m[1m[32m	.... .110 = Data Element Size:[0m[1m uint16 (6)
[0m[1m[32m	.... .100 = Data Element Size:[0m[1m 16 bytes (4)
[0m[1m[32m	.... .001 = Data Element Size:[0m[1m 2 bytes (1)
[0m[1m[32m	.... .001 = Data Element Size:[0m[1m 2 bytes (1)
[0m[1m[32m	.... .101 = Data Element Size:[0m[1m uint8 (5)
[0m[1m[32m	.... .110 = Data Element Size:[0m[1m uint16 (6)
[0m[1m[32m	.... .001 = Data Element Size:[0m[1m 2 bytes (1)
[0m[1m[32m	.... .010 = Data Element Size:[0m[1m 4 bytes (2)
[0m[1m[32m	.... .001 = Data Element Size:[0m[1m 2 bytes (1)
[0m[1m[32m	.... .110 = Data Element Size:[0m[1m uint16 (6)
[0m[1m[32m	.... .001 = Data Element Size:[0m[1m 2 bytes (1)
[0m[1m[32m	.... .001 = Data Element Size:[0m[1m 2 bytes (1)
[0m[1m[32m	.... .110 = Data Element Size:[0m[1m uint16 (6)
[0m[1m[32m	.... .110 = Data Element Size:[0m[1m uint16 (6)
[0m[1m[32m	.... .001 = Data Element Size:[0m[1m 2 bytes (1)
[0m[1m[32m	.... .110 = Data Element Size:[0m[1m uint16 (6)
[0m[1m[32m	.... .001 = Data Element Size:[0m[1m 2 bytes (1)
[0m[1m[32m	.... .000 = Data Element Size:[0m[1m 1 byte (0 bytes if Nil) (0)
[0m[1m[32m	.... .001 = Data Element Size:[0m[1m 2 bytes (1)
[0m[1m[32m	.... .110 = Data Element Size:[0m[1m uint16 (6)
[0m[1m[32m	.... .110 = Data Element Size:[0m[1m uint16 (6)
[0m[1m[32m	.... .001 = Data Element Size:[0m[1m 2 bytes (1)
[0m[1m[32m	.... .001 = Data Element Size:[0m[1m 2 bytes (1)
[0m[1m[32m	.... .001 = Data Element Size:[0m[1m 2 bytes (1)
[0m[1m[32m	.... .101 = Data Element Size:[0m[1m uint8 (5)
[0m[1m[32m	Data Element Var Size:[0m[1m 74
[0m[1m[32m	Data Element Var Size:[0m[1m 3
[0m[1m[32m	Data Element Var Size:[0m[1m 18
[0m[1m[32m	Data Element Var Size:[0m[1m 6
[0m[1m[32m	Data Element Var Size:[0m[1m 6
[0m[1m[32m	Data Element Var Size:[0m[1m 9
[0m[1m[32m	Data Element Var Size:[0m[1m 6
[0m[1m[32m	Data Element Var Size:[0m[1m 7
[0m[1m[32m	Data Element Var Size:[0m[1m 65
[0m[1m[32m	Data Element Var Size:[0m[1m 6
[0m[1m[32m	Data Element Var Size:[0m[1m 18
[0m[1m[32m	Data Element Var Size:[0m[1m 6
[0m[1m[32m	Data Element Var Size:[0m[1m 6
[0m[1m[32m	Data Element Var Size:[0m[1m 9
[0m[1m[32m	Data Element Var Size:[0m[1m 6
[0m[1m[32m	Data Element Var Size:[0m[1m 62
[0m[1m[32m	Data Element Var Size:[0m[1m 3
[0m[1m[32m	Data Element Var Size:[0m[1m 18
[0m[1m[32m	Data Element Var Size:[0m[1m 6
[0m[1m[32m	Data Element Var Size:[0m[1m 6
[0m[1m[32m	Data Element Var Size:[0m[1m 9
[0m[1m[32m	Data Element Var Size:[0m[1m 6
[0m[1m[32m	Data Element Var Size:[0m[1m 72
[0m[1m[32m	Data Element Var Size:[0m[1m 6
[0m[1m[32m	Data Element Var Size:[0m[1m 14
[0m[1m[32m	Data Element Var Size:[0m[1m 3
[0m[1m[32m	Data Element Var Size:[0m[1m 5
[0m[1m[32m	Data Element Var Size:[0m[1m 9
[0m[1m[32m	Data Element Var Size:[0m[1m 6
[0m[1m[32m	Data Element Var Size:[0m[1m 6
[0m[1m[32m	Data Element Var Size:[0m[1m 91
[0m[1m[32m	Data Element Var Size:[0m[1m 17
[0m[1m[32m	Data Element Var Size:[0m[1m 14
[0m[1m[32m	Data Element Var Size:[0m[1m 3
[0m[1m[32m	Data Element Var Size:[0m[1m 5
[0m[1m[32m	Data Element Var Size:[0m[1m 23
[0m[1m[32m	Data Element Var Size:[0m[1m 20
[0m[1m[32m	Data Element Var Size:[0m[1m 6
[0m[1m[32m	Data Element Var Size:[0m[1m 91
[0m[1m[32m	Data Element Var Size:[0m[1m 17
[0m[1m[32m	Data Element Var Size:[0m[1m 14
[0m[1m[32m	Data Element Var Size:[0m[1m 3
[0m[1m[32m	Data Element Var Size:[0m[1m 5
[0m[1m[32m	Data Element Var Size:[0m[1m 23
[0m[1m[32m	Data Element Var Size:[0m[1m 20
[0m[1m[32m	Data Element Var Size:[0m[1m 6
[0m[1m[32m	Data Element Var Size:[0m[1m 91
[0m[1m[32m	Data Element Var Size:[0m[1m 17
[0m[1m[32m	Data Element Var Size:[0m[1m 14
[0m[1m[32m	Data Element Var Size:[0m[1m 3
[0m[1m[32m	Data Element Var Size:[0m[1m 5
[0m[1m[32m	Data Element Var Size:[0m[1m 23
[0m[1m[32m	Data Element Var Size:[0m[1m 20
[0m[1m[32m	Data Element Var Size:[0m[1m 6
[0m[1m[32m	Data Element Var Size:[0m[1m 63
[0m[1m[32m	Data Element Var Size:[0m[1m 3
[0m[1m[32m	Data Element Var Size:[0m[1m 14
[0m[1m[32m	Data Element Var Size:[0m[1m 3
[0m[1m[32m	Data Element Var Size:[0m[1m 5
[0m[1m[32m	Data Element Var Size:[0m[1m 9
[0m[1m[32m	Data Element Var Size:[0m[1m 6
[0m[1m[32m	Data Element Var Size:[0m[1m 6
[0m[1m	Data Value
[0m[1m	Data Value
[0m[1m	Data Value
[0m[1m	Data Value
[0m[1m	Data Value
[0m[1m	Data Value
[0m[1m	Data Value
[0m[1m	Data Value
[0m[1m	Data Value
[0m[1m	Data Value
[0m[1m	Data Value
[0m[1m	Data Value
[0m[1m	Data Value
[0m[1m	Data Value
[0m[1m	Data Value
[0m[1m	Data Value
[0m[1m	Data Value
[0m[1m	Data Value
[0m[1m	Data Value
[0m[1m	Data Value
[0m[1m	Data Value
[0m[1m	Data Value
[0m[1m	Data Value
[0m[1m	Data Value
[0m[1m	Data Value
[0m[1m	Data Value
[0m[1m	Data Value
[0m[1m	Data Value
[0m[1m	Data Value
[0m[1m	Data Value
[0m[1m	Data Value
[0m[1m	Data Value
[0m[1m	Data Value
[0m[1m	Data Value
[0m[1m	Data Value
[0m[1m	Data Value
[0m[1m	Data Value
[0m[1m	Data Value
[0m[1m	Data Value
[0m[1m	Data Value
[0m[1m	Data Value
[0m[1m	Data Value
[0m[1m	Data Value
[0m[1m	Data Value
[0m[1m	Data Value
[0m[1m	Data Value
[0m[1m	Data Value
[0m[1m	Data Value
[0m[1m	Data Value
[0m[1m	Data Value
[0m[1m	Data Value
[0m[1m	Data Value
[0m[1m	Data Value
[0m[1m	Data Value
[0m[1m	Data Value
[0m[1m	Data Value
[0m[1m	Data Value
[0m[1m	Data Value
[0m[1m	Data Value
[0m[1m	Data Value
[0m[1m	Data Value
[0m[1m	Data Value
[0m[1m	Data Value
[0m[1m	Data Value
[0m[1m	Data Value
[0m[1m	Data Value
[0m[1m	Data Value
[0m[1m	Data Value
[0m[1m	Data Value
[0m[1m	Data Value
[0m[1m	Data Value
[0m[1m	Data Value
[0m[1m	Data Value
[0m[1m	Data Value
[0m[1m	Data Value
[0m[1m	Data Value
[0m[1m	Data Value
[0m[1m	Data Value
[0m[1m	Data Value
[0m[1m	Data Value
[0m[1m	Data Value
[0m[1m	Data Value
[0m[1m	Data Value
[0m[1m	Data Value
[0m[1m	Data Value
[0m[1m	Data Value
[0m[1m	Data Value
[0m[1m	Data Value
[0m[1m	Data Value
[0m[1m	Data Value
[0m[1m	Data Value
[0m[1m	Data Value
[0m[1m	Data Value
[0m[1m	Data Value
[0m[1m	Data Value
[0m[1m	Data Value
[0m[1m	Data Value
[0m[1m	Data Value
[0m[1m	Data Value
[0m[1m	Data Value
[0m[1m	Data Value
[0m[1m	Data Value
[0m[1m	Data Value
[0m[1m	Data Value
[0m[1m	Data Value
[0m[1m	Data Value
[0m[1m	Data Value
[0m[1m	Data Value
[0m[1m	Data Value
[0m[1m	Data Value
[0m[1m	Data Value
[0m[1m	Data Value
[0m[1m	Data Value
[0m[1m	Data Value
[0m[1m	Data Value
[0m[1m	Data Value
[0m[1m	Data Value
[0m[1m	Data Value
[0m[1m	Data Value
[0m[1m	Data Value
[0m[1m	Data Value
[0m[1m	Data Value
[0m[1m	Data Value
[0m[1m	Data Value
[0m[1m	Data Value
[0m[1m	Data Value
[0m[1m	Data Value
[0m[1m	Data Value
[0m[1m	Data Value
[0m[1m	Data Value
[0m[1m	Data Value
[0m[1m	Data Value
[0m[1m	Data Value
[0m[1m	Data Value
[0m[1m	Data Value
[0m[1m	Data Value
[0m[1m	Data Value
[0m[1m	Data Value
[0m[1m	Data Value
[0m[1m	Data Value
[0m[1m	Data Value
[0m[1m	Data Value
[0m[1m	Data Value
[0m[1m	Data Value
[0m[1m	Data Value
[0m[1m	Data Value
[0m[1m	Data Value
[0m[1m	Data Value
[0m[1m	Data Value
[0m[1m	Data Value
[0m[1m	Data Value
[0m[1m	Data Value
[0m[1m	Data Value
[0m[1m	Data Value
[0m[1m	Data Value
[0m[1m	Data Value
[0m[1m	Data Value
[0m[1m	Data Value
[0m[1m	Data Value
[0m[1m	Data Value
[0m[1m	Data Value
[0m[1m	Data Value
[0m[1m	Data Value
[0m[1m	Data Value
[0m[1m	Data Value
[0m[1m	Data Value
[0m[1m	Data Value
[0m[1m	Data Value
[0m[1m	Data Value
[0m[1m	Attribute List [count =  5] (A/V Remote Control)
[0m[1m	Attribute List [count =  5] (A/V Remote Control Target)
[0m[1m	Attribute List [count =  6] (Hands-Free)
[0m[1m[32m	Attribute List [count =  5] (CustomUUID:[0m[1m Unknown)
[0m[1m	Attribute List [count =  5] (Serial Port)
[0m[1m[32m	Attribute List [count =  5] (CustomUUID:[0m[1m Unknown)
[0m[1m	Attribute List [count =  5] (Serial Port)
[0m[1m[32m	Service Attribute:[0m[1m Service Class ID List (0x1), value = Audio Sink
[0m[1m[32m	Service Attribute:[0m[1m Protocol Descriptor List (0x4), value = L2CAP:25 -> AVDTP (1.3)
[0m[1m[32m	Service Attribute:[0m[1m Bluetooth Profile Descriptor List (0x9), value = Advanced Audio Distribution 1.4
[0m[1m[32m	Service Attribute:[0m[1m (A2DP) Supported Features (0x311), value = Headphone 
[0m[1m[32m	Service Attribute:[0m[1m Service Name (0x100), value = JL_A2DP
[0m[1m[32m	Service Attribute:[0m[1m Service Record Handle (0x0), value = 0x00010002 (65538)
[0m[1m[32m	Service Attribute:[0m[1m Service Class ID List (0x1), value = A/V Remote Control -> A/V Remote Control Controller
[0m[1m[32m	Service Attribute:[0m[1m Protocol Descriptor List (0x4), value = L2CAP:23 -> AVCTP (1.4)
[0m[1m[32m	Service Attribute:[0m[1m Bluetooth Profile Descriptor List (0x9), value = A/V Remote Control 1.6
[0m[1m[32m	Service Attribute:[0m[1m (AVRCP) Supported Features (0x311), value = Category1(Player/Recorder) 
[0m[1m[32m	Service Attribute:[0m[1m Service Record Handle (0x0), value = 0x00010005 (65541)
[0m[1m[32m	Service Attribute:[0m[1m Service Class ID List (0x1), value = A/V Remote Control Target
[0m[1m[32m	Service Attribute:[0m[1m Protocol Descriptor List (0x4), value = L2CAP:23 -> AVCTP (1.4)
[0m[1m[32m	Service Attribute:[0m[1m Bluetooth Profile Descriptor List (0x9), value = A/V Remote Control 1.6
[0m[1m[32m	Service Attribute:[0m[1m (AVRCP) Supported Features (0x311), value = Category2(Monitor/Amplifier) 
[0m[1m[32m	Service Attribute:[0m[1m Service Record Handle (0x0), value = 0x00010003 (65539)
[0m[1m[32m	Service Attribute:[0m[1m Service Class ID List (0x1), value = Hands-Free -> Generic Audio
[0m[1m[32m	Service Attribute:[0m[1m Protocol Descriptor List (0x4), value = L2CAP -> RFCOMM:4
[0m[1m[32m	Service Attribute:[0m[1m Bluetooth Profile Descriptor List (0x9), value = Hands-Free 1.8
[0m[1m[32m	Service Attribute:[0m[1m (HFP HS) Supported Features (0x311), value = (EC and/or Nr Function) (Call Waiting or Three Way Calling) (CLI Presentation Capability) (Voice Recognition Activation) (Remote Volume Control) (Wide Band Speech) 
[0m[1m[32m	Service Attribute:[0m[1m Service Name (0x100), value = JL_HFP
[0m[1m[32m	Service Attribute:[0m[1m Service Record Handle (0x0), value = 0x00010039 (65593)
[0m[1m[32m	Service Attribute:[0m[1m Service Class ID List (0x1), value = Unknown
[0m[1m[32m	Service Attribute:[0m[1m Protocol Descriptor List (0x4), value = L2CAP -> RFCOMM:10
[0m[1m[32m	Service Attribute:[0m[1m Bluetooth Profile Descriptor List (0x9), value = Unknown 1.0
[0m[1m[32m	Service Attribute:[0m[1m Service Name (0x100), value = JL_SPP
[0m[1m[32m	Service Attribute:[0m[1m Service Record Handle (0x0), value = 0x00010040 (65600)
[0m[1m[32m	Service Attribute:[0m[1m Service Class ID List (0x1), value = Serial Port
[0m[1m[32m	Service Attribute:[0m[1m Protocol Descriptor List (0x4), value = L2CAP -> RFCOMM:1
[0m[1m[32m	Service Attribute:[0m[1m Bluetooth Profile Descriptor List (0x9), value = Serial Port 1.0
[0m[1m[32m	Service Attribute:[0m[1m Service Name (0x100), value = JL_SPP
[0m[1m[32m	Service Attribute:[0m[1m Service Record Handle (0x0), value = 0x00010038 (65592)
[0m[1m[32m	Service Attribute:[0m[1m Service Class ID List (0x1), value = Unknown
[0m[1m[32m	Service Attribute:[0m[1m Protocol Descriptor List (0x4), value = L2CAP -> RFCOMM:11
[0m[1m[32m	Service Attribute:[0m[1m Bluetooth Profile Descriptor List (0x9), value = Unknown 1.0
[0m[1m[32m	Service Attribute:[0m[1m Service Name (0x100), value = JL_SPP
[0m[1m[32m	Service Attribute:[0m[1m Service Record Handle (0x0), value = 0x00010004 (65540)
[0m[1m[32m	Service Attribute:[0m[1m Service Class ID List (0x1), value = Serial Port
[0m[1m[32m	Service Attribute:[0m[1m Protocol Descriptor List (0x4), value = L2CAP -> RFCOMM:1
[0m[1m[32m	Service Attribute:[0m[1m Bluetooth Profile Descriptor List (0x9), value = Serial Port 1.2
[0m[1m[32m	Service Attribute:[0m[1m Service Name (0x100), value = JL_SPP
[0m[1m[32m	Attribute ID:[0m[1m Service Class ID List
[0m[1m[32m	Attribute ID:[0m[1m Protocol Descriptor List
[0m[1m[32m	Attribute ID:[0m[1m Bluetooth Profile Descriptor List
[0m[1m[32m	Attribute ID:[0m[1m Supported Features
[0m[1m[32m	Attribute ID:[0m[1m Service Name
[0m[1m[32m	Attribute ID:[0m[1m Service Record Handle
[0m[1m[32m	Attribute ID:[0m[1m Service Class ID List
[0m[1m[32m	Attribute ID:[0m[1m Protocol Descriptor List
[0m[1m[32m	Attribute ID:[0m[1m Bluetooth Profile Descriptor List
[0m[1m[32m	Attribute ID:[0m[1m Supported Features
[0m[1m[32m	Attribute ID:[0m[1m Service Record Handle
[0m[1m[32m	Attribute ID:[0m[1m Service Class ID List
[0m[1m[32m	Attribute ID:[0m[1m Protocol Descriptor List
[0m[1m[32m	Attribute ID:[0m[1m Bluetooth Profile Descriptor List
[0m[1m[32m	Attribute ID:[0m[1m Supported Features
[0m[1m[32m	Attribute ID:[0m[1m Service Record Handle
[0m[1m[32m	Attribute ID:[0m[1m Service Class ID List
[0m[1m[32m	Attribute ID:[0m[1m Protocol Descriptor List
[0m[1m[32m	Attribute ID:[0m[1m Bluetooth Profile Descriptor List
[0m[1m[32m	Attribute ID:[0m[1m Supported Features
[0m[1m[32m	Attribute ID:[0m[1m Service Name
[0m[1m[32m	Attribute ID:[0m[1m Service Record Handle
[0m[1m[32m	Attribute ID:[0m[1m Service Class ID List
[0m[1m[32m	Attribute ID:[0m[1m Protocol Descriptor List
[0m[1m[32m	Attribute ID:[0m[1m Bluetooth Profile Descriptor List
[0m[1m[32m	Attribute ID:[0m[1m Service Name
[0m[1m[32m	Attribute ID:[0m[1m Service Record Handle
[0m[1m[32m	Attribute ID:[0m[1m Service Class ID List
[0m[1m[32m	Attribute ID:[0m[1m Protocol Descriptor List
[0m[1m[32m	Attribute ID:[0m[1m Bluetooth Profile Descriptor List
[0m[1m[32m	Attribute ID:[0m[1m Service Name
[0m[1m[32m	Attribute ID:[0m[1m Service Record Handle
[0m[1m[32m	Attribute ID:[0m[1m Service Class ID List
[0m[1m[32m	Attribute ID:[0m[1m Protocol Descriptor List
[0m[1m[32m	Attribute ID:[0m[1m Bluetooth Profile Descriptor List
[0m[1m[32m	Attribute ID:[0m[1m Service Name
[0m[1m[32m	Attribute ID:[0m[1m Service Record Handle
[0m[1m[32m	Attribute ID:[0m[1m Service Class ID List
[0m[1m[32m	Attribute ID:[0m[1m Protocol Descriptor List
[0m[1m[32m	Attribute ID:[0m[1m Bluetooth Profile Descriptor List
[0m[1m[32m	Attribute ID:[0m[1m Service Name
[0m[1m[32m	Attribute ID:[0m[1m Service Class ID List (0x0001)
[0m[1m[32m	Attribute ID:[0m[1m Protocol Descriptor List (0x0004)
[0m[1m[32m	Attribute ID:[0m[1m Bluetooth Profile Descriptor List (0x0009)
[0m[1m[32m	Attribute ID:[0m[1m Supported Features (0x0311)
[0m[1m[32m	Attribute ID:[0m[1m Service Name (0x0100)
[0m[1m[32m	Attribute ID:[0m[1m Service Record Handle (0x0000)
[0m[1m[32m	Attribute ID:[0m[1m Service Class ID List (0x0001)
[0m[1m[32m	Attribute ID:[0m[1m Protocol Descriptor List (0x0004)
[0m[1m[32m	Attribute ID:[0m[1m Bluetooth Profile Descriptor List (0x0009)
[0m[1m[32m	Attribute ID:[0m[1m Supported Features (0x0311)
[0m[1m[32m	Attribute ID:[0m[1m Service Record Handle (0x0000)
[0m[1m[32m	Attribute ID:[0m[1m Service Class ID List (0x0001)
[0m[1m[32m	Attribute ID:[0m[1m Protocol Descriptor List (0x0004)
[0m[1m[32m	Attribute ID:[0m[1m Bluetooth Profile Descriptor List (0x0009)
[0m[1m[32m	Attribute ID:[0m[1m Supported Features (0x0311)
[0m[1m[32m	Attribute ID:[0m[1m Service Record Handle (0x0000)
[0m[1m[32m	Attribute ID:[0m[1m Service Class ID List (0x0001)
[0m[1m[32m	Attribute ID:[0m[1m Protocol Descriptor List (0x0004)
[0m[1m[32m	Attribute ID:[0m[1m Bluetooth Profile Descriptor List (0x0009)
[0m[1m[32m	Attribute ID:[0m[1m Supported Features (0x0311)
[0m[1m[32m	Attribute ID:[0m[1m Service Name (0x0100)
[0m[1m[32m	Attribute ID:[0m[1m Service Record Handle (0x0000)
[0m[1m[32m	Attribute ID:[0m[1m Service Class ID List (0x0001)
[0m[1m[32m	Attribute ID:[0m[1m Protocol Descriptor List (0x0004)
[0m[1m[32m	Attribute ID:[0m[1m Bluetooth Profile Descriptor List (0x0009)
[0m[1m[32m	Attribute ID:[0m[1m Service Name (0x0100)
[0m[1m[32m	Attribute ID:[0m[1m Service Record Handle (0x0000)
[0m[1m[32m	Attribute ID:[0m[1m Service Class ID List (0x0001)
[0m[1m[32m	Attribute ID:[0m[1m Protocol Descriptor List (0x0004)
[0m[1m[32m	Attribute ID:[0m[1m Bluetooth Profile Descriptor List (0x0009)
[0m[1m[32m	Attribute ID:[0m[1m Service Name (0x0100)
[0m[1m[32m	Attribute ID:[0m[1m Service Record Handle (0x0000)
[0m[1m[32m	Attribute ID:[0m[1m Service Class ID List (0x0001)
[0m[1m[32m	Attribute ID:[0m[1m Protocol Descriptor List (0x0004)
[0m[1m[32m	Attribute ID:[0m[1m Bluetooth Profile Descriptor List (0x0009)
[0m[1m[32m	Attribute ID:[0m[1m Service Name (0x0100)
[0m[1m[32m	Attribute ID:[0m[1m Service Record Handle (0x0000)
[0m[1m[32m	Attribute ID:[0m[1m Service Class ID List (0x0001)
[0m[1m[32m	Attribute ID:[0m[1m Protocol Descriptor List (0x0004)
[0m[1m[32m	Attribute ID:[0m[1m Bluetooth Profile Descriptor List (0x0009)
[0m[1m[32m	Attribute ID:[0m[1m Service Name (0x0100)
[0m[1m	Value
[0m[1m	Value
[0m[1m	Value
[0m[1m	Value
[0m[1m	Value
[0m[1m	Value
[0m[1m	Value
[0m[1m	Value
[0m[1m	Value
[0m[1m	Value
[0m[1m	Value
[0m[1m	Value
[0m[1m	Value
[0m[1m	Value
[0m[1m	Value
[0m[1m	Value
[0m[1m	Value
[0m[1m	Value
[0m[1m	Value
[0m[1m	Value
[0m[1m	Value
[0m[1m	Value
[0m[1m	Value
[0m[1m	Value
[0m[1m	Value
[0m[1m	Value
[0m[1m	Value
[0m[1m	Value
[0m[1m	Value
[0m[1m	Value
[0m[1m	Value
[0m[1m	Value
[0m[1m	Value
[0m[1m	Value
[0m[1m	Value
[0m[1m	Value
[0m[1m	Value
[0m[1m	Value
[0m[1m	Value
[0m[1m	Value
[0m[1m	Value
[0m[1m[32m	Service Record Handle:[0m[1m 0x00010002
[0m[1m[32m	Service Record Handle:[0m[1m 0x00010005
[0m[1m[32m	Service Record Handle:[0m[1m 0x00010003
[0m[1m[32m	Service Record Handle:[0m[1m 0x00010039
[0m[1m[32m	Service Record Handle:[0m[1m 0x00010040
[0m[1m[32m	Service Record Handle:[0m[1m 0x00010038
[0m[1m[32m	Service Record Handle:[0m[1m 0x00010004
[0m[1m[32m	Value:[0m[1m UUID: L2CAP (0x0100)
[0m[1m[32m	Value:[0m[1m UUID: AVDTP (0x0019)
[0m[1m[32m	Value:[0m[1m UUID: Advanced Audio Distribution (0x110d)
[0m[1m[32m	Value:[0m[1m UUID: A/V Remote Control (0x110e)
[0m[1m[32m	Value:[0m[1m UUID: A/V Remote Control Controller (0x110f)
[0m[1m[32m	Value:[0m[1m UUID: L2CAP (0x0100)
[0m[1m[32m	Value:[0m[1m UUID: AVCTP (0x0017)
[0m[1m[32m	Value:[0m[1m UUID: A/V Remote Control (0x110e)
[0m[1m[32m	Value:[0m[1m UUID: A/V Remote Control Target (0x110c)
[0m[1m[32m	Value:[0m[1m UUID: L2CAP (0x0100)
[0m[1m[32m	Value:[0m[1m UUID: AVCTP (0x0017)
[0m[1m[32m	Value:[0m[1m UUID: A/V Remote Control (0x110e)
[0m[1m[32m	Value:[0m[1m UUID: Hands-Free (0x111e)
[0m[1m[32m	Value:[0m[1m UUID: Generic Audio (0x1203)
[0m[1m[32m	Value:[0m[1m UUID: L2CAP (0x0100)
[0m[1m[32m	Value:[0m[1m UUID: RFCOMM (0x0003)
[0m[1m[32m	Value:[0m[1m UUID: Hands-Free (0x111e)
[0m[1m[32m	Value:[0m[1m UUID: L2CAP (0x0100)
[0m[1m[32m	Value:[0m[1m UUID: RFCOMM (0x0003)
[0m[1m[32m	Value:[0m[1m UUID: L2CAP (0x0100)
[0m[1m[32m	Value:[0m[1m UUID: RFCOMM (0x0003)
[0m[1m[32m	Value:[0m[1m UUID: L2CAP (0x0100)
[0m[1m[32m	Value:[0m[1m UUID: RFCOMM (0x0003)
[0m[1m[32m	Value:[0m[1m UUID: Serial Port (0x1101)
[0m[1m[32m	Value:[0m[1m UUID: L2CAP (0x0100)
[0m[1m[32m	Value:[0m[1m UUID: RFCOMM (0x0003)
[0m[1m[32m	Value:[0m[1m UUID: Serial Port (0x1101)
[0m[1m[32m	Protocol #2:[0m[1m AVDTP, Version 1.3
[0m[1m[32m	Protocol #1:[0m[1m L2CAP, PSM: 23
[0m[1m[32m	Protocol #2:[0m[1m AVCTP, Version 1.4
[0m[1m[32m	Protocol #1:[0m[1m L2CAP, PSM: 23
[0m[1m[32m	Protocol #2:[0m[1m AVCTP, Version 1.4
[0m[1m[32m	Protocol #1:[0m[1m L2CAP
[0m[1m[32m	Protocol #2:[0m[1m RFCOMM, RFCOMM Channel: 4
[0m[1m[32m	Protocol #1:[0m[1m L2CAP
[0m[1m[32m	Protocol #2:[0m[1m RFCOMM, RFCOMM Channel: 10
[0m[1m[32m	Protocol #1:[0m[1m L2CAP
[0m[1m[32m	Protocol #2:[0m[1m RFCOMM, RFCOMM Channel: 1
[0m[1m[32m	Protocol #1:[0m[1m L2CAP
[0m[1m[32m	Protocol #2:[0m[1m RFCOMM, RFCOMM Channel: 11
[0m[1m[32m	Protocol #1:[0m[1m L2CAP
[0m[1m[32m	Protocol #2:[0m[1m RFCOMM, RFCOMM Channel: 1
[0m[1m[32m	Protocol Entry:[0m[1m AVDTP, Version 0x103
[0m[1m[32m	Protocol Entry:[0m[1m L2CAP, PSM: 23
[0m[1m[32m	Protocol Entry:[0m[1m AVCTP, Version 0x104
[0m[1m[32m	Protocol Entry:[0m[1m L2CAP, PSM: 23
[0m[1m[32m	Protocol Entry:[0m[1m AVCTP, Version 0x104
[0m[1m[32m	Protocol Entry:[0m[1m L2CAP
[0m[1m[32m	Protocol Entry:[0m[1m RFCOMM, RFCOMM Channel: 4
[0m[1m[32m	Protocol Entry:[0m[1m L2CAP
[0m[1m[32m	Protocol Entry:[0m[1m RFCOMM, RFCOMM Channel: 10
[0m[1m[32m	Protocol Entry:[0m[1m L2CAP
[0m[1m[32m	Protocol Entry:[0m[1m RFCOMM, RFCOMM Channel: 1
[0m[1m[32m	Protocol Entry:[0m[1m L2CAP
[0m[1m[32m	Protocol Entry:[0m[1m RFCOMM, RFCOMM Channel: 11
[0m[1m[32m	Protocol Entry:[0m[1m L2CAP
[0m[1m[32m	Protocol Entry:[0m[1m RFCOMM, RFCOMM Channel: 1
[0m[1m[32m	L2CAP PSM:[0m[1m AVCTP-Control (23)
[0m[1m[32m	L2CAP PSM:[0m[1m AVCTP-Control (23)
[0m[1m[32m	Protocol Version:[0m[1m 0x0104
[0m[1m[32m	Protocol Version:[0m[1m 0x0104
[0m[1m[32m	Protocol Version:[0m[1m 0x0106
[0m[1m[32m	Protocol Version:[0m[1m 0x0104
[0m[1m[32m	Protocol Version:[0m[1m 0x0106
[0m[1m[32m	Protocol Version:[0m[1m 0x0108
[0m[1m[32m	Protocol Version:[0m[1m 0x0100
[0m[1m[32m	Protocol Version:[0m[1m 0x0100
[0m[1m[32m	Protocol Version:[0m[1m 0x0100
[0m[1m[32m	Protocol Version:[0m[1m 0x0102
[0m[1m[32m	Profile Descriptor List #1:[0m[1m A/V Remote Control, Version 1.6
[0m[1m[32m	Profile Descriptor List #1:[0m[1m A/V Remote Control, Version 1.6
[0m[1m[32m	Profile Descriptor List #1:[0m[1m Hands-Free, Version 1.8
[0m[1m[32m	Profile Descriptor List #1:[0m[1m Unknown, Version 1.0
[0m[1m[32m	Profile Descriptor List #1:[0m[1m Serial Port, Version 1.0
[0m[1m[32m	Profile Descriptor List #1:[0m[1m Unknown, Version 1.0
[0m[1m[32m	Profile Descriptor List #1:[0m[1m Serial Port, Version 1.2
[0m[1m[32m	Service Name:[0m[1m JL_HFP
[0m[1m[32m	Service Name:[0m[1m JL_SPP
[0m[1m[32m	Service Name:[0m[1m JL_SPP
[0m[1m[32m	Service Name:[0m[1m JL_SPP
[0m[1m[32m	Service Name:[0m[1m JL_SPP
[0m[1m[32m	.... .... ..00 .... = Supported Features:[0m[1m Reserved: 0x0
[0m[1m[32m	RFCOMM Channel:[0m[1m 10 (0x0a)
[0m[1m[32m	RFCOMM Channel:[0m[1m 1 (0x01)
[0m[1m[32m	RFCOMM Channel:[0m[1m 11 (0x0b)
[0m[1m[32m	RFCOMM Channel:[0m[1m 1 (0x01)
[0m[1m[32m	Value:[0m[1m Custom UUID: df21fe2c25154fdb8886f12c4d67927c (Unknown)
[0m[1m[32m	Value:[0m[1m Custom UUID: 0000079ad10211e19b2300025b00a5a5 (Unknown)
[0m[1m[32m	Value:[0m[1m Custom UUID: 0000079ad10211e19b2300025b00a5a5 (Unknown)
[0m[1m[32m	Value:[0m[1m UUID: 0000110100001000800000805f9b34fb (Serial Port)
[0m",82,0.0013611316680908203,DoS,0.7302899,0.7302899,0.26971012
1778740099.900987,"Packet (Length: 28)
[1m[33mLayer BLUETOOTH
:[0m[1m[33mLayer HCI_MON
:[0m[1m[32m	Adapter ID:[0m[1m 0
[0m[1m[32m	Opcode:[0m[1m ACL Tx Packet (4)
[0m[1m[33mLayer BTHCI_ACL
:[0m[1m[32m	.... 0000 0000 1100 = Connection Handle:[0m[1m 0x00c
[0m[1m[32m	..00 .... .... .... = PB Flag:[0m[1m First Non-automatically Flushable Packet (0)
[0m[1m[32m	00.. .... .... .... = BC Flag:[0m[1m Point-To-Point (0)
[0m[1m[32m	Data Total Length:[0m[1m 24
[0m[1m	Data
[0m[1m[32m	Connect in frame:[0m[1m 280
[0m[1m[32m	Source BD_ADDR:[0m[1m 00:00:00:00:00:00
[0m[1m[32m	Source Device Name:[0m[1m 
[0m[1m[32m	Source Role:[0m[1m Central (1)
[0m[1m[32m	Destination BD_ADDR:[0m[1m 28:04:c6:6a:c5:d8
[0m[1m[32m	Destination Device Name:[0m[1m realme Buds T200 Lite
[0m[1m[32m	Destination Role:[0m[1m Peripheral (2)
[0m[1m[32m	Last Role Change in Frame:[0m[1m 278
[0m[1m[32m	Current Mode:[0m[1m Active Mode (0)
[0m[1m[32m	Last Mode Change in Frame:[0m[1m 280
[0m[1m[33mLayer BTL2CAP
:[0m[1m[32m	Length:[0m[1m 20
[0m[1m[32m	CID:[0m[1m Dynamically Allocated Channel (0x0040)
[0m[1m[32m	Connect in frame:[0m[1m 328
[0m[1m[32m	PSM:[0m[1m SDP (0x0001)
[0m[1m[33mLayer BTSDP
:[0m[1m[32m	PDU:[0m[1m Service Search Attribute Request (0x06)
[0m[1m[32m	Transaction Id:[0m[1m 0x0003
[0m[1m[32m	Parameter Length:[0m[1m 15
[0m[1m[32m	Service Search Pattern:[0m[1m PnP Information
[0m[1m[32m	Data Element:[0m[1m Sequence uint8 3 bytes
[0m[1m[32m	0011 0... = Data Element Type:[0m[1m Sequence (6)
[0m[1m[32m	.... .101 = Data Element Size:[0m[1m uint8 (5)
[0m[1m[32m	Data Element Var Size:[0m[1m 3
[0m[1m	Data Value
[0m[1m[32m	Value:[0m[1m UUID: PnP Information (0x1200)
[0m[1m[32m	Maximum Attribute Byte Count:[0m[1m 65535
[0m[1m	Attribute ID List
[0m[1m[32m	Attribute Range:[0m[1m 0x0000ffff
[0m[1m[32m	Attribute Range From:[0m[1m 0x0000
[0m[1m[32m	Attribute Range To:[0m[1m 0xffff
[0m[1m[32m	Continuation State:[0m[1m no (00)
[0m[1m[32m	Data Element:[0m[1m UUID 2 bytes
[0m[1m[32m	Data Element:[0m[1m Sequence uint8 5 bytes
[0m[1m[32m	Data Element:[0m[1m Unsigned Integer 4 bytes
[0m[1m[32m	0001 1... = Data Element Type:[0m[1m UUID (3)
[0m[1m[32m	0011 0... = Data Element Type:[0m[1m Sequence (6)
[0m[1m[32m	0000 1... = Data Element Type:[0m[1m Unsigned Integer (1)
[0m[1m[32m	.... .001 = Data Element Size:[0m[1m 2 bytes (1)
[0m[1m[32m	.... .101 = Data Element Size:[0m[1m uint8 (5)
[0m[1m[32m	.... .010 = Data Element Size:[0m[1m 4 bytes (2)
[0m[1m[32m	Data Element Var Size:[0m[1m 5
[0m[1m	Data Value
[0m[1m	Data Value
[0m[1m	Data Value
[0m",28,0.014043807983398438,DoS,0.6370308,0.6370308,0.36296922
1778740099.905632,"Packet (Length: 74)
[1m[33mLayer BLUETOOTH
:[0m[1m[33mLayer HCI_MON
:[0m[1m[32m	Adapter ID:[0m[1m 0
[0m[1m[32m	Opcode:[0m[1m ACL Rx Packet (5)
[0m[1m[33mLayer BTHCI_ACL
:[0m[1m[32m	.... 0000 0000 1100 = Connection Handle:[0m[1m 0x00c
[0m[1m[32m	..10 .... .... .... = PB Flag:[0m[1m First Automatically Flushable Packet (2)
[0m[1m[32m	00.. .... .... .... = BC Flag:[0m[1m Point-To-Point (0)
[0m[1m[32m	Data Total Length:[0m[1m 70
[0m[1m	Data
[0m[1m[32m	Connect in frame:[0m[1m 280
[0m[1m[32m	Source BD_ADDR:[0m[1m 28:04:c6:6a:c5:d8
[0m[1m[32m	Source Device Name:[0m[1m realme Buds T200 Lite
[0m[1m[32m	Source Role:[0m[1m Peripheral (2)
[0m[1m[32m	Destination BD_ADDR:[0m[1m 00:00:00:00:00:00
[0m[1m[32m	Destination Device Name:[0m[1m 
[0m[1m[32m	Destination Role:[0m[1m Central (1)
[0m[1m[32m	Last Role Change in Frame:[0m[1m 278
[0m[1m[32m	Current Mode:[0m[1m Active Mode (0)
[0m[1m[32m	Last Mode Change in Frame:[0m[1m 280
[0m[1m[33mLayer BTL2CAP
:[0m[1m[32m	Length:[0m[1m 66
[0m[1m[32m	CID:[0m[1m Dynamically Allocated Channel (0x0040)
[0m[1m[32m	Connect in frame:[0m[1m 328
[0m[1m[32m	PSM:[0m[1m SDP (0x0001)
[0m[1m[33mLayer BTSDP
:[0m[1m[32m	PDU:[0m[1m Service Search Attribute Response (0x07)
[0m[1m[32m	Transaction Id:[0m[1m 0x0003
[0m[1m[32m	Parameter Length:[0m[1m 61
[0m[1m[32m	Attribute List Byte Count:[0m[1m 58
[0m[1m	Attribute Lists [count =  1]
[0m[1m[32m	Data Element:[0m[1m Sequence uint16 55 bytes
[0m[1m[32m	0011 0... = Data Element Type:[0m[1m Sequence (6)
[0m[1m[32m	.... .110 = Data Element Size:[0m[1m uint16 (6)
[0m[1m[32m	Data Element Var Size:[0m[1m 55
[0m[1m	Data Value
[0m[1m	Attribute List [count =  8] (PnP Information)
[0m[1m[32m	Service Attribute:[0m[1m Service Record Handle (0x0), value = 0x0001000a (65546)
[0m[1m[32m	Attribute ID:[0m[1m Service Record Handle
[0m[1m[32m	Attribute ID:[0m[1m Service Record Handle (0x0000)
[0m[1m	Value
[0m[1m[32m	Service Record Handle:[0m[1m 0x0001000a
[0m[1m[32m	Value:[0m[1m UUID: PnP Information (0x1200)
[0m[1m[32m	Specification ID:[0m[1m 0x0103
[0m[1m[32m	Vendor ID:[0m[1m Zhuhai Jieli technology Co.,Ltd (0x05d6)
[0m[1m[32m	Product ID:[0m[1m 0x000a
[0m[1m[32m	Version:[0m[1m 0x0240
[0m[1m[32m	Primary Record:[0m[1m True
[0m[1m[32m	Vendor ID Source:[0m[1m Bluetooth SIG (0x0001)
[0m[1m[32m	Continuation State:[0m[1m no (00)
[0m[1m[32m	Data Element:[0m[1m Sequence uint16 52 bytes
[0m[1m[32m	Data Element:[0m[1m Unsigned Integer 2 bytes
[0m[1m[32m	Data Element:[0m[1m Unsigned Integer 4 bytes
[0m[1m[32m	Data Element:[0m[1m Unsigned Integer 2 bytes
[0m[1m[32m	Data Element:[0m[1m Sequence uint16 3 bytes
[0m[1m[32m	Data Element:[0m[1m UUID 2 bytes
[0m[1m[32m	Data Element:[0m[1m Unsigned Integer 2 bytes
[0m[1m[32m	Data Element:[0m[1m Unsigned Integer 2 bytes
[0m[1m[32m	Data Element:[0m[1m Unsigned Integer 2 bytes
[0m[1m[32m	Data Element:[0m[1m Unsigned Integer 2 bytes
[0m[1m[32m	Data Element:[0m[1m Unsigned Integer 2 bytes
[0m[1m[32m	Data Element:[0m[1m Unsigned Integer 2 bytes
[0m[1m[32m	Data Element:[0m[1m Unsigned Integer 2 bytes
[0m[1m[32m	Data Element:[0m[1m Unsigned Integer 2 bytes
[0m[1m[32m	Data Element:[0m[1m Unsigned Integer 2 bytes
[0m[1m[32m	Data Element:[0m[1m Boolean 1 byte (0 bytes if Nil)
[0m[1m[32m	Data Element:[0m[1m Unsigned Integer 2 bytes
[0m[1m[32m	Data Element:[0m[1m Unsigned Integer 2 bytes
[0m[1m[32m	0011 0... = Data Element Type:[0m[1m Sequence (6)
[0m[1m[32m	0000 1... = Data Element Type:[0m[1m Unsigned Integer (1)
[0m[1m[32m	0000 1... = Data Element Type:[0m[1m Unsigned Integer (1)
[0m[1m[32m	0000 1... = Data Element Type:[0m[1m Unsigned Integer (1)
[0m[1m[32m	0011 0... = Data Element Type:[0m[1m Sequence (6)
[0m[1m[32m	0001 1... = Data Element Type:[0m[1m UUID (3)
[0m[1m[32m	0000 1... = Data Element Type:[0m[1m Unsigned Integer (1)
[0m[1m[32m	0000 1... = Data Element Type:[0m[1m Unsigned Integer (1)
[0m[1m[32m	0000 1... = Data Element Type:[0m[1m Unsigned Integer (1)
[0m[1m[32m	0000 1... = Data Element Type:[0m[1m Unsigned Integer (1)
[0m[1m[32m	0000 1... = Data Element Type:[0m[1m Unsigned Integer (1)
[0m[1m[32m	0000 1... = Data Element Type:[0m[1m Unsigned Integer (1)
[0m[1m[32m	0000 1... = Data Element Type:[0m[1m Unsigned Integer (1)
[0m[1m[32m	0000 1... = Data Element Type:[0m[1m Unsigned Integer (1)
[0m[1m[32m	0000 1... = Data Element Type:[0m[1m Unsigned Integer (1)
[0m[1m[32m	0010 1... = Data Element Type:[0m[1m Boolean (5)
[0m[1m[32m	0000 1... = Data Element Type:[0m[1m Unsigned Integer (1)
[0m[1m[32m	0000 1... = Data Element Type:[0m[1m Unsigned Integer (1)
[0m[1m[32m	.... .110 = Data Element Size:[0m[1m uint16 (6)
[0m[1m[32m	.... .001 = Data Element Size:[0m[1m 2 bytes (1)
[0m[1m[32m	.... .010 = Data Element Size:[0m[1m 4 bytes (2)
[0m[1m[32m	.... .001 = Data Element Size:[0m[1m 2 bytes (1)
[0m[1m[32m	.... .110 = Data Element Size:[0m[1m uint16 (6)
[0m[1m[32m	.... .001 = Data Element Size:[0m[1m 2 bytes (1)
[0m[1m[32m	.... .001 = Data Element Size:[0m[1m 2 bytes (1)
[0m[1m[32m	.... .001 = Data Element Size:[0m[1m 2 bytes (1)
[0m[1m[32m	.... .001 = Data Element Size:[0m[1m 2 bytes (1)
[0m[1m[32m	.... .001 = Data Element Size:[0m[1m 2 bytes (1)
[0m[1m[32m	.... .001 = Data Element Size:[0m[1m 2 bytes (1)
[0m[1m[32m	.... .001 = Data Element Size:[0m[1m 2 bytes (1)
[0m[1m[32m	.... .001 = Data Element Size:[0m[1m 2 bytes (1)
[0m[1m[32m	.... .001 = Data Element Size:[0m[1m 2 bytes (1)
[0m[1m[32m	.... .001 = Data Element Size:[0m[1m 2 bytes (1)
[0m[1m[32m	.... .000 = Data Element Size:[0m[1m 1 byte (0 bytes if Nil) (0)
[0m[1m[32m	.... .001 = Data Element Size:[0m[1m 2 bytes (1)
[0m[1m[32m	.... .001 = Data Element Size:[0m[1m 2 bytes (1)
[0m[1m[32m	Data Element Var Size:[0m[1m 52
[0m[1m[32m	Data Element Var Size:[0m[1m 3
[0m[1m	Data Value
[0m[1m	Data Value
[0m[1m	Data Value
[0m[1m	Data Value
[0m[1m	Data Value
[0m[1m	Data Value
[0m[1m	Data Value
[0m[1m	Data Value
[0m[1m	Data Value
[0m[1m	Data Value
[0m[1m	Data Value
[0m[1m	Data Value
[0m[1m	Data Value
[0m[1m	Data Value
[0m[1m	Data Value
[0m[1m	Data Value
[0m[1m	Data Value
[0m[1m	Data Value
[0m[1m[32m	Service Attribute:[0m[1m Service Class ID List (0x1), value = PnP Information
[0m[1m[32m	Service Attribute:[0m[1m (DID) Specification ID (0x200), value = 1.03 (0x0103)
[0m[1m[32m	Service Attribute:[0m[1m (DID) Vendor ID (0x201), value = Zhuhai Jieli technology Co.,Ltd (0x05d6)
[0m[1m[32m	Service Attribute:[0m[1m (DID) Product ID (0x202), value = 0x000a
[0m[1m[32m	Service Attribute:[0m[1m (DID) Version (0x203), value = 2.4.0 (0x0240)
[0m[1m[32m	Service Attribute:[0m[1m (DID) Primary Record (0x204), value = true
[0m[1m[32m	Service Attribute:[0m[1m (DID) Vendor ID Source (0x205), value = Bluetooth SIG (0x0001)
[0m[1m[32m	Attribute ID:[0m[1m Service Class ID List
[0m[1m[32m	Attribute ID:[0m[1m Specification ID
[0m[1m[32m	Attribute ID:[0m[1m Vendor ID
[0m[1m[32m	Attribute ID:[0m[1m Product ID
[0m[1m[32m	Attribute ID:[0m[1m Version
[0m[1m[32m	Attribute ID:[0m[1m Primary Record
[0m[1m[32m	Attribute ID:[0m[1m Vendor ID Source
[0m[1m[32m	Attribute ID:[0m[1m Service Class ID List (0x0001)
[0m[1m[32m	Attribute ID:[0m[1m Specification ID (0x0200)
[0m[1m[32m	Attribute ID:[0m[1m Vendor ID (0x0201)
[0m[1m[32m	Attribute ID:[0m[1m Product ID (0x0202)
[0m[1m[32m	Attribute ID:[0m[1m Version (0x0203)
[0m[1m[32m	Attribute ID:[0m[1m Primary Record (0x0204)
[0m[1m[32m	Attribute ID:[0m[1m Vendor ID Source (0x0205)
[0m[1m	Value
[0m[1m	Value
[0m[1m	Value
[0m[1m	Value
[0m[1m	Value
[0m[1m	Value
[0m[1m	Value
[0m",74,0.004645109176635742,DoS,0.7302899,0.7302899,0.26971012
1778740099.955377,"Packet (Length: 30)
[1m[33mLayer BLUETOOTH
:[0m[1m[33mLayer HCI_MON
:[0m[1m[32m	Adapter ID:[0m[1m 65535
[0m[1m[32m	Opcode:[0m[1m Control Open (14)
[0m[1m[32m	Cookie:[0m[1m 0x00000005
[0m[1m[32m	Format:[0m[1m Rqw (0x0000)
[0m[1m[32m	Version:[0m[1m 2
[0m[1m[32m	Revision:[0m[1m 22
[0m[1m[32m	Flags:[0m[1m 0x00000000
[0m[1m[32m	.... .... .... .... .... .... .... ...0 = Trusted Socket:[0m[1m False
[0m[1m[32m	Command Length:[0m[1m 16
[0m[1m[32m	Command:[0m[1m blueman-manager
[0m",30,0.04974508285522461,normal,0.70740473,0.2925953,0.70740473
1778740099.955447,"Packet (Length: 4)
[1m[33mLayer BLUETOOTH
:[0m[1m[33mLayer HCI_MON
:[0m[1m[32m	Adapter ID:[0m[1m 65535
[0m[1m[32m	Opcode:[0m[1m Control Close (15)
[0m[1m[32m	Cookie:[0m[1m 0x00000005
[0m",4,6.985664367675781e-05,normal,0.5525397,0.44746026,0.5525397
1778740100.106939,"Packet (Length: 7)
[1m[33mLayer BLUETOOTH
:[0m[1m[33mLayer HCI_MON
:[0m[1m[32m	Adapter ID:[0m[1m 0
[0m[1m[32m	Opcode:[0m[1m HCI Event Packet (3)
[0m[1m[33mLayer BTHCI_EVT
:[0m[1m[32m	Event Code:[0m[1m Number of Completed Packets (0x13)
[0m[1m[32m	Parameter Total Length:[0m[1m 5
[0m[1m[32m	Number of Connection Handles:[0m[1m 1
[0m[1m[32m	Connection Handle:[0m[1m 0x000c
[0m[1m[32m	Number of Completed Packets:[0m[1m 1
[0m",7,0.15149211883544922,normal,0.7185944,0.2814056,0.7185944
1778740100.683249,"Packet (Length: 5)
[1m[33mLayer BLUETOOTH
:[0m[1m[33mLayer HCI_MON
:[0m[1m[32m	Adapter ID:[0m[1m 0
[0m[1m[32m	Opcode:[0m[1m HCI Command Packet (2)
[0m[1m[33mLayer BTHCI_CMD
:[0m[1m[32m	Command Opcode:[0m[1m Read RSSI (0x1405)
[0m[1m[32m	0001 01.. .... .... = Opcode Group Field:[0m[1m Status Parameters (0x05)
[0m[1m[32m	.... ..00 0000 0101 = Opcode Command Field:[0m[1m Read RSSI (0x005)
[0m[1m[32m	Parameter Total Length:[0m[1m 2
[0m[1m[32m	Connection Handle:[0m[1m 0x000c
[0m",5,0.5763099193572998,normal,0.70578504,0.29421496,0.70578504
1778740100.6836,"Packet (Length: 9)
[1m[33mLayer BLUETOOTH
:[0m[1m[33mLayer HCI_MON
:[0m[1m[32m	Adapter ID:[0m[1m 0
[0m[1m[32m	Opcode:[0m[1m HCI Event Packet (3)
[0m[1m[33mLayer BTHCI_EVT
:[0m[1m[32m	Event Code:[0m[1m Command Complete (0x0e)
[0m[1m[32m	Parameter Total Length:[0m[1m 7
[0m[1m[32m	Number of Allowed Command Packets:[0m[1m 1
[0m[1m[32m	Command Opcode:[0m[1m Read RSSI (0x1405)
[0m[1m[32m	0001 01.. .... .... = Opcode Group Field:[0m[1m Status Parameters (0x05)
[0m[1m[32m	.... ..00 0000 0101 = Opcode Command Field:[0m[1m Read RSSI (0x005)
[0m[1m[32m	Status:[0m[1m Success (0x00)
[0m[1m[32m	Connection Handle:[0m[1m 0x000c
[0m[1m[32m	RSSI:[0m[1m 15 dBm
[0m[1m[32m	Command in frame:[0m[1m 348
[0m[1m[32m	Command-Response Delta:[0m[1m 0.351ms
[0m",9,0.0003509521484375,normal,0.70740473,0.2925953,0.70740473
1778740100.683729,"Packet (Length: 6)
[1m[33mLayer BLUETOOTH
:[0m[1m[33mLayer HCI_MON
:[0m[1m[32m	Adapter ID:[0m[1m 0
[0m[1m[32m	Opcode:[0m[1m HCI Command Packet (2)
[0m[1m[33mLayer BTHCI_CMD
:[0m[1m[32m	Command Opcode:[0m[1m Read Tx Power Level (0x0c2d)
[0m[1m[32m	0000 11.. .... .... = Opcode Group Field:[0m[1m Host Controller & Baseband Commands (0x03)
[0m[1m[32m	.... ..00 0010 1101 = Opcode Command Field:[0m[1m Read Tx Power Level (0x02d)
[0m[1m[32m	Parameter Total Length:[0m[1m 3
[0m[1m[32m	Connection Handle:[0m[1m 0x000c
[0m[1m[32m	Tx Power Level Type:[0m[1m Current Tx Power Level (0x00)
[0m",6,0.0001289844512939453,normal,0.70578504,0.29421496,0.70578504
1778740100.684096,"Packet (Length: 9)
[1m[33mLayer BLUETOOTH
:[0m[1m[33mLayer HCI_MON
:[0m[1m[32m	Adapter ID:[0m[1m 0
[0m[1m[32m	Opcode:[0m[1m HCI Event Packet (3)
[0m[1m[33mLayer BTHCI_EVT
:[0m[1m[32m	Event Code:[0m[1m Command Complete (0x0e)
[0m[1m[32m	Parameter Total Length:[0m[1m 7
[0m[1m[32m	Number of Allowed Command Packets:[0m[1m 1
[0m[1m[32m	Command Opcode:[0m[1m Read Tx Power Level (0x0c2d)
[0m[1m[32m	0000 11.. .... .... = Opcode Group Field:[0m[1m Host Controller & Baseband Commands (0x03)
[0m[1m[32m	.... ..00 0010 1101 = Opcode Command Field:[0m[1m Read Tx Power Level (0x02d)
[0m[1m[32m	Status:[0m[1m Success (0x00)
[0m[1m[32m	Connection Handle:[0m[1m 0x000c
[0m[1m[32m	Transmit Power Level:[0m[1m 12 dBm
[0m[1m[32m	Command in frame:[0m[1m 350
[0m[1m[32m	Command-Response Delta:[0m[1m 0.367ms
[0m",9,0.00036716461181640625,normal,0.70740473,0.2925953,0.70740473
1778740101.057633,"Packet (Length: 30)
[1m[33mLayer BLUETOOTH
:[0m[1m[33mLayer HCI_MON
:[0m[1m[32m	Adapter ID:[0m[1m 65535
[0m[1m[32m	Opcode:[0m[1m Control Open (14)
[0m[1m[32m	Cookie:[0m[1m 0x00000005
[0m[1m[32m	Format:[0m[1m Rqw (0x0000)
[0m[1m[32m	Version:[0m[1m 2
[0m[1m[32m	Revision:[0m[1m 22
[0m[1m[32m	Flags:[0m[1m 0x00000000
[0m[1m[32m	.... .... .... .... .... .... .... ...0 = Trusted Socket:[0m[1m False
[0m[1m[32m	Command Length:[0m[1m 16
[0m[1m[32m	Command:[0m[1m blueman-manager
[0m",30,0.3735368251800537,normal,0.70740473,0.2925953,0.70740473
1778740101.057672,"Packet (Length: 4)
[1m[33mLayer BLUETOOTH
:[0m[1m[33mLayer HCI_MON
:[0m[1m[32m	Adapter ID:[0m[1m 65535
[0m[1m[32m	Opcode:[0m[1m Control Close (15)
[0m[1m[32m	Cookie:[0m[1m 0x00000005
[0m",4,3.910064697265625e-05,normal,0.5525397,0.44746026,0.5525397
1778740101.683698,"Packet (Length: 5)
[1m[33mLayer BLUETOOTH
:[0m[1m[33mLayer HCI_MON
:[0m[1m[32m	Adapter ID:[0m[1m 0
[0m[1m[32m	Opcode:[0m[1m HCI Command Packet (2)
[0m[1m[33mLayer BTHCI_CMD
:[0m[1m[32m	Command Opcode:[0m[1m Read RSSI (0x1405)
[0m[1m[32m	0001 01.. .... .... = Opcode Group Field:[0m[1m Status Parameters (0x05)
[0m[1m[32m	.... ..00 0000 0101 = Opcode Command Field:[0m[1m Read RSSI (0x005)
[0m[1m[32m	Parameter Total Length:[0m[1m 2
[0m[1m[32m	Connection Handle:[0m[1m 0x000c
[0m",5,0.626025915145874,normal,0.70578504,0.29421496,0.70578504
1778740101.684167,"Packet (Length: 9)
[1m[33mLayer BLUETOOTH
:[0m[1m[33mLayer HCI_MON
:[0m[1m[32m	Adapter ID:[0m[1m 0
[0m[1m[32m	Opcode:[0m[1m HCI Event Packet (3)
[0m[1m[33mLayer BTHCI_EVT
:[0m[1m[32m	Event Code:[0m[1m Command Complete (0x0e)
[0m[1m[32m	Parameter Total Length:[0m[1m 7
[0m[1m[32m	Number of Allowed Command Packets:[0m[1m 1
[0m[1m[32m	Command Opcode:[0m[1m Read RSSI (0x1405)
[0m[1m[32m	0001 01.. .... .... = Opcode Group Field:[0m[1m Status Parameters (0x05)
[0m[1m[32m	.... ..00 0000 0101 = Opcode Command Field:[0m[1m Read RSSI (0x005)
[0m[1m[32m	Status:[0m[1m Success (0x00)
[0m[1m[32m	Connection Handle:[0m[1m 0x000c
[0m[1m[32m	RSSI:[0m[1m 10 dBm
[0m[1m[32m	Command in frame:[0m[1m 354
[0m[1m[32m	Command-Response Delta:[0m[1m 0.469ms
[0m",9,0.00046896934509277344,normal,0.70740473,0.2925953,0.70740473
1778740101.684922,"Packet (Length: 6)
[1m[33mLayer BLUETOOTH
:[0m[1m[33mLayer HCI_MON
:[0m[1m[32m	Adapter ID:[0m[1m 0
[0m[1m[32m	Opcode:[0m[1m HCI Command Packet (2)
[0m[1m[33mLayer BTHCI_CMD
:[0m[1m[32m	Command Opcode:[0m[1m Read Tx Power Level (0x0c2d)
[0m[1m[32m	0000 11.. .... .... = Opcode Group Field:[0m[1m Host Controller & Baseband Commands (0x03)
[0m[1m[32m	.... ..00 0010 1101 = Opcode Command Field:[0m[1m Read Tx Power Level (0x02d)
[0m[1m[32m	Parameter Total Length:[0m[1m 3
[0m[1m[32m	Connection Handle:[0m[1m 0x000c
[0m[1m[32m	Tx Power Level Type:[0m[1m Current Tx Power Level (0x00)
[0m",6,0.0007550716400146484,normal,0.70578504,0.29421496,0.70578504
1778740101.68536,"Packet (Length: 9)
[1m[33mLayer BLUETOOTH
:[0m[1m[33mLayer HCI_MON
:[0m[1m[32m	Adapter ID:[0m[1m 0
[0m[1m[32m	Opcode:[0m[1m HCI Event Packet (3)
[0m[1m[33mLayer BTHCI_EVT
:[0m[1m[32m	Event Code:[0m[1m Command Complete (0x0e)
[0m[1m[32m	Parameter Total Length:[0m[1m 7
[0m[1m[32m	Number of Allowed Command Packets:[0m[1m 1
[0m[1m[32m	Command Opcode:[0m[1m Read Tx Power Level (0x0c2d)
[0m[1m[32m	0000 11.. .... .... = Opcode Group Field:[0m[1m Host Controller & Baseband Commands (0x03)
[0m[1m[32m	.... ..00 0010 1101 = Opcode Command Field:[0m[1m Read Tx Power Level (0x02d)
[0m[1m[32m	Status:[0m[1m Success (0x00)
[0m[1m[32m	Connection Handle:[0m[1m 0x000c
[0m[1m[32m	Transmit Power Level:[0m[1m 12 dBm
[0m[1m[32m	Command in frame:[0m[1m 356
[0m[1m[32m	Command-Response Delta:[0m[1m 0.438ms
[0m",9,0.0004379749298095703,normal,0.70740473,0.2925953,0.70740473
1778740102.057831,"Packet (Length: 30)
[1m[33mLayer BLUETOOTH
:[0m[1m[33mLayer HCI_MON
:[0m[1m[32m	Adapter ID:[0m[1m 65535
[0m[1m[32m	Opcode:[0m[1m Control Open (14)
[0m[1m[32m	Cookie:[0m[1m 0x00000005
[0m[1m[32m	Format:[0m[1m Rqw (0x0000)
[0m[1m[32m	Version:[0m[1m 2
[0m[1m[32m	Revision:[0m[1m 22
[0m[1m[32m	Flags:[0m[1m 0x00000000
[0m[1m[32m	.... .... .... .... .... .... .... ...0 = Trusted Socket:[0m[1m False
[0m[1m[32m	Command Length:[0m[1m 16
[0m[1m[32m	Command:[0m[1m blueman-manager
[0m",30,0.3724710941314697,normal,0.70740473,0.2925953,0.70740473
1778740102.057872,"Packet (Length: 4)
[1m[33mLayer BLUETOOTH
:[0m[1m[33mLayer HCI_MON
:[0m[1m[32m	Adapter ID:[0m[1m 65535
[0m[1m[32m	Opcode:[0m[1m Control Close (15)
[0m[1m[32m	Cookie:[0m[1m 0x00000005
[0m",4,4.100799560546875e-05,normal,0.5525397,0.44746026,0.5525397
1778740102.269001,"Packet (Length: 16)
[1m[33mLayer BLUETOOTH
:[0m[1m[33mLayer HCI_MON
:[0m[1m[32m	Adapter ID:[0m[1m 0
[0m[1m[32m	Opcode:[0m[1m ACL Tx Packet (4)
[0m[1m[33mLayer BTHCI_ACL
:[0m[1m[32m	.... 0000 0000 1100 = Connection Handle:[0m[1m 0x00c
[0m[1m[32m	..00 .... .... .... = PB Flag:[0m[1m First Non-automatically Flushable Packet (0)
[0m[1m[32m	00.. .... .... .... = BC Flag:[0m[1m Point-To-Point (0)
[0m[1m[32m	Data Total Length:[0m[1m 12
[0m[1m	Data
[0m[1m[32m	Connect in frame:[0m[1m 280
[0m[1m[32m	Source BD_ADDR:[0m[1m 00:00:00:00:00:00
[0m[1m[32m	Source Device Name:[0m[1m 
[0m[1m[32m	Source Role:[0m[1m Central (1)
[0m[1m[32m	Destination BD_ADDR:[0m[1m 28:04:c6:6a:c5:d8
[0m[1m[32m	Destination Device Name:[0m[1m realme Buds T200 Lite
[0m[1m[32m	Destination Role:[0m[1m Peripheral (2)
[0m[1m[32m	Last Role Change in Frame:[0m[1m 278
[0m[1m[32m	Current Mode:[0m[1m Active Mode (0)
[0m[1m[32m	Last Mode Change in Frame:[0m[1m 280
[0m[1m[33mLayer BTL2CAP
:[0m[1m[32m	Length:[0m[1m 8
[0m[1m[32m	CID:[0m[1m L2CAP Signaling Channel (0x0001)
[0m[1m[32m	Command:[0m[1m Disconnection Request
[0m[1m[32m	Command Code:[0m[1m Disconnection Request (0x06)
[0m[1m[32m	Command Identifier:[0m[1m 0x05
[0m[1m[32m	Command Length:[0m[1m 4
[0m[1m[32m	Destination CID:[0m[1m Dynamically Allocated Channel (0x0040)
[0m[1m[32m	Source CID:[0m[1m Dynamically Allocated Channel (0x0040)
[0m[1m[32m	PSM:[0m[1m SDP (0x0001)
[0m[1m[32m	Connect in frame:[0m[1m 328
[0m",16,0.21112895011901855,normal,0.6584175,0.3415825,0.6584175
1778740102.272917,"Packet (Length: 16)
[1m[33mLayer BLUETOOTH
:[0m[1m[33mLayer HCI_MON
:[0m[1m[32m	Adapter ID:[0m[1m 0
[0m[1m[32m	Opcode:[0m[1m ACL Rx Packet (5)
[0m[1m[33mLayer BTHCI_ACL
:[0m[1m[32m	.... 0000 0000 1100 = Connection Handle:[0m[1m 0x00c
[0m[1m[32m	..10 .... .... .... = PB Flag:[0m[1m First Automatically Flushable Packet (2)
[0m[1m[32m	00.. .... .... .... = BC Flag:[0m[1m Point-To-Point (0)
[0m[1m[32m	Data Total Length:[0m[1m 12
[0m[1m	Data
[0m[1m[32m	Connect in frame:[0m[1m 280
[0m[1m[32m	Source BD_ADDR:[0m[1m 28:04:c6:6a:c5:d8
[0m[1m[32m	Source Device Name:[0m[1m realme Buds T200 Lite
[0m[1m[32m	Source Role:[0m[1m Peripheral (2)
[0m[1m[32m	Destination BD_ADDR:[0m[1m 00:00:00:00:00:00
[0m[1m[32m	Destination Device Name:[0m[1m 
[0m[1m[32m	Destination Role:[0m[1m Central (1)
[0m[1m[32m	Last Role Change in Frame:[0m[1m 278
[0m[1m[32m	Current Mode:[0m[1m Active Mode (0)
[0m[1m[32m	Last Mode Change in Frame:[0m[1m 280
[0m[1m[33mLayer BTL2CAP
:[0m[1m[32m	Length:[0m[1m 8
[0m[1m[32m	CID:[0m[1m L2CAP Signaling Channel (0x0001)
[0m[1m[32m	Command:[0m[1m Disconnection Response
[0m[1m[32m	Command Code:[0m[1m Disconnection Response (0x07)
[0m[1m[32m	Command Identifier:[0m[1m 0x05
[0m[1m[32m	Command Length:[0m[1m 4
[0m[1m[32m	Destination CID:[0m[1m Dynamically Allocated Channel (0x0040)
[0m[1m[32m	Source CID:[0m[1m Dynamically Allocated Channel (0x0040)
[0m[1m[32m	PSM:[0m[1m SDP (0x0001)
[0m[1m[32m	Connect in frame:[0m[1m 328
[0m",16,0.003916025161743164,normal,0.6584175,0.3415825,0.6584175
1778740102.481864,"Packet (Length: 7)
[1m[33mLayer BLUETOOTH
:[0m[1m[33mLayer HCI_MON
:[0m[1m[32m	Adapter ID:[0m[1m 0
[0m[1m[32m	Opcode:[0m[1m HCI Event Packet (3)
[0m[1m[33mLayer BTHCI_EVT
:[0m[1m[32m	Event Code:[0m[1m Number of Completed Packets (0x13)
[0m[1m[32m	Parameter Total Length:[0m[1m 5
[0m[1m[32m	Number of Connection Handles:[0m[1m 1
[0m[1m[32m	Connection Handle:[0m[1m 0x000c
[0m[1m[32m	Number of Completed Packets:[0m[1m 1
[0m",7,0.20894694328308105,normal,0.7185944,0.2814056,0.7185944
1778740102.684064,"Packet (Length: 5)
[1m[33mLayer BLUETOOTH
:[0m[1m[33mLayer HCI_MON
:[0m[1m[32m	Adapter ID:[0m[1m 0
[0m[1m[32m	Opcode:[0m[1m HCI Command Packet (2)
[0m[1m[33mLayer BTHCI_CMD
:[0m[1m[32m	Command Opcode:[0m[1m Read RSSI (0x1405)
[0m[1m[32m	0001 01.. .... .... = Opcode Group Field:[0m[1m Status Parameters (0x05)
[0m[1m[32m	.... ..00 0000 0101 = Opcode Command Field:[0m[1m Read RSSI (0x005)
[0m[1m[32m	Parameter Total Length:[0m[1m 2
[0m[1m[32m	Connection Handle:[0m[1m 0x000c
[0m",5,0.20219993591308594,normal,0.70578504,0.29421496,0.70578504
1778740102.684479,"Packet (Length: 9)
[1m[33mLayer BLUETOOTH
:[0m[1m[33mLayer HCI_MON
:[0m[1m[32m	Adapter ID:[0m[1m 0
[0m[1m[32m	Opcode:[0m[1m HCI Event Packet (3)
[0m[1m[33mLayer BTHCI_EVT
:[0m[1m[32m	Event Code:[0m[1m Command Complete (0x0e)
[0m[1m[32m	Parameter Total Length:[0m[1m 7
[0m[1m[32m	Number of Allowed Command Packets:[0m[1m 1
[0m[1m[32m	Command Opcode:[0m[1m Read RSSI (0x1405)
[0m[1m[32m	0001 01.. .... .... = Opcode Group Field:[0m[1m Status Parameters (0x05)
[0m[1m[32m	.... ..00 0000 0101 = Opcode Command Field:[0m[1m Read RSSI (0x005)
[0m[1m[32m	Status:[0m[1m Success (0x00)
[0m[1m[32m	Connection Handle:[0m[1m 0x000c
[0m[1m[32m	RSSI:[0m[1m 0 dBm
[0m[1m[32m	Command in frame:[0m[1m 363
[0m[1m[32m	Command-Response Delta:[0m[1m 0.415ms
[0m",9,0.0004150867462158203,normal,0.70740473,0.2925953,0.70740473
1778740102.684689,"Packet (Length: 6)
[1m[33mLayer BLUETOOTH
:[0m[1m[33mLayer HCI_MON
:[0m[1m[32m	Adapter ID:[0m[1m 0
[0m[1m[32m	Opcode:[0m[1m HCI Command Packet (2)
[0m[1m[33mLayer BTHCI_CMD
:[0m[1m[32m	Command Opcode:[0m[1m Read Tx Power Level (0x0c2d)
[0m[1m[32m	0000 11.. .... .... = Opcode Group Field:[0m[1m Host Controller & Baseband Commands (0x03)
[0m[1m[32m	.... ..00 0010 1101 = Opcode Command Field:[0m[1m Read Tx Power Level (0x02d)
[0m[1m[32m	Parameter Total Length:[0m[1m 3
[0m[1m[32m	Connection Handle:[0m[1m 0x000c
[0m[1m[32m	Tx Power Level Type:[0m[1m Current Tx Power Level (0x00)
[0m",6,0.00021004676818847656,normal,0.70578504,0.29421496,0.70578504
1778740102.685049,"Packet (Length: 9)
[1m[33mLayer BLUETOOTH
:[0m[1m[33mLayer HCI_MON
:[0m[1m[32m	Adapter ID:[0m[1m 0
[0m[1m[32m	Opcode:[0m[1m HCI Event Packet (3)
[0m[1m[33mLayer BTHCI_EVT
:[0m[1m[32m	Event Code:[0m[1m Command Complete (0x0e)
[0m[1m[32m	Parameter Total Length:[0m[1m 7
[0m[1m[32m	Number of Allowed Command Packets:[0m[1m 1
[0m[1m[32m	Command Opcode:[0m[1m Read Tx Power Level (0x0c2d)
[0m[1m[32m	0000 11.. .... .... = Opcode Group Field:[0m[1m Host Controller & Baseband Commands (0x03)
[0m[1m[32m	.... ..00 0010 1101 = Opcode Command Field:[0m[1m Read Tx Power Level (0x02d)
[0m[1m[32m	Status:[0m[1m Success (0x00)
[0m[1m[32m	Connection Handle:[0m[1m 0x000c
[0m[1m[32m	Transmit Power Level:[0m[1m 12 dBm
[0m[1m[32m	Command in frame:[0m[1m 365
[0m[1m[32m	Command-Response Delta:[0m[1m 0.36ms
[0m",9,0.0003600120544433594,normal,0.70740473,0.2925953,0.70740473
1778740103.058457,"Packet (Length: 30)
[1m[33mLayer BLUETOOTH
:[0m[1m[33mLayer HCI_MON
:[0m[1m[32m	Adapter ID:[0m[1m 65535
[0m[1m[32m	Opcode:[0m[1m Control Open (14)
[0m[1m[32m	Cookie:[0m[1m 0x00000005
[0m[1m[32m	Format:[0m[1m Rqw (0x0000)
[0m[1m[32m	Version:[0m[1m 2
[0m[1m[32m	Revision:[0m[1m 22
[0m[1m[32m	Flags:[0m[1m 0x00000000
[0m[1m[32m	.... .... .... .... .... .... .... ...0 = Trusted Socket:[0m[1m False
[0m[1m[32m	Command Length:[0m[1m 16
[0m[1m[32m	Command:[0m[1m blueman-manager
[0m",30,0.37340784072875977,normal,0.70740473,0.2925953,0.70740473
1778740103.058512,"Packet (Length: 4)
[1m[33mLayer BLUETOOTH
:[0m[1m[33mLayer HCI_MON
:[0m[1m[32m	Adapter ID:[0m[1m 65535
[0m[1m[32m	Opcode:[0m[1m Control Close (15)
[0m[1m[32m	Cookie:[0m[1m 0x00000005
[0m",4,5.507469177246094e-05,normal,0.5525397,0.44746026,0.5525397
1778740103.685338,"Packet (Length: 5)
[1m[33mLayer BLUETOOTH
:[0m[1m[33mLayer HCI_MON
:[0m[1m[32m	Adapter ID:[0m[1m 0
[0m[1m[32m	Opcode:[0m[1m HCI Command Packet (2)
[0m[1m[33mLayer BTHCI_CMD
:[0m[1m[32m	Command Opcode:[0m[1m Read RSSI (0x1405)
[0m[1m[32m	0001 01.. .... .... = Opcode Group Field:[0m[1m Status Parameters (0x05)
[0m[1m[32m	.... ..00 0000 0101 = Opcode Command Field:[0m[1m Read RSSI (0x005)
[0m[1m[32m	Parameter Total Length:[0m[1m 2
[0m[1m[32m	Connection Handle:[0m[1m 0x000c
[0m",5,0.6268260478973389,normal,0.70578504,0.29421496,0.70578504
1778740103.685757,"Packet (Length: 9)
[1m[33mLayer BLUETOOTH
:[0m[1m[33mLayer HCI_MON
:[0m[1m[32m	Adapter ID:[0m[1m 0
[0m[1m[32m	Opcode:[0m[1m HCI Event Packet (3)
[0m[1m[33mLayer BTHCI_EVT
:[0m[1m[32m	Event Code:[0m[1m Command Complete (0x0e)
[0m[1m[32m	Parameter Total Length:[0m[1m 7
[0m[1m[32m	Number of Allowed Command Packets:[0m[1m 1
[0m[1m[32m	Command Opcode:[0m[1m Read RSSI (0x1405)
[0m[1m[32m	0001 01.. .... .... = Opcode Group Field:[0m[1m Status Parameters (0x05)
[0m[1m[32m	.... ..00 0000 0101 = Opcode Command Field:[0m[1m Read RSSI (0x005)
[0m[1m[32m	Status:[0m[1m Success (0x00)
[0m[1m[32m	Connection Handle:[0m[1m 0x000c
[0m[1m[32m	RSSI:[0m[1m 0 dBm
[0m[1m[32m	Command in frame:[0m[1m 369
[0m[1m[32m	Command-Response Delta:[0m[1m 0.419ms
[0m",9,0.0004189014434814453,normal,0.70740473,0.2925953,0.70740473
1778740103.685956,"Packet (Length: 6)
[1m[33mLayer BLUETOOTH
:[0m[1m[33mLayer HCI_MON
:[0m[1m[32m	Adapter ID:[0m[1m 0
[0m[1m[32m	Opcode:[0m[1m HCI Command Packet (2)
[0m[1m[33mLayer BTHCI_CMD
:[0m[1m[32m	Command Opcode:[0m[1m Read Tx Power Level (0x0c2d)
[0m[1m[32m	0000 11.. .... .... = Opcode Group Field:[0m[1m Host Controller & Baseband Commands (0x03)
[0m[1m[32m	.... ..00 0010 1101 = Opcode Command Field:[0m[1m Read Tx Power Level (0x02d)
[0m[1m[32m	Parameter Total Length:[0m[1m 3
[0m[1m[32m	Connection Handle:[0m[1m 0x000c
[0m[1m[32m	Tx Power Level Type:[0m[1m Current Tx Power Level (0x00)
[0m",6,0.0001990795135498047,normal,0.70578504,0.29421496,0.70578504
1778740103.686573,"Packet (Length: 9)
[1m[33mLayer BLUETOOTH
:[0m[1m[33mLayer HCI_MON
:[0m[1m[32m	Adapter ID:[0m[1m 0
[0m[1m[32m	Opcode:[0m[1m HCI Event Packet (3)
[0m[1m[33mLayer BTHCI_EVT
:[0m[1m[32m	Event Code:[0m[1m Command Complete (0x0e)
[0m[1m[32m	Parameter Total Length:[0m[1m 7
[0m[1m[32m	Number of Allowed Command Packets:[0m[1m 1
[0m[1m[32m	Command Opcode:[0m[1m Read Tx Power Level (0x0c2d)
[0m[1m[32m	0000 11.. .... .... = Opcode Group Field:[0m[1m Host Controller & Baseband Commands (0x03)
[0m[1m[32m	.... ..00 0010 1101 = Opcode Command Field:[0m[1m Read Tx Power Level (0x02d)
[0m[1m[32m	Status:[0m[1m Success (0x00)
[0m[1m[32m	Connection Handle:[0m[1m 0x000c
[0m[1m[32m	Transmit Power Level:[0m[1m 12 dBm
[0m[1m[32m	Command in frame:[0m[1m 371
[0m[1m[32m	Command-Response Delta:[0m[1m 0.617ms
[0m",9,0.0006170272827148438,normal,0.70740473,0.2925953,0.70740473
1778740104.058934,"Packet (Length: 30)
[1m[33mLayer BLUETOOTH
:[0m[1m[33mLayer HCI_MON
:[0m[1m[32m	Adapter ID:[0m[1m 65535
[0m[1m[32m	Opcode:[0m[1m Control Open (14)
[0m[1m[32m	Cookie:[0m[1m 0x00000005
[0m[1m[32m	Format:[0m[1m Rqw (0x0000)
[0m[1m[32m	Version:[0m[1m 2
[0m[1m[32m	Revision:[0m[1m 22
[0m[1m[32m	Flags:[0m[1m 0x00000000
[0m[1m[32m	.... .... .... .... .... .... .... ...0 = Trusted Socket:[0m[1m False
[0m[1m[32m	Command Length:[0m[1m 16
[0m[1m[32m	Command:[0m[1m blueman-manager
[0m",30,0.3723609447479248,normal,0.70740473,0.2925953,0.70740473
1778740104.058995,"Packet (Length: 4)
[1m[33mLayer BLUETOOTH
:[0m[1m[33mLayer HCI_MON
:[0m[1m[32m	Adapter ID:[0m[1m 65535
[0m[1m[32m	Opcode:[0m[1m Control Close (15)
[0m[1m[32m	Cookie:[0m[1m 0x00000005
[0m",4,6.103515625e-05,normal,0.5525397,0.44746026,0.5525397
1778740104.296278,"Packet (Length: 6)
[1m[33mLayer BLUETOOTH
:[0m[1m[33mLayer HCI_MON
:[0m[1m[32m	Adapter ID:[0m[1m 0
[0m[1m[32m	Opcode:[0m[1m HCI Command Packet (2)
[0m[1m[33mLayer BTHCI_CMD
:[0m[1m[32m	Command Opcode:[0m[1m Disconnect (0x0406)
[0m[1m[32m	0000 01.. .... .... = Opcode Group Field:[0m[1m Link Control Commands (0x01)
[0m[1m[32m	.... ..00 0000 0110 = Opcode Command Field:[0m[1m Disconnect (0x006)
[0m[1m[32m	Parameter Total Length:[0m[1m 3
[0m[1m[32m	Connection Handle:[0m[1m 0x000c
[0m[1m[32m	Reason:[0m[1m Remote User Terminated Connection (0x13)
[0m",6,0.23728299140930176,normal,0.70578504,0.29421496,0.70578504
1778740104.296765,"Packet (Length: 6)
[1m[33mLayer BLUETOOTH
:[0m[1m[33mLayer HCI_MON
:[0m[1m[32m	Adapter ID:[0m[1m 0
[0m[1m[32m	Opcode:[0m[1m HCI Event Packet (3)
[0m[1m[33mLayer BTHCI_EVT
:[0m[1m[32m	Event Code:[0m[1m Command Status (0x0f)
[0m[1m[32m	Parameter Total Length:[0m[1m 4
[0m[1m[32m	Status:[0m[1m Pending (0x00)
[0m[1m[32m	Number of Allowed Command Packets:[0m[1m 1
[0m[1m[32m	Command Opcode:[0m[1m Disconnect (0x0406)
[0m[1m[32m	0000 01.. .... .... = Opcode Group Field:[0m[1m Link Control Commands (0x01)
[0m[1m[32m	.... ..00 0000 0110 = Opcode Command Field:[0m[1m Disconnect (0x006)
[0m[1m[32m	Command in frame:[0m[1m 375
[0m[1m[32m	Command-Pending Delta:[0m[1m 0.487ms
[0m",6,0.0004870891571044922,normal,0.70740473,0.2925953,0.70740473
1778740104.396688,"Packet (Length: 6)
[1m[33mLayer BLUETOOTH
:[0m[1m[33mLayer HCI_MON
:[0m[1m[32m	Adapter ID:[0m[1m 0
[0m[1m[32m	Opcode:[0m[1m HCI Event Packet (3)
[0m[1m[33mLayer BTHCI_EVT
:[0m[1m[32m	Event Code:[0m[1m Disconnect Complete (0x05)
[0m[1m[32m	Parameter Total Length:[0m[1m 4
[0m[1m[32m	Status:[0m[1m Success (0x00)
[0m[1m[32m	Connection Handle:[0m[1m 0x000c
[0m[1m[32m	Reason:[0m[1m Connection Terminated by Local Host (0x16)
[0m[1m[32m	Command in frame:[0m[1m 375
[0m[1m[32m	Pending in frame:[0m[1m 376
[0m[1m[32m	Pending-Response Delta:[0m[1m 99.923ms
[0m[1m[32m	Command-Response Delta:[0m[1m 100.41ms
[0m",6,0.09992289543151855,normal,0.7090191,0.29098085,0.7090191
1778740104.396832,"Packet (Length: 14)
[1m[33mLayer BLUETOOTH
:[0m[1m[33mLayer HCI_MON
:[0m[1m[32m	Adapter ID:[0m[1m 0
[0m[1m[32m	Opcode:[0m[1m Control Event (17)
[0m[1m[32m	Cookie:[0m[1m 0x00000001
[0m[1m[32m	Event:[0m[1m Device disconnected (0x000c)
[0m[1m	Unknown data
[0m[1m[32m	Expert Info (Warning/Protocol):[0m[1m Unknown data
[0m[1m	Unknown data
[0m[1m[32m	Severity level:[0m[1m Warning
[0m[1m[32m	Group:[0m[1m Protocol
[0m",14,0.00014400482177734375,DoS,0.6039318,0.6039318,0.39606816
1778740104.444452,"Packet (Length: 4)
[1m[33mLayer BLUETOOTH
:[0m[1m[33mLayer HCI_MON
:[0m[1m[32m	Adapter ID:[0m[1m 0
[0m[1m[32m	Opcode:[0m[1m HCI Command Packet (2)
[0m[1m[33mLayer BTHCI_CMD
:[0m[1m[32m	Command Opcode:[0m[1m Write Scan Enable (0x0c1a)
[0m[1m[32m	0000 11.. .... .... = Opcode Group Field:[0m[1m Host Controller & Baseband Commands (0x03)
[0m[1m[32m	.... ..00 0001 1010 = Opcode Command Field:[0m[1m Write Scan Enable (0x01a)
[0m[1m[32m	Parameter Total Length:[0m[1m 1
[0m[1m[32m	Scan Enable:[0m[1m Inquiry Scan disabled/Page Scan enabled (0x02)
[0m",4,0.04762005805969238,normal,0.70578504,0.29421496,0.70578504
1778740104.500756,"Packet (Length: 6)
[1m[33mLayer BLUETOOTH
:[0m[1m[33mLayer HCI_MON
:[0m[1m[32m	Adapter ID:[0m[1m 0
[0m[1m[32m	Opcode:[0m[1m HCI Event Packet (3)
[0m[1m[33mLayer BTHCI_EVT
:[0m[1m[32m	Event Code:[0m[1m Command Complete (0x0e)
[0m[1m[32m	Parameter Total Length:[0m[1m 4
[0m[1m[32m	Number of Allowed Command Packets:[0m[1m 1
[0m[1m[32m	Command Opcode:[0m[1m Write Scan Enable (0x0c1a)
[0m[1m[32m	0000 11.. .... .... = Opcode Group Field:[0m[1m Host Controller & Baseband Commands (0x03)
[0m[1m[32m	.... ..00 0001 1010 = Opcode Command Field:[0m[1m Write Scan Enable (0x01a)
[0m[1m[32m	Status:[0m[1m Success (0x00)
[0m[1m[32m	Command in frame:[0m[1m 379
[0m[1m[32m	Command-Response Delta:[0m[1m 56.304ms
[0m",6,0.056303977966308594,normal,0.70740473,0.2925953,0.70740473
1778740104.680476,"Packet (Length: 4)
[1m[33mLayer BLUETOOTH
:[0m[1m[33mLayer HCI_MON
:[0m[1m[32m	Adapter ID:[0m[1m 0
[0m[1m[32m	Opcode:[0m[1m Control Close (15)
[0m[1m[32m	Cookie:[0m[1m 0x00000004
[0m",4,0.1797199249267578,normal,0.5525397,0.44746026,0.5525397
1778740105.058979,"Packet (Length: 30)
[1m[33mLayer BLUETOOTH
:[0m[1m[33mLayer HCI_MON
:[0m[1m[32m	Adapter ID:[0m[1m 65535
[0m[1m[32m	Opcode:[0m[1m Control Open (14)
[0m[1m[32m	Cookie:[0m[1m 0x00000004
[0m[1m[32m	Format:[0m[1m Rqw (0x0000)
[0m[1m[32m	Version:[0m[1m 2
[0m[1m[32m	Revision:[0m[1m 22
[0m[1m[32m	Flags:[0m[1m 0x00000000
[0m[1m[32m	.... .... .... .... .... .... .... ...0 = Trusted Socket:[0m[1m False
[0m[1m[32m	Command Length:[0m[1m 16
[0m[1m[32m	Command:[0m[1m blueman-manager
[0m",30,0.37850308418273926,normal,0.70740473,0.2925953,0.70740473
1778740105.059024,"Packet (Length: 4)
[1m[33mLayer BLUETOOTH
:[0m[1m[33mLayer HCI_MON
:[0m[1m[32m	Adapter ID:[0m[1m 65535
[0m[1m[32m	Opcode:[0m[1m Control Close (15)
[0m[1m[32m	Cookie:[0m[1m 0x00000004
[0m",4,4.506111145019531e-05,normal,0.5525397,0.44746026,0.5525397
1778740106.060134,"Packet (Length: 30)
[1m[33mLayer BLUETOOTH
:[0m[1m[33mLayer HCI_MON
:[0m[1m[32m	Adapter ID:[0m[1m 65535
[0m[1m[32m	Opcode:[0m[1m Control Open (14)
[0m[1m[32m	Cookie:[0m[1m 0x00000004
[0m[1m[32m	Format:[0m[1m Rqw (0x0000)
[0m[1m[32m	Version:[0m[1m 2
[0m[1m[32m	Revision:[0m[1m 22
[0m[1m[32m	Flags:[0m[1m 0x00000000
[0m[1m[32m	.... .... .... .... .... .... .... ...0 = Trusted Socket:[0m[1m False
[0m[1m[32m	Command Length:[0m[1m 16
[0m[1m[32m	Command:[0m[1m blueman-manager
[0m",30,1.0011098384857178,normal,0.70740473,0.2925953,0.70740473
1778740106.060184,"Packet (Length: 4)
[1m[33mLayer BLUETOOTH
:[0m[1m[33mLayer HCI_MON
:[0m[1m[32m	Adapter ID:[0m[1m 65535
[0m[1m[32m	Opcode:[0m[1m Control Close (15)
[0m[1m[32m	Cookie:[0m[1m 0x00000004
[0m",4,5.0067901611328125e-05,normal,0.5525397,0.44746026,0.5525397
1778740107.061317,"Packet (Length: 30)
[1m[33mLayer BLUETOOTH
:[0m[1m[33mLayer HCI_MON
:[0m[1m[32m	Adapter ID:[0m[1m 65535
[0m[1m[32m	Opcode:[0m[1m Control Open (14)
[0m[1m[32m	Cookie:[0m[1m 0x00000004
[0m[1m[32m	Format:[0m[1m Rqw (0x0000)
[0m[1m[32m	Version:[0m[1m 2
[0m[1m[32m	Revision:[0m[1m 22
[0m[1m[32m	Flags:[0m[1m 0x00000000
[0m[1m[32m	.... .... .... .... .... .... .... ...0 = Trusted Socket:[0m[1m False
[0m[1m[32m	Command Length:[0m[1m 16
[0m[1m[32m	Command:[0m[1m blueman-manager
[0m",30,1.0011329650878906,normal,0.70740473,0.2925953,0.70740473
1778740107.06138,"Packet (Length: 4)
[1m[33mLayer BLUETOOTH
:[0m[1m[33mLayer HCI_MON
:[0m[1m[32m	Adapter ID:[0m[1m 65535
[0m[1m[32m	Opcode:[0m[1m Control Close (15)
[0m[1m[32m	Cookie:[0m[1m 0x00000004
[0m",4,6.29425048828125e-05,normal,0.5525397,0.44746026,0.5525397
1778740108.062463,"Packet (Length: 30)
[1m[33mLayer BLUETOOTH
:[0m[1m[33mLayer HCI_MON
:[0m[1m[32m	Adapter ID:[0m[1m 65535
[0m[1m[32m	Opcode:[0m[1m Control Open (14)
[0m[1m[32m	Cookie:[0m[1m 0x00000004
[0m[1m[32m	Format:[0m[1m Rqw (0x0000)
[0m[1m[32m	Version:[0m[1m 2
[0m[1m[32m	Revision:[0m[1m 22
[0m[1m[32m	Flags:[0m[1m 0x00000000
[0m[1m[32m	.... .... .... .... .... .... .... ...0 = Trusted Socket:[0m[1m False
[0m[1m[32m	Command Length:[0m[1m 16
[0m[1m[32m	Command:[0m[1m blueman-manager
[0m",30,1.0010831356048584,normal,0.70740473,0.2925953,0.70740473
1778740108.062522,"Packet (Length: 4)
[1m[33mLayer BLUETOOTH
:[0m[1m[33mLayer HCI_MON
:[0m[1m[32m	Adapter ID:[0m[1m 65535
[0m[1m[32m	Opcode:[0m[1m Control Close (15)
[0m[1m[32m	Cookie:[0m[1m 0x00000004
[0m",4,5.888938903808594e-05,normal,0.5525397,0.44746026,0.5525397
1778740109.0636,"Packet (Length: 30)
[1m[33mLayer BLUETOOTH
:[0m[1m[33mLayer HCI_MON
:[0m[1m[32m	Adapter ID:[0m[1m 65535
[0m[1m[32m	Opcode:[0m[1m Control Open (14)
[0m[1m[32m	Cookie:[0m[1m 0x00000004
[0m[1m[32m	Format:[0m[1m Rqw (0x0000)
[0m[1m[32m	Version:[0m[1m 2
[0m[1m[32m	Revision:[0m[1m 22
[0m[1m[32m	Flags:[0m[1m 0x00000000
[0m[1m[32m	.... .... .... .... .... .... .... ...0 = Trusted Socket:[0m[1m False
[0m[1m[32m	Command Length:[0m[1m 16
[0m[1m[32m	Command:[0m[1m blueman-manager
[0m",30,1.0010781288146973,normal,0.70740473,0.2925953,0.70740473
1778740109.063656,"Packet (Length: 4)
[1m[33mLayer BLUETOOTH
:[0m[1m[33mLayer HCI_MON
:[0m[1m[32m	Adapter ID:[0m[1m 65535
[0m[1m[32m	Opcode:[0m[1m Control Close (15)
[0m[1m[32m	Cookie:[0m[1m 0x00000004
[0m",4,5.602836608886719e-05,normal,0.5525397,0.44746026,0.5525397
1778740109.272792,"Packet (Length: 7)
[1m[33mLayer BLUETOOTH
:[0m[1m[33mLayer HCI_MON
:[0m[1m[32m	Adapter ID:[0m[1m 0
[0m[1m[32m	Opcode:[0m[1m Control Command (16)
[0m[1m[32m	Cookie:[0m[1m 0x00000001
[0m[1m	Unknown data
[0m[1m[32m	Expert Info (Warning/Protocol):[0m[1m Unknown data
[0m[1m	Unknown data
[0m[1m[32m	Severity level:[0m[1m Warning
[0m[1m[32m	Group:[0m[1m Protocol
[0m[1m[32m	Opcode:[0m[1m Unknown (35)
[0m",7,0.2091360092163086,normal,0.6095242,0.39047587,0.6095242
1778740109.272918,"Packet (Length: 9)
[1m[33mLayer BLUETOOTH
:[0m[1m[33mLayer HCI_MON
:[0m[1m[32m	Adapter ID:[0m[1m 0
[0m[1m[32m	Opcode:[0m[1m HCI Command Packet (2)
[0m[1m[33mLayer BTHCI_CMD
:[0m[1m[32m	Command Opcode:[0m[1m LE Set Random Address (0x2005)
[0m[1m[32m	0010 00.. .... .... = Opcode Group Field:[0m[1m LE Controller Commands (0x08)
[0m[1m[32m	.... ..00 0000 0101 = Opcode Command Field:[0m[1m LE Set Random Address (0x005)
[0m[1m[32m	Parameter Total Length:[0m[1m 6
[0m[1m[32m	BD_ADDR:[0m[1m 27:ad:8c:cf:db:05
[0m",9,0.000125885009765625,normal,0.70578504,0.29421496,0.70578504
1778740109.273305,"Packet (Length: 6)
[1m[33mLayer BLUETOOTH
:[0m[1m[33mLayer HCI_MON
:[0m[1m[32m	Adapter ID:[0m[1m 0
[0m[1m[32m	Opcode:[0m[1m HCI Event Packet (3)
[0m[1m[33mLayer BTHCI_EVT
:[0m[1m[32m	Event Code:[0m[1m Command Complete (0x0e)
[0m[1m[32m	Parameter Total Length:[0m[1m 4
[0m[1m[32m	Number of Allowed Command Packets:[0m[1m 1
[0m[1m[32m	Command Opcode:[0m[1m LE Set Random Address (0x2005)
[0m[1m[32m	0010 00.. .... .... = Opcode Group Field:[0m[1m LE Controller Commands (0x08)
[0m[1m[32m	.... ..00 0000 0101 = Opcode Command Field:[0m[1m LE Set Random Address (0x005)
[0m[1m[32m	Status:[0m[1m Success (0x00)
[0m[1m[32m	Command in frame:[0m[1m 393
[0m[1m[32m	Command-Response Delta:[0m[1m 0.387ms
[0m",6,0.00038695335388183594,normal,0.70740473,0.2925953,0.70740473
1778740109.273378,"Packet (Length: 10)
[1m[33mLayer BLUETOOTH
:[0m[1m[33mLayer HCI_MON
:[0m[1m[32m	Adapter ID:[0m[1m 0
[0m[1m[32m	Opcode:[0m[1m HCI Command Packet (2)
[0m[1m[33mLayer BTHCI_CMD
:[0m[1m[32m	Command Opcode:[0m[1m LE Set Scan Parameters (0x200b)
[0m[1m[32m	0010 00.. .... .... = Opcode Group Field:[0m[1m LE Controller Commands (0x08)
[0m[1m[32m	.... ..00 0000 1011 = Opcode Command Field:[0m[1m LE Set Scan Parameters (0x00b)
[0m[1m[32m	Parameter Total Length:[0m[1m 7
[0m[1m[32m	Scan Type:[0m[1m Active (0x01)
[0m[1m[32m	Scan Interval:[0m[1m 11.25 ms (18 slots)
[0m[1m[32m	Scan Window:[0m[1m 11.25 ms (18 slots)
[0m[1m[32m	Own Address Type:[0m[1m Random Device Address (0x01)
[0m[1m[32m	Scan Filter Policy:[0m[1m 0x00, Decision Mode: No-decisions Mode
[0m[1m[32m	0000 .... = Reserved:[0m[1m 0x0
[0m[1m[32m	.... 00.. = Decision Mode:[0m[1m No-decisions Mode (0x0)
[0m[1m[32m	.... ..0. = Extended (Allow Unresolvable TargetA Address):[0m[1m False
[0m[1m[32m	.... ...0 = Filtered (Use Filter Accept List):[0m[1m False
[0m",10,7.295608520507812e-05,normal,0.70578504,0.29421496,0.70578504
1778740109.273697,"Packet (Length: 6)
[1m[33mLayer BLUETOOTH
:[0m[1m[33mLayer HCI_MON
:[0m[1m[32m	Adapter ID:[0m[1m 0
[0m[1m[32m	Opcode:[0m[1m HCI Event Packet (3)
[0m[1m[33mLayer BTHCI_EVT
:[0m[1m[32m	Event Code:[0m[1m Command Complete (0x0e)
[0m[1m[32m	Parameter Total Length:[0m[1m 4
[0m[1m[32m	Number of Allowed Command Packets:[0m[1m 1
[0m[1m[32m	Command Opcode:[0m[1m LE Set Scan Parameters (0x200b)
[0m[1m[32m	0010 00.. .... .... = Opcode Group Field:[0m[1m LE Controller Commands (0x08)
[0m[1m[32m	.... ..00 0000 1011 = Opcode Command Field:[0m[1m LE Set Scan Parameters (0x00b)
[0m[1m[32m	Status:[0m[1m Success (0x00)
[0m[1m[32m	Command in frame:[0m[1m 395
[0m[1m[32m	Command-Response Delta:[0m[1m 0.319ms
[0m",6,0.0003190040588378906,normal,0.70740473,0.2925953,0.70740473
1778740109.273759,"Packet (Length: 5)
[1m[33mLayer BLUETOOTH
:[0m[1m[33mLayer HCI_MON
:[0m[1m[32m	Adapter ID:[0m[1m 0
[0m[1m[32m	Opcode:[0m[1m HCI Command Packet (2)
[0m[1m[33mLayer BTHCI_CMD
:[0m[1m[32m	Command Opcode:[0m[1m LE Set Scan Enable (0x200c)
[0m[1m[32m	0010 00.. .... .... = Opcode Group Field:[0m[1m LE Controller Commands (0x08)
[0m[1m[32m	.... ..00 0000 1100 = Opcode Command Field:[0m[1m LE Set Scan Enable (0x00c)
[0m[1m[32m	Parameter Total Length:[0m[1m 2
[0m[1m[32m	Scan Enable:[0m[1m true (0x01)
[0m[1m[32m	Filter Duplicates:[0m[1m true (0x01)
[0m",5,6.198883056640625e-05,normal,0.70578504,0.29421496,0.70578504
1778740109.274155,"Packet (Length: 6)
[1m[33mLayer BLUETOOTH
:[0m[1m[33mLayer HCI_MON
:[0m[1m[32m	Adapter ID:[0m[1m 0
[0m[1m[32m	Opcode:[0m[1m HCI Event Packet (3)
[0m[1m[33mLayer BTHCI_EVT
:[0m[1m[32m	Event Code:[0m[1m Command Complete (0x0e)
[0m[1m[32m	Parameter Total Length:[0m[1m 4
[0m[1m[32m	Number of Allowed Command Packets:[0m[1m 1
[0m[1m[32m	Command Opcode:[0m[1m LE Set Scan Enable (0x200c)
[0m[1m[32m	0010 00.. .... .... = Opcode Group Field:[0m[1m LE Controller Commands (0x08)
[0m[1m[32m	.... ..00 0000 1100 = Opcode Command Field:[0m[1m LE Set Scan Enable (0x00c)
[0m[1m[32m	Status:[0m[1m Success (0x00)
[0m[1m[32m	Command in frame:[0m[1m 397
[0m[1m[32m	Command-Response Delta:[0m[1m 0.396ms
[0m",6,0.0003960132598876953,normal,0.70740473,0.2925953,0.70740473
1778740109.274248,"Packet (Length: 10)
[1m[33mLayer BLUETOOTH
:[0m[1m[33mLayer HCI_MON
:[0m[1m[32m	Adapter ID:[0m[1m 0
[0m[1m[32m	Opcode:[0m[1m Control Event (17)
[0m[1m[32m	Cookie:[0m[1m 0x00000001
[0m[1m[32m	Event:[0m[1m Command complete (0x0001)
[0m[1m	Unknown data
[0m[1m[32m	Expert Info (Warning/Protocol):[0m[1m Unknown data
[0m[1m	Unknown data
[0m[1m[32m	Severity level:[0m[1m Warning
[0m[1m[32m	Group:[0m[1m Protocol
[0m",10,9.298324584960938e-05,normal,0.6095242,0.39047587,0.6095242
1778740109.274267,"Packet (Length: 8)
[1m[33mLayer BLUETOOTH
:[0m[1m[33mLayer HCI_MON
:[0m[1m[32m	Adapter ID:[0m[1m 0
[0m[1m[32m	Opcode:[0m[1m Control Event (17)
[0m[1m[32m	Cookie:[0m[1m 0x00000001
[0m[1m[32m	Event:[0m[1m Discovering (0x0013)
[0m[1m	Unknown data
[0m[1m[32m	Expert Info (Warning/Protocol):[0m[1m Unknown data
[0m[1m	Unknown data
[0m[1m[32m	Severity level:[0m[1m Warning
[0m[1m[32m	Group:[0m[1m Protocol
[0m",8,1.9073486328125e-05,DoS,0.6039318,0.6039318,0.39606816
1778740109.302045,"Packet (Length: 32)
[1m[33mLayer BLUETOOTH
:[0m[1m[33mLayer HCI_MON
:[0m[1m[32m	Adapter ID:[0m[1m 0
[0m[1m[32m	Opcode:[0m[1m HCI Event Packet (3)
[0m[1m[33mLayer BTHCI_EVT
:[0m[1m[32m	Event Code:[0m[1m LE Meta (0x3e)
[0m[1m[32m	Parameter Total Length:[0m[1m 30
[0m[1m[32m	Sub Event:[0m[1m LE Advertising Report (0x02)
[0m[1m[32m	Num Reports:[0m[1m 1
[0m[1m[32m	Event Type:[0m[1m Connectable Undirected Advertising (0x00)
[0m[1m[32m	Peer Address Type:[0m[1m Random Device Address (0x01)
[0m[1m[32m	BD_ADDR:[0m[1m 7c:d6:b3:3f:c3:ad
[0m[1m[32m	Data Length:[0m[1m 18
[0m[1m	Advertising Data
[0m[1m	Flags
[0m[1m[32m	Length:[0m[1m 2
[0m[1m[32m	Type:[0m[1m Flags (0x01)
[0m[1m[32m	000. .... = Reserved:[0m[1m 0x0
[0m[1m[32m	...1 .... = Simultaneous LE and BR/EDR to Same Device Capable (Host):[0m[1m true (0x1)
[0m[1m[32m	.... 1... = Simultaneous LE and BR/EDR to Same Device Capable (Controller):[0m[1m true (0x1)
[0m[1m[32m	.... .0.. = BR/EDR Not Supported:[0m[1m false (0x0)
[0m[1m[32m	.... ..1. = LE General Discoverable Mode:[0m[1m true (0x1)
[0m[1m[32m	.... ...0 = LE Limited Discoverable Mode:[0m[1m false (0x0)
[0m[1m[32m	Power Level (dBm):[0m[1m 15
[0m[1m[32m	Company ID:[0m[1m Apple, Inc. (0x004c)
[0m[1m[32m	Data:[0m[1m 10067d1e6e97118f
[0m[1m[32m	Expert Info (Note/Undecoded):[0m[1m Undecoded
[0m[1m	Undecoded
[0m[1m[32m	Severity level:[0m[1m Note
[0m[1m[32m	Group:[0m[1m Undecoded
[0m[1m[32m	RSSI:[0m[1m -37 dBm
[0m[1m	Tx Power Level
[0m[1m	Manufacturer Specific
[0m[1m[32m	Length:[0m[1m 2
[0m[1m[32m	Length:[0m[1m 11
[0m[1m[32m	Type:[0m[1m Tx Power Level (0x0a)
[0m[1m[32m	Type:[0m[1m Manufacturer Specific (0xff)
[0m",32,0.027778148651123047,DoS,0.70089483,0.70089483,0.2991052
1778740109.302746,"Packet (Length: 14)
[1m[33mLayer BLUETOOTH
:[0m[1m[33mLayer HCI_MON
:[0m[1m[32m	Adapter ID:[0m[1m 0
[0m[1m[32m	Opcode:[0m[1m HCI Event Packet (3)
[0m[1m[33mLayer BTHCI_EVT
:[0m[1m[32m	Event Code:[0m[1m LE Meta (0x3e)
[0m[1m[32m	Parameter Total Length:[0m[1m 12
[0m[1m[32m	Sub Event:[0m[1m LE Advertising Report (0x02)
[0m[1m[32m	Num Reports:[0m[1m 1
[0m[1m[32m	Event Type:[0m[1m Scan Response (0x04)
[0m[1m[32m	Peer Address Type:[0m[1m Random Device Address (0x01)
[0m[1m[32m	BD_ADDR:[0m[1m 7c:d6:b3:3f:c3:ad
[0m[1m[32m	Data Length:[0m[1m 0
[0m[1m[32m	RSSI:[0m[1m -36 dBm
[0m",14,0.0007009506225585938,normal,0.5983122,0.4016878,0.5983122
1778740109.302796,"Packet (Length: 38)
[1m[33mLayer BLUETOOTH
:[0m[1m[33mLayer HCI_MON
:[0m[1m[32m	Adapter ID:[0m[1m 0
[0m[1m[32m	Opcode:[0m[1m Control Event (17)
[0m[1m[32m	Cookie:[0m[1m 0x00000001
[0m[1m[32m	Event:[0m[1m Device found (0x0012)
[0m[1m	Unknown data
[0m[1m[32m	Expert Info (Warning/Protocol):[0m[1m Unknown data
[0m[1m	Unknown data
[0m[1m[32m	Severity level:[0m[1m Warning
[0m[1m[32m	Group:[0m[1m Protocol
[0m",38,4.982948303222656e-05,DoS,0.7295198,0.7295198,0.27048025
1778740109.317614,"Packet (Length: 31)
[1m[33mLayer BLUETOOTH
:[0m[1m[33mLayer HCI_MON
:[0m[1m[32m	Adapter ID:[0m[1m 0
[0m[1m[32m	Opcode:[0m[1m HCI Event Packet (3)
[0m[1m[33mLayer BTHCI_EVT
:[0m[1m[32m	Event Code:[0m[1m LE Meta (0x3e)
[0m[1m[32m	Parameter Total Length:[0m[1m 29
[0m[1m[32m	Sub Event:[0m[1m LE Advertising Report (0x02)
[0m[1m[32m	Num Reports:[0m[1m 1
[0m[1m[32m	Event Type:[0m[1m Connectable Undirected Advertising (0x00)
[0m[1m[32m	Peer Address Type:[0m[1m Random Device Address (0x01)
[0m[1m[32m	BD_ADDR:[0m[1m 5f:50:80:1d:4b:7b
[0m[1m[32m	Data Length:[0m[1m 17
[0m[1m	Advertising Data
[0m[1m	Flags
[0m[1m[32m	Length:[0m[1m 2
[0m[1m[32m	Type:[0m[1m Flags (0x01)
[0m[1m[32m	000. .... = Reserved:[0m[1m 0x0
[0m[1m[32m	...1 .... = Simultaneous LE and BR/EDR to Same Device Capable (Host):[0m[1m true (0x1)
[0m[1m[32m	.... 1... = Simultaneous LE and BR/EDR to Same Device Capable (Controller):[0m[1m true (0x1)
[0m[1m[32m	.... .0.. = BR/EDR Not Supported:[0m[1m false (0x0)
[0m[1m[32m	.... ..1. = LE General Discoverable Mode:[0m[1m true (0x1)
[0m[1m[32m	.... ...0 = LE Limited Discoverable Mode:[0m[1m false (0x0)
[0m[1m[32m	Power Level (dBm):[0m[1m 12
[0m[1m[32m	Company ID:[0m[1m Apple, Inc. (0x004c)
[0m[1m[32m	Data:[0m[1m 1005021cbea404
[0m[1m[32m	Expert Info (Note/Undecoded):[0m[1m Undecoded
[0m[1m	Undecoded
[0m[1m[32m	Severity level:[0m[1m Note
[0m[1m[32m	Group:[0m[1m Undecoded
[0m[1m[32m	RSSI:[0m[1m -56 dBm
[0m[1m	Tx Power Level
[0m[1m	Manufacturer Specific
[0m[1m[32m	Length:[0m[1m 2
[0m[1m[32m	Length:[0m[1m 10
[0m[1m[32m	Type:[0m[1m Tx Power Level (0x0a)
[0m[1m[32m	Type:[0m[1m Manufacturer Specific (0xff)
[0m",31,0.014818191528320312,DoS,0.6959583,0.6959583,0.30404168
1778740109.318096,"Packet (Length: 14)
[1m[33mLayer BLUETOOTH
:[0m[1m[33mLayer HCI_MON
:[0m[1m[32m	Adapter ID:[0m[1m 0
[0m[1m[32m	Opcode:[0m[1m HCI Event Packet (3)
[0m[1m[33mLayer BTHCI_EVT
:[0m[1m[32m	Event Code:[0m[1m LE Meta (0x3e)
[0m[1m[32m	Parameter Total Length:[0m[1m 12
[0m[1m[32m	Sub Event:[0m[1m LE Advertising Report (0x02)
[0m[1m[32m	Num Reports:[0m[1m 1
[0m[1m[32m	Event Type:[0m[1m Scan Response (0x04)
[0m[1m[32m	Peer Address Type:[0m[1m Random Device Address (0x01)
[0m[1m[32m	BD_ADDR:[0m[1m 5f:50:80:1d:4b:7b
[0m[1m[32m	Data Length:[0m[1m 0
[0m[1m[32m	RSSI:[0m[1m -56 dBm
[0m",14,0.0004818439483642578,normal,0.5983122,0.4016878,0.5983122
1778740109.318131,"Packet (Length: 37)
[1m[33mLayer BLUETOOTH
:[0m[1m[33mLayer HCI_MON
:[0m[1m[32m	Adapter ID:[0m[1m 0
[0m[1m[32m	Opcode:[0m[1m Control Event (17)
[0m[1m[32m	Cookie:[0m[1m 0x00000001
[0m[1m[32m	Event:[0m[1m Device found (0x0012)
[0m[1m	Unknown data
[0m[1m[32m	Expert Info (Warning/Protocol):[0m[1m Unknown data
[0m[1m	Unknown data
[0m[1m[32m	Severity level:[0m[1m Warning
[0m[1m[32m	Group:[0m[1m Protocol
[0m",37,3.504753112792969e-05,DoS,0.7295198,0.7295198,0.27048025
1778740109.328687,"Packet (Length: 24)
[1m[33mLayer BLUETOOTH
:[0m[1m[33mLayer HCI_MON
:[0m[1m[32m	Adapter ID:[0m[1m 0
[0m[1m[32m	Opcode:[0m[1m HCI Event Packet (3)
[0m[1m[33mLayer BTHCI_EVT
:[0m[1m[32m	Event Code:[0m[1m LE Meta (0x3e)
[0m[1m[32m	Parameter Total Length:[0m[1m 22
[0m[1m[32m	Sub Event:[0m[1m LE Advertising Report (0x02)
[0m[1m[32m	Num Reports:[0m[1m 1
[0m[1m[32m	Event Type:[0m[1m Connectable Undirected Advertising (0x00)
[0m[1m[32m	Peer Address Type:[0m[1m Random Device Address (0x01)
[0m[1m[32m	BD_ADDR:[0m[1m f1:e3:c6:6a:c5:d8
[0m[1m[32m	Data Length:[0m[1m 10
[0m[1m	Advertising Data
[0m[1m	Service Data - 16 bit UUID
[0m[1m[32m	Length:[0m[1m 6
[0m[1m[32m	Type:[0m[1m Service Data - 16 bit UUID (0x16)
[0m[1m[32m	UUID 16:[0m[1m Google LLC (0xfe2c)
[0m[1m[32m	Service Data:[0m[1m 67b851
[0m[1m[32m	Power Level (dBm):[0m[1m -8
[0m[1m[32m	RSSI:[0m[1m -34 dBm
[0m[1m	Tx Power Level
[0m[1m[32m	Length:[0m[1m 2
[0m[1m[32m	Type:[0m[1m Tx Power Level (0x0a)
[0m",24,0.01055598258972168,DoS,0.5794004,0.5794004,0.4205996
1778740109.329509,"Packet (Length: 42)
[1m[33mLayer BLUETOOTH
:[0m[1m[33mLayer HCI_MON
:[0m[1m[32m	Adapter ID:[0m[1m 0
[0m[1m[32m	Opcode:[0m[1m HCI Event Packet (3)
[0m[1m[33mLayer BTHCI_EVT
:[0m[1m[32m	Event Code:[0m[1m LE Meta (0x3e)
[0m[1m[32m	Parameter Total Length:[0m[1m 40
[0m[1m[32m	Sub Event:[0m[1m LE Advertising Report (0x02)
[0m[1m[32m	Num Reports:[0m[1m 1
[0m[1m[32m	Event Type:[0m[1m Scan Response (0x04)
[0m[1m[32m	Peer Address Type:[0m[1m Random Device Address (0x01)
[0m[1m[32m	BD_ADDR:[0m[1m f1:e3:c6:6a:c5:d8
[0m[1m[32m	Data Length:[0m[1m 28
[0m[1m	Advertising Data
[0m[1m[32m	Device Name:[0m[1m realme Buds T200 Lite(BLE)
[0m[1m[32m	Length:[0m[1m 27
[0m[1m[32m	Type:[0m[1m Device Name (0x09)
[0m[1m[32m	Device Name:[0m[1m realme Buds T200 Lite(BLE)
[0m[1m[32m	RSSI:[0m[1m -34 dBm
[0m",42,0.0008220672607421875,DoS,0.7264256,0.7264256,0.27357438
1778740109.329555,"Packet (Length: 58)
[1m[33mLayer BLUETOOTH
:[0m[1m[33mLayer HCI_MON
:[0m[1m[32m	Adapter ID:[0m[1m 0
[0m[1m[32m	Opcode:[0m[1m Control Event (17)
[0m[1m[32m	Cookie:[0m[1m 0x00000001
[0m[1m[32m	Event:[0m[1m Device found (0x0012)
[0m[1m	Unknown data
[0m[1m[32m	Expert Info (Warning/Protocol):[0m[1m Unknown data
[0m[1m	Unknown data
[0m[1m[32m	Severity level:[0m[1m Warning
[0m[1m[32m	Group:[0m[1m Protocol
[0m",58,4.601478576660156e-05,DoS,0.7302899,0.7302899,0.26971012
1778740109.477056,"Packet (Length: 29)
[1m[33mLayer BLUETOOTH
:[0m[1m[33mLayer HCI_MON
:[0m[1m[32m	Adapter ID:[0m[1m 0
[0m[1m[32m	Opcode:[0m[1m HCI Event Packet (3)
[0m[1m[33mLayer BTHCI_EVT
:[0m[1m[32m	Event Code:[0m[1m LE Meta (0x3e)
[0m[1m[32m	Parameter Total Length:[0m[1m 27
[0m[1m[32m	Sub Event:[0m[1m LE Advertising Report (0x02)
[0m[1m[32m	Num Reports:[0m[1m 1
[0m[1m[32m	Event Type:[0m[1m Non-Connectable Undirected Advertising (0x03)
[0m[1m[32m	Peer Address Type:[0m[1m Random Device Address (0x01)
[0m[1m[32m	BD_ADDR:[0m[1m 15:7e:9d:a5:f4:88
[0m[1m[32m	Data Length:[0m[1m 15
[0m[1m	Advertising Data
[0m[1m	Flags
[0m[1m[32m	Length:[0m[1m 2
[0m[1m[32m	Type:[0m[1m Flags (0x01)
[0m[1m[32m	000. .... = Reserved:[0m[1m 0x0
[0m[1m[32m	...1 .... = Simultaneous LE and BR/EDR to Same Device Capable (Host):[0m[1m true (0x1)
[0m[1m[32m	.... 1... = Simultaneous LE and BR/EDR to Same Device Capable (Controller):[0m[1m true (0x1)
[0m[1m[32m	.... .0.. = BR/EDR Not Supported:[0m[1m false (0x0)
[0m[1m[32m	.... ..1. = LE General Discoverable Mode:[0m[1m true (0x1)
[0m[1m[32m	.... ...0 = LE Limited Discoverable Mode:[0m[1m false (0x0)
[0m[1m[32m	Company ID:[0m[1m Apple, Inc. (0x004c)
[0m[1m[32m	Data:[0m[1m 090603530ae69d4e
[0m[1m[32m	Expert Info (Note/Undecoded):[0m[1m Undecoded
[0m[1m	Undecoded
[0m[1m[32m	Severity level:[0m[1m Note
[0m[1m[32m	Group:[0m[1m Undecoded
[0m[1m[32m	RSSI:[0m[1m -51 dBm
[0m[1m	Manufacturer Specific
[0m[1m[32m	Length:[0m[1m 11
[0m[1m[32m	Type:[0m[1m Manufacturer Specific (0xff)
[0m",29,0.14750099182128906,DoS,0.6791787,0.6791787,0.3208213
1778740109.477206,"Packet (Length: 35)
[1m[33mLayer BLUETOOTH
:[0m[1m[33mLayer HCI_MON
:[0m[1m[32m	Adapter ID:[0m[1m 0
[0m[1m[32m	Opcode:[0m[1m Control Event (17)
[0m[1m[32m	Cookie:[0m[1m 0x00000001
[0m[1m[32m	Event:[0m[1m Device found (0x0012)
[0m[1m	Unknown data
[0m[1m[32m	Expert Info (Warning/Protocol):[0m[1m Unknown data
[0m[1m	Unknown data
[0m[1m[32m	Severity level:[0m[1m Warning
[0m[1m[32m	Group:[0m[1m Protocol
[0m",35,0.0001499652862548828,DoS,0.7295198,0.7295198,0.27048025
1778740109.6276,"Packet (Length: 22)
[1m[33mLayer BLUETOOTH
:[0m[1m[33mLayer HCI_MON
:[0m[1m[32m	Adapter ID:[0m[1m 0
[0m[1m[32m	Opcode:[0m[1m HCI Event Packet (3)
[0m[1m[33mLayer BTHCI_EVT
:[0m[1m[32m	Event Code:[0m[1m LE Meta (0x3e)
[0m[1m[32m	Parameter Total Length:[0m[1m 20
[0m[1m[32m	Sub Event:[0m[1m LE Advertising Report (0x02)
[0m[1m[32m	Num Reports:[0m[1m 1
[0m[1m[32m	Event Type:[0m[1m Non-Connectable Undirected Advertising (0x03)
[0m[1m[32m	Peer Address Type:[0m[1m Random Device Address (0x01)
[0m[1m[32m	BD_ADDR:[0m[1m c0:e2:03:13:dd:9b
[0m[1m[32m	Data Length:[0m[1m 8
[0m[1m	Advertising Data
[0m[1m	Manufacturer Specific
[0m[1m[32m	Length:[0m[1m 7
[0m[1m[32m	Type:[0m[1m Manufacturer Specific (0xff)
[0m[1m[32m	Company ID:[0m[1m Apple, Inc. (0x004c)
[0m[1m[32m	Data:[0m[1m 12020001
[0m[1m[32m	Expert Info (Note/Undecoded):[0m[1m Undecoded
[0m[1m	Undecoded
[0m[1m[32m	Severity level:[0m[1m Note
[0m[1m[32m	Group:[0m[1m Undecoded
[0m[1m[32m	RSSI:[0m[1m -34 dBm
[0m",22,0.15039396286010742,DoS,0.53704137,0.53704137,0.4629586
1778740109.627746,"Packet (Length: 28)
[1m[33mLayer BLUETOOTH
:[0m[1m[33mLayer HCI_MON
:[0m[1m[32m	Adapter ID:[0m[1m 0
[0m[1m[32m	Opcode:[0m[1m Control Event (17)
[0m[1m[32m	Cookie:[0m[1m 0x00000001
[0m[1m[32m	Event:[0m[1m Device found (0x0012)
[0m[1m	Unknown data
[0m[1m[32m	Expert Info (Warning/Protocol):[0m[1m Unknown data
[0m[1m	Unknown data
[0m[1m[32m	Severity level:[0m[1m Warning
[0m[1m[32m	Group:[0m[1m Protocol
[0m",28,0.0001461505889892578,DoS,0.6688803,0.6688803,0.33111975
1778740110.064284,"Packet (Length: 30)
[1m[33mLayer BLUETOOTH
:[0m[1m[33mLayer HCI_MON
:[0m[1m[32m	Adapter ID:[0m[1m 65535
[0m[1m[32m	Opcode:[0m[1m Control Open (14)
[0m[1m[32m	Cookie:[0m[1m 0x00000004
[0m[1m[32m	Format:[0m[1m Rqw (0x0000)
[0m[1m[32m	Version:[0m[1m 2
[0m[1m[32m	Revision:[0m[1m 22
[0m[1m[32m	Flags:[0m[1m 0x00000000
[0m[1m[32m	.... .... .... .... .... .... .... ...0 = Trusted Socket:[0m[1m False
[0m[1m[32m	Command Length:[0m[1m 16
[0m[1m[32m	Command:[0m[1m blueman-manager
[0m",30,0.4365379810333252,normal,0.70740473,0.2925953,0.70740473
1778740110.064331,"Packet (Length: 4)
[1m[33mLayer BLUETOOTH
:[0m[1m[33mLayer HCI_MON
:[0m[1m[32m	Adapter ID:[0m[1m 65535
[0m[1m[32m	Opcode:[0m[1m Control Close (15)
[0m[1m[32m	Cookie:[0m[1m 0x00000004
[0m",4,4.696846008300781e-05,normal,0.5525397,0.44746026,0.5525397
