LocalTime, GPSTime, ESSID, BSSID, Power, Security, Latitude, Longitude, Latitude Error, Longitude Error, Type
2026-05-15 07:35:04,1900-01-00 00:00:00,,40:86:CB:27:D2:0C,-17, ,0.000000,0.000000,0.000,0.000,AP
2026-05-15 07:35:04,1900-01-00 00:00:00,dlink-615_EXT,40:86:CB:27:D2:0C,-19, WPA2 ,0.000000,0.000000,0.000,0.000,AP
2026-05-15 07:35:04,1900-01-00 00:00:00,dlink-615_EXT,40:86:CB:27:D2:0C,-19, WPA2 ,0.000000,0.000000,0.000,0.000,AP
2026-05-15 07:35:04,1900-01-00 00:00:00,dlink-615_EXT,40:86:CB:27:D2:0C,-19, WPA2 ,0.000000,0.000000,0.000,0.000,AP
2026-05-15 07:35:05,1900-01-00 00:00:00,dlink-615_EXT,40:86:CB:27:D2:0C,-19, WPA2 ,0.000000,0.000000,0.000,0.000,AP
2026-05-15 07:35:06,1900-01-00 00:00:00,dlink-615_EXT,40:86:CB:27:D2:0C,-19, WPA2 ,0.000000,0.000000,0.000,0.000,AP
2026-05-15 07:35:19,1900-01-00 00:00:00,dlink-615_EXT,40:86:CB:27:D2:0C,-59, WPA2 ,0.000000,0.000000,0.000,0.000,AP
2026-05-15 07:35:24,1900-01-00 00:00:00,,9C:2F:9D:82:20:A3,-67,,0.000000,0.000000,0.000,0.000,Client
2026-05-15 07:35:24,1900-01-00 00:00:00,dlink-615_EXT,40:86:CB:27:D2:0C,-19, WPA2 ,0.000000,0.000000,0.000,0.000,AP
2026-05-15 07:35:24,1900-01-00 00:00:00,dlink-615_EXT,40:86:CB:27:D2:0C,-19, WPA2 ,0.000000,0.000000,0.000,0.000,AP
2026-05-15 07:35:25,1900-01-00 00:00:00,dlink-615_EXT,40:86:CB:27:D2:0C,-19, WPA2 ,0.000000,0.000000,0.000,0.000,AP
2026-05-15 07:35:25,1900-01-00 00:00:00,dlink-615_EXT,40:86:CB:27:D2:0C,-21, WPA2 ,0.000000,0.000000,0.000,0.000,AP
2026-05-15 07:35:25,1900-01-00 00:00:00,dlink-615_EXT,40:86:CB:27:D2:0C,-21, WPA2 ,0.000000,0.000000,0.000,0.000,AP
2026-05-15 07:35:26,1900-01-00 00:00:00,,9C:2F:9D:82:20:A3,-21,,0.000000,0.000000,0.000,0.000,Client
2026-05-15 07:35:26,1900-01-00 00:00:00,dlink-615_EXT,40:86:CB:27:D2:0C,-21, WPA2 ,0.000000,0.000000,0.000,0.000,AP
2026-05-15 07:35:26,1900-01-00 00:00:00,,9C:2F:9D:82:20:A3,-21,,0.000000,0.000000,0.000,0.000,Client
2026-05-15 07:35:26,1900-01-00 00:00:00,dlink-615_EXT,40:86:CB:27:D2:0C,-21, WPA2 ,0.000000,0.000000,0.000,0.000,AP
2026-05-15 07:35:26,1900-01-00 00:00:00,,9C:2F:9D:82:20:A3,-21,,0.000000,0.000000,0.000,0.000,Client
2026-05-15 07:35:26,1900-01-00 00:00:00,dlink-615_EXT,40:86:CB:27:D2:0C,-21, WPA2 ,0.000000,0.000000,0.000,0.000,AP
2026-05-15 07:35:26,1900-01-00 00:00:00,,9C:2F:9D:82:20:A3,-21,,0.000000,0.000000,0.000,0.000,Client
2026-05-15 07:35:26,1900-01-00 00:00:00,dlink-615_EXT,40:86:CB:27:D2:0C,-21, WPA2 ,0.000000,0.000000,0.000,0.000,AP
2026-05-15 07:35:26,1900-01-00 00:00:00,,9C:2F:9D:82:20:A3,-21,,0.000000,0.000000,0.000,0.000,Client
2026-05-15 07:35:26,1900-01-00 00:00:00,dlink-615_EXT,40:86:CB:27:D2:0C,-21, WPA2 ,0.000000,0.000000,0.000,0.000,AP
2026-05-15 07:35:26,1900-01-00 00:00:00,,9C:2F:9D:82:20:A3,-21,,0.000000,0.000000,0.000,0.000,Client
2026-05-15 07:35:26,1900-01-00 00:00:00,dlink-615_EXT,40:86:CB:27:D2:0C,-21, WPA2 ,0.000000,0.000000,0.000,0.000,AP
2026-05-15 07:35:26,1900-01-00 00:00:00,,9C:2F:9D:82:20:A3,-21,,0.000000,0.000000,0.000,0.000,Client
2026-05-15 07:35:26,1900-01-00 00:00:00,dlink-615_EXT,40:86:CB:27:D2:0C,-21, WPA2 ,0.000000,0.000000,0.000,0.000,AP
2026-05-15 07:35:26,1900-01-00 00:00:00,,9C:2F:9D:82:20:A3,-21,,0.000000,0.000000,0.000,0.000,Client
2026-05-15 07:35:26,1900-01-00 00:00:00,dlink-615_EXT,40:86:CB:27:D2:0C,-21, WPA2 ,0.000000,0.000000,0.000,0.000,AP
2026-05-15 07:35:26,1900-01-00 00:00:00,,9C:2F:9D:82:20:A3,-21,,0.000000,0.000000,0.000,0.000,Client
2026-05-15 07:35:26,1900-01-00 00:00:00,dlink-615_EXT,40:86:CB:27:D2:0C,-21, WPA2 ,0.000000,0.000000,0.000,0.000,AP
2026-05-15 07:35:26,1900-01-00 00:00:00,,9C:2F:9D:82:20:A3,-21,,0.000000,0.000000,0.000,0.000,Client
2026-05-15 07:35:26,1900-01-00 00:00:00,dlink-615_EXT,40:86:CB:27:D2:0C,-21, WPA2 ,0.000000,0.000000,0.000,0.000,AP
2026-05-15 07:35:26,1900-01-00 00:00:00,,9C:2F:9D:82:20:A3,-21,,0.000000,0.000000,0.000,0.000,Client
2026-05-15 07:35:26,1900-01-00 00:00:00,dlink-615_EXT,40:86:CB:27:D2:0C,-21, WPA2 ,0.000000,0.000000,0.000,0.000,AP
2026-05-15 07:35:26,1900-01-00 00:00:00,,9C:2F:9D:82:20:A3,-21,,0.000000,0.000000,0.000,0.000,Client
2026-05-15 07:35:26,1900-01-00 00:00:00,dlink-615_EXT,40:86:CB:27:D2:0C,-21, WPA2 ,0.000000,0.000000,0.000,0.000,AP
2026-05-15 07:35:26,1900-01-00 00:00:00,,9C:2F:9D:82:20:A3,-21,,0.000000,0.000000,0.000,0.000,Client
2026-05-15 07:35:26,1900-01-00 00:00:00,dlink-615_EXT,40:86:CB:27:D2:0C,-21, WPA2 ,0.000000,0.000000,0.000,0.000,AP
2026-05-15 07:35:26,1900-01-00 00:00:00,,9C:2F:9D:82:20:A3,-21,,0.000000,0.000000,0.000,0.000,Client
2026-05-15 07:35:26,1900-01-00 00:00:00,dlink-615_EXT,40:86:CB:27:D2:0C,-21, WPA2 ,0.000000,0.000000,0.000,0.000,AP
2026-05-15 07:35:26,1900-01-00 00:00:00,,9C:2F:9D:82:20:A3,-21,,0.000000,0.000000,0.000,0.000,Client
2026-05-15 07:35:26,1900-01-00 00:00:00,dlink-615_EXT,40:86:CB:27:D2:0C,-21, WPA2 ,0.000000,0.000000,0.000,0.000,AP
2026-05-15 07:35:26,1900-01-00 00:00:00,,9C:2F:9D:82:20:A3,-21,,0.000000,0.000000,0.000,0.000,Client
2026-05-15 07:35:26,1900-01-00 00:00:00,dlink-615_EXT,40:86:CB:27:D2:0C,-21, WPA2 ,0.000000,0.000000,0.000,0.000,AP
2026-05-15 07:35:26,1900-01-00 00:00:00,,9C:2F:9D:82:20:A3,-21,,0.000000,0.000000,0.000,0.000,Client
2026-05-15 07:35:26,1900-01-00 00:00:00,dlink-615_EXT,40:86:CB:27:D2:0C,-21, WPA2 ,0.000000,0.000000,0.000,0.000,AP
2026-05-15 07:35:26,1900-01-00 00:00:00,,9C:2F:9D:82:20:A3,-21,,0.000000,0.000000,0.000,0.000,Client
2026-05-15 07:35:26,1900-01-00 00:00:00,dlink-615_EXT,40:86:CB:27:D2:0C,-21, WPA2 ,0.000000,0.000000,0.000,0.000,AP
2026-05-15 07:35:26,1900-01-00 00:00:00,,9C:2F:9D:82:20:A3,-21,,0.000000,0.000000,0.000,0.000,Client
2026-05-15 07:35:26,1900-01-00 00:00:00,dlink-615_EXT,40:86:CB:27:D2:0C,-21, WPA2 ,0.000000,0.000000,0.000,0.000,AP
2026-05-15 07:35:26,1900-01-00 00:00:00,,9C:2F:9D:82:20:A3,-21,,0.000000,0.000000,0.000,0.000,Client
2026-05-15 07:35:26,1900-01-00 00:00:00,dlink-615_EXT,40:86:CB:27:D2:0C,-21, WPA2 ,0.000000,0.000000,0.000,0.000,AP
2026-05-15 07:35:26,1900-01-00 00:00:00,,9C:2F:9D:82:20:A3,-21,,0.000000,0.000000,0.000,0.000,Client
2026-05-15 07:35:26,1900-01-00 00:00:00,dlink-615_EXT,40:86:CB:27:D2:0C,-21, WPA2 ,0.000000,0.000000,0.000,0.000,AP
2026-05-15 07:35:26,1900-01-00 00:00:00,,9C:2F:9D:82:20:A3,-21,,0.000000,0.000000,0.000,0.000,Client
2026-05-15 07:35:26,1900-01-00 00:00:00,dlink-615_EXT,40:86:CB:27:D2:0C,-21, WPA2 ,0.000000,0.000000,0.000,0.000,AP
2026-05-15 07:35:26,1900-01-00 00:00:00,,9C:2F:9D:82:20:A3,-21,,0.000000,0.000000,0.000,0.000,Client
2026-05-15 07:35:26,1900-01-00 00:00:00,dlink-615_EXT,40:86:CB:27:D2:0C,-21, WPA2 ,0.000000,0.000000,0.000,0.000,AP
2026-05-15 07:35:26,1900-01-00 00:00:00,,9C:2F:9D:82:20:A3,-21,,0.000000,0.000000,0.000,0.000,Client
2026-05-15 07:35:26,1900-01-00 00:00:00,dlink-615_EXT,40:86:CB:27:D2:0C,-21, WPA2 ,0.000000,0.000000,0.000,0.000,AP
2026-05-15 07:35:26,1900-01-00 00:00:00,,9C:2F:9D:82:20:A3,-21,,0.000000,0.000000,0.000,0.000,Client
2026-05-15 07:35:26,1900-01-00 00:00:00,dlink-615_EXT,40:86:CB:27:D2:0C,-21, WPA2 ,0.000000,0.000000,0.000,0.000,AP
2026-05-15 07:35:26,1900-01-00 00:00:00,,9C:2F:9D:82:20:A3,-21,,0.000000,0.000000,0.000,0.000,Client
2026-05-15 07:35:26,1900-01-00 00:00:00,dlink-615_EXT,40:86:CB:27:D2:0C,-21, WPA2 ,0.000000,0.000000,0.000,0.000,AP
2026-05-15 07:35:26,1900-01-00 00:00:00,,9C:2F:9D:82:20:A3,-21,,0.000000,0.000000,0.000,0.000,Client
2026-05-15 07:35:26,1900-01-00 00:00:00,dlink-615_EXT,40:86:CB:27:D2:0C,-21, WPA2 ,0.000000,0.000000,0.000,0.000,AP
2026-05-15 07:35:26,1900-01-00 00:00:00,,9C:2F:9D:82:20:A3,-21,,0.000000,0.000000,0.000,0.000,Client
2026-05-15 07:35:26,1900-01-00 00:00:00,dlink-615_EXT,40:86:CB:27:D2:0C,-21, WPA2 ,0.000000,0.000000,0.000,0.000,AP
2026-05-15 07:35:26,1900-01-00 00:00:00,,9C:2F:9D:82:20:A3,-21,,0.000000,0.000000,0.000,0.000,Client
2026-05-15 07:35:26,1900-01-00 00:00:00,dlink-615_EXT,40:86:CB:27:D2:0C,-21, WPA2 ,0.000000,0.000000,0.000,0.000,AP
2026-05-15 07:35:26,1900-01-00 00:00:00,,9C:2F:9D:82:20:A3,-21,,0.000000,0.000000,0.000,0.000,Client
2026-05-15 07:35:26,1900-01-00 00:00:00,dlink-615_EXT,40:86:CB:27:D2:0C,-17, WPA2 ,0.000000,0.000000,0.000,0.000,AP
2026-05-15 07:35:26,1900-01-00 00:00:00,,9C:2F:9D:82:20:A3,-17,,0.000000,0.000000,0.000,0.000,Client
2026-05-15 07:35:26,1900-01-00 00:00:00,dlink-615_EXT,40:86:CB:27:D2:0C,-17, WPA2 ,0.000000,0.000000,0.000,0.000,AP
2026-05-15 07:35:26,1900-01-00 00:00:00,,9C:2F:9D:82:20:A3,-17,,0.000000,0.000000,0.000,0.000,Client
2026-05-15 07:35:26,1900-01-00 00:00:00,dlink-615_EXT,40:86:CB:27:D2:0C,-17, WPA2 ,0.000000,0.000000,0.000,0.000,AP
2026-05-15 07:35:26,1900-01-00 00:00:00,,9C:2F:9D:82:20:A3,-17,,0.000000,0.000000,0.000,0.000,Client
2026-05-15 07:35:26,1900-01-00 00:00:00,dlink-615_EXT,40:86:CB:27:D2:0C,-17, WPA2 ,0.000000,0.000000,0.000,0.000,AP
2026-05-15 07:35:26,1900-01-00 00:00:00,,9C:2F:9D:82:20:A3,-15,,0.000000,0.000000,0.000,0.000,Client
2026-05-15 07:35:26,1900-01-00 00:00:00,dlink-615_EXT,40:86:CB:27:D2:0C,-15, WPA2 ,0.000000,0.000000,0.000,0.000,AP
2026-05-15 07:35:26,1900-01-00 00:00:00,,9C:2F:9D:82:20:A3,-15,,0.000000,0.000000,0.000,0.000,Client
2026-05-15 07:35:26,1900-01-00 00:00:00,dlink-615_EXT,40:86:CB:27:D2:0C,-15, WPA2 ,0.000000,0.000000,0.000,0.000,AP
2026-05-15 07:35:26,1900-01-00 00:00:00,,9C:2F:9D:82:20:A3,-15,,0.000000,0.000000,0.000,0.000,Client
2026-05-15 07:35:26,1900-01-00 00:00:00,dlink-615_EXT,40:86:CB:27:D2:0C,-15, WPA2 ,0.000000,0.000000,0.000,0.000,AP
2026-05-15 07:35:26,1900-01-00 00:00:00,,9C:2F:9D:82:20:A3,-15,,0.000000,0.000000,0.000,0.000,Client
2026-05-15 07:35:26,1900-01-00 00:00:00,dlink-615_EXT,40:86:CB:27:D2:0C,-15, WPA2 ,0.000000,0.000000,0.000,0.000,AP
2026-05-15 07:35:26,1900-01-00 00:00:00,,9C:2F:9D:82:20:A3,-15,,0.000000,0.000000,0.000,0.000,Client
2026-05-15 07:35:26,1900-01-00 00:00:00,dlink-615_EXT,40:86:CB:27:D2:0C,-15, WPA2 ,0.000000,0.000000,0.000,0.000,AP
2026-05-15 07:35:26,1900-01-00 00:00:00,,9C:2F:9D:82:20:A3,-15,,0.000000,0.000000,0.000,0.000,Client
2026-05-15 07:35:26,1900-01-00 00:00:00,dlink-615_EXT,40:86:CB:27:D2:0C,-15, WPA2 ,0.000000,0.000000,0.000,0.000,AP
2026-05-15 07:35:26,1900-01-00 00:00:00,,9C:2F:9D:82:20:A3,-15,,0.000000,0.000000,0.000,0.000,Client
2026-05-15 07:35:26,1900-01-00 00:00:00,dlink-615_EXT,40:86:CB:27:D2:0C,-15, WPA2 ,0.000000,0.000000,0.000,0.000,AP
2026-05-15 07:35:26,1900-01-00 00:00:00,,9C:2F:9D:82:20:A3,-15,,0.000000,0.000000,0.000,0.000,Client
2026-05-15 07:35:26,1900-01-00 00:00:00,dlink-615_EXT,40:86:CB:27:D2:0C,-15, WPA2 ,0.000000,0.000000,0.000,0.000,AP
2026-05-15 07:35:26,1900-01-00 00:00:00,,9C:2F:9D:82:20:A3,-15,,0.000000,0.000000,0.000,0.000,Client
2026-05-15 07:35:26,1900-01-00 00:00:00,dlink-615_EXT,40:86:CB:27:D2:0C,-15, WPA2 ,0.000000,0.000000,0.000,0.000,AP
2026-05-15 07:35:26,1900-01-00 00:00:00,,9C:2F:9D:82:20:A3,-15,,0.000000,0.000000,0.000,0.000,Client
2026-05-15 07:35:26,1900-01-00 00:00:00,dlink-615_EXT,40:86:CB:27:D2:0C,-15, WPA2 ,0.000000,0.000000,0.000,0.000,AP
2026-05-15 07:35:26,1900-01-00 00:00:00,,9C:2F:9D:82:20:A3,-15,,0.000000,0.000000,0.000,0.000,Client
2026-05-15 07:35:26,1900-01-00 00:00:00,dlink-615_EXT,40:86:CB:27:D2:0C,-15, WPA2 ,0.000000,0.000000,0.000,0.000,AP
2026-05-15 07:35:26,1900-01-00 00:00:00,,9C:2F:9D:82:20:A3,-15,,0.000000,0.000000,0.000,0.000,Client
2026-05-15 07:35:26,1900-01-00 00:00:00,dlink-615_EXT,40:86:CB:27:D2:0C,-15, WPA2 ,0.000000,0.000000,0.000,0.000,AP
2026-05-15 07:35:26,1900-01-00 00:00:00,,9C:2F:9D:82:20:A3,-15,,0.000000,0.000000,0.000,0.000,Client
2026-05-15 07:35:26,1900-01-00 00:00:00,dlink-615_EXT,40:86:CB:27:D2:0C,-15, WPA2 ,0.000000,0.000000,0.000,0.000,AP
2026-05-15 07:35:26,1900-01-00 00:00:00,,9C:2F:9D:82:20:A3,-15,,0.000000,0.000000,0.000,0.000,Client
2026-05-15 07:35:26,1900-01-00 00:00:00,dlink-615_EXT,40:86:CB:27:D2:0C,-15, WPA2 ,0.000000,0.000000,0.000,0.000,AP
2026-05-15 07:35:26,1900-01-00 00:00:00,,9C:2F:9D:82:20:A3,-15,,0.000000,0.000000,0.000,0.000,Client
2026-05-15 07:35:26,1900-01-00 00:00:00,dlink-615_EXT,40:86:CB:27:D2:0C,-15, WPA2 ,0.000000,0.000000,0.000,0.000,AP
2026-05-15 07:35:26,1900-01-00 00:00:00,,9C:2F:9D:82:20:A3,-15,,0.000000,0.000000,0.000,0.000,Client
2026-05-15 07:35:26,1900-01-00 00:00:00,dlink-615_EXT,40:86:CB:27:D2:0C,-15, WPA2 ,0.000000,0.000000,0.000,0.000,AP
2026-05-15 07:35:26,1900-01-00 00:00:00,,9C:2F:9D:82:20:A3,-15,,0.000000,0.000000,0.000,0.000,Client
2026-05-15 07:35:26,1900-01-00 00:00:00,dlink-615_EXT,40:86:CB:27:D2:0C,-15, WPA2 ,0.000000,0.000000,0.000,0.000,AP
2026-05-15 07:35:26,1900-01-00 00:00:00,,9C:2F:9D:82:20:A3,-15,,0.000000,0.000000,0.000,0.000,Client
2026-05-15 07:35:26,1900-01-00 00:00:00,dlink-615_EXT,40:86:CB:27:D2:0C,-15, WPA2 ,0.000000,0.000000,0.000,0.000,AP
2026-05-15 07:35:26,1900-01-00 00:00:00,,9C:2F:9D:82:20:A3,-15,,0.000000,0.000000,0.000,0.000,Client
2026-05-15 07:35:26,1900-01-00 00:00:00,dlink-615_EXT,40:86:CB:27:D2:0C,-15, WPA2 ,0.000000,0.000000,0.000,0.000,AP
2026-05-15 07:35:26,1900-01-00 00:00:00,,9C:2F:9D:82:20:A3,-15,,0.000000,0.000000,0.000,0.000,Client
2026-05-15 07:35:26,1900-01-00 00:00:00,dlink-615_EXT,40:86:CB:27:D2:0C,-15, WPA2 ,0.000000,0.000000,0.000,0.000,AP
2026-05-15 07:35:26,1900-01-00 00:00:00,,9C:2F:9D:82:20:A3,-15,,0.000000,0.000000,0.000,0.000,Client
2026-05-15 07:35:26,1900-01-00 00:00:00,dlink-615_EXT,40:86:CB:27:D2:0C,-15, WPA2 ,0.000000,0.000000,0.000,0.000,AP
2026-05-15 07:35:26,1900-01-00 00:00:00,,9C:2F:9D:82:20:A3,-15,,0.000000,0.000000,0.000,0.000,Client
2026-05-15 07:35:26,1900-01-00 00:00:00,dlink-615_EXT,40:86:CB:27:D2:0C,-15, WPA2 ,0.000000,0.000000,0.000,0.000,AP
2026-05-15 07:35:26,1900-01-00 00:00:00,,9C:2F:9D:82:20:A3,-15,,0.000000,0.000000,0.000,0.000,Client
2026-05-15 07:35:26,1900-01-00 00:00:00,dlink-615_EXT,40:86:CB:27:D2:0C,-15, WPA2 ,0.000000,0.000000,0.000,0.000,AP
2026-05-15 07:35:26,1900-01-00 00:00:00,,9C:2F:9D:82:20:A3,-15,,0.000000,0.000000,0.000,0.000,Client
2026-05-15 07:35:26,1900-01-00 00:00:00,dlink-615_EXT,40:86:CB:27:D2:0C,-15, WPA2 ,0.000000,0.000000,0.000,0.000,AP
2026-05-15 07:35:26,1900-01-00 00:00:00,,9C:2F:9D:82:20:A3,-15,,0.000000,0.000000,0.000,0.000,Client
2026-05-15 07:35:26,1900-01-00 00:00:00,dlink-615_EXT,40:86:CB:27:D2:0C,-15, WPA2 ,0.000000,0.000000,0.000,0.000,AP
2026-05-15 07:35:26,1900-01-00 00:00:00,,9C:2F:9D:82:20:A3,-15,,0.000000,0.000000,0.000,0.000,Client
2026-05-15 07:35:26,1900-01-00 00:00:00,dlink-615_EXT,40:86:CB:27:D2:0C,-15, WPA2 ,0.000000,0.000000,0.000,0.000,AP
2026-05-15 07:35:26,1900-01-00 00:00:00,,9C:2F:9D:82:20:A3,-15,,0.000000,0.000000,0.000,0.000,Client
2026-05-15 07:35:26,1900-01-00 00:00:00,dlink-615_EXT,40:86:CB:27:D2:0C,-15, WPA2 ,0.000000,0.000000,0.000,0.000,AP
2026-05-15 07:35:26,1900-01-00 00:00:00,,9C:2F:9D:82:20:A3,-15,,0.000000,0.000000,0.000,0.000,Client
2026-05-15 07:35:26,1900-01-00 00:00:00,dlink-615_EXT,40:86:CB:27:D2:0C,-15, WPA2 ,0.000000,0.000000,0.000,0.000,AP
2026-05-15 07:35:26,1900-01-00 00:00:00,,9C:2F:9D:82:20:A3,-15,,0.000000,0.000000,0.000,0.000,Client
2026-05-15 07:35:26,1900-01-00 00:00:00,dlink-615_EXT,40:86:CB:27:D2:0C,-15, WPA2 ,0.000000,0.000000,0.000,0.000,AP
2026-05-15 07:35:26,1900-01-00 00:00:00,,9C:2F:9D:82:20:A3,-15,,0.000000,0.000000,0.000,0.000,Client
2026-05-15 07:35:26,1900-01-00 00:00:00,dlink-615_EXT,40:86:CB:27:D2:0C,-15, WPA2 ,0.000000,0.000000,0.000,0.000,AP
2026-05-15 07:35:26,1900-01-00 00:00:00,,9C:2F:9D:82:20:A3,-15,,0.000000,0.000000,0.000,0.000,Client
2026-05-15 07:35:26,1900-01-00 00:00:00,dlink-615_EXT,40:86:CB:27:D2:0C,-15, WPA2 ,0.000000,0.000000,0.000,0.000,AP
2026-05-15 07:35:26,1900-01-00 00:00:00,,9C:2F:9D:82:20:A3,-15,,0.000000,0.000000,0.000,0.000,Client
2026-05-15 07:35:26,1900-01-00 00:00:00,dlink-615_EXT,40:86:CB:27:D2:0C,-15, WPA2 ,0.000000,0.000000,0.000,0.000,AP
2026-05-15 07:35:26,1900-01-00 00:00:00,,9C:2F:9D:82:20:A3,-15,,0.000000,0.000000,0.000,0.000,Client
2026-05-15 07:35:26,1900-01-00 00:00:00,dlink-615_EXT,40:86:CB:27:D2:0C,-15, WPA2 ,0.000000,0.000000,0.000,0.000,AP
2026-05-15 07:35:26,1900-01-00 00:00:00,,9C:2F:9D:82:20:A3,-15,,0.000000,0.000000,0.000,0.000,Client
2026-05-15 07:35:26,1900-01-00 00:00:00,dlink-615_EXT,40:86:CB:27:D2:0C,-15, WPA2 ,0.000000,0.000000,0.000,0.000,AP
2026-05-15 07:35:26,1900-01-00 00:00:00,,9C:2F:9D:82:20:A3,-15,,0.000000,0.000000,0.000,0.000,Client
2026-05-15 07:35:26,1900-01-00 00:00:00,dlink-615_EXT,40:86:CB:27:D2:0C,-15, WPA2 ,0.000000,0.000000,0.000,0.000,AP
2026-05-15 07:35:26,1900-01-00 00:00:00,,9C:2F:9D:82:20:A3,-15,,0.000000,0.000000,0.000,0.000,Client
2026-05-15 07:35:26,1900-01-00 00:00:00,dlink-615_EXT,40:86:CB:27:D2:0C,-15, WPA2 ,0.000000,0.000000,0.000,0.000,AP
2026-05-15 07:35:26,1900-01-00 00:00:00,,9C:2F:9D:82:20:A3,-15,,0.000000,0.000000,0.000,0.000,Client
2026-05-15 07:35:26,1900-01-00 00:00:00,dlink-615_EXT,40:86:CB:27:D2:0C,-15, WPA2 ,0.000000,0.000000,0.000,0.000,AP
2026-05-15 07:35:26,1900-01-00 00:00:00,,9C:2F:9D:82:20:A3,-15,,0.000000,0.000000,0.000,0.000,Client
2026-05-15 07:35:26,1900-01-00 00:00:00,dlink-615_EXT,40:86:CB:27:D2:0C,-15, WPA2 ,0.000000,0.000000,0.000,0.000,AP
2026-05-15 07:35:26,1900-01-00 00:00:00,,9C:2F:9D:82:20:A3,-15,,0.000000,0.000000,0.000,0.000,Client
2026-05-15 07:35:26,1900-01-00 00:00:00,dlink-615_EXT,40:86:CB:27:D2:0C,-15, WPA2 ,0.000000,0.000000,0.000,0.000,AP
2026-05-15 07:35:26,1900-01-00 00:00:00,,9C:2F:9D:82:20:A3,-15,,0.000000,0.000000,0.000,0.000,Client
2026-05-15 07:35:26,1900-01-00 00:00:00,dlink-615_EXT,40:86:CB:27:D2:0C,-15, WPA2 ,0.000000,0.000000,0.000,0.000,AP
2026-05-15 07:35:26,1900-01-00 00:00:00,,9C:2F:9D:82:20:A3,-15,,0.000000,0.000000,0.000,0.000,Client
2026-05-15 07:35:26,1900-01-00 00:00:00,dlink-615_EXT,40:86:CB:27:D2:0C,-15, WPA2 ,0.000000,0.000000,0.000,0.000,AP
2026-05-15 07:35:26,1900-01-00 00:00:00,,9C:2F:9D:82:20:A3,-15,,0.000000,0.000000,0.000,0.000,Client
2026-05-15 07:35:26,1900-01-00 00:00:00,dlink-615_EXT,40:86:CB:27:D2:0C,-15, WPA2 ,0.000000,0.000000,0.000,0.000,AP
2026-05-15 07:35:26,1900-01-00 00:00:00,,9C:2F:9D:82:20:A3,-15,,0.000000,0.000000,0.000,0.000,Client
2026-05-15 07:35:26,1900-01-00 00:00:00,dlink-615_EXT,40:86:CB:27:D2:0C,-15, WPA2 ,0.000000,0.000000,0.000,0.000,AP
2026-05-15 07:35:26,1900-01-00 00:00:00,,9C:2F:9D:82:20:A3,-15,,0.000000,0.000000,0.000,0.000,Client
2026-05-15 07:35:26,1900-01-00 00:00:00,dlink-615_EXT,40:86:CB:27:D2:0C,-15, WPA2 ,0.000000,0.000000,0.000,0.000,AP
2026-05-15 07:35:26,1900-01-00 00:00:00,,9C:2F:9D:82:20:A3,-15,,0.000000,0.000000,0.000,0.000,Client
2026-05-15 07:35:26,1900-01-00 00:00:00,dlink-615_EXT,40:86:CB:27:D2:0C,-15, WPA2 ,0.000000,0.000000,0.000,0.000,AP
2026-05-15 07:35:26,1900-01-00 00:00:00,,9C:2F:9D:82:20:A3,-15,,0.000000,0.000000,0.000,0.000,Client
2026-05-15 07:35:26,1900-01-00 00:00:00,dlink-615_EXT,40:86:CB:27:D2:0C,-15, WPA2 ,0.000000,0.000000,0.000,0.000,AP
2026-05-15 07:35:26,1900-01-00 00:00:00,,9C:2F:9D:82:20:A3,-15,,0.000000,0.000000,0.000,0.000,Client
2026-05-15 07:35:26,1900-01-00 00:00:00,dlink-615_EXT,40:86:CB:27:D2:0C,-15, WPA2 ,0.000000,0.000000,0.000,0.000,AP
2026-05-15 07:35:26,1900-01-00 00:00:00,,9C:2F:9D:82:20:A3,-15,,0.000000,0.000000,0.000,0.000,Client
2026-05-15 07:35:26,1900-01-00 00:00:00,dlink-615_EXT,40:86:CB:27:D2:0C,-15, WPA2 ,0.000000,0.000000,0.000,0.000,AP
2026-05-15 07:35:26,1900-01-00 00:00:00,,9C:2F:9D:82:20:A3,-15,,0.000000,0.000000,0.000,0.000,Client
2026-05-15 07:35:26,1900-01-00 00:00:00,dlink-615_EXT,40:86:CB:27:D2:0C,-15, WPA2 ,0.000000,0.000000,0.000,0.000,AP
2026-05-15 07:35:26,1900-01-00 00:00:00,,9C:2F:9D:82:20:A3,-15,,0.000000,0.000000,0.000,0.000,Client
2026-05-15 07:35:26,1900-01-00 00:00:00,dlink-615_EXT,40:86:CB:27:D2:0C,-15, WPA2 ,0.000000,0.000000,0.000,0.000,AP
2026-05-15 07:35:26,1900-01-00 00:00:00,,9C:2F:9D:82:20:A3,-15,,0.000000,0.000000,0.000,0.000,Client
2026-05-15 07:35:26,1900-01-00 00:00:00,dlink-615_EXT,40:86:CB:27:D2:0C,-15, WPA2 ,0.000000,0.000000,0.000,0.000,AP
2026-05-15 07:35:26,1900-01-00 00:00:00,,9C:2F:9D:82:20:A3,-15,,0.000000,0.000000,0.000,0.000,Client
2026-05-15 07:35:26,1900-01-00 00:00:00,dlink-615_EXT,40:86:CB:27:D2:0C,-15, WPA2 ,0.000000,0.000000,0.000,0.000,AP
2026-05-15 07:35:26,1900-01-00 00:00:00,,9C:2F:9D:82:20:A3,-15,,0.000000,0.000000,0.000,0.000,Client
2026-05-15 07:35:26,1900-01-00 00:00:00,dlink-615_EXT,40:86:CB:27:D2:0C,-15, WPA2 ,0.000000,0.000000,0.000,0.000,AP
2026-05-15 07:35:26,1900-01-00 00:00:00,,9C:2F:9D:82:20:A3,-15,,0.000000,0.000000,0.000,0.000,Client
2026-05-15 07:35:26,1900-01-00 00:00:00,dlink-615_EXT,40:86:CB:27:D2:0C,-15, WPA2 ,0.000000,0.000000,0.000,0.000,AP
2026-05-15 07:35:26,1900-01-00 00:00:00,,9C:2F:9D:82:20:A3,-15,,0.000000,0.000000,0.000,0.000,Client
2026-05-15 07:35:26,1900-01-00 00:00:00,dlink-615_EXT,40:86:CB:27:D2:0C,-15, WPA2 ,0.000000,0.000000,0.000,0.000,AP
2026-05-15 07:35:26,1900-01-00 00:00:00,,9C:2F:9D:82:20:A3,-15,,0.000000,0.000000,0.000,0.000,Client
2026-05-15 07:35:26,1900-01-00 00:00:00,dlink-615_EXT,40:86:CB:27:D2:0C,-15, WPA2 ,0.000000,0.000000,0.000,0.000,AP
2026-05-15 07:35:26,1900-01-00 00:00:00,,9C:2F:9D:82:20:A3,-15,,0.000000,0.000000,0.000,0.000,Client
2026-05-15 07:35:26,1900-01-00 00:00:00,dlink-615_EXT,40:86:CB:27:D2:0C,-15, WPA2 ,0.000000,0.000000,0.000,0.000,AP
2026-05-15 07:35:26,1900-01-00 00:00:00,,9C:2F:9D:82:20:A3,-15,,0.000000,0.000000,0.000,0.000,Client
2026-05-15 07:35:26,1900-01-00 00:00:00,dlink-615_EXT,40:86:CB:27:D2:0C,-15, WPA2 ,0.000000,0.000000,0.000,0.000,AP
2026-05-15 07:35:26,1900-01-00 00:00:00,,9C:2F:9D:82:20:A3,-15,,0.000000,0.000000,0.000,0.000,Client
2026-05-15 07:35:26,1900-01-00 00:00:00,dlink-615_EXT,40:86:CB:27:D2:0C,-15, WPA2 ,0.000000,0.000000,0.000,0.000,AP
2026-05-15 07:35:26,1900-01-00 00:00:00,,9C:2F:9D:82:20:A3,-15,,0.000000,0.000000,0.000,0.000,Client
2026-05-15 07:35:26,1900-01-00 00:00:00,dlink-615_EXT,40:86:CB:27:D2:0C,-15, WPA2 ,0.000000,0.000000,0.000,0.000,AP
2026-05-15 07:35:26,1900-01-00 00:00:00,,9C:2F:9D:82:20:A3,-15,,0.000000,0.000000,0.000,0.000,Client
2026-05-15 07:35:26,1900-01-00 00:00:00,dlink-615_EXT,40:86:CB:27:D2:0C,-15, WPA2 ,0.000000,0.000000,0.000,0.000,AP
2026-05-15 07:35:26,1900-01-00 00:00:00,,9C:2F:9D:82:20:A3,-15,,0.000000,0.000000,0.000,0.000,Client
2026-05-15 07:35:26,1900-01-00 00:00:00,dlink-615_EXT,40:86:CB:27:D2:0C,-15, WPA2 ,0.000000,0.000000,0.000,0.000,AP
2026-05-15 07:35:26,1900-01-00 00:00:00,,9C:2F:9D:82:20:A3,-15,,0.000000,0.000000,0.000,0.000,Client
2026-05-15 07:35:26,1900-01-00 00:00:00,dlink-615_EXT,40:86:CB:27:D2:0C,-15, WPA2 ,0.000000,0.000000,0.000,0.000,AP
2026-05-15 07:35:26,1900-01-00 00:00:00,,9C:2F:9D:82:20:A3,-15,,0.000000,0.000000,0.000,0.000,Client
2026-05-15 07:35:26,1900-01-00 00:00:00,dlink-615_EXT,40:86:CB:27:D2:0C,-15, WPA2 ,0.000000,0.000000,0.000,0.000,AP
2026-05-15 07:35:26,1900-01-00 00:00:00,,9C:2F:9D:82:20:A3,-15,,0.000000,0.000000,0.000,0.000,Client
2026-05-15 07:35:26,1900-01-00 00:00:00,dlink-615_EXT,40:86:CB:27:D2:0C,-61, WPA2 ,0.000000,0.000000,0.000,0.000,AP
2026-05-15 07:35:26,1900-01-00 00:00:00,,9C:2F:9D:82:20:A3,-61,,0.000000,0.000000,0.000,0.000,Client
2026-05-15 07:35:26,1900-01-00 00:00:00,dlink-615_EXT,40:86:CB:27:D2:0C,-61, WPA2 ,0.000000,0.000000,0.000,0.000,AP
2026-05-15 07:35:26,1900-01-00 00:00:00,,9C:2F:9D:82:20:A3,-61,,0.000000,0.000000,0.000,0.000,Client
2026-05-15 07:35:26,1900-01-00 00:00:00,dlink-615_EXT,40:86:CB:27:D2:0C,-61, WPA2 ,0.000000,0.000000,0.000,0.000,AP
2026-05-15 07:35:26,1900-01-00 00:00:00,,9C:2F:9D:82:20:A3,-61,,0.000000,0.000000,0.000,0.000,Client
2026-05-15 07:35:26,1900-01-00 00:00:00,dlink-615_EXT,40:86:CB:27:D2:0C,-61, WPA2 ,0.000000,0.000000,0.000,0.000,AP
2026-05-15 07:35:26,1900-01-00 00:00:00,,9C:2F:9D:82:20:A3,-61,,0.000000,0.000000,0.000,0.000,Client
2026-05-15 07:35:26,1900-01-00 00:00:00,dlink-615_EXT,40:86:CB:27:D2:0C,-61, WPA2 ,0.000000,0.000000,0.000,0.000,AP
2026-05-15 07:35:26,1900-01-00 00:00:00,,9C:2F:9D:82:20:A3,-61,,0.000000,0.000000,0.000,0.000,Client
2026-05-15 07:35:26,1900-01-00 00:00:00,dlink-615_EXT,40:86:CB:27:D2:0C,-61, WPA2 ,0.000000,0.000000,0.000,0.000,AP
2026-05-15 07:35:26,1900-01-00 00:00:00,,9C:2F:9D:82:20:A3,-61,,0.000000,0.000000,0.000,0.000,Client
2026-05-15 07:35:26,1900-01-00 00:00:00,dlink-615_EXT,40:86:CB:27:D2:0C,-61, WPA2 ,0.000000,0.000000,0.000,0.000,AP
2026-05-15 07:35:26,1900-01-00 00:00:00,,9C:2F:9D:82:20:A3,-61,,0.000000,0.000000,0.000,0.000,Client
2026-05-15 07:35:26,1900-01-00 00:00:00,dlink-615_EXT,40:86:CB:27:D2:0C,-61, WPA2 ,0.000000,0.000000,0.000,0.000,AP
2026-05-15 07:35:26,1900-01-00 00:00:00,,9C:2F:9D:82:20:A3,-61,,0.000000,0.000000,0.000,0.000,Client
2026-05-15 07:35:26,1900-01-00 00:00:00,dlink-615_EXT,40:86:CB:27:D2:0C,-61, WPA2 ,0.000000,0.000000,0.000,0.000,AP
2026-05-15 07:35:26,1900-01-00 00:00:00,,9C:2F:9D:82:20:A3,-61,,0.000000,0.000000,0.000,0.000,Client
2026-05-15 07:35:26,1900-01-00 00:00:00,dlink-615_EXT,40:86:CB:27:D2:0C,-61, WPA2 ,0.000000,0.000000,0.000,0.000,AP
2026-05-15 07:35:26,1900-01-00 00:00:00,,9C:2F:9D:82:20:A3,-61,,0.000000,0.000000,0.000,0.000,Client
2026-05-15 07:35:26,1900-01-00 00:00:00,dlink-615_EXT,40:86:CB:27:D2:0C,-61, WPA2 ,0.000000,0.000000,0.000,0.000,AP
2026-05-15 07:35:26,1900-01-00 00:00:00,,9C:2F:9D:82:20:A3,-61,,0.000000,0.000000,0.000,0.000,Client
2026-05-15 07:35:26,1900-01-00 00:00:00,dlink-615_EXT,40:86:CB:27:D2:0C,-61, WPA2 ,0.000000,0.000000,0.000,0.000,AP
2026-05-15 07:35:26,1900-01-00 00:00:00,,9C:2F:9D:82:20:A3,-61,,0.000000,0.000000,0.000,0.000,Client
2026-05-15 07:35:26,1900-01-00 00:00:00,dlink-615_EXT,40:86:CB:27:D2:0C,-61, WPA2 ,0.000000,0.000000,0.000,0.000,AP
2026-05-15 07:35:26,1900-01-00 00:00:00,,9C:2F:9D:82:20:A3,-61,,0.000000,0.000000,0.000,0.000,Client
2026-05-15 07:35:26,1900-01-00 00:00:00,dlink-615_EXT,40:86:CB:27:D2:0C,-61, WPA2 ,0.000000,0.000000,0.000,0.000,AP
2026-05-15 07:35:26,1900-01-00 00:00:00,,9C:2F:9D:82:20:A3,-61,,0.000000,0.000000,0.000,0.000,Client
2026-05-15 07:35:26,1900-01-00 00:00:00,dlink-615_EXT,40:86:CB:27:D2:0C,-61, WPA2 ,0.000000,0.000000,0.000,0.000,AP
2026-05-15 07:35:26,1900-01-00 00:00:00,,9C:2F:9D:82:20:A3,-61,,0.000000,0.000000,0.000,0.000,Client
2026-05-15 07:35:26,1900-01-00 00:00:00,dlink-615_EXT,40:86:CB:27:D2:0C,-61, WPA2 ,0.000000,0.000000,0.000,0.000,AP
2026-05-15 07:35:26,1900-01-00 00:00:00,,9C:2F:9D:82:20:A3,-61,,0.000000,0.000000,0.000,0.000,Client
2026-05-15 07:35:26,1900-01-00 00:00:00,dlink-615_EXT,40:86:CB:27:D2:0C,-61, WPA2 ,0.000000,0.000000,0.000,0.000,AP
2026-05-15 07:35:26,1900-01-00 00:00:00,,9C:2F:9D:82:20:A3,-61,,0.000000,0.000000,0.000,0.000,Client
2026-05-15 07:35:26,1900-01-00 00:00:00,dlink-615_EXT,40:86:CB:27:D2:0C,-61, WPA2 ,0.000000,0.000000,0.000,0.000,AP
2026-05-15 07:35:26,1900-01-00 00:00:00,,9C:2F:9D:82:20:A3,-61,,0.000000,0.000000,0.000,0.000,Client
2026-05-15 07:35:26,1900-01-00 00:00:00,dlink-615_EXT,40:86:CB:27:D2:0C,-19, WPA2 ,0.000000,0.000000,0.000,0.000,AP
2026-05-15 07:35:26,1900-01-00 00:00:00,,9C:2F:9D:82:20:A3,-19,,0.000000,0.000000,0.000,0.000,Client
2026-05-15 07:35:26,1900-01-00 00:00:00,dlink-615_EXT,40:86:CB:27:D2:0C,-19, WPA2 ,0.000000,0.000000,0.000,0.000,AP
2026-05-15 07:35:26,1900-01-00 00:00:00,,9C:2F:9D:82:20:A3,-19,,0.000000,0.000000,0.000,0.000,Client
2026-05-15 07:35:26,1900-01-00 00:00:00,dlink-615_EXT,40:86:CB:27:D2:0C,-19, WPA2 ,0.000000,0.000000,0.000,0.000,AP
2026-05-15 07:35:26,1900-01-00 00:00:00,,9C:2F:9D:82:20:A3,-17,,0.000000,0.000000,0.000,0.000,Client
2026-05-15 07:35:26,1900-01-00 00:00:00,dlink-615_EXT,40:86:CB:27:D2:0C,-19, WPA2 ,0.000000,0.000000,0.000,0.000,AP
2026-05-15 07:35:26,1900-01-00 00:00:00,,9C:2F:9D:82:20:A3,-19,,0.000000,0.000000,0.000,0.000,Client
2026-05-15 07:35:26,1900-01-00 00:00:00,dlink-615_EXT,40:86:CB:27:D2:0C,-19, WPA2 ,0.000000,0.000000,0.000,0.000,AP
2026-05-15 07:35:26,1900-01-00 00:00:00,,9C:2F:9D:82:20:A3,-19,,0.000000,0.000000,0.000,0.000,Client
2026-05-15 07:35:26,1900-01-00 00:00:00,dlink-615_EXT,40:86:CB:27:D2:0C,-19, WPA2 ,0.000000,0.000000,0.000,0.000,AP
2026-05-15 07:35:26,1900-01-00 00:00:00,,9C:2F:9D:82:20:A3,-19,,0.000000,0.000000,0.000,0.000,Client
2026-05-15 07:35:26,1900-01-00 00:00:00,dlink-615_EXT,40:86:CB:27:D2:0C,-19, WPA2 ,0.000000,0.000000,0.000,0.000,AP
2026-05-15 07:35:26,1900-01-00 00:00:00,,9C:2F:9D:82:20:A3,-19,,0.000000,0.000000,0.000,0.000,Client
2026-05-15 07:35:26,1900-01-00 00:00:00,dlink-615_EXT,40:86:CB:27:D2:0C,-19, WPA2 ,0.000000,0.000000,0.000,0.000,AP
2026-05-15 07:35:26,1900-01-00 00:00:00,,9C:2F:9D:82:20:A3,-19,,0.000000,0.000000,0.000,0.000,Client
2026-05-15 07:35:26,1900-01-00 00:00:00,dlink-615_EXT,40:86:CB:27:D2:0C,-19, WPA2 ,0.000000,0.000000,0.000,0.000,AP
2026-05-15 07:35:26,1900-01-00 00:00:00,,9C:2F:9D:82:20:A3,-19,,0.000000,0.000000,0.000,0.000,Client
2026-05-15 07:35:26,1900-01-00 00:00:00,dlink-615_EXT,40:86:CB:27:D2:0C,-19, WPA2 ,0.000000,0.000000,0.000,0.000,AP
2026-05-15 07:35:26,1900-01-00 00:00:00,,9C:2F:9D:82:20:A3,-19,,0.000000,0.000000,0.000,0.000,Client
2026-05-15 07:35:26,1900-01-00 00:00:00,dlink-615_EXT,40:86:CB:27:D2:0C,-19, WPA2 ,0.000000,0.000000,0.000,0.000,AP
2026-05-15 07:35:26,1900-01-00 00:00:00,,9C:2F:9D:82:20:A3,-19,,0.000000,0.000000,0.000,0.000,Client
2026-05-15 07:35:26,1900-01-00 00:00:00,dlink-615_EXT,40:86:CB:27:D2:0C,-19, WPA2 ,0.000000,0.000000,0.000,0.000,AP
2026-05-15 07:35:26,1900-01-00 00:00:00,,9C:2F:9D:82:20:A3,-19,,0.000000,0.000000,0.000,0.000,Client
2026-05-15 07:35:27,1900-01-00 00:00:00,dlink-615_EXT,40:86:CB:27:D2:0C,-19, WPA2 ,0.000000,0.000000,0.000,0.000,AP
2026-05-15 07:35:27,1900-01-00 00:00:00,,9C:2F:9D:82:20:A3,-19,,0.000000,0.000000,0.000,0.000,Client
2026-05-15 07:35:27,1900-01-00 00:00:00,dlink-615_EXT,40:86:CB:27:D2:0C,-19, WPA2 ,0.000000,0.000000,0.000,0.000,AP
2026-05-15 07:35:27,1900-01-00 00:00:00,,9C:2F:9D:82:20:A3,-19,,0.000000,0.000000,0.000,0.000,Client
2026-05-15 07:35:27,1900-01-00 00:00:00,dlink-615_EXT,40:86:CB:27:D2:0C,-19, WPA2 ,0.000000,0.000000,0.000,0.000,AP
2026-05-15 07:35:27,1900-01-00 00:00:00,,9C:2F:9D:82:20:A3,-19,,0.000000,0.000000,0.000,0.000,Client
2026-05-15 07:35:27,1900-01-00 00:00:00,dlink-615_EXT,40:86:CB:27:D2:0C,-19, WPA2 ,0.000000,0.000000,0.000,0.000,AP
2026-05-15 07:35:27,1900-01-00 00:00:00,,9C:2F:9D:82:20:A3,-19,,0.000000,0.000000,0.000,0.000,Client
2026-05-15 07:35:27,1900-01-00 00:00:00,dlink-615_EXT,40:86:CB:27:D2:0C,-19, WPA2 ,0.000000,0.000000,0.000,0.000,AP
2026-05-15 07:35:27,1900-01-00 00:00:00,,9C:2F:9D:82:20:A3,-19,,0.000000,0.000000,0.000,0.000,Client
2026-05-15 07:35:27,1900-01-00 00:00:00,dlink-615_EXT,40:86:CB:27:D2:0C,-19, WPA2 ,0.000000,0.000000,0.000,0.000,AP
2026-05-15 07:35:27,1900-01-00 00:00:00,,9C:2F:9D:82:20:A3,-19,,0.000000,0.000000,0.000,0.000,Client
2026-05-15 07:35:27,1900-01-00 00:00:00,dlink-615_EXT,40:86:CB:27:D2:0C,-19, WPA2 ,0.000000,0.000000,0.000,0.000,AP
2026-05-15 07:35:27,1900-01-00 00:00:00,,9C:2F:9D:82:20:A3,-19,,0.000000,0.000000,0.000,0.000,Client
2026-05-15 07:35:27,1900-01-00 00:00:00,dlink-615_EXT,40:86:CB:27:D2:0C,-19, WPA2 ,0.000000,0.000000,0.000,0.000,AP
2026-05-15 07:35:27,1900-01-00 00:00:00,,9C:2F:9D:82:20:A3,-19,,0.000000,0.000000,0.000,0.000,Client
2026-05-15 07:35:27,1900-01-00 00:00:00,dlink-615_EXT,40:86:CB:27:D2:0C,-19, WPA2 ,0.000000,0.000000,0.000,0.000,AP
2026-05-15 07:35:27,1900-01-00 00:00:00,,9C:2F:9D:82:20:A3,-19,,0.000000,0.000000,0.000,0.000,Client
2026-05-15 07:35:27,1900-01-00 00:00:00,dlink-615_EXT,40:86:CB:27:D2:0C,-19, WPA2 ,0.000000,0.000000,0.000,0.000,AP
2026-05-15 07:35:27,1900-01-00 00:00:00,,9C:2F:9D:82:20:A3,-19,,0.000000,0.000000,0.000,0.000,Client
2026-05-15 07:35:27,1900-01-00 00:00:00,dlink-615_EXT,40:86:CB:27:D2:0C,-19, WPA2 ,0.000000,0.000000,0.000,0.000,AP
2026-05-15 07:35:27,1900-01-00 00:00:00,,9C:2F:9D:82:20:A3,-19,,0.000000,0.000000,0.000,0.000,Client
2026-05-15 07:35:27,1900-01-00 00:00:00,dlink-615_EXT,40:86:CB:27:D2:0C,-19, WPA2 ,0.000000,0.000000,0.000,0.000,AP
2026-05-15 07:35:27,1900-01-00 00:00:00,,9C:2F:9D:82:20:A3,-19,,0.000000,0.000000,0.000,0.000,Client
2026-05-15 07:35:27,1900-01-00 00:00:00,dlink-615_EXT,40:86:CB:27:D2:0C,-19, WPA2 ,0.000000,0.000000,0.000,0.000,AP
2026-05-15 07:35:27,1900-01-00 00:00:00,,9C:2F:9D:82:20:A3,-19,,0.000000,0.000000,0.000,0.000,Client
2026-05-15 07:35:27,1900-01-00 00:00:00,dlink-615_EXT,40:86:CB:27:D2:0C,-19, WPA2 ,0.000000,0.000000,0.000,0.000,AP
2026-05-15 07:35:27,1900-01-00 00:00:00,,9C:2F:9D:82:20:A3,-19,,0.000000,0.000000,0.000,0.000,Client
2026-05-15 07:35:27,1900-01-00 00:00:00,dlink-615_EXT,40:86:CB:27:D2:0C,-19, WPA2 ,0.000000,0.000000,0.000,0.000,AP
2026-05-15 07:35:27,1900-01-00 00:00:00,,9C:2F:9D:82:20:A3,-19,,0.000000,0.000000,0.000,0.000,Client
2026-05-15 07:35:27,1900-01-00 00:00:00,dlink-615_EXT,40:86:CB:27:D2:0C,-19, WPA2 ,0.000000,0.000000,0.000,0.000,AP
2026-05-15 07:35:27,1900-01-00 00:00:00,,9C:2F:9D:82:20:A3,-19,,0.000000,0.000000,0.000,0.000,Client
2026-05-15 07:35:27,1900-01-00 00:00:00,dlink-615_EXT,40:86:CB:27:D2:0C,-19, WPA2 ,0.000000,0.000000,0.000,0.000,AP
2026-05-15 07:35:27,1900-01-00 00:00:00,,9C:2F:9D:82:20:A3,-19,,0.000000,0.000000,0.000,0.000,Client
2026-05-15 07:35:27,1900-01-00 00:00:00,dlink-615_EXT,40:86:CB:27:D2:0C,-19, WPA2 ,0.000000,0.000000,0.000,0.000,AP
2026-05-15 07:35:27,1900-01-00 00:00:00,,9C:2F:9D:82:20:A3,-19,,0.000000,0.000000,0.000,0.000,Client
2026-05-15 07:35:27,1900-01-00 00:00:00,dlink-615_EXT,40:86:CB:27:D2:0C,-19, WPA2 ,0.000000,0.000000,0.000,0.000,AP
2026-05-15 07:35:27,1900-01-00 00:00:00,,9C:2F:9D:82:20:A3,-19,,0.000000,0.000000,0.000,0.000,Client
2026-05-15 07:35:27,1900-01-00 00:00:00,dlink-615_EXT,40:86:CB:27:D2:0C,-19, WPA2 ,0.000000,0.000000,0.000,0.000,AP
2026-05-15 07:35:27,1900-01-00 00:00:00,,9C:2F:9D:82:20:A3,-19,,0.000000,0.000000,0.000,0.000,Client
2026-05-15 07:35:27,1900-01-00 00:00:00,dlink-615_EXT,40:86:CB:27:D2:0C,-19, WPA2 ,0.000000,0.000000,0.000,0.000,AP
2026-05-15 07:35:27,1900-01-00 00:00:00,,9C:2F:9D:82:20:A3,-19,,0.000000,0.000000,0.000,0.000,Client
2026-05-15 07:35:27,1900-01-00 00:00:00,dlink-615_EXT,40:86:CB:27:D2:0C,-19, WPA2 ,0.000000,0.000000,0.000,0.000,AP
2026-05-15 07:35:27,1900-01-00 00:00:00,,9C:2F:9D:82:20:A3,-19,,0.000000,0.000000,0.000,0.000,Client
2026-05-15 07:35:27,1900-01-00 00:00:00,dlink-615_EXT,40:86:CB:27:D2:0C,-19, WPA2 ,0.000000,0.000000,0.000,0.000,AP
2026-05-15 07:35:27,1900-01-00 00:00:00,,9C:2F:9D:82:20:A3,-19,,0.000000,0.000000,0.000,0.000,Client
2026-05-15 07:35:27,1900-01-00 00:00:00,dlink-615_EXT,40:86:CB:27:D2:0C,-19, WPA2 ,0.000000,0.000000,0.000,0.000,AP
2026-05-15 07:35:27,1900-01-00 00:00:00,,9C:2F:9D:82:20:A3,-19,,0.000000,0.000000,0.000,0.000,Client
2026-05-15 07:35:27,1900-01-00 00:00:00,dlink-615_EXT,40:86:CB:27:D2:0C,-19, WPA2 ,0.000000,0.000000,0.000,0.000,AP
2026-05-15 07:35:27,1900-01-00 00:00:00,,9C:2F:9D:82:20:A3,-19,,0.000000,0.000000,0.000,0.000,Client
2026-05-15 07:35:27,1900-01-00 00:00:00,dlink-615_EXT,40:86:CB:27:D2:0C,-19, WPA2 ,0.000000,0.000000,0.000,0.000,AP
2026-05-15 07:35:27,1900-01-00 00:00:00,,9C:2F:9D:82:20:A3,-19,,0.000000,0.000000,0.000,0.000,Client
2026-05-15 07:35:27,1900-01-00 00:00:00,dlink-615_EXT,40:86:CB:27:D2:0C,-21, WPA2 ,0.000000,0.000000,0.000,0.000,AP
2026-05-15 07:35:27,1900-01-00 00:00:00,,9C:2F:9D:82:20:A3,-21,,0.000000,0.000000,0.000,0.000,Client
2026-05-15 07:35:27,1900-01-00 00:00:00,dlink-615_EXT,40:86:CB:27:D2:0C,-19, WPA2 ,0.000000,0.000000,0.000,0.000,AP
2026-05-15 07:35:27,1900-01-00 00:00:00,,9C:2F:9D:82:20:A3,-19,,0.000000,0.000000,0.000,0.000,Client
2026-05-15 07:35:27,1900-01-00 00:00:00,dlink-615_EXT,40:86:CB:27:D2:0C,-23, WPA2 ,0.000000,0.000000,0.000,0.000,AP
2026-05-15 07:35:27,1900-01-00 00:00:00,,9C:2F:9D:82:20:A3,-23,,0.000000,0.000000,0.000,0.000,Client
2026-05-15 07:35:27,1900-01-00 00:00:00,dlink-615_EXT,40:86:CB:27:D2:0C,-19, WPA2 ,0.000000,0.000000,0.000,0.000,AP
2026-05-15 07:35:27,1900-01-00 00:00:00,,9C:2F:9D:82:20:A3,-19,,0.000000,0.000000,0.000,0.000,Client
2026-05-15 07:35:27,1900-01-00 00:00:00,dlink-615_EXT,40:86:CB:27:D2:0C,-19, WPA2 ,0.000000,0.000000,0.000,0.000,AP
2026-05-15 07:35:27,1900-01-00 00:00:00,,9C:2F:9D:82:20:A3,-19,,0.000000,0.000000,0.000,0.000,Client
2026-05-15 07:35:27,1900-01-00 00:00:00,dlink-615_EXT,40:86:CB:27:D2:0C,-19, WPA2 ,0.000000,0.000000,0.000,0.000,AP
2026-05-15 07:35:27,1900-01-00 00:00:00,,9C:2F:9D:82:20:A3,-19,,0.000000,0.000000,0.000,0.000,Client
2026-05-15 07:35:27,1900-01-00 00:00:00,dlink-615_EXT,40:86:CB:27:D2:0C,-19, WPA2 ,0.000000,0.000000,0.000,0.000,AP
2026-05-15 07:35:27,1900-01-00 00:00:00,dlink-615_EXT,40:86:CB:27:D2:0C,-25, WPA2 ,0.000000,0.000000,0.000,0.000,AP
2026-05-15 07:35:27,1900-01-00 00:00:00,,9C:2F:9D:82:20:A3,-25,,0.000000,0.000000,0.000,0.000,Client
2026-05-15 07:35:27,1900-01-00 00:00:00,dlink-615_EXT,40:86:CB:27:D2:0C,-19, WPA2 ,0.000000,0.000000,0.000,0.000,AP
2026-05-15 07:35:27,1900-01-00 00:00:00,,9C:2F:9D:82:20:A3,-23,,0.000000,0.000000,0.000,0.000,Client
2026-05-15 07:35:27,1900-01-00 00:00:00,dlink-615_EXT,40:86:CB:27:D2:0C,-23, WPA2 ,0.000000,0.000000,0.000,0.000,AP
2026-05-15 07:35:27,1900-01-00 00:00:00,,9C:2F:9D:82:20:A3,-25,,0.000000,0.000000,0.000,0.000,Client
2026-05-15 07:35:27,1900-01-00 00:00:00,dlink-615_EXT,40:86:CB:27:D2:0C,-19, WPA2 ,0.000000,0.000000,0.000,0.000,AP
2026-05-15 07:35:27,1900-01-00 00:00:00,,9C:2F:9D:82:20:A3,-25,,0.000000,0.000000,0.000,0.000,Client
2026-05-15 07:35:27,1900-01-00 00:00:00,dlink-615_EXT,40:86:CB:27:D2:0C,-19, WPA2 ,0.000000,0.000000,0.000,0.000,AP
2026-05-15 07:35:27,1900-01-00 00:00:00,,9C:2F:9D:82:20:A3,-25,,0.000000,0.000000,0.000,0.000,Client
2026-05-15 07:35:27,1900-01-00 00:00:00,dlink-615_EXT,40:86:CB:27:D2:0C,-23, WPA2 ,0.000000,0.000000,0.000,0.000,AP
2026-05-15 07:35:27,1900-01-00 00:00:00,,9C:2F:9D:82:20:A3,-23,,0.000000,0.000000,0.000,0.000,Client
2026-05-15 07:35:27,1900-01-00 00:00:00,dlink-615_EXT,40:86:CB:27:D2:0C,-19, WPA2 ,0.000000,0.000000,0.000,0.000,AP
2026-05-15 07:35:27,1900-01-00 00:00:00,,9C:2F:9D:82:20:A3,-19,,0.000000,0.000000,0.000,0.000,Client
2026-05-15 07:35:27,1900-01-00 00:00:00,dlink-615_EXT,40:86:CB:27:D2:0C,-19, WPA2 ,0.000000,0.000000,0.000,0.000,AP
2026-05-15 07:35:27,1900-01-00 00:00:00,,9C:2F:9D:82:20:A3,-19,,0.000000,0.000000,0.000,0.000,Client
2026-05-15 07:35:27,1900-01-00 00:00:00,dlink-615_EXT,40:86:CB:27:D2:0C,-21, WPA2 ,0.000000,0.000000,0.000,0.000,AP
2026-05-15 07:35:27,1900-01-00 00:00:00,,9C:2F:9D:82:20:A3,-21,,0.000000,0.000000,0.000,0.000,Client
2026-05-15 07:35:27,1900-01-00 00:00:00,dlink-615_EXT,40:86:CB:27:D2:0C,-19, WPA2 ,0.000000,0.000000,0.000,0.000,AP
2026-05-15 07:35:27,1900-01-00 00:00:00,,9C:2F:9D:82:20:A3,-19,,0.000000,0.000000,0.000,0.000,Client
2026-05-15 07:35:27,1900-01-00 00:00:00,dlink-615_EXT,40:86:CB:27:D2:0C,-21, WPA2 ,0.000000,0.000000,0.000,0.000,AP
2026-05-15 07:35:27,1900-01-00 00:00:00,,9C:2F:9D:82:20:A3,-21,,0.000000,0.000000,0.000,0.000,Client
2026-05-15 07:35:27,1900-01-00 00:00:00,dlink-615_EXT,40:86:CB:27:D2:0C,-19, WPA2 ,0.000000,0.000000,0.000,0.000,AP
2026-05-15 07:35:27,1900-01-00 00:00:00,,9C:2F:9D:82:20:A3,-19,,0.000000,0.000000,0.000,0.000,Client
2026-05-15 07:35:27,1900-01-00 00:00:00,dlink-615_EXT,40:86:CB:27:D2:0C,-21, WPA2 ,0.000000,0.000000,0.000,0.000,AP
2026-05-15 07:35:27,1900-01-00 00:00:00,,9C:2F:9D:82:20:A3,-21,,0.000000,0.000000,0.000,0.000,Client
2026-05-15 07:35:27,1900-01-00 00:00:00,dlink-615_EXT,40:86:CB:27:D2:0C,-17, WPA2 ,0.000000,0.000000,0.000,0.000,AP
2026-05-15 07:35:27,1900-01-00 00:00:00,,9C:2F:9D:82:20:A3,-21,,0.000000,0.000000,0.000,0.000,Client
2026-05-15 07:35:27,1900-01-00 00:00:00,dlink-615_EXT,40:86:CB:27:D2:0C,-19, WPA2 ,0.000000,0.000000,0.000,0.000,AP
2026-05-15 07:35:27,1900-01-00 00:00:00,,9C:2F:9D:82:20:A3,-23,,0.000000,0.000000,0.000,0.000,Client
2026-05-15 07:35:27,1900-01-00 00:00:00,dlink-615_EXT,40:86:CB:27:D2:0C,-19, WPA2 ,0.000000,0.000000,0.000,0.000,AP
2026-05-15 07:35:27,1900-01-00 00:00:00,,9C:2F:9D:82:20:A3,-19,,0.000000,0.000000,0.000,0.000,Client
2026-05-15 07:35:27,1900-01-00 00:00:00,dlink-615_EXT,40:86:CB:27:D2:0C,-21, WPA2 ,0.000000,0.000000,0.000,0.000,AP
2026-05-15 07:35:27,1900-01-00 00:00:00,,9C:2F:9D:82:20:A3,-19,,0.000000,0.000000,0.000,0.000,Client
2026-05-15 07:35:27,1900-01-00 00:00:00,dlink-615_EXT,40:86:CB:27:D2:0C,-19, WPA2 ,0.000000,0.000000,0.000,0.000,AP
2026-05-15 07:35:27,1900-01-00 00:00:00,,9C:2F:9D:82:20:A3,-21,,0.000000,0.000000,0.000,0.000,Client
2026-05-15 07:35:27,1900-01-00 00:00:00,dlink-615_EXT,40:86:CB:27:D2:0C,-19, WPA2 ,0.000000,0.000000,0.000,0.000,AP
2026-05-15 07:35:27,1900-01-00 00:00:00,,9C:2F:9D:82:20:A3,-19,,0.000000,0.000000,0.000,0.000,Client
2026-05-15 07:35:27,1900-01-00 00:00:00,dlink-615_EXT,40:86:CB:27:D2:0C,-21, WPA2 ,0.000000,0.000000,0.000,0.000,AP
2026-05-15 07:35:27,1900-01-00 00:00:00,,9C:2F:9D:82:20:A3,-21,,0.000000,0.000000,0.000,0.000,Client
2026-05-15 07:35:27,1900-01-00 00:00:00,dlink-615_EXT,40:86:CB:27:D2:0C,-19, WPA2 ,0.000000,0.000000,0.000,0.000,AP
2026-05-15 07:35:27,1900-01-00 00:00:00,,9C:2F:9D:82:20:A3,-21,,0.000000,0.000000,0.000,0.000,Client
2026-05-15 07:35:27,1900-01-00 00:00:00,dlink-615_EXT,40:86:CB:27:D2:0C,-21, WPA2 ,0.000000,0.000000,0.000,0.000,AP
2026-05-15 07:35:27,1900-01-00 00:00:00,,9C:2F:9D:82:20:A3,-21,,0.000000,0.000000,0.000,0.000,Client
2026-05-15 07:35:27,1900-01-00 00:00:00,dlink-615_EXT,40:86:CB:27:D2:0C,-21, WPA2 ,0.000000,0.000000,0.000,0.000,AP
2026-05-15 07:35:27,1900-01-00 00:00:00,,9C:2F:9D:82:20:A3,-21,,0.000000,0.000000,0.000,0.000,Client
2026-05-15 07:35:27,1900-01-00 00:00:00,dlink-615_EXT,40:86:CB:27:D2:0C,-19, WPA2 ,0.000000,0.000000,0.000,0.000,AP
2026-05-15 07:35:27,1900-01-00 00:00:00,,9C:2F:9D:82:20:A3,-21,,0.000000,0.000000,0.000,0.000,Client
2026-05-15 07:35:27,1900-01-00 00:00:00,dlink-615_EXT,40:86:CB:27:D2:0C,-21, WPA2 ,0.000000,0.000000,0.000,0.000,AP
2026-05-15 07:35:27,1900-01-00 00:00:00,,9C:2F:9D:82:20:A3,-21,,0.000000,0.000000,0.000,0.000,Client
2026-05-15 07:35:27,1900-01-00 00:00:00,dlink-615_EXT,40:86:CB:27:D2:0C,-21, WPA2 ,0.000000,0.000000,0.000,0.000,AP
2026-05-15 07:35:27,1900-01-00 00:00:00,,9C:2F:9D:82:20:A3,-21,,0.000000,0.000000,0.000,0.000,Client
2026-05-15 07:35:27,1900-01-00 00:00:00,dlink-615_EXT,40:86:CB:27:D2:0C,-19, WPA2 ,0.000000,0.000000,0.000,0.000,AP
2026-05-15 07:35:27,1900-01-00 00:00:00,,9C:2F:9D:82:20:A3,-21,,0.000000,0.000000,0.000,0.000,Client
2026-05-15 07:35:27,1900-01-00 00:00:00,dlink-615_EXT,40:86:CB:27:D2:0C,-21, WPA2 ,0.000000,0.000000,0.000,0.000,AP
2026-05-15 07:35:27,1900-01-00 00:00:00,,9C:2F:9D:82:20:A3,-21,,0.000000,0.000000,0.000,0.000,Client
2026-05-15 07:35:27,1900-01-00 00:00:00,dlink-615_EXT,40:86:CB:27:D2:0C,-19, WPA2 ,0.000000,0.000000,0.000,0.000,AP
2026-05-15 07:35:27,1900-01-00 00:00:00,,9C:2F:9D:82:20:A3,-19,,0.000000,0.000000,0.000,0.000,Client
2026-05-15 07:35:27,1900-01-00 00:00:00,dlink-615_EXT,40:86:CB:27:D2:0C,-19, WPA2 ,0.000000,0.000000,0.000,0.000,AP
2026-05-15 07:35:27,1900-01-00 00:00:00,,9C:2F:9D:82:20:A3,-21,,0.000000,0.000000,0.000,0.000,Client
2026-05-15 07:35:27,1900-01-00 00:00:00,dlink-615_EXT,40:86:CB:27:D2:0C,-21, WPA2 ,0.000000,0.000000,0.000,0.000,AP
2026-05-15 07:35:27,1900-01-00 00:00:00,,9C:2F:9D:82:20:A3,-21,,0.000000,0.000000,0.000,0.000,Client
2026-05-15 07:35:27,1900-01-00 00:00:00,dlink-615_EXT,40:86:CB:27:D2:0C,-19, WPA2 ,0.000000,0.000000,0.000,0.000,AP
2026-05-15 07:35:27,1900-01-00 00:00:00,,9C:2F:9D:82:20:A3,-21,,0.000000,0.000000,0.000,0.000,Client
2026-05-15 07:35:27,1900-01-00 00:00:00,dlink-615_EXT,40:86:CB:27:D2:0C,-19, WPA2 ,0.000000,0.000000,0.000,0.000,AP
2026-05-15 07:35:27,1900-01-00 00:00:00,,9C:2F:9D:82:20:A3,-19,,0.000000,0.000000,0.000,0.000,Client
2026-05-15 07:35:27,1900-01-00 00:00:00,dlink-615_EXT,40:86:CB:27:D2:0C,-19, WPA2 ,0.000000,0.000000,0.000,0.000,AP
2026-05-15 07:35:27,1900-01-00 00:00:00,,9C:2F:9D:82:20:A3,-19,,0.000000,0.000000,0.000,0.000,Client
2026-05-15 07:35:27,1900-01-00 00:00:00,dlink-615_EXT,40:86:CB:27:D2:0C,-19, WPA2 ,0.000000,0.000000,0.000,0.000,AP
2026-05-15 07:35:27,1900-01-00 00:00:00,,9C:2F:9D:82:20:A3,-19,,0.000000,0.000000,0.000,0.000,Client
2026-05-15 07:35:27,1900-01-00 00:00:00,dlink-615_EXT,40:86:CB:27:D2:0C,-19, WPA2 ,0.000000,0.000000,0.000,0.000,AP
2026-05-15 07:35:27,1900-01-00 00:00:00,,9C:2F:9D:82:20:A3,-19,,0.000000,0.000000,0.000,0.000,Client
2026-05-15 07:35:27,1900-01-00 00:00:00,dlink-615_EXT,40:86:CB:27:D2:0C,-19, WPA2 ,0.000000,0.000000,0.000,0.000,AP
2026-05-15 07:35:27,1900-01-00 00:00:00,,9C:2F:9D:82:20:A3,-19,,0.000000,0.000000,0.000,0.000,Client
2026-05-15 07:35:27,1900-01-00 00:00:00,dlink-615_EXT,40:86:CB:27:D2:0C,-19, WPA2 ,0.000000,0.000000,0.000,0.000,AP
2026-05-15 07:35:27,1900-01-00 00:00:00,,9C:2F:9D:82:20:A3,-19,,0.000000,0.000000,0.000,0.000,Client
2026-05-15 07:35:27,1900-01-00 00:00:00,dlink-615_EXT,40:86:CB:27:D2:0C,-19, WPA2 ,0.000000,0.000000,0.000,0.000,AP
2026-05-15 07:35:27,1900-01-00 00:00:00,,9C:2F:9D:82:20:A3,-19,,0.000000,0.000000,0.000,0.000,Client
2026-05-15 07:35:27,1900-01-00 00:00:00,dlink-615_EXT,40:86:CB:27:D2:0C,-19, WPA2 ,0.000000,0.000000,0.000,0.000,AP
2026-05-15 07:35:27,1900-01-00 00:00:00,,9C:2F:9D:82:20:A3,-19,,0.000000,0.000000,0.000,0.000,Client
2026-05-15 07:35:27,1900-01-00 00:00:00,dlink-615_EXT,40:86:CB:27:D2:0C,-19, WPA2 ,0.000000,0.000000,0.000,0.000,AP
2026-05-15 07:35:27,1900-01-00 00:00:00,,9C:2F:9D:82:20:A3,-19,,0.000000,0.000000,0.000,0.000,Client
2026-05-15 07:35:27,1900-01-00 00:00:00,dlink-615_EXT,40:86:CB:27:D2:0C,-19, WPA2 ,0.000000,0.000000,0.000,0.000,AP
2026-05-15 07:35:27,1900-01-00 00:00:00,,9C:2F:9D:82:20:A3,-19,,0.000000,0.000000,0.000,0.000,Client
2026-05-15 07:35:27,1900-01-00 00:00:00,dlink-615_EXT,40:86:CB:27:D2:0C,-19, WPA2 ,0.000000,0.000000,0.000,0.000,AP
2026-05-15 07:35:27,1900-01-00 00:00:00,,9C:2F:9D:82:20:A3,-19,,0.000000,0.000000,0.000,0.000,Client
2026-05-15 07:35:27,1900-01-00 00:00:00,dlink-615_EXT,40:86:CB:27:D2:0C,-19, WPA2 ,0.000000,0.000000,0.000,0.000,AP
2026-05-15 07:35:27,1900-01-00 00:00:00,,9C:2F:9D:82:20:A3,-19,,0.000000,0.000000,0.000,0.000,Client
2026-05-15 07:35:27,1900-01-00 00:00:00,dlink-615_EXT,40:86:CB:27:D2:0C,-19, WPA2 ,0.000000,0.000000,0.000,0.000,AP
2026-05-15 07:35:27,1900-01-00 00:00:00,,9C:2F:9D:82:20:A3,-19,,0.000000,0.000000,0.000,0.000,Client
2026-05-15 07:35:27,1900-01-00 00:00:00,dlink-615_EXT,40:86:CB:27:D2:0C,-19, WPA2 ,0.000000,0.000000,0.000,0.000,AP
2026-05-15 07:35:27,1900-01-00 00:00:00,,9C:2F:9D:82:20:A3,-19,,0.000000,0.000000,0.000,0.000,Client
2026-05-15 07:35:27,1900-01-00 00:00:00,dlink-615_EXT,40:86:CB:27:D2:0C,-19, WPA2 ,0.000000,0.000000,0.000,0.000,AP
2026-05-15 07:35:27,1900-01-00 00:00:00,,9C:2F:9D:82:20:A3,-19,,0.000000,0.000000,0.000,0.000,Client
2026-05-15 07:35:27,1900-01-00 00:00:00,dlink-615_EXT,40:86:CB:27:D2:0C,-19, WPA2 ,0.000000,0.000000,0.000,0.000,AP
2026-05-15 07:35:27,1900-01-00 00:00:00,,9C:2F:9D:82:20:A3,-19,,0.000000,0.000000,0.000,0.000,Client
2026-05-15 07:35:27,1900-01-00 00:00:00,dlink-615_EXT,40:86:CB:27:D2:0C,-19, WPA2 ,0.000000,0.000000,0.000,0.000,AP
2026-05-15 07:35:27,1900-01-00 00:00:00,,9C:2F:9D:82:20:A3,-19,,0.000000,0.000000,0.000,0.000,Client
2026-05-15 07:35:27,1900-01-00 00:00:00,dlink-615_EXT,40:86:CB:27:D2:0C,-19, WPA2 ,0.000000,0.000000,0.000,0.000,AP
2026-05-15 07:35:27,1900-01-00 00:00:00,,9C:2F:9D:82:20:A3,-19,,0.000000,0.000000,0.000,0.000,Client
2026-05-15 07:35:27,1900-01-00 00:00:00,dlink-615_EXT,40:86:CB:27:D2:0C,-19, WPA2 ,0.000000,0.000000,0.000,0.000,AP
2026-05-15 07:35:27,1900-01-00 00:00:00,,9C:2F:9D:82:20:A3,-19,,0.000000,0.000000,0.000,0.000,Client
2026-05-15 07:35:27,1900-01-00 00:00:00,dlink-615_EXT,40:86:CB:27:D2:0C,-19, WPA2 ,0.000000,0.000000,0.000,0.000,AP
2026-05-15 07:35:27,1900-01-00 00:00:00,,9C:2F:9D:82:20:A3,-19,,0.000000,0.000000,0.000,0.000,Client
2026-05-15 07:35:27,1900-01-00 00:00:00,dlink-615_EXT,40:86:CB:27:D2:0C,-19, WPA2 ,0.000000,0.000000,0.000,0.000,AP
2026-05-15 07:35:27,1900-01-00 00:00:00,,9C:2F:9D:82:20:A3,-19,,0.000000,0.000000,0.000,0.000,Client
2026-05-15 07:35:27,1900-01-00 00:00:00,dlink-615_EXT,40:86:CB:27:D2:0C,-61, WPA2 ,0.000000,0.000000,0.000,0.000,AP
2026-05-15 07:35:27,1900-01-00 00:00:00,,9C:2F:9D:82:20:A3,-61,,0.000000,0.000000,0.000,0.000,Client
2026-05-15 07:35:27,1900-01-00 00:00:00,dlink-615_EXT,40:86:CB:27:D2:0C,-61, WPA2 ,0.000000,0.000000,0.000,0.000,AP
2026-05-15 07:35:27,1900-01-00 00:00:00,,9C:2F:9D:82:20:A3,-61,,0.000000,0.000000,0.000,0.000,Client
2026-05-15 07:35:27,1900-01-00 00:00:00,dlink-615_EXT,40:86:CB:27:D2:0C,-83, WPA2 ,0.000000,0.000000,0.000,0.000,AP
2026-05-15 07:35:27,1900-01-00 00:00:00,,9C:2F:9D:82:20:A3,-83,,0.000000,0.000000,0.000,0.000,Client
2026-05-15 07:35:27,1900-01-00 00:00:00,dlink-615_EXT,40:86:CB:27:D2:0C,-83, WPA2 ,0.000000,0.000000,0.000,0.000,AP
2026-05-15 07:35:27,1900-01-00 00:00:00,,9C:2F:9D:82:20:A3,-83,,0.000000,0.000000,0.000,0.000,Client
2026-05-15 07:35:27,1900-01-00 00:00:00,dlink-615_EXT,40:86:CB:27:D2:0C,-83, WPA2 ,0.000000,0.000000,0.000,0.000,AP
2026-05-15 07:35:27,1900-01-00 00:00:00,,9C:2F:9D:82:20:A3,-83,,0.000000,0.000000,0.000,0.000,Client
2026-05-15 07:35:27,1900-01-00 00:00:00,dlink-615_EXT,40:86:CB:27:D2:0C,-83, WPA2 ,0.000000,0.000000,0.000,0.000,AP
2026-05-15 07:35:27,1900-01-00 00:00:00,,9C:2F:9D:82:20:A3,-83,,0.000000,0.000000,0.000,0.000,Client
2026-05-15 07:35:27,1900-01-00 00:00:00,dlink-615_EXT,40:86:CB:27:D2:0C,-83, WPA2 ,0.000000,0.000000,0.000,0.000,AP
2026-05-15 07:35:27,1900-01-00 00:00:00,,9C:2F:9D:82:20:A3,-83,,0.000000,0.000000,0.000,0.000,Client
2026-05-15 07:35:27,1900-01-00 00:00:00,dlink-615_EXT,40:86:CB:27:D2:0C,-83, WPA2 ,0.000000,0.000000,0.000,0.000,AP
2026-05-15 07:35:27,1900-01-00 00:00:00,,9C:2F:9D:82:20:A3,-83,,0.000000,0.000000,0.000,0.000,Client
2026-05-15 07:35:27,1900-01-00 00:00:00,dlink-615_EXT,40:86:CB:27:D2:0C,-83, WPA2 ,0.000000,0.000000,0.000,0.000,AP
2026-05-15 07:35:27,1900-01-00 00:00:00,,9C:2F:9D:82:20:A3,-83,,0.000000,0.000000,0.000,0.000,Client
2026-05-15 07:35:27,1900-01-00 00:00:00,dlink-615_EXT,40:86:CB:27:D2:0C,-83, WPA2 ,0.000000,0.000000,0.000,0.000,AP
2026-05-15 07:35:27,1900-01-00 00:00:00,,9C:2F:9D:82:20:A3,-83,,0.000000,0.000000,0.000,0.000,Client
2026-05-15 07:35:27,1900-01-00 00:00:00,dlink-615_EXT,40:86:CB:27:D2:0C,-83, WPA2 ,0.000000,0.000000,0.000,0.000,AP
2026-05-15 07:35:27,1900-01-00 00:00:00,,9C:2F:9D:82:20:A3,-83,,0.000000,0.000000,0.000,0.000,Client
2026-05-15 07:35:27,1900-01-00 00:00:00,dlink-615_EXT,40:86:CB:27:D2:0C,-83, WPA2 ,0.000000,0.000000,0.000,0.000,AP
2026-05-15 07:35:27,1900-01-00 00:00:00,,9C:2F:9D:82:20:A3,-83,,0.000000,0.000000,0.000,0.000,Client
2026-05-15 07:35:27,1900-01-00 00:00:00,dlink-615_EXT,40:86:CB:27:D2:0C,-83, WPA2 ,0.000000,0.000000,0.000,0.000,AP
2026-05-15 07:35:27,1900-01-00 00:00:00,,9C:2F:9D:82:20:A3,-25,,0.000000,0.000000,0.000,0.000,Client
2026-05-15 07:35:27,1900-01-00 00:00:00,dlink-615_EXT,40:86:CB:27:D2:0C,-19, WPA2 ,0.000000,0.000000,0.000,0.000,AP
2026-05-15 07:35:27,1900-01-00 00:00:00,,9C:2F:9D:82:20:A3,-23,,0.000000,0.000000,0.000,0.000,Client
2026-05-15 07:35:27,1900-01-00 00:00:00,dlink-615_EXT,40:86:CB:27:D2:0C,-19, WPA2 ,0.000000,0.000000,0.000,0.000,AP
2026-05-15 07:35:27,1900-01-00 00:00:00,,9C:2F:9D:82:20:A3,-25,,0.000000,0.000000,0.000,0.000,Client
2026-05-15 07:35:27,1900-01-00 00:00:00,dlink-615_EXT,40:86:CB:27:D2:0C,-19, WPA2 ,0.000000,0.000000,0.000,0.000,AP
2026-05-15 07:35:27,1900-01-00 00:00:00,,9C:2F:9D:82:20:A3,-19,,0.000000,0.000000,0.000,0.000,Client
2026-05-15 07:35:27,1900-01-00 00:00:00,dlink-615_EXT,40:86:CB:27:D2:0C,-21, WPA2 ,0.000000,0.000000,0.000,0.000,AP
2026-05-15 07:35:27,1900-01-00 00:00:00,,9C:2F:9D:82:20:A3,-25,,0.000000,0.000000,0.000,0.000,Client
2026-05-15 07:35:27,1900-01-00 00:00:00,dlink-615_EXT,40:86:CB:27:D2:0C,-19, WPA2 ,0.000000,0.000000,0.000,0.000,AP
2026-05-15 07:35:27,1900-01-00 00:00:00,,9C:2F:9D:82:20:A3,-25,,0.000000,0.000000,0.000,0.000,Client
2026-05-15 07:35:27,1900-01-00 00:00:00,dlink-615_EXT,40:86:CB:27:D2:0C,-19, WPA2 ,0.000000,0.000000,0.000,0.000,AP
2026-05-15 07:35:27,1900-01-00 00:00:00,,9C:2F:9D:82:20:A3,-25,,0.000000,0.000000,0.000,0.000,Client
2026-05-15 07:35:27,1900-01-00 00:00:00,dlink-615_EXT,40:86:CB:27:D2:0C,-19, WPA2 ,0.000000,0.000000,0.000,0.000,AP
2026-05-15 07:35:27,1900-01-00 00:00:00,,9C:2F:9D:82:20:A3,-19,,0.000000,0.000000,0.000,0.000,Client
2026-05-15 07:35:27,1900-01-00 00:00:00,dlink-615_EXT,40:86:CB:27:D2:0C,-17, WPA2 ,0.000000,0.000000,0.000,0.000,AP
2026-05-15 07:35:27,1900-01-00 00:00:00,,9C:2F:9D:82:20:A3,-25,,0.000000,0.000000,0.000,0.000,Client
2026-05-15 07:35:27,1900-01-00 00:00:00,dlink-615_EXT,40:86:CB:27:D2:0C,-19, WPA2 ,0.000000,0.000000,0.000,0.000,AP
2026-05-15 07:35:27,1900-01-00 00:00:00,,9C:2F:9D:82:20:A3,-25,,0.000000,0.000000,0.000,0.000,Client
2026-05-15 07:35:27,1900-01-00 00:00:00,dlink-615_EXT,40:86:CB:27:D2:0C,-19, WPA2 ,0.000000,0.000000,0.000,0.000,AP
2026-05-15 07:35:27,1900-01-00 00:00:00,,9C:2F:9D:82:20:A3,-25,,0.000000,0.000000,0.000,0.000,Client
2026-05-15 07:35:27,1900-01-00 00:00:00,dlink-615_EXT,40:86:CB:27:D2:0C,-19, WPA2 ,0.000000,0.000000,0.000,0.000,AP
2026-05-15 07:35:27,1900-01-00 00:00:00,,9C:2F:9D:82:20:A3,-25,,0.000000,0.000000,0.000,0.000,Client
2026-05-15 07:35:27,1900-01-00 00:00:00,dlink-615_EXT,40:86:CB:27:D2:0C,-25, WPA2 ,0.000000,0.000000,0.000,0.000,AP
2026-05-15 07:35:27,1900-01-00 00:00:00,,9C:2F:9D:82:20:A3,-25,,0.000000,0.000000,0.000,0.000,Client
2026-05-15 07:35:27,1900-01-00 00:00:00,dlink-615_EXT,40:86:CB:27:D2:0C,-19, WPA2 ,0.000000,0.000000,0.000,0.000,AP
2026-05-15 07:35:27,1900-01-00 00:00:00,,9C:2F:9D:82:20:A3,-19,,0.000000,0.000000,0.000,0.000,Client
2026-05-15 07:35:27,1900-01-00 00:00:00,dlink-615_EXT,40:86:CB:27:D2:0C,-19, WPA2 ,0.000000,0.000000,0.000,0.000,AP
2026-05-15 07:35:27,1900-01-00 00:00:00,,9C:2F:9D:82:20:A3,-21,,0.000000,0.000000,0.000,0.000,Client
2026-05-15 07:35:27,1900-01-00 00:00:00,dlink-615_EXT,40:86:CB:27:D2:0C,-19, WPA2 ,0.000000,0.000000,0.000,0.000,AP
2026-05-15 07:35:27,1900-01-00 00:00:00,,9C:2F:9D:82:20:A3,-19,,0.000000,0.000000,0.000,0.000,Client
2026-05-15 07:35:27,1900-01-00 00:00:00,dlink-615_EXT,40:86:CB:27:D2:0C,-17, WPA2 ,0.000000,0.000000,0.000,0.000,AP
2026-05-15 07:35:27,1900-01-00 00:00:00,,9C:2F:9D:82:20:A3,-17,,0.000000,0.000000,0.000,0.000,Client
2026-05-15 07:35:27,1900-01-00 00:00:00,dlink-615_EXT,40:86:CB:27:D2:0C,-19, WPA2 ,0.000000,0.000000,0.000,0.000,AP
2026-05-15 07:35:27,1900-01-00 00:00:00,,9C:2F:9D:82:20:A3,-19,,0.000000,0.000000,0.000,0.000,Client
2026-05-15 07:35:27,1900-01-00 00:00:00,dlink-615_EXT,40:86:CB:27:D2:0C,-19, WPA2 ,0.000000,0.000000,0.000,0.000,AP
2026-05-15 07:35:27,1900-01-00 00:00:00,,9C:2F:9D:82:20:A3,-19,,0.000000,0.000000,0.000,0.000,Client
2026-05-15 07:35:27,1900-01-00 00:00:00,dlink-615_EXT,40:86:CB:27:D2:0C,-19, WPA2 ,0.000000,0.000000,0.000,0.000,AP
2026-05-15 07:35:27,1900-01-00 00:00:00,,9C:2F:9D:82:20:A3,-19,,0.000000,0.000000,0.000,0.000,Client
2026-05-15 07:35:27,1900-01-00 00:00:00,dlink-615_EXT,40:86:CB:27:D2:0C,-21, WPA2 ,0.000000,0.000000,0.000,0.000,AP
2026-05-15 07:35:27,1900-01-00 00:00:00,,9C:2F:9D:82:20:A3,-21,,0.000000,0.000000,0.000,0.000,Client
2026-05-15 07:35:27,1900-01-00 00:00:00,dlink-615_EXT,40:86:CB:27:D2:0C,-19, WPA2 ,0.000000,0.000000,0.000,0.000,AP
2026-05-15 07:35:27,1900-01-00 00:00:00,,9C:2F:9D:82:20:A3,-19,,0.000000,0.000000,0.000,0.000,Client
2026-05-15 07:35:27,1900-01-00 00:00:00,dlink-615_EXT,40:86:CB:27:D2:0C,-19, WPA2 ,0.000000,0.000000,0.000,0.000,AP
2026-05-15 07:35:27,1900-01-00 00:00:00,,9C:2F:9D:82:20:A3,-19,,0.000000,0.000000,0.000,0.000,Client
2026-05-15 07:35:27,1900-01-00 00:00:00,dlink-615_EXT,40:86:CB:27:D2:0C,-19, WPA2 ,0.000000,0.000000,0.000,0.000,AP
2026-05-15 07:35:27,1900-01-00 00:00:00,,9C:2F:9D:82:20:A3,-19,,0.000000,0.000000,0.000,0.000,Client
2026-05-15 07:35:27,1900-01-00 00:00:00,dlink-615_EXT,40:86:CB:27:D2:0C,-19, WPA2 ,0.000000,0.000000,0.000,0.000,AP
2026-05-15 07:35:27,1900-01-00 00:00:00,,9C:2F:9D:82:20:A3,-17,,0.000000,0.000000,0.000,0.000,Client
2026-05-15 07:35:27,1900-01-00 00:00:00,dlink-615_EXT,40:86:CB:27:D2:0C,-19, WPA2 ,0.000000,0.000000,0.000,0.000,AP
2026-05-15 07:35:27,1900-01-00 00:00:00,,9C:2F:9D:82:20:A3,-19,,0.000000,0.000000,0.000,0.000,Client
2026-05-15 07:35:27,1900-01-00 00:00:00,dlink-615_EXT,40:86:CB:27:D2:0C,-19, WPA2 ,0.000000,0.000000,0.000,0.000,AP
2026-05-15 07:35:27,1900-01-00 00:00:00,,9C:2F:9D:82:20:A3,-25,,0.000000,0.000000,0.000,0.000,Client
2026-05-15 07:35:27,1900-01-00 00:00:00,dlink-615_EXT,40:86:CB:27:D2:0C,-19, WPA2 ,0.000000,0.000000,0.000,0.000,AP
2026-05-15 07:35:27,1900-01-00 00:00:00,,9C:2F:9D:82:20:A3,-25,,0.000000,0.000000,0.000,0.000,Client
2026-05-15 07:35:27,1900-01-00 00:00:00,dlink-615_EXT,40:86:CB:27:D2:0C,-23, WPA2 ,0.000000,0.000000,0.000,0.000,AP
2026-05-15 07:35:27,1900-01-00 00:00:00,,9C:2F:9D:82:20:A3,-21,,0.000000,0.000000,0.000,0.000,Client
2026-05-15 07:35:27,1900-01-00 00:00:00,,9C:2F:9D:82:20:A3,-77,,0.000000,0.000000,0.000,0.000,Client
2026-05-15 07:35:27,1900-01-00 00:00:00,dlink-615_EXT,40:86:CB:27:D2:0C,-21, WPA2 ,0.000000,0.000000,0.000,0.000,AP
2026-05-15 07:35:27,1900-01-00 00:00:00,dlink-615_EXT,40:86:CB:27:D2:0C,-19, WPA2 ,0.000000,0.000000,0.000,0.000,AP
2026-05-15 07:35:27,1900-01-00 00:00:00,,9C:2F:9D:82:20:A3,-19,,0.000000,0.000000,0.000,0.000,Client
2026-05-15 07:35:27,1900-01-00 00:00:00,dlink-615_EXT,40:86:CB:27:D2:0C,-19, WPA2 ,0.000000,0.000000,0.000,0.000,AP
2026-05-15 07:35:27,1900-01-00 00:00:00,,9C:2F:9D:82:20:A3,-19,,0.000000,0.000000,0.000,0.000,Client
2026-05-15 07:35:27,1900-01-00 00:00:00,dlink-615_EXT,40:86:CB:27:D2:0C,-19, WPA2 ,0.000000,0.000000,0.000,0.000,AP
2026-05-15 07:35:27,1900-01-00 00:00:00,,9C:2F:9D:82:20:A3,-19,,0.000000,0.000000,0.000,0.000,Client
2026-05-15 07:35:28,1900-01-00 00:00:00,dlink-615_EXT,40:86:CB:27:D2:0C,-27, WPA2 ,0.000000,0.000000,0.000,0.000,AP
2026-05-15 07:35:28,1900-01-00 00:00:00,,9C:2F:9D:82:20:A3,-23,,0.000000,0.000000,0.000,0.000,Client
2026-05-15 07:35:28,1900-01-00 00:00:00,dlink-615_EXT,40:86:CB:27:D2:0C,-23, WPA2 ,0.000000,0.000000,0.000,0.000,AP
2026-05-15 07:35:28,1900-01-00 00:00:00,,9C:2F:9D:82:20:A3,-23,,0.000000,0.000000,0.000,0.000,Client
2026-05-15 07:35:28,1900-01-00 00:00:00,dlink-615_EXT,40:86:CB:27:D2:0C,-23, WPA2 ,0.000000,0.000000,0.000,0.000,AP
2026-05-15 07:35:28,1900-01-00 00:00:00,,9C:2F:9D:82:20:A3,-23,,0.000000,0.000000,0.000,0.000,Client
2026-05-15 07:35:28,1900-01-00 00:00:00,dlink-615_EXT,40:86:CB:27:D2:0C,-23, WPA2 ,0.000000,0.000000,0.000,0.000,AP
2026-05-15 07:35:28,1900-01-00 00:00:00,,9C:2F:9D:82:20:A3,-23,,0.000000,0.000000,0.000,0.000,Client
2026-05-15 07:35:28,1900-01-00 00:00:00,dlink-615_EXT,40:86:CB:27:D2:0C,-23, WPA2 ,0.000000,0.000000,0.000,0.000,AP
2026-05-15 07:35:28,1900-01-00 00:00:00,,9C:2F:9D:82:20:A3,-23,,0.000000,0.000000,0.000,0.000,Client
2026-05-15 07:35:28,1900-01-00 00:00:00,dlink-615_EXT,40:86:CB:27:D2:0C,-23, WPA2 ,0.000000,0.000000,0.000,0.000,AP
2026-05-15 07:35:28,1900-01-00 00:00:00,,9C:2F:9D:82:20:A3,-23,,0.000000,0.000000,0.000,0.000,Client
2026-05-15 07:35:28,1900-01-00 00:00:00,dlink-615_EXT,40:86:CB:27:D2:0C,-23, WPA2 ,0.000000,0.000000,0.000,0.000,AP
2026-05-15 07:35:28,1900-01-00 00:00:00,,9C:2F:9D:82:20:A3,-23,,0.000000,0.000000,0.000,0.000,Client
2026-05-15 07:35:28,1900-01-00 00:00:00,dlink-615_EXT,40:86:CB:27:D2:0C,-21, WPA2 ,0.000000,0.000000,0.000,0.000,AP
2026-05-15 07:35:28,1900-01-00 00:00:00,,9C:2F:9D:82:20:A3,-21,,0.000000,0.000000,0.000,0.000,Client
2026-05-15 07:35:28,1900-01-00 00:00:00,dlink-615_EXT,40:86:CB:27:D2:0C,-21, WPA2 ,0.000000,0.000000,0.000,0.000,AP
2026-05-15 07:35:28,1900-01-00 00:00:00,,9C:2F:9D:82:20:A3,-23,,0.000000,0.000000,0.000,0.000,Client
2026-05-15 07:35:28,1900-01-00 00:00:00,dlink-615_EXT,40:86:CB:27:D2:0C,-23, WPA2 ,0.000000,0.000000,0.000,0.000,AP
2026-05-15 07:35:28,1900-01-00 00:00:00,,9C:2F:9D:82:20:A3,-21,,0.000000,0.000000,0.000,0.000,Client
2026-05-15 07:35:28,1900-01-00 00:00:00,dlink-615_EXT,40:86:CB:27:D2:0C,-21, WPA2 ,0.000000,0.000000,0.000,0.000,AP
2026-05-15 07:35:28,1900-01-00 00:00:00,,9C:2F:9D:82:20:A3,-21,,0.000000,0.000000,0.000,0.000,Client
2026-05-15 07:35:28,1900-01-00 00:00:00,dlink-615_EXT,40:86:CB:27:D2:0C,-21, WPA2 ,0.000000,0.000000,0.000,0.000,AP
2026-05-15 07:35:28,1900-01-00 00:00:00,,9C:2F:9D:82:20:A3,-21,,0.000000,0.000000,0.000,0.000,Client
2026-05-15 07:35:28,1900-01-00 00:00:00,dlink-615_EXT,40:86:CB:27:D2:0C,-21, WPA2 ,0.000000,0.000000,0.000,0.000,AP
2026-05-15 07:35:28,1900-01-00 00:00:00,,9C:2F:9D:82:20:A3,-21,,0.000000,0.000000,0.000,0.000,Client
2026-05-15 07:35:28,1900-01-00 00:00:00,dlink-615_EXT,40:86:CB:27:D2:0C,-21, WPA2 ,0.000000,0.000000,0.000,0.000,AP
2026-05-15 07:35:28,1900-01-00 00:00:00,,9C:2F:9D:82:20:A3,-21,,0.000000,0.000000,0.000,0.000,Client
2026-05-15 07:35:28,1900-01-00 00:00:00,dlink-615_EXT,40:86:CB:27:D2:0C,-21, WPA2 ,0.000000,0.000000,0.000,0.000,AP
2026-05-15 07:35:28,1900-01-00 00:00:00,,9C:2F:9D:82:20:A3,-21,,0.000000,0.000000,0.000,0.000,Client
2026-05-15 07:35:28,1900-01-00 00:00:00,dlink-615_EXT,40:86:CB:27:D2:0C,-21, WPA2 ,0.000000,0.000000,0.000,0.000,AP
2026-05-15 07:35:28,1900-01-00 00:00:00,,9C:2F:9D:82:20:A3,-21,,0.000000,0.000000,0.000,0.000,Client
2026-05-15 07:35:28,1900-01-00 00:00:00,dlink-615_EXT,40:86:CB:27:D2:0C,-21, WPA2 ,0.000000,0.000000,0.000,0.000,AP
2026-05-15 07:35:28,1900-01-00 00:00:00,,9C:2F:9D:82:20:A3,-21,,0.000000,0.000000,0.000,0.000,Client
2026-05-15 07:35:28,1900-01-00 00:00:00,dlink-615_EXT,40:86:CB:27:D2:0C,-21, WPA2 ,0.000000,0.000000,0.000,0.000,AP
2026-05-15 07:35:28,1900-01-00 00:00:00,,9C:2F:9D:82:20:A3,-21,,0.000000,0.000000,0.000,0.000,Client
2026-05-15 07:35:28,1900-01-00 00:00:00,dlink-615_EXT,40:86:CB:27:D2:0C,-21, WPA2 ,0.000000,0.000000,0.000,0.000,AP
2026-05-15 07:35:28,1900-01-00 00:00:00,,9C:2F:9D:82:20:A3,-21,,0.000000,0.000000,0.000,0.000,Client
2026-05-15 07:35:28,1900-01-00 00:00:00,dlink-615_EXT,40:86:CB:27:D2:0C,-21, WPA2 ,0.000000,0.000000,0.000,0.000,AP
2026-05-15 07:35:28,1900-01-00 00:00:00,,9C:2F:9D:82:20:A3,-21,,0.000000,0.000000,0.000,0.000,Client
2026-05-15 07:35:28,1900-01-00 00:00:00,dlink-615_EXT,40:86:CB:27:D2:0C,-21, WPA2 ,0.000000,0.000000,0.000,0.000,AP
2026-05-15 07:35:28,1900-01-00 00:00:00,,9C:2F:9D:82:20:A3,-21,,0.000000,0.000000,0.000,0.000,Client
2026-05-15 07:35:28,1900-01-00 00:00:00,dlink-615_EXT,40:86:CB:27:D2:0C,-21, WPA2 ,0.000000,0.000000,0.000,0.000,AP
2026-05-15 07:35:28,1900-01-00 00:00:00,,9C:2F:9D:82:20:A3,-21,,0.000000,0.000000,0.000,0.000,Client
2026-05-15 07:35:28,1900-01-00 00:00:00,dlink-615_EXT,40:86:CB:27:D2:0C,-21, WPA2 ,0.000000,0.000000,0.000,0.000,AP
2026-05-15 07:35:28,1900-01-00 00:00:00,,9C:2F:9D:82:20:A3,-21,,0.000000,0.000000,0.000,0.000,Client
2026-05-15 07:35:28,1900-01-00 00:00:00,dlink-615_EXT,40:86:CB:27:D2:0C,-21, WPA2 ,0.000000,0.000000,0.000,0.000,AP
2026-05-15 07:35:28,1900-01-00 00:00:00,,9C:2F:9D:82:20:A3,-21,,0.000000,0.000000,0.000,0.000,Client
2026-05-15 07:35:28,1900-01-00 00:00:00,dlink-615_EXT,40:86:CB:27:D2:0C,-21, WPA2 ,0.000000,0.000000,0.000,0.000,AP
2026-05-15 07:35:28,1900-01-00 00:00:00,,9C:2F:9D:82:20:A3,-21,,0.000000,0.000000,0.000,0.000,Client
2026-05-15 07:35:28,1900-01-00 00:00:00,dlink-615_EXT,40:86:CB:27:D2:0C,-19, WPA2 ,0.000000,0.000000,0.000,0.000,AP
2026-05-15 07:35:28,1900-01-00 00:00:00,,9C:2F:9D:82:20:A3,-19,,0.000000,0.000000,0.000,0.000,Client
2026-05-15 07:35:28,1900-01-00 00:00:00,dlink-615_EXT,40:86:CB:27:D2:0C,-17, WPA2 ,0.000000,0.000000,0.000,0.000,AP
2026-05-15 07:35:28,1900-01-00 00:00:00,,9C:2F:9D:82:20:A3,-17,,0.000000,0.000000,0.000,0.000,Client
2026-05-15 07:35:28,1900-01-00 00:00:00,dlink-615_EXT,40:86:CB:27:D2:0C,-19, WPA2 ,0.000000,0.000000,0.000,0.000,AP
2026-05-15 07:35:28,1900-01-00 00:00:00,,9C:2F:9D:82:20:A3,-19,,0.000000,0.000000,0.000,0.000,Client
2026-05-15 07:35:28,1900-01-00 00:00:00,dlink-615_EXT,40:86:CB:27:D2:0C,-19, WPA2 ,0.000000,0.000000,0.000,0.000,AP
2026-05-15 07:35:28,1900-01-00 00:00:00,,9C:2F:9D:82:20:A3,-19,,0.000000,0.000000,0.000,0.000,Client
2026-05-15 07:35:28,1900-01-00 00:00:00,dlink-615_EXT,40:86:CB:27:D2:0C,-17, WPA2 ,0.000000,0.000000,0.000,0.000,AP
2026-05-15 07:35:28,1900-01-00 00:00:00,,9C:2F:9D:82:20:A3,-17,,0.000000,0.000000,0.000,0.000,Client
2026-05-15 07:35:28,1900-01-00 00:00:00,dlink-615_EXT,40:86:CB:27:D2:0C,-19, WPA2 ,0.000000,0.000000,0.000,0.000,AP
2026-05-15 07:35:28,1900-01-00 00:00:00,,9C:2F:9D:82:20:A3,-19,,0.000000,0.000000,0.000,0.000,Client
2026-05-15 07:35:28,1900-01-00 00:00:00,dlink-615_EXT,40:86:CB:27:D2:0C,-19, WPA2 ,0.000000,0.000000,0.000,0.000,AP
2026-05-15 07:35:28,1900-01-00 00:00:00,,9C:2F:9D:82:20:A3,-19,,0.000000,0.000000,0.000,0.000,Client
2026-05-15 07:35:28,1900-01-00 00:00:00,dlink-615_EXT,40:86:CB:27:D2:0C,-19, WPA2 ,0.000000,0.000000,0.000,0.000,AP
2026-05-15 07:35:28,1900-01-00 00:00:00,,9C:2F:9D:82:20:A3,-19,,0.000000,0.000000,0.000,0.000,Client
2026-05-15 07:35:28,1900-01-00 00:00:00,dlink-615_EXT,40:86:CB:27:D2:0C,-19, WPA2 ,0.000000,0.000000,0.000,0.000,AP
2026-05-15 07:35:28,1900-01-00 00:00:00,,9C:2F:9D:82:20:A3,-19,,0.000000,0.000000,0.000,0.000,Client
2026-05-15 07:35:28,1900-01-00 00:00:00,dlink-615_EXT,40:86:CB:27:D2:0C,-19, WPA2 ,0.000000,0.000000,0.000,0.000,AP
2026-05-15 07:35:28,1900-01-00 00:00:00,,9C:2F:9D:82:20:A3,-19,,0.000000,0.000000,0.000,0.000,Client
2026-05-15 07:35:28,1900-01-00 00:00:00,dlink-615_EXT,40:86:CB:27:D2:0C,-19, WPA2 ,0.000000,0.000000,0.000,0.000,AP
2026-05-15 07:35:28,1900-01-00 00:00:00,,9C:2F:9D:82:20:A3,-19,,0.000000,0.000000,0.000,0.000,Client
2026-05-15 07:35:28,1900-01-00 00:00:00,dlink-615_EXT,40:86:CB:27:D2:0C,-21, WPA2 ,0.000000,0.000000,0.000,0.000,AP
2026-05-15 07:35:28,1900-01-00 00:00:00,,9C:2F:9D:82:20:A3,-21,,0.000000,0.000000,0.000,0.000,Client
2026-05-15 07:35:28,1900-01-00 00:00:00,dlink-615_EXT,40:86:CB:27:D2:0C,-21, WPA2 ,0.000000,0.000000,0.000,0.000,AP
2026-05-15 07:35:28,1900-01-00 00:00:00,,9C:2F:9D:82:20:A3,-17,,0.000000,0.000000,0.000,0.000,Client
2026-05-15 07:35:28,1900-01-00 00:00:00,dlink-615_EXT,40:86:CB:27:D2:0C,-19, WPA2 ,0.000000,0.000000,0.000,0.000,AP
2026-05-15 07:35:28,1900-01-00 00:00:00,,9C:2F:9D:82:20:A3,-19,,0.000000,0.000000,0.000,0.000,Client
2026-05-15 07:35:28,1900-01-00 00:00:00,dlink-615_EXT,40:86:CB:27:D2:0C,-19, WPA2 ,0.000000,0.000000,0.000,0.000,AP
2026-05-15 07:35:28,1900-01-00 00:00:00,,9C:2F:9D:82:20:A3,-19,,0.000000,0.000000,0.000,0.000,Client
2026-05-15 07:35:28,1900-01-00 00:00:00,dlink-615_EXT,40:86:CB:27:D2:0C,-19, WPA2 ,0.000000,0.000000,0.000,0.000,AP
2026-05-15 07:35:28,1900-01-00 00:00:00,,9C:2F:9D:82:20:A3,-19,,0.000000,0.000000,0.000,0.000,Client
2026-05-15 07:35:28,1900-01-00 00:00:00,dlink-615_EXT,40:86:CB:27:D2:0C,-19, WPA2 ,0.000000,0.000000,0.000,0.000,AP
2026-05-15 07:35:28,1900-01-00 00:00:00,,9C:2F:9D:82:20:A3,-19,,0.000000,0.000000,0.000,0.000,Client
2026-05-15 07:35:28,1900-01-00 00:00:00,dlink-615_EXT,40:86:CB:27:D2:0C,-19, WPA2 ,0.000000,0.000000,0.000,0.000,AP
2026-05-15 07:35:28,1900-01-00 00:00:00,,9C:2F:9D:82:20:A3,-19,,0.000000,0.000000,0.000,0.000,Client
2026-05-15 07:35:28,1900-01-00 00:00:00,dlink-615_EXT,40:86:CB:27:D2:0C,-19, WPA2 ,0.000000,0.000000,0.000,0.000,AP
2026-05-15 07:35:28,1900-01-00 00:00:00,,9C:2F:9D:82:20:A3,-19,,0.000000,0.000000,0.000,0.000,Client
2026-05-15 07:35:28,1900-01-00 00:00:00,dlink-615_EXT,40:86:CB:27:D2:0C,-19, WPA2 ,0.000000,0.000000,0.000,0.000,AP
2026-05-15 07:35:28,1900-01-00 00:00:00,,9C:2F:9D:82:20:A3,-19,,0.000000,0.000000,0.000,0.000,Client
2026-05-15 07:35:28,1900-01-00 00:00:00,dlink-615_EXT,40:86:CB:27:D2:0C,-19, WPA2 ,0.000000,0.000000,0.000,0.000,AP
2026-05-15 07:35:28,1900-01-00 00:00:00,,9C:2F:9D:82:20:A3,-19,,0.000000,0.000000,0.000,0.000,Client
2026-05-15 07:35:28,1900-01-00 00:00:00,dlink-615_EXT,40:86:CB:27:D2:0C,-19, WPA2 ,0.000000,0.000000,0.000,0.000,AP
2026-05-15 07:35:28,1900-01-00 00:00:00,,9C:2F:9D:82:20:A3,-19,,0.000000,0.000000,0.000,0.000,Client
2026-05-15 07:35:28,1900-01-00 00:00:00,dlink-615_EXT,40:86:CB:27:D2:0C,-19, WPA2 ,0.000000,0.000000,0.000,0.000,AP
2026-05-15 07:35:28,1900-01-00 00:00:00,,9C:2F:9D:82:20:A3,-19,,0.000000,0.000000,0.000,0.000,Client
2026-05-15 07:35:28,1900-01-00 00:00:00,dlink-615_EXT,40:86:CB:27:D2:0C,-19, WPA2 ,0.000000,0.000000,0.000,0.000,AP
2026-05-15 07:35:28,1900-01-00 00:00:00,,9C:2F:9D:82:20:A3,-19,,0.000000,0.000000,0.000,0.000,Client
2026-05-15 07:35:28,1900-01-00 00:00:00,dlink-615_EXT,40:86:CB:27:D2:0C,-19, WPA2 ,0.000000,0.000000,0.000,0.000,AP
2026-05-15 07:35:28,1900-01-00 00:00:00,,9C:2F:9D:82:20:A3,-19,,0.000000,0.000000,0.000,0.000,Client
2026-05-15 07:35:28,1900-01-00 00:00:00,dlink-615_EXT,40:86:CB:27:D2:0C,-19, WPA2 ,0.000000,0.000000,0.000,0.000,AP
2026-05-15 07:35:28,1900-01-00 00:00:00,,9C:2F:9D:82:20:A3,-19,,0.000000,0.000000,0.000,0.000,Client
2026-05-15 07:35:28,1900-01-00 00:00:00,dlink-615_EXT,40:86:CB:27:D2:0C,-19, WPA2 ,0.000000,0.000000,0.000,0.000,AP
2026-05-15 07:35:28,1900-01-00 00:00:00,,9C:2F:9D:82:20:A3,-19,,0.000000,0.000000,0.000,0.000,Client
2026-05-15 07:35:28,1900-01-00 00:00:00,dlink-615_EXT,40:86:CB:27:D2:0C,-17, WPA2 ,0.000000,0.000000,0.000,0.000,AP
2026-05-15 07:35:28,1900-01-00 00:00:00,,9C:2F:9D:82:20:A3,-17,,0.000000,0.000000,0.000,0.000,Client
2026-05-15 07:35:28,1900-01-00 00:00:00,dlink-615_EXT,40:86:CB:27:D2:0C,-19, WPA2 ,0.000000,0.000000,0.000,0.000,AP
2026-05-15 07:35:28,1900-01-00 00:00:00,,9C:2F:9D:82:20:A3,-19,,0.000000,0.000000,0.000,0.000,Client
2026-05-15 07:35:28,1900-01-00 00:00:00,dlink-615_EXT,40:86:CB:27:D2:0C,-19, WPA2 ,0.000000,0.000000,0.000,0.000,AP
2026-05-15 07:35:28,1900-01-00 00:00:00,,9C:2F:9D:82:20:A3,-19,,0.000000,0.000000,0.000,0.000,Client
2026-05-15 07:35:28,1900-01-00 00:00:00,dlink-615_EXT,40:86:CB:27:D2:0C,-19, WPA2 ,0.000000,0.000000,0.000,0.000,AP
2026-05-15 07:35:28,1900-01-00 00:00:00,,9C:2F:9D:82:20:A3,-19,,0.000000,0.000000,0.000,0.000,Client
2026-05-15 07:35:28,1900-01-00 00:00:00,dlink-615_EXT,40:86:CB:27:D2:0C,-19, WPA2 ,0.000000,0.000000,0.000,0.000,AP
2026-05-15 07:35:28,1900-01-00 00:00:00,,9C:2F:9D:82:20:A3,-19,,0.000000,0.000000,0.000,0.000,Client
2026-05-15 07:35:28,1900-01-00 00:00:00,dlink-615_EXT,40:86:CB:27:D2:0C,-19, WPA2 ,0.000000,0.000000,0.000,0.000,AP
2026-05-15 07:35:28,1900-01-00 00:00:00,,9C:2F:9D:82:20:A3,-19,,0.000000,0.000000,0.000,0.000,Client
2026-05-15 07:35:28,1900-01-00 00:00:00,dlink-615_EXT,40:86:CB:27:D2:0C,-19, WPA2 ,0.000000,0.000000,0.000,0.000,AP
2026-05-15 07:35:28,1900-01-00 00:00:00,,9C:2F:9D:82:20:A3,-21,,0.000000,0.000000,0.000,0.000,Client
2026-05-15 07:35:28,1900-01-00 00:00:00,dlink-615_EXT,40:86:CB:27:D2:0C,-21, WPA2 ,0.000000,0.000000,0.000,0.000,AP
2026-05-15 07:35:28,1900-01-00 00:00:00,,9C:2F:9D:82:20:A3,-21,,0.000000,0.000000,0.000,0.000,Client
2026-05-15 07:35:28,1900-01-00 00:00:00,dlink-615_EXT,40:86:CB:27:D2:0C,-21, WPA2 ,0.000000,0.000000,0.000,0.000,AP
2026-05-15 07:35:28,1900-01-00 00:00:00,,9C:2F:9D:82:20:A3,-21,,0.000000,0.000000,0.000,0.000,Client
2026-05-15 07:35:28,1900-01-00 00:00:00,dlink-615_EXT,40:86:CB:27:D2:0C,-21, WPA2 ,0.000000,0.000000,0.000,0.000,AP
2026-05-15 07:35:28,1900-01-00 00:00:00,,9C:2F:9D:82:20:A3,-25,,0.000000,0.000000,0.000,0.000,Client
2026-05-15 07:35:28,1900-01-00 00:00:00,dlink-615_EXT,40:86:CB:27:D2:0C,-25, WPA2 ,0.000000,0.000000,0.000,0.000,AP
2026-05-15 07:35:28,1900-01-00 00:00:00,,9C:2F:9D:82:20:A3,-25,,0.000000,0.000000,0.000,0.000,Client
2026-05-15 07:35:28,1900-01-00 00:00:00,dlink-615_EXT,40:86:CB:27:D2:0C,-25, WPA2 ,0.000000,0.000000,0.000,0.000,AP
2026-05-15 07:35:28,1900-01-00 00:00:00,,9C:2F:9D:82:20:A3,-25,,0.000000,0.000000,0.000,0.000,Client
2026-05-15 07:35:28,1900-01-00 00:00:00,dlink-615_EXT,40:86:CB:27:D2:0C,-23, WPA2 ,0.000000,0.000000,0.000,0.000,AP
2026-05-15 07:35:28,1900-01-00 00:00:00,,9C:2F:9D:82:20:A3,-23,,0.000000,0.000000,0.000,0.000,Client
2026-05-15 07:35:28,1900-01-00 00:00:00,dlink-615_EXT,40:86:CB:27:D2:0C,-23, WPA2 ,0.000000,0.000000,0.000,0.000,AP
2026-05-15 07:35:28,1900-01-00 00:00:00,,9C:2F:9D:82:20:A3,-23,,0.000000,0.000000,0.000,0.000,Client
2026-05-15 07:35:28,1900-01-00 00:00:00,dlink-615_EXT,40:86:CB:27:D2:0C,-23, WPA2 ,0.000000,0.000000,0.000,0.000,AP
2026-05-15 07:35:28,1900-01-00 00:00:00,,9C:2F:9D:82:20:A3,-23,,0.000000,0.000000,0.000,0.000,Client
2026-05-15 07:35:28,1900-01-00 00:00:00,dlink-615_EXT,40:86:CB:27:D2:0C,-23, WPA2 ,0.000000,0.000000,0.000,0.000,AP
2026-05-15 07:35:28,1900-01-00 00:00:00,,9C:2F:9D:82:20:A3,-23,,0.000000,0.000000,0.000,0.000,Client
2026-05-15 07:35:28,1900-01-00 00:00:00,dlink-615_EXT,40:86:CB:27:D2:0C,-23, WPA2 ,0.000000,0.000000,0.000,0.000,AP
2026-05-15 07:35:28,1900-01-00 00:00:00,,9C:2F:9D:82:20:A3,-23,,0.000000,0.000000,0.000,0.000,Client
2026-05-15 07:35:28,1900-01-00 00:00:00,dlink-615_EXT,40:86:CB:27:D2:0C,-23, WPA2 ,0.000000,0.000000,0.000,0.000,AP
2026-05-15 07:35:28,1900-01-00 00:00:00,,9C:2F:9D:82:20:A3,-23,,0.000000,0.000000,0.000,0.000,Client
2026-05-15 07:35:28,1900-01-00 00:00:00,dlink-615_EXT,40:86:CB:27:D2:0C,-23, WPA2 ,0.000000,0.000000,0.000,0.000,AP
2026-05-15 07:35:28,1900-01-00 00:00:00,,9C:2F:9D:82:20:A3,-23,,0.000000,0.000000,0.000,0.000,Client
2026-05-15 07:35:28,1900-01-00 00:00:00,dlink-615_EXT,40:86:CB:27:D2:0C,-23, WPA2 ,0.000000,0.000000,0.000,0.000,AP
2026-05-15 07:35:28,1900-01-00 00:00:00,,9C:2F:9D:82:20:A3,-23,,0.000000,0.000000,0.000,0.000,Client
2026-05-15 07:35:28,1900-01-00 00:00:00,dlink-615_EXT,40:86:CB:27:D2:0C,-23, WPA2 ,0.000000,0.000000,0.000,0.000,AP
2026-05-15 07:35:28,1900-01-00 00:00:00,,9C:2F:9D:82:20:A3,-23,,0.000000,0.000000,0.000,0.000,Client
2026-05-15 07:35:28,1900-01-00 00:00:00,dlink-615_EXT,40:86:CB:27:D2:0C,-23, WPA2 ,0.000000,0.000000,0.000,0.000,AP
2026-05-15 07:35:28,1900-01-00 00:00:00,,9C:2F:9D:82:20:A3,-23,,0.000000,0.000000,0.000,0.000,Client
2026-05-15 07:35:28,1900-01-00 00:00:00,dlink-615_EXT,40:86:CB:27:D2:0C,-23, WPA2 ,0.000000,0.000000,0.000,0.000,AP
2026-05-15 07:35:28,1900-01-00 00:00:00,,9C:2F:9D:82:20:A3,-23,,0.000000,0.000000,0.000,0.000,Client
2026-05-15 07:35:28,1900-01-00 00:00:00,dlink-615_EXT,40:86:CB:27:D2:0C,-23, WPA2 ,0.000000,0.000000,0.000,0.000,AP
2026-05-15 07:35:28,1900-01-00 00:00:00,,9C:2F:9D:82:20:A3,-23,,0.000000,0.000000,0.000,0.000,Client
2026-05-15 07:35:28,1900-01-00 00:00:00,dlink-615_EXT,40:86:CB:27:D2:0C,-23, WPA2 ,0.000000,0.000000,0.000,0.000,AP
2026-05-15 07:35:28,1900-01-00 00:00:00,,9C:2F:9D:82:20:A3,-23,,0.000000,0.000000,0.000,0.000,Client
2026-05-15 07:35:28,1900-01-00 00:00:00,dlink-615_EXT,40:86:CB:27:D2:0C,-23, WPA2 ,0.000000,0.000000,0.000,0.000,AP
2026-05-15 07:35:28,1900-01-00 00:00:00,,9C:2F:9D:82:20:A3,-23,,0.000000,0.000000,0.000,0.000,Client
2026-05-15 07:35:28,1900-01-00 00:00:00,dlink-615_EXT,40:86:CB:27:D2:0C,-23, WPA2 ,0.000000,0.000000,0.000,0.000,AP
2026-05-15 07:35:28,1900-01-00 00:00:00,,9C:2F:9D:82:20:A3,-23,,0.000000,0.000000,0.000,0.000,Client
2026-05-15 07:35:28,1900-01-00 00:00:00,dlink-615_EXT,40:86:CB:27:D2:0C,-23, WPA2 ,0.000000,0.000000,0.000,0.000,AP
2026-05-15 07:35:28,1900-01-00 00:00:00,,9C:2F:9D:82:20:A3,-23,,0.000000,0.000000,0.000,0.000,Client
2026-05-15 07:35:28,1900-01-00 00:00:00,dlink-615_EXT,40:86:CB:27:D2:0C,-23, WPA2 ,0.000000,0.000000,0.000,0.000,AP
2026-05-15 07:35:28,1900-01-00 00:00:00,,9C:2F:9D:82:20:A3,-23,,0.000000,0.000000,0.000,0.000,Client
2026-05-15 07:35:28,1900-01-00 00:00:00,dlink-615_EXT,40:86:CB:27:D2:0C,-23, WPA2 ,0.000000,0.000000,0.000,0.000,AP
2026-05-15 07:35:28,1900-01-00 00:00:00,,9C:2F:9D:82:20:A3,-17,,0.000000,0.000000,0.000,0.000,Client
2026-05-15 07:35:28,1900-01-00 00:00:00,dlink-615_EXT,40:86:CB:27:D2:0C,-19, WPA2 ,0.000000,0.000000,0.000,0.000,AP
2026-05-15 07:35:28,1900-01-00 00:00:00,,9C:2F:9D:82:20:A3,-25,,0.000000,0.000000,0.000,0.000,Client
2026-05-15 07:35:28,1900-01-00 00:00:00,dlink-615_EXT,40:86:CB:27:D2:0C,-19, WPA2 ,0.000000,0.000000,0.000,0.000,AP
2026-05-15 07:35:28,1900-01-00 00:00:00,,9C:2F:9D:82:20:A3,-21,,0.000000,0.000000,0.000,0.000,Client
2026-05-15 07:35:28,1900-01-00 00:00:00,dlink-615_EXT,40:86:CB:27:D2:0C,-19, WPA2 ,0.000000,0.000000,0.000,0.000,AP
2026-05-15 07:35:28,1900-01-00 00:00:00,,9C:2F:9D:82:20:A3,-19,,0.000000,0.000000,0.000,0.000,Client
2026-05-15 07:35:28,1900-01-00 00:00:00,dlink-615_EXT,40:86:CB:27:D2:0C,-21, WPA2 ,0.000000,0.000000,0.000,0.000,AP
2026-05-15 07:35:28,1900-01-00 00:00:00,,9C:2F:9D:82:20:A3,-19,,0.000000,0.000000,0.000,0.000,Client
2026-05-15 07:35:28,1900-01-00 00:00:00,dlink-615_EXT,40:86:CB:27:D2:0C,-21, WPA2 ,0.000000,0.000000,0.000,0.000,AP
2026-05-15 07:35:28,1900-01-00 00:00:00,,9C:2F:9D:82:20:A3,-19,,0.000000,0.000000,0.000,0.000,Client
2026-05-15 07:35:28,1900-01-00 00:00:00,dlink-615_EXT,40:86:CB:27:D2:0C,-19, WPA2 ,0.000000,0.000000,0.000,0.000,AP
2026-05-15 07:35:28,1900-01-00 00:00:00,,9C:2F:9D:82:20:A3,-21,,0.000000,0.000000,0.000,0.000,Client
2026-05-15 07:35:28,1900-01-00 00:00:00,dlink-615_EXT,40:86:CB:27:D2:0C,-19, WPA2 ,0.000000,0.000000,0.000,0.000,AP
2026-05-15 07:35:28,1900-01-00 00:00:00,,9C:2F:9D:82:20:A3,-21,,0.000000,0.000000,0.000,0.000,Client
2026-05-15 07:35:28,1900-01-00 00:00:00,dlink-615_EXT,40:86:CB:27:D2:0C,-19, WPA2 ,0.000000,0.000000,0.000,0.000,AP
2026-05-15 07:35:28,1900-01-00 00:00:00,,9C:2F:9D:82:20:A3,-19,,0.000000,0.000000,0.000,0.000,Client
2026-05-15 07:35:28,1900-01-00 00:00:00,dlink-615_EXT,40:86:CB:27:D2:0C,-19, WPA2 ,0.000000,0.000000,0.000,0.000,AP
2026-05-15 07:35:28,1900-01-00 00:00:00,,9C:2F:9D:82:20:A3,-21,,0.000000,0.000000,0.000,0.000,Client
2026-05-15 07:35:28,1900-01-00 00:00:00,dlink-615_EXT,40:86:CB:27:D2:0C,-21, WPA2 ,0.000000,0.000000,0.000,0.000,AP
2026-05-15 07:35:28,1900-01-00 00:00:00,,9C:2F:9D:82:20:A3,-21,,0.000000,0.000000,0.000,0.000,Client
2026-05-15 07:35:28,1900-01-00 00:00:00,dlink-615_EXT,40:86:CB:27:D2:0C,-19, WPA2 ,0.000000,0.000000,0.000,0.000,AP
2026-05-15 07:35:28,1900-01-00 00:00:00,,9C:2F:9D:82:20:A3,-23,,0.000000,0.000000,0.000,0.000,Client
2026-05-15 07:35:28,1900-01-00 00:00:00,dlink-615_EXT,40:86:CB:27:D2:0C,-19, WPA2 ,0.000000,0.000000,0.000,0.000,AP
2026-05-15 07:35:28,1900-01-00 00:00:00,,9C:2F:9D:82:20:A3,-21,,0.000000,0.000000,0.000,0.000,Client
2026-05-15 07:35:28,1900-01-00 00:00:00,dlink-615_EXT,40:86:CB:27:D2:0C,-19, WPA2 ,0.000000,0.000000,0.000,0.000,AP
2026-05-15 07:35:28,1900-01-00 00:00:00,,9C:2F:9D:82:20:A3,-19,,0.000000,0.000000,0.000,0.000,Client
2026-05-15 07:35:28,1900-01-00 00:00:00,dlink-615_EXT,40:86:CB:27:D2:0C,-19, WPA2 ,0.000000,0.000000,0.000,0.000,AP
2026-05-15 07:35:28,1900-01-00 00:00:00,,9C:2F:9D:82:20:A3,-21,,0.000000,0.000000,0.000,0.000,Client
2026-05-15 07:35:28,1900-01-00 00:00:00,dlink-615_EXT,40:86:CB:27:D2:0C,-17, WPA2 ,0.000000,0.000000,0.000,0.000,AP
2026-05-15 07:35:28,1900-01-00 00:00:00,,9C:2F:9D:82:20:A3,-21,,0.000000,0.000000,0.000,0.000,Client
2026-05-15 07:35:28,1900-01-00 00:00:00,dlink-615_EXT,40:86:CB:27:D2:0C,-19, WPA2 ,0.000000,0.000000,0.000,0.000,AP
2026-05-15 07:35:28,1900-01-00 00:00:00,,9C:2F:9D:82:20:A3,-19,,0.000000,0.000000,0.000,0.000,Client
2026-05-15 07:35:28,1900-01-00 00:00:00,dlink-615_EXT,40:86:CB:27:D2:0C,-19, WPA2 ,0.000000,0.000000,0.000,0.000,AP
2026-05-15 07:35:28,1900-01-00 00:00:00,,9C:2F:9D:82:20:A3,-21,,0.000000,0.000000,0.000,0.000,Client
2026-05-15 07:35:28,1900-01-00 00:00:00,dlink-615_EXT,40:86:CB:27:D2:0C,-17, WPA2 ,0.000000,0.000000,0.000,0.000,AP
2026-05-15 07:35:28,1900-01-00 00:00:00,,9C:2F:9D:82:20:A3,-21,,0.000000,0.000000,0.000,0.000,Client
2026-05-15 07:35:28,1900-01-00 00:00:00,dlink-615_EXT,40:86:CB:27:D2:0C,-19, WPA2 ,0.000000,0.000000,0.000,0.000,AP
2026-05-15 07:35:28,1900-01-00 00:00:00,,9C:2F:9D:82:20:A3,-19,,0.000000,0.000000,0.000,0.000,Client
2026-05-15 07:35:28,1900-01-00 00:00:00,dlink-615_EXT,40:86:CB:27:D2:0C,-21, WPA2 ,0.000000,0.000000,0.000,0.000,AP
2026-05-15 07:35:28,1900-01-00 00:00:00,,9C:2F:9D:82:20:A3,-21,,0.000000,0.000000,0.000,0.000,Client
2026-05-15 07:35:28,1900-01-00 00:00:00,dlink-615_EXT,40:86:CB:27:D2:0C,-19, WPA2 ,0.000000,0.000000,0.000,0.000,AP
2026-05-15 07:35:28,1900-01-00 00:00:00,,9C:2F:9D:82:20:A3,-21,,0.000000,0.000000,0.000,0.000,Client
2026-05-15 07:35:28,1900-01-00 00:00:00,dlink-615_EXT,40:86:CB:27:D2:0C,-19, WPA2 ,0.000000,0.000000,0.000,0.000,AP
2026-05-15 07:35:28,1900-01-00 00:00:00,,9C:2F:9D:82:20:A3,-21,,0.000000,0.000000,0.000,0.000,Client
2026-05-15 07:35:28,1900-01-00 00:00:00,dlink-615_EXT,40:86:CB:27:D2:0C,-19, WPA2 ,0.000000,0.000000,0.000,0.000,AP
2026-05-15 07:35:28,1900-01-00 00:00:00,,9C:2F:9D:82:20:A3,-19,,0.000000,0.000000,0.000,0.000,Client
2026-05-15 07:35:28,1900-01-00 00:00:00,dlink-615_EXT,40:86:CB:27:D2:0C,-19, WPA2 ,0.000000,0.000000,0.000,0.000,AP
2026-05-15 07:35:28,1900-01-00 00:00:00,,9C:2F:9D:82:20:A3,-21,,0.000000,0.000000,0.000,0.000,Client
2026-05-15 07:35:28,1900-01-00 00:00:00,dlink-615_EXT,40:86:CB:27:D2:0C,-19, WPA2 ,0.000000,0.000000,0.000,0.000,AP
2026-05-15 07:35:28,1900-01-00 00:00:00,,9C:2F:9D:82:20:A3,-19,,0.000000,0.000000,0.000,0.000,Client
2026-05-15 07:35:28,1900-01-00 00:00:00,dlink-615_EXT,40:86:CB:27:D2:0C,-19, WPA2 ,0.000000,0.000000,0.000,0.000,AP
2026-05-15 07:35:28,1900-01-00 00:00:00,,9C:2F:9D:82:20:A3,-21,,0.000000,0.000000,0.000,0.000,Client
2026-05-15 07:35:28,1900-01-00 00:00:00,dlink-615_EXT,40:86:CB:27:D2:0C,-19, WPA2 ,0.000000,0.000000,0.000,0.000,AP
2026-05-15 07:35:28,1900-01-00 00:00:00,,9C:2F:9D:82:20:A3,-19,,0.000000,0.000000,0.000,0.000,Client
2026-05-15 07:35:28,1900-01-00 00:00:00,dlink-615_EXT,40:86:CB:27:D2:0C,-19, WPA2 ,0.000000,0.000000,0.000,0.000,AP
2026-05-15 07:35:28,1900-01-00 00:00:00,,9C:2F:9D:82:20:A3,-19,,0.000000,0.000000,0.000,0.000,Client
2026-05-15 07:35:28,1900-01-00 00:00:00,dlink-615_EXT,40:86:CB:27:D2:0C,-19, WPA2 ,0.000000,0.000000,0.000,0.000,AP
2026-05-15 07:35:28,1900-01-00 00:00:00,,9C:2F:9D:82:20:A3,-19,,0.000000,0.000000,0.000,0.000,Client
2026-05-15 07:35:29,1900-01-00 00:00:00,dlink-615_EXT,40:86:CB:27:D2:0C,-17, WPA2 ,0.000000,0.000000,0.000,0.000,AP
2026-05-15 07:35:29,1900-01-00 00:00:00,,9C:2F:9D:82:20:A3,-17,,0.000000,0.000000,0.000,0.000,Client
2026-05-15 07:35:29,1900-01-00 00:00:00,dlink-615_EXT,40:86:CB:27:D2:0C,-17, WPA2 ,0.000000,0.000000,0.000,0.000,AP
2026-05-15 07:35:29,1900-01-00 00:00:00,,9C:2F:9D:82:20:A3,-17,,0.000000,0.000000,0.000,0.000,Client
2026-05-15 07:35:29,1900-01-00 00:00:00,dlink-615_EXT,40:86:CB:27:D2:0C,-19, WPA2 ,0.000000,0.000000,0.000,0.000,AP
2026-05-15 07:35:29,1900-01-00 00:00:00,,9C:2F:9D:82:20:A3,-19,,0.000000,0.000000,0.000,0.000,Client
2026-05-15 07:35:29,1900-01-00 00:00:00,dlink-615_EXT,40:86:CB:27:D2:0C,-21, WPA2 ,0.000000,0.000000,0.000,0.000,AP
2026-05-15 07:35:29,1900-01-00 00:00:00,,9C:2F:9D:82:20:A3,-21,,0.000000,0.000000,0.000,0.000,Client
2026-05-15 07:35:29,1900-01-00 00:00:00,dlink-615_EXT,40:86:CB:27:D2:0C,-19, WPA2 ,0.000000,0.000000,0.000,0.000,AP
2026-05-15 07:35:29,1900-01-00 00:00:00,,9C:2F:9D:82:20:A3,-19,,0.000000,0.000000,0.000,0.000,Client
2026-05-15 07:35:29,1900-01-00 00:00:00,dlink-615_EXT,40:86:CB:27:D2:0C,-19, WPA2 ,0.000000,0.000000,0.000,0.000,AP
2026-05-15 07:35:29,1900-01-00 00:00:00,,9C:2F:9D:82:20:A3,-19,,0.000000,0.000000,0.000,0.000,Client
2026-05-15 07:35:29,1900-01-00 00:00:00,dlink-615_EXT,40:86:CB:27:D2:0C,-19, WPA2 ,0.000000,0.000000,0.000,0.000,AP
2026-05-15 07:35:29,1900-01-00 00:00:00,,9C:2F:9D:82:20:A3,-19,,0.000000,0.000000,0.000,0.000,Client
2026-05-15 07:35:29,1900-01-00 00:00:00,dlink-615_EXT,40:86:CB:27:D2:0C,-19, WPA2 ,0.000000,0.000000,0.000,0.000,AP
2026-05-15 07:35:29,1900-01-00 00:00:00,,9C:2F:9D:82:20:A3,-19,,0.000000,0.000000,0.000,0.000,Client
2026-05-15 07:35:29,1900-01-00 00:00:00,dlink-615_EXT,40:86:CB:27:D2:0C,-19, WPA2 ,0.000000,0.000000,0.000,0.000,AP
2026-05-15 07:35:29,1900-01-00 00:00:00,,9C:2F:9D:82:20:A3,-19,,0.000000,0.000000,0.000,0.000,Client
2026-05-15 07:35:29,1900-01-00 00:00:00,dlink-615_EXT,40:86:CB:27:D2:0C,-19, WPA2 ,0.000000,0.000000,0.000,0.000,AP
2026-05-15 07:35:29,1900-01-00 00:00:00,,9C:2F:9D:82:20:A3,-19,,0.000000,0.000000,0.000,0.000,Client
2026-05-15 07:35:29,1900-01-00 00:00:00,dlink-615_EXT,40:86:CB:27:D2:0C,-19, WPA2 ,0.000000,0.000000,0.000,0.000,AP
2026-05-15 07:35:29,1900-01-00 00:00:00,,9C:2F:9D:82:20:A3,-19,,0.000000,0.000000,0.000,0.000,Client
2026-05-15 07:35:29,1900-01-00 00:00:00,dlink-615_EXT,40:86:CB:27:D2:0C,-19, WPA2 ,0.000000,0.000000,0.000,0.000,AP
2026-05-15 07:35:29,1900-01-00 00:00:00,,9C:2F:9D:82:20:A3,-19,,0.000000,0.000000,0.000,0.000,Client
2026-05-15 07:35:29,1900-01-00 00:00:00,dlink-615_EXT,40:86:CB:27:D2:0C,-19, WPA2 ,0.000000,0.000000,0.000,0.000,AP
2026-05-15 07:35:29,1900-01-00 00:00:00,,9C:2F:9D:82:20:A3,-19,,0.000000,0.000000,0.000,0.000,Client
2026-05-15 07:35:29,1900-01-00 00:00:00,dlink-615_EXT,40:86:CB:27:D2:0C,-19, WPA2 ,0.000000,0.000000,0.000,0.000,AP
2026-05-15 07:35:29,1900-01-00 00:00:00,,9C:2F:9D:82:20:A3,-19,,0.000000,0.000000,0.000,0.000,Client
2026-05-15 07:35:29,1900-01-00 00:00:00,dlink-615_EXT,40:86:CB:27:D2:0C,-19, WPA2 ,0.000000,0.000000,0.000,0.000,AP
2026-05-15 07:35:29,1900-01-00 00:00:00,,9C:2F:9D:82:20:A3,-19,,0.000000,0.000000,0.000,0.000,Client
2026-05-15 07:35:29,1900-01-00 00:00:00,dlink-615_EXT,40:86:CB:27:D2:0C,-19, WPA2 ,0.000000,0.000000,0.000,0.000,AP
2026-05-15 07:35:29,1900-01-00 00:00:00,,9C:2F:9D:82:20:A3,-19,,0.000000,0.000000,0.000,0.000,Client
2026-05-15 07:35:29,1900-01-00 00:00:00,dlink-615_EXT,40:86:CB:27:D2:0C,-19, WPA2 ,0.000000,0.000000,0.000,0.000,AP
2026-05-15 07:35:29,1900-01-00 00:00:00,,9C:2F:9D:82:20:A3,-19,,0.000000,0.000000,0.000,0.000,Client
2026-05-15 07:35:29,1900-01-00 00:00:00,dlink-615_EXT,40:86:CB:27:D2:0C,-19, WPA2 ,0.000000,0.000000,0.000,0.000,AP
2026-05-15 07:35:29,1900-01-00 00:00:00,,9C:2F:9D:82:20:A3,-19,,0.000000,0.000000,0.000,0.000,Client
2026-05-15 07:35:29,1900-01-00 00:00:00,dlink-615_EXT,40:86:CB:27:D2:0C,-19, WPA2 ,0.000000,0.000000,0.000,0.000,AP
2026-05-15 07:35:29,1900-01-00 00:00:00,,9C:2F:9D:82:20:A3,-19,,0.000000,0.000000,0.000,0.000,Client
2026-05-15 07:35:29,1900-01-00 00:00:00,dlink-615_EXT,40:86:CB:27:D2:0C,-19, WPA2 ,0.000000,0.000000,0.000,0.000,AP
2026-05-15 07:35:29,1900-01-00 00:00:00,,9C:2F:9D:82:20:A3,-19,,0.000000,0.000000,0.000,0.000,Client
2026-05-15 07:35:29,1900-01-00 00:00:00,dlink-615_EXT,40:86:CB:27:D2:0C,-19, WPA2 ,0.000000,0.000000,0.000,0.000,AP
2026-05-15 07:35:29,1900-01-00 00:00:00,,9C:2F:9D:82:20:A3,-19,,0.000000,0.000000,0.000,0.000,Client
2026-05-15 07:35:29,1900-01-00 00:00:00,dlink-615_EXT,40:86:CB:27:D2:0C,-19, WPA2 ,0.000000,0.000000,0.000,0.000,AP
2026-05-15 07:35:29,1900-01-00 00:00:00,,9C:2F:9D:82:20:A3,-19,,0.000000,0.000000,0.000,0.000,Client
2026-05-15 07:35:29,1900-01-00 00:00:00,dlink-615_EXT,40:86:CB:27:D2:0C,-19, WPA2 ,0.000000,0.000000,0.000,0.000,AP
2026-05-15 07:35:29,1900-01-00 00:00:00,,9C:2F:9D:82:20:A3,-19,,0.000000,0.000000,0.000,0.000,Client
2026-05-15 07:35:29,1900-01-00 00:00:00,dlink-615_EXT,40:86:CB:27:D2:0C,-19, WPA2 ,0.000000,0.000000,0.000,0.000,AP
2026-05-15 07:35:29,1900-01-00 00:00:00,,9C:2F:9D:82:20:A3,-19,,0.000000,0.000000,0.000,0.000,Client
2026-05-15 07:35:29,1900-01-00 00:00:00,dlink-615_EXT,40:86:CB:27:D2:0C,-19, WPA2 ,0.000000,0.000000,0.000,0.000,AP
2026-05-15 07:35:29,1900-01-00 00:00:00,,9C:2F:9D:82:20:A3,-19,,0.000000,0.000000,0.000,0.000,Client
2026-05-15 07:35:29,1900-01-00 00:00:00,dlink-615_EXT,40:86:CB:27:D2:0C,-19, WPA2 ,0.000000,0.000000,0.000,0.000,AP
2026-05-15 07:35:29,1900-01-00 00:00:00,,9C:2F:9D:82:20:A3,-19,,0.000000,0.000000,0.000,0.000,Client
2026-05-15 07:35:29,1900-01-00 00:00:00,dlink-615_EXT,40:86:CB:27:D2:0C,-19, WPA2 ,0.000000,0.000000,0.000,0.000,AP
2026-05-15 07:35:29,1900-01-00 00:00:00,,9C:2F:9D:82:20:A3,-19,,0.000000,0.000000,0.000,0.000,Client
2026-05-15 07:35:29,1900-01-00 00:00:00,dlink-615_EXT,40:86:CB:27:D2:0C,-19, WPA2 ,0.000000,0.000000,0.000,0.000,AP
2026-05-15 07:35:29,1900-01-00 00:00:00,,9C:2F:9D:82:20:A3,-19,,0.000000,0.000000,0.000,0.000,Client
2026-05-15 07:35:29,1900-01-00 00:00:00,dlink-615_EXT,40:86:CB:27:D2:0C,-19, WPA2 ,0.000000,0.000000,0.000,0.000,AP
2026-05-15 07:35:29,1900-01-00 00:00:00,,9C:2F:9D:82:20:A3,-19,,0.000000,0.000000,0.000,0.000,Client
2026-05-15 07:35:29,1900-01-00 00:00:00,dlink-615_EXT,40:86:CB:27:D2:0C,-19, WPA2 ,0.000000,0.000000,0.000,0.000,AP
2026-05-15 07:35:29,1900-01-00 00:00:00,,9C:2F:9D:82:20:A3,-19,,0.000000,0.000000,0.000,0.000,Client
2026-05-15 07:35:29,1900-01-00 00:00:00,dlink-615_EXT,40:86:CB:27:D2:0C,-17, WPA2 ,0.000000,0.000000,0.000,0.000,AP
2026-05-15 07:35:29,1900-01-00 00:00:00,,9C:2F:9D:82:20:A3,-17,,0.000000,0.000000,0.000,0.000,Client
2026-05-15 07:35:29,1900-01-00 00:00:00,dlink-615_EXT,40:86:CB:27:D2:0C,-19, WPA2 ,0.000000,0.000000,0.000,0.000,AP
2026-05-15 07:35:29,1900-01-00 00:00:00,,9C:2F:9D:82:20:A3,-19,,0.000000,0.000000,0.000,0.000,Client
2026-05-15 07:35:29,1900-01-00 00:00:00,dlink-615_EXT,40:86:CB:27:D2:0C,-19, WPA2 ,0.000000,0.000000,0.000,0.000,AP
2026-05-15 07:35:29,1900-01-00 00:00:00,,9C:2F:9D:82:20:A3,-19,,0.000000,0.000000,0.000,0.000,Client
2026-05-15 07:35:29,1900-01-00 00:00:00,dlink-615_EXT,40:86:CB:27:D2:0C,-19, WPA2 ,0.000000,0.000000,0.000,0.000,AP
2026-05-15 07:35:29,1900-01-00 00:00:00,,9C:2F:9D:82:20:A3,-19,,0.000000,0.000000,0.000,0.000,Client
2026-05-15 07:35:29,1900-01-00 00:00:00,dlink-615_EXT,40:86:CB:27:D2:0C,-19, WPA2 ,0.000000,0.000000,0.000,0.000,AP
2026-05-15 07:35:29,1900-01-00 00:00:00,,9C:2F:9D:82:20:A3,-19,,0.000000,0.000000,0.000,0.000,Client
2026-05-15 07:35:29,1900-01-00 00:00:00,dlink-615_EXT,40:86:CB:27:D2:0C,-19, WPA2 ,0.000000,0.000000,0.000,0.000,AP
2026-05-15 07:35:29,1900-01-00 00:00:00,,9C:2F:9D:82:20:A3,-19,,0.000000,0.000000,0.000,0.000,Client
2026-05-15 07:35:29,1900-01-00 00:00:00,dlink-615_EXT,40:86:CB:27:D2:0C,-19, WPA2 ,0.000000,0.000000,0.000,0.000,AP
2026-05-15 07:35:29,1900-01-00 00:00:00,,9C:2F:9D:82:20:A3,-19,,0.000000,0.000000,0.000,0.000,Client
2026-05-15 07:35:29,1900-01-00 00:00:00,dlink-615_EXT,40:86:CB:27:D2:0C,-17, WPA2 ,0.000000,0.000000,0.000,0.000,AP
2026-05-15 07:35:29,1900-01-00 00:00:00,,9C:2F:9D:82:20:A3,-17,,0.000000,0.000000,0.000,0.000,Client
2026-05-15 07:35:29,1900-01-00 00:00:00,dlink-615_EXT,40:86:CB:27:D2:0C,-19, WPA2 ,0.000000,0.000000,0.000,0.000,AP
2026-05-15 07:35:29,1900-01-00 00:00:00,,9C:2F:9D:82:20:A3,-19,,0.000000,0.000000,0.000,0.000,Client
2026-05-15 07:35:29,1900-01-00 00:00:00,dlink-615_EXT,40:86:CB:27:D2:0C,-19, WPA2 ,0.000000,0.000000,0.000,0.000,AP
2026-05-15 07:35:29,1900-01-00 00:00:00,,9C:2F:9D:82:20:A3,-19,,0.000000,0.000000,0.000,0.000,Client
2026-05-15 07:35:29,1900-01-00 00:00:00,dlink-615_EXT,40:86:CB:27:D2:0C,-21, WPA2 ,0.000000,0.000000,0.000,0.000,AP
2026-05-15 07:35:29,1900-01-00 00:00:00,,9C:2F:9D:82:20:A3,-21,,0.000000,0.000000,0.000,0.000,Client
2026-05-15 07:35:29,1900-01-00 00:00:00,dlink-615_EXT,40:86:CB:27:D2:0C,-19, WPA2 ,0.000000,0.000000,0.000,0.000,AP
2026-05-15 07:35:29,1900-01-00 00:00:00,,9C:2F:9D:82:20:A3,-19,,0.000000,0.000000,0.000,0.000,Client
2026-05-15 07:35:29,1900-01-00 00:00:00,dlink-615_EXT,40:86:CB:27:D2:0C,-19, WPA2 ,0.000000,0.000000,0.000,0.000,AP
2026-05-15 07:35:29,1900-01-00 00:00:00,,9C:2F:9D:82:20:A3,-19,,0.000000,0.000000,0.000,0.000,Client
2026-05-15 07:35:29,1900-01-00 00:00:00,dlink-615_EXT,40:86:CB:27:D2:0C,-19, WPA2 ,0.000000,0.000000,0.000,0.000,AP
2026-05-15 07:35:29,1900-01-00 00:00:00,,9C:2F:9D:82:20:A3,-19,,0.000000,0.000000,0.000,0.000,Client
2026-05-15 07:35:29,1900-01-00 00:00:00,dlink-615_EXT,40:86:CB:27:D2:0C,-19, WPA2 ,0.000000,0.000000,0.000,0.000,AP
2026-05-15 07:35:29,1900-01-00 00:00:00,,9C:2F:9D:82:20:A3,-19,,0.000000,0.000000,0.000,0.000,Client
2026-05-15 07:35:29,1900-01-00 00:00:00,dlink-615_EXT,40:86:CB:27:D2:0C,-19, WPA2 ,0.000000,0.000000,0.000,0.000,AP
2026-05-15 07:35:29,1900-01-00 00:00:00,,9C:2F:9D:82:20:A3,-19,,0.000000,0.000000,0.000,0.000,Client
2026-05-15 07:35:29,1900-01-00 00:00:00,dlink-615_EXT,40:86:CB:27:D2:0C,-19, WPA2 ,0.000000,0.000000,0.000,0.000,AP
2026-05-15 07:35:29,1900-01-00 00:00:00,,9C:2F:9D:82:20:A3,-19,,0.000000,0.000000,0.000,0.000,Client
2026-05-15 07:35:29,1900-01-00 00:00:00,dlink-615_EXT,40:86:CB:27:D2:0C,-19, WPA2 ,0.000000,0.000000,0.000,0.000,AP
2026-05-15 07:35:29,1900-01-00 00:00:00,,9C:2F:9D:82:20:A3,-19,,0.000000,0.000000,0.000,0.000,Client
2026-05-15 07:35:29,1900-01-00 00:00:00,dlink-615_EXT,40:86:CB:27:D2:0C,-19, WPA2 ,0.000000,0.000000,0.000,0.000,AP
2026-05-15 07:35:29,1900-01-00 00:00:00,,9C:2F:9D:82:20:A3,-19,,0.000000,0.000000,0.000,0.000,Client
2026-05-15 07:35:29,1900-01-00 00:00:00,dlink-615_EXT,40:86:CB:27:D2:0C,-19, WPA2 ,0.000000,0.000000,0.000,0.000,AP
2026-05-15 07:35:29,1900-01-00 00:00:00,,9C:2F:9D:82:20:A3,-19,,0.000000,0.000000,0.000,0.000,Client
2026-05-15 07:35:29,1900-01-00 00:00:00,dlink-615_EXT,40:86:CB:27:D2:0C,-19, WPA2 ,0.000000,0.000000,0.000,0.000,AP
2026-05-15 07:35:29,1900-01-00 00:00:00,,9C:2F:9D:82:20:A3,-19,,0.000000,0.000000,0.000,0.000,Client
2026-05-15 07:35:29,1900-01-00 00:00:00,dlink-615_EXT,40:86:CB:27:D2:0C,-19, WPA2 ,0.000000,0.000000,0.000,0.000,AP
2026-05-15 07:35:29,1900-01-00 00:00:00,,9C:2F:9D:82:20:A3,-19,,0.000000,0.000000,0.000,0.000,Client
2026-05-15 07:35:29,1900-01-00 00:00:00,dlink-615_EXT,40:86:CB:27:D2:0C,-19, WPA2 ,0.000000,0.000000,0.000,0.000,AP
2026-05-15 07:35:29,1900-01-00 00:00:00,,9C:2F:9D:82:20:A3,-19,,0.000000,0.000000,0.000,0.000,Client
2026-05-15 07:35:29,1900-01-00 00:00:00,dlink-615_EXT,40:86:CB:27:D2:0C,-19, WPA2 ,0.000000,0.000000,0.000,0.000,AP
2026-05-15 07:35:29,1900-01-00 00:00:00,,9C:2F:9D:82:20:A3,-19,,0.000000,0.000000,0.000,0.000,Client
2026-05-15 07:35:29,1900-01-00 00:00:00,dlink-615_EXT,40:86:CB:27:D2:0C,-19, WPA2 ,0.000000,0.000000,0.000,0.000,AP
2026-05-15 07:35:29,1900-01-00 00:00:00,,9C:2F:9D:82:20:A3,-19,,0.000000,0.000000,0.000,0.000,Client
2026-05-15 07:35:29,1900-01-00 00:00:00,dlink-615_EXT,40:86:CB:27:D2:0C,-19, WPA2 ,0.000000,0.000000,0.000,0.000,AP
2026-05-15 07:35:29,1900-01-00 00:00:00,,9C:2F:9D:82:20:A3,-19,,0.000000,0.000000,0.000,0.000,Client
2026-05-15 07:35:29,1900-01-00 00:00:00,dlink-615_EXT,40:86:CB:27:D2:0C,-19, WPA2 ,0.000000,0.000000,0.000,0.000,AP
2026-05-15 07:35:29,1900-01-00 00:00:00,,9C:2F:9D:82:20:A3,-19,,0.000000,0.000000,0.000,0.000,Client
2026-05-15 07:35:29,1900-01-00 00:00:00,dlink-615_EXT,40:86:CB:27:D2:0C,-19, WPA2 ,0.000000,0.000000,0.000,0.000,AP
2026-05-15 07:35:29,1900-01-00 00:00:00,,9C:2F:9D:82:20:A3,-19,,0.000000,0.000000,0.000,0.000,Client
2026-05-15 07:35:29,1900-01-00 00:00:00,dlink-615_EXT,40:86:CB:27:D2:0C,-17, WPA2 ,0.000000,0.000000,0.000,0.000,AP
2026-05-15 07:35:29,1900-01-00 00:00:00,,9C:2F:9D:82:20:A3,-17,,0.000000,0.000000,0.000,0.000,Client
2026-05-15 07:35:29,1900-01-00 00:00:00,dlink-615_EXT,40:86:CB:27:D2:0C,-19, WPA2 ,0.000000,0.000000,0.000,0.000,AP
2026-05-15 07:35:29,1900-01-00 00:00:00,,9C:2F:9D:82:20:A3,-19,,0.000000,0.000000,0.000,0.000,Client
2026-05-15 07:35:29,1900-01-00 00:00:00,dlink-615_EXT,40:86:CB:27:D2:0C,-19, WPA2 ,0.000000,0.000000,0.000,0.000,AP
2026-05-15 07:35:29,1900-01-00 00:00:00,,9C:2F:9D:82:20:A3,-19,,0.000000,0.000000,0.000,0.000,Client
2026-05-15 07:35:29,1900-01-00 00:00:00,dlink-615_EXT,40:86:CB:27:D2:0C,-19, WPA2 ,0.000000,0.000000,0.000,0.000,AP
2026-05-15 07:35:29,1900-01-00 00:00:00,,9C:2F:9D:82:20:A3,-19,,0.000000,0.000000,0.000,0.000,Client
2026-05-15 07:35:29,1900-01-00 00:00:00,dlink-615_EXT,40:86:CB:27:D2:0C,-19, WPA2 ,0.000000,0.000000,0.000,0.000,AP
2026-05-15 07:35:29,1900-01-00 00:00:00,,9C:2F:9D:82:20:A3,-19,,0.000000,0.000000,0.000,0.000,Client
2026-05-15 07:35:29,1900-01-00 00:00:00,dlink-615_EXT,40:86:CB:27:D2:0C,-19, WPA2 ,0.000000,0.000000,0.000,0.000,AP
2026-05-15 07:35:29,1900-01-00 00:00:00,,9C:2F:9D:82:20:A3,-19,,0.000000,0.000000,0.000,0.000,Client
2026-05-15 07:35:29,1900-01-00 00:00:00,dlink-615_EXT,40:86:CB:27:D2:0C,-19, WPA2 ,0.000000,0.000000,0.000,0.000,AP
2026-05-15 07:35:29,1900-01-00 00:00:00,,9C:2F:9D:82:20:A3,-19,,0.000000,0.000000,0.000,0.000,Client
2026-05-15 07:35:29,1900-01-00 00:00:00,dlink-615_EXT,40:86:CB:27:D2:0C,-19, WPA2 ,0.000000,0.000000,0.000,0.000,AP
2026-05-15 07:35:29,1900-01-00 00:00:00,,9C:2F:9D:82:20:A3,-19,,0.000000,0.000000,0.000,0.000,Client
2026-05-15 07:35:29,1900-01-00 00:00:00,dlink-615_EXT,40:86:CB:27:D2:0C,-19, WPA2 ,0.000000,0.000000,0.000,0.000,AP
2026-05-15 07:35:29,1900-01-00 00:00:00,,9C:2F:9D:82:20:A3,-19,,0.000000,0.000000,0.000,0.000,Client
2026-05-15 07:35:29,1900-01-00 00:00:00,dlink-615_EXT,40:86:CB:27:D2:0C,-19, WPA2 ,0.000000,0.000000,0.000,0.000,AP
2026-05-15 07:35:29,1900-01-00 00:00:00,,9C:2F:9D:82:20:A3,-19,,0.000000,0.000000,0.000,0.000,Client
2026-05-15 07:35:29,1900-01-00 00:00:00,dlink-615_EXT,40:86:CB:27:D2:0C,-19, WPA2 ,0.000000,0.000000,0.000,0.000,AP
2026-05-15 07:35:29,1900-01-00 00:00:00,,9C:2F:9D:82:20:A3,-19,,0.000000,0.000000,0.000,0.000,Client
2026-05-15 07:35:29,1900-01-00 00:00:00,dlink-615_EXT,40:86:CB:27:D2:0C,-19, WPA2 ,0.000000,0.000000,0.000,0.000,AP
2026-05-15 07:35:29,1900-01-00 00:00:00,,9C:2F:9D:82:20:A3,-19,,0.000000,0.000000,0.000,0.000,Client
2026-05-15 07:35:29,1900-01-00 00:00:00,dlink-615_EXT,40:86:CB:27:D2:0C,-19, WPA2 ,0.000000,0.000000,0.000,0.000,AP
2026-05-15 07:35:29,1900-01-00 00:00:00,,9C:2F:9D:82:20:A3,-19,,0.000000,0.000000,0.000,0.000,Client
2026-05-15 07:35:29,1900-01-00 00:00:00,dlink-615_EXT,40:86:CB:27:D2:0C,-19, WPA2 ,0.000000,0.000000,0.000,0.000,AP
2026-05-15 07:35:29,1900-01-00 00:00:00,,9C:2F:9D:82:20:A3,-19,,0.000000,0.000000,0.000,0.000,Client
2026-05-15 07:35:29,1900-01-00 00:00:00,dlink-615_EXT,40:86:CB:27:D2:0C,-19, WPA2 ,0.000000,0.000000,0.000,0.000,AP
2026-05-15 07:35:29,1900-01-00 00:00:00,,9C:2F:9D:82:20:A3,-19,,0.000000,0.000000,0.000,0.000,Client
2026-05-15 07:35:29,1900-01-00 00:00:00,dlink-615_EXT,40:86:CB:27:D2:0C,-19, WPA2 ,0.000000,0.000000,0.000,0.000,AP
2026-05-15 07:35:29,1900-01-00 00:00:00,,9C:2F:9D:82:20:A3,-19,,0.000000,0.000000,0.000,0.000,Client
2026-05-15 07:35:29,1900-01-00 00:00:00,dlink-615_EXT,40:86:CB:27:D2:0C,-19, WPA2 ,0.000000,0.000000,0.000,0.000,AP
2026-05-15 07:35:29,1900-01-00 00:00:00,,9C:2F:9D:82:20:A3,-19,,0.000000,0.000000,0.000,0.000,Client
2026-05-15 07:35:29,1900-01-00 00:00:00,dlink-615_EXT,40:86:CB:27:D2:0C,-19, WPA2 ,0.000000,0.000000,0.000,0.000,AP
2026-05-15 07:35:29,1900-01-00 00:00:00,,9C:2F:9D:82:20:A3,-19,,0.000000,0.000000,0.000,0.000,Client
2026-05-15 07:35:29,1900-01-00 00:00:00,dlink-615_EXT,40:86:CB:27:D2:0C,-19, WPA2 ,0.000000,0.000000,0.000,0.000,AP
2026-05-15 07:35:29,1900-01-00 00:00:00,,9C:2F:9D:82:20:A3,-19,,0.000000,0.000000,0.000,0.000,Client
2026-05-15 07:35:29,1900-01-00 00:00:00,dlink-615_EXT,40:86:CB:27:D2:0C,-19, WPA2 ,0.000000,0.000000,0.000,0.000,AP
2026-05-15 07:35:29,1900-01-00 00:00:00,,9C:2F:9D:82:20:A3,-19,,0.000000,0.000000,0.000,0.000,Client
2026-05-15 07:35:29,1900-01-00 00:00:00,dlink-615_EXT,40:86:CB:27:D2:0C,-19, WPA2 ,0.000000,0.000000,0.000,0.000,AP
2026-05-15 07:35:29,1900-01-00 00:00:00,,9C:2F:9D:82:20:A3,-19,,0.000000,0.000000,0.000,0.000,Client
2026-05-15 07:35:29,1900-01-00 00:00:00,dlink-615_EXT,40:86:CB:27:D2:0C,-19, WPA2 ,0.000000,0.000000,0.000,0.000,AP
2026-05-15 07:35:29,1900-01-00 00:00:00,,9C:2F:9D:82:20:A3,-19,,0.000000,0.000000,0.000,0.000,Client
2026-05-15 07:35:29,1900-01-00 00:00:00,dlink-615_EXT,40:86:CB:27:D2:0C,-19, WPA2 ,0.000000,0.000000,0.000,0.000,AP
2026-05-15 07:35:29,1900-01-00 00:00:00,,9C:2F:9D:82:20:A3,-19,,0.000000,0.000000,0.000,0.000,Client
2026-05-15 07:35:29,1900-01-00 00:00:00,dlink-615_EXT,40:86:CB:27:D2:0C,-19, WPA2 ,0.000000,0.000000,0.000,0.000,AP
2026-05-15 07:35:29,1900-01-00 00:00:00,,9C:2F:9D:82:20:A3,-19,,0.000000,0.000000,0.000,0.000,Client
2026-05-15 07:35:29,1900-01-00 00:00:00,dlink-615_EXT,40:86:CB:27:D2:0C,-19, WPA2 ,0.000000,0.000000,0.000,0.000,AP
2026-05-15 07:35:29,1900-01-00 00:00:00,,9C:2F:9D:82:20:A3,-19,,0.000000,0.000000,0.000,0.000,Client
2026-05-15 07:35:29,1900-01-00 00:00:00,dlink-615_EXT,40:86:CB:27:D2:0C,-19, WPA2 ,0.000000,0.000000,0.000,0.000,AP
2026-05-15 07:35:29,1900-01-00 00:00:00,,9C:2F:9D:82:20:A3,-19,,0.000000,0.000000,0.000,0.000,Client
2026-05-15 07:35:29,1900-01-00 00:00:00,dlink-615_EXT,40:86:CB:27:D2:0C,-19, WPA2 ,0.000000,0.000000,0.000,0.000,AP
2026-05-15 07:35:29,1900-01-00 00:00:00,,9C:2F:9D:82:20:A3,-19,,0.000000,0.000000,0.000,0.000,Client
2026-05-15 07:35:29,1900-01-00 00:00:00,dlink-615_EXT,40:86:CB:27:D2:0C,-19, WPA2 ,0.000000,0.000000,0.000,0.000,AP
2026-05-15 07:35:29,1900-01-00 00:00:00,,9C:2F:9D:82:20:A3,-19,,0.000000,0.000000,0.000,0.000,Client
2026-05-15 07:35:29,1900-01-00 00:00:00,dlink-615_EXT,40:86:CB:27:D2:0C,-19, WPA2 ,0.000000,0.000000,0.000,0.000,AP
2026-05-15 07:35:29,1900-01-00 00:00:00,,9C:2F:9D:82:20:A3,-19,,0.000000,0.000000,0.000,0.000,Client
2026-05-15 07:35:29,1900-01-00 00:00:00,dlink-615_EXT,40:86:CB:27:D2:0C,-17, WPA2 ,0.000000,0.000000,0.000,0.000,AP
2026-05-15 07:35:29,1900-01-00 00:00:00,,9C:2F:9D:82:20:A3,-17,,0.000000,0.000000,0.000,0.000,Client
2026-05-15 07:35:29,1900-01-00 00:00:00,dlink-615_EXT,40:86:CB:27:D2:0C,-17, WPA2 ,0.000000,0.000000,0.000,0.000,AP
2026-05-15 07:35:29,1900-01-00 00:00:00,,9C:2F:9D:82:20:A3,-17,,0.000000,0.000000,0.000,0.000,Client
2026-05-15 07:35:29,1900-01-00 00:00:00,dlink-615_EXT,40:86:CB:27:D2:0C,-19, WPA2 ,0.000000,0.000000,0.000,0.000,AP
2026-05-15 07:35:29,1900-01-00 00:00:00,,9C:2F:9D:82:20:A3,-19,,0.000000,0.000000,0.000,0.000,Client
2026-05-15 07:35:29,1900-01-00 00:00:00,dlink-615_EXT,40:86:CB:27:D2:0C,-19, WPA2 ,0.000000,0.000000,0.000,0.000,AP
2026-05-15 07:35:29,1900-01-00 00:00:00,,9C:2F:9D:82:20:A3,-19,,0.000000,0.000000,0.000,0.000,Client
2026-05-15 07:35:29,1900-01-00 00:00:00,dlink-615_EXT,40:86:CB:27:D2:0C,-19, WPA2 ,0.000000,0.000000,0.000,0.000,AP
2026-05-15 07:35:29,1900-01-00 00:00:00,,9C:2F:9D:82:20:A3,-19,,0.000000,0.000000,0.000,0.000,Client
2026-05-15 07:35:29,1900-01-00 00:00:00,dlink-615_EXT,40:86:CB:27:D2:0C,-19, WPA2 ,0.000000,0.000000,0.000,0.000,AP
2026-05-15 07:35:29,1900-01-00 00:00:00,,9C:2F:9D:82:20:A3,-19,,0.000000,0.000000,0.000,0.000,Client
2026-05-15 07:35:29,1900-01-00 00:00:00,dlink-615_EXT,40:86:CB:27:D2:0C,-19, WPA2 ,0.000000,0.000000,0.000,0.000,AP
2026-05-15 07:35:29,1900-01-00 00:00:00,,9C:2F:9D:82:20:A3,-19,,0.000000,0.000000,0.000,0.000,Client
2026-05-15 07:35:29,1900-01-00 00:00:00,dlink-615_EXT,40:86:CB:27:D2:0C,-19, WPA2 ,0.000000,0.000000,0.000,0.000,AP
2026-05-15 07:35:29,1900-01-00 00:00:00,,9C:2F:9D:82:20:A3,-19,,0.000000,0.000000,0.000,0.000,Client
2026-05-15 07:35:29,1900-01-00 00:00:00,dlink-615_EXT,40:86:CB:27:D2:0C,-19, WPA2 ,0.000000,0.000000,0.000,0.000,AP
2026-05-15 07:35:29,1900-01-00 00:00:00,,9C:2F:9D:82:20:A3,-19,,0.000000,0.000000,0.000,0.000,Client
2026-05-15 07:35:29,1900-01-00 00:00:00,dlink-615_EXT,40:86:CB:27:D2:0C,-17, WPA2 ,0.000000,0.000000,0.000,0.000,AP
2026-05-15 07:35:29,1900-01-00 00:00:00,,9C:2F:9D:82:20:A3,-17,,0.000000,0.000000,0.000,0.000,Client
2026-05-15 07:35:29,1900-01-00 00:00:00,dlink-615_EXT,40:86:CB:27:D2:0C,-19, WPA2 ,0.000000,0.000000,0.000,0.000,AP
2026-05-15 07:35:29,1900-01-00 00:00:00,,9C:2F:9D:82:20:A3,-19,,0.000000,0.000000,0.000,0.000,Client
2026-05-15 07:35:29,1900-01-00 00:00:00,dlink-615_EXT,40:86:CB:27:D2:0C,-27, WPA2 ,0.000000,0.000000,0.000,0.000,AP
2026-05-15 07:35:29,1900-01-00 00:00:00,,9C:2F:9D:82:20:A3,-27,,0.000000,0.000000,0.000,0.000,Client
2026-05-15 07:35:29,1900-01-00 00:00:00,dlink-615_EXT,40:86:CB:27:D2:0C,-17, WPA2 ,0.000000,0.000000,0.000,0.000,AP
2026-05-15 07:35:29,1900-01-00 00:00:00,,9C:2F:9D:82:20:A3,-17,,0.000000,0.000000,0.000,0.000,Client
2026-05-15 07:35:29,1900-01-00 00:00:00,dlink-615_EXT,40:86:CB:27:D2:0C,-17, WPA2 ,0.000000,0.000000,0.000,0.000,AP
2026-05-15 07:35:29,1900-01-00 00:00:00,,9C:2F:9D:82:20:A3,-17,,0.000000,0.000000,0.000,0.000,Client
2026-05-15 07:35:29,1900-01-00 00:00:00,dlink-615_EXT,40:86:CB:27:D2:0C,-19, WPA2 ,0.000000,0.000000,0.000,0.000,AP
2026-05-15 07:35:29,1900-01-00 00:00:00,,9C:2F:9D:82:20:A3,-19,,0.000000,0.000000,0.000,0.000,Client
2026-05-15 07:35:29,1900-01-00 00:00:00,dlink-615_EXT,40:86:CB:27:D2:0C,-19, WPA2 ,0.000000,0.000000,0.000,0.000,AP
2026-05-15 07:35:29,1900-01-00 00:00:00,,9C:2F:9D:82:20:A3,-19,,0.000000,0.000000,0.000,0.000,Client
2026-05-15 07:35:29,1900-01-00 00:00:00,dlink-615_EXT,40:86:CB:27:D2:0C,-19, WPA2 ,0.000000,0.000000,0.000,0.000,AP
2026-05-15 07:35:29,1900-01-00 00:00:00,,9C:2F:9D:82:20:A3,-19,,0.000000,0.000000,0.000,0.000,Client
2026-05-15 07:35:29,1900-01-00 00:00:00,dlink-615_EXT,40:86:CB:27:D2:0C,-19, WPA2 ,0.000000,0.000000,0.000,0.000,AP
2026-05-15 07:35:29,1900-01-00 00:00:00,,9C:2F:9D:82:20:A3,-19,,0.000000,0.000000,0.000,0.000,Client
2026-05-15 07:35:29,1900-01-00 00:00:00,dlink-615_EXT,40:86:CB:27:D2:0C,-19, WPA2 ,0.000000,0.000000,0.000,0.000,AP
2026-05-15 07:35:29,1900-01-00 00:00:00,,9C:2F:9D:82:20:A3,-19,,0.000000,0.000000,0.000,0.000,Client
2026-05-15 07:35:29,1900-01-00 00:00:00,dlink-615_EXT,40:86:CB:27:D2:0C,-19, WPA2 ,0.000000,0.000000,0.000,0.000,AP
2026-05-15 07:35:29,1900-01-00 00:00:00,,9C:2F:9D:82:20:A3,-17,,0.000000,0.000000,0.000,0.000,Client
2026-05-15 07:35:29,1900-01-00 00:00:00,dlink-615_EXT,40:86:CB:27:D2:0C,-19, WPA2 ,0.000000,0.000000,0.000,0.000,AP
2026-05-15 07:35:29,1900-01-00 00:00:00,,9C:2F:9D:82:20:A3,-19,,0.000000,0.000000,0.000,0.000,Client
2026-05-15 07:35:29,1900-01-00 00:00:00,dlink-615_EXT,40:86:CB:27:D2:0C,-19, WPA2 ,0.000000,0.000000,0.000,0.000,AP
2026-05-15 07:35:29,1900-01-00 00:00:00,,9C:2F:9D:82:20:A3,-19,,0.000000,0.000000,0.000,0.000,Client
2026-05-15 07:35:29,1900-01-00 00:00:00,dlink-615_EXT,40:86:CB:27:D2:0C,-19, WPA2 ,0.000000,0.000000,0.000,0.000,AP
2026-05-15 07:35:29,1900-01-00 00:00:00,,9C:2F:9D:82:20:A3,-19,,0.000000,0.000000,0.000,0.000,Client
2026-05-15 07:35:29,1900-01-00 00:00:00,dlink-615_EXT,40:86:CB:27:D2:0C,-19, WPA2 ,0.000000,0.000000,0.000,0.000,AP
2026-05-15 07:35:29,1900-01-00 00:00:00,,9C:2F:9D:82:20:A3,-19,,0.000000,0.000000,0.000,0.000,Client
2026-05-15 07:35:30,1900-01-00 00:00:00,dlink-615_EXT,40:86:CB:27:D2:0C,-19, WPA2 ,0.000000,0.000000,0.000,0.000,AP
2026-05-15 07:35:30,1900-01-00 00:00:00,,9C:2F:9D:82:20:A3,-19,,0.000000,0.000000,0.000,0.000,Client
2026-05-15 07:35:30,1900-01-00 00:00:00,dlink-615_EXT,40:86:CB:27:D2:0C,-19, WPA2 ,0.000000,0.000000,0.000,0.000,AP
2026-05-15 07:35:30,1900-01-00 00:00:00,,9C:2F:9D:82:20:A3,-19,,0.000000,0.000000,0.000,0.000,Client
2026-05-15 07:35:30,1900-01-00 00:00:00,dlink-615_EXT,40:86:CB:27:D2:0C,-19, WPA2 ,0.000000,0.000000,0.000,0.000,AP
2026-05-15 07:35:30,1900-01-00 00:00:00,,9C:2F:9D:82:20:A3,-19,,0.000000,0.000000,0.000,0.000,Client
2026-05-15 07:35:30,1900-01-00 00:00:00,dlink-615_EXT,40:86:CB:27:D2:0C,-19, WPA2 ,0.000000,0.000000,0.000,0.000,AP
2026-05-15 07:35:30,1900-01-00 00:00:00,,9C:2F:9D:82:20:A3,-19,,0.000000,0.000000,0.000,0.000,Client
2026-05-15 07:35:30,1900-01-00 00:00:00,dlink-615_EXT,40:86:CB:27:D2:0C,-19, WPA2 ,0.000000,0.000000,0.000,0.000,AP
2026-05-15 07:35:30,1900-01-00 00:00:00,,9C:2F:9D:82:20:A3,-19,,0.000000,0.000000,0.000,0.000,Client
2026-05-15 07:35:30,1900-01-00 00:00:00,dlink-615_EXT,40:86:CB:27:D2:0C,-19, WPA2 ,0.000000,0.000000,0.000,0.000,AP
2026-05-15 07:35:30,1900-01-00 00:00:00,,9C:2F:9D:82:20:A3,-19,,0.000000,0.000000,0.000,0.000,Client
2026-05-15 07:35:30,1900-01-00 00:00:00,dlink-615_EXT,40:86:CB:27:D2:0C,-19, WPA2 ,0.000000,0.000000,0.000,0.000,AP
2026-05-15 07:35:30,1900-01-00 00:00:00,,9C:2F:9D:82:20:A3,-19,,0.000000,0.000000,0.000,0.000,Client
2026-05-15 07:35:30,1900-01-00 00:00:00,dlink-615_EXT,40:86:CB:27:D2:0C,-19, WPA2 ,0.000000,0.000000,0.000,0.000,AP
2026-05-15 07:35:30,1900-01-00 00:00:00,,9C:2F:9D:82:20:A3,-19,,0.000000,0.000000,0.000,0.000,Client
2026-05-15 07:35:30,1900-01-00 00:00:00,dlink-615_EXT,40:86:CB:27:D2:0C,-19, WPA2 ,0.000000,0.000000,0.000,0.000,AP
2026-05-15 07:35:30,1900-01-00 00:00:00,,9C:2F:9D:82:20:A3,-19,,0.000000,0.000000,0.000,0.000,Client
2026-05-15 07:35:30,1900-01-00 00:00:00,dlink-615_EXT,40:86:CB:27:D2:0C,-17, WPA2 ,0.000000,0.000000,0.000,0.000,AP
2026-05-15 07:35:30,1900-01-00 00:00:00,,9C:2F:9D:82:20:A3,-17,,0.000000,0.000000,0.000,0.000,Client
2026-05-15 07:35:30,1900-01-00 00:00:00,dlink-615_EXT,40:86:CB:27:D2:0C,-19, WPA2 ,0.000000,0.000000,0.000,0.000,AP
2026-05-15 07:35:30,1900-01-00 00:00:00,,9C:2F:9D:82:20:A3,-19,,0.000000,0.000000,0.000,0.000,Client
2026-05-15 07:35:30,1900-01-00 00:00:00,dlink-615_EXT,40:86:CB:27:D2:0C,-19, WPA2 ,0.000000,0.000000,0.000,0.000,AP
2026-05-15 07:35:30,1900-01-00 00:00:00,,9C:2F:9D:82:20:A3,-19,,0.000000,0.000000,0.000,0.000,Client
2026-05-15 07:35:30,1900-01-00 00:00:00,dlink-615_EXT,40:86:CB:27:D2:0C,-19, WPA2 ,0.000000,0.000000,0.000,0.000,AP
2026-05-15 07:35:30,1900-01-00 00:00:00,,9C:2F:9D:82:20:A3,-19,,0.000000,0.000000,0.000,0.000,Client
2026-05-15 07:35:30,1900-01-00 00:00:00,dlink-615_EXT,40:86:CB:27:D2:0C,-19, WPA2 ,0.000000,0.000000,0.000,0.000,AP
2026-05-15 07:35:30,1900-01-00 00:00:00,,9C:2F:9D:82:20:A3,-19,,0.000000,0.000000,0.000,0.000,Client
2026-05-15 07:35:30,1900-01-00 00:00:00,dlink-615_EXT,40:86:CB:27:D2:0C,-19, WPA2 ,0.000000,0.000000,0.000,0.000,AP
2026-05-15 07:35:30,1900-01-00 00:00:00,,9C:2F:9D:82:20:A3,-19,,0.000000,0.000000,0.000,0.000,Client
2026-05-15 07:35:30,1900-01-00 00:00:00,dlink-615_EXT,40:86:CB:27:D2:0C,-21, WPA2 ,0.000000,0.000000,0.000,0.000,AP
2026-05-15 07:35:30,1900-01-00 00:00:00,,9C:2F:9D:82:20:A3,-21,,0.000000,0.000000,0.000,0.000,Client
2026-05-15 07:35:30,1900-01-00 00:00:00,dlink-615_EXT,40:86:CB:27:D2:0C,-19, WPA2 ,0.000000,0.000000,0.000,0.000,AP
2026-05-15 07:35:30,1900-01-00 00:00:00,,9C:2F:9D:82:20:A3,-19,,0.000000,0.000000,0.000,0.000,Client
2026-05-15 07:35:30,1900-01-00 00:00:00,dlink-615_EXT,40:86:CB:27:D2:0C,-19, WPA2 ,0.000000,0.000000,0.000,0.000,AP
2026-05-15 07:35:30,1900-01-00 00:00:00,,9C:2F:9D:82:20:A3,-19,,0.000000,0.000000,0.000,0.000,Client
2026-05-15 07:35:30,1900-01-00 00:00:00,dlink-615_EXT,40:86:CB:27:D2:0C,-19, WPA2 ,0.000000,0.000000,0.000,0.000,AP
2026-05-15 07:35:30,1900-01-00 00:00:00,,9C:2F:9D:82:20:A3,-19,,0.000000,0.000000,0.000,0.000,Client
2026-05-15 07:35:30,1900-01-00 00:00:00,dlink-615_EXT,40:86:CB:27:D2:0C,-19, WPA2 ,0.000000,0.000000,0.000,0.000,AP
2026-05-15 07:35:30,1900-01-00 00:00:00,,9C:2F:9D:82:20:A3,-19,,0.000000,0.000000,0.000,0.000,Client
2026-05-15 07:35:30,1900-01-00 00:00:00,dlink-615_EXT,40:86:CB:27:D2:0C,-17, WPA2 ,0.000000,0.000000,0.000,0.000,AP
2026-05-15 07:35:30,1900-01-00 00:00:00,,9C:2F:9D:82:20:A3,-17,,0.000000,0.000000,0.000,0.000,Client
2026-05-15 07:35:30,1900-01-00 00:00:00,dlink-615_EXT,40:86:CB:27:D2:0C,-19, WPA2 ,0.000000,0.000000,0.000,0.000,AP
2026-05-15 07:35:30,1900-01-00 00:00:00,,9C:2F:9D:82:20:A3,-19,,0.000000,0.000000,0.000,0.000,Client
2026-05-15 07:35:30,1900-01-00 00:00:00,dlink-615_EXT,40:86:CB:27:D2:0C,-19, WPA2 ,0.000000,0.000000,0.000,0.000,AP
2026-05-15 07:35:30,1900-01-00 00:00:00,,9C:2F:9D:82:20:A3,-19,,0.000000,0.000000,0.000,0.000,Client
2026-05-15 07:35:30,1900-01-00 00:00:00,dlink-615_EXT,40:86:CB:27:D2:0C,-19, WPA2 ,0.000000,0.000000,0.000,0.000,AP
2026-05-15 07:35:30,1900-01-00 00:00:00,,9C:2F:9D:82:20:A3,-19,,0.000000,0.000000,0.000,0.000,Client
2026-05-15 07:35:30,1900-01-00 00:00:00,dlink-615_EXT,40:86:CB:27:D2:0C,-19, WPA2 ,0.000000,0.000000,0.000,0.000,AP
2026-05-15 07:35:30,1900-01-00 00:00:00,,9C:2F:9D:82:20:A3,-19,,0.000000,0.000000,0.000,0.000,Client
2026-05-15 07:35:30,1900-01-00 00:00:00,dlink-615_EXT,40:86:CB:27:D2:0C,-19, WPA2 ,0.000000,0.000000,0.000,0.000,AP
2026-05-15 07:35:30,1900-01-00 00:00:00,,9C:2F:9D:82:20:A3,-19,,0.000000,0.000000,0.000,0.000,Client
2026-05-15 07:35:30,1900-01-00 00:00:00,dlink-615_EXT,40:86:CB:27:D2:0C,-19, WPA2 ,0.000000,0.000000,0.000,0.000,AP
2026-05-15 07:35:30,1900-01-00 00:00:00,,9C:2F:9D:82:20:A3,-19,,0.000000,0.000000,0.000,0.000,Client
2026-05-15 07:35:30,1900-01-00 00:00:00,dlink-615_EXT,40:86:CB:27:D2:0C,-19, WPA2 ,0.000000,0.000000,0.000,0.000,AP
2026-05-15 07:35:30,1900-01-00 00:00:00,,9C:2F:9D:82:20:A3,-19,,0.000000,0.000000,0.000,0.000,Client
2026-05-15 07:35:30,1900-01-00 00:00:00,dlink-615_EXT,40:86:CB:27:D2:0C,-19, WPA2 ,0.000000,0.000000,0.000,0.000,AP
2026-05-15 07:35:30,1900-01-00 00:00:00,,9C:2F:9D:82:20:A3,-19,,0.000000,0.000000,0.000,0.000,Client
2026-05-15 07:35:30,1900-01-00 00:00:00,dlink-615_EXT,40:86:CB:27:D2:0C,-19, WPA2 ,0.000000,0.000000,0.000,0.000,AP
2026-05-15 07:35:30,1900-01-00 00:00:00,,9C:2F:9D:82:20:A3,-19,,0.000000,0.000000,0.000,0.000,Client
2026-05-15 07:35:30,1900-01-00 00:00:00,dlink-615_EXT,40:86:CB:27:D2:0C,-19, WPA2 ,0.000000,0.000000,0.000,0.000,AP
2026-05-15 07:35:30,1900-01-00 00:00:00,,9C:2F:9D:82:20:A3,-19,,0.000000,0.000000,0.000,0.000,Client
2026-05-15 07:35:30,1900-01-00 00:00:00,dlink-615_EXT,40:86:CB:27:D2:0C,-19, WPA2 ,0.000000,0.000000,0.000,0.000,AP
2026-05-15 07:35:30,1900-01-00 00:00:00,,9C:2F:9D:82:20:A3,-19,,0.000000,0.000000,0.000,0.000,Client
2026-05-15 07:35:30,1900-01-00 00:00:00,dlink-615_EXT,40:86:CB:27:D2:0C,-19, WPA2 ,0.000000,0.000000,0.000,0.000,AP
2026-05-15 07:35:30,1900-01-00 00:00:00,,9C:2F:9D:82:20:A3,-19,,0.000000,0.000000,0.000,0.000,Client
2026-05-15 07:35:30,1900-01-00 00:00:00,dlink-615_EXT,40:86:CB:27:D2:0C,-19, WPA2 ,0.000000,0.000000,0.000,0.000,AP
2026-05-15 07:35:30,1900-01-00 00:00:00,,9C:2F:9D:82:20:A3,-19,,0.000000,0.000000,0.000,0.000,Client
2026-05-15 07:35:30,1900-01-00 00:00:00,dlink-615_EXT,40:86:CB:27:D2:0C,-19, WPA2 ,0.000000,0.000000,0.000,0.000,AP
2026-05-15 07:35:30,1900-01-00 00:00:00,,9C:2F:9D:82:20:A3,-19,,0.000000,0.000000,0.000,0.000,Client
2026-05-15 07:35:30,1900-01-00 00:00:00,dlink-615_EXT,40:86:CB:27:D2:0C,-19, WPA2 ,0.000000,0.000000,0.000,0.000,AP
2026-05-15 07:35:30,1900-01-00 00:00:00,,9C:2F:9D:82:20:A3,-19,,0.000000,0.000000,0.000,0.000,Client
2026-05-15 07:35:30,1900-01-00 00:00:00,dlink-615_EXT,40:86:CB:27:D2:0C,-19, WPA2 ,0.000000,0.000000,0.000,0.000,AP
2026-05-15 07:35:30,1900-01-00 00:00:00,,9C:2F:9D:82:20:A3,-19,,0.000000,0.000000,0.000,0.000,Client
2026-05-15 07:35:30,1900-01-00 00:00:00,dlink-615_EXT,40:86:CB:27:D2:0C,-19, WPA2 ,0.000000,0.000000,0.000,0.000,AP
2026-05-15 07:35:30,1900-01-00 00:00:00,,9C:2F:9D:82:20:A3,-19,,0.000000,0.000000,0.000,0.000,Client
2026-05-15 07:35:30,1900-01-00 00:00:00,dlink-615_EXT,40:86:CB:27:D2:0C,-19, WPA2 ,0.000000,0.000000,0.000,0.000,AP
2026-05-15 07:35:30,1900-01-00 00:00:00,,9C:2F:9D:82:20:A3,-19,,0.000000,0.000000,0.000,0.000,Client
2026-05-15 07:35:30,1900-01-00 00:00:00,dlink-615_EXT,40:86:CB:27:D2:0C,-19, WPA2 ,0.000000,0.000000,0.000,0.000,AP
2026-05-15 07:35:30,1900-01-00 00:00:00,,9C:2F:9D:82:20:A3,-19,,0.000000,0.000000,0.000,0.000,Client
2026-05-15 07:35:30,1900-01-00 00:00:00,dlink-615_EXT,40:86:CB:27:D2:0C,-19, WPA2 ,0.000000,0.000000,0.000,0.000,AP
2026-05-15 07:35:30,1900-01-00 00:00:00,,9C:2F:9D:82:20:A3,-19,,0.000000,0.000000,0.000,0.000,Client
2026-05-15 07:35:30,1900-01-00 00:00:00,dlink-615_EXT,40:86:CB:27:D2:0C,-19, WPA2 ,0.000000,0.000000,0.000,0.000,AP
2026-05-15 07:35:30,1900-01-00 00:00:00,,9C:2F:9D:82:20:A3,-19,,0.000000,0.000000,0.000,0.000,Client
2026-05-15 07:35:30,1900-01-00 00:00:00,dlink-615_EXT,40:86:CB:27:D2:0C,-19, WPA2 ,0.000000,0.000000,0.000,0.000,AP
2026-05-15 07:35:30,1900-01-00 00:00:00,,9C:2F:9D:82:20:A3,-19,,0.000000,0.000000,0.000,0.000,Client
2026-05-15 07:35:30,1900-01-00 00:00:00,dlink-615_EXT,40:86:CB:27:D2:0C,-19, WPA2 ,0.000000,0.000000,0.000,0.000,AP
2026-05-15 07:35:30,1900-01-00 00:00:00,,9C:2F:9D:82:20:A3,-19,,0.000000,0.000000,0.000,0.000,Client
2026-05-15 07:35:30,1900-01-00 00:00:00,dlink-615_EXT,40:86:CB:27:D2:0C,-19, WPA2 ,0.000000,0.000000,0.000,0.000,AP
2026-05-15 07:35:30,1900-01-00 00:00:00,,9C:2F:9D:82:20:A3,-19,,0.000000,0.000000,0.000,0.000,Client
2026-05-15 07:35:30,1900-01-00 00:00:00,dlink-615_EXT,40:86:CB:27:D2:0C,-19, WPA2 ,0.000000,0.000000,0.000,0.000,AP
2026-05-15 07:35:30,1900-01-00 00:00:00,,9C:2F:9D:82:20:A3,-19,,0.000000,0.000000,0.000,0.000,Client
2026-05-15 07:35:30,1900-01-00 00:00:00,dlink-615_EXT,40:86:CB:27:D2:0C,-19, WPA2 ,0.000000,0.000000,0.000,0.000,AP
2026-05-15 07:35:30,1900-01-00 00:00:00,,9C:2F:9D:82:20:A3,-19,,0.000000,0.000000,0.000,0.000,Client
2026-05-15 07:35:30,1900-01-00 00:00:00,dlink-615_EXT,40:86:CB:27:D2:0C,-19, WPA2 ,0.000000,0.000000,0.000,0.000,AP
2026-05-15 07:35:30,1900-01-00 00:00:00,,9C:2F:9D:82:20:A3,-19,,0.000000,0.000000,0.000,0.000,Client
2026-05-15 07:35:30,1900-01-00 00:00:00,dlink-615_EXT,40:86:CB:27:D2:0C,-19, WPA2 ,0.000000,0.000000,0.000,0.000,AP
2026-05-15 07:35:30,1900-01-00 00:00:00,,9C:2F:9D:82:20:A3,-19,,0.000000,0.000000,0.000,0.000,Client
2026-05-15 07:35:30,1900-01-00 00:00:00,dlink-615_EXT,40:86:CB:27:D2:0C,-17, WPA2 ,0.000000,0.000000,0.000,0.000,AP
2026-05-15 07:35:30,1900-01-00 00:00:00,,9C:2F:9D:82:20:A3,-17,,0.000000,0.000000,0.000,0.000,Client
2026-05-15 07:35:30,1900-01-00 00:00:00,dlink-615_EXT,40:86:CB:27:D2:0C,-17, WPA2 ,0.000000,0.000000,0.000,0.000,AP
2026-05-15 07:35:30,1900-01-00 00:00:00,,9C:2F:9D:82:20:A3,-17,,0.000000,0.000000,0.000,0.000,Client
2026-05-15 07:35:30,1900-01-00 00:00:00,dlink-615_EXT,40:86:CB:27:D2:0C,-19, WPA2 ,0.000000,0.000000,0.000,0.000,AP
2026-05-15 07:35:30,1900-01-00 00:00:00,,9C:2F:9D:82:20:A3,-19,,0.000000,0.000000,0.000,0.000,Client
2026-05-15 07:35:30,1900-01-00 00:00:00,dlink-615_EXT,40:86:CB:27:D2:0C,-19, WPA2 ,0.000000,0.000000,0.000,0.000,AP
2026-05-15 07:35:30,1900-01-00 00:00:00,,9C:2F:9D:82:20:A3,-19,,0.000000,0.000000,0.000,0.000,Client
2026-05-15 07:35:30,1900-01-00 00:00:00,dlink-615_EXT,40:86:CB:27:D2:0C,-19, WPA2 ,0.000000,0.000000,0.000,0.000,AP
2026-05-15 07:35:30,1900-01-00 00:00:00,,9C:2F:9D:82:20:A3,-19,,0.000000,0.000000,0.000,0.000,Client
2026-05-15 07:35:30,1900-01-00 00:00:00,dlink-615_EXT,40:86:CB:27:D2:0C,-17, WPA2 ,0.000000,0.000000,0.000,0.000,AP
2026-05-15 07:35:30,1900-01-00 00:00:00,,9C:2F:9D:82:20:A3,-17,,0.000000,0.000000,0.000,0.000,Client
2026-05-15 07:35:30,1900-01-00 00:00:00,dlink-615_EXT,40:86:CB:27:D2:0C,-19, WPA2 ,0.000000,0.000000,0.000,0.000,AP
2026-05-15 07:35:30,1900-01-00 00:00:00,,9C:2F:9D:82:20:A3,-19,,0.000000,0.000000,0.000,0.000,Client
2026-05-15 07:35:30,1900-01-00 00:00:00,dlink-615_EXT,40:86:CB:27:D2:0C,-19, WPA2 ,0.000000,0.000000,0.000,0.000,AP
2026-05-15 07:35:30,1900-01-00 00:00:00,,9C:2F:9D:82:20:A3,-19,,0.000000,0.000000,0.000,0.000,Client
2026-05-15 07:35:30,1900-01-00 00:00:00,dlink-615_EXT,40:86:CB:27:D2:0C,-19, WPA2 ,0.000000,0.000000,0.000,0.000,AP
2026-05-15 07:35:30,1900-01-00 00:00:00,,9C:2F:9D:82:20:A3,-19,,0.000000,0.000000,0.000,0.000,Client
2026-05-15 07:35:30,1900-01-00 00:00:00,dlink-615_EXT,40:86:CB:27:D2:0C,-19, WPA2 ,0.000000,0.000000,0.000,0.000,AP
2026-05-15 07:35:30,1900-01-00 00:00:00,,9C:2F:9D:82:20:A3,-19,,0.000000,0.000000,0.000,0.000,Client
2026-05-15 07:35:30,1900-01-00 00:00:00,dlink-615_EXT,40:86:CB:27:D2:0C,-19, WPA2 ,0.000000,0.000000,0.000,0.000,AP
2026-05-15 07:35:30,1900-01-00 00:00:00,,9C:2F:9D:82:20:A3,-19,,0.000000,0.000000,0.000,0.000,Client
2026-05-15 07:35:30,1900-01-00 00:00:00,dlink-615_EXT,40:86:CB:27:D2:0C,-19, WPA2 ,0.000000,0.000000,0.000,0.000,AP
2026-05-15 07:35:30,1900-01-00 00:00:00,,9C:2F:9D:82:20:A3,-19,,0.000000,0.000000,0.000,0.000,Client
2026-05-15 07:35:30,1900-01-00 00:00:00,dlink-615_EXT,40:86:CB:27:D2:0C,-19, WPA2 ,0.000000,0.000000,0.000,0.000,AP
2026-05-15 07:35:30,1900-01-00 00:00:00,,9C:2F:9D:82:20:A3,-19,,0.000000,0.000000,0.000,0.000,Client
2026-05-15 07:35:30,1900-01-00 00:00:00,dlink-615_EXT,40:86:CB:27:D2:0C,-19, WPA2 ,0.000000,0.000000,0.000,0.000,AP
2026-05-15 07:35:30,1900-01-00 00:00:00,,9C:2F:9D:82:20:A3,-19,,0.000000,0.000000,0.000,0.000,Client
2026-05-15 07:35:30,1900-01-00 00:00:00,dlink-615_EXT,40:86:CB:27:D2:0C,-19, WPA2 ,0.000000,0.000000,0.000,0.000,AP
2026-05-15 07:35:30,1900-01-00 00:00:00,,9C:2F:9D:82:20:A3,-19,,0.000000,0.000000,0.000,0.000,Client
2026-05-15 07:35:30,1900-01-00 00:00:00,dlink-615_EXT,40:86:CB:27:D2:0C,-19, WPA2 ,0.000000,0.000000,0.000,0.000,AP
2026-05-15 07:35:30,1900-01-00 00:00:00,,9C:2F:9D:82:20:A3,-19,,0.000000,0.000000,0.000,0.000,Client
2026-05-15 07:35:30,1900-01-00 00:00:00,dlink-615_EXT,40:86:CB:27:D2:0C,-19, WPA2 ,0.000000,0.000000,0.000,0.000,AP
2026-05-15 07:35:30,1900-01-00 00:00:00,,9C:2F:9D:82:20:A3,-19,,0.000000,0.000000,0.000,0.000,Client
2026-05-15 07:35:30,1900-01-00 00:00:00,dlink-615_EXT,40:86:CB:27:D2:0C,-19, WPA2 ,0.000000,0.000000,0.000,0.000,AP
2026-05-15 07:35:30,1900-01-00 00:00:00,,9C:2F:9D:82:20:A3,-19,,0.000000,0.000000,0.000,0.000,Client
2026-05-15 07:35:30,1900-01-00 00:00:00,dlink-615_EXT,40:86:CB:27:D2:0C,-19, WPA2 ,0.000000,0.000000,0.000,0.000,AP
2026-05-15 07:35:30,1900-01-00 00:00:00,,9C:2F:9D:82:20:A3,-19,,0.000000,0.000000,0.000,0.000,Client
2026-05-15 07:35:30,1900-01-00 00:00:00,dlink-615_EXT,40:86:CB:27:D2:0C,-19, WPA2 ,0.000000,0.000000,0.000,0.000,AP
2026-05-15 07:35:30,1900-01-00 00:00:00,,9C:2F:9D:82:20:A3,-19,,0.000000,0.000000,0.000,0.000,Client
2026-05-15 07:35:30,1900-01-00 00:00:00,dlink-615_EXT,40:86:CB:27:D2:0C,-19, WPA2 ,0.000000,0.000000,0.000,0.000,AP
2026-05-15 07:35:30,1900-01-00 00:00:00,,9C:2F:9D:82:20:A3,-19,,0.000000,0.000000,0.000,0.000,Client
2026-05-15 07:35:30,1900-01-00 00:00:00,dlink-615_EXT,40:86:CB:27:D2:0C,-21, WPA2 ,0.000000,0.000000,0.000,0.000,AP
2026-05-15 07:35:30,1900-01-00 00:00:00,,9C:2F:9D:82:20:A3,-21,,0.000000,0.000000,0.000,0.000,Client
2026-05-15 07:35:30,1900-01-00 00:00:00,dlink-615_EXT,40:86:CB:27:D2:0C,-21, WPA2 ,0.000000,0.000000,0.000,0.000,AP
2026-05-15 07:35:30,1900-01-00 00:00:00,,9C:2F:9D:82:20:A3,-21,,0.000000,0.000000,0.000,0.000,Client
2026-05-15 07:35:30,1900-01-00 00:00:00,dlink-615_EXT,40:86:CB:27:D2:0C,-21, WPA2 ,0.000000,0.000000,0.000,0.000,AP
2026-05-15 07:35:30,1900-01-00 00:00:00,,9C:2F:9D:82:20:A3,-21,,0.000000,0.000000,0.000,0.000,Client
2026-05-15 07:35:30,1900-01-00 00:00:00,dlink-615_EXT,40:86:CB:27:D2:0C,-21, WPA2 ,0.000000,0.000000,0.000,0.000,AP
2026-05-15 07:35:30,1900-01-00 00:00:00,,9C:2F:9D:82:20:A3,-21,,0.000000,0.000000,0.000,0.000,Client
2026-05-15 07:35:30,1900-01-00 00:00:00,dlink-615_EXT,40:86:CB:27:D2:0C,-21, WPA2 ,0.000000,0.000000,0.000,0.000,AP
2026-05-15 07:35:30,1900-01-00 00:00:00,,9C:2F:9D:82:20:A3,-21,,0.000000,0.000000,0.000,0.000,Client
2026-05-15 07:35:30,1900-01-00 00:00:00,dlink-615_EXT,40:86:CB:27:D2:0C,-21, WPA2 ,0.000000,0.000000,0.000,0.000,AP
2026-05-15 07:35:30,1900-01-00 00:00:00,,9C:2F:9D:82:20:A3,-21,,0.000000,0.000000,0.000,0.000,Client
2026-05-15 07:35:30,1900-01-00 00:00:00,dlink-615_EXT,40:86:CB:27:D2:0C,-21, WPA2 ,0.000000,0.000000,0.000,0.000,AP
2026-05-15 07:35:30,1900-01-00 00:00:00,,9C:2F:9D:82:20:A3,-21,,0.000000,0.000000,0.000,0.000,Client
2026-05-15 07:35:30,1900-01-00 00:00:00,dlink-615_EXT,40:86:CB:27:D2:0C,-21, WPA2 ,0.000000,0.000000,0.000,0.000,AP
2026-05-15 07:35:30,1900-01-00 00:00:00,,9C:2F:9D:82:20:A3,-21,,0.000000,0.000000,0.000,0.000,Client
2026-05-15 07:35:30,1900-01-00 00:00:00,dlink-615_EXT,40:86:CB:27:D2:0C,-21, WPA2 ,0.000000,0.000000,0.000,0.000,AP
2026-05-15 07:35:30,1900-01-00 00:00:00,,9C:2F:9D:82:20:A3,-21,,0.000000,0.000000,0.000,0.000,Client
2026-05-15 07:35:30,1900-01-00 00:00:00,dlink-615_EXT,40:86:CB:27:D2:0C,-21, WPA2 ,0.000000,0.000000,0.000,0.000,AP
2026-05-15 07:35:30,1900-01-00 00:00:00,,9C:2F:9D:82:20:A3,-21,,0.000000,0.000000,0.000,0.000,Client
2026-05-15 07:35:30,1900-01-00 00:00:00,dlink-615_EXT,40:86:CB:27:D2:0C,-21, WPA2 ,0.000000,0.000000,0.000,0.000,AP
2026-05-15 07:35:30,1900-01-00 00:00:00,,9C:2F:9D:82:20:A3,-21,,0.000000,0.000000,0.000,0.000,Client
2026-05-15 07:35:30,1900-01-00 00:00:00,dlink-615_EXT,40:86:CB:27:D2:0C,-21, WPA2 ,0.000000,0.000000,0.000,0.000,AP
2026-05-15 07:35:30,1900-01-00 00:00:00,,9C:2F:9D:82:20:A3,-21,,0.000000,0.000000,0.000,0.000,Client
2026-05-15 07:35:30,1900-01-00 00:00:00,dlink-615_EXT,40:86:CB:27:D2:0C,-21, WPA2 ,0.000000,0.000000,0.000,0.000,AP
2026-05-15 07:35:30,1900-01-00 00:00:00,,9C:2F:9D:82:20:A3,-21,,0.000000,0.000000,0.000,0.000,Client
2026-05-15 07:35:30,1900-01-00 00:00:00,dlink-615_EXT,40:86:CB:27:D2:0C,-21, WPA2 ,0.000000,0.000000,0.000,0.000,AP
2026-05-15 07:35:30,1900-01-00 00:00:00,,9C:2F:9D:82:20:A3,-21,,0.000000,0.000000,0.000,0.000,Client
2026-05-15 07:35:30,1900-01-00 00:00:00,dlink-615_EXT,40:86:CB:27:D2:0C,-21, WPA2 ,0.000000,0.000000,0.000,0.000,AP
2026-05-15 07:35:30,1900-01-00 00:00:00,,9C:2F:9D:82:20:A3,-21,,0.000000,0.000000,0.000,0.000,Client
2026-05-15 07:35:30,1900-01-00 00:00:00,dlink-615_EXT,40:86:CB:27:D2:0C,-21, WPA2 ,0.000000,0.000000,0.000,0.000,AP
2026-05-15 07:35:30,1900-01-00 00:00:00,,9C:2F:9D:82:20:A3,-21,,0.000000,0.000000,0.000,0.000,Client
2026-05-15 07:35:30,1900-01-00 00:00:00,dlink-615_EXT,40:86:CB:27:D2:0C,-21, WPA2 ,0.000000,0.000000,0.000,0.000,AP
2026-05-15 07:35:30,1900-01-00 00:00:00,,9C:2F:9D:82:20:A3,-21,,0.000000,0.000000,0.000,0.000,Client
2026-05-15 07:35:30,1900-01-00 00:00:00,dlink-615_EXT,40:86:CB:27:D2:0C,-21, WPA2 ,0.000000,0.000000,0.000,0.000,AP
2026-05-15 07:35:30,1900-01-00 00:00:00,,9C:2F:9D:82:20:A3,-21,,0.000000,0.000000,0.000,0.000,Client
2026-05-15 07:35:30,1900-01-00 00:00:00,dlink-615_EXT,40:86:CB:27:D2:0C,-21, WPA2 ,0.000000,0.000000,0.000,0.000,AP
2026-05-15 07:35:30,1900-01-00 00:00:00,,9C:2F:9D:82:20:A3,-21,,0.000000,0.000000,0.000,0.000,Client
2026-05-15 07:35:30,1900-01-00 00:00:00,dlink-615_EXT,40:86:CB:27:D2:0C,-21, WPA2 ,0.000000,0.000000,0.000,0.000,AP
2026-05-15 07:35:30,1900-01-00 00:00:00,,9C:2F:9D:82:20:A3,-21,,0.000000,0.000000,0.000,0.000,Client
2026-05-15 07:35:30,1900-01-00 00:00:00,dlink-615_EXT,40:86:CB:27:D2:0C,-21, WPA2 ,0.000000,0.000000,0.000,0.000,AP
2026-05-15 07:35:30,1900-01-00 00:00:00,,9C:2F:9D:82:20:A3,-21,,0.000000,0.000000,0.000,0.000,Client
2026-05-15 07:35:30,1900-01-00 00:00:00,dlink-615_EXT,40:86:CB:27:D2:0C,-21, WPA2 ,0.000000,0.000000,0.000,0.000,AP
2026-05-15 07:35:30,1900-01-00 00:00:00,,9C:2F:9D:82:20:A3,-21,,0.000000,0.000000,0.000,0.000,Client
2026-05-15 07:35:30,1900-01-00 00:00:00,dlink-615_EXT,40:86:CB:27:D2:0C,-21, WPA2 ,0.000000,0.000000,0.000,0.000,AP
2026-05-15 07:35:30,1900-01-00 00:00:00,,9C:2F:9D:82:20:A3,-21,,0.000000,0.000000,0.000,0.000,Client
2026-05-15 07:35:30,1900-01-00 00:00:00,dlink-615_EXT,40:86:CB:27:D2:0C,-21, WPA2 ,0.000000,0.000000,0.000,0.000,AP
2026-05-15 07:35:30,1900-01-00 00:00:00,,9C:2F:9D:82:20:A3,-21,,0.000000,0.000000,0.000,0.000,Client
2026-05-15 07:35:30,1900-01-00 00:00:00,dlink-615_EXT,40:86:CB:27:D2:0C,-21, WPA2 ,0.000000,0.000000,0.000,0.000,AP
2026-05-15 07:35:30,1900-01-00 00:00:00,,9C:2F:9D:82:20:A3,-21,,0.000000,0.000000,0.000,0.000,Client
2026-05-15 07:35:30,1900-01-00 00:00:00,dlink-615_EXT,40:86:CB:27:D2:0C,-21, WPA2 ,0.000000,0.000000,0.000,0.000,AP
2026-05-15 07:35:30,1900-01-00 00:00:00,,9C:2F:9D:82:20:A3,-21,,0.000000,0.000000,0.000,0.000,Client
2026-05-15 07:35:30,1900-01-00 00:00:00,dlink-615_EXT,40:86:CB:27:D2:0C,-21, WPA2 ,0.000000,0.000000,0.000,0.000,AP
2026-05-15 07:35:30,1900-01-00 00:00:00,,9C:2F:9D:82:20:A3,-21,,0.000000,0.000000,0.000,0.000,Client
2026-05-15 07:35:30,1900-01-00 00:00:00,dlink-615_EXT,40:86:CB:27:D2:0C,-21, WPA2 ,0.000000,0.000000,0.000,0.000,AP
2026-05-15 07:35:30,1900-01-00 00:00:00,,9C:2F:9D:82:20:A3,-21,,0.000000,0.000000,0.000,0.000,Client
2026-05-15 07:35:30,1900-01-00 00:00:00,dlink-615_EXT,40:86:CB:27:D2:0C,-21, WPA2 ,0.000000,0.000000,0.000,0.000,AP
2026-05-15 07:35:30,1900-01-00 00:00:00,,9C:2F:9D:82:20:A3,-21,,0.000000,0.000000,0.000,0.000,Client
2026-05-15 07:35:30,1900-01-00 00:00:00,dlink-615_EXT,40:86:CB:27:D2:0C,-19, WPA2 ,0.000000,0.000000,0.000,0.000,AP
2026-05-15 07:35:30,1900-01-00 00:00:00,,9C:2F:9D:82:20:A3,-19,,0.000000,0.000000,0.000,0.000,Client
2026-05-15 07:35:30,1900-01-00 00:00:00,dlink-615_EXT,40:86:CB:27:D2:0C,-19, WPA2 ,0.000000,0.000000,0.000,0.000,AP
2026-05-15 07:35:30,1900-01-00 00:00:00,,9C:2F:9D:82:20:A3,-19,,0.000000,0.000000,0.000,0.000,Client
2026-05-15 07:35:30,1900-01-00 00:00:00,dlink-615_EXT,40:86:CB:27:D2:0C,-19, WPA2 ,0.000000,0.000000,0.000,0.000,AP
2026-05-15 07:35:30,1900-01-00 00:00:00,,9C:2F:9D:82:20:A3,-19,,0.000000,0.000000,0.000,0.000,Client
2026-05-15 07:35:30,1900-01-00 00:00:00,dlink-615_EXT,40:86:CB:27:D2:0C,-19, WPA2 ,0.000000,0.000000,0.000,0.000,AP
2026-05-15 07:35:30,1900-01-00 00:00:00,,9C:2F:9D:82:20:A3,-19,,0.000000,0.000000,0.000,0.000,Client
2026-05-15 07:35:30,1900-01-00 00:00:00,dlink-615_EXT,40:86:CB:27:D2:0C,-19, WPA2 ,0.000000,0.000000,0.000,0.000,AP
2026-05-15 07:35:30,1900-01-00 00:00:00,,9C:2F:9D:82:20:A3,-19,,0.000000,0.000000,0.000,0.000,Client
2026-05-15 07:35:30,1900-01-00 00:00:00,dlink-615_EXT,40:86:CB:27:D2:0C,-19, WPA2 ,0.000000,0.000000,0.000,0.000,AP
2026-05-15 07:35:30,1900-01-00 00:00:00,,9C:2F:9D:82:20:A3,-19,,0.000000,0.000000,0.000,0.000,Client
2026-05-15 07:35:30,1900-01-00 00:00:00,dlink-615_EXT,40:86:CB:27:D2:0C,-19, WPA2 ,0.000000,0.000000,0.000,0.000,AP
2026-05-15 07:35:30,1900-01-00 00:00:00,,9C:2F:9D:82:20:A3,-19,,0.000000,0.000000,0.000,0.000,Client
2026-05-15 07:35:30,1900-01-00 00:00:00,dlink-615_EXT,40:86:CB:27:D2:0C,-19, WPA2 ,0.000000,0.000000,0.000,0.000,AP
2026-05-15 07:35:30,1900-01-00 00:00:00,,9C:2F:9D:82:20:A3,-19,,0.000000,0.000000,0.000,0.000,Client
2026-05-15 07:35:30,1900-01-00 00:00:00,dlink-615_EXT,40:86:CB:27:D2:0C,-19, WPA2 ,0.000000,0.000000,0.000,0.000,AP
2026-05-15 07:35:30,1900-01-00 00:00:00,,9C:2F:9D:82:20:A3,-19,,0.000000,0.000000,0.000,0.000,Client
2026-05-15 07:35:30,1900-01-00 00:00:00,dlink-615_EXT,40:86:CB:27:D2:0C,-19, WPA2 ,0.000000,0.000000,0.000,0.000,AP
2026-05-15 07:35:30,1900-01-00 00:00:00,,9C:2F:9D:82:20:A3,-19,,0.000000,0.000000,0.000,0.000,Client
2026-05-15 07:35:30,1900-01-00 00:00:00,dlink-615_EXT,40:86:CB:27:D2:0C,-19, WPA2 ,0.000000,0.000000,0.000,0.000,AP
2026-05-15 07:35:30,1900-01-00 00:00:00,,9C:2F:9D:82:20:A3,-19,,0.000000,0.000000,0.000,0.000,Client
2026-05-15 07:35:31,1900-01-00 00:00:00,dlink-615_EXT,40:86:CB:27:D2:0C,-21, WPA2 ,0.000000,0.000000,0.000,0.000,AP
2026-05-15 07:35:31,1900-01-00 00:00:00,,9C:2F:9D:82:20:A3,-21,,0.000000,0.000000,0.000,0.000,Client
2026-05-15 07:35:31,1900-01-00 00:00:00,dlink-615_EXT,40:86:CB:27:D2:0C,-19, WPA2 ,0.000000,0.000000,0.000,0.000,AP
2026-05-15 07:35:31,1900-01-00 00:00:00,,9C:2F:9D:82:20:A3,-19,,0.000000,0.000000,0.000,0.000,Client
2026-05-15 07:35:31,1900-01-00 00:00:00,dlink-615_EXT,40:86:CB:27:D2:0C,-19, WPA2 ,0.000000,0.000000,0.000,0.000,AP
2026-05-15 07:35:31,1900-01-00 00:00:00,,9C:2F:9D:82:20:A3,-19,,0.000000,0.000000,0.000,0.000,Client
2026-05-15 07:35:31,1900-01-00 00:00:00,dlink-615_EXT,40:86:CB:27:D2:0C,-19, WPA2 ,0.000000,0.000000,0.000,0.000,AP
2026-05-15 07:35:31,1900-01-00 00:00:00,,9C:2F:9D:82:20:A3,-19,,0.000000,0.000000,0.000,0.000,Client
2026-05-15 07:35:31,1900-01-00 00:00:00,dlink-615_EXT,40:86:CB:27:D2:0C,-17, WPA2 ,0.000000,0.000000,0.000,0.000,AP
2026-05-15 07:35:31,1900-01-00 00:00:00,,9C:2F:9D:82:20:A3,-17,,0.000000,0.000000,0.000,0.000,Client
2026-05-15 07:35:31,1900-01-00 00:00:00,dlink-615_EXT,40:86:CB:27:D2:0C,-19, WPA2 ,0.000000,0.000000,0.000,0.000,AP
2026-05-15 07:35:31,1900-01-00 00:00:00,,9C:2F:9D:82:20:A3,-19,,0.000000,0.000000,0.000,0.000,Client
2026-05-15 07:35:31,1900-01-00 00:00:00,dlink-615_EXT,40:86:CB:27:D2:0C,-19, WPA2 ,0.000000,0.000000,0.000,0.000,AP
2026-05-15 07:35:31,1900-01-00 00:00:00,,9C:2F:9D:82:20:A3,-19,,0.000000,0.000000,0.000,0.000,Client
2026-05-15 07:35:31,1900-01-00 00:00:00,dlink-615_EXT,40:86:CB:27:D2:0C,-19, WPA2 ,0.000000,0.000000,0.000,0.000,AP
2026-05-15 07:35:31,1900-01-00 00:00:00,,9C:2F:9D:82:20:A3,-19,,0.000000,0.000000,0.000,0.000,Client
2026-05-15 07:35:31,1900-01-00 00:00:00,dlink-615_EXT,40:86:CB:27:D2:0C,-19, WPA2 ,0.000000,0.000000,0.000,0.000,AP
2026-05-15 07:35:31,1900-01-00 00:00:00,,9C:2F:9D:82:20:A3,-19,,0.000000,0.000000,0.000,0.000,Client
2026-05-15 07:35:31,1900-01-00 00:00:00,dlink-615_EXT,40:86:CB:27:D2:0C,-21, WPA2 ,0.000000,0.000000,0.000,0.000,AP
2026-05-15 07:35:31,1900-01-00 00:00:00,,9C:2F:9D:82:20:A3,-21,,0.000000,0.000000,0.000,0.000,Client
2026-05-15 07:35:31,1900-01-00 00:00:00,dlink-615_EXT,40:86:CB:27:D2:0C,-19, WPA2 ,0.000000,0.000000,0.000,0.000,AP
2026-05-15 07:35:31,1900-01-00 00:00:00,,9C:2F:9D:82:20:A3,-19,,0.000000,0.000000,0.000,0.000,Client
2026-05-15 07:35:31,1900-01-00 00:00:00,dlink-615_EXT,40:86:CB:27:D2:0C,-19, WPA2 ,0.000000,0.000000,0.000,0.000,AP
2026-05-15 07:35:31,1900-01-00 00:00:00,,9C:2F:9D:82:20:A3,-19,,0.000000,0.000000,0.000,0.000,Client
2026-05-15 07:35:31,1900-01-00 00:00:00,dlink-615_EXT,40:86:CB:27:D2:0C,-19, WPA2 ,0.000000,0.000000,0.000,0.000,AP
2026-05-15 07:35:31,1900-01-00 00:00:00,,9C:2F:9D:82:20:A3,-19,,0.000000,0.000000,0.000,0.000,Client
2026-05-15 07:35:31,1900-01-00 00:00:00,dlink-615_EXT,40:86:CB:27:D2:0C,-19, WPA2 ,0.000000,0.000000,0.000,0.000,AP
2026-05-15 07:35:31,1900-01-00 00:00:00,,9C:2F:9D:82:20:A3,-19,,0.000000,0.000000,0.000,0.000,Client
2026-05-15 07:35:31,1900-01-00 00:00:00,dlink-615_EXT,40:86:CB:27:D2:0C,-19, WPA2 ,0.000000,0.000000,0.000,0.000,AP
2026-05-15 07:35:31,1900-01-00 00:00:00,,9C:2F:9D:82:20:A3,-19,,0.000000,0.000000,0.000,0.000,Client
2026-05-15 07:35:31,1900-01-00 00:00:00,dlink-615_EXT,40:86:CB:27:D2:0C,-17, WPA2 ,0.000000,0.000000,0.000,0.000,AP
2026-05-15 07:35:31,1900-01-00 00:00:00,,9C:2F:9D:82:20:A3,-17,,0.000000,0.000000,0.000,0.000,Client
2026-05-15 07:35:31,1900-01-00 00:00:00,dlink-615_EXT,40:86:CB:27:D2:0C,-19, WPA2 ,0.000000,0.000000,0.000,0.000,AP
2026-05-15 07:35:31,1900-01-00 00:00:00,,9C:2F:9D:82:20:A3,-19,,0.000000,0.000000,0.000,0.000,Client
2026-05-15 07:35:31,1900-01-00 00:00:00,dlink-615_EXT,40:86:CB:27:D2:0C,-17, WPA2 ,0.000000,0.000000,0.000,0.000,AP
2026-05-15 07:35:31,1900-01-00 00:00:00,,9C:2F:9D:82:20:A3,-17,,0.000000,0.000000,0.000,0.000,Client
2026-05-15 07:35:31,1900-01-00 00:00:00,dlink-615_EXT,40:86:CB:27:D2:0C,-19, WPA2 ,0.000000,0.000000,0.000,0.000,AP
2026-05-15 07:35:31,1900-01-00 00:00:00,,9C:2F:9D:82:20:A3,-19,,0.000000,0.000000,0.000,0.000,Client
2026-05-15 07:35:31,1900-01-00 00:00:00,dlink-615_EXT,40:86:CB:27:D2:0C,-21, WPA2 ,0.000000,0.000000,0.000,0.000,AP
2026-05-15 07:35:31,1900-01-00 00:00:00,,9C:2F:9D:82:20:A3,-21,,0.000000,0.000000,0.000,0.000,Client
2026-05-15 07:35:31,1900-01-00 00:00:00,dlink-615_EXT,40:86:CB:27:D2:0C,-21, WPA2 ,0.000000,0.000000,0.000,0.000,AP
2026-05-15 07:35:31,1900-01-00 00:00:00,,9C:2F:9D:82:20:A3,-21,,0.000000,0.000000,0.000,0.000,Client
2026-05-15 07:35:31,1900-01-00 00:00:00,dlink-615_EXT,40:86:CB:27:D2:0C,-21, WPA2 ,0.000000,0.000000,0.000,0.000,AP
2026-05-15 07:35:31,1900-01-00 00:00:00,,9C:2F:9D:82:20:A3,-21,,0.000000,0.000000,0.000,0.000,Client
2026-05-15 07:35:31,1900-01-00 00:00:00,dlink-615_EXT,40:86:CB:27:D2:0C,-21, WPA2 ,0.000000,0.000000,0.000,0.000,AP
2026-05-15 07:35:31,1900-01-00 00:00:00,,9C:2F:9D:82:20:A3,-21,,0.000000,0.000000,0.000,0.000,Client
2026-05-15 07:35:31,1900-01-00 00:00:00,dlink-615_EXT,40:86:CB:27:D2:0C,-21, WPA2 ,0.000000,0.000000,0.000,0.000,AP
2026-05-15 07:35:31,1900-01-00 00:00:00,,9C:2F:9D:82:20:A3,-21,,0.000000,0.000000,0.000,0.000,Client
2026-05-15 07:35:31,1900-01-00 00:00:00,dlink-615_EXT,40:86:CB:27:D2:0C,-21, WPA2 ,0.000000,0.000000,0.000,0.000,AP
2026-05-15 07:35:31,1900-01-00 00:00:00,,9C:2F:9D:82:20:A3,-21,,0.000000,0.000000,0.000,0.000,Client
2026-05-15 07:35:31,1900-01-00 00:00:00,dlink-615_EXT,40:86:CB:27:D2:0C,-21, WPA2 ,0.000000,0.000000,0.000,0.000,AP
2026-05-15 07:35:31,1900-01-00 00:00:00,,9C:2F:9D:82:20:A3,-21,,0.000000,0.000000,0.000,0.000,Client
2026-05-15 07:35:31,1900-01-00 00:00:00,dlink-615_EXT,40:86:CB:27:D2:0C,-21, WPA2 ,0.000000,0.000000,0.000,0.000,AP
2026-05-15 07:35:31,1900-01-00 00:00:00,,9C:2F:9D:82:20:A3,-21,,0.000000,0.000000,0.000,0.000,Client
2026-05-15 07:35:31,1900-01-00 00:00:00,dlink-615_EXT,40:86:CB:27:D2:0C,-21, WPA2 ,0.000000,0.000000,0.000,0.000,AP
2026-05-15 07:35:31,1900-01-00 00:00:00,,9C:2F:9D:82:20:A3,-21,,0.000000,0.000000,0.000,0.000,Client
2026-05-15 07:35:31,1900-01-00 00:00:00,dlink-615_EXT,40:86:CB:27:D2:0C,-21, WPA2 ,0.000000,0.000000,0.000,0.000,AP
2026-05-15 07:35:31,1900-01-00 00:00:00,,9C:2F:9D:82:20:A3,-21,,0.000000,0.000000,0.000,0.000,Client
2026-05-15 07:35:31,1900-01-00 00:00:00,dlink-615_EXT,40:86:CB:27:D2:0C,-21, WPA2 ,0.000000,0.000000,0.000,0.000,AP
2026-05-15 07:35:31,1900-01-00 00:00:00,,9C:2F:9D:82:20:A3,-21,,0.000000,0.000000,0.000,0.000,Client
2026-05-15 07:35:31,1900-01-00 00:00:00,dlink-615_EXT,40:86:CB:27:D2:0C,-21, WPA2 ,0.000000,0.000000,0.000,0.000,AP
2026-05-15 07:35:31,1900-01-00 00:00:00,,9C:2F:9D:82:20:A3,-21,,0.000000,0.000000,0.000,0.000,Client
2026-05-15 07:35:31,1900-01-00 00:00:00,dlink-615_EXT,40:86:CB:27:D2:0C,-21, WPA2 ,0.000000,0.000000,0.000,0.000,AP
2026-05-15 07:35:31,1900-01-00 00:00:00,,9C:2F:9D:82:20:A3,-21,,0.000000,0.000000,0.000,0.000,Client
2026-05-15 07:35:31,1900-01-00 00:00:00,dlink-615_EXT,40:86:CB:27:D2:0C,-21, WPA2 ,0.000000,0.000000,0.000,0.000,AP
2026-05-15 07:35:31,1900-01-00 00:00:00,,9C:2F:9D:82:20:A3,-21,,0.000000,0.000000,0.000,0.000,Client
2026-05-15 07:35:31,1900-01-00 00:00:00,dlink-615_EXT,40:86:CB:27:D2:0C,-21, WPA2 ,0.000000,0.000000,0.000,0.000,AP
2026-05-15 07:35:31,1900-01-00 00:00:00,,9C:2F:9D:82:20:A3,-21,,0.000000,0.000000,0.000,0.000,Client
2026-05-15 07:35:31,1900-01-00 00:00:00,dlink-615_EXT,40:86:CB:27:D2:0C,-21, WPA2 ,0.000000,0.000000,0.000,0.000,AP
2026-05-15 07:35:31,1900-01-00 00:00:00,,9C:2F:9D:82:20:A3,-21,,0.000000,0.000000,0.000,0.000,Client
2026-05-15 07:35:31,1900-01-00 00:00:00,dlink-615_EXT,40:86:CB:27:D2:0C,-21, WPA2 ,0.000000,0.000000,0.000,0.000,AP
2026-05-15 07:35:31,1900-01-00 00:00:00,,9C:2F:9D:82:20:A3,-21,,0.000000,0.000000,0.000,0.000,Client
2026-05-15 07:35:31,1900-01-00 00:00:00,dlink-615_EXT,40:86:CB:27:D2:0C,-21, WPA2 ,0.000000,0.000000,0.000,0.000,AP
2026-05-15 07:35:31,1900-01-00 00:00:00,,9C:2F:9D:82:20:A3,-21,,0.000000,0.000000,0.000,0.000,Client
2026-05-15 07:35:31,1900-01-00 00:00:00,dlink-615_EXT,40:86:CB:27:D2:0C,-21, WPA2 ,0.000000,0.000000,0.000,0.000,AP
2026-05-15 07:35:31,1900-01-00 00:00:00,,9C:2F:9D:82:20:A3,-21,,0.000000,0.000000,0.000,0.000,Client
2026-05-15 07:35:31,1900-01-00 00:00:00,dlink-615_EXT,40:86:CB:27:D2:0C,-21, WPA2 ,0.000000,0.000000,0.000,0.000,AP
2026-05-15 07:35:31,1900-01-00 00:00:00,,9C:2F:9D:82:20:A3,-21,,0.000000,0.000000,0.000,0.000,Client
2026-05-15 07:35:31,1900-01-00 00:00:00,dlink-615_EXT,40:86:CB:27:D2:0C,-21, WPA2 ,0.000000,0.000000,0.000,0.000,AP
2026-05-15 07:35:31,1900-01-00 00:00:00,,9C:2F:9D:82:20:A3,-21,,0.000000,0.000000,0.000,0.000,Client
2026-05-15 07:35:31,1900-01-00 00:00:00,dlink-615_EXT,40:86:CB:27:D2:0C,-21, WPA2 ,0.000000,0.000000,0.000,0.000,AP
2026-05-15 07:35:31,1900-01-00 00:00:00,,9C:2F:9D:82:20:A3,-21,,0.000000,0.000000,0.000,0.000,Client
2026-05-15 07:35:31,1900-01-00 00:00:00,dlink-615_EXT,40:86:CB:27:D2:0C,-21, WPA2 ,0.000000,0.000000,0.000,0.000,AP
2026-05-15 07:35:31,1900-01-00 00:00:00,,9C:2F:9D:82:20:A3,-21,,0.000000,0.000000,0.000,0.000,Client
2026-05-15 07:35:31,1900-01-00 00:00:00,dlink-615_EXT,40:86:CB:27:D2:0C,-21, WPA2 ,0.000000,0.000000,0.000,0.000,AP
2026-05-15 07:35:31,1900-01-00 00:00:00,,9C:2F:9D:82:20:A3,-21,,0.000000,0.000000,0.000,0.000,Client
2026-05-15 07:35:31,1900-01-00 00:00:00,dlink-615_EXT,40:86:CB:27:D2:0C,-21, WPA2 ,0.000000,0.000000,0.000,0.000,AP
2026-05-15 07:35:31,1900-01-00 00:00:00,,9C:2F:9D:82:20:A3,-21,,0.000000,0.000000,0.000,0.000,Client
2026-05-15 07:35:31,1900-01-00 00:00:00,dlink-615_EXT,40:86:CB:27:D2:0C,-21, WPA2 ,0.000000,0.000000,0.000,0.000,AP
2026-05-15 07:35:31,1900-01-00 00:00:00,,9C:2F:9D:82:20:A3,-21,,0.000000,0.000000,0.000,0.000,Client
2026-05-15 07:35:31,1900-01-00 00:00:00,dlink-615_EXT,40:86:CB:27:D2:0C,-21, WPA2 ,0.000000,0.000000,0.000,0.000,AP
2026-05-15 07:35:31,1900-01-00 00:00:00,,9C:2F:9D:82:20:A3,-21,,0.000000,0.000000,0.000,0.000,Client
2026-05-15 07:35:31,1900-01-00 00:00:00,dlink-615_EXT,40:86:CB:27:D2:0C,-21, WPA2 ,0.000000,0.000000,0.000,0.000,AP
2026-05-15 07:35:31,1900-01-00 00:00:00,,9C:2F:9D:82:20:A3,-21,,0.000000,0.000000,0.000,0.000,Client
2026-05-15 07:35:31,1900-01-00 00:00:00,dlink-615_EXT,40:86:CB:27:D2:0C,-21, WPA2 ,0.000000,0.000000,0.000,0.000,AP
2026-05-15 07:35:31,1900-01-00 00:00:00,,9C:2F:9D:82:20:A3,-21,,0.000000,0.000000,0.000,0.000,Client
2026-05-15 07:35:31,1900-01-00 00:00:00,dlink-615_EXT,40:86:CB:27:D2:0C,-21, WPA2 ,0.000000,0.000000,0.000,0.000,AP
2026-05-15 07:35:31,1900-01-00 00:00:00,,9C:2F:9D:82:20:A3,-21,,0.000000,0.000000,0.000,0.000,Client
2026-05-15 07:35:31,1900-01-00 00:00:00,dlink-615_EXT,40:86:CB:27:D2:0C,-21, WPA2 ,0.000000,0.000000,0.000,0.000,AP
2026-05-15 07:35:31,1900-01-00 00:00:00,,9C:2F:9D:82:20:A3,-21,,0.000000,0.000000,0.000,0.000,Client
2026-05-15 07:35:31,1900-01-00 00:00:00,dlink-615_EXT,40:86:CB:27:D2:0C,-21, WPA2 ,0.000000,0.000000,0.000,0.000,AP
2026-05-15 07:35:31,1900-01-00 00:00:00,,9C:2F:9D:82:20:A3,-21,,0.000000,0.000000,0.000,0.000,Client
2026-05-15 07:35:31,1900-01-00 00:00:00,dlink-615_EXT,40:86:CB:27:D2:0C,-21, WPA2 ,0.000000,0.000000,0.000,0.000,AP
2026-05-15 07:35:31,1900-01-00 00:00:00,,9C:2F:9D:82:20:A3,-21,,0.000000,0.000000,0.000,0.000,Client
2026-05-15 07:35:31,1900-01-00 00:00:00,dlink-615_EXT,40:86:CB:27:D2:0C,-21, WPA2 ,0.000000,0.000000,0.000,0.000,AP
2026-05-15 07:35:31,1900-01-00 00:00:00,,9C:2F:9D:82:20:A3,-21,,0.000000,0.000000,0.000,0.000,Client
2026-05-15 07:35:31,1900-01-00 00:00:00,dlink-615_EXT,40:86:CB:27:D2:0C,-19, WPA2 ,0.000000,0.000000,0.000,0.000,AP
2026-05-15 07:35:31,1900-01-00 00:00:00,,9C:2F:9D:82:20:A3,-19,,0.000000,0.000000,0.000,0.000,Client
2026-05-15 07:35:31,1900-01-00 00:00:00,dlink-615_EXT,40:86:CB:27:D2:0C,-19, WPA2 ,0.000000,0.000000,0.000,0.000,AP
2026-05-15 07:35:31,1900-01-00 00:00:00,,9C:2F:9D:82:20:A3,-19,,0.000000,0.000000,0.000,0.000,Client
2026-05-15 07:35:31,1900-01-00 00:00:00,dlink-615_EXT,40:86:CB:27:D2:0C,-21, WPA2 ,0.000000,0.000000,0.000,0.000,AP
2026-05-15 07:35:31,1900-01-00 00:00:00,,9C:2F:9D:82:20:A3,-21,,0.000000,0.000000,0.000,0.000,Client
2026-05-15 07:35:31,1900-01-00 00:00:00,dlink-615_EXT,40:86:CB:27:D2:0C,-21, WPA2 ,0.000000,0.000000,0.000,0.000,AP
2026-05-15 07:35:31,1900-01-00 00:00:00,,9C:2F:9D:82:20:A3,-21,,0.000000,0.000000,0.000,0.000,Client
2026-05-15 07:35:31,1900-01-00 00:00:00,dlink-615_EXT,40:86:CB:27:D2:0C,-19, WPA2 ,0.000000,0.000000,0.000,0.000,AP
2026-05-15 07:35:31,1900-01-00 00:00:00,,9C:2F:9D:82:20:A3,-19,,0.000000,0.000000,0.000,0.000,Client
2026-05-15 07:35:31,1900-01-00 00:00:00,dlink-615_EXT,40:86:CB:27:D2:0C,-19, WPA2 ,0.000000,0.000000,0.000,0.000,AP
2026-05-15 07:35:31,1900-01-00 00:00:00,,9C:2F:9D:82:20:A3,-19,,0.000000,0.000000,0.000,0.000,Client
2026-05-15 07:35:31,1900-01-00 00:00:00,dlink-615_EXT,40:86:CB:27:D2:0C,-19, WPA2 ,0.000000,0.000000,0.000,0.000,AP
2026-05-15 07:35:31,1900-01-00 00:00:00,,9C:2F:9D:82:20:A3,-19,,0.000000,0.000000,0.000,0.000,Client
2026-05-15 07:35:31,1900-01-00 00:00:00,dlink-615_EXT,40:86:CB:27:D2:0C,-17, WPA2 ,0.000000,0.000000,0.000,0.000,AP
2026-05-15 07:35:31,1900-01-00 00:00:00,,9C:2F:9D:82:20:A3,-17,,0.000000,0.000000,0.000,0.000,Client
2026-05-15 07:35:31,1900-01-00 00:00:00,dlink-615_EXT,40:86:CB:27:D2:0C,-19, WPA2 ,0.000000,0.000000,0.000,0.000,AP
2026-05-15 07:35:31,1900-01-00 00:00:00,,9C:2F:9D:82:20:A3,-19,,0.000000,0.000000,0.000,0.000,Client
2026-05-15 07:35:31,1900-01-00 00:00:00,dlink-615_EXT,40:86:CB:27:D2:0C,-21, WPA2 ,0.000000,0.000000,0.000,0.000,AP
2026-05-15 07:35:31,1900-01-00 00:00:00,,9C:2F:9D:82:20:A3,-21,,0.000000,0.000000,0.000,0.000,Client
2026-05-15 07:35:31,1900-01-00 00:00:00,dlink-615_EXT,40:86:CB:27:D2:0C,-19, WPA2 ,0.000000,0.000000,0.000,0.000,AP
2026-05-15 07:35:31,1900-01-00 00:00:00,,9C:2F:9D:82:20:A3,-19,,0.000000,0.000000,0.000,0.000,Client
2026-05-15 07:35:31,1900-01-00 00:00:00,dlink-615_EXT,40:86:CB:27:D2:0C,-19, WPA2 ,0.000000,0.000000,0.000,0.000,AP
2026-05-15 07:35:31,1900-01-00 00:00:00,,9C:2F:9D:82:20:A3,-19,,0.000000,0.000000,0.000,0.000,Client
2026-05-15 07:35:31,1900-01-00 00:00:00,dlink-615_EXT,40:86:CB:27:D2:0C,-19, WPA2 ,0.000000,0.000000,0.000,0.000,AP
2026-05-15 07:35:31,1900-01-00 00:00:00,,9C:2F:9D:82:20:A3,-19,,0.000000,0.000000,0.000,0.000,Client
2026-05-15 07:35:31,1900-01-00 00:00:00,dlink-615_EXT,40:86:CB:27:D2:0C,-19, WPA2 ,0.000000,0.000000,0.000,0.000,AP
2026-05-15 07:35:31,1900-01-00 00:00:00,,9C:2F:9D:82:20:A3,-19,,0.000000,0.000000,0.000,0.000,Client
2026-05-15 07:35:31,1900-01-00 00:00:00,dlink-615_EXT,40:86:CB:27:D2:0C,-23, WPA2 ,0.000000,0.000000,0.000,0.000,AP
2026-05-15 07:35:31,1900-01-00 00:00:00,,9C:2F:9D:82:20:A3,-23,,0.000000,0.000000,0.000,0.000,Client
2026-05-15 07:35:31,1900-01-00 00:00:00,dlink-615_EXT,40:86:CB:27:D2:0C,-19, WPA2 ,0.000000,0.000000,0.000,0.000,AP
2026-05-15 07:35:31,1900-01-00 00:00:00,,9C:2F:9D:82:20:A3,-19,,0.000000,0.000000,0.000,0.000,Client
2026-05-15 07:35:31,1900-01-00 00:00:00,dlink-615_EXT,40:86:CB:27:D2:0C,-19, WPA2 ,0.000000,0.000000,0.000,0.000,AP
2026-05-15 07:35:31,1900-01-00 00:00:00,,9C:2F:9D:82:20:A3,-19,,0.000000,0.000000,0.000,0.000,Client
2026-05-15 07:35:31,1900-01-00 00:00:00,dlink-615_EXT,40:86:CB:27:D2:0C,-19, WPA2 ,0.000000,0.000000,0.000,0.000,AP
2026-05-15 07:35:31,1900-01-00 00:00:00,,9C:2F:9D:82:20:A3,-19,,0.000000,0.000000,0.000,0.000,Client
2026-05-15 07:35:31,1900-01-00 00:00:00,dlink-615_EXT,40:86:CB:27:D2:0C,-19, WPA2 ,0.000000,0.000000,0.000,0.000,AP
2026-05-15 07:35:31,1900-01-00 00:00:00,,9C:2F:9D:82:20:A3,-19,,0.000000,0.000000,0.000,0.000,Client
2026-05-15 07:35:31,1900-01-00 00:00:00,dlink-615_EXT,40:86:CB:27:D2:0C,-19, WPA2 ,0.000000,0.000000,0.000,0.000,AP
2026-05-15 07:35:31,1900-01-00 00:00:00,,9C:2F:9D:82:20:A3,-19,,0.000000,0.000000,0.000,0.000,Client
2026-05-15 07:35:31,1900-01-00 00:00:00,dlink-615_EXT,40:86:CB:27:D2:0C,-19, WPA2 ,0.000000,0.000000,0.000,0.000,AP
2026-05-15 07:35:31,1900-01-00 00:00:00,,9C:2F:9D:82:20:A3,-19,,0.000000,0.000000,0.000,0.000,Client
2026-05-15 07:35:31,1900-01-00 00:00:00,dlink-615_EXT,40:86:CB:27:D2:0C,-23, WPA2 ,0.000000,0.000000,0.000,0.000,AP
2026-05-15 07:35:31,1900-01-00 00:00:00,,9C:2F:9D:82:20:A3,-23,,0.000000,0.000000,0.000,0.000,Client
2026-05-15 07:35:31,1900-01-00 00:00:00,dlink-615_EXT,40:86:CB:27:D2:0C,-19, WPA2 ,0.000000,0.000000,0.000,0.000,AP
2026-05-15 07:35:31,1900-01-00 00:00:00,,9C:2F:9D:82:20:A3,-19,,0.000000,0.000000,0.000,0.000,Client
2026-05-15 07:35:31,1900-01-00 00:00:00,dlink-615_EXT,40:86:CB:27:D2:0C,-17, WPA2 ,0.000000,0.000000,0.000,0.000,AP
2026-05-15 07:35:31,1900-01-00 00:00:00,,9C:2F:9D:82:20:A3,-17,,0.000000,0.000000,0.000,0.000,Client
2026-05-15 07:35:31,1900-01-00 00:00:00,dlink-615_EXT,40:86:CB:27:D2:0C,-19, WPA2 ,0.000000,0.000000,0.000,0.000,AP
2026-05-15 07:35:31,1900-01-00 00:00:00,,9C:2F:9D:82:20:A3,-19,,0.000000,0.000000,0.000,0.000,Client
2026-05-15 07:35:31,1900-01-00 00:00:00,dlink-615_EXT,40:86:CB:27:D2:0C,-19, WPA2 ,0.000000,0.000000,0.000,0.000,AP
2026-05-15 07:35:31,1900-01-00 00:00:00,,9C:2F:9D:82:20:A3,-19,,0.000000,0.000000,0.000,0.000,Client
2026-05-15 07:35:31,1900-01-00 00:00:00,dlink-615_EXT,40:86:CB:27:D2:0C,-19, WPA2 ,0.000000,0.000000,0.000,0.000,AP
2026-05-15 07:35:31,1900-01-00 00:00:00,,9C:2F:9D:82:20:A3,-19,,0.000000,0.000000,0.000,0.000,Client
2026-05-15 07:35:31,1900-01-00 00:00:00,dlink-615_EXT,40:86:CB:27:D2:0C,-19, WPA2 ,0.000000,0.000000,0.000,0.000,AP
2026-05-15 07:35:31,1900-01-00 00:00:00,,9C:2F:9D:82:20:A3,-19,,0.000000,0.000000,0.000,0.000,Client
2026-05-15 07:35:31,1900-01-00 00:00:00,dlink-615_EXT,40:86:CB:27:D2:0C,-15, WPA2 ,0.000000,0.000000,0.000,0.000,AP
2026-05-15 07:35:31,1900-01-00 00:00:00,,9C:2F:9D:82:20:A3,-15,,0.000000,0.000000,0.000,0.000,Client
2026-05-15 07:35:31,1900-01-00 00:00:00,dlink-615_EXT,40:86:CB:27:D2:0C,-15, WPA2 ,0.000000,0.000000,0.000,0.000,AP
2026-05-15 07:35:31,1900-01-00 00:00:00,,9C:2F:9D:82:20:A3,-15,,0.000000,0.000000,0.000,0.000,Client
2026-05-15 07:35:31,1900-01-00 00:00:00,dlink-615_EXT,40:86:CB:27:D2:0C,-15, WPA2 ,0.000000,0.000000,0.000,0.000,AP
2026-05-15 07:35:31,1900-01-00 00:00:00,,9C:2F:9D:82:20:A3,-15,,0.000000,0.000000,0.000,0.000,Client
2026-05-15 07:35:31,1900-01-00 00:00:00,dlink-615_EXT,40:86:CB:27:D2:0C,-15, WPA2 ,0.000000,0.000000,0.000,0.000,AP
2026-05-15 07:35:31,1900-01-00 00:00:00,,9C:2F:9D:82:20:A3,-15,,0.000000,0.000000,0.000,0.000,Client
2026-05-15 07:35:31,1900-01-00 00:00:00,dlink-615_EXT,40:86:CB:27:D2:0C,-15, WPA2 ,0.000000,0.000000,0.000,0.000,AP
2026-05-15 07:35:31,1900-01-00 00:00:00,,9C:2F:9D:82:20:A3,-15,,0.000000,0.000000,0.000,0.000,Client
2026-05-15 07:35:31,1900-01-00 00:00:00,dlink-615_EXT,40:86:CB:27:D2:0C,-15, WPA2 ,0.000000,0.000000,0.000,0.000,AP
2026-05-15 07:35:31,1900-01-00 00:00:00,,9C:2F:9D:82:20:A3,-15,,0.000000,0.000000,0.000,0.000,Client
2026-05-15 07:35:31,1900-01-00 00:00:00,dlink-615_EXT,40:86:CB:27:D2:0C,-15, WPA2 ,0.000000,0.000000,0.000,0.000,AP
2026-05-15 07:35:31,1900-01-00 00:00:00,,9C:2F:9D:82:20:A3,-15,,0.000000,0.000000,0.000,0.000,Client
2026-05-15 07:35:31,1900-01-00 00:00:00,dlink-615_EXT,40:86:CB:27:D2:0C,-15, WPA2 ,0.000000,0.000000,0.000,0.000,AP
2026-05-15 07:35:31,1900-01-00 00:00:00,,9C:2F:9D:82:20:A3,-15,,0.000000,0.000000,0.000,0.000,Client
2026-05-15 07:35:31,1900-01-00 00:00:00,dlink-615_EXT,40:86:CB:27:D2:0C,-15, WPA2 ,0.000000,0.000000,0.000,0.000,AP
2026-05-15 07:35:31,1900-01-00 00:00:00,,9C:2F:9D:82:20:A3,-15,,0.000000,0.000000,0.000,0.000,Client
2026-05-15 07:35:31,1900-01-00 00:00:00,dlink-615_EXT,40:86:CB:27:D2:0C,-15, WPA2 ,0.000000,0.000000,0.000,0.000,AP
2026-05-15 07:35:31,1900-01-00 00:00:00,,9C:2F:9D:82:20:A3,-15,,0.000000,0.000000,0.000,0.000,Client
2026-05-15 07:35:31,1900-01-00 00:00:00,dlink-615_EXT,40:86:CB:27:D2:0C,-15, WPA2 ,0.000000,0.000000,0.000,0.000,AP
2026-05-15 07:35:31,1900-01-00 00:00:00,,9C:2F:9D:82:20:A3,-15,,0.000000,0.000000,0.000,0.000,Client
2026-05-15 07:35:31,1900-01-00 00:00:00,dlink-615_EXT,40:86:CB:27:D2:0C,-15, WPA2 ,0.000000,0.000000,0.000,0.000,AP
2026-05-15 07:35:31,1900-01-00 00:00:00,,9C:2F:9D:82:20:A3,-15,,0.000000,0.000000,0.000,0.000,Client
2026-05-15 07:35:31,1900-01-00 00:00:00,dlink-615_EXT,40:86:CB:27:D2:0C,-19, WPA2 ,0.000000,0.000000,0.000,0.000,AP
2026-05-15 07:35:31,1900-01-00 00:00:00,,9C:2F:9D:82:20:A3,-19,,0.000000,0.000000,0.000,0.000,Client
2026-05-15 07:35:31,1900-01-00 00:00:00,dlink-615_EXT,40:86:CB:27:D2:0C,-19, WPA2 ,0.000000,0.000000,0.000,0.000,AP
2026-05-15 07:35:31,1900-01-00 00:00:00,,9C:2F:9D:82:20:A3,-19,,0.000000,0.000000,0.000,0.000,Client
2026-05-15 07:35:31,1900-01-00 00:00:00,dlink-615_EXT,40:86:CB:27:D2:0C,-19, WPA2 ,0.000000,0.000000,0.000,0.000,AP
2026-05-15 07:35:31,1900-01-00 00:00:00,,9C:2F:9D:82:20:A3,-19,,0.000000,0.000000,0.000,0.000,Client
2026-05-15 07:35:31,1900-01-00 00:00:00,dlink-615_EXT,40:86:CB:27:D2:0C,-19, WPA2 ,0.000000,0.000000,0.000,0.000,AP
2026-05-15 07:35:31,1900-01-00 00:00:00,,9C:2F:9D:82:20:A3,-19,,0.000000,0.000000,0.000,0.000,Client
2026-05-15 07:35:31,1900-01-00 00:00:00,dlink-615_EXT,40:86:CB:27:D2:0C,-19, WPA2 ,0.000000,0.000000,0.000,0.000,AP
2026-05-15 07:35:31,1900-01-00 00:00:00,,9C:2F:9D:82:20:A3,-19,,0.000000,0.000000,0.000,0.000,Client
2026-05-15 07:35:31,1900-01-00 00:00:00,dlink-615_EXT,40:86:CB:27:D2:0C,-19, WPA2 ,0.000000,0.000000,0.000,0.000,AP
2026-05-15 07:35:31,1900-01-00 00:00:00,,9C:2F:9D:82:20:A3,-19,,0.000000,0.000000,0.000,0.000,Client
2026-05-15 07:35:31,1900-01-00 00:00:00,dlink-615_EXT,40:86:CB:27:D2:0C,-19, WPA2 ,0.000000,0.000000,0.000,0.000,AP
2026-05-15 07:35:31,1900-01-00 00:00:00,,9C:2F:9D:82:20:A3,-19,,0.000000,0.000000,0.000,0.000,Client
2026-05-15 07:35:31,1900-01-00 00:00:00,dlink-615_EXT,40:86:CB:27:D2:0C,-19, WPA2 ,0.000000,0.000000,0.000,0.000,AP
2026-05-15 07:35:31,1900-01-00 00:00:00,,9C:2F:9D:82:20:A3,-19,,0.000000,0.000000,0.000,0.000,Client
2026-05-15 07:35:31,1900-01-00 00:00:00,dlink-615_EXT,40:86:CB:27:D2:0C,-19, WPA2 ,0.000000,0.000000,0.000,0.000,AP
2026-05-15 07:35:31,1900-01-00 00:00:00,,9C:2F:9D:82:20:A3,-19,,0.000000,0.000000,0.000,0.000,Client
2026-05-15 07:35:31,1900-01-00 00:00:00,dlink-615_EXT,40:86:CB:27:D2:0C,-19, WPA2 ,0.000000,0.000000,0.000,0.000,AP
2026-05-15 07:35:31,1900-01-00 00:00:00,,9C:2F:9D:82:20:A3,-19,,0.000000,0.000000,0.000,0.000,Client
2026-05-15 07:35:31,1900-01-00 00:00:00,dlink-615_EXT,40:86:CB:27:D2:0C,-19, WPA2 ,0.000000,0.000000,0.000,0.000,AP
2026-05-15 07:35:31,1900-01-00 00:00:00,,9C:2F:9D:82:20:A3,-19,,0.000000,0.000000,0.000,0.000,Client
2026-05-15 07:35:31,1900-01-00 00:00:00,dlink-615_EXT,40:86:CB:27:D2:0C,-19, WPA2 ,0.000000,0.000000,0.000,0.000,AP
2026-05-15 07:35:31,1900-01-00 00:00:00,,9C:2F:9D:82:20:A3,-19,,0.000000,0.000000,0.000,0.000,Client
2026-05-15 07:35:31,1900-01-00 00:00:00,dlink-615_EXT,40:86:CB:27:D2:0C,-19, WPA2 ,0.000000,0.000000,0.000,0.000,AP
2026-05-15 07:35:31,1900-01-00 00:00:00,,9C:2F:9D:82:20:A3,-19,,0.000000,0.000000,0.000,0.000,Client
2026-05-15 07:35:31,1900-01-00 00:00:00,dlink-615_EXT,40:86:CB:27:D2:0C,-19, WPA2 ,0.000000,0.000000,0.000,0.000,AP
2026-05-15 07:35:31,1900-01-00 00:00:00,,9C:2F:9D:82:20:A3,-19,,0.000000,0.000000,0.000,0.000,Client
2026-05-15 07:35:31,1900-01-00 00:00:00,dlink-615_EXT,40:86:CB:27:D2:0C,-19, WPA2 ,0.000000,0.000000,0.000,0.000,AP
2026-05-15 07:35:31,1900-01-00 00:00:00,,9C:2F:9D:82:20:A3,-19,,0.000000,0.000000,0.000,0.000,Client
2026-05-15 07:35:31,1900-01-00 00:00:00,dlink-615_EXT,40:86:CB:27:D2:0C,-19, WPA2 ,0.000000,0.000000,0.000,0.000,AP
2026-05-15 07:35:31,1900-01-00 00:00:00,,9C:2F:9D:82:20:A3,-19,,0.000000,0.000000,0.000,0.000,Client
2026-05-15 07:35:31,1900-01-00 00:00:00,dlink-615_EXT,40:86:CB:27:D2:0C,-19, WPA2 ,0.000000,0.000000,0.000,0.000,AP
2026-05-15 07:35:31,1900-01-00 00:00:00,,9C:2F:9D:82:20:A3,-19,,0.000000,0.000000,0.000,0.000,Client
2026-05-15 07:35:31,1900-01-00 00:00:00,dlink-615_EXT,40:86:CB:27:D2:0C,-19, WPA2 ,0.000000,0.000000,0.000,0.000,AP
2026-05-15 07:35:31,1900-01-00 00:00:00,,9C:2F:9D:82:20:A3,-19,,0.000000,0.000000,0.000,0.000,Client
2026-05-15 07:35:31,1900-01-00 00:00:00,dlink-615_EXT,40:86:CB:27:D2:0C,-19, WPA2 ,0.000000,0.000000,0.000,0.000,AP
2026-05-15 07:35:31,1900-01-00 00:00:00,,9C:2F:9D:82:20:A3,-19,,0.000000,0.000000,0.000,0.000,Client
2026-05-15 07:35:31,1900-01-00 00:00:00,dlink-615_EXT,40:86:CB:27:D2:0C,-19, WPA2 ,0.000000,0.000000,0.000,0.000,AP
2026-05-15 07:35:31,1900-01-00 00:00:00,,9C:2F:9D:82:20:A3,-19,,0.000000,0.000000,0.000,0.000,Client
2026-05-15 07:35:31,1900-01-00 00:00:00,dlink-615_EXT,40:86:CB:27:D2:0C,-19, WPA2 ,0.000000,0.000000,0.000,0.000,AP
2026-05-15 07:35:31,1900-01-00 00:00:00,,9C:2F:9D:82:20:A3,-19,,0.000000,0.000000,0.000,0.000,Client
2026-05-15 07:35:31,1900-01-00 00:00:00,dlink-615_EXT,40:86:CB:27:D2:0C,-19, WPA2 ,0.000000,0.000000,0.000,0.000,AP
2026-05-15 07:35:31,1900-01-00 00:00:00,,9C:2F:9D:82:20:A3,-19,,0.000000,0.000000,0.000,0.000,Client
2026-05-15 07:35:31,1900-01-00 00:00:00,dlink-615_EXT,40:86:CB:27:D2:0C,-19, WPA2 ,0.000000,0.000000,0.000,0.000,AP
2026-05-15 07:35:31,1900-01-00 00:00:00,,9C:2F:9D:82:20:A3,-19,,0.000000,0.000000,0.000,0.000,Client
2026-05-15 07:35:32,1900-01-00 00:00:00,dlink-615_EXT,40:86:CB:27:D2:0C,-61, WPA2 ,0.000000,0.000000,0.000,0.000,AP
2026-05-15 07:35:32,1900-01-00 00:00:00,,9C:2F:9D:82:20:A3,-61,,0.000000,0.000000,0.000,0.000,Client
2026-05-15 07:35:32,1900-01-00 00:00:00,dlink-615_EXT,40:86:CB:27:D2:0C,-21, WPA2 ,0.000000,0.000000,0.000,0.000,AP
2026-05-15 07:35:32,1900-01-00 00:00:00,,9C:2F:9D:82:20:A3,-15,,0.000000,0.000000,0.000,0.000,Client
2026-05-15 07:35:32,1900-01-00 00:00:00,dlink-615_EXT,40:86:CB:27:D2:0C,-19, WPA2 ,0.000000,0.000000,0.000,0.000,AP
2026-05-15 07:35:32,1900-01-00 00:00:00,,9C:2F:9D:82:20:A3,-19,,0.000000,0.000000,0.000,0.000,Client
2026-05-15 07:35:32,1900-01-00 00:00:00,dlink-615_EXT,40:86:CB:27:D2:0C,-19, WPA2 ,0.000000,0.000000,0.000,0.000,AP
2026-05-15 07:35:32,1900-01-00 00:00:00,,9C:2F:9D:82:20:A3,-19,,0.000000,0.000000,0.000,0.000,Client
2026-05-15 07:35:32,1900-01-00 00:00:00,dlink-615_EXT,40:86:CB:27:D2:0C,-19, WPA2 ,0.000000,0.000000,0.000,0.000,AP
2026-05-15 07:35:32,1900-01-00 00:00:00,,9C:2F:9D:82:20:A3,-19,,0.000000,0.000000,0.000,0.000,Client
2026-05-15 07:35:32,1900-01-00 00:00:00,dlink-615_EXT,40:86:CB:27:D2:0C,-19, WPA2 ,0.000000,0.000000,0.000,0.000,AP
2026-05-15 07:35:32,1900-01-00 00:00:00,,9C:2F:9D:82:20:A3,-19,,0.000000,0.000000,0.000,0.000,Client
2026-05-15 07:35:32,1900-01-00 00:00:00,dlink-615_EXT,40:86:CB:27:D2:0C,-19, WPA2 ,0.000000,0.000000,0.000,0.000,AP
2026-05-15 07:35:32,1900-01-00 00:00:00,,9C:2F:9D:82:20:A3,-15,,0.000000,0.000000,0.000,0.000,Client
2026-05-15 07:35:32,1900-01-00 00:00:00,dlink-615_EXT,40:86:CB:27:D2:0C,-19, WPA2 ,0.000000,0.000000,0.000,0.000,AP
2026-05-15 07:35:32,1900-01-00 00:00:00,,9C:2F:9D:82:20:A3,-19,,0.000000,0.000000,0.000,0.000,Client
2026-05-15 07:35:32,1900-01-00 00:00:00,dlink-615_EXT,40:86:CB:27:D2:0C,-19, WPA2 ,0.000000,0.000000,0.000,0.000,AP
2026-05-15 07:35:32,1900-01-00 00:00:00,,9C:2F:9D:82:20:A3,-19,,0.000000,0.000000,0.000,0.000,Client
2026-05-15 07:35:32,1900-01-00 00:00:00,dlink-615_EXT,40:86:CB:27:D2:0C,-19, WPA2 ,0.000000,0.000000,0.000,0.000,AP
2026-05-15 07:35:32,1900-01-00 00:00:00,,9C:2F:9D:82:20:A3,-19,,0.000000,0.000000,0.000,0.000,Client
2026-05-15 07:35:32,1900-01-00 00:00:00,dlink-615_EXT,40:86:CB:27:D2:0C,-19, WPA2 ,0.000000,0.000000,0.000,0.000,AP
2026-05-15 07:35:32,1900-01-00 00:00:00,,9C:2F:9D:82:20:A3,-19,,0.000000,0.000000,0.000,0.000,Client
2026-05-15 07:35:32,1900-01-00 00:00:00,dlink-615_EXT,40:86:CB:27:D2:0C,-19, WPA2 ,0.000000,0.000000,0.000,0.000,AP
2026-05-15 07:35:32,1900-01-00 00:00:00,,9C:2F:9D:82:20:A3,-19,,0.000000,0.000000,0.000,0.000,Client
2026-05-15 07:35:32,1900-01-00 00:00:00,dlink-615_EXT,40:86:CB:27:D2:0C,-19, WPA2 ,0.000000,0.000000,0.000,0.000,AP
2026-05-15 07:35:32,1900-01-00 00:00:00,,9C:2F:9D:82:20:A3,-19,,0.000000,0.000000,0.000,0.000,Client
2026-05-15 07:35:32,1900-01-00 00:00:00,dlink-615_EXT,40:86:CB:27:D2:0C,-19, WPA2 ,0.000000,0.000000,0.000,0.000,AP
2026-05-15 07:35:32,1900-01-00 00:00:00,,9C:2F:9D:82:20:A3,-19,,0.000000,0.000000,0.000,0.000,Client
2026-05-15 07:35:32,1900-01-00 00:00:00,dlink-615_EXT,40:86:CB:27:D2:0C,-19, WPA2 ,0.000000,0.000000,0.000,0.000,AP
2026-05-15 07:35:32,1900-01-00 00:00:00,,9C:2F:9D:82:20:A3,-19,,0.000000,0.000000,0.000,0.000,Client
2026-05-15 07:35:32,1900-01-00 00:00:00,dlink-615_EXT,40:86:CB:27:D2:0C,-19, WPA2 ,0.000000,0.000000,0.000,0.000,AP
2026-05-15 07:35:32,1900-01-00 00:00:00,,9C:2F:9D:82:20:A3,-19,,0.000000,0.000000,0.000,0.000,Client
2026-05-15 07:35:32,1900-01-00 00:00:00,dlink-615_EXT,40:86:CB:27:D2:0C,-17, WPA2 ,0.000000,0.000000,0.000,0.000,AP
2026-05-15 07:35:32,1900-01-00 00:00:00,,9C:2F:9D:82:20:A3,-17,,0.000000,0.000000,0.000,0.000,Client
2026-05-15 07:35:32,1900-01-00 00:00:00,dlink-615_EXT,40:86:CB:27:D2:0C,-19, WPA2 ,0.000000,0.000000,0.000,0.000,AP
2026-05-15 07:35:32,1900-01-00 00:00:00,,9C:2F:9D:82:20:A3,-19,,0.000000,0.000000,0.000,0.000,Client
2026-05-15 07:35:32,1900-01-00 00:00:00,dlink-615_EXT,40:86:CB:27:D2:0C,-19, WPA2 ,0.000000,0.000000,0.000,0.000,AP
2026-05-15 07:35:32,1900-01-00 00:00:00,,9C:2F:9D:82:20:A3,-19,,0.000000,0.000000,0.000,0.000,Client
2026-05-15 07:35:32,1900-01-00 00:00:00,dlink-615_EXT,40:86:CB:27:D2:0C,-19, WPA2 ,0.000000,0.000000,0.000,0.000,AP
2026-05-15 07:35:32,1900-01-00 00:00:00,,9C:2F:9D:82:20:A3,-19,,0.000000,0.000000,0.000,0.000,Client
2026-05-15 07:35:32,1900-01-00 00:00:00,dlink-615_EXT,40:86:CB:27:D2:0C,-19, WPA2 ,0.000000,0.000000,0.000,0.000,AP
2026-05-15 07:35:32,1900-01-00 00:00:00,,9C:2F:9D:82:20:A3,-19,,0.000000,0.000000,0.000,0.000,Client
2026-05-15 07:35:32,1900-01-00 00:00:00,dlink-615_EXT,40:86:CB:27:D2:0C,-19, WPA2 ,0.000000,0.000000,0.000,0.000,AP
2026-05-15 07:35:32,1900-01-00 00:00:00,,9C:2F:9D:82:20:A3,-19,,0.000000,0.000000,0.000,0.000,Client
2026-05-15 07:35:32,1900-01-00 00:00:00,dlink-615_EXT,40:86:CB:27:D2:0C,-19, WPA2 ,0.000000,0.000000,0.000,0.000,AP
2026-05-15 07:35:32,1900-01-00 00:00:00,,9C:2F:9D:82:20:A3,-19,,0.000000,0.000000,0.000,0.000,Client
2026-05-15 07:35:32,1900-01-00 00:00:00,dlink-615_EXT,40:86:CB:27:D2:0C,-19, WPA2 ,0.000000,0.000000,0.000,0.000,AP
2026-05-15 07:35:32,1900-01-00 00:00:00,,9C:2F:9D:82:20:A3,-19,,0.000000,0.000000,0.000,0.000,Client
2026-05-15 07:35:32,1900-01-00 00:00:00,dlink-615_EXT,40:86:CB:27:D2:0C,-19, WPA2 ,0.000000,0.000000,0.000,0.000,AP
2026-05-15 07:35:32,1900-01-00 00:00:00,,9C:2F:9D:82:20:A3,-19,,0.000000,0.000000,0.000,0.000,Client
2026-05-15 07:35:32,1900-01-00 00:00:00,dlink-615_EXT,40:86:CB:27:D2:0C,-19, WPA2 ,0.000000,0.000000,0.000,0.000,AP
2026-05-15 07:35:32,1900-01-00 00:00:00,,9C:2F:9D:82:20:A3,-19,,0.000000,0.000000,0.000,0.000,Client
2026-05-15 07:35:32,1900-01-00 00:00:00,dlink-615_EXT,40:86:CB:27:D2:0C,-19, WPA2 ,0.000000,0.000000,0.000,0.000,AP
2026-05-15 07:35:32,1900-01-00 00:00:00,,9C:2F:9D:82:20:A3,-19,,0.000000,0.000000,0.000,0.000,Client
2026-05-15 07:35:32,1900-01-00 00:00:00,dlink-615_EXT,40:86:CB:27:D2:0C,-19, WPA2 ,0.000000,0.000000,0.000,0.000,AP
2026-05-15 07:35:32,1900-01-00 00:00:00,,9C:2F:9D:82:20:A3,-19,,0.000000,0.000000,0.000,0.000,Client
2026-05-15 07:35:32,1900-01-00 00:00:00,dlink-615_EXT,40:86:CB:27:D2:0C,-19, WPA2 ,0.000000,0.000000,0.000,0.000,AP
2026-05-15 07:35:32,1900-01-00 00:00:00,,9C:2F:9D:82:20:A3,-19,,0.000000,0.000000,0.000,0.000,Client
2026-05-15 07:35:32,1900-01-00 00:00:00,dlink-615_EXT,40:86:CB:27:D2:0C,-19, WPA2 ,0.000000,0.000000,0.000,0.000,AP
2026-05-15 07:35:32,1900-01-00 00:00:00,,9C:2F:9D:82:20:A3,-19,,0.000000,0.000000,0.000,0.000,Client
2026-05-15 07:35:32,1900-01-00 00:00:00,dlink-615_EXT,40:86:CB:27:D2:0C,-19, WPA2 ,0.000000,0.000000,0.000,0.000,AP
2026-05-15 07:35:32,1900-01-00 00:00:00,,9C:2F:9D:82:20:A3,-19,,0.000000,0.000000,0.000,0.000,Client
2026-05-15 07:35:32,1900-01-00 00:00:00,dlink-615_EXT,40:86:CB:27:D2:0C,-19, WPA2 ,0.000000,0.000000,0.000,0.000,AP
2026-05-15 07:35:32,1900-01-00 00:00:00,,9C:2F:9D:82:20:A3,-19,,0.000000,0.000000,0.000,0.000,Client
2026-05-15 07:35:32,1900-01-00 00:00:00,dlink-615_EXT,40:86:CB:27:D2:0C,-19, WPA2 ,0.000000,0.000000,0.000,0.000,AP
2026-05-15 07:35:32,1900-01-00 00:00:00,,9C:2F:9D:82:20:A3,-19,,0.000000,0.000000,0.000,0.000,Client
2026-05-15 07:35:32,1900-01-00 00:00:00,dlink-615_EXT,40:86:CB:27:D2:0C,-19, WPA2 ,0.000000,0.000000,0.000,0.000,AP
2026-05-15 07:35:32,1900-01-00 00:00:00,,9C:2F:9D:82:20:A3,-19,,0.000000,0.000000,0.000,0.000,Client
2026-05-15 07:35:32,1900-01-00 00:00:00,dlink-615_EXT,40:86:CB:27:D2:0C,-19, WPA2 ,0.000000,0.000000,0.000,0.000,AP
2026-05-15 07:35:32,1900-01-00 00:00:00,,9C:2F:9D:82:20:A3,-19,,0.000000,0.000000,0.000,0.000,Client
2026-05-15 07:35:32,1900-01-00 00:00:00,dlink-615_EXT,40:86:CB:27:D2:0C,-19, WPA2 ,0.000000,0.000000,0.000,0.000,AP
2026-05-15 07:35:32,1900-01-00 00:00:00,,9C:2F:9D:82:20:A3,-19,,0.000000,0.000000,0.000,0.000,Client
2026-05-15 07:35:32,1900-01-00 00:00:00,dlink-615_EXT,40:86:CB:27:D2:0C,-19, WPA2 ,0.000000,0.000000,0.000,0.000,AP
2026-05-15 07:35:32,1900-01-00 00:00:00,,9C:2F:9D:82:20:A3,-19,,0.000000,0.000000,0.000,0.000,Client
2026-05-15 07:35:32,1900-01-00 00:00:00,dlink-615_EXT,40:86:CB:27:D2:0C,-19, WPA2 ,0.000000,0.000000,0.000,0.000,AP
2026-05-15 07:35:32,1900-01-00 00:00:00,,9C:2F:9D:82:20:A3,-19,,0.000000,0.000000,0.000,0.000,Client
2026-05-15 07:35:32,1900-01-00 00:00:00,dlink-615_EXT,40:86:CB:27:D2:0C,-19, WPA2 ,0.000000,0.000000,0.000,0.000,AP
2026-05-15 07:35:32,1900-01-00 00:00:00,,9C:2F:9D:82:20:A3,-19,,0.000000,0.000000,0.000,0.000,Client
2026-05-15 07:35:32,1900-01-00 00:00:00,dlink-615_EXT,40:86:CB:27:D2:0C,-19, WPA2 ,0.000000,0.000000,0.000,0.000,AP
2026-05-15 07:35:32,1900-01-00 00:00:00,,9C:2F:9D:82:20:A3,-19,,0.000000,0.000000,0.000,0.000,Client
2026-05-15 07:35:32,1900-01-00 00:00:00,dlink-615_EXT,40:86:CB:27:D2:0C,-19, WPA2 ,0.000000,0.000000,0.000,0.000,AP
2026-05-15 07:35:32,1900-01-00 00:00:00,,9C:2F:9D:82:20:A3,-19,,0.000000,0.000000,0.000,0.000,Client
2026-05-15 07:35:32,1900-01-00 00:00:00,dlink-615_EXT,40:86:CB:27:D2:0C,-19, WPA2 ,0.000000,0.000000,0.000,0.000,AP
2026-05-15 07:35:32,1900-01-00 00:00:00,,9C:2F:9D:82:20:A3,-19,,0.000000,0.000000,0.000,0.000,Client
2026-05-15 07:35:32,1900-01-00 00:00:00,dlink-615_EXT,40:86:CB:27:D2:0C,-19, WPA2 ,0.000000,0.000000,0.000,0.000,AP
2026-05-15 07:35:32,1900-01-00 00:00:00,,9C:2F:9D:82:20:A3,-19,,0.000000,0.000000,0.000,0.000,Client
2026-05-15 07:35:32,1900-01-00 00:00:00,dlink-615_EXT,40:86:CB:27:D2:0C,-19, WPA2 ,0.000000,0.000000,0.000,0.000,AP
2026-05-15 07:35:32,1900-01-00 00:00:00,,9C:2F:9D:82:20:A3,-19,,0.000000,0.000000,0.000,0.000,Client
2026-05-15 07:35:32,1900-01-00 00:00:00,dlink-615_EXT,40:86:CB:27:D2:0C,-19, WPA2 ,0.000000,0.000000,0.000,0.000,AP
2026-05-15 07:35:32,1900-01-00 00:00:00,,9C:2F:9D:82:20:A3,-19,,0.000000,0.000000,0.000,0.000,Client
2026-05-15 07:35:32,1900-01-00 00:00:00,dlink-615_EXT,40:86:CB:27:D2:0C,-19, WPA2 ,0.000000,0.000000,0.000,0.000,AP
2026-05-15 07:35:32,1900-01-00 00:00:00,,9C:2F:9D:82:20:A3,-19,,0.000000,0.000000,0.000,0.000,Client
2026-05-15 07:35:32,1900-01-00 00:00:00,dlink-615_EXT,40:86:CB:27:D2:0C,-19, WPA2 ,0.000000,0.000000,0.000,0.000,AP
2026-05-15 07:35:32,1900-01-00 00:00:00,,9C:2F:9D:82:20:A3,-19,,0.000000,0.000000,0.000,0.000,Client
2026-05-15 07:35:32,1900-01-00 00:00:00,dlink-615_EXT,40:86:CB:27:D2:0C,-19, WPA2 ,0.000000,0.000000,0.000,0.000,AP
2026-05-15 07:35:32,1900-01-00 00:00:00,,9C:2F:9D:82:20:A3,-19,,0.000000,0.000000,0.000,0.000,Client
2026-05-15 07:35:32,1900-01-00 00:00:00,dlink-615_EXT,40:86:CB:27:D2:0C,-19, WPA2 ,0.000000,0.000000,0.000,0.000,AP
2026-05-15 07:35:32,1900-01-00 00:00:00,,9C:2F:9D:82:20:A3,-19,,0.000000,0.000000,0.000,0.000,Client
2026-05-15 07:35:32,1900-01-00 00:00:00,dlink-615_EXT,40:86:CB:27:D2:0C,-19, WPA2 ,0.000000,0.000000,0.000,0.000,AP
2026-05-15 07:35:32,1900-01-00 00:00:00,,9C:2F:9D:82:20:A3,-19,,0.000000,0.000000,0.000,0.000,Client
2026-05-15 07:35:32,1900-01-00 00:00:00,dlink-615_EXT,40:86:CB:27:D2:0C,-19, WPA2 ,0.000000,0.000000,0.000,0.000,AP
2026-05-15 07:35:32,1900-01-00 00:00:00,,9C:2F:9D:82:20:A3,-19,,0.000000,0.000000,0.000,0.000,Client
2026-05-15 07:35:32,1900-01-00 00:00:00,dlink-615_EXT,40:86:CB:27:D2:0C,-19, WPA2 ,0.000000,0.000000,0.000,0.000,AP
2026-05-15 07:35:32,1900-01-00 00:00:00,,9C:2F:9D:82:20:A3,-19,,0.000000,0.000000,0.000,0.000,Client
2026-05-15 07:35:32,1900-01-00 00:00:00,dlink-615_EXT,40:86:CB:27:D2:0C,-19, WPA2 ,0.000000,0.000000,0.000,0.000,AP
2026-05-15 07:35:32,1900-01-00 00:00:00,,9C:2F:9D:82:20:A3,-19,,0.000000,0.000000,0.000,0.000,Client
2026-05-15 07:35:32,1900-01-00 00:00:00,dlink-615_EXT,40:86:CB:27:D2:0C,-19, WPA2 ,0.000000,0.000000,0.000,0.000,AP
2026-05-15 07:35:32,1900-01-00 00:00:00,,9C:2F:9D:82:20:A3,-19,,0.000000,0.000000,0.000,0.000,Client
2026-05-15 07:35:32,1900-01-00 00:00:00,dlink-615_EXT,40:86:CB:27:D2:0C,-19, WPA2 ,0.000000,0.000000,0.000,0.000,AP
2026-05-15 07:35:32,1900-01-00 00:00:00,,9C:2F:9D:82:20:A3,-19,,0.000000,0.000000,0.000,0.000,Client
2026-05-15 07:35:32,1900-01-00 00:00:00,dlink-615_EXT,40:86:CB:27:D2:0C,-19, WPA2 ,0.000000,0.000000,0.000,0.000,AP
2026-05-15 07:35:32,1900-01-00 00:00:00,,9C:2F:9D:82:20:A3,-19,,0.000000,0.000000,0.000,0.000,Client
2026-05-15 07:35:32,1900-01-00 00:00:00,dlink-615_EXT,40:86:CB:27:D2:0C,-19, WPA2 ,0.000000,0.000000,0.000,0.000,AP
2026-05-15 07:35:32,1900-01-00 00:00:00,,9C:2F:9D:82:20:A3,-19,,0.000000,0.000000,0.000,0.000,Client
2026-05-15 07:35:32,1900-01-00 00:00:00,dlink-615_EXT,40:86:CB:27:D2:0C,-19, WPA2 ,0.000000,0.000000,0.000,0.000,AP
2026-05-15 07:35:32,1900-01-00 00:00:00,,9C:2F:9D:82:20:A3,-19,,0.000000,0.000000,0.000,0.000,Client
2026-05-15 07:35:32,1900-01-00 00:00:00,dlink-615_EXT,40:86:CB:27:D2:0C,-19, WPA2 ,0.000000,0.000000,0.000,0.000,AP
2026-05-15 07:35:32,1900-01-00 00:00:00,,9C:2F:9D:82:20:A3,-19,,0.000000,0.000000,0.000,0.000,Client
2026-05-15 07:35:32,1900-01-00 00:00:00,dlink-615_EXT,40:86:CB:27:D2:0C,-19, WPA2 ,0.000000,0.000000,0.000,0.000,AP
2026-05-15 07:35:32,1900-01-00 00:00:00,,9C:2F:9D:82:20:A3,-19,,0.000000,0.000000,0.000,0.000,Client
2026-05-15 07:35:32,1900-01-00 00:00:00,dlink-615_EXT,40:86:CB:27:D2:0C,-19, WPA2 ,0.000000,0.000000,0.000,0.000,AP
2026-05-15 07:35:32,1900-01-00 00:00:00,,9C:2F:9D:82:20:A3,-19,,0.000000,0.000000,0.000,0.000,Client
2026-05-15 07:35:32,1900-01-00 00:00:00,dlink-615_EXT,40:86:CB:27:D2:0C,-19, WPA2 ,0.000000,0.000000,0.000,0.000,AP
2026-05-15 07:35:32,1900-01-00 00:00:00,,9C:2F:9D:82:20:A3,-19,,0.000000,0.000000,0.000,0.000,Client
2026-05-15 07:35:32,1900-01-00 00:00:00,dlink-615_EXT,40:86:CB:27:D2:0C,-19, WPA2 ,0.000000,0.000000,0.000,0.000,AP
2026-05-15 07:35:32,1900-01-00 00:00:00,,9C:2F:9D:82:20:A3,-19,,0.000000,0.000000,0.000,0.000,Client
2026-05-15 07:35:32,1900-01-00 00:00:00,dlink-615_EXT,40:86:CB:27:D2:0C,-19, WPA2 ,0.000000,0.000000,0.000,0.000,AP
2026-05-15 07:35:32,1900-01-00 00:00:00,,9C:2F:9D:82:20:A3,-19,,0.000000,0.000000,0.000,0.000,Client
2026-05-15 07:35:32,1900-01-00 00:00:00,dlink-615_EXT,40:86:CB:27:D2:0C,-19, WPA2 ,0.000000,0.000000,0.000,0.000,AP
2026-05-15 07:35:32,1900-01-00 00:00:00,,9C:2F:9D:82:20:A3,-19,,0.000000,0.000000,0.000,0.000,Client
2026-05-15 07:35:32,1900-01-00 00:00:00,dlink-615_EXT,40:86:CB:27:D2:0C,-19, WPA2 ,0.000000,0.000000,0.000,0.000,AP
2026-05-15 07:35:32,1900-01-00 00:00:00,,9C:2F:9D:82:20:A3,-19,,0.000000,0.000000,0.000,0.000,Client
2026-05-15 07:35:32,1900-01-00 00:00:00,dlink-615_EXT,40:86:CB:27:D2:0C,-19, WPA2 ,0.000000,0.000000,0.000,0.000,AP
2026-05-15 07:35:32,1900-01-00 00:00:00,,9C:2F:9D:82:20:A3,-19,,0.000000,0.000000,0.000,0.000,Client
2026-05-15 07:35:32,1900-01-00 00:00:00,dlink-615_EXT,40:86:CB:27:D2:0C,-19, WPA2 ,0.000000,0.000000,0.000,0.000,AP
2026-05-15 07:35:32,1900-01-00 00:00:00,,9C:2F:9D:82:20:A3,-19,,0.000000,0.000000,0.000,0.000,Client
2026-05-15 07:35:32,1900-01-00 00:00:00,dlink-615_EXT,40:86:CB:27:D2:0C,-19, WPA2 ,0.000000,0.000000,0.000,0.000,AP
2026-05-15 07:35:32,1900-01-00 00:00:00,,9C:2F:9D:82:20:A3,-19,,0.000000,0.000000,0.000,0.000,Client
2026-05-15 07:35:32,1900-01-00 00:00:00,dlink-615_EXT,40:86:CB:27:D2:0C,-19, WPA2 ,0.000000,0.000000,0.000,0.000,AP
2026-05-15 07:35:32,1900-01-00 00:00:00,,9C:2F:9D:82:20:A3,-19,,0.000000,0.000000,0.000,0.000,Client
2026-05-15 07:35:32,1900-01-00 00:00:00,dlink-615_EXT,40:86:CB:27:D2:0C,-19, WPA2 ,0.000000,0.000000,0.000,0.000,AP
2026-05-15 07:35:32,1900-01-00 00:00:00,,9C:2F:9D:82:20:A3,-19,,0.000000,0.000000,0.000,0.000,Client
2026-05-15 07:35:32,1900-01-00 00:00:00,dlink-615_EXT,40:86:CB:27:D2:0C,-19, WPA2 ,0.000000,0.000000,0.000,0.000,AP
2026-05-15 07:35:32,1900-01-00 00:00:00,,9C:2F:9D:82:20:A3,-19,,0.000000,0.000000,0.000,0.000,Client
2026-05-15 07:35:32,1900-01-00 00:00:00,dlink-615_EXT,40:86:CB:27:D2:0C,-21, WPA2 ,0.000000,0.000000,0.000,0.000,AP
2026-05-15 07:35:32,1900-01-00 00:00:00,,9C:2F:9D:82:20:A3,-21,,0.000000,0.000000,0.000,0.000,Client
2026-05-15 07:35:32,1900-01-00 00:00:00,dlink-615_EXT,40:86:CB:27:D2:0C,-19, WPA2 ,0.000000,0.000000,0.000,0.000,AP
2026-05-15 07:35:32,1900-01-00 00:00:00,,9C:2F:9D:82:20:A3,-19,,0.000000,0.000000,0.000,0.000,Client
2026-05-15 07:35:32,1900-01-00 00:00:00,dlink-615_EXT,40:86:CB:27:D2:0C,-19, WPA2 ,0.000000,0.000000,0.000,0.000,AP
2026-05-15 07:35:32,1900-01-00 00:00:00,,9C:2F:9D:82:20:A3,-19,,0.000000,0.000000,0.000,0.000,Client
2026-05-15 07:35:32,1900-01-00 00:00:00,dlink-615_EXT,40:86:CB:27:D2:0C,-19, WPA2 ,0.000000,0.000000,0.000,0.000,AP
2026-05-15 07:35:32,1900-01-00 00:00:00,,9C:2F:9D:82:20:A3,-19,,0.000000,0.000000,0.000,0.000,Client
2026-05-15 07:35:32,1900-01-00 00:00:00,dlink-615_EXT,40:86:CB:27:D2:0C,-17, WPA2 ,0.000000,0.000000,0.000,0.000,AP
2026-05-15 07:35:32,1900-01-00 00:00:00,,9C:2F:9D:82:20:A3,-17,,0.000000,0.000000,0.000,0.000,Client
2026-05-15 07:35:32,1900-01-00 00:00:00,dlink-615_EXT,40:86:CB:27:D2:0C,-21, WPA2 ,0.000000,0.000000,0.000,0.000,AP
2026-05-15 07:35:32,1900-01-00 00:00:00,,9C:2F:9D:82:20:A3,-21,,0.000000,0.000000,0.000,0.000,Client
2026-05-15 07:35:32,1900-01-00 00:00:00,dlink-615_EXT,40:86:CB:27:D2:0C,-19, WPA2 ,0.000000,0.000000,0.000,0.000,AP
2026-05-15 07:35:32,1900-01-00 00:00:00,,9C:2F:9D:82:20:A3,-19,,0.000000,0.000000,0.000,0.000,Client
2026-05-15 07:35:32,1900-01-00 00:00:00,dlink-615_EXT,40:86:CB:27:D2:0C,-19, WPA2 ,0.000000,0.000000,0.000,0.000,AP
2026-05-15 07:35:32,1900-01-00 00:00:00,,9C:2F:9D:82:20:A3,-19,,0.000000,0.000000,0.000,0.000,Client
2026-05-15 07:35:32,1900-01-00 00:00:00,dlink-615_EXT,40:86:CB:27:D2:0C,-19, WPA2 ,0.000000,0.000000,0.000,0.000,AP
2026-05-15 07:35:32,1900-01-00 00:00:00,,9C:2F:9D:82:20:A3,-19,,0.000000,0.000000,0.000,0.000,Client
2026-05-15 07:35:32,1900-01-00 00:00:00,dlink-615_EXT,40:86:CB:27:D2:0C,-19, WPA2 ,0.000000,0.000000,0.000,0.000,AP
2026-05-15 07:35:32,1900-01-00 00:00:00,,9C:2F:9D:82:20:A3,-19,,0.000000,0.000000,0.000,0.000,Client
2026-05-15 07:35:32,1900-01-00 00:00:00,dlink-615_EXT,40:86:CB:27:D2:0C,-19, WPA2 ,0.000000,0.000000,0.000,0.000,AP
2026-05-15 07:35:32,1900-01-00 00:00:00,,9C:2F:9D:82:20:A3,-19,,0.000000,0.000000,0.000,0.000,Client
2026-05-15 07:35:32,1900-01-00 00:00:00,dlink-615_EXT,40:86:CB:27:D2:0C,-19, WPA2 ,0.000000,0.000000,0.000,0.000,AP
2026-05-15 07:35:32,1900-01-00 00:00:00,,9C:2F:9D:82:20:A3,-19,,0.000000,0.000000,0.000,0.000,Client
2026-05-15 07:35:32,1900-01-00 00:00:00,dlink-615_EXT,40:86:CB:27:D2:0C,-19, WPA2 ,0.000000,0.000000,0.000,0.000,AP
2026-05-15 07:35:32,1900-01-00 00:00:00,,9C:2F:9D:82:20:A3,-19,,0.000000,0.000000,0.000,0.000,Client
2026-05-15 07:35:32,1900-01-00 00:00:00,dlink-615_EXT,40:86:CB:27:D2:0C,-19, WPA2 ,0.000000,0.000000,0.000,0.000,AP
2026-05-15 07:35:32,1900-01-00 00:00:00,,9C:2F:9D:82:20:A3,-19,,0.000000,0.000000,0.000,0.000,Client
2026-05-15 07:35:32,1900-01-00 00:00:00,dlink-615_EXT,40:86:CB:27:D2:0C,-19, WPA2 ,0.000000,0.000000,0.000,0.000,AP
2026-05-15 07:35:32,1900-01-00 00:00:00,,9C:2F:9D:82:20:A3,-19,,0.000000,0.000000,0.000,0.000,Client
2026-05-15 07:35:32,1900-01-00 00:00:00,dlink-615_EXT,40:86:CB:27:D2:0C,-19, WPA2 ,0.000000,0.000000,0.000,0.000,AP
2026-05-15 07:35:32,1900-01-00 00:00:00,,9C:2F:9D:82:20:A3,-19,,0.000000,0.000000,0.000,0.000,Client
2026-05-15 07:35:32,1900-01-00 00:00:00,dlink-615_EXT,40:86:CB:27:D2:0C,-19, WPA2 ,0.000000,0.000000,0.000,0.000,AP
2026-05-15 07:35:32,1900-01-00 00:00:00,,9C:2F:9D:82:20:A3,-19,,0.000000,0.000000,0.000,0.000,Client
2026-05-15 07:35:32,1900-01-00 00:00:00,dlink-615_EXT,40:86:CB:27:D2:0C,-19, WPA2 ,0.000000,0.000000,0.000,0.000,AP
2026-05-15 07:35:32,1900-01-00 00:00:00,,9C:2F:9D:82:20:A3,-19,,0.000000,0.000000,0.000,0.000,Client
2026-05-15 07:35:32,1900-01-00 00:00:00,dlink-615_EXT,40:86:CB:27:D2:0C,-19, WPA2 ,0.000000,0.000000,0.000,0.000,AP
2026-05-15 07:35:32,1900-01-00 00:00:00,,9C:2F:9D:82:20:A3,-19,,0.000000,0.000000,0.000,0.000,Client
2026-05-15 07:35:32,1900-01-00 00:00:00,dlink-615_EXT,40:86:CB:27:D2:0C,-19, WPA2 ,0.000000,0.000000,0.000,0.000,AP
2026-05-15 07:35:32,1900-01-00 00:00:00,,9C:2F:9D:82:20:A3,-19,,0.000000,0.000000,0.000,0.000,Client
2026-05-15 07:35:32,1900-01-00 00:00:00,dlink-615_EXT,40:86:CB:27:D2:0C,-19, WPA2 ,0.000000,0.000000,0.000,0.000,AP
2026-05-15 07:35:32,1900-01-00 00:00:00,,9C:2F:9D:82:20:A3,-19,,0.000000,0.000000,0.000,0.000,Client
2026-05-15 07:35:32,1900-01-00 00:00:00,dlink-615_EXT,40:86:CB:27:D2:0C,-19, WPA2 ,0.000000,0.000000,0.000,0.000,AP
2026-05-15 07:35:32,1900-01-00 00:00:00,,9C:2F:9D:82:20:A3,-19,,0.000000,0.000000,0.000,0.000,Client
2026-05-15 07:35:32,1900-01-00 00:00:00,dlink-615_EXT,40:86:CB:27:D2:0C,-19, WPA2 ,0.000000,0.000000,0.000,0.000,AP
2026-05-15 07:35:32,1900-01-00 00:00:00,,9C:2F:9D:82:20:A3,-19,,0.000000,0.000000,0.000,0.000,Client
2026-05-15 07:35:32,1900-01-00 00:00:00,dlink-615_EXT,40:86:CB:27:D2:0C,-19, WPA2 ,0.000000,0.000000,0.000,0.000,AP
2026-05-15 07:35:32,1900-01-00 00:00:00,,9C:2F:9D:82:20:A3,-19,,0.000000,0.000000,0.000,0.000,Client
2026-05-15 07:35:32,1900-01-00 00:00:00,dlink-615_EXT,40:86:CB:27:D2:0C,-19, WPA2 ,0.000000,0.000000,0.000,0.000,AP
2026-05-15 07:35:32,1900-01-00 00:00:00,,9C:2F:9D:82:20:A3,-19,,0.000000,0.000000,0.000,0.000,Client
2026-05-15 07:35:32,1900-01-00 00:00:00,dlink-615_EXT,40:86:CB:27:D2:0C,-19, WPA2 ,0.000000,0.000000,0.000,0.000,AP
2026-05-15 07:35:32,1900-01-00 00:00:00,,9C:2F:9D:82:20:A3,-19,,0.000000,0.000000,0.000,0.000,Client
2026-05-15 07:35:32,1900-01-00 00:00:00,dlink-615_EXT,40:86:CB:27:D2:0C,-19, WPA2 ,0.000000,0.000000,0.000,0.000,AP
2026-05-15 07:35:32,1900-01-00 00:00:00,,9C:2F:9D:82:20:A3,-19,,0.000000,0.000000,0.000,0.000,Client
2026-05-15 07:35:32,1900-01-00 00:00:00,dlink-615_EXT,40:86:CB:27:D2:0C,-19, WPA2 ,0.000000,0.000000,0.000,0.000,AP
2026-05-15 07:35:32,1900-01-00 00:00:00,,9C:2F:9D:82:20:A3,-19,,0.000000,0.000000,0.000,0.000,Client
2026-05-15 07:35:32,1900-01-00 00:00:00,dlink-615_EXT,40:86:CB:27:D2:0C,-19, WPA2 ,0.000000,0.000000,0.000,0.000,AP
2026-05-15 07:35:32,1900-01-00 00:00:00,,9C:2F:9D:82:20:A3,-19,,0.000000,0.000000,0.000,0.000,Client
2026-05-15 07:35:32,1900-01-00 00:00:00,dlink-615_EXT,40:86:CB:27:D2:0C,-19, WPA2 ,0.000000,0.000000,0.000,0.000,AP
2026-05-15 07:35:32,1900-01-00 00:00:00,,9C:2F:9D:82:20:A3,-19,,0.000000,0.000000,0.000,0.000,Client
2026-05-15 07:35:32,1900-01-00 00:00:00,dlink-615_EXT,40:86:CB:27:D2:0C,-19, WPA2 ,0.000000,0.000000,0.000,0.000,AP
2026-05-15 07:35:32,1900-01-00 00:00:00,,9C:2F:9D:82:20:A3,-19,,0.000000,0.000000,0.000,0.000,Client
2026-05-15 07:35:32,1900-01-00 00:00:00,dlink-615_EXT,40:86:CB:27:D2:0C,-19, WPA2 ,0.000000,0.000000,0.000,0.000,AP
2026-05-15 07:35:32,1900-01-00 00:00:00,,9C:2F:9D:82:20:A3,-19,,0.000000,0.000000,0.000,0.000,Client
2026-05-15 07:35:32,1900-01-00 00:00:00,dlink-615_EXT,40:86:CB:27:D2:0C,-19, WPA2 ,0.000000,0.000000,0.000,0.000,AP
2026-05-15 07:35:32,1900-01-00 00:00:00,,9C:2F:9D:82:20:A3,-19,,0.000000,0.000000,0.000,0.000,Client
2026-05-15 07:35:32,1900-01-00 00:00:00,dlink-615_EXT,40:86:CB:27:D2:0C,-19, WPA2 ,0.000000,0.000000,0.000,0.000,AP
2026-05-15 07:35:32,1900-01-00 00:00:00,,9C:2F:9D:82:20:A3,-19,,0.000000,0.000000,0.000,0.000,Client
2026-05-15 07:35:32,1900-01-00 00:00:00,dlink-615_EXT,40:86:CB:27:D2:0C,-19, WPA2 ,0.000000,0.000000,0.000,0.000,AP
2026-05-15 07:35:32,1900-01-00 00:00:00,,9C:2F:9D:82:20:A3,-19,,0.000000,0.000000,0.000,0.000,Client
2026-05-15 07:35:32,1900-01-00 00:00:00,dlink-615_EXT,40:86:CB:27:D2:0C,-19, WPA2 ,0.000000,0.000000,0.000,0.000,AP
2026-05-15 07:35:32,1900-01-00 00:00:00,,9C:2F:9D:82:20:A3,-19,,0.000000,0.000000,0.000,0.000,Client
2026-05-15 07:35:32,1900-01-00 00:00:00,dlink-615_EXT,40:86:CB:27:D2:0C,-19, WPA2 ,0.000000,0.000000,0.000,0.000,AP
2026-05-15 07:35:32,1900-01-00 00:00:00,,9C:2F:9D:82:20:A3,-19,,0.000000,0.000000,0.000,0.000,Client
2026-05-15 07:35:32,1900-01-00 00:00:00,dlink-615_EXT,40:86:CB:27:D2:0C,-19, WPA2 ,0.000000,0.000000,0.000,0.000,AP
2026-05-15 07:35:32,1900-01-00 00:00:00,,9C:2F:9D:82:20:A3,-19,,0.000000,0.000000,0.000,0.000,Client
2026-05-15 07:35:32,1900-01-00 00:00:00,dlink-615_EXT,40:86:CB:27:D2:0C,-19, WPA2 ,0.000000,0.000000,0.000,0.000,AP
2026-05-15 07:35:32,1900-01-00 00:00:00,,9C:2F:9D:82:20:A3,-19,,0.000000,0.000000,0.000,0.000,Client
2026-05-15 07:35:32,1900-01-00 00:00:00,dlink-615_EXT,40:86:CB:27:D2:0C,-19, WPA2 ,0.000000,0.000000,0.000,0.000,AP
2026-05-15 07:35:32,1900-01-00 00:00:00,,9C:2F:9D:82:20:A3,-19,,0.000000,0.000000,0.000,0.000,Client
2026-05-15 07:35:32,1900-01-00 00:00:00,dlink-615_EXT,40:86:CB:27:D2:0C,-19, WPA2 ,0.000000,0.000000,0.000,0.000,AP
2026-05-15 07:35:32,1900-01-00 00:00:00,,9C:2F:9D:82:20:A3,-19,,0.000000,0.000000,0.000,0.000,Client
2026-05-15 07:35:32,1900-01-00 00:00:00,dlink-615_EXT,40:86:CB:27:D2:0C,-19, WPA2 ,0.000000,0.000000,0.000,0.000,AP
2026-05-15 07:35:32,1900-01-00 00:00:00,,9C:2F:9D:82:20:A3,-19,,0.000000,0.000000,0.000,0.000,Client
2026-05-15 07:35:32,1900-01-00 00:00:00,dlink-615_EXT,40:86:CB:27:D2:0C,-19, WPA2 ,0.000000,0.000000,0.000,0.000,AP
2026-05-15 07:35:32,1900-01-00 00:00:00,,9C:2F:9D:82:20:A3,-19,,0.000000,0.000000,0.000,0.000,Client
2026-05-15 07:35:32,1900-01-00 00:00:00,dlink-615_EXT,40:86:CB:27:D2:0C,-19, WPA2 ,0.000000,0.000000,0.000,0.000,AP
2026-05-15 07:35:32,1900-01-00 00:00:00,,9C:2F:9D:82:20:A3,-19,,0.000000,0.000000,0.000,0.000,Client
2026-05-15 07:35:32,1900-01-00 00:00:00,dlink-615_EXT,40:86:CB:27:D2:0C,-19, WPA2 ,0.000000,0.000000,0.000,0.000,AP
2026-05-15 07:35:32,1900-01-00 00:00:00,,9C:2F:9D:82:20:A3,-19,,0.000000,0.000000,0.000,0.000,Client
2026-05-15 07:35:32,1900-01-00 00:00:00,dlink-615_EXT,40:86:CB:27:D2:0C,-19, WPA2 ,0.000000,0.000000,0.000,0.000,AP
2026-05-15 07:35:32,1900-01-00 00:00:00,,9C:2F:9D:82:20:A3,-19,,0.000000,0.000000,0.000,0.000,Client
2026-05-15 07:35:32,1900-01-00 00:00:00,dlink-615_EXT,40:86:CB:27:D2:0C,-19, WPA2 ,0.000000,0.000000,0.000,0.000,AP
2026-05-15 07:35:32,1900-01-00 00:00:00,,9C:2F:9D:82:20:A3,-19,,0.000000,0.000000,0.000,0.000,Client
2026-05-15 07:35:32,1900-01-00 00:00:00,dlink-615_EXT,40:86:CB:27:D2:0C,-19, WPA2 ,0.000000,0.000000,0.000,0.000,AP
2026-05-15 07:35:32,1900-01-00 00:00:00,,9C:2F:9D:82:20:A3,-19,,0.000000,0.000000,0.000,0.000,Client
2026-05-15 07:35:32,1900-01-00 00:00:00,dlink-615_EXT,40:86:CB:27:D2:0C,-19, WPA2 ,0.000000,0.000000,0.000,0.000,AP
2026-05-15 07:35:32,1900-01-00 00:00:00,,9C:2F:9D:82:20:A3,-19,,0.000000,0.000000,0.000,0.000,Client
2026-05-15 07:35:32,1900-01-00 00:00:00,dlink-615_EXT,40:86:CB:27:D2:0C,-19, WPA2 ,0.000000,0.000000,0.000,0.000,AP
2026-05-15 07:35:32,1900-01-00 00:00:00,,9C:2F:9D:82:20:A3,-19,,0.000000,0.000000,0.000,0.000,Client
2026-05-15 07:35:32,1900-01-00 00:00:00,dlink-615_EXT,40:86:CB:27:D2:0C,-19, WPA2 ,0.000000,0.000000,0.000,0.000,AP
2026-05-15 07:35:32,1900-01-00 00:00:00,,9C:2F:9D:82:20:A3,-19,,0.000000,0.000000,0.000,0.000,Client
2026-05-15 07:35:32,1900-01-00 00:00:00,dlink-615_EXT,40:86:CB:27:D2:0C,-19, WPA2 ,0.000000,0.000000,0.000,0.000,AP
2026-05-15 07:35:32,1900-01-00 00:00:00,,9C:2F:9D:82:20:A3,-19,,0.000000,0.000000,0.000,0.000,Client
2026-05-15 07:35:32,1900-01-00 00:00:00,dlink-615_EXT,40:86:CB:27:D2:0C,-19, WPA2 ,0.000000,0.000000,0.000,0.000,AP
2026-05-15 07:35:32,1900-01-00 00:00:00,,9C:2F:9D:82:20:A3,-19,,0.000000,0.000000,0.000,0.000,Client
2026-05-15 07:35:32,1900-01-00 00:00:00,dlink-615_EXT,40:86:CB:27:D2:0C,-19, WPA2 ,0.000000,0.000000,0.000,0.000,AP
2026-05-15 07:35:32,1900-01-00 00:00:00,,9C:2F:9D:82:20:A3,-19,,0.000000,0.000000,0.000,0.000,Client
2026-05-15 07:35:32,1900-01-00 00:00:00,dlink-615_EXT,40:86:CB:27:D2:0C,-19, WPA2 ,0.000000,0.000000,0.000,0.000,AP
2026-05-15 07:35:32,1900-01-00 00:00:00,,9C:2F:9D:82:20:A3,-19,,0.000000,0.000000,0.000,0.000,Client
2026-05-15 07:35:32,1900-01-00 00:00:00,dlink-615_EXT,40:86:CB:27:D2:0C,-19, WPA2 ,0.000000,0.000000,0.000,0.000,AP
2026-05-15 07:35:32,1900-01-00 00:00:00,,9C:2F:9D:82:20:A3,-19,,0.000000,0.000000,0.000,0.000,Client
2026-05-15 07:35:33,1900-01-00 00:00:00,dlink-615_EXT,40:86:CB:27:D2:0C,-59, WPA2 ,0.000000,0.000000,0.000,0.000,AP
2026-05-15 07:35:33,1900-01-00 00:00:00,dlink-615_EXT,40:86:CB:27:D2:0C,-61, WPA2 ,0.000000,0.000000,0.000,0.000,AP
2026-05-15 07:35:33,1900-01-00 00:00:00,dlink-615_EXT,40:86:CB:27:D2:0C,-63, WPA2 ,0.000000,0.000000,0.000,0.000,AP
2026-05-15 07:35:33,1900-01-00 00:00:00,,9C:2F:9D:82:20:A3,-21,,0.000000,0.000000,0.000,0.000,Client
2026-05-15 07:35:33,1900-01-00 00:00:00,dlink-615_EXT,40:86:CB:27:D2:0C,-19, WPA2 ,0.000000,0.000000,0.000,0.000,AP
2026-05-15 07:35:33,1900-01-00 00:00:00,,9C:2F:9D:82:20:A3,-19,,0.000000,0.000000,0.000,0.000,Client
2026-05-15 07:35:33,1900-01-00 00:00:00,dlink-615_EXT,40:86:CB:27:D2:0C,-19, WPA2 ,0.000000,0.000000,0.000,0.000,AP
2026-05-15 07:35:33,1900-01-00 00:00:00,,9C:2F:9D:82:20:A3,-19,,0.000000,0.000000,0.000,0.000,Client
2026-05-15 07:35:33,1900-01-00 00:00:00,dlink-615_EXT,40:86:CB:27:D2:0C,-17, WPA2 ,0.000000,0.000000,0.000,0.000,AP
2026-05-15 07:35:33,1900-01-00 00:00:00,,9C:2F:9D:82:20:A3,-21,,0.000000,0.000000,0.000,0.000,Client
2026-05-15 07:35:33,1900-01-00 00:00:00,dlink-615_EXT,40:86:CB:27:D2:0C,-21, WPA2 ,0.000000,0.000000,0.000,0.000,AP
2026-05-15 07:35:33,1900-01-00 00:00:00,,9C:2F:9D:82:20:A3,-21,,0.000000,0.000000,0.000,0.000,Client
2026-05-15 07:35:33,1900-01-00 00:00:00,dlink-615_EXT,40:86:CB:27:D2:0C,-19, WPA2 ,0.000000,0.000000,0.000,0.000,AP
2026-05-15 07:35:33,1900-01-00 00:00:00,,9C:2F:9D:82:20:A3,-23,,0.000000,0.000000,0.000,0.000,Client
2026-05-15 07:35:33,1900-01-00 00:00:00,dlink-615_EXT,40:86:CB:27:D2:0C,-19, WPA2 ,0.000000,0.000000,0.000,0.000,AP
2026-05-15 07:35:33,1900-01-00 00:00:00,,9C:2F:9D:82:20:A3,-21,,0.000000,0.000000,0.000,0.000,Client
2026-05-15 07:35:33,1900-01-00 00:00:00,dlink-615_EXT,40:86:CB:27:D2:0C,-17, WPA2 ,0.000000,0.000000,0.000,0.000,AP
2026-05-15 07:35:33,1900-01-00 00:00:00,,9C:2F:9D:82:20:A3,-25,,0.000000,0.000000,0.000,0.000,Client
2026-05-15 07:35:33,1900-01-00 00:00:00,dlink-615_EXT,40:86:CB:27:D2:0C,-19, WPA2 ,0.000000,0.000000,0.000,0.000,AP
2026-05-15 07:35:33,1900-01-00 00:00:00,,9C:2F:9D:82:20:A3,-21,,0.000000,0.000000,0.000,0.000,Client
2026-05-15 07:35:33,1900-01-00 00:00:00,dlink-615_EXT,40:86:CB:27:D2:0C,-19, WPA2 ,0.000000,0.000000,0.000,0.000,AP
2026-05-15 07:35:33,1900-01-00 00:00:00,,9C:2F:9D:82:20:A3,-19,,0.000000,0.000000,0.000,0.000,Client
2026-05-15 07:35:33,1900-01-00 00:00:00,dlink-615_EXT,40:86:CB:27:D2:0C,-19, WPA2 ,0.000000,0.000000,0.000,0.000,AP
2026-05-15 07:35:33,1900-01-00 00:00:00,,9C:2F:9D:82:20:A3,-21,,0.000000,0.000000,0.000,0.000,Client
2026-05-15 07:35:33,1900-01-00 00:00:00,dlink-615_EXT,40:86:CB:27:D2:0C,-21, WPA2 ,0.000000,0.000000,0.000,0.000,AP
2026-05-15 07:35:33,1900-01-00 00:00:00,,9C:2F:9D:82:20:A3,-21,,0.000000,0.000000,0.000,0.000,Client
2026-05-15 07:35:33,1900-01-00 00:00:00,dlink-615_EXT,40:86:CB:27:D2:0C,-21, WPA2 ,0.000000,0.000000,0.000,0.000,AP
2026-05-15 07:35:33,1900-01-00 00:00:00,,9C:2F:9D:82:20:A3,-21,,0.000000,0.000000,0.000,0.000,Client
2026-05-15 07:35:33,1900-01-00 00:00:00,dlink-615_EXT,40:86:CB:27:D2:0C,-21, WPA2 ,0.000000,0.000000,0.000,0.000,AP
2026-05-15 07:35:33,1900-01-00 00:00:00,,9C:2F:9D:82:20:A3,-21,,0.000000,0.000000,0.000,0.000,Client
2026-05-15 07:35:33,1900-01-00 00:00:00,dlink-615_EXT,40:86:CB:27:D2:0C,-21, WPA2 ,0.000000,0.000000,0.000,0.000,AP
2026-05-15 07:35:33,1900-01-00 00:00:00,,9C:2F:9D:82:20:A3,-21,,0.000000,0.000000,0.000,0.000,Client
2026-05-15 07:35:33,1900-01-00 00:00:00,dlink-615_EXT,40:86:CB:27:D2:0C,-21, WPA2 ,0.000000,0.000000,0.000,0.000,AP
2026-05-15 07:35:33,1900-01-00 00:00:00,,9C:2F:9D:82:20:A3,-21,,0.000000,0.000000,0.000,0.000,Client
2026-05-15 07:35:33,1900-01-00 00:00:00,dlink-615_EXT,40:86:CB:27:D2:0C,-21, WPA2 ,0.000000,0.000000,0.000,0.000,AP
2026-05-15 07:35:33,1900-01-00 00:00:00,,9C:2F:9D:82:20:A3,-21,,0.000000,0.000000,0.000,0.000,Client
2026-05-15 07:35:33,1900-01-00 00:00:00,dlink-615_EXT,40:86:CB:27:D2:0C,-21, WPA2 ,0.000000,0.000000,0.000,0.000,AP
2026-05-15 07:35:33,1900-01-00 00:00:00,,9C:2F:9D:82:20:A3,-21,,0.000000,0.000000,0.000,0.000,Client
2026-05-15 07:35:33,1900-01-00 00:00:00,dlink-615_EXT,40:86:CB:27:D2:0C,-21, WPA2 ,0.000000,0.000000,0.000,0.000,AP
2026-05-15 07:35:33,1900-01-00 00:00:00,,9C:2F:9D:82:20:A3,-21,,0.000000,0.000000,0.000,0.000,Client
2026-05-15 07:35:33,1900-01-00 00:00:00,dlink-615_EXT,40:86:CB:27:D2:0C,-21, WPA2 ,0.000000,0.000000,0.000,0.000,AP
2026-05-15 07:35:33,1900-01-00 00:00:00,,9C:2F:9D:82:20:A3,-21,,0.000000,0.000000,0.000,0.000,Client
2026-05-15 07:35:33,1900-01-00 00:00:00,dlink-615_EXT,40:86:CB:27:D2:0C,-21, WPA2 ,0.000000,0.000000,0.000,0.000,AP
2026-05-15 07:35:33,1900-01-00 00:00:00,,9C:2F:9D:82:20:A3,-21,,0.000000,0.000000,0.000,0.000,Client
2026-05-15 07:35:33,1900-01-00 00:00:00,dlink-615_EXT,40:86:CB:27:D2:0C,-21, WPA2 ,0.000000,0.000000,0.000,0.000,AP
2026-05-15 07:35:33,1900-01-00 00:00:00,,9C:2F:9D:82:20:A3,-21,,0.000000,0.000000,0.000,0.000,Client
2026-05-15 07:35:33,1900-01-00 00:00:00,dlink-615_EXT,40:86:CB:27:D2:0C,-21, WPA2 ,0.000000,0.000000,0.000,0.000,AP
2026-05-15 07:35:33,1900-01-00 00:00:00,,9C:2F:9D:82:20:A3,-21,,0.000000,0.000000,0.000,0.000,Client
2026-05-15 07:35:33,1900-01-00 00:00:00,dlink-615_EXT,40:86:CB:27:D2:0C,-21, WPA2 ,0.000000,0.000000,0.000,0.000,AP
2026-05-15 07:35:33,1900-01-00 00:00:00,,9C:2F:9D:82:20:A3,-21,,0.000000,0.000000,0.000,0.000,Client
2026-05-15 07:35:33,1900-01-00 00:00:00,dlink-615_EXT,40:86:CB:27:D2:0C,-21, WPA2 ,0.000000,0.000000,0.000,0.000,AP
2026-05-15 07:35:33,1900-01-00 00:00:00,,9C:2F:9D:82:20:A3,-25,,0.000000,0.000000,0.000,0.000,Client
2026-05-15 07:35:33,1900-01-00 00:00:00,dlink-615_EXT,40:86:CB:27:D2:0C,-21, WPA2 ,0.000000,0.000000,0.000,0.000,AP
2026-05-15 07:35:33,1900-01-00 00:00:00,,9C:2F:9D:82:20:A3,-25,,0.000000,0.000000,0.000,0.000,Client
2026-05-15 07:35:33,1900-01-00 00:00:00,dlink-615_EXT,40:86:CB:27:D2:0C,-25, WPA2 ,0.000000,0.000000,0.000,0.000,AP
2026-05-15 07:35:33,1900-01-00 00:00:00,,9C:2F:9D:82:20:A3,-25,,0.000000,0.000000,0.000,0.000,Client
2026-05-15 07:35:33,1900-01-00 00:00:00,dlink-615_EXT,40:86:CB:27:D2:0C,-25, WPA2 ,0.000000,0.000000,0.000,0.000,AP
2026-05-15 07:35:33,1900-01-00 00:00:00,,9C:2F:9D:82:20:A3,-25,,0.000000,0.000000,0.000,0.000,Client
2026-05-15 07:35:33,1900-01-00 00:00:00,dlink-615_EXT,40:86:CB:27:D2:0C,-25, WPA2 ,0.000000,0.000000,0.000,0.000,AP
2026-05-15 07:35:33,1900-01-00 00:00:00,,9C:2F:9D:82:20:A3,-25,,0.000000,0.000000,0.000,0.000,Client
2026-05-15 07:35:33,1900-01-00 00:00:00,dlink-615_EXT,40:86:CB:27:D2:0C,-25, WPA2 ,0.000000,0.000000,0.000,0.000,AP
2026-05-15 07:35:33,1900-01-00 00:00:00,,9C:2F:9D:82:20:A3,-25,,0.000000,0.000000,0.000,0.000,Client
2026-05-15 07:35:33,1900-01-00 00:00:00,dlink-615_EXT,40:86:CB:27:D2:0C,-25, WPA2 ,0.000000,0.000000,0.000,0.000,AP
2026-05-15 07:35:33,1900-01-00 00:00:00,,9C:2F:9D:82:20:A3,-25,,0.000000,0.000000,0.000,0.000,Client
2026-05-15 07:35:33,1900-01-00 00:00:00,dlink-615_EXT,40:86:CB:27:D2:0C,-25, WPA2 ,0.000000,0.000000,0.000,0.000,AP
2026-05-15 07:35:33,1900-01-00 00:00:00,,9C:2F:9D:82:20:A3,-25,,0.000000,0.000000,0.000,0.000,Client
2026-05-15 07:35:33,1900-01-00 00:00:00,dlink-615_EXT,40:86:CB:27:D2:0C,-25, WPA2 ,0.000000,0.000000,0.000,0.000,AP
2026-05-15 07:35:33,1900-01-00 00:00:00,,9C:2F:9D:82:20:A3,-25,,0.000000,0.000000,0.000,0.000,Client
2026-05-15 07:35:33,1900-01-00 00:00:00,dlink-615_EXT,40:86:CB:27:D2:0C,-25, WPA2 ,0.000000,0.000000,0.000,0.000,AP
2026-05-15 07:35:33,1900-01-00 00:00:00,,9C:2F:9D:82:20:A3,-25,,0.000000,0.000000,0.000,0.000,Client
2026-05-15 07:35:33,1900-01-00 00:00:00,dlink-615_EXT,40:86:CB:27:D2:0C,-25, WPA2 ,0.000000,0.000000,0.000,0.000,AP
2026-05-15 07:35:33,1900-01-00 00:00:00,,9C:2F:9D:82:20:A3,-25,,0.000000,0.000000,0.000,0.000,Client
2026-05-15 07:35:33,1900-01-00 00:00:00,dlink-615_EXT,40:86:CB:27:D2:0C,-25, WPA2 ,0.000000,0.000000,0.000,0.000,AP
2026-05-15 07:35:33,1900-01-00 00:00:00,,9C:2F:9D:82:20:A3,-25,,0.000000,0.000000,0.000,0.000,Client
2026-05-15 07:35:33,1900-01-00 00:00:00,dlink-615_EXT,40:86:CB:27:D2:0C,-25, WPA2 ,0.000000,0.000000,0.000,0.000,AP
2026-05-15 07:35:33,1900-01-00 00:00:00,,9C:2F:9D:82:20:A3,-25,,0.000000,0.000000,0.000,0.000,Client
2026-05-15 07:35:33,1900-01-00 00:00:00,dlink-615_EXT,40:86:CB:27:D2:0C,-25, WPA2 ,0.000000,0.000000,0.000,0.000,AP
2026-05-15 07:35:33,1900-01-00 00:00:00,,9C:2F:9D:82:20:A3,-25,,0.000000,0.000000,0.000,0.000,Client
2026-05-15 07:35:33,1900-01-00 00:00:00,dlink-615_EXT,40:86:CB:27:D2:0C,-25, WPA2 ,0.000000,0.000000,0.000,0.000,AP
2026-05-15 07:35:33,1900-01-00 00:00:00,,9C:2F:9D:82:20:A3,-25,,0.000000,0.000000,0.000,0.000,Client
2026-05-15 07:35:33,1900-01-00 00:00:00,dlink-615_EXT,40:86:CB:27:D2:0C,-25, WPA2 ,0.000000,0.000000,0.000,0.000,AP
2026-05-15 07:35:33,1900-01-00 00:00:00,,9C:2F:9D:82:20:A3,-25,,0.000000,0.000000,0.000,0.000,Client
2026-05-15 07:35:33,1900-01-00 00:00:00,dlink-615_EXT,40:86:CB:27:D2:0C,-25, WPA2 ,0.000000,0.000000,0.000,0.000,AP
2026-05-15 07:35:33,1900-01-00 00:00:00,,9C:2F:9D:82:20:A3,-25,,0.000000,0.000000,0.000,0.000,Client
2026-05-15 07:35:33,1900-01-00 00:00:00,dlink-615_EXT,40:86:CB:27:D2:0C,-25, WPA2 ,0.000000,0.000000,0.000,0.000,AP
2026-05-15 07:35:33,1900-01-00 00:00:00,,9C:2F:9D:82:20:A3,-25,,0.000000,0.000000,0.000,0.000,Client
2026-05-15 07:35:33,1900-01-00 00:00:00,dlink-615_EXT,40:86:CB:27:D2:0C,-25, WPA2 ,0.000000,0.000000,0.000,0.000,AP
2026-05-15 07:35:33,1900-01-00 00:00:00,,9C:2F:9D:82:20:A3,-25,,0.000000,0.000000,0.000,0.000,Client
2026-05-15 07:35:33,1900-01-00 00:00:00,dlink-615_EXT,40:86:CB:27:D2:0C,-25, WPA2 ,0.000000,0.000000,0.000,0.000,AP
2026-05-15 07:35:33,1900-01-00 00:00:00,,9C:2F:9D:82:20:A3,-25,,0.000000,0.000000,0.000,0.000,Client
2026-05-15 07:35:33,1900-01-00 00:00:00,dlink-615_EXT,40:86:CB:27:D2:0C,-25, WPA2 ,0.000000,0.000000,0.000,0.000,AP
2026-05-15 07:35:33,1900-01-00 00:00:00,,9C:2F:9D:82:20:A3,-25,,0.000000,0.000000,0.000,0.000,Client
2026-05-15 07:35:33,1900-01-00 00:00:00,dlink-615_EXT,40:86:CB:27:D2:0C,-25, WPA2 ,0.000000,0.000000,0.000,0.000,AP
2026-05-15 07:35:33,1900-01-00 00:00:00,,9C:2F:9D:82:20:A3,-25,,0.000000,0.000000,0.000,0.000,Client
2026-05-15 07:35:33,1900-01-00 00:00:00,dlink-615_EXT,40:86:CB:27:D2:0C,-25, WPA2 ,0.000000,0.000000,0.000,0.000,AP
2026-05-15 07:35:33,1900-01-00 00:00:00,,9C:2F:9D:82:20:A3,-25,,0.000000,0.000000,0.000,0.000,Client
2026-05-15 07:35:33,1900-01-00 00:00:00,dlink-615_EXT,40:86:CB:27:D2:0C,-25, WPA2 ,0.000000,0.000000,0.000,0.000,AP
2026-05-15 07:35:33,1900-01-00 00:00:00,,9C:2F:9D:82:20:A3,-25,,0.000000,0.000000,0.000,0.000,Client
2026-05-15 07:35:33,1900-01-00 00:00:00,dlink-615_EXT,40:86:CB:27:D2:0C,-25, WPA2 ,0.000000,0.000000,0.000,0.000,AP
2026-05-15 07:35:33,1900-01-00 00:00:00,,9C:2F:9D:82:20:A3,-25,,0.000000,0.000000,0.000,0.000,Client
2026-05-15 07:35:33,1900-01-00 00:00:00,dlink-615_EXT,40:86:CB:27:D2:0C,-25, WPA2 ,0.000000,0.000000,0.000,0.000,AP
2026-05-15 07:35:33,1900-01-00 00:00:00,,9C:2F:9D:82:20:A3,-25,,0.000000,0.000000,0.000,0.000,Client
2026-05-15 07:35:33,1900-01-00 00:00:00,dlink-615_EXT,40:86:CB:27:D2:0C,-25, WPA2 ,0.000000,0.000000,0.000,0.000,AP
2026-05-15 07:35:33,1900-01-00 00:00:00,,9C:2F:9D:82:20:A3,-25,,0.000000,0.000000,0.000,0.000,Client
2026-05-15 07:35:33,1900-01-00 00:00:00,dlink-615_EXT,40:86:CB:27:D2:0C,-25, WPA2 ,0.000000,0.000000,0.000,0.000,AP
2026-05-15 07:35:33,1900-01-00 00:00:00,,9C:2F:9D:82:20:A3,-25,,0.000000,0.000000,0.000,0.000,Client
2026-05-15 07:35:33,1900-01-00 00:00:00,dlink-615_EXT,40:86:CB:27:D2:0C,-25, WPA2 ,0.000000,0.000000,0.000,0.000,AP
2026-05-15 07:35:33,1900-01-00 00:00:00,,9C:2F:9D:82:20:A3,-25,,0.000000,0.000000,0.000,0.000,Client
2026-05-15 07:35:33,1900-01-00 00:00:00,dlink-615_EXT,40:86:CB:27:D2:0C,-25, WPA2 ,0.000000,0.000000,0.000,0.000,AP
2026-05-15 07:35:33,1900-01-00 00:00:00,,9C:2F:9D:82:20:A3,-25,,0.000000,0.000000,0.000,0.000,Client
2026-05-15 07:35:33,1900-01-00 00:00:00,dlink-615_EXT,40:86:CB:27:D2:0C,-25, WPA2 ,0.000000,0.000000,0.000,0.000,AP
2026-05-15 07:35:33,1900-01-00 00:00:00,,9C:2F:9D:82:20:A3,-25,,0.000000,0.000000,0.000,0.000,Client
2026-05-15 07:35:33,1900-01-00 00:00:00,dlink-615_EXT,40:86:CB:27:D2:0C,-25, WPA2 ,0.000000,0.000000,0.000,0.000,AP
2026-05-15 07:35:33,1900-01-00 00:00:00,,9C:2F:9D:82:20:A3,-25,,0.000000,0.000000,0.000,0.000,Client
2026-05-15 07:35:33,1900-01-00 00:00:00,dlink-615_EXT,40:86:CB:27:D2:0C,-25, WPA2 ,0.000000,0.000000,0.000,0.000,AP
2026-05-15 07:35:33,1900-01-00 00:00:00,,9C:2F:9D:82:20:A3,-25,,0.000000,0.000000,0.000,0.000,Client
2026-05-15 07:35:33,1900-01-00 00:00:00,dlink-615_EXT,40:86:CB:27:D2:0C,-25, WPA2 ,0.000000,0.000000,0.000,0.000,AP
2026-05-15 07:35:33,1900-01-00 00:00:00,,9C:2F:9D:82:20:A3,-25,,0.000000,0.000000,0.000,0.000,Client
2026-05-15 07:35:33,1900-01-00 00:00:00,dlink-615_EXT,40:86:CB:27:D2:0C,-25, WPA2 ,0.000000,0.000000,0.000,0.000,AP
2026-05-15 07:35:33,1900-01-00 00:00:00,,9C:2F:9D:82:20:A3,-25,,0.000000,0.000000,0.000,0.000,Client
2026-05-15 07:35:33,1900-01-00 00:00:00,dlink-615_EXT,40:86:CB:27:D2:0C,-25, WPA2 ,0.000000,0.000000,0.000,0.000,AP
2026-05-15 07:35:33,1900-01-00 00:00:00,,9C:2F:9D:82:20:A3,-25,,0.000000,0.000000,0.000,0.000,Client
2026-05-15 07:35:33,1900-01-00 00:00:00,dlink-615_EXT,40:86:CB:27:D2:0C,-25, WPA2 ,0.000000,0.000000,0.000,0.000,AP
2026-05-15 07:35:33,1900-01-00 00:00:00,,9C:2F:9D:82:20:A3,-25,,0.000000,0.000000,0.000,0.000,Client
2026-05-15 07:35:33,1900-01-00 00:00:00,dlink-615_EXT,40:86:CB:27:D2:0C,-25, WPA2 ,0.000000,0.000000,0.000,0.000,AP
2026-05-15 07:35:33,1900-01-00 00:00:00,,9C:2F:9D:82:20:A3,-25,,0.000000,0.000000,0.000,0.000,Client
2026-05-15 07:35:33,1900-01-00 00:00:00,dlink-615_EXT,40:86:CB:27:D2:0C,-25, WPA2 ,0.000000,0.000000,0.000,0.000,AP
2026-05-15 07:35:33,1900-01-00 00:00:00,,9C:2F:9D:82:20:A3,-25,,0.000000,0.000000,0.000,0.000,Client
2026-05-15 07:35:33,1900-01-00 00:00:00,dlink-615_EXT,40:86:CB:27:D2:0C,-25, WPA2 ,0.000000,0.000000,0.000,0.000,AP
2026-05-15 07:35:33,1900-01-00 00:00:00,,9C:2F:9D:82:20:A3,-25,,0.000000,0.000000,0.000,0.000,Client
2026-05-15 07:35:33,1900-01-00 00:00:00,dlink-615_EXT,40:86:CB:27:D2:0C,-25, WPA2 ,0.000000,0.000000,0.000,0.000,AP
2026-05-15 07:35:33,1900-01-00 00:00:00,,9C:2F:9D:82:20:A3,-25,,0.000000,0.000000,0.000,0.000,Client
2026-05-15 07:35:33,1900-01-00 00:00:00,dlink-615_EXT,40:86:CB:27:D2:0C,-23, WPA2 ,0.000000,0.000000,0.000,0.000,AP
2026-05-15 07:35:33,1900-01-00 00:00:00,,9C:2F:9D:82:20:A3,-23,,0.000000,0.000000,0.000,0.000,Client
2026-05-15 07:35:33,1900-01-00 00:00:00,dlink-615_EXT,40:86:CB:27:D2:0C,-23, WPA2 ,0.000000,0.000000,0.000,0.000,AP
2026-05-15 07:35:33,1900-01-00 00:00:00,,9C:2F:9D:82:20:A3,-19,,0.000000,0.000000,0.000,0.000,Client
2026-05-15 07:35:33,1900-01-00 00:00:00,dlink-615_EXT,40:86:CB:27:D2:0C,-19, WPA2 ,0.000000,0.000000,0.000,0.000,AP
2026-05-15 07:35:33,1900-01-00 00:00:00,,9C:2F:9D:82:20:A3,-19,,0.000000,0.000000,0.000,0.000,Client
2026-05-15 07:35:33,1900-01-00 00:00:00,dlink-615_EXT,40:86:CB:27:D2:0C,-19, WPA2 ,0.000000,0.000000,0.000,0.000,AP
2026-05-15 07:35:33,1900-01-00 00:00:00,,9C:2F:9D:82:20:A3,-19,,0.000000,0.000000,0.000,0.000,Client
2026-05-15 07:35:33,1900-01-00 00:00:00,dlink-615_EXT,40:86:CB:27:D2:0C,-19, WPA2 ,0.000000,0.000000,0.000,0.000,AP
2026-05-15 07:35:33,1900-01-00 00:00:00,,9C:2F:9D:82:20:A3,-19,,0.000000,0.000000,0.000,0.000,Client
2026-05-15 07:35:33,1900-01-00 00:00:00,dlink-615_EXT,40:86:CB:27:D2:0C,-19, WPA2 ,0.000000,0.000000,0.000,0.000,AP
2026-05-15 07:35:33,1900-01-00 00:00:00,,9C:2F:9D:82:20:A3,-19,,0.000000,0.000000,0.000,0.000,Client
2026-05-15 07:35:33,1900-01-00 00:00:00,dlink-615_EXT,40:86:CB:27:D2:0C,-19, WPA2 ,0.000000,0.000000,0.000,0.000,AP
2026-05-15 07:35:33,1900-01-00 00:00:00,,9C:2F:9D:82:20:A3,-19,,0.000000,0.000000,0.000,0.000,Client
2026-05-15 07:35:33,1900-01-00 00:00:00,dlink-615_EXT,40:86:CB:27:D2:0C,-19, WPA2 ,0.000000,0.000000,0.000,0.000,AP
2026-05-15 07:35:33,1900-01-00 00:00:00,,9C:2F:9D:82:20:A3,-19,,0.000000,0.000000,0.000,0.000,Client
2026-05-15 07:35:33,1900-01-00 00:00:00,dlink-615_EXT,40:86:CB:27:D2:0C,-19, WPA2 ,0.000000,0.000000,0.000,0.000,AP
2026-05-15 07:35:33,1900-01-00 00:00:00,,9C:2F:9D:82:20:A3,-19,,0.000000,0.000000,0.000,0.000,Client
2026-05-15 07:35:33,1900-01-00 00:00:00,dlink-615_EXT,40:86:CB:27:D2:0C,-21, WPA2 ,0.000000,0.000000,0.000,0.000,AP
2026-05-15 07:35:33,1900-01-00 00:00:00,,9C:2F:9D:82:20:A3,-21,,0.000000,0.000000,0.000,0.000,Client
2026-05-15 07:35:33,1900-01-00 00:00:00,dlink-615_EXT,40:86:CB:27:D2:0C,-21, WPA2 ,0.000000,0.000000,0.000,0.000,AP
2026-05-15 07:35:33,1900-01-00 00:00:00,,9C:2F:9D:82:20:A3,-21,,0.000000,0.000000,0.000,0.000,Client
2026-05-15 07:35:33,1900-01-00 00:00:00,dlink-615_EXT,40:86:CB:27:D2:0C,-19, WPA2 ,0.000000,0.000000,0.000,0.000,AP
2026-05-15 07:35:33,1900-01-00 00:00:00,,9C:2F:9D:82:20:A3,-19,,0.000000,0.000000,0.000,0.000,Client
2026-05-15 07:35:33,1900-01-00 00:00:00,dlink-615_EXT,40:86:CB:27:D2:0C,-17, WPA2 ,0.000000,0.000000,0.000,0.000,AP
2026-05-15 07:35:33,1900-01-00 00:00:00,,9C:2F:9D:82:20:A3,-17,,0.000000,0.000000,0.000,0.000,Client
2026-05-15 07:35:33,1900-01-00 00:00:00,dlink-615_EXT,40:86:CB:27:D2:0C,-17, WPA2 ,0.000000,0.000000,0.000,0.000,AP
2026-05-15 07:35:33,1900-01-00 00:00:00,,9C:2F:9D:82:20:A3,-17,,0.000000,0.000000,0.000,0.000,Client
2026-05-15 07:35:33,1900-01-00 00:00:00,dlink-615_EXT,40:86:CB:27:D2:0C,-19, WPA2 ,0.000000,0.000000,0.000,0.000,AP
2026-05-15 07:35:33,1900-01-00 00:00:00,,9C:2F:9D:82:20:A3,-19,,0.000000,0.000000,0.000,0.000,Client
2026-05-15 07:35:33,1900-01-00 00:00:00,dlink-615_EXT,40:86:CB:27:D2:0C,-19, WPA2 ,0.000000,0.000000,0.000,0.000,AP
2026-05-15 07:35:33,1900-01-00 00:00:00,,9C:2F:9D:82:20:A3,-19,,0.000000,0.000000,0.000,0.000,Client
2026-05-15 07:35:33,1900-01-00 00:00:00,dlink-615_EXT,40:86:CB:27:D2:0C,-21, WPA2 ,0.000000,0.000000,0.000,0.000,AP
2026-05-15 07:35:33,1900-01-00 00:00:00,,9C:2F:9D:82:20:A3,-21,,0.000000,0.000000,0.000,0.000,Client
2026-05-15 07:35:33,1900-01-00 00:00:00,dlink-615_EXT,40:86:CB:27:D2:0C,-19, WPA2 ,0.000000,0.000000,0.000,0.000,AP
2026-05-15 07:35:33,1900-01-00 00:00:00,,9C:2F:9D:82:20:A3,-19,,0.000000,0.000000,0.000,0.000,Client
2026-05-15 07:35:33,1900-01-00 00:00:00,dlink-615_EXT,40:86:CB:27:D2:0C,-19, WPA2 ,0.000000,0.000000,0.000,0.000,AP
2026-05-15 07:35:33,1900-01-00 00:00:00,,9C:2F:9D:82:20:A3,-19,,0.000000,0.000000,0.000,0.000,Client
2026-05-15 07:35:33,1900-01-00 00:00:00,dlink-615_EXT,40:86:CB:27:D2:0C,-21, WPA2 ,0.000000,0.000000,0.000,0.000,AP
2026-05-15 07:35:33,1900-01-00 00:00:00,,9C:2F:9D:82:20:A3,-21,,0.000000,0.000000,0.000,0.000,Client
2026-05-15 07:35:33,1900-01-00 00:00:00,dlink-615_EXT,40:86:CB:27:D2:0C,-19, WPA2 ,0.000000,0.000000,0.000,0.000,AP
2026-05-15 07:35:33,1900-01-00 00:00:00,,9C:2F:9D:82:20:A3,-19,,0.000000,0.000000,0.000,0.000,Client
2026-05-15 07:35:33,1900-01-00 00:00:00,dlink-615_EXT,40:86:CB:27:D2:0C,-19, WPA2 ,0.000000,0.000000,0.000,0.000,AP
2026-05-15 07:35:33,1900-01-00 00:00:00,,9C:2F:9D:82:20:A3,-19,,0.000000,0.000000,0.000,0.000,Client
2026-05-15 07:35:33,1900-01-00 00:00:00,dlink-615_EXT,40:86:CB:27:D2:0C,-19, WPA2 ,0.000000,0.000000,0.000,0.000,AP
2026-05-15 07:35:33,1900-01-00 00:00:00,,9C:2F:9D:82:20:A3,-19,,0.000000,0.000000,0.000,0.000,Client
2026-05-15 07:35:33,1900-01-00 00:00:00,dlink-615_EXT,40:86:CB:27:D2:0C,-19, WPA2 ,0.000000,0.000000,0.000,0.000,AP
2026-05-15 07:35:33,1900-01-00 00:00:00,,9C:2F:9D:82:20:A3,-19,,0.000000,0.000000,0.000,0.000,Client
2026-05-15 07:35:33,1900-01-00 00:00:00,dlink-615_EXT,40:86:CB:27:D2:0C,-19, WPA2 ,0.000000,0.000000,0.000,0.000,AP
2026-05-15 07:35:33,1900-01-00 00:00:00,,9C:2F:9D:82:20:A3,-19,,0.000000,0.000000,0.000,0.000,Client
2026-05-15 07:35:33,1900-01-00 00:00:00,dlink-615_EXT,40:86:CB:27:D2:0C,-21, WPA2 ,0.000000,0.000000,0.000,0.000,AP
2026-05-15 07:35:33,1900-01-00 00:00:00,,9C:2F:9D:82:20:A3,-21,,0.000000,0.000000,0.000,0.000,Client
2026-05-15 07:35:33,1900-01-00 00:00:00,dlink-615_EXT,40:86:CB:27:D2:0C,-21, WPA2 ,0.000000,0.000000,0.000,0.000,AP
2026-05-15 07:35:33,1900-01-00 00:00:00,,9C:2F:9D:82:20:A3,-21,,0.000000,0.000000,0.000,0.000,Client
2026-05-15 07:35:33,1900-01-00 00:00:00,dlink-615_EXT,40:86:CB:27:D2:0C,-21, WPA2 ,0.000000,0.000000,0.000,0.000,AP
2026-05-15 07:35:33,1900-01-00 00:00:00,,9C:2F:9D:82:20:A3,-21,,0.000000,0.000000,0.000,0.000,Client
2026-05-15 07:35:33,1900-01-00 00:00:00,dlink-615_EXT,40:86:CB:27:D2:0C,-21, WPA2 ,0.000000,0.000000,0.000,0.000,AP
2026-05-15 07:35:33,1900-01-00 00:00:00,,9C:2F:9D:82:20:A3,-21,,0.000000,0.000000,0.000,0.000,Client
2026-05-15 07:35:33,1900-01-00 00:00:00,dlink-615_EXT,40:86:CB:27:D2:0C,-19, WPA2 ,0.000000,0.000000,0.000,0.000,AP
2026-05-15 07:35:33,1900-01-00 00:00:00,,9C:2F:9D:82:20:A3,-19,,0.000000,0.000000,0.000,0.000,Client
2026-05-15 07:35:33,1900-01-00 00:00:00,dlink-615_EXT,40:86:CB:27:D2:0C,-19, WPA2 ,0.000000,0.000000,0.000,0.000,AP
2026-05-15 07:35:33,1900-01-00 00:00:00,,9C:2F:9D:82:20:A3,-19,,0.000000,0.000000,0.000,0.000,Client
2026-05-15 07:35:33,1900-01-00 00:00:00,dlink-615_EXT,40:86:CB:27:D2:0C,-19, WPA2 ,0.000000,0.000000,0.000,0.000,AP
2026-05-15 07:35:33,1900-01-00 00:00:00,,9C:2F:9D:82:20:A3,-19,,0.000000,0.000000,0.000,0.000,Client
2026-05-15 07:35:33,1900-01-00 00:00:00,dlink-615_EXT,40:86:CB:27:D2:0C,-19, WPA2 ,0.000000,0.000000,0.000,0.000,AP
2026-05-15 07:35:33,1900-01-00 00:00:00,,9C:2F:9D:82:20:A3,-19,,0.000000,0.000000,0.000,0.000,Client
2026-05-15 07:35:33,1900-01-00 00:00:00,dlink-615_EXT,40:86:CB:27:D2:0C,-19, WPA2 ,0.000000,0.000000,0.000,0.000,AP
2026-05-15 07:35:33,1900-01-00 00:00:00,,9C:2F:9D:82:20:A3,-19,,0.000000,0.000000,0.000,0.000,Client
2026-05-15 07:35:33,1900-01-00 00:00:00,dlink-615_EXT,40:86:CB:27:D2:0C,-19, WPA2 ,0.000000,0.000000,0.000,0.000,AP
2026-05-15 07:35:33,1900-01-00 00:00:00,,9C:2F:9D:82:20:A3,-19,,0.000000,0.000000,0.000,0.000,Client
2026-05-15 07:35:33,1900-01-00 00:00:00,dlink-615_EXT,40:86:CB:27:D2:0C,-19, WPA2 ,0.000000,0.000000,0.000,0.000,AP
2026-05-15 07:35:33,1900-01-00 00:00:00,,9C:2F:9D:82:20:A3,-19,,0.000000,0.000000,0.000,0.000,Client
2026-05-15 07:35:33,1900-01-00 00:00:00,dlink-615_EXT,40:86:CB:27:D2:0C,-21, WPA2 ,0.000000,0.000000,0.000,0.000,AP
2026-05-15 07:35:33,1900-01-00 00:00:00,,9C:2F:9D:82:20:A3,-21,,0.000000,0.000000,0.000,0.000,Client
2026-05-15 07:35:33,1900-01-00 00:00:00,dlink-615_EXT,40:86:CB:27:D2:0C,-21, WPA2 ,0.000000,0.000000,0.000,0.000,AP
2026-05-15 07:35:33,1900-01-00 00:00:00,,9C:2F:9D:82:20:A3,-21,,0.000000,0.000000,0.000,0.000,Client
2026-05-15 07:35:33,1900-01-00 00:00:00,dlink-615_EXT,40:86:CB:27:D2:0C,-21, WPA2 ,0.000000,0.000000,0.000,0.000,AP
2026-05-15 07:35:33,1900-01-00 00:00:00,,9C:2F:9D:82:20:A3,-21,,0.000000,0.000000,0.000,0.000,Client
2026-05-15 07:35:33,1900-01-00 00:00:00,dlink-615_EXT,40:86:CB:27:D2:0C,-19, WPA2 ,0.000000,0.000000,0.000,0.000,AP
2026-05-15 07:35:33,1900-01-00 00:00:00,,9C:2F:9D:82:20:A3,-19,,0.000000,0.000000,0.000,0.000,Client
2026-05-15 07:35:33,1900-01-00 00:00:00,dlink-615_EXT,40:86:CB:27:D2:0C,-19, WPA2 ,0.000000,0.000000,0.000,0.000,AP
2026-05-15 07:35:33,1900-01-00 00:00:00,,9C:2F:9D:82:20:A3,-19,,0.000000,0.000000,0.000,0.000,Client
2026-05-15 07:35:33,1900-01-00 00:00:00,dlink-615_EXT,40:86:CB:27:D2:0C,-19, WPA2 ,0.000000,0.000000,0.000,0.000,AP
2026-05-15 07:35:33,1900-01-00 00:00:00,,9C:2F:9D:82:20:A3,-19,,0.000000,0.000000,0.000,0.000,Client
2026-05-15 07:35:33,1900-01-00 00:00:00,dlink-615_EXT,40:86:CB:27:D2:0C,-19, WPA2 ,0.000000,0.000000,0.000,0.000,AP
2026-05-15 07:35:33,1900-01-00 00:00:00,,9C:2F:9D:82:20:A3,-19,,0.000000,0.000000,0.000,0.000,Client
2026-05-15 07:35:33,1900-01-00 00:00:00,dlink-615_EXT,40:86:CB:27:D2:0C,-19, WPA2 ,0.000000,0.000000,0.000,0.000,AP
2026-05-15 07:35:33,1900-01-00 00:00:00,,9C:2F:9D:82:20:A3,-19,,0.000000,0.000000,0.000,0.000,Client
2026-05-15 07:35:33,1900-01-00 00:00:00,dlink-615_EXT,40:86:CB:27:D2:0C,-19, WPA2 ,0.000000,0.000000,0.000,0.000,AP
2026-05-15 07:35:33,1900-01-00 00:00:00,,9C:2F:9D:82:20:A3,-23,,0.000000,0.000000,0.000,0.000,Client
2026-05-15 07:35:33,1900-01-00 00:00:00,dlink-615_EXT,40:86:CB:27:D2:0C,-21, WPA2 ,0.000000,0.000000,0.000,0.000,AP
2026-05-15 07:35:33,1900-01-00 00:00:00,,9C:2F:9D:82:20:A3,-23,,0.000000,0.000000,0.000,0.000,Client
2026-05-15 07:35:33,1900-01-00 00:00:00,dlink-615_EXT,40:86:CB:27:D2:0C,-21, WPA2 ,0.000000,0.000000,0.000,0.000,AP
2026-05-15 07:35:33,1900-01-00 00:00:00,,9C:2F:9D:82:20:A3,-23,,0.000000,0.000000,0.000,0.000,Client
2026-05-15 07:35:33,1900-01-00 00:00:00,dlink-615_EXT,40:86:CB:27:D2:0C,-23, WPA2 ,0.000000,0.000000,0.000,0.000,AP
2026-05-15 07:35:33,1900-01-00 00:00:00,,9C:2F:9D:82:20:A3,-23,,0.000000,0.000000,0.000,0.000,Client
2026-05-15 07:35:33,1900-01-00 00:00:00,dlink-615_EXT,40:86:CB:27:D2:0C,-23, WPA2 ,0.000000,0.000000,0.000,0.000,AP
2026-05-15 07:35:33,1900-01-00 00:00:00,,9C:2F:9D:82:20:A3,-23,,0.000000,0.000000,0.000,0.000,Client
2026-05-15 07:35:33,1900-01-00 00:00:00,dlink-615_EXT,40:86:CB:27:D2:0C,-23, WPA2 ,0.000000,0.000000,0.000,0.000,AP
2026-05-15 07:35:33,1900-01-00 00:00:00,,9C:2F:9D:82:20:A3,-23,,0.000000,0.000000,0.000,0.000,Client
2026-05-15 07:35:33,1900-01-00 00:00:00,dlink-615_EXT,40:86:CB:27:D2:0C,-19, WPA2 ,0.000000,0.000000,0.000,0.000,AP
2026-05-15 07:35:33,1900-01-00 00:00:00,,9C:2F:9D:82:20:A3,-19,,0.000000,0.000000,0.000,0.000,Client
2026-05-15 07:35:33,1900-01-00 00:00:00,dlink-615_EXT,40:86:CB:27:D2:0C,-19, WPA2 ,0.000000,0.000000,0.000,0.000,AP
2026-05-15 07:35:33,1900-01-00 00:00:00,,9C:2F:9D:82:20:A3,-19,,0.000000,0.000000,0.000,0.000,Client
2026-05-15 07:35:33,1900-01-00 00:00:00,dlink-615_EXT,40:86:CB:27:D2:0C,-19, WPA2 ,0.000000,0.000000,0.000,0.000,AP
2026-05-15 07:35:34,1900-01-00 00:00:00,,9C:2F:9D:82:20:A3,-19,,0.000000,0.000000,0.000,0.000,Client
2026-05-15 07:35:34,1900-01-00 00:00:00,dlink-615_EXT,40:86:CB:27:D2:0C,-19, WPA2 ,0.000000,0.000000,0.000,0.000,AP
2026-05-15 07:35:34,1900-01-00 00:00:00,,9C:2F:9D:82:20:A3,-19,,0.000000,0.000000,0.000,0.000,Client
2026-05-15 07:35:34,1900-01-00 00:00:00,dlink-615_EXT,40:86:CB:27:D2:0C,-19, WPA2 ,0.000000,0.000000,0.000,0.000,AP
2026-05-15 07:35:34,1900-01-00 00:00:00,,9C:2F:9D:82:20:A3,-19,,0.000000,0.000000,0.000,0.000,Client
2026-05-15 07:35:34,1900-01-00 00:00:00,dlink-615_EXT,40:86:CB:27:D2:0C,-19, WPA2 ,0.000000,0.000000,0.000,0.000,AP
2026-05-15 07:35:34,1900-01-00 00:00:00,,9C:2F:9D:82:20:A3,-19,,0.000000,0.000000,0.000,0.000,Client
2026-05-15 07:35:34,1900-01-00 00:00:00,dlink-615_EXT,40:86:CB:27:D2:0C,-19, WPA2 ,0.000000,0.000000,0.000,0.000,AP
2026-05-15 07:35:34,1900-01-00 00:00:00,,9C:2F:9D:82:20:A3,-19,,0.000000,0.000000,0.000,0.000,Client
2026-05-15 07:35:34,1900-01-00 00:00:00,dlink-615_EXT,40:86:CB:27:D2:0C,-19, WPA2 ,0.000000,0.000000,0.000,0.000,AP
2026-05-15 07:35:34,1900-01-00 00:00:00,,9C:2F:9D:82:20:A3,-19,,0.000000,0.000000,0.000,0.000,Client
2026-05-15 07:35:34,1900-01-00 00:00:00,dlink-615_EXT,40:86:CB:27:D2:0C,-19, WPA2 ,0.000000,0.000000,0.000,0.000,AP
2026-05-15 07:35:34,1900-01-00 00:00:00,,9C:2F:9D:82:20:A3,-19,,0.000000,0.000000,0.000,0.000,Client
2026-05-15 07:35:34,1900-01-00 00:00:00,dlink-615_EXT,40:86:CB:27:D2:0C,-19, WPA2 ,0.000000,0.000000,0.000,0.000,AP
2026-05-15 07:35:34,1900-01-00 00:00:00,,9C:2F:9D:82:20:A3,-19,,0.000000,0.000000,0.000,0.000,Client
2026-05-15 07:35:34,1900-01-00 00:00:00,dlink-615_EXT,40:86:CB:27:D2:0C,-19, WPA2 ,0.000000,0.000000,0.000,0.000,AP
2026-05-15 07:35:34,1900-01-00 00:00:00,,9C:2F:9D:82:20:A3,-19,,0.000000,0.000000,0.000,0.000,Client
2026-05-15 07:35:34,1900-01-00 00:00:00,dlink-615_EXT,40:86:CB:27:D2:0C,-19, WPA2 ,0.000000,0.000000,0.000,0.000,AP
2026-05-15 07:35:34,1900-01-00 00:00:00,,9C:2F:9D:82:20:A3,-19,,0.000000,0.000000,0.000,0.000,Client
2026-05-15 07:35:34,1900-01-00 00:00:00,dlink-615_EXT,40:86:CB:27:D2:0C,-19, WPA2 ,0.000000,0.000000,0.000,0.000,AP
2026-05-15 07:35:34,1900-01-00 00:00:00,,9C:2F:9D:82:20:A3,-19,,0.000000,0.000000,0.000,0.000,Client
2026-05-15 07:35:34,1900-01-00 00:00:00,dlink-615_EXT,40:86:CB:27:D2:0C,-19, WPA2 ,0.000000,0.000000,0.000,0.000,AP
2026-05-15 07:35:34,1900-01-00 00:00:00,,9C:2F:9D:82:20:A3,-19,,0.000000,0.000000,0.000,0.000,Client
2026-05-15 07:35:34,1900-01-00 00:00:00,dlink-615_EXT,40:86:CB:27:D2:0C,-19, WPA2 ,0.000000,0.000000,0.000,0.000,AP
2026-05-15 07:35:34,1900-01-00 00:00:00,,9C:2F:9D:82:20:A3,-19,,0.000000,0.000000,0.000,0.000,Client
2026-05-15 07:35:34,1900-01-00 00:00:00,dlink-615_EXT,40:86:CB:27:D2:0C,-19, WPA2 ,0.000000,0.000000,0.000,0.000,AP
2026-05-15 07:35:34,1900-01-00 00:00:00,,9C:2F:9D:82:20:A3,-19,,0.000000,0.000000,0.000,0.000,Client
2026-05-15 07:35:34,1900-01-00 00:00:00,dlink-615_EXT,40:86:CB:27:D2:0C,-19, WPA2 ,0.000000,0.000000,0.000,0.000,AP
2026-05-15 07:35:34,1900-01-00 00:00:00,,9C:2F:9D:82:20:A3,-19,,0.000000,0.000000,0.000,0.000,Client
2026-05-15 07:35:34,1900-01-00 00:00:00,dlink-615_EXT,40:86:CB:27:D2:0C,-19, WPA2 ,0.000000,0.000000,0.000,0.000,AP
2026-05-15 07:35:34,1900-01-00 00:00:00,,9C:2F:9D:82:20:A3,-19,,0.000000,0.000000,0.000,0.000,Client
2026-05-15 07:35:34,1900-01-00 00:00:00,dlink-615_EXT,40:86:CB:27:D2:0C,-19, WPA2 ,0.000000,0.000000,0.000,0.000,AP
2026-05-15 07:35:34,1900-01-00 00:00:00,,9C:2F:9D:82:20:A3,-19,,0.000000,0.000000,0.000,0.000,Client
2026-05-15 07:35:34,1900-01-00 00:00:00,dlink-615_EXT,40:86:CB:27:D2:0C,-19, WPA2 ,0.000000,0.000000,0.000,0.000,AP
2026-05-15 07:35:34,1900-01-00 00:00:00,,9C:2F:9D:82:20:A3,-19,,0.000000,0.000000,0.000,0.000,Client
2026-05-15 07:35:34,1900-01-00 00:00:00,dlink-615_EXT,40:86:CB:27:D2:0C,-19, WPA2 ,0.000000,0.000000,0.000,0.000,AP
2026-05-15 07:35:34,1900-01-00 00:00:00,,9C:2F:9D:82:20:A3,-19,,0.000000,0.000000,0.000,0.000,Client
2026-05-15 07:35:34,1900-01-00 00:00:00,dlink-615_EXT,40:86:CB:27:D2:0C,-19, WPA2 ,0.000000,0.000000,0.000,0.000,AP
2026-05-15 07:35:34,1900-01-00 00:00:00,,9C:2F:9D:82:20:A3,-19,,0.000000,0.000000,0.000,0.000,Client
2026-05-15 07:35:34,1900-01-00 00:00:00,dlink-615_EXT,40:86:CB:27:D2:0C,-19, WPA2 ,0.000000,0.000000,0.000,0.000,AP
2026-05-15 07:35:34,1900-01-00 00:00:00,,9C:2F:9D:82:20:A3,-19,,0.000000,0.000000,0.000,0.000,Client
2026-05-15 07:35:34,1900-01-00 00:00:00,dlink-615_EXT,40:86:CB:27:D2:0C,-19, WPA2 ,0.000000,0.000000,0.000,0.000,AP
2026-05-15 07:35:34,1900-01-00 00:00:00,,9C:2F:9D:82:20:A3,-19,,0.000000,0.000000,0.000,0.000,Client
2026-05-15 07:35:34,1900-01-00 00:00:00,dlink-615_EXT,40:86:CB:27:D2:0C,-19, WPA2 ,0.000000,0.000000,0.000,0.000,AP
2026-05-15 07:35:34,1900-01-00 00:00:00,,9C:2F:9D:82:20:A3,-19,,0.000000,0.000000,0.000,0.000,Client
2026-05-15 07:35:34,1900-01-00 00:00:00,dlink-615_EXT,40:86:CB:27:D2:0C,-19, WPA2 ,0.000000,0.000000,0.000,0.000,AP
2026-05-15 07:35:34,1900-01-00 00:00:00,,9C:2F:9D:82:20:A3,-19,,0.000000,0.000000,0.000,0.000,Client
2026-05-15 07:35:34,1900-01-00 00:00:00,dlink-615_EXT,40:86:CB:27:D2:0C,-19, WPA2 ,0.000000,0.000000,0.000,0.000,AP
2026-05-15 07:35:34,1900-01-00 00:00:00,,9C:2F:9D:82:20:A3,-19,,0.000000,0.000000,0.000,0.000,Client
2026-05-15 07:35:34,1900-01-00 00:00:00,dlink-615_EXT,40:86:CB:27:D2:0C,-19, WPA2 ,0.000000,0.000000,0.000,0.000,AP
2026-05-15 07:35:34,1900-01-00 00:00:00,,9C:2F:9D:82:20:A3,-19,,0.000000,0.000000,0.000,0.000,Client
2026-05-15 07:35:34,1900-01-00 00:00:00,dlink-615_EXT,40:86:CB:27:D2:0C,-19, WPA2 ,0.000000,0.000000,0.000,0.000,AP
2026-05-15 07:35:34,1900-01-00 00:00:00,,9C:2F:9D:82:20:A3,-19,,0.000000,0.000000,0.000,0.000,Client
2026-05-15 07:35:34,1900-01-00 00:00:00,dlink-615_EXT,40:86:CB:27:D2:0C,-19, WPA2 ,0.000000,0.000000,0.000,0.000,AP
2026-05-15 07:35:34,1900-01-00 00:00:00,,9C:2F:9D:82:20:A3,-19,,0.000000,0.000000,0.000,0.000,Client
2026-05-15 07:35:34,1900-01-00 00:00:00,dlink-615_EXT,40:86:CB:27:D2:0C,-19, WPA2 ,0.000000,0.000000,0.000,0.000,AP
2026-05-15 07:35:34,1900-01-00 00:00:00,,9C:2F:9D:82:20:A3,-19,,0.000000,0.000000,0.000,0.000,Client
2026-05-15 07:35:34,1900-01-00 00:00:00,dlink-615_EXT,40:86:CB:27:D2:0C,-19, WPA2 ,0.000000,0.000000,0.000,0.000,AP
2026-05-15 07:35:34,1900-01-00 00:00:00,,9C:2F:9D:82:20:A3,-19,,0.000000,0.000000,0.000,0.000,Client
2026-05-15 07:35:34,1900-01-00 00:00:00,dlink-615_EXT,40:86:CB:27:D2:0C,-19, WPA2 ,0.000000,0.000000,0.000,0.000,AP
2026-05-15 07:35:34,1900-01-00 00:00:00,,9C:2F:9D:82:20:A3,-19,,0.000000,0.000000,0.000,0.000,Client
2026-05-15 07:35:34,1900-01-00 00:00:00,dlink-615_EXT,40:86:CB:27:D2:0C,-19, WPA2 ,0.000000,0.000000,0.000,0.000,AP
2026-05-15 07:35:34,1900-01-00 00:00:00,,9C:2F:9D:82:20:A3,-19,,0.000000,0.000000,0.000,0.000,Client
2026-05-15 07:35:34,1900-01-00 00:00:00,dlink-615_EXT,40:86:CB:27:D2:0C,-19, WPA2 ,0.000000,0.000000,0.000,0.000,AP
2026-05-15 07:35:34,1900-01-00 00:00:00,,9C:2F:9D:82:20:A3,-19,,0.000000,0.000000,0.000,0.000,Client
2026-05-15 07:35:34,1900-01-00 00:00:00,dlink-615_EXT,40:86:CB:27:D2:0C,-19, WPA2 ,0.000000,0.000000,0.000,0.000,AP
2026-05-15 07:35:34,1900-01-00 00:00:00,,9C:2F:9D:82:20:A3,-19,,0.000000,0.000000,0.000,0.000,Client
2026-05-15 07:35:34,1900-01-00 00:00:00,dlink-615_EXT,40:86:CB:27:D2:0C,-19, WPA2 ,0.000000,0.000000,0.000,0.000,AP
2026-05-15 07:35:34,1900-01-00 00:00:00,,9C:2F:9D:82:20:A3,-19,,0.000000,0.000000,0.000,0.000,Client
2026-05-15 07:35:34,1900-01-00 00:00:00,dlink-615_EXT,40:86:CB:27:D2:0C,-19, WPA2 ,0.000000,0.000000,0.000,0.000,AP
2026-05-15 07:35:34,1900-01-00 00:00:00,,9C:2F:9D:82:20:A3,-19,,0.000000,0.000000,0.000,0.000,Client
2026-05-15 07:35:34,1900-01-00 00:00:00,dlink-615_EXT,40:86:CB:27:D2:0C,-19, WPA2 ,0.000000,0.000000,0.000,0.000,AP
2026-05-15 07:35:34,1900-01-00 00:00:00,,9C:2F:9D:82:20:A3,-19,,0.000000,0.000000,0.000,0.000,Client
2026-05-15 07:35:34,1900-01-00 00:00:00,dlink-615_EXT,40:86:CB:27:D2:0C,-19, WPA2 ,0.000000,0.000000,0.000,0.000,AP
2026-05-15 07:35:34,1900-01-00 00:00:00,,9C:2F:9D:82:20:A3,-19,,0.000000,0.000000,0.000,0.000,Client
2026-05-15 07:35:34,1900-01-00 00:00:00,dlink-615_EXT,40:86:CB:27:D2:0C,-19, WPA2 ,0.000000,0.000000,0.000,0.000,AP
2026-05-15 07:35:34,1900-01-00 00:00:00,,9C:2F:9D:82:20:A3,-19,,0.000000,0.000000,0.000,0.000,Client
2026-05-15 07:35:34,1900-01-00 00:00:00,dlink-615_EXT,40:86:CB:27:D2:0C,-19, WPA2 ,0.000000,0.000000,0.000,0.000,AP
2026-05-15 07:35:34,1900-01-00 00:00:00,,9C:2F:9D:82:20:A3,-19,,0.000000,0.000000,0.000,0.000,Client
2026-05-15 07:35:34,1900-01-00 00:00:00,dlink-615_EXT,40:86:CB:27:D2:0C,-19, WPA2 ,0.000000,0.000000,0.000,0.000,AP
2026-05-15 07:35:34,1900-01-00 00:00:00,,9C:2F:9D:82:20:A3,-19,,0.000000,0.000000,0.000,0.000,Client
2026-05-15 07:35:34,1900-01-00 00:00:00,dlink-615_EXT,40:86:CB:27:D2:0C,-19, WPA2 ,0.000000,0.000000,0.000,0.000,AP
2026-05-15 07:35:34,1900-01-00 00:00:00,,9C:2F:9D:82:20:A3,-19,,0.000000,0.000000,0.000,0.000,Client
2026-05-15 07:35:34,1900-01-00 00:00:00,dlink-615_EXT,40:86:CB:27:D2:0C,-19, WPA2 ,0.000000,0.000000,0.000,0.000,AP
2026-05-15 07:35:34,1900-01-00 00:00:00,,9C:2F:9D:82:20:A3,-19,,0.000000,0.000000,0.000,0.000,Client
2026-05-15 07:35:34,1900-01-00 00:00:00,dlink-615_EXT,40:86:CB:27:D2:0C,-19, WPA2 ,0.000000,0.000000,0.000,0.000,AP
2026-05-15 07:35:34,1900-01-00 00:00:00,,9C:2F:9D:82:20:A3,-19,,0.000000,0.000000,0.000,0.000,Client
2026-05-15 07:35:34,1900-01-00 00:00:00,dlink-615_EXT,40:86:CB:27:D2:0C,-19, WPA2 ,0.000000,0.000000,0.000,0.000,AP
2026-05-15 07:35:34,1900-01-00 00:00:00,,9C:2F:9D:82:20:A3,-19,,0.000000,0.000000,0.000,0.000,Client
2026-05-15 07:35:34,1900-01-00 00:00:00,dlink-615_EXT,40:86:CB:27:D2:0C,-19, WPA2 ,0.000000,0.000000,0.000,0.000,AP
2026-05-15 07:35:34,1900-01-00 00:00:00,,9C:2F:9D:82:20:A3,-19,,0.000000,0.000000,0.000,0.000,Client
2026-05-15 07:35:34,1900-01-00 00:00:00,dlink-615_EXT,40:86:CB:27:D2:0C,-19, WPA2 ,0.000000,0.000000,0.000,0.000,AP
2026-05-15 07:35:34,1900-01-00 00:00:00,,9C:2F:9D:82:20:A3,-19,,0.000000,0.000000,0.000,0.000,Client
2026-05-15 07:35:34,1900-01-00 00:00:00,dlink-615_EXT,40:86:CB:27:D2:0C,-19, WPA2 ,0.000000,0.000000,0.000,0.000,AP
2026-05-15 07:35:34,1900-01-00 00:00:00,,9C:2F:9D:82:20:A3,-19,,0.000000,0.000000,0.000,0.000,Client
2026-05-15 07:35:34,1900-01-00 00:00:00,dlink-615_EXT,40:86:CB:27:D2:0C,-19, WPA2 ,0.000000,0.000000,0.000,0.000,AP
2026-05-15 07:35:34,1900-01-00 00:00:00,,9C:2F:9D:82:20:A3,-19,,0.000000,0.000000,0.000,0.000,Client
2026-05-15 07:35:34,1900-01-00 00:00:00,dlink-615_EXT,40:86:CB:27:D2:0C,-19, WPA2 ,0.000000,0.000000,0.000,0.000,AP
2026-05-15 07:35:34,1900-01-00 00:00:00,,9C:2F:9D:82:20:A3,-19,,0.000000,0.000000,0.000,0.000,Client
2026-05-15 07:35:34,1900-01-00 00:00:00,dlink-615_EXT,40:86:CB:27:D2:0C,-19, WPA2 ,0.000000,0.000000,0.000,0.000,AP
2026-05-15 07:35:34,1900-01-00 00:00:00,,9C:2F:9D:82:20:A3,-19,,0.000000,0.000000,0.000,0.000,Client
2026-05-15 07:35:34,1900-01-00 00:00:00,dlink-615_EXT,40:86:CB:27:D2:0C,-19, WPA2 ,0.000000,0.000000,0.000,0.000,AP
2026-05-15 07:35:34,1900-01-00 00:00:00,,9C:2F:9D:82:20:A3,-19,,0.000000,0.000000,0.000,0.000,Client
2026-05-15 07:35:34,1900-01-00 00:00:00,dlink-615_EXT,40:86:CB:27:D2:0C,-19, WPA2 ,0.000000,0.000000,0.000,0.000,AP
2026-05-15 07:35:34,1900-01-00 00:00:00,,9C:2F:9D:82:20:A3,-19,,0.000000,0.000000,0.000,0.000,Client
2026-05-15 07:35:34,1900-01-00 00:00:00,dlink-615_EXT,40:86:CB:27:D2:0C,-19, WPA2 ,0.000000,0.000000,0.000,0.000,AP
2026-05-15 07:35:34,1900-01-00 00:00:00,,9C:2F:9D:82:20:A3,-19,,0.000000,0.000000,0.000,0.000,Client
2026-05-15 07:35:34,1900-01-00 00:00:00,dlink-615_EXT,40:86:CB:27:D2:0C,-19, WPA2 ,0.000000,0.000000,0.000,0.000,AP
2026-05-15 07:35:34,1900-01-00 00:00:00,,9C:2F:9D:82:20:A3,-19,,0.000000,0.000000,0.000,0.000,Client
2026-05-15 07:35:34,1900-01-00 00:00:00,dlink-615_EXT,40:86:CB:27:D2:0C,-19, WPA2 ,0.000000,0.000000,0.000,0.000,AP
2026-05-15 07:35:34,1900-01-00 00:00:00,,9C:2F:9D:82:20:A3,-19,,0.000000,0.000000,0.000,0.000,Client
2026-05-15 07:35:34,1900-01-00 00:00:00,dlink-615_EXT,40:86:CB:27:D2:0C,-19, WPA2 ,0.000000,0.000000,0.000,0.000,AP
2026-05-15 07:35:34,1900-01-00 00:00:00,,9C:2F:9D:82:20:A3,-19,,0.000000,0.000000,0.000,0.000,Client
2026-05-15 07:35:34,1900-01-00 00:00:00,dlink-615_EXT,40:86:CB:27:D2:0C,-19, WPA2 ,0.000000,0.000000,0.000,0.000,AP
2026-05-15 07:35:34,1900-01-00 00:00:00,,9C:2F:9D:82:20:A3,-19,,0.000000,0.000000,0.000,0.000,Client
2026-05-15 07:35:34,1900-01-00 00:00:00,dlink-615_EXT,40:86:CB:27:D2:0C,-19, WPA2 ,0.000000,0.000000,0.000,0.000,AP
2026-05-15 07:35:34,1900-01-00 00:00:00,,9C:2F:9D:82:20:A3,-19,,0.000000,0.000000,0.000,0.000,Client
2026-05-15 07:35:34,1900-01-00 00:00:00,dlink-615_EXT,40:86:CB:27:D2:0C,-19, WPA2 ,0.000000,0.000000,0.000,0.000,AP
2026-05-15 07:35:34,1900-01-00 00:00:00,,9C:2F:9D:82:20:A3,-19,,0.000000,0.000000,0.000,0.000,Client
2026-05-15 07:35:34,1900-01-00 00:00:00,dlink-615_EXT,40:86:CB:27:D2:0C,-19, WPA2 ,0.000000,0.000000,0.000,0.000,AP
2026-05-15 07:35:34,1900-01-00 00:00:00,,9C:2F:9D:82:20:A3,-19,,0.000000,0.000000,0.000,0.000,Client
2026-05-15 07:35:34,1900-01-00 00:00:00,dlink-615_EXT,40:86:CB:27:D2:0C,-19, WPA2 ,0.000000,0.000000,0.000,0.000,AP
2026-05-15 07:35:34,1900-01-00 00:00:00,,9C:2F:9D:82:20:A3,-19,,0.000000,0.000000,0.000,0.000,Client
2026-05-15 07:35:34,1900-01-00 00:00:00,dlink-615_EXT,40:86:CB:27:D2:0C,-19, WPA2 ,0.000000,0.000000,0.000,0.000,AP
2026-05-15 07:35:34,1900-01-00 00:00:00,,9C:2F:9D:82:20:A3,-19,,0.000000,0.000000,0.000,0.000,Client
2026-05-15 07:35:34,1900-01-00 00:00:00,dlink-615_EXT,40:86:CB:27:D2:0C,-19, WPA2 ,0.000000,0.000000,0.000,0.000,AP
2026-05-15 07:35:34,1900-01-00 00:00:00,,9C:2F:9D:82:20:A3,-19,,0.000000,0.000000,0.000,0.000,Client
2026-05-15 07:35:34,1900-01-00 00:00:00,dlink-615_EXT,40:86:CB:27:D2:0C,-19, WPA2 ,0.000000,0.000000,0.000,0.000,AP
2026-05-15 07:35:34,1900-01-00 00:00:00,,9C:2F:9D:82:20:A3,-19,,0.000000,0.000000,0.000,0.000,Client
2026-05-15 07:35:34,1900-01-00 00:00:00,dlink-615_EXT,40:86:CB:27:D2:0C,-19, WPA2 ,0.000000,0.000000,0.000,0.000,AP
2026-05-15 07:35:34,1900-01-00 00:00:00,,9C:2F:9D:82:20:A3,-19,,0.000000,0.000000,0.000,0.000,Client
2026-05-15 07:35:34,1900-01-00 00:00:00,dlink-615_EXT,40:86:CB:27:D2:0C,-19, WPA2 ,0.000000,0.000000,0.000,0.000,AP
2026-05-15 07:35:34,1900-01-00 00:00:00,,9C:2F:9D:82:20:A3,-19,,0.000000,0.000000,0.000,0.000,Client
2026-05-15 07:35:34,1900-01-00 00:00:00,dlink-615_EXT,40:86:CB:27:D2:0C,-19, WPA2 ,0.000000,0.000000,0.000,0.000,AP
2026-05-15 07:35:34,1900-01-00 00:00:00,,9C:2F:9D:82:20:A3,-19,,0.000000,0.000000,0.000,0.000,Client
2026-05-15 07:35:34,1900-01-00 00:00:00,dlink-615_EXT,40:86:CB:27:D2:0C,-17, WPA2 ,0.000000,0.000000,0.000,0.000,AP
2026-05-15 07:35:34,1900-01-00 00:00:00,,9C:2F:9D:82:20:A3,-17,,0.000000,0.000000,0.000,0.000,Client
2026-05-15 07:35:34,1900-01-00 00:00:00,dlink-615_EXT,40:86:CB:27:D2:0C,-17, WPA2 ,0.000000,0.000000,0.000,0.000,AP
2026-05-15 07:35:34,1900-01-00 00:00:00,,9C:2F:9D:82:20:A3,-19,,0.000000,0.000000,0.000,0.000,Client
2026-05-15 07:35:34,1900-01-00 00:00:00,dlink-615_EXT,40:86:CB:27:D2:0C,-19, WPA2 ,0.000000,0.000000,0.000,0.000,AP
2026-05-15 07:35:34,1900-01-00 00:00:00,,9C:2F:9D:82:20:A3,-19,,0.000000,0.000000,0.000,0.000,Client
2026-05-15 07:35:34,1900-01-00 00:00:00,dlink-615_EXT,40:86:CB:27:D2:0C,-19, WPA2 ,0.000000,0.000000,0.000,0.000,AP
2026-05-15 07:35:34,1900-01-00 00:00:00,,9C:2F:9D:82:20:A3,-19,,0.000000,0.000000,0.000,0.000,Client
2026-05-15 07:35:34,1900-01-00 00:00:00,dlink-615_EXT,40:86:CB:27:D2:0C,-19, WPA2 ,0.000000,0.000000,0.000,0.000,AP
2026-05-15 07:35:34,1900-01-00 00:00:00,,9C:2F:9D:82:20:A3,-19,,0.000000,0.000000,0.000,0.000,Client
2026-05-15 07:35:34,1900-01-00 00:00:00,dlink-615_EXT,40:86:CB:27:D2:0C,-19, WPA2 ,0.000000,0.000000,0.000,0.000,AP
2026-05-15 07:35:34,1900-01-00 00:00:00,,9C:2F:9D:82:20:A3,-17,,0.000000,0.000000,0.000,0.000,Client
2026-05-15 07:35:34,1900-01-00 00:00:00,dlink-615_EXT,40:86:CB:27:D2:0C,-19, WPA2 ,0.000000,0.000000,0.000,0.000,AP
2026-05-15 07:35:34,1900-01-00 00:00:00,,9C:2F:9D:82:20:A3,-19,,0.000000,0.000000,0.000,0.000,Client
2026-05-15 07:35:34,1900-01-00 00:00:00,dlink-615_EXT,40:86:CB:27:D2:0C,-21, WPA2 ,0.000000,0.000000,0.000,0.000,AP
2026-05-15 07:35:34,1900-01-00 00:00:00,,9C:2F:9D:82:20:A3,-21,,0.000000,0.000000,0.000,0.000,Client
2026-05-15 07:35:34,1900-01-00 00:00:00,dlink-615_EXT,40:86:CB:27:D2:0C,-19, WPA2 ,0.000000,0.000000,0.000,0.000,AP
2026-05-15 07:35:34,1900-01-00 00:00:00,,9C:2F:9D:82:20:A3,-19,,0.000000,0.000000,0.000,0.000,Client
2026-05-15 07:35:34,1900-01-00 00:00:00,dlink-615_EXT,40:86:CB:27:D2:0C,-19, WPA2 ,0.000000,0.000000,0.000,0.000,AP
2026-05-15 07:35:34,1900-01-00 00:00:00,,9C:2F:9D:82:20:A3,-19,,0.000000,0.000000,0.000,0.000,Client
2026-05-15 07:35:34,1900-01-00 00:00:00,dlink-615_EXT,40:86:CB:27:D2:0C,-19, WPA2 ,0.000000,0.000000,0.000,0.000,AP
2026-05-15 07:35:34,1900-01-00 00:00:00,,9C:2F:9D:82:20:A3,-19,,0.000000,0.000000,0.000,0.000,Client
2026-05-15 07:35:34,1900-01-00 00:00:00,dlink-615_EXT,40:86:CB:27:D2:0C,-19, WPA2 ,0.000000,0.000000,0.000,0.000,AP
2026-05-15 07:35:34,1900-01-00 00:00:00,,9C:2F:9D:82:20:A3,-19,,0.000000,0.000000,0.000,0.000,Client
2026-05-15 07:35:34,1900-01-00 00:00:00,dlink-615_EXT,40:86:CB:27:D2:0C,-19, WPA2 ,0.000000,0.000000,0.000,0.000,AP
2026-05-15 07:35:34,1900-01-00 00:00:00,,9C:2F:9D:82:20:A3,-19,,0.000000,0.000000,0.000,0.000,Client
2026-05-15 07:35:34,1900-01-00 00:00:00,dlink-615_EXT,40:86:CB:27:D2:0C,-19, WPA2 ,0.000000,0.000000,0.000,0.000,AP
2026-05-15 07:35:34,1900-01-00 00:00:00,,9C:2F:9D:82:20:A3,-19,,0.000000,0.000000,0.000,0.000,Client
2026-05-15 07:35:34,1900-01-00 00:00:00,dlink-615_EXT,40:86:CB:27:D2:0C,-19, WPA2 ,0.000000,0.000000,0.000,0.000,AP
2026-05-15 07:35:34,1900-01-00 00:00:00,,9C:2F:9D:82:20:A3,-19,,0.000000,0.000000,0.000,0.000,Client
2026-05-15 07:35:34,1900-01-00 00:00:00,dlink-615_EXT,40:86:CB:27:D2:0C,-19, WPA2 ,0.000000,0.000000,0.000,0.000,AP
2026-05-15 07:35:34,1900-01-00 00:00:00,,9C:2F:9D:82:20:A3,-19,,0.000000,0.000000,0.000,0.000,Client
2026-05-15 07:35:34,1900-01-00 00:00:00,dlink-615_EXT,40:86:CB:27:D2:0C,-19, WPA2 ,0.000000,0.000000,0.000,0.000,AP
2026-05-15 07:35:34,1900-01-00 00:00:00,,9C:2F:9D:82:20:A3,-19,,0.000000,0.000000,0.000,0.000,Client
2026-05-15 07:35:34,1900-01-00 00:00:00,dlink-615_EXT,40:86:CB:27:D2:0C,-19, WPA2 ,0.000000,0.000000,0.000,0.000,AP
2026-05-15 07:35:34,1900-01-00 00:00:00,,9C:2F:9D:82:20:A3,-19,,0.000000,0.000000,0.000,0.000,Client
2026-05-15 07:35:34,1900-01-00 00:00:00,dlink-615_EXT,40:86:CB:27:D2:0C,-19, WPA2 ,0.000000,0.000000,0.000,0.000,AP
2026-05-15 07:35:34,1900-01-00 00:00:00,,9C:2F:9D:82:20:A3,-19,,0.000000,0.000000,0.000,0.000,Client
2026-05-15 07:35:34,1900-01-00 00:00:00,dlink-615_EXT,40:86:CB:27:D2:0C,-19, WPA2 ,0.000000,0.000000,0.000,0.000,AP
2026-05-15 07:35:34,1900-01-00 00:00:00,,9C:2F:9D:82:20:A3,-19,,0.000000,0.000000,0.000,0.000,Client
2026-05-15 07:35:34,1900-01-00 00:00:00,dlink-615_EXT,40:86:CB:27:D2:0C,-19, WPA2 ,0.000000,0.000000,0.000,0.000,AP
2026-05-15 07:35:34,1900-01-00 00:00:00,,9C:2F:9D:82:20:A3,-19,,0.000000,0.000000,0.000,0.000,Client
2026-05-15 07:35:34,1900-01-00 00:00:00,dlink-615_EXT,40:86:CB:27:D2:0C,-19, WPA2 ,0.000000,0.000000,0.000,0.000,AP
2026-05-15 07:35:34,1900-01-00 00:00:00,,9C:2F:9D:82:20:A3,-19,,0.000000,0.000000,0.000,0.000,Client
2026-05-15 07:35:34,1900-01-00 00:00:00,dlink-615_EXT,40:86:CB:27:D2:0C,-19, WPA2 ,0.000000,0.000000,0.000,0.000,AP
2026-05-15 07:35:34,1900-01-00 00:00:00,,9C:2F:9D:82:20:A3,-19,,0.000000,0.000000,0.000,0.000,Client
2026-05-15 07:35:34,1900-01-00 00:00:00,dlink-615_EXT,40:86:CB:27:D2:0C,-19, WPA2 ,0.000000,0.000000,0.000,0.000,AP
2026-05-15 07:35:34,1900-01-00 00:00:00,,9C:2F:9D:82:20:A3,-19,,0.000000,0.000000,0.000,0.000,Client
2026-05-15 07:35:34,1900-01-00 00:00:00,dlink-615_EXT,40:86:CB:27:D2:0C,-19, WPA2 ,0.000000,0.000000,0.000,0.000,AP
2026-05-15 07:35:34,1900-01-00 00:00:00,,9C:2F:9D:82:20:A3,-19,,0.000000,0.000000,0.000,0.000,Client
2026-05-15 07:35:34,1900-01-00 00:00:00,dlink-615_EXT,40:86:CB:27:D2:0C,-19, WPA2 ,0.000000,0.000000,0.000,0.000,AP
2026-05-15 07:35:34,1900-01-00 00:00:00,,9C:2F:9D:82:20:A3,-19,,0.000000,0.000000,0.000,0.000,Client
2026-05-15 07:35:34,1900-01-00 00:00:00,dlink-615_EXT,40:86:CB:27:D2:0C,-19, WPA2 ,0.000000,0.000000,0.000,0.000,AP
2026-05-15 07:35:34,1900-01-00 00:00:00,,9C:2F:9D:82:20:A3,-19,,0.000000,0.000000,0.000,0.000,Client
2026-05-15 07:35:34,1900-01-00 00:00:00,dlink-615_EXT,40:86:CB:27:D2:0C,-19, WPA2 ,0.000000,0.000000,0.000,0.000,AP
2026-05-15 07:35:34,1900-01-00 00:00:00,,9C:2F:9D:82:20:A3,-19,,0.000000,0.000000,0.000,0.000,Client
2026-05-15 07:35:34,1900-01-00 00:00:00,dlink-615_EXT,40:86:CB:27:D2:0C,-19, WPA2 ,0.000000,0.000000,0.000,0.000,AP
2026-05-15 07:35:34,1900-01-00 00:00:00,,9C:2F:9D:82:20:A3,-19,,0.000000,0.000000,0.000,0.000,Client
2026-05-15 07:35:34,1900-01-00 00:00:00,dlink-615_EXT,40:86:CB:27:D2:0C,-19, WPA2 ,0.000000,0.000000,0.000,0.000,AP
2026-05-15 07:35:34,1900-01-00 00:00:00,,9C:2F:9D:82:20:A3,-19,,0.000000,0.000000,0.000,0.000,Client
2026-05-15 07:35:34,1900-01-00 00:00:00,dlink-615_EXT,40:86:CB:27:D2:0C,-19, WPA2 ,0.000000,0.000000,0.000,0.000,AP
2026-05-15 07:35:34,1900-01-00 00:00:00,,9C:2F:9D:82:20:A3,-19,,0.000000,0.000000,0.000,0.000,Client
2026-05-15 07:35:34,1900-01-00 00:00:00,dlink-615_EXT,40:86:CB:27:D2:0C,-19, WPA2 ,0.000000,0.000000,0.000,0.000,AP
2026-05-15 07:35:34,1900-01-00 00:00:00,,9C:2F:9D:82:20:A3,-19,,0.000000,0.000000,0.000,0.000,Client
2026-05-15 07:35:34,1900-01-00 00:00:00,dlink-615_EXT,40:86:CB:27:D2:0C,-19, WPA2 ,0.000000,0.000000,0.000,0.000,AP
2026-05-15 07:35:34,1900-01-00 00:00:00,,9C:2F:9D:82:20:A3,-19,,0.000000,0.000000,0.000,0.000,Client
2026-05-15 07:35:34,1900-01-00 00:00:00,dlink-615_EXT,40:86:CB:27:D2:0C,-19, WPA2 ,0.000000,0.000000,0.000,0.000,AP
2026-05-15 07:35:34,1900-01-00 00:00:00,,9C:2F:9D:82:20:A3,-19,,0.000000,0.000000,0.000,0.000,Client
2026-05-15 07:35:34,1900-01-00 00:00:00,dlink-615_EXT,40:86:CB:27:D2:0C,-19, WPA2 ,0.000000,0.000000,0.000,0.000,AP
2026-05-15 07:35:34,1900-01-00 00:00:00,,9C:2F:9D:82:20:A3,-19,,0.000000,0.000000,0.000,0.000,Client
2026-05-15 07:35:34,1900-01-00 00:00:00,dlink-615_EXT,40:86:CB:27:D2:0C,-19, WPA2 ,0.000000,0.000000,0.000,0.000,AP
2026-05-15 07:35:34,1900-01-00 00:00:00,,9C:2F:9D:82:20:A3,-19,,0.000000,0.000000,0.000,0.000,Client
2026-05-15 07:35:34,1900-01-00 00:00:00,dlink-615_EXT,40:86:CB:27:D2:0C,-19, WPA2 ,0.000000,0.000000,0.000,0.000,AP
2026-05-15 07:35:34,1900-01-00 00:00:00,,9C:2F:9D:82:20:A3,-19,,0.000000,0.000000,0.000,0.000,Client
2026-05-15 07:35:34,1900-01-00 00:00:00,dlink-615_EXT,40:86:CB:27:D2:0C,-19, WPA2 ,0.000000,0.000000,0.000,0.000,AP
2026-05-15 07:35:34,1900-01-00 00:00:00,,9C:2F:9D:82:20:A3,-19,,0.000000,0.000000,0.000,0.000,Client
2026-05-15 07:35:34,1900-01-00 00:00:00,dlink-615_EXT,40:86:CB:27:D2:0C,-19, WPA2 ,0.000000,0.000000,0.000,0.000,AP
2026-05-15 07:35:34,1900-01-00 00:00:00,,9C:2F:9D:82:20:A3,-19,,0.000000,0.000000,0.000,0.000,Client
2026-05-15 07:35:34,1900-01-00 00:00:00,dlink-615_EXT,40:86:CB:27:D2:0C,-19, WPA2 ,0.000000,0.000000,0.000,0.000,AP
2026-05-15 07:35:34,1900-01-00 00:00:00,,9C:2F:9D:82:20:A3,-19,,0.000000,0.000000,0.000,0.000,Client
2026-05-15 07:35:34,1900-01-00 00:00:00,dlink-615_EXT,40:86:CB:27:D2:0C,-19, WPA2 ,0.000000,0.000000,0.000,0.000,AP
2026-05-15 07:35:34,1900-01-00 00:00:00,,9C:2F:9D:82:20:A3,-19,,0.000000,0.000000,0.000,0.000,Client
2026-05-15 07:35:34,1900-01-00 00:00:00,dlink-615_EXT,40:86:CB:27:D2:0C,-19, WPA2 ,0.000000,0.000000,0.000,0.000,AP
2026-05-15 07:35:34,1900-01-00 00:00:00,,9C:2F:9D:82:20:A3,-19,,0.000000,0.000000,0.000,0.000,Client
2026-05-15 07:35:34,1900-01-00 00:00:00,dlink-615_EXT,40:86:CB:27:D2:0C,-19, WPA2 ,0.000000,0.000000,0.000,0.000,AP
2026-05-15 07:35:34,1900-01-00 00:00:00,,9C:2F:9D:82:20:A3,-19,,0.000000,0.000000,0.000,0.000,Client
2026-05-15 07:35:34,1900-01-00 00:00:00,dlink-615_EXT,40:86:CB:27:D2:0C,-19, WPA2 ,0.000000,0.000000,0.000,0.000,AP
2026-05-15 07:35:34,1900-01-00 00:00:00,,9C:2F:9D:82:20:A3,-19,,0.000000,0.000000,0.000,0.000,Client
2026-05-15 07:35:34,1900-01-00 00:00:00,dlink-615_EXT,40:86:CB:27:D2:0C,-19, WPA2 ,0.000000,0.000000,0.000,0.000,AP
2026-05-15 07:35:34,1900-01-00 00:00:00,,9C:2F:9D:82:20:A3,-19,,0.000000,0.000000,0.000,0.000,Client
2026-05-15 07:35:34,1900-01-00 00:00:00,dlink-615_EXT,40:86:CB:27:D2:0C,-19, WPA2 ,0.000000,0.000000,0.000,0.000,AP
2026-05-15 07:35:34,1900-01-00 00:00:00,,9C:2F:9D:82:20:A3,-19,,0.000000,0.000000,0.000,0.000,Client
2026-05-15 07:35:35,1900-01-00 00:00:00,dlink-615_EXT,40:86:CB:27:D2:0C,-19, WPA2 ,0.000000,0.000000,0.000,0.000,AP
2026-05-15 07:35:35,1900-01-00 00:00:00,,9C:2F:9D:82:20:A3,-19,,0.000000,0.000000,0.000,0.000,Client
2026-05-15 07:35:35,1900-01-00 00:00:00,dlink-615_EXT,40:86:CB:27:D2:0C,-19, WPA2 ,0.000000,0.000000,0.000,0.000,AP
2026-05-15 07:35:35,1900-01-00 00:00:00,,9C:2F:9D:82:20:A3,-19,,0.000000,0.000000,0.000,0.000,Client
2026-05-15 07:35:35,1900-01-00 00:00:00,dlink-615_EXT,40:86:CB:27:D2:0C,-19, WPA2 ,0.000000,0.000000,0.000,0.000,AP
2026-05-15 07:35:35,1900-01-00 00:00:00,,9C:2F:9D:82:20:A3,-19,,0.000000,0.000000,0.000,0.000,Client
2026-05-15 07:35:35,1900-01-00 00:00:00,dlink-615_EXT,40:86:CB:27:D2:0C,-19, WPA2 ,0.000000,0.000000,0.000,0.000,AP
2026-05-15 07:35:35,1900-01-00 00:00:00,,9C:2F:9D:82:20:A3,-19,,0.000000,0.000000,0.000,0.000,Client
2026-05-15 07:35:35,1900-01-00 00:00:00,dlink-615_EXT,40:86:CB:27:D2:0C,-19, WPA2 ,0.000000,0.000000,0.000,0.000,AP
2026-05-15 07:35:35,1900-01-00 00:00:00,,9C:2F:9D:82:20:A3,-19,,0.000000,0.000000,0.000,0.000,Client
2026-05-15 07:35:35,1900-01-00 00:00:00,dlink-615_EXT,40:86:CB:27:D2:0C,-19, WPA2 ,0.000000,0.000000,0.000,0.000,AP
2026-05-15 07:35:35,1900-01-00 00:00:00,,9C:2F:9D:82:20:A3,-19,,0.000000,0.000000,0.000,0.000,Client
2026-05-15 07:35:35,1900-01-00 00:00:00,dlink-615_EXT,40:86:CB:27:D2:0C,-19, WPA2 ,0.000000,0.000000,0.000,0.000,AP
2026-05-15 07:35:35,1900-01-00 00:00:00,,9C:2F:9D:82:20:A3,-19,,0.000000,0.000000,0.000,0.000,Client
2026-05-15 07:35:35,1900-01-00 00:00:00,dlink-615_EXT,40:86:CB:27:D2:0C,-19, WPA2 ,0.000000,0.000000,0.000,0.000,AP
2026-05-15 07:35:35,1900-01-00 00:00:00,,9C:2F:9D:82:20:A3,-19,,0.000000,0.000000,0.000,0.000,Client
2026-05-15 07:35:35,1900-01-00 00:00:00,dlink-615_EXT,40:86:CB:27:D2:0C,-19, WPA2 ,0.000000,0.000000,0.000,0.000,AP
2026-05-15 07:35:35,1900-01-00 00:00:00,,9C:2F:9D:82:20:A3,-19,,0.000000,0.000000,0.000,0.000,Client
2026-05-15 07:35:35,1900-01-00 00:00:00,dlink-615_EXT,40:86:CB:27:D2:0C,-19, WPA2 ,0.000000,0.000000,0.000,0.000,AP
2026-05-15 07:35:35,1900-01-00 00:00:00,,9C:2F:9D:82:20:A3,-19,,0.000000,0.000000,0.000,0.000,Client
2026-05-15 07:35:35,1900-01-00 00:00:00,dlink-615_EXT,40:86:CB:27:D2:0C,-19, WPA2 ,0.000000,0.000000,0.000,0.000,AP
2026-05-15 07:35:35,1900-01-00 00:00:00,,9C:2F:9D:82:20:A3,-19,,0.000000,0.000000,0.000,0.000,Client
2026-05-15 07:35:35,1900-01-00 00:00:00,dlink-615_EXT,40:86:CB:27:D2:0C,-19, WPA2 ,0.000000,0.000000,0.000,0.000,AP
2026-05-15 07:35:35,1900-01-00 00:00:00,,9C:2F:9D:82:20:A3,-19,,0.000000,0.000000,0.000,0.000,Client
2026-05-15 07:35:35,1900-01-00 00:00:00,dlink-615_EXT,40:86:CB:27:D2:0C,-19, WPA2 ,0.000000,0.000000,0.000,0.000,AP
2026-05-15 07:35:35,1900-01-00 00:00:00,,9C:2F:9D:82:20:A3,-19,,0.000000,0.000000,0.000,0.000,Client
2026-05-15 07:35:35,1900-01-00 00:00:00,dlink-615_EXT,40:86:CB:27:D2:0C,-19, WPA2 ,0.000000,0.000000,0.000,0.000,AP
2026-05-15 07:35:35,1900-01-00 00:00:00,,9C:2F:9D:82:20:A3,-19,,0.000000,0.000000,0.000,0.000,Client
2026-05-15 07:35:35,1900-01-00 00:00:00,dlink-615_EXT,40:86:CB:27:D2:0C,-19, WPA2 ,0.000000,0.000000,0.000,0.000,AP
2026-05-15 07:35:35,1900-01-00 00:00:00,,9C:2F:9D:82:20:A3,-19,,0.000000,0.000000,0.000,0.000,Client
2026-05-15 07:35:35,1900-01-00 00:00:00,dlink-615_EXT,40:86:CB:27:D2:0C,-19, WPA2 ,0.000000,0.000000,0.000,0.000,AP
2026-05-15 07:35:35,1900-01-00 00:00:00,,9C:2F:9D:82:20:A3,-19,,0.000000,0.000000,0.000,0.000,Client
2026-05-15 07:35:35,1900-01-00 00:00:00,dlink-615_EXT,40:86:CB:27:D2:0C,-19, WPA2 ,0.000000,0.000000,0.000,0.000,AP
2026-05-15 07:35:35,1900-01-00 00:00:00,,9C:2F:9D:82:20:A3,-19,,0.000000,0.000000,0.000,0.000,Client
2026-05-15 07:35:35,1900-01-00 00:00:00,dlink-615_EXT,40:86:CB:27:D2:0C,-19, WPA2 ,0.000000,0.000000,0.000,0.000,AP
2026-05-15 07:35:35,1900-01-00 00:00:00,,9C:2F:9D:82:20:A3,-19,,0.000000,0.000000,0.000,0.000,Client
2026-05-15 07:35:35,1900-01-00 00:00:00,dlink-615_EXT,40:86:CB:27:D2:0C,-19, WPA2 ,0.000000,0.000000,0.000,0.000,AP
2026-05-15 07:35:35,1900-01-00 00:00:00,,9C:2F:9D:82:20:A3,-19,,0.000000,0.000000,0.000,0.000,Client
2026-05-15 07:35:35,1900-01-00 00:00:00,dlink-615_EXT,40:86:CB:27:D2:0C,-19, WPA2 ,0.000000,0.000000,0.000,0.000,AP
2026-05-15 07:35:35,1900-01-00 00:00:00,,9C:2F:9D:82:20:A3,-19,,0.000000,0.000000,0.000,0.000,Client
2026-05-15 07:35:35,1900-01-00 00:00:00,dlink-615_EXT,40:86:CB:27:D2:0C,-19, WPA2 ,0.000000,0.000000,0.000,0.000,AP
2026-05-15 07:35:35,1900-01-00 00:00:00,,9C:2F:9D:82:20:A3,-19,,0.000000,0.000000,0.000,0.000,Client
2026-05-15 07:35:35,1900-01-00 00:00:00,dlink-615_EXT,40:86:CB:27:D2:0C,-19, WPA2 ,0.000000,0.000000,0.000,0.000,AP
2026-05-15 07:35:35,1900-01-00 00:00:00,,9C:2F:9D:82:20:A3,-19,,0.000000,0.000000,0.000,0.000,Client
2026-05-15 07:35:35,1900-01-00 00:00:00,dlink-615_EXT,40:86:CB:27:D2:0C,-19, WPA2 ,0.000000,0.000000,0.000,0.000,AP
2026-05-15 07:35:35,1900-01-00 00:00:00,,9C:2F:9D:82:20:A3,-19,,0.000000,0.000000,0.000,0.000,Client
2026-05-15 07:35:35,1900-01-00 00:00:00,dlink-615_EXT,40:86:CB:27:D2:0C,-19, WPA2 ,0.000000,0.000000,0.000,0.000,AP
2026-05-15 07:35:35,1900-01-00 00:00:00,,9C:2F:9D:82:20:A3,-19,,0.000000,0.000000,0.000,0.000,Client
2026-05-15 07:35:35,1900-01-00 00:00:00,dlink-615_EXT,40:86:CB:27:D2:0C,-19, WPA2 ,0.000000,0.000000,0.000,0.000,AP
2026-05-15 07:35:35,1900-01-00 00:00:00,,9C:2F:9D:82:20:A3,-19,,0.000000,0.000000,0.000,0.000,Client
2026-05-15 07:35:35,1900-01-00 00:00:00,dlink-615_EXT,40:86:CB:27:D2:0C,-19, WPA2 ,0.000000,0.000000,0.000,0.000,AP
2026-05-15 07:35:35,1900-01-00 00:00:00,,9C:2F:9D:82:20:A3,-19,,0.000000,0.000000,0.000,0.000,Client
2026-05-15 07:35:35,1900-01-00 00:00:00,dlink-615_EXT,40:86:CB:27:D2:0C,-19, WPA2 ,0.000000,0.000000,0.000,0.000,AP
2026-05-15 07:35:35,1900-01-00 00:00:00,,9C:2F:9D:82:20:A3,-19,,0.000000,0.000000,0.000,0.000,Client
2026-05-15 07:35:35,1900-01-00 00:00:00,dlink-615_EXT,40:86:CB:27:D2:0C,-19, WPA2 ,0.000000,0.000000,0.000,0.000,AP
2026-05-15 07:35:35,1900-01-00 00:00:00,,9C:2F:9D:82:20:A3,-19,,0.000000,0.000000,0.000,0.000,Client
2026-05-15 07:35:35,1900-01-00 00:00:00,dlink-615_EXT,40:86:CB:27:D2:0C,-19, WPA2 ,0.000000,0.000000,0.000,0.000,AP
2026-05-15 07:35:35,1900-01-00 00:00:00,,9C:2F:9D:82:20:A3,-19,,0.000000,0.000000,0.000,0.000,Client
2026-05-15 07:35:35,1900-01-00 00:00:00,dlink-615_EXT,40:86:CB:27:D2:0C,-19, WPA2 ,0.000000,0.000000,0.000,0.000,AP
2026-05-15 07:35:35,1900-01-00 00:00:00,,9C:2F:9D:82:20:A3,-19,,0.000000,0.000000,0.000,0.000,Client
2026-05-15 07:35:35,1900-01-00 00:00:00,dlink-615_EXT,40:86:CB:27:D2:0C,-19, WPA2 ,0.000000,0.000000,0.000,0.000,AP
2026-05-15 07:35:35,1900-01-00 00:00:00,,9C:2F:9D:82:20:A3,-19,,0.000000,0.000000,0.000,0.000,Client
2026-05-15 07:35:35,1900-01-00 00:00:00,dlink-615_EXT,40:86:CB:27:D2:0C,-19, WPA2 ,0.000000,0.000000,0.000,0.000,AP
2026-05-15 07:35:35,1900-01-00 00:00:00,,9C:2F:9D:82:20:A3,-19,,0.000000,0.000000,0.000,0.000,Client
2026-05-15 07:35:35,1900-01-00 00:00:00,dlink-615_EXT,40:86:CB:27:D2:0C,-19, WPA2 ,0.000000,0.000000,0.000,0.000,AP
2026-05-15 07:35:35,1900-01-00 00:00:00,,9C:2F:9D:82:20:A3,-19,,0.000000,0.000000,0.000,0.000,Client
2026-05-15 07:35:35,1900-01-00 00:00:00,dlink-615_EXT,40:86:CB:27:D2:0C,-19, WPA2 ,0.000000,0.000000,0.000,0.000,AP
2026-05-15 07:35:35,1900-01-00 00:00:00,,9C:2F:9D:82:20:A3,-19,,0.000000,0.000000,0.000,0.000,Client
2026-05-15 07:35:35,1900-01-00 00:00:00,dlink-615_EXT,40:86:CB:27:D2:0C,-19, WPA2 ,0.000000,0.000000,0.000,0.000,AP
2026-05-15 07:35:35,1900-01-00 00:00:00,,9C:2F:9D:82:20:A3,-19,,0.000000,0.000000,0.000,0.000,Client
2026-05-15 07:35:35,1900-01-00 00:00:00,dlink-615_EXT,40:86:CB:27:D2:0C,-19, WPA2 ,0.000000,0.000000,0.000,0.000,AP
2026-05-15 07:35:35,1900-01-00 00:00:00,,9C:2F:9D:82:20:A3,-19,,0.000000,0.000000,0.000,0.000,Client
2026-05-15 07:35:35,1900-01-00 00:00:00,dlink-615_EXT,40:86:CB:27:D2:0C,-19, WPA2 ,0.000000,0.000000,0.000,0.000,AP
2026-05-15 07:35:35,1900-01-00 00:00:00,,9C:2F:9D:82:20:A3,-19,,0.000000,0.000000,0.000,0.000,Client
2026-05-15 07:35:35,1900-01-00 00:00:00,dlink-615_EXT,40:86:CB:27:D2:0C,-19, WPA2 ,0.000000,0.000000,0.000,0.000,AP
2026-05-15 07:35:35,1900-01-00 00:00:00,,9C:2F:9D:82:20:A3,-19,,0.000000,0.000000,0.000,0.000,Client
2026-05-15 07:35:35,1900-01-00 00:00:00,dlink-615_EXT,40:86:CB:27:D2:0C,-19, WPA2 ,0.000000,0.000000,0.000,0.000,AP
2026-05-15 07:35:35,1900-01-00 00:00:00,,9C:2F:9D:82:20:A3,-19,,0.000000,0.000000,0.000,0.000,Client
2026-05-15 07:35:35,1900-01-00 00:00:00,dlink-615_EXT,40:86:CB:27:D2:0C,-19, WPA2 ,0.000000,0.000000,0.000,0.000,AP
2026-05-15 07:35:35,1900-01-00 00:00:00,,9C:2F:9D:82:20:A3,-19,,0.000000,0.000000,0.000,0.000,Client
2026-05-15 07:35:35,1900-01-00 00:00:00,dlink-615_EXT,40:86:CB:27:D2:0C,-19, WPA2 ,0.000000,0.000000,0.000,0.000,AP
2026-05-15 07:35:35,1900-01-00 00:00:00,,9C:2F:9D:82:20:A3,-19,,0.000000,0.000000,0.000,0.000,Client
2026-05-15 07:35:35,1900-01-00 00:00:00,dlink-615_EXT,40:86:CB:27:D2:0C,-19, WPA2 ,0.000000,0.000000,0.000,0.000,AP
2026-05-15 07:35:35,1900-01-00 00:00:00,,9C:2F:9D:82:20:A3,-19,,0.000000,0.000000,0.000,0.000,Client
2026-05-15 07:35:35,1900-01-00 00:00:00,dlink-615_EXT,40:86:CB:27:D2:0C,-19, WPA2 ,0.000000,0.000000,0.000,0.000,AP
2026-05-15 07:35:35,1900-01-00 00:00:00,,9C:2F:9D:82:20:A3,-19,,0.000000,0.000000,0.000,0.000,Client
2026-05-15 07:35:35,1900-01-00 00:00:00,dlink-615_EXT,40:86:CB:27:D2:0C,-19, WPA2 ,0.000000,0.000000,0.000,0.000,AP
2026-05-15 07:35:35,1900-01-00 00:00:00,,9C:2F:9D:82:20:A3,-19,,0.000000,0.000000,0.000,0.000,Client
2026-05-15 07:35:35,1900-01-00 00:00:00,dlink-615_EXT,40:86:CB:27:D2:0C,-19, WPA2 ,0.000000,0.000000,0.000,0.000,AP
2026-05-15 07:35:35,1900-01-00 00:00:00,,9C:2F:9D:82:20:A3,-19,,0.000000,0.000000,0.000,0.000,Client
2026-05-15 07:35:35,1900-01-00 00:00:00,dlink-615_EXT,40:86:CB:27:D2:0C,-19, WPA2 ,0.000000,0.000000,0.000,0.000,AP
2026-05-15 07:35:35,1900-01-00 00:00:00,,9C:2F:9D:82:20:A3,-19,,0.000000,0.000000,0.000,0.000,Client
2026-05-15 07:35:35,1900-01-00 00:00:00,dlink-615_EXT,40:86:CB:27:D2:0C,-19, WPA2 ,0.000000,0.000000,0.000,0.000,AP
2026-05-15 07:35:35,1900-01-00 00:00:00,,9C:2F:9D:82:20:A3,-19,,0.000000,0.000000,0.000,0.000,Client
2026-05-15 07:35:35,1900-01-00 00:00:00,dlink-615_EXT,40:86:CB:27:D2:0C,-19, WPA2 ,0.000000,0.000000,0.000,0.000,AP
2026-05-15 07:35:35,1900-01-00 00:00:00,,9C:2F:9D:82:20:A3,-19,,0.000000,0.000000,0.000,0.000,Client
2026-05-15 07:35:35,1900-01-00 00:00:00,dlink-615_EXT,40:86:CB:27:D2:0C,-19, WPA2 ,0.000000,0.000000,0.000,0.000,AP
2026-05-15 07:35:35,1900-01-00 00:00:00,,9C:2F:9D:82:20:A3,-19,,0.000000,0.000000,0.000,0.000,Client
2026-05-15 07:35:35,1900-01-00 00:00:00,dlink-615_EXT,40:86:CB:27:D2:0C,-19, WPA2 ,0.000000,0.000000,0.000,0.000,AP
2026-05-15 07:35:35,1900-01-00 00:00:00,,9C:2F:9D:82:20:A3,-19,,0.000000,0.000000,0.000,0.000,Client
2026-05-15 07:35:35,1900-01-00 00:00:00,dlink-615_EXT,40:86:CB:27:D2:0C,-19, WPA2 ,0.000000,0.000000,0.000,0.000,AP
2026-05-15 07:35:35,1900-01-00 00:00:00,,9C:2F:9D:82:20:A3,-19,,0.000000,0.000000,0.000,0.000,Client
2026-05-15 07:35:35,1900-01-00 00:00:00,dlink-615_EXT,40:86:CB:27:D2:0C,-19, WPA2 ,0.000000,0.000000,0.000,0.000,AP
2026-05-15 07:35:35,1900-01-00 00:00:00,,9C:2F:9D:82:20:A3,-19,,0.000000,0.000000,0.000,0.000,Client
2026-05-15 07:35:35,1900-01-00 00:00:00,dlink-615_EXT,40:86:CB:27:D2:0C,-19, WPA2 ,0.000000,0.000000,0.000,0.000,AP
2026-05-15 07:35:35,1900-01-00 00:00:00,,9C:2F:9D:82:20:A3,-19,,0.000000,0.000000,0.000,0.000,Client
2026-05-15 07:35:35,1900-01-00 00:00:00,dlink-615_EXT,40:86:CB:27:D2:0C,-19, WPA2 ,0.000000,0.000000,0.000,0.000,AP
2026-05-15 07:35:35,1900-01-00 00:00:00,,9C:2F:9D:82:20:A3,-19,,0.000000,0.000000,0.000,0.000,Client
2026-05-15 07:35:35,1900-01-00 00:00:00,dlink-615_EXT,40:86:CB:27:D2:0C,-19, WPA2 ,0.000000,0.000000,0.000,0.000,AP
2026-05-15 07:35:35,1900-01-00 00:00:00,,9C:2F:9D:82:20:A3,-19,,0.000000,0.000000,0.000,0.000,Client
2026-05-15 07:35:35,1900-01-00 00:00:00,dlink-615_EXT,40:86:CB:27:D2:0C,-19, WPA2 ,0.000000,0.000000,0.000,0.000,AP
2026-05-15 07:35:35,1900-01-00 00:00:00,,9C:2F:9D:82:20:A3,-19,,0.000000,0.000000,0.000,0.000,Client
2026-05-15 07:35:35,1900-01-00 00:00:00,dlink-615_EXT,40:86:CB:27:D2:0C,-19, WPA2 ,0.000000,0.000000,0.000,0.000,AP
2026-05-15 07:35:35,1900-01-00 00:00:00,,9C:2F:9D:82:20:A3,-19,,0.000000,0.000000,0.000,0.000,Client
2026-05-15 07:35:35,1900-01-00 00:00:00,dlink-615_EXT,40:86:CB:27:D2:0C,-19, WPA2 ,0.000000,0.000000,0.000,0.000,AP
2026-05-15 07:35:35,1900-01-00 00:00:00,,9C:2F:9D:82:20:A3,-19,,0.000000,0.000000,0.000,0.000,Client
2026-05-15 07:35:35,1900-01-00 00:00:00,dlink-615_EXT,40:86:CB:27:D2:0C,-19, WPA2 ,0.000000,0.000000,0.000,0.000,AP
2026-05-15 07:35:35,1900-01-00 00:00:00,,9C:2F:9D:82:20:A3,-19,,0.000000,0.000000,0.000,0.000,Client
2026-05-15 07:35:35,1900-01-00 00:00:00,dlink-615_EXT,40:86:CB:27:D2:0C,-19, WPA2 ,0.000000,0.000000,0.000,0.000,AP
2026-05-15 07:35:35,1900-01-00 00:00:00,,9C:2F:9D:82:20:A3,-19,,0.000000,0.000000,0.000,0.000,Client
2026-05-15 07:35:35,1900-01-00 00:00:00,dlink-615_EXT,40:86:CB:27:D2:0C,-19, WPA2 ,0.000000,0.000000,0.000,0.000,AP
2026-05-15 07:35:35,1900-01-00 00:00:00,,9C:2F:9D:82:20:A3,-19,,0.000000,0.000000,0.000,0.000,Client
2026-05-15 07:35:35,1900-01-00 00:00:00,dlink-615_EXT,40:86:CB:27:D2:0C,-19, WPA2 ,0.000000,0.000000,0.000,0.000,AP
2026-05-15 07:35:35,1900-01-00 00:00:00,,9C:2F:9D:82:20:A3,-19,,0.000000,0.000000,0.000,0.000,Client
2026-05-15 07:35:35,1900-01-00 00:00:00,dlink-615_EXT,40:86:CB:27:D2:0C,-19, WPA2 ,0.000000,0.000000,0.000,0.000,AP
2026-05-15 07:35:35,1900-01-00 00:00:00,,9C:2F:9D:82:20:A3,-19,,0.000000,0.000000,0.000,0.000,Client
2026-05-15 07:35:35,1900-01-00 00:00:00,dlink-615_EXT,40:86:CB:27:D2:0C,-19, WPA2 ,0.000000,0.000000,0.000,0.000,AP
2026-05-15 07:35:35,1900-01-00 00:00:00,,9C:2F:9D:82:20:A3,-19,,0.000000,0.000000,0.000,0.000,Client
2026-05-15 07:35:35,1900-01-00 00:00:00,dlink-615_EXT,40:86:CB:27:D2:0C,-19, WPA2 ,0.000000,0.000000,0.000,0.000,AP
2026-05-15 07:35:35,1900-01-00 00:00:00,,9C:2F:9D:82:20:A3,-19,,0.000000,0.000000,0.000,0.000,Client
2026-05-15 07:35:35,1900-01-00 00:00:00,dlink-615_EXT,40:86:CB:27:D2:0C,-19, WPA2 ,0.000000,0.000000,0.000,0.000,AP
2026-05-15 07:35:35,1900-01-00 00:00:00,,9C:2F:9D:82:20:A3,-19,,0.000000,0.000000,0.000,0.000,Client
2026-05-15 07:35:35,1900-01-00 00:00:00,dlink-615_EXT,40:86:CB:27:D2:0C,-19, WPA2 ,0.000000,0.000000,0.000,0.000,AP
2026-05-15 07:35:35,1900-01-00 00:00:00,,9C:2F:9D:82:20:A3,-19,,0.000000,0.000000,0.000,0.000,Client
2026-05-15 07:35:35,1900-01-00 00:00:00,dlink-615_EXT,40:86:CB:27:D2:0C,-19, WPA2 ,0.000000,0.000000,0.000,0.000,AP
2026-05-15 07:35:35,1900-01-00 00:00:00,,9C:2F:9D:82:20:A3,-19,,0.000000,0.000000,0.000,0.000,Client
2026-05-15 07:35:35,1900-01-00 00:00:00,dlink-615_EXT,40:86:CB:27:D2:0C,-19, WPA2 ,0.000000,0.000000,0.000,0.000,AP
2026-05-15 07:35:35,1900-01-00 00:00:00,,9C:2F:9D:82:20:A3,-19,,0.000000,0.000000,0.000,0.000,Client
2026-05-15 07:35:35,1900-01-00 00:00:00,dlink-615_EXT,40:86:CB:27:D2:0C,-19, WPA2 ,0.000000,0.000000,0.000,0.000,AP
2026-05-15 07:35:35,1900-01-00 00:00:00,,9C:2F:9D:82:20:A3,-19,,0.000000,0.000000,0.000,0.000,Client
2026-05-15 07:35:35,1900-01-00 00:00:00,dlink-615_EXT,40:86:CB:27:D2:0C,-19, WPA2 ,0.000000,0.000000,0.000,0.000,AP
2026-05-15 07:35:35,1900-01-00 00:00:00,,9C:2F:9D:82:20:A3,-19,,0.000000,0.000000,0.000,0.000,Client
2026-05-15 07:35:35,1900-01-00 00:00:00,dlink-615_EXT,40:86:CB:27:D2:0C,-19, WPA2 ,0.000000,0.000000,0.000,0.000,AP
2026-05-15 07:35:35,1900-01-00 00:00:00,,9C:2F:9D:82:20:A3,-19,,0.000000,0.000000,0.000,0.000,Client
2026-05-15 07:35:35,1900-01-00 00:00:00,dlink-615_EXT,40:86:CB:27:D2:0C,-19, WPA2 ,0.000000,0.000000,0.000,0.000,AP
2026-05-15 07:35:35,1900-01-00 00:00:00,,9C:2F:9D:82:20:A3,-19,,0.000000,0.000000,0.000,0.000,Client
2026-05-15 07:35:35,1900-01-00 00:00:00,dlink-615_EXT,40:86:CB:27:D2:0C,-19, WPA2 ,0.000000,0.000000,0.000,0.000,AP
2026-05-15 07:35:35,1900-01-00 00:00:00,,9C:2F:9D:82:20:A3,-19,,0.000000,0.000000,0.000,0.000,Client
2026-05-15 07:35:35,1900-01-00 00:00:00,dlink-615_EXT,40:86:CB:27:D2:0C,-19, WPA2 ,0.000000,0.000000,0.000,0.000,AP
2026-05-15 07:35:35,1900-01-00 00:00:00,,9C:2F:9D:82:20:A3,-19,,0.000000,0.000000,0.000,0.000,Client
2026-05-15 07:35:35,1900-01-00 00:00:00,dlink-615_EXT,40:86:CB:27:D2:0C,-19, WPA2 ,0.000000,0.000000,0.000,0.000,AP
2026-05-15 07:35:35,1900-01-00 00:00:00,,9C:2F:9D:82:20:A3,-19,,0.000000,0.000000,0.000,0.000,Client
2026-05-15 07:35:35,1900-01-00 00:00:00,dlink-615_EXT,40:86:CB:27:D2:0C,-19, WPA2 ,0.000000,0.000000,0.000,0.000,AP
2026-05-15 07:35:35,1900-01-00 00:00:00,,9C:2F:9D:82:20:A3,-19,,0.000000,0.000000,0.000,0.000,Client
2026-05-15 07:35:35,1900-01-00 00:00:00,dlink-615_EXT,40:86:CB:27:D2:0C,-19, WPA2 ,0.000000,0.000000,0.000,0.000,AP
2026-05-15 07:35:35,1900-01-00 00:00:00,,9C:2F:9D:82:20:A3,-19,,0.000000,0.000000,0.000,0.000,Client
2026-05-15 07:35:35,1900-01-00 00:00:00,dlink-615_EXT,40:86:CB:27:D2:0C,-19, WPA2 ,0.000000,0.000000,0.000,0.000,AP
2026-05-15 07:35:35,1900-01-00 00:00:00,,9C:2F:9D:82:20:A3,-19,,0.000000,0.000000,0.000,0.000,Client
2026-05-15 07:35:35,1900-01-00 00:00:00,dlink-615_EXT,40:86:CB:27:D2:0C,-19, WPA2 ,0.000000,0.000000,0.000,0.000,AP
2026-05-15 07:35:35,1900-01-00 00:00:00,,9C:2F:9D:82:20:A3,-19,,0.000000,0.000000,0.000,0.000,Client
2026-05-15 07:35:35,1900-01-00 00:00:00,dlink-615_EXT,40:86:CB:27:D2:0C,-19, WPA2 ,0.000000,0.000000,0.000,0.000,AP
2026-05-15 07:35:35,1900-01-00 00:00:00,,9C:2F:9D:82:20:A3,-19,,0.000000,0.000000,0.000,0.000,Client
2026-05-15 07:35:35,1900-01-00 00:00:00,dlink-615_EXT,40:86:CB:27:D2:0C,-19, WPA2 ,0.000000,0.000000,0.000,0.000,AP
2026-05-15 07:35:35,1900-01-00 00:00:00,,9C:2F:9D:82:20:A3,-19,,0.000000,0.000000,0.000,0.000,Client
2026-05-15 07:35:35,1900-01-00 00:00:00,dlink-615_EXT,40:86:CB:27:D2:0C,-19, WPA2 ,0.000000,0.000000,0.000,0.000,AP
2026-05-15 07:35:35,1900-01-00 00:00:00,,9C:2F:9D:82:20:A3,-19,,0.000000,0.000000,0.000,0.000,Client
2026-05-15 07:35:35,1900-01-00 00:00:00,dlink-615_EXT,40:86:CB:27:D2:0C,-19, WPA2 ,0.000000,0.000000,0.000,0.000,AP
2026-05-15 07:35:35,1900-01-00 00:00:00,,9C:2F:9D:82:20:A3,-19,,0.000000,0.000000,0.000,0.000,Client
2026-05-15 07:35:35,1900-01-00 00:00:00,dlink-615_EXT,40:86:CB:27:D2:0C,-19, WPA2 ,0.000000,0.000000,0.000,0.000,AP
2026-05-15 07:35:35,1900-01-00 00:00:00,,9C:2F:9D:82:20:A3,-19,,0.000000,0.000000,0.000,0.000,Client
2026-05-15 07:35:35,1900-01-00 00:00:00,dlink-615_EXT,40:86:CB:27:D2:0C,-19, WPA2 ,0.000000,0.000000,0.000,0.000,AP
2026-05-15 07:35:35,1900-01-00 00:00:00,,9C:2F:9D:82:20:A3,-19,,0.000000,0.000000,0.000,0.000,Client
2026-05-15 07:35:35,1900-01-00 00:00:00,dlink-615_EXT,40:86:CB:27:D2:0C,-23, WPA2 ,0.000000,0.000000,0.000,0.000,AP
2026-05-15 07:35:35,1900-01-00 00:00:00,,9C:2F:9D:82:20:A3,-23,,0.000000,0.000000,0.000,0.000,Client
2026-05-15 07:35:35,1900-01-00 00:00:00,dlink-615_EXT,40:86:CB:27:D2:0C,-23, WPA2 ,0.000000,0.000000,0.000,0.000,AP
2026-05-15 07:35:35,1900-01-00 00:00:00,,9C:2F:9D:82:20:A3,-23,,0.000000,0.000000,0.000,0.000,Client
2026-05-15 07:35:35,1900-01-00 00:00:00,dlink-615_EXT,40:86:CB:27:D2:0C,-25, WPA2 ,0.000000,0.000000,0.000,0.000,AP
2026-05-15 07:35:35,1900-01-00 00:00:00,,9C:2F:9D:82:20:A3,-25,,0.000000,0.000000,0.000,0.000,Client
2026-05-15 07:35:35,1900-01-00 00:00:00,dlink-615_EXT,40:86:CB:27:D2:0C,-25, WPA2 ,0.000000,0.000000,0.000,0.000,AP
2026-05-15 07:35:35,1900-01-00 00:00:00,,9C:2F:9D:82:20:A3,-25,,0.000000,0.000000,0.000,0.000,Client
2026-05-15 07:35:35,1900-01-00 00:00:00,dlink-615_EXT,40:86:CB:27:D2:0C,-23, WPA2 ,0.000000,0.000000,0.000,0.000,AP
2026-05-15 07:35:35,1900-01-00 00:00:00,,9C:2F:9D:82:20:A3,-23,,0.000000,0.000000,0.000,0.000,Client
2026-05-15 07:35:35,1900-01-00 00:00:00,dlink-615_EXT,40:86:CB:27:D2:0C,-23, WPA2 ,0.000000,0.000000,0.000,0.000,AP
2026-05-15 07:35:35,1900-01-00 00:00:00,,9C:2F:9D:82:20:A3,-23,,0.000000,0.000000,0.000,0.000,Client
2026-05-15 07:35:35,1900-01-00 00:00:00,dlink-615_EXT,40:86:CB:27:D2:0C,-23, WPA2 ,0.000000,0.000000,0.000,0.000,AP
2026-05-15 07:35:35,1900-01-00 00:00:00,,9C:2F:9D:82:20:A3,-23,,0.000000,0.000000,0.000,0.000,Client
2026-05-15 07:35:35,1900-01-00 00:00:00,dlink-615_EXT,40:86:CB:27:D2:0C,-23, WPA2 ,0.000000,0.000000,0.000,0.000,AP
2026-05-15 07:35:35,1900-01-00 00:00:00,,9C:2F:9D:82:20:A3,-23,,0.000000,0.000000,0.000,0.000,Client
2026-05-15 07:35:35,1900-01-00 00:00:00,dlink-615_EXT,40:86:CB:27:D2:0C,-23, WPA2 ,0.000000,0.000000,0.000,0.000,AP
2026-05-15 07:35:35,1900-01-00 00:00:00,,9C:2F:9D:82:20:A3,-23,,0.000000,0.000000,0.000,0.000,Client
2026-05-15 07:35:35,1900-01-00 00:00:00,dlink-615_EXT,40:86:CB:27:D2:0C,-23, WPA2 ,0.000000,0.000000,0.000,0.000,AP
2026-05-15 07:35:35,1900-01-00 00:00:00,,9C:2F:9D:82:20:A3,-23,,0.000000,0.000000,0.000,0.000,Client
2026-05-15 07:35:35,1900-01-00 00:00:00,dlink-615_EXT,40:86:CB:27:D2:0C,-23, WPA2 ,0.000000,0.000000,0.000,0.000,AP
2026-05-15 07:35:35,1900-01-00 00:00:00,,9C:2F:9D:82:20:A3,-23,,0.000000,0.000000,0.000,0.000,Client
2026-05-15 07:35:35,1900-01-00 00:00:00,dlink-615_EXT,40:86:CB:27:D2:0C,-23, WPA2 ,0.000000,0.000000,0.000,0.000,AP
2026-05-15 07:35:35,1900-01-00 00:00:00,,9C:2F:9D:82:20:A3,-23,,0.000000,0.000000,0.000,0.000,Client
2026-05-15 07:35:35,1900-01-00 00:00:00,dlink-615_EXT,40:86:CB:27:D2:0C,-23, WPA2 ,0.000000,0.000000,0.000,0.000,AP
2026-05-15 07:35:35,1900-01-00 00:00:00,,9C:2F:9D:82:20:A3,-23,,0.000000,0.000000,0.000,0.000,Client
2026-05-15 07:35:35,1900-01-00 00:00:00,dlink-615_EXT,40:86:CB:27:D2:0C,-23, WPA2 ,0.000000,0.000000,0.000,0.000,AP
2026-05-15 07:35:35,1900-01-00 00:00:00,,9C:2F:9D:82:20:A3,-23,,0.000000,0.000000,0.000,0.000,Client
2026-05-15 07:35:35,1900-01-00 00:00:00,dlink-615_EXT,40:86:CB:27:D2:0C,-23, WPA2 ,0.000000,0.000000,0.000,0.000,AP
2026-05-15 07:35:35,1900-01-00 00:00:00,,9C:2F:9D:82:20:A3,-23,,0.000000,0.000000,0.000,0.000,Client
2026-05-15 07:35:35,1900-01-00 00:00:00,dlink-615_EXT,40:86:CB:27:D2:0C,-23, WPA2 ,0.000000,0.000000,0.000,0.000,AP
2026-05-15 07:35:35,1900-01-00 00:00:00,,9C:2F:9D:82:20:A3,-23,,0.000000,0.000000,0.000,0.000,Client
2026-05-15 07:35:35,1900-01-00 00:00:00,dlink-615_EXT,40:86:CB:27:D2:0C,-23, WPA2 ,0.000000,0.000000,0.000,0.000,AP
2026-05-15 07:35:35,1900-01-00 00:00:00,,9C:2F:9D:82:20:A3,-23,,0.000000,0.000000,0.000,0.000,Client
2026-05-15 07:35:35,1900-01-00 00:00:00,dlink-615_EXT,40:86:CB:27:D2:0C,-23, WPA2 ,0.000000,0.000000,0.000,0.000,AP
2026-05-15 07:35:35,1900-01-00 00:00:00,,9C:2F:9D:82:20:A3,-23,,0.000000,0.000000,0.000,0.000,Client
2026-05-15 07:35:35,1900-01-00 00:00:00,dlink-615_EXT,40:86:CB:27:D2:0C,-23, WPA2 ,0.000000,0.000000,0.000,0.000,AP
2026-05-15 07:35:35,1900-01-00 00:00:00,,9C:2F:9D:82:20:A3,-23,,0.000000,0.000000,0.000,0.000,Client
2026-05-15 07:35:35,1900-01-00 00:00:00,dlink-615_EXT,40:86:CB:27:D2:0C,-23, WPA2 ,0.000000,0.000000,0.000,0.000,AP
2026-05-15 07:35:35,1900-01-00 00:00:00,,9C:2F:9D:82:20:A3,-23,,0.000000,0.000000,0.000,0.000,Client
2026-05-15 07:35:35,1900-01-00 00:00:00,dlink-615_EXT,40:86:CB:27:D2:0C,-23, WPA2 ,0.000000,0.000000,0.000,0.000,AP
2026-05-15 07:35:35,1900-01-00 00:00:00,,9C:2F:9D:82:20:A3,-23,,0.000000,0.000000,0.000,0.000,Client
2026-05-15 07:35:35,1900-01-00 00:00:00,dlink-615_EXT,40:86:CB:27:D2:0C,-23, WPA2 ,0.000000,0.000000,0.000,0.000,AP
2026-05-15 07:35:35,1900-01-00 00:00:00,,9C:2F:9D:82:20:A3,-23,,0.000000,0.000000,0.000,0.000,Client
2026-05-15 07:35:35,1900-01-00 00:00:00,dlink-615_EXT,40:86:CB:27:D2:0C,-23, WPA2 ,0.000000,0.000000,0.000,0.000,AP
2026-05-15 07:35:35,1900-01-00 00:00:00,,9C:2F:9D:82:20:A3,-23,,0.000000,0.000000,0.000,0.000,Client
2026-05-15 07:35:35,1900-01-00 00:00:00,dlink-615_EXT,40:86:CB:27:D2:0C,-23, WPA2 ,0.000000,0.000000,0.000,0.000,AP
2026-05-15 07:35:35,1900-01-00 00:00:00,,9C:2F:9D:82:20:A3,-23,,0.000000,0.000000,0.000,0.000,Client
2026-05-15 07:35:35,1900-01-00 00:00:00,dlink-615_EXT,40:86:CB:27:D2:0C,-23, WPA2 ,0.000000,0.000000,0.000,0.000,AP
2026-05-15 07:35:35,1900-01-00 00:00:00,,9C:2F:9D:82:20:A3,-23,,0.000000,0.000000,0.000,0.000,Client
2026-05-15 07:35:35,1900-01-00 00:00:00,dlink-615_EXT,40:86:CB:27:D2:0C,-23, WPA2 ,0.000000,0.000000,0.000,0.000,AP
2026-05-15 07:35:35,1900-01-00 00:00:00,,9C:2F:9D:82:20:A3,-23,,0.000000,0.000000,0.000,0.000,Client
2026-05-15 07:35:35,1900-01-00 00:00:00,dlink-615_EXT,40:86:CB:27:D2:0C,-23, WPA2 ,0.000000,0.000000,0.000,0.000,AP
2026-05-15 07:35:35,1900-01-00 00:00:00,,9C:2F:9D:82:20:A3,-23,,0.000000,0.000000,0.000,0.000,Client
2026-05-15 07:35:35,1900-01-00 00:00:00,dlink-615_EXT,40:86:CB:27:D2:0C,-23, WPA2 ,0.000000,0.000000,0.000,0.000,AP
2026-05-15 07:35:35,1900-01-00 00:00:00,,9C:2F:9D:82:20:A3,-23,,0.000000,0.000000,0.000,0.000,Client
2026-05-15 07:35:35,1900-01-00 00:00:00,dlink-615_EXT,40:86:CB:27:D2:0C,-23, WPA2 ,0.000000,0.000000,0.000,0.000,AP
2026-05-15 07:35:35,1900-01-00 00:00:00,,9C:2F:9D:82:20:A3,-23,,0.000000,0.000000,0.000,0.000,Client
2026-05-15 07:35:35,1900-01-00 00:00:00,dlink-615_EXT,40:86:CB:27:D2:0C,-23, WPA2 ,0.000000,0.000000,0.000,0.000,AP
2026-05-15 07:35:35,1900-01-00 00:00:00,,9C:2F:9D:82:20:A3,-23,,0.000000,0.000000,0.000,0.000,Client
2026-05-15 07:35:36,1900-01-00 00:00:00,dlink-615_EXT,40:86:CB:27:D2:0C,-23, WPA2 ,0.000000,0.000000,0.000,0.000,AP
2026-05-15 07:35:36,1900-01-00 00:00:00,,9C:2F:9D:82:20:A3,-23,,0.000000,0.000000,0.000,0.000,Client
2026-05-15 07:35:36,1900-01-00 00:00:00,dlink-615_EXT,40:86:CB:27:D2:0C,-23, WPA2 ,0.000000,0.000000,0.000,0.000,AP
2026-05-15 07:35:36,1900-01-00 00:00:00,,9C:2F:9D:82:20:A3,-23,,0.000000,0.000000,0.000,0.000,Client
2026-05-15 07:35:36,1900-01-00 00:00:00,dlink-615_EXT,40:86:CB:27:D2:0C,-23, WPA2 ,0.000000,0.000000,0.000,0.000,AP
2026-05-15 07:35:36,1900-01-00 00:00:00,,9C:2F:9D:82:20:A3,-23,,0.000000,0.000000,0.000,0.000,Client
2026-05-15 07:35:36,1900-01-00 00:00:00,dlink-615_EXT,40:86:CB:27:D2:0C,-23, WPA2 ,0.000000,0.000000,0.000,0.000,AP
2026-05-15 07:35:36,1900-01-00 00:00:00,,9C:2F:9D:82:20:A3,-23,,0.000000,0.000000,0.000,0.000,Client
2026-05-15 07:35:36,1900-01-00 00:00:00,dlink-615_EXT,40:86:CB:27:D2:0C,-23, WPA2 ,0.000000,0.000000,0.000,0.000,AP
2026-05-15 07:35:36,1900-01-00 00:00:00,,9C:2F:9D:82:20:A3,-23,,0.000000,0.000000,0.000,0.000,Client
2026-05-15 07:35:36,1900-01-00 00:00:00,dlink-615_EXT,40:86:CB:27:D2:0C,-23, WPA2 ,0.000000,0.000000,0.000,0.000,AP
2026-05-15 07:35:36,1900-01-00 00:00:00,,9C:2F:9D:82:20:A3,-23,,0.000000,0.000000,0.000,0.000,Client
2026-05-15 07:35:36,1900-01-00 00:00:00,dlink-615_EXT,40:86:CB:27:D2:0C,-23, WPA2 ,0.000000,0.000000,0.000,0.000,AP
2026-05-15 07:35:36,1900-01-00 00:00:00,,9C:2F:9D:82:20:A3,-23,,0.000000,0.000000,0.000,0.000,Client
2026-05-15 07:35:36,1900-01-00 00:00:00,dlink-615_EXT,40:86:CB:27:D2:0C,-23, WPA2 ,0.000000,0.000000,0.000,0.000,AP
2026-05-15 07:35:36,1900-01-00 00:00:00,,9C:2F:9D:82:20:A3,-23,,0.000000,0.000000,0.000,0.000,Client
2026-05-15 07:35:36,1900-01-00 00:00:00,dlink-615_EXT,40:86:CB:27:D2:0C,-23, WPA2 ,0.000000,0.000000,0.000,0.000,AP
2026-05-15 07:35:36,1900-01-00 00:00:00,,9C:2F:9D:82:20:A3,-23,,0.000000,0.000000,0.000,0.000,Client
2026-05-15 07:35:36,1900-01-00 00:00:00,dlink-615_EXT,40:86:CB:27:D2:0C,-23, WPA2 ,0.000000,0.000000,0.000,0.000,AP
2026-05-15 07:35:36,1900-01-00 00:00:00,,9C:2F:9D:82:20:A3,-23,,0.000000,0.000000,0.000,0.000,Client
2026-05-15 07:35:36,1900-01-00 00:00:00,dlink-615_EXT,40:86:CB:27:D2:0C,-23, WPA2 ,0.000000,0.000000,0.000,0.000,AP
2026-05-15 07:35:36,1900-01-00 00:00:00,,9C:2F:9D:82:20:A3,-23,,0.000000,0.000000,0.000,0.000,Client
2026-05-15 07:35:36,1900-01-00 00:00:00,dlink-615_EXT,40:86:CB:27:D2:0C,-23, WPA2 ,0.000000,0.000000,0.000,0.000,AP
2026-05-15 07:35:36,1900-01-00 00:00:00,,9C:2F:9D:82:20:A3,-23,,0.000000,0.000000,0.000,0.000,Client
2026-05-15 07:35:36,1900-01-00 00:00:00,dlink-615_EXT,40:86:CB:27:D2:0C,-23, WPA2 ,0.000000,0.000000,0.000,0.000,AP
2026-05-15 07:35:36,1900-01-00 00:00:00,,9C:2F:9D:82:20:A3,-23,,0.000000,0.000000,0.000,0.000,Client
2026-05-15 07:35:36,1900-01-00 00:00:00,dlink-615_EXT,40:86:CB:27:D2:0C,-23, WPA2 ,0.000000,0.000000,0.000,0.000,AP
2026-05-15 07:35:36,1900-01-00 00:00:00,,9C:2F:9D:82:20:A3,-23,,0.000000,0.000000,0.000,0.000,Client
2026-05-15 07:35:36,1900-01-00 00:00:00,dlink-615_EXT,40:86:CB:27:D2:0C,-23, WPA2 ,0.000000,0.000000,0.000,0.000,AP
2026-05-15 07:35:36,1900-01-00 00:00:00,,9C:2F:9D:82:20:A3,-23,,0.000000,0.000000,0.000,0.000,Client
2026-05-15 07:35:36,1900-01-00 00:00:00,dlink-615_EXT,40:86:CB:27:D2:0C,-23, WPA2 ,0.000000,0.000000,0.000,0.000,AP
2026-05-15 07:35:36,1900-01-00 00:00:00,,9C:2F:9D:82:20:A3,-23,,0.000000,0.000000,0.000,0.000,Client
2026-05-15 07:35:36,1900-01-00 00:00:00,dlink-615_EXT,40:86:CB:27:D2:0C,-23, WPA2 ,0.000000,0.000000,0.000,0.000,AP
2026-05-15 07:35:36,1900-01-00 00:00:00,,9C:2F:9D:82:20:A3,-23,,0.000000,0.000000,0.000,0.000,Client
2026-05-15 07:35:36,1900-01-00 00:00:00,dlink-615_EXT,40:86:CB:27:D2:0C,-23, WPA2 ,0.000000,0.000000,0.000,0.000,AP
2026-05-15 07:35:36,1900-01-00 00:00:00,,9C:2F:9D:82:20:A3,-23,,0.000000,0.000000,0.000,0.000,Client
2026-05-15 07:35:36,1900-01-00 00:00:00,dlink-615_EXT,40:86:CB:27:D2:0C,-23, WPA2 ,0.000000,0.000000,0.000,0.000,AP
2026-05-15 07:35:36,1900-01-00 00:00:00,,9C:2F:9D:82:20:A3,-23,,0.000000,0.000000,0.000,0.000,Client
2026-05-15 07:35:36,1900-01-00 00:00:00,dlink-615_EXT,40:86:CB:27:D2:0C,-23, WPA2 ,0.000000,0.000000,0.000,0.000,AP
2026-05-15 07:35:36,1900-01-00 00:00:00,,9C:2F:9D:82:20:A3,-23,,0.000000,0.000000,0.000,0.000,Client
2026-05-15 07:35:36,1900-01-00 00:00:00,dlink-615_EXT,40:86:CB:27:D2:0C,-23, WPA2 ,0.000000,0.000000,0.000,0.000,AP
2026-05-15 07:35:36,1900-01-00 00:00:00,,9C:2F:9D:82:20:A3,-23,,0.000000,0.000000,0.000,0.000,Client
2026-05-15 07:35:36,1900-01-00 00:00:00,dlink-615_EXT,40:86:CB:27:D2:0C,-23, WPA2 ,0.000000,0.000000,0.000,0.000,AP
2026-05-15 07:35:36,1900-01-00 00:00:00,,9C:2F:9D:82:20:A3,-23,,0.000000,0.000000,0.000,0.000,Client
2026-05-15 07:35:36,1900-01-00 00:00:00,dlink-615_EXT,40:86:CB:27:D2:0C,-23, WPA2 ,0.000000,0.000000,0.000,0.000,AP
2026-05-15 07:35:36,1900-01-00 00:00:00,,9C:2F:9D:82:20:A3,-23,,0.000000,0.000000,0.000,0.000,Client
2026-05-15 07:35:36,1900-01-00 00:00:00,dlink-615_EXT,40:86:CB:27:D2:0C,-23, WPA2 ,0.000000,0.000000,0.000,0.000,AP
2026-05-15 07:35:36,1900-01-00 00:00:00,,9C:2F:9D:82:20:A3,-23,,0.000000,0.000000,0.000,0.000,Client
2026-05-15 07:35:36,1900-01-00 00:00:00,dlink-615_EXT,40:86:CB:27:D2:0C,-23, WPA2 ,0.000000,0.000000,0.000,0.000,AP
2026-05-15 07:35:36,1900-01-00 00:00:00,,9C:2F:9D:82:20:A3,-23,,0.000000,0.000000,0.000,0.000,Client
2026-05-15 07:35:36,1900-01-00 00:00:00,dlink-615_EXT,40:86:CB:27:D2:0C,-23, WPA2 ,0.000000,0.000000,0.000,0.000,AP
2026-05-15 07:35:36,1900-01-00 00:00:00,,9C:2F:9D:82:20:A3,-23,,0.000000,0.000000,0.000,0.000,Client
2026-05-15 07:35:36,1900-01-00 00:00:00,dlink-615_EXT,40:86:CB:27:D2:0C,-23, WPA2 ,0.000000,0.000000,0.000,0.000,AP
2026-05-15 07:35:36,1900-01-00 00:00:00,,9C:2F:9D:82:20:A3,-23,,0.000000,0.000000,0.000,0.000,Client
2026-05-15 07:35:36,1900-01-00 00:00:00,dlink-615_EXT,40:86:CB:27:D2:0C,-23, WPA2 ,0.000000,0.000000,0.000,0.000,AP
2026-05-15 07:35:36,1900-01-00 00:00:00,,9C:2F:9D:82:20:A3,-23,,0.000000,0.000000,0.000,0.000,Client
2026-05-15 07:35:36,1900-01-00 00:00:00,dlink-615_EXT,40:86:CB:27:D2:0C,-23, WPA2 ,0.000000,0.000000,0.000,0.000,AP
2026-05-15 07:35:36,1900-01-00 00:00:00,,9C:2F:9D:82:20:A3,-23,,0.000000,0.000000,0.000,0.000,Client
2026-05-15 07:35:36,1900-01-00 00:00:00,dlink-615_EXT,40:86:CB:27:D2:0C,-23, WPA2 ,0.000000,0.000000,0.000,0.000,AP
2026-05-15 07:35:36,1900-01-00 00:00:00,,9C:2F:9D:82:20:A3,-23,,0.000000,0.000000,0.000,0.000,Client
2026-05-15 07:35:36,1900-01-00 00:00:00,dlink-615_EXT,40:86:CB:27:D2:0C,-23, WPA2 ,0.000000,0.000000,0.000,0.000,AP
2026-05-15 07:35:36,1900-01-00 00:00:00,,9C:2F:9D:82:20:A3,-23,,0.000000,0.000000,0.000,0.000,Client
2026-05-15 07:35:36,1900-01-00 00:00:00,dlink-615_EXT,40:86:CB:27:D2:0C,-23, WPA2 ,0.000000,0.000000,0.000,0.000,AP
2026-05-15 07:35:36,1900-01-00 00:00:00,,9C:2F:9D:82:20:A3,-23,,0.000000,0.000000,0.000,0.000,Client
2026-05-15 07:35:36,1900-01-00 00:00:00,dlink-615_EXT,40:86:CB:27:D2:0C,-23, WPA2 ,0.000000,0.000000,0.000,0.000,AP
2026-05-15 07:35:36,1900-01-00 00:00:00,,9C:2F:9D:82:20:A3,-23,,0.000000,0.000000,0.000,0.000,Client
2026-05-15 07:35:36,1900-01-00 00:00:00,dlink-615_EXT,40:86:CB:27:D2:0C,-23, WPA2 ,0.000000,0.000000,0.000,0.000,AP
2026-05-15 07:35:36,1900-01-00 00:00:00,,9C:2F:9D:82:20:A3,-23,,0.000000,0.000000,0.000,0.000,Client
2026-05-15 07:35:36,1900-01-00 00:00:00,dlink-615_EXT,40:86:CB:27:D2:0C,-23, WPA2 ,0.000000,0.000000,0.000,0.000,AP
2026-05-15 07:35:36,1900-01-00 00:00:00,,9C:2F:9D:82:20:A3,-23,,0.000000,0.000000,0.000,0.000,Client
2026-05-15 07:35:36,1900-01-00 00:00:00,dlink-615_EXT,40:86:CB:27:D2:0C,-23, WPA2 ,0.000000,0.000000,0.000,0.000,AP
2026-05-15 07:35:36,1900-01-00 00:00:00,,9C:2F:9D:82:20:A3,-23,,0.000000,0.000000,0.000,0.000,Client
2026-05-15 07:35:36,1900-01-00 00:00:00,dlink-615_EXT,40:86:CB:27:D2:0C,-23, WPA2 ,0.000000,0.000000,0.000,0.000,AP
2026-05-15 07:35:36,1900-01-00 00:00:00,,9C:2F:9D:82:20:A3,-23,,0.000000,0.000000,0.000,0.000,Client
2026-05-15 07:35:36,1900-01-00 00:00:00,dlink-615_EXT,40:86:CB:27:D2:0C,-23, WPA2 ,0.000000,0.000000,0.000,0.000,AP
2026-05-15 07:35:36,1900-01-00 00:00:00,,9C:2F:9D:82:20:A3,-23,,0.000000,0.000000,0.000,0.000,Client
2026-05-15 07:35:36,1900-01-00 00:00:00,dlink-615_EXT,40:86:CB:27:D2:0C,-65, WPA2 ,0.000000,0.000000,0.000,0.000,AP
2026-05-15 07:35:36,1900-01-00 00:00:00,,9C:2F:9D:82:20:A3,-65,,0.000000,0.000000,0.000,0.000,Client
2026-05-15 07:35:36,1900-01-00 00:00:00,dlink-615_EXT,40:86:CB:27:D2:0C,-65, WPA2 ,0.000000,0.000000,0.000,0.000,AP
2026-05-15 07:35:36,1900-01-00 00:00:00,,9C:2F:9D:82:20:A3,-19,,0.000000,0.000000,0.000,0.000,Client
2026-05-15 07:35:36,1900-01-00 00:00:00,dlink-615_EXT,40:86:CB:27:D2:0C,-19, WPA2 ,0.000000,0.000000,0.000,0.000,AP
2026-05-15 07:35:36,1900-01-00 00:00:00,,9C:2F:9D:82:20:A3,-19,,0.000000,0.000000,0.000,0.000,Client
2026-05-15 07:35:36,1900-01-00 00:00:00,dlink-615_EXT,40:86:CB:27:D2:0C,-19, WPA2 ,0.000000,0.000000,0.000,0.000,AP
2026-05-15 07:35:36,1900-01-00 00:00:00,,9C:2F:9D:82:20:A3,-19,,0.000000,0.000000,0.000,0.000,Client
2026-05-15 07:35:36,1900-01-00 00:00:00,dlink-615_EXT,40:86:CB:27:D2:0C,-19, WPA2 ,0.000000,0.000000,0.000,0.000,AP
2026-05-15 07:35:36,1900-01-00 00:00:00,,9C:2F:9D:82:20:A3,-19,,0.000000,0.000000,0.000,0.000,Client
2026-05-15 07:35:36,1900-01-00 00:00:00,dlink-615_EXT,40:86:CB:27:D2:0C,-19, WPA2 ,0.000000,0.000000,0.000,0.000,AP
2026-05-15 07:35:36,1900-01-00 00:00:00,,9C:2F:9D:82:20:A3,-19,,0.000000,0.000000,0.000,0.000,Client
2026-05-15 07:35:36,1900-01-00 00:00:00,dlink-615_EXT,40:86:CB:27:D2:0C,-19, WPA2 ,0.000000,0.000000,0.000,0.000,AP
2026-05-15 07:35:36,1900-01-00 00:00:00,,9C:2F:9D:82:20:A3,-19,,0.000000,0.000000,0.000,0.000,Client
2026-05-15 07:35:36,1900-01-00 00:00:00,dlink-615_EXT,40:86:CB:27:D2:0C,-19, WPA2 ,0.000000,0.000000,0.000,0.000,AP
2026-05-15 07:35:36,1900-01-00 00:00:00,,9C:2F:9D:82:20:A3,-19,,0.000000,0.000000,0.000,0.000,Client
2026-05-15 07:35:36,1900-01-00 00:00:00,dlink-615_EXT,40:86:CB:27:D2:0C,-19, WPA2 ,0.000000,0.000000,0.000,0.000,AP
2026-05-15 07:35:36,1900-01-00 00:00:00,,9C:2F:9D:82:20:A3,-19,,0.000000,0.000000,0.000,0.000,Client
2026-05-15 07:35:36,1900-01-00 00:00:00,dlink-615_EXT,40:86:CB:27:D2:0C,-19, WPA2 ,0.000000,0.000000,0.000,0.000,AP
2026-05-15 07:35:36,1900-01-00 00:00:00,,9C:2F:9D:82:20:A3,-19,,0.000000,0.000000,0.000,0.000,Client
2026-05-15 07:35:36,1900-01-00 00:00:00,dlink-615_EXT,40:86:CB:27:D2:0C,-19, WPA2 ,0.000000,0.000000,0.000,0.000,AP
2026-05-15 07:35:36,1900-01-00 00:00:00,,9C:2F:9D:82:20:A3,-19,,0.000000,0.000000,0.000,0.000,Client
2026-05-15 07:35:36,1900-01-00 00:00:00,dlink-615_EXT,40:86:CB:27:D2:0C,-19, WPA2 ,0.000000,0.000000,0.000,0.000,AP
2026-05-15 07:35:36,1900-01-00 00:00:00,,9C:2F:9D:82:20:A3,-19,,0.000000,0.000000,0.000,0.000,Client
2026-05-15 07:35:36,1900-01-00 00:00:00,dlink-615_EXT,40:86:CB:27:D2:0C,-19, WPA2 ,0.000000,0.000000,0.000,0.000,AP
2026-05-15 07:35:36,1900-01-00 00:00:00,,9C:2F:9D:82:20:A3,-19,,0.000000,0.000000,0.000,0.000,Client
2026-05-15 07:35:36,1900-01-00 00:00:00,dlink-615_EXT,40:86:CB:27:D2:0C,-19, WPA2 ,0.000000,0.000000,0.000,0.000,AP
2026-05-15 07:35:36,1900-01-00 00:00:00,,9C:2F:9D:82:20:A3,-19,,0.000000,0.000000,0.000,0.000,Client
2026-05-15 07:35:36,1900-01-00 00:00:00,dlink-615_EXT,40:86:CB:27:D2:0C,-19, WPA2 ,0.000000,0.000000,0.000,0.000,AP
2026-05-15 07:35:36,1900-01-00 00:00:00,,9C:2F:9D:82:20:A3,-19,,0.000000,0.000000,0.000,0.000,Client
2026-05-15 07:35:36,1900-01-00 00:00:00,dlink-615_EXT,40:86:CB:27:D2:0C,-17, WPA2 ,0.000000,0.000000,0.000,0.000,AP
2026-05-15 07:35:36,1900-01-00 00:00:00,,9C:2F:9D:82:20:A3,-17,,0.000000,0.000000,0.000,0.000,Client
2026-05-15 07:35:36,1900-01-00 00:00:00,dlink-615_EXT,40:86:CB:27:D2:0C,-17, WPA2 ,0.000000,0.000000,0.000,0.000,AP
2026-05-15 07:35:36,1900-01-00 00:00:00,,9C:2F:9D:82:20:A3,-17,,0.000000,0.000000,0.000,0.000,Client
2026-05-15 07:35:36,1900-01-00 00:00:00,dlink-615_EXT,40:86:CB:27:D2:0C,-19, WPA2 ,0.000000,0.000000,0.000,0.000,AP
2026-05-15 07:35:36,1900-01-00 00:00:00,,9C:2F:9D:82:20:A3,-19,,0.000000,0.000000,0.000,0.000,Client
2026-05-15 07:35:36,1900-01-00 00:00:00,dlink-615_EXT,40:86:CB:27:D2:0C,-19, WPA2 ,0.000000,0.000000,0.000,0.000,AP
2026-05-15 07:35:36,1900-01-00 00:00:00,,9C:2F:9D:82:20:A3,-19,,0.000000,0.000000,0.000,0.000,Client
2026-05-15 07:35:36,1900-01-00 00:00:00,dlink-615_EXT,40:86:CB:27:D2:0C,-17, WPA2 ,0.000000,0.000000,0.000,0.000,AP
2026-05-15 07:35:36,1900-01-00 00:00:00,,9C:2F:9D:82:20:A3,-17,,0.000000,0.000000,0.000,0.000,Client
2026-05-15 07:35:36,1900-01-00 00:00:00,dlink-615_EXT,40:86:CB:27:D2:0C,-19, WPA2 ,0.000000,0.000000,0.000,0.000,AP
2026-05-15 07:35:36,1900-01-00 00:00:00,,9C:2F:9D:82:20:A3,-19,,0.000000,0.000000,0.000,0.000,Client
2026-05-15 07:35:36,1900-01-00 00:00:00,dlink-615_EXT,40:86:CB:27:D2:0C,-19, WPA2 ,0.000000,0.000000,0.000,0.000,AP
2026-05-15 07:35:36,1900-01-00 00:00:00,,9C:2F:9D:82:20:A3,-19,,0.000000,0.000000,0.000,0.000,Client
2026-05-15 07:35:36,1900-01-00 00:00:00,dlink-615_EXT,40:86:CB:27:D2:0C,-21, WPA2 ,0.000000,0.000000,0.000,0.000,AP
2026-05-15 07:35:36,1900-01-00 00:00:00,,9C:2F:9D:82:20:A3,-21,,0.000000,0.000000,0.000,0.000,Client
2026-05-15 07:35:36,1900-01-00 00:00:00,dlink-615_EXT,40:86:CB:27:D2:0C,-19, WPA2 ,0.000000,0.000000,0.000,0.000,AP
2026-05-15 07:35:36,1900-01-00 00:00:00,,9C:2F:9D:82:20:A3,-19,,0.000000,0.000000,0.000,0.000,Client
2026-05-15 07:35:36,1900-01-00 00:00:00,dlink-615_EXT,40:86:CB:27:D2:0C,-19, WPA2 ,0.000000,0.000000,0.000,0.000,AP
2026-05-15 07:35:36,1900-01-00 00:00:00,,9C:2F:9D:82:20:A3,-19,,0.000000,0.000000,0.000,0.000,Client
2026-05-15 07:35:36,1900-01-00 00:00:00,dlink-615_EXT,40:86:CB:27:D2:0C,-19, WPA2 ,0.000000,0.000000,0.000,0.000,AP
2026-05-15 07:35:36,1900-01-00 00:00:00,,9C:2F:9D:82:20:A3,-19,,0.000000,0.000000,0.000,0.000,Client
2026-05-15 07:35:36,1900-01-00 00:00:00,dlink-615_EXT,40:86:CB:27:D2:0C,-19, WPA2 ,0.000000,0.000000,0.000,0.000,AP
2026-05-15 07:35:36,1900-01-00 00:00:00,,9C:2F:9D:82:20:A3,-19,,0.000000,0.000000,0.000,0.000,Client
2026-05-15 07:35:36,1900-01-00 00:00:00,dlink-615_EXT,40:86:CB:27:D2:0C,-19, WPA2 ,0.000000,0.000000,0.000,0.000,AP
2026-05-15 07:35:36,1900-01-00 00:00:00,,9C:2F:9D:82:20:A3,-19,,0.000000,0.000000,0.000,0.000,Client
2026-05-15 07:35:36,1900-01-00 00:00:00,dlink-615_EXT,40:86:CB:27:D2:0C,-19, WPA2 ,0.000000,0.000000,0.000,0.000,AP
2026-05-15 07:35:36,1900-01-00 00:00:00,,9C:2F:9D:82:20:A3,-19,,0.000000,0.000000,0.000,0.000,Client
2026-05-15 07:35:36,1900-01-00 00:00:00,dlink-615_EXT,40:86:CB:27:D2:0C,-19, WPA2 ,0.000000,0.000000,0.000,0.000,AP
2026-05-15 07:35:36,1900-01-00 00:00:00,,9C:2F:9D:82:20:A3,-19,,0.000000,0.000000,0.000,0.000,Client
2026-05-15 07:35:36,1900-01-00 00:00:00,dlink-615_EXT,40:86:CB:27:D2:0C,-19, WPA2 ,0.000000,0.000000,0.000,0.000,AP
2026-05-15 07:35:36,1900-01-00 00:00:00,,9C:2F:9D:82:20:A3,-19,,0.000000,0.000000,0.000,0.000,Client
2026-05-15 07:35:36,1900-01-00 00:00:00,dlink-615_EXT,40:86:CB:27:D2:0C,-19, WPA2 ,0.000000,0.000000,0.000,0.000,AP
2026-05-15 07:35:36,1900-01-00 00:00:00,,9C:2F:9D:82:20:A3,-19,,0.000000,0.000000,0.000,0.000,Client
2026-05-15 07:35:36,1900-01-00 00:00:00,dlink-615_EXT,40:86:CB:27:D2:0C,-19, WPA2 ,0.000000,0.000000,0.000,0.000,AP
2026-05-15 07:35:36,1900-01-00 00:00:00,,9C:2F:9D:82:20:A3,-19,,0.000000,0.000000,0.000,0.000,Client
2026-05-15 07:35:36,1900-01-00 00:00:00,dlink-615_EXT,40:86:CB:27:D2:0C,-19, WPA2 ,0.000000,0.000000,0.000,0.000,AP
2026-05-15 07:35:36,1900-01-00 00:00:00,,9C:2F:9D:82:20:A3,-19,,0.000000,0.000000,0.000,0.000,Client
2026-05-15 07:35:36,1900-01-00 00:00:00,dlink-615_EXT,40:86:CB:27:D2:0C,-19, WPA2 ,0.000000,0.000000,0.000,0.000,AP
2026-05-15 07:35:36,1900-01-00 00:00:00,,9C:2F:9D:82:20:A3,-19,,0.000000,0.000000,0.000,0.000,Client
2026-05-15 07:35:36,1900-01-00 00:00:00,dlink-615_EXT,40:86:CB:27:D2:0C,-19, WPA2 ,0.000000,0.000000,0.000,0.000,AP
2026-05-15 07:35:36,1900-01-00 00:00:00,,9C:2F:9D:82:20:A3,-19,,0.000000,0.000000,0.000,0.000,Client
2026-05-15 07:35:36,1900-01-00 00:00:00,dlink-615_EXT,40:86:CB:27:D2:0C,-19, WPA2 ,0.000000,0.000000,0.000,0.000,AP
2026-05-15 07:35:36,1900-01-00 00:00:00,,9C:2F:9D:82:20:A3,-19,,0.000000,0.000000,0.000,0.000,Client
2026-05-15 07:35:36,1900-01-00 00:00:00,dlink-615_EXT,40:86:CB:27:D2:0C,-19, WPA2 ,0.000000,0.000000,0.000,0.000,AP
2026-05-15 07:35:36,1900-01-00 00:00:00,,9C:2F:9D:82:20:A3,-19,,0.000000,0.000000,0.000,0.000,Client
2026-05-15 07:35:36,1900-01-00 00:00:00,dlink-615_EXT,40:86:CB:27:D2:0C,-19, WPA2 ,0.000000,0.000000,0.000,0.000,AP
2026-05-15 07:35:36,1900-01-00 00:00:00,,9C:2F:9D:82:20:A3,-19,,0.000000,0.000000,0.000,0.000,Client
2026-05-15 07:35:36,1900-01-00 00:00:00,dlink-615_EXT,40:86:CB:27:D2:0C,-19, WPA2 ,0.000000,0.000000,0.000,0.000,AP
2026-05-15 07:35:36,1900-01-00 00:00:00,,9C:2F:9D:82:20:A3,-19,,0.000000,0.000000,0.000,0.000,Client
2026-05-15 07:35:36,1900-01-00 00:00:00,dlink-615_EXT,40:86:CB:27:D2:0C,-19, WPA2 ,0.000000,0.000000,0.000,0.000,AP
2026-05-15 07:35:36,1900-01-00 00:00:00,,9C:2F:9D:82:20:A3,-19,,0.000000,0.000000,0.000,0.000,Client
2026-05-15 07:35:36,1900-01-00 00:00:00,dlink-615_EXT,40:86:CB:27:D2:0C,-19, WPA2 ,0.000000,0.000000,0.000,0.000,AP
2026-05-15 07:35:36,1900-01-00 00:00:00,,9C:2F:9D:82:20:A3,-19,,0.000000,0.000000,0.000,0.000,Client
2026-05-15 07:35:36,1900-01-00 00:00:00,dlink-615_EXT,40:86:CB:27:D2:0C,-19, WPA2 ,0.000000,0.000000,0.000,0.000,AP
2026-05-15 07:35:36,1900-01-00 00:00:00,,9C:2F:9D:82:20:A3,-19,,0.000000,0.000000,0.000,0.000,Client
2026-05-15 07:35:36,1900-01-00 00:00:00,dlink-615_EXT,40:86:CB:27:D2:0C,-19, WPA2 ,0.000000,0.000000,0.000,0.000,AP
2026-05-15 07:35:36,1900-01-00 00:00:00,,9C:2F:9D:82:20:A3,-19,,0.000000,0.000000,0.000,0.000,Client
2026-05-15 07:35:36,1900-01-00 00:00:00,dlink-615_EXT,40:86:CB:27:D2:0C,-19, WPA2 ,0.000000,0.000000,0.000,0.000,AP
2026-05-15 07:35:36,1900-01-00 00:00:00,,9C:2F:9D:82:20:A3,-19,,0.000000,0.000000,0.000,0.000,Client
2026-05-15 07:35:36,1900-01-00 00:00:00,dlink-615_EXT,40:86:CB:27:D2:0C,-19, WPA2 ,0.000000,0.000000,0.000,0.000,AP
2026-05-15 07:35:36,1900-01-00 00:00:00,,9C:2F:9D:82:20:A3,-19,,0.000000,0.000000,0.000,0.000,Client
2026-05-15 07:35:36,1900-01-00 00:00:00,dlink-615_EXT,40:86:CB:27:D2:0C,-19, WPA2 ,0.000000,0.000000,0.000,0.000,AP
2026-05-15 07:35:36,1900-01-00 00:00:00,,9C:2F:9D:82:20:A3,-19,,0.000000,0.000000,0.000,0.000,Client
2026-05-15 07:35:36,1900-01-00 00:00:00,dlink-615_EXT,40:86:CB:27:D2:0C,-19, WPA2 ,0.000000,0.000000,0.000,0.000,AP
2026-05-15 07:35:36,1900-01-00 00:00:00,,9C:2F:9D:82:20:A3,-19,,0.000000,0.000000,0.000,0.000,Client
2026-05-15 07:35:36,1900-01-00 00:00:00,dlink-615_EXT,40:86:CB:27:D2:0C,-19, WPA2 ,0.000000,0.000000,0.000,0.000,AP
2026-05-15 07:35:36,1900-01-00 00:00:00,,9C:2F:9D:82:20:A3,-19,,0.000000,0.000000,0.000,0.000,Client
2026-05-15 07:35:36,1900-01-00 00:00:00,dlink-615_EXT,40:86:CB:27:D2:0C,-19, WPA2 ,0.000000,0.000000,0.000,0.000,AP
2026-05-15 07:35:36,1900-01-00 00:00:00,,9C:2F:9D:82:20:A3,-19,,0.000000,0.000000,0.000,0.000,Client
2026-05-15 07:35:36,1900-01-00 00:00:00,dlink-615_EXT,40:86:CB:27:D2:0C,-19, WPA2 ,0.000000,0.000000,0.000,0.000,AP
2026-05-15 07:35:36,1900-01-00 00:00:00,,9C:2F:9D:82:20:A3,-19,,0.000000,0.000000,0.000,0.000,Client
2026-05-15 07:35:36,1900-01-00 00:00:00,dlink-615_EXT,40:86:CB:27:D2:0C,-19, WPA2 ,0.000000,0.000000,0.000,0.000,AP
2026-05-15 07:35:36,1900-01-00 00:00:00,,9C:2F:9D:82:20:A3,-19,,0.000000,0.000000,0.000,0.000,Client
2026-05-15 07:35:36,1900-01-00 00:00:00,dlink-615_EXT,40:86:CB:27:D2:0C,-19, WPA2 ,0.000000,0.000000,0.000,0.000,AP
2026-05-15 07:35:36,1900-01-00 00:00:00,,9C:2F:9D:82:20:A3,-19,,0.000000,0.000000,0.000,0.000,Client
2026-05-15 07:35:36,1900-01-00 00:00:00,dlink-615_EXT,40:86:CB:27:D2:0C,-19, WPA2 ,0.000000,0.000000,0.000,0.000,AP
2026-05-15 07:35:36,1900-01-00 00:00:00,,9C:2F:9D:82:20:A3,-19,,0.000000,0.000000,0.000,0.000,Client
2026-05-15 07:35:36,1900-01-00 00:00:00,dlink-615_EXT,40:86:CB:27:D2:0C,-19, WPA2 ,0.000000,0.000000,0.000,0.000,AP
2026-05-15 07:35:36,1900-01-00 00:00:00,,9C:2F:9D:82:20:A3,-19,,0.000000,0.000000,0.000,0.000,Client
2026-05-15 07:35:36,1900-01-00 00:00:00,dlink-615_EXT,40:86:CB:27:D2:0C,-19, WPA2 ,0.000000,0.000000,0.000,0.000,AP
2026-05-15 07:35:36,1900-01-00 00:00:00,,9C:2F:9D:82:20:A3,-19,,0.000000,0.000000,0.000,0.000,Client
2026-05-15 07:35:36,1900-01-00 00:00:00,dlink-615_EXT,40:86:CB:27:D2:0C,-19, WPA2 ,0.000000,0.000000,0.000,0.000,AP
2026-05-15 07:35:36,1900-01-00 00:00:00,,9C:2F:9D:82:20:A3,-19,,0.000000,0.000000,0.000,0.000,Client
2026-05-15 07:35:36,1900-01-00 00:00:00,dlink-615_EXT,40:86:CB:27:D2:0C,-19, WPA2 ,0.000000,0.000000,0.000,0.000,AP
2026-05-15 07:35:36,1900-01-00 00:00:00,,9C:2F:9D:82:20:A3,-19,,0.000000,0.000000,0.000,0.000,Client
2026-05-15 07:35:36,1900-01-00 00:00:00,dlink-615_EXT,40:86:CB:27:D2:0C,-19, WPA2 ,0.000000,0.000000,0.000,0.000,AP
2026-05-15 07:35:36,1900-01-00 00:00:00,,9C:2F:9D:82:20:A3,-19,,0.000000,0.000000,0.000,0.000,Client
2026-05-15 07:35:36,1900-01-00 00:00:00,dlink-615_EXT,40:86:CB:27:D2:0C,-19, WPA2 ,0.000000,0.000000,0.000,0.000,AP
2026-05-15 07:35:36,1900-01-00 00:00:00,,9C:2F:9D:82:20:A3,-19,,0.000000,0.000000,0.000,0.000,Client
2026-05-15 07:35:36,1900-01-00 00:00:00,dlink-615_EXT,40:86:CB:27:D2:0C,-19, WPA2 ,0.000000,0.000000,0.000,0.000,AP
2026-05-15 07:35:36,1900-01-00 00:00:00,,9C:2F:9D:82:20:A3,-19,,0.000000,0.000000,0.000,0.000,Client
2026-05-15 07:35:36,1900-01-00 00:00:00,dlink-615_EXT,40:86:CB:27:D2:0C,-19, WPA2 ,0.000000,0.000000,0.000,0.000,AP
2026-05-15 07:35:36,1900-01-00 00:00:00,,9C:2F:9D:82:20:A3,-19,,0.000000,0.000000,0.000,0.000,Client
2026-05-15 07:35:36,1900-01-00 00:00:00,dlink-615_EXT,40:86:CB:27:D2:0C,-19, WPA2 ,0.000000,0.000000,0.000,0.000,AP
2026-05-15 07:35:36,1900-01-00 00:00:00,,9C:2F:9D:82:20:A3,-19,,0.000000,0.000000,0.000,0.000,Client
2026-05-15 07:35:36,1900-01-00 00:00:00,dlink-615_EXT,40:86:CB:27:D2:0C,-19, WPA2 ,0.000000,0.000000,0.000,0.000,AP
2026-05-15 07:35:36,1900-01-00 00:00:00,,9C:2F:9D:82:20:A3,-19,,0.000000,0.000000,0.000,0.000,Client
2026-05-15 07:35:36,1900-01-00 00:00:00,dlink-615_EXT,40:86:CB:27:D2:0C,-19, WPA2 ,0.000000,0.000000,0.000,0.000,AP
2026-05-15 07:35:36,1900-01-00 00:00:00,,9C:2F:9D:82:20:A3,-19,,0.000000,0.000000,0.000,0.000,Client
2026-05-15 07:35:36,1900-01-00 00:00:00,dlink-615_EXT,40:86:CB:27:D2:0C,-19, WPA2 ,0.000000,0.000000,0.000,0.000,AP
2026-05-15 07:35:36,1900-01-00 00:00:00,,9C:2F:9D:82:20:A3,-19,,0.000000,0.000000,0.000,0.000,Client
2026-05-15 07:35:36,1900-01-00 00:00:00,dlink-615_EXT,40:86:CB:27:D2:0C,-19, WPA2 ,0.000000,0.000000,0.000,0.000,AP
2026-05-15 07:35:36,1900-01-00 00:00:00,,9C:2F:9D:82:20:A3,-19,,0.000000,0.000000,0.000,0.000,Client
2026-05-15 07:35:36,1900-01-00 00:00:00,dlink-615_EXT,40:86:CB:27:D2:0C,-19, WPA2 ,0.000000,0.000000,0.000,0.000,AP
2026-05-15 07:35:36,1900-01-00 00:00:00,,9C:2F:9D:82:20:A3,-19,,0.000000,0.000000,0.000,0.000,Client
2026-05-15 07:35:36,1900-01-00 00:00:00,dlink-615_EXT,40:86:CB:27:D2:0C,-19, WPA2 ,0.000000,0.000000,0.000,0.000,AP
2026-05-15 07:35:36,1900-01-00 00:00:00,,9C:2F:9D:82:20:A3,-19,,0.000000,0.000000,0.000,0.000,Client
2026-05-15 07:35:37,1900-01-00 00:00:00,dlink-615_EXT,40:86:CB:27:D2:0C,-19, WPA2 ,0.000000,0.000000,0.000,0.000,AP
2026-05-15 07:35:37,1900-01-00 00:00:00,,9C:2F:9D:82:20:A3,-19,,0.000000,0.000000,0.000,0.000,Client
2026-05-15 07:35:37,1900-01-00 00:00:00,dlink-615_EXT,40:86:CB:27:D2:0C,-19, WPA2 ,0.000000,0.000000,0.000,0.000,AP
2026-05-15 07:35:37,1900-01-00 00:00:00,,9C:2F:9D:82:20:A3,-19,,0.000000,0.000000,0.000,0.000,Client
2026-05-15 07:35:37,1900-01-00 00:00:00,dlink-615_EXT,40:86:CB:27:D2:0C,-19, WPA2 ,0.000000,0.000000,0.000,0.000,AP
2026-05-15 07:35:37,1900-01-00 00:00:00,,9C:2F:9D:82:20:A3,-19,,0.000000,0.000000,0.000,0.000,Client
2026-05-15 07:35:37,1900-01-00 00:00:00,dlink-615_EXT,40:86:CB:27:D2:0C,-19, WPA2 ,0.000000,0.000000,0.000,0.000,AP
2026-05-15 07:35:37,1900-01-00 00:00:00,,9C:2F:9D:82:20:A3,-19,,0.000000,0.000000,0.000,0.000,Client
2026-05-15 07:35:37,1900-01-00 00:00:00,dlink-615_EXT,40:86:CB:27:D2:0C,-19, WPA2 ,0.000000,0.000000,0.000,0.000,AP
2026-05-15 07:35:37,1900-01-00 00:00:00,,9C:2F:9D:82:20:A3,-19,,0.000000,0.000000,0.000,0.000,Client
2026-05-15 07:35:37,1900-01-00 00:00:00,dlink-615_EXT,40:86:CB:27:D2:0C,-19, WPA2 ,0.000000,0.000000,0.000,0.000,AP
2026-05-15 07:35:37,1900-01-00 00:00:00,,9C:2F:9D:82:20:A3,-19,,0.000000,0.000000,0.000,0.000,Client
2026-05-15 07:35:37,1900-01-00 00:00:00,dlink-615_EXT,40:86:CB:27:D2:0C,-19, WPA2 ,0.000000,0.000000,0.000,0.000,AP
2026-05-15 07:35:37,1900-01-00 00:00:00,,9C:2F:9D:82:20:A3,-19,,0.000000,0.000000,0.000,0.000,Client
2026-05-15 07:35:37,1900-01-00 00:00:00,dlink-615_EXT,40:86:CB:27:D2:0C,-19, WPA2 ,0.000000,0.000000,0.000,0.000,AP
2026-05-15 07:35:37,1900-01-00 00:00:00,,9C:2F:9D:82:20:A3,-19,,0.000000,0.000000,0.000,0.000,Client
2026-05-15 07:35:37,1900-01-00 00:00:00,dlink-615_EXT,40:86:CB:27:D2:0C,-21, WPA2 ,0.000000,0.000000,0.000,0.000,AP
2026-05-15 07:35:37,1900-01-00 00:00:00,,9C:2F:9D:82:20:A3,-21,,0.000000,0.000000,0.000,0.000,Client
2026-05-15 07:35:37,1900-01-00 00:00:00,dlink-615_EXT,40:86:CB:27:D2:0C,-19, WPA2 ,0.000000,0.000000,0.000,0.000,AP
2026-05-15 07:35:37,1900-01-00 00:00:00,,9C:2F:9D:82:20:A3,-19,,0.000000,0.000000,0.000,0.000,Client
2026-05-15 07:35:37,1900-01-00 00:00:00,dlink-615_EXT,40:86:CB:27:D2:0C,-19, WPA2 ,0.000000,0.000000,0.000,0.000,AP
2026-05-15 07:35:37,1900-01-00 00:00:00,,9C:2F:9D:82:20:A3,-19,,0.000000,0.000000,0.000,0.000,Client
2026-05-15 07:35:37,1900-01-00 00:00:00,dlink-615_EXT,40:86:CB:27:D2:0C,-19, WPA2 ,0.000000,0.000000,0.000,0.000,AP
2026-05-15 07:35:37,1900-01-00 00:00:00,,9C:2F:9D:82:20:A3,-19,,0.000000,0.000000,0.000,0.000,Client
2026-05-15 07:35:37,1900-01-00 00:00:00,dlink-615_EXT,40:86:CB:27:D2:0C,-17, WPA2 ,0.000000,0.000000,0.000,0.000,AP
2026-05-15 07:35:37,1900-01-00 00:00:00,,9C:2F:9D:82:20:A3,-17,,0.000000,0.000000,0.000,0.000,Client
2026-05-15 07:35:37,1900-01-00 00:00:00,dlink-615_EXT,40:86:CB:27:D2:0C,-19, WPA2 ,0.000000,0.000000,0.000,0.000,AP
2026-05-15 07:35:37,1900-01-00 00:00:00,,9C:2F:9D:82:20:A3,-19,,0.000000,0.000000,0.000,0.000,Client
2026-05-15 07:35:37,1900-01-00 00:00:00,dlink-615_EXT,40:86:CB:27:D2:0C,-19, WPA2 ,0.000000,0.000000,0.000,0.000,AP
2026-05-15 07:35:37,1900-01-00 00:00:00,,9C:2F:9D:82:20:A3,-19,,0.000000,0.000000,0.000,0.000,Client
2026-05-15 07:35:37,1900-01-00 00:00:00,dlink-615_EXT,40:86:CB:27:D2:0C,-19, WPA2 ,0.000000,0.000000,0.000,0.000,AP
2026-05-15 07:35:37,1900-01-00 00:00:00,,9C:2F:9D:82:20:A3,-19,,0.000000,0.000000,0.000,0.000,Client
2026-05-15 07:35:37,1900-01-00 00:00:00,dlink-615_EXT,40:86:CB:27:D2:0C,-19, WPA2 ,0.000000,0.000000,0.000,0.000,AP
2026-05-15 07:35:37,1900-01-00 00:00:00,,9C:2F:9D:82:20:A3,-19,,0.000000,0.000000,0.000,0.000,Client
2026-05-15 07:35:37,1900-01-00 00:00:00,dlink-615_EXT,40:86:CB:27:D2:0C,-19, WPA2 ,0.000000,0.000000,0.000,0.000,AP
2026-05-15 07:35:37,1900-01-00 00:00:00,,9C:2F:9D:82:20:A3,-19,,0.000000,0.000000,0.000,0.000,Client
2026-05-15 07:35:37,1900-01-00 00:00:00,dlink-615_EXT,40:86:CB:27:D2:0C,-21, WPA2 ,0.000000,0.000000,0.000,0.000,AP
2026-05-15 07:35:37,1900-01-00 00:00:00,,9C:2F:9D:82:20:A3,-21,,0.000000,0.000000,0.000,0.000,Client
2026-05-15 07:35:37,1900-01-00 00:00:00,dlink-615_EXT,40:86:CB:27:D2:0C,-21, WPA2 ,0.000000,0.000000,0.000,0.000,AP
2026-05-15 07:35:37,1900-01-00 00:00:00,,9C:2F:9D:82:20:A3,-19,,0.000000,0.000000,0.000,0.000,Client
2026-05-15 07:35:37,1900-01-00 00:00:00,dlink-615_EXT,40:86:CB:27:D2:0C,-19, WPA2 ,0.000000,0.000000,0.000,0.000,AP
2026-05-15 07:35:37,1900-01-00 00:00:00,,9C:2F:9D:82:20:A3,-19,,0.000000,0.000000,0.000,0.000,Client
2026-05-15 07:35:37,1900-01-00 00:00:00,dlink-615_EXT,40:86:CB:27:D2:0C,-19, WPA2 ,0.000000,0.000000,0.000,0.000,AP
2026-05-15 07:35:37,1900-01-00 00:00:00,,9C:2F:9D:82:20:A3,-19,,0.000000,0.000000,0.000,0.000,Client
2026-05-15 07:35:37,1900-01-00 00:00:00,dlink-615_EXT,40:86:CB:27:D2:0C,-19, WPA2 ,0.000000,0.000000,0.000,0.000,AP
2026-05-15 07:35:37,1900-01-00 00:00:00,,9C:2F:9D:82:20:A3,-19,,0.000000,0.000000,0.000,0.000,Client
2026-05-15 07:35:37,1900-01-00 00:00:00,dlink-615_EXT,40:86:CB:27:D2:0C,-19, WPA2 ,0.000000,0.000000,0.000,0.000,AP
2026-05-15 07:35:37,1900-01-00 00:00:00,,9C:2F:9D:82:20:A3,-19,,0.000000,0.000000,0.000,0.000,Client
2026-05-15 07:35:37,1900-01-00 00:00:00,dlink-615_EXT,40:86:CB:27:D2:0C,-19, WPA2 ,0.000000,0.000000,0.000,0.000,AP
2026-05-15 07:35:37,1900-01-00 00:00:00,,9C:2F:9D:82:20:A3,-19,,0.000000,0.000000,0.000,0.000,Client
2026-05-15 07:35:37,1900-01-00 00:00:00,dlink-615_EXT,40:86:CB:27:D2:0C,-19, WPA2 ,0.000000,0.000000,0.000,0.000,AP
2026-05-15 07:35:37,1900-01-00 00:00:00,,9C:2F:9D:82:20:A3,-19,,0.000000,0.000000,0.000,0.000,Client
2026-05-15 07:35:37,1900-01-00 00:00:00,dlink-615_EXT,40:86:CB:27:D2:0C,-19, WPA2 ,0.000000,0.000000,0.000,0.000,AP
2026-05-15 07:35:37,1900-01-00 00:00:00,,9C:2F:9D:82:20:A3,-19,,0.000000,0.000000,0.000,0.000,Client
2026-05-15 07:35:37,1900-01-00 00:00:00,dlink-615_EXT,40:86:CB:27:D2:0C,-19, WPA2 ,0.000000,0.000000,0.000,0.000,AP
2026-05-15 07:35:37,1900-01-00 00:00:00,,9C:2F:9D:82:20:A3,-19,,0.000000,0.000000,0.000,0.000,Client
2026-05-15 07:35:37,1900-01-00 00:00:00,dlink-615_EXT,40:86:CB:27:D2:0C,-19, WPA2 ,0.000000,0.000000,0.000,0.000,AP
2026-05-15 07:35:37,1900-01-00 00:00:00,,9C:2F:9D:82:20:A3,-19,,0.000000,0.000000,0.000,0.000,Client
2026-05-15 07:35:37,1900-01-00 00:00:00,dlink-615_EXT,40:86:CB:27:D2:0C,-19, WPA2 ,0.000000,0.000000,0.000,0.000,AP
2026-05-15 07:35:37,1900-01-00 00:00:00,,9C:2F:9D:82:20:A3,-19,,0.000000,0.000000,0.000,0.000,Client
2026-05-15 07:35:37,1900-01-00 00:00:00,dlink-615_EXT,40:86:CB:27:D2:0C,-19, WPA2 ,0.000000,0.000000,0.000,0.000,AP
2026-05-15 07:35:37,1900-01-00 00:00:00,,9C:2F:9D:82:20:A3,-19,,0.000000,0.000000,0.000,0.000,Client
2026-05-15 07:35:37,1900-01-00 00:00:00,dlink-615_EXT,40:86:CB:27:D2:0C,-19, WPA2 ,0.000000,0.000000,0.000,0.000,AP
2026-05-15 07:35:37,1900-01-00 00:00:00,,9C:2F:9D:82:20:A3,-19,,0.000000,0.000000,0.000,0.000,Client
2026-05-15 07:35:37,1900-01-00 00:00:00,dlink-615_EXT,40:86:CB:27:D2:0C,-19, WPA2 ,0.000000,0.000000,0.000,0.000,AP
2026-05-15 07:35:37,1900-01-00 00:00:00,,9C:2F:9D:82:20:A3,-19,,0.000000,0.000000,0.000,0.000,Client
2026-05-15 07:35:37,1900-01-00 00:00:00,dlink-615_EXT,40:86:CB:27:D2:0C,-19, WPA2 ,0.000000,0.000000,0.000,0.000,AP
2026-05-15 07:35:37,1900-01-00 00:00:00,,9C:2F:9D:82:20:A3,-19,,0.000000,0.000000,0.000,0.000,Client
2026-05-15 07:35:37,1900-01-00 00:00:00,dlink-615_EXT,40:86:CB:27:D2:0C,-19, WPA2 ,0.000000,0.000000,0.000,0.000,AP
2026-05-15 07:35:37,1900-01-00 00:00:00,,9C:2F:9D:82:20:A3,-19,,0.000000,0.000000,0.000,0.000,Client
2026-05-15 07:35:37,1900-01-00 00:00:00,dlink-615_EXT,40:86:CB:27:D2:0C,-19, WPA2 ,0.000000,0.000000,0.000,0.000,AP
2026-05-15 07:35:37,1900-01-00 00:00:00,,9C:2F:9D:82:20:A3,-19,,0.000000,0.000000,0.000,0.000,Client
2026-05-15 07:35:37,1900-01-00 00:00:00,dlink-615_EXT,40:86:CB:27:D2:0C,-19, WPA2 ,0.000000,0.000000,0.000,0.000,AP
2026-05-15 07:35:37,1900-01-00 00:00:00,,9C:2F:9D:82:20:A3,-19,,0.000000,0.000000,0.000,0.000,Client
2026-05-15 07:35:37,1900-01-00 00:00:00,dlink-615_EXT,40:86:CB:27:D2:0C,-19, WPA2 ,0.000000,0.000000,0.000,0.000,AP
2026-05-15 07:35:37,1900-01-00 00:00:00,,9C:2F:9D:82:20:A3,-19,,0.000000,0.000000,0.000,0.000,Client
2026-05-15 07:35:37,1900-01-00 00:00:00,dlink-615_EXT,40:86:CB:27:D2:0C,-19, WPA2 ,0.000000,0.000000,0.000,0.000,AP
2026-05-15 07:35:37,1900-01-00 00:00:00,,9C:2F:9D:82:20:A3,-19,,0.000000,0.000000,0.000,0.000,Client
2026-05-15 07:35:37,1900-01-00 00:00:00,dlink-615_EXT,40:86:CB:27:D2:0C,-19, WPA2 ,0.000000,0.000000,0.000,0.000,AP
2026-05-15 07:35:37,1900-01-00 00:00:00,,9C:2F:9D:82:20:A3,-19,,0.000000,0.000000,0.000,0.000,Client
2026-05-15 07:35:37,1900-01-00 00:00:00,dlink-615_EXT,40:86:CB:27:D2:0C,-19, WPA2 ,0.000000,0.000000,0.000,0.000,AP
2026-05-15 07:35:37,1900-01-00 00:00:00,,9C:2F:9D:82:20:A3,-19,,0.000000,0.000000,0.000,0.000,Client
2026-05-15 07:35:37,1900-01-00 00:00:00,dlink-615_EXT,40:86:CB:27:D2:0C,-19, WPA2 ,0.000000,0.000000,0.000,0.000,AP
2026-05-15 07:35:37,1900-01-00 00:00:00,,9C:2F:9D:82:20:A3,-19,,0.000000,0.000000,0.000,0.000,Client
2026-05-15 07:35:37,1900-01-00 00:00:00,dlink-615_EXT,40:86:CB:27:D2:0C,-19, WPA2 ,0.000000,0.000000,0.000,0.000,AP
2026-05-15 07:35:37,1900-01-00 00:00:00,,9C:2F:9D:82:20:A3,-19,,0.000000,0.000000,0.000,0.000,Client
2026-05-15 07:35:37,1900-01-00 00:00:00,dlink-615_EXT,40:86:CB:27:D2:0C,-19, WPA2 ,0.000000,0.000000,0.000,0.000,AP
2026-05-15 07:35:37,1900-01-00 00:00:00,,9C:2F:9D:82:20:A3,-19,,0.000000,0.000000,0.000,0.000,Client
2026-05-15 07:35:37,1900-01-00 00:00:00,dlink-615_EXT,40:86:CB:27:D2:0C,-19, WPA2 ,0.000000,0.000000,0.000,0.000,AP
2026-05-15 07:35:37,1900-01-00 00:00:00,,9C:2F:9D:82:20:A3,-19,,0.000000,0.000000,0.000,0.000,Client
2026-05-15 07:35:37,1900-01-00 00:00:00,dlink-615_EXT,40:86:CB:27:D2:0C,-19, WPA2 ,0.000000,0.000000,0.000,0.000,AP
2026-05-15 07:35:37,1900-01-00 00:00:00,,9C:2F:9D:82:20:A3,-19,,0.000000,0.000000,0.000,0.000,Client
2026-05-15 07:35:37,1900-01-00 00:00:00,dlink-615_EXT,40:86:CB:27:D2:0C,-19, WPA2 ,0.000000,0.000000,0.000,0.000,AP
2026-05-15 07:35:37,1900-01-00 00:00:00,,9C:2F:9D:82:20:A3,-19,,0.000000,0.000000,0.000,0.000,Client
2026-05-15 07:35:37,1900-01-00 00:00:00,dlink-615_EXT,40:86:CB:27:D2:0C,-19, WPA2 ,0.000000,0.000000,0.000,0.000,AP
2026-05-15 07:35:37,1900-01-00 00:00:00,,9C:2F:9D:82:20:A3,-19,,0.000000,0.000000,0.000,0.000,Client
2026-05-15 07:35:37,1900-01-00 00:00:00,dlink-615_EXT,40:86:CB:27:D2:0C,-19, WPA2 ,0.000000,0.000000,0.000,0.000,AP
2026-05-15 07:35:37,1900-01-00 00:00:00,,9C:2F:9D:82:20:A3,-19,,0.000000,0.000000,0.000,0.000,Client
2026-05-15 07:35:37,1900-01-00 00:00:00,dlink-615_EXT,40:86:CB:27:D2:0C,-19, WPA2 ,0.000000,0.000000,0.000,0.000,AP
2026-05-15 07:35:37,1900-01-00 00:00:00,,9C:2F:9D:82:20:A3,-19,,0.000000,0.000000,0.000,0.000,Client
2026-05-15 07:35:37,1900-01-00 00:00:00,dlink-615_EXT,40:86:CB:27:D2:0C,-19, WPA2 ,0.000000,0.000000,0.000,0.000,AP
2026-05-15 07:35:37,1900-01-00 00:00:00,,9C:2F:9D:82:20:A3,-19,,0.000000,0.000000,0.000,0.000,Client
2026-05-15 07:35:37,1900-01-00 00:00:00,dlink-615_EXT,40:86:CB:27:D2:0C,-19, WPA2 ,0.000000,0.000000,0.000,0.000,AP
2026-05-15 07:35:37,1900-01-00 00:00:00,,9C:2F:9D:82:20:A3,-19,,0.000000,0.000000,0.000,0.000,Client
2026-05-15 07:35:37,1900-01-00 00:00:00,dlink-615_EXT,40:86:CB:27:D2:0C,-19, WPA2 ,0.000000,0.000000,0.000,0.000,AP
2026-05-15 07:35:37,1900-01-00 00:00:00,,9C:2F:9D:82:20:A3,-19,,0.000000,0.000000,0.000,0.000,Client
2026-05-15 07:35:37,1900-01-00 00:00:00,dlink-615_EXT,40:86:CB:27:D2:0C,-19, WPA2 ,0.000000,0.000000,0.000,0.000,AP
2026-05-15 07:35:37,1900-01-00 00:00:00,,9C:2F:9D:82:20:A3,-17,,0.000000,0.000000,0.000,0.000,Client
2026-05-15 07:35:37,1900-01-00 00:00:00,dlink-615_EXT,40:86:CB:27:D2:0C,-17, WPA2 ,0.000000,0.000000,0.000,0.000,AP
2026-05-15 07:35:37,1900-01-00 00:00:00,,9C:2F:9D:82:20:A3,-17,,0.000000,0.000000,0.000,0.000,Client
2026-05-15 07:35:37,1900-01-00 00:00:00,dlink-615_EXT,40:86:CB:27:D2:0C,-17, WPA2 ,0.000000,0.000000,0.000,0.000,AP
2026-05-15 07:35:37,1900-01-00 00:00:00,,9C:2F:9D:82:20:A3,-17,,0.000000,0.000000,0.000,0.000,Client
2026-05-15 07:35:37,1900-01-00 00:00:00,dlink-615_EXT,40:86:CB:27:D2:0C,-17, WPA2 ,0.000000,0.000000,0.000,0.000,AP
2026-05-15 07:35:37,1900-01-00 00:00:00,,9C:2F:9D:82:20:A3,-17,,0.000000,0.000000,0.000,0.000,Client
2026-05-15 07:35:37,1900-01-00 00:00:00,dlink-615_EXT,40:86:CB:27:D2:0C,-17, WPA2 ,0.000000,0.000000,0.000,0.000,AP
2026-05-15 07:35:37,1900-01-00 00:00:00,,9C:2F:9D:82:20:A3,-17,,0.000000,0.000000,0.000,0.000,Client
2026-05-15 07:35:37,1900-01-00 00:00:00,dlink-615_EXT,40:86:CB:27:D2:0C,-17, WPA2 ,0.000000,0.000000,0.000,0.000,AP
2026-05-15 07:35:37,1900-01-00 00:00:00,,9C:2F:9D:82:20:A3,-17,,0.000000,0.000000,0.000,0.000,Client
2026-05-15 07:35:37,1900-01-00 00:00:00,dlink-615_EXT,40:86:CB:27:D2:0C,-33, WPA2 ,0.000000,0.000000,0.000,0.000,AP
2026-05-15 07:35:37,1900-01-00 00:00:00,,9C:2F:9D:82:20:A3,-33,,0.000000,0.000000,0.000,0.000,Client
2026-05-15 07:35:37,1900-01-00 00:00:00,dlink-615_EXT,40:86:CB:27:D2:0C,-21, WPA2 ,0.000000,0.000000,0.000,0.000,AP
2026-05-15 07:35:37,1900-01-00 00:00:00,,9C:2F:9D:82:20:A3,-21,,0.000000,0.000000,0.000,0.000,Client
2026-05-15 07:35:37,1900-01-00 00:00:00,dlink-615_EXT,40:86:CB:27:D2:0C,-19, WPA2 ,0.000000,0.000000,0.000,0.000,AP
2026-05-15 07:35:37,1900-01-00 00:00:00,,9C:2F:9D:82:20:A3,-19,,0.000000,0.000000,0.000,0.000,Client
2026-05-15 07:35:37,1900-01-00 00:00:00,dlink-615_EXT,40:86:CB:27:D2:0C,-19, WPA2 ,0.000000,0.000000,0.000,0.000,AP
2026-05-15 07:35:37,1900-01-00 00:00:00,,9C:2F:9D:82:20:A3,-19,,0.000000,0.000000,0.000,0.000,Client
2026-05-15 07:35:37,1900-01-00 00:00:00,dlink-615_EXT,40:86:CB:27:D2:0C,-19, WPA2 ,0.000000,0.000000,0.000,0.000,AP
2026-05-15 07:35:37,1900-01-00 00:00:00,,9C:2F:9D:82:20:A3,-19,,0.000000,0.000000,0.000,0.000,Client
2026-05-15 07:35:37,1900-01-00 00:00:00,dlink-615_EXT,40:86:CB:27:D2:0C,-19, WPA2 ,0.000000,0.000000,0.000,0.000,AP
2026-05-15 07:35:37,1900-01-00 00:00:00,,9C:2F:9D:82:20:A3,-19,,0.000000,0.000000,0.000,0.000,Client
2026-05-15 07:35:37,1900-01-00 00:00:00,dlink-615_EXT,40:86:CB:27:D2:0C,-19, WPA2 ,0.000000,0.000000,0.000,0.000,AP
2026-05-15 07:35:37,1900-01-00 00:00:00,,9C:2F:9D:82:20:A3,-19,,0.000000,0.000000,0.000,0.000,Client
2026-05-15 07:35:37,1900-01-00 00:00:00,dlink-615_EXT,40:86:CB:27:D2:0C,-19, WPA2 ,0.000000,0.000000,0.000,0.000,AP
2026-05-15 07:35:37,1900-01-00 00:00:00,,9C:2F:9D:82:20:A3,-19,,0.000000,0.000000,0.000,0.000,Client
2026-05-15 07:35:37,1900-01-00 00:00:00,dlink-615_EXT,40:86:CB:27:D2:0C,-17, WPA2 ,0.000000,0.000000,0.000,0.000,AP
2026-05-15 07:35:37,1900-01-00 00:00:00,,9C:2F:9D:82:20:A3,-17,,0.000000,0.000000,0.000,0.000,Client
2026-05-15 07:35:37,1900-01-00 00:00:00,dlink-615_EXT,40:86:CB:27:D2:0C,-17, WPA2 ,0.000000,0.000000,0.000,0.000,AP
2026-05-15 07:35:37,1900-01-00 00:00:00,,9C:2F:9D:82:20:A3,-19,,0.000000,0.000000,0.000,0.000,Client
2026-05-15 07:35:37,1900-01-00 00:00:00,dlink-615_EXT,40:86:CB:27:D2:0C,-19, WPA2 ,0.000000,0.000000,0.000,0.000,AP
2026-05-15 07:35:37,1900-01-00 00:00:00,,9C:2F:9D:82:20:A3,-19,,0.000000,0.000000,0.000,0.000,Client
2026-05-15 07:35:37,1900-01-00 00:00:00,dlink-615_EXT,40:86:CB:27:D2:0C,-19, WPA2 ,0.000000,0.000000,0.000,0.000,AP
2026-05-15 07:35:37,1900-01-00 00:00:00,,9C:2F:9D:82:20:A3,-19,,0.000000,0.000000,0.000,0.000,Client
2026-05-15 07:35:37,1900-01-00 00:00:00,dlink-615_EXT,40:86:CB:27:D2:0C,-19, WPA2 ,0.000000,0.000000,0.000,0.000,AP
2026-05-15 07:35:37,1900-01-00 00:00:00,,9C:2F:9D:82:20:A3,-19,,0.000000,0.000000,0.000,0.000,Client
2026-05-15 07:35:37,1900-01-00 00:00:00,dlink-615_EXT,40:86:CB:27:D2:0C,-19, WPA2 ,0.000000,0.000000,0.000,0.000,AP
2026-05-15 07:35:37,1900-01-00 00:00:00,,9C:2F:9D:82:20:A3,-19,,0.000000,0.000000,0.000,0.000,Client
2026-05-15 07:35:37,1900-01-00 00:00:00,dlink-615_EXT,40:86:CB:27:D2:0C,-19, WPA2 ,0.000000,0.000000,0.000,0.000,AP
2026-05-15 07:35:37,1900-01-00 00:00:00,,9C:2F:9D:82:20:A3,-19,,0.000000,0.000000,0.000,0.000,Client
2026-05-15 07:35:37,1900-01-00 00:00:00,dlink-615_EXT,40:86:CB:27:D2:0C,-19, WPA2 ,0.000000,0.000000,0.000,0.000,AP
2026-05-15 07:35:37,1900-01-00 00:00:00,,9C:2F:9D:82:20:A3,-19,,0.000000,0.000000,0.000,0.000,Client
2026-05-15 07:35:37,1900-01-00 00:00:00,dlink-615_EXT,40:86:CB:27:D2:0C,-19, WPA2 ,0.000000,0.000000,0.000,0.000,AP
2026-05-15 07:35:37,1900-01-00 00:00:00,,9C:2F:9D:82:20:A3,-19,,0.000000,0.000000,0.000,0.000,Client
2026-05-15 07:35:37,1900-01-00 00:00:00,dlink-615_EXT,40:86:CB:27:D2:0C,-19, WPA2 ,0.000000,0.000000,0.000,0.000,AP
2026-05-15 07:35:37,1900-01-00 00:00:00,,9C:2F:9D:82:20:A3,-19,,0.000000,0.000000,0.000,0.000,Client
2026-05-15 07:35:37,1900-01-00 00:00:00,dlink-615_EXT,40:86:CB:27:D2:0C,-17, WPA2 ,0.000000,0.000000,0.000,0.000,AP
2026-05-15 07:35:37,1900-01-00 00:00:00,,9C:2F:9D:82:20:A3,-17,,0.000000,0.000000,0.000,0.000,Client
2026-05-15 07:35:37,1900-01-00 00:00:00,dlink-615_EXT,40:86:CB:27:D2:0C,-19, WPA2 ,0.000000,0.000000,0.000,0.000,AP
2026-05-15 07:35:37,1900-01-00 00:00:00,,9C:2F:9D:82:20:A3,-19,,0.000000,0.000000,0.000,0.000,Client
2026-05-15 07:35:37,1900-01-00 00:00:00,dlink-615_EXT,40:86:CB:27:D2:0C,-19, WPA2 ,0.000000,0.000000,0.000,0.000,AP
2026-05-15 07:35:37,1900-01-00 00:00:00,,9C:2F:9D:82:20:A3,-19,,0.000000,0.000000,0.000,0.000,Client
2026-05-15 07:35:37,1900-01-00 00:00:00,dlink-615_EXT,40:86:CB:27:D2:0C,-19, WPA2 ,0.000000,0.000000,0.000,0.000,AP
2026-05-15 07:35:37,1900-01-00 00:00:00,,9C:2F:9D:82:20:A3,-19,,0.000000,0.000000,0.000,0.000,Client
2026-05-15 07:35:37,1900-01-00 00:00:00,dlink-615_EXT,40:86:CB:27:D2:0C,-19, WPA2 ,0.000000,0.000000,0.000,0.000,AP
2026-05-15 07:35:37,1900-01-00 00:00:00,,9C:2F:9D:82:20:A3,-19,,0.000000,0.000000,0.000,0.000,Client
2026-05-15 07:35:37,1900-01-00 00:00:00,dlink-615_EXT,40:86:CB:27:D2:0C,-19, WPA2 ,0.000000,0.000000,0.000,0.000,AP
2026-05-15 07:35:37,1900-01-00 00:00:00,,9C:2F:9D:82:20:A3,-19,,0.000000,0.000000,0.000,0.000,Client
2026-05-15 07:35:37,1900-01-00 00:00:00,dlink-615_EXT,40:86:CB:27:D2:0C,-19, WPA2 ,0.000000,0.000000,0.000,0.000,AP
2026-05-15 07:35:37,1900-01-00 00:00:00,,9C:2F:9D:82:20:A3,-19,,0.000000,0.000000,0.000,0.000,Client
2026-05-15 07:35:37,1900-01-00 00:00:00,dlink-615_EXT,40:86:CB:27:D2:0C,-19, WPA2 ,0.000000,0.000000,0.000,0.000,AP
2026-05-15 07:35:37,1900-01-00 00:00:00,,9C:2F:9D:82:20:A3,-19,,0.000000,0.000000,0.000,0.000,Client
2026-05-15 07:35:37,1900-01-00 00:00:00,dlink-615_EXT,40:86:CB:27:D2:0C,-19, WPA2 ,0.000000,0.000000,0.000,0.000,AP
2026-05-15 07:35:37,1900-01-00 00:00:00,,9C:2F:9D:82:20:A3,-19,,0.000000,0.000000,0.000,0.000,Client
2026-05-15 07:35:37,1900-01-00 00:00:00,dlink-615_EXT,40:86:CB:27:D2:0C,-19, WPA2 ,0.000000,0.000000,0.000,0.000,AP
2026-05-15 07:35:37,1900-01-00 00:00:00,,9C:2F:9D:82:20:A3,-19,,0.000000,0.000000,0.000,0.000,Client
2026-05-15 07:35:37,1900-01-00 00:00:00,dlink-615_EXT,40:86:CB:27:D2:0C,-19, WPA2 ,0.000000,0.000000,0.000,0.000,AP
2026-05-15 07:35:37,1900-01-00 00:00:00,,9C:2F:9D:82:20:A3,-19,,0.000000,0.000000,0.000,0.000,Client
2026-05-15 07:35:37,1900-01-00 00:00:00,dlink-615_EXT,40:86:CB:27:D2:0C,-19, WPA2 ,0.000000,0.000000,0.000,0.000,AP
2026-05-15 07:35:37,1900-01-00 00:00:00,,9C:2F:9D:82:20:A3,-19,,0.000000,0.000000,0.000,0.000,Client
2026-05-15 07:35:37,1900-01-00 00:00:00,dlink-615_EXT,40:86:CB:27:D2:0C,-19, WPA2 ,0.000000,0.000000,0.000,0.000,AP
2026-05-15 07:35:37,1900-01-00 00:00:00,,9C:2F:9D:82:20:A3,-19,,0.000000,0.000000,0.000,0.000,Client
2026-05-15 07:35:37,1900-01-00 00:00:00,dlink-615_EXT,40:86:CB:27:D2:0C,-19, WPA2 ,0.000000,0.000000,0.000,0.000,AP
2026-05-15 07:35:37,1900-01-00 00:00:00,,9C:2F:9D:82:20:A3,-19,,0.000000,0.000000,0.000,0.000,Client
2026-05-15 07:35:37,1900-01-00 00:00:00,dlink-615_EXT,40:86:CB:27:D2:0C,-19, WPA2 ,0.000000,0.000000,0.000,0.000,AP
2026-05-15 07:35:37,1900-01-00 00:00:00,,9C:2F:9D:82:20:A3,-19,,0.000000,0.000000,0.000,0.000,Client
2026-05-15 07:35:37,1900-01-00 00:00:00,dlink-615_EXT,40:86:CB:27:D2:0C,-31, WPA2 ,0.000000,0.000000,0.000,0.000,AP
2026-05-15 07:35:37,1900-01-00 00:00:00,,9C:2F:9D:82:20:A3,-31,,0.000000,0.000000,0.000,0.000,Client
2026-05-15 07:35:37,1900-01-00 00:00:00,dlink-615_EXT,40:86:CB:27:D2:0C,-31, WPA2 ,0.000000,0.000000,0.000,0.000,AP
2026-05-15 07:35:37,1900-01-00 00:00:00,,9C:2F:9D:82:20:A3,-31,,0.000000,0.000000,0.000,0.000,Client
2026-05-15 07:35:37,1900-01-00 00:00:00,dlink-615_EXT,40:86:CB:27:D2:0C,-31, WPA2 ,0.000000,0.000000,0.000,0.000,AP
2026-05-15 07:35:37,1900-01-00 00:00:00,,9C:2F:9D:82:20:A3,-31,,0.000000,0.000000,0.000,0.000,Client
2026-05-15 07:35:37,1900-01-00 00:00:00,dlink-615_EXT,40:86:CB:27:D2:0C,-31, WPA2 ,0.000000,0.000000,0.000,0.000,AP
2026-05-15 07:35:37,1900-01-00 00:00:00,,9C:2F:9D:82:20:A3,-31,,0.000000,0.000000,0.000,0.000,Client
2026-05-15 07:35:37,1900-01-00 00:00:00,dlink-615_EXT,40:86:CB:27:D2:0C,-31, WPA2 ,0.000000,0.000000,0.000,0.000,AP
2026-05-15 07:35:37,1900-01-00 00:00:00,,9C:2F:9D:82:20:A3,-31,,0.000000,0.000000,0.000,0.000,Client
2026-05-15 07:35:37,1900-01-00 00:00:00,dlink-615_EXT,40:86:CB:27:D2:0C,-31, WPA2 ,0.000000,0.000000,0.000,0.000,AP
2026-05-15 07:35:37,1900-01-00 00:00:00,,9C:2F:9D:82:20:A3,-31,,0.000000,0.000000,0.000,0.000,Client
2026-05-15 07:35:37,1900-01-00 00:00:00,dlink-615_EXT,40:86:CB:27:D2:0C,-31, WPA2 ,0.000000,0.000000,0.000,0.000,AP
2026-05-15 07:35:37,1900-01-00 00:00:00,,9C:2F:9D:82:20:A3,-31,,0.000000,0.000000,0.000,0.000,Client
2026-05-15 07:35:37,1900-01-00 00:00:00,dlink-615_EXT,40:86:CB:27:D2:0C,-31, WPA2 ,0.000000,0.000000,0.000,0.000,AP
2026-05-15 07:35:37,1900-01-00 00:00:00,,9C:2F:9D:82:20:A3,-31,,0.000000,0.000000,0.000,0.000,Client
2026-05-15 07:35:37,1900-01-00 00:00:00,dlink-615_EXT,40:86:CB:27:D2:0C,-31, WPA2 ,0.000000,0.000000,0.000,0.000,AP
2026-05-15 07:35:37,1900-01-00 00:00:00,,9C:2F:9D:82:20:A3,-31,,0.000000,0.000000,0.000,0.000,Client
2026-05-15 07:35:37,1900-01-00 00:00:00,dlink-615_EXT,40:86:CB:27:D2:0C,-31, WPA2 ,0.000000,0.000000,0.000,0.000,AP
2026-05-15 07:35:37,1900-01-00 00:00:00,,9C:2F:9D:82:20:A3,-31,,0.000000,0.000000,0.000,0.000,Client
2026-05-15 07:35:37,1900-01-00 00:00:00,dlink-615_EXT,40:86:CB:27:D2:0C,-31, WPA2 ,0.000000,0.000000,0.000,0.000,AP
2026-05-15 07:35:37,1900-01-00 00:00:00,,9C:2F:9D:82:20:A3,-31,,0.000000,0.000000,0.000,0.000,Client
2026-05-15 07:35:37,1900-01-00 00:00:00,dlink-615_EXT,40:86:CB:27:D2:0C,-31, WPA2 ,0.000000,0.000000,0.000,0.000,AP
2026-05-15 07:35:37,1900-01-00 00:00:00,,9C:2F:9D:82:20:A3,-31,,0.000000,0.000000,0.000,0.000,Client
2026-05-15 07:35:37,1900-01-00 00:00:00,dlink-615_EXT,40:86:CB:27:D2:0C,-31, WPA2 ,0.000000,0.000000,0.000,0.000,AP
2026-05-15 07:35:37,1900-01-00 00:00:00,,9C:2F:9D:82:20:A3,-31,,0.000000,0.000000,0.000,0.000,Client
2026-05-15 07:35:37,1900-01-00 00:00:00,dlink-615_EXT,40:86:CB:27:D2:0C,-31, WPA2 ,0.000000,0.000000,0.000,0.000,AP
2026-05-15 07:35:37,1900-01-00 00:00:00,,9C:2F:9D:82:20:A3,-31,,0.000000,0.000000,0.000,0.000,Client
2026-05-15 07:35:37,1900-01-00 00:00:00,dlink-615_EXT,40:86:CB:27:D2:0C,-31, WPA2 ,0.000000,0.000000,0.000,0.000,AP
2026-05-15 07:35:37,1900-01-00 00:00:00,,9C:2F:9D:82:20:A3,-31,,0.000000,0.000000,0.000,0.000,Client
2026-05-15 07:35:37,1900-01-00 00:00:00,dlink-615_EXT,40:86:CB:27:D2:0C,-31, WPA2 ,0.000000,0.000000,0.000,0.000,AP
2026-05-15 07:35:37,1900-01-00 00:00:00,,9C:2F:9D:82:20:A3,-31,,0.000000,0.000000,0.000,0.000,Client
2026-05-15 07:35:37,1900-01-00 00:00:00,dlink-615_EXT,40:86:CB:27:D2:0C,-31, WPA2 ,0.000000,0.000000,0.000,0.000,AP
2026-05-15 07:35:37,1900-01-00 00:00:00,,9C:2F:9D:82:20:A3,-31,,0.000000,0.000000,0.000,0.000,Client
2026-05-15 07:35:37,1900-01-00 00:00:00,dlink-615_EXT,40:86:CB:27:D2:0C,-31, WPA2 ,0.000000,0.000000,0.000,0.000,AP
2026-05-15 07:35:37,1900-01-00 00:00:00,,9C:2F:9D:82:20:A3,-31,,0.000000,0.000000,0.000,0.000,Client
2026-05-15 07:35:37,1900-01-00 00:00:00,dlink-615_EXT,40:86:CB:27:D2:0C,-31, WPA2 ,0.000000,0.000000,0.000,0.000,AP
2026-05-15 07:35:37,1900-01-00 00:00:00,,9C:2F:9D:82:20:A3,-31,,0.000000,0.000000,0.000,0.000,Client
2026-05-15 07:35:37,1900-01-00 00:00:00,dlink-615_EXT,40:86:CB:27:D2:0C,-31, WPA2 ,0.000000,0.000000,0.000,0.000,AP
2026-05-15 07:35:37,1900-01-00 00:00:00,,9C:2F:9D:82:20:A3,-31,,0.000000,0.000000,0.000,0.000,Client
2026-05-15 07:35:37,1900-01-00 00:00:00,dlink-615_EXT,40:86:CB:27:D2:0C,-47, WPA2 ,0.000000,0.000000,0.000,0.000,AP
2026-05-15 07:35:37,1900-01-00 00:00:00,,9C:2F:9D:82:20:A3,-47,,0.000000,0.000000,0.000,0.000,Client
2026-05-15 07:35:37,1900-01-00 00:00:00,dlink-615_EXT,40:86:CB:27:D2:0C,-49, WPA2 ,0.000000,0.000000,0.000,0.000,AP
2026-05-15 07:35:37,1900-01-00 00:00:00,,9C:2F:9D:82:20:A3,-49,,0.000000,0.000000,0.000,0.000,Client
2026-05-15 07:35:37,1900-01-00 00:00:00,dlink-615_EXT,40:86:CB:27:D2:0C,-49, WPA2 ,0.000000,0.000000,0.000,0.000,AP
2026-05-15 07:35:37,1900-01-00 00:00:00,,9C:2F:9D:82:20:A3,-49,,0.000000,0.000000,0.000,0.000,Client
2026-05-15 07:35:37,1900-01-00 00:00:00,dlink-615_EXT,40:86:CB:27:D2:0C,-49, WPA2 ,0.000000,0.000000,0.000,0.000,AP
2026-05-15 07:35:37,1900-01-00 00:00:00,,9C:2F:9D:82:20:A3,-49,,0.000000,0.000000,0.000,0.000,Client
2026-05-15 07:35:37,1900-01-00 00:00:00,dlink-615_EXT,40:86:CB:27:D2:0C,-49, WPA2 ,0.000000,0.000000,0.000,0.000,AP
2026-05-15 07:35:37,1900-01-00 00:00:00,,9C:2F:9D:82:20:A3,-49,,0.000000,0.000000,0.000,0.000,Client
2026-05-15 07:35:37,1900-01-00 00:00:00,dlink-615_EXT,40:86:CB:27:D2:0C,-49, WPA2 ,0.000000,0.000000,0.000,0.000,AP
2026-05-15 07:35:37,1900-01-00 00:00:00,,9C:2F:9D:82:20:A3,-49,,0.000000,0.000000,0.000,0.000,Client
2026-05-15 07:35:37,1900-01-00 00:00:00,dlink-615_EXT,40:86:CB:27:D2:0C,-49, WPA2 ,0.000000,0.000000,0.000,0.000,AP
2026-05-15 07:35:37,1900-01-00 00:00:00,,9C:2F:9D:82:20:A3,-49,,0.000000,0.000000,0.000,0.000,Client
2026-05-15 07:35:37,1900-01-00 00:00:00,dlink-615_EXT,40:86:CB:27:D2:0C,-49, WPA2 ,0.000000,0.000000,0.000,0.000,AP
2026-05-15 07:35:37,1900-01-00 00:00:00,,9C:2F:9D:82:20:A3,-49,,0.000000,0.000000,0.000,0.000,Client
2026-05-15 07:35:37,1900-01-00 00:00:00,dlink-615_EXT,40:86:CB:27:D2:0C,-49, WPA2 ,0.000000,0.000000,0.000,0.000,AP
2026-05-15 07:35:37,1900-01-00 00:00:00,,9C:2F:9D:82:20:A3,-49,,0.000000,0.000000,0.000,0.000,Client
2026-05-15 07:35:37,1900-01-00 00:00:00,dlink-615_EXT,40:86:CB:27:D2:0C,-49, WPA2 ,0.000000,0.000000,0.000,0.000,AP
2026-05-15 07:35:37,1900-01-00 00:00:00,,9C:2F:9D:82:20:A3,-49,,0.000000,0.000000,0.000,0.000,Client
2026-05-15 07:35:37,1900-01-00 00:00:00,dlink-615_EXT,40:86:CB:27:D2:0C,-49, WPA2 ,0.000000,0.000000,0.000,0.000,AP
2026-05-15 07:35:37,1900-01-00 00:00:00,,9C:2F:9D:82:20:A3,-49,,0.000000,0.000000,0.000,0.000,Client
2026-05-15 07:35:38,1900-01-00 00:00:00,dlink-615_EXT,40:86:CB:27:D2:0C,-49, WPA2 ,0.000000,0.000000,0.000,0.000,AP
2026-05-15 07:35:38,1900-01-00 00:00:00,,9C:2F:9D:82:20:A3,-49,,0.000000,0.000000,0.000,0.000,Client
2026-05-15 07:35:38,1900-01-00 00:00:00,dlink-615_EXT,40:86:CB:27:D2:0C,-19, WPA2 ,0.000000,0.000000,0.000,0.000,AP
2026-05-15 07:35:38,1900-01-00 00:00:00,,9C:2F:9D:82:20:A3,-19,,0.000000,0.000000,0.000,0.000,Client
2026-05-15 07:35:38,1900-01-00 00:00:00,dlink-615_EXT,40:86:CB:27:D2:0C,-17, WPA2 ,0.000000,0.000000,0.000,0.000,AP
2026-05-15 07:35:38,1900-01-00 00:00:00,,9C:2F:9D:82:20:A3,-17,,0.000000,0.000000,0.000,0.000,Client
2026-05-15 07:35:38,1900-01-00 00:00:00,dlink-615_EXT,40:86:CB:27:D2:0C,-19, WPA2 ,0.000000,0.000000,0.000,0.000,AP
2026-05-15 07:35:38,1900-01-00 00:00:00,,9C:2F:9D:82:20:A3,-19,,0.000000,0.000000,0.000,0.000,Client
2026-05-15 07:35:38,1900-01-00 00:00:00,dlink-615_EXT,40:86:CB:27:D2:0C,-19, WPA2 ,0.000000,0.000000,0.000,0.000,AP
2026-05-15 07:35:38,1900-01-00 00:00:00,,9C:2F:9D:82:20:A3,-19,,0.000000,0.000000,0.000,0.000,Client
2026-05-15 07:35:38,1900-01-00 00:00:00,dlink-615_EXT,40:86:CB:27:D2:0C,-21, WPA2 ,0.000000,0.000000,0.000,0.000,AP
2026-05-15 07:35:38,1900-01-00 00:00:00,,9C:2F:9D:82:20:A3,-21,,0.000000,0.000000,0.000,0.000,Client
2026-05-15 07:35:38,1900-01-00 00:00:00,dlink-615_EXT,40:86:CB:27:D2:0C,-21, WPA2 ,0.000000,0.000000,0.000,0.000,AP
2026-05-15 07:35:38,1900-01-00 00:00:00,,9C:2F:9D:82:20:A3,-21,,0.000000,0.000000,0.000,0.000,Client
2026-05-15 07:35:38,1900-01-00 00:00:00,dlink-615_EXT,40:86:CB:27:D2:0C,-19, WPA2 ,0.000000,0.000000,0.000,0.000,AP
2026-05-15 07:35:38,1900-01-00 00:00:00,,9C:2F:9D:82:20:A3,-19,,0.000000,0.000000,0.000,0.000,Client
2026-05-15 07:35:38,1900-01-00 00:00:00,dlink-615_EXT,40:86:CB:27:D2:0C,-21, WPA2 ,0.000000,0.000000,0.000,0.000,AP
2026-05-15 07:35:38,1900-01-00 00:00:00,,9C:2F:9D:82:20:A3,-21,,0.000000,0.000000,0.000,0.000,Client
2026-05-15 07:35:38,1900-01-00 00:00:00,dlink-615_EXT,40:86:CB:27:D2:0C,-19, WPA2 ,0.000000,0.000000,0.000,0.000,AP
2026-05-15 07:35:38,1900-01-00 00:00:00,,9C:2F:9D:82:20:A3,-19,,0.000000,0.000000,0.000,0.000,Client
2026-05-15 07:35:38,1900-01-00 00:00:00,dlink-615_EXT,40:86:CB:27:D2:0C,-19, WPA2 ,0.000000,0.000000,0.000,0.000,AP
2026-05-15 07:35:38,1900-01-00 00:00:00,,9C:2F:9D:82:20:A3,-19,,0.000000,0.000000,0.000,0.000,Client
2026-05-15 07:35:38,1900-01-00 00:00:00,dlink-615_EXT,40:86:CB:27:D2:0C,-21, WPA2 ,0.000000,0.000000,0.000,0.000,AP
2026-05-15 07:35:38,1900-01-00 00:00:00,,9C:2F:9D:82:20:A3,-21,,0.000000,0.000000,0.000,0.000,Client
2026-05-15 07:35:38,1900-01-00 00:00:00,dlink-615_EXT,40:86:CB:27:D2:0C,-41, WPA2 ,0.000000,0.000000,0.000,0.000,AP
2026-05-15 07:35:38,1900-01-00 00:00:00,,9C:2F:9D:82:20:A3,-41,,0.000000,0.000000,0.000,0.000,Client
2026-05-15 07:35:38,1900-01-00 00:00:00,dlink-615_EXT,40:86:CB:27:D2:0C,-19, WPA2 ,0.000000,0.000000,0.000,0.000,AP
2026-05-15 07:35:38,1900-01-00 00:00:00,,9C:2F:9D:82:20:A3,-19,,0.000000,0.000000,0.000,0.000,Client
2026-05-15 07:35:38,1900-01-00 00:00:00,dlink-615_EXT,40:86:CB:27:D2:0C,-19, WPA2 ,0.000000,0.000000,0.000,0.000,AP
2026-05-15 07:35:38,1900-01-00 00:00:00,,9C:2F:9D:82:20:A3,-19,,0.000000,0.000000,0.000,0.000,Client
2026-05-15 07:35:38,1900-01-00 00:00:00,dlink-615_EXT,40:86:CB:27:D2:0C,-41, WPA2 ,0.000000,0.000000,0.000,0.000,AP
2026-05-15 07:35:38,1900-01-00 00:00:00,,9C:2F:9D:82:20:A3,-41,,0.000000,0.000000,0.000,0.000,Client
2026-05-15 07:35:38,1900-01-00 00:00:00,dlink-615_EXT,40:86:CB:27:D2:0C,-19, WPA2 ,0.000000,0.000000,0.000,0.000,AP
2026-05-15 07:35:38,1900-01-00 00:00:00,,9C:2F:9D:82:20:A3,-19,,0.000000,0.000000,0.000,0.000,Client
2026-05-15 07:35:38,1900-01-00 00:00:00,dlink-615_EXT,40:86:CB:27:D2:0C,-19, WPA2 ,0.000000,0.000000,0.000,0.000,AP
2026-05-15 07:35:38,1900-01-00 00:00:00,,9C:2F:9D:82:20:A3,-19,,0.000000,0.000000,0.000,0.000,Client
2026-05-15 07:35:38,1900-01-00 00:00:00,dlink-615_EXT,40:86:CB:27:D2:0C,-19, WPA2 ,0.000000,0.000000,0.000,0.000,AP
2026-05-15 07:35:38,1900-01-00 00:00:00,,9C:2F:9D:82:20:A3,-19,,0.000000,0.000000,0.000,0.000,Client
2026-05-15 07:35:38,1900-01-00 00:00:00,dlink-615_EXT,40:86:CB:27:D2:0C,-19, WPA2 ,0.000000,0.000000,0.000,0.000,AP
2026-05-15 07:35:38,1900-01-00 00:00:00,,9C:2F:9D:82:20:A3,-19,,0.000000,0.000000,0.000,0.000,Client
2026-05-15 07:35:38,1900-01-00 00:00:00,dlink-615_EXT,40:86:CB:27:D2:0C,-19, WPA2 ,0.000000,0.000000,0.000,0.000,AP
2026-05-15 07:35:38,1900-01-00 00:00:00,,9C:2F:9D:82:20:A3,-19,,0.000000,0.000000,0.000,0.000,Client
2026-05-15 07:35:38,1900-01-00 00:00:00,dlink-615_EXT,40:86:CB:27:D2:0C,-21, WPA2 ,0.000000,0.000000,0.000,0.000,AP
2026-05-15 07:35:38,1900-01-00 00:00:00,,9C:2F:9D:82:20:A3,-21,,0.000000,0.000000,0.000,0.000,Client
2026-05-15 07:35:38,1900-01-00 00:00:00,dlink-615_EXT,40:86:CB:27:D2:0C,-21, WPA2 ,0.000000,0.000000,0.000,0.000,AP
2026-05-15 07:35:38,1900-01-00 00:00:00,,9C:2F:9D:82:20:A3,-21,,0.000000,0.000000,0.000,0.000,Client
2026-05-15 07:35:38,1900-01-00 00:00:00,dlink-615_EXT,40:86:CB:27:D2:0C,-21, WPA2 ,0.000000,0.000000,0.000,0.000,AP
2026-05-15 07:35:38,1900-01-00 00:00:00,,9C:2F:9D:82:20:A3,-21,,0.000000,0.000000,0.000,0.000,Client
2026-05-15 07:35:38,1900-01-00 00:00:00,dlink-615_EXT,40:86:CB:27:D2:0C,-21, WPA2 ,0.000000,0.000000,0.000,0.000,AP
2026-05-15 07:35:38,1900-01-00 00:00:00,,9C:2F:9D:82:20:A3,-21,,0.000000,0.000000,0.000,0.000,Client
2026-05-15 07:35:38,1900-01-00 00:00:00,dlink-615_EXT,40:86:CB:27:D2:0C,-19, WPA2 ,0.000000,0.000000,0.000,0.000,AP
2026-05-15 07:35:38,1900-01-00 00:00:00,,9C:2F:9D:82:20:A3,-19,,0.000000,0.000000,0.000,0.000,Client
2026-05-15 07:35:38,1900-01-00 00:00:00,dlink-615_EXT,40:86:CB:27:D2:0C,-21, WPA2 ,0.000000,0.000000,0.000,0.000,AP
2026-05-15 07:35:38,1900-01-00 00:00:00,,9C:2F:9D:82:20:A3,-21,,0.000000,0.000000,0.000,0.000,Client
2026-05-15 07:35:38,1900-01-00 00:00:00,dlink-615_EXT,40:86:CB:27:D2:0C,-21, WPA2 ,0.000000,0.000000,0.000,0.000,AP
2026-05-15 07:35:38,1900-01-00 00:00:00,,9C:2F:9D:82:20:A3,-21,,0.000000,0.000000,0.000,0.000,Client
2026-05-15 07:35:38,1900-01-00 00:00:00,dlink-615_EXT,40:86:CB:27:D2:0C,-21, WPA2 ,0.000000,0.000000,0.000,0.000,AP
2026-05-15 07:35:38,1900-01-00 00:00:00,,9C:2F:9D:82:20:A3,-21,,0.000000,0.000000,0.000,0.000,Client
2026-05-15 07:35:38,1900-01-00 00:00:00,dlink-615_EXT,40:86:CB:27:D2:0C,-21, WPA2 ,0.000000,0.000000,0.000,0.000,AP
2026-05-15 07:35:38,1900-01-00 00:00:00,,9C:2F:9D:82:20:A3,-21,,0.000000,0.000000,0.000,0.000,Client
2026-05-15 07:35:38,1900-01-00 00:00:00,dlink-615_EXT,40:86:CB:27:D2:0C,-19, WPA2 ,0.000000,0.000000,0.000,0.000,AP
2026-05-15 07:35:38,1900-01-00 00:00:00,,9C:2F:9D:82:20:A3,-19,,0.000000,0.000000,0.000,0.000,Client
2026-05-15 07:35:38,1900-01-00 00:00:00,dlink-615_EXT,40:86:CB:27:D2:0C,-19, WPA2 ,0.000000,0.000000,0.000,0.000,AP
2026-05-15 07:35:38,1900-01-00 00:00:00,,9C:2F:9D:82:20:A3,-19,,0.000000,0.000000,0.000,0.000,Client
2026-05-15 07:35:38,1900-01-00 00:00:00,dlink-615_EXT,40:86:CB:27:D2:0C,-19, WPA2 ,0.000000,0.000000,0.000,0.000,AP
2026-05-15 07:35:38,1900-01-00 00:00:00,,9C:2F:9D:82:20:A3,-19,,0.000000,0.000000,0.000,0.000,Client
2026-05-15 07:35:38,1900-01-00 00:00:00,dlink-615_EXT,40:86:CB:27:D2:0C,-19, WPA2 ,0.000000,0.000000,0.000,0.000,AP
2026-05-15 07:35:38,1900-01-00 00:00:00,,9C:2F:9D:82:20:A3,-19,,0.000000,0.000000,0.000,0.000,Client
2026-05-15 07:35:38,1900-01-00 00:00:00,dlink-615_EXT,40:86:CB:27:D2:0C,-19, WPA2 ,0.000000,0.000000,0.000,0.000,AP
2026-05-15 07:35:38,1900-01-00 00:00:00,,9C:2F:9D:82:20:A3,-19,,0.000000,0.000000,0.000,0.000,Client
2026-05-15 07:35:38,1900-01-00 00:00:00,dlink-615_EXT,40:86:CB:27:D2:0C,-19, WPA2 ,0.000000,0.000000,0.000,0.000,AP
2026-05-15 07:35:38,1900-01-00 00:00:00,,9C:2F:9D:82:20:A3,-19,,0.000000,0.000000,0.000,0.000,Client
2026-05-15 07:35:38,1900-01-00 00:00:00,dlink-615_EXT,40:86:CB:27:D2:0C,-21, WPA2 ,0.000000,0.000000,0.000,0.000,AP
2026-05-15 07:35:38,1900-01-00 00:00:00,,9C:2F:9D:82:20:A3,-21,,0.000000,0.000000,0.000,0.000,Client
2026-05-15 07:35:38,1900-01-00 00:00:00,dlink-615_EXT,40:86:CB:27:D2:0C,-19, WPA2 ,0.000000,0.000000,0.000,0.000,AP
2026-05-15 07:35:38,1900-01-00 00:00:00,,9C:2F:9D:82:20:A3,-19,,0.000000,0.000000,0.000,0.000,Client
2026-05-15 07:35:38,1900-01-00 00:00:00,dlink-615_EXT,40:86:CB:27:D2:0C,-21, WPA2 ,0.000000,0.000000,0.000,0.000,AP
2026-05-15 07:35:38,1900-01-00 00:00:00,,9C:2F:9D:82:20:A3,-21,,0.000000,0.000000,0.000,0.000,Client
2026-05-15 07:35:38,1900-01-00 00:00:00,dlink-615_EXT,40:86:CB:27:D2:0C,-43, WPA2 ,0.000000,0.000000,0.000,0.000,AP
2026-05-15 07:35:38,1900-01-00 00:00:00,,9C:2F:9D:82:20:A3,-41,,0.000000,0.000000,0.000,0.000,Client
2026-05-15 07:35:38,1900-01-00 00:00:00,dlink-615_EXT,40:86:CB:27:D2:0C,-19, WPA2 ,0.000000,0.000000,0.000,0.000,AP
2026-05-15 07:35:38,1900-01-00 00:00:00,,9C:2F:9D:82:20:A3,-19,,0.000000,0.000000,0.000,0.000,Client
2026-05-15 07:35:38,1900-01-00 00:00:00,dlink-615_EXT,40:86:CB:27:D2:0C,-19, WPA2 ,0.000000,0.000000,0.000,0.000,AP
2026-05-15 07:35:38,1900-01-00 00:00:00,,9C:2F:9D:82:20:A3,-19,,0.000000,0.000000,0.000,0.000,Client
2026-05-15 07:35:38,1900-01-00 00:00:00,dlink-615_EXT,40:86:CB:27:D2:0C,-19, WPA2 ,0.000000,0.000000,0.000,0.000,AP
2026-05-15 07:35:38,1900-01-00 00:00:00,,9C:2F:9D:82:20:A3,-19,,0.000000,0.000000,0.000,0.000,Client
2026-05-15 07:35:38,1900-01-00 00:00:00,dlink-615_EXT,40:86:CB:27:D2:0C,-19, WPA2 ,0.000000,0.000000,0.000,0.000,AP
2026-05-15 07:35:38,1900-01-00 00:00:00,,9C:2F:9D:82:20:A3,-19,,0.000000,0.000000,0.000,0.000,Client
2026-05-15 07:35:38,1900-01-00 00:00:00,dlink-615_EXT,40:86:CB:27:D2:0C,-65, WPA2 ,0.000000,0.000000,0.000,0.000,AP
2026-05-15 07:35:38,1900-01-00 00:00:00,,9C:2F:9D:82:20:A3,-19,,0.000000,0.000000,0.000,0.000,Client
2026-05-15 07:35:38,1900-01-00 00:00:00,dlink-615_EXT,40:86:CB:27:D2:0C,-17, WPA2 ,0.000000,0.000000,0.000,0.000,AP
2026-05-15 07:35:38,1900-01-00 00:00:00,,9C:2F:9D:82:20:A3,-21,,0.000000,0.000000,0.000,0.000,Client
2026-05-15 07:35:38,1900-01-00 00:00:00,dlink-615_EXT,40:86:CB:27:D2:0C,-21, WPA2 ,0.000000,0.000000,0.000,0.000,AP
2026-05-15 07:35:38,1900-01-00 00:00:00,,9C:2F:9D:82:20:A3,-25,,0.000000,0.000000,0.000,0.000,Client
2026-05-15 07:35:38,1900-01-00 00:00:00,dlink-615_EXT,40:86:CB:27:D2:0C,-19, WPA2 ,0.000000,0.000000,0.000,0.000,AP
2026-05-15 07:35:38,1900-01-00 00:00:00,,9C:2F:9D:82:20:A3,-21,,0.000000,0.000000,0.000,0.000,Client
2026-05-15 07:35:38,1900-01-00 00:00:00,dlink-615_EXT,40:86:CB:27:D2:0C,-19, WPA2 ,0.000000,0.000000,0.000,0.000,AP
2026-05-15 07:35:38,1900-01-00 00:00:00,,9C:2F:9D:82:20:A3,-19,,0.000000,0.000000,0.000,0.000,Client
2026-05-15 07:35:38,1900-01-00 00:00:00,dlink-615_EXT,40:86:CB:27:D2:0C,-19, WPA2 ,0.000000,0.000000,0.000,0.000,AP
2026-05-15 07:35:38,1900-01-00 00:00:00,,9C:2F:9D:82:20:A3,-19,,0.000000,0.000000,0.000,0.000,Client
2026-05-15 07:35:38,1900-01-00 00:00:00,dlink-615_EXT,40:86:CB:27:D2:0C,-19, WPA2 ,0.000000,0.000000,0.000,0.000,AP
2026-05-15 07:35:38,1900-01-00 00:00:00,,9C:2F:9D:82:20:A3,-21,,0.000000,0.000000,0.000,0.000,Client
2026-05-15 07:35:38,1900-01-00 00:00:00,dlink-615_EXT,40:86:CB:27:D2:0C,-19, WPA2 ,0.000000,0.000000,0.000,0.000,AP
2026-05-15 07:35:38,1900-01-00 00:00:00,,9C:2F:9D:82:20:A3,-19,,0.000000,0.000000,0.000,0.000,Client
2026-05-15 07:35:38,1900-01-00 00:00:00,dlink-615_EXT,40:86:CB:27:D2:0C,-19, WPA2 ,0.000000,0.000000,0.000,0.000,AP
2026-05-15 07:35:38,1900-01-00 00:00:00,,9C:2F:9D:82:20:A3,-19,,0.000000,0.000000,0.000,0.000,Client
2026-05-15 07:35:38,1900-01-00 00:00:00,dlink-615_EXT,40:86:CB:27:D2:0C,-19, WPA2 ,0.000000,0.000000,0.000,0.000,AP
2026-05-15 07:35:38,1900-01-00 00:00:00,,9C:2F:9D:82:20:A3,-19,,0.000000,0.000000,0.000,0.000,Client
2026-05-15 07:35:38,1900-01-00 00:00:00,dlink-615_EXT,40:86:CB:27:D2:0C,-19, WPA2 ,0.000000,0.000000,0.000,0.000,AP
2026-05-15 07:35:38,1900-01-00 00:00:00,,9C:2F:9D:82:20:A3,-19,,0.000000,0.000000,0.000,0.000,Client
2026-05-15 07:35:38,1900-01-00 00:00:00,dlink-615_EXT,40:86:CB:27:D2:0C,-19, WPA2 ,0.000000,0.000000,0.000,0.000,AP
2026-05-15 07:35:38,1900-01-00 00:00:00,,9C:2F:9D:82:20:A3,-19,,0.000000,0.000000,0.000,0.000,Client
2026-05-15 07:35:38,1900-01-00 00:00:00,dlink-615_EXT,40:86:CB:27:D2:0C,-17, WPA2 ,0.000000,0.000000,0.000,0.000,AP
2026-05-15 07:35:38,1900-01-00 00:00:00,,9C:2F:9D:82:20:A3,-17,,0.000000,0.000000,0.000,0.000,Client
2026-05-15 07:35:38,1900-01-00 00:00:00,dlink-615_EXT,40:86:CB:27:D2:0C,-17, WPA2 ,0.000000,0.000000,0.000,0.000,AP
2026-05-15 07:35:38,1900-01-00 00:00:00,,9C:2F:9D:82:20:A3,-19,,0.000000,0.000000,0.000,0.000,Client
2026-05-15 07:35:38,1900-01-00 00:00:00,dlink-615_EXT,40:86:CB:27:D2:0C,-19, WPA2 ,0.000000,0.000000,0.000,0.000,AP
2026-05-15 07:35:38,1900-01-00 00:00:00,,9C:2F:9D:82:20:A3,-19,,0.000000,0.000000,0.000,0.000,Client
2026-05-15 07:35:38,1900-01-00 00:00:00,dlink-615_EXT,40:86:CB:27:D2:0C,-21, WPA2 ,0.000000,0.000000,0.000,0.000,AP
2026-05-15 07:35:38,1900-01-00 00:00:00,,9C:2F:9D:82:20:A3,-21,,0.000000,0.000000,0.000,0.000,Client
2026-05-15 07:35:38,1900-01-00 00:00:00,dlink-615_EXT,40:86:CB:27:D2:0C,-21, WPA2 ,0.000000,0.000000,0.000,0.000,AP
2026-05-15 07:35:38,1900-01-00 00:00:00,,9C:2F:9D:82:20:A3,-21,,0.000000,0.000000,0.000,0.000,Client
2026-05-15 07:35:38,1900-01-00 00:00:00,dlink-615_EXT,40:86:CB:27:D2:0C,-51, WPA2 ,0.000000,0.000000,0.000,0.000,AP
2026-05-15 07:35:38,1900-01-00 00:00:00,,9C:2F:9D:82:20:A3,-51,,0.000000,0.000000,0.000,0.000,Client
2026-05-15 07:35:38,1900-01-00 00:00:00,dlink-615_EXT,40:86:CB:27:D2:0C,-51, WPA2 ,0.000000,0.000000,0.000,0.000,AP
2026-05-15 07:35:38,1900-01-00 00:00:00,,9C:2F:9D:82:20:A3,-51,,0.000000,0.000000,0.000,0.000,Client
2026-05-15 07:35:38,1900-01-00 00:00:00,dlink-615_EXT,40:86:CB:27:D2:0C,-51, WPA2 ,0.000000,0.000000,0.000,0.000,AP
2026-05-15 07:35:38,1900-01-00 00:00:00,,9C:2F:9D:82:20:A3,-51,,0.000000,0.000000,0.000,0.000,Client
2026-05-15 07:35:38,1900-01-00 00:00:00,dlink-615_EXT,40:86:CB:27:D2:0C,-51, WPA2 ,0.000000,0.000000,0.000,0.000,AP
2026-05-15 07:35:38,1900-01-00 00:00:00,,9C:2F:9D:82:20:A3,-51,,0.000000,0.000000,0.000,0.000,Client
2026-05-15 07:35:53,1900-01-00 00:00:00,dlink-615_EXT,40:86:CB:27:D2:0C,-19, WPA2 ,0.000000,0.000000,0.000,0.000,AP
2026-05-15 07:35:53,1900-01-00 00:00:00,dlink-615_EXT,40:86:CB:27:D2:0C,-19, WPA2 ,0.000000,0.000000,0.000,0.000,AP
2026-05-15 07:35:53,1900-01-00 00:00:00,dlink-615_EXT,40:86:CB:27:D2:0C,-19, WPA2 ,0.000000,0.000000,0.000,0.000,AP
2026-05-15 07:35:53,1900-01-00 00:00:00,dlink-615_EXT,40:86:CB:27:D2:0C,-19, WPA2 ,0.000000,0.000000,0.000,0.000,AP
2026-05-15 07:35:54,1900-01-00 00:00:00,dlink-615_EXT,40:86:CB:27:D2:0C,-19, WPA2 ,0.000000,0.000000,0.000,0.000,AP
2026-05-15 07:35:54,1900-01-00 00:00:00,,9C:2F:9D:82:20:A3,-21,,0.000000,0.000000,0.000,0.000,Client
2026-05-15 07:35:55,1900-01-00 00:00:00,dlink-615_EXT,40:86:CB:27:D2:0C,-17, WPA2 ,0.000000,0.000000,0.000,0.000,AP
