LocalTime, GPSTime, ESSID, BSSID, Power, Security, Latitude, Longitude, Latitude Error, Longitude Error, Type
2026-05-15 10:56:58,1900-01-00 00:00:00,,40:86:CB:27:D2:0C,-59, ,0.000000,0.000000,0.000,0.000,AP
2026-05-15 10:56:58,1900-01-00 00:00:00,dlink-615_EXT,40:86:CB:27:D2:0C,-59, WPA2 ,0.000000,0.000000,0.000,0.000,AP
2026-05-15 10:56:58,1900-01-00 00:00:00,dlink-615_EXT,40:86:CB:27:D2:0C,-59, WPA2 ,0.000000,0.000000,0.000,0.000,AP
2026-05-15 10:56:58,1900-01-00 00:00:00,,9C:2F:9D:82:20:A3,-59,,0.000000,0.000000,0.000,0.000,Client
2026-05-15 10:56:58,1900-01-00 00:00:00,dlink-615_EXT,40:86:CB:27:D2:0C,-59, WPA2 ,0.000000,0.000000,0.000,0.000,AP
2026-05-15 10:56:58,1900-01-00 00:00:00,,9C:2F:9D:82:20:A3,-59,,0.000000,0.000000,0.000,0.000,Client
2026-05-15 10:56:58,1900-01-00 00:00:00,dlink-615_EXT,40:86:CB:27:D2:0C,-59, WPA2 ,0.000000,0.000000,0.000,0.000,AP
2026-05-15 10:56:58,1900-01-00 00:00:00,,9C:2F:9D:82:20:A3,-59,,0.000000,0.000000,0.000,0.000,Client
2026-05-15 10:56:58,1900-01-00 00:00:00,dlink-615_EXT,40:86:CB:27:D2:0C,-59, WPA2 ,0.000000,0.000000,0.000,0.000,AP
2026-05-15 10:56:58,1900-01-00 00:00:00,,9C:2F:9D:82:20:A3,-59,,0.000000,0.000000,0.000,0.000,Client
2026-05-15 10:56:58,1900-01-00 00:00:00,dlink-615_EXT,40:86:CB:27:D2:0C,-59, WPA2 ,0.000000,0.000000,0.000,0.000,AP
2026-05-15 10:56:58,1900-01-00 00:00:00,,9C:2F:9D:82:20:A3,-59,,0.000000,0.000000,0.000,0.000,Client
2026-05-15 10:56:58,1900-01-00 00:00:00,dlink-615_EXT,40:86:CB:27:D2:0C,-59, WPA2 ,0.000000,0.000000,0.000,0.000,AP
2026-05-15 10:56:58,1900-01-00 00:00:00,,9C:2F:9D:82:20:A3,-59,,0.000000,0.000000,0.000,0.000,Client
2026-05-15 10:56:58,1900-01-00 00:00:00,dlink-615_EXT,40:86:CB:27:D2:0C,-59, WPA2 ,0.000000,0.000000,0.000,0.000,AP
2026-05-15 10:56:58,1900-01-00 00:00:00,,9C:2F:9D:82:20:A3,-59,,0.000000,0.000000,0.000,0.000,Client
2026-05-15 10:56:58,1900-01-00 00:00:00,dlink-615_EXT,40:86:CB:27:D2:0C,-59, WPA2 ,0.000000,0.000000,0.000,0.000,AP
2026-05-15 10:56:58,1900-01-00 00:00:00,,9C:2F:9D:82:20:A3,-59,,0.000000,0.000000,0.000,0.000,Client
2026-05-15 10:56:58,1900-01-00 00:00:00,dlink-615_EXT,40:86:CB:27:D2:0C,-59, WPA2 ,0.000000,0.000000,0.000,0.000,AP
2026-05-15 10:56:58,1900-01-00 00:00:00,,9C:2F:9D:82:20:A3,-59,,0.000000,0.000000,0.000,0.000,Client
2026-05-15 10:56:58,1900-01-00 00:00:00,dlink-615_EXT,40:86:CB:27:D2:0C,-59, WPA2 ,0.000000,0.000000,0.000,0.000,AP
2026-05-15 10:56:58,1900-01-00 00:00:00,,9C:2F:9D:82:20:A3,-59,,0.000000,0.000000,0.000,0.000,Client
2026-05-15 10:56:58,1900-01-00 00:00:00,dlink-615_EXT,40:86:CB:27:D2:0C,-59, WPA2 ,0.000000,0.000000,0.000,0.000,AP
2026-05-15 10:56:58,1900-01-00 00:00:00,,9C:2F:9D:82:20:A3,-59,,0.000000,0.000000,0.000,0.000,Client
2026-05-15 10:56:58,1900-01-00 00:00:00,dlink-615_EXT,40:86:CB:27:D2:0C,-59, WPA2 ,0.000000,0.000000,0.000,0.000,AP
2026-05-15 10:56:58,1900-01-00 00:00:00,,9C:2F:9D:82:20:A3,-59,,0.000000,0.000000,0.000,0.000,Client
2026-05-15 10:56:58,1900-01-00 00:00:00,dlink-615_EXT,40:86:CB:27:D2:0C,-59, WPA2 ,0.000000,0.000000,0.000,0.000,AP
2026-05-15 10:56:58,1900-01-00 00:00:00,,9C:2F:9D:82:20:A3,-59,,0.000000,0.000000,0.000,0.000,Client
2026-05-15 10:56:58,1900-01-00 00:00:00,dlink-615_EXT,40:86:CB:27:D2:0C,-59, WPA2 ,0.000000,0.000000,0.000,0.000,AP
2026-05-15 10:56:58,1900-01-00 00:00:00,,9C:2F:9D:82:20:A3,-59,,0.000000,0.000000,0.000,0.000,Client
2026-05-15 10:56:58,1900-01-00 00:00:00,dlink-615_EXT,40:86:CB:27:D2:0C,-59, WPA2 ,0.000000,0.000000,0.000,0.000,AP
2026-05-15 10:56:58,1900-01-00 00:00:00,,9C:2F:9D:82:20:A3,-59,,0.000000,0.000000,0.000,0.000,Client
2026-05-15 10:56:58,1900-01-00 00:00:00,dlink-615_EXT,40:86:CB:27:D2:0C,-59, WPA2 ,0.000000,0.000000,0.000,0.000,AP
2026-05-15 10:56:58,1900-01-00 00:00:00,,9C:2F:9D:82:20:A3,-59,,0.000000,0.000000,0.000,0.000,Client
2026-05-15 10:56:58,1900-01-00 00:00:00,dlink-615_EXT,40:86:CB:27:D2:0C,-59, WPA2 ,0.000000,0.000000,0.000,0.000,AP
2026-05-15 10:56:58,1900-01-00 00:00:00,,9C:2F:9D:82:20:A3,-59,,0.000000,0.000000,0.000,0.000,Client
2026-05-15 10:56:58,1900-01-00 00:00:00,dlink-615_EXT,40:86:CB:27:D2:0C,-59, WPA2 ,0.000000,0.000000,0.000,0.000,AP
2026-05-15 10:56:58,1900-01-00 00:00:00,,9C:2F:9D:82:20:A3,-59,,0.000000,0.000000,0.000,0.000,Client
2026-05-15 10:56:58,1900-01-00 00:00:00,dlink-615_EXT,40:86:CB:27:D2:0C,-59, WPA2 ,0.000000,0.000000,0.000,0.000,AP
2026-05-15 10:56:58,1900-01-00 00:00:00,,9C:2F:9D:82:20:A3,-59,,0.000000,0.000000,0.000,0.000,Client
2026-05-15 10:56:58,1900-01-00 00:00:00,dlink-615_EXT,40:86:CB:27:D2:0C,-59, WPA2 ,0.000000,0.000000,0.000,0.000,AP
2026-05-15 10:56:58,1900-01-00 00:00:00,,9C:2F:9D:82:20:A3,-59,,0.000000,0.000000,0.000,0.000,Client
2026-05-15 10:56:58,1900-01-00 00:00:00,dlink-615_EXT,40:86:CB:27:D2:0C,-59, WPA2 ,0.000000,0.000000,0.000,0.000,AP
2026-05-15 10:56:58,1900-01-00 00:00:00,,9C:2F:9D:82:20:A3,-59,,0.000000,0.000000,0.000,0.000,Client
2026-05-15 10:56:58,1900-01-00 00:00:00,dlink-615_EXT,40:86:CB:27:D2:0C,-59, WPA2 ,0.000000,0.000000,0.000,0.000,AP
2026-05-15 10:56:58,1900-01-00 00:00:00,,9C:2F:9D:82:20:A3,-59,,0.000000,0.000000,0.000,0.000,Client
2026-05-15 10:56:58,1900-01-00 00:00:00,dlink-615_EXT,40:86:CB:27:D2:0C,-59, WPA2 ,0.000000,0.000000,0.000,0.000,AP
2026-05-15 10:56:58,1900-01-00 00:00:00,,9C:2F:9D:82:20:A3,-59,,0.000000,0.000000,0.000,0.000,Client
2026-05-15 10:56:58,1900-01-00 00:00:00,dlink-615_EXT,40:86:CB:27:D2:0C,-59, WPA2 ,0.000000,0.000000,0.000,0.000,AP
2026-05-15 10:56:58,1900-01-00 00:00:00,dlink-615_EXT,40:86:CB:27:D2:0C,-63, WPA2 ,0.000000,0.000000,0.000,0.000,AP
2026-05-15 10:56:58,1900-01-00 00:00:00,,9C:2F:9D:82:20:A3,-63,,0.000000,0.000000,0.000,0.000,Client
2026-05-15 10:56:58,1900-01-00 00:00:00,dlink-615_EXT,40:86:CB:27:D2:0C,-63, WPA2 ,0.000000,0.000000,0.000,0.000,AP
2026-05-15 10:56:58,1900-01-00 00:00:00,,9C:2F:9D:82:20:A3,-63,,0.000000,0.000000,0.000,0.000,Client
2026-05-15 10:56:58,1900-01-00 00:00:00,dlink-615_EXT,40:86:CB:27:D2:0C,-63, WPA2 ,0.000000,0.000000,0.000,0.000,AP
2026-05-15 10:56:58,1900-01-00 00:00:00,,9C:2F:9D:82:20:A3,-63,,0.000000,0.000000,0.000,0.000,Client
2026-05-15 10:56:58,1900-01-00 00:00:00,dlink-615_EXT,40:86:CB:27:D2:0C,-63, WPA2 ,0.000000,0.000000,0.000,0.000,AP
2026-05-15 10:56:58,1900-01-00 00:00:00,,9C:2F:9D:82:20:A3,-63,,0.000000,0.000000,0.000,0.000,Client
2026-05-15 10:56:58,1900-01-00 00:00:00,dlink-615_EXT,40:86:CB:27:D2:0C,-63, WPA2 ,0.000000,0.000000,0.000,0.000,AP
2026-05-15 10:56:58,1900-01-00 00:00:00,,9C:2F:9D:82:20:A3,-63,,0.000000,0.000000,0.000,0.000,Client
2026-05-15 10:56:58,1900-01-00 00:00:00,dlink-615_EXT,40:86:CB:27:D2:0C,-63, WPA2 ,0.000000,0.000000,0.000,0.000,AP
2026-05-15 10:56:58,1900-01-00 00:00:00,,9C:2F:9D:82:20:A3,-63,,0.000000,0.000000,0.000,0.000,Client
2026-05-15 10:56:58,1900-01-00 00:00:00,dlink-615_EXT,40:86:CB:27:D2:0C,-63, WPA2 ,0.000000,0.000000,0.000,0.000,AP
2026-05-15 10:56:58,1900-01-00 00:00:00,,9C:2F:9D:82:20:A3,-63,,0.000000,0.000000,0.000,0.000,Client
2026-05-15 10:56:58,1900-01-00 00:00:00,dlink-615_EXT,40:86:CB:27:D2:0C,-63, WPA2 ,0.000000,0.000000,0.000,0.000,AP
2026-05-15 10:56:58,1900-01-00 00:00:00,,9C:2F:9D:82:20:A3,-63,,0.000000,0.000000,0.000,0.000,Client
2026-05-15 10:56:58,1900-01-00 00:00:00,dlink-615_EXT,40:86:CB:27:D2:0C,-63, WPA2 ,0.000000,0.000000,0.000,0.000,AP
2026-05-15 10:56:58,1900-01-00 00:00:00,,9C:2F:9D:82:20:A3,-63,,0.000000,0.000000,0.000,0.000,Client
2026-05-15 10:56:58,1900-01-00 00:00:00,dlink-615_EXT,40:86:CB:27:D2:0C,-63, WPA2 ,0.000000,0.000000,0.000,0.000,AP
2026-05-15 10:56:58,1900-01-00 00:00:00,,9C:2F:9D:82:20:A3,-63,,0.000000,0.000000,0.000,0.000,Client
2026-05-15 10:56:58,1900-01-00 00:00:00,dlink-615_EXT,40:86:CB:27:D2:0C,-63, WPA2 ,0.000000,0.000000,0.000,0.000,AP
2026-05-15 10:56:58,1900-01-00 00:00:00,,9C:2F:9D:82:20:A3,-63,,0.000000,0.000000,0.000,0.000,Client
2026-05-15 10:56:58,1900-01-00 00:00:00,dlink-615_EXT,40:86:CB:27:D2:0C,-63, WPA2 ,0.000000,0.000000,0.000,0.000,AP
2026-05-15 10:56:58,1900-01-00 00:00:00,,9C:2F:9D:82:20:A3,-63,,0.000000,0.000000,0.000,0.000,Client
2026-05-15 10:56:58,1900-01-00 00:00:00,dlink-615_EXT,40:86:CB:27:D2:0C,-63, WPA2 ,0.000000,0.000000,0.000,0.000,AP
2026-05-15 10:56:58,1900-01-00 00:00:00,,9C:2F:9D:82:20:A3,-63,,0.000000,0.000000,0.000,0.000,Client
2026-05-15 10:56:58,1900-01-00 00:00:00,dlink-615_EXT,40:86:CB:27:D2:0C,-63, WPA2 ,0.000000,0.000000,0.000,0.000,AP
2026-05-15 10:56:58,1900-01-00 00:00:00,,9C:2F:9D:82:20:A3,-63,,0.000000,0.000000,0.000,0.000,Client
2026-05-15 10:56:58,1900-01-00 00:00:00,dlink-615_EXT,40:86:CB:27:D2:0C,-63, WPA2 ,0.000000,0.000000,0.000,0.000,AP
2026-05-15 10:56:58,1900-01-00 00:00:00,,9C:2F:9D:82:20:A3,-63,,0.000000,0.000000,0.000,0.000,Client
2026-05-15 10:56:58,1900-01-00 00:00:00,dlink-615_EXT,40:86:CB:27:D2:0C,-63, WPA2 ,0.000000,0.000000,0.000,0.000,AP
2026-05-15 10:56:58,1900-01-00 00:00:00,,9C:2F:9D:82:20:A3,-63,,0.000000,0.000000,0.000,0.000,Client
2026-05-15 10:56:58,1900-01-00 00:00:00,dlink-615_EXT,40:86:CB:27:D2:0C,-63, WPA2 ,0.000000,0.000000,0.000,0.000,AP
2026-05-15 10:56:58,1900-01-00 00:00:00,,9C:2F:9D:82:20:A3,-63,,0.000000,0.000000,0.000,0.000,Client
2026-05-15 10:56:58,1900-01-00 00:00:00,dlink-615_EXT,40:86:CB:27:D2:0C,-63, WPA2 ,0.000000,0.000000,0.000,0.000,AP
2026-05-15 10:56:58,1900-01-00 00:00:00,,9C:2F:9D:82:20:A3,-63,,0.000000,0.000000,0.000,0.000,Client
2026-05-15 10:56:58,1900-01-00 00:00:00,dlink-615_EXT,40:86:CB:27:D2:0C,-63, WPA2 ,0.000000,0.000000,0.000,0.000,AP
2026-05-15 10:56:58,1900-01-00 00:00:00,,9C:2F:9D:82:20:A3,-63,,0.000000,0.000000,0.000,0.000,Client
2026-05-15 10:56:58,1900-01-00 00:00:00,dlink-615_EXT,40:86:CB:27:D2:0C,-63, WPA2 ,0.000000,0.000000,0.000,0.000,AP
2026-05-15 10:56:58,1900-01-00 00:00:00,dlink-615_EXT,40:86:CB:27:D2:0C,-59, WPA2 ,0.000000,0.000000,0.000,0.000,AP
2026-05-15 10:56:58,1900-01-00 00:00:00,,9C:2F:9D:82:20:A3,-59,,0.000000,0.000000,0.000,0.000,Client
2026-05-15 10:56:58,1900-01-00 00:00:00,dlink-615_EXT,40:86:CB:27:D2:0C,-59, WPA2 ,0.000000,0.000000,0.000,0.000,AP
2026-05-15 10:56:58,1900-01-00 00:00:00,,9C:2F:9D:82:20:A3,-59,,0.000000,0.000000,0.000,0.000,Client
2026-05-15 10:56:58,1900-01-00 00:00:00,dlink-615_EXT,40:86:CB:27:D2:0C,-59, WPA2 ,0.000000,0.000000,0.000,0.000,AP
2026-05-15 10:56:58,1900-01-00 00:00:00,,9C:2F:9D:82:20:A3,-59,,0.000000,0.000000,0.000,0.000,Client
2026-05-15 10:56:58,1900-01-00 00:00:00,dlink-615_EXT,40:86:CB:27:D2:0C,-59, WPA2 ,0.000000,0.000000,0.000,0.000,AP
2026-05-15 10:56:58,1900-01-00 00:00:00,,9C:2F:9D:82:20:A3,-69,,0.000000,0.000000,0.000,0.000,Client
2026-05-15 10:56:58,1900-01-00 00:00:00,dlink-615_EXT,40:86:CB:27:D2:0C,-69, WPA2 ,0.000000,0.000000,0.000,0.000,AP
2026-05-15 10:56:58,1900-01-00 00:00:00,,9C:2F:9D:82:20:A3,-67,,0.000000,0.000000,0.000,0.000,Client
2026-05-15 10:56:58,1900-01-00 00:00:00,dlink-615_EXT,40:86:CB:27:D2:0C,-67, WPA2 ,0.000000,0.000000,0.000,0.000,AP
2026-05-15 10:56:58,1900-01-00 00:00:00,,9C:2F:9D:82:20:A3,-67,,0.000000,0.000000,0.000,0.000,Client
2026-05-15 10:56:58,1900-01-00 00:00:00,dlink-615_EXT,40:86:CB:27:D2:0C,-67, WPA2 ,0.000000,0.000000,0.000,0.000,AP
2026-05-15 10:56:58,1900-01-00 00:00:00,,9C:2F:9D:82:20:A3,-67,,0.000000,0.000000,0.000,0.000,Client
2026-05-15 10:56:58,1900-01-00 00:00:00,dlink-615_EXT,40:86:CB:27:D2:0C,-67, WPA2 ,0.000000,0.000000,0.000,0.000,AP
2026-05-15 10:56:58,1900-01-00 00:00:00,,9C:2F:9D:82:20:A3,-67,,0.000000,0.000000,0.000,0.000,Client
2026-05-15 10:56:58,1900-01-00 00:00:00,dlink-615_EXT,40:86:CB:27:D2:0C,-67, WPA2 ,0.000000,0.000000,0.000,0.000,AP
2026-05-15 10:56:58,1900-01-00 00:00:00,,9C:2F:9D:82:20:A3,-67,,0.000000,0.000000,0.000,0.000,Client
2026-05-15 10:56:58,1900-01-00 00:00:00,dlink-615_EXT,40:86:CB:27:D2:0C,-67, WPA2 ,0.000000,0.000000,0.000,0.000,AP
2026-05-15 10:56:58,1900-01-00 00:00:00,,9C:2F:9D:82:20:A3,-67,,0.000000,0.000000,0.000,0.000,Client
2026-05-15 10:56:58,1900-01-00 00:00:00,dlink-615_EXT,40:86:CB:27:D2:0C,-67, WPA2 ,0.000000,0.000000,0.000,0.000,AP
2026-05-15 10:56:58,1900-01-00 00:00:00,,9C:2F:9D:82:20:A3,-67,,0.000000,0.000000,0.000,0.000,Client
2026-05-15 10:56:58,1900-01-00 00:00:00,dlink-615_EXT,40:86:CB:27:D2:0C,-67, WPA2 ,0.000000,0.000000,0.000,0.000,AP
2026-05-15 10:56:58,1900-01-00 00:00:00,,9C:2F:9D:82:20:A3,-67,,0.000000,0.000000,0.000,0.000,Client
2026-05-15 10:56:58,1900-01-00 00:00:00,dlink-615_EXT,40:86:CB:27:D2:0C,-67, WPA2 ,0.000000,0.000000,0.000,0.000,AP
2026-05-15 10:56:58,1900-01-00 00:00:00,,9C:2F:9D:82:20:A3,-67,,0.000000,0.000000,0.000,0.000,Client
2026-05-15 10:56:58,1900-01-00 00:00:00,dlink-615_EXT,40:86:CB:27:D2:0C,-67, WPA2 ,0.000000,0.000000,0.000,0.000,AP
2026-05-15 10:56:58,1900-01-00 00:00:00,,9C:2F:9D:82:20:A3,-67,,0.000000,0.000000,0.000,0.000,Client
2026-05-15 10:56:58,1900-01-00 00:00:00,dlink-615_EXT,40:86:CB:27:D2:0C,-69, WPA2 ,0.000000,0.000000,0.000,0.000,AP
2026-05-15 10:56:58,1900-01-00 00:00:00,,9C:2F:9D:82:20:A3,-69,,0.000000,0.000000,0.000,0.000,Client
2026-05-15 10:56:58,1900-01-00 00:00:00,dlink-615_EXT,40:86:CB:27:D2:0C,-69, WPA2 ,0.000000,0.000000,0.000,0.000,AP
2026-05-15 10:56:58,1900-01-00 00:00:00,,9C:2F:9D:82:20:A3,-67,,0.000000,0.000000,0.000,0.000,Client
2026-05-15 10:56:58,1900-01-00 00:00:00,dlink-615_EXT,40:86:CB:27:D2:0C,-67, WPA2 ,0.000000,0.000000,0.000,0.000,AP
2026-05-15 10:56:58,1900-01-00 00:00:00,,9C:2F:9D:82:20:A3,-67,,0.000000,0.000000,0.000,0.000,Client
2026-05-15 10:56:58,1900-01-00 00:00:00,dlink-615_EXT,40:86:CB:27:D2:0C,-67, WPA2 ,0.000000,0.000000,0.000,0.000,AP
2026-05-15 10:56:58,1900-01-00 00:00:00,,9C:2F:9D:82:20:A3,-67,,0.000000,0.000000,0.000,0.000,Client
2026-05-15 10:56:58,1900-01-00 00:00:00,dlink-615_EXT,40:86:CB:27:D2:0C,-67, WPA2 ,0.000000,0.000000,0.000,0.000,AP
2026-05-15 10:56:58,1900-01-00 00:00:00,,9C:2F:9D:82:20:A3,-67,,0.000000,0.000000,0.000,0.000,Client
2026-05-15 10:56:58,1900-01-00 00:00:00,dlink-615_EXT,40:86:CB:27:D2:0C,-67, WPA2 ,0.000000,0.000000,0.000,0.000,AP
2026-05-15 10:56:58,1900-01-00 00:00:00,,9C:2F:9D:82:20:A3,-67,,0.000000,0.000000,0.000,0.000,Client
2026-05-15 10:56:58,1900-01-00 00:00:00,dlink-615_EXT,40:86:CB:27:D2:0C,-67, WPA2 ,0.000000,0.000000,0.000,0.000,AP
2026-05-15 10:56:58,1900-01-00 00:00:00,,9C:2F:9D:82:20:A3,-67,,0.000000,0.000000,0.000,0.000,Client
2026-05-15 10:56:58,1900-01-00 00:00:00,dlink-615_EXT,40:86:CB:27:D2:0C,-67, WPA2 ,0.000000,0.000000,0.000,0.000,AP
2026-05-15 10:56:58,1900-01-00 00:00:00,,9C:2F:9D:82:20:A3,-67,,0.000000,0.000000,0.000,0.000,Client
2026-05-15 10:56:58,1900-01-00 00:00:00,dlink-615_EXT,40:86:CB:27:D2:0C,-25, WPA2 ,0.000000,0.000000,0.000,0.000,AP
2026-05-15 10:56:58,1900-01-00 00:00:00,,9C:2F:9D:82:20:A3,-25,,0.000000,0.000000,0.000,0.000,Client
2026-05-15 10:56:58,1900-01-00 00:00:00,dlink-615_EXT,40:86:CB:27:D2:0C,-25, WPA2 ,0.000000,0.000000,0.000,0.000,AP
2026-05-15 10:56:58,1900-01-00 00:00:00,dlink-615_EXT,40:86:CB:27:D2:0C,-29, WPA2 ,0.000000,0.000000,0.000,0.000,AP
2026-05-15 10:56:58,1900-01-00 00:00:00,,9C:2F:9D:82:20:A3,-29,,0.000000,0.000000,0.000,0.000,Client
2026-05-15 10:56:58,1900-01-00 00:00:00,dlink-615_EXT,40:86:CB:27:D2:0C,-29, WPA2 ,0.000000,0.000000,0.000,0.000,AP
2026-05-15 10:56:58,1900-01-00 00:00:00,,9C:2F:9D:82:20:A3,-29,,0.000000,0.000000,0.000,0.000,Client
2026-05-15 10:56:58,1900-01-00 00:00:00,dlink-615_EXT,40:86:CB:27:D2:0C,-29, WPA2 ,0.000000,0.000000,0.000,0.000,AP
2026-05-15 10:56:58,1900-01-00 00:00:00,,9C:2F:9D:82:20:A3,-29,,0.000000,0.000000,0.000,0.000,Client
2026-05-15 10:56:58,1900-01-00 00:00:00,dlink-615_EXT,40:86:CB:27:D2:0C,-29, WPA2 ,0.000000,0.000000,0.000,0.000,AP
2026-05-15 10:56:58,1900-01-00 00:00:00,,9C:2F:9D:82:20:A3,-29,,0.000000,0.000000,0.000,0.000,Client
2026-05-15 10:56:58,1900-01-00 00:00:00,dlink-615_EXT,40:86:CB:27:D2:0C,-29, WPA2 ,0.000000,0.000000,0.000,0.000,AP
2026-05-15 10:56:58,1900-01-00 00:00:00,,9C:2F:9D:82:20:A3,-29,,0.000000,0.000000,0.000,0.000,Client
2026-05-15 10:56:58,1900-01-00 00:00:00,dlink-615_EXT,40:86:CB:27:D2:0C,-29, WPA2 ,0.000000,0.000000,0.000,0.000,AP
2026-05-15 10:56:58,1900-01-00 00:00:00,,9C:2F:9D:82:20:A3,-29,,0.000000,0.000000,0.000,0.000,Client
2026-05-15 10:56:58,1900-01-00 00:00:00,dlink-615_EXT,40:86:CB:27:D2:0C,-29, WPA2 ,0.000000,0.000000,0.000,0.000,AP
2026-05-15 10:56:58,1900-01-00 00:00:00,,9C:2F:9D:82:20:A3,-29,,0.000000,0.000000,0.000,0.000,Client
2026-05-15 10:56:58,1900-01-00 00:00:00,dlink-615_EXT,40:86:CB:27:D2:0C,-29, WPA2 ,0.000000,0.000000,0.000,0.000,AP
2026-05-15 10:56:58,1900-01-00 00:00:00,,9C:2F:9D:82:20:A3,-29,,0.000000,0.000000,0.000,0.000,Client
2026-05-15 10:56:58,1900-01-00 00:00:00,dlink-615_EXT,40:86:CB:27:D2:0C,-27, WPA2 ,0.000000,0.000000,0.000,0.000,AP
2026-05-15 10:56:58,1900-01-00 00:00:00,,9C:2F:9D:82:20:A3,-27,,0.000000,0.000000,0.000,0.000,Client
2026-05-15 10:56:58,1900-01-00 00:00:00,dlink-615_EXT,40:86:CB:27:D2:0C,-27, WPA2 ,0.000000,0.000000,0.000,0.000,AP
2026-05-15 10:56:58,1900-01-00 00:00:00,,9C:2F:9D:82:20:A3,-27,,0.000000,0.000000,0.000,0.000,Client
2026-05-15 10:56:58,1900-01-00 00:00:00,dlink-615_EXT,40:86:CB:27:D2:0C,-27, WPA2 ,0.000000,0.000000,0.000,0.000,AP
2026-05-15 10:56:58,1900-01-00 00:00:00,,9C:2F:9D:82:20:A3,-27,,0.000000,0.000000,0.000,0.000,Client
2026-05-15 10:56:58,1900-01-00 00:00:00,dlink-615_EXT,40:86:CB:27:D2:0C,-25, WPA2 ,0.000000,0.000000,0.000,0.000,AP
2026-05-15 10:56:58,1900-01-00 00:00:00,,9C:2F:9D:82:20:A3,-25,,0.000000,0.000000,0.000,0.000,Client
2026-05-15 10:56:58,1900-01-00 00:00:00,dlink-615_EXT,40:86:CB:27:D2:0C,-25, WPA2 ,0.000000,0.000000,0.000,0.000,AP
2026-05-15 10:56:58,1900-01-00 00:00:00,,9C:2F:9D:82:20:A3,-25,,0.000000,0.000000,0.000,0.000,Client
2026-05-15 10:56:58,1900-01-00 00:00:00,dlink-615_EXT,40:86:CB:27:D2:0C,-25, WPA2 ,0.000000,0.000000,0.000,0.000,AP
2026-05-15 10:56:58,1900-01-00 00:00:00,,9C:2F:9D:82:20:A3,-25,,0.000000,0.000000,0.000,0.000,Client
2026-05-15 10:56:58,1900-01-00 00:00:00,dlink-615_EXT,40:86:CB:27:D2:0C,-25, WPA2 ,0.000000,0.000000,0.000,0.000,AP
2026-05-15 10:56:58,1900-01-00 00:00:00,,9C:2F:9D:82:20:A3,-25,,0.000000,0.000000,0.000,0.000,Client
2026-05-15 10:56:58,1900-01-00 00:00:00,dlink-615_EXT,40:86:CB:27:D2:0C,-25, WPA2 ,0.000000,0.000000,0.000,0.000,AP
2026-05-15 10:56:58,1900-01-00 00:00:00,,9C:2F:9D:82:20:A3,-25,,0.000000,0.000000,0.000,0.000,Client
2026-05-15 10:56:58,1900-01-00 00:00:00,dlink-615_EXT,40:86:CB:27:D2:0C,-25, WPA2 ,0.000000,0.000000,0.000,0.000,AP
2026-05-15 10:56:58,1900-01-00 00:00:00,,9C:2F:9D:82:20:A3,-25,,0.000000,0.000000,0.000,0.000,Client
2026-05-15 10:56:58,1900-01-00 00:00:00,dlink-615_EXT,40:86:CB:27:D2:0C,-27, WPA2 ,0.000000,0.000000,0.000,0.000,AP
2026-05-15 10:56:58,1900-01-00 00:00:00,,9C:2F:9D:82:20:A3,-27,,0.000000,0.000000,0.000,0.000,Client
2026-05-15 10:56:58,1900-01-00 00:00:00,dlink-615_EXT,40:86:CB:27:D2:0C,-29, WPA2 ,0.000000,0.000000,0.000,0.000,AP
2026-05-15 10:56:58,1900-01-00 00:00:00,,9C:2F:9D:82:20:A3,-29,,0.000000,0.000000,0.000,0.000,Client
2026-05-15 10:56:58,1900-01-00 00:00:00,dlink-615_EXT,40:86:CB:27:D2:0C,-29, WPA2 ,0.000000,0.000000,0.000,0.000,AP
2026-05-15 10:56:58,1900-01-00 00:00:00,,9C:2F:9D:82:20:A3,-29,,0.000000,0.000000,0.000,0.000,Client
2026-05-15 10:56:59,1900-01-00 00:00:00,dlink-615_EXT,40:86:CB:27:D2:0C,-29, WPA2 ,0.000000,0.000000,0.000,0.000,AP
2026-05-15 10:56:59,1900-01-00 00:00:00,,9C:2F:9D:82:20:A3,-29,,0.000000,0.000000,0.000,0.000,Client
2026-05-15 10:56:59,1900-01-00 00:00:00,dlink-615_EXT,40:86:CB:27:D2:0C,-29, WPA2 ,0.000000,0.000000,0.000,0.000,AP
2026-05-15 10:56:59,1900-01-00 00:00:00,,9C:2F:9D:82:20:A3,-29,,0.000000,0.000000,0.000,0.000,Client
2026-05-15 10:56:59,1900-01-00 00:00:00,dlink-615_EXT,40:86:CB:27:D2:0C,-29, WPA2 ,0.000000,0.000000,0.000,0.000,AP
2026-05-15 10:56:59,1900-01-00 00:00:00,,9C:2F:9D:82:20:A3,-29,,0.000000,0.000000,0.000,0.000,Client
2026-05-15 10:56:59,1900-01-00 00:00:00,dlink-615_EXT,40:86:CB:27:D2:0C,-23, WPA2 ,0.000000,0.000000,0.000,0.000,AP
2026-05-15 10:56:59,1900-01-00 00:00:00,,9C:2F:9D:82:20:A3,-23,,0.000000,0.000000,0.000,0.000,Client
2026-05-15 10:56:59,1900-01-00 00:00:00,dlink-615_EXT,40:86:CB:27:D2:0C,-23, WPA2 ,0.000000,0.000000,0.000,0.000,AP
2026-05-15 10:56:59,1900-01-00 00:00:00,,9C:2F:9D:82:20:A3,-23,,0.000000,0.000000,0.000,0.000,Client
2026-05-15 10:56:59,1900-01-00 00:00:00,dlink-615_EXT,40:86:CB:27:D2:0C,-29, WPA2 ,0.000000,0.000000,0.000,0.000,AP
2026-05-15 10:56:59,1900-01-00 00:00:00,dlink-615_EXT,40:86:CB:27:D2:0C,-27, WPA2 ,0.000000,0.000000,0.000,0.000,AP
2026-05-15 10:56:59,1900-01-00 00:00:00,,9C:2F:9D:82:20:A3,-27,,0.000000,0.000000,0.000,0.000,Client
2026-05-15 10:56:59,1900-01-00 00:00:00,dlink-615_EXT,40:86:CB:27:D2:0C,-27, WPA2 ,0.000000,0.000000,0.000,0.000,AP
2026-05-15 10:56:59,1900-01-00 00:00:00,dlink-615_EXT,40:86:CB:27:D2:0C,-27, WPA2 ,0.000000,0.000000,0.000,0.000,AP
2026-05-15 10:56:59,1900-01-00 00:00:00,,9C:2F:9D:82:20:A3,-27,,0.000000,0.000000,0.000,0.000,Client
2026-05-15 10:56:59,1900-01-00 00:00:00,dlink-615_EXT,40:86:CB:27:D2:0C,-27, WPA2 ,0.000000,0.000000,0.000,0.000,AP
2026-05-15 10:56:59,1900-01-00 00:00:00,,9C:2F:9D:82:20:A3,-29,,0.000000,0.000000,0.000,0.000,Client
2026-05-15 10:56:59,1900-01-00 00:00:00,dlink-615_EXT,40:86:CB:27:D2:0C,-27, WPA2 ,0.000000,0.000000,0.000,0.000,AP
2026-05-15 10:56:59,1900-01-00 00:00:00,,9C:2F:9D:82:20:A3,-27,,0.000000,0.000000,0.000,0.000,Client
2026-05-15 10:56:59,1900-01-00 00:00:00,dlink-615_EXT,40:86:CB:27:D2:0C,-27, WPA2 ,0.000000,0.000000,0.000,0.000,AP
2026-05-15 10:56:59,1900-01-00 00:00:00,,9C:2F:9D:82:20:A3,-27,,0.000000,0.000000,0.000,0.000,Client
2026-05-15 10:56:59,1900-01-00 00:00:00,dlink-615_EXT,40:86:CB:27:D2:0C,-27, WPA2 ,0.000000,0.000000,0.000,0.000,AP
2026-05-15 10:56:59,1900-01-00 00:00:00,,9C:2F:9D:82:20:A3,-29,,0.000000,0.000000,0.000,0.000,Client
2026-05-15 10:56:59,1900-01-00 00:00:00,dlink-615_EXT,40:86:CB:27:D2:0C,-27, WPA2 ,0.000000,0.000000,0.000,0.000,AP
2026-05-15 10:56:59,1900-01-00 00:00:00,,9C:2F:9D:82:20:A3,-27,,0.000000,0.000000,0.000,0.000,Client
2026-05-15 10:56:59,1900-01-00 00:00:00,dlink-615_EXT,40:86:CB:27:D2:0C,-27, WPA2 ,0.000000,0.000000,0.000,0.000,AP
2026-05-15 10:56:59,1900-01-00 00:00:00,,9C:2F:9D:82:20:A3,-27,,0.000000,0.000000,0.000,0.000,Client
2026-05-15 10:56:59,1900-01-00 00:00:00,dlink-615_EXT,40:86:CB:27:D2:0C,-29, WPA2 ,0.000000,0.000000,0.000,0.000,AP
2026-05-15 10:56:59,1900-01-00 00:00:00,,9C:2F:9D:82:20:A3,-29,,0.000000,0.000000,0.000,0.000,Client
2026-05-15 10:56:59,1900-01-00 00:00:00,dlink-615_EXT,40:86:CB:27:D2:0C,-27, WPA2 ,0.000000,0.000000,0.000,0.000,AP
2026-05-15 10:56:59,1900-01-00 00:00:00,,9C:2F:9D:82:20:A3,-27,,0.000000,0.000000,0.000,0.000,Client
2026-05-15 10:56:59,1900-01-00 00:00:00,dlink-615_EXT,40:86:CB:27:D2:0C,-27, WPA2 ,0.000000,0.000000,0.000,0.000,AP
2026-05-15 10:56:59,1900-01-00 00:00:00,,9C:2F:9D:82:20:A3,-27,,0.000000,0.000000,0.000,0.000,Client
2026-05-15 10:56:59,1900-01-00 00:00:00,dlink-615_EXT,40:86:CB:27:D2:0C,-27, WPA2 ,0.000000,0.000000,0.000,0.000,AP
2026-05-15 10:56:59,1900-01-00 00:00:00,,9C:2F:9D:82:20:A3,-27,,0.000000,0.000000,0.000,0.000,Client
2026-05-15 10:56:59,1900-01-00 00:00:00,dlink-615_EXT,40:86:CB:27:D2:0C,-25, WPA2 ,0.000000,0.000000,0.000,0.000,AP
2026-05-15 10:56:59,1900-01-00 00:00:00,,9C:2F:9D:82:20:A3,-25,,0.000000,0.000000,0.000,0.000,Client
2026-05-15 10:56:59,1900-01-00 00:00:00,dlink-615_EXT,40:86:CB:27:D2:0C,-29, WPA2 ,0.000000,0.000000,0.000,0.000,AP
2026-05-15 10:56:59,1900-01-00 00:00:00,,9C:2F:9D:82:20:A3,-29,,0.000000,0.000000,0.000,0.000,Client
2026-05-15 10:56:59,1900-01-00 00:00:00,dlink-615_EXT,40:86:CB:27:D2:0C,-27, WPA2 ,0.000000,0.000000,0.000,0.000,AP
2026-05-15 10:56:59,1900-01-00 00:00:00,,9C:2F:9D:82:20:A3,-27,,0.000000,0.000000,0.000,0.000,Client
2026-05-15 10:56:59,1900-01-00 00:00:00,dlink-615_EXT,40:86:CB:27:D2:0C,-25, WPA2 ,0.000000,0.000000,0.000,0.000,AP
2026-05-15 10:56:59,1900-01-00 00:00:00,,9C:2F:9D:82:20:A3,-25,,0.000000,0.000000,0.000,0.000,Client
2026-05-15 10:56:59,1900-01-00 00:00:00,dlink-615_EXT,40:86:CB:27:D2:0C,-25, WPA2 ,0.000000,0.000000,0.000,0.000,AP
2026-05-15 10:56:59,1900-01-00 00:00:00,,9C:2F:9D:82:20:A3,-25,,0.000000,0.000000,0.000,0.000,Client
2026-05-15 10:56:59,1900-01-00 00:00:00,dlink-615_EXT,40:86:CB:27:D2:0C,-25, WPA2 ,0.000000,0.000000,0.000,0.000,AP
2026-05-15 10:56:59,1900-01-00 00:00:00,,9C:2F:9D:82:20:A3,-25,,0.000000,0.000000,0.000,0.000,Client
2026-05-15 10:56:59,1900-01-00 00:00:00,dlink-615_EXT,40:86:CB:27:D2:0C,-25, WPA2 ,0.000000,0.000000,0.000,0.000,AP
2026-05-15 10:56:59,1900-01-00 00:00:00,,9C:2F:9D:82:20:A3,-25,,0.000000,0.000000,0.000,0.000,Client
2026-05-15 10:56:59,1900-01-00 00:00:00,dlink-615_EXT,40:86:CB:27:D2:0C,-25, WPA2 ,0.000000,0.000000,0.000,0.000,AP
2026-05-15 10:56:59,1900-01-00 00:00:00,,9C:2F:9D:82:20:A3,-25,,0.000000,0.000000,0.000,0.000,Client
2026-05-15 10:56:59,1900-01-00 00:00:00,dlink-615_EXT,40:86:CB:27:D2:0C,-25, WPA2 ,0.000000,0.000000,0.000,0.000,AP
2026-05-15 10:56:59,1900-01-00 00:00:00,,9C:2F:9D:82:20:A3,-25,,0.000000,0.000000,0.000,0.000,Client
2026-05-15 10:56:59,1900-01-00 00:00:00,dlink-615_EXT,40:86:CB:27:D2:0C,-25, WPA2 ,0.000000,0.000000,0.000,0.000,AP
2026-05-15 10:56:59,1900-01-00 00:00:00,,9C:2F:9D:82:20:A3,-25,,0.000000,0.000000,0.000,0.000,Client
2026-05-15 10:56:59,1900-01-00 00:00:00,dlink-615_EXT,40:86:CB:27:D2:0C,-25, WPA2 ,0.000000,0.000000,0.000,0.000,AP
2026-05-15 10:56:59,1900-01-00 00:00:00,,9C:2F:9D:82:20:A3,-25,,0.000000,0.000000,0.000,0.000,Client
2026-05-15 10:56:59,1900-01-00 00:00:00,dlink-615_EXT,40:86:CB:27:D2:0C,-25, WPA2 ,0.000000,0.000000,0.000,0.000,AP
2026-05-15 10:56:59,1900-01-00 00:00:00,,9C:2F:9D:82:20:A3,-25,,0.000000,0.000000,0.000,0.000,Client
2026-05-15 10:56:59,1900-01-00 00:00:00,dlink-615_EXT,40:86:CB:27:D2:0C,-25, WPA2 ,0.000000,0.000000,0.000,0.000,AP
2026-05-15 10:56:59,1900-01-00 00:00:00,,9C:2F:9D:82:20:A3,-25,,0.000000,0.000000,0.000,0.000,Client
2026-05-15 10:56:59,1900-01-00 00:00:00,dlink-615_EXT,40:86:CB:27:D2:0C,-25, WPA2 ,0.000000,0.000000,0.000,0.000,AP
2026-05-15 10:56:59,1900-01-00 00:00:00,,9C:2F:9D:82:20:A3,-25,,0.000000,0.000000,0.000,0.000,Client
2026-05-15 10:56:59,1900-01-00 00:00:00,dlink-615_EXT,40:86:CB:27:D2:0C,-25, WPA2 ,0.000000,0.000000,0.000,0.000,AP
2026-05-15 10:56:59,1900-01-00 00:00:00,,9C:2F:9D:82:20:A3,-25,,0.000000,0.000000,0.000,0.000,Client
2026-05-15 10:56:59,1900-01-00 00:00:00,dlink-615_EXT,40:86:CB:27:D2:0C,-25, WPA2 ,0.000000,0.000000,0.000,0.000,AP
2026-05-15 10:56:59,1900-01-00 00:00:00,,9C:2F:9D:82:20:A3,-25,,0.000000,0.000000,0.000,0.000,Client
2026-05-15 10:56:59,1900-01-00 00:00:00,dlink-615_EXT,40:86:CB:27:D2:0C,-25, WPA2 ,0.000000,0.000000,0.000,0.000,AP
2026-05-15 10:56:59,1900-01-00 00:00:00,,9C:2F:9D:82:20:A3,-25,,0.000000,0.000000,0.000,0.000,Client
2026-05-15 10:56:59,1900-01-00 00:00:00,dlink-615_EXT,40:86:CB:27:D2:0C,-25, WPA2 ,0.000000,0.000000,0.000,0.000,AP
2026-05-15 10:56:59,1900-01-00 00:00:00,,9C:2F:9D:82:20:A3,-25,,0.000000,0.000000,0.000,0.000,Client
2026-05-15 10:56:59,1900-01-00 00:00:00,dlink-615_EXT,40:86:CB:27:D2:0C,-25, WPA2 ,0.000000,0.000000,0.000,0.000,AP
2026-05-15 10:56:59,1900-01-00 00:00:00,,9C:2F:9D:82:20:A3,-25,,0.000000,0.000000,0.000,0.000,Client
2026-05-15 10:56:59,1900-01-00 00:00:00,dlink-615_EXT,40:86:CB:27:D2:0C,-25, WPA2 ,0.000000,0.000000,0.000,0.000,AP
2026-05-15 10:56:59,1900-01-00 00:00:00,,9C:2F:9D:82:20:A3,-25,,0.000000,0.000000,0.000,0.000,Client
2026-05-15 10:56:59,1900-01-00 00:00:00,dlink-615_EXT,40:86:CB:27:D2:0C,-25, WPA2 ,0.000000,0.000000,0.000,0.000,AP
2026-05-15 10:56:59,1900-01-00 00:00:00,,9C:2F:9D:82:20:A3,-25,,0.000000,0.000000,0.000,0.000,Client
2026-05-15 10:56:59,1900-01-00 00:00:00,dlink-615_EXT,40:86:CB:27:D2:0C,-25, WPA2 ,0.000000,0.000000,0.000,0.000,AP
2026-05-15 10:56:59,1900-01-00 00:00:00,,9C:2F:9D:82:20:A3,-25,,0.000000,0.000000,0.000,0.000,Client
2026-05-15 10:56:59,1900-01-00 00:00:00,dlink-615_EXT,40:86:CB:27:D2:0C,-25, WPA2 ,0.000000,0.000000,0.000,0.000,AP
2026-05-15 10:56:59,1900-01-00 00:00:00,,9C:2F:9D:82:20:A3,-25,,0.000000,0.000000,0.000,0.000,Client
2026-05-15 10:56:59,1900-01-00 00:00:00,dlink-615_EXT,40:86:CB:27:D2:0C,-25, WPA2 ,0.000000,0.000000,0.000,0.000,AP
2026-05-15 10:56:59,1900-01-00 00:00:00,,9C:2F:9D:82:20:A3,-25,,0.000000,0.000000,0.000,0.000,Client
2026-05-15 10:56:59,1900-01-00 00:00:00,dlink-615_EXT,40:86:CB:27:D2:0C,-25, WPA2 ,0.000000,0.000000,0.000,0.000,AP
2026-05-15 10:56:59,1900-01-00 00:00:00,,9C:2F:9D:82:20:A3,-25,,0.000000,0.000000,0.000,0.000,Client
2026-05-15 10:56:59,1900-01-00 00:00:00,dlink-615_EXT,40:86:CB:27:D2:0C,-25, WPA2 ,0.000000,0.000000,0.000,0.000,AP
2026-05-15 10:56:59,1900-01-00 00:00:00,,9C:2F:9D:82:20:A3,-25,,0.000000,0.000000,0.000,0.000,Client
2026-05-15 10:56:59,1900-01-00 00:00:00,dlink-615_EXT,40:86:CB:27:D2:0C,-25, WPA2 ,0.000000,0.000000,0.000,0.000,AP
2026-05-15 10:56:59,1900-01-00 00:00:00,,9C:2F:9D:82:20:A3,-25,,0.000000,0.000000,0.000,0.000,Client
2026-05-15 10:56:59,1900-01-00 00:00:00,dlink-615_EXT,40:86:CB:27:D2:0C,-25, WPA2 ,0.000000,0.000000,0.000,0.000,AP
2026-05-15 10:56:59,1900-01-00 00:00:00,,9C:2F:9D:82:20:A3,-25,,0.000000,0.000000,0.000,0.000,Client
2026-05-15 10:56:59,1900-01-00 00:00:00,dlink-615_EXT,40:86:CB:27:D2:0C,-25, WPA2 ,0.000000,0.000000,0.000,0.000,AP
2026-05-15 10:56:59,1900-01-00 00:00:00,,9C:2F:9D:82:20:A3,-25,,0.000000,0.000000,0.000,0.000,Client
2026-05-15 10:56:59,1900-01-00 00:00:00,dlink-615_EXT,40:86:CB:27:D2:0C,-25, WPA2 ,0.000000,0.000000,0.000,0.000,AP
2026-05-15 10:56:59,1900-01-00 00:00:00,,9C:2F:9D:82:20:A3,-25,,0.000000,0.000000,0.000,0.000,Client
2026-05-15 10:56:59,1900-01-00 00:00:00,dlink-615_EXT,40:86:CB:27:D2:0C,-25, WPA2 ,0.000000,0.000000,0.000,0.000,AP
2026-05-15 10:56:59,1900-01-00 00:00:00,,9C:2F:9D:82:20:A3,-25,,0.000000,0.000000,0.000,0.000,Client
2026-05-15 10:56:59,1900-01-00 00:00:00,dlink-615_EXT,40:86:CB:27:D2:0C,-25, WPA2 ,0.000000,0.000000,0.000,0.000,AP
2026-05-15 10:56:59,1900-01-00 00:00:00,,9C:2F:9D:82:20:A3,-25,,0.000000,0.000000,0.000,0.000,Client
2026-05-15 10:56:59,1900-01-00 00:00:00,dlink-615_EXT,40:86:CB:27:D2:0C,-25, WPA2 ,0.000000,0.000000,0.000,0.000,AP
2026-05-15 10:56:59,1900-01-00 00:00:00,,9C:2F:9D:82:20:A3,-25,,0.000000,0.000000,0.000,0.000,Client
2026-05-15 10:56:59,1900-01-00 00:00:00,dlink-615_EXT,40:86:CB:27:D2:0C,-25, WPA2 ,0.000000,0.000000,0.000,0.000,AP
2026-05-15 10:56:59,1900-01-00 00:00:00,,9C:2F:9D:82:20:A3,-25,,0.000000,0.000000,0.000,0.000,Client
2026-05-15 10:56:59,1900-01-00 00:00:00,dlink-615_EXT,40:86:CB:27:D2:0C,-25, WPA2 ,0.000000,0.000000,0.000,0.000,AP
2026-05-15 10:56:59,1900-01-00 00:00:00,,9C:2F:9D:82:20:A3,-25,,0.000000,0.000000,0.000,0.000,Client
2026-05-15 10:56:59,1900-01-00 00:00:00,dlink-615_EXT,40:86:CB:27:D2:0C,-25, WPA2 ,0.000000,0.000000,0.000,0.000,AP
2026-05-15 10:56:59,1900-01-00 00:00:00,,9C:2F:9D:82:20:A3,-25,,0.000000,0.000000,0.000,0.000,Client
2026-05-15 10:56:59,1900-01-00 00:00:00,dlink-615_EXT,40:86:CB:27:D2:0C,-25, WPA2 ,0.000000,0.000000,0.000,0.000,AP
2026-05-15 10:56:59,1900-01-00 00:00:00,,9C:2F:9D:82:20:A3,-25,,0.000000,0.000000,0.000,0.000,Client
2026-05-15 10:56:59,1900-01-00 00:00:00,dlink-615_EXT,40:86:CB:27:D2:0C,-25, WPA2 ,0.000000,0.000000,0.000,0.000,AP
2026-05-15 10:56:59,1900-01-00 00:00:00,,9C:2F:9D:82:20:A3,-25,,0.000000,0.000000,0.000,0.000,Client
2026-05-15 10:56:59,1900-01-00 00:00:00,dlink-615_EXT,40:86:CB:27:D2:0C,-25, WPA2 ,0.000000,0.000000,0.000,0.000,AP
2026-05-15 10:56:59,1900-01-00 00:00:00,,9C:2F:9D:82:20:A3,-25,,0.000000,0.000000,0.000,0.000,Client
2026-05-15 10:56:59,1900-01-00 00:00:00,dlink-615_EXT,40:86:CB:27:D2:0C,-25, WPA2 ,0.000000,0.000000,0.000,0.000,AP
2026-05-15 10:56:59,1900-01-00 00:00:00,,9C:2F:9D:82:20:A3,-25,,0.000000,0.000000,0.000,0.000,Client
2026-05-15 10:56:59,1900-01-00 00:00:00,dlink-615_EXT,40:86:CB:27:D2:0C,-25, WPA2 ,0.000000,0.000000,0.000,0.000,AP
2026-05-15 10:56:59,1900-01-00 00:00:00,,9C:2F:9D:82:20:A3,-25,,0.000000,0.000000,0.000,0.000,Client
2026-05-15 10:56:59,1900-01-00 00:00:00,dlink-615_EXT,40:86:CB:27:D2:0C,-25, WPA2 ,0.000000,0.000000,0.000,0.000,AP
2026-05-15 10:56:59,1900-01-00 00:00:00,,9C:2F:9D:82:20:A3,-25,,0.000000,0.000000,0.000,0.000,Client
2026-05-15 10:56:59,1900-01-00 00:00:00,dlink-615_EXT,40:86:CB:27:D2:0C,-25, WPA2 ,0.000000,0.000000,0.000,0.000,AP
2026-05-15 10:56:59,1900-01-00 00:00:00,,9C:2F:9D:82:20:A3,-25,,0.000000,0.000000,0.000,0.000,Client
2026-05-15 10:56:59,1900-01-00 00:00:00,dlink-615_EXT,40:86:CB:27:D2:0C,-25, WPA2 ,0.000000,0.000000,0.000,0.000,AP
2026-05-15 10:56:59,1900-01-00 00:00:00,,9C:2F:9D:82:20:A3,-25,,0.000000,0.000000,0.000,0.000,Client
2026-05-15 10:56:59,1900-01-00 00:00:00,dlink-615_EXT,40:86:CB:27:D2:0C,-25, WPA2 ,0.000000,0.000000,0.000,0.000,AP
2026-05-15 10:56:59,1900-01-00 00:00:00,,9C:2F:9D:82:20:A3,-25,,0.000000,0.000000,0.000,0.000,Client
2026-05-15 10:56:59,1900-01-00 00:00:00,dlink-615_EXT,40:86:CB:27:D2:0C,-25, WPA2 ,0.000000,0.000000,0.000,0.000,AP
2026-05-15 10:56:59,1900-01-00 00:00:00,,9C:2F:9D:82:20:A3,-25,,0.000000,0.000000,0.000,0.000,Client
2026-05-15 10:56:59,1900-01-00 00:00:00,dlink-615_EXT,40:86:CB:27:D2:0C,-25, WPA2 ,0.000000,0.000000,0.000,0.000,AP
2026-05-15 10:56:59,1900-01-00 00:00:00,,9C:2F:9D:82:20:A3,-25,,0.000000,0.000000,0.000,0.000,Client
2026-05-15 10:56:59,1900-01-00 00:00:00,dlink-615_EXT,40:86:CB:27:D2:0C,-25, WPA2 ,0.000000,0.000000,0.000,0.000,AP
2026-05-15 10:56:59,1900-01-00 00:00:00,,9C:2F:9D:82:20:A3,-25,,0.000000,0.000000,0.000,0.000,Client
2026-05-15 10:56:59,1900-01-00 00:00:00,dlink-615_EXT,40:86:CB:27:D2:0C,-25, WPA2 ,0.000000,0.000000,0.000,0.000,AP
2026-05-15 10:56:59,1900-01-00 00:00:00,,9C:2F:9D:82:20:A3,-25,,0.000000,0.000000,0.000,0.000,Client
2026-05-15 10:56:59,1900-01-00 00:00:00,dlink-615_EXT,40:86:CB:27:D2:0C,-25, WPA2 ,0.000000,0.000000,0.000,0.000,AP
2026-05-15 10:56:59,1900-01-00 00:00:00,,9C:2F:9D:82:20:A3,-25,,0.000000,0.000000,0.000,0.000,Client
2026-05-15 10:56:59,1900-01-00 00:00:00,dlink-615_EXT,40:86:CB:27:D2:0C,-25, WPA2 ,0.000000,0.000000,0.000,0.000,AP
2026-05-15 10:56:59,1900-01-00 00:00:00,,9C:2F:9D:82:20:A3,-25,,0.000000,0.000000,0.000,0.000,Client
2026-05-15 10:56:59,1900-01-00 00:00:00,dlink-615_EXT,40:86:CB:27:D2:0C,-25, WPA2 ,0.000000,0.000000,0.000,0.000,AP
2026-05-15 10:56:59,1900-01-00 00:00:00,,9C:2F:9D:82:20:A3,-25,,0.000000,0.000000,0.000,0.000,Client
2026-05-15 10:56:59,1900-01-00 00:00:00,dlink-615_EXT,40:86:CB:27:D2:0C,-25, WPA2 ,0.000000,0.000000,0.000,0.000,AP
2026-05-15 10:56:59,1900-01-00 00:00:00,,9C:2F:9D:82:20:A3,-25,,0.000000,0.000000,0.000,0.000,Client
2026-05-15 10:56:59,1900-01-00 00:00:00,dlink-615_EXT,40:86:CB:27:D2:0C,-25, WPA2 ,0.000000,0.000000,0.000,0.000,AP
2026-05-15 10:56:59,1900-01-00 00:00:00,,9C:2F:9D:82:20:A3,-25,,0.000000,0.000000,0.000,0.000,Client
2026-05-15 10:56:59,1900-01-00 00:00:00,dlink-615_EXT,40:86:CB:27:D2:0C,-25, WPA2 ,0.000000,0.000000,0.000,0.000,AP
2026-05-15 10:56:59,1900-01-00 00:00:00,,9C:2F:9D:82:20:A3,-25,,0.000000,0.000000,0.000,0.000,Client
2026-05-15 10:56:59,1900-01-00 00:00:00,dlink-615_EXT,40:86:CB:27:D2:0C,-25, WPA2 ,0.000000,0.000000,0.000,0.000,AP
2026-05-15 10:56:59,1900-01-00 00:00:00,,9C:2F:9D:82:20:A3,-25,,0.000000,0.000000,0.000,0.000,Client
2026-05-15 10:56:59,1900-01-00 00:00:00,dlink-615_EXT,40:86:CB:27:D2:0C,-25, WPA2 ,0.000000,0.000000,0.000,0.000,AP
2026-05-15 10:56:59,1900-01-00 00:00:00,,9C:2F:9D:82:20:A3,-25,,0.000000,0.000000,0.000,0.000,Client
2026-05-15 10:56:59,1900-01-00 00:00:00,dlink-615_EXT,40:86:CB:27:D2:0C,-25, WPA2 ,0.000000,0.000000,0.000,0.000,AP
2026-05-15 10:56:59,1900-01-00 00:00:00,,9C:2F:9D:82:20:A3,-25,,0.000000,0.000000,0.000,0.000,Client
2026-05-15 10:56:59,1900-01-00 00:00:00,dlink-615_EXT,40:86:CB:27:D2:0C,-25, WPA2 ,0.000000,0.000000,0.000,0.000,AP
2026-05-15 10:56:59,1900-01-00 00:00:00,,9C:2F:9D:82:20:A3,-25,,0.000000,0.000000,0.000,0.000,Client
2026-05-15 10:56:59,1900-01-00 00:00:00,dlink-615_EXT,40:86:CB:27:D2:0C,-25, WPA2 ,0.000000,0.000000,0.000,0.000,AP
2026-05-15 10:56:59,1900-01-00 00:00:00,,9C:2F:9D:82:20:A3,-25,,0.000000,0.000000,0.000,0.000,Client
2026-05-15 10:56:59,1900-01-00 00:00:00,dlink-615_EXT,40:86:CB:27:D2:0C,-25, WPA2 ,0.000000,0.000000,0.000,0.000,AP
2026-05-15 10:56:59,1900-01-00 00:00:00,,9C:2F:9D:82:20:A3,-25,,0.000000,0.000000,0.000,0.000,Client
2026-05-15 10:56:59,1900-01-00 00:00:00,dlink-615_EXT,40:86:CB:27:D2:0C,-25, WPA2 ,0.000000,0.000000,0.000,0.000,AP
2026-05-15 10:56:59,1900-01-00 00:00:00,,9C:2F:9D:82:20:A3,-25,,0.000000,0.000000,0.000,0.000,Client
2026-05-15 10:56:59,1900-01-00 00:00:00,dlink-615_EXT,40:86:CB:27:D2:0C,-25, WPA2 ,0.000000,0.000000,0.000,0.000,AP
2026-05-15 10:56:59,1900-01-00 00:00:00,,9C:2F:9D:82:20:A3,-25,,0.000000,0.000000,0.000,0.000,Client
2026-05-15 10:56:59,1900-01-00 00:00:00,dlink-615_EXT,40:86:CB:27:D2:0C,-25, WPA2 ,0.000000,0.000000,0.000,0.000,AP
2026-05-15 10:56:59,1900-01-00 00:00:00,,9C:2F:9D:82:20:A3,-25,,0.000000,0.000000,0.000,0.000,Client
2026-05-15 10:56:59,1900-01-00 00:00:00,dlink-615_EXT,40:86:CB:27:D2:0C,-25, WPA2 ,0.000000,0.000000,0.000,0.000,AP
2026-05-15 10:56:59,1900-01-00 00:00:00,,9C:2F:9D:82:20:A3,-25,,0.000000,0.000000,0.000,0.000,Client
2026-05-15 10:56:59,1900-01-00 00:00:00,dlink-615_EXT,40:86:CB:27:D2:0C,-25, WPA2 ,0.000000,0.000000,0.000,0.000,AP
2026-05-15 10:56:59,1900-01-00 00:00:00,,9C:2F:9D:82:20:A3,-25,,0.000000,0.000000,0.000,0.000,Client
2026-05-15 10:56:59,1900-01-00 00:00:00,dlink-615_EXT,40:86:CB:27:D2:0C,-25, WPA2 ,0.000000,0.000000,0.000,0.000,AP
2026-05-15 10:56:59,1900-01-00 00:00:00,,9C:2F:9D:82:20:A3,-25,,0.000000,0.000000,0.000,0.000,Client
2026-05-15 10:56:59,1900-01-00 00:00:00,dlink-615_EXT,40:86:CB:27:D2:0C,-25, WPA2 ,0.000000,0.000000,0.000,0.000,AP
2026-05-15 10:56:59,1900-01-00 00:00:00,,9C:2F:9D:82:20:A3,-25,,0.000000,0.000000,0.000,0.000,Client
2026-05-15 10:56:59,1900-01-00 00:00:00,dlink-615_EXT,40:86:CB:27:D2:0C,-25, WPA2 ,0.000000,0.000000,0.000,0.000,AP
2026-05-15 10:56:59,1900-01-00 00:00:00,,9C:2F:9D:82:20:A3,-25,,0.000000,0.000000,0.000,0.000,Client
2026-05-15 10:56:59,1900-01-00 00:00:00,dlink-615_EXT,40:86:CB:27:D2:0C,-25, WPA2 ,0.000000,0.000000,0.000,0.000,AP
2026-05-15 10:56:59,1900-01-00 00:00:00,,9C:2F:9D:82:20:A3,-25,,0.000000,0.000000,0.000,0.000,Client
2026-05-15 10:56:59,1900-01-00 00:00:00,dlink-615_EXT,40:86:CB:27:D2:0C,-25, WPA2 ,0.000000,0.000000,0.000,0.000,AP
2026-05-15 10:56:59,1900-01-00 00:00:00,,9C:2F:9D:82:20:A3,-25,,0.000000,0.000000,0.000,0.000,Client
2026-05-15 10:56:59,1900-01-00 00:00:00,dlink-615_EXT,40:86:CB:27:D2:0C,-25, WPA2 ,0.000000,0.000000,0.000,0.000,AP
2026-05-15 10:56:59,1900-01-00 00:00:00,,9C:2F:9D:82:20:A3,-25,,0.000000,0.000000,0.000,0.000,Client
2026-05-15 10:56:59,1900-01-00 00:00:00,dlink-615_EXT,40:86:CB:27:D2:0C,-25, WPA2 ,0.000000,0.000000,0.000,0.000,AP
2026-05-15 10:56:59,1900-01-00 00:00:00,,9C:2F:9D:82:20:A3,-25,,0.000000,0.000000,0.000,0.000,Client
2026-05-15 10:56:59,1900-01-00 00:00:00,dlink-615_EXT,40:86:CB:27:D2:0C,-25, WPA2 ,0.000000,0.000000,0.000,0.000,AP
2026-05-15 10:56:59,1900-01-00 00:00:00,,9C:2F:9D:82:20:A3,-25,,0.000000,0.000000,0.000,0.000,Client
2026-05-15 10:56:59,1900-01-00 00:00:00,dlink-615_EXT,40:86:CB:27:D2:0C,-25, WPA2 ,0.000000,0.000000,0.000,0.000,AP
2026-05-15 10:56:59,1900-01-00 00:00:00,,9C:2F:9D:82:20:A3,-25,,0.000000,0.000000,0.000,0.000,Client
2026-05-15 10:56:59,1900-01-00 00:00:00,dlink-615_EXT,40:86:CB:27:D2:0C,-25, WPA2 ,0.000000,0.000000,0.000,0.000,AP
2026-05-15 10:56:59,1900-01-00 00:00:00,,9C:2F:9D:82:20:A3,-25,,0.000000,0.000000,0.000,0.000,Client
2026-05-15 10:56:59,1900-01-00 00:00:00,dlink-615_EXT,40:86:CB:27:D2:0C,-25, WPA2 ,0.000000,0.000000,0.000,0.000,AP
2026-05-15 10:56:59,1900-01-00 00:00:00,,9C:2F:9D:82:20:A3,-25,,0.000000,0.000000,0.000,0.000,Client
2026-05-15 10:56:59,1900-01-00 00:00:00,dlink-615_EXT,40:86:CB:27:D2:0C,-25, WPA2 ,0.000000,0.000000,0.000,0.000,AP
2026-05-15 10:56:59,1900-01-00 00:00:00,,9C:2F:9D:82:20:A3,-25,,0.000000,0.000000,0.000,0.000,Client
2026-05-15 10:56:59,1900-01-00 00:00:00,dlink-615_EXT,40:86:CB:27:D2:0C,-25, WPA2 ,0.000000,0.000000,0.000,0.000,AP
2026-05-15 10:56:59,1900-01-00 00:00:00,,9C:2F:9D:82:20:A3,-25,,0.000000,0.000000,0.000,0.000,Client
2026-05-15 10:56:59,1900-01-00 00:00:00,dlink-615_EXT,40:86:CB:27:D2:0C,-25, WPA2 ,0.000000,0.000000,0.000,0.000,AP
2026-05-15 10:56:59,1900-01-00 00:00:00,,9C:2F:9D:82:20:A3,-25,,0.000000,0.000000,0.000,0.000,Client
2026-05-15 10:56:59,1900-01-00 00:00:00,dlink-615_EXT,40:86:CB:27:D2:0C,-25, WPA2 ,0.000000,0.000000,0.000,0.000,AP
2026-05-15 10:56:59,1900-01-00 00:00:00,,9C:2F:9D:82:20:A3,-25,,0.000000,0.000000,0.000,0.000,Client
2026-05-15 10:56:59,1900-01-00 00:00:00,dlink-615_EXT,40:86:CB:27:D2:0C,-25, WPA2 ,0.000000,0.000000,0.000,0.000,AP
2026-05-15 10:56:59,1900-01-00 00:00:00,,9C:2F:9D:82:20:A3,-25,,0.000000,0.000000,0.000,0.000,Client
2026-05-15 10:56:59,1900-01-00 00:00:00,dlink-615_EXT,40:86:CB:27:D2:0C,-25, WPA2 ,0.000000,0.000000,0.000,0.000,AP
2026-05-15 10:56:59,1900-01-00 00:00:00,,9C:2F:9D:82:20:A3,-25,,0.000000,0.000000,0.000,0.000,Client
2026-05-15 10:56:59,1900-01-00 00:00:00,dlink-615_EXT,40:86:CB:27:D2:0C,-25, WPA2 ,0.000000,0.000000,0.000,0.000,AP
2026-05-15 10:56:59,1900-01-00 00:00:00,,9C:2F:9D:82:20:A3,-25,,0.000000,0.000000,0.000,0.000,Client
2026-05-15 10:56:59,1900-01-00 00:00:00,dlink-615_EXT,40:86:CB:27:D2:0C,-25, WPA2 ,0.000000,0.000000,0.000,0.000,AP
2026-05-15 10:56:59,1900-01-00 00:00:00,,9C:2F:9D:82:20:A3,-25,,0.000000,0.000000,0.000,0.000,Client
2026-05-15 10:56:59,1900-01-00 00:00:00,dlink-615_EXT,40:86:CB:27:D2:0C,-25, WPA2 ,0.000000,0.000000,0.000,0.000,AP
2026-05-15 10:56:59,1900-01-00 00:00:00,,9C:2F:9D:82:20:A3,-25,,0.000000,0.000000,0.000,0.000,Client
2026-05-15 10:56:59,1900-01-00 00:00:00,dlink-615_EXT,40:86:CB:27:D2:0C,-25, WPA2 ,0.000000,0.000000,0.000,0.000,AP
2026-05-15 10:56:59,1900-01-00 00:00:00,,9C:2F:9D:82:20:A3,-25,,0.000000,0.000000,0.000,0.000,Client
2026-05-15 10:56:59,1900-01-00 00:00:00,dlink-615_EXT,40:86:CB:27:D2:0C,-25, WPA2 ,0.000000,0.000000,0.000,0.000,AP
2026-05-15 10:56:59,1900-01-00 00:00:00,,9C:2F:9D:82:20:A3,-25,,0.000000,0.000000,0.000,0.000,Client
2026-05-15 10:56:59,1900-01-00 00:00:00,dlink-615_EXT,40:86:CB:27:D2:0C,-25, WPA2 ,0.000000,0.000000,0.000,0.000,AP
2026-05-15 10:56:59,1900-01-00 00:00:00,,9C:2F:9D:82:20:A3,-25,,0.000000,0.000000,0.000,0.000,Client
2026-05-15 10:56:59,1900-01-00 00:00:00,dlink-615_EXT,40:86:CB:27:D2:0C,-25, WPA2 ,0.000000,0.000000,0.000,0.000,AP
2026-05-15 10:56:59,1900-01-00 00:00:00,,9C:2F:9D:82:20:A3,-25,,0.000000,0.000000,0.000,0.000,Client
2026-05-15 10:56:59,1900-01-00 00:00:00,dlink-615_EXT,40:86:CB:27:D2:0C,-89, WPA2 ,0.000000,0.000000,0.000,0.000,AP
2026-05-15 10:56:59,1900-01-00 00:00:00,,9C:2F:9D:82:20:A3,-89,,0.000000,0.000000,0.000,0.000,Client
2026-05-15 10:56:59,1900-01-00 00:00:00,dlink-615_EXT,40:86:CB:27:D2:0C,-89, WPA2 ,0.000000,0.000000,0.000,0.000,AP
2026-05-15 10:56:59,1900-01-00 00:00:00,,9C:2F:9D:82:20:A3,-89,,0.000000,0.000000,0.000,0.000,Client
2026-05-15 10:56:59,1900-01-00 00:00:00,dlink-615_EXT,40:86:CB:27:D2:0C,-89, WPA2 ,0.000000,0.000000,0.000,0.000,AP
2026-05-15 10:56:59,1900-01-00 00:00:00,,9C:2F:9D:82:20:A3,-89,,0.000000,0.000000,0.000,0.000,Client
2026-05-15 10:56:59,1900-01-00 00:00:00,dlink-615_EXT,40:86:CB:27:D2:0C,-89, WPA2 ,0.000000,0.000000,0.000,0.000,AP
2026-05-15 10:56:59,1900-01-00 00:00:00,,9C:2F:9D:82:20:A3,-89,,0.000000,0.000000,0.000,0.000,Client
2026-05-15 10:56:59,1900-01-00 00:00:00,dlink-615_EXT,40:86:CB:27:D2:0C,-89, WPA2 ,0.000000,0.000000,0.000,0.000,AP
2026-05-15 10:56:59,1900-01-00 00:00:00,,9C:2F:9D:82:20:A3,-89,,0.000000,0.000000,0.000,0.000,Client
2026-05-15 10:56:59,1900-01-00 00:00:00,dlink-615_EXT,40:86:CB:27:D2:0C,-89, WPA2 ,0.000000,0.000000,0.000,0.000,AP
2026-05-15 10:56:59,1900-01-00 00:00:00,,9C:2F:9D:82:20:A3,-89,,0.000000,0.000000,0.000,0.000,Client
2026-05-15 10:56:59,1900-01-00 00:00:00,dlink-615_EXT,40:86:CB:27:D2:0C,-89, WPA2 ,0.000000,0.000000,0.000,0.000,AP
2026-05-15 10:56:59,1900-01-00 00:00:00,,9C:2F:9D:82:20:A3,-89,,0.000000,0.000000,0.000,0.000,Client
2026-05-15 10:56:59,1900-01-00 00:00:00,dlink-615_EXT,40:86:CB:27:D2:0C,-89, WPA2 ,0.000000,0.000000,0.000,0.000,AP
2026-05-15 10:56:59,1900-01-00 00:00:00,,9C:2F:9D:82:20:A3,-89,,0.000000,0.000000,0.000,0.000,Client
2026-05-15 10:56:59,1900-01-00 00:00:00,dlink-615_EXT,40:86:CB:27:D2:0C,-89, WPA2 ,0.000000,0.000000,0.000,0.000,AP
2026-05-15 10:57:00,1900-01-00 00:00:00,,9C:2F:9D:82:20:A3,-89,,0.000000,0.000000,0.000,0.000,Client
2026-05-15 10:57:00,1900-01-00 00:00:00,dlink-615_EXT,40:86:CB:27:D2:0C,-89, WPA2 ,0.000000,0.000000,0.000,0.000,AP
2026-05-15 10:57:00,1900-01-00 00:00:00,,9C:2F:9D:82:20:A3,-89,,0.000000,0.000000,0.000,0.000,Client
2026-05-15 10:57:00,1900-01-00 00:00:00,dlink-615_EXT,40:86:CB:27:D2:0C,-89, WPA2 ,0.000000,0.000000,0.000,0.000,AP
2026-05-15 10:57:00,1900-01-00 00:00:00,,9C:2F:9D:82:20:A3,-89,,0.000000,0.000000,0.000,0.000,Client
2026-05-15 10:57:00,1900-01-00 00:00:00,dlink-615_EXT,40:86:CB:27:D2:0C,-89, WPA2 ,0.000000,0.000000,0.000,0.000,AP
2026-05-15 10:57:00,1900-01-00 00:00:00,,9C:2F:9D:82:20:A3,-89,,0.000000,0.000000,0.000,0.000,Client
2026-05-15 10:57:00,1900-01-00 00:00:00,dlink-615_EXT,40:86:CB:27:D2:0C,-89, WPA2 ,0.000000,0.000000,0.000,0.000,AP
2026-05-15 10:57:00,1900-01-00 00:00:00,,9C:2F:9D:82:20:A3,-89,,0.000000,0.000000,0.000,0.000,Client
2026-05-15 10:57:00,1900-01-00 00:00:00,dlink-615_EXT,40:86:CB:27:D2:0C,-89, WPA2 ,0.000000,0.000000,0.000,0.000,AP
2026-05-15 10:57:00,1900-01-00 00:00:00,,9C:2F:9D:82:20:A3,-89,,0.000000,0.000000,0.000,0.000,Client
2026-05-15 10:57:00,1900-01-00 00:00:00,dlink-615_EXT,40:86:CB:27:D2:0C,-89, WPA2 ,0.000000,0.000000,0.000,0.000,AP
2026-05-15 10:57:00,1900-01-00 00:00:00,,9C:2F:9D:82:20:A3,-89,,0.000000,0.000000,0.000,0.000,Client
2026-05-15 10:57:00,1900-01-00 00:00:00,dlink-615_EXT,40:86:CB:27:D2:0C,-89, WPA2 ,0.000000,0.000000,0.000,0.000,AP
2026-05-15 10:57:00,1900-01-00 00:00:00,,9C:2F:9D:82:20:A3,-89,,0.000000,0.000000,0.000,0.000,Client
2026-05-15 10:57:00,1900-01-00 00:00:00,dlink-615_EXT,40:86:CB:27:D2:0C,-89, WPA2 ,0.000000,0.000000,0.000,0.000,AP
2026-05-15 10:57:00,1900-01-00 00:00:00,,9C:2F:9D:82:20:A3,-89,,0.000000,0.000000,0.000,0.000,Client
2026-05-15 10:57:00,1900-01-00 00:00:00,dlink-615_EXT,40:86:CB:27:D2:0C,-89, WPA2 ,0.000000,0.000000,0.000,0.000,AP
2026-05-15 10:57:00,1900-01-00 00:00:00,,9C:2F:9D:82:20:A3,-89,,0.000000,0.000000,0.000,0.000,Client
2026-05-15 10:57:00,1900-01-00 00:00:00,dlink-615_EXT,40:86:CB:27:D2:0C,-89, WPA2 ,0.000000,0.000000,0.000,0.000,AP
2026-05-15 10:57:00,1900-01-00 00:00:00,,9C:2F:9D:82:20:A3,-89,,0.000000,0.000000,0.000,0.000,Client
2026-05-15 10:57:00,1900-01-00 00:00:00,dlink-615_EXT,40:86:CB:27:D2:0C,-89, WPA2 ,0.000000,0.000000,0.000,0.000,AP
2026-05-15 10:57:00,1900-01-00 00:00:00,,9C:2F:9D:82:20:A3,-89,,0.000000,0.000000,0.000,0.000,Client
2026-05-15 10:57:00,1900-01-00 00:00:00,dlink-615_EXT,40:86:CB:27:D2:0C,-89, WPA2 ,0.000000,0.000000,0.000,0.000,AP
2026-05-15 10:57:00,1900-01-00 00:00:00,,9C:2F:9D:82:20:A3,-89,,0.000000,0.000000,0.000,0.000,Client
2026-05-15 10:57:00,1900-01-00 00:00:00,dlink-615_EXT,40:86:CB:27:D2:0C,-89, WPA2 ,0.000000,0.000000,0.000,0.000,AP
2026-05-15 10:57:00,1900-01-00 00:00:00,,9C:2F:9D:82:20:A3,-89,,0.000000,0.000000,0.000,0.000,Client
2026-05-15 10:57:00,1900-01-00 00:00:00,dlink-615_EXT,40:86:CB:27:D2:0C,-89, WPA2 ,0.000000,0.000000,0.000,0.000,AP
2026-05-15 10:57:00,1900-01-00 00:00:00,,9C:2F:9D:82:20:A3,-89,,0.000000,0.000000,0.000,0.000,Client
2026-05-15 10:57:00,1900-01-00 00:00:00,dlink-615_EXT,40:86:CB:27:D2:0C,-89, WPA2 ,0.000000,0.000000,0.000,0.000,AP
2026-05-15 10:57:00,1900-01-00 00:00:00,,9C:2F:9D:82:20:A3,-89,,0.000000,0.000000,0.000,0.000,Client
2026-05-15 10:57:00,1900-01-00 00:00:00,dlink-615_EXT,40:86:CB:27:D2:0C,-89, WPA2 ,0.000000,0.000000,0.000,0.000,AP
2026-05-15 10:57:00,1900-01-00 00:00:00,,9C:2F:9D:82:20:A3,-89,,0.000000,0.000000,0.000,0.000,Client
2026-05-15 10:57:00,1900-01-00 00:00:00,dlink-615_EXT,40:86:CB:27:D2:0C,-89, WPA2 ,0.000000,0.000000,0.000,0.000,AP
2026-05-15 10:57:00,1900-01-00 00:00:00,,9C:2F:9D:82:20:A3,-89,,0.000000,0.000000,0.000,0.000,Client
2026-05-15 10:57:00,1900-01-00 00:00:00,dlink-615_EXT,40:86:CB:27:D2:0C,-89, WPA2 ,0.000000,0.000000,0.000,0.000,AP
2026-05-15 10:57:00,1900-01-00 00:00:00,,9C:2F:9D:82:20:A3,-89,,0.000000,0.000000,0.000,0.000,Client
2026-05-15 10:57:00,1900-01-00 00:00:00,dlink-615_EXT,40:86:CB:27:D2:0C,-89, WPA2 ,0.000000,0.000000,0.000,0.000,AP
2026-05-15 10:57:00,1900-01-00 00:00:00,,9C:2F:9D:82:20:A3,-89,,0.000000,0.000000,0.000,0.000,Client
2026-05-15 10:57:00,1900-01-00 00:00:00,dlink-615_EXT,40:86:CB:27:D2:0C,-89, WPA2 ,0.000000,0.000000,0.000,0.000,AP
2026-05-15 10:57:00,1900-01-00 00:00:00,,9C:2F:9D:82:20:A3,-89,,0.000000,0.000000,0.000,0.000,Client
2026-05-15 10:57:00,1900-01-00 00:00:00,dlink-615_EXT,40:86:CB:27:D2:0C,-89, WPA2 ,0.000000,0.000000,0.000,0.000,AP
2026-05-15 10:57:00,1900-01-00 00:00:00,,9C:2F:9D:82:20:A3,-89,,0.000000,0.000000,0.000,0.000,Client
2026-05-15 10:57:00,1900-01-00 00:00:00,dlink-615_EXT,40:86:CB:27:D2:0C,-89, WPA2 ,0.000000,0.000000,0.000,0.000,AP
2026-05-15 10:57:00,1900-01-00 00:00:00,,9C:2F:9D:82:20:A3,-89,,0.000000,0.000000,0.000,0.000,Client
2026-05-15 10:57:00,1900-01-00 00:00:00,dlink-615_EXT,40:86:CB:27:D2:0C,-89, WPA2 ,0.000000,0.000000,0.000,0.000,AP
2026-05-15 10:57:00,1900-01-00 00:00:00,,9C:2F:9D:82:20:A3,-89,,0.000000,0.000000,0.000,0.000,Client
2026-05-15 10:57:00,1900-01-00 00:00:00,dlink-615_EXT,40:86:CB:27:D2:0C,-89, WPA2 ,0.000000,0.000000,0.000,0.000,AP
2026-05-15 10:57:00,1900-01-00 00:00:00,,9C:2F:9D:82:20:A3,-89,,0.000000,0.000000,0.000,0.000,Client
2026-05-15 10:57:00,1900-01-00 00:00:00,dlink-615_EXT,40:86:CB:27:D2:0C,-89, WPA2 ,0.000000,0.000000,0.000,0.000,AP
2026-05-15 10:57:00,1900-01-00 00:00:00,,9C:2F:9D:82:20:A3,-89,,0.000000,0.000000,0.000,0.000,Client
2026-05-15 10:57:00,1900-01-00 00:00:00,dlink-615_EXT,40:86:CB:27:D2:0C,-89, WPA2 ,0.000000,0.000000,0.000,0.000,AP
2026-05-15 10:57:00,1900-01-00 00:00:00,,9C:2F:9D:82:20:A3,-89,,0.000000,0.000000,0.000,0.000,Client
2026-05-15 10:57:00,1900-01-00 00:00:00,dlink-615_EXT,40:86:CB:27:D2:0C,-89, WPA2 ,0.000000,0.000000,0.000,0.000,AP
2026-05-15 10:57:00,1900-01-00 00:00:00,,9C:2F:9D:82:20:A3,-89,,0.000000,0.000000,0.000,0.000,Client
2026-05-15 10:57:00,1900-01-00 00:00:00,dlink-615_EXT,40:86:CB:27:D2:0C,-89, WPA2 ,0.000000,0.000000,0.000,0.000,AP
2026-05-15 10:57:00,1900-01-00 00:00:00,,9C:2F:9D:82:20:A3,-89,,0.000000,0.000000,0.000,0.000,Client
2026-05-15 10:57:00,1900-01-00 00:00:00,dlink-615_EXT,40:86:CB:27:D2:0C,-89, WPA2 ,0.000000,0.000000,0.000,0.000,AP
2026-05-15 10:57:00,1900-01-00 00:00:00,,9C:2F:9D:82:20:A3,-89,,0.000000,0.000000,0.000,0.000,Client
2026-05-15 10:57:00,1900-01-00 00:00:00,dlink-615_EXT,40:86:CB:27:D2:0C,-89, WPA2 ,0.000000,0.000000,0.000,0.000,AP
2026-05-15 10:57:00,1900-01-00 00:00:00,,9C:2F:9D:82:20:A3,-89,,0.000000,0.000000,0.000,0.000,Client
2026-05-15 10:57:00,1900-01-00 00:00:00,dlink-615_EXT,40:86:CB:27:D2:0C,-89, WPA2 ,0.000000,0.000000,0.000,0.000,AP
2026-05-15 10:57:00,1900-01-00 00:00:00,,9C:2F:9D:82:20:A3,-89,,0.000000,0.000000,0.000,0.000,Client
2026-05-15 10:57:00,1900-01-00 00:00:00,dlink-615_EXT,40:86:CB:27:D2:0C,-89, WPA2 ,0.000000,0.000000,0.000,0.000,AP
2026-05-15 10:57:00,1900-01-00 00:00:00,,9C:2F:9D:82:20:A3,-89,,0.000000,0.000000,0.000,0.000,Client
2026-05-15 10:57:00,1900-01-00 00:00:00,dlink-615_EXT,40:86:CB:27:D2:0C,-89, WPA2 ,0.000000,0.000000,0.000,0.000,AP
2026-05-15 10:57:00,1900-01-00 00:00:00,,9C:2F:9D:82:20:A3,-89,,0.000000,0.000000,0.000,0.000,Client
2026-05-15 10:57:00,1900-01-00 00:00:00,dlink-615_EXT,40:86:CB:27:D2:0C,-89, WPA2 ,0.000000,0.000000,0.000,0.000,AP
2026-05-15 10:57:00,1900-01-00 00:00:00,,9C:2F:9D:82:20:A3,-89,,0.000000,0.000000,0.000,0.000,Client
2026-05-15 10:57:00,1900-01-00 00:00:00,dlink-615_EXT,40:86:CB:27:D2:0C,-89, WPA2 ,0.000000,0.000000,0.000,0.000,AP
2026-05-15 10:57:00,1900-01-00 00:00:00,,9C:2F:9D:82:20:A3,-89,,0.000000,0.000000,0.000,0.000,Client
2026-05-15 10:57:00,1900-01-00 00:00:00,dlink-615_EXT,40:86:CB:27:D2:0C,-89, WPA2 ,0.000000,0.000000,0.000,0.000,AP
2026-05-15 10:57:00,1900-01-00 00:00:00,,9C:2F:9D:82:20:A3,-89,,0.000000,0.000000,0.000,0.000,Client
2026-05-15 10:57:00,1900-01-00 00:00:00,dlink-615_EXT,40:86:CB:27:D2:0C,-89, WPA2 ,0.000000,0.000000,0.000,0.000,AP
2026-05-15 10:57:00,1900-01-00 00:00:00,,9C:2F:9D:82:20:A3,-89,,0.000000,0.000000,0.000,0.000,Client
2026-05-15 10:57:00,1900-01-00 00:00:00,dlink-615_EXT,40:86:CB:27:D2:0C,-89, WPA2 ,0.000000,0.000000,0.000,0.000,AP
2026-05-15 10:57:00,1900-01-00 00:00:00,,9C:2F:9D:82:20:A3,-89,,0.000000,0.000000,0.000,0.000,Client
2026-05-15 10:57:00,1900-01-00 00:00:00,dlink-615_EXT,40:86:CB:27:D2:0C,-89, WPA2 ,0.000000,0.000000,0.000,0.000,AP
2026-05-15 10:57:00,1900-01-00 00:00:00,,9C:2F:9D:82:20:A3,-89,,0.000000,0.000000,0.000,0.000,Client
2026-05-15 10:57:00,1900-01-00 00:00:00,dlink-615_EXT,40:86:CB:27:D2:0C,-89, WPA2 ,0.000000,0.000000,0.000,0.000,AP
2026-05-15 10:57:00,1900-01-00 00:00:00,,9C:2F:9D:82:20:A3,-89,,0.000000,0.000000,0.000,0.000,Client
2026-05-15 10:57:00,1900-01-00 00:00:00,dlink-615_EXT,40:86:CB:27:D2:0C,-89, WPA2 ,0.000000,0.000000,0.000,0.000,AP
2026-05-15 10:57:00,1900-01-00 00:00:00,,9C:2F:9D:82:20:A3,-89,,0.000000,0.000000,0.000,0.000,Client
2026-05-15 10:57:00,1900-01-00 00:00:00,dlink-615_EXT,40:86:CB:27:D2:0C,-89, WPA2 ,0.000000,0.000000,0.000,0.000,AP
2026-05-15 10:57:00,1900-01-00 00:00:00,,9C:2F:9D:82:20:A3,-89,,0.000000,0.000000,0.000,0.000,Client
2026-05-15 10:57:00,1900-01-00 00:00:00,dlink-615_EXT,40:86:CB:27:D2:0C,-89, WPA2 ,0.000000,0.000000,0.000,0.000,AP
2026-05-15 10:57:00,1900-01-00 00:00:00,,9C:2F:9D:82:20:A3,-89,,0.000000,0.000000,0.000,0.000,Client
2026-05-15 10:57:00,1900-01-00 00:00:00,dlink-615_EXT,40:86:CB:27:D2:0C,-89, WPA2 ,0.000000,0.000000,0.000,0.000,AP
2026-05-15 10:57:00,1900-01-00 00:00:00,,9C:2F:9D:82:20:A3,-89,,0.000000,0.000000,0.000,0.000,Client
2026-05-15 10:57:00,1900-01-00 00:00:00,dlink-615_EXT,40:86:CB:27:D2:0C,-89, WPA2 ,0.000000,0.000000,0.000,0.000,AP
2026-05-15 10:57:00,1900-01-00 00:00:00,,9C:2F:9D:82:20:A3,-89,,0.000000,0.000000,0.000,0.000,Client
2026-05-15 10:57:00,1900-01-00 00:00:00,dlink-615_EXT,40:86:CB:27:D2:0C,-89, WPA2 ,0.000000,0.000000,0.000,0.000,AP
2026-05-15 10:57:00,1900-01-00 00:00:00,,9C:2F:9D:82:20:A3,-89,,0.000000,0.000000,0.000,0.000,Client
2026-05-15 10:57:00,1900-01-00 00:00:00,dlink-615_EXT,40:86:CB:27:D2:0C,-89, WPA2 ,0.000000,0.000000,0.000,0.000,AP
2026-05-15 10:57:00,1900-01-00 00:00:00,,9C:2F:9D:82:20:A3,-89,,0.000000,0.000000,0.000,0.000,Client
2026-05-15 10:57:00,1900-01-00 00:00:00,dlink-615_EXT,40:86:CB:27:D2:0C,-89, WPA2 ,0.000000,0.000000,0.000,0.000,AP
2026-05-15 10:57:00,1900-01-00 00:00:00,,9C:2F:9D:82:20:A3,-89,,0.000000,0.000000,0.000,0.000,Client
2026-05-15 10:57:00,1900-01-00 00:00:00,dlink-615_EXT,40:86:CB:27:D2:0C,-89, WPA2 ,0.000000,0.000000,0.000,0.000,AP
2026-05-15 10:57:00,1900-01-00 00:00:00,,9C:2F:9D:82:20:A3,-89,,0.000000,0.000000,0.000,0.000,Client
2026-05-15 10:57:00,1900-01-00 00:00:00,dlink-615_EXT,40:86:CB:27:D2:0C,-89, WPA2 ,0.000000,0.000000,0.000,0.000,AP
2026-05-15 10:57:00,1900-01-00 00:00:00,,9C:2F:9D:82:20:A3,-89,,0.000000,0.000000,0.000,0.000,Client
2026-05-15 10:57:00,1900-01-00 00:00:00,dlink-615_EXT,40:86:CB:27:D2:0C,-89, WPA2 ,0.000000,0.000000,0.000,0.000,AP
2026-05-15 10:57:00,1900-01-00 00:00:00,,9C:2F:9D:82:20:A3,-89,,0.000000,0.000000,0.000,0.000,Client
2026-05-15 10:57:00,1900-01-00 00:00:00,dlink-615_EXT,40:86:CB:27:D2:0C,-89, WPA2 ,0.000000,0.000000,0.000,0.000,AP
2026-05-15 10:57:00,1900-01-00 00:00:00,,9C:2F:9D:82:20:A3,-89,,0.000000,0.000000,0.000,0.000,Client
2026-05-15 10:57:00,1900-01-00 00:00:00,dlink-615_EXT,40:86:CB:27:D2:0C,-89, WPA2 ,0.000000,0.000000,0.000,0.000,AP
2026-05-15 10:57:00,1900-01-00 00:00:00,,9C:2F:9D:82:20:A3,-89,,0.000000,0.000000,0.000,0.000,Client
2026-05-15 10:57:00,1900-01-00 00:00:00,dlink-615_EXT,40:86:CB:27:D2:0C,-89, WPA2 ,0.000000,0.000000,0.000,0.000,AP
2026-05-15 10:57:00,1900-01-00 00:00:00,,9C:2F:9D:82:20:A3,-89,,0.000000,0.000000,0.000,0.000,Client
2026-05-15 10:57:00,1900-01-00 00:00:00,dlink-615_EXT,40:86:CB:27:D2:0C,-89, WPA2 ,0.000000,0.000000,0.000,0.000,AP
2026-05-15 10:57:00,1900-01-00 00:00:00,,9C:2F:9D:82:20:A3,-89,,0.000000,0.000000,0.000,0.000,Client
2026-05-15 10:57:00,1900-01-00 00:00:00,dlink-615_EXT,40:86:CB:27:D2:0C,-89, WPA2 ,0.000000,0.000000,0.000,0.000,AP
2026-05-15 10:57:00,1900-01-00 00:00:00,,9C:2F:9D:82:20:A3,-89,,0.000000,0.000000,0.000,0.000,Client
2026-05-15 10:57:00,1900-01-00 00:00:00,dlink-615_EXT,40:86:CB:27:D2:0C,-89, WPA2 ,0.000000,0.000000,0.000,0.000,AP
2026-05-15 10:57:00,1900-01-00 00:00:00,,9C:2F:9D:82:20:A3,-89,,0.000000,0.000000,0.000,0.000,Client
2026-05-15 10:57:00,1900-01-00 00:00:00,dlink-615_EXT,40:86:CB:27:D2:0C,-89, WPA2 ,0.000000,0.000000,0.000,0.000,AP
2026-05-15 10:57:00,1900-01-00 00:00:00,,9C:2F:9D:82:20:A3,-89,,0.000000,0.000000,0.000,0.000,Client
2026-05-15 10:57:00,1900-01-00 00:00:00,dlink-615_EXT,40:86:CB:27:D2:0C,-89, WPA2 ,0.000000,0.000000,0.000,0.000,AP
2026-05-15 10:57:00,1900-01-00 00:00:00,,9C:2F:9D:82:20:A3,-89,,0.000000,0.000000,0.000,0.000,Client
2026-05-15 10:57:00,1900-01-00 00:00:00,dlink-615_EXT,40:86:CB:27:D2:0C,-89, WPA2 ,0.000000,0.000000,0.000,0.000,AP
2026-05-15 10:57:00,1900-01-00 00:00:00,,9C:2F:9D:82:20:A3,-89,,0.000000,0.000000,0.000,0.000,Client
2026-05-15 10:57:00,1900-01-00 00:00:00,dlink-615_EXT,40:86:CB:27:D2:0C,-89, WPA2 ,0.000000,0.000000,0.000,0.000,AP
2026-05-15 10:57:00,1900-01-00 00:00:00,,9C:2F:9D:82:20:A3,-89,,0.000000,0.000000,0.000,0.000,Client
2026-05-15 10:57:00,1900-01-00 00:00:00,dlink-615_EXT,40:86:CB:27:D2:0C,-89, WPA2 ,0.000000,0.000000,0.000,0.000,AP
2026-05-15 10:57:00,1900-01-00 00:00:00,,9C:2F:9D:82:20:A3,-89,,0.000000,0.000000,0.000,0.000,Client
2026-05-15 10:57:00,1900-01-00 00:00:00,dlink-615_EXT,40:86:CB:27:D2:0C,-89, WPA2 ,0.000000,0.000000,0.000,0.000,AP
2026-05-15 10:57:00,1900-01-00 00:00:00,,9C:2F:9D:82:20:A3,-89,,0.000000,0.000000,0.000,0.000,Client
2026-05-15 10:57:00,1900-01-00 00:00:00,dlink-615_EXT,40:86:CB:27:D2:0C,-89, WPA2 ,0.000000,0.000000,0.000,0.000,AP
2026-05-15 10:57:00,1900-01-00 00:00:00,,9C:2F:9D:82:20:A3,-89,,0.000000,0.000000,0.000,0.000,Client
2026-05-15 10:57:00,1900-01-00 00:00:00,dlink-615_EXT,40:86:CB:27:D2:0C,-89, WPA2 ,0.000000,0.000000,0.000,0.000,AP
2026-05-15 10:57:00,1900-01-00 00:00:00,,9C:2F:9D:82:20:A3,-89,,0.000000,0.000000,0.000,0.000,Client
2026-05-15 10:57:00,1900-01-00 00:00:00,dlink-615_EXT,40:86:CB:27:D2:0C,-89, WPA2 ,0.000000,0.000000,0.000,0.000,AP
2026-05-15 10:57:00,1900-01-00 00:00:00,,9C:2F:9D:82:20:A3,-89,,0.000000,0.000000,0.000,0.000,Client
2026-05-15 10:57:00,1900-01-00 00:00:00,dlink-615_EXT,40:86:CB:27:D2:0C,-89, WPA2 ,0.000000,0.000000,0.000,0.000,AP
2026-05-15 10:57:00,1900-01-00 00:00:00,,9C:2F:9D:82:20:A3,-89,,0.000000,0.000000,0.000,0.000,Client
2026-05-15 10:57:00,1900-01-00 00:00:00,dlink-615_EXT,40:86:CB:27:D2:0C,-89, WPA2 ,0.000000,0.000000,0.000,0.000,AP
2026-05-15 10:57:00,1900-01-00 00:00:00,,9C:2F:9D:82:20:A3,-89,,0.000000,0.000000,0.000,0.000,Client
2026-05-15 10:57:00,1900-01-00 00:00:00,dlink-615_EXT,40:86:CB:27:D2:0C,-89, WPA2 ,0.000000,0.000000,0.000,0.000,AP
2026-05-15 10:57:00,1900-01-00 00:00:00,,9C:2F:9D:82:20:A3,-89,,0.000000,0.000000,0.000,0.000,Client
2026-05-15 10:57:00,1900-01-00 00:00:00,dlink-615_EXT,40:86:CB:27:D2:0C,-89, WPA2 ,0.000000,0.000000,0.000,0.000,AP
2026-05-15 10:57:00,1900-01-00 00:00:00,,9C:2F:9D:82:20:A3,-89,,0.000000,0.000000,0.000,0.000,Client
2026-05-15 10:57:00,1900-01-00 00:00:00,dlink-615_EXT,40:86:CB:27:D2:0C,-89, WPA2 ,0.000000,0.000000,0.000,0.000,AP
2026-05-15 10:57:00,1900-01-00 00:00:00,,9C:2F:9D:82:20:A3,-89,,0.000000,0.000000,0.000,0.000,Client
2026-05-15 10:57:00,1900-01-00 00:00:00,dlink-615_EXT,40:86:CB:27:D2:0C,-89, WPA2 ,0.000000,0.000000,0.000,0.000,AP
2026-05-15 10:57:00,1900-01-00 00:00:00,,9C:2F:9D:82:20:A3,-89,,0.000000,0.000000,0.000,0.000,Client
2026-05-15 10:57:00,1900-01-00 00:00:00,dlink-615_EXT,40:86:CB:27:D2:0C,-89, WPA2 ,0.000000,0.000000,0.000,0.000,AP
2026-05-15 10:57:00,1900-01-00 00:00:00,,9C:2F:9D:82:20:A3,-89,,0.000000,0.000000,0.000,0.000,Client
2026-05-15 10:57:00,1900-01-00 00:00:00,dlink-615_EXT,40:86:CB:27:D2:0C,-89, WPA2 ,0.000000,0.000000,0.000,0.000,AP
2026-05-15 10:57:00,1900-01-00 00:00:00,,9C:2F:9D:82:20:A3,-89,,0.000000,0.000000,0.000,0.000,Client
2026-05-15 10:57:00,1900-01-00 00:00:00,dlink-615_EXT,40:86:CB:27:D2:0C,-89, WPA2 ,0.000000,0.000000,0.000,0.000,AP
2026-05-15 10:57:00,1900-01-00 00:00:00,,9C:2F:9D:82:20:A3,-89,,0.000000,0.000000,0.000,0.000,Client
2026-05-15 10:57:00,1900-01-00 00:00:00,dlink-615_EXT,40:86:CB:27:D2:0C,-89, WPA2 ,0.000000,0.000000,0.000,0.000,AP
2026-05-15 10:57:00,1900-01-00 00:00:00,,9C:2F:9D:82:20:A3,-89,,0.000000,0.000000,0.000,0.000,Client
2026-05-15 10:57:00,1900-01-00 00:00:00,dlink-615_EXT,40:86:CB:27:D2:0C,-89, WPA2 ,0.000000,0.000000,0.000,0.000,AP
2026-05-15 10:57:00,1900-01-00 00:00:00,,9C:2F:9D:82:20:A3,-89,,0.000000,0.000000,0.000,0.000,Client
2026-05-15 10:57:00,1900-01-00 00:00:00,dlink-615_EXT,40:86:CB:27:D2:0C,-89, WPA2 ,0.000000,0.000000,0.000,0.000,AP
2026-05-15 10:57:00,1900-01-00 00:00:00,,9C:2F:9D:82:20:A3,-89,,0.000000,0.000000,0.000,0.000,Client
2026-05-15 10:57:00,1900-01-00 00:00:00,dlink-615_EXT,40:86:CB:27:D2:0C,-89, WPA2 ,0.000000,0.000000,0.000,0.000,AP
2026-05-15 10:57:00,1900-01-00 00:00:00,,9C:2F:9D:82:20:A3,-89,,0.000000,0.000000,0.000,0.000,Client
2026-05-15 10:57:00,1900-01-00 00:00:00,dlink-615_EXT,40:86:CB:27:D2:0C,-89, WPA2 ,0.000000,0.000000,0.000,0.000,AP
2026-05-15 10:57:00,1900-01-00 00:00:00,,9C:2F:9D:82:20:A3,-89,,0.000000,0.000000,0.000,0.000,Client
2026-05-15 10:57:00,1900-01-00 00:00:00,dlink-615_EXT,40:86:CB:27:D2:0C,-89, WPA2 ,0.000000,0.000000,0.000,0.000,AP
2026-05-15 10:57:00,1900-01-00 00:00:00,,9C:2F:9D:82:20:A3,-89,,0.000000,0.000000,0.000,0.000,Client
2026-05-15 10:57:00,1900-01-00 00:00:00,dlink-615_EXT,40:86:CB:27:D2:0C,-89, WPA2 ,0.000000,0.000000,0.000,0.000,AP
2026-05-15 10:57:00,1900-01-00 00:00:00,,9C:2F:9D:82:20:A3,-89,,0.000000,0.000000,0.000,0.000,Client
2026-05-15 10:57:00,1900-01-00 00:00:00,dlink-615_EXT,40:86:CB:27:D2:0C,-89, WPA2 ,0.000000,0.000000,0.000,0.000,AP
2026-05-15 10:57:00,1900-01-00 00:00:00,,9C:2F:9D:82:20:A3,-89,,0.000000,0.000000,0.000,0.000,Client
2026-05-15 10:57:00,1900-01-00 00:00:00,dlink-615_EXT,40:86:CB:27:D2:0C,-89, WPA2 ,0.000000,0.000000,0.000,0.000,AP
2026-05-15 10:57:00,1900-01-00 00:00:00,,9C:2F:9D:82:20:A3,-89,,0.000000,0.000000,0.000,0.000,Client
2026-05-15 10:57:00,1900-01-00 00:00:00,dlink-615_EXT,40:86:CB:27:D2:0C,-89, WPA2 ,0.000000,0.000000,0.000,0.000,AP
2026-05-15 10:57:00,1900-01-00 00:00:00,,9C:2F:9D:82:20:A3,-89,,0.000000,0.000000,0.000,0.000,Client
2026-05-15 10:57:00,1900-01-00 00:00:00,dlink-615_EXT,40:86:CB:27:D2:0C,-89, WPA2 ,0.000000,0.000000,0.000,0.000,AP
2026-05-15 10:57:00,1900-01-00 00:00:00,,9C:2F:9D:82:20:A3,-89,,0.000000,0.000000,0.000,0.000,Client
2026-05-15 10:57:00,1900-01-00 00:00:00,dlink-615_EXT,40:86:CB:27:D2:0C,-89, WPA2 ,0.000000,0.000000,0.000,0.000,AP
2026-05-15 10:57:00,1900-01-00 00:00:00,,9C:2F:9D:82:20:A3,-89,,0.000000,0.000000,0.000,0.000,Client
2026-05-15 10:57:00,1900-01-00 00:00:00,dlink-615_EXT,40:86:CB:27:D2:0C,-89, WPA2 ,0.000000,0.000000,0.000,0.000,AP
2026-05-15 10:57:00,1900-01-00 00:00:00,,9C:2F:9D:82:20:A3,-89,,0.000000,0.000000,0.000,0.000,Client
2026-05-15 10:57:00,1900-01-00 00:00:00,dlink-615_EXT,40:86:CB:27:D2:0C,-89, WPA2 ,0.000000,0.000000,0.000,0.000,AP
2026-05-15 10:57:00,1900-01-00 00:00:00,,9C:2F:9D:82:20:A3,-89,,0.000000,0.000000,0.000,0.000,Client
2026-05-15 10:57:00,1900-01-00 00:00:00,dlink-615_EXT,40:86:CB:27:D2:0C,-89, WPA2 ,0.000000,0.000000,0.000,0.000,AP
2026-05-15 10:57:00,1900-01-00 00:00:00,,9C:2F:9D:82:20:A3,-89,,0.000000,0.000000,0.000,0.000,Client
2026-05-15 10:57:00,1900-01-00 00:00:00,dlink-615_EXT,40:86:CB:27:D2:0C,-89, WPA2 ,0.000000,0.000000,0.000,0.000,AP
2026-05-15 10:57:00,1900-01-00 00:00:00,,9C:2F:9D:82:20:A3,-89,,0.000000,0.000000,0.000,0.000,Client
2026-05-15 10:57:00,1900-01-00 00:00:00,dlink-615_EXT,40:86:CB:27:D2:0C,-89, WPA2 ,0.000000,0.000000,0.000,0.000,AP
2026-05-15 10:57:00,1900-01-00 00:00:00,,9C:2F:9D:82:20:A3,-89,,0.000000,0.000000,0.000,0.000,Client
2026-05-15 10:57:00,1900-01-00 00:00:00,dlink-615_EXT,40:86:CB:27:D2:0C,-89, WPA2 ,0.000000,0.000000,0.000,0.000,AP
2026-05-15 10:57:00,1900-01-00 00:00:00,,9C:2F:9D:82:20:A3,-89,,0.000000,0.000000,0.000,0.000,Client
2026-05-15 10:57:00,1900-01-00 00:00:00,dlink-615_EXT,40:86:CB:27:D2:0C,-89, WPA2 ,0.000000,0.000000,0.000,0.000,AP
2026-05-15 10:57:00,1900-01-00 00:00:00,,9C:2F:9D:82:20:A3,-89,,0.000000,0.000000,0.000,0.000,Client
2026-05-15 10:57:00,1900-01-00 00:00:00,dlink-615_EXT,40:86:CB:27:D2:0C,-89, WPA2 ,0.000000,0.000000,0.000,0.000,AP
2026-05-15 10:57:00,1900-01-00 00:00:00,,9C:2F:9D:82:20:A3,-89,,0.000000,0.000000,0.000,0.000,Client
2026-05-15 10:57:00,1900-01-00 00:00:00,dlink-615_EXT,40:86:CB:27:D2:0C,-89, WPA2 ,0.000000,0.000000,0.000,0.000,AP
2026-05-15 10:57:00,1900-01-00 00:00:00,,9C:2F:9D:82:20:A3,-89,,0.000000,0.000000,0.000,0.000,Client
2026-05-15 10:57:00,1900-01-00 00:00:00,dlink-615_EXT,40:86:CB:27:D2:0C,-89, WPA2 ,0.000000,0.000000,0.000,0.000,AP
2026-05-15 10:57:00,1900-01-00 00:00:00,,9C:2F:9D:82:20:A3,-89,,0.000000,0.000000,0.000,0.000,Client
2026-05-15 10:57:00,1900-01-00 00:00:00,dlink-615_EXT,40:86:CB:27:D2:0C,-89, WPA2 ,0.000000,0.000000,0.000,0.000,AP
2026-05-15 10:57:00,1900-01-00 00:00:00,,9C:2F:9D:82:20:A3,-89,,0.000000,0.000000,0.000,0.000,Client
2026-05-15 10:57:00,1900-01-00 00:00:00,dlink-615_EXT,40:86:CB:27:D2:0C,-89, WPA2 ,0.000000,0.000000,0.000,0.000,AP
2026-05-15 10:57:00,1900-01-00 00:00:00,,9C:2F:9D:82:20:A3,-89,,0.000000,0.000000,0.000,0.000,Client
2026-05-15 10:57:00,1900-01-00 00:00:00,dlink-615_EXT,40:86:CB:27:D2:0C,-89, WPA2 ,0.000000,0.000000,0.000,0.000,AP
2026-05-15 10:57:00,1900-01-00 00:00:00,,9C:2F:9D:82:20:A3,-89,,0.000000,0.000000,0.000,0.000,Client
2026-05-15 10:57:00,1900-01-00 00:00:00,dlink-615_EXT,40:86:CB:27:D2:0C,-89, WPA2 ,0.000000,0.000000,0.000,0.000,AP
2026-05-15 10:57:00,1900-01-00 00:00:00,,9C:2F:9D:82:20:A3,-89,,0.000000,0.000000,0.000,0.000,Client
2026-05-15 10:57:00,1900-01-00 00:00:00,dlink-615_EXT,40:86:CB:27:D2:0C,-89, WPA2 ,0.000000,0.000000,0.000,0.000,AP
2026-05-15 10:57:00,1900-01-00 00:00:00,,9C:2F:9D:82:20:A3,-89,,0.000000,0.000000,0.000,0.000,Client
2026-05-15 10:57:00,1900-01-00 00:00:00,dlink-615_EXT,40:86:CB:27:D2:0C,-89, WPA2 ,0.000000,0.000000,0.000,0.000,AP
2026-05-15 10:57:00,1900-01-00 00:00:00,,9C:2F:9D:82:20:A3,-89,,0.000000,0.000000,0.000,0.000,Client
2026-05-15 10:57:00,1900-01-00 00:00:00,dlink-615_EXT,40:86:CB:27:D2:0C,-89, WPA2 ,0.000000,0.000000,0.000,0.000,AP
2026-05-15 10:57:00,1900-01-00 00:00:00,,9C:2F:9D:82:20:A3,-89,,0.000000,0.000000,0.000,0.000,Client
2026-05-15 10:57:00,1900-01-00 00:00:00,dlink-615_EXT,40:86:CB:27:D2:0C,-89, WPA2 ,0.000000,0.000000,0.000,0.000,AP
2026-05-15 10:57:00,1900-01-00 00:00:00,,9C:2F:9D:82:20:A3,-89,,0.000000,0.000000,0.000,0.000,Client
2026-05-15 10:57:00,1900-01-00 00:00:00,dlink-615_EXT,40:86:CB:27:D2:0C,-89, WPA2 ,0.000000,0.000000,0.000,0.000,AP
2026-05-15 10:57:00,1900-01-00 00:00:00,,9C:2F:9D:82:20:A3,-89,,0.000000,0.000000,0.000,0.000,Client
2026-05-15 10:57:00,1900-01-00 00:00:00,dlink-615_EXT,40:86:CB:27:D2:0C,-89, WPA2 ,0.000000,0.000000,0.000,0.000,AP
2026-05-15 10:57:00,1900-01-00 00:00:00,,9C:2F:9D:82:20:A3,-89,,0.000000,0.000000,0.000,0.000,Client
2026-05-15 10:57:00,1900-01-00 00:00:00,dlink-615_EXT,40:86:CB:27:D2:0C,-89, WPA2 ,0.000000,0.000000,0.000,0.000,AP
2026-05-15 10:57:00,1900-01-00 00:00:00,,9C:2F:9D:82:20:A3,-89,,0.000000,0.000000,0.000,0.000,Client
2026-05-15 10:57:00,1900-01-00 00:00:00,dlink-615_EXT,40:86:CB:27:D2:0C,-89, WPA2 ,0.000000,0.000000,0.000,0.000,AP
2026-05-15 10:57:00,1900-01-00 00:00:00,,9C:2F:9D:82:20:A3,-89,,0.000000,0.000000,0.000,0.000,Client
2026-05-15 10:57:00,1900-01-00 00:00:00,dlink-615_EXT,40:86:CB:27:D2:0C,-89, WPA2 ,0.000000,0.000000,0.000,0.000,AP
2026-05-15 10:57:00,1900-01-00 00:00:00,,9C:2F:9D:82:20:A3,-89,,0.000000,0.000000,0.000,0.000,Client
2026-05-15 10:57:00,1900-01-00 00:00:00,dlink-615_EXT,40:86:CB:27:D2:0C,-89, WPA2 ,0.000000,0.000000,0.000,0.000,AP
2026-05-15 10:57:00,1900-01-00 00:00:00,,9C:2F:9D:82:20:A3,-89,,0.000000,0.000000,0.000,0.000,Client
2026-05-15 10:57:00,1900-01-00 00:00:00,dlink-615_EXT,40:86:CB:27:D2:0C,-89, WPA2 ,0.000000,0.000000,0.000,0.000,AP
2026-05-15 10:57:00,1900-01-00 00:00:00,,9C:2F:9D:82:20:A3,-89,,0.000000,0.000000,0.000,0.000,Client
2026-05-15 10:57:00,1900-01-00 00:00:00,dlink-615_EXT,40:86:CB:27:D2:0C,-89, WPA2 ,0.000000,0.000000,0.000,0.000,AP
2026-05-15 10:57:00,1900-01-00 00:00:00,,9C:2F:9D:82:20:A3,-89,,0.000000,0.000000,0.000,0.000,Client
2026-05-15 10:57:00,1900-01-00 00:00:00,dlink-615_EXT,40:86:CB:27:D2:0C,-89, WPA2 ,0.000000,0.000000,0.000,0.000,AP
2026-05-15 10:57:00,1900-01-00 00:00:00,,9C:2F:9D:82:20:A3,-89,,0.000000,0.000000,0.000,0.000,Client
2026-05-15 10:57:00,1900-01-00 00:00:00,dlink-615_EXT,40:86:CB:27:D2:0C,-89, WPA2 ,0.000000,0.000000,0.000,0.000,AP
2026-05-15 10:57:00,1900-01-00 00:00:00,,9C:2F:9D:82:20:A3,-89,,0.000000,0.000000,0.000,0.000,Client
2026-05-15 10:57:00,1900-01-00 00:00:00,dlink-615_EXT,40:86:CB:27:D2:0C,-89, WPA2 ,0.000000,0.000000,0.000,0.000,AP
2026-05-15 10:57:00,1900-01-00 00:00:00,,9C:2F:9D:82:20:A3,-89,,0.000000,0.000000,0.000,0.000,Client
2026-05-15 10:57:00,1900-01-00 00:00:00,dlink-615_EXT,40:86:CB:27:D2:0C,-89, WPA2 ,0.000000,0.000000,0.000,0.000,AP
2026-05-15 10:57:00,1900-01-00 00:00:00,,9C:2F:9D:82:20:A3,-89,,0.000000,0.000000,0.000,0.000,Client
2026-05-15 10:57:00,1900-01-00 00:00:00,dlink-615_EXT,40:86:CB:27:D2:0C,-89, WPA2 ,0.000000,0.000000,0.000,0.000,AP
2026-05-15 10:57:00,1900-01-00 00:00:00,,9C:2F:9D:82:20:A3,-89,,0.000000,0.000000,0.000,0.000,Client
2026-05-15 10:57:00,1900-01-00 00:00:00,dlink-615_EXT,40:86:CB:27:D2:0C,-89, WPA2 ,0.000000,0.000000,0.000,0.000,AP
2026-05-15 10:57:00,1900-01-00 00:00:00,,9C:2F:9D:82:20:A3,-89,,0.000000,0.000000,0.000,0.000,Client
2026-05-15 10:57:01,1900-01-00 00:00:00,dlink-615_EXT,40:86:CB:27:D2:0C,-89, WPA2 ,0.000000,0.000000,0.000,0.000,AP
2026-05-15 10:57:01,1900-01-00 00:00:00,,9C:2F:9D:82:20:A3,-89,,0.000000,0.000000,0.000,0.000,Client
2026-05-15 10:57:01,1900-01-00 00:00:00,dlink-615_EXT,40:86:CB:27:D2:0C,-89, WPA2 ,0.000000,0.000000,0.000,0.000,AP
2026-05-15 10:57:01,1900-01-00 00:00:00,,9C:2F:9D:82:20:A3,-89,,0.000000,0.000000,0.000,0.000,Client
2026-05-15 10:57:01,1900-01-00 00:00:00,dlink-615_EXT,40:86:CB:27:D2:0C,-89, WPA2 ,0.000000,0.000000,0.000,0.000,AP
2026-05-15 10:57:01,1900-01-00 00:00:00,,9C:2F:9D:82:20:A3,-89,,0.000000,0.000000,0.000,0.000,Client
2026-05-15 10:57:01,1900-01-00 00:00:00,dlink-615_EXT,40:86:CB:27:D2:0C,-89, WPA2 ,0.000000,0.000000,0.000,0.000,AP
2026-05-15 10:57:01,1900-01-00 00:00:00,,9C:2F:9D:82:20:A3,-89,,0.000000,0.000000,0.000,0.000,Client
2026-05-15 10:57:01,1900-01-00 00:00:00,dlink-615_EXT,40:86:CB:27:D2:0C,-89, WPA2 ,0.000000,0.000000,0.000,0.000,AP
2026-05-15 10:57:01,1900-01-00 00:00:00,,9C:2F:9D:82:20:A3,-89,,0.000000,0.000000,0.000,0.000,Client
2026-05-15 10:57:01,1900-01-00 00:00:00,dlink-615_EXT,40:86:CB:27:D2:0C,-89, WPA2 ,0.000000,0.000000,0.000,0.000,AP
2026-05-15 10:57:01,1900-01-00 00:00:00,,9C:2F:9D:82:20:A3,-89,,0.000000,0.000000,0.000,0.000,Client
2026-05-15 10:57:01,1900-01-00 00:00:00,dlink-615_EXT,40:86:CB:27:D2:0C,-89, WPA2 ,0.000000,0.000000,0.000,0.000,AP
2026-05-15 10:57:01,1900-01-00 00:00:00,,9C:2F:9D:82:20:A3,-89,,0.000000,0.000000,0.000,0.000,Client
2026-05-15 10:57:01,1900-01-00 00:00:00,dlink-615_EXT,40:86:CB:27:D2:0C,-89, WPA2 ,0.000000,0.000000,0.000,0.000,AP
2026-05-15 10:57:01,1900-01-00 00:00:00,,9C:2F:9D:82:20:A3,-89,,0.000000,0.000000,0.000,0.000,Client
2026-05-15 10:57:01,1900-01-00 00:00:00,dlink-615_EXT,40:86:CB:27:D2:0C,-89, WPA2 ,0.000000,0.000000,0.000,0.000,AP
2026-05-15 10:57:01,1900-01-00 00:00:00,,9C:2F:9D:82:20:A3,-89,,0.000000,0.000000,0.000,0.000,Client
2026-05-15 10:57:01,1900-01-00 00:00:00,dlink-615_EXT,40:86:CB:27:D2:0C,-89, WPA2 ,0.000000,0.000000,0.000,0.000,AP
2026-05-15 10:57:01,1900-01-00 00:00:00,,9C:2F:9D:82:20:A3,-89,,0.000000,0.000000,0.000,0.000,Client
2026-05-15 10:57:01,1900-01-00 00:00:00,dlink-615_EXT,40:86:CB:27:D2:0C,-89, WPA2 ,0.000000,0.000000,0.000,0.000,AP
2026-05-15 10:57:01,1900-01-00 00:00:00,,9C:2F:9D:82:20:A3,-89,,0.000000,0.000000,0.000,0.000,Client
2026-05-15 10:57:01,1900-01-00 00:00:00,dlink-615_EXT,40:86:CB:27:D2:0C,-89, WPA2 ,0.000000,0.000000,0.000,0.000,AP
2026-05-15 10:57:01,1900-01-00 00:00:00,,9C:2F:9D:82:20:A3,-89,,0.000000,0.000000,0.000,0.000,Client
2026-05-15 10:57:01,1900-01-00 00:00:00,dlink-615_EXT,40:86:CB:27:D2:0C,-89, WPA2 ,0.000000,0.000000,0.000,0.000,AP
2026-05-15 10:57:01,1900-01-00 00:00:00,,9C:2F:9D:82:20:A3,-89,,0.000000,0.000000,0.000,0.000,Client
2026-05-15 10:57:01,1900-01-00 00:00:00,dlink-615_EXT,40:86:CB:27:D2:0C,-89, WPA2 ,0.000000,0.000000,0.000,0.000,AP
2026-05-15 10:57:01,1900-01-00 00:00:00,,9C:2F:9D:82:20:A3,-89,,0.000000,0.000000,0.000,0.000,Client
2026-05-15 10:57:01,1900-01-00 00:00:00,dlink-615_EXT,40:86:CB:27:D2:0C,-89, WPA2 ,0.000000,0.000000,0.000,0.000,AP
2026-05-15 10:57:01,1900-01-00 00:00:00,,9C:2F:9D:82:20:A3,-89,,0.000000,0.000000,0.000,0.000,Client
2026-05-15 10:57:01,1900-01-00 00:00:00,dlink-615_EXT,40:86:CB:27:D2:0C,-89, WPA2 ,0.000000,0.000000,0.000,0.000,AP
2026-05-15 10:57:01,1900-01-00 00:00:00,,9C:2F:9D:82:20:A3,-89,,0.000000,0.000000,0.000,0.000,Client
2026-05-15 10:57:01,1900-01-00 00:00:00,dlink-615_EXT,40:86:CB:27:D2:0C,-89, WPA2 ,0.000000,0.000000,0.000,0.000,AP
2026-05-15 10:57:01,1900-01-00 00:00:00,,9C:2F:9D:82:20:A3,-89,,0.000000,0.000000,0.000,0.000,Client
2026-05-15 10:57:01,1900-01-00 00:00:00,dlink-615_EXT,40:86:CB:27:D2:0C,-89, WPA2 ,0.000000,0.000000,0.000,0.000,AP
2026-05-15 10:57:01,1900-01-00 00:00:00,,9C:2F:9D:82:20:A3,-89,,0.000000,0.000000,0.000,0.000,Client
2026-05-15 10:57:01,1900-01-00 00:00:00,dlink-615_EXT,40:86:CB:27:D2:0C,-89, WPA2 ,0.000000,0.000000,0.000,0.000,AP
2026-05-15 10:57:01,1900-01-00 00:00:00,,9C:2F:9D:82:20:A3,-89,,0.000000,0.000000,0.000,0.000,Client
2026-05-15 10:57:01,1900-01-00 00:00:00,dlink-615_EXT,40:86:CB:27:D2:0C,-89, WPA2 ,0.000000,0.000000,0.000,0.000,AP
2026-05-15 10:57:01,1900-01-00 00:00:00,,9C:2F:9D:82:20:A3,-89,,0.000000,0.000000,0.000,0.000,Client
2026-05-15 10:57:01,1900-01-00 00:00:00,dlink-615_EXT,40:86:CB:27:D2:0C,-89, WPA2 ,0.000000,0.000000,0.000,0.000,AP
2026-05-15 10:57:01,1900-01-00 00:00:00,,9C:2F:9D:82:20:A3,-89,,0.000000,0.000000,0.000,0.000,Client
2026-05-15 10:57:01,1900-01-00 00:00:00,dlink-615_EXT,40:86:CB:27:D2:0C,-89, WPA2 ,0.000000,0.000000,0.000,0.000,AP
2026-05-15 10:57:01,1900-01-00 00:00:00,,9C:2F:9D:82:20:A3,-89,,0.000000,0.000000,0.000,0.000,Client
2026-05-15 10:57:01,1900-01-00 00:00:00,dlink-615_EXT,40:86:CB:27:D2:0C,-89, WPA2 ,0.000000,0.000000,0.000,0.000,AP
2026-05-15 10:57:01,1900-01-00 00:00:00,,9C:2F:9D:82:20:A3,-89,,0.000000,0.000000,0.000,0.000,Client
2026-05-15 10:57:01,1900-01-00 00:00:00,dlink-615_EXT,40:86:CB:27:D2:0C,-89, WPA2 ,0.000000,0.000000,0.000,0.000,AP
2026-05-15 10:57:01,1900-01-00 00:00:00,,9C:2F:9D:82:20:A3,-89,,0.000000,0.000000,0.000,0.000,Client
2026-05-15 10:57:01,1900-01-00 00:00:00,dlink-615_EXT,40:86:CB:27:D2:0C,-89, WPA2 ,0.000000,0.000000,0.000,0.000,AP
2026-05-15 10:57:01,1900-01-00 00:00:00,,9C:2F:9D:82:20:A3,-89,,0.000000,0.000000,0.000,0.000,Client
2026-05-15 10:57:01,1900-01-00 00:00:00,dlink-615_EXT,40:86:CB:27:D2:0C,-89, WPA2 ,0.000000,0.000000,0.000,0.000,AP
2026-05-15 10:57:01,1900-01-00 00:00:00,,9C:2F:9D:82:20:A3,-89,,0.000000,0.000000,0.000,0.000,Client
2026-05-15 10:57:01,1900-01-00 00:00:00,dlink-615_EXT,40:86:CB:27:D2:0C,-89, WPA2 ,0.000000,0.000000,0.000,0.000,AP
2026-05-15 10:57:01,1900-01-00 00:00:00,,9C:2F:9D:82:20:A3,-89,,0.000000,0.000000,0.000,0.000,Client
2026-05-15 10:57:01,1900-01-00 00:00:00,dlink-615_EXT,40:86:CB:27:D2:0C,-89, WPA2 ,0.000000,0.000000,0.000,0.000,AP
2026-05-15 10:57:01,1900-01-00 00:00:00,,9C:2F:9D:82:20:A3,-89,,0.000000,0.000000,0.000,0.000,Client
2026-05-15 10:57:01,1900-01-00 00:00:00,dlink-615_EXT,40:86:CB:27:D2:0C,-89, WPA2 ,0.000000,0.000000,0.000,0.000,AP
2026-05-15 10:57:01,1900-01-00 00:00:00,,9C:2F:9D:82:20:A3,-89,,0.000000,0.000000,0.000,0.000,Client
2026-05-15 10:57:01,1900-01-00 00:00:00,dlink-615_EXT,40:86:CB:27:D2:0C,-89, WPA2 ,0.000000,0.000000,0.000,0.000,AP
2026-05-15 10:57:01,1900-01-00 00:00:00,,9C:2F:9D:82:20:A3,-89,,0.000000,0.000000,0.000,0.000,Client
2026-05-15 10:57:01,1900-01-00 00:00:00,dlink-615_EXT,40:86:CB:27:D2:0C,-89, WPA2 ,0.000000,0.000000,0.000,0.000,AP
2026-05-15 10:57:01,1900-01-00 00:00:00,,9C:2F:9D:82:20:A3,-89,,0.000000,0.000000,0.000,0.000,Client
2026-05-15 10:57:01,1900-01-00 00:00:00,dlink-615_EXT,40:86:CB:27:D2:0C,-89, WPA2 ,0.000000,0.000000,0.000,0.000,AP
2026-05-15 10:57:01,1900-01-00 00:00:00,,9C:2F:9D:82:20:A3,-89,,0.000000,0.000000,0.000,0.000,Client
2026-05-15 10:57:01,1900-01-00 00:00:00,dlink-615_EXT,40:86:CB:27:D2:0C,-89, WPA2 ,0.000000,0.000000,0.000,0.000,AP
2026-05-15 10:57:01,1900-01-00 00:00:00,,9C:2F:9D:82:20:A3,-89,,0.000000,0.000000,0.000,0.000,Client
2026-05-15 10:57:01,1900-01-00 00:00:00,dlink-615_EXT,40:86:CB:27:D2:0C,-89, WPA2 ,0.000000,0.000000,0.000,0.000,AP
2026-05-15 10:57:01,1900-01-00 00:00:00,,9C:2F:9D:82:20:A3,-89,,0.000000,0.000000,0.000,0.000,Client
2026-05-15 10:57:01,1900-01-00 00:00:00,dlink-615_EXT,40:86:CB:27:D2:0C,-89, WPA2 ,0.000000,0.000000,0.000,0.000,AP
2026-05-15 10:57:01,1900-01-00 00:00:00,,9C:2F:9D:82:20:A3,-89,,0.000000,0.000000,0.000,0.000,Client
2026-05-15 10:57:01,1900-01-00 00:00:00,dlink-615_EXT,40:86:CB:27:D2:0C,-89, WPA2 ,0.000000,0.000000,0.000,0.000,AP
2026-05-15 10:57:01,1900-01-00 00:00:00,,9C:2F:9D:82:20:A3,-89,,0.000000,0.000000,0.000,0.000,Client
2026-05-15 10:57:01,1900-01-00 00:00:00,dlink-615_EXT,40:86:CB:27:D2:0C,-89, WPA2 ,0.000000,0.000000,0.000,0.000,AP
2026-05-15 10:57:01,1900-01-00 00:00:00,,9C:2F:9D:82:20:A3,-89,,0.000000,0.000000,0.000,0.000,Client
2026-05-15 10:57:01,1900-01-00 00:00:00,dlink-615_EXT,40:86:CB:27:D2:0C,-89, WPA2 ,0.000000,0.000000,0.000,0.000,AP
2026-05-15 10:57:01,1900-01-00 00:00:00,,9C:2F:9D:82:20:A3,-89,,0.000000,0.000000,0.000,0.000,Client
2026-05-15 10:57:01,1900-01-00 00:00:00,dlink-615_EXT,40:86:CB:27:D2:0C,-89, WPA2 ,0.000000,0.000000,0.000,0.000,AP
2026-05-15 10:57:01,1900-01-00 00:00:00,,9C:2F:9D:82:20:A3,-89,,0.000000,0.000000,0.000,0.000,Client
2026-05-15 10:57:01,1900-01-00 00:00:00,dlink-615_EXT,40:86:CB:27:D2:0C,-89, WPA2 ,0.000000,0.000000,0.000,0.000,AP
2026-05-15 10:57:01,1900-01-00 00:00:00,,9C:2F:9D:82:20:A3,-89,,0.000000,0.000000,0.000,0.000,Client
2026-05-15 10:57:01,1900-01-00 00:00:00,dlink-615_EXT,40:86:CB:27:D2:0C,-89, WPA2 ,0.000000,0.000000,0.000,0.000,AP
2026-05-15 10:57:01,1900-01-00 00:00:00,,9C:2F:9D:82:20:A3,-89,,0.000000,0.000000,0.000,0.000,Client
2026-05-15 10:57:01,1900-01-00 00:00:00,dlink-615_EXT,40:86:CB:27:D2:0C,-89, WPA2 ,0.000000,0.000000,0.000,0.000,AP
2026-05-15 10:57:01,1900-01-00 00:00:00,,9C:2F:9D:82:20:A3,-89,,0.000000,0.000000,0.000,0.000,Client
2026-05-15 10:57:01,1900-01-00 00:00:00,dlink-615_EXT,40:86:CB:27:D2:0C,-89, WPA2 ,0.000000,0.000000,0.000,0.000,AP
2026-05-15 10:57:01,1900-01-00 00:00:00,,9C:2F:9D:82:20:A3,-89,,0.000000,0.000000,0.000,0.000,Client
2026-05-15 10:57:01,1900-01-00 00:00:00,dlink-615_EXT,40:86:CB:27:D2:0C,-89, WPA2 ,0.000000,0.000000,0.000,0.000,AP
2026-05-15 10:57:01,1900-01-00 00:00:00,,9C:2F:9D:82:20:A3,-89,,0.000000,0.000000,0.000,0.000,Client
2026-05-15 10:57:01,1900-01-00 00:00:00,dlink-615_EXT,40:86:CB:27:D2:0C,-89, WPA2 ,0.000000,0.000000,0.000,0.000,AP
2026-05-15 10:57:01,1900-01-00 00:00:00,,9C:2F:9D:82:20:A3,-89,,0.000000,0.000000,0.000,0.000,Client
2026-05-15 10:57:01,1900-01-00 00:00:00,dlink-615_EXT,40:86:CB:27:D2:0C,-89, WPA2 ,0.000000,0.000000,0.000,0.000,AP
2026-05-15 10:57:01,1900-01-00 00:00:00,,9C:2F:9D:82:20:A3,-89,,0.000000,0.000000,0.000,0.000,Client
2026-05-15 10:57:01,1900-01-00 00:00:00,dlink-615_EXT,40:86:CB:27:D2:0C,-89, WPA2 ,0.000000,0.000000,0.000,0.000,AP
2026-05-15 10:57:01,1900-01-00 00:00:00,,9C:2F:9D:82:20:A3,-89,,0.000000,0.000000,0.000,0.000,Client
2026-05-15 10:57:01,1900-01-00 00:00:00,dlink-615_EXT,40:86:CB:27:D2:0C,-89, WPA2 ,0.000000,0.000000,0.000,0.000,AP
2026-05-15 10:57:01,1900-01-00 00:00:00,,9C:2F:9D:82:20:A3,-89,,0.000000,0.000000,0.000,0.000,Client
2026-05-15 10:57:01,1900-01-00 00:00:00,dlink-615_EXT,40:86:CB:27:D2:0C,-89, WPA2 ,0.000000,0.000000,0.000,0.000,AP
2026-05-15 10:57:01,1900-01-00 00:00:00,,9C:2F:9D:82:20:A3,-89,,0.000000,0.000000,0.000,0.000,Client
2026-05-15 10:57:01,1900-01-00 00:00:00,dlink-615_EXT,40:86:CB:27:D2:0C,-89, WPA2 ,0.000000,0.000000,0.000,0.000,AP
2026-05-15 10:57:01,1900-01-00 00:00:00,,9C:2F:9D:82:20:A3,-89,,0.000000,0.000000,0.000,0.000,Client
2026-05-15 10:57:01,1900-01-00 00:00:00,dlink-615_EXT,40:86:CB:27:D2:0C,-89, WPA2 ,0.000000,0.000000,0.000,0.000,AP
2026-05-15 10:57:01,1900-01-00 00:00:00,,9C:2F:9D:82:20:A3,-89,,0.000000,0.000000,0.000,0.000,Client
2026-05-15 10:57:01,1900-01-00 00:00:00,dlink-615_EXT,40:86:CB:27:D2:0C,-89, WPA2 ,0.000000,0.000000,0.000,0.000,AP
2026-05-15 10:57:01,1900-01-00 00:00:00,,9C:2F:9D:82:20:A3,-27,,0.000000,0.000000,0.000,0.000,Client
2026-05-15 10:57:01,1900-01-00 00:00:00,dlink-615_EXT,40:86:CB:27:D2:0C,-29, WPA2 ,0.000000,0.000000,0.000,0.000,AP
2026-05-15 10:57:01,1900-01-00 00:00:00,,9C:2F:9D:82:20:A3,-29,,0.000000,0.000000,0.000,0.000,Client
2026-05-15 10:57:01,1900-01-00 00:00:00,dlink-615_EXT,40:86:CB:27:D2:0C,-25, WPA2 ,0.000000,0.000000,0.000,0.000,AP
2026-05-15 10:57:01,1900-01-00 00:00:00,,9C:2F:9D:82:20:A3,-25,,0.000000,0.000000,0.000,0.000,Client
2026-05-15 10:57:01,1900-01-00 00:00:00,dlink-615_EXT,40:86:CB:27:D2:0C,-29, WPA2 ,0.000000,0.000000,0.000,0.000,AP
2026-05-15 10:57:01,1900-01-00 00:00:00,,9C:2F:9D:82:20:A3,-29,,0.000000,0.000000,0.000,0.000,Client
2026-05-15 10:57:01,1900-01-00 00:00:00,dlink-615_EXT,40:86:CB:27:D2:0C,-27, WPA2 ,0.000000,0.000000,0.000,0.000,AP
2026-05-15 10:57:01,1900-01-00 00:00:00,,9C:2F:9D:82:20:A3,-27,,0.000000,0.000000,0.000,0.000,Client
2026-05-15 10:57:01,1900-01-00 00:00:00,dlink-615_EXT,40:86:CB:27:D2:0C,-27, WPA2 ,0.000000,0.000000,0.000,0.000,AP
2026-05-15 10:57:01,1900-01-00 00:00:00,,9C:2F:9D:82:20:A3,-27,,0.000000,0.000000,0.000,0.000,Client
2026-05-15 10:57:01,1900-01-00 00:00:00,dlink-615_EXT,40:86:CB:27:D2:0C,-27, WPA2 ,0.000000,0.000000,0.000,0.000,AP
2026-05-15 10:57:01,1900-01-00 00:00:00,,9C:2F:9D:82:20:A3,-27,,0.000000,0.000000,0.000,0.000,Client
2026-05-15 10:57:01,1900-01-00 00:00:00,dlink-615_EXT,40:86:CB:27:D2:0C,-25, WPA2 ,0.000000,0.000000,0.000,0.000,AP
2026-05-15 10:57:01,1900-01-00 00:00:00,,9C:2F:9D:82:20:A3,-25,,0.000000,0.000000,0.000,0.000,Client
2026-05-15 10:57:01,1900-01-00 00:00:00,dlink-615_EXT,40:86:CB:27:D2:0C,-29, WPA2 ,0.000000,0.000000,0.000,0.000,AP
2026-05-15 10:57:01,1900-01-00 00:00:00,,9C:2F:9D:82:20:A3,-29,,0.000000,0.000000,0.000,0.000,Client
2026-05-15 10:57:01,1900-01-00 00:00:00,dlink-615_EXT,40:86:CB:27:D2:0C,-27, WPA2 ,0.000000,0.000000,0.000,0.000,AP
2026-05-15 10:57:01,1900-01-00 00:00:00,,9C:2F:9D:82:20:A3,-27,,0.000000,0.000000,0.000,0.000,Client
2026-05-15 10:57:01,1900-01-00 00:00:00,dlink-615_EXT,40:86:CB:27:D2:0C,-27, WPA2 ,0.000000,0.000000,0.000,0.000,AP
2026-05-15 10:57:01,1900-01-00 00:00:00,,9C:2F:9D:82:20:A3,-27,,0.000000,0.000000,0.000,0.000,Client
2026-05-15 10:57:01,1900-01-00 00:00:00,dlink-615_EXT,40:86:CB:27:D2:0C,-29, WPA2 ,0.000000,0.000000,0.000,0.000,AP
2026-05-15 10:57:01,1900-01-00 00:00:00,,9C:2F:9D:82:20:A3,-29,,0.000000,0.000000,0.000,0.000,Client
2026-05-15 10:57:01,1900-01-00 00:00:00,dlink-615_EXT,40:86:CB:27:D2:0C,-25, WPA2 ,0.000000,0.000000,0.000,0.000,AP
2026-05-15 10:57:01,1900-01-00 00:00:00,,9C:2F:9D:82:20:A3,-25,,0.000000,0.000000,0.000,0.000,Client
2026-05-15 10:57:01,1900-01-00 00:00:00,dlink-615_EXT,40:86:CB:27:D2:0C,-29, WPA2 ,0.000000,0.000000,0.000,0.000,AP
2026-05-15 10:57:01,1900-01-00 00:00:00,,9C:2F:9D:82:20:A3,-29,,0.000000,0.000000,0.000,0.000,Client
2026-05-15 10:57:01,1900-01-00 00:00:00,dlink-615_EXT,40:86:CB:27:D2:0C,-27, WPA2 ,0.000000,0.000000,0.000,0.000,AP
2026-05-15 10:57:01,1900-01-00 00:00:00,,9C:2F:9D:82:20:A3,-27,,0.000000,0.000000,0.000,0.000,Client
2026-05-15 10:57:01,1900-01-00 00:00:00,dlink-615_EXT,40:86:CB:27:D2:0C,-29, WPA2 ,0.000000,0.000000,0.000,0.000,AP
2026-05-15 10:57:01,1900-01-00 00:00:00,,9C:2F:9D:82:20:A3,-29,,0.000000,0.000000,0.000,0.000,Client
2026-05-15 10:57:01,1900-01-00 00:00:00,dlink-615_EXT,40:86:CB:27:D2:0C,-27, WPA2 ,0.000000,0.000000,0.000,0.000,AP
2026-05-15 10:57:01,1900-01-00 00:00:00,,9C:2F:9D:82:20:A3,-27,,0.000000,0.000000,0.000,0.000,Client
2026-05-15 10:57:01,1900-01-00 00:00:00,dlink-615_EXT,40:86:CB:27:D2:0C,-27, WPA2 ,0.000000,0.000000,0.000,0.000,AP
2026-05-15 10:57:01,1900-01-00 00:00:00,,9C:2F:9D:82:20:A3,-27,,0.000000,0.000000,0.000,0.000,Client
2026-05-15 10:57:01,1900-01-00 00:00:00,dlink-615_EXT,40:86:CB:27:D2:0C,-29, WPA2 ,0.000000,0.000000,0.000,0.000,AP
2026-05-15 10:57:01,1900-01-00 00:00:00,,9C:2F:9D:82:20:A3,-29,,0.000000,0.000000,0.000,0.000,Client
2026-05-15 10:57:01,1900-01-00 00:00:00,dlink-615_EXT,40:86:CB:27:D2:0C,-27, WPA2 ,0.000000,0.000000,0.000,0.000,AP
2026-05-15 10:57:01,1900-01-00 00:00:00,,9C:2F:9D:82:20:A3,-27,,0.000000,0.000000,0.000,0.000,Client
2026-05-15 10:57:01,1900-01-00 00:00:00,dlink-615_EXT,40:86:CB:27:D2:0C,-29, WPA2 ,0.000000,0.000000,0.000,0.000,AP
2026-05-15 10:57:01,1900-01-00 00:00:00,,9C:2F:9D:82:20:A3,-29,,0.000000,0.000000,0.000,0.000,Client
2026-05-15 10:57:01,1900-01-00 00:00:00,dlink-615_EXT,40:86:CB:27:D2:0C,-27, WPA2 ,0.000000,0.000000,0.000,0.000,AP
2026-05-15 10:57:01,1900-01-00 00:00:00,,9C:2F:9D:82:20:A3,-27,,0.000000,0.000000,0.000,0.000,Client
2026-05-15 10:57:01,1900-01-00 00:00:00,dlink-615_EXT,40:86:CB:27:D2:0C,-29, WPA2 ,0.000000,0.000000,0.000,0.000,AP
2026-05-15 10:57:01,1900-01-00 00:00:00,,9C:2F:9D:82:20:A3,-29,,0.000000,0.000000,0.000,0.000,Client
2026-05-15 10:57:01,1900-01-00 00:00:00,dlink-615_EXT,40:86:CB:27:D2:0C,-27, WPA2 ,0.000000,0.000000,0.000,0.000,AP
2026-05-15 10:57:01,1900-01-00 00:00:00,,9C:2F:9D:82:20:A3,-27,,0.000000,0.000000,0.000,0.000,Client
2026-05-15 10:57:01,1900-01-00 00:00:00,dlink-615_EXT,40:86:CB:27:D2:0C,-27, WPA2 ,0.000000,0.000000,0.000,0.000,AP
2026-05-15 10:57:01,1900-01-00 00:00:00,,9C:2F:9D:82:20:A3,-27,,0.000000,0.000000,0.000,0.000,Client
2026-05-15 10:57:01,1900-01-00 00:00:00,dlink-615_EXT,40:86:CB:27:D2:0C,-27, WPA2 ,0.000000,0.000000,0.000,0.000,AP
2026-05-15 10:57:01,1900-01-00 00:00:00,,9C:2F:9D:82:20:A3,-27,,0.000000,0.000000,0.000,0.000,Client
2026-05-15 10:57:01,1900-01-00 00:00:00,dlink-615_EXT,40:86:CB:27:D2:0C,-27, WPA2 ,0.000000,0.000000,0.000,0.000,AP
2026-05-15 10:57:01,1900-01-00 00:00:00,,9C:2F:9D:82:20:A3,-27,,0.000000,0.000000,0.000,0.000,Client
2026-05-15 10:57:01,1900-01-00 00:00:00,dlink-615_EXT,40:86:CB:27:D2:0C,-27, WPA2 ,0.000000,0.000000,0.000,0.000,AP
2026-05-15 10:57:01,1900-01-00 00:00:00,,9C:2F:9D:82:20:A3,-27,,0.000000,0.000000,0.000,0.000,Client
2026-05-15 10:57:01,1900-01-00 00:00:00,dlink-615_EXT,40:86:CB:27:D2:0C,-31, WPA2 ,0.000000,0.000000,0.000,0.000,AP
2026-05-15 10:57:01,1900-01-00 00:00:00,,9C:2F:9D:82:20:A3,-31,,0.000000,0.000000,0.000,0.000,Client
2026-05-15 10:57:01,1900-01-00 00:00:00,dlink-615_EXT,40:86:CB:27:D2:0C,-29, WPA2 ,0.000000,0.000000,0.000,0.000,AP
2026-05-15 10:57:01,1900-01-00 00:00:00,,9C:2F:9D:82:20:A3,-33,,0.000000,0.000000,0.000,0.000,Client
2026-05-15 10:57:01,1900-01-00 00:00:00,dlink-615_EXT,40:86:CB:27:D2:0C,-33, WPA2 ,0.000000,0.000000,0.000,0.000,AP
2026-05-15 10:57:01,1900-01-00 00:00:00,,9C:2F:9D:82:20:A3,-33,,0.000000,0.000000,0.000,0.000,Client
2026-05-15 10:57:01,1900-01-00 00:00:00,dlink-615_EXT,40:86:CB:27:D2:0C,-33, WPA2 ,0.000000,0.000000,0.000,0.000,AP
2026-05-15 10:57:01,1900-01-00 00:00:00,,9C:2F:9D:82:20:A3,-29,,0.000000,0.000000,0.000,0.000,Client
2026-05-15 10:57:01,1900-01-00 00:00:00,dlink-615_EXT,40:86:CB:27:D2:0C,-27, WPA2 ,0.000000,0.000000,0.000,0.000,AP
2026-05-15 10:57:01,1900-01-00 00:00:00,,9C:2F:9D:82:20:A3,-27,,0.000000,0.000000,0.000,0.000,Client
2026-05-15 10:57:01,1900-01-00 00:00:00,dlink-615_EXT,40:86:CB:27:D2:0C,-27, WPA2 ,0.000000,0.000000,0.000,0.000,AP
2026-05-15 10:57:01,1900-01-00 00:00:00,,9C:2F:9D:82:20:A3,-27,,0.000000,0.000000,0.000,0.000,Client
2026-05-15 10:57:01,1900-01-00 00:00:00,dlink-615_EXT,40:86:CB:27:D2:0C,-27, WPA2 ,0.000000,0.000000,0.000,0.000,AP
2026-05-15 10:57:01,1900-01-00 00:00:00,,9C:2F:9D:82:20:A3,-41,,0.000000,0.000000,0.000,0.000,Client
2026-05-15 10:57:01,1900-01-00 00:00:00,dlink-615_EXT,40:86:CB:27:D2:0C,-31, WPA2 ,0.000000,0.000000,0.000,0.000,AP
2026-05-15 10:57:01,1900-01-00 00:00:00,,9C:2F:9D:82:20:A3,-31,,0.000000,0.000000,0.000,0.000,Client
2026-05-15 10:57:01,1900-01-00 00:00:00,dlink-615_EXT,40:86:CB:27:D2:0C,-29, WPA2 ,0.000000,0.000000,0.000,0.000,AP
2026-05-15 10:57:01,1900-01-00 00:00:00,,9C:2F:9D:82:20:A3,-29,,0.000000,0.000000,0.000,0.000,Client
2026-05-15 10:57:01,1900-01-00 00:00:00,dlink-615_EXT,40:86:CB:27:D2:0C,-27, WPA2 ,0.000000,0.000000,0.000,0.000,AP
2026-05-15 10:57:01,1900-01-00 00:00:00,,9C:2F:9D:82:20:A3,-27,,0.000000,0.000000,0.000,0.000,Client
2026-05-15 10:57:01,1900-01-00 00:00:00,dlink-615_EXT,40:86:CB:27:D2:0C,-27, WPA2 ,0.000000,0.000000,0.000,0.000,AP
2026-05-15 10:57:01,1900-01-00 00:00:00,,9C:2F:9D:82:20:A3,-27,,0.000000,0.000000,0.000,0.000,Client
2026-05-15 10:57:01,1900-01-00 00:00:00,dlink-615_EXT,40:86:CB:27:D2:0C,-29, WPA2 ,0.000000,0.000000,0.000,0.000,AP
2026-05-15 10:57:01,1900-01-00 00:00:00,,9C:2F:9D:82:20:A3,-29,,0.000000,0.000000,0.000,0.000,Client
2026-05-15 10:57:01,1900-01-00 00:00:00,dlink-615_EXT,40:86:CB:27:D2:0C,-27, WPA2 ,0.000000,0.000000,0.000,0.000,AP
2026-05-15 10:57:01,1900-01-00 00:00:00,,9C:2F:9D:82:20:A3,-27,,0.000000,0.000000,0.000,0.000,Client
2026-05-15 10:57:01,1900-01-00 00:00:00,dlink-615_EXT,40:86:CB:27:D2:0C,-27, WPA2 ,0.000000,0.000000,0.000,0.000,AP
2026-05-15 10:57:01,1900-01-00 00:00:00,,9C:2F:9D:82:20:A3,-27,,0.000000,0.000000,0.000,0.000,Client
2026-05-15 10:57:01,1900-01-00 00:00:00,dlink-615_EXT,40:86:CB:27:D2:0C,-27, WPA2 ,0.000000,0.000000,0.000,0.000,AP
2026-05-15 10:57:01,1900-01-00 00:00:00,,9C:2F:9D:82:20:A3,-27,,0.000000,0.000000,0.000,0.000,Client
2026-05-15 10:57:01,1900-01-00 00:00:00,dlink-615_EXT,40:86:CB:27:D2:0C,-27, WPA2 ,0.000000,0.000000,0.000,0.000,AP
2026-05-15 10:57:01,1900-01-00 00:00:00,,9C:2F:9D:82:20:A3,-27,,0.000000,0.000000,0.000,0.000,Client
2026-05-15 10:57:01,1900-01-00 00:00:00,,9C:2F:9D:82:20:A3,-33,,0.000000,0.000000,0.000,0.000,Client
2026-05-15 10:57:01,1900-01-00 00:00:00,dlink-615_EXT,40:86:CB:27:D2:0C,-25, WPA2 ,0.000000,0.000000,0.000,0.000,AP
2026-05-15 10:57:01,1900-01-00 00:00:00,,9C:2F:9D:82:20:A3,-33,,0.000000,0.000000,0.000,0.000,Client
2026-05-15 10:57:01,1900-01-00 00:00:00,dlink-615_EXT,40:86:CB:27:D2:0C,-27, WPA2 ,0.000000,0.000000,0.000,0.000,AP
2026-05-15 10:57:01,1900-01-00 00:00:00,,9C:2F:9D:82:20:A3,-33,,0.000000,0.000000,0.000,0.000,Client
2026-05-15 10:57:01,1900-01-00 00:00:00,,9C:2F:9D:82:20:A3,-33,,0.000000,0.000000,0.000,0.000,Client
2026-05-15 10:57:01,1900-01-00 00:00:00,dlink-615_EXT,40:86:CB:27:D2:0C,-29, WPA2 ,0.000000,0.000000,0.000,0.000,AP
2026-05-15 10:57:01,1900-01-00 00:00:00,dlink-615_EXT,40:86:CB:27:D2:0C,-27, WPA2 ,0.000000,0.000000,0.000,0.000,AP
2026-05-15 10:57:01,1900-01-00 00:00:00,,9C:2F:9D:82:20:A3,-33,,0.000000,0.000000,0.000,0.000,Client
2026-05-15 10:57:01,1900-01-00 00:00:00,dlink-615_EXT,40:86:CB:27:D2:0C,-27, WPA2 ,0.000000,0.000000,0.000,0.000,AP
2026-05-15 10:57:01,1900-01-00 00:00:00,,9C:2F:9D:82:20:A3,-33,,0.000000,0.000000,0.000,0.000,Client
2026-05-15 10:57:01,1900-01-00 00:00:00,dlink-615_EXT,40:86:CB:27:D2:0C,-27, WPA2 ,0.000000,0.000000,0.000,0.000,AP
2026-05-15 10:57:01,1900-01-00 00:00:00,,9C:2F:9D:82:20:A3,-33,,0.000000,0.000000,0.000,0.000,Client
2026-05-15 10:57:01,1900-01-00 00:00:00,dlink-615_EXT,40:86:CB:27:D2:0C,-33, WPA2 ,0.000000,0.000000,0.000,0.000,AP
2026-05-15 10:57:01,1900-01-00 00:00:00,,9C:2F:9D:82:20:A3,-33,,0.000000,0.000000,0.000,0.000,Client
2026-05-15 10:57:01,1900-01-00 00:00:00,dlink-615_EXT,40:86:CB:27:D2:0C,-33, WPA2 ,0.000000,0.000000,0.000,0.000,AP
2026-05-15 10:57:01,1900-01-00 00:00:00,,9C:2F:9D:82:20:A3,-27,,0.000000,0.000000,0.000,0.000,Client
2026-05-15 10:57:01,1900-01-00 00:00:00,dlink-615_EXT,40:86:CB:27:D2:0C,-27, WPA2 ,0.000000,0.000000,0.000,0.000,AP
2026-05-15 10:57:01,1900-01-00 00:00:00,,9C:2F:9D:82:20:A3,-27,,0.000000,0.000000,0.000,0.000,Client
2026-05-15 10:57:01,1900-01-00 00:00:00,dlink-615_EXT,40:86:CB:27:D2:0C,-27, WPA2 ,0.000000,0.000000,0.000,0.000,AP
2026-05-15 10:57:01,1900-01-00 00:00:00,,9C:2F:9D:82:20:A3,-27,,0.000000,0.000000,0.000,0.000,Client
2026-05-15 10:57:01,1900-01-00 00:00:00,dlink-615_EXT,40:86:CB:27:D2:0C,-27, WPA2 ,0.000000,0.000000,0.000,0.000,AP
2026-05-15 10:57:01,1900-01-00 00:00:00,,9C:2F:9D:82:20:A3,-27,,0.000000,0.000000,0.000,0.000,Client
2026-05-15 10:57:01,1900-01-00 00:00:00,dlink-615_EXT,40:86:CB:27:D2:0C,-25, WPA2 ,0.000000,0.000000,0.000,0.000,AP
2026-05-15 10:57:01,1900-01-00 00:00:00,,9C:2F:9D:82:20:A3,-25,,0.000000,0.000000,0.000,0.000,Client
2026-05-15 10:57:01,1900-01-00 00:00:00,dlink-615_EXT,40:86:CB:27:D2:0C,-29, WPA2 ,0.000000,0.000000,0.000,0.000,AP
2026-05-15 10:57:01,1900-01-00 00:00:00,,9C:2F:9D:82:20:A3,-29,,0.000000,0.000000,0.000,0.000,Client
2026-05-15 10:57:01,1900-01-00 00:00:00,dlink-615_EXT,40:86:CB:27:D2:0C,-27, WPA2 ,0.000000,0.000000,0.000,0.000,AP
2026-05-15 10:57:01,1900-01-00 00:00:00,,9C:2F:9D:82:20:A3,-27,,0.000000,0.000000,0.000,0.000,Client
2026-05-15 10:57:01,1900-01-00 00:00:00,dlink-615_EXT,40:86:CB:27:D2:0C,-27, WPA2 ,0.000000,0.000000,0.000,0.000,AP
2026-05-15 10:57:01,1900-01-00 00:00:00,,9C:2F:9D:82:20:A3,-27,,0.000000,0.000000,0.000,0.000,Client
2026-05-15 10:57:01,1900-01-00 00:00:00,dlink-615_EXT,40:86:CB:27:D2:0C,-27, WPA2 ,0.000000,0.000000,0.000,0.000,AP
2026-05-15 10:57:01,1900-01-00 00:00:00,,9C:2F:9D:82:20:A3,-27,,0.000000,0.000000,0.000,0.000,Client
2026-05-15 10:57:01,1900-01-00 00:00:00,dlink-615_EXT,40:86:CB:27:D2:0C,-27, WPA2 ,0.000000,0.000000,0.000,0.000,AP
2026-05-15 10:57:01,1900-01-00 00:00:00,,9C:2F:9D:82:20:A3,-27,,0.000000,0.000000,0.000,0.000,Client
2026-05-15 10:57:01,1900-01-00 00:00:00,dlink-615_EXT,40:86:CB:27:D2:0C,-27, WPA2 ,0.000000,0.000000,0.000,0.000,AP
2026-05-15 10:57:01,1900-01-00 00:00:00,,9C:2F:9D:82:20:A3,-27,,0.000000,0.000000,0.000,0.000,Client
2026-05-15 10:57:01,1900-01-00 00:00:00,dlink-615_EXT,40:86:CB:27:D2:0C,-27, WPA2 ,0.000000,0.000000,0.000,0.000,AP
2026-05-15 10:57:01,1900-01-00 00:00:00,,9C:2F:9D:82:20:A3,-29,,0.000000,0.000000,0.000,0.000,Client
2026-05-15 10:57:01,1900-01-00 00:00:00,dlink-615_EXT,40:86:CB:27:D2:0C,-29, WPA2 ,0.000000,0.000000,0.000,0.000,AP
2026-05-15 10:57:01,1900-01-00 00:00:00,,9C:2F:9D:82:20:A3,-25,,0.000000,0.000000,0.000,0.000,Client
2026-05-15 10:57:01,1900-01-00 00:00:00,dlink-615_EXT,40:86:CB:27:D2:0C,-29, WPA2 ,0.000000,0.000000,0.000,0.000,AP
2026-05-15 10:57:01,1900-01-00 00:00:00,,9C:2F:9D:82:20:A3,-29,,0.000000,0.000000,0.000,0.000,Client
2026-05-15 10:57:01,1900-01-00 00:00:00,dlink-615_EXT,40:86:CB:27:D2:0C,-29, WPA2 ,0.000000,0.000000,0.000,0.000,AP
2026-05-15 10:57:01,1900-01-00 00:00:00,,9C:2F:9D:82:20:A3,-29,,0.000000,0.000000,0.000,0.000,Client
2026-05-15 10:57:01,1900-01-00 00:00:00,dlink-615_EXT,40:86:CB:27:D2:0C,-27, WPA2 ,0.000000,0.000000,0.000,0.000,AP
2026-05-15 10:57:01,1900-01-00 00:00:00,,9C:2F:9D:82:20:A3,-27,,0.000000,0.000000,0.000,0.000,Client
2026-05-15 10:57:01,1900-01-00 00:00:00,dlink-615_EXT,40:86:CB:27:D2:0C,-27, WPA2 ,0.000000,0.000000,0.000,0.000,AP
2026-05-15 10:57:01,1900-01-00 00:00:00,,9C:2F:9D:82:20:A3,-27,,0.000000,0.000000,0.000,0.000,Client
2026-05-15 10:57:01,1900-01-00 00:00:00,dlink-615_EXT,40:86:CB:27:D2:0C,-27, WPA2 ,0.000000,0.000000,0.000,0.000,AP
2026-05-15 10:57:01,1900-01-00 00:00:00,,9C:2F:9D:82:20:A3,-27,,0.000000,0.000000,0.000,0.000,Client
2026-05-15 10:57:01,1900-01-00 00:00:00,dlink-615_EXT,40:86:CB:27:D2:0C,-29, WPA2 ,0.000000,0.000000,0.000,0.000,AP
2026-05-15 10:57:01,1900-01-00 00:00:00,,9C:2F:9D:82:20:A3,-29,,0.000000,0.000000,0.000,0.000,Client
2026-05-15 10:57:01,1900-01-00 00:00:00,dlink-615_EXT,40:86:CB:27:D2:0C,-29, WPA2 ,0.000000,0.000000,0.000,0.000,AP
2026-05-15 10:57:01,1900-01-00 00:00:00,,9C:2F:9D:82:20:A3,-29,,0.000000,0.000000,0.000,0.000,Client
2026-05-15 10:57:01,1900-01-00 00:00:00,dlink-615_EXT,40:86:CB:27:D2:0C,-27, WPA2 ,0.000000,0.000000,0.000,0.000,AP
2026-05-15 10:57:01,1900-01-00 00:00:00,,9C:2F:9D:82:20:A3,-27,,0.000000,0.000000,0.000,0.000,Client
2026-05-15 10:57:01,1900-01-00 00:00:00,dlink-615_EXT,40:86:CB:27:D2:0C,-27, WPA2 ,0.000000,0.000000,0.000,0.000,AP
2026-05-15 10:57:01,1900-01-00 00:00:00,,9C:2F:9D:82:20:A3,-27,,0.000000,0.000000,0.000,0.000,Client
2026-05-15 10:57:01,1900-01-00 00:00:00,dlink-615_EXT,40:86:CB:27:D2:0C,-29, WPA2 ,0.000000,0.000000,0.000,0.000,AP
2026-05-15 10:57:01,1900-01-00 00:00:00,,9C:2F:9D:82:20:A3,-29,,0.000000,0.000000,0.000,0.000,Client
2026-05-15 10:57:01,1900-01-00 00:00:00,dlink-615_EXT,40:86:CB:27:D2:0C,-29, WPA2 ,0.000000,0.000000,0.000,0.000,AP
2026-05-15 10:57:01,1900-01-00 00:00:00,,9C:2F:9D:82:20:A3,-29,,0.000000,0.000000,0.000,0.000,Client
2026-05-15 10:57:01,1900-01-00 00:00:00,dlink-615_EXT,40:86:CB:27:D2:0C,-27, WPA2 ,0.000000,0.000000,0.000,0.000,AP
2026-05-15 10:57:01,1900-01-00 00:00:00,,9C:2F:9D:82:20:A3,-27,,0.000000,0.000000,0.000,0.000,Client
2026-05-15 10:57:01,1900-01-00 00:00:00,dlink-615_EXT,40:86:CB:27:D2:0C,-27, WPA2 ,0.000000,0.000000,0.000,0.000,AP
2026-05-15 10:57:01,1900-01-00 00:00:00,,9C:2F:9D:82:20:A3,-27,,0.000000,0.000000,0.000,0.000,Client
2026-05-15 10:57:01,1900-01-00 00:00:00,dlink-615_EXT,40:86:CB:27:D2:0C,-25, WPA2 ,0.000000,0.000000,0.000,0.000,AP
2026-05-15 10:57:01,1900-01-00 00:00:00,,9C:2F:9D:82:20:A3,-25,,0.000000,0.000000,0.000,0.000,Client
2026-05-15 10:57:01,1900-01-00 00:00:00,dlink-615_EXT,40:86:CB:27:D2:0C,-29, WPA2 ,0.000000,0.000000,0.000,0.000,AP
2026-05-15 10:57:01,1900-01-00 00:00:00,,9C:2F:9D:82:20:A3,-29,,0.000000,0.000000,0.000,0.000,Client
2026-05-15 10:57:02,1900-01-00 00:00:00,dlink-615_EXT,40:86:CB:27:D2:0C,-29, WPA2 ,0.000000,0.000000,0.000,0.000,AP
2026-05-15 10:57:02,1900-01-00 00:00:00,,9C:2F:9D:82:20:A3,-29,,0.000000,0.000000,0.000,0.000,Client
2026-05-15 10:57:02,1900-01-00 00:00:00,dlink-615_EXT,40:86:CB:27:D2:0C,-25, WPA2 ,0.000000,0.000000,0.000,0.000,AP
2026-05-15 10:57:02,1900-01-00 00:00:00,,9C:2F:9D:82:20:A3,-25,,0.000000,0.000000,0.000,0.000,Client
2026-05-15 10:57:02,1900-01-00 00:00:00,dlink-615_EXT,40:86:CB:27:D2:0C,-25, WPA2 ,0.000000,0.000000,0.000,0.000,AP
2026-05-15 10:57:02,1900-01-00 00:00:00,,9C:2F:9D:82:20:A3,-25,,0.000000,0.000000,0.000,0.000,Client
2026-05-15 10:57:02,1900-01-00 00:00:00,dlink-615_EXT,40:86:CB:27:D2:0C,-27, WPA2 ,0.000000,0.000000,0.000,0.000,AP
2026-05-15 10:57:02,1900-01-00 00:00:00,,9C:2F:9D:82:20:A3,-27,,0.000000,0.000000,0.000,0.000,Client
2026-05-15 10:57:02,1900-01-00 00:00:00,dlink-615_EXT,40:86:CB:27:D2:0C,-29, WPA2 ,0.000000,0.000000,0.000,0.000,AP
2026-05-15 10:57:02,1900-01-00 00:00:00,,9C:2F:9D:82:20:A3,-29,,0.000000,0.000000,0.000,0.000,Client
2026-05-15 10:57:02,1900-01-00 00:00:00,dlink-615_EXT,40:86:CB:27:D2:0C,-29, WPA2 ,0.000000,0.000000,0.000,0.000,AP
2026-05-15 10:57:02,1900-01-00 00:00:00,,9C:2F:9D:82:20:A3,-29,,0.000000,0.000000,0.000,0.000,Client
2026-05-15 10:57:02,1900-01-00 00:00:00,dlink-615_EXT,40:86:CB:27:D2:0C,-27, WPA2 ,0.000000,0.000000,0.000,0.000,AP
2026-05-15 10:57:02,1900-01-00 00:00:00,,9C:2F:9D:82:20:A3,-27,,0.000000,0.000000,0.000,0.000,Client
2026-05-15 10:57:02,1900-01-00 00:00:00,dlink-615_EXT,40:86:CB:27:D2:0C,-29, WPA2 ,0.000000,0.000000,0.000,0.000,AP
2026-05-15 10:57:02,1900-01-00 00:00:00,,9C:2F:9D:82:20:A3,-29,,0.000000,0.000000,0.000,0.000,Client
2026-05-15 10:57:02,1900-01-00 00:00:00,dlink-615_EXT,40:86:CB:27:D2:0C,-27, WPA2 ,0.000000,0.000000,0.000,0.000,AP
2026-05-15 10:57:02,1900-01-00 00:00:00,,9C:2F:9D:82:20:A3,-27,,0.000000,0.000000,0.000,0.000,Client
2026-05-15 10:57:02,1900-01-00 00:00:00,dlink-615_EXT,40:86:CB:27:D2:0C,-27, WPA2 ,0.000000,0.000000,0.000,0.000,AP
2026-05-15 10:57:02,1900-01-00 00:00:00,,9C:2F:9D:82:20:A3,-27,,0.000000,0.000000,0.000,0.000,Client
2026-05-15 10:57:02,1900-01-00 00:00:00,dlink-615_EXT,40:86:CB:27:D2:0C,-27, WPA2 ,0.000000,0.000000,0.000,0.000,AP
2026-05-15 10:57:02,1900-01-00 00:00:00,,9C:2F:9D:82:20:A3,-27,,0.000000,0.000000,0.000,0.000,Client
2026-05-15 10:57:02,1900-01-00 00:00:00,dlink-615_EXT,40:86:CB:27:D2:0C,-25, WPA2 ,0.000000,0.000000,0.000,0.000,AP
2026-05-15 10:57:02,1900-01-00 00:00:00,,9C:2F:9D:82:20:A3,-25,,0.000000,0.000000,0.000,0.000,Client
2026-05-15 10:57:02,1900-01-00 00:00:00,dlink-615_EXT,40:86:CB:27:D2:0C,-27, WPA2 ,0.000000,0.000000,0.000,0.000,AP
2026-05-15 10:57:02,1900-01-00 00:00:00,,9C:2F:9D:82:20:A3,-27,,0.000000,0.000000,0.000,0.000,Client
2026-05-15 10:57:02,1900-01-00 00:00:00,dlink-615_EXT,40:86:CB:27:D2:0C,-27, WPA2 ,0.000000,0.000000,0.000,0.000,AP
2026-05-15 10:57:02,1900-01-00 00:00:00,,9C:2F:9D:82:20:A3,-27,,0.000000,0.000000,0.000,0.000,Client
2026-05-15 10:57:02,1900-01-00 00:00:00,dlink-615_EXT,40:86:CB:27:D2:0C,-27, WPA2 ,0.000000,0.000000,0.000,0.000,AP
2026-05-15 10:57:02,1900-01-00 00:00:00,,9C:2F:9D:82:20:A3,-27,,0.000000,0.000000,0.000,0.000,Client
2026-05-15 10:57:02,1900-01-00 00:00:00,dlink-615_EXT,40:86:CB:27:D2:0C,-29, WPA2 ,0.000000,0.000000,0.000,0.000,AP
2026-05-15 10:57:02,1900-01-00 00:00:00,,9C:2F:9D:82:20:A3,-29,,0.000000,0.000000,0.000,0.000,Client
2026-05-15 10:57:02,1900-01-00 00:00:00,dlink-615_EXT,40:86:CB:27:D2:0C,-29, WPA2 ,0.000000,0.000000,0.000,0.000,AP
2026-05-15 10:57:02,1900-01-00 00:00:00,,9C:2F:9D:82:20:A3,-29,,0.000000,0.000000,0.000,0.000,Client
2026-05-15 10:57:02,1900-01-00 00:00:00,dlink-615_EXT,40:86:CB:27:D2:0C,-29, WPA2 ,0.000000,0.000000,0.000,0.000,AP
2026-05-15 10:57:02,1900-01-00 00:00:00,,9C:2F:9D:82:20:A3,-27,,0.000000,0.000000,0.000,0.000,Client
2026-05-15 10:57:02,1900-01-00 00:00:00,dlink-615_EXT,40:86:CB:27:D2:0C,-27, WPA2 ,0.000000,0.000000,0.000,0.000,AP
2026-05-15 10:57:02,1900-01-00 00:00:00,,9C:2F:9D:82:20:A3,-27,,0.000000,0.000000,0.000,0.000,Client
2026-05-15 10:57:02,1900-01-00 00:00:00,dlink-615_EXT,40:86:CB:27:D2:0C,-27, WPA2 ,0.000000,0.000000,0.000,0.000,AP
2026-05-15 10:57:02,1900-01-00 00:00:00,,9C:2F:9D:82:20:A3,-27,,0.000000,0.000000,0.000,0.000,Client
2026-05-15 10:57:02,1900-01-00 00:00:00,dlink-615_EXT,40:86:CB:27:D2:0C,-29, WPA2 ,0.000000,0.000000,0.000,0.000,AP
2026-05-15 10:57:02,1900-01-00 00:00:00,,9C:2F:9D:82:20:A3,-29,,0.000000,0.000000,0.000,0.000,Client
2026-05-15 10:57:02,1900-01-00 00:00:00,dlink-615_EXT,40:86:CB:27:D2:0C,-25, WPA2 ,0.000000,0.000000,0.000,0.000,AP
2026-05-15 10:57:02,1900-01-00 00:00:00,,9C:2F:9D:82:20:A3,-25,,0.000000,0.000000,0.000,0.000,Client
2026-05-15 10:57:02,1900-01-00 00:00:00,dlink-615_EXT,40:86:CB:27:D2:0C,-29, WPA2 ,0.000000,0.000000,0.000,0.000,AP
2026-05-15 10:57:02,1900-01-00 00:00:00,,9C:2F:9D:82:20:A3,-29,,0.000000,0.000000,0.000,0.000,Client
2026-05-15 10:57:02,1900-01-00 00:00:00,dlink-615_EXT,40:86:CB:27:D2:0C,-29, WPA2 ,0.000000,0.000000,0.000,0.000,AP
2026-05-15 10:57:02,1900-01-00 00:00:00,,9C:2F:9D:82:20:A3,-29,,0.000000,0.000000,0.000,0.000,Client
2026-05-15 10:57:02,1900-01-00 00:00:00,dlink-615_EXT,40:86:CB:27:D2:0C,-29, WPA2 ,0.000000,0.000000,0.000,0.000,AP
2026-05-15 10:57:02,1900-01-00 00:00:00,,9C:2F:9D:82:20:A3,-29,,0.000000,0.000000,0.000,0.000,Client
2026-05-15 10:57:02,1900-01-00 00:00:00,dlink-615_EXT,40:86:CB:27:D2:0C,-29, WPA2 ,0.000000,0.000000,0.000,0.000,AP
2026-05-15 10:57:02,1900-01-00 00:00:00,,9C:2F:9D:82:20:A3,-29,,0.000000,0.000000,0.000,0.000,Client
2026-05-15 10:57:02,1900-01-00 00:00:00,dlink-615_EXT,40:86:CB:27:D2:0C,-27, WPA2 ,0.000000,0.000000,0.000,0.000,AP
2026-05-15 10:57:02,1900-01-00 00:00:00,,9C:2F:9D:82:20:A3,-27,,0.000000,0.000000,0.000,0.000,Client
2026-05-15 10:57:02,1900-01-00 00:00:00,dlink-615_EXT,40:86:CB:27:D2:0C,-27, WPA2 ,0.000000,0.000000,0.000,0.000,AP
2026-05-15 10:57:02,1900-01-00 00:00:00,,9C:2F:9D:82:20:A3,-27,,0.000000,0.000000,0.000,0.000,Client
2026-05-15 10:57:02,1900-01-00 00:00:00,dlink-615_EXT,40:86:CB:27:D2:0C,-27, WPA2 ,0.000000,0.000000,0.000,0.000,AP
2026-05-15 10:57:02,1900-01-00 00:00:00,,9C:2F:9D:82:20:A3,-27,,0.000000,0.000000,0.000,0.000,Client
2026-05-15 10:57:02,1900-01-00 00:00:00,dlink-615_EXT,40:86:CB:27:D2:0C,-27, WPA2 ,0.000000,0.000000,0.000,0.000,AP
2026-05-15 10:57:02,1900-01-00 00:00:00,,9C:2F:9D:82:20:A3,-27,,0.000000,0.000000,0.000,0.000,Client
2026-05-15 10:57:02,1900-01-00 00:00:00,dlink-615_EXT,40:86:CB:27:D2:0C,-27, WPA2 ,0.000000,0.000000,0.000,0.000,AP
2026-05-15 10:57:02,1900-01-00 00:00:00,,9C:2F:9D:82:20:A3,-27,,0.000000,0.000000,0.000,0.000,Client
2026-05-15 10:57:02,1900-01-00 00:00:00,dlink-615_EXT,40:86:CB:27:D2:0C,-27, WPA2 ,0.000000,0.000000,0.000,0.000,AP
2026-05-15 10:57:02,1900-01-00 00:00:00,,9C:2F:9D:82:20:A3,-27,,0.000000,0.000000,0.000,0.000,Client
2026-05-15 10:57:02,1900-01-00 00:00:00,dlink-615_EXT,40:86:CB:27:D2:0C,-29, WPA2 ,0.000000,0.000000,0.000,0.000,AP
2026-05-15 10:57:02,1900-01-00 00:00:00,,9C:2F:9D:82:20:A3,-29,,0.000000,0.000000,0.000,0.000,Client
2026-05-15 10:57:02,1900-01-00 00:00:00,dlink-615_EXT,40:86:CB:27:D2:0C,-27, WPA2 ,0.000000,0.000000,0.000,0.000,AP
2026-05-15 10:57:02,1900-01-00 00:00:00,,9C:2F:9D:82:20:A3,-27,,0.000000,0.000000,0.000,0.000,Client
2026-05-15 10:57:02,1900-01-00 00:00:00,dlink-615_EXT,40:86:CB:27:D2:0C,-27, WPA2 ,0.000000,0.000000,0.000,0.000,AP
2026-05-15 10:57:02,1900-01-00 00:00:00,,9C:2F:9D:82:20:A3,-27,,0.000000,0.000000,0.000,0.000,Client
2026-05-15 10:57:02,1900-01-00 00:00:00,dlink-615_EXT,40:86:CB:27:D2:0C,-27, WPA2 ,0.000000,0.000000,0.000,0.000,AP
2026-05-15 10:57:02,1900-01-00 00:00:00,,9C:2F:9D:82:20:A3,-27,,0.000000,0.000000,0.000,0.000,Client
2026-05-15 10:57:02,1900-01-00 00:00:00,dlink-615_EXT,40:86:CB:27:D2:0C,-27, WPA2 ,0.000000,0.000000,0.000,0.000,AP
2026-05-15 10:57:02,1900-01-00 00:00:00,,9C:2F:9D:82:20:A3,-27,,0.000000,0.000000,0.000,0.000,Client
2026-05-15 10:57:02,1900-01-00 00:00:00,dlink-615_EXT,40:86:CB:27:D2:0C,-27, WPA2 ,0.000000,0.000000,0.000,0.000,AP
2026-05-15 10:57:02,1900-01-00 00:00:00,,9C:2F:9D:82:20:A3,-27,,0.000000,0.000000,0.000,0.000,Client
2026-05-15 10:57:02,1900-01-00 00:00:00,dlink-615_EXT,40:86:CB:27:D2:0C,-27, WPA2 ,0.000000,0.000000,0.000,0.000,AP
2026-05-15 10:57:02,1900-01-00 00:00:00,,9C:2F:9D:82:20:A3,-27,,0.000000,0.000000,0.000,0.000,Client
2026-05-15 10:57:02,1900-01-00 00:00:00,dlink-615_EXT,40:86:CB:27:D2:0C,-27, WPA2 ,0.000000,0.000000,0.000,0.000,AP
2026-05-15 10:57:02,1900-01-00 00:00:00,,9C:2F:9D:82:20:A3,-27,,0.000000,0.000000,0.000,0.000,Client
2026-05-15 10:57:02,1900-01-00 00:00:00,dlink-615_EXT,40:86:CB:27:D2:0C,-27, WPA2 ,0.000000,0.000000,0.000,0.000,AP
2026-05-15 10:57:02,1900-01-00 00:00:00,,9C:2F:9D:82:20:A3,-27,,0.000000,0.000000,0.000,0.000,Client
2026-05-15 10:57:02,1900-01-00 00:00:00,dlink-615_EXT,40:86:CB:27:D2:0C,-29, WPA2 ,0.000000,0.000000,0.000,0.000,AP
2026-05-15 10:57:02,1900-01-00 00:00:00,,9C:2F:9D:82:20:A3,-29,,0.000000,0.000000,0.000,0.000,Client
2026-05-15 10:57:02,1900-01-00 00:00:00,dlink-615_EXT,40:86:CB:27:D2:0C,-27, WPA2 ,0.000000,0.000000,0.000,0.000,AP
2026-05-15 10:57:02,1900-01-00 00:00:00,,9C:2F:9D:82:20:A3,-27,,0.000000,0.000000,0.000,0.000,Client
2026-05-15 10:57:02,1900-01-00 00:00:00,dlink-615_EXT,40:86:CB:27:D2:0C,-27, WPA2 ,0.000000,0.000000,0.000,0.000,AP
2026-05-15 10:57:02,1900-01-00 00:00:00,,9C:2F:9D:82:20:A3,-29,,0.000000,0.000000,0.000,0.000,Client
2026-05-15 10:57:02,1900-01-00 00:00:00,dlink-615_EXT,40:86:CB:27:D2:0C,-25, WPA2 ,0.000000,0.000000,0.000,0.000,AP
2026-05-15 10:57:02,1900-01-00 00:00:00,,9C:2F:9D:82:20:A3,-25,,0.000000,0.000000,0.000,0.000,Client
2026-05-15 10:57:02,1900-01-00 00:00:00,dlink-615_EXT,40:86:CB:27:D2:0C,-29, WPA2 ,0.000000,0.000000,0.000,0.000,AP
2026-05-15 10:57:02,1900-01-00 00:00:00,,9C:2F:9D:82:20:A3,-29,,0.000000,0.000000,0.000,0.000,Client
2026-05-15 10:57:02,1900-01-00 00:00:00,dlink-615_EXT,40:86:CB:27:D2:0C,-27, WPA2 ,0.000000,0.000000,0.000,0.000,AP
2026-05-15 10:57:02,1900-01-00 00:00:00,,9C:2F:9D:82:20:A3,-27,,0.000000,0.000000,0.000,0.000,Client
2026-05-15 10:57:02,1900-01-00 00:00:00,dlink-615_EXT,40:86:CB:27:D2:0C,-27, WPA2 ,0.000000,0.000000,0.000,0.000,AP
2026-05-15 10:57:02,1900-01-00 00:00:00,,9C:2F:9D:82:20:A3,-27,,0.000000,0.000000,0.000,0.000,Client
2026-05-15 10:57:02,1900-01-00 00:00:00,dlink-615_EXT,40:86:CB:27:D2:0C,-27, WPA2 ,0.000000,0.000000,0.000,0.000,AP
2026-05-15 10:57:02,1900-01-00 00:00:00,,9C:2F:9D:82:20:A3,-27,,0.000000,0.000000,0.000,0.000,Client
2026-05-15 10:57:02,1900-01-00 00:00:00,dlink-615_EXT,40:86:CB:27:D2:0C,-29, WPA2 ,0.000000,0.000000,0.000,0.000,AP
2026-05-15 10:57:02,1900-01-00 00:00:00,,9C:2F:9D:82:20:A3,-29,,0.000000,0.000000,0.000,0.000,Client
2026-05-15 10:57:02,1900-01-00 00:00:00,dlink-615_EXT,40:86:CB:27:D2:0C,-27, WPA2 ,0.000000,0.000000,0.000,0.000,AP
2026-05-15 10:57:02,1900-01-00 00:00:00,,9C:2F:9D:82:20:A3,-27,,0.000000,0.000000,0.000,0.000,Client
2026-05-15 10:57:02,1900-01-00 00:00:00,dlink-615_EXT,40:86:CB:27:D2:0C,-27, WPA2 ,0.000000,0.000000,0.000,0.000,AP
2026-05-15 10:57:02,1900-01-00 00:00:00,,9C:2F:9D:82:20:A3,-27,,0.000000,0.000000,0.000,0.000,Client
2026-05-15 10:57:02,1900-01-00 00:00:00,dlink-615_EXT,40:86:CB:27:D2:0C,-27, WPA2 ,0.000000,0.000000,0.000,0.000,AP
2026-05-15 10:57:02,1900-01-00 00:00:00,,9C:2F:9D:82:20:A3,-27,,0.000000,0.000000,0.000,0.000,Client
2026-05-15 10:57:02,1900-01-00 00:00:00,dlink-615_EXT,40:86:CB:27:D2:0C,-29, WPA2 ,0.000000,0.000000,0.000,0.000,AP
2026-05-15 10:57:02,1900-01-00 00:00:00,,9C:2F:9D:82:20:A3,-29,,0.000000,0.000000,0.000,0.000,Client
2026-05-15 10:57:02,1900-01-00 00:00:00,dlink-615_EXT,40:86:CB:27:D2:0C,-37, WPA2 ,0.000000,0.000000,0.000,0.000,AP
2026-05-15 10:57:02,1900-01-00 00:00:00,,9C:2F:9D:82:20:A3,-37,,0.000000,0.000000,0.000,0.000,Client
2026-05-15 10:57:02,1900-01-00 00:00:00,dlink-615_EXT,40:86:CB:27:D2:0C,-29, WPA2 ,0.000000,0.000000,0.000,0.000,AP
2026-05-15 10:57:02,1900-01-00 00:00:00,,9C:2F:9D:82:20:A3,-29,,0.000000,0.000000,0.000,0.000,Client
2026-05-15 10:57:02,1900-01-00 00:00:00,dlink-615_EXT,40:86:CB:27:D2:0C,-27, WPA2 ,0.000000,0.000000,0.000,0.000,AP
2026-05-15 10:57:02,1900-01-00 00:00:00,,9C:2F:9D:82:20:A3,-27,,0.000000,0.000000,0.000,0.000,Client
2026-05-15 10:57:02,1900-01-00 00:00:00,dlink-615_EXT,40:86:CB:27:D2:0C,-27, WPA2 ,0.000000,0.000000,0.000,0.000,AP
2026-05-15 10:57:02,1900-01-00 00:00:00,,9C:2F:9D:82:20:A3,-27,,0.000000,0.000000,0.000,0.000,Client
2026-05-15 10:57:02,1900-01-00 00:00:00,dlink-615_EXT,40:86:CB:27:D2:0C,-27, WPA2 ,0.000000,0.000000,0.000,0.000,AP
2026-05-15 10:57:02,1900-01-00 00:00:00,,9C:2F:9D:82:20:A3,-27,,0.000000,0.000000,0.000,0.000,Client
2026-05-15 10:57:02,1900-01-00 00:00:00,dlink-615_EXT,40:86:CB:27:D2:0C,-29, WPA2 ,0.000000,0.000000,0.000,0.000,AP
2026-05-15 10:57:02,1900-01-00 00:00:00,,9C:2F:9D:82:20:A3,-37,,0.000000,0.000000,0.000,0.000,Client
2026-05-15 10:57:02,1900-01-00 00:00:00,dlink-615_EXT,40:86:CB:27:D2:0C,-27, WPA2 ,0.000000,0.000000,0.000,0.000,AP
2026-05-15 10:57:02,1900-01-00 00:00:00,,9C:2F:9D:82:20:A3,-27,,0.000000,0.000000,0.000,0.000,Client
2026-05-15 10:57:02,1900-01-00 00:00:00,dlink-615_EXT,40:86:CB:27:D2:0C,-29, WPA2 ,0.000000,0.000000,0.000,0.000,AP
2026-05-15 10:57:02,1900-01-00 00:00:00,,9C:2F:9D:82:20:A3,-35,,0.000000,0.000000,0.000,0.000,Client
2026-05-15 10:57:02,1900-01-00 00:00:00,dlink-615_EXT,40:86:CB:27:D2:0C,-29, WPA2 ,0.000000,0.000000,0.000,0.000,AP
2026-05-15 10:57:02,1900-01-00 00:00:00,,9C:2F:9D:82:20:A3,-35,,0.000000,0.000000,0.000,0.000,Client
2026-05-15 10:57:02,1900-01-00 00:00:00,dlink-615_EXT,40:86:CB:27:D2:0C,-27, WPA2 ,0.000000,0.000000,0.000,0.000,AP
2026-05-15 10:57:02,1900-01-00 00:00:00,,9C:2F:9D:82:20:A3,-27,,0.000000,0.000000,0.000,0.000,Client
2026-05-15 10:57:02,1900-01-00 00:00:00,dlink-615_EXT,40:86:CB:27:D2:0C,-37, WPA2 ,0.000000,0.000000,0.000,0.000,AP
2026-05-15 10:57:02,1900-01-00 00:00:00,,9C:2F:9D:82:20:A3,-37,,0.000000,0.000000,0.000,0.000,Client
2026-05-15 10:57:02,1900-01-00 00:00:00,dlink-615_EXT,40:86:CB:27:D2:0C,-27, WPA2 ,0.000000,0.000000,0.000,0.000,AP
2026-05-15 10:57:02,1900-01-00 00:00:00,,9C:2F:9D:82:20:A3,-35,,0.000000,0.000000,0.000,0.000,Client
2026-05-15 10:57:02,1900-01-00 00:00:00,dlink-615_EXT,40:86:CB:27:D2:0C,-27, WPA2 ,0.000000,0.000000,0.000,0.000,AP
2026-05-15 10:57:02,1900-01-00 00:00:00,,9C:2F:9D:82:20:A3,-35,,0.000000,0.000000,0.000,0.000,Client
2026-05-15 10:57:02,1900-01-00 00:00:00,dlink-615_EXT,40:86:CB:27:D2:0C,-27, WPA2 ,0.000000,0.000000,0.000,0.000,AP
2026-05-15 10:57:02,1900-01-00 00:00:00,,9C:2F:9D:82:20:A3,-35,,0.000000,0.000000,0.000,0.000,Client
2026-05-15 10:57:02,1900-01-00 00:00:00,dlink-615_EXT,40:86:CB:27:D2:0C,-27, WPA2 ,0.000000,0.000000,0.000,0.000,AP
2026-05-15 10:57:02,1900-01-00 00:00:00,,9C:2F:9D:82:20:A3,-35,,0.000000,0.000000,0.000,0.000,Client
2026-05-15 10:57:02,1900-01-00 00:00:00,dlink-615_EXT,40:86:CB:27:D2:0C,-29, WPA2 ,0.000000,0.000000,0.000,0.000,AP
2026-05-15 10:57:02,1900-01-00 00:00:00,,9C:2F:9D:82:20:A3,-35,,0.000000,0.000000,0.000,0.000,Client
2026-05-15 10:57:02,1900-01-00 00:00:00,dlink-615_EXT,40:86:CB:27:D2:0C,-27, WPA2 ,0.000000,0.000000,0.000,0.000,AP
2026-05-15 10:57:02,1900-01-00 00:00:00,,9C:2F:9D:82:20:A3,-27,,0.000000,0.000000,0.000,0.000,Client
2026-05-15 10:57:02,1900-01-00 00:00:00,dlink-615_EXT,40:86:CB:27:D2:0C,-27, WPA2 ,0.000000,0.000000,0.000,0.000,AP
2026-05-15 10:57:02,1900-01-00 00:00:00,,9C:2F:9D:82:20:A3,-35,,0.000000,0.000000,0.000,0.000,Client
2026-05-15 10:57:02,1900-01-00 00:00:00,dlink-615_EXT,40:86:CB:27:D2:0C,-35, WPA2 ,0.000000,0.000000,0.000,0.000,AP
2026-05-15 10:57:02,1900-01-00 00:00:00,,9C:2F:9D:82:20:A3,-35,,0.000000,0.000000,0.000,0.000,Client
2026-05-15 10:57:02,1900-01-00 00:00:00,dlink-615_EXT,40:86:CB:27:D2:0C,-35, WPA2 ,0.000000,0.000000,0.000,0.000,AP
2026-05-15 10:57:02,1900-01-00 00:00:00,,9C:2F:9D:82:20:A3,-35,,0.000000,0.000000,0.000,0.000,Client
2026-05-15 10:57:02,1900-01-00 00:00:00,dlink-615_EXT,40:86:CB:27:D2:0C,-29, WPA2 ,0.000000,0.000000,0.000,0.000,AP
2026-05-15 10:57:02,1900-01-00 00:00:00,,9C:2F:9D:82:20:A3,-35,,0.000000,0.000000,0.000,0.000,Client
2026-05-15 10:57:02,1900-01-00 00:00:00,dlink-615_EXT,40:86:CB:27:D2:0C,-29, WPA2 ,0.000000,0.000000,0.000,0.000,AP
2026-05-15 10:57:02,1900-01-00 00:00:00,,9C:2F:9D:82:20:A3,-35,,0.000000,0.000000,0.000,0.000,Client
2026-05-15 10:57:02,1900-01-00 00:00:00,dlink-615_EXT,40:86:CB:27:D2:0C,-27, WPA2 ,0.000000,0.000000,0.000,0.000,AP
2026-05-15 10:57:02,1900-01-00 00:00:00,,9C:2F:9D:82:20:A3,-27,,0.000000,0.000000,0.000,0.000,Client
2026-05-15 10:57:02,1900-01-00 00:00:00,dlink-615_EXT,40:86:CB:27:D2:0C,-29, WPA2 ,0.000000,0.000000,0.000,0.000,AP
2026-05-15 10:57:02,1900-01-00 00:00:00,,9C:2F:9D:82:20:A3,-35,,0.000000,0.000000,0.000,0.000,Client
2026-05-15 10:57:02,1900-01-00 00:00:00,dlink-615_EXT,40:86:CB:27:D2:0C,-27, WPA2 ,0.000000,0.000000,0.000,0.000,AP
2026-05-15 10:57:02,1900-01-00 00:00:00,,9C:2F:9D:82:20:A3,-27,,0.000000,0.000000,0.000,0.000,Client
2026-05-15 10:57:02,1900-01-00 00:00:00,dlink-615_EXT,40:86:CB:27:D2:0C,-33, WPA2 ,0.000000,0.000000,0.000,0.000,AP
2026-05-15 10:57:02,1900-01-00 00:00:00,,9C:2F:9D:82:20:A3,-35,,0.000000,0.000000,0.000,0.000,Client
2026-05-15 10:57:02,1900-01-00 00:00:00,dlink-615_EXT,40:86:CB:27:D2:0C,-27, WPA2 ,0.000000,0.000000,0.000,0.000,AP
2026-05-15 10:57:02,1900-01-00 00:00:00,,9C:2F:9D:82:20:A3,-35,,0.000000,0.000000,0.000,0.000,Client
2026-05-15 10:57:02,1900-01-00 00:00:00,dlink-615_EXT,40:86:CB:27:D2:0C,-29, WPA2 ,0.000000,0.000000,0.000,0.000,AP
2026-05-15 10:57:02,1900-01-00 00:00:00,,9C:2F:9D:82:20:A3,-29,,0.000000,0.000000,0.000,0.000,Client
2026-05-15 10:57:02,1900-01-00 00:00:00,dlink-615_EXT,40:86:CB:27:D2:0C,-29, WPA2 ,0.000000,0.000000,0.000,0.000,AP
2026-05-15 10:57:02,1900-01-00 00:00:00,,9C:2F:9D:82:20:A3,-29,,0.000000,0.000000,0.000,0.000,Client
2026-05-15 10:57:02,1900-01-00 00:00:00,dlink-615_EXT,40:86:CB:27:D2:0C,-29, WPA2 ,0.000000,0.000000,0.000,0.000,AP
2026-05-15 10:57:02,1900-01-00 00:00:00,,9C:2F:9D:82:20:A3,-29,,0.000000,0.000000,0.000,0.000,Client
2026-05-15 10:57:02,1900-01-00 00:00:00,dlink-615_EXT,40:86:CB:27:D2:0C,-27, WPA2 ,0.000000,0.000000,0.000,0.000,AP
2026-05-15 10:57:02,1900-01-00 00:00:00,,9C:2F:9D:82:20:A3,-27,,0.000000,0.000000,0.000,0.000,Client
2026-05-15 10:57:02,1900-01-00 00:00:00,dlink-615_EXT,40:86:CB:27:D2:0C,-27, WPA2 ,0.000000,0.000000,0.000,0.000,AP
2026-05-15 10:57:02,1900-01-00 00:00:00,,9C:2F:9D:82:20:A3,-27,,0.000000,0.000000,0.000,0.000,Client
2026-05-15 10:57:02,1900-01-00 00:00:00,dlink-615_EXT,40:86:CB:27:D2:0C,-27, WPA2 ,0.000000,0.000000,0.000,0.000,AP
2026-05-15 10:57:02,1900-01-00 00:00:00,,9C:2F:9D:82:20:A3,-27,,0.000000,0.000000,0.000,0.000,Client
2026-05-15 10:57:02,1900-01-00 00:00:00,dlink-615_EXT,40:86:CB:27:D2:0C,-29, WPA2 ,0.000000,0.000000,0.000,0.000,AP
2026-05-15 10:57:02,1900-01-00 00:00:00,,9C:2F:9D:82:20:A3,-29,,0.000000,0.000000,0.000,0.000,Client
2026-05-15 10:57:02,1900-01-00 00:00:00,dlink-615_EXT,40:86:CB:27:D2:0C,-29, WPA2 ,0.000000,0.000000,0.000,0.000,AP
2026-05-15 10:57:02,1900-01-00 00:00:00,,9C:2F:9D:82:20:A3,-29,,0.000000,0.000000,0.000,0.000,Client
2026-05-15 10:57:02,1900-01-00 00:00:00,dlink-615_EXT,40:86:CB:27:D2:0C,-27, WPA2 ,0.000000,0.000000,0.000,0.000,AP
2026-05-15 10:57:02,1900-01-00 00:00:00,,9C:2F:9D:82:20:A3,-27,,0.000000,0.000000,0.000,0.000,Client
2026-05-15 10:57:02,1900-01-00 00:00:00,dlink-615_EXT,40:86:CB:27:D2:0C,-29, WPA2 ,0.000000,0.000000,0.000,0.000,AP
2026-05-15 10:57:02,1900-01-00 00:00:00,,9C:2F:9D:82:20:A3,-29,,0.000000,0.000000,0.000,0.000,Client
2026-05-15 10:57:02,1900-01-00 00:00:00,dlink-615_EXT,40:86:CB:27:D2:0C,-29, WPA2 ,0.000000,0.000000,0.000,0.000,AP
2026-05-15 10:57:02,1900-01-00 00:00:00,,9C:2F:9D:82:20:A3,-29,,0.000000,0.000000,0.000,0.000,Client
2026-05-15 10:57:02,1900-01-00 00:00:00,dlink-615_EXT,40:86:CB:27:D2:0C,-29, WPA2 ,0.000000,0.000000,0.000,0.000,AP
2026-05-15 10:57:02,1900-01-00 00:00:00,,9C:2F:9D:82:20:A3,-29,,0.000000,0.000000,0.000,0.000,Client
2026-05-15 10:57:02,1900-01-00 00:00:00,dlink-615_EXT,40:86:CB:27:D2:0C,-27, WPA2 ,0.000000,0.000000,0.000,0.000,AP
2026-05-15 10:57:02,1900-01-00 00:00:00,,9C:2F:9D:82:20:A3,-27,,0.000000,0.000000,0.000,0.000,Client
2026-05-15 10:57:02,1900-01-00 00:00:00,dlink-615_EXT,40:86:CB:27:D2:0C,-27, WPA2 ,0.000000,0.000000,0.000,0.000,AP
2026-05-15 10:57:02,1900-01-00 00:00:00,,9C:2F:9D:82:20:A3,-27,,0.000000,0.000000,0.000,0.000,Client
2026-05-15 10:57:02,1900-01-00 00:00:00,dlink-615_EXT,40:86:CB:27:D2:0C,-27, WPA2 ,0.000000,0.000000,0.000,0.000,AP
2026-05-15 10:57:02,1900-01-00 00:00:00,,9C:2F:9D:82:20:A3,-27,,0.000000,0.000000,0.000,0.000,Client
2026-05-15 10:57:02,1900-01-00 00:00:00,dlink-615_EXT,40:86:CB:27:D2:0C,-29, WPA2 ,0.000000,0.000000,0.000,0.000,AP
2026-05-15 10:57:02,1900-01-00 00:00:00,,9C:2F:9D:82:20:A3,-29,,0.000000,0.000000,0.000,0.000,Client
2026-05-15 10:57:02,1900-01-00 00:00:00,dlink-615_EXT,40:86:CB:27:D2:0C,-29, WPA2 ,0.000000,0.000000,0.000,0.000,AP
2026-05-15 10:57:02,1900-01-00 00:00:00,,9C:2F:9D:82:20:A3,-29,,0.000000,0.000000,0.000,0.000,Client
2026-05-15 10:57:02,1900-01-00 00:00:00,dlink-615_EXT,40:86:CB:27:D2:0C,-29, WPA2 ,0.000000,0.000000,0.000,0.000,AP
2026-05-15 10:57:02,1900-01-00 00:00:00,,9C:2F:9D:82:20:A3,-29,,0.000000,0.000000,0.000,0.000,Client
2026-05-15 10:57:02,1900-01-00 00:00:00,dlink-615_EXT,40:86:CB:27:D2:0C,-27, WPA2 ,0.000000,0.000000,0.000,0.000,AP
2026-05-15 10:57:02,1900-01-00 00:00:00,,9C:2F:9D:82:20:A3,-27,,0.000000,0.000000,0.000,0.000,Client
2026-05-15 10:57:02,1900-01-00 00:00:00,dlink-615_EXT,40:86:CB:27:D2:0C,-27, WPA2 ,0.000000,0.000000,0.000,0.000,AP
2026-05-15 10:57:02,1900-01-00 00:00:00,,9C:2F:9D:82:20:A3,-27,,0.000000,0.000000,0.000,0.000,Client
2026-05-15 10:57:02,1900-01-00 00:00:00,dlink-615_EXT,40:86:CB:27:D2:0C,-27, WPA2 ,0.000000,0.000000,0.000,0.000,AP
2026-05-15 10:57:02,1900-01-00 00:00:00,,9C:2F:9D:82:20:A3,-27,,0.000000,0.000000,0.000,0.000,Client
2026-05-15 10:57:02,1900-01-00 00:00:00,dlink-615_EXT,40:86:CB:27:D2:0C,-27, WPA2 ,0.000000,0.000000,0.000,0.000,AP
2026-05-15 10:57:02,1900-01-00 00:00:00,,9C:2F:9D:82:20:A3,-27,,0.000000,0.000000,0.000,0.000,Client
2026-05-15 10:57:02,1900-01-00 00:00:00,dlink-615_EXT,40:86:CB:27:D2:0C,-27, WPA2 ,0.000000,0.000000,0.000,0.000,AP
2026-05-15 10:57:02,1900-01-00 00:00:00,,9C:2F:9D:82:20:A3,-27,,0.000000,0.000000,0.000,0.000,Client
2026-05-15 10:57:02,1900-01-00 00:00:00,dlink-615_EXT,40:86:CB:27:D2:0C,-27, WPA2 ,0.000000,0.000000,0.000,0.000,AP
2026-05-15 10:57:02,1900-01-00 00:00:00,,9C:2F:9D:82:20:A3,-27,,0.000000,0.000000,0.000,0.000,Client
2026-05-15 10:57:02,1900-01-00 00:00:00,dlink-615_EXT,40:86:CB:27:D2:0C,-27, WPA2 ,0.000000,0.000000,0.000,0.000,AP
2026-05-15 10:57:02,1900-01-00 00:00:00,,9C:2F:9D:82:20:A3,-29,,0.000000,0.000000,0.000,0.000,Client
2026-05-15 10:57:02,1900-01-00 00:00:00,dlink-615_EXT,40:86:CB:27:D2:0C,-27, WPA2 ,0.000000,0.000000,0.000,0.000,AP
2026-05-15 10:57:02,1900-01-00 00:00:00,,9C:2F:9D:82:20:A3,-27,,0.000000,0.000000,0.000,0.000,Client
2026-05-15 10:57:02,1900-01-00 00:00:00,dlink-615_EXT,40:86:CB:27:D2:0C,-29, WPA2 ,0.000000,0.000000,0.000,0.000,AP
2026-05-15 10:57:02,1900-01-00 00:00:00,,9C:2F:9D:82:20:A3,-29,,0.000000,0.000000,0.000,0.000,Client
2026-05-15 10:57:02,1900-01-00 00:00:00,dlink-615_EXT,40:86:CB:27:D2:0C,-27, WPA2 ,0.000000,0.000000,0.000,0.000,AP
2026-05-15 10:57:02,1900-01-00 00:00:00,,9C:2F:9D:82:20:A3,-27,,0.000000,0.000000,0.000,0.000,Client
2026-05-15 10:57:02,1900-01-00 00:00:00,dlink-615_EXT,40:86:CB:27:D2:0C,-27, WPA2 ,0.000000,0.000000,0.000,0.000,AP
2026-05-15 10:57:02,1900-01-00 00:00:00,,9C:2F:9D:82:20:A3,-27,,0.000000,0.000000,0.000,0.000,Client
2026-05-15 10:57:02,1900-01-00 00:00:00,dlink-615_EXT,40:86:CB:27:D2:0C,-29, WPA2 ,0.000000,0.000000,0.000,0.000,AP
2026-05-15 10:57:02,1900-01-00 00:00:00,,9C:2F:9D:82:20:A3,-29,,0.000000,0.000000,0.000,0.000,Client
2026-05-15 10:57:02,1900-01-00 00:00:00,dlink-615_EXT,40:86:CB:27:D2:0C,-25, WPA2 ,0.000000,0.000000,0.000,0.000,AP
2026-05-15 10:57:02,1900-01-00 00:00:00,,9C:2F:9D:82:20:A3,-25,,0.000000,0.000000,0.000,0.000,Client
2026-05-15 10:57:02,1900-01-00 00:00:00,dlink-615_EXT,40:86:CB:27:D2:0C,-25, WPA2 ,0.000000,0.000000,0.000,0.000,AP
2026-05-15 10:57:02,1900-01-00 00:00:00,,9C:2F:9D:82:20:A3,-27,,0.000000,0.000000,0.000,0.000,Client
2026-05-15 10:57:02,1900-01-00 00:00:00,dlink-615_EXT,40:86:CB:27:D2:0C,-29, WPA2 ,0.000000,0.000000,0.000,0.000,AP
2026-05-15 10:57:02,1900-01-00 00:00:00,,9C:2F:9D:82:20:A3,-29,,0.000000,0.000000,0.000,0.000,Client
2026-05-15 10:57:02,1900-01-00 00:00:00,dlink-615_EXT,40:86:CB:27:D2:0C,-27, WPA2 ,0.000000,0.000000,0.000,0.000,AP
2026-05-15 10:57:02,1900-01-00 00:00:00,,9C:2F:9D:82:20:A3,-27,,0.000000,0.000000,0.000,0.000,Client
2026-05-15 10:57:02,1900-01-00 00:00:00,dlink-615_EXT,40:86:CB:27:D2:0C,-27, WPA2 ,0.000000,0.000000,0.000,0.000,AP
2026-05-15 10:57:02,1900-01-00 00:00:00,,9C:2F:9D:82:20:A3,-27,,0.000000,0.000000,0.000,0.000,Client
2026-05-15 10:57:02,1900-01-00 00:00:00,dlink-615_EXT,40:86:CB:27:D2:0C,-29, WPA2 ,0.000000,0.000000,0.000,0.000,AP
2026-05-15 10:57:02,1900-01-00 00:00:00,,9C:2F:9D:82:20:A3,-29,,0.000000,0.000000,0.000,0.000,Client
2026-05-15 10:57:02,1900-01-00 00:00:00,dlink-615_EXT,40:86:CB:27:D2:0C,-27, WPA2 ,0.000000,0.000000,0.000,0.000,AP
2026-05-15 10:57:02,1900-01-00 00:00:00,,9C:2F:9D:82:20:A3,-27,,0.000000,0.000000,0.000,0.000,Client
2026-05-15 10:57:02,1900-01-00 00:00:00,dlink-615_EXT,40:86:CB:27:D2:0C,-29, WPA2 ,0.000000,0.000000,0.000,0.000,AP
2026-05-15 10:57:02,1900-01-00 00:00:00,,9C:2F:9D:82:20:A3,-29,,0.000000,0.000000,0.000,0.000,Client
2026-05-15 10:57:02,1900-01-00 00:00:00,dlink-615_EXT,40:86:CB:27:D2:0C,-29, WPA2 ,0.000000,0.000000,0.000,0.000,AP
2026-05-15 10:57:02,1900-01-00 00:00:00,,9C:2F:9D:82:20:A3,-29,,0.000000,0.000000,0.000,0.000,Client
2026-05-15 10:57:02,1900-01-00 00:00:00,dlink-615_EXT,40:86:CB:27:D2:0C,-27, WPA2 ,0.000000,0.000000,0.000,0.000,AP
2026-05-15 10:57:02,1900-01-00 00:00:00,,9C:2F:9D:82:20:A3,-27,,0.000000,0.000000,0.000,0.000,Client
2026-05-15 10:57:02,1900-01-00 00:00:00,dlink-615_EXT,40:86:CB:27:D2:0C,-29, WPA2 ,0.000000,0.000000,0.000,0.000,AP
2026-05-15 10:57:02,1900-01-00 00:00:00,,9C:2F:9D:82:20:A3,-29,,0.000000,0.000000,0.000,0.000,Client
2026-05-15 10:57:02,1900-01-00 00:00:00,dlink-615_EXT,40:86:CB:27:D2:0C,-27, WPA2 ,0.000000,0.000000,0.000,0.000,AP
2026-05-15 10:57:02,1900-01-00 00:00:00,,9C:2F:9D:82:20:A3,-27,,0.000000,0.000000,0.000,0.000,Client
2026-05-15 10:57:02,1900-01-00 00:00:00,dlink-615_EXT,40:86:CB:27:D2:0C,-27, WPA2 ,0.000000,0.000000,0.000,0.000,AP
2026-05-15 10:57:02,1900-01-00 00:00:00,,9C:2F:9D:82:20:A3,-27,,0.000000,0.000000,0.000,0.000,Client
2026-05-15 10:57:02,1900-01-00 00:00:00,dlink-615_EXT,40:86:CB:27:D2:0C,-29, WPA2 ,0.000000,0.000000,0.000,0.000,AP
2026-05-15 10:57:02,1900-01-00 00:00:00,,9C:2F:9D:82:20:A3,-29,,0.000000,0.000000,0.000,0.000,Client
2026-05-15 10:57:02,1900-01-00 00:00:00,dlink-615_EXT,40:86:CB:27:D2:0C,-27, WPA2 ,0.000000,0.000000,0.000,0.000,AP
2026-05-15 10:57:02,1900-01-00 00:00:00,,9C:2F:9D:82:20:A3,-27,,0.000000,0.000000,0.000,0.000,Client
2026-05-15 10:57:02,1900-01-00 00:00:00,dlink-615_EXT,40:86:CB:27:D2:0C,-29, WPA2 ,0.000000,0.000000,0.000,0.000,AP
2026-05-15 10:57:02,1900-01-00 00:00:00,,9C:2F:9D:82:20:A3,-29,,0.000000,0.000000,0.000,0.000,Client
2026-05-15 10:57:02,1900-01-00 00:00:00,dlink-615_EXT,40:86:CB:27:D2:0C,-29, WPA2 ,0.000000,0.000000,0.000,0.000,AP
2026-05-15 10:57:02,1900-01-00 00:00:00,,9C:2F:9D:82:20:A3,-29,,0.000000,0.000000,0.000,0.000,Client
2026-05-15 10:57:03,1900-01-00 00:00:00,dlink-615_EXT,40:86:CB:27:D2:0C,-29, WPA2 ,0.000000,0.000000,0.000,0.000,AP
2026-05-15 10:57:03,1900-01-00 00:00:00,,9C:2F:9D:82:20:A3,-29,,0.000000,0.000000,0.000,0.000,Client
2026-05-15 10:57:03,1900-01-00 00:00:00,dlink-615_EXT,40:86:CB:27:D2:0C,-27, WPA2 ,0.000000,0.000000,0.000,0.000,AP
2026-05-15 10:57:03,1900-01-00 00:00:00,,9C:2F:9D:82:20:A3,-27,,0.000000,0.000000,0.000,0.000,Client
2026-05-15 10:57:03,1900-01-00 00:00:00,dlink-615_EXT,40:86:CB:27:D2:0C,-27, WPA2 ,0.000000,0.000000,0.000,0.000,AP
2026-05-15 10:57:03,1900-01-00 00:00:00,,9C:2F:9D:82:20:A3,-27,,0.000000,0.000000,0.000,0.000,Client
2026-05-15 10:57:03,1900-01-00 00:00:00,dlink-615_EXT,40:86:CB:27:D2:0C,-27, WPA2 ,0.000000,0.000000,0.000,0.000,AP
2026-05-15 10:57:03,1900-01-00 00:00:00,,9C:2F:9D:82:20:A3,-27,,0.000000,0.000000,0.000,0.000,Client
2026-05-15 10:57:03,1900-01-00 00:00:00,dlink-615_EXT,40:86:CB:27:D2:0C,-27, WPA2 ,0.000000,0.000000,0.000,0.000,AP
2026-05-15 10:57:03,1900-01-00 00:00:00,,9C:2F:9D:82:20:A3,-27,,0.000000,0.000000,0.000,0.000,Client
2026-05-15 10:57:03,1900-01-00 00:00:00,dlink-615_EXT,40:86:CB:27:D2:0C,-27, WPA2 ,0.000000,0.000000,0.000,0.000,AP
2026-05-15 10:57:03,1900-01-00 00:00:00,,9C:2F:9D:82:20:A3,-27,,0.000000,0.000000,0.000,0.000,Client
2026-05-15 10:57:03,1900-01-00 00:00:00,dlink-615_EXT,40:86:CB:27:D2:0C,-27, WPA2 ,0.000000,0.000000,0.000,0.000,AP
2026-05-15 10:57:03,1900-01-00 00:00:00,,9C:2F:9D:82:20:A3,-27,,0.000000,0.000000,0.000,0.000,Client
2026-05-15 10:57:03,1900-01-00 00:00:00,dlink-615_EXT,40:86:CB:27:D2:0C,-27, WPA2 ,0.000000,0.000000,0.000,0.000,AP
2026-05-15 10:57:03,1900-01-00 00:00:00,,9C:2F:9D:82:20:A3,-27,,0.000000,0.000000,0.000,0.000,Client
2026-05-15 10:57:03,1900-01-00 00:00:00,dlink-615_EXT,40:86:CB:27:D2:0C,-27, WPA2 ,0.000000,0.000000,0.000,0.000,AP
2026-05-15 10:57:03,1900-01-00 00:00:00,,9C:2F:9D:82:20:A3,-27,,0.000000,0.000000,0.000,0.000,Client
2026-05-15 10:57:03,1900-01-00 00:00:00,dlink-615_EXT,40:86:CB:27:D2:0C,-29, WPA2 ,0.000000,0.000000,0.000,0.000,AP
2026-05-15 10:57:03,1900-01-00 00:00:00,,9C:2F:9D:82:20:A3,-29,,0.000000,0.000000,0.000,0.000,Client
2026-05-15 10:57:03,1900-01-00 00:00:00,dlink-615_EXT,40:86:CB:27:D2:0C,-27, WPA2 ,0.000000,0.000000,0.000,0.000,AP
2026-05-15 10:57:03,1900-01-00 00:00:00,,9C:2F:9D:82:20:A3,-27,,0.000000,0.000000,0.000,0.000,Client
2026-05-15 10:57:03,1900-01-00 00:00:00,dlink-615_EXT,40:86:CB:27:D2:0C,-27, WPA2 ,0.000000,0.000000,0.000,0.000,AP
2026-05-15 10:57:03,1900-01-00 00:00:00,,9C:2F:9D:82:20:A3,-27,,0.000000,0.000000,0.000,0.000,Client
2026-05-15 10:57:03,1900-01-00 00:00:00,dlink-615_EXT,40:86:CB:27:D2:0C,-29, WPA2 ,0.000000,0.000000,0.000,0.000,AP
2026-05-15 10:57:03,1900-01-00 00:00:00,,9C:2F:9D:82:20:A3,-29,,0.000000,0.000000,0.000,0.000,Client
2026-05-15 10:57:03,1900-01-00 00:00:00,dlink-615_EXT,40:86:CB:27:D2:0C,-27, WPA2 ,0.000000,0.000000,0.000,0.000,AP
2026-05-15 10:57:03,1900-01-00 00:00:00,,9C:2F:9D:82:20:A3,-27,,0.000000,0.000000,0.000,0.000,Client
2026-05-15 10:57:03,1900-01-00 00:00:00,dlink-615_EXT,40:86:CB:27:D2:0C,-29, WPA2 ,0.000000,0.000000,0.000,0.000,AP
2026-05-15 10:57:03,1900-01-00 00:00:00,,9C:2F:9D:82:20:A3,-29,,0.000000,0.000000,0.000,0.000,Client
2026-05-15 10:57:03,1900-01-00 00:00:00,dlink-615_EXT,40:86:CB:27:D2:0C,-29, WPA2 ,0.000000,0.000000,0.000,0.000,AP
2026-05-15 10:57:03,1900-01-00 00:00:00,,9C:2F:9D:82:20:A3,-29,,0.000000,0.000000,0.000,0.000,Client
2026-05-15 10:57:03,1900-01-00 00:00:00,dlink-615_EXT,40:86:CB:27:D2:0C,-29, WPA2 ,0.000000,0.000000,0.000,0.000,AP
2026-05-15 10:57:03,1900-01-00 00:00:00,,9C:2F:9D:82:20:A3,-29,,0.000000,0.000000,0.000,0.000,Client
2026-05-15 10:57:03,1900-01-00 00:00:00,dlink-615_EXT,40:86:CB:27:D2:0C,-29, WPA2 ,0.000000,0.000000,0.000,0.000,AP
2026-05-15 10:57:03,1900-01-00 00:00:00,,9C:2F:9D:82:20:A3,-29,,0.000000,0.000000,0.000,0.000,Client
2026-05-15 10:57:03,1900-01-00 00:00:00,dlink-615_EXT,40:86:CB:27:D2:0C,-27, WPA2 ,0.000000,0.000000,0.000,0.000,AP
2026-05-15 10:57:03,1900-01-00 00:00:00,,9C:2F:9D:82:20:A3,-27,,0.000000,0.000000,0.000,0.000,Client
2026-05-15 10:57:03,1900-01-00 00:00:00,dlink-615_EXT,40:86:CB:27:D2:0C,-27, WPA2 ,0.000000,0.000000,0.000,0.000,AP
2026-05-15 10:57:03,1900-01-00 00:00:00,,9C:2F:9D:82:20:A3,-27,,0.000000,0.000000,0.000,0.000,Client
2026-05-15 10:57:03,1900-01-00 00:00:00,dlink-615_EXT,40:86:CB:27:D2:0C,-31, WPA2 ,0.000000,0.000000,0.000,0.000,AP
2026-05-15 10:57:03,1900-01-00 00:00:00,,9C:2F:9D:82:20:A3,-31,,0.000000,0.000000,0.000,0.000,Client
2026-05-15 10:57:03,1900-01-00 00:00:00,dlink-615_EXT,40:86:CB:27:D2:0C,-27, WPA2 ,0.000000,0.000000,0.000,0.000,AP
2026-05-15 10:57:03,1900-01-00 00:00:00,,9C:2F:9D:82:20:A3,-27,,0.000000,0.000000,0.000,0.000,Client
2026-05-15 10:57:03,1900-01-00 00:00:00,dlink-615_EXT,40:86:CB:27:D2:0C,-29, WPA2 ,0.000000,0.000000,0.000,0.000,AP
2026-05-15 10:57:03,1900-01-00 00:00:00,,9C:2F:9D:82:20:A3,-29,,0.000000,0.000000,0.000,0.000,Client
2026-05-15 10:57:03,1900-01-00 00:00:00,dlink-615_EXT,40:86:CB:27:D2:0C,-27, WPA2 ,0.000000,0.000000,0.000,0.000,AP
2026-05-15 10:57:03,1900-01-00 00:00:00,,9C:2F:9D:82:20:A3,-37,,0.000000,0.000000,0.000,0.000,Client
2026-05-15 10:57:03,1900-01-00 00:00:00,dlink-615_EXT,40:86:CB:27:D2:0C,-27, WPA2 ,0.000000,0.000000,0.000,0.000,AP
2026-05-15 10:57:03,1900-01-00 00:00:00,,9C:2F:9D:82:20:A3,-27,,0.000000,0.000000,0.000,0.000,Client
2026-05-15 10:57:03,1900-01-00 00:00:00,dlink-615_EXT,40:86:CB:27:D2:0C,-27, WPA2 ,0.000000,0.000000,0.000,0.000,AP
2026-05-15 10:57:03,1900-01-00 00:00:00,,9C:2F:9D:82:20:A3,-27,,0.000000,0.000000,0.000,0.000,Client
2026-05-15 10:57:03,1900-01-00 00:00:00,dlink-615_EXT,40:86:CB:27:D2:0C,-29, WPA2 ,0.000000,0.000000,0.000,0.000,AP
2026-05-15 10:57:03,1900-01-00 00:00:00,,9C:2F:9D:82:20:A3,-29,,0.000000,0.000000,0.000,0.000,Client
2026-05-15 10:57:03,1900-01-00 00:00:00,dlink-615_EXT,40:86:CB:27:D2:0C,-27, WPA2 ,0.000000,0.000000,0.000,0.000,AP
2026-05-15 10:57:03,1900-01-00 00:00:00,,9C:2F:9D:82:20:A3,-27,,0.000000,0.000000,0.000,0.000,Client
2026-05-15 10:57:03,1900-01-00 00:00:00,dlink-615_EXT,40:86:CB:27:D2:0C,-29, WPA2 ,0.000000,0.000000,0.000,0.000,AP
2026-05-15 10:57:03,1900-01-00 00:00:00,,9C:2F:9D:82:20:A3,-29,,0.000000,0.000000,0.000,0.000,Client
2026-05-15 10:57:03,1900-01-00 00:00:00,dlink-615_EXT,40:86:CB:27:D2:0C,-29, WPA2 ,0.000000,0.000000,0.000,0.000,AP
2026-05-15 10:57:03,1900-01-00 00:00:00,,9C:2F:9D:82:20:A3,-29,,0.000000,0.000000,0.000,0.000,Client
2026-05-15 10:57:03,1900-01-00 00:00:00,dlink-615_EXT,40:86:CB:27:D2:0C,-27, WPA2 ,0.000000,0.000000,0.000,0.000,AP
2026-05-15 10:57:03,1900-01-00 00:00:00,,9C:2F:9D:82:20:A3,-27,,0.000000,0.000000,0.000,0.000,Client
2026-05-15 10:57:03,1900-01-00 00:00:00,dlink-615_EXT,40:86:CB:27:D2:0C,-27, WPA2 ,0.000000,0.000000,0.000,0.000,AP
2026-05-15 10:57:03,1900-01-00 00:00:00,,9C:2F:9D:82:20:A3,-37,,0.000000,0.000000,0.000,0.000,Client
2026-05-15 10:57:03,1900-01-00 00:00:00,dlink-615_EXT,40:86:CB:27:D2:0C,-29, WPA2 ,0.000000,0.000000,0.000,0.000,AP
2026-05-15 10:57:03,1900-01-00 00:00:00,,9C:2F:9D:82:20:A3,-29,,0.000000,0.000000,0.000,0.000,Client
2026-05-15 10:57:03,1900-01-00 00:00:00,dlink-615_EXT,40:86:CB:27:D2:0C,-27, WPA2 ,0.000000,0.000000,0.000,0.000,AP
2026-05-15 10:57:03,1900-01-00 00:00:00,,9C:2F:9D:82:20:A3,-27,,0.000000,0.000000,0.000,0.000,Client
2026-05-15 10:57:03,1900-01-00 00:00:00,dlink-615_EXT,40:86:CB:27:D2:0C,-29, WPA2 ,0.000000,0.000000,0.000,0.000,AP
2026-05-15 10:57:03,1900-01-00 00:00:00,,9C:2F:9D:82:20:A3,-29,,0.000000,0.000000,0.000,0.000,Client
2026-05-15 10:57:03,1900-01-00 00:00:00,dlink-615_EXT,40:86:CB:27:D2:0C,-27, WPA2 ,0.000000,0.000000,0.000,0.000,AP
2026-05-15 10:57:03,1900-01-00 00:00:00,,9C:2F:9D:82:20:A3,-27,,0.000000,0.000000,0.000,0.000,Client
2026-05-15 10:57:03,1900-01-00 00:00:00,dlink-615_EXT,40:86:CB:27:D2:0C,-27, WPA2 ,0.000000,0.000000,0.000,0.000,AP
2026-05-15 10:57:03,1900-01-00 00:00:00,,9C:2F:9D:82:20:A3,-27,,0.000000,0.000000,0.000,0.000,Client
2026-05-15 10:57:03,1900-01-00 00:00:00,dlink-615_EXT,40:86:CB:27:D2:0C,-29, WPA2 ,0.000000,0.000000,0.000,0.000,AP
2026-05-15 10:57:03,1900-01-00 00:00:00,,9C:2F:9D:82:20:A3,-29,,0.000000,0.000000,0.000,0.000,Client
2026-05-15 10:57:03,1900-01-00 00:00:00,dlink-615_EXT,40:86:CB:27:D2:0C,-55, WPA2 ,0.000000,0.000000,0.000,0.000,AP
2026-05-15 10:57:03,1900-01-00 00:00:00,,9C:2F:9D:82:20:A3,-55,,0.000000,0.000000,0.000,0.000,Client
2026-05-15 10:57:03,1900-01-00 00:00:00,dlink-615_EXT,40:86:CB:27:D2:0C,-29, WPA2 ,0.000000,0.000000,0.000,0.000,AP
2026-05-15 10:57:03,1900-01-00 00:00:00,,9C:2F:9D:82:20:A3,-29,,0.000000,0.000000,0.000,0.000,Client
2026-05-15 10:57:03,1900-01-00 00:00:00,dlink-615_EXT,40:86:CB:27:D2:0C,-33, WPA2 ,0.000000,0.000000,0.000,0.000,AP
2026-05-15 10:57:03,1900-01-00 00:00:00,,9C:2F:9D:82:20:A3,-29,,0.000000,0.000000,0.000,0.000,Client
2026-05-15 10:57:03,1900-01-00 00:00:00,dlink-615_EXT,40:86:CB:27:D2:0C,-29, WPA2 ,0.000000,0.000000,0.000,0.000,AP
2026-05-15 10:57:03,1900-01-00 00:00:00,,9C:2F:9D:82:20:A3,-29,,0.000000,0.000000,0.000,0.000,Client
2026-05-15 10:57:03,1900-01-00 00:00:00,dlink-615_EXT,40:86:CB:27:D2:0C,-27, WPA2 ,0.000000,0.000000,0.000,0.000,AP
2026-05-15 10:57:03,1900-01-00 00:00:00,,9C:2F:9D:82:20:A3,-33,,0.000000,0.000000,0.000,0.000,Client
2026-05-15 10:57:03,1900-01-00 00:00:00,dlink-615_EXT,40:86:CB:27:D2:0C,-29, WPA2 ,0.000000,0.000000,0.000,0.000,AP
2026-05-15 10:57:03,1900-01-00 00:00:00,,9C:2F:9D:82:20:A3,-29,,0.000000,0.000000,0.000,0.000,Client
2026-05-15 10:57:03,1900-01-00 00:00:00,dlink-615_EXT,40:86:CB:27:D2:0C,-29, WPA2 ,0.000000,0.000000,0.000,0.000,AP
2026-05-15 10:57:03,1900-01-00 00:00:00,,9C:2F:9D:82:20:A3,-29,,0.000000,0.000000,0.000,0.000,Client
2026-05-15 10:57:03,1900-01-00 00:00:00,dlink-615_EXT,40:86:CB:27:D2:0C,-29, WPA2 ,0.000000,0.000000,0.000,0.000,AP
2026-05-15 10:57:03,1900-01-00 00:00:00,,9C:2F:9D:82:20:A3,-29,,0.000000,0.000000,0.000,0.000,Client
2026-05-15 10:57:03,1900-01-00 00:00:00,dlink-615_EXT,40:86:CB:27:D2:0C,-29, WPA2 ,0.000000,0.000000,0.000,0.000,AP
2026-05-15 10:57:03,1900-01-00 00:00:00,,9C:2F:9D:82:20:A3,-27,,0.000000,0.000000,0.000,0.000,Client
2026-05-15 10:57:03,1900-01-00 00:00:00,dlink-615_EXT,40:86:CB:27:D2:0C,-27, WPA2 ,0.000000,0.000000,0.000,0.000,AP
2026-05-15 10:57:03,1900-01-00 00:00:00,,9C:2F:9D:82:20:A3,-27,,0.000000,0.000000,0.000,0.000,Client
2026-05-15 10:57:03,1900-01-00 00:00:00,dlink-615_EXT,40:86:CB:27:D2:0C,-29, WPA2 ,0.000000,0.000000,0.000,0.000,AP
2026-05-15 10:57:03,1900-01-00 00:00:00,,9C:2F:9D:82:20:A3,-29,,0.000000,0.000000,0.000,0.000,Client
2026-05-15 10:57:03,1900-01-00 00:00:00,dlink-615_EXT,40:86:CB:27:D2:0C,-27, WPA2 ,0.000000,0.000000,0.000,0.000,AP
2026-05-15 10:57:03,1900-01-00 00:00:00,,9C:2F:9D:82:20:A3,-27,,0.000000,0.000000,0.000,0.000,Client
2026-05-15 10:57:03,1900-01-00 00:00:00,dlink-615_EXT,40:86:CB:27:D2:0C,-29, WPA2 ,0.000000,0.000000,0.000,0.000,AP
2026-05-15 10:57:03,1900-01-00 00:00:00,,9C:2F:9D:82:20:A3,-29,,0.000000,0.000000,0.000,0.000,Client
2026-05-15 10:57:03,1900-01-00 00:00:00,dlink-615_EXT,40:86:CB:27:D2:0C,-29, WPA2 ,0.000000,0.000000,0.000,0.000,AP
2026-05-15 10:57:03,1900-01-00 00:00:00,,9C:2F:9D:82:20:A3,-29,,0.000000,0.000000,0.000,0.000,Client
2026-05-15 10:57:03,1900-01-00 00:00:00,dlink-615_EXT,40:86:CB:27:D2:0C,-27, WPA2 ,0.000000,0.000000,0.000,0.000,AP
2026-05-15 10:57:03,1900-01-00 00:00:00,,9C:2F:9D:82:20:A3,-27,,0.000000,0.000000,0.000,0.000,Client
2026-05-15 10:57:03,1900-01-00 00:00:00,dlink-615_EXT,40:86:CB:27:D2:0C,-29, WPA2 ,0.000000,0.000000,0.000,0.000,AP
2026-05-15 10:57:03,1900-01-00 00:00:00,,9C:2F:9D:82:20:A3,-29,,0.000000,0.000000,0.000,0.000,Client
2026-05-15 10:57:03,1900-01-00 00:00:00,dlink-615_EXT,40:86:CB:27:D2:0C,-27, WPA2 ,0.000000,0.000000,0.000,0.000,AP
2026-05-15 10:57:03,1900-01-00 00:00:00,,9C:2F:9D:82:20:A3,-27,,0.000000,0.000000,0.000,0.000,Client
2026-05-15 10:57:03,1900-01-00 00:00:00,dlink-615_EXT,40:86:CB:27:D2:0C,-27, WPA2 ,0.000000,0.000000,0.000,0.000,AP
2026-05-15 10:57:03,1900-01-00 00:00:00,,9C:2F:9D:82:20:A3,-27,,0.000000,0.000000,0.000,0.000,Client
2026-05-15 10:57:03,1900-01-00 00:00:00,dlink-615_EXT,40:86:CB:27:D2:0C,-27, WPA2 ,0.000000,0.000000,0.000,0.000,AP
2026-05-15 10:57:03,1900-01-00 00:00:00,,9C:2F:9D:82:20:A3,-29,,0.000000,0.000000,0.000,0.000,Client
2026-05-15 10:57:03,1900-01-00 00:00:00,dlink-615_EXT,40:86:CB:27:D2:0C,-27, WPA2 ,0.000000,0.000000,0.000,0.000,AP
2026-05-15 10:57:03,1900-01-00 00:00:00,,9C:2F:9D:82:20:A3,-27,,0.000000,0.000000,0.000,0.000,Client
2026-05-15 10:57:03,1900-01-00 00:00:00,dlink-615_EXT,40:86:CB:27:D2:0C,-29, WPA2 ,0.000000,0.000000,0.000,0.000,AP
2026-05-15 10:57:03,1900-01-00 00:00:00,,9C:2F:9D:82:20:A3,-29,,0.000000,0.000000,0.000,0.000,Client
2026-05-15 10:57:03,1900-01-00 00:00:00,dlink-615_EXT,40:86:CB:27:D2:0C,-29, WPA2 ,0.000000,0.000000,0.000,0.000,AP
2026-05-15 10:57:03,1900-01-00 00:00:00,,9C:2F:9D:82:20:A3,-29,,0.000000,0.000000,0.000,0.000,Client
2026-05-15 10:57:03,1900-01-00 00:00:00,dlink-615_EXT,40:86:CB:27:D2:0C,-27, WPA2 ,0.000000,0.000000,0.000,0.000,AP
2026-05-15 10:57:03,1900-01-00 00:00:00,,9C:2F:9D:82:20:A3,-27,,0.000000,0.000000,0.000,0.000,Client
2026-05-15 10:57:03,1900-01-00 00:00:00,dlink-615_EXT,40:86:CB:27:D2:0C,-27, WPA2 ,0.000000,0.000000,0.000,0.000,AP
2026-05-15 10:57:03,1900-01-00 00:00:00,,9C:2F:9D:82:20:A3,-27,,0.000000,0.000000,0.000,0.000,Client
2026-05-15 10:57:03,1900-01-00 00:00:00,dlink-615_EXT,40:86:CB:27:D2:0C,-27, WPA2 ,0.000000,0.000000,0.000,0.000,AP
2026-05-15 10:57:03,1900-01-00 00:00:00,,9C:2F:9D:82:20:A3,-27,,0.000000,0.000000,0.000,0.000,Client
2026-05-15 10:57:03,1900-01-00 00:00:00,dlink-615_EXT,40:86:CB:27:D2:0C,-29, WPA2 ,0.000000,0.000000,0.000,0.000,AP
2026-05-15 10:57:03,1900-01-00 00:00:00,,9C:2F:9D:82:20:A3,-29,,0.000000,0.000000,0.000,0.000,Client
2026-05-15 10:57:03,1900-01-00 00:00:00,dlink-615_EXT,40:86:CB:27:D2:0C,-29, WPA2 ,0.000000,0.000000,0.000,0.000,AP
2026-05-15 10:57:03,1900-01-00 00:00:00,,9C:2F:9D:82:20:A3,-29,,0.000000,0.000000,0.000,0.000,Client
2026-05-15 10:57:03,1900-01-00 00:00:00,dlink-615_EXT,40:86:CB:27:D2:0C,-29, WPA2 ,0.000000,0.000000,0.000,0.000,AP
2026-05-15 10:57:03,1900-01-00 00:00:00,,9C:2F:9D:82:20:A3,-29,,0.000000,0.000000,0.000,0.000,Client
2026-05-15 10:57:03,1900-01-00 00:00:00,dlink-615_EXT,40:86:CB:27:D2:0C,-27, WPA2 ,0.000000,0.000000,0.000,0.000,AP
2026-05-15 10:57:03,1900-01-00 00:00:00,,9C:2F:9D:82:20:A3,-27,,0.000000,0.000000,0.000,0.000,Client
2026-05-15 10:57:03,1900-01-00 00:00:00,dlink-615_EXT,40:86:CB:27:D2:0C,-31, WPA2 ,0.000000,0.000000,0.000,0.000,AP
2026-05-15 10:57:03,1900-01-00 00:00:00,,9C:2F:9D:82:20:A3,-31,,0.000000,0.000000,0.000,0.000,Client
2026-05-15 10:57:03,1900-01-00 00:00:00,dlink-615_EXT,40:86:CB:27:D2:0C,-27, WPA2 ,0.000000,0.000000,0.000,0.000,AP
2026-05-15 10:57:03,1900-01-00 00:00:00,,9C:2F:9D:82:20:A3,-27,,0.000000,0.000000,0.000,0.000,Client
2026-05-15 10:57:03,1900-01-00 00:00:00,dlink-615_EXT,40:86:CB:27:D2:0C,-29, WPA2 ,0.000000,0.000000,0.000,0.000,AP
2026-05-15 10:57:03,1900-01-00 00:00:00,,9C:2F:9D:82:20:A3,-29,,0.000000,0.000000,0.000,0.000,Client
2026-05-15 10:57:03,1900-01-00 00:00:00,dlink-615_EXT,40:86:CB:27:D2:0C,-29, WPA2 ,0.000000,0.000000,0.000,0.000,AP
2026-05-15 10:57:03,1900-01-00 00:00:00,,9C:2F:9D:82:20:A3,-29,,0.000000,0.000000,0.000,0.000,Client
2026-05-15 10:57:03,1900-01-00 00:00:00,dlink-615_EXT,40:86:CB:27:D2:0C,-29, WPA2 ,0.000000,0.000000,0.000,0.000,AP
2026-05-15 10:57:03,1900-01-00 00:00:00,,9C:2F:9D:82:20:A3,-29,,0.000000,0.000000,0.000,0.000,Client
2026-05-15 10:57:03,1900-01-00 00:00:00,dlink-615_EXT,40:86:CB:27:D2:0C,-29, WPA2 ,0.000000,0.000000,0.000,0.000,AP
2026-05-15 10:57:03,1900-01-00 00:00:00,,9C:2F:9D:82:20:A3,-29,,0.000000,0.000000,0.000,0.000,Client
2026-05-15 10:57:03,1900-01-00 00:00:00,dlink-615_EXT,40:86:CB:27:D2:0C,-29, WPA2 ,0.000000,0.000000,0.000,0.000,AP
2026-05-15 10:57:03,1900-01-00 00:00:00,,9C:2F:9D:82:20:A3,-29,,0.000000,0.000000,0.000,0.000,Client
2026-05-15 10:57:03,1900-01-00 00:00:00,dlink-615_EXT,40:86:CB:27:D2:0C,-29, WPA2 ,0.000000,0.000000,0.000,0.000,AP
2026-05-15 10:57:03,1900-01-00 00:00:00,,9C:2F:9D:82:20:A3,-29,,0.000000,0.000000,0.000,0.000,Client
2026-05-15 10:57:03,1900-01-00 00:00:00,dlink-615_EXT,40:86:CB:27:D2:0C,-29, WPA2 ,0.000000,0.000000,0.000,0.000,AP
2026-05-15 10:57:03,1900-01-00 00:00:00,,9C:2F:9D:82:20:A3,-29,,0.000000,0.000000,0.000,0.000,Client
2026-05-15 10:57:03,1900-01-00 00:00:00,dlink-615_EXT,40:86:CB:27:D2:0C,-29, WPA2 ,0.000000,0.000000,0.000,0.000,AP
2026-05-15 10:57:03,1900-01-00 00:00:00,,9C:2F:9D:82:20:A3,-29,,0.000000,0.000000,0.000,0.000,Client
2026-05-15 10:57:03,1900-01-00 00:00:00,dlink-615_EXT,40:86:CB:27:D2:0C,-27, WPA2 ,0.000000,0.000000,0.000,0.000,AP
2026-05-15 10:57:03,1900-01-00 00:00:00,,9C:2F:9D:82:20:A3,-27,,0.000000,0.000000,0.000,0.000,Client
2026-05-15 10:57:03,1900-01-00 00:00:00,dlink-615_EXT,40:86:CB:27:D2:0C,-27, WPA2 ,0.000000,0.000000,0.000,0.000,AP
2026-05-15 10:57:03,1900-01-00 00:00:00,,9C:2F:9D:82:20:A3,-27,,0.000000,0.000000,0.000,0.000,Client
2026-05-15 10:57:03,1900-01-00 00:00:00,dlink-615_EXT,40:86:CB:27:D2:0C,-27, WPA2 ,0.000000,0.000000,0.000,0.000,AP
2026-05-15 10:57:03,1900-01-00 00:00:00,,9C:2F:9D:82:20:A3,-27,,0.000000,0.000000,0.000,0.000,Client
2026-05-15 10:57:03,1900-01-00 00:00:00,dlink-615_EXT,40:86:CB:27:D2:0C,-27, WPA2 ,0.000000,0.000000,0.000,0.000,AP
2026-05-15 10:57:03,1900-01-00 00:00:00,,9C:2F:9D:82:20:A3,-27,,0.000000,0.000000,0.000,0.000,Client
2026-05-15 10:57:03,1900-01-00 00:00:00,dlink-615_EXT,40:86:CB:27:D2:0C,-29, WPA2 ,0.000000,0.000000,0.000,0.000,AP
2026-05-15 10:57:03,1900-01-00 00:00:00,,9C:2F:9D:82:20:A3,-29,,0.000000,0.000000,0.000,0.000,Client
2026-05-15 10:57:03,1900-01-00 00:00:00,dlink-615_EXT,40:86:CB:27:D2:0C,-29, WPA2 ,0.000000,0.000000,0.000,0.000,AP
2026-05-15 10:57:03,1900-01-00 00:00:00,,9C:2F:9D:82:20:A3,-29,,0.000000,0.000000,0.000,0.000,Client
2026-05-15 10:57:03,1900-01-00 00:00:00,dlink-615_EXT,40:86:CB:27:D2:0C,-29, WPA2 ,0.000000,0.000000,0.000,0.000,AP
2026-05-15 10:57:03,1900-01-00 00:00:00,,9C:2F:9D:82:20:A3,-29,,0.000000,0.000000,0.000,0.000,Client
2026-05-15 10:57:03,1900-01-00 00:00:00,dlink-615_EXT,40:86:CB:27:D2:0C,-29, WPA2 ,0.000000,0.000000,0.000,0.000,AP
2026-05-15 10:57:03,1900-01-00 00:00:00,,9C:2F:9D:82:20:A3,-27,,0.000000,0.000000,0.000,0.000,Client
2026-05-15 10:57:03,1900-01-00 00:00:00,dlink-615_EXT,40:86:CB:27:D2:0C,-29, WPA2 ,0.000000,0.000000,0.000,0.000,AP
2026-05-15 10:57:03,1900-01-00 00:00:00,,9C:2F:9D:82:20:A3,-29,,0.000000,0.000000,0.000,0.000,Client
2026-05-15 10:57:03,1900-01-00 00:00:00,dlink-615_EXT,40:86:CB:27:D2:0C,-29, WPA2 ,0.000000,0.000000,0.000,0.000,AP
2026-05-15 10:57:03,1900-01-00 00:00:00,,9C:2F:9D:82:20:A3,-29,,0.000000,0.000000,0.000,0.000,Client
2026-05-15 10:57:03,1900-01-00 00:00:00,dlink-615_EXT,40:86:CB:27:D2:0C,-27, WPA2 ,0.000000,0.000000,0.000,0.000,AP
2026-05-15 10:57:03,1900-01-00 00:00:00,,9C:2F:9D:82:20:A3,-27,,0.000000,0.000000,0.000,0.000,Client
2026-05-15 10:57:03,1900-01-00 00:00:00,dlink-615_EXT,40:86:CB:27:D2:0C,-29, WPA2 ,0.000000,0.000000,0.000,0.000,AP
2026-05-15 10:57:03,1900-01-00 00:00:00,,9C:2F:9D:82:20:A3,-29,,0.000000,0.000000,0.000,0.000,Client
2026-05-15 10:57:03,1900-01-00 00:00:00,dlink-615_EXT,40:86:CB:27:D2:0C,-29, WPA2 ,0.000000,0.000000,0.000,0.000,AP
2026-05-15 10:57:03,1900-01-00 00:00:00,,9C:2F:9D:82:20:A3,-29,,0.000000,0.000000,0.000,0.000,Client
2026-05-15 10:57:03,1900-01-00 00:00:00,dlink-615_EXT,40:86:CB:27:D2:0C,-27, WPA2 ,0.000000,0.000000,0.000,0.000,AP
2026-05-15 10:57:03,1900-01-00 00:00:00,,9C:2F:9D:82:20:A3,-27,,0.000000,0.000000,0.000,0.000,Client
2026-05-15 10:57:03,1900-01-00 00:00:00,dlink-615_EXT,40:86:CB:27:D2:0C,-29, WPA2 ,0.000000,0.000000,0.000,0.000,AP
2026-05-15 10:57:03,1900-01-00 00:00:00,,9C:2F:9D:82:20:A3,-29,,0.000000,0.000000,0.000,0.000,Client
2026-05-15 10:57:03,1900-01-00 00:00:00,dlink-615_EXT,40:86:CB:27:D2:0C,-27, WPA2 ,0.000000,0.000000,0.000,0.000,AP
2026-05-15 10:57:03,1900-01-00 00:00:00,,9C:2F:9D:82:20:A3,-27,,0.000000,0.000000,0.000,0.000,Client
2026-05-15 10:57:03,1900-01-00 00:00:00,dlink-615_EXT,40:86:CB:27:D2:0C,-27, WPA2 ,0.000000,0.000000,0.000,0.000,AP
2026-05-15 10:57:03,1900-01-00 00:00:00,,9C:2F:9D:82:20:A3,-27,,0.000000,0.000000,0.000,0.000,Client
2026-05-15 10:57:03,1900-01-00 00:00:00,dlink-615_EXT,40:86:CB:27:D2:0C,-27, WPA2 ,0.000000,0.000000,0.000,0.000,AP
2026-05-15 10:57:03,1900-01-00 00:00:00,,9C:2F:9D:82:20:A3,-27,,0.000000,0.000000,0.000,0.000,Client
2026-05-15 10:57:03,1900-01-00 00:00:00,dlink-615_EXT,40:86:CB:27:D2:0C,-27, WPA2 ,0.000000,0.000000,0.000,0.000,AP
2026-05-15 10:57:03,1900-01-00 00:00:00,,9C:2F:9D:82:20:A3,-27,,0.000000,0.000000,0.000,0.000,Client
2026-05-15 10:57:03,1900-01-00 00:00:00,dlink-615_EXT,40:86:CB:27:D2:0C,-27, WPA2 ,0.000000,0.000000,0.000,0.000,AP
2026-05-15 10:57:03,1900-01-00 00:00:00,,9C:2F:9D:82:20:A3,-27,,0.000000,0.000000,0.000,0.000,Client
2026-05-15 10:57:03,1900-01-00 00:00:00,dlink-615_EXT,40:86:CB:27:D2:0C,-27, WPA2 ,0.000000,0.000000,0.000,0.000,AP
2026-05-15 10:57:03,1900-01-00 00:00:00,,9C:2F:9D:82:20:A3,-27,,0.000000,0.000000,0.000,0.000,Client
2026-05-15 10:57:03,1900-01-00 00:00:00,dlink-615_EXT,40:86:CB:27:D2:0C,-29, WPA2 ,0.000000,0.000000,0.000,0.000,AP
2026-05-15 10:57:03,1900-01-00 00:00:00,,9C:2F:9D:82:20:A3,-29,,0.000000,0.000000,0.000,0.000,Client
2026-05-15 10:57:03,1900-01-00 00:00:00,dlink-615_EXT,40:86:CB:27:D2:0C,-27, WPA2 ,0.000000,0.000000,0.000,0.000,AP
2026-05-15 10:57:03,1900-01-00 00:00:00,,9C:2F:9D:82:20:A3,-27,,0.000000,0.000000,0.000,0.000,Client
2026-05-15 10:57:03,1900-01-00 00:00:00,dlink-615_EXT,40:86:CB:27:D2:0C,-27, WPA2 ,0.000000,0.000000,0.000,0.000,AP
2026-05-15 10:57:03,1900-01-00 00:00:00,,9C:2F:9D:82:20:A3,-27,,0.000000,0.000000,0.000,0.000,Client
2026-05-15 10:57:03,1900-01-00 00:00:00,dlink-615_EXT,40:86:CB:27:D2:0C,-27, WPA2 ,0.000000,0.000000,0.000,0.000,AP
2026-05-15 10:57:03,1900-01-00 00:00:00,,9C:2F:9D:82:20:A3,-27,,0.000000,0.000000,0.000,0.000,Client
2026-05-15 10:57:03,1900-01-00 00:00:00,dlink-615_EXT,40:86:CB:27:D2:0C,-27, WPA2 ,0.000000,0.000000,0.000,0.000,AP
2026-05-15 10:57:03,1900-01-00 00:00:00,,9C:2F:9D:82:20:A3,-27,,0.000000,0.000000,0.000,0.000,Client
2026-05-15 10:57:03,1900-01-00 00:00:00,dlink-615_EXT,40:86:CB:27:D2:0C,-27, WPA2 ,0.000000,0.000000,0.000,0.000,AP
2026-05-15 10:57:03,1900-01-00 00:00:00,,9C:2F:9D:82:20:A3,-27,,0.000000,0.000000,0.000,0.000,Client
2026-05-15 10:57:03,1900-01-00 00:00:00,dlink-615_EXT,40:86:CB:27:D2:0C,-27, WPA2 ,0.000000,0.000000,0.000,0.000,AP
2026-05-15 10:57:03,1900-01-00 00:00:00,,9C:2F:9D:82:20:A3,-27,,0.000000,0.000000,0.000,0.000,Client
2026-05-15 10:57:03,1900-01-00 00:00:00,dlink-615_EXT,40:86:CB:27:D2:0C,-27, WPA2 ,0.000000,0.000000,0.000,0.000,AP
2026-05-15 10:57:03,1900-01-00 00:00:00,,9C:2F:9D:82:20:A3,-27,,0.000000,0.000000,0.000,0.000,Client
2026-05-15 10:57:03,1900-01-00 00:00:00,dlink-615_EXT,40:86:CB:27:D2:0C,-27, WPA2 ,0.000000,0.000000,0.000,0.000,AP
2026-05-15 10:57:03,1900-01-00 00:00:00,,9C:2F:9D:82:20:A3,-27,,0.000000,0.000000,0.000,0.000,Client
2026-05-15 10:57:03,1900-01-00 00:00:00,dlink-615_EXT,40:86:CB:27:D2:0C,-27, WPA2 ,0.000000,0.000000,0.000,0.000,AP
2026-05-15 10:57:03,1900-01-00 00:00:00,,9C:2F:9D:82:20:A3,-27,,0.000000,0.000000,0.000,0.000,Client
2026-05-15 10:57:03,1900-01-00 00:00:00,dlink-615_EXT,40:86:CB:27:D2:0C,-27, WPA2 ,0.000000,0.000000,0.000,0.000,AP
2026-05-15 10:57:03,1900-01-00 00:00:00,,9C:2F:9D:82:20:A3,-27,,0.000000,0.000000,0.000,0.000,Client
2026-05-15 10:57:03,1900-01-00 00:00:00,dlink-615_EXT,40:86:CB:27:D2:0C,-27, WPA2 ,0.000000,0.000000,0.000,0.000,AP
2026-05-15 10:57:03,1900-01-00 00:00:00,,9C:2F:9D:82:20:A3,-27,,0.000000,0.000000,0.000,0.000,Client
2026-05-15 10:57:03,1900-01-00 00:00:00,dlink-615_EXT,40:86:CB:27:D2:0C,-29, WPA2 ,0.000000,0.000000,0.000,0.000,AP
2026-05-15 10:57:03,1900-01-00 00:00:00,,9C:2F:9D:82:20:A3,-29,,0.000000,0.000000,0.000,0.000,Client
2026-05-15 10:57:03,1900-01-00 00:00:00,dlink-615_EXT,40:86:CB:27:D2:0C,-27, WPA2 ,0.000000,0.000000,0.000,0.000,AP
2026-05-15 10:57:03,1900-01-00 00:00:00,,9C:2F:9D:82:20:A3,-27,,0.000000,0.000000,0.000,0.000,Client
2026-05-15 10:57:03,1900-01-00 00:00:00,dlink-615_EXT,40:86:CB:27:D2:0C,-27, WPA2 ,0.000000,0.000000,0.000,0.000,AP
2026-05-15 10:57:03,1900-01-00 00:00:00,,9C:2F:9D:82:20:A3,-27,,0.000000,0.000000,0.000,0.000,Client
2026-05-15 10:57:04,1900-01-00 00:00:00,dlink-615_EXT,40:86:CB:27:D2:0C,-29, WPA2 ,0.000000,0.000000,0.000,0.000,AP
2026-05-15 10:57:04,1900-01-00 00:00:00,,9C:2F:9D:82:20:A3,-29,,0.000000,0.000000,0.000,0.000,Client
2026-05-15 10:57:04,1900-01-00 00:00:00,dlink-615_EXT,40:86:CB:27:D2:0C,-27, WPA2 ,0.000000,0.000000,0.000,0.000,AP
2026-05-15 10:57:04,1900-01-00 00:00:00,,9C:2F:9D:82:20:A3,-27,,0.000000,0.000000,0.000,0.000,Client
2026-05-15 10:57:04,1900-01-00 00:00:00,dlink-615_EXT,40:86:CB:27:D2:0C,-27, WPA2 ,0.000000,0.000000,0.000,0.000,AP
2026-05-15 10:57:04,1900-01-00 00:00:00,,9C:2F:9D:82:20:A3,-27,,0.000000,0.000000,0.000,0.000,Client
2026-05-15 10:57:04,1900-01-00 00:00:00,dlink-615_EXT,40:86:CB:27:D2:0C,-29, WPA2 ,0.000000,0.000000,0.000,0.000,AP
2026-05-15 10:57:04,1900-01-00 00:00:00,,9C:2F:9D:82:20:A3,-29,,0.000000,0.000000,0.000,0.000,Client
2026-05-15 10:57:04,1900-01-00 00:00:00,dlink-615_EXT,40:86:CB:27:D2:0C,-27, WPA2 ,0.000000,0.000000,0.000,0.000,AP
2026-05-15 10:57:04,1900-01-00 00:00:00,,9C:2F:9D:82:20:A3,-27,,0.000000,0.000000,0.000,0.000,Client
2026-05-15 10:57:04,1900-01-00 00:00:00,dlink-615_EXT,40:86:CB:27:D2:0C,-27, WPA2 ,0.000000,0.000000,0.000,0.000,AP
2026-05-15 10:57:04,1900-01-00 00:00:00,,9C:2F:9D:82:20:A3,-27,,0.000000,0.000000,0.000,0.000,Client
2026-05-15 10:57:04,1900-01-00 00:00:00,dlink-615_EXT,40:86:CB:27:D2:0C,-27, WPA2 ,0.000000,0.000000,0.000,0.000,AP
2026-05-15 10:57:04,1900-01-00 00:00:00,,9C:2F:9D:82:20:A3,-27,,0.000000,0.000000,0.000,0.000,Client
2026-05-15 10:57:04,1900-01-00 00:00:00,dlink-615_EXT,40:86:CB:27:D2:0C,-27, WPA2 ,0.000000,0.000000,0.000,0.000,AP
2026-05-15 10:57:04,1900-01-00 00:00:00,,9C:2F:9D:82:20:A3,-27,,0.000000,0.000000,0.000,0.000,Client
2026-05-15 10:57:04,1900-01-00 00:00:00,dlink-615_EXT,40:86:CB:27:D2:0C,-25, WPA2 ,0.000000,0.000000,0.000,0.000,AP
2026-05-15 10:57:04,1900-01-00 00:00:00,,9C:2F:9D:82:20:A3,-25,,0.000000,0.000000,0.000,0.000,Client
2026-05-15 10:57:04,1900-01-00 00:00:00,dlink-615_EXT,40:86:CB:27:D2:0C,-27, WPA2 ,0.000000,0.000000,0.000,0.000,AP
2026-05-15 10:57:04,1900-01-00 00:00:00,,9C:2F:9D:82:20:A3,-27,,0.000000,0.000000,0.000,0.000,Client
2026-05-15 10:57:04,1900-01-00 00:00:00,dlink-615_EXT,40:86:CB:27:D2:0C,-29, WPA2 ,0.000000,0.000000,0.000,0.000,AP
2026-05-15 10:57:04,1900-01-00 00:00:00,,9C:2F:9D:82:20:A3,-29,,0.000000,0.000000,0.000,0.000,Client
2026-05-15 10:57:04,1900-01-00 00:00:00,dlink-615_EXT,40:86:CB:27:D2:0C,-27, WPA2 ,0.000000,0.000000,0.000,0.000,AP
2026-05-15 10:57:04,1900-01-00 00:00:00,,9C:2F:9D:82:20:A3,-27,,0.000000,0.000000,0.000,0.000,Client
2026-05-15 10:57:04,1900-01-00 00:00:00,dlink-615_EXT,40:86:CB:27:D2:0C,-27, WPA2 ,0.000000,0.000000,0.000,0.000,AP
2026-05-15 10:57:04,1900-01-00 00:00:00,,9C:2F:9D:82:20:A3,-29,,0.000000,0.000000,0.000,0.000,Client
2026-05-15 10:57:04,1900-01-00 00:00:00,dlink-615_EXT,40:86:CB:27:D2:0C,-25, WPA2 ,0.000000,0.000000,0.000,0.000,AP
2026-05-15 10:57:04,1900-01-00 00:00:00,,9C:2F:9D:82:20:A3,-25,,0.000000,0.000000,0.000,0.000,Client
2026-05-15 10:57:04,1900-01-00 00:00:00,dlink-615_EXT,40:86:CB:27:D2:0C,-27, WPA2 ,0.000000,0.000000,0.000,0.000,AP
2026-05-15 10:57:04,1900-01-00 00:00:00,,9C:2F:9D:82:20:A3,-27,,0.000000,0.000000,0.000,0.000,Client
2026-05-15 10:57:04,1900-01-00 00:00:00,dlink-615_EXT,40:86:CB:27:D2:0C,-29, WPA2 ,0.000000,0.000000,0.000,0.000,AP
2026-05-15 10:57:04,1900-01-00 00:00:00,,9C:2F:9D:82:20:A3,-29,,0.000000,0.000000,0.000,0.000,Client
2026-05-15 10:57:04,1900-01-00 00:00:00,dlink-615_EXT,40:86:CB:27:D2:0C,-29, WPA2 ,0.000000,0.000000,0.000,0.000,AP
2026-05-15 10:57:04,1900-01-00 00:00:00,,9C:2F:9D:82:20:A3,-29,,0.000000,0.000000,0.000,0.000,Client
2026-05-15 10:57:04,1900-01-00 00:00:00,dlink-615_EXT,40:86:CB:27:D2:0C,-27, WPA2 ,0.000000,0.000000,0.000,0.000,AP
2026-05-15 10:57:04,1900-01-00 00:00:00,,9C:2F:9D:82:20:A3,-27,,0.000000,0.000000,0.000,0.000,Client
2026-05-15 10:57:04,1900-01-00 00:00:00,dlink-615_EXT,40:86:CB:27:D2:0C,-29, WPA2 ,0.000000,0.000000,0.000,0.000,AP
2026-05-15 10:57:04,1900-01-00 00:00:00,,9C:2F:9D:82:20:A3,-29,,0.000000,0.000000,0.000,0.000,Client
2026-05-15 10:57:04,1900-01-00 00:00:00,dlink-615_EXT,40:86:CB:27:D2:0C,-29, WPA2 ,0.000000,0.000000,0.000,0.000,AP
2026-05-15 10:57:04,1900-01-00 00:00:00,,9C:2F:9D:82:20:A3,-29,,0.000000,0.000000,0.000,0.000,Client
2026-05-15 10:57:04,1900-01-00 00:00:00,dlink-615_EXT,40:86:CB:27:D2:0C,-27, WPA2 ,0.000000,0.000000,0.000,0.000,AP
2026-05-15 10:57:04,1900-01-00 00:00:00,,9C:2F:9D:82:20:A3,-27,,0.000000,0.000000,0.000,0.000,Client
2026-05-15 10:57:04,1900-01-00 00:00:00,dlink-615_EXT,40:86:CB:27:D2:0C,-29, WPA2 ,0.000000,0.000000,0.000,0.000,AP
2026-05-15 10:57:04,1900-01-00 00:00:00,,9C:2F:9D:82:20:A3,-29,,0.000000,0.000000,0.000,0.000,Client
2026-05-15 10:57:04,1900-01-00 00:00:00,dlink-615_EXT,40:86:CB:27:D2:0C,-29, WPA2 ,0.000000,0.000000,0.000,0.000,AP
2026-05-15 10:57:04,1900-01-00 00:00:00,,9C:2F:9D:82:20:A3,-29,,0.000000,0.000000,0.000,0.000,Client
2026-05-15 10:57:04,1900-01-00 00:00:00,dlink-615_EXT,40:86:CB:27:D2:0C,-27, WPA2 ,0.000000,0.000000,0.000,0.000,AP
2026-05-15 10:57:04,1900-01-00 00:00:00,,9C:2F:9D:82:20:A3,-27,,0.000000,0.000000,0.000,0.000,Client
2026-05-15 10:57:04,1900-01-00 00:00:00,dlink-615_EXT,40:86:CB:27:D2:0C,-27, WPA2 ,0.000000,0.000000,0.000,0.000,AP
2026-05-15 10:57:04,1900-01-00 00:00:00,,9C:2F:9D:82:20:A3,-29,,0.000000,0.000000,0.000,0.000,Client
2026-05-15 10:57:04,1900-01-00 00:00:00,dlink-615_EXT,40:86:CB:27:D2:0C,-27, WPA2 ,0.000000,0.000000,0.000,0.000,AP
2026-05-15 10:57:04,1900-01-00 00:00:00,,9C:2F:9D:82:20:A3,-27,,0.000000,0.000000,0.000,0.000,Client
2026-05-15 10:57:04,1900-01-00 00:00:00,dlink-615_EXT,40:86:CB:27:D2:0C,-27, WPA2 ,0.000000,0.000000,0.000,0.000,AP
2026-05-15 10:57:04,1900-01-00 00:00:00,,9C:2F:9D:82:20:A3,-27,,0.000000,0.000000,0.000,0.000,Client
2026-05-15 10:57:04,1900-01-00 00:00:00,dlink-615_EXT,40:86:CB:27:D2:0C,-29, WPA2 ,0.000000,0.000000,0.000,0.000,AP
2026-05-15 10:57:04,1900-01-00 00:00:00,,9C:2F:9D:82:20:A3,-29,,0.000000,0.000000,0.000,0.000,Client
2026-05-15 10:57:04,1900-01-00 00:00:00,dlink-615_EXT,40:86:CB:27:D2:0C,-27, WPA2 ,0.000000,0.000000,0.000,0.000,AP
2026-05-15 10:57:04,1900-01-00 00:00:00,,9C:2F:9D:82:20:A3,-27,,0.000000,0.000000,0.000,0.000,Client
2026-05-15 10:57:04,1900-01-00 00:00:00,dlink-615_EXT,40:86:CB:27:D2:0C,-29, WPA2 ,0.000000,0.000000,0.000,0.000,AP
2026-05-15 10:57:04,1900-01-00 00:00:00,,9C:2F:9D:82:20:A3,-29,,0.000000,0.000000,0.000,0.000,Client
2026-05-15 10:57:04,1900-01-00 00:00:00,dlink-615_EXT,40:86:CB:27:D2:0C,-29, WPA2 ,0.000000,0.000000,0.000,0.000,AP
2026-05-15 10:57:04,1900-01-00 00:00:00,,9C:2F:9D:82:20:A3,-29,,0.000000,0.000000,0.000,0.000,Client
2026-05-15 10:57:04,1900-01-00 00:00:00,dlink-615_EXT,40:86:CB:27:D2:0C,-29, WPA2 ,0.000000,0.000000,0.000,0.000,AP
2026-05-15 10:57:04,1900-01-00 00:00:00,,9C:2F:9D:82:20:A3,-29,,0.000000,0.000000,0.000,0.000,Client
2026-05-15 10:57:04,1900-01-00 00:00:00,dlink-615_EXT,40:86:CB:27:D2:0C,-27, WPA2 ,0.000000,0.000000,0.000,0.000,AP
2026-05-15 10:57:04,1900-01-00 00:00:00,,9C:2F:9D:82:20:A3,-27,,0.000000,0.000000,0.000,0.000,Client
2026-05-15 10:57:04,1900-01-00 00:00:00,dlink-615_EXT,40:86:CB:27:D2:0C,-29, WPA2 ,0.000000,0.000000,0.000,0.000,AP
2026-05-15 10:57:04,1900-01-00 00:00:00,,9C:2F:9D:82:20:A3,-29,,0.000000,0.000000,0.000,0.000,Client
2026-05-15 10:57:04,1900-01-00 00:00:00,dlink-615_EXT,40:86:CB:27:D2:0C,-27, WPA2 ,0.000000,0.000000,0.000,0.000,AP
2026-05-15 10:57:04,1900-01-00 00:00:00,,9C:2F:9D:82:20:A3,-27,,0.000000,0.000000,0.000,0.000,Client
2026-05-15 10:57:04,1900-01-00 00:00:00,dlink-615_EXT,40:86:CB:27:D2:0C,-27, WPA2 ,0.000000,0.000000,0.000,0.000,AP
2026-05-15 10:57:04,1900-01-00 00:00:00,,9C:2F:9D:82:20:A3,-27,,0.000000,0.000000,0.000,0.000,Client
2026-05-15 10:57:04,1900-01-00 00:00:00,dlink-615_EXT,40:86:CB:27:D2:0C,-27, WPA2 ,0.000000,0.000000,0.000,0.000,AP
2026-05-15 10:57:04,1900-01-00 00:00:00,,9C:2F:9D:82:20:A3,-27,,0.000000,0.000000,0.000,0.000,Client
2026-05-15 10:57:04,1900-01-00 00:00:00,dlink-615_EXT,40:86:CB:27:D2:0C,-27, WPA2 ,0.000000,0.000000,0.000,0.000,AP
2026-05-15 10:57:04,1900-01-00 00:00:00,,9C:2F:9D:82:20:A3,-27,,0.000000,0.000000,0.000,0.000,Client
2026-05-15 10:57:04,1900-01-00 00:00:00,dlink-615_EXT,40:86:CB:27:D2:0C,-29, WPA2 ,0.000000,0.000000,0.000,0.000,AP
2026-05-15 10:57:04,1900-01-00 00:00:00,,9C:2F:9D:82:20:A3,-29,,0.000000,0.000000,0.000,0.000,Client
2026-05-15 10:57:04,1900-01-00 00:00:00,dlink-615_EXT,40:86:CB:27:D2:0C,-27, WPA2 ,0.000000,0.000000,0.000,0.000,AP
2026-05-15 10:57:04,1900-01-00 00:00:00,,9C:2F:9D:82:20:A3,-27,,0.000000,0.000000,0.000,0.000,Client
2026-05-15 10:57:04,1900-01-00 00:00:00,dlink-615_EXT,40:86:CB:27:D2:0C,-27, WPA2 ,0.000000,0.000000,0.000,0.000,AP
2026-05-15 10:57:04,1900-01-00 00:00:00,,9C:2F:9D:82:20:A3,-27,,0.000000,0.000000,0.000,0.000,Client
2026-05-15 10:57:04,1900-01-00 00:00:00,dlink-615_EXT,40:86:CB:27:D2:0C,-29, WPA2 ,0.000000,0.000000,0.000,0.000,AP
2026-05-15 10:57:04,1900-01-00 00:00:00,,9C:2F:9D:82:20:A3,-29,,0.000000,0.000000,0.000,0.000,Client
2026-05-15 10:57:04,1900-01-00 00:00:00,dlink-615_EXT,40:86:CB:27:D2:0C,-29, WPA2 ,0.000000,0.000000,0.000,0.000,AP
2026-05-15 10:57:04,1900-01-00 00:00:00,,9C:2F:9D:82:20:A3,-29,,0.000000,0.000000,0.000,0.000,Client
2026-05-15 10:57:04,1900-01-00 00:00:00,dlink-615_EXT,40:86:CB:27:D2:0C,-27, WPA2 ,0.000000,0.000000,0.000,0.000,AP
2026-05-15 10:57:04,1900-01-00 00:00:00,,9C:2F:9D:82:20:A3,-27,,0.000000,0.000000,0.000,0.000,Client
2026-05-15 10:57:04,1900-01-00 00:00:00,dlink-615_EXT,40:86:CB:27:D2:0C,-27, WPA2 ,0.000000,0.000000,0.000,0.000,AP
2026-05-15 10:57:04,1900-01-00 00:00:00,,9C:2F:9D:82:20:A3,-27,,0.000000,0.000000,0.000,0.000,Client
2026-05-15 10:57:04,1900-01-00 00:00:00,dlink-615_EXT,40:86:CB:27:D2:0C,-29, WPA2 ,0.000000,0.000000,0.000,0.000,AP
2026-05-15 10:57:04,1900-01-00 00:00:00,,9C:2F:9D:82:20:A3,-29,,0.000000,0.000000,0.000,0.000,Client
2026-05-15 10:57:04,1900-01-00 00:00:00,dlink-615_EXT,40:86:CB:27:D2:0C,-29, WPA2 ,0.000000,0.000000,0.000,0.000,AP
2026-05-15 10:57:04,1900-01-00 00:00:00,,9C:2F:9D:82:20:A3,-29,,0.000000,0.000000,0.000,0.000,Client
2026-05-15 10:57:04,1900-01-00 00:00:00,dlink-615_EXT,40:86:CB:27:D2:0C,-29, WPA2 ,0.000000,0.000000,0.000,0.000,AP
2026-05-15 10:57:04,1900-01-00 00:00:00,,9C:2F:9D:82:20:A3,-29,,0.000000,0.000000,0.000,0.000,Client
2026-05-15 10:57:04,1900-01-00 00:00:00,dlink-615_EXT,40:86:CB:27:D2:0C,-29, WPA2 ,0.000000,0.000000,0.000,0.000,AP
2026-05-15 10:57:04,1900-01-00 00:00:00,,9C:2F:9D:82:20:A3,-27,,0.000000,0.000000,0.000,0.000,Client
2026-05-15 10:57:04,1900-01-00 00:00:00,dlink-615_EXT,40:86:CB:27:D2:0C,-29, WPA2 ,0.000000,0.000000,0.000,0.000,AP
2026-05-15 10:57:04,1900-01-00 00:00:00,,9C:2F:9D:82:20:A3,-29,,0.000000,0.000000,0.000,0.000,Client
2026-05-15 10:57:04,1900-01-00 00:00:00,dlink-615_EXT,40:86:CB:27:D2:0C,-29, WPA2 ,0.000000,0.000000,0.000,0.000,AP
2026-05-15 10:57:04,1900-01-00 00:00:00,,9C:2F:9D:82:20:A3,-29,,0.000000,0.000000,0.000,0.000,Client
2026-05-15 10:57:04,1900-01-00 00:00:00,dlink-615_EXT,40:86:CB:27:D2:0C,-29, WPA2 ,0.000000,0.000000,0.000,0.000,AP
2026-05-15 10:57:04,1900-01-00 00:00:00,,9C:2F:9D:82:20:A3,-29,,0.000000,0.000000,0.000,0.000,Client
2026-05-15 10:57:04,1900-01-00 00:00:00,dlink-615_EXT,40:86:CB:27:D2:0C,-29, WPA2 ,0.000000,0.000000,0.000,0.000,AP
2026-05-15 10:57:04,1900-01-00 00:00:00,,9C:2F:9D:82:20:A3,-29,,0.000000,0.000000,0.000,0.000,Client
2026-05-15 10:57:04,1900-01-00 00:00:00,dlink-615_EXT,40:86:CB:27:D2:0C,-27, WPA2 ,0.000000,0.000000,0.000,0.000,AP
2026-05-15 10:57:04,1900-01-00 00:00:00,,9C:2F:9D:82:20:A3,-27,,0.000000,0.000000,0.000,0.000,Client
2026-05-15 10:57:04,1900-01-00 00:00:00,dlink-615_EXT,40:86:CB:27:D2:0C,-27, WPA2 ,0.000000,0.000000,0.000,0.000,AP
2026-05-15 10:57:04,1900-01-00 00:00:00,,9C:2F:9D:82:20:A3,-27,,0.000000,0.000000,0.000,0.000,Client
2026-05-15 10:57:04,1900-01-00 00:00:00,dlink-615_EXT,40:86:CB:27:D2:0C,-27, WPA2 ,0.000000,0.000000,0.000,0.000,AP
2026-05-15 10:57:04,1900-01-00 00:00:00,,9C:2F:9D:82:20:A3,-27,,0.000000,0.000000,0.000,0.000,Client
2026-05-15 10:57:04,1900-01-00 00:00:00,dlink-615_EXT,40:86:CB:27:D2:0C,-29, WPA2 ,0.000000,0.000000,0.000,0.000,AP
2026-05-15 10:57:04,1900-01-00 00:00:00,,9C:2F:9D:82:20:A3,-29,,0.000000,0.000000,0.000,0.000,Client
2026-05-15 10:57:04,1900-01-00 00:00:00,dlink-615_EXT,40:86:CB:27:D2:0C,-27, WPA2 ,0.000000,0.000000,0.000,0.000,AP
2026-05-15 10:57:04,1900-01-00 00:00:00,,9C:2F:9D:82:20:A3,-27,,0.000000,0.000000,0.000,0.000,Client
2026-05-15 10:57:04,1900-01-00 00:00:00,dlink-615_EXT,40:86:CB:27:D2:0C,-29, WPA2 ,0.000000,0.000000,0.000,0.000,AP
2026-05-15 10:57:04,1900-01-00 00:00:00,,9C:2F:9D:82:20:A3,-29,,0.000000,0.000000,0.000,0.000,Client
2026-05-15 10:57:04,1900-01-00 00:00:00,dlink-615_EXT,40:86:CB:27:D2:0C,-27, WPA2 ,0.000000,0.000000,0.000,0.000,AP
2026-05-15 10:57:04,1900-01-00 00:00:00,,9C:2F:9D:82:20:A3,-27,,0.000000,0.000000,0.000,0.000,Client
2026-05-15 10:57:04,1900-01-00 00:00:00,dlink-615_EXT,40:86:CB:27:D2:0C,-29, WPA2 ,0.000000,0.000000,0.000,0.000,AP
2026-05-15 10:57:04,1900-01-00 00:00:00,,9C:2F:9D:82:20:A3,-29,,0.000000,0.000000,0.000,0.000,Client
2026-05-15 10:57:04,1900-01-00 00:00:00,dlink-615_EXT,40:86:CB:27:D2:0C,-27, WPA2 ,0.000000,0.000000,0.000,0.000,AP
2026-05-15 10:57:04,1900-01-00 00:00:00,,9C:2F:9D:82:20:A3,-27,,0.000000,0.000000,0.000,0.000,Client
2026-05-15 10:57:04,1900-01-00 00:00:00,dlink-615_EXT,40:86:CB:27:D2:0C,-29, WPA2 ,0.000000,0.000000,0.000,0.000,AP
2026-05-15 10:57:04,1900-01-00 00:00:00,,9C:2F:9D:82:20:A3,-29,,0.000000,0.000000,0.000,0.000,Client
2026-05-15 10:57:04,1900-01-00 00:00:00,dlink-615_EXT,40:86:CB:27:D2:0C,-29, WPA2 ,0.000000,0.000000,0.000,0.000,AP
2026-05-15 10:57:04,1900-01-00 00:00:00,,9C:2F:9D:82:20:A3,-29,,0.000000,0.000000,0.000,0.000,Client
2026-05-15 10:57:04,1900-01-00 00:00:00,dlink-615_EXT,40:86:CB:27:D2:0C,-29, WPA2 ,0.000000,0.000000,0.000,0.000,AP
2026-05-15 10:57:04,1900-01-00 00:00:00,,9C:2F:9D:82:20:A3,-29,,0.000000,0.000000,0.000,0.000,Client
2026-05-15 10:57:04,1900-01-00 00:00:00,dlink-615_EXT,40:86:CB:27:D2:0C,-29, WPA2 ,0.000000,0.000000,0.000,0.000,AP
2026-05-15 10:57:04,1900-01-00 00:00:00,,9C:2F:9D:82:20:A3,-29,,0.000000,0.000000,0.000,0.000,Client
2026-05-15 10:57:04,1900-01-00 00:00:00,dlink-615_EXT,40:86:CB:27:D2:0C,-29, WPA2 ,0.000000,0.000000,0.000,0.000,AP
2026-05-15 10:57:04,1900-01-00 00:00:00,,9C:2F:9D:82:20:A3,-29,,0.000000,0.000000,0.000,0.000,Client
2026-05-15 10:57:04,1900-01-00 00:00:00,dlink-615_EXT,40:86:CB:27:D2:0C,-29, WPA2 ,0.000000,0.000000,0.000,0.000,AP
2026-05-15 10:57:04,1900-01-00 00:00:00,,9C:2F:9D:82:20:A3,-29,,0.000000,0.000000,0.000,0.000,Client
2026-05-15 10:57:04,1900-01-00 00:00:00,dlink-615_EXT,40:86:CB:27:D2:0C,-25, WPA2 ,0.000000,0.000000,0.000,0.000,AP
2026-05-15 10:57:04,1900-01-00 00:00:00,,9C:2F:9D:82:20:A3,-25,,0.000000,0.000000,0.000,0.000,Client
2026-05-15 10:57:04,1900-01-00 00:00:00,dlink-615_EXT,40:86:CB:27:D2:0C,-29, WPA2 ,0.000000,0.000000,0.000,0.000,AP
2026-05-15 10:57:04,1900-01-00 00:00:00,,9C:2F:9D:82:20:A3,-29,,0.000000,0.000000,0.000,0.000,Client
2026-05-15 10:57:04,1900-01-00 00:00:00,dlink-615_EXT,40:86:CB:27:D2:0C,-29, WPA2 ,0.000000,0.000000,0.000,0.000,AP
2026-05-15 10:57:04,1900-01-00 00:00:00,,9C:2F:9D:82:20:A3,-29,,0.000000,0.000000,0.000,0.000,Client
2026-05-15 10:57:04,1900-01-00 00:00:00,dlink-615_EXT,40:86:CB:27:D2:0C,-29, WPA2 ,0.000000,0.000000,0.000,0.000,AP
2026-05-15 10:57:04,1900-01-00 00:00:00,,9C:2F:9D:82:20:A3,-29,,0.000000,0.000000,0.000,0.000,Client
2026-05-15 10:57:04,1900-01-00 00:00:00,dlink-615_EXT,40:86:CB:27:D2:0C,-27, WPA2 ,0.000000,0.000000,0.000,0.000,AP
2026-05-15 10:57:04,1900-01-00 00:00:00,,9C:2F:9D:82:20:A3,-27,,0.000000,0.000000,0.000,0.000,Client
2026-05-15 10:57:04,1900-01-00 00:00:00,dlink-615_EXT,40:86:CB:27:D2:0C,-27, WPA2 ,0.000000,0.000000,0.000,0.000,AP
2026-05-15 10:57:04,1900-01-00 00:00:00,,9C:2F:9D:82:20:A3,-27,,0.000000,0.000000,0.000,0.000,Client
2026-05-15 10:57:04,1900-01-00 00:00:00,dlink-615_EXT,40:86:CB:27:D2:0C,-29, WPA2 ,0.000000,0.000000,0.000,0.000,AP
2026-05-15 10:57:04,1900-01-00 00:00:00,,9C:2F:9D:82:20:A3,-29,,0.000000,0.000000,0.000,0.000,Client
2026-05-15 10:57:04,1900-01-00 00:00:00,dlink-615_EXT,40:86:CB:27:D2:0C,-29, WPA2 ,0.000000,0.000000,0.000,0.000,AP
2026-05-15 10:57:04,1900-01-00 00:00:00,,9C:2F:9D:82:20:A3,-29,,0.000000,0.000000,0.000,0.000,Client
2026-05-15 10:57:04,1900-01-00 00:00:00,dlink-615_EXT,40:86:CB:27:D2:0C,-29, WPA2 ,0.000000,0.000000,0.000,0.000,AP
2026-05-15 10:57:04,1900-01-00 00:00:00,,9C:2F:9D:82:20:A3,-29,,0.000000,0.000000,0.000,0.000,Client
2026-05-15 10:57:04,1900-01-00 00:00:00,dlink-615_EXT,40:86:CB:27:D2:0C,-27, WPA2 ,0.000000,0.000000,0.000,0.000,AP
2026-05-15 10:57:04,1900-01-00 00:00:00,,9C:2F:9D:82:20:A3,-27,,0.000000,0.000000,0.000,0.000,Client
2026-05-15 10:57:04,1900-01-00 00:00:00,dlink-615_EXT,40:86:CB:27:D2:0C,-27, WPA2 ,0.000000,0.000000,0.000,0.000,AP
2026-05-15 10:57:04,1900-01-00 00:00:00,,9C:2F:9D:82:20:A3,-27,,0.000000,0.000000,0.000,0.000,Client
2026-05-15 10:57:04,1900-01-00 00:00:00,dlink-615_EXT,40:86:CB:27:D2:0C,-27, WPA2 ,0.000000,0.000000,0.000,0.000,AP
2026-05-15 10:57:04,1900-01-00 00:00:00,,9C:2F:9D:82:20:A3,-27,,0.000000,0.000000,0.000,0.000,Client
2026-05-15 10:57:04,1900-01-00 00:00:00,dlink-615_EXT,40:86:CB:27:D2:0C,-27, WPA2 ,0.000000,0.000000,0.000,0.000,AP
2026-05-15 10:57:04,1900-01-00 00:00:00,,9C:2F:9D:82:20:A3,-27,,0.000000,0.000000,0.000,0.000,Client
2026-05-15 10:57:04,1900-01-00 00:00:00,dlink-615_EXT,40:86:CB:27:D2:0C,-29, WPA2 ,0.000000,0.000000,0.000,0.000,AP
2026-05-15 10:57:04,1900-01-00 00:00:00,,9C:2F:9D:82:20:A3,-29,,0.000000,0.000000,0.000,0.000,Client
2026-05-15 10:57:04,1900-01-00 00:00:00,dlink-615_EXT,40:86:CB:27:D2:0C,-27, WPA2 ,0.000000,0.000000,0.000,0.000,AP
2026-05-15 10:57:04,1900-01-00 00:00:00,,9C:2F:9D:82:20:A3,-27,,0.000000,0.000000,0.000,0.000,Client
2026-05-15 10:57:04,1900-01-00 00:00:00,dlink-615_EXT,40:86:CB:27:D2:0C,-27, WPA2 ,0.000000,0.000000,0.000,0.000,AP
2026-05-15 10:57:04,1900-01-00 00:00:00,,9C:2F:9D:82:20:A3,-27,,0.000000,0.000000,0.000,0.000,Client
2026-05-15 10:57:04,1900-01-00 00:00:00,dlink-615_EXT,40:86:CB:27:D2:0C,-29, WPA2 ,0.000000,0.000000,0.000,0.000,AP
2026-05-15 10:57:04,1900-01-00 00:00:00,,9C:2F:9D:82:20:A3,-29,,0.000000,0.000000,0.000,0.000,Client
2026-05-15 10:57:04,1900-01-00 00:00:00,dlink-615_EXT,40:86:CB:27:D2:0C,-29, WPA2 ,0.000000,0.000000,0.000,0.000,AP
2026-05-15 10:57:04,1900-01-00 00:00:00,,9C:2F:9D:82:20:A3,-29,,0.000000,0.000000,0.000,0.000,Client
2026-05-15 10:57:04,1900-01-00 00:00:00,dlink-615_EXT,40:86:CB:27:D2:0C,-27, WPA2 ,0.000000,0.000000,0.000,0.000,AP
2026-05-15 10:57:04,1900-01-00 00:00:00,,9C:2F:9D:82:20:A3,-27,,0.000000,0.000000,0.000,0.000,Client
2026-05-15 10:57:04,1900-01-00 00:00:00,dlink-615_EXT,40:86:CB:27:D2:0C,-27, WPA2 ,0.000000,0.000000,0.000,0.000,AP
2026-05-15 10:57:04,1900-01-00 00:00:00,,9C:2F:9D:82:20:A3,-27,,0.000000,0.000000,0.000,0.000,Client
2026-05-15 10:57:04,1900-01-00 00:00:00,dlink-615_EXT,40:86:CB:27:D2:0C,-27, WPA2 ,0.000000,0.000000,0.000,0.000,AP
2026-05-15 10:57:04,1900-01-00 00:00:00,,9C:2F:9D:82:20:A3,-27,,0.000000,0.000000,0.000,0.000,Client
2026-05-15 10:57:04,1900-01-00 00:00:00,dlink-615_EXT,40:86:CB:27:D2:0C,-29, WPA2 ,0.000000,0.000000,0.000,0.000,AP
2026-05-15 10:57:04,1900-01-00 00:00:00,,9C:2F:9D:82:20:A3,-29,,0.000000,0.000000,0.000,0.000,Client
2026-05-15 10:57:04,1900-01-00 00:00:00,dlink-615_EXT,40:86:CB:27:D2:0C,-27, WPA2 ,0.000000,0.000000,0.000,0.000,AP
2026-05-15 10:57:04,1900-01-00 00:00:00,,9C:2F:9D:82:20:A3,-27,,0.000000,0.000000,0.000,0.000,Client
2026-05-15 10:57:04,1900-01-00 00:00:00,dlink-615_EXT,40:86:CB:27:D2:0C,-29, WPA2 ,0.000000,0.000000,0.000,0.000,AP
2026-05-15 10:57:04,1900-01-00 00:00:00,,9C:2F:9D:82:20:A3,-29,,0.000000,0.000000,0.000,0.000,Client
2026-05-15 10:57:04,1900-01-00 00:00:00,dlink-615_EXT,40:86:CB:27:D2:0C,-27, WPA2 ,0.000000,0.000000,0.000,0.000,AP
2026-05-15 10:57:04,1900-01-00 00:00:00,,9C:2F:9D:82:20:A3,-27,,0.000000,0.000000,0.000,0.000,Client
2026-05-15 10:57:04,1900-01-00 00:00:00,dlink-615_EXT,40:86:CB:27:D2:0C,-29, WPA2 ,0.000000,0.000000,0.000,0.000,AP
2026-05-15 10:57:04,1900-01-00 00:00:00,,9C:2F:9D:82:20:A3,-29,,0.000000,0.000000,0.000,0.000,Client
2026-05-15 10:57:04,1900-01-00 00:00:00,dlink-615_EXT,40:86:CB:27:D2:0C,-27, WPA2 ,0.000000,0.000000,0.000,0.000,AP
2026-05-15 10:57:04,1900-01-00 00:00:00,,9C:2F:9D:82:20:A3,-27,,0.000000,0.000000,0.000,0.000,Client
2026-05-15 10:57:04,1900-01-00 00:00:00,dlink-615_EXT,40:86:CB:27:D2:0C,-27, WPA2 ,0.000000,0.000000,0.000,0.000,AP
2026-05-15 10:57:04,1900-01-00 00:00:00,,9C:2F:9D:82:20:A3,-27,,0.000000,0.000000,0.000,0.000,Client
2026-05-15 10:57:04,1900-01-00 00:00:00,dlink-615_EXT,40:86:CB:27:D2:0C,-27, WPA2 ,0.000000,0.000000,0.000,0.000,AP
2026-05-15 10:57:04,1900-01-00 00:00:00,,9C:2F:9D:82:20:A3,-27,,0.000000,0.000000,0.000,0.000,Client
2026-05-15 10:57:04,1900-01-00 00:00:00,dlink-615_EXT,40:86:CB:27:D2:0C,-27, WPA2 ,0.000000,0.000000,0.000,0.000,AP
2026-05-15 10:57:04,1900-01-00 00:00:00,,9C:2F:9D:82:20:A3,-27,,0.000000,0.000000,0.000,0.000,Client
2026-05-15 10:57:04,1900-01-00 00:00:00,dlink-615_EXT,40:86:CB:27:D2:0C,-29, WPA2 ,0.000000,0.000000,0.000,0.000,AP
2026-05-15 10:57:04,1900-01-00 00:00:00,,9C:2F:9D:82:20:A3,-29,,0.000000,0.000000,0.000,0.000,Client
2026-05-15 10:57:04,1900-01-00 00:00:00,dlink-615_EXT,40:86:CB:27:D2:0C,-27, WPA2 ,0.000000,0.000000,0.000,0.000,AP
2026-05-15 10:57:04,1900-01-00 00:00:00,,9C:2F:9D:82:20:A3,-27,,0.000000,0.000000,0.000,0.000,Client
2026-05-15 10:57:04,1900-01-00 00:00:00,dlink-615_EXT,40:86:CB:27:D2:0C,-29, WPA2 ,0.000000,0.000000,0.000,0.000,AP
2026-05-15 10:57:04,1900-01-00 00:00:00,,9C:2F:9D:82:20:A3,-29,,0.000000,0.000000,0.000,0.000,Client
2026-05-15 10:57:04,1900-01-00 00:00:00,dlink-615_EXT,40:86:CB:27:D2:0C,-29, WPA2 ,0.000000,0.000000,0.000,0.000,AP
2026-05-15 10:57:04,1900-01-00 00:00:00,,9C:2F:9D:82:20:A3,-29,,0.000000,0.000000,0.000,0.000,Client
2026-05-15 10:57:04,1900-01-00 00:00:00,dlink-615_EXT,40:86:CB:27:D2:0C,-27, WPA2 ,0.000000,0.000000,0.000,0.000,AP
2026-05-15 10:57:04,1900-01-00 00:00:00,,9C:2F:9D:82:20:A3,-27,,0.000000,0.000000,0.000,0.000,Client
2026-05-15 10:57:04,1900-01-00 00:00:00,dlink-615_EXT,40:86:CB:27:D2:0C,-29, WPA2 ,0.000000,0.000000,0.000,0.000,AP
2026-05-15 10:57:04,1900-01-00 00:00:00,,9C:2F:9D:82:20:A3,-29,,0.000000,0.000000,0.000,0.000,Client
2026-05-15 10:57:04,1900-01-00 00:00:00,dlink-615_EXT,40:86:CB:27:D2:0C,-29, WPA2 ,0.000000,0.000000,0.000,0.000,AP
2026-05-15 10:57:04,1900-01-00 00:00:00,,9C:2F:9D:82:20:A3,-29,,0.000000,0.000000,0.000,0.000,Client
2026-05-15 10:57:04,1900-01-00 00:00:00,dlink-615_EXT,40:86:CB:27:D2:0C,-29, WPA2 ,0.000000,0.000000,0.000,0.000,AP
2026-05-15 10:57:04,1900-01-00 00:00:00,,9C:2F:9D:82:20:A3,-29,,0.000000,0.000000,0.000,0.000,Client
2026-05-15 10:57:04,1900-01-00 00:00:00,dlink-615_EXT,40:86:CB:27:D2:0C,-27, WPA2 ,0.000000,0.000000,0.000,0.000,AP
2026-05-15 10:57:04,1900-01-00 00:00:00,,9C:2F:9D:82:20:A3,-27,,0.000000,0.000000,0.000,0.000,Client
2026-05-15 10:57:04,1900-01-00 00:00:00,dlink-615_EXT,40:86:CB:27:D2:0C,-27, WPA2 ,0.000000,0.000000,0.000,0.000,AP
2026-05-15 10:57:04,1900-01-00 00:00:00,,9C:2F:9D:82:20:A3,-27,,0.000000,0.000000,0.000,0.000,Client
2026-05-15 10:57:04,1900-01-00 00:00:00,dlink-615_EXT,40:86:CB:27:D2:0C,-25, WPA2 ,0.000000,0.000000,0.000,0.000,AP
2026-05-15 10:57:04,1900-01-00 00:00:00,,9C:2F:9D:82:20:A3,-25,,0.000000,0.000000,0.000,0.000,Client
2026-05-15 10:57:04,1900-01-00 00:00:00,dlink-615_EXT,40:86:CB:27:D2:0C,-29, WPA2 ,0.000000,0.000000,0.000,0.000,AP
2026-05-15 10:57:04,1900-01-00 00:00:00,,9C:2F:9D:82:20:A3,-29,,0.000000,0.000000,0.000,0.000,Client
2026-05-15 10:57:04,1900-01-00 00:00:00,dlink-615_EXT,40:86:CB:27:D2:0C,-29, WPA2 ,0.000000,0.000000,0.000,0.000,AP
2026-05-15 10:57:04,1900-01-00 00:00:00,,9C:2F:9D:82:20:A3,-29,,0.000000,0.000000,0.000,0.000,Client
2026-05-15 10:57:04,1900-01-00 00:00:00,dlink-615_EXT,40:86:CB:27:D2:0C,-29, WPA2 ,0.000000,0.000000,0.000,0.000,AP
2026-05-15 10:57:04,1900-01-00 00:00:00,,9C:2F:9D:82:20:A3,-29,,0.000000,0.000000,0.000,0.000,Client
2026-05-15 10:57:04,1900-01-00 00:00:00,dlink-615_EXT,40:86:CB:27:D2:0C,-29, WPA2 ,0.000000,0.000000,0.000,0.000,AP
2026-05-15 10:57:04,1900-01-00 00:00:00,,9C:2F:9D:82:20:A3,-29,,0.000000,0.000000,0.000,0.000,Client
2026-05-15 10:57:05,1900-01-00 00:00:00,dlink-615_EXT,40:86:CB:27:D2:0C,-29, WPA2 ,0.000000,0.000000,0.000,0.000,AP
2026-05-15 10:57:05,1900-01-00 00:00:00,,9C:2F:9D:82:20:A3,-29,,0.000000,0.000000,0.000,0.000,Client
2026-05-15 10:57:05,1900-01-00 00:00:00,dlink-615_EXT,40:86:CB:27:D2:0C,-29, WPA2 ,0.000000,0.000000,0.000,0.000,AP
2026-05-15 10:57:05,1900-01-00 00:00:00,,9C:2F:9D:82:20:A3,-29,,0.000000,0.000000,0.000,0.000,Client
2026-05-15 10:57:05,1900-01-00 00:00:00,dlink-615_EXT,40:86:CB:27:D2:0C,-29, WPA2 ,0.000000,0.000000,0.000,0.000,AP
2026-05-15 10:57:05,1900-01-00 00:00:00,,9C:2F:9D:82:20:A3,-29,,0.000000,0.000000,0.000,0.000,Client
2026-05-15 10:57:05,1900-01-00 00:00:00,dlink-615_EXT,40:86:CB:27:D2:0C,-29, WPA2 ,0.000000,0.000000,0.000,0.000,AP
2026-05-15 10:57:05,1900-01-00 00:00:00,,9C:2F:9D:82:20:A3,-29,,0.000000,0.000000,0.000,0.000,Client
2026-05-15 10:57:05,1900-01-00 00:00:00,dlink-615_EXT,40:86:CB:27:D2:0C,-29, WPA2 ,0.000000,0.000000,0.000,0.000,AP
2026-05-15 10:57:05,1900-01-00 00:00:00,,9C:2F:9D:82:20:A3,-29,,0.000000,0.000000,0.000,0.000,Client
2026-05-15 10:57:05,1900-01-00 00:00:00,dlink-615_EXT,40:86:CB:27:D2:0C,-29, WPA2 ,0.000000,0.000000,0.000,0.000,AP
2026-05-15 10:57:05,1900-01-00 00:00:00,,9C:2F:9D:82:20:A3,-29,,0.000000,0.000000,0.000,0.000,Client
2026-05-15 10:57:05,1900-01-00 00:00:00,dlink-615_EXT,40:86:CB:27:D2:0C,-29, WPA2 ,0.000000,0.000000,0.000,0.000,AP
2026-05-15 10:57:05,1900-01-00 00:00:00,,9C:2F:9D:82:20:A3,-29,,0.000000,0.000000,0.000,0.000,Client
2026-05-15 10:57:05,1900-01-00 00:00:00,dlink-615_EXT,40:86:CB:27:D2:0C,-29, WPA2 ,0.000000,0.000000,0.000,0.000,AP
2026-05-15 10:57:05,1900-01-00 00:00:00,,9C:2F:9D:82:20:A3,-29,,0.000000,0.000000,0.000,0.000,Client
2026-05-15 10:57:05,1900-01-00 00:00:00,dlink-615_EXT,40:86:CB:27:D2:0C,-27, WPA2 ,0.000000,0.000000,0.000,0.000,AP
2026-05-15 10:57:05,1900-01-00 00:00:00,,9C:2F:9D:82:20:A3,-27,,0.000000,0.000000,0.000,0.000,Client
2026-05-15 10:57:05,1900-01-00 00:00:00,dlink-615_EXT,40:86:CB:27:D2:0C,-27, WPA2 ,0.000000,0.000000,0.000,0.000,AP
2026-05-15 10:57:05,1900-01-00 00:00:00,,9C:2F:9D:82:20:A3,-27,,0.000000,0.000000,0.000,0.000,Client
2026-05-15 10:57:05,1900-01-00 00:00:00,dlink-615_EXT,40:86:CB:27:D2:0C,-27, WPA2 ,0.000000,0.000000,0.000,0.000,AP
2026-05-15 10:57:05,1900-01-00 00:00:00,,9C:2F:9D:82:20:A3,-27,,0.000000,0.000000,0.000,0.000,Client
2026-05-15 10:57:05,1900-01-00 00:00:00,dlink-615_EXT,40:86:CB:27:D2:0C,-29, WPA2 ,0.000000,0.000000,0.000,0.000,AP
2026-05-15 10:57:05,1900-01-00 00:00:00,,9C:2F:9D:82:20:A3,-29,,0.000000,0.000000,0.000,0.000,Client
2026-05-15 10:57:05,1900-01-00 00:00:00,dlink-615_EXT,40:86:CB:27:D2:0C,-29, WPA2 ,0.000000,0.000000,0.000,0.000,AP
2026-05-15 10:57:05,1900-01-00 00:00:00,,9C:2F:9D:82:20:A3,-29,,0.000000,0.000000,0.000,0.000,Client
2026-05-15 10:57:05,1900-01-00 00:00:00,dlink-615_EXT,40:86:CB:27:D2:0C,-27, WPA2 ,0.000000,0.000000,0.000,0.000,AP
2026-05-15 10:57:05,1900-01-00 00:00:00,,9C:2F:9D:82:20:A3,-27,,0.000000,0.000000,0.000,0.000,Client
2026-05-15 10:57:05,1900-01-00 00:00:00,dlink-615_EXT,40:86:CB:27:D2:0C,-27, WPA2 ,0.000000,0.000000,0.000,0.000,AP
2026-05-15 10:57:05,1900-01-00 00:00:00,,9C:2F:9D:82:20:A3,-27,,0.000000,0.000000,0.000,0.000,Client
2026-05-15 10:57:05,1900-01-00 00:00:00,dlink-615_EXT,40:86:CB:27:D2:0C,-29, WPA2 ,0.000000,0.000000,0.000,0.000,AP
2026-05-15 10:57:05,1900-01-00 00:00:00,,9C:2F:9D:82:20:A3,-29,,0.000000,0.000000,0.000,0.000,Client
2026-05-15 10:57:05,1900-01-00 00:00:00,dlink-615_EXT,40:86:CB:27:D2:0C,-27, WPA2 ,0.000000,0.000000,0.000,0.000,AP
2026-05-15 10:57:05,1900-01-00 00:00:00,,9C:2F:9D:82:20:A3,-27,,0.000000,0.000000,0.000,0.000,Client
2026-05-15 10:57:05,1900-01-00 00:00:00,dlink-615_EXT,40:86:CB:27:D2:0C,-29, WPA2 ,0.000000,0.000000,0.000,0.000,AP
2026-05-15 10:57:05,1900-01-00 00:00:00,,9C:2F:9D:82:20:A3,-29,,0.000000,0.000000,0.000,0.000,Client
2026-05-15 10:57:05,1900-01-00 00:00:00,dlink-615_EXT,40:86:CB:27:D2:0C,-27, WPA2 ,0.000000,0.000000,0.000,0.000,AP
2026-05-15 10:57:05,1900-01-00 00:00:00,,9C:2F:9D:82:20:A3,-27,,0.000000,0.000000,0.000,0.000,Client
2026-05-15 10:57:05,1900-01-00 00:00:00,dlink-615_EXT,40:86:CB:27:D2:0C,-29, WPA2 ,0.000000,0.000000,0.000,0.000,AP
2026-05-15 10:57:05,1900-01-00 00:00:00,,9C:2F:9D:82:20:A3,-29,,0.000000,0.000000,0.000,0.000,Client
2026-05-15 10:57:05,1900-01-00 00:00:00,dlink-615_EXT,40:86:CB:27:D2:0C,-27, WPA2 ,0.000000,0.000000,0.000,0.000,AP
2026-05-15 10:57:05,1900-01-00 00:00:00,,9C:2F:9D:82:20:A3,-27,,0.000000,0.000000,0.000,0.000,Client
2026-05-15 10:57:05,1900-01-00 00:00:00,dlink-615_EXT,40:86:CB:27:D2:0C,-29, WPA2 ,0.000000,0.000000,0.000,0.000,AP
2026-05-15 10:57:05,1900-01-00 00:00:00,,9C:2F:9D:82:20:A3,-29,,0.000000,0.000000,0.000,0.000,Client
2026-05-15 10:57:05,1900-01-00 00:00:00,dlink-615_EXT,40:86:CB:27:D2:0C,-29, WPA2 ,0.000000,0.000000,0.000,0.000,AP
2026-05-15 10:57:05,1900-01-00 00:00:00,,9C:2F:9D:82:20:A3,-29,,0.000000,0.000000,0.000,0.000,Client
2026-05-15 10:57:05,1900-01-00 00:00:00,dlink-615_EXT,40:86:CB:27:D2:0C,-29, WPA2 ,0.000000,0.000000,0.000,0.000,AP
2026-05-15 10:57:05,1900-01-00 00:00:00,,9C:2F:9D:82:20:A3,-29,,0.000000,0.000000,0.000,0.000,Client
2026-05-15 10:57:05,1900-01-00 00:00:00,dlink-615_EXT,40:86:CB:27:D2:0C,-29, WPA2 ,0.000000,0.000000,0.000,0.000,AP
2026-05-15 10:57:05,1900-01-00 00:00:00,,9C:2F:9D:82:20:A3,-29,,0.000000,0.000000,0.000,0.000,Client
2026-05-15 10:57:05,1900-01-00 00:00:00,dlink-615_EXT,40:86:CB:27:D2:0C,-29, WPA2 ,0.000000,0.000000,0.000,0.000,AP
2026-05-15 10:57:05,1900-01-00 00:00:00,,9C:2F:9D:82:20:A3,-29,,0.000000,0.000000,0.000,0.000,Client
2026-05-15 10:57:05,1900-01-00 00:00:00,dlink-615_EXT,40:86:CB:27:D2:0C,-27, WPA2 ,0.000000,0.000000,0.000,0.000,AP
2026-05-15 10:57:05,1900-01-00 00:00:00,,9C:2F:9D:82:20:A3,-27,,0.000000,0.000000,0.000,0.000,Client
2026-05-15 10:57:05,1900-01-00 00:00:00,dlink-615_EXT,40:86:CB:27:D2:0C,-27, WPA2 ,0.000000,0.000000,0.000,0.000,AP
2026-05-15 10:57:05,1900-01-00 00:00:00,,9C:2F:9D:82:20:A3,-27,,0.000000,0.000000,0.000,0.000,Client
2026-05-15 10:57:05,1900-01-00 00:00:00,dlink-615_EXT,40:86:CB:27:D2:0C,-27, WPA2 ,0.000000,0.000000,0.000,0.000,AP
2026-05-15 10:57:05,1900-01-00 00:00:00,,9C:2F:9D:82:20:A3,-27,,0.000000,0.000000,0.000,0.000,Client
2026-05-15 10:57:05,1900-01-00 00:00:00,dlink-615_EXT,40:86:CB:27:D2:0C,-29, WPA2 ,0.000000,0.000000,0.000,0.000,AP
2026-05-15 10:57:05,1900-01-00 00:00:00,,9C:2F:9D:82:20:A3,-29,,0.000000,0.000000,0.000,0.000,Client
2026-05-15 10:57:05,1900-01-00 00:00:00,dlink-615_EXT,40:86:CB:27:D2:0C,-29, WPA2 ,0.000000,0.000000,0.000,0.000,AP
2026-05-15 10:57:05,1900-01-00 00:00:00,,9C:2F:9D:82:20:A3,-29,,0.000000,0.000000,0.000,0.000,Client
2026-05-15 10:57:05,1900-01-00 00:00:00,dlink-615_EXT,40:86:CB:27:D2:0C,-29, WPA2 ,0.000000,0.000000,0.000,0.000,AP
2026-05-15 10:57:05,1900-01-00 00:00:00,,9C:2F:9D:82:20:A3,-29,,0.000000,0.000000,0.000,0.000,Client
2026-05-15 10:57:05,1900-01-00 00:00:00,dlink-615_EXT,40:86:CB:27:D2:0C,-29, WPA2 ,0.000000,0.000000,0.000,0.000,AP
2026-05-15 10:57:05,1900-01-00 00:00:00,,9C:2F:9D:82:20:A3,-29,,0.000000,0.000000,0.000,0.000,Client
2026-05-15 10:57:05,1900-01-00 00:00:00,dlink-615_EXT,40:86:CB:27:D2:0C,-29, WPA2 ,0.000000,0.000000,0.000,0.000,AP
2026-05-15 10:57:05,1900-01-00 00:00:00,,9C:2F:9D:82:20:A3,-29,,0.000000,0.000000,0.000,0.000,Client
2026-05-15 10:57:05,1900-01-00 00:00:00,dlink-615_EXT,40:86:CB:27:D2:0C,-27, WPA2 ,0.000000,0.000000,0.000,0.000,AP
2026-05-15 10:57:05,1900-01-00 00:00:00,,9C:2F:9D:82:20:A3,-27,,0.000000,0.000000,0.000,0.000,Client
2026-05-15 10:57:05,1900-01-00 00:00:00,dlink-615_EXT,40:86:CB:27:D2:0C,-27, WPA2 ,0.000000,0.000000,0.000,0.000,AP
2026-05-15 10:57:05,1900-01-00 00:00:00,,9C:2F:9D:82:20:A3,-29,,0.000000,0.000000,0.000,0.000,Client
2026-05-15 10:57:05,1900-01-00 00:00:00,dlink-615_EXT,40:86:CB:27:D2:0C,-29, WPA2 ,0.000000,0.000000,0.000,0.000,AP
2026-05-15 10:57:05,1900-01-00 00:00:00,,9C:2F:9D:82:20:A3,-29,,0.000000,0.000000,0.000,0.000,Client
2026-05-15 10:57:05,1900-01-00 00:00:00,dlink-615_EXT,40:86:CB:27:D2:0C,-29, WPA2 ,0.000000,0.000000,0.000,0.000,AP
2026-05-15 10:57:05,1900-01-00 00:00:00,,9C:2F:9D:82:20:A3,-29,,0.000000,0.000000,0.000,0.000,Client
2026-05-15 10:57:05,1900-01-00 00:00:00,dlink-615_EXT,40:86:CB:27:D2:0C,-27, WPA2 ,0.000000,0.000000,0.000,0.000,AP
2026-05-15 10:57:05,1900-01-00 00:00:00,,9C:2F:9D:82:20:A3,-27,,0.000000,0.000000,0.000,0.000,Client
2026-05-15 10:57:05,1900-01-00 00:00:00,dlink-615_EXT,40:86:CB:27:D2:0C,-27, WPA2 ,0.000000,0.000000,0.000,0.000,AP
2026-05-15 10:57:05,1900-01-00 00:00:00,,9C:2F:9D:82:20:A3,-27,,0.000000,0.000000,0.000,0.000,Client
2026-05-15 10:57:05,1900-01-00 00:00:00,dlink-615_EXT,40:86:CB:27:D2:0C,-27, WPA2 ,0.000000,0.000000,0.000,0.000,AP
2026-05-15 10:57:05,1900-01-00 00:00:00,,9C:2F:9D:82:20:A3,-27,,0.000000,0.000000,0.000,0.000,Client
2026-05-15 10:57:05,1900-01-00 00:00:00,dlink-615_EXT,40:86:CB:27:D2:0C,-27, WPA2 ,0.000000,0.000000,0.000,0.000,AP
2026-05-15 10:57:05,1900-01-00 00:00:00,,9C:2F:9D:82:20:A3,-27,,0.000000,0.000000,0.000,0.000,Client
2026-05-15 10:57:05,1900-01-00 00:00:00,dlink-615_EXT,40:86:CB:27:D2:0C,-27, WPA2 ,0.000000,0.000000,0.000,0.000,AP
2026-05-15 10:57:05,1900-01-00 00:00:00,,9C:2F:9D:82:20:A3,-27,,0.000000,0.000000,0.000,0.000,Client
2026-05-15 10:57:05,1900-01-00 00:00:00,dlink-615_EXT,40:86:CB:27:D2:0C,-29, WPA2 ,0.000000,0.000000,0.000,0.000,AP
2026-05-15 10:57:05,1900-01-00 00:00:00,,9C:2F:9D:82:20:A3,-29,,0.000000,0.000000,0.000,0.000,Client
2026-05-15 10:57:05,1900-01-00 00:00:00,dlink-615_EXT,40:86:CB:27:D2:0C,-29, WPA2 ,0.000000,0.000000,0.000,0.000,AP
2026-05-15 10:57:05,1900-01-00 00:00:00,,9C:2F:9D:82:20:A3,-29,,0.000000,0.000000,0.000,0.000,Client
2026-05-15 10:57:05,1900-01-00 00:00:00,dlink-615_EXT,40:86:CB:27:D2:0C,-27, WPA2 ,0.000000,0.000000,0.000,0.000,AP
2026-05-15 10:57:05,1900-01-00 00:00:00,,9C:2F:9D:82:20:A3,-27,,0.000000,0.000000,0.000,0.000,Client
2026-05-15 10:57:05,1900-01-00 00:00:00,dlink-615_EXT,40:86:CB:27:D2:0C,-29, WPA2 ,0.000000,0.000000,0.000,0.000,AP
2026-05-15 10:57:05,1900-01-00 00:00:00,,9C:2F:9D:82:20:A3,-29,,0.000000,0.000000,0.000,0.000,Client
2026-05-15 10:57:05,1900-01-00 00:00:00,dlink-615_EXT,40:86:CB:27:D2:0C,-25, WPA2 ,0.000000,0.000000,0.000,0.000,AP
2026-05-15 10:57:05,1900-01-00 00:00:00,,9C:2F:9D:82:20:A3,-25,,0.000000,0.000000,0.000,0.000,Client
2026-05-15 10:57:05,1900-01-00 00:00:00,dlink-615_EXT,40:86:CB:27:D2:0C,-27, WPA2 ,0.000000,0.000000,0.000,0.000,AP
2026-05-15 10:57:05,1900-01-00 00:00:00,,9C:2F:9D:82:20:A3,-27,,0.000000,0.000000,0.000,0.000,Client
2026-05-15 10:57:05,1900-01-00 00:00:00,dlink-615_EXT,40:86:CB:27:D2:0C,-29, WPA2 ,0.000000,0.000000,0.000,0.000,AP
2026-05-15 10:57:05,1900-01-00 00:00:00,,9C:2F:9D:82:20:A3,-29,,0.000000,0.000000,0.000,0.000,Client
2026-05-15 10:57:05,1900-01-00 00:00:00,dlink-615_EXT,40:86:CB:27:D2:0C,-29, WPA2 ,0.000000,0.000000,0.000,0.000,AP
2026-05-15 10:57:05,1900-01-00 00:00:00,,9C:2F:9D:82:20:A3,-29,,0.000000,0.000000,0.000,0.000,Client
2026-05-15 10:57:05,1900-01-00 00:00:00,dlink-615_EXT,40:86:CB:27:D2:0C,-27, WPA2 ,0.000000,0.000000,0.000,0.000,AP
2026-05-15 10:57:05,1900-01-00 00:00:00,,9C:2F:9D:82:20:A3,-27,,0.000000,0.000000,0.000,0.000,Client
2026-05-15 10:57:05,1900-01-00 00:00:00,dlink-615_EXT,40:86:CB:27:D2:0C,-29, WPA2 ,0.000000,0.000000,0.000,0.000,AP
2026-05-15 10:57:05,1900-01-00 00:00:00,,9C:2F:9D:82:20:A3,-29,,0.000000,0.000000,0.000,0.000,Client
2026-05-15 10:57:05,1900-01-00 00:00:00,dlink-615_EXT,40:86:CB:27:D2:0C,-29, WPA2 ,0.000000,0.000000,0.000,0.000,AP
2026-05-15 10:57:05,1900-01-00 00:00:00,,9C:2F:9D:82:20:A3,-29,,0.000000,0.000000,0.000,0.000,Client
2026-05-15 10:57:05,1900-01-00 00:00:00,dlink-615_EXT,40:86:CB:27:D2:0C,-27, WPA2 ,0.000000,0.000000,0.000,0.000,AP
2026-05-15 10:57:05,1900-01-00 00:00:00,,9C:2F:9D:82:20:A3,-27,,0.000000,0.000000,0.000,0.000,Client
2026-05-15 10:57:05,1900-01-00 00:00:00,dlink-615_EXT,40:86:CB:27:D2:0C,-29, WPA2 ,0.000000,0.000000,0.000,0.000,AP
2026-05-15 10:57:05,1900-01-00 00:00:00,,9C:2F:9D:82:20:A3,-29,,0.000000,0.000000,0.000,0.000,Client
2026-05-15 10:57:05,1900-01-00 00:00:00,dlink-615_EXT,40:86:CB:27:D2:0C,-29, WPA2 ,0.000000,0.000000,0.000,0.000,AP
2026-05-15 10:57:05,1900-01-00 00:00:00,,9C:2F:9D:82:20:A3,-29,,0.000000,0.000000,0.000,0.000,Client
2026-05-15 10:57:05,1900-01-00 00:00:00,dlink-615_EXT,40:86:CB:27:D2:0C,-27, WPA2 ,0.000000,0.000000,0.000,0.000,AP
2026-05-15 10:57:05,1900-01-00 00:00:00,,9C:2F:9D:82:20:A3,-27,,0.000000,0.000000,0.000,0.000,Client
2026-05-15 10:57:05,1900-01-00 00:00:00,dlink-615_EXT,40:86:CB:27:D2:0C,-29, WPA2 ,0.000000,0.000000,0.000,0.000,AP
2026-05-15 10:57:05,1900-01-00 00:00:00,,9C:2F:9D:82:20:A3,-29,,0.000000,0.000000,0.000,0.000,Client
2026-05-15 10:57:05,1900-01-00 00:00:00,dlink-615_EXT,40:86:CB:27:D2:0C,-27, WPA2 ,0.000000,0.000000,0.000,0.000,AP
2026-05-15 10:57:05,1900-01-00 00:00:00,,9C:2F:9D:82:20:A3,-27,,0.000000,0.000000,0.000,0.000,Client
2026-05-15 10:57:05,1900-01-00 00:00:00,dlink-615_EXT,40:86:CB:27:D2:0C,-29, WPA2 ,0.000000,0.000000,0.000,0.000,AP
2026-05-15 10:57:05,1900-01-00 00:00:00,,9C:2F:9D:82:20:A3,-29,,0.000000,0.000000,0.000,0.000,Client
2026-05-15 10:57:05,1900-01-00 00:00:00,dlink-615_EXT,40:86:CB:27:D2:0C,-29, WPA2 ,0.000000,0.000000,0.000,0.000,AP
2026-05-15 10:57:05,1900-01-00 00:00:00,,9C:2F:9D:82:20:A3,-29,,0.000000,0.000000,0.000,0.000,Client
2026-05-15 10:57:05,1900-01-00 00:00:00,dlink-615_EXT,40:86:CB:27:D2:0C,-29, WPA2 ,0.000000,0.000000,0.000,0.000,AP
2026-05-15 10:57:05,1900-01-00 00:00:00,,9C:2F:9D:82:20:A3,-29,,0.000000,0.000000,0.000,0.000,Client
2026-05-15 10:57:05,1900-01-00 00:00:00,dlink-615_EXT,40:86:CB:27:D2:0C,-27, WPA2 ,0.000000,0.000000,0.000,0.000,AP
2026-05-15 10:57:05,1900-01-00 00:00:00,,9C:2F:9D:82:20:A3,-27,,0.000000,0.000000,0.000,0.000,Client
2026-05-15 10:57:05,1900-01-00 00:00:00,dlink-615_EXT,40:86:CB:27:D2:0C,-29, WPA2 ,0.000000,0.000000,0.000,0.000,AP
2026-05-15 10:57:05,1900-01-00 00:00:00,,9C:2F:9D:82:20:A3,-29,,0.000000,0.000000,0.000,0.000,Client
2026-05-15 10:57:05,1900-01-00 00:00:00,dlink-615_EXT,40:86:CB:27:D2:0C,-27, WPA2 ,0.000000,0.000000,0.000,0.000,AP
2026-05-15 10:57:05,1900-01-00 00:00:00,,9C:2F:9D:82:20:A3,-27,,0.000000,0.000000,0.000,0.000,Client
2026-05-15 10:57:05,1900-01-00 00:00:00,dlink-615_EXT,40:86:CB:27:D2:0C,-27, WPA2 ,0.000000,0.000000,0.000,0.000,AP
2026-05-15 10:57:05,1900-01-00 00:00:00,,9C:2F:9D:82:20:A3,-27,,0.000000,0.000000,0.000,0.000,Client
2026-05-15 10:57:05,1900-01-00 00:00:00,dlink-615_EXT,40:86:CB:27:D2:0C,-27, WPA2 ,0.000000,0.000000,0.000,0.000,AP
2026-05-15 10:57:05,1900-01-00 00:00:00,,9C:2F:9D:82:20:A3,-27,,0.000000,0.000000,0.000,0.000,Client
2026-05-15 10:57:05,1900-01-00 00:00:00,dlink-615_EXT,40:86:CB:27:D2:0C,-27, WPA2 ,0.000000,0.000000,0.000,0.000,AP
2026-05-15 10:57:05,1900-01-00 00:00:00,,9C:2F:9D:82:20:A3,-29,,0.000000,0.000000,0.000,0.000,Client
2026-05-15 10:57:05,1900-01-00 00:00:00,dlink-615_EXT,40:86:CB:27:D2:0C,-27, WPA2 ,0.000000,0.000000,0.000,0.000,AP
2026-05-15 10:57:05,1900-01-00 00:00:00,,9C:2F:9D:82:20:A3,-27,,0.000000,0.000000,0.000,0.000,Client
2026-05-15 10:57:05,1900-01-00 00:00:00,dlink-615_EXT,40:86:CB:27:D2:0C,-29, WPA2 ,0.000000,0.000000,0.000,0.000,AP
2026-05-15 10:57:05,1900-01-00 00:00:00,,9C:2F:9D:82:20:A3,-29,,0.000000,0.000000,0.000,0.000,Client
2026-05-15 10:57:05,1900-01-00 00:00:00,dlink-615_EXT,40:86:CB:27:D2:0C,-27, WPA2 ,0.000000,0.000000,0.000,0.000,AP
2026-05-15 10:57:05,1900-01-00 00:00:00,,9C:2F:9D:82:20:A3,-27,,0.000000,0.000000,0.000,0.000,Client
2026-05-15 10:57:05,1900-01-00 00:00:00,dlink-615_EXT,40:86:CB:27:D2:0C,-27, WPA2 ,0.000000,0.000000,0.000,0.000,AP
2026-05-15 10:57:05,1900-01-00 00:00:00,,9C:2F:9D:82:20:A3,-27,,0.000000,0.000000,0.000,0.000,Client
2026-05-15 10:57:05,1900-01-00 00:00:00,dlink-615_EXT,40:86:CB:27:D2:0C,-27, WPA2 ,0.000000,0.000000,0.000,0.000,AP
2026-05-15 10:57:05,1900-01-00 00:00:00,,9C:2F:9D:82:20:A3,-27,,0.000000,0.000000,0.000,0.000,Client
2026-05-15 10:57:05,1900-01-00 00:00:00,dlink-615_EXT,40:86:CB:27:D2:0C,-29, WPA2 ,0.000000,0.000000,0.000,0.000,AP
2026-05-15 10:57:05,1900-01-00 00:00:00,,9C:2F:9D:82:20:A3,-29,,0.000000,0.000000,0.000,0.000,Client
2026-05-15 10:57:05,1900-01-00 00:00:00,dlink-615_EXT,40:86:CB:27:D2:0C,-29, WPA2 ,0.000000,0.000000,0.000,0.000,AP
2026-05-15 10:57:05,1900-01-00 00:00:00,,9C:2F:9D:82:20:A3,-29,,0.000000,0.000000,0.000,0.000,Client
2026-05-15 10:57:05,1900-01-00 00:00:00,dlink-615_EXT,40:86:CB:27:D2:0C,-29, WPA2 ,0.000000,0.000000,0.000,0.000,AP
2026-05-15 10:57:05,1900-01-00 00:00:00,,9C:2F:9D:82:20:A3,-29,,0.000000,0.000000,0.000,0.000,Client
2026-05-15 10:57:05,1900-01-00 00:00:00,dlink-615_EXT,40:86:CB:27:D2:0C,-25, WPA2 ,0.000000,0.000000,0.000,0.000,AP
2026-05-15 10:57:05,1900-01-00 00:00:00,,9C:2F:9D:82:20:A3,-25,,0.000000,0.000000,0.000,0.000,Client
2026-05-15 10:57:05,1900-01-00 00:00:00,dlink-615_EXT,40:86:CB:27:D2:0C,-29, WPA2 ,0.000000,0.000000,0.000,0.000,AP
2026-05-15 10:57:05,1900-01-00 00:00:00,,9C:2F:9D:82:20:A3,-29,,0.000000,0.000000,0.000,0.000,Client
2026-05-15 10:57:05,1900-01-00 00:00:00,dlink-615_EXT,40:86:CB:27:D2:0C,-27, WPA2 ,0.000000,0.000000,0.000,0.000,AP
2026-05-15 10:57:05,1900-01-00 00:00:00,,9C:2F:9D:82:20:A3,-27,,0.000000,0.000000,0.000,0.000,Client
2026-05-15 10:57:05,1900-01-00 00:00:00,dlink-615_EXT,40:86:CB:27:D2:0C,-29, WPA2 ,0.000000,0.000000,0.000,0.000,AP
2026-05-15 10:57:05,1900-01-00 00:00:00,,9C:2F:9D:82:20:A3,-29,,0.000000,0.000000,0.000,0.000,Client
2026-05-15 10:57:05,1900-01-00 00:00:00,dlink-615_EXT,40:86:CB:27:D2:0C,-29, WPA2 ,0.000000,0.000000,0.000,0.000,AP
2026-05-15 10:57:05,1900-01-00 00:00:00,,9C:2F:9D:82:20:A3,-29,,0.000000,0.000000,0.000,0.000,Client
2026-05-15 10:57:05,1900-01-00 00:00:00,dlink-615_EXT,40:86:CB:27:D2:0C,-27, WPA2 ,0.000000,0.000000,0.000,0.000,AP
2026-05-15 10:57:05,1900-01-00 00:00:00,,9C:2F:9D:82:20:A3,-27,,0.000000,0.000000,0.000,0.000,Client
2026-05-15 10:57:05,1900-01-00 00:00:00,dlink-615_EXT,40:86:CB:27:D2:0C,-27, WPA2 ,0.000000,0.000000,0.000,0.000,AP
2026-05-15 10:57:05,1900-01-00 00:00:00,,9C:2F:9D:82:20:A3,-27,,0.000000,0.000000,0.000,0.000,Client
2026-05-15 10:57:05,1900-01-00 00:00:00,dlink-615_EXT,40:86:CB:27:D2:0C,-29, WPA2 ,0.000000,0.000000,0.000,0.000,AP
2026-05-15 10:57:05,1900-01-00 00:00:00,,9C:2F:9D:82:20:A3,-29,,0.000000,0.000000,0.000,0.000,Client
2026-05-15 10:57:05,1900-01-00 00:00:00,dlink-615_EXT,40:86:CB:27:D2:0C,-29, WPA2 ,0.000000,0.000000,0.000,0.000,AP
2026-05-15 10:57:05,1900-01-00 00:00:00,,9C:2F:9D:82:20:A3,-29,,0.000000,0.000000,0.000,0.000,Client
2026-05-15 10:57:05,1900-01-00 00:00:00,dlink-615_EXT,40:86:CB:27:D2:0C,-27, WPA2 ,0.000000,0.000000,0.000,0.000,AP
2026-05-15 10:57:05,1900-01-00 00:00:00,,9C:2F:9D:82:20:A3,-27,,0.000000,0.000000,0.000,0.000,Client
2026-05-15 10:57:05,1900-01-00 00:00:00,dlink-615_EXT,40:86:CB:27:D2:0C,-29, WPA2 ,0.000000,0.000000,0.000,0.000,AP
2026-05-15 10:57:05,1900-01-00 00:00:00,,9C:2F:9D:82:20:A3,-29,,0.000000,0.000000,0.000,0.000,Client
2026-05-15 10:57:05,1900-01-00 00:00:00,dlink-615_EXT,40:86:CB:27:D2:0C,-27, WPA2 ,0.000000,0.000000,0.000,0.000,AP
2026-05-15 10:57:05,1900-01-00 00:00:00,,9C:2F:9D:82:20:A3,-27,,0.000000,0.000000,0.000,0.000,Client
2026-05-15 10:57:05,1900-01-00 00:00:00,dlink-615_EXT,40:86:CB:27:D2:0C,-29, WPA2 ,0.000000,0.000000,0.000,0.000,AP
2026-05-15 10:57:05,1900-01-00 00:00:00,,9C:2F:9D:82:20:A3,-29,,0.000000,0.000000,0.000,0.000,Client
2026-05-15 10:57:05,1900-01-00 00:00:00,dlink-615_EXT,40:86:CB:27:D2:0C,-29, WPA2 ,0.000000,0.000000,0.000,0.000,AP
2026-05-15 10:57:05,1900-01-00 00:00:00,,9C:2F:9D:82:20:A3,-29,,0.000000,0.000000,0.000,0.000,Client
2026-05-15 10:57:05,1900-01-00 00:00:00,dlink-615_EXT,40:86:CB:27:D2:0C,-29, WPA2 ,0.000000,0.000000,0.000,0.000,AP
2026-05-15 10:57:05,1900-01-00 00:00:00,,9C:2F:9D:82:20:A3,-29,,0.000000,0.000000,0.000,0.000,Client
2026-05-15 10:57:05,1900-01-00 00:00:00,dlink-615_EXT,40:86:CB:27:D2:0C,-29, WPA2 ,0.000000,0.000000,0.000,0.000,AP
2026-05-15 10:57:05,1900-01-00 00:00:00,,9C:2F:9D:82:20:A3,-29,,0.000000,0.000000,0.000,0.000,Client
2026-05-15 10:57:05,1900-01-00 00:00:00,dlink-615_EXT,40:86:CB:27:D2:0C,-25, WPA2 ,0.000000,0.000000,0.000,0.000,AP
2026-05-15 10:57:05,1900-01-00 00:00:00,,9C:2F:9D:82:20:A3,-25,,0.000000,0.000000,0.000,0.000,Client
2026-05-15 10:57:05,1900-01-00 00:00:00,dlink-615_EXT,40:86:CB:27:D2:0C,-29, WPA2 ,0.000000,0.000000,0.000,0.000,AP
2026-05-15 10:57:05,1900-01-00 00:00:00,,9C:2F:9D:82:20:A3,-29,,0.000000,0.000000,0.000,0.000,Client
2026-05-15 10:57:05,1900-01-00 00:00:00,dlink-615_EXT,40:86:CB:27:D2:0C,-27, WPA2 ,0.000000,0.000000,0.000,0.000,AP
2026-05-15 10:57:05,1900-01-00 00:00:00,,9C:2F:9D:82:20:A3,-27,,0.000000,0.000000,0.000,0.000,Client
2026-05-15 10:57:05,1900-01-00 00:00:00,dlink-615_EXT,40:86:CB:27:D2:0C,-29, WPA2 ,0.000000,0.000000,0.000,0.000,AP
2026-05-15 10:57:05,1900-01-00 00:00:00,,9C:2F:9D:82:20:A3,-29,,0.000000,0.000000,0.000,0.000,Client
2026-05-15 10:57:05,1900-01-00 00:00:00,dlink-615_EXT,40:86:CB:27:D2:0C,-27, WPA2 ,0.000000,0.000000,0.000,0.000,AP
2026-05-15 10:57:05,1900-01-00 00:00:00,,9C:2F:9D:82:20:A3,-27,,0.000000,0.000000,0.000,0.000,Client
2026-05-15 10:57:05,1900-01-00 00:00:00,dlink-615_EXT,40:86:CB:27:D2:0C,-27, WPA2 ,0.000000,0.000000,0.000,0.000,AP
2026-05-15 10:57:05,1900-01-00 00:00:00,,9C:2F:9D:82:20:A3,-27,,0.000000,0.000000,0.000,0.000,Client
2026-05-15 10:57:05,1900-01-00 00:00:00,dlink-615_EXT,40:86:CB:27:D2:0C,-27, WPA2 ,0.000000,0.000000,0.000,0.000,AP
2026-05-15 10:57:05,1900-01-00 00:00:00,,9C:2F:9D:82:20:A3,-27,,0.000000,0.000000,0.000,0.000,Client
2026-05-15 10:57:05,1900-01-00 00:00:00,dlink-615_EXT,40:86:CB:27:D2:0C,-29, WPA2 ,0.000000,0.000000,0.000,0.000,AP
2026-05-15 10:57:05,1900-01-00 00:00:00,,9C:2F:9D:82:20:A3,-29,,0.000000,0.000000,0.000,0.000,Client
2026-05-15 10:57:05,1900-01-00 00:00:00,dlink-615_EXT,40:86:CB:27:D2:0C,-29, WPA2 ,0.000000,0.000000,0.000,0.000,AP
2026-05-15 10:57:05,1900-01-00 00:00:00,,9C:2F:9D:82:20:A3,-29,,0.000000,0.000000,0.000,0.000,Client
2026-05-15 10:57:05,1900-01-00 00:00:00,dlink-615_EXT,40:86:CB:27:D2:0C,-27, WPA2 ,0.000000,0.000000,0.000,0.000,AP
2026-05-15 10:57:05,1900-01-00 00:00:00,,9C:2F:9D:82:20:A3,-27,,0.000000,0.000000,0.000,0.000,Client
2026-05-15 10:57:05,1900-01-00 00:00:00,dlink-615_EXT,40:86:CB:27:D2:0C,-31, WPA2 ,0.000000,0.000000,0.000,0.000,AP
2026-05-15 10:57:05,1900-01-00 00:00:00,,9C:2F:9D:82:20:A3,-31,,0.000000,0.000000,0.000,0.000,Client
2026-05-15 10:57:05,1900-01-00 00:00:00,dlink-615_EXT,40:86:CB:27:D2:0C,-29, WPA2 ,0.000000,0.000000,0.000,0.000,AP
2026-05-15 10:57:05,1900-01-00 00:00:00,,9C:2F:9D:82:20:A3,-29,,0.000000,0.000000,0.000,0.000,Client
2026-05-15 10:57:05,1900-01-00 00:00:00,dlink-615_EXT,40:86:CB:27:D2:0C,-27, WPA2 ,0.000000,0.000000,0.000,0.000,AP
2026-05-15 10:57:05,1900-01-00 00:00:00,,9C:2F:9D:82:20:A3,-27,,0.000000,0.000000,0.000,0.000,Client
2026-05-15 10:57:05,1900-01-00 00:00:00,dlink-615_EXT,40:86:CB:27:D2:0C,-29, WPA2 ,0.000000,0.000000,0.000,0.000,AP
2026-05-15 10:57:05,1900-01-00 00:00:00,,9C:2F:9D:82:20:A3,-29,,0.000000,0.000000,0.000,0.000,Client
2026-05-15 10:57:05,1900-01-00 00:00:00,dlink-615_EXT,40:86:CB:27:D2:0C,-29, WPA2 ,0.000000,0.000000,0.000,0.000,AP
2026-05-15 10:57:05,1900-01-00 00:00:00,,9C:2F:9D:82:20:A3,-29,,0.000000,0.000000,0.000,0.000,Client
2026-05-15 10:57:05,1900-01-00 00:00:00,dlink-615_EXT,40:86:CB:27:D2:0C,-27, WPA2 ,0.000000,0.000000,0.000,0.000,AP
2026-05-15 10:57:05,1900-01-00 00:00:00,,9C:2F:9D:82:20:A3,-27,,0.000000,0.000000,0.000,0.000,Client
2026-05-15 10:57:05,1900-01-00 00:00:00,dlink-615_EXT,40:86:CB:27:D2:0C,-29, WPA2 ,0.000000,0.000000,0.000,0.000,AP
2026-05-15 10:57:06,1900-01-00 00:00:00,,9C:2F:9D:82:20:A3,-29,,0.000000,0.000000,0.000,0.000,Client
2026-05-15 10:57:06,1900-01-00 00:00:00,dlink-615_EXT,40:86:CB:27:D2:0C,-29, WPA2 ,0.000000,0.000000,0.000,0.000,AP
2026-05-15 10:57:06,1900-01-00 00:00:00,,9C:2F:9D:82:20:A3,-29,,0.000000,0.000000,0.000,0.000,Client
2026-05-15 10:57:06,1900-01-00 00:00:00,dlink-615_EXT,40:86:CB:27:D2:0C,-27, WPA2 ,0.000000,0.000000,0.000,0.000,AP
2026-05-15 10:57:06,1900-01-00 00:00:00,,9C:2F:9D:82:20:A3,-27,,0.000000,0.000000,0.000,0.000,Client
2026-05-15 10:57:06,1900-01-00 00:00:00,dlink-615_EXT,40:86:CB:27:D2:0C,-27, WPA2 ,0.000000,0.000000,0.000,0.000,AP
2026-05-15 10:57:06,1900-01-00 00:00:00,,9C:2F:9D:82:20:A3,-27,,0.000000,0.000000,0.000,0.000,Client
2026-05-15 10:57:06,1900-01-00 00:00:00,dlink-615_EXT,40:86:CB:27:D2:0C,-29, WPA2 ,0.000000,0.000000,0.000,0.000,AP
2026-05-15 10:57:06,1900-01-00 00:00:00,,9C:2F:9D:82:20:A3,-29,,0.000000,0.000000,0.000,0.000,Client
2026-05-15 10:57:06,1900-01-00 00:00:00,dlink-615_EXT,40:86:CB:27:D2:0C,-29, WPA2 ,0.000000,0.000000,0.000,0.000,AP
2026-05-15 10:57:06,1900-01-00 00:00:00,,9C:2F:9D:82:20:A3,-29,,0.000000,0.000000,0.000,0.000,Client
2026-05-15 10:57:06,1900-01-00 00:00:00,dlink-615_EXT,40:86:CB:27:D2:0C,-29, WPA2 ,0.000000,0.000000,0.000,0.000,AP
2026-05-15 10:57:06,1900-01-00 00:00:00,,9C:2F:9D:82:20:A3,-27,,0.000000,0.000000,0.000,0.000,Client
2026-05-15 10:57:06,1900-01-00 00:00:00,dlink-615_EXT,40:86:CB:27:D2:0C,-27, WPA2 ,0.000000,0.000000,0.000,0.000,AP
2026-05-15 10:57:06,1900-01-00 00:00:00,,9C:2F:9D:82:20:A3,-27,,0.000000,0.000000,0.000,0.000,Client
2026-05-15 10:57:06,1900-01-00 00:00:00,dlink-615_EXT,40:86:CB:27:D2:0C,-27, WPA2 ,0.000000,0.000000,0.000,0.000,AP
2026-05-15 10:57:06,1900-01-00 00:00:00,,9C:2F:9D:82:20:A3,-27,,0.000000,0.000000,0.000,0.000,Client
2026-05-15 10:57:06,1900-01-00 00:00:00,dlink-615_EXT,40:86:CB:27:D2:0C,-29, WPA2 ,0.000000,0.000000,0.000,0.000,AP
2026-05-15 10:57:06,1900-01-00 00:00:00,,9C:2F:9D:82:20:A3,-29,,0.000000,0.000000,0.000,0.000,Client
2026-05-15 10:57:06,1900-01-00 00:00:00,dlink-615_EXT,40:86:CB:27:D2:0C,-29, WPA2 ,0.000000,0.000000,0.000,0.000,AP
2026-05-15 10:57:06,1900-01-00 00:00:00,,9C:2F:9D:82:20:A3,-29,,0.000000,0.000000,0.000,0.000,Client
2026-05-15 10:57:06,1900-01-00 00:00:00,dlink-615_EXT,40:86:CB:27:D2:0C,-27, WPA2 ,0.000000,0.000000,0.000,0.000,AP
2026-05-15 10:57:06,1900-01-00 00:00:00,,9C:2F:9D:82:20:A3,-27,,0.000000,0.000000,0.000,0.000,Client
2026-05-15 10:57:06,1900-01-00 00:00:00,dlink-615_EXT,40:86:CB:27:D2:0C,-27, WPA2 ,0.000000,0.000000,0.000,0.000,AP
2026-05-15 10:57:06,1900-01-00 00:00:00,,9C:2F:9D:82:20:A3,-27,,0.000000,0.000000,0.000,0.000,Client
2026-05-15 10:57:06,1900-01-00 00:00:00,dlink-615_EXT,40:86:CB:27:D2:0C,-29, WPA2 ,0.000000,0.000000,0.000,0.000,AP
2026-05-15 10:57:06,1900-01-00 00:00:00,,9C:2F:9D:82:20:A3,-29,,0.000000,0.000000,0.000,0.000,Client
2026-05-15 10:57:06,1900-01-00 00:00:00,dlink-615_EXT,40:86:CB:27:D2:0C,-31, WPA2 ,0.000000,0.000000,0.000,0.000,AP
2026-05-15 10:57:06,1900-01-00 00:00:00,,9C:2F:9D:82:20:A3,-31,,0.000000,0.000000,0.000,0.000,Client
2026-05-15 10:57:06,1900-01-00 00:00:00,dlink-615_EXT,40:86:CB:27:D2:0C,-29, WPA2 ,0.000000,0.000000,0.000,0.000,AP
2026-05-15 10:57:06,1900-01-00 00:00:00,,9C:2F:9D:82:20:A3,-29,,0.000000,0.000000,0.000,0.000,Client
2026-05-15 10:57:06,1900-01-00 00:00:00,dlink-615_EXT,40:86:CB:27:D2:0C,-29, WPA2 ,0.000000,0.000000,0.000,0.000,AP
2026-05-15 10:57:06,1900-01-00 00:00:00,,9C:2F:9D:82:20:A3,-29,,0.000000,0.000000,0.000,0.000,Client
2026-05-15 10:57:06,1900-01-00 00:00:00,dlink-615_EXT,40:86:CB:27:D2:0C,-29, WPA2 ,0.000000,0.000000,0.000,0.000,AP
2026-05-15 10:57:06,1900-01-00 00:00:00,,9C:2F:9D:82:20:A3,-29,,0.000000,0.000000,0.000,0.000,Client
2026-05-15 10:57:06,1900-01-00 00:00:00,dlink-615_EXT,40:86:CB:27:D2:0C,-29, WPA2 ,0.000000,0.000000,0.000,0.000,AP
2026-05-15 10:57:06,1900-01-00 00:00:00,,9C:2F:9D:82:20:A3,-27,,0.000000,0.000000,0.000,0.000,Client
2026-05-15 10:57:06,1900-01-00 00:00:00,dlink-615_EXT,40:86:CB:27:D2:0C,-27, WPA2 ,0.000000,0.000000,0.000,0.000,AP
2026-05-15 10:57:06,1900-01-00 00:00:00,,9C:2F:9D:82:20:A3,-27,,0.000000,0.000000,0.000,0.000,Client
2026-05-15 10:57:06,1900-01-00 00:00:00,dlink-615_EXT,40:86:CB:27:D2:0C,-29, WPA2 ,0.000000,0.000000,0.000,0.000,AP
2026-05-15 10:57:06,1900-01-00 00:00:00,,9C:2F:9D:82:20:A3,-29,,0.000000,0.000000,0.000,0.000,Client
2026-05-15 10:57:06,1900-01-00 00:00:00,dlink-615_EXT,40:86:CB:27:D2:0C,-27, WPA2 ,0.000000,0.000000,0.000,0.000,AP
2026-05-15 10:57:06,1900-01-00 00:00:00,,9C:2F:9D:82:20:A3,-27,,0.000000,0.000000,0.000,0.000,Client
2026-05-15 10:57:06,1900-01-00 00:00:00,dlink-615_EXT,40:86:CB:27:D2:0C,-29, WPA2 ,0.000000,0.000000,0.000,0.000,AP
2026-05-15 10:57:06,1900-01-00 00:00:00,,9C:2F:9D:82:20:A3,-29,,0.000000,0.000000,0.000,0.000,Client
2026-05-15 10:57:06,1900-01-00 00:00:00,dlink-615_EXT,40:86:CB:27:D2:0C,-29, WPA2 ,0.000000,0.000000,0.000,0.000,AP
2026-05-15 10:57:06,1900-01-00 00:00:00,,9C:2F:9D:82:20:A3,-29,,0.000000,0.000000,0.000,0.000,Client
2026-05-15 10:57:06,1900-01-00 00:00:00,dlink-615_EXT,40:86:CB:27:D2:0C,-27, WPA2 ,0.000000,0.000000,0.000,0.000,AP
2026-05-15 10:57:06,1900-01-00 00:00:00,,9C:2F:9D:82:20:A3,-27,,0.000000,0.000000,0.000,0.000,Client
2026-05-15 10:57:06,1900-01-00 00:00:00,dlink-615_EXT,40:86:CB:27:D2:0C,-29, WPA2 ,0.000000,0.000000,0.000,0.000,AP
2026-05-15 10:57:06,1900-01-00 00:00:00,,9C:2F:9D:82:20:A3,-29,,0.000000,0.000000,0.000,0.000,Client
2026-05-15 10:57:06,1900-01-00 00:00:00,dlink-615_EXT,40:86:CB:27:D2:0C,-29, WPA2 ,0.000000,0.000000,0.000,0.000,AP
2026-05-15 10:57:06,1900-01-00 00:00:00,,9C:2F:9D:82:20:A3,-29,,0.000000,0.000000,0.000,0.000,Client
2026-05-15 10:57:06,1900-01-00 00:00:00,dlink-615_EXT,40:86:CB:27:D2:0C,-29, WPA2 ,0.000000,0.000000,0.000,0.000,AP
2026-05-15 10:57:06,1900-01-00 00:00:00,,9C:2F:9D:82:20:A3,-29,,0.000000,0.000000,0.000,0.000,Client
2026-05-15 10:57:06,1900-01-00 00:00:00,dlink-615_EXT,40:86:CB:27:D2:0C,-29, WPA2 ,0.000000,0.000000,0.000,0.000,AP
2026-05-15 10:57:06,1900-01-00 00:00:00,,9C:2F:9D:82:20:A3,-29,,0.000000,0.000000,0.000,0.000,Client
2026-05-15 10:57:06,1900-01-00 00:00:00,dlink-615_EXT,40:86:CB:27:D2:0C,-29, WPA2 ,0.000000,0.000000,0.000,0.000,AP
2026-05-15 10:57:06,1900-01-00 00:00:00,,9C:2F:9D:82:20:A3,-29,,0.000000,0.000000,0.000,0.000,Client
2026-05-15 10:57:06,1900-01-00 00:00:00,dlink-615_EXT,40:86:CB:27:D2:0C,-29, WPA2 ,0.000000,0.000000,0.000,0.000,AP
2026-05-15 10:57:06,1900-01-00 00:00:00,,9C:2F:9D:82:20:A3,-29,,0.000000,0.000000,0.000,0.000,Client
2026-05-15 10:57:06,1900-01-00 00:00:00,dlink-615_EXT,40:86:CB:27:D2:0C,-29, WPA2 ,0.000000,0.000000,0.000,0.000,AP
2026-05-15 10:57:06,1900-01-00 00:00:00,,9C:2F:9D:82:20:A3,-29,,0.000000,0.000000,0.000,0.000,Client
2026-05-15 10:57:06,1900-01-00 00:00:00,dlink-615_EXT,40:86:CB:27:D2:0C,-29, WPA2 ,0.000000,0.000000,0.000,0.000,AP
2026-05-15 10:57:06,1900-01-00 00:00:00,,9C:2F:9D:82:20:A3,-29,,0.000000,0.000000,0.000,0.000,Client
2026-05-15 10:57:06,1900-01-00 00:00:00,dlink-615_EXT,40:86:CB:27:D2:0C,-29, WPA2 ,0.000000,0.000000,0.000,0.000,AP
2026-05-15 10:57:06,1900-01-00 00:00:00,,9C:2F:9D:82:20:A3,-29,,0.000000,0.000000,0.000,0.000,Client
2026-05-15 10:57:06,1900-01-00 00:00:00,dlink-615_EXT,40:86:CB:27:D2:0C,-29, WPA2 ,0.000000,0.000000,0.000,0.000,AP
2026-05-15 10:57:06,1900-01-00 00:00:00,,9C:2F:9D:82:20:A3,-29,,0.000000,0.000000,0.000,0.000,Client
2026-05-15 10:57:06,1900-01-00 00:00:00,dlink-615_EXT,40:86:CB:27:D2:0C,-29, WPA2 ,0.000000,0.000000,0.000,0.000,AP
2026-05-15 10:57:06,1900-01-00 00:00:00,,9C:2F:9D:82:20:A3,-29,,0.000000,0.000000,0.000,0.000,Client
2026-05-15 10:57:06,1900-01-00 00:00:00,dlink-615_EXT,40:86:CB:27:D2:0C,-29, WPA2 ,0.000000,0.000000,0.000,0.000,AP
2026-05-15 10:57:06,1900-01-00 00:00:00,,9C:2F:9D:82:20:A3,-29,,0.000000,0.000000,0.000,0.000,Client
2026-05-15 10:57:06,1900-01-00 00:00:00,dlink-615_EXT,40:86:CB:27:D2:0C,-27, WPA2 ,0.000000,0.000000,0.000,0.000,AP
2026-05-15 10:57:06,1900-01-00 00:00:00,,9C:2F:9D:82:20:A3,-27,,0.000000,0.000000,0.000,0.000,Client
2026-05-15 10:57:06,1900-01-00 00:00:00,dlink-615_EXT,40:86:CB:27:D2:0C,-29, WPA2 ,0.000000,0.000000,0.000,0.000,AP
2026-05-15 10:57:06,1900-01-00 00:00:00,,9C:2F:9D:82:20:A3,-29,,0.000000,0.000000,0.000,0.000,Client
2026-05-15 10:57:06,1900-01-00 00:00:00,dlink-615_EXT,40:86:CB:27:D2:0C,-29, WPA2 ,0.000000,0.000000,0.000,0.000,AP
2026-05-15 10:57:06,1900-01-00 00:00:00,,9C:2F:9D:82:20:A3,-29,,0.000000,0.000000,0.000,0.000,Client
2026-05-15 10:57:06,1900-01-00 00:00:00,dlink-615_EXT,40:86:CB:27:D2:0C,-29, WPA2 ,0.000000,0.000000,0.000,0.000,AP
2026-05-15 10:57:06,1900-01-00 00:00:00,,9C:2F:9D:82:20:A3,-29,,0.000000,0.000000,0.000,0.000,Client
2026-05-15 10:57:06,1900-01-00 00:00:00,dlink-615_EXT,40:86:CB:27:D2:0C,-29, WPA2 ,0.000000,0.000000,0.000,0.000,AP
2026-05-15 10:57:06,1900-01-00 00:00:00,,9C:2F:9D:82:20:A3,-29,,0.000000,0.000000,0.000,0.000,Client
2026-05-15 10:57:06,1900-01-00 00:00:00,dlink-615_EXT,40:86:CB:27:D2:0C,-29, WPA2 ,0.000000,0.000000,0.000,0.000,AP
2026-05-15 10:57:06,1900-01-00 00:00:00,,9C:2F:9D:82:20:A3,-29,,0.000000,0.000000,0.000,0.000,Client
2026-05-15 10:57:06,1900-01-00 00:00:00,dlink-615_EXT,40:86:CB:27:D2:0C,-29, WPA2 ,0.000000,0.000000,0.000,0.000,AP
2026-05-15 10:57:06,1900-01-00 00:00:00,,9C:2F:9D:82:20:A3,-29,,0.000000,0.000000,0.000,0.000,Client
2026-05-15 10:57:06,1900-01-00 00:00:00,dlink-615_EXT,40:86:CB:27:D2:0C,-29, WPA2 ,0.000000,0.000000,0.000,0.000,AP
2026-05-15 10:57:06,1900-01-00 00:00:00,,9C:2F:9D:82:20:A3,-29,,0.000000,0.000000,0.000,0.000,Client
2026-05-15 10:57:06,1900-01-00 00:00:00,dlink-615_EXT,40:86:CB:27:D2:0C,-29, WPA2 ,0.000000,0.000000,0.000,0.000,AP
2026-05-15 10:57:06,1900-01-00 00:00:00,,9C:2F:9D:82:20:A3,-29,,0.000000,0.000000,0.000,0.000,Client
2026-05-15 10:57:06,1900-01-00 00:00:00,dlink-615_EXT,40:86:CB:27:D2:0C,-27, WPA2 ,0.000000,0.000000,0.000,0.000,AP
2026-05-15 10:57:06,1900-01-00 00:00:00,,9C:2F:9D:82:20:A3,-27,,0.000000,0.000000,0.000,0.000,Client
2026-05-15 10:57:06,1900-01-00 00:00:00,dlink-615_EXT,40:86:CB:27:D2:0C,-29, WPA2 ,0.000000,0.000000,0.000,0.000,AP
2026-05-15 10:57:06,1900-01-00 00:00:00,,9C:2F:9D:82:20:A3,-29,,0.000000,0.000000,0.000,0.000,Client
2026-05-15 10:57:06,1900-01-00 00:00:00,dlink-615_EXT,40:86:CB:27:D2:0C,-27, WPA2 ,0.000000,0.000000,0.000,0.000,AP
2026-05-15 10:57:06,1900-01-00 00:00:00,,9C:2F:9D:82:20:A3,-27,,0.000000,0.000000,0.000,0.000,Client
2026-05-15 10:57:06,1900-01-00 00:00:00,dlink-615_EXT,40:86:CB:27:D2:0C,-29, WPA2 ,0.000000,0.000000,0.000,0.000,AP
2026-05-15 10:57:06,1900-01-00 00:00:00,,9C:2F:9D:82:20:A3,-29,,0.000000,0.000000,0.000,0.000,Client
2026-05-15 10:57:06,1900-01-00 00:00:00,dlink-615_EXT,40:86:CB:27:D2:0C,-29, WPA2 ,0.000000,0.000000,0.000,0.000,AP
2026-05-15 10:57:06,1900-01-00 00:00:00,,9C:2F:9D:82:20:A3,-29,,0.000000,0.000000,0.000,0.000,Client
2026-05-15 10:57:06,1900-01-00 00:00:00,dlink-615_EXT,40:86:CB:27:D2:0C,-29, WPA2 ,0.000000,0.000000,0.000,0.000,AP
2026-05-15 10:57:06,1900-01-00 00:00:00,,9C:2F:9D:82:20:A3,-29,,0.000000,0.000000,0.000,0.000,Client
2026-05-15 10:57:06,1900-01-00 00:00:00,dlink-615_EXT,40:86:CB:27:D2:0C,-27, WPA2 ,0.000000,0.000000,0.000,0.000,AP
2026-05-15 10:57:06,1900-01-00 00:00:00,,9C:2F:9D:82:20:A3,-27,,0.000000,0.000000,0.000,0.000,Client
2026-05-15 10:57:06,1900-01-00 00:00:00,dlink-615_EXT,40:86:CB:27:D2:0C,-27, WPA2 ,0.000000,0.000000,0.000,0.000,AP
2026-05-15 10:57:06,1900-01-00 00:00:00,,9C:2F:9D:82:20:A3,-27,,0.000000,0.000000,0.000,0.000,Client
2026-05-15 10:57:06,1900-01-00 00:00:00,dlink-615_EXT,40:86:CB:27:D2:0C,-27, WPA2 ,0.000000,0.000000,0.000,0.000,AP
2026-05-15 10:57:06,1900-01-00 00:00:00,,9C:2F:9D:82:20:A3,-27,,0.000000,0.000000,0.000,0.000,Client
2026-05-15 10:57:06,1900-01-00 00:00:00,dlink-615_EXT,40:86:CB:27:D2:0C,-27, WPA2 ,0.000000,0.000000,0.000,0.000,AP
2026-05-15 10:57:06,1900-01-00 00:00:00,,9C:2F:9D:82:20:A3,-27,,0.000000,0.000000,0.000,0.000,Client
2026-05-15 10:57:06,1900-01-00 00:00:00,dlink-615_EXT,40:86:CB:27:D2:0C,-27, WPA2 ,0.000000,0.000000,0.000,0.000,AP
2026-05-15 10:57:06,1900-01-00 00:00:00,,9C:2F:9D:82:20:A3,-27,,0.000000,0.000000,0.000,0.000,Client
2026-05-15 10:57:06,1900-01-00 00:00:00,dlink-615_EXT,40:86:CB:27:D2:0C,-29, WPA2 ,0.000000,0.000000,0.000,0.000,AP
2026-05-15 10:57:06,1900-01-00 00:00:00,,9C:2F:9D:82:20:A3,-29,,0.000000,0.000000,0.000,0.000,Client
2026-05-15 10:57:06,1900-01-00 00:00:00,dlink-615_EXT,40:86:CB:27:D2:0C,-27, WPA2 ,0.000000,0.000000,0.000,0.000,AP
2026-05-15 10:57:06,1900-01-00 00:00:00,,9C:2F:9D:82:20:A3,-27,,0.000000,0.000000,0.000,0.000,Client
2026-05-15 10:57:06,1900-01-00 00:00:00,dlink-615_EXT,40:86:CB:27:D2:0C,-27, WPA2 ,0.000000,0.000000,0.000,0.000,AP
2026-05-15 10:57:06,1900-01-00 00:00:00,,9C:2F:9D:82:20:A3,-27,,0.000000,0.000000,0.000,0.000,Client
2026-05-15 10:57:06,1900-01-00 00:00:00,dlink-615_EXT,40:86:CB:27:D2:0C,-27, WPA2 ,0.000000,0.000000,0.000,0.000,AP
2026-05-15 10:57:06,1900-01-00 00:00:00,,9C:2F:9D:82:20:A3,-27,,0.000000,0.000000,0.000,0.000,Client
2026-05-15 10:57:06,1900-01-00 00:00:00,dlink-615_EXT,40:86:CB:27:D2:0C,-29, WPA2 ,0.000000,0.000000,0.000,0.000,AP
2026-05-15 10:57:06,1900-01-00 00:00:00,,9C:2F:9D:82:20:A3,-29,,0.000000,0.000000,0.000,0.000,Client
2026-05-15 10:57:06,1900-01-00 00:00:00,dlink-615_EXT,40:86:CB:27:D2:0C,-29, WPA2 ,0.000000,0.000000,0.000,0.000,AP
2026-05-15 10:57:06,1900-01-00 00:00:00,,9C:2F:9D:82:20:A3,-29,,0.000000,0.000000,0.000,0.000,Client
2026-05-15 10:57:06,1900-01-00 00:00:00,dlink-615_EXT,40:86:CB:27:D2:0C,-29, WPA2 ,0.000000,0.000000,0.000,0.000,AP
2026-05-15 10:57:06,1900-01-00 00:00:00,,9C:2F:9D:82:20:A3,-27,,0.000000,0.000000,0.000,0.000,Client
2026-05-15 10:57:06,1900-01-00 00:00:00,dlink-615_EXT,40:86:CB:27:D2:0C,-27, WPA2 ,0.000000,0.000000,0.000,0.000,AP
2026-05-15 10:57:06,1900-01-00 00:00:00,,9C:2F:9D:82:20:A3,-27,,0.000000,0.000000,0.000,0.000,Client
2026-05-15 10:57:06,1900-01-00 00:00:00,dlink-615_EXT,40:86:CB:27:D2:0C,-27, WPA2 ,0.000000,0.000000,0.000,0.000,AP
2026-05-15 10:57:06,1900-01-00 00:00:00,,9C:2F:9D:82:20:A3,-29,,0.000000,0.000000,0.000,0.000,Client
2026-05-15 10:57:06,1900-01-00 00:00:00,dlink-615_EXT,40:86:CB:27:D2:0C,-25, WPA2 ,0.000000,0.000000,0.000,0.000,AP
2026-05-15 10:57:06,1900-01-00 00:00:00,,9C:2F:9D:82:20:A3,-25,,0.000000,0.000000,0.000,0.000,Client
2026-05-15 10:57:06,1900-01-00 00:00:00,dlink-615_EXT,40:86:CB:27:D2:0C,-29, WPA2 ,0.000000,0.000000,0.000,0.000,AP
2026-05-15 10:57:06,1900-01-00 00:00:00,,9C:2F:9D:82:20:A3,-29,,0.000000,0.000000,0.000,0.000,Client
2026-05-15 10:57:06,1900-01-00 00:00:00,dlink-615_EXT,40:86:CB:27:D2:0C,-29, WPA2 ,0.000000,0.000000,0.000,0.000,AP
2026-05-15 10:57:06,1900-01-00 00:00:00,,9C:2F:9D:82:20:A3,-29,,0.000000,0.000000,0.000,0.000,Client
2026-05-15 10:57:06,1900-01-00 00:00:00,dlink-615_EXT,40:86:CB:27:D2:0C,-27, WPA2 ,0.000000,0.000000,0.000,0.000,AP
2026-05-15 10:57:06,1900-01-00 00:00:00,,9C:2F:9D:82:20:A3,-27,,0.000000,0.000000,0.000,0.000,Client
2026-05-15 10:57:06,1900-01-00 00:00:00,dlink-615_EXT,40:86:CB:27:D2:0C,-29, WPA2 ,0.000000,0.000000,0.000,0.000,AP
2026-05-15 10:57:06,1900-01-00 00:00:00,,9C:2F:9D:82:20:A3,-29,,0.000000,0.000000,0.000,0.000,Client
2026-05-15 10:57:06,1900-01-00 00:00:00,dlink-615_EXT,40:86:CB:27:D2:0C,-29, WPA2 ,0.000000,0.000000,0.000,0.000,AP
2026-05-15 10:57:06,1900-01-00 00:00:00,,9C:2F:9D:82:20:A3,-29,,0.000000,0.000000,0.000,0.000,Client
2026-05-15 10:57:06,1900-01-00 00:00:00,dlink-615_EXT,40:86:CB:27:D2:0C,-29, WPA2 ,0.000000,0.000000,0.000,0.000,AP
2026-05-15 10:57:06,1900-01-00 00:00:00,,9C:2F:9D:82:20:A3,-27,,0.000000,0.000000,0.000,0.000,Client
2026-05-15 10:57:06,1900-01-00 00:00:00,dlink-615_EXT,40:86:CB:27:D2:0C,-27, WPA2 ,0.000000,0.000000,0.000,0.000,AP
2026-05-15 10:57:06,1900-01-00 00:00:00,,9C:2F:9D:82:20:A3,-27,,0.000000,0.000000,0.000,0.000,Client
2026-05-15 10:57:06,1900-01-00 00:00:00,dlink-615_EXT,40:86:CB:27:D2:0C,-27, WPA2 ,0.000000,0.000000,0.000,0.000,AP
2026-05-15 10:57:06,1900-01-00 00:00:00,,9C:2F:9D:82:20:A3,-27,,0.000000,0.000000,0.000,0.000,Client
2026-05-15 10:57:06,1900-01-00 00:00:00,dlink-615_EXT,40:86:CB:27:D2:0C,-29, WPA2 ,0.000000,0.000000,0.000,0.000,AP
2026-05-15 10:57:06,1900-01-00 00:00:00,,9C:2F:9D:82:20:A3,-29,,0.000000,0.000000,0.000,0.000,Client
2026-05-15 10:57:06,1900-01-00 00:00:00,dlink-615_EXT,40:86:CB:27:D2:0C,-29, WPA2 ,0.000000,0.000000,0.000,0.000,AP
2026-05-15 10:57:06,1900-01-00 00:00:00,,9C:2F:9D:82:20:A3,-29,,0.000000,0.000000,0.000,0.000,Client
2026-05-15 10:57:06,1900-01-00 00:00:00,dlink-615_EXT,40:86:CB:27:D2:0C,-29, WPA2 ,0.000000,0.000000,0.000,0.000,AP
2026-05-15 10:57:06,1900-01-00 00:00:00,,9C:2F:9D:82:20:A3,-29,,0.000000,0.000000,0.000,0.000,Client
2026-05-15 10:57:06,1900-01-00 00:00:00,dlink-615_EXT,40:86:CB:27:D2:0C,-29, WPA2 ,0.000000,0.000000,0.000,0.000,AP
2026-05-15 10:57:06,1900-01-00 00:00:00,,9C:2F:9D:82:20:A3,-29,,0.000000,0.000000,0.000,0.000,Client
2026-05-15 10:57:06,1900-01-00 00:00:00,dlink-615_EXT,40:86:CB:27:D2:0C,-29, WPA2 ,0.000000,0.000000,0.000,0.000,AP
2026-05-15 10:57:06,1900-01-00 00:00:00,,9C:2F:9D:82:20:A3,-27,,0.000000,0.000000,0.000,0.000,Client
2026-05-15 10:57:06,1900-01-00 00:00:00,dlink-615_EXT,40:86:CB:27:D2:0C,-29, WPA2 ,0.000000,0.000000,0.000,0.000,AP
2026-05-15 10:57:06,1900-01-00 00:00:00,,9C:2F:9D:82:20:A3,-29,,0.000000,0.000000,0.000,0.000,Client
2026-05-15 10:57:06,1900-01-00 00:00:00,dlink-615_EXT,40:86:CB:27:D2:0C,-27, WPA2 ,0.000000,0.000000,0.000,0.000,AP
2026-05-15 10:57:06,1900-01-00 00:00:00,,9C:2F:9D:82:20:A3,-27,,0.000000,0.000000,0.000,0.000,Client
2026-05-15 10:57:06,1900-01-00 00:00:00,dlink-615_EXT,40:86:CB:27:D2:0C,-29, WPA2 ,0.000000,0.000000,0.000,0.000,AP
2026-05-15 10:57:06,1900-01-00 00:00:00,,9C:2F:9D:82:20:A3,-29,,0.000000,0.000000,0.000,0.000,Client
2026-05-15 10:57:06,1900-01-00 00:00:00,dlink-615_EXT,40:86:CB:27:D2:0C,-27, WPA2 ,0.000000,0.000000,0.000,0.000,AP
2026-05-15 10:57:06,1900-01-00 00:00:00,,9C:2F:9D:82:20:A3,-27,,0.000000,0.000000,0.000,0.000,Client
2026-05-15 10:57:06,1900-01-00 00:00:00,dlink-615_EXT,40:86:CB:27:D2:0C,-27, WPA2 ,0.000000,0.000000,0.000,0.000,AP
2026-05-15 10:57:06,1900-01-00 00:00:00,,9C:2F:9D:82:20:A3,-27,,0.000000,0.000000,0.000,0.000,Client
2026-05-15 10:57:06,1900-01-00 00:00:00,dlink-615_EXT,40:86:CB:27:D2:0C,-27, WPA2 ,0.000000,0.000000,0.000,0.000,AP
2026-05-15 10:57:06,1900-01-00 00:00:00,,9C:2F:9D:82:20:A3,-27,,0.000000,0.000000,0.000,0.000,Client
2026-05-15 10:57:06,1900-01-00 00:00:00,dlink-615_EXT,40:86:CB:27:D2:0C,-27, WPA2 ,0.000000,0.000000,0.000,0.000,AP
2026-05-15 10:57:06,1900-01-00 00:00:00,,9C:2F:9D:82:20:A3,-27,,0.000000,0.000000,0.000,0.000,Client
2026-05-15 10:57:06,1900-01-00 00:00:00,dlink-615_EXT,40:86:CB:27:D2:0C,-27, WPA2 ,0.000000,0.000000,0.000,0.000,AP
2026-05-15 10:57:06,1900-01-00 00:00:00,,9C:2F:9D:82:20:A3,-27,,0.000000,0.000000,0.000,0.000,Client
2026-05-15 10:57:06,1900-01-00 00:00:00,dlink-615_EXT,40:86:CB:27:D2:0C,-25, WPA2 ,0.000000,0.000000,0.000,0.000,AP
2026-05-15 10:57:06,1900-01-00 00:00:00,,9C:2F:9D:82:20:A3,-25,,0.000000,0.000000,0.000,0.000,Client
2026-05-15 10:57:06,1900-01-00 00:00:00,dlink-615_EXT,40:86:CB:27:D2:0C,-29, WPA2 ,0.000000,0.000000,0.000,0.000,AP
2026-05-15 10:57:06,1900-01-00 00:00:00,,9C:2F:9D:82:20:A3,-29,,0.000000,0.000000,0.000,0.000,Client
2026-05-15 10:57:06,1900-01-00 00:00:00,dlink-615_EXT,40:86:CB:27:D2:0C,-29, WPA2 ,0.000000,0.000000,0.000,0.000,AP
2026-05-15 10:57:06,1900-01-00 00:00:00,,9C:2F:9D:82:20:A3,-29,,0.000000,0.000000,0.000,0.000,Client
2026-05-15 10:57:06,1900-01-00 00:00:00,dlink-615_EXT,40:86:CB:27:D2:0C,-27, WPA2 ,0.000000,0.000000,0.000,0.000,AP
2026-05-15 10:57:06,1900-01-00 00:00:00,,9C:2F:9D:82:20:A3,-27,,0.000000,0.000000,0.000,0.000,Client
2026-05-15 10:57:06,1900-01-00 00:00:00,dlink-615_EXT,40:86:CB:27:D2:0C,-27, WPA2 ,0.000000,0.000000,0.000,0.000,AP
2026-05-15 10:57:06,1900-01-00 00:00:00,,9C:2F:9D:82:20:A3,-27,,0.000000,0.000000,0.000,0.000,Client
2026-05-15 10:57:06,1900-01-00 00:00:00,dlink-615_EXT,40:86:CB:27:D2:0C,-29, WPA2 ,0.000000,0.000000,0.000,0.000,AP
2026-05-15 10:57:06,1900-01-00 00:00:00,,9C:2F:9D:82:20:A3,-29,,0.000000,0.000000,0.000,0.000,Client
2026-05-15 10:57:06,1900-01-00 00:00:00,dlink-615_EXT,40:86:CB:27:D2:0C,-29, WPA2 ,0.000000,0.000000,0.000,0.000,AP
2026-05-15 10:57:06,1900-01-00 00:00:00,,9C:2F:9D:82:20:A3,-29,,0.000000,0.000000,0.000,0.000,Client
2026-05-15 10:57:06,1900-01-00 00:00:00,dlink-615_EXT,40:86:CB:27:D2:0C,-29, WPA2 ,0.000000,0.000000,0.000,0.000,AP
2026-05-15 10:57:06,1900-01-00 00:00:00,,9C:2F:9D:82:20:A3,-29,,0.000000,0.000000,0.000,0.000,Client
2026-05-15 10:57:06,1900-01-00 00:00:00,dlink-615_EXT,40:86:CB:27:D2:0C,-29, WPA2 ,0.000000,0.000000,0.000,0.000,AP
2026-05-15 10:57:06,1900-01-00 00:00:00,,9C:2F:9D:82:20:A3,-29,,0.000000,0.000000,0.000,0.000,Client
2026-05-15 10:57:06,1900-01-00 00:00:00,dlink-615_EXT,40:86:CB:27:D2:0C,-27, WPA2 ,0.000000,0.000000,0.000,0.000,AP
2026-05-15 10:57:06,1900-01-00 00:00:00,,9C:2F:9D:82:20:A3,-27,,0.000000,0.000000,0.000,0.000,Client
2026-05-15 10:57:06,1900-01-00 00:00:00,dlink-615_EXT,40:86:CB:27:D2:0C,-27, WPA2 ,0.000000,0.000000,0.000,0.000,AP
2026-05-15 10:57:06,1900-01-00 00:00:00,,9C:2F:9D:82:20:A3,-27,,0.000000,0.000000,0.000,0.000,Client
2026-05-15 10:57:06,1900-01-00 00:00:00,dlink-615_EXT,40:86:CB:27:D2:0C,-29, WPA2 ,0.000000,0.000000,0.000,0.000,AP
2026-05-15 10:57:06,1900-01-00 00:00:00,,9C:2F:9D:82:20:A3,-29,,0.000000,0.000000,0.000,0.000,Client
2026-05-15 10:57:06,1900-01-00 00:00:00,dlink-615_EXT,40:86:CB:27:D2:0C,-29, WPA2 ,0.000000,0.000000,0.000,0.000,AP
2026-05-15 10:57:06,1900-01-00 00:00:00,,9C:2F:9D:82:20:A3,-27,,0.000000,0.000000,0.000,0.000,Client
2026-05-15 10:57:06,1900-01-00 00:00:00,dlink-615_EXT,40:86:CB:27:D2:0C,-27, WPA2 ,0.000000,0.000000,0.000,0.000,AP
2026-05-15 10:57:06,1900-01-00 00:00:00,,9C:2F:9D:82:20:A3,-27,,0.000000,0.000000,0.000,0.000,Client
2026-05-15 10:57:06,1900-01-00 00:00:00,dlink-615_EXT,40:86:CB:27:D2:0C,-27, WPA2 ,0.000000,0.000000,0.000,0.000,AP
2026-05-15 10:57:06,1900-01-00 00:00:00,,9C:2F:9D:82:20:A3,-27,,0.000000,0.000000,0.000,0.000,Client
2026-05-15 10:57:06,1900-01-00 00:00:00,dlink-615_EXT,40:86:CB:27:D2:0C,-27, WPA2 ,0.000000,0.000000,0.000,0.000,AP
2026-05-15 10:57:06,1900-01-00 00:00:00,,9C:2F:9D:82:20:A3,-27,,0.000000,0.000000,0.000,0.000,Client
2026-05-15 10:57:06,1900-01-00 00:00:00,dlink-615_EXT,40:86:CB:27:D2:0C,-29, WPA2 ,0.000000,0.000000,0.000,0.000,AP
2026-05-15 10:57:06,1900-01-00 00:00:00,,9C:2F:9D:82:20:A3,-29,,0.000000,0.000000,0.000,0.000,Client
2026-05-15 10:57:06,1900-01-00 00:00:00,,9C:2F:9D:82:20:A3,-37,,0.000000,0.000000,0.000,0.000,Client
2026-05-15 10:57:06,1900-01-00 00:00:00,dlink-615_EXT,40:86:CB:27:D2:0C,-29, WPA2 ,0.000000,0.000000,0.000,0.000,AP
2026-05-15 10:57:06,1900-01-00 00:00:00,dlink-615_EXT,40:86:CB:27:D2:0C,-37, WPA2 ,0.000000,0.000000,0.000,0.000,AP
2026-05-15 10:57:06,1900-01-00 00:00:00,,9C:2F:9D:82:20:A3,-37,,0.000000,0.000000,0.000,0.000,Client
2026-05-15 10:57:06,1900-01-00 00:00:00,dlink-615_EXT,40:86:CB:27:D2:0C,-29, WPA2 ,0.000000,0.000000,0.000,0.000,AP
2026-05-15 10:57:06,1900-01-00 00:00:00,,9C:2F:9D:82:20:A3,-35,,0.000000,0.000000,0.000,0.000,Client
2026-05-15 10:57:06,1900-01-00 00:00:00,dlink-615_EXT,40:86:CB:27:D2:0C,-29, WPA2 ,0.000000,0.000000,0.000,0.000,AP
2026-05-15 10:57:06,1900-01-00 00:00:00,,9C:2F:9D:82:20:A3,-37,,0.000000,0.000000,0.000,0.000,Client
2026-05-15 10:57:06,1900-01-00 00:00:00,dlink-615_EXT,40:86:CB:27:D2:0C,-27, WPA2 ,0.000000,0.000000,0.000,0.000,AP
2026-05-15 10:57:06,1900-01-00 00:00:00,,9C:2F:9D:82:20:A3,-37,,0.000000,0.000000,0.000,0.000,Client
2026-05-15 10:57:06,1900-01-00 00:00:00,dlink-615_EXT,40:86:CB:27:D2:0C,-29, WPA2 ,0.000000,0.000000,0.000,0.000,AP
2026-05-15 10:57:06,1900-01-00 00:00:00,,9C:2F:9D:82:20:A3,-35,,0.000000,0.000000,0.000,0.000,Client
2026-05-15 10:57:06,1900-01-00 00:00:00,dlink-615_EXT,40:86:CB:27:D2:0C,-29, WPA2 ,0.000000,0.000000,0.000,0.000,AP
2026-05-15 10:57:06,1900-01-00 00:00:00,,9C:2F:9D:82:20:A3,-39,,0.000000,0.000000,0.000,0.000,Client
2026-05-15 10:57:06,1900-01-00 00:00:00,dlink-615_EXT,40:86:CB:27:D2:0C,-29, WPA2 ,0.000000,0.000000,0.000,0.000,AP
2026-05-15 10:57:06,1900-01-00 00:00:00,,9C:2F:9D:82:20:A3,-29,,0.000000,0.000000,0.000,0.000,Client
2026-05-15 10:57:06,1900-01-00 00:00:00,dlink-615_EXT,40:86:CB:27:D2:0C,-27, WPA2 ,0.000000,0.000000,0.000,0.000,AP
2026-05-15 10:57:06,1900-01-00 00:00:00,,9C:2F:9D:82:20:A3,-27,,0.000000,0.000000,0.000,0.000,Client
2026-05-15 10:57:07,1900-01-00 00:00:00,dlink-615_EXT,40:86:CB:27:D2:0C,-29, WPA2 ,0.000000,0.000000,0.000,0.000,AP
2026-05-15 10:57:07,1900-01-00 00:00:00,,9C:2F:9D:82:20:A3,-29,,0.000000,0.000000,0.000,0.000,Client
2026-05-15 10:57:07,1900-01-00 00:00:00,dlink-615_EXT,40:86:CB:27:D2:0C,-25, WPA2 ,0.000000,0.000000,0.000,0.000,AP
2026-05-15 10:57:07,1900-01-00 00:00:00,,9C:2F:9D:82:20:A3,-25,,0.000000,0.000000,0.000,0.000,Client
2026-05-15 10:57:07,1900-01-00 00:00:00,dlink-615_EXT,40:86:CB:27:D2:0C,-29, WPA2 ,0.000000,0.000000,0.000,0.000,AP
2026-05-15 10:57:07,1900-01-00 00:00:00,,9C:2F:9D:82:20:A3,-29,,0.000000,0.000000,0.000,0.000,Client
2026-05-15 10:57:07,1900-01-00 00:00:00,dlink-615_EXT,40:86:CB:27:D2:0C,-29, WPA2 ,0.000000,0.000000,0.000,0.000,AP
2026-05-15 10:57:07,1900-01-00 00:00:00,,9C:2F:9D:82:20:A3,-29,,0.000000,0.000000,0.000,0.000,Client
2026-05-15 10:57:07,1900-01-00 00:00:00,dlink-615_EXT,40:86:CB:27:D2:0C,-29, WPA2 ,0.000000,0.000000,0.000,0.000,AP
2026-05-15 10:57:07,1900-01-00 00:00:00,,9C:2F:9D:82:20:A3,-29,,0.000000,0.000000,0.000,0.000,Client
2026-05-15 10:57:07,1900-01-00 00:00:00,dlink-615_EXT,40:86:CB:27:D2:0C,-29, WPA2 ,0.000000,0.000000,0.000,0.000,AP
2026-05-15 10:57:07,1900-01-00 00:00:00,,9C:2F:9D:82:20:A3,-29,,0.000000,0.000000,0.000,0.000,Client
2026-05-15 10:57:07,1900-01-00 00:00:00,dlink-615_EXT,40:86:CB:27:D2:0C,-27, WPA2 ,0.000000,0.000000,0.000,0.000,AP
2026-05-15 10:57:07,1900-01-00 00:00:00,,9C:2F:9D:82:20:A3,-27,,0.000000,0.000000,0.000,0.000,Client
2026-05-15 10:57:07,1900-01-00 00:00:00,dlink-615_EXT,40:86:CB:27:D2:0C,-29, WPA2 ,0.000000,0.000000,0.000,0.000,AP
2026-05-15 10:57:07,1900-01-00 00:00:00,,9C:2F:9D:82:20:A3,-29,,0.000000,0.000000,0.000,0.000,Client
2026-05-15 10:57:07,1900-01-00 00:00:00,dlink-615_EXT,40:86:CB:27:D2:0C,-25, WPA2 ,0.000000,0.000000,0.000,0.000,AP
2026-05-15 10:57:07,1900-01-00 00:00:00,,9C:2F:9D:82:20:A3,-25,,0.000000,0.000000,0.000,0.000,Client
2026-05-15 10:57:07,1900-01-00 00:00:00,dlink-615_EXT,40:86:CB:27:D2:0C,-29, WPA2 ,0.000000,0.000000,0.000,0.000,AP
2026-05-15 10:57:07,1900-01-00 00:00:00,,9C:2F:9D:82:20:A3,-29,,0.000000,0.000000,0.000,0.000,Client
2026-05-15 10:57:07,1900-01-00 00:00:00,dlink-615_EXT,40:86:CB:27:D2:0C,-29, WPA2 ,0.000000,0.000000,0.000,0.000,AP
2026-05-15 10:57:07,1900-01-00 00:00:00,,9C:2F:9D:82:20:A3,-29,,0.000000,0.000000,0.000,0.000,Client
2026-05-15 10:57:07,1900-01-00 00:00:00,dlink-615_EXT,40:86:CB:27:D2:0C,-29, WPA2 ,0.000000,0.000000,0.000,0.000,AP
2026-05-15 10:57:07,1900-01-00 00:00:00,,9C:2F:9D:82:20:A3,-29,,0.000000,0.000000,0.000,0.000,Client
2026-05-15 10:57:07,1900-01-00 00:00:00,dlink-615_EXT,40:86:CB:27:D2:0C,-27, WPA2 ,0.000000,0.000000,0.000,0.000,AP
2026-05-15 10:57:07,1900-01-00 00:00:00,,9C:2F:9D:82:20:A3,-27,,0.000000,0.000000,0.000,0.000,Client
2026-05-15 10:57:07,1900-01-00 00:00:00,dlink-615_EXT,40:86:CB:27:D2:0C,-27, WPA2 ,0.000000,0.000000,0.000,0.000,AP
2026-05-15 10:57:07,1900-01-00 00:00:00,,9C:2F:9D:82:20:A3,-27,,0.000000,0.000000,0.000,0.000,Client
2026-05-15 10:57:07,1900-01-00 00:00:00,dlink-615_EXT,40:86:CB:27:D2:0C,-27, WPA2 ,0.000000,0.000000,0.000,0.000,AP
2026-05-15 10:57:07,1900-01-00 00:00:00,,9C:2F:9D:82:20:A3,-27,,0.000000,0.000000,0.000,0.000,Client
2026-05-15 10:57:07,1900-01-00 00:00:00,dlink-615_EXT,40:86:CB:27:D2:0C,-27, WPA2 ,0.000000,0.000000,0.000,0.000,AP
2026-05-15 10:57:07,1900-01-00 00:00:00,,9C:2F:9D:82:20:A3,-27,,0.000000,0.000000,0.000,0.000,Client
2026-05-15 10:57:07,1900-01-00 00:00:00,dlink-615_EXT,40:86:CB:27:D2:0C,-29, WPA2 ,0.000000,0.000000,0.000,0.000,AP
2026-05-15 10:57:07,1900-01-00 00:00:00,,9C:2F:9D:82:20:A3,-29,,0.000000,0.000000,0.000,0.000,Client
2026-05-15 10:57:07,1900-01-00 00:00:00,dlink-615_EXT,40:86:CB:27:D2:0C,-29, WPA2 ,0.000000,0.000000,0.000,0.000,AP
2026-05-15 10:57:07,1900-01-00 00:00:00,,9C:2F:9D:82:20:A3,-29,,0.000000,0.000000,0.000,0.000,Client
2026-05-15 10:57:07,1900-01-00 00:00:00,dlink-615_EXT,40:86:CB:27:D2:0C,-27, WPA2 ,0.000000,0.000000,0.000,0.000,AP
2026-05-15 10:57:07,1900-01-00 00:00:00,,9C:2F:9D:82:20:A3,-27,,0.000000,0.000000,0.000,0.000,Client
2026-05-15 10:57:07,1900-01-00 00:00:00,dlink-615_EXT,40:86:CB:27:D2:0C,-27, WPA2 ,0.000000,0.000000,0.000,0.000,AP
2026-05-15 10:57:07,1900-01-00 00:00:00,,9C:2F:9D:82:20:A3,-27,,0.000000,0.000000,0.000,0.000,Client
2026-05-15 10:57:07,1900-01-00 00:00:00,dlink-615_EXT,40:86:CB:27:D2:0C,-27, WPA2 ,0.000000,0.000000,0.000,0.000,AP
2026-05-15 10:57:07,1900-01-00 00:00:00,,9C:2F:9D:82:20:A3,-27,,0.000000,0.000000,0.000,0.000,Client
2026-05-15 10:57:07,1900-01-00 00:00:00,dlink-615_EXT,40:86:CB:27:D2:0C,-27, WPA2 ,0.000000,0.000000,0.000,0.000,AP
2026-05-15 10:57:07,1900-01-00 00:00:00,,9C:2F:9D:82:20:A3,-27,,0.000000,0.000000,0.000,0.000,Client
2026-05-15 10:57:07,1900-01-00 00:00:00,dlink-615_EXT,40:86:CB:27:D2:0C,-27, WPA2 ,0.000000,0.000000,0.000,0.000,AP
2026-05-15 10:57:07,1900-01-00 00:00:00,,9C:2F:9D:82:20:A3,-27,,0.000000,0.000000,0.000,0.000,Client
2026-05-15 10:57:07,1900-01-00 00:00:00,dlink-615_EXT,40:86:CB:27:D2:0C,-29, WPA2 ,0.000000,0.000000,0.000,0.000,AP
2026-05-15 10:57:07,1900-01-00 00:00:00,,9C:2F:9D:82:20:A3,-29,,0.000000,0.000000,0.000,0.000,Client
2026-05-15 10:57:07,1900-01-00 00:00:00,dlink-615_EXT,40:86:CB:27:D2:0C,-27, WPA2 ,0.000000,0.000000,0.000,0.000,AP
2026-05-15 10:57:07,1900-01-00 00:00:00,,9C:2F:9D:82:20:A3,-27,,0.000000,0.000000,0.000,0.000,Client
2026-05-15 10:57:07,1900-01-00 00:00:00,dlink-615_EXT,40:86:CB:27:D2:0C,-27, WPA2 ,0.000000,0.000000,0.000,0.000,AP
2026-05-15 10:57:07,1900-01-00 00:00:00,,9C:2F:9D:82:20:A3,-29,,0.000000,0.000000,0.000,0.000,Client
2026-05-15 10:57:07,1900-01-00 00:00:00,dlink-615_EXT,40:86:CB:27:D2:0C,-27, WPA2 ,0.000000,0.000000,0.000,0.000,AP
2026-05-15 10:57:07,1900-01-00 00:00:00,,9C:2F:9D:82:20:A3,-27,,0.000000,0.000000,0.000,0.000,Client
2026-05-15 10:57:07,1900-01-00 00:00:00,dlink-615_EXT,40:86:CB:27:D2:0C,-29, WPA2 ,0.000000,0.000000,0.000,0.000,AP
2026-05-15 10:57:07,1900-01-00 00:00:00,,9C:2F:9D:82:20:A3,-29,,0.000000,0.000000,0.000,0.000,Client
2026-05-15 10:57:07,1900-01-00 00:00:00,dlink-615_EXT,40:86:CB:27:D2:0C,-29, WPA2 ,0.000000,0.000000,0.000,0.000,AP
2026-05-15 10:57:07,1900-01-00 00:00:00,,9C:2F:9D:82:20:A3,-29,,0.000000,0.000000,0.000,0.000,Client
2026-05-15 10:57:07,1900-01-00 00:00:00,dlink-615_EXT,40:86:CB:27:D2:0C,-29, WPA2 ,0.000000,0.000000,0.000,0.000,AP
2026-05-15 10:57:07,1900-01-00 00:00:00,,9C:2F:9D:82:20:A3,-29,,0.000000,0.000000,0.000,0.000,Client
2026-05-15 10:57:07,1900-01-00 00:00:00,dlink-615_EXT,40:86:CB:27:D2:0C,-27, WPA2 ,0.000000,0.000000,0.000,0.000,AP
2026-05-15 10:57:07,1900-01-00 00:00:00,,9C:2F:9D:82:20:A3,-27,,0.000000,0.000000,0.000,0.000,Client
2026-05-15 10:57:07,1900-01-00 00:00:00,dlink-615_EXT,40:86:CB:27:D2:0C,-27, WPA2 ,0.000000,0.000000,0.000,0.000,AP
2026-05-15 10:57:07,1900-01-00 00:00:00,,9C:2F:9D:82:20:A3,-27,,0.000000,0.000000,0.000,0.000,Client
2026-05-15 10:57:07,1900-01-00 00:00:00,dlink-615_EXT,40:86:CB:27:D2:0C,-29, WPA2 ,0.000000,0.000000,0.000,0.000,AP
2026-05-15 10:57:07,1900-01-00 00:00:00,,9C:2F:9D:82:20:A3,-29,,0.000000,0.000000,0.000,0.000,Client
2026-05-15 10:57:07,1900-01-00 00:00:00,dlink-615_EXT,40:86:CB:27:D2:0C,-27, WPA2 ,0.000000,0.000000,0.000,0.000,AP
2026-05-15 10:57:07,1900-01-00 00:00:00,,9C:2F:9D:82:20:A3,-27,,0.000000,0.000000,0.000,0.000,Client
2026-05-15 10:57:07,1900-01-00 00:00:00,dlink-615_EXT,40:86:CB:27:D2:0C,-27, WPA2 ,0.000000,0.000000,0.000,0.000,AP
2026-05-15 10:57:07,1900-01-00 00:00:00,,9C:2F:9D:82:20:A3,-27,,0.000000,0.000000,0.000,0.000,Client
2026-05-15 10:57:07,1900-01-00 00:00:00,dlink-615_EXT,40:86:CB:27:D2:0C,-29, WPA2 ,0.000000,0.000000,0.000,0.000,AP
2026-05-15 10:57:07,1900-01-00 00:00:00,,9C:2F:9D:82:20:A3,-29,,0.000000,0.000000,0.000,0.000,Client
2026-05-15 10:57:07,1900-01-00 00:00:00,dlink-615_EXT,40:86:CB:27:D2:0C,-29, WPA2 ,0.000000,0.000000,0.000,0.000,AP
2026-05-15 10:57:07,1900-01-00 00:00:00,,9C:2F:9D:82:20:A3,-29,,0.000000,0.000000,0.000,0.000,Client
2026-05-15 10:57:07,1900-01-00 00:00:00,dlink-615_EXT,40:86:CB:27:D2:0C,-29, WPA2 ,0.000000,0.000000,0.000,0.000,AP
2026-05-15 10:57:07,1900-01-00 00:00:00,,9C:2F:9D:82:20:A3,-29,,0.000000,0.000000,0.000,0.000,Client
2026-05-15 10:57:07,1900-01-00 00:00:00,dlink-615_EXT,40:86:CB:27:D2:0C,-27, WPA2 ,0.000000,0.000000,0.000,0.000,AP
2026-05-15 10:57:07,1900-01-00 00:00:00,,9C:2F:9D:82:20:A3,-27,,0.000000,0.000000,0.000,0.000,Client
2026-05-15 10:57:07,1900-01-00 00:00:00,dlink-615_EXT,40:86:CB:27:D2:0C,-29, WPA2 ,0.000000,0.000000,0.000,0.000,AP
2026-05-15 10:57:07,1900-01-00 00:00:00,,9C:2F:9D:82:20:A3,-29,,0.000000,0.000000,0.000,0.000,Client
2026-05-15 10:57:07,1900-01-00 00:00:00,dlink-615_EXT,40:86:CB:27:D2:0C,-29, WPA2 ,0.000000,0.000000,0.000,0.000,AP
2026-05-15 10:57:07,1900-01-00 00:00:00,,9C:2F:9D:82:20:A3,-27,,0.000000,0.000000,0.000,0.000,Client
2026-05-15 10:57:07,1900-01-00 00:00:00,dlink-615_EXT,40:86:CB:27:D2:0C,-27, WPA2 ,0.000000,0.000000,0.000,0.000,AP
2026-05-15 10:57:07,1900-01-00 00:00:00,,9C:2F:9D:82:20:A3,-27,,0.000000,0.000000,0.000,0.000,Client
2026-05-15 10:57:07,1900-01-00 00:00:00,dlink-615_EXT,40:86:CB:27:D2:0C,-29, WPA2 ,0.000000,0.000000,0.000,0.000,AP
2026-05-15 10:57:07,1900-01-00 00:00:00,,9C:2F:9D:82:20:A3,-29,,0.000000,0.000000,0.000,0.000,Client
2026-05-15 10:57:07,1900-01-00 00:00:00,dlink-615_EXT,40:86:CB:27:D2:0C,-29, WPA2 ,0.000000,0.000000,0.000,0.000,AP
2026-05-15 10:57:07,1900-01-00 00:00:00,,9C:2F:9D:82:20:A3,-29,,0.000000,0.000000,0.000,0.000,Client
2026-05-15 10:57:07,1900-01-00 00:00:00,dlink-615_EXT,40:86:CB:27:D2:0C,-25, WPA2 ,0.000000,0.000000,0.000,0.000,AP
2026-05-15 10:57:07,1900-01-00 00:00:00,,9C:2F:9D:82:20:A3,-25,,0.000000,0.000000,0.000,0.000,Client
2026-05-15 10:57:07,1900-01-00 00:00:00,dlink-615_EXT,40:86:CB:27:D2:0C,-29, WPA2 ,0.000000,0.000000,0.000,0.000,AP
2026-05-15 10:57:07,1900-01-00 00:00:00,,9C:2F:9D:82:20:A3,-29,,0.000000,0.000000,0.000,0.000,Client
2026-05-15 10:57:07,1900-01-00 00:00:00,dlink-615_EXT,40:86:CB:27:D2:0C,-29, WPA2 ,0.000000,0.000000,0.000,0.000,AP
2026-05-15 10:57:07,1900-01-00 00:00:00,,9C:2F:9D:82:20:A3,-29,,0.000000,0.000000,0.000,0.000,Client
2026-05-15 10:57:07,1900-01-00 00:00:00,dlink-615_EXT,40:86:CB:27:D2:0C,-29, WPA2 ,0.000000,0.000000,0.000,0.000,AP
2026-05-15 10:57:07,1900-01-00 00:00:00,,9C:2F:9D:82:20:A3,-29,,0.000000,0.000000,0.000,0.000,Client
2026-05-15 10:57:07,1900-01-00 00:00:00,dlink-615_EXT,40:86:CB:27:D2:0C,-29, WPA2 ,0.000000,0.000000,0.000,0.000,AP
2026-05-15 10:57:07,1900-01-00 00:00:00,,9C:2F:9D:82:20:A3,-29,,0.000000,0.000000,0.000,0.000,Client
2026-05-15 10:57:07,1900-01-00 00:00:00,dlink-615_EXT,40:86:CB:27:D2:0C,-27, WPA2 ,0.000000,0.000000,0.000,0.000,AP
2026-05-15 10:57:07,1900-01-00 00:00:00,,9C:2F:9D:82:20:A3,-27,,0.000000,0.000000,0.000,0.000,Client
2026-05-15 10:57:07,1900-01-00 00:00:00,dlink-615_EXT,40:86:CB:27:D2:0C,-29, WPA2 ,0.000000,0.000000,0.000,0.000,AP
2026-05-15 10:57:07,1900-01-00 00:00:00,,9C:2F:9D:82:20:A3,-29,,0.000000,0.000000,0.000,0.000,Client
2026-05-15 10:57:07,1900-01-00 00:00:00,dlink-615_EXT,40:86:CB:27:D2:0C,-29, WPA2 ,0.000000,0.000000,0.000,0.000,AP
2026-05-15 10:57:07,1900-01-00 00:00:00,,9C:2F:9D:82:20:A3,-29,,0.000000,0.000000,0.000,0.000,Client
2026-05-15 10:57:07,1900-01-00 00:00:00,dlink-615_EXT,40:86:CB:27:D2:0C,-29, WPA2 ,0.000000,0.000000,0.000,0.000,AP
2026-05-15 10:57:07,1900-01-00 00:00:00,,9C:2F:9D:82:20:A3,-29,,0.000000,0.000000,0.000,0.000,Client
2026-05-15 10:57:07,1900-01-00 00:00:00,dlink-615_EXT,40:86:CB:27:D2:0C,-29, WPA2 ,0.000000,0.000000,0.000,0.000,AP
2026-05-15 10:57:07,1900-01-00 00:00:00,,9C:2F:9D:82:20:A3,-29,,0.000000,0.000000,0.000,0.000,Client
2026-05-15 10:57:07,1900-01-00 00:00:00,dlink-615_EXT,40:86:CB:27:D2:0C,-31, WPA2 ,0.000000,0.000000,0.000,0.000,AP
2026-05-15 10:57:07,1900-01-00 00:00:00,,9C:2F:9D:82:20:A3,-31,,0.000000,0.000000,0.000,0.000,Client
2026-05-15 10:57:07,1900-01-00 00:00:00,dlink-615_EXT,40:86:CB:27:D2:0C,-27, WPA2 ,0.000000,0.000000,0.000,0.000,AP
2026-05-15 10:57:07,1900-01-00 00:00:00,,9C:2F:9D:82:20:A3,-27,,0.000000,0.000000,0.000,0.000,Client
2026-05-15 10:57:07,1900-01-00 00:00:00,dlink-615_EXT,40:86:CB:27:D2:0C,-29, WPA2 ,0.000000,0.000000,0.000,0.000,AP
2026-05-15 10:57:07,1900-01-00 00:00:00,,9C:2F:9D:82:20:A3,-29,,0.000000,0.000000,0.000,0.000,Client
2026-05-15 10:57:07,1900-01-00 00:00:00,dlink-615_EXT,40:86:CB:27:D2:0C,-27, WPA2 ,0.000000,0.000000,0.000,0.000,AP
2026-05-15 10:57:07,1900-01-00 00:00:00,,9C:2F:9D:82:20:A3,-27,,0.000000,0.000000,0.000,0.000,Client
2026-05-15 10:57:07,1900-01-00 00:00:00,dlink-615_EXT,40:86:CB:27:D2:0C,-25, WPA2 ,0.000000,0.000000,0.000,0.000,AP
2026-05-15 10:57:07,1900-01-00 00:00:00,,9C:2F:9D:82:20:A3,-25,,0.000000,0.000000,0.000,0.000,Client
2026-05-15 10:57:07,1900-01-00 00:00:00,dlink-615_EXT,40:86:CB:27:D2:0C,-29, WPA2 ,0.000000,0.000000,0.000,0.000,AP
2026-05-15 10:57:07,1900-01-00 00:00:00,,9C:2F:9D:82:20:A3,-29,,0.000000,0.000000,0.000,0.000,Client
2026-05-15 10:57:07,1900-01-00 00:00:00,dlink-615_EXT,40:86:CB:27:D2:0C,-27, WPA2 ,0.000000,0.000000,0.000,0.000,AP
2026-05-15 10:57:07,1900-01-00 00:00:00,,9C:2F:9D:82:20:A3,-27,,0.000000,0.000000,0.000,0.000,Client
2026-05-15 10:57:07,1900-01-00 00:00:00,dlink-615_EXT,40:86:CB:27:D2:0C,-27, WPA2 ,0.000000,0.000000,0.000,0.000,AP
2026-05-15 10:57:07,1900-01-00 00:00:00,,9C:2F:9D:82:20:A3,-27,,0.000000,0.000000,0.000,0.000,Client
2026-05-15 10:57:07,1900-01-00 00:00:00,dlink-615_EXT,40:86:CB:27:D2:0C,-29, WPA2 ,0.000000,0.000000,0.000,0.000,AP
2026-05-15 10:57:07,1900-01-00 00:00:00,,9C:2F:9D:82:20:A3,-29,,0.000000,0.000000,0.000,0.000,Client
2026-05-15 10:57:07,1900-01-00 00:00:00,dlink-615_EXT,40:86:CB:27:D2:0C,-27, WPA2 ,0.000000,0.000000,0.000,0.000,AP
2026-05-15 10:57:07,1900-01-00 00:00:00,,9C:2F:9D:82:20:A3,-27,,0.000000,0.000000,0.000,0.000,Client
2026-05-15 10:57:07,1900-01-00 00:00:00,dlink-615_EXT,40:86:CB:27:D2:0C,-37, WPA2 ,0.000000,0.000000,0.000,0.000,AP
2026-05-15 10:57:07,1900-01-00 00:00:00,,9C:2F:9D:82:20:A3,-37,,0.000000,0.000000,0.000,0.000,Client
2026-05-15 10:57:07,1900-01-00 00:00:00,dlink-615_EXT,40:86:CB:27:D2:0C,-27, WPA2 ,0.000000,0.000000,0.000,0.000,AP
2026-05-15 10:57:07,1900-01-00 00:00:00,,9C:2F:9D:82:20:A3,-27,,0.000000,0.000000,0.000,0.000,Client
2026-05-15 10:57:07,1900-01-00 00:00:00,dlink-615_EXT,40:86:CB:27:D2:0C,-29, WPA2 ,0.000000,0.000000,0.000,0.000,AP
2026-05-15 10:57:07,1900-01-00 00:00:00,,9C:2F:9D:82:20:A3,-37,,0.000000,0.000000,0.000,0.000,Client
2026-05-15 10:57:07,1900-01-00 00:00:00,dlink-615_EXT,40:86:CB:27:D2:0C,-29, WPA2 ,0.000000,0.000000,0.000,0.000,AP
2026-05-15 10:57:07,1900-01-00 00:00:00,,9C:2F:9D:82:20:A3,-37,,0.000000,0.000000,0.000,0.000,Client
2026-05-15 10:57:07,1900-01-00 00:00:00,dlink-615_EXT,40:86:CB:27:D2:0C,-29, WPA2 ,0.000000,0.000000,0.000,0.000,AP
2026-05-15 10:57:07,1900-01-00 00:00:00,,9C:2F:9D:82:20:A3,-37,,0.000000,0.000000,0.000,0.000,Client
2026-05-15 10:57:07,1900-01-00 00:00:00,dlink-615_EXT,40:86:CB:27:D2:0C,-27, WPA2 ,0.000000,0.000000,0.000,0.000,AP
2026-05-15 10:57:07,1900-01-00 00:00:00,,9C:2F:9D:82:20:A3,-35,,0.000000,0.000000,0.000,0.000,Client
2026-05-15 10:57:07,1900-01-00 00:00:00,dlink-615_EXT,40:86:CB:27:D2:0C,-29, WPA2 ,0.000000,0.000000,0.000,0.000,AP
2026-05-15 10:57:07,1900-01-00 00:00:00,,9C:2F:9D:82:20:A3,-35,,0.000000,0.000000,0.000,0.000,Client
2026-05-15 10:57:07,1900-01-00 00:00:00,dlink-615_EXT,40:86:CB:27:D2:0C,-27, WPA2 ,0.000000,0.000000,0.000,0.000,AP
2026-05-15 10:57:07,1900-01-00 00:00:00,,9C:2F:9D:82:20:A3,-27,,0.000000,0.000000,0.000,0.000,Client
2026-05-15 10:57:07,1900-01-00 00:00:00,dlink-615_EXT,40:86:CB:27:D2:0C,-27, WPA2 ,0.000000,0.000000,0.000,0.000,AP
2026-05-15 10:57:07,1900-01-00 00:00:00,,9C:2F:9D:82:20:A3,-37,,0.000000,0.000000,0.000,0.000,Client
2026-05-15 10:57:07,1900-01-00 00:00:00,dlink-615_EXT,40:86:CB:27:D2:0C,-27, WPA2 ,0.000000,0.000000,0.000,0.000,AP
2026-05-15 10:57:07,1900-01-00 00:00:00,,9C:2F:9D:82:20:A3,-27,,0.000000,0.000000,0.000,0.000,Client
2026-05-15 10:57:07,1900-01-00 00:00:00,dlink-615_EXT,40:86:CB:27:D2:0C,-29, WPA2 ,0.000000,0.000000,0.000,0.000,AP
2026-05-15 10:57:07,1900-01-00 00:00:00,,9C:2F:9D:82:20:A3,-35,,0.000000,0.000000,0.000,0.000,Client
2026-05-15 10:57:07,1900-01-00 00:00:00,dlink-615_EXT,40:86:CB:27:D2:0C,-25, WPA2 ,0.000000,0.000000,0.000,0.000,AP
2026-05-15 10:57:07,1900-01-00 00:00:00,,9C:2F:9D:82:20:A3,-25,,0.000000,0.000000,0.000,0.000,Client
2026-05-15 10:57:07,1900-01-00 00:00:00,dlink-615_EXT,40:86:CB:27:D2:0C,-35, WPA2 ,0.000000,0.000000,0.000,0.000,AP
2026-05-15 10:57:07,1900-01-00 00:00:00,,9C:2F:9D:82:20:A3,-37,,0.000000,0.000000,0.000,0.000,Client
2026-05-15 10:57:07,1900-01-00 00:00:00,dlink-615_EXT,40:86:CB:27:D2:0C,-27, WPA2 ,0.000000,0.000000,0.000,0.000,AP
2026-05-15 10:57:07,1900-01-00 00:00:00,,9C:2F:9D:82:20:A3,-37,,0.000000,0.000000,0.000,0.000,Client
2026-05-15 10:57:07,1900-01-00 00:00:00,dlink-615_EXT,40:86:CB:27:D2:0C,-27, WPA2 ,0.000000,0.000000,0.000,0.000,AP
2026-05-15 10:57:07,1900-01-00 00:00:00,,9C:2F:9D:82:20:A3,-27,,0.000000,0.000000,0.000,0.000,Client
2026-05-15 10:57:07,1900-01-00 00:00:00,dlink-615_EXT,40:86:CB:27:D2:0C,-29, WPA2 ,0.000000,0.000000,0.000,0.000,AP
2026-05-15 10:57:07,1900-01-00 00:00:00,,9C:2F:9D:82:20:A3,-37,,0.000000,0.000000,0.000,0.000,Client
2026-05-15 10:57:07,1900-01-00 00:00:00,dlink-615_EXT,40:86:CB:27:D2:0C,-27, WPA2 ,0.000000,0.000000,0.000,0.000,AP
2026-05-15 10:57:07,1900-01-00 00:00:00,,9C:2F:9D:82:20:A3,-27,,0.000000,0.000000,0.000,0.000,Client
2026-05-15 10:57:07,1900-01-00 00:00:00,dlink-615_EXT,40:86:CB:27:D2:0C,-27, WPA2 ,0.000000,0.000000,0.000,0.000,AP
2026-05-15 10:57:07,1900-01-00 00:00:00,,9C:2F:9D:82:20:A3,-27,,0.000000,0.000000,0.000,0.000,Client
2026-05-15 10:57:07,1900-01-00 00:00:00,dlink-615_EXT,40:86:CB:27:D2:0C,-29, WPA2 ,0.000000,0.000000,0.000,0.000,AP
2026-05-15 10:57:07,1900-01-00 00:00:00,,9C:2F:9D:82:20:A3,-37,,0.000000,0.000000,0.000,0.000,Client
2026-05-15 10:57:07,1900-01-00 00:00:00,dlink-615_EXT,40:86:CB:27:D2:0C,-25, WPA2 ,0.000000,0.000000,0.000,0.000,AP
2026-05-15 10:57:07,1900-01-00 00:00:00,,9C:2F:9D:82:20:A3,-37,,0.000000,0.000000,0.000,0.000,Client
2026-05-15 10:57:07,1900-01-00 00:00:00,dlink-615_EXT,40:86:CB:27:D2:0C,-27, WPA2 ,0.000000,0.000000,0.000,0.000,AP
2026-05-15 10:57:07,1900-01-00 00:00:00,,9C:2F:9D:82:20:A3,-37,,0.000000,0.000000,0.000,0.000,Client
2026-05-15 10:57:07,1900-01-00 00:00:00,dlink-615_EXT,40:86:CB:27:D2:0C,-27, WPA2 ,0.000000,0.000000,0.000,0.000,AP
2026-05-15 10:57:07,1900-01-00 00:00:00,,9C:2F:9D:82:20:A3,-37,,0.000000,0.000000,0.000,0.000,Client
2026-05-15 10:57:07,1900-01-00 00:00:00,dlink-615_EXT,40:86:CB:27:D2:0C,-29, WPA2 ,0.000000,0.000000,0.000,0.000,AP
2026-05-15 10:57:07,1900-01-00 00:00:00,,9C:2F:9D:82:20:A3,-39,,0.000000,0.000000,0.000,0.000,Client
2026-05-15 10:57:07,1900-01-00 00:00:00,dlink-615_EXT,40:86:CB:27:D2:0C,-27, WPA2 ,0.000000,0.000000,0.000,0.000,AP
2026-05-15 10:57:07,1900-01-00 00:00:00,,9C:2F:9D:82:20:A3,-27,,0.000000,0.000000,0.000,0.000,Client
2026-05-15 10:57:07,1900-01-00 00:00:00,dlink-615_EXT,40:86:CB:27:D2:0C,-27, WPA2 ,0.000000,0.000000,0.000,0.000,AP
2026-05-15 10:57:07,1900-01-00 00:00:00,,9C:2F:9D:82:20:A3,-41,,0.000000,0.000000,0.000,0.000,Client
2026-05-15 10:57:07,1900-01-00 00:00:00,dlink-615_EXT,40:86:CB:27:D2:0C,-41, WPA2 ,0.000000,0.000000,0.000,0.000,AP
2026-05-15 10:57:07,1900-01-00 00:00:00,,9C:2F:9D:82:20:A3,-29,,0.000000,0.000000,0.000,0.000,Client
2026-05-15 10:57:07,1900-01-00 00:00:00,dlink-615_EXT,40:86:CB:27:D2:0C,-37, WPA2 ,0.000000,0.000000,0.000,0.000,AP
2026-05-15 10:57:07,1900-01-00 00:00:00,,9C:2F:9D:82:20:A3,-39,,0.000000,0.000000,0.000,0.000,Client
2026-05-15 10:57:07,1900-01-00 00:00:00,dlink-615_EXT,40:86:CB:27:D2:0C,-37, WPA2 ,0.000000,0.000000,0.000,0.000,AP
2026-05-15 10:57:07,1900-01-00 00:00:00,,9C:2F:9D:82:20:A3,-41,,0.000000,0.000000,0.000,0.000,Client
2026-05-15 10:57:07,1900-01-00 00:00:00,dlink-615_EXT,40:86:CB:27:D2:0C,-29, WPA2 ,0.000000,0.000000,0.000,0.000,AP
2026-05-15 10:57:07,1900-01-00 00:00:00,,9C:2F:9D:82:20:A3,-29,,0.000000,0.000000,0.000,0.000,Client
2026-05-15 10:57:07,1900-01-00 00:00:00,dlink-615_EXT,40:86:CB:27:D2:0C,-37, WPA2 ,0.000000,0.000000,0.000,0.000,AP
2026-05-15 10:57:07,1900-01-00 00:00:00,,9C:2F:9D:82:20:A3,-41,,0.000000,0.000000,0.000,0.000,Client
2026-05-15 10:57:07,1900-01-00 00:00:00,dlink-615_EXT,40:86:CB:27:D2:0C,-27, WPA2 ,0.000000,0.000000,0.000,0.000,AP
2026-05-15 10:57:07,1900-01-00 00:00:00,,9C:2F:9D:82:20:A3,-41,,0.000000,0.000000,0.000,0.000,Client
2026-05-15 10:57:07,1900-01-00 00:00:00,dlink-615_EXT,40:86:CB:27:D2:0C,-27, WPA2 ,0.000000,0.000000,0.000,0.000,AP
2026-05-15 10:57:07,1900-01-00 00:00:00,,9C:2F:9D:82:20:A3,-27,,0.000000,0.000000,0.000,0.000,Client
2026-05-15 10:57:07,1900-01-00 00:00:00,dlink-615_EXT,40:86:CB:27:D2:0C,-29, WPA2 ,0.000000,0.000000,0.000,0.000,AP
2026-05-15 10:57:07,1900-01-00 00:00:00,,9C:2F:9D:82:20:A3,-29,,0.000000,0.000000,0.000,0.000,Client
2026-05-15 10:57:07,1900-01-00 00:00:00,dlink-615_EXT,40:86:CB:27:D2:0C,-27, WPA2 ,0.000000,0.000000,0.000,0.000,AP
2026-05-15 10:57:07,1900-01-00 00:00:00,,9C:2F:9D:82:20:A3,-41,,0.000000,0.000000,0.000,0.000,Client
2026-05-15 10:57:07,1900-01-00 00:00:00,dlink-615_EXT,40:86:CB:27:D2:0C,-29, WPA2 ,0.000000,0.000000,0.000,0.000,AP
2026-05-15 10:57:07,1900-01-00 00:00:00,,9C:2F:9D:82:20:A3,-29,,0.000000,0.000000,0.000,0.000,Client
2026-05-15 10:57:07,1900-01-00 00:00:00,dlink-615_EXT,40:86:CB:27:D2:0C,-25, WPA2 ,0.000000,0.000000,0.000,0.000,AP
2026-05-15 10:57:07,1900-01-00 00:00:00,,9C:2F:9D:82:20:A3,-25,,0.000000,0.000000,0.000,0.000,Client
2026-05-15 10:57:07,1900-01-00 00:00:00,dlink-615_EXT,40:86:CB:27:D2:0C,-29, WPA2 ,0.000000,0.000000,0.000,0.000,AP
2026-05-15 10:57:07,1900-01-00 00:00:00,,9C:2F:9D:82:20:A3,-29,,0.000000,0.000000,0.000,0.000,Client
2026-05-15 10:57:07,1900-01-00 00:00:00,dlink-615_EXT,40:86:CB:27:D2:0C,-27, WPA2 ,0.000000,0.000000,0.000,0.000,AP
2026-05-15 10:57:07,1900-01-00 00:00:00,,9C:2F:9D:82:20:A3,-27,,0.000000,0.000000,0.000,0.000,Client
2026-05-15 10:57:07,1900-01-00 00:00:00,dlink-615_EXT,40:86:CB:27:D2:0C,-27, WPA2 ,0.000000,0.000000,0.000,0.000,AP
2026-05-15 10:57:07,1900-01-00 00:00:00,,9C:2F:9D:82:20:A3,-39,,0.000000,0.000000,0.000,0.000,Client
2026-05-15 10:57:07,1900-01-00 00:00:00,dlink-615_EXT,40:86:CB:27:D2:0C,-27, WPA2 ,0.000000,0.000000,0.000,0.000,AP
2026-05-15 10:57:07,1900-01-00 00:00:00,,9C:2F:9D:82:20:A3,-39,,0.000000,0.000000,0.000,0.000,Client
2026-05-15 10:57:07,1900-01-00 00:00:00,dlink-615_EXT,40:86:CB:27:D2:0C,-29, WPA2 ,0.000000,0.000000,0.000,0.000,AP
2026-05-15 10:57:07,1900-01-00 00:00:00,,9C:2F:9D:82:20:A3,-29,,0.000000,0.000000,0.000,0.000,Client
2026-05-15 10:57:07,1900-01-00 00:00:00,dlink-615_EXT,40:86:CB:27:D2:0C,-25, WPA2 ,0.000000,0.000000,0.000,0.000,AP
2026-05-15 10:57:07,1900-01-00 00:00:00,,9C:2F:9D:82:20:A3,-39,,0.000000,0.000000,0.000,0.000,Client
2026-05-15 10:57:07,1900-01-00 00:00:00,dlink-615_EXT,40:86:CB:27:D2:0C,-27, WPA2 ,0.000000,0.000000,0.000,0.000,AP
2026-05-15 10:57:07,1900-01-00 00:00:00,,9C:2F:9D:82:20:A3,-27,,0.000000,0.000000,0.000,0.000,Client
2026-05-15 10:57:07,1900-01-00 00:00:00,dlink-615_EXT,40:86:CB:27:D2:0C,-27, WPA2 ,0.000000,0.000000,0.000,0.000,AP
2026-05-15 10:57:07,1900-01-00 00:00:00,,9C:2F:9D:82:20:A3,-27,,0.000000,0.000000,0.000,0.000,Client
2026-05-15 10:57:07,1900-01-00 00:00:00,dlink-615_EXT,40:86:CB:27:D2:0C,-25, WPA2 ,0.000000,0.000000,0.000,0.000,AP
2026-05-15 10:57:07,1900-01-00 00:00:00,,9C:2F:9D:82:20:A3,-25,,0.000000,0.000000,0.000,0.000,Client
2026-05-15 10:57:07,1900-01-00 00:00:00,dlink-615_EXT,40:86:CB:27:D2:0C,-27, WPA2 ,0.000000,0.000000,0.000,0.000,AP
2026-05-15 10:57:07,1900-01-00 00:00:00,,9C:2F:9D:82:20:A3,-27,,0.000000,0.000000,0.000,0.000,Client
2026-05-15 10:57:07,1900-01-00 00:00:00,dlink-615_EXT,40:86:CB:27:D2:0C,-29, WPA2 ,0.000000,0.000000,0.000,0.000,AP
2026-05-15 10:57:07,1900-01-00 00:00:00,,9C:2F:9D:82:20:A3,-29,,0.000000,0.000000,0.000,0.000,Client
2026-05-15 10:57:07,1900-01-00 00:00:00,dlink-615_EXT,40:86:CB:27:D2:0C,-27, WPA2 ,0.000000,0.000000,0.000,0.000,AP
2026-05-15 10:57:07,1900-01-00 00:00:00,,9C:2F:9D:82:20:A3,-27,,0.000000,0.000000,0.000,0.000,Client
2026-05-15 10:57:07,1900-01-00 00:00:00,dlink-615_EXT,40:86:CB:27:D2:0C,-29, WPA2 ,0.000000,0.000000,0.000,0.000,AP
2026-05-15 10:57:07,1900-01-00 00:00:00,,9C:2F:9D:82:20:A3,-29,,0.000000,0.000000,0.000,0.000,Client
2026-05-15 10:57:07,1900-01-00 00:00:00,dlink-615_EXT,40:86:CB:27:D2:0C,-25, WPA2 ,0.000000,0.000000,0.000,0.000,AP
2026-05-15 10:57:07,1900-01-00 00:00:00,,9C:2F:9D:82:20:A3,-25,,0.000000,0.000000,0.000,0.000,Client
2026-05-15 10:57:07,1900-01-00 00:00:00,dlink-615_EXT,40:86:CB:27:D2:0C,-27, WPA2 ,0.000000,0.000000,0.000,0.000,AP
2026-05-15 10:57:07,1900-01-00 00:00:00,,9C:2F:9D:82:20:A3,-27,,0.000000,0.000000,0.000,0.000,Client
2026-05-15 10:57:07,1900-01-00 00:00:00,dlink-615_EXT,40:86:CB:27:D2:0C,-27, WPA2 ,0.000000,0.000000,0.000,0.000,AP
2026-05-15 10:57:07,1900-01-00 00:00:00,,9C:2F:9D:82:20:A3,-27,,0.000000,0.000000,0.000,0.000,Client
2026-05-15 10:57:07,1900-01-00 00:00:00,dlink-615_EXT,40:86:CB:27:D2:0C,-27, WPA2 ,0.000000,0.000000,0.000,0.000,AP
2026-05-15 10:57:07,1900-01-00 00:00:00,,9C:2F:9D:82:20:A3,-29,,0.000000,0.000000,0.000,0.000,Client
2026-05-15 10:57:07,1900-01-00 00:00:00,dlink-615_EXT,40:86:CB:27:D2:0C,-29, WPA2 ,0.000000,0.000000,0.000,0.000,AP
2026-05-15 10:57:07,1900-01-00 00:00:00,,9C:2F:9D:82:20:A3,-29,,0.000000,0.000000,0.000,0.000,Client
2026-05-15 10:57:07,1900-01-00 00:00:00,dlink-615_EXT,40:86:CB:27:D2:0C,-27, WPA2 ,0.000000,0.000000,0.000,0.000,AP
2026-05-15 10:57:07,1900-01-00 00:00:00,,9C:2F:9D:82:20:A3,-27,,0.000000,0.000000,0.000,0.000,Client
2026-05-15 10:57:07,1900-01-00 00:00:00,dlink-615_EXT,40:86:CB:27:D2:0C,-29, WPA2 ,0.000000,0.000000,0.000,0.000,AP
2026-05-15 10:57:07,1900-01-00 00:00:00,,9C:2F:9D:82:20:A3,-29,,0.000000,0.000000,0.000,0.000,Client
2026-05-15 10:57:07,1900-01-00 00:00:00,dlink-615_EXT,40:86:CB:27:D2:0C,-27, WPA2 ,0.000000,0.000000,0.000,0.000,AP
2026-05-15 10:57:07,1900-01-00 00:00:00,,9C:2F:9D:82:20:A3,-27,,0.000000,0.000000,0.000,0.000,Client
2026-05-15 10:57:07,1900-01-00 00:00:00,dlink-615_EXT,40:86:CB:27:D2:0C,-27, WPA2 ,0.000000,0.000000,0.000,0.000,AP
2026-05-15 10:57:07,1900-01-00 00:00:00,,9C:2F:9D:82:20:A3,-27,,0.000000,0.000000,0.000,0.000,Client
2026-05-15 10:57:07,1900-01-00 00:00:00,dlink-615_EXT,40:86:CB:27:D2:0C,-29, WPA2 ,0.000000,0.000000,0.000,0.000,AP
2026-05-15 10:57:07,1900-01-00 00:00:00,,9C:2F:9D:82:20:A3,-29,,0.000000,0.000000,0.000,0.000,Client
2026-05-15 10:57:07,1900-01-00 00:00:00,dlink-615_EXT,40:86:CB:27:D2:0C,-25, WPA2 ,0.000000,0.000000,0.000,0.000,AP
2026-05-15 10:57:07,1900-01-00 00:00:00,,9C:2F:9D:82:20:A3,-25,,0.000000,0.000000,0.000,0.000,Client
2026-05-15 10:57:07,1900-01-00 00:00:00,dlink-615_EXT,40:86:CB:27:D2:0C,-27, WPA2 ,0.000000,0.000000,0.000,0.000,AP
2026-05-15 10:57:07,1900-01-00 00:00:00,,9C:2F:9D:82:20:A3,-27,,0.000000,0.000000,0.000,0.000,Client
2026-05-15 10:57:07,1900-01-00 00:00:00,dlink-615_EXT,40:86:CB:27:D2:0C,-27, WPA2 ,0.000000,0.000000,0.000,0.000,AP
2026-05-15 10:57:07,1900-01-00 00:00:00,,9C:2F:9D:82:20:A3,-27,,0.000000,0.000000,0.000,0.000,Client
2026-05-15 10:57:07,1900-01-00 00:00:00,dlink-615_EXT,40:86:CB:27:D2:0C,-29, WPA2 ,0.000000,0.000000,0.000,0.000,AP
2026-05-15 10:57:07,1900-01-00 00:00:00,,9C:2F:9D:82:20:A3,-29,,0.000000,0.000000,0.000,0.000,Client
2026-05-15 10:57:07,1900-01-00 00:00:00,dlink-615_EXT,40:86:CB:27:D2:0C,-29, WPA2 ,0.000000,0.000000,0.000,0.000,AP
2026-05-15 10:57:07,1900-01-00 00:00:00,,9C:2F:9D:82:20:A3,-27,,0.000000,0.000000,0.000,0.000,Client
2026-05-15 10:57:08,1900-01-00 00:00:00,dlink-615_EXT,40:86:CB:27:D2:0C,-27, WPA2 ,0.000000,0.000000,0.000,0.000,AP
2026-05-15 10:57:08,1900-01-00 00:00:00,,9C:2F:9D:82:20:A3,-27,,0.000000,0.000000,0.000,0.000,Client
2026-05-15 10:57:08,1900-01-00 00:00:00,dlink-615_EXT,40:86:CB:27:D2:0C,-27, WPA2 ,0.000000,0.000000,0.000,0.000,AP
2026-05-15 10:57:08,1900-01-00 00:00:00,,9C:2F:9D:82:20:A3,-27,,0.000000,0.000000,0.000,0.000,Client
2026-05-15 10:57:08,1900-01-00 00:00:00,dlink-615_EXT,40:86:CB:27:D2:0C,-27, WPA2 ,0.000000,0.000000,0.000,0.000,AP
2026-05-15 10:57:08,1900-01-00 00:00:00,,9C:2F:9D:82:20:A3,-27,,0.000000,0.000000,0.000,0.000,Client
2026-05-15 10:57:08,1900-01-00 00:00:00,dlink-615_EXT,40:86:CB:27:D2:0C,-29, WPA2 ,0.000000,0.000000,0.000,0.000,AP
2026-05-15 10:57:08,1900-01-00 00:00:00,,9C:2F:9D:82:20:A3,-29,,0.000000,0.000000,0.000,0.000,Client
2026-05-15 10:57:08,1900-01-00 00:00:00,dlink-615_EXT,40:86:CB:27:D2:0C,-25, WPA2 ,0.000000,0.000000,0.000,0.000,AP
2026-05-15 10:57:08,1900-01-00 00:00:00,,9C:2F:9D:82:20:A3,-25,,0.000000,0.000000,0.000,0.000,Client
2026-05-15 10:57:08,1900-01-00 00:00:00,dlink-615_EXT,40:86:CB:27:D2:0C,-27, WPA2 ,0.000000,0.000000,0.000,0.000,AP
2026-05-15 10:57:08,1900-01-00 00:00:00,,9C:2F:9D:82:20:A3,-27,,0.000000,0.000000,0.000,0.000,Client
2026-05-15 10:57:08,1900-01-00 00:00:00,dlink-615_EXT,40:86:CB:27:D2:0C,-29, WPA2 ,0.000000,0.000000,0.000,0.000,AP
2026-05-15 10:57:08,1900-01-00 00:00:00,,9C:2F:9D:82:20:A3,-29,,0.000000,0.000000,0.000,0.000,Client
2026-05-15 10:57:08,1900-01-00 00:00:00,dlink-615_EXT,40:86:CB:27:D2:0C,-27, WPA2 ,0.000000,0.000000,0.000,0.000,AP
2026-05-15 10:57:08,1900-01-00 00:00:00,,9C:2F:9D:82:20:A3,-27,,0.000000,0.000000,0.000,0.000,Client
2026-05-15 10:57:08,1900-01-00 00:00:00,dlink-615_EXT,40:86:CB:27:D2:0C,-25, WPA2 ,0.000000,0.000000,0.000,0.000,AP
2026-05-15 10:57:08,1900-01-00 00:00:00,,9C:2F:9D:82:20:A3,-25,,0.000000,0.000000,0.000,0.000,Client
2026-05-15 10:57:08,1900-01-00 00:00:00,dlink-615_EXT,40:86:CB:27:D2:0C,-25, WPA2 ,0.000000,0.000000,0.000,0.000,AP
2026-05-15 10:57:08,1900-01-00 00:00:00,,9C:2F:9D:82:20:A3,-25,,0.000000,0.000000,0.000,0.000,Client
2026-05-15 10:57:08,1900-01-00 00:00:00,dlink-615_EXT,40:86:CB:27:D2:0C,-27, WPA2 ,0.000000,0.000000,0.000,0.000,AP
2026-05-15 10:57:08,1900-01-00 00:00:00,,9C:2F:9D:82:20:A3,-27,,0.000000,0.000000,0.000,0.000,Client
2026-05-15 10:57:08,1900-01-00 00:00:00,dlink-615_EXT,40:86:CB:27:D2:0C,-25, WPA2 ,0.000000,0.000000,0.000,0.000,AP
2026-05-15 10:57:08,1900-01-00 00:00:00,,9C:2F:9D:82:20:A3,-25,,0.000000,0.000000,0.000,0.000,Client
2026-05-15 10:57:08,1900-01-00 00:00:00,dlink-615_EXT,40:86:CB:27:D2:0C,-27, WPA2 ,0.000000,0.000000,0.000,0.000,AP
2026-05-15 10:57:08,1900-01-00 00:00:00,,9C:2F:9D:82:20:A3,-27,,0.000000,0.000000,0.000,0.000,Client
2026-05-15 10:57:08,1900-01-00 00:00:00,dlink-615_EXT,40:86:CB:27:D2:0C,-27, WPA2 ,0.000000,0.000000,0.000,0.000,AP
2026-05-15 10:57:08,1900-01-00 00:00:00,,9C:2F:9D:82:20:A3,-27,,0.000000,0.000000,0.000,0.000,Client
2026-05-15 10:57:08,1900-01-00 00:00:00,dlink-615_EXT,40:86:CB:27:D2:0C,-25, WPA2 ,0.000000,0.000000,0.000,0.000,AP
2026-05-15 10:57:08,1900-01-00 00:00:00,,9C:2F:9D:82:20:A3,-25,,0.000000,0.000000,0.000,0.000,Client
2026-05-15 10:57:08,1900-01-00 00:00:00,dlink-615_EXT,40:86:CB:27:D2:0C,-27, WPA2 ,0.000000,0.000000,0.000,0.000,AP
2026-05-15 10:57:08,1900-01-00 00:00:00,,9C:2F:9D:82:20:A3,-27,,0.000000,0.000000,0.000,0.000,Client
2026-05-15 10:57:08,1900-01-00 00:00:00,dlink-615_EXT,40:86:CB:27:D2:0C,-25, WPA2 ,0.000000,0.000000,0.000,0.000,AP
2026-05-15 10:57:08,1900-01-00 00:00:00,,9C:2F:9D:82:20:A3,-25,,0.000000,0.000000,0.000,0.000,Client
2026-05-15 10:57:08,1900-01-00 00:00:00,dlink-615_EXT,40:86:CB:27:D2:0C,-25, WPA2 ,0.000000,0.000000,0.000,0.000,AP
2026-05-15 10:57:08,1900-01-00 00:00:00,,9C:2F:9D:82:20:A3,-25,,0.000000,0.000000,0.000,0.000,Client
2026-05-15 10:57:08,1900-01-00 00:00:00,dlink-615_EXT,40:86:CB:27:D2:0C,-29, WPA2 ,0.000000,0.000000,0.000,0.000,AP
2026-05-15 10:57:08,1900-01-00 00:00:00,,9C:2F:9D:82:20:A3,-29,,0.000000,0.000000,0.000,0.000,Client
2026-05-15 10:57:08,1900-01-00 00:00:00,dlink-615_EXT,40:86:CB:27:D2:0C,-29, WPA2 ,0.000000,0.000000,0.000,0.000,AP
2026-05-15 10:57:08,1900-01-00 00:00:00,,9C:2F:9D:82:20:A3,-29,,0.000000,0.000000,0.000,0.000,Client
2026-05-15 10:57:08,1900-01-00 00:00:00,dlink-615_EXT,40:86:CB:27:D2:0C,-29, WPA2 ,0.000000,0.000000,0.000,0.000,AP
2026-05-15 10:57:08,1900-01-00 00:00:00,,9C:2F:9D:82:20:A3,-29,,0.000000,0.000000,0.000,0.000,Client
2026-05-15 10:57:08,1900-01-00 00:00:00,dlink-615_EXT,40:86:CB:27:D2:0C,-25, WPA2 ,0.000000,0.000000,0.000,0.000,AP
2026-05-15 10:57:08,1900-01-00 00:00:00,,9C:2F:9D:82:20:A3,-25,,0.000000,0.000000,0.000,0.000,Client
2026-05-15 10:57:08,1900-01-00 00:00:00,dlink-615_EXT,40:86:CB:27:D2:0C,-29, WPA2 ,0.000000,0.000000,0.000,0.000,AP
2026-05-15 10:57:08,1900-01-00 00:00:00,,9C:2F:9D:82:20:A3,-29,,0.000000,0.000000,0.000,0.000,Client
2026-05-15 10:57:08,1900-01-00 00:00:00,dlink-615_EXT,40:86:CB:27:D2:0C,-27, WPA2 ,0.000000,0.000000,0.000,0.000,AP
2026-05-15 10:57:08,1900-01-00 00:00:00,,9C:2F:9D:82:20:A3,-27,,0.000000,0.000000,0.000,0.000,Client
2026-05-15 10:57:08,1900-01-00 00:00:00,dlink-615_EXT,40:86:CB:27:D2:0C,-27, WPA2 ,0.000000,0.000000,0.000,0.000,AP
2026-05-15 10:57:08,1900-01-00 00:00:00,,9C:2F:9D:82:20:A3,-27,,0.000000,0.000000,0.000,0.000,Client
2026-05-15 10:57:08,1900-01-00 00:00:00,dlink-615_EXT,40:86:CB:27:D2:0C,-25, WPA2 ,0.000000,0.000000,0.000,0.000,AP
2026-05-15 10:57:08,1900-01-00 00:00:00,,9C:2F:9D:82:20:A3,-25,,0.000000,0.000000,0.000,0.000,Client
2026-05-15 10:57:08,1900-01-00 00:00:00,dlink-615_EXT,40:86:CB:27:D2:0C,-27, WPA2 ,0.000000,0.000000,0.000,0.000,AP
2026-05-15 10:57:08,1900-01-00 00:00:00,,9C:2F:9D:82:20:A3,-27,,0.000000,0.000000,0.000,0.000,Client
2026-05-15 10:57:08,1900-01-00 00:00:00,dlink-615_EXT,40:86:CB:27:D2:0C,-25, WPA2 ,0.000000,0.000000,0.000,0.000,AP
2026-05-15 10:57:08,1900-01-00 00:00:00,,9C:2F:9D:82:20:A3,-25,,0.000000,0.000000,0.000,0.000,Client
2026-05-15 10:57:08,1900-01-00 00:00:00,dlink-615_EXT,40:86:CB:27:D2:0C,-25, WPA2 ,0.000000,0.000000,0.000,0.000,AP
2026-05-15 10:57:08,1900-01-00 00:00:00,,9C:2F:9D:82:20:A3,-25,,0.000000,0.000000,0.000,0.000,Client
2026-05-15 10:57:08,1900-01-00 00:00:00,dlink-615_EXT,40:86:CB:27:D2:0C,-25, WPA2 ,0.000000,0.000000,0.000,0.000,AP
2026-05-15 10:57:08,1900-01-00 00:00:00,,9C:2F:9D:82:20:A3,-25,,0.000000,0.000000,0.000,0.000,Client
2026-05-15 10:57:08,1900-01-00 00:00:00,dlink-615_EXT,40:86:CB:27:D2:0C,-25, WPA2 ,0.000000,0.000000,0.000,0.000,AP
2026-05-15 10:57:08,1900-01-00 00:00:00,,9C:2F:9D:82:20:A3,-25,,0.000000,0.000000,0.000,0.000,Client
2026-05-15 10:57:08,1900-01-00 00:00:00,dlink-615_EXT,40:86:CB:27:D2:0C,-27, WPA2 ,0.000000,0.000000,0.000,0.000,AP
2026-05-15 10:57:08,1900-01-00 00:00:00,,9C:2F:9D:82:20:A3,-27,,0.000000,0.000000,0.000,0.000,Client
2026-05-15 10:57:08,1900-01-00 00:00:00,dlink-615_EXT,40:86:CB:27:D2:0C,-27, WPA2 ,0.000000,0.000000,0.000,0.000,AP
2026-05-15 10:57:08,1900-01-00 00:00:00,,9C:2F:9D:82:20:A3,-27,,0.000000,0.000000,0.000,0.000,Client
2026-05-15 10:57:08,1900-01-00 00:00:00,dlink-615_EXT,40:86:CB:27:D2:0C,-25, WPA2 ,0.000000,0.000000,0.000,0.000,AP
2026-05-15 10:57:08,1900-01-00 00:00:00,,9C:2F:9D:82:20:A3,-25,,0.000000,0.000000,0.000,0.000,Client
2026-05-15 10:57:08,1900-01-00 00:00:00,dlink-615_EXT,40:86:CB:27:D2:0C,-27, WPA2 ,0.000000,0.000000,0.000,0.000,AP
2026-05-15 10:57:08,1900-01-00 00:00:00,,9C:2F:9D:82:20:A3,-27,,0.000000,0.000000,0.000,0.000,Client
2026-05-15 10:57:08,1900-01-00 00:00:00,dlink-615_EXT,40:86:CB:27:D2:0C,-27, WPA2 ,0.000000,0.000000,0.000,0.000,AP
2026-05-15 10:57:08,1900-01-00 00:00:00,,9C:2F:9D:82:20:A3,-27,,0.000000,0.000000,0.000,0.000,Client
2026-05-15 10:57:08,1900-01-00 00:00:00,dlink-615_EXT,40:86:CB:27:D2:0C,-25, WPA2 ,0.000000,0.000000,0.000,0.000,AP
2026-05-15 10:57:08,1900-01-00 00:00:00,,9C:2F:9D:82:20:A3,-25,,0.000000,0.000000,0.000,0.000,Client
2026-05-15 10:57:08,1900-01-00 00:00:00,dlink-615_EXT,40:86:CB:27:D2:0C,-25, WPA2 ,0.000000,0.000000,0.000,0.000,AP
2026-05-15 10:57:08,1900-01-00 00:00:00,,9C:2F:9D:82:20:A3,-29,,0.000000,0.000000,0.000,0.000,Client
2026-05-15 10:57:08,1900-01-00 00:00:00,dlink-615_EXT,40:86:CB:27:D2:0C,-27, WPA2 ,0.000000,0.000000,0.000,0.000,AP
2026-05-15 10:57:08,1900-01-00 00:00:00,,9C:2F:9D:82:20:A3,-27,,0.000000,0.000000,0.000,0.000,Client
2026-05-15 10:57:08,1900-01-00 00:00:00,dlink-615_EXT,40:86:CB:27:D2:0C,-27, WPA2 ,0.000000,0.000000,0.000,0.000,AP
2026-05-15 10:57:08,1900-01-00 00:00:00,,9C:2F:9D:82:20:A3,-27,,0.000000,0.000000,0.000,0.000,Client
2026-05-15 10:57:08,1900-01-00 00:00:00,dlink-615_EXT,40:86:CB:27:D2:0C,-27, WPA2 ,0.000000,0.000000,0.000,0.000,AP
2026-05-15 10:57:08,1900-01-00 00:00:00,,9C:2F:9D:82:20:A3,-27,,0.000000,0.000000,0.000,0.000,Client
2026-05-15 10:57:08,1900-01-00 00:00:00,dlink-615_EXT,40:86:CB:27:D2:0C,-29, WPA2 ,0.000000,0.000000,0.000,0.000,AP
2026-05-15 10:57:08,1900-01-00 00:00:00,,9C:2F:9D:82:20:A3,-29,,0.000000,0.000000,0.000,0.000,Client
2026-05-15 10:57:08,1900-01-00 00:00:00,dlink-615_EXT,40:86:CB:27:D2:0C,-29, WPA2 ,0.000000,0.000000,0.000,0.000,AP
2026-05-15 10:57:08,1900-01-00 00:00:00,,9C:2F:9D:82:20:A3,-29,,0.000000,0.000000,0.000,0.000,Client
2026-05-15 10:57:08,1900-01-00 00:00:00,dlink-615_EXT,40:86:CB:27:D2:0C,-27, WPA2 ,0.000000,0.000000,0.000,0.000,AP
2026-05-15 10:57:08,1900-01-00 00:00:00,,9C:2F:9D:82:20:A3,-27,,0.000000,0.000000,0.000,0.000,Client
2026-05-15 10:57:08,1900-01-00 00:00:00,dlink-615_EXT,40:86:CB:27:D2:0C,-27, WPA2 ,0.000000,0.000000,0.000,0.000,AP
2026-05-15 10:57:08,1900-01-00 00:00:00,,9C:2F:9D:82:20:A3,-27,,0.000000,0.000000,0.000,0.000,Client
2026-05-15 10:57:08,1900-01-00 00:00:00,dlink-615_EXT,40:86:CB:27:D2:0C,-27, WPA2 ,0.000000,0.000000,0.000,0.000,AP
2026-05-15 10:57:08,1900-01-00 00:00:00,,9C:2F:9D:82:20:A3,-27,,0.000000,0.000000,0.000,0.000,Client
2026-05-15 10:57:08,1900-01-00 00:00:00,dlink-615_EXT,40:86:CB:27:D2:0C,-27, WPA2 ,0.000000,0.000000,0.000,0.000,AP
2026-05-15 10:57:08,1900-01-00 00:00:00,,9C:2F:9D:82:20:A3,-27,,0.000000,0.000000,0.000,0.000,Client
2026-05-15 10:57:08,1900-01-00 00:00:00,dlink-615_EXT,40:86:CB:27:D2:0C,-29, WPA2 ,0.000000,0.000000,0.000,0.000,AP
2026-05-15 10:57:08,1900-01-00 00:00:00,,9C:2F:9D:82:20:A3,-29,,0.000000,0.000000,0.000,0.000,Client
2026-05-15 10:57:08,1900-01-00 00:00:00,dlink-615_EXT,40:86:CB:27:D2:0C,-29, WPA2 ,0.000000,0.000000,0.000,0.000,AP
2026-05-15 10:57:08,1900-01-00 00:00:00,,9C:2F:9D:82:20:A3,-29,,0.000000,0.000000,0.000,0.000,Client
2026-05-15 10:57:08,1900-01-00 00:00:00,dlink-615_EXT,40:86:CB:27:D2:0C,-25, WPA2 ,0.000000,0.000000,0.000,0.000,AP
2026-05-15 10:57:08,1900-01-00 00:00:00,,9C:2F:9D:82:20:A3,-25,,0.000000,0.000000,0.000,0.000,Client
2026-05-15 10:57:08,1900-01-00 00:00:00,dlink-615_EXT,40:86:CB:27:D2:0C,-25, WPA2 ,0.000000,0.000000,0.000,0.000,AP
2026-05-15 10:57:08,1900-01-00 00:00:00,,9C:2F:9D:82:20:A3,-25,,0.000000,0.000000,0.000,0.000,Client
2026-05-15 10:57:08,1900-01-00 00:00:00,dlink-615_EXT,40:86:CB:27:D2:0C,-25, WPA2 ,0.000000,0.000000,0.000,0.000,AP
2026-05-15 10:57:08,1900-01-00 00:00:00,,9C:2F:9D:82:20:A3,-25,,0.000000,0.000000,0.000,0.000,Client
2026-05-15 10:57:08,1900-01-00 00:00:00,dlink-615_EXT,40:86:CB:27:D2:0C,-25, WPA2 ,0.000000,0.000000,0.000,0.000,AP
2026-05-15 10:57:08,1900-01-00 00:00:00,,9C:2F:9D:82:20:A3,-25,,0.000000,0.000000,0.000,0.000,Client
2026-05-15 10:57:08,1900-01-00 00:00:00,dlink-615_EXT,40:86:CB:27:D2:0C,-27, WPA2 ,0.000000,0.000000,0.000,0.000,AP
2026-05-15 10:57:08,1900-01-00 00:00:00,,9C:2F:9D:82:20:A3,-27,,0.000000,0.000000,0.000,0.000,Client
2026-05-15 10:57:08,1900-01-00 00:00:00,dlink-615_EXT,40:86:CB:27:D2:0C,-23, WPA2 ,0.000000,0.000000,0.000,0.000,AP
2026-05-15 10:57:08,1900-01-00 00:00:00,,9C:2F:9D:82:20:A3,-23,,0.000000,0.000000,0.000,0.000,Client
2026-05-15 10:57:08,1900-01-00 00:00:00,dlink-615_EXT,40:86:CB:27:D2:0C,-25, WPA2 ,0.000000,0.000000,0.000,0.000,AP
2026-05-15 10:57:08,1900-01-00 00:00:00,,9C:2F:9D:82:20:A3,-25,,0.000000,0.000000,0.000,0.000,Client
2026-05-15 10:57:08,1900-01-00 00:00:00,dlink-615_EXT,40:86:CB:27:D2:0C,-27, WPA2 ,0.000000,0.000000,0.000,0.000,AP
2026-05-15 10:57:08,1900-01-00 00:00:00,,9C:2F:9D:82:20:A3,-27,,0.000000,0.000000,0.000,0.000,Client
2026-05-15 10:57:08,1900-01-00 00:00:00,dlink-615_EXT,40:86:CB:27:D2:0C,-25, WPA2 ,0.000000,0.000000,0.000,0.000,AP
2026-05-15 10:57:08,1900-01-00 00:00:00,,9C:2F:9D:82:20:A3,-25,,0.000000,0.000000,0.000,0.000,Client
2026-05-15 10:57:08,1900-01-00 00:00:00,dlink-615_EXT,40:86:CB:27:D2:0C,-23, WPA2 ,0.000000,0.000000,0.000,0.000,AP
2026-05-15 10:57:08,1900-01-00 00:00:00,,9C:2F:9D:82:20:A3,-23,,0.000000,0.000000,0.000,0.000,Client
2026-05-15 10:57:08,1900-01-00 00:00:00,dlink-615_EXT,40:86:CB:27:D2:0C,-25, WPA2 ,0.000000,0.000000,0.000,0.000,AP
2026-05-15 10:57:08,1900-01-00 00:00:00,,9C:2F:9D:82:20:A3,-25,,0.000000,0.000000,0.000,0.000,Client
2026-05-15 10:57:08,1900-01-00 00:00:00,dlink-615_EXT,40:86:CB:27:D2:0C,-27, WPA2 ,0.000000,0.000000,0.000,0.000,AP
2026-05-15 10:57:08,1900-01-00 00:00:00,,9C:2F:9D:82:20:A3,-27,,0.000000,0.000000,0.000,0.000,Client
2026-05-15 10:57:08,1900-01-00 00:00:00,dlink-615_EXT,40:86:CB:27:D2:0C,-27, WPA2 ,0.000000,0.000000,0.000,0.000,AP
2026-05-15 10:57:08,1900-01-00 00:00:00,,9C:2F:9D:82:20:A3,-27,,0.000000,0.000000,0.000,0.000,Client
2026-05-15 10:57:08,1900-01-00 00:00:00,dlink-615_EXT,40:86:CB:27:D2:0C,-25, WPA2 ,0.000000,0.000000,0.000,0.000,AP
2026-05-15 10:57:08,1900-01-00 00:00:00,,9C:2F:9D:82:20:A3,-25,,0.000000,0.000000,0.000,0.000,Client
2026-05-15 10:57:08,1900-01-00 00:00:00,dlink-615_EXT,40:86:CB:27:D2:0C,-25, WPA2 ,0.000000,0.000000,0.000,0.000,AP
2026-05-15 10:57:08,1900-01-00 00:00:00,,9C:2F:9D:82:20:A3,-25,,0.000000,0.000000,0.000,0.000,Client
2026-05-15 10:57:08,1900-01-00 00:00:00,dlink-615_EXT,40:86:CB:27:D2:0C,-25, WPA2 ,0.000000,0.000000,0.000,0.000,AP
2026-05-15 10:57:08,1900-01-00 00:00:00,,9C:2F:9D:82:20:A3,-25,,0.000000,0.000000,0.000,0.000,Client
2026-05-15 10:57:08,1900-01-00 00:00:00,dlink-615_EXT,40:86:CB:27:D2:0C,-29, WPA2 ,0.000000,0.000000,0.000,0.000,AP
2026-05-15 10:57:08,1900-01-00 00:00:00,,9C:2F:9D:82:20:A3,-29,,0.000000,0.000000,0.000,0.000,Client
2026-05-15 10:57:08,1900-01-00 00:00:00,dlink-615_EXT,40:86:CB:27:D2:0C,-25, WPA2 ,0.000000,0.000000,0.000,0.000,AP
2026-05-15 10:57:08,1900-01-00 00:00:00,,9C:2F:9D:82:20:A3,-25,,0.000000,0.000000,0.000,0.000,Client
2026-05-15 10:57:08,1900-01-00 00:00:00,dlink-615_EXT,40:86:CB:27:D2:0C,-27, WPA2 ,0.000000,0.000000,0.000,0.000,AP
2026-05-15 10:57:08,1900-01-00 00:00:00,,9C:2F:9D:82:20:A3,-27,,0.000000,0.000000,0.000,0.000,Client
2026-05-15 10:57:08,1900-01-00 00:00:00,dlink-615_EXT,40:86:CB:27:D2:0C,-29, WPA2 ,0.000000,0.000000,0.000,0.000,AP
2026-05-15 10:57:08,1900-01-00 00:00:00,,9C:2F:9D:82:20:A3,-29,,0.000000,0.000000,0.000,0.000,Client
2026-05-15 10:57:08,1900-01-00 00:00:00,dlink-615_EXT,40:86:CB:27:D2:0C,-25, WPA2 ,0.000000,0.000000,0.000,0.000,AP
2026-05-15 10:57:08,1900-01-00 00:00:00,,9C:2F:9D:82:20:A3,-25,,0.000000,0.000000,0.000,0.000,Client
2026-05-15 10:57:08,1900-01-00 00:00:00,dlink-615_EXT,40:86:CB:27:D2:0C,-27, WPA2 ,0.000000,0.000000,0.000,0.000,AP
2026-05-15 10:57:08,1900-01-00 00:00:00,,9C:2F:9D:82:20:A3,-27,,0.000000,0.000000,0.000,0.000,Client
2026-05-15 10:57:08,1900-01-00 00:00:00,dlink-615_EXT,40:86:CB:27:D2:0C,-25, WPA2 ,0.000000,0.000000,0.000,0.000,AP
2026-05-15 10:57:08,1900-01-00 00:00:00,,9C:2F:9D:82:20:A3,-25,,0.000000,0.000000,0.000,0.000,Client
2026-05-15 10:57:08,1900-01-00 00:00:00,dlink-615_EXT,40:86:CB:27:D2:0C,-29, WPA2 ,0.000000,0.000000,0.000,0.000,AP
2026-05-15 10:57:08,1900-01-00 00:00:00,,9C:2F:9D:82:20:A3,-29,,0.000000,0.000000,0.000,0.000,Client
2026-05-15 10:57:08,1900-01-00 00:00:00,dlink-615_EXT,40:86:CB:27:D2:0C,-29, WPA2 ,0.000000,0.000000,0.000,0.000,AP
2026-05-15 10:57:08,1900-01-00 00:00:00,,9C:2F:9D:82:20:A3,-29,,0.000000,0.000000,0.000,0.000,Client
2026-05-15 10:57:08,1900-01-00 00:00:00,dlink-615_EXT,40:86:CB:27:D2:0C,-25, WPA2 ,0.000000,0.000000,0.000,0.000,AP
2026-05-15 10:57:08,1900-01-00 00:00:00,,9C:2F:9D:82:20:A3,-25,,0.000000,0.000000,0.000,0.000,Client
2026-05-15 10:57:08,1900-01-00 00:00:00,dlink-615_EXT,40:86:CB:27:D2:0C,-25, WPA2 ,0.000000,0.000000,0.000,0.000,AP
2026-05-15 10:57:08,1900-01-00 00:00:00,,9C:2F:9D:82:20:A3,-25,,0.000000,0.000000,0.000,0.000,Client
2026-05-15 10:57:08,1900-01-00 00:00:00,dlink-615_EXT,40:86:CB:27:D2:0C,-27, WPA2 ,0.000000,0.000000,0.000,0.000,AP
2026-05-15 10:57:08,1900-01-00 00:00:00,,9C:2F:9D:82:20:A3,-27,,0.000000,0.000000,0.000,0.000,Client
2026-05-15 10:57:08,1900-01-00 00:00:00,dlink-615_EXT,40:86:CB:27:D2:0C,-27, WPA2 ,0.000000,0.000000,0.000,0.000,AP
2026-05-15 10:57:08,1900-01-00 00:00:00,,9C:2F:9D:82:20:A3,-27,,0.000000,0.000000,0.000,0.000,Client
2026-05-15 10:57:08,1900-01-00 00:00:00,dlink-615_EXT,40:86:CB:27:D2:0C,-27, WPA2 ,0.000000,0.000000,0.000,0.000,AP
2026-05-15 10:57:08,1900-01-00 00:00:00,,9C:2F:9D:82:20:A3,-25,,0.000000,0.000000,0.000,0.000,Client
2026-05-15 10:57:08,1900-01-00 00:00:00,dlink-615_EXT,40:86:CB:27:D2:0C,-27, WPA2 ,0.000000,0.000000,0.000,0.000,AP
2026-05-15 10:57:08,1900-01-00 00:00:00,,9C:2F:9D:82:20:A3,-27,,0.000000,0.000000,0.000,0.000,Client
2026-05-15 10:57:08,1900-01-00 00:00:00,dlink-615_EXT,40:86:CB:27:D2:0C,-23, WPA2 ,0.000000,0.000000,0.000,0.000,AP
2026-05-15 10:57:08,1900-01-00 00:00:00,,9C:2F:9D:82:20:A3,-23,,0.000000,0.000000,0.000,0.000,Client
2026-05-15 10:57:08,1900-01-00 00:00:00,dlink-615_EXT,40:86:CB:27:D2:0C,-25, WPA2 ,0.000000,0.000000,0.000,0.000,AP
2026-05-15 10:57:08,1900-01-00 00:00:00,,9C:2F:9D:82:20:A3,-25,,0.000000,0.000000,0.000,0.000,Client
2026-05-15 10:57:08,1900-01-00 00:00:00,dlink-615_EXT,40:86:CB:27:D2:0C,-25, WPA2 ,0.000000,0.000000,0.000,0.000,AP
2026-05-15 10:57:08,1900-01-00 00:00:00,,9C:2F:9D:82:20:A3,-25,,0.000000,0.000000,0.000,0.000,Client
2026-05-15 10:57:08,1900-01-00 00:00:00,dlink-615_EXT,40:86:CB:27:D2:0C,-29, WPA2 ,0.000000,0.000000,0.000,0.000,AP
2026-05-15 10:57:08,1900-01-00 00:00:00,,9C:2F:9D:82:20:A3,-29,,0.000000,0.000000,0.000,0.000,Client
2026-05-15 10:57:08,1900-01-00 00:00:00,dlink-615_EXT,40:86:CB:27:D2:0C,-25, WPA2 ,0.000000,0.000000,0.000,0.000,AP
2026-05-15 10:57:08,1900-01-00 00:00:00,,9C:2F:9D:82:20:A3,-25,,0.000000,0.000000,0.000,0.000,Client
2026-05-15 10:57:08,1900-01-00 00:00:00,dlink-615_EXT,40:86:CB:27:D2:0C,-25, WPA2 ,0.000000,0.000000,0.000,0.000,AP
2026-05-15 10:57:08,1900-01-00 00:00:00,,9C:2F:9D:82:20:A3,-25,,0.000000,0.000000,0.000,0.000,Client
2026-05-15 10:57:08,1900-01-00 00:00:00,dlink-615_EXT,40:86:CB:27:D2:0C,-25, WPA2 ,0.000000,0.000000,0.000,0.000,AP
2026-05-15 10:57:08,1900-01-00 00:00:00,,9C:2F:9D:82:20:A3,-25,,0.000000,0.000000,0.000,0.000,Client
2026-05-15 10:57:08,1900-01-00 00:00:00,dlink-615_EXT,40:86:CB:27:D2:0C,-29, WPA2 ,0.000000,0.000000,0.000,0.000,AP
2026-05-15 10:57:08,1900-01-00 00:00:00,,9C:2F:9D:82:20:A3,-29,,0.000000,0.000000,0.000,0.000,Client
2026-05-15 10:57:08,1900-01-00 00:00:00,dlink-615_EXT,40:86:CB:27:D2:0C,-27, WPA2 ,0.000000,0.000000,0.000,0.000,AP
2026-05-15 10:57:08,1900-01-00 00:00:00,,9C:2F:9D:82:20:A3,-27,,0.000000,0.000000,0.000,0.000,Client
2026-05-15 10:57:08,1900-01-00 00:00:00,dlink-615_EXT,40:86:CB:27:D2:0C,-27, WPA2 ,0.000000,0.000000,0.000,0.000,AP
2026-05-15 10:57:08,1900-01-00 00:00:00,,9C:2F:9D:82:20:A3,-27,,0.000000,0.000000,0.000,0.000,Client
2026-05-15 10:57:08,1900-01-00 00:00:00,dlink-615_EXT,40:86:CB:27:D2:0C,-25, WPA2 ,0.000000,0.000000,0.000,0.000,AP
2026-05-15 10:57:08,1900-01-00 00:00:00,,9C:2F:9D:82:20:A3,-25,,0.000000,0.000000,0.000,0.000,Client
2026-05-15 10:57:08,1900-01-00 00:00:00,dlink-615_EXT,40:86:CB:27:D2:0C,-29, WPA2 ,0.000000,0.000000,0.000,0.000,AP
2026-05-15 10:57:08,1900-01-00 00:00:00,,9C:2F:9D:82:20:A3,-29,,0.000000,0.000000,0.000,0.000,Client
2026-05-15 10:57:08,1900-01-00 00:00:00,dlink-615_EXT,40:86:CB:27:D2:0C,-23, WPA2 ,0.000000,0.000000,0.000,0.000,AP
2026-05-15 10:57:08,1900-01-00 00:00:00,,9C:2F:9D:82:20:A3,-23,,0.000000,0.000000,0.000,0.000,Client
2026-05-15 10:57:08,1900-01-00 00:00:00,dlink-615_EXT,40:86:CB:27:D2:0C,-25, WPA2 ,0.000000,0.000000,0.000,0.000,AP
2026-05-15 10:57:08,1900-01-00 00:00:00,,9C:2F:9D:82:20:A3,-25,,0.000000,0.000000,0.000,0.000,Client
2026-05-15 10:57:08,1900-01-00 00:00:00,dlink-615_EXT,40:86:CB:27:D2:0C,-27, WPA2 ,0.000000,0.000000,0.000,0.000,AP
2026-05-15 10:57:08,1900-01-00 00:00:00,,9C:2F:9D:82:20:A3,-27,,0.000000,0.000000,0.000,0.000,Client
2026-05-15 10:57:08,1900-01-00 00:00:00,dlink-615_EXT,40:86:CB:27:D2:0C,-27, WPA2 ,0.000000,0.000000,0.000,0.000,AP
2026-05-15 10:57:08,1900-01-00 00:00:00,,9C:2F:9D:82:20:A3,-27,,0.000000,0.000000,0.000,0.000,Client
2026-05-15 10:57:08,1900-01-00 00:00:00,dlink-615_EXT,40:86:CB:27:D2:0C,-27, WPA2 ,0.000000,0.000000,0.000,0.000,AP
2026-05-15 10:57:08,1900-01-00 00:00:00,,9C:2F:9D:82:20:A3,-25,,0.000000,0.000000,0.000,0.000,Client
2026-05-15 10:57:08,1900-01-00 00:00:00,dlink-615_EXT,40:86:CB:27:D2:0C,-25, WPA2 ,0.000000,0.000000,0.000,0.000,AP
2026-05-15 10:57:08,1900-01-00 00:00:00,,9C:2F:9D:82:20:A3,-25,,0.000000,0.000000,0.000,0.000,Client
2026-05-15 10:57:08,1900-01-00 00:00:00,dlink-615_EXT,40:86:CB:27:D2:0C,-25, WPA2 ,0.000000,0.000000,0.000,0.000,AP
2026-05-15 10:57:08,1900-01-00 00:00:00,,9C:2F:9D:82:20:A3,-25,,0.000000,0.000000,0.000,0.000,Client
2026-05-15 10:57:08,1900-01-00 00:00:00,dlink-615_EXT,40:86:CB:27:D2:0C,-25, WPA2 ,0.000000,0.000000,0.000,0.000,AP
2026-05-15 10:57:08,1900-01-00 00:00:00,,9C:2F:9D:82:20:A3,-25,,0.000000,0.000000,0.000,0.000,Client
2026-05-15 10:57:08,1900-01-00 00:00:00,dlink-615_EXT,40:86:CB:27:D2:0C,-25, WPA2 ,0.000000,0.000000,0.000,0.000,AP
2026-05-15 10:57:08,1900-01-00 00:00:00,,9C:2F:9D:82:20:A3,-25,,0.000000,0.000000,0.000,0.000,Client
2026-05-15 10:57:08,1900-01-00 00:00:00,dlink-615_EXT,40:86:CB:27:D2:0C,-25, WPA2 ,0.000000,0.000000,0.000,0.000,AP
2026-05-15 10:57:08,1900-01-00 00:00:00,,9C:2F:9D:82:20:A3,-25,,0.000000,0.000000,0.000,0.000,Client
2026-05-15 10:57:08,1900-01-00 00:00:00,dlink-615_EXT,40:86:CB:27:D2:0C,-25, WPA2 ,0.000000,0.000000,0.000,0.000,AP
2026-05-15 10:57:08,1900-01-00 00:00:00,,9C:2F:9D:82:20:A3,-25,,0.000000,0.000000,0.000,0.000,Client
2026-05-15 10:57:08,1900-01-00 00:00:00,dlink-615_EXT,40:86:CB:27:D2:0C,-25, WPA2 ,0.000000,0.000000,0.000,0.000,AP
2026-05-15 10:57:08,1900-01-00 00:00:00,,9C:2F:9D:82:20:A3,-25,,0.000000,0.000000,0.000,0.000,Client
2026-05-15 10:57:08,1900-01-00 00:00:00,dlink-615_EXT,40:86:CB:27:D2:0C,-25, WPA2 ,0.000000,0.000000,0.000,0.000,AP
2026-05-15 10:57:08,1900-01-00 00:00:00,,9C:2F:9D:82:20:A3,-25,,0.000000,0.000000,0.000,0.000,Client
2026-05-15 10:57:08,1900-01-00 00:00:00,dlink-615_EXT,40:86:CB:27:D2:0C,-25, WPA2 ,0.000000,0.000000,0.000,0.000,AP
2026-05-15 10:57:08,1900-01-00 00:00:00,,9C:2F:9D:82:20:A3,-25,,0.000000,0.000000,0.000,0.000,Client
2026-05-15 10:57:08,1900-01-00 00:00:00,dlink-615_EXT,40:86:CB:27:D2:0C,-23, WPA2 ,0.000000,0.000000,0.000,0.000,AP
2026-05-15 10:57:08,1900-01-00 00:00:00,,9C:2F:9D:82:20:A3,-23,,0.000000,0.000000,0.000,0.000,Client
2026-05-15 10:57:08,1900-01-00 00:00:00,dlink-615_EXT,40:86:CB:27:D2:0C,-25, WPA2 ,0.000000,0.000000,0.000,0.000,AP
2026-05-15 10:57:08,1900-01-00 00:00:00,,9C:2F:9D:82:20:A3,-25,,0.000000,0.000000,0.000,0.000,Client
2026-05-15 10:57:08,1900-01-00 00:00:00,dlink-615_EXT,40:86:CB:27:D2:0C,-25, WPA2 ,0.000000,0.000000,0.000,0.000,AP
2026-05-15 10:57:08,1900-01-00 00:00:00,,9C:2F:9D:82:20:A3,-25,,0.000000,0.000000,0.000,0.000,Client
2026-05-15 10:57:08,1900-01-00 00:00:00,dlink-615_EXT,40:86:CB:27:D2:0C,-25, WPA2 ,0.000000,0.000000,0.000,0.000,AP
2026-05-15 10:57:08,1900-01-00 00:00:00,,9C:2F:9D:82:20:A3,-25,,0.000000,0.000000,0.000,0.000,Client
2026-05-15 10:57:08,1900-01-00 00:00:00,dlink-615_EXT,40:86:CB:27:D2:0C,-27, WPA2 ,0.000000,0.000000,0.000,0.000,AP
2026-05-15 10:57:08,1900-01-00 00:00:00,,9C:2F:9D:82:20:A3,-27,,0.000000,0.000000,0.000,0.000,Client
2026-05-15 10:57:08,1900-01-00 00:00:00,dlink-615_EXT,40:86:CB:27:D2:0C,-25, WPA2 ,0.000000,0.000000,0.000,0.000,AP
2026-05-15 10:57:08,1900-01-00 00:00:00,,9C:2F:9D:82:20:A3,-25,,0.000000,0.000000,0.000,0.000,Client
2026-05-15 10:57:08,1900-01-00 00:00:00,dlink-615_EXT,40:86:CB:27:D2:0C,-25, WPA2 ,0.000000,0.000000,0.000,0.000,AP
2026-05-15 10:57:08,1900-01-00 00:00:00,,9C:2F:9D:82:20:A3,-37,,0.000000,0.000000,0.000,0.000,Client
2026-05-15 10:57:08,1900-01-00 00:00:00,dlink-615_EXT,40:86:CB:27:D2:0C,-37, WPA2 ,0.000000,0.000000,0.000,0.000,AP
2026-05-15 10:57:08,1900-01-00 00:00:00,,9C:2F:9D:82:20:A3,-23,,0.000000,0.000000,0.000,0.000,Client
2026-05-15 10:57:08,1900-01-00 00:00:00,dlink-615_EXT,40:86:CB:27:D2:0C,-29, WPA2 ,0.000000,0.000000,0.000,0.000,AP
2026-05-15 10:57:08,1900-01-00 00:00:00,,9C:2F:9D:82:20:A3,-29,,0.000000,0.000000,0.000,0.000,Client
2026-05-15 10:57:08,1900-01-00 00:00:00,dlink-615_EXT,40:86:CB:27:D2:0C,-25, WPA2 ,0.000000,0.000000,0.000,0.000,AP
2026-05-15 10:57:08,1900-01-00 00:00:00,,9C:2F:9D:82:20:A3,-25,,0.000000,0.000000,0.000,0.000,Client
2026-05-15 10:57:08,1900-01-00 00:00:00,dlink-615_EXT,40:86:CB:27:D2:0C,-25, WPA2 ,0.000000,0.000000,0.000,0.000,AP
2026-05-15 10:57:08,1900-01-00 00:00:00,,9C:2F:9D:82:20:A3,-37,,0.000000,0.000000,0.000,0.000,Client
2026-05-15 10:57:08,1900-01-00 00:00:00,dlink-615_EXT,40:86:CB:27:D2:0C,-27, WPA2 ,0.000000,0.000000,0.000,0.000,AP
2026-05-15 10:57:08,1900-01-00 00:00:00,,9C:2F:9D:82:20:A3,-27,,0.000000,0.000000,0.000,0.000,Client
2026-05-15 10:57:08,1900-01-00 00:00:00,dlink-615_EXT,40:86:CB:27:D2:0C,-25, WPA2 ,0.000000,0.000000,0.000,0.000,AP
2026-05-15 10:57:08,1900-01-00 00:00:00,,9C:2F:9D:82:20:A3,-25,,0.000000,0.000000,0.000,0.000,Client
2026-05-15 10:57:08,1900-01-00 00:00:00,dlink-615_EXT,40:86:CB:27:D2:0C,-25, WPA2 ,0.000000,0.000000,0.000,0.000,AP
2026-05-15 10:57:08,1900-01-00 00:00:00,,9C:2F:9D:82:20:A3,-29,,0.000000,0.000000,0.000,0.000,Client
2026-05-15 10:57:08,1900-01-00 00:00:00,dlink-615_EXT,40:86:CB:27:D2:0C,-25, WPA2 ,0.000000,0.000000,0.000,0.000,AP
2026-05-15 10:57:08,1900-01-00 00:00:00,,9C:2F:9D:82:20:A3,-25,,0.000000,0.000000,0.000,0.000,Client
2026-05-15 10:57:08,1900-01-00 00:00:00,dlink-615_EXT,40:86:CB:27:D2:0C,-25, WPA2 ,0.000000,0.000000,0.000,0.000,AP
2026-05-15 10:57:08,1900-01-00 00:00:00,,9C:2F:9D:82:20:A3,-35,,0.000000,0.000000,0.000,0.000,Client
2026-05-15 10:57:08,1900-01-00 00:00:00,dlink-615_EXT,40:86:CB:27:D2:0C,-25, WPA2 ,0.000000,0.000000,0.000,0.000,AP
2026-05-15 10:57:08,1900-01-00 00:00:00,,9C:2F:9D:82:20:A3,-25,,0.000000,0.000000,0.000,0.000,Client
2026-05-15 10:57:08,1900-01-00 00:00:00,dlink-615_EXT,40:86:CB:27:D2:0C,-27, WPA2 ,0.000000,0.000000,0.000,0.000,AP
2026-05-15 10:57:08,1900-01-00 00:00:00,,9C:2F:9D:82:20:A3,-27,,0.000000,0.000000,0.000,0.000,Client
2026-05-15 10:57:08,1900-01-00 00:00:00,dlink-615_EXT,40:86:CB:27:D2:0C,-35, WPA2 ,0.000000,0.000000,0.000,0.000,AP
2026-05-15 10:57:08,1900-01-00 00:00:00,,9C:2F:9D:82:20:A3,-25,,0.000000,0.000000,0.000,0.000,Client
2026-05-15 10:57:08,1900-01-00 00:00:00,dlink-615_EXT,40:86:CB:27:D2:0C,-25, WPA2 ,0.000000,0.000000,0.000,0.000,AP
2026-05-15 10:57:08,1900-01-00 00:00:00,,9C:2F:9D:82:20:A3,-25,,0.000000,0.000000,0.000,0.000,Client
2026-05-15 10:57:08,1900-01-00 00:00:00,dlink-615_EXT,40:86:CB:27:D2:0C,-25, WPA2 ,0.000000,0.000000,0.000,0.000,AP
2026-05-15 10:57:08,1900-01-00 00:00:00,,9C:2F:9D:82:20:A3,-25,,0.000000,0.000000,0.000,0.000,Client
2026-05-15 10:57:08,1900-01-00 00:00:00,dlink-615_EXT,40:86:CB:27:D2:0C,-55, WPA2 ,0.000000,0.000000,0.000,0.000,AP
2026-05-15 10:57:08,1900-01-00 00:00:00,,9C:2F:9D:82:20:A3,-55,,0.000000,0.000000,0.000,0.000,Client
2026-05-15 10:57:09,1900-01-00 00:00:00,dlink-615_EXT,40:86:CB:27:D2:0C,-33, WPA2 ,0.000000,0.000000,0.000,0.000,AP
2026-05-15 10:57:09,1900-01-00 00:00:00,,9C:2F:9D:82:20:A3,-33,,0.000000,0.000000,0.000,0.000,Client
2026-05-15 10:57:09,1900-01-00 00:00:00,dlink-615_EXT,40:86:CB:27:D2:0C,-25, WPA2 ,0.000000,0.000000,0.000,0.000,AP
2026-05-15 10:57:09,1900-01-00 00:00:00,,9C:2F:9D:82:20:A3,-25,,0.000000,0.000000,0.000,0.000,Client
2026-05-15 10:57:09,1900-01-00 00:00:00,dlink-615_EXT,40:86:CB:27:D2:0C,-27, WPA2 ,0.000000,0.000000,0.000,0.000,AP
2026-05-15 10:57:09,1900-01-00 00:00:00,,9C:2F:9D:82:20:A3,-27,,0.000000,0.000000,0.000,0.000,Client
2026-05-15 10:57:09,1900-01-00 00:00:00,dlink-615_EXT,40:86:CB:27:D2:0C,-29, WPA2 ,0.000000,0.000000,0.000,0.000,AP
2026-05-15 10:57:09,1900-01-00 00:00:00,,9C:2F:9D:82:20:A3,-29,,0.000000,0.000000,0.000,0.000,Client
2026-05-15 10:57:09,1900-01-00 00:00:00,dlink-615_EXT,40:86:CB:27:D2:0C,-29, WPA2 ,0.000000,0.000000,0.000,0.000,AP
2026-05-15 10:57:09,1900-01-00 00:00:00,,9C:2F:9D:82:20:A3,-29,,0.000000,0.000000,0.000,0.000,Client
2026-05-15 10:57:09,1900-01-00 00:00:00,dlink-615_EXT,40:86:CB:27:D2:0C,-25, WPA2 ,0.000000,0.000000,0.000,0.000,AP
2026-05-15 10:57:09,1900-01-00 00:00:00,,9C:2F:9D:82:20:A3,-25,,0.000000,0.000000,0.000,0.000,Client
2026-05-15 10:57:09,1900-01-00 00:00:00,dlink-615_EXT,40:86:CB:27:D2:0C,-25, WPA2 ,0.000000,0.000000,0.000,0.000,AP
2026-05-15 10:57:09,1900-01-00 00:00:00,,9C:2F:9D:82:20:A3,-25,,0.000000,0.000000,0.000,0.000,Client
2026-05-15 10:57:09,1900-01-00 00:00:00,dlink-615_EXT,40:86:CB:27:D2:0C,-25, WPA2 ,0.000000,0.000000,0.000,0.000,AP
2026-05-15 10:57:09,1900-01-00 00:00:00,,9C:2F:9D:82:20:A3,-25,,0.000000,0.000000,0.000,0.000,Client
2026-05-15 10:57:09,1900-01-00 00:00:00,dlink-615_EXT,40:86:CB:27:D2:0C,-29, WPA2 ,0.000000,0.000000,0.000,0.000,AP
2026-05-15 10:57:09,1900-01-00 00:00:00,,9C:2F:9D:82:20:A3,-29,,0.000000,0.000000,0.000,0.000,Client
2026-05-15 10:57:09,1900-01-00 00:00:00,dlink-615_EXT,40:86:CB:27:D2:0C,-27, WPA2 ,0.000000,0.000000,0.000,0.000,AP
2026-05-15 10:57:09,1900-01-00 00:00:00,,9C:2F:9D:82:20:A3,-27,,0.000000,0.000000,0.000,0.000,Client
2026-05-15 10:57:09,1900-01-00 00:00:00,dlink-615_EXT,40:86:CB:27:D2:0C,-25, WPA2 ,0.000000,0.000000,0.000,0.000,AP
2026-05-15 10:57:09,1900-01-00 00:00:00,,9C:2F:9D:82:20:A3,-25,,0.000000,0.000000,0.000,0.000,Client
2026-05-15 10:57:09,1900-01-00 00:00:00,dlink-615_EXT,40:86:CB:27:D2:0C,-27, WPA2 ,0.000000,0.000000,0.000,0.000,AP
2026-05-15 10:57:09,1900-01-00 00:00:00,,9C:2F:9D:82:20:A3,-27,,0.000000,0.000000,0.000,0.000,Client
2026-05-15 10:57:09,1900-01-00 00:00:00,dlink-615_EXT,40:86:CB:27:D2:0C,-27, WPA2 ,0.000000,0.000000,0.000,0.000,AP
2026-05-15 10:57:09,1900-01-00 00:00:00,,9C:2F:9D:82:20:A3,-27,,0.000000,0.000000,0.000,0.000,Client
2026-05-15 10:57:09,1900-01-00 00:00:00,dlink-615_EXT,40:86:CB:27:D2:0C,-27, WPA2 ,0.000000,0.000000,0.000,0.000,AP
2026-05-15 10:57:09,1900-01-00 00:00:00,,9C:2F:9D:82:20:A3,-27,,0.000000,0.000000,0.000,0.000,Client
2026-05-15 10:57:09,1900-01-00 00:00:00,dlink-615_EXT,40:86:CB:27:D2:0C,-29, WPA2 ,0.000000,0.000000,0.000,0.000,AP
2026-05-15 10:57:09,1900-01-00 00:00:00,,9C:2F:9D:82:20:A3,-29,,0.000000,0.000000,0.000,0.000,Client
2026-05-15 10:57:09,1900-01-00 00:00:00,dlink-615_EXT,40:86:CB:27:D2:0C,-27, WPA2 ,0.000000,0.000000,0.000,0.000,AP
2026-05-15 10:57:09,1900-01-00 00:00:00,,9C:2F:9D:82:20:A3,-27,,0.000000,0.000000,0.000,0.000,Client
2026-05-15 10:57:09,1900-01-00 00:00:00,dlink-615_EXT,40:86:CB:27:D2:0C,-23, WPA2 ,0.000000,0.000000,0.000,0.000,AP
2026-05-15 10:57:09,1900-01-00 00:00:00,,9C:2F:9D:82:20:A3,-23,,0.000000,0.000000,0.000,0.000,Client
2026-05-15 10:57:09,1900-01-00 00:00:00,dlink-615_EXT,40:86:CB:27:D2:0C,-25, WPA2 ,0.000000,0.000000,0.000,0.000,AP
2026-05-15 10:57:09,1900-01-00 00:00:00,,9C:2F:9D:82:20:A3,-25,,0.000000,0.000000,0.000,0.000,Client
2026-05-15 10:57:09,1900-01-00 00:00:00,dlink-615_EXT,40:86:CB:27:D2:0C,-25, WPA2 ,0.000000,0.000000,0.000,0.000,AP
2026-05-15 10:57:09,1900-01-00 00:00:00,,9C:2F:9D:82:20:A3,-25,,0.000000,0.000000,0.000,0.000,Client
2026-05-15 10:57:09,1900-01-00 00:00:00,dlink-615_EXT,40:86:CB:27:D2:0C,-25, WPA2 ,0.000000,0.000000,0.000,0.000,AP
2026-05-15 10:57:09,1900-01-00 00:00:00,,9C:2F:9D:82:20:A3,-25,,0.000000,0.000000,0.000,0.000,Client
2026-05-15 10:57:09,1900-01-00 00:00:00,dlink-615_EXT,40:86:CB:27:D2:0C,-25, WPA2 ,0.000000,0.000000,0.000,0.000,AP
2026-05-15 10:57:09,1900-01-00 00:00:00,,9C:2F:9D:82:20:A3,-25,,0.000000,0.000000,0.000,0.000,Client
2026-05-15 10:57:09,1900-01-00 00:00:00,dlink-615_EXT,40:86:CB:27:D2:0C,-25, WPA2 ,0.000000,0.000000,0.000,0.000,AP
2026-05-15 10:57:09,1900-01-00 00:00:00,,9C:2F:9D:82:20:A3,-25,,0.000000,0.000000,0.000,0.000,Client
2026-05-15 10:57:09,1900-01-00 00:00:00,dlink-615_EXT,40:86:CB:27:D2:0C,-25, WPA2 ,0.000000,0.000000,0.000,0.000,AP
2026-05-15 10:57:09,1900-01-00 00:00:00,,9C:2F:9D:82:20:A3,-25,,0.000000,0.000000,0.000,0.000,Client
2026-05-15 10:57:09,1900-01-00 00:00:00,dlink-615_EXT,40:86:CB:27:D2:0C,-25, WPA2 ,0.000000,0.000000,0.000,0.000,AP
2026-05-15 10:57:09,1900-01-00 00:00:00,,9C:2F:9D:82:20:A3,-25,,0.000000,0.000000,0.000,0.000,Client
2026-05-15 10:57:09,1900-01-00 00:00:00,dlink-615_EXT,40:86:CB:27:D2:0C,-25, WPA2 ,0.000000,0.000000,0.000,0.000,AP
2026-05-15 10:57:09,1900-01-00 00:00:00,,9C:2F:9D:82:20:A3,-25,,0.000000,0.000000,0.000,0.000,Client
2026-05-15 10:57:09,1900-01-00 00:00:00,dlink-615_EXT,40:86:CB:27:D2:0C,-27, WPA2 ,0.000000,0.000000,0.000,0.000,AP
2026-05-15 10:57:09,1900-01-00 00:00:00,,9C:2F:9D:82:20:A3,-27,,0.000000,0.000000,0.000,0.000,Client
2026-05-15 10:57:09,1900-01-00 00:00:00,dlink-615_EXT,40:86:CB:27:D2:0C,-25, WPA2 ,0.000000,0.000000,0.000,0.000,AP
2026-05-15 10:57:09,1900-01-00 00:00:00,,9C:2F:9D:82:20:A3,-25,,0.000000,0.000000,0.000,0.000,Client
2026-05-15 10:57:09,1900-01-00 00:00:00,dlink-615_EXT,40:86:CB:27:D2:0C,-25, WPA2 ,0.000000,0.000000,0.000,0.000,AP
2026-05-15 10:57:09,1900-01-00 00:00:00,,9C:2F:9D:82:20:A3,-25,,0.000000,0.000000,0.000,0.000,Client
2026-05-15 10:57:09,1900-01-00 00:00:00,dlink-615_EXT,40:86:CB:27:D2:0C,-29, WPA2 ,0.000000,0.000000,0.000,0.000,AP
2026-05-15 10:57:09,1900-01-00 00:00:00,,9C:2F:9D:82:20:A3,-29,,0.000000,0.000000,0.000,0.000,Client
2026-05-15 10:57:09,1900-01-00 00:00:00,dlink-615_EXT,40:86:CB:27:D2:0C,-25, WPA2 ,0.000000,0.000000,0.000,0.000,AP
2026-05-15 10:57:09,1900-01-00 00:00:00,,9C:2F:9D:82:20:A3,-25,,0.000000,0.000000,0.000,0.000,Client
2026-05-15 10:57:09,1900-01-00 00:00:00,dlink-615_EXT,40:86:CB:27:D2:0C,-23, WPA2 ,0.000000,0.000000,0.000,0.000,AP
2026-05-15 10:57:09,1900-01-00 00:00:00,,9C:2F:9D:82:20:A3,-23,,0.000000,0.000000,0.000,0.000,Client
2026-05-15 10:57:09,1900-01-00 00:00:00,dlink-615_EXT,40:86:CB:27:D2:0C,-25, WPA2 ,0.000000,0.000000,0.000,0.000,AP
2026-05-15 10:57:09,1900-01-00 00:00:00,,9C:2F:9D:82:20:A3,-25,,0.000000,0.000000,0.000,0.000,Client
2026-05-15 10:57:09,1900-01-00 00:00:00,dlink-615_EXT,40:86:CB:27:D2:0C,-25, WPA2 ,0.000000,0.000000,0.000,0.000,AP
2026-05-15 10:57:09,1900-01-00 00:00:00,,9C:2F:9D:82:20:A3,-25,,0.000000,0.000000,0.000,0.000,Client
2026-05-15 10:57:09,1900-01-00 00:00:00,dlink-615_EXT,40:86:CB:27:D2:0C,-25, WPA2 ,0.000000,0.000000,0.000,0.000,AP
2026-05-15 10:57:09,1900-01-00 00:00:00,,9C:2F:9D:82:20:A3,-25,,0.000000,0.000000,0.000,0.000,Client
2026-05-15 10:57:09,1900-01-00 00:00:00,dlink-615_EXT,40:86:CB:27:D2:0C,-23, WPA2 ,0.000000,0.000000,0.000,0.000,AP
2026-05-15 10:57:09,1900-01-00 00:00:00,,9C:2F:9D:82:20:A3,-23,,0.000000,0.000000,0.000,0.000,Client
2026-05-15 10:57:09,1900-01-00 00:00:00,dlink-615_EXT,40:86:CB:27:D2:0C,-25, WPA2 ,0.000000,0.000000,0.000,0.000,AP
2026-05-15 10:57:09,1900-01-00 00:00:00,,9C:2F:9D:82:20:A3,-25,,0.000000,0.000000,0.000,0.000,Client
2026-05-15 10:57:09,1900-01-00 00:00:00,dlink-615_EXT,40:86:CB:27:D2:0C,-25, WPA2 ,0.000000,0.000000,0.000,0.000,AP
2026-05-15 10:57:09,1900-01-00 00:00:00,,9C:2F:9D:82:20:A3,-25,,0.000000,0.000000,0.000,0.000,Client
2026-05-15 10:57:09,1900-01-00 00:00:00,dlink-615_EXT,40:86:CB:27:D2:0C,-25, WPA2 ,0.000000,0.000000,0.000,0.000,AP
2026-05-15 10:57:09,1900-01-00 00:00:00,,9C:2F:9D:82:20:A3,-25,,0.000000,0.000000,0.000,0.000,Client
2026-05-15 10:57:09,1900-01-00 00:00:00,dlink-615_EXT,40:86:CB:27:D2:0C,-25, WPA2 ,0.000000,0.000000,0.000,0.000,AP
2026-05-15 10:57:09,1900-01-00 00:00:00,,9C:2F:9D:82:20:A3,-25,,0.000000,0.000000,0.000,0.000,Client
2026-05-15 10:57:09,1900-01-00 00:00:00,dlink-615_EXT,40:86:CB:27:D2:0C,-25, WPA2 ,0.000000,0.000000,0.000,0.000,AP
2026-05-15 10:57:09,1900-01-00 00:00:00,,9C:2F:9D:82:20:A3,-25,,0.000000,0.000000,0.000,0.000,Client
2026-05-15 10:57:09,1900-01-00 00:00:00,dlink-615_EXT,40:86:CB:27:D2:0C,-25, WPA2 ,0.000000,0.000000,0.000,0.000,AP
2026-05-15 10:57:09,1900-01-00 00:00:00,,9C:2F:9D:82:20:A3,-25,,0.000000,0.000000,0.000,0.000,Client
2026-05-15 10:57:09,1900-01-00 00:00:00,dlink-615_EXT,40:86:CB:27:D2:0C,-25, WPA2 ,0.000000,0.000000,0.000,0.000,AP
2026-05-15 10:57:09,1900-01-00 00:00:00,,9C:2F:9D:82:20:A3,-25,,0.000000,0.000000,0.000,0.000,Client
2026-05-15 10:57:09,1900-01-00 00:00:00,dlink-615_EXT,40:86:CB:27:D2:0C,-25, WPA2 ,0.000000,0.000000,0.000,0.000,AP
2026-05-15 10:57:09,1900-01-00 00:00:00,,9C:2F:9D:82:20:A3,-25,,0.000000,0.000000,0.000,0.000,Client
2026-05-15 10:57:09,1900-01-00 00:00:00,dlink-615_EXT,40:86:CB:27:D2:0C,-23, WPA2 ,0.000000,0.000000,0.000,0.000,AP
2026-05-15 10:57:09,1900-01-00 00:00:00,,9C:2F:9D:82:20:A3,-23,,0.000000,0.000000,0.000,0.000,Client
2026-05-15 10:57:09,1900-01-00 00:00:00,dlink-615_EXT,40:86:CB:27:D2:0C,-25, WPA2 ,0.000000,0.000000,0.000,0.000,AP
2026-05-15 10:57:09,1900-01-00 00:00:00,,9C:2F:9D:82:20:A3,-25,,0.000000,0.000000,0.000,0.000,Client
2026-05-15 10:57:09,1900-01-00 00:00:00,dlink-615_EXT,40:86:CB:27:D2:0C,-25, WPA2 ,0.000000,0.000000,0.000,0.000,AP
2026-05-15 10:57:09,1900-01-00 00:00:00,,9C:2F:9D:82:20:A3,-25,,0.000000,0.000000,0.000,0.000,Client
2026-05-15 10:57:09,1900-01-00 00:00:00,dlink-615_EXT,40:86:CB:27:D2:0C,-23, WPA2 ,0.000000,0.000000,0.000,0.000,AP
2026-05-15 10:57:09,1900-01-00 00:00:00,,9C:2F:9D:82:20:A3,-23,,0.000000,0.000000,0.000,0.000,Client
2026-05-15 10:57:09,1900-01-00 00:00:00,dlink-615_EXT,40:86:CB:27:D2:0C,-25, WPA2 ,0.000000,0.000000,0.000,0.000,AP
2026-05-15 10:57:09,1900-01-00 00:00:00,,9C:2F:9D:82:20:A3,-25,,0.000000,0.000000,0.000,0.000,Client
2026-05-15 10:57:09,1900-01-00 00:00:00,dlink-615_EXT,40:86:CB:27:D2:0C,-25, WPA2 ,0.000000,0.000000,0.000,0.000,AP
2026-05-15 10:57:09,1900-01-00 00:00:00,,9C:2F:9D:82:20:A3,-25,,0.000000,0.000000,0.000,0.000,Client
2026-05-15 10:57:09,1900-01-00 00:00:00,dlink-615_EXT,40:86:CB:27:D2:0C,-23, WPA2 ,0.000000,0.000000,0.000,0.000,AP
2026-05-15 10:57:09,1900-01-00 00:00:00,,9C:2F:9D:82:20:A3,-23,,0.000000,0.000000,0.000,0.000,Client
2026-05-15 10:57:09,1900-01-00 00:00:00,dlink-615_EXT,40:86:CB:27:D2:0C,-23, WPA2 ,0.000000,0.000000,0.000,0.000,AP
2026-05-15 10:57:09,1900-01-00 00:00:00,,9C:2F:9D:82:20:A3,-23,,0.000000,0.000000,0.000,0.000,Client
2026-05-15 10:57:09,1900-01-00 00:00:00,dlink-615_EXT,40:86:CB:27:D2:0C,-25, WPA2 ,0.000000,0.000000,0.000,0.000,AP
2026-05-15 10:57:09,1900-01-00 00:00:00,,9C:2F:9D:82:20:A3,-25,,0.000000,0.000000,0.000,0.000,Client
2026-05-15 10:57:09,1900-01-00 00:00:00,dlink-615_EXT,40:86:CB:27:D2:0C,-25, WPA2 ,0.000000,0.000000,0.000,0.000,AP
2026-05-15 10:57:09,1900-01-00 00:00:00,,9C:2F:9D:82:20:A3,-25,,0.000000,0.000000,0.000,0.000,Client
2026-05-15 10:57:09,1900-01-00 00:00:00,dlink-615_EXT,40:86:CB:27:D2:0C,-25, WPA2 ,0.000000,0.000000,0.000,0.000,AP
2026-05-15 10:57:09,1900-01-00 00:00:00,,9C:2F:9D:82:20:A3,-25,,0.000000,0.000000,0.000,0.000,Client
2026-05-15 10:57:09,1900-01-00 00:00:00,dlink-615_EXT,40:86:CB:27:D2:0C,-25, WPA2 ,0.000000,0.000000,0.000,0.000,AP
2026-05-15 10:57:09,1900-01-00 00:00:00,,9C:2F:9D:82:20:A3,-25,,0.000000,0.000000,0.000,0.000,Client
2026-05-15 10:57:09,1900-01-00 00:00:00,dlink-615_EXT,40:86:CB:27:D2:0C,-25, WPA2 ,0.000000,0.000000,0.000,0.000,AP
2026-05-15 10:57:09,1900-01-00 00:00:00,,9C:2F:9D:82:20:A3,-25,,0.000000,0.000000,0.000,0.000,Client
2026-05-15 10:57:09,1900-01-00 00:00:00,dlink-615_EXT,40:86:CB:27:D2:0C,-23, WPA2 ,0.000000,0.000000,0.000,0.000,AP
2026-05-15 10:57:09,1900-01-00 00:00:00,,9C:2F:9D:82:20:A3,-23,,0.000000,0.000000,0.000,0.000,Client
2026-05-15 10:57:09,1900-01-00 00:00:00,dlink-615_EXT,40:86:CB:27:D2:0C,-23, WPA2 ,0.000000,0.000000,0.000,0.000,AP
2026-05-15 10:57:09,1900-01-00 00:00:00,,9C:2F:9D:82:20:A3,-23,,0.000000,0.000000,0.000,0.000,Client
2026-05-15 10:57:09,1900-01-00 00:00:00,dlink-615_EXT,40:86:CB:27:D2:0C,-25, WPA2 ,0.000000,0.000000,0.000,0.000,AP
2026-05-15 10:57:09,1900-01-00 00:00:00,,9C:2F:9D:82:20:A3,-25,,0.000000,0.000000,0.000,0.000,Client
2026-05-15 10:57:09,1900-01-00 00:00:00,dlink-615_EXT,40:86:CB:27:D2:0C,-25, WPA2 ,0.000000,0.000000,0.000,0.000,AP
2026-05-15 10:57:09,1900-01-00 00:00:00,,9C:2F:9D:82:20:A3,-25,,0.000000,0.000000,0.000,0.000,Client
2026-05-15 10:57:09,1900-01-00 00:00:00,dlink-615_EXT,40:86:CB:27:D2:0C,-25, WPA2 ,0.000000,0.000000,0.000,0.000,AP
2026-05-15 10:57:09,1900-01-00 00:00:00,,9C:2F:9D:82:20:A3,-25,,0.000000,0.000000,0.000,0.000,Client
2026-05-15 10:57:09,1900-01-00 00:00:00,dlink-615_EXT,40:86:CB:27:D2:0C,-29, WPA2 ,0.000000,0.000000,0.000,0.000,AP
2026-05-15 10:57:09,1900-01-00 00:00:00,,9C:2F:9D:82:20:A3,-29,,0.000000,0.000000,0.000,0.000,Client
2026-05-15 10:57:09,1900-01-00 00:00:00,dlink-615_EXT,40:86:CB:27:D2:0C,-27, WPA2 ,0.000000,0.000000,0.000,0.000,AP
2026-05-15 10:57:09,1900-01-00 00:00:00,,9C:2F:9D:82:20:A3,-27,,0.000000,0.000000,0.000,0.000,Client
2026-05-15 10:57:09,1900-01-00 00:00:00,dlink-615_EXT,40:86:CB:27:D2:0C,-25, WPA2 ,0.000000,0.000000,0.000,0.000,AP
2026-05-15 10:57:09,1900-01-00 00:00:00,,9C:2F:9D:82:20:A3,-25,,0.000000,0.000000,0.000,0.000,Client
2026-05-15 10:57:09,1900-01-00 00:00:00,dlink-615_EXT,40:86:CB:27:D2:0C,-29, WPA2 ,0.000000,0.000000,0.000,0.000,AP
2026-05-15 10:57:09,1900-01-00 00:00:00,,9C:2F:9D:82:20:A3,-29,,0.000000,0.000000,0.000,0.000,Client
2026-05-15 10:57:09,1900-01-00 00:00:00,dlink-615_EXT,40:86:CB:27:D2:0C,-25, WPA2 ,0.000000,0.000000,0.000,0.000,AP
2026-05-15 10:57:09,1900-01-00 00:00:00,,9C:2F:9D:82:20:A3,-25,,0.000000,0.000000,0.000,0.000,Client
2026-05-15 10:57:09,1900-01-00 00:00:00,dlink-615_EXT,40:86:CB:27:D2:0C,-23, WPA2 ,0.000000,0.000000,0.000,0.000,AP
2026-05-15 10:57:09,1900-01-00 00:00:00,,9C:2F:9D:82:20:A3,-23,,0.000000,0.000000,0.000,0.000,Client
2026-05-15 10:57:09,1900-01-00 00:00:00,dlink-615_EXT,40:86:CB:27:D2:0C,-23, WPA2 ,0.000000,0.000000,0.000,0.000,AP
2026-05-15 10:57:09,1900-01-00 00:00:00,,9C:2F:9D:82:20:A3,-23,,0.000000,0.000000,0.000,0.000,Client
2026-05-15 10:57:09,1900-01-00 00:00:00,dlink-615_EXT,40:86:CB:27:D2:0C,-23, WPA2 ,0.000000,0.000000,0.000,0.000,AP
2026-05-15 10:57:09,1900-01-00 00:00:00,,9C:2F:9D:82:20:A3,-23,,0.000000,0.000000,0.000,0.000,Client
2026-05-15 10:57:09,1900-01-00 00:00:00,dlink-615_EXT,40:86:CB:27:D2:0C,-25, WPA2 ,0.000000,0.000000,0.000,0.000,AP
2026-05-15 10:57:09,1900-01-00 00:00:00,,9C:2F:9D:82:20:A3,-25,,0.000000,0.000000,0.000,0.000,Client
2026-05-15 10:57:09,1900-01-00 00:00:00,dlink-615_EXT,40:86:CB:27:D2:0C,-27, WPA2 ,0.000000,0.000000,0.000,0.000,AP
2026-05-15 10:57:09,1900-01-00 00:00:00,,9C:2F:9D:82:20:A3,-27,,0.000000,0.000000,0.000,0.000,Client
2026-05-15 10:57:09,1900-01-00 00:00:00,dlink-615_EXT,40:86:CB:27:D2:0C,-25, WPA2 ,0.000000,0.000000,0.000,0.000,AP
2026-05-15 10:57:09,1900-01-00 00:00:00,,9C:2F:9D:82:20:A3,-25,,0.000000,0.000000,0.000,0.000,Client
2026-05-15 10:57:09,1900-01-00 00:00:00,dlink-615_EXT,40:86:CB:27:D2:0C,-25, WPA2 ,0.000000,0.000000,0.000,0.000,AP
2026-05-15 10:57:09,1900-01-00 00:00:00,,9C:2F:9D:82:20:A3,-25,,0.000000,0.000000,0.000,0.000,Client
2026-05-15 10:57:09,1900-01-00 00:00:00,dlink-615_EXT,40:86:CB:27:D2:0C,-23, WPA2 ,0.000000,0.000000,0.000,0.000,AP
2026-05-15 10:57:09,1900-01-00 00:00:00,,9C:2F:9D:82:20:A3,-23,,0.000000,0.000000,0.000,0.000,Client
2026-05-15 10:57:09,1900-01-00 00:00:00,dlink-615_EXT,40:86:CB:27:D2:0C,-25, WPA2 ,0.000000,0.000000,0.000,0.000,AP
2026-05-15 10:57:09,1900-01-00 00:00:00,,9C:2F:9D:82:20:A3,-25,,0.000000,0.000000,0.000,0.000,Client
2026-05-15 10:57:09,1900-01-00 00:00:00,dlink-615_EXT,40:86:CB:27:D2:0C,-23, WPA2 ,0.000000,0.000000,0.000,0.000,AP
2026-05-15 10:57:09,1900-01-00 00:00:00,,9C:2F:9D:82:20:A3,-23,,0.000000,0.000000,0.000,0.000,Client
2026-05-15 10:57:09,1900-01-00 00:00:00,dlink-615_EXT,40:86:CB:27:D2:0C,-23, WPA2 ,0.000000,0.000000,0.000,0.000,AP
2026-05-15 10:57:09,1900-01-00 00:00:00,,9C:2F:9D:82:20:A3,-23,,0.000000,0.000000,0.000,0.000,Client
2026-05-15 10:57:09,1900-01-00 00:00:00,dlink-615_EXT,40:86:CB:27:D2:0C,-25, WPA2 ,0.000000,0.000000,0.000,0.000,AP
2026-05-15 10:57:09,1900-01-00 00:00:00,,9C:2F:9D:82:20:A3,-25,,0.000000,0.000000,0.000,0.000,Client
2026-05-15 10:57:09,1900-01-00 00:00:00,dlink-615_EXT,40:86:CB:27:D2:0C,-25, WPA2 ,0.000000,0.000000,0.000,0.000,AP
2026-05-15 10:57:09,1900-01-00 00:00:00,,9C:2F:9D:82:20:A3,-23,,0.000000,0.000000,0.000,0.000,Client
2026-05-15 10:57:09,1900-01-00 00:00:00,dlink-615_EXT,40:86:CB:27:D2:0C,-25, WPA2 ,0.000000,0.000000,0.000,0.000,AP
2026-05-15 10:57:09,1900-01-00 00:00:00,,9C:2F:9D:82:20:A3,-25,,0.000000,0.000000,0.000,0.000,Client
2026-05-15 10:57:09,1900-01-00 00:00:00,dlink-615_EXT,40:86:CB:27:D2:0C,-25, WPA2 ,0.000000,0.000000,0.000,0.000,AP
2026-05-15 10:57:09,1900-01-00 00:00:00,,9C:2F:9D:82:20:A3,-25,,0.000000,0.000000,0.000,0.000,Client
2026-05-15 10:57:09,1900-01-00 00:00:00,dlink-615_EXT,40:86:CB:27:D2:0C,-23, WPA2 ,0.000000,0.000000,0.000,0.000,AP
2026-05-15 10:57:09,1900-01-00 00:00:00,,9C:2F:9D:82:20:A3,-23,,0.000000,0.000000,0.000,0.000,Client
2026-05-15 10:57:09,1900-01-00 00:00:00,dlink-615_EXT,40:86:CB:27:D2:0C,-29, WPA2 ,0.000000,0.000000,0.000,0.000,AP
2026-05-15 10:57:09,1900-01-00 00:00:00,,9C:2F:9D:82:20:A3,-29,,0.000000,0.000000,0.000,0.000,Client
2026-05-15 10:57:09,1900-01-00 00:00:00,dlink-615_EXT,40:86:CB:27:D2:0C,-29, WPA2 ,0.000000,0.000000,0.000,0.000,AP
2026-05-15 10:57:09,1900-01-00 00:00:00,,9C:2F:9D:82:20:A3,-29,,0.000000,0.000000,0.000,0.000,Client
2026-05-15 10:57:09,1900-01-00 00:00:00,dlink-615_EXT,40:86:CB:27:D2:0C,-25, WPA2 ,0.000000,0.000000,0.000,0.000,AP
2026-05-15 10:57:09,1900-01-00 00:00:00,,9C:2F:9D:82:20:A3,-25,,0.000000,0.000000,0.000,0.000,Client
2026-05-15 10:57:09,1900-01-00 00:00:00,dlink-615_EXT,40:86:CB:27:D2:0C,-25, WPA2 ,0.000000,0.000000,0.000,0.000,AP
2026-05-15 10:57:09,1900-01-00 00:00:00,,9C:2F:9D:82:20:A3,-25,,0.000000,0.000000,0.000,0.000,Client
2026-05-15 10:57:09,1900-01-00 00:00:00,dlink-615_EXT,40:86:CB:27:D2:0C,-23, WPA2 ,0.000000,0.000000,0.000,0.000,AP
2026-05-15 10:57:09,1900-01-00 00:00:00,,9C:2F:9D:82:20:A3,-23,,0.000000,0.000000,0.000,0.000,Client
2026-05-15 10:57:09,1900-01-00 00:00:00,dlink-615_EXT,40:86:CB:27:D2:0C,-25, WPA2 ,0.000000,0.000000,0.000,0.000,AP
2026-05-15 10:57:09,1900-01-00 00:00:00,,9C:2F:9D:82:20:A3,-25,,0.000000,0.000000,0.000,0.000,Client
2026-05-15 10:57:09,1900-01-00 00:00:00,dlink-615_EXT,40:86:CB:27:D2:0C,-23, WPA2 ,0.000000,0.000000,0.000,0.000,AP
2026-05-15 10:57:09,1900-01-00 00:00:00,,9C:2F:9D:82:20:A3,-23,,0.000000,0.000000,0.000,0.000,Client
2026-05-15 10:57:09,1900-01-00 00:00:00,dlink-615_EXT,40:86:CB:27:D2:0C,-25, WPA2 ,0.000000,0.000000,0.000,0.000,AP
2026-05-15 10:57:09,1900-01-00 00:00:00,,9C:2F:9D:82:20:A3,-25,,0.000000,0.000000,0.000,0.000,Client
2026-05-15 10:57:09,1900-01-00 00:00:00,dlink-615_EXT,40:86:CB:27:D2:0C,-25, WPA2 ,0.000000,0.000000,0.000,0.000,AP
2026-05-15 10:57:09,1900-01-00 00:00:00,,9C:2F:9D:82:20:A3,-25,,0.000000,0.000000,0.000,0.000,Client
2026-05-15 10:57:09,1900-01-00 00:00:00,dlink-615_EXT,40:86:CB:27:D2:0C,-29, WPA2 ,0.000000,0.000000,0.000,0.000,AP
2026-05-15 10:57:11,1900-01-00 00:00:00,,9C:2F:9D:82:20:A3,-33,,0.000000,0.000000,0.000,0.000,Client
2026-05-15 10:57:11,1900-01-00 00:00:00,dlink-615_EXT,40:86:CB:27:D2:0C,-29, WPA2 ,0.000000,0.000000,0.000,0.000,AP
2026-05-15 10:57:11,1900-01-00 00:00:00,,9C:2F:9D:82:20:A3,-33,,0.000000,0.000000,0.000,0.000,Client
2026-05-15 10:57:11,1900-01-00 00:00:00,dlink-615_EXT,40:86:CB:27:D2:0C,-25, WPA2 ,0.000000,0.000000,0.000,0.000,AP
2026-05-15 10:57:11,1900-01-00 00:00:00,,9C:2F:9D:82:20:A3,-33,,0.000000,0.000000,0.000,0.000,Client
2026-05-15 10:57:11,1900-01-00 00:00:00,dlink-615_EXT,40:86:CB:27:D2:0C,-25, WPA2 ,0.000000,0.000000,0.000,0.000,AP
2026-05-15 10:57:12,1900-01-00 00:00:00,dlink-615_EXT,40:86:CB:27:D2:0C,-29, WPA2 ,0.000000,0.000000,0.000,0.000,AP
2026-05-15 10:57:12,1900-01-00 00:00:00,,9C:2F:9D:82:20:A3,-33,,0.000000,0.000000,0.000,0.000,Client
2026-05-15 10:58:34,1900-01-00 00:00:00,dlink-615_EXT,40:86:CB:27:D2:0C,-27, WPA2 ,0.000000,0.000000,0.000,0.000,AP
2026-05-15 10:58:34,1900-01-00 00:00:00,,9C:2F:9D:82:20:A3,-29,,0.000000,0.000000,0.000,0.000,Client
2026-05-15 10:58:34,1900-01-00 00:00:00,dlink-615_EXT,40:86:CB:27:D2:0C,-27, WPA2 ,0.000000,0.000000,0.000,0.000,AP
2026-05-15 10:58:34,1900-01-00 00:00:00,dlink-615_EXT,40:86:CB:27:D2:0C,-29, WPA2 ,0.000000,0.000000,0.000,0.000,AP
2026-05-15 11:00:04,1900-01-00 00:00:00,dlink-615_EXT,40:86:CB:27:D2:0C,-31, WPA2 ,0.000000,0.000000,0.000,0.000,AP
2026-05-15 11:00:04,1900-01-00 00:00:00,,9C:2F:9D:82:20:A3,-29,,0.000000,0.000000,0.000,0.000,Client
2026-05-15 11:00:34,1900-01-00 00:00:00,dlink-615_EXT,40:86:CB:27:D2:0C,-59, WPA2 ,0.000000,0.000000,0.000,0.000,AP
2026-05-15 11:00:35,1900-01-00 00:00:00,dlink-615_EXT,40:86:CB:27:D2:0C,-23, WPA2 ,0.000000,0.000000,0.000,0.000,AP
2026-05-15 11:00:35,1900-01-00 00:00:00,dlink-615_EXT,40:86:CB:27:D2:0C,-25, WPA2 ,0.000000,0.000000,0.000,0.000,AP
2026-05-15 11:00:35,1900-01-00 00:00:00,dlink-615_EXT,40:86:CB:27:D2:0C,-25, WPA2 ,0.000000,0.000000,0.000,0.000,AP
2026-05-15 11:00:35,1900-01-00 00:00:00,dlink-615_EXT,40:86:CB:27:D2:0C,-29, WPA2 ,0.000000,0.000000,0.000,0.000,AP
2026-05-15 11:00:38,1900-01-00 00:00:00,dlink-615_EXT,40:86:CB:27:D2:0C,-63, WPA2 ,0.000000,0.000000,0.000,0.000,AP
2026-05-15 11:00:38,1900-01-00 00:00:00,dlink-615_EXT,40:86:CB:27:D2:0C,-25, WPA2 ,0.000000,0.000000,0.000,0.000,AP
2026-05-15 11:00:38,1900-01-00 00:00:00,dlink-615_EXT,40:86:CB:27:D2:0C,-25, WPA2 ,0.000000,0.000000,0.000,0.000,AP
2026-05-15 11:00:38,1900-01-00 00:00:00,dlink-615_EXT,40:86:CB:27:D2:0C,-25, WPA2 ,0.000000,0.000000,0.000,0.000,AP
2026-05-15 11:00:38,1900-01-00 00:00:00,dlink-615_EXT,40:86:CB:27:D2:0C,-23, WPA2 ,0.000000,0.000000,0.000,0.000,AP
2026-05-15 11:00:38,1900-01-00 00:00:00,dlink-615_EXT,40:86:CB:27:D2:0C,-25, WPA2 ,0.000000,0.000000,0.000,0.000,AP
2026-05-15 11:00:38,1900-01-00 00:00:00,dlink-615_EXT,40:86:CB:27:D2:0C,-23, WPA2 ,0.000000,0.000000,0.000,0.000,AP
2026-05-15 11:00:41,1900-01-00 00:00:00,,9C:2F:9D:82:20:A3,-29,,0.000000,0.000000,0.000,0.000,Client
2026-05-15 11:00:41,1900-01-00 00:00:00,dlink-615_EXT,40:86:CB:27:D2:0C,-61, WPA2 ,0.000000,0.000000,0.000,0.000,AP
2026-05-15 11:00:42,1900-01-00 00:00:00,,9C:2F:9D:82:20:A3,-71,,0.000000,0.000000,0.000,0.000,Client
2026-05-15 11:00:42,1900-01-00 00:00:00,dlink-615_EXT,40:86:CB:27:D2:0C,-25, WPA2 ,0.000000,0.000000,0.000,0.000,AP
2026-05-15 11:00:42,1900-01-00 00:00:00,dlink-615_EXT,40:86:CB:27:D2:0C,-23, WPA2 ,0.000000,0.000000,0.000,0.000,AP
2026-05-15 11:00:42,1900-01-00 00:00:00,dlink-615_EXT,40:86:CB:27:D2:0C,-23, WPA2 ,0.000000,0.000000,0.000,0.000,AP
2026-05-15 11:00:42,1900-01-00 00:00:00,dlink-615_EXT,40:86:CB:27:D2:0C,-25, WPA2 ,0.000000,0.000000,0.000,0.000,AP
2026-05-15 11:00:42,1900-01-00 00:00:00,dlink-615_EXT,40:86:CB:27:D2:0C,-23, WPA2 ,0.000000,0.000000,0.000,0.000,AP
2026-05-15 11:00:47,1900-01-00 00:00:00,dlink-615_EXT,40:86:CB:27:D2:0C,-63, WPA2 ,0.000000,0.000000,0.000,0.000,AP
2026-05-15 11:00:47,1900-01-00 00:00:00,dlink-615_EXT,40:86:CB:27:D2:0C,-25, WPA2 ,0.000000,0.000000,0.000,0.000,AP
2026-05-15 11:00:48,1900-01-00 00:00:00,dlink-615_EXT,40:86:CB:27:D2:0C,-25, WPA2 ,0.000000,0.000000,0.000,0.000,AP
2026-05-15 11:00:48,1900-01-00 00:00:00,dlink-615_EXT,40:86:CB:27:D2:0C,-27, WPA2 ,0.000000,0.000000,0.000,0.000,AP
2026-05-15 11:00:48,1900-01-00 00:00:00,dlink-615_EXT,40:86:CB:27:D2:0C,-23, WPA2 ,0.000000,0.000000,0.000,0.000,AP
2026-05-15 11:00:54,1900-01-00 00:00:00,dlink-615_EXT,40:86:CB:27:D2:0C,-61, WPA2 ,0.000000,0.000000,0.000,0.000,AP
2026-05-15 11:00:54,1900-01-00 00:00:00,,E4:5F:01:D5:E7:32,-27,,0.000000,0.000000,0.000,0.000,Client
2026-05-15 11:00:54,1900-01-00 00:00:00,,E4:5F:01:D5:E7:32,-27,,0.000000,0.000000,0.000,0.000,Client
2026-05-15 11:00:54,1900-01-00 00:00:00,dlink-615_EXT,40:86:CB:27:D2:0C,-25, WPA2 ,0.000000,0.000000,0.000,0.000,AP
2026-05-15 11:00:55,1900-01-00 00:00:00,dlink-615_EXT,40:86:CB:27:D2:0C,-23, WPA2 ,0.000000,0.000000,0.000,0.000,AP
2026-05-15 11:00:55,1900-01-00 00:00:00,dlink-615_EXT,40:86:CB:27:D2:0C,-23, WPA2 ,0.000000,0.000000,0.000,0.000,AP
2026-05-15 11:00:55,1900-01-00 00:00:00,dlink-615_EXT,40:86:CB:27:D2:0C,-25, WPA2 ,0.000000,0.000000,0.000,0.000,AP
2026-05-15 11:00:55,1900-01-00 00:00:00,dlink-615_EXT,40:86:CB:27:D2:0C,-23, WPA2 ,0.000000,0.000000,0.000,0.000,AP
2026-05-15 11:01:04,1900-01-00 00:00:00,dlink-615_EXT,40:86:CB:27:D2:0C,-61, WPA2 ,0.000000,0.000000,0.000,0.000,AP
2026-05-15 11:01:04,1900-01-00 00:00:00,dlink-615_EXT,40:86:CB:27:D2:0C,-27, WPA2 ,0.000000,0.000000,0.000,0.000,AP
2026-05-15 11:01:04,1900-01-00 00:00:00,dlink-615_EXT,40:86:CB:27:D2:0C,-23, WPA2 ,0.000000,0.000000,0.000,0.000,AP
2026-05-15 11:01:05,1900-01-00 00:00:00,dlink-615_EXT,40:86:CB:27:D2:0C,-25, WPA2 ,0.000000,0.000000,0.000,0.000,AP
2026-05-15 11:01:05,1900-01-00 00:00:00,dlink-615_EXT,40:86:CB:27:D2:0C,-25, WPA2 ,0.000000,0.000000,0.000,0.000,AP
2026-05-15 11:01:05,1900-01-00 00:00:00,dlink-615_EXT,40:86:CB:27:D2:0C,-27, WPA2 ,0.000000,0.000000,0.000,0.000,AP
2026-05-15 11:01:07,1900-01-00 00:00:00,,9C:2F:9D:82:20:A3,-29,,0.000000,0.000000,0.000,0.000,Client
2026-05-15 11:01:07,1900-01-00 00:00:00,dlink-615_EXT,40:86:CB:27:D2:0C,-25, WPA2 ,0.000000,0.000000,0.000,0.000,AP
2026-05-15 11:01:18,1900-01-00 00:00:00,dlink-615_EXT,40:86:CB:27:D2:0C,-63, WPA2 ,0.000000,0.000000,0.000,0.000,AP
2026-05-15 11:01:18,1900-01-00 00:00:00,dlink-615_EXT,40:86:CB:27:D2:0C,-25, WPA2 ,0.000000,0.000000,0.000,0.000,AP
2026-05-15 11:01:18,1900-01-00 00:00:00,dlink-615_EXT,40:86:CB:27:D2:0C,-23, WPA2 ,0.000000,0.000000,0.000,0.000,AP
2026-05-15 11:01:19,1900-01-00 00:00:00,dlink-615_EXT,40:86:CB:27:D2:0C,-23, WPA2 ,0.000000,0.000000,0.000,0.000,AP
2026-05-15 11:01:19,1900-01-00 00:00:00,dlink-615_EXT,40:86:CB:27:D2:0C,-25, WPA2 ,0.000000,0.000000,0.000,0.000,AP
2026-05-15 11:01:19,1900-01-00 00:00:00,dlink-615_EXT,40:86:CB:27:D2:0C,-23, WPA2 ,0.000000,0.000000,0.000,0.000,AP
2026-05-15 11:01:38,1900-01-00 00:00:00,dlink-615_EXT,40:86:CB:27:D2:0C,-61, WPA2 ,0.000000,0.000000,0.000,0.000,AP
2026-05-15 11:01:38,1900-01-00 00:00:00,dlink-615_EXT,40:86:CB:27:D2:0C,-25, WPA2 ,0.000000,0.000000,0.000,0.000,AP
2026-05-15 11:01:38,1900-01-00 00:00:00,dlink-615_EXT,40:86:CB:27:D2:0C,-23, WPA2 ,0.000000,0.000000,0.000,0.000,AP
2026-05-15 11:01:39,1900-01-00 00:00:00,dlink-615_EXT,40:86:CB:27:D2:0C,-23, WPA2 ,0.000000,0.000000,0.000,0.000,AP
2026-05-15 11:01:39,1900-01-00 00:00:00,dlink-615_EXT,40:86:CB:27:D2:0C,-25, WPA2 ,0.000000,0.000000,0.000,0.000,AP
2026-05-15 11:01:39,1900-01-00 00:00:00,dlink-615_EXT,40:86:CB:27:D2:0C,-23, WPA2 ,0.000000,0.000000,0.000,0.000,AP
2026-05-15 11:02:07,1900-01-00 00:00:00,dlink-615_EXT,40:86:CB:27:D2:0C,-25, WPA2 ,0.000000,0.000000,0.000,0.000,AP
2026-05-15 11:02:08,1900-01-00 00:00:00,dlink-615_EXT,40:86:CB:27:D2:0C,-23, WPA2 ,0.000000,0.000000,0.000,0.000,AP
2026-05-15 11:02:08,1900-01-00 00:00:00,dlink-615_EXT,40:86:CB:27:D2:0C,-23, WPA2 ,0.000000,0.000000,0.000,0.000,AP
2026-05-15 11:02:50,1900-01-00 00:00:00,dlink-615_EXT,40:86:CB:27:D2:0C,-25, WPA2 ,0.000000,0.000000,0.000,0.000,AP
2026-05-15 11:02:51,1900-01-00 00:00:00,dlink-615_EXT,40:86:CB:27:D2:0C,-23, WPA2 ,0.000000,0.000000,0.000,0.000,AP
2026-05-15 11:02:51,1900-01-00 00:00:00,dlink-615_EXT,40:86:CB:27:D2:0C,-23, WPA2 ,0.000000,0.000000,0.000,0.000,AP
2026-05-15 11:02:53,1900-01-00 00:00:00,dlink-615_EXT,40:86:CB:27:D2:0C,-23, WPA2 ,0.000000,0.000000,0.000,0.000,AP
2026-05-15 11:03:54,1900-01-00 00:00:00,dlink-615_EXT,40:86:CB:27:D2:0C,-61, WPA2 ,0.000000,0.000000,0.000,0.000,AP
2026-05-15 11:03:54,1900-01-00 00:00:00,dlink-615_EXT,40:86:CB:27:D2:0C,-61, WPA2 ,0.000000,0.000000,0.000,0.000,AP
2026-05-15 11:03:54,1900-01-00 00:00:00,dlink-615_EXT,40:86:CB:27:D2:0C,-61, WPA2 ,0.000000,0.000000,0.000,0.000,AP
2026-05-15 11:03:54,1900-01-00 00:00:00,dlink-615_EXT,40:86:CB:27:D2:0C,-25, WPA2 ,0.000000,0.000000,0.000,0.000,AP
2026-05-15 11:03:54,1900-01-00 00:00:00,dlink-615_EXT,40:86:CB:27:D2:0C,-23, WPA2 ,0.000000,0.000000,0.000,0.000,AP
2026-05-15 11:03:55,1900-01-00 00:00:00,dlink-615_EXT,40:86:CB:27:D2:0C,-23, WPA2 ,0.000000,0.000000,0.000,0.000,AP
2026-05-15 11:03:55,1900-01-00 00:00:00,dlink-615_EXT,40:86:CB:27:D2:0C,-23, WPA2 ,0.000000,0.000000,0.000,0.000,AP
2026-05-15 11:05:29,1900-01-00 00:00:00,dlink-615_EXT,40:86:CB:27:D2:0C,-61, WPA2 ,0.000000,0.000000,0.000,0.000,AP
2026-05-15 11:05:29,1900-01-00 00:00:00,,9C:2F:9D:82:20:A3,-31,,0.000000,0.000000,0.000,0.000,Client
2026-05-15 11:05:29,1900-01-00 00:00:00,dlink-615_EXT,40:86:CB:27:D2:0C,-25, WPA2 ,0.000000,0.000000,0.000,0.000,AP
2026-05-15 11:05:29,1900-01-00 00:00:00,dlink-615_EXT,40:86:CB:27:D2:0C,-23, WPA2 ,0.000000,0.000000,0.000,0.000,AP
2026-05-15 11:05:30,1900-01-00 00:00:00,dlink-615_EXT,40:86:CB:27:D2:0C,-25, WPA2 ,0.000000,0.000000,0.000,0.000,AP
2026-05-15 11:05:30,1900-01-00 00:00:00,dlink-615_EXT,40:86:CB:27:D2:0C,-23, WPA2 ,0.000000,0.000000,0.000,0.000,AP
2026-05-15 11:05:30,1900-01-00 00:00:00,dlink-615_EXT,40:86:CB:27:D2:0C,-25, WPA2 ,0.000000,0.000000,0.000,0.000,AP
2026-05-15 11:07:30,1900-01-00 00:00:00,dlink-615_EXT,40:86:CB:27:D2:0C,-61, WPA2 ,0.000000,0.000000,0.000,0.000,AP
2026-05-15 11:07:30,1900-01-00 00:00:00,dlink-615_EXT,40:86:CB:27:D2:0C,-59, WPA2 ,0.000000,0.000000,0.000,0.000,AP
2026-05-15 11:07:30,1900-01-00 00:00:00,dlink-615_EXT,40:86:CB:27:D2:0C,-25, WPA2 ,0.000000,0.000000,0.000,0.000,AP
2026-05-15 11:07:30,1900-01-00 00:00:00,,9C:2F:9D:82:20:A3,-41,,0.000000,0.000000,0.000,0.000,Client
2026-05-15 11:07:30,1900-01-00 00:00:00,,9C:2F:9D:82:20:A3,-41,,0.000000,0.000000,0.000,0.000,Client
2026-05-15 11:07:31,1900-01-00 00:00:00,dlink-615_EXT,40:86:CB:27:D2:0C,-25, WPA2 ,0.000000,0.000000,0.000,0.000,AP
2026-05-15 11:07:31,1900-01-00 00:00:00,dlink-615_EXT,40:86:CB:27:D2:0C,-25, WPA2 ,0.000000,0.000000,0.000,0.000,AP
2026-05-15 11:07:31,1900-01-00 00:00:00,dlink-615_EXT,40:86:CB:27:D2:0C,-25, WPA2 ,0.000000,0.000000,0.000,0.000,AP
2026-05-15 11:07:31,1900-01-00 00:00:00,dlink-615_EXT,40:86:CB:27:D2:0C,-25, WPA2 ,0.000000,0.000000,0.000,0.000,AP
2026-05-15 11:07:34,1900-01-00 00:00:00,dlink-615_EXT,40:86:CB:27:D2:0C,-59, WPA2 ,0.000000,0.000000,0.000,0.000,AP
2026-05-15 11:07:34,1900-01-00 00:00:00,dlink-615_EXT,40:86:CB:27:D2:0C,-25, WPA2 ,0.000000,0.000000,0.000,0.000,AP
2026-05-15 11:07:34,1900-01-00 00:00:00,dlink-615_EXT,40:86:CB:27:D2:0C,-23, WPA2 ,0.000000,0.000000,0.000,0.000,AP
2026-05-15 11:07:34,1900-01-00 00:00:00,dlink-615_EXT,40:86:CB:27:D2:0C,-65, WPA2 ,0.000000,0.000000,0.000,0.000,AP
2026-05-15 11:07:34,1900-01-00 00:00:00,,9C:2F:9D:82:20:A3,-37,,0.000000,0.000000,0.000,0.000,Client
2026-05-15 11:07:38,1900-01-00 00:00:00,dlink-615_EXT,40:86:CB:27:D2:0C,-59, WPA2 ,0.000000,0.000000,0.000,0.000,AP
2026-05-15 11:07:38,1900-01-00 00:00:00,dlink-615_EXT,40:86:CB:27:D2:0C,-25, WPA2 ,0.000000,0.000000,0.000,0.000,AP
2026-05-15 11:07:38,1900-01-00 00:00:00,dlink-615_EXT,40:86:CB:27:D2:0C,-23, WPA2 ,0.000000,0.000000,0.000,0.000,AP
2026-05-15 11:07:38,1900-01-00 00:00:00,dlink-615_EXT,40:86:CB:27:D2:0C,-23, WPA2 ,0.000000,0.000000,0.000,0.000,AP
2026-05-15 11:07:38,1900-01-00 00:00:00,dlink-615_EXT,40:86:CB:27:D2:0C,-23, WPA2 ,0.000000,0.000000,0.000,0.000,AP
2026-05-15 11:07:42,1900-01-00 00:00:00,dlink-615_EXT,40:86:CB:27:D2:0C,-65, WPA2 ,0.000000,0.000000,0.000,0.000,AP
2026-05-15 11:07:43,1900-01-00 00:00:00,dlink-615_EXT,40:86:CB:27:D2:0C,-23, WPA2 ,0.000000,0.000000,0.000,0.000,AP
2026-05-15 11:07:44,1900-01-00 00:00:00,dlink-615_EXT,40:86:CB:27:D2:0C,-23, WPA2 ,0.000000,0.000000,0.000,0.000,AP
2026-05-15 11:07:44,1900-01-00 00:00:00,dlink-615_EXT,40:86:CB:27:D2:0C,-25, WPA2 ,0.000000,0.000000,0.000,0.000,AP
2026-05-15 11:07:44,1900-01-00 00:00:00,,9C:2F:9D:82:20:A3,-31,,0.000000,0.000000,0.000,0.000,Client
2026-05-15 11:07:44,1900-01-00 00:00:00,dlink-615_EXT,40:86:CB:27:D2:0C,-21, WPA2 ,0.000000,0.000000,0.000,0.000,AP
2026-05-15 11:07:44,1900-01-00 00:00:00,,9C:2F:9D:82:20:A3,-37,,0.000000,0.000000,0.000,0.000,Client
2026-05-15 11:07:50,1900-01-00 00:00:00,dlink-615_EXT,40:86:CB:27:D2:0C,-61, WPA2 ,0.000000,0.000000,0.000,0.000,AP
2026-05-15 11:07:50,1900-01-00 00:00:00,dlink-615_EXT,40:86:CB:27:D2:0C,-25, WPA2 ,0.000000,0.000000,0.000,0.000,AP
2026-05-15 11:07:50,1900-01-00 00:00:00,,9C:2F:9D:82:20:A3,-43,,0.000000,0.000000,0.000,0.000,Client
2026-05-15 11:07:50,1900-01-00 00:00:00,dlink-615_EXT,40:86:CB:27:D2:0C,-23, WPA2 ,0.000000,0.000000,0.000,0.000,AP
2026-05-15 11:07:51,1900-01-00 00:00:00,dlink-615_EXT,40:86:CB:27:D2:0C,-25, WPA2 ,0.000000,0.000000,0.000,0.000,AP
2026-05-15 11:07:51,1900-01-00 00:00:00,,9C:2F:9D:82:20:A3,-45,,0.000000,0.000000,0.000,0.000,Client
2026-05-15 11:07:51,1900-01-00 00:00:00,dlink-615_EXT,40:86:CB:27:D2:0C,-21, WPA2 ,0.000000,0.000000,0.000,0.000,AP
2026-05-15 11:08:00,1900-01-00 00:00:00,dlink-615_EXT,40:86:CB:27:D2:0C,-21, WPA2 ,0.000000,0.000000,0.000,0.000,AP
2026-05-15 11:08:00,1900-01-00 00:00:00,,9C:2F:9D:82:20:A3,-39,,0.000000,0.000000,0.000,0.000,Client
2026-05-15 11:08:01,1900-01-00 00:00:00,dlink-615_EXT,40:86:CB:27:D2:0C,-21, WPA2 ,0.000000,0.000000,0.000,0.000,AP
2026-05-15 11:08:01,1900-01-00 00:00:00,dlink-615_EXT,40:86:CB:27:D2:0C,-21, WPA2 ,0.000000,0.000000,0.000,0.000,AP
2026-05-15 11:08:01,1900-01-00 00:00:00,,9C:2F:9D:82:20:A3,-39,,0.000000,0.000000,0.000,0.000,Client
2026-05-15 11:08:01,1900-01-00 00:00:00,dlink-615_EXT,40:86:CB:27:D2:0C,-21, WPA2 ,0.000000,0.000000,0.000,0.000,AP
2026-05-15 11:08:14,1900-01-00 00:00:00,dlink-615_EXT,40:86:CB:27:D2:0C,-61, WPA2 ,0.000000,0.000000,0.000,0.000,AP
2026-05-15 11:08:14,1900-01-00 00:00:00,dlink-615_EXT,40:86:CB:27:D2:0C,-29, WPA2 ,0.000000,0.000000,0.000,0.000,AP
2026-05-15 11:08:14,1900-01-00 00:00:00,dlink-615_EXT,40:86:CB:27:D2:0C,-27, WPA2 ,0.000000,0.000000,0.000,0.000,AP
2026-05-15 11:08:14,1900-01-00 00:00:00,,9C:2F:9D:82:20:A3,-37,,0.000000,0.000000,0.000,0.000,Client
2026-05-15 11:08:15,1900-01-00 00:00:00,dlink-615_EXT,40:86:CB:27:D2:0C,-27, WPA2 ,0.000000,0.000000,0.000,0.000,AP
2026-05-15 11:08:15,1900-01-00 00:00:00,dlink-615_EXT,40:86:CB:27:D2:0C,-27, WPA2 ,0.000000,0.000000,0.000,0.000,AP
2026-05-15 11:08:15,1900-01-00 00:00:00,dlink-615_EXT,40:86:CB:27:D2:0C,-29, WPA2 ,0.000000,0.000000,0.000,0.000,AP
2026-05-15 11:08:15,1900-01-00 00:00:00,,9C:2F:9D:82:20:A3,-35,,0.000000,0.000000,0.000,0.000,Client
2026-05-15 11:08:34,1900-01-00 00:00:00,dlink-615_EXT,40:86:CB:27:D2:0C,-61, WPA2 ,0.000000,0.000000,0.000,0.000,AP
2026-05-15 11:08:34,1900-01-00 00:00:00,dlink-615_EXT,40:86:CB:27:D2:0C,-59, WPA2 ,0.000000,0.000000,0.000,0.000,AP
2026-05-15 11:08:34,1900-01-00 00:00:00,dlink-615_EXT,40:86:CB:27:D2:0C,-27, WPA2 ,0.000000,0.000000,0.000,0.000,AP
2026-05-15 11:08:34,1900-01-00 00:00:00,dlink-615_EXT,40:86:CB:27:D2:0C,-25, WPA2 ,0.000000,0.000000,0.000,0.000,AP
2026-05-15 11:08:35,1900-01-00 00:00:00,dlink-615_EXT,40:86:CB:27:D2:0C,-23, WPA2 ,0.000000,0.000000,0.000,0.000,AP
2026-05-15 11:08:35,1900-01-00 00:00:00,dlink-615_EXT,40:86:CB:27:D2:0C,-25, WPA2 ,0.000000,0.000000,0.000,0.000,AP
2026-05-15 11:08:35,1900-01-00 00:00:00,dlink-615_EXT,40:86:CB:27:D2:0C,-25, WPA2 ,0.000000,0.000000,0.000,0.000,AP
2026-05-15 11:08:35,1900-01-00 00:00:00,dlink-615_EXT,40:86:CB:27:D2:0C,-29, WPA2 ,0.000000,0.000000,0.000,0.000,AP
2026-05-15 11:09:03,1900-01-00 00:00:00,dlink-615_EXT,40:86:CB:27:D2:0C,-61, WPA2 ,0.000000,0.000000,0.000,0.000,AP
2026-05-15 11:09:03,1900-01-00 00:00:00,dlink-615_EXT,40:86:CB:27:D2:0C,-57, WPA2 ,0.000000,0.000000,0.000,0.000,AP
2026-05-15 11:09:03,1900-01-00 00:00:00,dlink-615_EXT,40:86:CB:27:D2:0C,-59, WPA2 ,0.000000,0.000000,0.000,0.000,AP
2026-05-15 11:09:03,1900-01-00 00:00:00,dlink-615_EXT,40:86:CB:27:D2:0C,-29, WPA2 ,0.000000,0.000000,0.000,0.000,AP
2026-05-15 11:09:03,1900-01-00 00:00:00,dlink-615_EXT,40:86:CB:27:D2:0C,-27, WPA2 ,0.000000,0.000000,0.000,0.000,AP
2026-05-15 11:09:04,1900-01-00 00:00:00,dlink-615_EXT,40:86:CB:27:D2:0C,-29, WPA2 ,0.000000,0.000000,0.000,0.000,AP
2026-05-15 11:09:04,1900-01-00 00:00:00,dlink-615_EXT,40:86:CB:27:D2:0C,-29, WPA2 ,0.000000,0.000000,0.000,0.000,AP
2026-05-15 11:09:04,1900-01-00 00:00:00,dlink-615_EXT,40:86:CB:27:D2:0C,-29, WPA2 ,0.000000,0.000000,0.000,0.000,AP
2026-05-15 11:09:46,1900-01-00 00:00:00,dlink-615_EXT,40:86:CB:27:D2:0C,-59, WPA2 ,0.000000,0.000000,0.000,0.000,AP
2026-05-15 11:09:46,1900-01-00 00:00:00,dlink-615_EXT,40:86:CB:27:D2:0C,-59, WPA2 ,0.000000,0.000000,0.000,0.000,AP
2026-05-15 11:09:46,1900-01-00 00:00:00,dlink-615_EXT,40:86:CB:27:D2:0C,-59, WPA2 ,0.000000,0.000000,0.000,0.000,AP
2026-05-15 11:09:46,1900-01-00 00:00:00,dlink-615_EXT,40:86:CB:27:D2:0C,-33, WPA2 ,0.000000,0.000000,0.000,0.000,AP
2026-05-15 11:09:47,1900-01-00 00:00:00,dlink-615_EXT,40:86:CB:27:D2:0C,-27, WPA2 ,0.000000,0.000000,0.000,0.000,AP
2026-05-15 11:09:47,1900-01-00 00:00:00,dlink-615_EXT,40:86:CB:27:D2:0C,-27, WPA2 ,0.000000,0.000000,0.000,0.000,AP
2026-05-15 11:09:47,1900-01-00 00:00:00,dlink-615_EXT,40:86:CB:27:D2:0C,-29, WPA2 ,0.000000,0.000000,0.000,0.000,AP
2026-05-15 11:10:50,1900-01-00 00:00:00,dlink-615_EXT,40:86:CB:27:D2:0C,-29, WPA2 ,0.000000,0.000000,0.000,0.000,AP
2026-05-15 11:10:50,1900-01-00 00:00:00,dlink-615_EXT,40:86:CB:27:D2:0C,-29, WPA2 ,0.000000,0.000000,0.000,0.000,AP
2026-05-15 11:10:50,1900-01-00 00:00:00,,9C:2F:9D:82:20:A3,-35,,0.000000,0.000000,0.000,0.000,Client
2026-05-15 11:10:51,1900-01-00 00:00:00,dlink-615_EXT,40:86:CB:27:D2:0C,-29, WPA2 ,0.000000,0.000000,0.000,0.000,AP
2026-05-15 11:10:51,1900-01-00 00:00:00,,9C:2F:9D:82:20:A3,-33,,0.000000,0.000000,0.000,0.000,Client
2026-05-15 11:10:51,1900-01-00 00:00:00,dlink-615_EXT,40:86:CB:27:D2:0C,-29, WPA2 ,0.000000,0.000000,0.000,0.000,AP
2026-05-15 11:10:51,1900-01-00 00:00:00,dlink-615_EXT,40:86:CB:27:D2:0C,-65, WPA2 ,0.000000,0.000000,0.000,0.000,AP
2026-05-15 11:10:51,1900-01-00 00:00:00,dlink-615_EXT,40:86:CB:27:D2:0C,-27, WPA2 ,0.000000,0.000000,0.000,0.000,AP
2026-05-15 11:12:25,1900-01-00 00:00:00,dlink-615_EXT,40:86:CB:27:D2:0C,-59, WPA2 ,0.000000,0.000000,0.000,0.000,AP
2026-05-15 11:12:25,1900-01-00 00:00:00,dlink-615_EXT,40:86:CB:27:D2:0C,-27, WPA2 ,0.000000,0.000000,0.000,0.000,AP
2026-05-15 11:12:25,1900-01-00 00:00:00,dlink-615_EXT,40:86:CB:27:D2:0C,-27, WPA2 ,0.000000,0.000000,0.000,0.000,AP
2026-05-15 11:12:26,1900-01-00 00:00:00,dlink-615_EXT,40:86:CB:27:D2:0C,-25, WPA2 ,0.000000,0.000000,0.000,0.000,AP
2026-05-15 11:14:26,1900-01-00 00:00:00,dlink-615_EXT,40:86:CB:27:D2:0C,-61, WPA2 ,0.000000,0.000000,0.000,0.000,AP
2026-05-15 11:14:26,1900-01-00 00:00:00,dlink-615_EXT,40:86:CB:27:D2:0C,-57, WPA2 ,0.000000,0.000000,0.000,0.000,AP
2026-05-15 11:14:26,1900-01-00 00:00:00,,9C:2F:9D:82:20:A3,-67,,0.000000,0.000000,0.000,0.000,Client
2026-05-15 11:14:26,1900-01-00 00:00:00,dlink-615_EXT,40:86:CB:27:D2:0C,-31, WPA2 ,0.000000,0.000000,0.000,0.000,AP
2026-05-15 11:14:27,1900-01-00 00:00:00,dlink-615_EXT,40:86:CB:27:D2:0C,-27, WPA2 ,0.000000,0.000000,0.000,0.000,AP
2026-05-15 11:14:27,1900-01-00 00:00:00,dlink-615_EXT,40:86:CB:27:D2:0C,-29, WPA2 ,0.000000,0.000000,0.000,0.000,AP
2026-05-15 11:14:27,1900-01-00 00:00:00,dlink-615_EXT,40:86:CB:27:D2:0C,-29, WPA2 ,0.000000,0.000000,0.000,0.000,AP
2026-05-15 11:14:27,1900-01-00 00:00:00,dlink-615_EXT,40:86:CB:27:D2:0C,-25, WPA2 ,0.000000,0.000000,0.000,0.000,AP
2026-05-15 11:14:30,1900-01-00 00:00:00,dlink-615_EXT,40:86:CB:27:D2:0C,-59, WPA2 ,0.000000,0.000000,0.000,0.000,AP
2026-05-15 11:14:30,1900-01-00 00:00:00,dlink-615_EXT,40:86:CB:27:D2:0C,-59, WPA2 ,0.000000,0.000000,0.000,0.000,AP
2026-05-15 11:14:30,1900-01-00 00:00:00,dlink-615_EXT,40:86:CB:27:D2:0C,-33, WPA2 ,0.000000,0.000000,0.000,0.000,AP
2026-05-15 11:14:30,1900-01-00 00:00:00,,9C:2F:9D:82:20:A3,-35,,0.000000,0.000000,0.000,0.000,Client
2026-05-15 11:14:30,1900-01-00 00:00:00,dlink-615_EXT,40:86:CB:27:D2:0C,-77, WPA2 ,0.000000,0.000000,0.000,0.000,AP
2026-05-15 11:14:30,1900-01-00 00:00:00,dlink-615_EXT,40:86:CB:27:D2:0C,-31, WPA2 ,0.000000,0.000000,0.000,0.000,AP
2026-05-15 11:14:30,1900-01-00 00:00:00,dlink-615_EXT,40:86:CB:27:D2:0C,-29, WPA2 ,0.000000,0.000000,0.000,0.000,AP
2026-05-15 11:14:30,1900-01-00 00:00:00,dlink-615_EXT,40:86:CB:27:D2:0C,-31, WPA2 ,0.000000,0.000000,0.000,0.000,AP
2026-05-15 11:14:33,1900-01-00 00:00:00,dlink-615_EXT,40:86:CB:27:D2:0C,-59, WPA2 ,0.000000,0.000000,0.000,0.000,AP
2026-05-15 11:14:34,1900-01-00 00:00:00,dlink-615_EXT,40:86:CB:27:D2:0C,-33, WPA2 ,0.000000,0.000000,0.000,0.000,AP
2026-05-15 11:14:34,1900-01-00 00:00:00,dlink-615_EXT,40:86:CB:27:D2:0C,-31, WPA2 ,0.000000,0.000000,0.000,0.000,AP
2026-05-15 11:14:34,1900-01-00 00:00:00,dlink-615_EXT,40:86:CB:27:D2:0C,-53, WPA2 ,0.000000,0.000000,0.000,0.000,AP
2026-05-15 11:14:34,1900-01-00 00:00:00,dlink-615_EXT,40:86:CB:27:D2:0C,-31, WPA2 ,0.000000,0.000000,0.000,0.000,AP
2026-05-15 11:14:34,1900-01-00 00:00:00,,9C:2F:9D:82:20:A3,-37,,0.000000,0.000000,0.000,0.000,Client
2026-05-15 11:14:34,1900-01-00 00:00:00,dlink-615_EXT,40:86:CB:27:D2:0C,-29, WPA2 ,0.000000,0.000000,0.000,0.000,AP
2026-05-15 11:14:39,1900-01-00 00:00:00,dlink-615_EXT,40:86:CB:27:D2:0C,-61, WPA2 ,0.000000,0.000000,0.000,0.000,AP
2026-05-15 11:14:39,1900-01-00 00:00:00,dlink-615_EXT,40:86:CB:27:D2:0C,-33, WPA2 ,0.000000,0.000000,0.000,0.000,AP
2026-05-15 11:14:39,1900-01-00 00:00:00,dlink-615_EXT,40:86:CB:27:D2:0C,-31, WPA2 ,0.000000,0.000000,0.000,0.000,AP
2026-05-15 11:14:40,1900-01-00 00:00:00,dlink-615_EXT,40:86:CB:27:D2:0C,-31, WPA2 ,0.000000,0.000000,0.000,0.000,AP
2026-05-15 11:14:40,1900-01-00 00:00:00,dlink-615_EXT,40:86:CB:27:D2:0C,-29, WPA2 ,0.000000,0.000000,0.000,0.000,AP
2026-05-15 11:14:46,1900-01-00 00:00:00,dlink-615_EXT,40:86:CB:27:D2:0C,-57, WPA2 ,0.000000,0.000000,0.000,0.000,AP
2026-05-15 11:14:46,1900-01-00 00:00:00,dlink-615_EXT,40:86:CB:27:D2:0C,-33, WPA2 ,0.000000,0.000000,0.000,0.000,AP
2026-05-15 11:14:46,1900-01-00 00:00:00,dlink-615_EXT,40:86:CB:27:D2:0C,-33, WPA2 ,0.000000,0.000000,0.000,0.000,AP
2026-05-15 11:14:46,1900-01-00 00:00:00,dlink-615_EXT,40:86:CB:27:D2:0C,-33, WPA2 ,0.000000,0.000000,0.000,0.000,AP
2026-05-15 11:14:46,1900-01-00 00:00:00,dlink-615_EXT,40:86:CB:27:D2:0C,-33, WPA2 ,0.000000,0.000000,0.000,0.000,AP
2026-05-15 11:14:46,1900-01-00 00:00:00,dlink-615_EXT,40:86:CB:27:D2:0C,-33, WPA2 ,0.000000,0.000000,0.000,0.000,AP
2026-05-15 11:14:46,1900-01-00 00:00:00,dlink-615_EXT,40:86:CB:27:D2:0C,-31, WPA2 ,0.000000,0.000000,0.000,0.000,AP
2026-05-15 11:14:47,1900-01-00 00:00:00,dlink-615_EXT,40:86:CB:27:D2:0C,-33, WPA2 ,0.000000,0.000000,0.000,0.000,AP
2026-05-15 11:14:47,1900-01-00 00:00:00,dlink-615_EXT,40:86:CB:27:D2:0C,-33, WPA2 ,0.000000,0.000000,0.000,0.000,AP
2026-05-15 11:14:56,1900-01-00 00:00:00,dlink-615_EXT,40:86:CB:27:D2:0C,-59, WPA2 ,0.000000,0.000000,0.000,0.000,AP
2026-05-15 11:14:56,1900-01-00 00:00:00,,9C:2F:9D:82:20:A3,-63,,0.000000,0.000000,0.000,0.000,Client
2026-05-15 11:14:56,1900-01-00 00:00:00,dlink-615_EXT,40:86:CB:27:D2:0C,-31, WPA2 ,0.000000,0.000000,0.000,0.000,AP
2026-05-15 11:14:57,1900-01-00 00:00:00,dlink-615_EXT,40:86:CB:27:D2:0C,-29, WPA2 ,0.000000,0.000000,0.000,0.000,AP
2026-05-15 11:14:57,1900-01-00 00:00:00,dlink-615_EXT,40:86:CB:27:D2:0C,-29, WPA2 ,0.000000,0.000000,0.000,0.000,AP
2026-05-15 11:14:57,1900-01-00 00:00:00,dlink-615_EXT,40:86:CB:27:D2:0C,-29, WPA2 ,0.000000,0.000000,0.000,0.000,AP
2026-05-15 11:15:10,1900-01-00 00:00:00,dlink-615_EXT,40:86:CB:27:D2:0C,-61, WPA2 ,0.000000,0.000000,0.000,0.000,AP
2026-05-15 11:15:10,1900-01-00 00:00:00,dlink-615_EXT,40:86:CB:27:D2:0C,-33, WPA2 ,0.000000,0.000000,0.000,0.000,AP
2026-05-15 11:15:11,1900-01-00 00:00:00,dlink-615_EXT,40:86:CB:27:D2:0C,-31, WPA2 ,0.000000,0.000000,0.000,0.000,AP
2026-05-15 11:15:11,1900-01-00 00:00:00,dlink-615_EXT,40:86:CB:27:D2:0C,-29, WPA2 ,0.000000,0.000000,0.000,0.000,AP
2026-05-15 11:15:11,1900-01-00 00:00:00,dlink-615_EXT,40:86:CB:27:D2:0C,-31, WPA2 ,0.000000,0.000000,0.000,0.000,AP
2026-05-15 11:15:11,1900-01-00 00:00:00,dlink-615_EXT,40:86:CB:27:D2:0C,-29, WPA2 ,0.000000,0.000000,0.000,0.000,AP
2026-05-15 11:15:30,1900-01-00 00:00:00,dlink-615_EXT,40:86:CB:27:D2:0C,-59, WPA2 ,0.000000,0.000000,0.000,0.000,AP
2026-05-15 11:15:30,1900-01-00 00:00:00,dlink-615_EXT,40:86:CB:27:D2:0C,-27, WPA2 ,0.000000,0.000000,0.000,0.000,AP
2026-05-15 11:15:30,1900-01-00 00:00:00,dlink-615_EXT,40:86:CB:27:D2:0C,-25, WPA2 ,0.000000,0.000000,0.000,0.000,AP
2026-05-15 11:15:31,1900-01-00 00:00:00,dlink-615_EXT,40:86:CB:27:D2:0C,-25, WPA2 ,0.000000,0.000000,0.000,0.000,AP
2026-05-15 11:15:31,1900-01-00 00:00:00,dlink-615_EXT,40:86:CB:27:D2:0C,-25, WPA2 ,0.000000,0.000000,0.000,0.000,AP
2026-05-15 11:15:31,1900-01-00 00:00:00,dlink-615_EXT,40:86:CB:27:D2:0C,-27, WPA2 ,0.000000,0.000000,0.000,0.000,AP
2026-05-15 11:15:59,1900-01-00 00:00:00,dlink-615_EXT,40:86:CB:27:D2:0C,-61, WPA2 ,0.000000,0.000000,0.000,0.000,AP
2026-05-15 11:15:59,1900-01-00 00:00:00,,9C:2F:9D:82:20:A3,-35,,0.000000,0.000000,0.000,0.000,Client
2026-05-15 11:15:59,1900-01-00 00:00:00,dlink-615_EXT,40:86:CB:27:D2:0C,-27, WPA2 ,0.000000,0.000000,0.000,0.000,AP
2026-05-15 11:16:00,1900-01-00 00:00:00,dlink-615_EXT,40:86:CB:27:D2:0C,-27, WPA2 ,0.000000,0.000000,0.000,0.000,AP
2026-05-15 11:16:00,1900-01-00 00:00:00,dlink-615_EXT,40:86:CB:27:D2:0C,-27, WPA2 ,0.000000,0.000000,0.000,0.000,AP
2026-05-15 11:16:00,1900-01-00 00:00:00,dlink-615_EXT,40:86:CB:27:D2:0C,-27, WPA2 ,0.000000,0.000000,0.000,0.000,AP
2026-05-15 11:16:42,1900-01-00 00:00:00,dlink-615_EXT,40:86:CB:27:D2:0C,-31, WPA2 ,0.000000,0.000000,0.000,0.000,AP
2026-05-15 11:16:43,1900-01-00 00:00:00,dlink-615_EXT,40:86:CB:27:D2:0C,-31, WPA2 ,0.000000,0.000000,0.000,0.000,AP
2026-05-15 11:16:43,1900-01-00 00:00:00,dlink-615_EXT,40:86:CB:27:D2:0C,-33, WPA2 ,0.000000,0.000000,0.000,0.000,AP
2026-05-15 11:17:46,1900-01-00 00:00:00,dlink-615_EXT,40:86:CB:27:D2:0C,-53, WPA2 ,0.000000,0.000000,0.000,0.000,AP
2026-05-15 11:17:46,1900-01-00 00:00:00,dlink-615_EXT,40:86:CB:27:D2:0C,-57, WPA2 ,0.000000,0.000000,0.000,0.000,AP
2026-05-15 11:17:46,1900-01-00 00:00:00,dlink-615_EXT,40:86:CB:27:D2:0C,-53, WPA2 ,0.000000,0.000000,0.000,0.000,AP
2026-05-15 11:17:46,1900-01-00 00:00:00,dlink-615_EXT,40:86:CB:27:D2:0C,-33, WPA2 ,0.000000,0.000000,0.000,0.000,AP
2026-05-15 11:17:46,1900-01-00 00:00:00,,9C:2F:9D:82:20:A3,-31,,0.000000,0.000000,0.000,0.000,Client
2026-05-15 11:17:46,1900-01-00 00:00:00,,9C:2F:9D:82:20:A3,-29,,0.000000,0.000000,0.000,0.000,Client
2026-05-15 11:17:47,1900-01-00 00:00:00,dlink-615_EXT,40:86:CB:27:D2:0C,-29, WPA2 ,0.000000,0.000000,0.000,0.000,AP
2026-05-15 11:17:47,1900-01-00 00:00:00,dlink-615_EXT,40:86:CB:27:D2:0C,-65, WPA2 ,0.000000,0.000000,0.000,0.000,AP
2026-05-15 11:17:47,1900-01-00 00:00:00,dlink-615_EXT,40:86:CB:27:D2:0C,-29, WPA2 ,0.000000,0.000000,0.000,0.000,AP
2026-05-15 11:19:21,1900-01-00 00:00:00,dlink-615_EXT,40:86:CB:27:D2:0C,-61, WPA2 ,0.000000,0.000000,0.000,0.000,AP
2026-05-15 11:19:21,1900-01-00 00:00:00,dlink-615_EXT,40:86:CB:27:D2:0C,-75, WPA2 ,0.000000,0.000000,0.000,0.000,AP
2026-05-15 11:19:21,1900-01-00 00:00:00,dlink-615_EXT,40:86:CB:27:D2:0C,-33, WPA2 ,0.000000,0.000000,0.000,0.000,AP
2026-05-15 11:19:21,1900-01-00 00:00:00,dlink-615_EXT,40:86:CB:27:D2:0C,-31, WPA2 ,0.000000,0.000000,0.000,0.000,AP
2026-05-15 11:19:22,1900-01-00 00:00:00,dlink-615_EXT,40:86:CB:27:D2:0C,-27, WPA2 ,0.000000,0.000000,0.000,0.000,AP
2026-05-15 11:19:22,1900-01-00 00:00:00,dlink-615_EXT,40:86:CB:27:D2:0C,-23, WPA2 ,0.000000,0.000000,0.000,0.000,AP
2026-05-15 11:19:22,1900-01-00 00:00:00,,9C:2F:9D:82:20:A3,-35,,0.000000,0.000000,0.000,0.000,Client
2026-05-15 11:19:22,1900-01-00 00:00:00,dlink-615_EXT,40:86:CB:27:D2:0C,-29, WPA2 ,0.000000,0.000000,0.000,0.000,AP
2026-05-15 11:21:22,1900-01-00 00:00:00,dlink-615_EXT,40:86:CB:27:D2:0C,-57, WPA2 ,0.000000,0.000000,0.000,0.000,AP
2026-05-15 11:21:22,1900-01-00 00:00:00,dlink-615_EXT,40:86:CB:27:D2:0C,-57, WPA2 ,0.000000,0.000000,0.000,0.000,AP
2026-05-15 11:21:22,1900-01-00 00:00:00,dlink-615_EXT,40:86:CB:27:D2:0C,-55, WPA2 ,0.000000,0.000000,0.000,0.000,AP
2026-05-15 11:21:22,1900-01-00 00:00:00,dlink-615_EXT,40:86:CB:27:D2:0C,-55, WPA2 ,0.000000,0.000000,0.000,0.000,AP
2026-05-15 11:21:22,1900-01-00 00:00:00,dlink-615_EXT,40:86:CB:27:D2:0C,-73, WPA2 ,0.000000,0.000000,0.000,0.000,AP
2026-05-15 11:21:22,1900-01-00 00:00:00,dlink-615_EXT,40:86:CB:27:D2:0C,-27, WPA2 ,0.000000,0.000000,0.000,0.000,AP
2026-05-15 11:21:23,1900-01-00 00:00:00,dlink-615_EXT,40:86:CB:27:D2:0C,-29, WPA2 ,0.000000,0.000000,0.000,0.000,AP
2026-05-15 11:21:26,1900-01-00 00:00:00,dlink-615_EXT,40:86:CB:27:D2:0C,-57, WPA2 ,0.000000,0.000000,0.000,0.000,AP
2026-05-15 11:21:26,1900-01-00 00:00:00,dlink-615_EXT,40:86:CB:27:D2:0C,-59, WPA2 ,0.000000,0.000000,0.000,0.000,AP
2026-05-15 11:21:26,1900-01-00 00:00:00,dlink-615_EXT,40:86:CB:27:D2:0C,-53, WPA2 ,0.000000,0.000000,0.000,0.000,AP
2026-05-15 11:21:26,1900-01-00 00:00:00,dlink-615_EXT,40:86:CB:27:D2:0C,-29, WPA2 ,0.000000,0.000000,0.000,0.000,AP
2026-05-15 11:21:26,1900-01-00 00:00:00,dlink-615_EXT,40:86:CB:27:D2:0C,-29, WPA2 ,0.000000,0.000000,0.000,0.000,AP
2026-05-15 11:21:26,1900-01-00 00:00:00,dlink-615_EXT,40:86:CB:27:D2:0C,-27, WPA2 ,0.000000,0.000000,0.000,0.000,AP
2026-05-15 11:21:26,1900-01-00 00:00:00,dlink-615_EXT,40:86:CB:27:D2:0C,-27, WPA2 ,0.000000,0.000000,0.000,0.000,AP
2026-05-15 11:21:26,1900-01-00 00:00:00,,E4:5F:01:D5:E7:32,-30,,0.000000,0.000000,0.000,0.000,Client
2026-05-15 11:21:29,1900-01-00 00:00:00,dlink-615_EXT,40:86:CB:27:D2:0C,-59, WPA2 ,0.000000,0.000000,0.000,0.000,AP
2026-05-15 11:21:30,1900-01-00 00:00:00,dlink-615_EXT,40:86:CB:27:D2:0C,-55, WPA2 ,0.000000,0.000000,0.000,0.000,AP
2026-05-15 11:21:30,1900-01-00 00:00:00,dlink-615_EXT,40:86:CB:27:D2:0C,-55, WPA2 ,0.000000,0.000000,0.000,0.000,AP
2026-05-15 11:21:30,1900-01-00 00:00:00,dlink-615_EXT,40:86:CB:27:D2:0C,-29, WPA2 ,0.000000,0.000000,0.000,0.000,AP
2026-05-15 11:21:30,1900-01-00 00:00:00,dlink-615_EXT,40:86:CB:27:D2:0C,-25, WPA2 ,0.000000,0.000000,0.000,0.000,AP
2026-05-15 11:21:30,1900-01-00 00:00:00,dlink-615_EXT,40:86:CB:27:D2:0C,-25, WPA2 ,0.000000,0.000000,0.000,0.000,AP
2026-05-15 11:21:35,1900-01-00 00:00:00,dlink-615_EXT,40:86:CB:27:D2:0C,-59, WPA2 ,0.000000,0.000000,0.000,0.000,AP
2026-05-15 11:21:35,1900-01-00 00:00:00,dlink-615_EXT,40:86:CB:27:D2:0C,-57, WPA2 ,0.000000,0.000000,0.000,0.000,AP
2026-05-15 11:21:35,1900-01-00 00:00:00,dlink-615_EXT,40:86:CB:27:D2:0C,-55, WPA2 ,0.000000,0.000000,0.000,0.000,AP
2026-05-15 11:21:35,1900-01-00 00:00:00,dlink-615_EXT,40:86:CB:27:D2:0C,-27, WPA2 ,0.000000,0.000000,0.000,0.000,AP
2026-05-15 11:21:35,1900-01-00 00:00:00,dlink-615_EXT,40:86:CB:27:D2:0C,-27, WPA2 ,0.000000,0.000000,0.000,0.000,AP
2026-05-15 11:21:36,1900-01-00 00:00:00,dlink-615_EXT,40:86:CB:27:D2:0C,-25, WPA2 ,0.000000,0.000000,0.000,0.000,AP
2026-05-15 11:21:36,1900-01-00 00:00:00,dlink-615_EXT,40:86:CB:27:D2:0C,-25, WPA2 ,0.000000,0.000000,0.000,0.000,AP
2026-05-15 11:21:42,1900-01-00 00:00:00,dlink-615_EXT,40:86:CB:27:D2:0C,-55, WPA2 ,0.000000,0.000000,0.000,0.000,AP
2026-05-15 11:21:42,1900-01-00 00:00:00,,E4:5F:01:D5:E7:32,-23,,0.000000,0.000000,0.000,0.000,Client
2026-05-15 11:21:42,1900-01-00 00:00:00,,E4:5F:01:D5:E7:32,-21,,0.000000,0.000000,0.000,0.000,Client
2026-05-15 11:21:42,1900-01-00 00:00:00,,E4:5F:01:D5:E7:32,-9,,0.000000,0.000000,0.000,0.000,Client
2026-05-15 11:21:42,1900-01-00 00:00:00,,E4:5F:01:D5:E7:32,-9,,0.000000,0.000000,0.000,0.000,Client
2026-05-15 11:21:42,1900-01-00 00:00:00,,E4:5F:01:D5:E7:32,-9,,0.000000,0.000000,0.000,0.000,Client
2026-05-15 11:21:42,1900-01-00 00:00:00,,E4:5F:01:D5:E7:32,-81,,0.000000,0.000000,0.000,0.000,Client
2026-05-15 11:21:42,1900-01-00 00:00:00,,E4:5F:01:D5:E7:32,-75,,0.000000,0.000000,0.000,0.000,Client
2026-05-15 11:21:42,1900-01-00 00:00:00,dlink-615_EXT,40:86:CB:27:D2:0C,-31, WPA2 ,0.000000,0.000000,0.000,0.000,AP
2026-05-15 11:21:42,1900-01-00 00:00:00,dlink-615_EXT,40:86:CB:27:D2:0C,-27, WPA2 ,0.000000,0.000000,0.000,0.000,AP
2026-05-15 11:21:43,1900-01-00 00:00:00,dlink-615_EXT,40:86:CB:27:D2:0C,-25, WPA2 ,0.000000,0.000000,0.000,0.000,AP
2026-05-15 11:21:43,1900-01-00 00:00:00,dlink-615_EXT,40:86:CB:27:D2:0C,-53, WPA2 ,0.000000,0.000000,0.000,0.000,AP
2026-05-15 11:21:43,1900-01-00 00:00:00,dlink-615_EXT,40:86:CB:27:D2:0C,-27, WPA2 ,0.000000,0.000000,0.000,0.000,AP
2026-05-15 11:21:52,1900-01-00 00:00:00,dlink-615_EXT,40:86:CB:27:D2:0C,-61, WPA2 ,0.000000,0.000000,0.000,0.000,AP
2026-05-15 11:21:52,1900-01-00 00:00:00,dlink-615_EXT,40:86:CB:27:D2:0C,-59, WPA2 ,0.000000,0.000000,0.000,0.000,AP
2026-05-15 11:21:52,1900-01-00 00:00:00,dlink-615_EXT,40:86:CB:27:D2:0C,-59, WPA2 ,0.000000,0.000000,0.000,0.000,AP
2026-05-15 11:21:53,1900-01-00 00:00:00,dlink-615_EXT,40:86:CB:27:D2:0C,-25, WPA2 ,0.000000,0.000000,0.000,0.000,AP
2026-05-15 11:21:53,1900-01-00 00:00:00,dlink-615_EXT,40:86:CB:27:D2:0C,-23, WPA2 ,0.000000,0.000000,0.000,0.000,AP
2026-05-15 11:21:53,1900-01-00 00:00:00,dlink-615_EXT,40:86:CB:27:D2:0C,-23, WPA2 ,0.000000,0.000000,0.000,0.000,AP
2026-05-15 11:22:06,1900-01-00 00:00:00,dlink-615_EXT,40:86:CB:27:D2:0C,-57, WPA2 ,0.000000,0.000000,0.000,0.000,AP
2026-05-15 11:22:06,1900-01-00 00:00:00,dlink-615_EXT,40:86:CB:27:D2:0C,-27, WPA2 ,0.000000,0.000000,0.000,0.000,AP
2026-05-15 11:22:07,1900-01-00 00:00:00,dlink-615_EXT,40:86:CB:27:D2:0C,-29, WPA2 ,0.000000,0.000000,0.000,0.000,AP
2026-05-15 11:22:07,1900-01-00 00:00:00,dlink-615_EXT,40:86:CB:27:D2:0C,-25, WPA2 ,0.000000,0.000000,0.000,0.000,AP
2026-05-15 11:22:07,1900-01-00 00:00:00,dlink-615_EXT,40:86:CB:27:D2:0C,-25, WPA2 ,0.000000,0.000000,0.000,0.000,AP
2026-05-15 11:22:09,1900-01-00 00:00:00,dlink-615_EXT,40:86:CB:27:D2:0C,-23, WPA2 ,0.000000,0.000000,0.000,0.000,AP
2026-05-15 11:22:26,1900-01-00 00:00:00,dlink-615_EXT,40:86:CB:27:D2:0C,-59, WPA2 ,0.000000,0.000000,0.000,0.000,AP
2026-05-15 11:22:26,1900-01-00 00:00:00,dlink-615_EXT,40:86:CB:27:D2:0C,-67, WPA2 ,0.000000,0.000000,0.000,0.000,AP
2026-05-15 11:22:26,1900-01-00 00:00:00,dlink-615_EXT,40:86:CB:27:D2:0C,-59, WPA2 ,0.000000,0.000000,0.000,0.000,AP
2026-05-15 11:22:26,1900-01-00 00:00:00,dlink-615_EXT,40:86:CB:27:D2:0C,-27, WPA2 ,0.000000,0.000000,0.000,0.000,AP
2026-05-15 11:22:26,1900-01-00 00:00:00,dlink-615_EXT,40:86:CB:27:D2:0C,-25, WPA2 ,0.000000,0.000000,0.000,0.000,AP
2026-05-15 11:22:27,1900-01-00 00:00:00,dlink-615_EXT,40:86:CB:27:D2:0C,-25, WPA2 ,0.000000,0.000000,0.000,0.000,AP
2026-05-15 11:22:27,1900-01-00 00:00:00,dlink-615_EXT,40:86:CB:27:D2:0C,-25, WPA2 ,0.000000,0.000000,0.000,0.000,AP
2026-05-15 11:22:27,1900-01-00 00:00:00,dlink-615_EXT,40:86:CB:27:D2:0C,-25, WPA2 ,0.000000,0.000000,0.000,0.000,AP
2026-05-15 11:22:55,1900-01-00 00:00:00,dlink-615_EXT,40:86:CB:27:D2:0C,-61, WPA2 ,0.000000,0.000000,0.000,0.000,AP
2026-05-15 11:22:55,1900-01-00 00:00:00,dlink-615_EXT,40:86:CB:27:D2:0C,-57, WPA2 ,0.000000,0.000000,0.000,0.000,AP
2026-05-15 11:22:55,1900-01-00 00:00:00,dlink-615_EXT,40:86:CB:27:D2:0C,-31, WPA2 ,0.000000,0.000000,0.000,0.000,AP
2026-05-15 11:22:56,1900-01-00 00:00:00,dlink-615_EXT,40:86:CB:27:D2:0C,-27, WPA2 ,0.000000,0.000000,0.000,0.000,AP
2026-05-15 11:22:56,1900-01-00 00:00:00,dlink-615_EXT,40:86:CB:27:D2:0C,-27, WPA2 ,0.000000,0.000000,0.000,0.000,AP
2026-05-15 11:22:56,1900-01-00 00:00:00,dlink-615_EXT,40:86:CB:27:D2:0C,-29, WPA2 ,0.000000,0.000000,0.000,0.000,AP
2026-05-15 11:23:38,1900-01-00 00:00:00,dlink-615_EXT,40:86:CB:27:D2:0C,-55, WPA2 ,0.000000,0.000000,0.000,0.000,AP
2026-05-15 11:23:38,1900-01-00 00:00:00,dlink-615_EXT,40:86:CB:27:D2:0C,-33, WPA2 ,0.000000,0.000000,0.000,0.000,AP
2026-05-15 11:23:39,1900-01-00 00:00:00,dlink-615_EXT,40:86:CB:27:D2:0C,-31, WPA2 ,0.000000,0.000000,0.000,0.000,AP
2026-05-15 11:23:39,1900-01-00 00:00:00,dlink-615_EXT,40:86:CB:27:D2:0C,-29, WPA2 ,0.000000,0.000000,0.000,0.000,AP
2026-05-15 11:24:42,1900-01-00 00:00:00,dlink-615_EXT,40:86:CB:27:D2:0C,-55, WPA2 ,0.000000,0.000000,0.000,0.000,AP
2026-05-15 11:24:42,1900-01-00 00:00:00,dlink-615_EXT,40:86:CB:27:D2:0C,-55, WPA2 ,0.000000,0.000000,0.000,0.000,AP
2026-05-15 11:24:42,1900-01-00 00:00:00,dlink-615_EXT,40:86:CB:27:D2:0C,-27, WPA2 ,0.000000,0.000000,0.000,0.000,AP
2026-05-15 11:24:43,1900-01-00 00:00:00,dlink-615_EXT,40:86:CB:27:D2:0C,-25, WPA2 ,0.000000,0.000000,0.000,0.000,AP
2026-05-15 11:24:43,1900-01-00 00:00:00,dlink-615_EXT,40:86:CB:27:D2:0C,-25, WPA2 ,0.000000,0.000000,0.000,0.000,AP
2026-05-15 11:24:43,1900-01-00 00:00:00,dlink-615_EXT,40:86:CB:27:D2:0C,-23, WPA2 ,0.000000,0.000000,0.000,0.000,AP
2026-05-15 11:24:43,1900-01-00 00:00:00,dlink-615_EXT,40:86:CB:27:D2:0C,-25, WPA2 ,0.000000,0.000000,0.000,0.000,AP
2026-05-15 11:26:17,1900-01-00 00:00:00,dlink-615_EXT,40:86:CB:27:D2:0C,-55, WPA2 ,0.000000,0.000000,0.000,0.000,AP
2026-05-15 11:26:17,1900-01-00 00:00:00,dlink-615_EXT,40:86:CB:27:D2:0C,-57, WPA2 ,0.000000,0.000000,0.000,0.000,AP
2026-05-15 11:26:17,1900-01-00 00:00:00,dlink-615_EXT,40:86:CB:27:D2:0C,-55, WPA2 ,0.000000,0.000000,0.000,0.000,AP
2026-05-15 11:26:17,1900-01-00 00:00:00,dlink-615_EXT,40:86:CB:27:D2:0C,-55, WPA2 ,0.000000,0.000000,0.000,0.000,AP
2026-05-15 11:26:17,1900-01-00 00:00:00,dlink-615_EXT,40:86:CB:27:D2:0C,-29, WPA2 ,0.000000,0.000000,0.000,0.000,AP
2026-05-15 11:26:17,1900-01-00 00:00:00,dlink-615_EXT,40:86:CB:27:D2:0C,-27, WPA2 ,0.000000,0.000000,0.000,0.000,AP
2026-05-15 11:26:18,1900-01-00 00:00:00,dlink-615_EXT,40:86:CB:27:D2:0C,-27, WPA2 ,0.000000,0.000000,0.000,0.000,AP
2026-05-15 11:26:18,1900-01-00 00:00:00,dlink-615_EXT,40:86:CB:27:D2:0C,-27, WPA2 ,0.000000,0.000000,0.000,0.000,AP
2026-05-15 11:28:18,1900-01-00 00:00:00,dlink-615_EXT,40:86:CB:27:D2:0C,-59, WPA2 ,0.000000,0.000000,0.000,0.000,AP
2026-05-15 11:28:18,1900-01-00 00:00:00,dlink-615_EXT,40:86:CB:27:D2:0C,-59, WPA2 ,0.000000,0.000000,0.000,0.000,AP
2026-05-15 11:28:18,1900-01-00 00:00:00,dlink-615_EXT,40:86:CB:27:D2:0C,-57, WPA2 ,0.000000,0.000000,0.000,0.000,AP
2026-05-15 11:28:18,1900-01-00 00:00:00,dlink-615_EXT,40:86:CB:27:D2:0C,-57, WPA2 ,0.000000,0.000000,0.000,0.000,AP
2026-05-15 11:28:18,1900-01-00 00:00:00,,9C:2F:9D:82:20:A3,-41,,0.000000,0.000000,0.000,0.000,Client
2026-05-15 11:28:18,1900-01-00 00:00:00,dlink-615_EXT,40:86:CB:27:D2:0C,-25, WPA2 ,0.000000,0.000000,0.000,0.000,AP
2026-05-15 11:28:18,1900-01-00 00:00:00,dlink-615_EXT,40:86:CB:27:D2:0C,-23, WPA2 ,0.000000,0.000000,0.000,0.000,AP
2026-05-15 11:28:19,1900-01-00 00:00:00,,9C:2F:9D:82:20:A3,-39,,0.000000,0.000000,0.000,0.000,Client
2026-05-15 11:28:19,1900-01-00 00:00:00,dlink-615_EXT,40:86:CB:27:D2:0C,-23, WPA2 ,0.000000,0.000000,0.000,0.000,AP
2026-05-15 11:28:19,1900-01-00 00:00:00,dlink-615_EXT,40:86:CB:27:D2:0C,-23, WPA2 ,0.000000,0.000000,0.000,0.000,AP
2026-05-15 11:28:19,1900-01-00 00:00:00,dlink-615_EXT,40:86:CB:27:D2:0C,-23, WPA2 ,0.000000,0.000000,0.000,0.000,AP
2026-05-15 11:28:21,1900-01-00 00:00:00,dlink-615_EXT,40:86:CB:27:D2:0C,-59, WPA2 ,0.000000,0.000000,0.000,0.000,AP
2026-05-15 11:28:22,1900-01-00 00:00:00,dlink-615_EXT,40:86:CB:27:D2:0C,-59, WPA2 ,0.000000,0.000000,0.000,0.000,AP
2026-05-15 11:28:22,1900-01-00 00:00:00,dlink-615_EXT,40:86:CB:27:D2:0C,-59, WPA2 ,0.000000,0.000000,0.000,0.000,AP
2026-05-15 11:28:22,1900-01-00 00:00:00,dlink-615_EXT,40:86:CB:27:D2:0C,-23, WPA2 ,0.000000,0.000000,0.000,0.000,AP
2026-05-15 11:28:22,1900-01-00 00:00:00,,9C:2F:9D:82:20:A3,-39,,0.000000,0.000000,0.000,0.000,Client
2026-05-15 11:28:22,1900-01-00 00:00:00,dlink-615_EXT,40:86:CB:27:D2:0C,-25, WPA2 ,0.000000,0.000000,0.000,0.000,AP
2026-05-15 11:28:22,1900-01-00 00:00:00,dlink-615_EXT,40:86:CB:27:D2:0C,-25, WPA2 ,0.000000,0.000000,0.000,0.000,AP
2026-05-15 11:28:22,1900-01-00 00:00:00,,9C:2F:9D:82:20:A3,-41,,0.000000,0.000000,0.000,0.000,Client
2026-05-15 11:28:22,1900-01-00 00:00:00,,E4:5F:01:D5:E7:32,-30,,0.000000,0.000000,0.000,0.000,Client
2026-05-15 11:28:22,1900-01-00 00:00:00,dlink-615_EXT,40:86:CB:27:D2:0C,-25, WPA2 ,0.000000,0.000000,0.000,0.000,AP
2026-05-15 11:28:25,1900-01-00 00:00:00,dlink-615_EXT,40:86:CB:27:D2:0C,-61, WPA2 ,0.000000,0.000000,0.000,0.000,AP
2026-05-15 11:28:25,1900-01-00 00:00:00,dlink-615_EXT,40:86:CB:27:D2:0C,-57, WPA2 ,0.000000,0.000000,0.000,0.000,AP
2026-05-15 11:28:25,1900-01-00 00:00:00,dlink-615_EXT,40:86:CB:27:D2:0C,-57, WPA2 ,0.000000,0.000000,0.000,0.000,AP
2026-05-15 11:28:25,1900-01-00 00:00:00,dlink-615_EXT,40:86:CB:27:D2:0C,-59, WPA2 ,0.000000,0.000000,0.000,0.000,AP
2026-05-15 11:28:25,1900-01-00 00:00:00,dlink-615_EXT,40:86:CB:27:D2:0C,-59, WPA2 ,0.000000,0.000000,0.000,0.000,AP
2026-05-15 11:28:25,1900-01-00 00:00:00,dlink-615_EXT,40:86:CB:27:D2:0C,-57, WPA2 ,0.000000,0.000000,0.000,0.000,AP
2026-05-15 11:28:26,1900-01-00 00:00:00,dlink-615_EXT,40:86:CB:27:D2:0C,-27, WPA2 ,0.000000,0.000000,0.000,0.000,AP
2026-05-15 11:28:26,1900-01-00 00:00:00,dlink-615_EXT,40:86:CB:27:D2:0C,-27, WPA2 ,0.000000,0.000000,0.000,0.000,AP
2026-05-15 11:28:26,1900-01-00 00:00:00,dlink-615_EXT,40:86:CB:27:D2:0C,-25, WPA2 ,0.000000,0.000000,0.000,0.000,AP
2026-05-15 11:28:26,1900-01-00 00:00:00,dlink-615_EXT,40:86:CB:27:D2:0C,-23, WPA2 ,0.000000,0.000000,0.000,0.000,AP
2026-05-15 11:28:26,1900-01-00 00:00:00,dlink-615_EXT,40:86:CB:27:D2:0C,-23, WPA2 ,0.000000,0.000000,0.000,0.000,AP
2026-05-15 11:28:31,1900-01-00 00:00:00,dlink-615_EXT,40:86:CB:27:D2:0C,-63, WPA2 ,0.000000,0.000000,0.000,0.000,AP
2026-05-15 11:28:31,1900-01-00 00:00:00,dlink-615_EXT,40:86:CB:27:D2:0C,-55, WPA2 ,0.000000,0.000000,0.000,0.000,AP
2026-05-15 11:28:31,1900-01-00 00:00:00,dlink-615_EXT,40:86:CB:27:D2:0C,-57, WPA2 ,0.000000,0.000000,0.000,0.000,AP
2026-05-15 11:28:31,1900-01-00 00:00:00,dlink-615_EXT,40:86:CB:27:D2:0C,-57, WPA2 ,0.000000,0.000000,0.000,0.000,AP
2026-05-15 11:28:31,1900-01-00 00:00:00,dlink-615_EXT,40:86:CB:27:D2:0C,-59, WPA2 ,0.000000,0.000000,0.000,0.000,AP
2026-05-15 11:28:31,1900-01-00 00:00:00,,9C:2F:9D:82:20:A3,-33,,0.000000,0.000000,0.000,0.000,Client
2026-05-15 11:28:31,1900-01-00 00:00:00,dlink-615_EXT,40:86:CB:27:D2:0C,-25, WPA2 ,0.000000,0.000000,0.000,0.000,AP
2026-05-15 11:28:31,1900-01-00 00:00:00,,9C:2F:9D:82:20:A3,-29,,0.000000,0.000000,0.000,0.000,Client
2026-05-15 11:28:31,1900-01-00 00:00:00,dlink-615_EXT,40:86:CB:27:D2:0C,-23, WPA2 ,0.000000,0.000000,0.000,0.000,AP
2026-05-15 11:28:32,1900-01-00 00:00:00,dlink-615_EXT,40:86:CB:27:D2:0C,-23, WPA2 ,0.000000,0.000000,0.000,0.000,AP
2026-05-15 11:28:32,1900-01-00 00:00:00,dlink-615_EXT,40:86:CB:27:D2:0C,-25, WPA2 ,0.000000,0.000000,0.000,0.000,AP
2026-05-15 11:28:32,1900-01-00 00:00:00,,9C:2F:9D:82:20:A3,-29,,0.000000,0.000000,0.000,0.000,Client
2026-05-15 11:28:32,1900-01-00 00:00:00,dlink-615_EXT,40:86:CB:27:D2:0C,-23, WPA2 ,0.000000,0.000000,0.000,0.000,AP
2026-05-15 11:28:38,1900-01-00 00:00:00,dlink-615_EXT,40:86:CB:27:D2:0C,-61, WPA2 ,0.000000,0.000000,0.000,0.000,AP
2026-05-15 11:28:38,1900-01-00 00:00:00,dlink-615_EXT,40:86:CB:27:D2:0C,-61, WPA2 ,0.000000,0.000000,0.000,0.000,AP
2026-05-15 11:28:38,1900-01-00 00:00:00,dlink-615_EXT,40:86:CB:27:D2:0C,-55, WPA2 ,0.000000,0.000000,0.000,0.000,AP
2026-05-15 11:28:38,1900-01-00 00:00:00,,E4:5F:01:D5:E7:32,-24,,0.000000,0.000000,0.000,0.000,Client
2026-05-15 11:28:38,1900-01-00 00:00:00,,E4:5F:01:D5:E7:32,-24,,0.000000,0.000000,0.000,0.000,Client
2026-05-15 11:28:38,1900-01-00 00:00:00,dlink-615_EXT,40:86:CB:27:D2:0C,-25, WPA2 ,0.000000,0.000000,0.000,0.000,AP
2026-05-15 11:28:38,1900-01-00 00:00:00,,9C:2F:9D:82:20:A3,-41,,0.000000,0.000000,0.000,0.000,Client
2026-05-15 11:28:38,1900-01-00 00:00:00,dlink-615_EXT,40:86:CB:27:D2:0C,-23, WPA2 ,0.000000,0.000000,0.000,0.000,AP
2026-05-15 11:28:39,1900-01-00 00:00:00,dlink-615_EXT,40:86:CB:27:D2:0C,-25, WPA2 ,0.000000,0.000000,0.000,0.000,AP
2026-05-15 11:28:39,1900-01-00 00:00:00,dlink-615_EXT,40:86:CB:27:D2:0C,-25, WPA2 ,0.000000,0.000000,0.000,0.000,AP
2026-05-15 11:28:39,1900-01-00 00:00:00,,9C:2F:9D:82:20:A3,-39,,0.000000,0.000000,0.000,0.000,Client
2026-05-15 11:28:39,1900-01-00 00:00:00,dlink-615_EXT,40:86:CB:27:D2:0C,-25, WPA2 ,0.000000,0.000000,0.000,0.000,AP
2026-05-15 11:28:48,1900-01-00 00:00:00,dlink-615_EXT,40:86:CB:27:D2:0C,-57, WPA2 ,0.000000,0.000000,0.000,0.000,AP
2026-05-15 11:28:48,1900-01-00 00:00:00,dlink-615_EXT,40:86:CB:27:D2:0C,-55, WPA2 ,0.000000,0.000000,0.000,0.000,AP
2026-05-15 11:28:48,1900-01-00 00:00:00,dlink-615_EXT,40:86:CB:27:D2:0C,-53, WPA2 ,0.000000,0.000000,0.000,0.000,AP
2026-05-15 11:28:48,1900-01-00 00:00:00,dlink-615_EXT,40:86:CB:27:D2:0C,-53, WPA2 ,0.000000,0.000000,0.000,0.000,AP
2026-05-15 11:28:48,1900-01-00 00:00:00,dlink-615_EXT,40:86:CB:27:D2:0C,-25, WPA2 ,0.000000,0.000000,0.000,0.000,AP
2026-05-15 11:28:48,1900-01-00 00:00:00,,9C:2F:9D:82:20:A3,-37,,0.000000,0.000000,0.000,0.000,Client
2026-05-15 11:28:48,1900-01-00 00:00:00,dlink-615_EXT,40:86:CB:27:D2:0C,-23, WPA2 ,0.000000,0.000000,0.000,0.000,AP
2026-05-15 11:28:49,1900-01-00 00:00:00,dlink-615_EXT,40:86:CB:27:D2:0C,-25, WPA2 ,0.000000,0.000000,0.000,0.000,AP
2026-05-15 11:28:49,1900-01-00 00:00:00,dlink-615_EXT,40:86:CB:27:D2:0C,-23, WPA2 ,0.000000,0.000000,0.000,0.000,AP
2026-05-15 11:28:49,1900-01-00 00:00:00,,9C:2F:9D:82:20:A3,-33,,0.000000,0.000000,0.000,0.000,Client
2026-05-15 11:28:49,1900-01-00 00:00:00,dlink-615_EXT,40:86:CB:27:D2:0C,-23, WPA2 ,0.000000,0.000000,0.000,0.000,AP
2026-05-15 11:29:01,1900-01-00 00:00:00,dlink-615_EXT,40:86:CB:27:D2:0C,-63, WPA2 ,0.000000,0.000000,0.000,0.000,AP
2026-05-15 11:29:02,1900-01-00 00:00:00,dlink-615_EXT,40:86:CB:27:D2:0C,-59, WPA2 ,0.000000,0.000000,0.000,0.000,AP
2026-05-15 11:29:02,1900-01-00 00:00:00,dlink-615_EXT,40:86:CB:27:D2:0C,-55, WPA2 ,0.000000,0.000000,0.000,0.000,AP
2026-05-15 11:29:02,1900-01-00 00:00:00,dlink-615_EXT,40:86:CB:27:D2:0C,-29, WPA2 ,0.000000,0.000000,0.000,0.000,AP
2026-05-15 11:29:02,1900-01-00 00:00:00,dlink-615_EXT,40:86:CB:27:D2:0C,-33, WPA2 ,0.000000,0.000000,0.000,0.000,AP
2026-05-15 11:29:02,1900-01-00 00:00:00,,9C:2F:9D:82:20:A3,-27,,0.000000,0.000000,0.000,0.000,Client
2026-05-15 11:29:03,1900-01-00 00:00:00,dlink-615_EXT,40:86:CB:27:D2:0C,-29, WPA2 ,0.000000,0.000000,0.000,0.000,AP
2026-05-15 11:29:03,1900-01-00 00:00:00,dlink-615_EXT,40:86:CB:27:D2:0C,-33, WPA2 ,0.000000,0.000000,0.000,0.000,AP
2026-05-15 11:29:03,1900-01-00 00:00:00,,9C:2F:9D:82:20:A3,-29,,0.000000,0.000000,0.000,0.000,Client
2026-05-15 11:29:03,1900-01-00 00:00:00,dlink-615_EXT,40:86:CB:27:D2:0C,-31, WPA2 ,0.000000,0.000000,0.000,0.000,AP
2026-05-15 11:29:21,1900-01-00 00:00:00,dlink-615_EXT,40:86:CB:27:D2:0C,-63, WPA2 ,0.000000,0.000000,0.000,0.000,AP
2026-05-15 11:29:22,1900-01-00 00:00:00,dlink-615_EXT,40:86:CB:27:D2:0C,-59, WPA2 ,0.000000,0.000000,0.000,0.000,AP
2026-05-15 11:29:22,1900-01-00 00:00:00,dlink-615_EXT,40:86:CB:27:D2:0C,-59, WPA2 ,0.000000,0.000000,0.000,0.000,AP
2026-05-15 11:29:22,1900-01-00 00:00:00,dlink-615_EXT,40:86:CB:27:D2:0C,-59, WPA2 ,0.000000,0.000000,0.000,0.000,AP
2026-05-15 11:29:22,1900-01-00 00:00:00,dlink-615_EXT,40:86:CB:27:D2:0C,-31, WPA2 ,0.000000,0.000000,0.000,0.000,AP
2026-05-15 11:29:22,1900-01-00 00:00:00,,9C:2F:9D:82:20:A3,-31,,0.000000,0.000000,0.000,0.000,Client
2026-05-15 11:29:23,1900-01-00 00:00:00,dlink-615_EXT,40:86:CB:27:D2:0C,-25, WPA2 ,0.000000,0.000000,0.000,0.000,AP
2026-05-15 11:29:23,1900-01-00 00:00:00,dlink-615_EXT,40:86:CB:27:D2:0C,-27, WPA2 ,0.000000,0.000000,0.000,0.000,AP
2026-05-15 11:29:23,1900-01-00 00:00:00,,9C:2F:9D:82:20:A3,-31,,0.000000,0.000000,0.000,0.000,Client
2026-05-15 11:29:23,1900-01-00 00:00:00,dlink-615_EXT,40:86:CB:27:D2:0C,-29, WPA2 ,0.000000,0.000000,0.000,0.000,AP
2026-05-15 11:29:51,1900-01-00 00:00:00,dlink-615_EXT,40:86:CB:27:D2:0C,-65, WPA2 ,0.000000,0.000000,0.000,0.000,AP
2026-05-15 11:29:51,1900-01-00 00:00:00,dlink-615_EXT,40:86:CB:27:D2:0C,-63, WPA2 ,0.000000,0.000000,0.000,0.000,AP
2026-05-15 11:29:51,1900-01-00 00:00:00,dlink-615_EXT,40:86:CB:27:D2:0C,-61, WPA2 ,0.000000,0.000000,0.000,0.000,AP
2026-05-15 11:29:51,1900-01-00 00:00:00,dlink-615_EXT,40:86:CB:27:D2:0C,-59, WPA2 ,0.000000,0.000000,0.000,0.000,AP
2026-05-15 11:29:51,1900-01-00 00:00:00,dlink-615_EXT,40:86:CB:27:D2:0C,-31, WPA2 ,0.000000,0.000000,0.000,0.000,AP
2026-05-15 11:29:51,1900-01-00 00:00:00,dlink-615_EXT,40:86:CB:27:D2:0C,-29, WPA2 ,0.000000,0.000000,0.000,0.000,AP
2026-05-15 11:29:52,1900-01-00 00:00:00,,9C:2F:9D:82:20:A3,-39,,0.000000,0.000000,0.000,0.000,Client
2026-05-15 11:29:52,1900-01-00 00:00:00,dlink-615_EXT,40:86:CB:27:D2:0C,-25, WPA2 ,0.000000,0.000000,0.000,0.000,AP
2026-05-15 11:29:52,1900-01-00 00:00:00,dlink-615_EXT,40:86:CB:27:D2:0C,-27, WPA2 ,0.000000,0.000000,0.000,0.000,AP
2026-05-15 11:29:52,1900-01-00 00:00:00,dlink-615_EXT,40:86:CB:27:D2:0C,-27, WPA2 ,0.000000,0.000000,0.000,0.000,AP
2026-05-15 11:29:52,1900-01-00 00:00:00,,9C:2F:9D:82:20:A3,-41,,0.000000,0.000000,0.000,0.000,Client
2026-05-15 11:30:34,1900-01-00 00:00:00,dlink-615_EXT,40:86:CB:27:D2:0C,-61, WPA2 ,0.000000,0.000000,0.000,0.000,AP
2026-05-15 11:30:34,1900-01-00 00:00:00,dlink-615_EXT,40:86:CB:27:D2:0C,-59, WPA2 ,0.000000,0.000000,0.000,0.000,AP
2026-05-15 11:30:34,1900-01-00 00:00:00,dlink-615_EXT,40:86:CB:27:D2:0C,-59, WPA2 ,0.000000,0.000000,0.000,0.000,AP
2026-05-15 11:30:34,1900-01-00 00:00:00,dlink-615_EXT,40:86:CB:27:D2:0C,-33, WPA2 ,0.000000,0.000000,0.000,0.000,AP
2026-05-15 11:30:35,1900-01-00 00:00:00,dlink-615_EXT,40:86:CB:27:D2:0C,-31, WPA2 ,0.000000,0.000000,0.000,0.000,AP
2026-05-15 11:30:35,1900-01-00 00:00:00,dlink-615_EXT,40:86:CB:27:D2:0C,-31, WPA2 ,0.000000,0.000000,0.000,0.000,AP
2026-05-15 11:30:35,1900-01-00 00:00:00,,9C:2F:9D:82:20:A3,-33,,0.000000,0.000000,0.000,0.000,Client
2026-05-15 11:30:35,1900-01-00 00:00:00,dlink-615_EXT,40:86:CB:27:D2:0C,-31, WPA2 ,0.000000,0.000000,0.000,0.000,AP
2026-05-15 11:31:38,1900-01-00 00:00:00,dlink-615_EXT,40:86:CB:27:D2:0C,-59, WPA2 ,0.000000,0.000000,0.000,0.000,AP
2026-05-15 11:31:38,1900-01-00 00:00:00,dlink-615_EXT,40:86:CB:27:D2:0C,-61, WPA2 ,0.000000,0.000000,0.000,0.000,AP
2026-05-15 11:31:38,1900-01-00 00:00:00,dlink-615_EXT,40:86:CB:27:D2:0C,-31, WPA2 ,0.000000,0.000000,0.000,0.000,AP
2026-05-15 11:31:38,1900-01-00 00:00:00,dlink-615_EXT,40:86:CB:27:D2:0C,-29, WPA2 ,0.000000,0.000000,0.000,0.000,AP
2026-05-15 11:31:39,1900-01-00 00:00:00,dlink-615_EXT,40:86:CB:27:D2:0C,-29, WPA2 ,0.000000,0.000000,0.000,0.000,AP
2026-05-15 11:31:39,1900-01-00 00:00:00,dlink-615_EXT,40:86:CB:27:D2:0C,-29, WPA2 ,0.000000,0.000000,0.000,0.000,AP
2026-05-15 11:31:39,1900-01-00 00:00:00,dlink-615_EXT,40:86:CB:27:D2:0C,-29, WPA2 ,0.000000,0.000000,0.000,0.000,AP
2026-05-15 11:33:12,1900-01-00 00:00:00,dlink-615_EXT,40:86:CB:27:D2:0C,-63, WPA2 ,0.000000,0.000000,0.000,0.000,AP
2026-05-15 11:33:13,1900-01-00 00:00:00,dlink-615_EXT,40:86:CB:27:D2:0C,-61, WPA2 ,0.000000,0.000000,0.000,0.000,AP
2026-05-15 11:33:13,1900-01-00 00:00:00,dlink-615_EXT,40:86:CB:27:D2:0C,-53, WPA2 ,0.000000,0.000000,0.000,0.000,AP
2026-05-15 11:33:13,1900-01-00 00:00:00,dlink-615_EXT,40:86:CB:27:D2:0C,-33, WPA2 ,0.000000,0.000000,0.000,0.000,AP
2026-05-15 11:33:14,1900-01-00 00:00:00,dlink-615_EXT,40:86:CB:27:D2:0C,-27, WPA2 ,0.000000,0.000000,0.000,0.000,AP
2026-05-15 11:33:14,1900-01-00 00:00:00,dlink-615_EXT,40:86:CB:27:D2:0C,-29, WPA2 ,0.000000,0.000000,0.000,0.000,AP
2026-05-15 11:33:14,1900-01-00 00:00:00,dlink-615_EXT,40:86:CB:27:D2:0C,-31, WPA2 ,0.000000,0.000000,0.000,0.000,AP
2026-05-15 11:34:44,1900-01-00 00:00:00,,DC:A6:32:F8:A7:D6,-15,,0.000000,0.000000,0.000,0.000,Client
2026-05-15 11:34:44,1900-01-00 00:00:00,dlink-615_EXT,40:86:CB:27:D2:0C,-23, WPA2 ,0.000000,0.000000,0.000,0.000,AP
2026-05-15 11:34:44,1900-01-00 00:00:00,,DC:A6:32:F8:A7:D6,-15,,0.000000,0.000000,0.000,0.000,Client
2026-05-15 11:34:44,1900-01-00 00:00:00,dlink-615_EXT,40:86:CB:27:D2:0C,-25, WPA2 ,0.000000,0.000000,0.000,0.000,AP
2026-05-15 11:34:45,1900-01-00 00:00:00,,DC:A6:32:F8:A7:D6,-17,,0.000000,0.000000,0.000,0.000,Client
2026-05-15 11:34:45,1900-01-00 00:00:00,,DC:A6:32:F8:A7:D6,-17,,0.000000,0.000000,0.000,0.000,Client
2026-05-15 11:34:45,1900-01-00 00:00:00,dlink-615_EXT,40:86:CB:27:D2:0C,-23, WPA2 ,0.000000,0.000000,0.000,0.000,AP
2026-05-15 11:34:45,1900-01-00 00:00:00,,DC:A6:32:F8:A7:D6,-19,,0.000000,0.000000,0.000,0.000,Client
2026-05-15 11:34:46,1900-01-00 00:00:00,dlink-615_EXT,40:86:CB:27:D2:0C,-27, WPA2 ,0.000000,0.000000,0.000,0.000,AP
2026-05-15 11:34:46,1900-01-00 00:00:00,,DC:A6:32:F8:A7:D6,-21,,0.000000,0.000000,0.000,0.000,Client
2026-05-15 11:35:14,1900-01-00 00:00:00,,E4:5F:01:D5:E7:32,-37,,0.000000,0.000000,0.000,0.000,Client
2026-05-15 11:35:14,1900-01-00 00:00:00,,E4:5F:01:D5:E7:32,-11,,0.000000,0.000000,0.000,0.000,Client
2026-05-15 11:35:14,1900-01-00 00:00:00,dlink-615_EXT,40:86:CB:27:D2:0C,-25, WPA2 ,0.000000,0.000000,0.000,0.000,AP
2026-05-15 11:35:15,1900-01-00 00:00:00,dlink-615_EXT,40:86:CB:27:D2:0C,-25, WPA2 ,0.000000,0.000000,0.000,0.000,AP
2026-05-15 11:35:18,1900-01-00 00:00:00,dlink-615_EXT,40:86:CB:27:D2:0C,-57, WPA2 ,0.000000,0.000000,0.000,0.000,AP
2026-05-15 11:35:18,1900-01-00 00:00:00,dlink-615_EXT,40:86:CB:27:D2:0C,-55, WPA2 ,0.000000,0.000000,0.000,0.000,AP
2026-05-15 11:35:18,1900-01-00 00:00:00,,9C:2F:9D:82:20:A3,-33,,0.000000,0.000000,0.000,0.000,Client
2026-05-15 11:35:18,1900-01-00 00:00:00,dlink-615_EXT,40:86:CB:27:D2:0C,-25, WPA2 ,0.000000,0.000000,0.000,0.000,AP
2026-05-15 11:35:18,1900-01-00 00:00:00,dlink-615_EXT,40:86:CB:27:D2:0C,-23, WPA2 ,0.000000,0.000000,0.000,0.000,AP
2026-05-15 11:35:21,1900-01-00 00:00:00,dlink-615_EXT,40:86:CB:27:D2:0C,-61, WPA2 ,0.000000,0.000000,0.000,0.000,AP
2026-05-15 11:35:21,1900-01-00 00:00:00,,E4:5F:01:D5:E7:32,-29,,0.000000,0.000000,0.000,0.000,Client
2026-05-15 11:35:22,1900-01-00 00:00:00,,9C:2F:9D:82:20:A3,-35,,0.000000,0.000000,0.000,0.000,Client
2026-05-15 11:35:22,1900-01-00 00:00:00,dlink-615_EXT,40:86:CB:27:D2:0C,-21, WPA2 ,0.000000,0.000000,0.000,0.000,AP
2026-05-15 11:35:22,1900-01-00 00:00:00,dlink-615_EXT,40:86:CB:27:D2:0C,-23, WPA2 ,0.000000,0.000000,0.000,0.000,AP
2026-05-15 11:35:22,1900-01-00 00:00:00,,9C:2F:9D:82:20:A3,-33,,0.000000,0.000000,0.000,0.000,Client
2026-05-15 11:35:22,1900-01-00 00:00:00,dlink-615_EXT,40:86:CB:27:D2:0C,-23, WPA2 ,0.000000,0.000000,0.000,0.000,AP
2026-05-15 11:35:27,1900-01-00 00:00:00,dlink-615_EXT,40:86:CB:27:D2:0C,-59, WPA2 ,0.000000,0.000000,0.000,0.000,AP
2026-05-15 11:35:27,1900-01-00 00:00:00,dlink-615_EXT,40:86:CB:27:D2:0C,-55, WPA2 ,0.000000,0.000000,0.000,0.000,AP
2026-05-15 11:35:27,1900-01-00 00:00:00,dlink-615_EXT,40:86:CB:27:D2:0C,-25, WPA2 ,0.000000,0.000000,0.000,0.000,AP
2026-05-15 11:35:27,1900-01-00 00:00:00,dlink-615_EXT,40:86:CB:27:D2:0C,-25, WPA2 ,0.000000,0.000000,0.000,0.000,AP
2026-05-15 11:35:27,1900-01-00 00:00:00,dlink-615_EXT,40:86:CB:27:D2:0C,-25, WPA2 ,0.000000,0.000000,0.000,0.000,AP
2026-05-15 11:35:27,1900-01-00 00:00:00,dlink-615_EXT,40:86:CB:27:D2:0C,-21, WPA2 ,0.000000,0.000000,0.000,0.000,AP
2026-05-15 11:35:28,1900-01-00 00:00:00,,DC:A6:32:F8:A7:D6,-33,,0.000000,0.000000,0.000,0.000,Client
2026-05-15 11:35:28,1900-01-00 00:00:00,dlink-615_EXT,40:86:CB:27:D2:0C,-21, WPA2 ,0.000000,0.000000,0.000,0.000,AP
2026-05-15 11:35:28,1900-01-00 00:00:00,dlink-615_EXT,40:86:CB:27:D2:0C,-21, WPA2 ,0.000000,0.000000,0.000,0.000,AP
2026-05-15 11:35:28,1900-01-00 00:00:00,dlink-615_EXT,40:86:CB:27:D2:0C,-21, WPA2 ,0.000000,0.000000,0.000,0.000,AP
2026-05-15 11:35:28,1900-01-00 00:00:00,,DC:A6:32:F8:A7:D6,-32,,0.000000,0.000000,0.000,0.000,Client
2026-05-15 11:35:34,1900-01-00 00:00:00,dlink-615_EXT,40:86:CB:27:D2:0C,-61, WPA2 ,0.000000,0.000000,0.000,0.000,AP
2026-05-15 11:35:34,1900-01-00 00:00:00,dlink-615_EXT,40:86:CB:27:D2:0C,-57, WPA2 ,0.000000,0.000000,0.000,0.000,AP
2026-05-15 11:35:34,1900-01-00 00:00:00,,E4:5F:01:D5:E7:32,-22,,0.000000,0.000000,0.000,0.000,Client
2026-05-15 11:35:34,1900-01-00 00:00:00,dlink-615_EXT,40:86:CB:27:D2:0C,-25, WPA2 ,0.000000,0.000000,0.000,0.000,AP
2026-05-15 11:35:35,1900-01-00 00:00:00,dlink-615_EXT,40:86:CB:27:D2:0C,-21, WPA2 ,0.000000,0.000000,0.000,0.000,AP
2026-05-15 11:35:35,1900-01-00 00:00:00,dlink-615_EXT,40:86:CB:27:D2:0C,-21, WPA2 ,0.000000,0.000000,0.000,0.000,AP
2026-05-15 11:35:35,1900-01-00 00:00:00,dlink-615_EXT,40:86:CB:27:D2:0C,-23, WPA2 ,0.000000,0.000000,0.000,0.000,AP
2026-05-15 11:35:44,1900-01-00 00:00:00,dlink-615_EXT,40:86:CB:27:D2:0C,-61, WPA2 ,0.000000,0.000000,0.000,0.000,AP
2026-05-15 11:35:44,1900-01-00 00:00:00,dlink-615_EXT,40:86:CB:27:D2:0C,-23, WPA2 ,0.000000,0.000000,0.000,0.000,AP
2026-05-15 11:35:45,1900-01-00 00:00:00,dlink-615_EXT,40:86:CB:27:D2:0C,-21, WPA2 ,0.000000,0.000000,0.000,0.000,AP
2026-05-15 11:35:45,1900-01-00 00:00:00,dlink-615_EXT,40:86:CB:27:D2:0C,-23, WPA2 ,0.000000,0.000000,0.000,0.000,AP
2026-05-15 11:35:58,1900-01-00 00:00:00,dlink-615_EXT,40:86:CB:27:D2:0C,-57, WPA2 ,0.000000,0.000000,0.000,0.000,AP
2026-05-15 11:35:58,1900-01-00 00:00:00,dlink-615_EXT,40:86:CB:27:D2:0C,-25, WPA2 ,0.000000,0.000000,0.000,0.000,AP
2026-05-15 11:35:59,1900-01-00 00:00:00,dlink-615_EXT,40:86:CB:27:D2:0C,-23, WPA2 ,0.000000,0.000000,0.000,0.000,AP
2026-05-15 11:35:59,1900-01-00 00:00:00,dlink-615_EXT,40:86:CB:27:D2:0C,-23, WPA2 ,0.000000,0.000000,0.000,0.000,AP
2026-05-15 11:36:18,1900-01-00 00:00:00,dlink-615_EXT,40:86:CB:27:D2:0C,-57, WPA2 ,0.000000,0.000000,0.000,0.000,AP
2026-05-15 11:36:18,1900-01-00 00:00:00,dlink-615_EXT,40:86:CB:27:D2:0C,-25, WPA2 ,0.000000,0.000000,0.000,0.000,AP
2026-05-15 11:36:18,1900-01-00 00:00:00,dlink-615_EXT,40:86:CB:27:D2:0C,-25, WPA2 ,0.000000,0.000000,0.000,0.000,AP
2026-05-15 11:36:19,1900-01-00 00:00:00,dlink-615_EXT,40:86:CB:27:D2:0C,-25, WPA2 ,0.000000,0.000000,0.000,0.000,AP
2026-05-15 11:36:19,1900-01-00 00:00:00,dlink-615_EXT,40:86:CB:27:D2:0C,-25, WPA2 ,0.000000,0.000000,0.000,0.000,AP
2026-05-15 11:36:19,1900-01-00 00:00:00,dlink-615_EXT,40:86:CB:27:D2:0C,-25, WPA2 ,0.000000,0.000000,0.000,0.000,AP
2026-05-15 11:36:19,1900-01-00 00:00:00,,DC:A6:32:F8:A7:D6,-42,,0.000000,0.000000,0.000,0.000,Client
2026-05-15 11:36:19,1900-01-00 00:00:00,,DC:A6:32:F8:A7:D6,-42,,0.000000,0.000000,0.000,0.000,Client
2026-05-15 11:36:47,1900-01-00 00:00:00,,E4:5F:01:D5:E7:32,-21,,0.000000,0.000000,0.000,0.000,Client
2026-05-15 11:36:47,1900-01-00 00:00:00,dlink-615_EXT,40:86:CB:27:D2:0C,-29, WPA2 ,0.000000,0.000000,0.000,0.000,AP
2026-05-15 11:36:48,1900-01-00 00:00:00,dlink-615_EXT,40:86:CB:27:D2:0C,-67, WPA2 ,0.000000,0.000000,0.000,0.000,AP
2026-05-15 11:36:48,1900-01-00 00:00:00,dlink-615_EXT,40:86:CB:27:D2:0C,-25, WPA2 ,0.000000,0.000000,0.000,0.000,AP
2026-05-15 11:36:48,1900-01-00 00:00:00,dlink-615_EXT,40:86:CB:27:D2:0C,-23, WPA2 ,0.000000,0.000000,0.000,0.000,AP
2026-05-15 11:37:28,1900-01-00 00:00:00,,DC:A6:32:F8:A7:D6,-43,,0.000000,0.000000,0.000,0.000,Client
2026-05-15 11:37:28,1900-01-00 00:00:00,dlink-615_EXT,40:86:CB:27:D2:0C,-21, WPA2 ,0.000000,0.000000,0.000,0.000,AP
2026-05-15 11:37:28,1900-01-00 00:00:00,dlink-615_EXT,40:86:CB:27:D2:0C,-21, WPA2 ,0.000000,0.000000,0.000,0.000,AP
2026-05-15 11:37:28,1900-01-00 00:00:00,dlink-615_EXT,40:86:CB:27:D2:0C,-21, WPA2 ,0.000000,0.000000,0.000,0.000,AP
2026-05-15 11:37:28,1900-01-00 00:00:00,,DC:A6:32:F8:A7:D6,-43,,0.000000,0.000000,0.000,0.000,Client
2026-05-15 11:37:28,1900-01-00 00:00:00,dlink-615_EXT,40:86:CB:27:D2:0C,-23, WPA2 ,0.000000,0.000000,0.000,0.000,AP
2026-05-15 11:37:28,1900-01-00 00:00:00,,DC:A6:32:F8:A7:D6,-39,,0.000000,0.000000,0.000,0.000,Client
2026-05-15 11:37:28,1900-01-00 00:00:00,dlink-615_EXT,40:86:CB:27:D2:0C,-21, WPA2 ,0.000000,0.000000,0.000,0.000,AP
2026-05-15 11:37:28,1900-01-00 00:00:00,,DC:A6:32:F8:A7:D6,-39,,0.000000,0.000000,0.000,0.000,Client
2026-05-15 11:37:28,1900-01-00 00:00:00,dlink-615_EXT,40:86:CB:27:D2:0C,-25, WPA2 ,0.000000,0.000000,0.000,0.000,AP
2026-05-15 11:37:28,1900-01-00 00:00:00,,DC:A6:32:F8:A7:D6,-39,,0.000000,0.000000,0.000,0.000,Client
2026-05-15 11:37:28,1900-01-00 00:00:00,dlink-615_EXT,40:86:CB:27:D2:0C,-21, WPA2 ,0.000000,0.000000,0.000,0.000,AP
2026-05-15 11:37:28,1900-01-00 00:00:00,,DC:A6:32:F8:A7:D6,-39,,0.000000,0.000000,0.000,0.000,Client
2026-05-15 11:37:28,1900-01-00 00:00:00,dlink-615_EXT,40:86:CB:27:D2:0C,-21, WPA2 ,0.000000,0.000000,0.000,0.000,AP
2026-05-15 11:37:28,1900-01-00 00:00:00,dlink-615_EXT,40:86:CB:27:D2:0C,-21, WPA2 ,0.000000,0.000000,0.000,0.000,AP
2026-05-15 11:37:28,1900-01-00 00:00:00,,DC:A6:32:F8:A7:D6,-39,,0.000000,0.000000,0.000,0.000,Client
2026-05-15 11:37:28,1900-01-00 00:00:00,dlink-615_EXT,40:86:CB:27:D2:0C,-21, WPA2 ,0.000000,0.000000,0.000,0.000,AP
2026-05-15 11:37:28,1900-01-00 00:00:00,dlink-615_EXT,40:86:CB:27:D2:0C,-21, WPA2 ,0.000000,0.000000,0.000,0.000,AP
2026-05-15 11:37:30,1900-01-00 00:00:00,dlink-615_EXT,40:86:CB:27:D2:0C,-59, WPA2 ,0.000000,0.000000,0.000,0.000,AP
2026-05-15 11:37:30,1900-01-00 00:00:00,dlink-615_EXT,40:86:CB:27:D2:0C,-53, WPA2 ,0.000000,0.000000,0.000,0.000,AP
2026-05-15 11:37:30,1900-01-00 00:00:00,,9C:2F:9D:82:20:A3,-31,,0.000000,0.000000,0.000,0.000,Client
2026-05-15 11:37:30,1900-01-00 00:00:00,dlink-615_EXT,40:86:CB:27:D2:0C,-21, WPA2 ,0.000000,0.000000,0.000,0.000,AP
2026-05-15 11:37:31,1900-01-00 00:00:00,dlink-615_EXT,40:86:CB:27:D2:0C,-21, WPA2 ,0.000000,0.000000,0.000,0.000,AP
2026-05-15 11:37:31,1900-01-00 00:00:00,,DC:A6:32:F8:A7:D6,-39,,0.000000,0.000000,0.000,0.000,Client
2026-05-15 11:37:31,1900-01-00 00:00:00,dlink-615_EXT,40:86:CB:27:D2:0C,-21, WPA2 ,0.000000,0.000000,0.000,0.000,AP
2026-05-15 11:37:31,1900-01-00 00:00:00,dlink-615_EXT,40:86:CB:27:D2:0C,-21, WPA2 ,0.000000,0.000000,0.000,0.000,AP
2026-05-15 11:37:31,1900-01-00 00:00:00,,DC:A6:32:F8:A7:D6,-48,,0.000000,0.000000,0.000,0.000,Client
2026-05-15 11:38:34,1900-01-00 00:00:00,dlink-615_EXT,40:86:CB:27:D2:0C,-59, WPA2 ,0.000000,0.000000,0.000,0.000,AP
2026-05-15 11:38:34,1900-01-00 00:00:00,,9C:2F:9D:82:20:A3,-35,,0.000000,0.000000,0.000,0.000,Client
2026-05-15 11:38:34,1900-01-00 00:00:00,dlink-615_EXT,40:86:CB:27:D2:0C,-21, WPA2 ,0.000000,0.000000,0.000,0.000,AP
2026-05-15 11:38:35,1900-01-00 00:00:00,,9C:2F:9D:82:20:A3,-31,,0.000000,0.000000,0.000,0.000,Client
2026-05-15 11:38:35,1900-01-00 00:00:00,dlink-615_EXT,40:86:CB:27:D2:0C,-21, WPA2 ,0.000000,0.000000,0.000,0.000,AP
2026-05-15 11:38:35,1900-01-00 00:00:00,dlink-615_EXT,40:86:CB:27:D2:0C,-23, WPA2 ,0.000000,0.000000,0.000,0.000,AP
2026-05-15 11:38:35,1900-01-00 00:00:00,dlink-615_EXT,40:86:CB:27:D2:0C,-21, WPA2 ,0.000000,0.000000,0.000,0.000,AP
2026-05-15 11:40:09,1900-01-00 00:00:00,dlink-615_EXT,40:86:CB:27:D2:0C,-57, WPA2 ,0.000000,0.000000,0.000,0.000,AP
2026-05-15 11:40:10,1900-01-00 00:00:00,,9C:2F:9D:82:20:A3,-37,,0.000000,0.000000,0.000,0.000,Client
2026-05-15 11:40:10,1900-01-00 00:00:00,dlink-615_EXT,40:86:CB:27:D2:0C,-21, WPA2 ,0.000000,0.000000,0.000,0.000,AP
2026-05-15 11:40:10,1900-01-00 00:00:00,dlink-615_EXT,40:86:CB:27:D2:0C,-23, WPA2 ,0.000000,0.000000,0.000,0.000,AP
2026-05-15 11:40:10,1900-01-00 00:00:00,,9C:2F:9D:82:20:A3,-35,,0.000000,0.000000,0.000,0.000,Client
2026-05-15 11:42:10,1900-01-00 00:00:00,dlink-615_EXT,40:86:CB:27:D2:0C,-59, WPA2 ,0.000000,0.000000,0.000,0.000,AP
2026-05-15 11:42:10,1900-01-00 00:00:00,dlink-615_EXT,40:86:CB:27:D2:0C,-21, WPA2 ,0.000000,0.000000,0.000,0.000,AP
2026-05-15 11:42:11,1900-01-00 00:00:00,dlink-615_EXT,40:86:CB:27:D2:0C,-21, WPA2 ,0.000000,0.000000,0.000,0.000,AP
2026-05-15 11:42:11,1900-01-00 00:00:00,dlink-615_EXT,40:86:CB:27:D2:0C,-21, WPA2 ,0.000000,0.000000,0.000,0.000,AP
2026-05-15 11:42:11,1900-01-00 00:00:00,dlink-615_EXT,40:86:CB:27:D2:0C,-21, WPA2 ,0.000000,0.000000,0.000,0.000,AP
2026-05-15 11:42:11,1900-01-00 00:00:00,,9C:2F:9D:82:20:A3,-33,,0.000000,0.000000,0.000,0.000,Client
2026-05-15 11:42:13,1900-01-00 00:00:00,dlink-615_EXT,40:86:CB:27:D2:0C,-59, WPA2 ,0.000000,0.000000,0.000,0.000,AP
2026-05-15 11:42:14,1900-01-00 00:00:00,dlink-615_EXT,40:86:CB:27:D2:0C,-23, WPA2 ,0.000000,0.000000,0.000,0.000,AP
2026-05-15 11:42:14,1900-01-00 00:00:00,dlink-615_EXT,40:86:CB:27:D2:0C,-21, WPA2 ,0.000000,0.000000,0.000,0.000,AP
2026-05-15 11:42:14,1900-01-00 00:00:00,dlink-615_EXT,40:86:CB:27:D2:0C,-21, WPA2 ,0.000000,0.000000,0.000,0.000,AP
2026-05-15 11:42:14,1900-01-00 00:00:00,dlink-615_EXT,40:86:CB:27:D2:0C,-23, WPA2 ,0.000000,0.000000,0.000,0.000,AP
2026-05-15 11:42:14,1900-01-00 00:00:00,,DC:A6:32:F8:A7:D6,-39,,0.000000,0.000000,0.000,0.000,Client
2026-05-15 11:42:14,1900-01-00 00:00:00,dlink-615_EXT,40:86:CB:27:D2:0C,-23, WPA2 ,0.000000,0.000000,0.000,0.000,AP
2026-05-15 11:42:15,1900-01-00 00:00:00,,DC:A6:32:F8:A7:D6,-39,,0.000000,0.000000,0.000,0.000,Client
2026-05-15 11:42:18,1900-01-00 00:00:00,dlink-615_EXT,40:86:CB:27:D2:0C,-25, WPA2 ,0.000000,0.000000,0.000,0.000,AP
2026-05-15 11:42:18,1900-01-00 00:00:00,dlink-615_EXT,40:86:CB:27:D2:0C,-23, WPA2 ,0.000000,0.000000,0.000,0.000,AP
2026-05-15 11:42:18,1900-01-00 00:00:00,dlink-615_EXT,40:86:CB:27:D2:0C,-21, WPA2 ,0.000000,0.000000,0.000,0.000,AP
2026-05-15 11:42:18,1900-01-00 00:00:00,dlink-615_EXT,40:86:CB:27:D2:0C,-23, WPA2 ,0.000000,0.000000,0.000,0.000,AP
2026-05-15 11:42:23,1900-01-00 00:00:00,dlink-615_EXT,40:86:CB:27:D2:0C,-61, WPA2 ,0.000000,0.000000,0.000,0.000,AP
2026-05-15 11:42:23,1900-01-00 00:00:00,dlink-615_EXT,40:86:CB:27:D2:0C,-23, WPA2 ,0.000000,0.000000,0.000,0.000,AP
2026-05-15 11:42:24,1900-01-00 00:00:00,dlink-615_EXT,40:86:CB:27:D2:0C,-69, WPA2 ,0.000000,0.000000,0.000,0.000,AP
2026-05-15 11:42:24,1900-01-00 00:00:00,dlink-615_EXT,40:86:CB:27:D2:0C,-21, WPA2 ,0.000000,0.000000,0.000,0.000,AP
2026-05-15 11:42:24,1900-01-00 00:00:00,dlink-615_EXT,40:86:CB:27:D2:0C,-23, WPA2 ,0.000000,0.000000,0.000,0.000,AP
2026-05-15 11:42:24,1900-01-00 00:00:00,dlink-615_EXT,40:86:CB:27:D2:0C,-25, WPA2 ,0.000000,0.000000,0.000,0.000,AP
2026-05-15 11:42:30,1900-01-00 00:00:00,dlink-615_EXT,40:86:CB:27:D2:0C,-63, WPA2 ,0.000000,0.000000,0.000,0.000,AP
2026-05-15 11:42:30,1900-01-00 00:00:00,,E4:5F:01:D5:E7:32,-20,,0.000000,0.000000,0.000,0.000,Client
2026-05-15 11:42:30,1900-01-00 00:00:00,dlink-615_EXT,40:86:CB:27:D2:0C,-23, WPA2 ,0.000000,0.000000,0.000,0.000,AP
2026-05-15 11:42:31,1900-01-00 00:00:00,,DC:A6:32:F8:A7:D6,-47,,0.000000,0.000000,0.000,0.000,Client
2026-05-15 11:42:31,1900-01-00 00:00:00,dlink-615_EXT,40:86:CB:27:D2:0C,-21, WPA2 ,0.000000,0.000000,0.000,0.000,AP
2026-05-15 11:42:31,1900-01-00 00:00:00,dlink-615_EXT,40:86:CB:27:D2:0C,-23, WPA2 ,0.000000,0.000000,0.000,0.000,AP
2026-05-15 11:42:31,1900-01-00 00:00:00,,DC:A6:32:F8:A7:D6,-46,,0.000000,0.000000,0.000,0.000,Client
2026-05-15 11:42:40,1900-01-00 00:00:00,dlink-615_EXT,40:86:CB:27:D2:0C,-61, WPA2 ,0.000000,0.000000,0.000,0.000,AP
2026-05-15 11:42:40,1900-01-00 00:00:00,dlink-615_EXT,40:86:CB:27:D2:0C,-27, WPA2 ,0.000000,0.000000,0.000,0.000,AP
2026-05-15 11:42:41,1900-01-00 00:00:00,dlink-615_EXT,40:86:CB:27:D2:0C,-25, WPA2 ,0.000000,0.000000,0.000,0.000,AP
2026-05-15 11:42:54,1900-01-00 00:00:00,dlink-615_EXT,40:86:CB:27:D2:0C,-63, WPA2 ,0.000000,0.000000,0.000,0.000,AP
2026-05-15 11:42:54,1900-01-00 00:00:00,dlink-615_EXT,40:86:CB:27:D2:0C,-25, WPA2 ,0.000000,0.000000,0.000,0.000,AP
2026-05-15 11:42:55,1900-01-00 00:00:00,dlink-615_EXT,40:86:CB:27:D2:0C,-25, WPA2 ,0.000000,0.000000,0.000,0.000,AP
2026-05-15 11:42:55,1900-01-00 00:00:00,dlink-615_EXT,40:86:CB:27:D2:0C,-25, WPA2 ,0.000000,0.000000,0.000,0.000,AP
2026-05-15 11:42:55,1900-01-00 00:00:00,dlink-615_EXT,40:86:CB:27:D2:0C,-23, WPA2 ,0.000000,0.000000,0.000,0.000,AP
2026-05-15 11:43:14,1900-01-00 00:00:00,dlink-615_EXT,40:86:CB:27:D2:0C,-57, WPA2 ,0.000000,0.000000,0.000,0.000,AP
2026-05-15 11:43:15,1900-01-00 00:00:00,dlink-615_EXT,40:86:CB:27:D2:0C,-25, WPA2 ,0.000000,0.000000,0.000,0.000,AP
2026-05-15 11:43:15,1900-01-00 00:00:00,dlink-615_EXT,40:86:CB:27:D2:0C,-23, WPA2 ,0.000000,0.000000,0.000,0.000,AP
2026-05-15 11:43:15,1900-01-00 00:00:00,dlink-615_EXT,40:86:CB:27:D2:0C,-23, WPA2 ,0.000000,0.000000,0.000,0.000,AP
2026-05-15 11:43:17,1900-01-00 00:00:00,,9C:2F:9D:82:20:A3,-33,,0.000000,0.000000,0.000,0.000,Client
2026-05-15 11:43:43,1900-01-00 00:00:00,dlink-615_EXT,40:86:CB:27:D2:0C,-57, WPA2 ,0.000000,0.000000,0.000,0.000,AP
2026-05-15 11:43:43,1900-01-00 00:00:00,dlink-615_EXT,40:86:CB:27:D2:0C,-69, WPA2 ,0.000000,0.000000,0.000,0.000,AP
2026-05-15 11:43:43,1900-01-00 00:00:00,dlink-615_EXT,40:86:CB:27:D2:0C,-25, WPA2 ,0.000000,0.000000,0.000,0.000,AP
2026-05-15 11:43:43,1900-01-00 00:00:00,dlink-615_EXT,40:86:CB:27:D2:0C,-25, WPA2 ,0.000000,0.000000,0.000,0.000,AP
2026-05-15 11:43:44,1900-01-00 00:00:00,dlink-615_EXT,40:86:CB:27:D2:0C,-25, WPA2 ,0.000000,0.000000,0.000,0.000,AP
2026-05-15 11:43:44,1900-01-00 00:00:00,dlink-615_EXT,40:86:CB:27:D2:0C,-25, WPA2 ,0.000000,0.000000,0.000,0.000,AP
2026-05-15 11:43:44,1900-01-00 00:00:00,dlink-615_EXT,40:86:CB:27:D2:0C,-23, WPA2 ,0.000000,0.000000,0.000,0.000,AP
2026-05-15 11:43:44,1900-01-00 00:00:00,,DC:A6:32:F8:A7:D6,-44,,0.000000,0.000000,0.000,0.000,Client
2026-05-15 11:43:44,1900-01-00 00:00:00,,DC:A6:32:F8:A7:D6,-44,,0.000000,0.000000,0.000,0.000,Client
2026-05-15 11:43:44,1900-01-00 00:00:00,,DC:A6:32:F8:A7:D6,-44,,0.000000,0.000000,0.000,0.000,Client
2026-05-15 11:43:44,1900-01-00 00:00:00,,DC:A6:32:F8:A7:D6,-45,,0.000000,0.000000,0.000,0.000,Client
2026-05-15 11:43:44,1900-01-00 00:00:00,,DC:A6:32:F8:A7:D6,-45,,0.000000,0.000000,0.000,0.000,Client
2026-05-15 11:44:26,1900-01-00 00:00:00,dlink-615_EXT,40:86:CB:27:D2:0C,-23, WPA2 ,0.000000,0.000000,0.000,0.000,AP
2026-05-15 11:44:26,1900-01-00 00:00:00,dlink-615_EXT,40:86:CB:27:D2:0C,-23, WPA2 ,0.000000,0.000000,0.000,0.000,AP
2026-05-15 11:44:27,1900-01-00 00:00:00,dlink-615_EXT,40:86:CB:27:D2:0C,-25, WPA2 ,0.000000,0.000000,0.000,0.000,AP
2026-05-15 11:44:27,1900-01-00 00:00:00,dlink-615_EXT,40:86:CB:27:D2:0C,-23, WPA2 ,0.000000,0.000000,0.000,0.000,AP
2026-05-15 11:45:10,1900-01-00 00:00:00,,DC:A6:32:F8:A7:D6,-29,,0.000000,0.000000,0.000,0.000,Client
2026-05-15 11:45:30,1900-01-00 00:00:00,dlink-615_EXT,40:86:CB:27:D2:0C,-63, WPA2 ,0.000000,0.000000,0.000,0.000,AP
2026-05-15 11:45:31,1900-01-00 00:00:00,dlink-615_EXT,40:86:CB:27:D2:0C,-27, WPA2 ,0.000000,0.000000,0.000,0.000,AP
2026-05-15 11:45:31,1900-01-00 00:00:00,dlink-615_EXT,40:86:CB:27:D2:0C,-29, WPA2 ,0.000000,0.000000,0.000,0.000,AP
2026-05-15 11:47:05,1900-01-00 00:00:00,dlink-615_EXT,40:86:CB:27:D2:0C,-59, WPA2 ,0.000000,0.000000,0.000,0.000,AP
2026-05-15 11:47:05,1900-01-00 00:00:00,dlink-615_EXT,40:86:CB:27:D2:0C,-57, WPA2 ,0.000000,0.000000,0.000,0.000,AP
2026-05-15 11:47:05,1900-01-00 00:00:00,dlink-615_EXT,40:86:CB:27:D2:0C,-29, WPA2 ,0.000000,0.000000,0.000,0.000,AP
2026-05-15 11:47:05,1900-01-00 00:00:00,dlink-615_EXT,40:86:CB:27:D2:0C,-27, WPA2 ,0.000000,0.000000,0.000,0.000,AP
2026-05-15 11:47:06,1900-01-00 00:00:00,dlink-615_EXT,40:86:CB:27:D2:0C,-27, WPA2 ,0.000000,0.000000,0.000,0.000,AP
2026-05-15 11:47:06,1900-01-00 00:00:00,dlink-615_EXT,40:86:CB:27:D2:0C,-27, WPA2 ,0.000000,0.000000,0.000,0.000,AP
2026-05-15 11:49:06,1900-01-00 00:00:00,dlink-615_EXT,40:86:CB:27:D2:0C,-61, WPA2 ,0.000000,0.000000,0.000,0.000,AP
2026-05-15 11:49:06,1900-01-00 00:00:00,dlink-615_EXT,40:86:CB:27:D2:0C,-29, WPA2 ,0.000000,0.000000,0.000,0.000,AP
2026-05-15 11:49:06,1900-01-00 00:00:00,dlink-615_EXT,40:86:CB:27:D2:0C,-27, WPA2 ,0.000000,0.000000,0.000,0.000,AP
2026-05-15 11:49:07,1900-01-00 00:00:00,dlink-615_EXT,40:86:CB:27:D2:0C,-29, WPA2 ,0.000000,0.000000,0.000,0.000,AP
2026-05-15 11:49:07,1900-01-00 00:00:00,dlink-615_EXT,40:86:CB:27:D2:0C,-29, WPA2 ,0.000000,0.000000,0.000,0.000,AP
2026-05-15 11:49:07,1900-01-00 00:00:00,dlink-615_EXT,40:86:CB:27:D2:0C,-27, WPA2 ,0.000000,0.000000,0.000,0.000,AP
2026-05-15 11:49:07,1900-01-00 00:00:00,dlink-615_EXT,40:86:CB:27:D2:0C,-27, WPA2 ,0.000000,0.000000,0.000,0.000,AP
2026-05-15 11:49:10,1900-01-00 00:00:00,dlink-615_EXT,40:86:CB:27:D2:0C,-25, WPA2 ,0.000000,0.000000,0.000,0.000,AP
2026-05-15 11:49:10,1900-01-00 00:00:00,dlink-615_EXT,40:86:CB:27:D2:0C,-25, WPA2 ,0.000000,0.000000,0.000,0.000,AP
2026-05-15 11:49:10,1900-01-00 00:00:00,,9C:2F:9D:82:20:A3,-33,,0.000000,0.000000,0.000,0.000,Client
2026-05-15 11:49:10,1900-01-00 00:00:00,dlink-615_EXT,40:86:CB:27:D2:0C,-23, WPA2 ,0.000000,0.000000,0.000,0.000,AP
2026-05-15 11:49:10,1900-01-00 00:00:00,dlink-615_EXT,40:86:CB:27:D2:0C,-25, WPA2 ,0.000000,0.000000,0.000,0.000,AP
2026-05-15 11:49:10,1900-01-00 00:00:00,dlink-615_EXT,40:86:CB:27:D2:0C,-25, WPA2 ,0.000000,0.000000,0.000,0.000,AP
2026-05-15 11:49:13,1900-01-00 00:00:00,dlink-615_EXT,40:86:CB:27:D2:0C,-61, WPA2 ,0.000000,0.000000,0.000,0.000,AP
2026-05-15 11:49:14,1900-01-00 00:00:00,,9C:2F:9D:82:20:A3,-39,,0.000000,0.000000,0.000,0.000,Client
2026-05-15 11:49:14,1900-01-00 00:00:00,dlink-615_EXT,40:86:CB:27:D2:0C,-27, WPA2 ,0.000000,0.000000,0.000,0.000,AP
2026-05-15 11:49:14,1900-01-00 00:00:00,dlink-615_EXT,40:86:CB:27:D2:0C,-27, WPA2 ,0.000000,0.000000,0.000,0.000,AP
2026-05-15 11:49:14,1900-01-00 00:00:00,dlink-615_EXT,40:86:CB:27:D2:0C,-29, WPA2 ,0.000000,0.000000,0.000,0.000,AP
2026-05-15 11:49:14,1900-01-00 00:00:00,dlink-615_EXT,40:86:CB:27:D2:0C,-31, WPA2 ,0.000000,0.000000,0.000,0.000,AP
2026-05-15 11:49:14,1900-01-00 00:00:00,,9C:2F:9D:82:20:A3,-39,,0.000000,0.000000,0.000,0.000,Client
2026-05-15 11:49:14,1900-01-00 00:00:00,dlink-615_EXT,40:86:CB:27:D2:0C,-27, WPA2 ,0.000000,0.000000,0.000,0.000,AP
2026-05-15 11:49:19,1900-01-00 00:00:00,dlink-615_EXT,40:86:CB:27:D2:0C,-61, WPA2 ,0.000000,0.000000,0.000,0.000,AP
2026-05-15 11:49:19,1900-01-00 00:00:00,dlink-615_EXT,40:86:CB:27:D2:0C,-29, WPA2 ,0.000000,0.000000,0.000,0.000,AP
2026-05-15 11:49:19,1900-01-00 00:00:00,dlink-615_EXT,40:86:CB:27:D2:0C,-27, WPA2 ,0.000000,0.000000,0.000,0.000,AP
2026-05-15 11:49:19,1900-01-00 00:00:00,,9C:2F:9D:82:20:A3,-39,,0.000000,0.000000,0.000,0.000,Client
2026-05-15 11:49:20,1900-01-00 00:00:00,dlink-615_EXT,40:86:CB:27:D2:0C,-25, WPA2 ,0.000000,0.000000,0.000,0.000,AP
2026-05-15 11:49:20,1900-01-00 00:00:00,dlink-615_EXT,40:86:CB:27:D2:0C,-25, WPA2 ,0.000000,0.000000,0.000,0.000,AP
2026-05-15 11:49:20,1900-01-00 00:00:00,dlink-615_EXT,40:86:CB:27:D2:0C,-27, WPA2 ,0.000000,0.000000,0.000,0.000,AP
2026-05-15 11:49:25,1900-01-00 00:00:00,dlink-615_EXT,40:86:CB:27:D2:0C,-25, WPA2 ,0.000000,0.000000,0.000,0.000,AP
2026-05-15 11:49:25,1900-01-00 00:00:00,dlink-615_EXT,40:86:CB:27:D2:0C,-23, WPA2 ,0.000000,0.000000,0.000,0.000,AP
2026-05-15 11:49:25,1900-01-00 00:00:00,dlink-615_EXT,40:86:CB:27:D2:0C,-25, WPA2 ,0.000000,0.000000,0.000,0.000,AP
2026-05-15 11:49:25,1900-01-00 00:00:00,dlink-615_EXT,40:86:CB:27:D2:0C,-23, WPA2 ,0.000000,0.000000,0.000,0.000,AP
2026-05-15 11:49:26,1900-01-00 00:00:00,,E4:5F:01:D5:E7:32,-43,,0.000000,0.000000,0.000,0.000,Client
2026-05-15 11:49:26,1900-01-00 00:00:00,,E4:5F:01:D5:E7:32,-73,,0.000000,0.000000,0.000,0.000,Client
2026-05-15 11:49:26,1900-01-00 00:00:00,,E4:5F:01:D5:E7:32,-83,,0.000000,0.000000,0.000,0.000,Client
2026-05-15 11:49:26,1900-01-00 00:00:00,dlink-615_EXT,40:86:CB:27:D2:0C,-25, WPA2 ,0.000000,0.000000,0.000,0.000,AP
2026-05-15 11:49:26,1900-01-00 00:00:00,,9C:2F:9D:82:20:A3,-49,,0.000000,0.000000,0.000,0.000,Client
2026-05-15 11:49:26,1900-01-00 00:00:00,,9C:2F:9D:82:20:A3,-41,,0.000000,0.000000,0.000,0.000,Client
2026-05-15 11:49:27,1900-01-00 00:00:00,dlink-615_EXT,40:86:CB:27:D2:0C,-25, WPA2 ,0.000000,0.000000,0.000,0.000,AP
2026-05-15 11:49:27,1900-01-00 00:00:00,dlink-615_EXT,40:86:CB:27:D2:0C,-25, WPA2 ,0.000000,0.000000,0.000,0.000,AP
2026-05-15 11:49:36,1900-01-00 00:00:00,,E4:5F:01:D5:E7:32,-13,,0.000000,0.000000,0.000,0.000,Client
2026-05-15 11:49:36,1900-01-00 00:00:00,,E4:5F:01:D5:E7:32,-83,,0.000000,0.000000,0.000,0.000,Client
2026-05-15 11:49:36,1900-01-00 00:00:00,,E4:5F:01:D5:E7:32,-69,,0.000000,0.000000,0.000,0.000,Client
2026-05-15 11:49:37,1900-01-00 00:00:00,dlink-615_EXT,40:86:CB:27:D2:0C,-25, WPA2 ,0.000000,0.000000,0.000,0.000,AP
2026-05-15 11:49:37,1900-01-00 00:00:00,,9C:2F:9D:82:20:A3,-37,,0.000000,0.000000,0.000,0.000,Client
2026-05-15 11:49:37,1900-01-00 00:00:00,dlink-615_EXT,40:86:CB:27:D2:0C,-25, WPA2 ,0.000000,0.000000,0.000,0.000,AP
2026-05-15 11:49:37,1900-01-00 00:00:00,dlink-615_EXT,40:86:CB:27:D2:0C,-23, WPA2 ,0.000000,0.000000,0.000,0.000,AP
2026-05-15 11:49:39,1900-01-00 00:00:00,dlink-615_EXT,40:86:CB:27:D2:0C,-23, WPA2 ,0.000000,0.000000,0.000,0.000,AP
2026-05-15 11:49:50,1900-01-00 00:00:00,,9C:2F:9D:82:20:A3,-31,,0.000000,0.000000,0.000,0.000,Client
2026-05-15 11:49:51,1900-01-00 00:00:00,dlink-615_EXT,40:86:CB:27:D2:0C,-25, WPA2 ,0.000000,0.000000,0.000,0.000,AP
2026-05-15 11:49:51,1900-01-00 00:00:00,dlink-615_EXT,40:86:CB:27:D2:0C,-21, WPA2 ,0.000000,0.000000,0.000,0.000,AP
2026-05-15 11:50:10,1900-01-00 00:00:00,dlink-615_EXT,40:86:CB:27:D2:0C,-61, WPA2 ,0.000000,0.000000,0.000,0.000,AP
2026-05-15 11:50:10,1900-01-00 00:00:00,,9C:2F:9D:82:20:A3,-35,,0.000000,0.000000,0.000,0.000,Client
2026-05-15 11:50:11,1900-01-00 00:00:00,dlink-615_EXT,40:86:CB:27:D2:0C,-23, WPA2 ,0.000000,0.000000,0.000,0.000,AP
2026-05-15 11:50:11,1900-01-00 00:00:00,dlink-615_EXT,40:86:CB:27:D2:0C,-21, WPA2 ,0.000000,0.000000,0.000,0.000,AP
2026-05-15 11:50:11,1900-01-00 00:00:00,dlink-615_EXT,40:86:CB:27:D2:0C,-21, WPA2 ,0.000000,0.000000,0.000,0.000,AP
2026-05-15 11:50:39,1900-01-00 00:00:00,dlink-615_EXT,40:86:CB:27:D2:0C,-63, WPA2 ,0.000000,0.000000,0.000,0.000,AP
2026-05-15 11:50:39,1900-01-00 00:00:00,dlink-615_EXT,40:86:CB:27:D2:0C,-27, WPA2 ,0.000000,0.000000,0.000,0.000,AP
2026-05-15 11:50:40,1900-01-00 00:00:00,,9C:2F:9D:82:20:A3,-37,,0.000000,0.000000,0.000,0.000,Client
2026-05-15 11:50:40,1900-01-00 00:00:00,dlink-615_EXT,40:86:CB:27:D2:0C,-25, WPA2 ,0.000000,0.000000,0.000,0.000,AP
2026-05-15 11:50:40,1900-01-00 00:00:00,dlink-615_EXT,40:86:CB:27:D2:0C,-25, WPA2 ,0.000000,0.000000,0.000,0.000,AP
2026-05-15 11:50:40,1900-01-00 00:00:00,dlink-615_EXT,40:86:CB:27:D2:0C,-25, WPA2 ,0.000000,0.000000,0.000,0.000,AP
2026-05-15 11:50:40,1900-01-00 00:00:00,,9C:2F:9D:82:20:A3,-35,,0.000000,0.000000,0.000,0.000,Client
2026-05-15 11:51:23,1900-01-00 00:00:00,dlink-615_EXT,40:86:CB:27:D2:0C,-23, WPA2 ,0.000000,0.000000,0.000,0.000,AP
2026-05-15 11:51:23,1900-01-00 00:00:00,dlink-615_EXT,40:86:CB:27:D2:0C,-27, WPA2 ,0.000000,0.000000,0.000,0.000,AP
2026-05-15 11:51:23,1900-01-00 00:00:00,dlink-615_EXT,40:86:CB:27:D2:0C,-27, WPA2 ,0.000000,0.000000,0.000,0.000,AP
2026-05-15 11:51:23,1900-01-00 00:00:00,,9C:2F:9D:82:20:A3,-41,,0.000000,0.000000,0.000,0.000,Client
2026-05-15 11:52:26,1900-01-00 00:00:00,dlink-615_EXT,40:86:CB:27:D2:0C,-59, WPA2 ,0.000000,0.000000,0.000,0.000,AP
2026-05-15 11:52:27,1900-01-00 00:00:00,dlink-615_EXT,40:86:CB:27:D2:0C,-23, WPA2 ,0.000000,0.000000,0.000,0.000,AP
2026-05-15 11:52:27,1900-01-00 00:00:00,dlink-615_EXT,40:86:CB:27:D2:0C,-25, WPA2 ,0.000000,0.000000,0.000,0.000,AP
2026-05-15 11:52:27,1900-01-00 00:00:00,dlink-615_EXT,40:86:CB:27:D2:0C,-23, WPA2 ,0.000000,0.000000,0.000,0.000,AP
2026-05-15 11:54:02,1900-01-00 00:00:00,dlink-615_EXT,40:86:CB:27:D2:0C,-27, WPA2 ,0.000000,0.000000,0.000,0.000,AP
2026-05-15 11:54:02,1900-01-00 00:00:00,dlink-615_EXT,40:86:CB:27:D2:0C,-25, WPA2 ,0.000000,0.000000,0.000,0.000,AP
2026-05-15 11:56:02,1900-01-00 00:00:00,dlink-615_EXT,40:86:CB:27:D2:0C,-57, WPA2 ,0.000000,0.000000,0.000,0.000,AP
2026-05-15 11:56:03,1900-01-00 00:00:00,dlink-615_EXT,40:86:CB:27:D2:0C,-21, WPA2 ,0.000000,0.000000,0.000,0.000,AP
2026-05-15 11:56:03,1900-01-00 00:00:00,dlink-615_EXT,40:86:CB:27:D2:0C,-21, WPA2 ,0.000000,0.000000,0.000,0.000,AP
2026-05-15 11:56:06,1900-01-00 00:00:00,dlink-615_EXT,40:86:CB:27:D2:0C,-55, WPA2 ,0.000000,0.000000,0.000,0.000,AP
2026-05-15 11:56:06,1900-01-00 00:00:00,,9C:2F:9D:82:20:A3,-27,,0.000000,0.000000,0.000,0.000,Client
2026-05-15 11:56:06,1900-01-00 00:00:00,dlink-615_EXT,40:86:CB:27:D2:0C,-21, WPA2 ,0.000000,0.000000,0.000,0.000,AP
2026-05-15 11:56:06,1900-01-00 00:00:00,dlink-615_EXT,40:86:CB:27:D2:0C,-23, WPA2 ,0.000000,0.000000,0.000,0.000,AP
2026-05-15 11:56:10,1900-01-00 00:00:00,,9C:2F:9D:82:20:A3,-31,,0.000000,0.000000,0.000,0.000,Client
2026-05-15 11:56:10,1900-01-00 00:00:00,dlink-615_EXT,40:86:CB:27:D2:0C,-21, WPA2 ,0.000000,0.000000,0.000,0.000,AP
2026-05-15 11:56:10,1900-01-00 00:00:00,dlink-615_EXT,40:86:CB:27:D2:0C,-19, WPA2 ,0.000000,0.000000,0.000,0.000,AP
2026-05-15 11:56:15,1900-01-00 00:00:00,dlink-615_EXT,40:86:CB:27:D2:0C,-55, WPA2 ,0.000000,0.000000,0.000,0.000,AP
2026-05-15 11:56:16,1900-01-00 00:00:00,dlink-615_EXT,40:86:CB:27:D2:0C,-21, WPA2 ,0.000000,0.000000,0.000,0.000,AP
2026-05-15 11:56:16,1900-01-00 00:00:00,dlink-615_EXT,40:86:CB:27:D2:0C,-23, WPA2 ,0.000000,0.000000,0.000,0.000,AP
2026-05-15 11:56:22,1900-01-00 00:00:00,dlink-615_EXT,40:86:CB:27:D2:0C,-51, WPA2 ,0.000000,0.000000,0.000,0.000,AP
2026-05-15 11:56:22,1900-01-00 00:00:00,dlink-615_EXT,40:86:CB:27:D2:0C,-49, WPA2 ,0.000000,0.000000,0.000,0.000,AP
2026-05-15 11:56:22,1900-01-00 00:00:00,,E4:5F:01:D5:E7:32,-27,,0.000000,0.000000,0.000,0.000,Client
2026-05-15 11:56:22,1900-01-00 00:00:00,,E4:5F:01:D5:E7:32,-25,,0.000000,0.000000,0.000,0.000,Client
2026-05-15 11:56:23,1900-01-00 00:00:00,dlink-615_EXT,40:86:CB:27:D2:0C,-21, WPA2 ,0.000000,0.000000,0.000,0.000,AP
2026-05-15 11:56:23,1900-01-00 00:00:00,dlink-615_EXT,40:86:CB:27:D2:0C,-21, WPA2 ,0.000000,0.000000,0.000,0.000,AP
2026-05-15 11:56:32,1900-01-00 00:00:00,dlink-615_EXT,40:86:CB:27:D2:0C,-55, WPA2 ,0.000000,0.000000,0.000,0.000,AP
2026-05-15 11:56:32,1900-01-00 00:00:00,,E4:5F:01:D5:E7:32,-47,,0.000000,0.000000,0.000,0.000,Client