LocalTime, GPSTime, ESSID, BSSID, Power, Security, Latitude, Longitude, Latitude Error, Longitude Error, Type
2026-05-15 07:42:00,1900-01-00 00:00:00,,9C:2F:9D:82:20:A3,-65,,0.000000,0.000000,0.000,0.000,Client
2026-05-15 07:42:00,1900-01-00 00:00:00,,40:86:CB:27:D2:0C,-23, ,0.000000,0.000000,0.000,0.000,AP
2026-05-15 07:42:00,1900-01-00 00:00:00,dlink-615_EXT,40:86:CB:27:D2:0C,-21, WPA2 ,0.000000,0.000000,0.000,0.000,AP
2026-05-15 07:42:00,1900-01-00 00:00:00,dlink-615_EXT,40:86:CB:27:D2:0C,-23, WPA2 ,0.000000,0.000000,0.000,0.000,AP
2026-05-15 07:42:01,1900-01-00 00:00:00,,9C:2F:9D:82:20:A3,-23,,0.000000,0.000000,0.000,0.000,Client
2026-05-15 07:42:20,1900-01-00 00:00:00,dlink-615_EXT,40:86:CB:27:D2:0C,-73, WPA2 ,0.000000,0.000000,0.000,0.000,AP
2026-05-15 07:42:20,1900-01-00 00:00:00,dlink-615_EXT,40:86:CB:27:D2:0C,-61, WPA2 ,0.000000,0.000000,0.000,0.000,AP
2026-05-15 07:42:20,1900-01-00 00:00:00,,9C:2F:9D:82:20:A3,-61,,0.000000,0.000000,0.000,0.000,Client
2026-05-15 07:42:20,1900-01-00 00:00:00,dlink-615_EXT,40:86:CB:27:D2:0C,-61, WPA2 ,0.000000,0.000000,0.000,0.000,AP
2026-05-15 07:42:20,1900-01-00 00:00:00,,9C:2F:9D:82:20:A3,-61,,0.000000,0.000000,0.000,0.000,Client
2026-05-15 07:42:20,1900-01-00 00:00:00,dlink-615_EXT,40:86:CB:27:D2:0C,-61, WPA2 ,0.000000,0.000000,0.000,0.000,AP
2026-05-15 07:42:20,1900-01-00 00:00:00,,9C:2F:9D:82:20:A3,-61,,0.000000,0.000000,0.000,0.000,Client
2026-05-15 07:42:20,1900-01-00 00:00:00,dlink-615_EXT,40:86:CB:27:D2:0C,-61, WPA2 ,0.000000,0.000000,0.000,0.000,AP
2026-05-15 07:42:20,1900-01-00 00:00:00,,9C:2F:9D:82:20:A3,-61,,0.000000,0.000000,0.000,0.000,Client
2026-05-15 07:42:20,1900-01-00 00:00:00,dlink-615_EXT,40:86:CB:27:D2:0C,-61, WPA2 ,0.000000,0.000000,0.000,0.000,AP
2026-05-15 07:42:20,1900-01-00 00:00:00,,9C:2F:9D:82:20:A3,-61,,0.000000,0.000000,0.000,0.000,Client
2026-05-15 07:42:20,1900-01-00 00:00:00,dlink-615_EXT,40:86:CB:27:D2:0C,-61, WPA2 ,0.000000,0.000000,0.000,0.000,AP
2026-05-15 07:42:20,1900-01-00 00:00:00,,9C:2F:9D:82:20:A3,-61,,0.000000,0.000000,0.000,0.000,Client
2026-05-15 07:42:20,1900-01-00 00:00:00,dlink-615_EXT,40:86:CB:27:D2:0C,-61, WPA2 ,0.000000,0.000000,0.000,0.000,AP
2026-05-15 07:42:20,1900-01-00 00:00:00,,9C:2F:9D:82:20:A3,-61,,0.000000,0.000000,0.000,0.000,Client
2026-05-15 07:42:20,1900-01-00 00:00:00,dlink-615_EXT,40:86:CB:27:D2:0C,-61, WPA2 ,0.000000,0.000000,0.000,0.000,AP
2026-05-15 07:42:20,1900-01-00 00:00:00,,9C:2F:9D:82:20:A3,-61,,0.000000,0.000000,0.000,0.000,Client
2026-05-15 07:42:20,1900-01-00 00:00:00,dlink-615_EXT,40:86:CB:27:D2:0C,-61, WPA2 ,0.000000,0.000000,0.000,0.000,AP
2026-05-15 07:42:20,1900-01-00 00:00:00,,9C:2F:9D:82:20:A3,-61,,0.000000,0.000000,0.000,0.000,Client
2026-05-15 07:42:20,1900-01-00 00:00:00,dlink-615_EXT,40:86:CB:27:D2:0C,-61, WPA2 ,0.000000,0.000000,0.000,0.000,AP
2026-05-15 07:42:20,1900-01-00 00:00:00,,9C:2F:9D:82:20:A3,-61,,0.000000,0.000000,0.000,0.000,Client
2026-05-15 07:42:20,1900-01-00 00:00:00,dlink-615_EXT,40:86:CB:27:D2:0C,-61, WPA2 ,0.000000,0.000000,0.000,0.000,AP
2026-05-15 07:42:20,1900-01-00 00:00:00,,9C:2F:9D:82:20:A3,-61,,0.000000,0.000000,0.000,0.000,Client
2026-05-15 07:42:20,1900-01-00 00:00:00,dlink-615_EXT,40:86:CB:27:D2:0C,-61, WPA2 ,0.000000,0.000000,0.000,0.000,AP
2026-05-15 07:42:20,1900-01-00 00:00:00,,9C:2F:9D:82:20:A3,-61,,0.000000,0.000000,0.000,0.000,Client
2026-05-15 07:42:20,1900-01-00 00:00:00,dlink-615_EXT,40:86:CB:27:D2:0C,-61, WPA2 ,0.000000,0.000000,0.000,0.000,AP
2026-05-15 07:42:20,1900-01-00 00:00:00,,9C:2F:9D:82:20:A3,-61,,0.000000,0.000000,0.000,0.000,Client
2026-05-15 07:42:20,1900-01-00 00:00:00,dlink-615_EXT,40:86:CB:27:D2:0C,-61, WPA2 ,0.000000,0.000000,0.000,0.000,AP
2026-05-15 07:42:20,1900-01-00 00:00:00,,9C:2F:9D:82:20:A3,-61,,0.000000,0.000000,0.000,0.000,Client
2026-05-15 07:42:20,1900-01-00 00:00:00,dlink-615_EXT,40:86:CB:27:D2:0C,-61, WPA2 ,0.000000,0.000000,0.000,0.000,AP
2026-05-15 07:42:20,1900-01-00 00:00:00,,9C:2F:9D:82:20:A3,-61,,0.000000,0.000000,0.000,0.000,Client
2026-05-15 07:42:20,1900-01-00 00:00:00,dlink-615_EXT,40:86:CB:27:D2:0C,-61, WPA2 ,0.000000,0.000000,0.000,0.000,AP
2026-05-15 07:42:20,1900-01-00 00:00:00,,9C:2F:9D:82:20:A3,-61,,0.000000,0.000000,0.000,0.000,Client
2026-05-15 07:42:20,1900-01-00 00:00:00,dlink-615_EXT,40:86:CB:27:D2:0C,-61, WPA2 ,0.000000,0.000000,0.000,0.000,AP
2026-05-15 07:42:20,1900-01-00 00:00:00,,9C:2F:9D:82:20:A3,-61,,0.000000,0.000000,0.000,0.000,Client
2026-05-15 07:42:20,1900-01-00 00:00:00,dlink-615_EXT,40:86:CB:27:D2:0C,-61, WPA2 ,0.000000,0.000000,0.000,0.000,AP
2026-05-15 07:42:20,1900-01-00 00:00:00,,9C:2F:9D:82:20:A3,-61,,0.000000,0.000000,0.000,0.000,Client
2026-05-15 07:42:20,1900-01-00 00:00:00,dlink-615_EXT,40:86:CB:27:D2:0C,-61, WPA2 ,0.000000,0.000000,0.000,0.000,AP
2026-05-15 07:42:20,1900-01-00 00:00:00,,9C:2F:9D:82:20:A3,-61,,0.000000,0.000000,0.000,0.000,Client
2026-05-15 07:42:20,1900-01-00 00:00:00,dlink-615_EXT,40:86:CB:27:D2:0C,-61, WPA2 ,0.000000,0.000000,0.000,0.000,AP
2026-05-15 07:42:20,1900-01-00 00:00:00,,9C:2F:9D:82:20:A3,-61,,0.000000,0.000000,0.000,0.000,Client
2026-05-15 07:42:20,1900-01-00 00:00:00,dlink-615_EXT,40:86:CB:27:D2:0C,-61, WPA2 ,0.000000,0.000000,0.000,0.000,AP
2026-05-15 07:42:20,1900-01-00 00:00:00,,9C:2F:9D:82:20:A3,-61,,0.000000,0.000000,0.000,0.000,Client
2026-05-15 07:42:20,1900-01-00 00:00:00,dlink-615_EXT,40:86:CB:27:D2:0C,-61, WPA2 ,0.000000,0.000000,0.000,0.000,AP
2026-05-15 07:42:20,1900-01-00 00:00:00,,9C:2F:9D:82:20:A3,-61,,0.000000,0.000000,0.000,0.000,Client
2026-05-15 07:42:20,1900-01-00 00:00:00,dlink-615_EXT,40:86:CB:27:D2:0C,-61, WPA2 ,0.000000,0.000000,0.000,0.000,AP
2026-05-15 07:42:20,1900-01-00 00:00:00,,9C:2F:9D:82:20:A3,-61,,0.000000,0.000000,0.000,0.000,Client
2026-05-15 07:42:20,1900-01-00 00:00:00,dlink-615_EXT,40:86:CB:27:D2:0C,-61, WPA2 ,0.000000,0.000000,0.000,0.000,AP
2026-05-15 07:42:20,1900-01-00 00:00:00,,9C:2F:9D:82:20:A3,-61,,0.000000,0.000000,0.000,0.000,Client
2026-05-15 07:42:20,1900-01-00 00:00:00,dlink-615_EXT,40:86:CB:27:D2:0C,-61, WPA2 ,0.000000,0.000000,0.000,0.000,AP
2026-05-15 07:42:20,1900-01-00 00:00:00,,9C:2F:9D:82:20:A3,-61,,0.000000,0.000000,0.000,0.000,Client
2026-05-15 07:42:20,1900-01-00 00:00:00,dlink-615_EXT,40:86:CB:27:D2:0C,-61, WPA2 ,0.000000,0.000000,0.000,0.000,AP
2026-05-15 07:42:20,1900-01-00 00:00:00,,9C:2F:9D:82:20:A3,-61,,0.000000,0.000000,0.000,0.000,Client
2026-05-15 07:42:20,1900-01-00 00:00:00,dlink-615_EXT,40:86:CB:27:D2:0C,-61, WPA2 ,0.000000,0.000000,0.000,0.000,AP
2026-05-15 07:42:20,1900-01-00 00:00:00,,9C:2F:9D:82:20:A3,-61,,0.000000,0.000000,0.000,0.000,Client
2026-05-15 07:42:20,1900-01-00 00:00:00,dlink-615_EXT,40:86:CB:27:D2:0C,-61, WPA2 ,0.000000,0.000000,0.000,0.000,AP
2026-05-15 07:42:20,1900-01-00 00:00:00,,9C:2F:9D:82:20:A3,-61,,0.000000,0.000000,0.000,0.000,Client
2026-05-15 07:42:20,1900-01-00 00:00:00,dlink-615_EXT,40:86:CB:27:D2:0C,-61, WPA2 ,0.000000,0.000000,0.000,0.000,AP
2026-05-15 07:42:20,1900-01-00 00:00:00,,9C:2F:9D:82:20:A3,-61,,0.000000,0.000000,0.000,0.000,Client
2026-05-15 07:42:20,1900-01-00 00:00:00,dlink-615_EXT,40:86:CB:27:D2:0C,-21, WPA2 ,0.000000,0.000000,0.000,0.000,AP
2026-05-15 07:42:20,1900-01-00 00:00:00,,9C:2F:9D:82:20:A3,-21,,0.000000,0.000000,0.000,0.000,Client
2026-05-15 07:42:20,1900-01-00 00:00:00,dlink-615_EXT,40:86:CB:27:D2:0C,-19, WPA2 ,0.000000,0.000000,0.000,0.000,AP
2026-05-15 07:42:20,1900-01-00 00:00:00,,9C:2F:9D:82:20:A3,-19,,0.000000,0.000000,0.000,0.000,Client
2026-05-15 07:42:20,1900-01-00 00:00:00,dlink-615_EXT,40:86:CB:27:D2:0C,-19, WPA2 ,0.000000,0.000000,0.000,0.000,AP
2026-05-15 07:42:20,1900-01-00 00:00:00,,9C:2F:9D:82:20:A3,-19,,0.000000,0.000000,0.000,0.000,Client
2026-05-15 07:42:20,1900-01-00 00:00:00,dlink-615_EXT,40:86:CB:27:D2:0C,-21, WPA2 ,0.000000,0.000000,0.000,0.000,AP
2026-05-15 07:42:20,1900-01-00 00:00:00,,9C:2F:9D:82:20:A3,-21,,0.000000,0.000000,0.000,0.000,Client
2026-05-15 07:42:20,1900-01-00 00:00:00,dlink-615_EXT,40:86:CB:27:D2:0C,-21, WPA2 ,0.000000,0.000000,0.000,0.000,AP
2026-05-15 07:42:20,1900-01-00 00:00:00,,9C:2F:9D:82:20:A3,-21,,0.000000,0.000000,0.000,0.000,Client
2026-05-15 07:42:20,1900-01-00 00:00:00,dlink-615_EXT,40:86:CB:27:D2:0C,-19, WPA2 ,0.000000,0.000000,0.000,0.000,AP
2026-05-15 07:42:20,1900-01-00 00:00:00,,9C:2F:9D:82:20:A3,-19,,0.000000,0.000000,0.000,0.000,Client
2026-05-15 07:42:20,1900-01-00 00:00:00,dlink-615_EXT,40:86:CB:27:D2:0C,-19, WPA2 ,0.000000,0.000000,0.000,0.000,AP
2026-05-15 07:42:20,1900-01-00 00:00:00,,9C:2F:9D:82:20:A3,-19,,0.000000,0.000000,0.000,0.000,Client
2026-05-15 07:42:20,1900-01-00 00:00:00,dlink-615_EXT,40:86:CB:27:D2:0C,-19, WPA2 ,0.000000,0.000000,0.000,0.000,AP
2026-05-15 07:42:20,1900-01-00 00:00:00,,9C:2F:9D:82:20:A3,-19,,0.000000,0.000000,0.000,0.000,Client
2026-05-15 07:42:20,1900-01-00 00:00:00,dlink-615_EXT,40:86:CB:27:D2:0C,-21, WPA2 ,0.000000,0.000000,0.000,0.000,AP
2026-05-15 07:42:20,1900-01-00 00:00:00,,9C:2F:9D:82:20:A3,-21,,0.000000,0.000000,0.000,0.000,Client
2026-05-15 07:42:20,1900-01-00 00:00:00,dlink-615_EXT,40:86:CB:27:D2:0C,-21, WPA2 ,0.000000,0.000000,0.000,0.000,AP
2026-05-15 07:42:20,1900-01-00 00:00:00,,9C:2F:9D:82:20:A3,-21,,0.000000,0.000000,0.000,0.000,Client
2026-05-15 07:42:20,1900-01-00 00:00:00,dlink-615_EXT,40:86:CB:27:D2:0C,-21, WPA2 ,0.000000,0.000000,0.000,0.000,AP
2026-05-15 07:42:20,1900-01-00 00:00:00,,9C:2F:9D:82:20:A3,-21,,0.000000,0.000000,0.000,0.000,Client
2026-05-15 07:42:20,1900-01-00 00:00:00,dlink-615_EXT,40:86:CB:27:D2:0C,-21, WPA2 ,0.000000,0.000000,0.000,0.000,AP
2026-05-15 07:42:20,1900-01-00 00:00:00,,9C:2F:9D:82:20:A3,-21,,0.000000,0.000000,0.000,0.000,Client
2026-05-15 07:42:20,1900-01-00 00:00:00,dlink-615_EXT,40:86:CB:27:D2:0C,-21, WPA2 ,0.000000,0.000000,0.000,0.000,AP
2026-05-15 07:42:20,1900-01-00 00:00:00,,9C:2F:9D:82:20:A3,-21,,0.000000,0.000000,0.000,0.000,Client
2026-05-15 07:42:20,1900-01-00 00:00:00,dlink-615_EXT,40:86:CB:27:D2:0C,-21, WPA2 ,0.000000,0.000000,0.000,0.000,AP
2026-05-15 07:42:20,1900-01-00 00:00:00,dlink-615_EXT,40:86:CB:27:D2:0C,-21, WPA2 ,0.000000,0.000000,0.000,0.000,AP
2026-05-15 07:42:20,1900-01-00 00:00:00,,9C:2F:9D:82:20:A3,-21,,0.000000,0.000000,0.000,0.000,Client
2026-05-15 07:42:20,1900-01-00 00:00:00,dlink-615_EXT,40:86:CB:27:D2:0C,-21, WPA2 ,0.000000,0.000000,0.000,0.000,AP
2026-05-15 07:42:20,1900-01-00 00:00:00,,9C:2F:9D:82:20:A3,-21,,0.000000,0.000000,0.000,0.000,Client
2026-05-15 07:42:20,1900-01-00 00:00:00,dlink-615_EXT,40:86:CB:27:D2:0C,-21, WPA2 ,0.000000,0.000000,0.000,0.000,AP
2026-05-15 07:42:20,1900-01-00 00:00:00,,9C:2F:9D:82:20:A3,-21,,0.000000,0.000000,0.000,0.000,Client
2026-05-15 07:42:20,1900-01-00 00:00:00,dlink-615_EXT,40:86:CB:27:D2:0C,-21, WPA2 ,0.000000,0.000000,0.000,0.000,AP
2026-05-15 07:42:20,1900-01-00 00:00:00,,9C:2F:9D:82:20:A3,-21,,0.000000,0.000000,0.000,0.000,Client
2026-05-15 07:42:20,1900-01-00 00:00:00,dlink-615_EXT,40:86:CB:27:D2:0C,-19, WPA2 ,0.000000,0.000000,0.000,0.000,AP
2026-05-15 07:42:20,1900-01-00 00:00:00,,9C:2F:9D:82:20:A3,-19,,0.000000,0.000000,0.000,0.000,Client
2026-05-15 07:42:20,1900-01-00 00:00:00,dlink-615_EXT,40:86:CB:27:D2:0C,-19, WPA2 ,0.000000,0.000000,0.000,0.000,AP
2026-05-15 07:42:20,1900-01-00 00:00:00,,9C:2F:9D:82:20:A3,-19,,0.000000,0.000000,0.000,0.000,Client
2026-05-15 07:42:20,1900-01-00 00:00:00,dlink-615_EXT,40:86:CB:27:D2:0C,-19, WPA2 ,0.000000,0.000000,0.000,0.000,AP
2026-05-15 07:42:20,1900-01-00 00:00:00,,9C:2F:9D:82:20:A3,-21,,0.000000,0.000000,0.000,0.000,Client
2026-05-15 07:42:20,1900-01-00 00:00:00,dlink-615_EXT,40:86:CB:27:D2:0C,-19, WPA2 ,0.000000,0.000000,0.000,0.000,AP
2026-05-15 07:42:20,1900-01-00 00:00:00,dlink-615_EXT,40:86:CB:27:D2:0C,-19, WPA2 ,0.000000,0.000000,0.000,0.000,AP
2026-05-15 07:42:20,1900-01-00 00:00:00,,9C:2F:9D:82:20:A3,-19,,0.000000,0.000000,0.000,0.000,Client
2026-05-15 07:42:20,1900-01-00 00:00:00,dlink-615_EXT,40:86:CB:27:D2:0C,-19, WPA2 ,0.000000,0.000000,0.000,0.000,AP
2026-05-15 07:42:20,1900-01-00 00:00:00,,9C:2F:9D:82:20:A3,-19,,0.000000,0.000000,0.000,0.000,Client
2026-05-15 07:42:20,1900-01-00 00:00:00,dlink-615_EXT,40:86:CB:27:D2:0C,-19, WPA2 ,0.000000,0.000000,0.000,0.000,AP
2026-05-15 07:42:20,1900-01-00 00:00:00,,9C:2F:9D:82:20:A3,-19,,0.000000,0.000000,0.000,0.000,Client
2026-05-15 07:42:20,1900-01-00 00:00:00,dlink-615_EXT,40:86:CB:27:D2:0C,-19, WPA2 ,0.000000,0.000000,0.000,0.000,AP
2026-05-15 07:42:20,1900-01-00 00:00:00,,9C:2F:9D:82:20:A3,-17,,0.000000,0.000000,0.000,0.000,Client
2026-05-15 07:42:20,1900-01-00 00:00:00,dlink-615_EXT,40:86:CB:27:D2:0C,-19, WPA2 ,0.000000,0.000000,0.000,0.000,AP
2026-05-15 07:42:20,1900-01-00 00:00:00,dlink-615_EXT,40:86:CB:27:D2:0C,-19, WPA2 ,0.000000,0.000000,0.000,0.000,AP
2026-05-15 07:42:20,1900-01-00 00:00:00,,9C:2F:9D:82:20:A3,-19,,0.000000,0.000000,0.000,0.000,Client
2026-05-15 07:42:20,1900-01-00 00:00:00,dlink-615_EXT,40:86:CB:27:D2:0C,-19, WPA2 ,0.000000,0.000000,0.000,0.000,AP
2026-05-15 07:42:20,1900-01-00 00:00:00,,9C:2F:9D:82:20:A3,-19,,0.000000,0.000000,0.000,0.000,Client
2026-05-15 07:42:20,1900-01-00 00:00:00,dlink-615_EXT,40:86:CB:27:D2:0C,-19, WPA2 ,0.000000,0.000000,0.000,0.000,AP
2026-05-15 07:42:20,1900-01-00 00:00:00,,9C:2F:9D:82:20:A3,-19,,0.000000,0.000000,0.000,0.000,Client
2026-05-15 07:42:20,1900-01-00 00:00:00,dlink-615_EXT,40:86:CB:27:D2:0C,-17, WPA2 ,0.000000,0.000000,0.000,0.000,AP
2026-05-15 07:42:20,1900-01-00 00:00:00,,9C:2F:9D:82:20:A3,-17,,0.000000,0.000000,0.000,0.000,Client
2026-05-15 07:42:20,1900-01-00 00:00:00,dlink-615_EXT,40:86:CB:27:D2:0C,-19, WPA2 ,0.000000,0.000000,0.000,0.000,AP
2026-05-15 07:42:20,1900-01-00 00:00:00,,9C:2F:9D:82:20:A3,-19,,0.000000,0.000000,0.000,0.000,Client
2026-05-15 07:42:20,1900-01-00 00:00:00,dlink-615_EXT,40:86:CB:27:D2:0C,-19, WPA2 ,0.000000,0.000000,0.000,0.000,AP
2026-05-15 07:42:20,1900-01-00 00:00:00,,9C:2F:9D:82:20:A3,-19,,0.000000,0.000000,0.000,0.000,Client
2026-05-15 07:42:20,1900-01-00 00:00:00,dlink-615_EXT,40:86:CB:27:D2:0C,-19, WPA2 ,0.000000,0.000000,0.000,0.000,AP
2026-05-15 07:42:20,1900-01-00 00:00:00,dlink-615_EXT,40:86:CB:27:D2:0C,-19, WPA2 ,0.000000,0.000000,0.000,0.000,AP
2026-05-15 07:42:20,1900-01-00 00:00:00,,9C:2F:9D:82:20:A3,-33,,0.000000,0.000000,0.000,0.000,Client
2026-05-15 07:42:20,1900-01-00 00:00:00,dlink-615_EXT,40:86:CB:27:D2:0C,-15, WPA2 ,0.000000,0.000000,0.000,0.000,AP
2026-05-15 07:42:20,1900-01-00 00:00:00,,9C:2F:9D:82:20:A3,-15,,0.000000,0.000000,0.000,0.000,Client
2026-05-15 07:42:20,1900-01-00 00:00:00,dlink-615_EXT,40:86:CB:27:D2:0C,-15, WPA2 ,0.000000,0.000000,0.000,0.000,AP
2026-05-15 07:42:20,1900-01-00 00:00:00,,9C:2F:9D:82:20:A3,-15,,0.000000,0.000000,0.000,0.000,Client
2026-05-15 07:42:20,1900-01-00 00:00:00,dlink-615_EXT,40:86:CB:27:D2:0C,-15, WPA2 ,0.000000,0.000000,0.000,0.000,AP
2026-05-15 07:42:20,1900-01-00 00:00:00,,9C:2F:9D:82:20:A3,-19,,0.000000,0.000000,0.000,0.000,Client
2026-05-15 07:42:20,1900-01-00 00:00:00,dlink-615_EXT,40:86:CB:27:D2:0C,-15, WPA2 ,0.000000,0.000000,0.000,0.000,AP
2026-05-15 07:42:20,1900-01-00 00:00:00,dlink-615_EXT,40:86:CB:27:D2:0C,-61, WPA2 ,0.000000,0.000000,0.000,0.000,AP
2026-05-15 07:42:20,1900-01-00 00:00:00,,9C:2F:9D:82:20:A3,-15,,0.000000,0.000000,0.000,0.000,Client
2026-05-15 07:42:21,1900-01-00 00:00:00,dlink-615_EXT,40:86:CB:27:D2:0C,-18, WPA2 ,0.000000,0.000000,0.000,0.000,AP
2026-05-15 07:42:21,1900-01-00 00:00:00,,9C:2F:9D:82:20:A3,-18,,0.000000,0.000000,0.000,0.000,Client
2026-05-15 07:42:21,1900-01-00 00:00:00,dlink-615_EXT,40:86:CB:27:D2:0C,-18, WPA2 ,0.000000,0.000000,0.000,0.000,AP
2026-05-15 07:42:21,1900-01-00 00:00:00,,9C:2F:9D:82:20:A3,-18,,0.000000,0.000000,0.000,0.000,Client
2026-05-15 07:42:21,1900-01-00 00:00:00,dlink-615_EXT,40:86:CB:27:D2:0C,-18, WPA2 ,0.000000,0.000000,0.000,0.000,AP
2026-05-15 07:42:21,1900-01-00 00:00:00,,9C:2F:9D:82:20:A3,-18,,0.000000,0.000000,0.000,0.000,Client
2026-05-15 07:42:21,1900-01-00 00:00:00,dlink-615_EXT,40:86:CB:27:D2:0C,-18, WPA2 ,0.000000,0.000000,0.000,0.000,AP
2026-05-15 07:42:21,1900-01-00 00:00:00,,9C:2F:9D:82:20:A3,-18,,0.000000,0.000000,0.000,0.000,Client
2026-05-15 07:42:21,1900-01-00 00:00:00,dlink-615_EXT,40:86:CB:27:D2:0C,-18, WPA2 ,0.000000,0.000000,0.000,0.000,AP
2026-05-15 07:42:21,1900-01-00 00:00:00,,9C:2F:9D:82:20:A3,-18,,0.000000,0.000000,0.000,0.000,Client
2026-05-15 07:42:21,1900-01-00 00:00:00,dlink-615_EXT,40:86:CB:27:D2:0C,-18, WPA2 ,0.000000,0.000000,0.000,0.000,AP
2026-05-15 07:42:21,1900-01-00 00:00:00,,9C:2F:9D:82:20:A3,-18,,0.000000,0.000000,0.000,0.000,Client
2026-05-15 07:42:21,1900-01-00 00:00:00,dlink-615_EXT,40:86:CB:27:D2:0C,-18, WPA2 ,0.000000,0.000000,0.000,0.000,AP
2026-05-15 07:42:21,1900-01-00 00:00:00,,9C:2F:9D:82:20:A3,-18,,0.000000,0.000000,0.000,0.000,Client
2026-05-15 07:42:21,1900-01-00 00:00:00,dlink-615_EXT,40:86:CB:27:D2:0C,-18, WPA2 ,0.000000,0.000000,0.000,0.000,AP
2026-05-15 07:42:21,1900-01-00 00:00:00,,9C:2F:9D:82:20:A3,-18,,0.000000,0.000000,0.000,0.000,Client
2026-05-15 07:42:21,1900-01-00 00:00:00,dlink-615_EXT,40:86:CB:27:D2:0C,-18, WPA2 ,0.000000,0.000000,0.000,0.000,AP
2026-05-15 07:42:21,1900-01-00 00:00:00,,9C:2F:9D:82:20:A3,-18,,0.000000,0.000000,0.000,0.000,Client
2026-05-15 07:42:21,1900-01-00 00:00:00,dlink-615_EXT,40:86:CB:27:D2:0C,-18, WPA2 ,0.000000,0.000000,0.000,0.000,AP
2026-05-15 07:42:21,1900-01-00 00:00:00,,9C:2F:9D:82:20:A3,-18,,0.000000,0.000000,0.000,0.000,Client
2026-05-15 07:42:21,1900-01-00 00:00:00,dlink-615_EXT,40:86:CB:27:D2:0C,-18, WPA2 ,0.000000,0.000000,0.000,0.000,AP
2026-05-15 07:42:21,1900-01-00 00:00:00,,9C:2F:9D:82:20:A3,-18,,0.000000,0.000000,0.000,0.000,Client
2026-05-15 07:42:21,1900-01-00 00:00:00,dlink-615_EXT,40:86:CB:27:D2:0C,-18, WPA2 ,0.000000,0.000000,0.000,0.000,AP
2026-05-15 07:42:21,1900-01-00 00:00:00,,9C:2F:9D:82:20:A3,-18,,0.000000,0.000000,0.000,0.000,Client
2026-05-15 07:42:21,1900-01-00 00:00:00,dlink-615_EXT,40:86:CB:27:D2:0C,-18, WPA2 ,0.000000,0.000000,0.000,0.000,AP
2026-05-15 07:42:21,1900-01-00 00:00:00,,9C:2F:9D:82:20:A3,-18,,0.000000,0.000000,0.000,0.000,Client
2026-05-15 07:42:21,1900-01-00 00:00:00,dlink-615_EXT,40:86:CB:27:D2:0C,-18, WPA2 ,0.000000,0.000000,0.000,0.000,AP
2026-05-15 07:42:21,1900-01-00 00:00:00,,9C:2F:9D:82:20:A3,-18,,0.000000,0.000000,0.000,0.000,Client
2026-05-15 07:42:21,1900-01-00 00:00:00,dlink-615_EXT,40:86:CB:27:D2:0C,-18, WPA2 ,0.000000,0.000000,0.000,0.000,AP
2026-05-15 07:42:21,1900-01-00 00:00:00,,9C:2F:9D:82:20:A3,-18,,0.000000,0.000000,0.000,0.000,Client
2026-05-15 07:42:21,1900-01-00 00:00:00,dlink-615_EXT,40:86:CB:27:D2:0C,-18, WPA2 ,0.000000,0.000000,0.000,0.000,AP
2026-05-15 07:42:21,1900-01-00 00:00:00,,9C:2F:9D:82:20:A3,-18,,0.000000,0.000000,0.000,0.000,Client
2026-05-15 07:42:21,1900-01-00 00:00:00,dlink-615_EXT,40:86:CB:27:D2:0C,-18, WPA2 ,0.000000,0.000000,0.000,0.000,AP
2026-05-15 07:42:21,1900-01-00 00:00:00,,9C:2F:9D:82:20:A3,-18,,0.000000,0.000000,0.000,0.000,Client
2026-05-15 07:42:21,1900-01-00 00:00:00,dlink-615_EXT,40:86:CB:27:D2:0C,-18, WPA2 ,0.000000,0.000000,0.000,0.000,AP
2026-05-15 07:42:21,1900-01-00 00:00:00,,9C:2F:9D:82:20:A3,-18,,0.000000,0.000000,0.000,0.000,Client
2026-05-15 07:42:21,1900-01-00 00:00:00,dlink-615_EXT,40:86:CB:27:D2:0C,-18, WPA2 ,0.000000,0.000000,0.000,0.000,AP
2026-05-15 07:42:21,1900-01-00 00:00:00,,9C:2F:9D:82:20:A3,-18,,0.000000,0.000000,0.000,0.000,Client
2026-05-15 07:42:21,1900-01-00 00:00:00,dlink-615_EXT,40:86:CB:27:D2:0C,-18, WPA2 ,0.000000,0.000000,0.000,0.000,AP
2026-05-15 07:42:21,1900-01-00 00:00:00,,9C:2F:9D:82:20:A3,-18,,0.000000,0.000000,0.000,0.000,Client
2026-05-15 07:42:21,1900-01-00 00:00:00,dlink-615_EXT,40:86:CB:27:D2:0C,-18, WPA2 ,0.000000,0.000000,0.000,0.000,AP
2026-05-15 07:42:21,1900-01-00 00:00:00,,9C:2F:9D:82:20:A3,-18,,0.000000,0.000000,0.000,0.000,Client
2026-05-15 07:42:21,1900-01-00 00:00:00,dlink-615_EXT,40:86:CB:27:D2:0C,-18, WPA2 ,0.000000,0.000000,0.000,0.000,AP
2026-05-15 07:42:21,1900-01-00 00:00:00,,9C:2F:9D:82:20:A3,-18,,0.000000,0.000000,0.000,0.000,Client
2026-05-15 07:42:21,1900-01-00 00:00:00,dlink-615_EXT,40:86:CB:27:D2:0C,-18, WPA2 ,0.000000,0.000000,0.000,0.000,AP
2026-05-15 07:42:21,1900-01-00 00:00:00,,9C:2F:9D:82:20:A3,-18,,0.000000,0.000000,0.000,0.000,Client
2026-05-15 07:42:21,1900-01-00 00:00:00,dlink-615_EXT,40:86:CB:27:D2:0C,-18, WPA2 ,0.000000,0.000000,0.000,0.000,AP
2026-05-15 07:42:21,1900-01-00 00:00:00,,9C:2F:9D:82:20:A3,-18,,0.000000,0.000000,0.000,0.000,Client
2026-05-15 07:42:21,1900-01-00 00:00:00,dlink-615_EXT,40:86:CB:27:D2:0C,-18, WPA2 ,0.000000,0.000000,0.000,0.000,AP
2026-05-15 07:42:21,1900-01-00 00:00:00,,9C:2F:9D:82:20:A3,-18,,0.000000,0.000000,0.000,0.000,Client
2026-05-15 07:42:21,1900-01-00 00:00:00,dlink-615_EXT,40:86:CB:27:D2:0C,-18, WPA2 ,0.000000,0.000000,0.000,0.000,AP
2026-05-15 07:42:21,1900-01-00 00:00:00,,9C:2F:9D:82:20:A3,-18,,0.000000,0.000000,0.000,0.000,Client
2026-05-15 07:42:21,1900-01-00 00:00:00,dlink-615_EXT,40:86:CB:27:D2:0C,-18, WPA2 ,0.000000,0.000000,0.000,0.000,AP
2026-05-15 07:42:21,1900-01-00 00:00:00,,9C:2F:9D:82:20:A3,-18,,0.000000,0.000000,0.000,0.000,Client
2026-05-15 07:42:21,1900-01-00 00:00:00,dlink-615_EXT,40:86:CB:27:D2:0C,-18, WPA2 ,0.000000,0.000000,0.000,0.000,AP
2026-05-15 07:42:21,1900-01-00 00:00:00,,9C:2F:9D:82:20:A3,-18,,0.000000,0.000000,0.000,0.000,Client
2026-05-15 07:42:21,1900-01-00 00:00:00,dlink-615_EXT,40:86:CB:27:D2:0C,-18, WPA2 ,0.000000,0.000000,0.000,0.000,AP
2026-05-15 07:42:21,1900-01-00 00:00:00,,9C:2F:9D:82:20:A3,-18,,0.000000,0.000000,0.000,0.000,Client
2026-05-15 07:42:21,1900-01-00 00:00:00,dlink-615_EXT,40:86:CB:27:D2:0C,-18, WPA2 ,0.000000,0.000000,0.000,0.000,AP
2026-05-15 07:42:21,1900-01-00 00:00:00,,9C:2F:9D:82:20:A3,-18,,0.000000,0.000000,0.000,0.000,Client
2026-05-15 07:42:21,1900-01-00 00:00:00,dlink-615_EXT,40:86:CB:27:D2:0C,-18, WPA2 ,0.000000,0.000000,0.000,0.000,AP
2026-05-15 07:42:21,1900-01-00 00:00:00,,9C:2F:9D:82:20:A3,-18,,0.000000,0.000000,0.000,0.000,Client
2026-05-15 07:42:21,1900-01-00 00:00:00,dlink-615_EXT,40:86:CB:27:D2:0C,-18, WPA2 ,0.000000,0.000000,0.000,0.000,AP
2026-05-15 07:42:21,1900-01-00 00:00:00,,9C:2F:9D:82:20:A3,-18,,0.000000,0.000000,0.000,0.000,Client
2026-05-15 07:42:21,1900-01-00 00:00:00,dlink-615_EXT,40:86:CB:27:D2:0C,-18, WPA2 ,0.000000,0.000000,0.000,0.000,AP
2026-05-15 07:42:21,1900-01-00 00:00:00,,9C:2F:9D:82:20:A3,-18,,0.000000,0.000000,0.000,0.000,Client
2026-05-15 07:42:21,1900-01-00 00:00:00,dlink-615_EXT,40:86:CB:27:D2:0C,-18, WPA2 ,0.000000,0.000000,0.000,0.000,AP
2026-05-15 07:42:21,1900-01-00 00:00:00,,9C:2F:9D:82:20:A3,-18,,0.000000,0.000000,0.000,0.000,Client
2026-05-15 07:42:21,1900-01-00 00:00:00,dlink-615_EXT,40:86:CB:27:D2:0C,-18, WPA2 ,0.000000,0.000000,0.000,0.000,AP
2026-05-15 07:42:21,1900-01-00 00:00:00,,9C:2F:9D:82:20:A3,-18,,0.000000,0.000000,0.000,0.000,Client
2026-05-15 07:42:21,1900-01-00 00:00:00,dlink-615_EXT,40:86:CB:27:D2:0C,-18, WPA2 ,0.000000,0.000000,0.000,0.000,AP
2026-05-15 07:42:21,1900-01-00 00:00:00,,9C:2F:9D:82:20:A3,-18,,0.000000,0.000000,0.000,0.000,Client
2026-05-15 07:42:21,1900-01-00 00:00:00,dlink-615_EXT,40:86:CB:27:D2:0C,-18, WPA2 ,0.000000,0.000000,0.000,0.000,AP
2026-05-15 07:42:21,1900-01-00 00:00:00,,9C:2F:9D:82:20:A3,-18,,0.000000,0.000000,0.000,0.000,Client
2026-05-15 07:42:21,1900-01-00 00:00:00,dlink-615_EXT,40:86:CB:27:D2:0C,-18, WPA2 ,0.000000,0.000000,0.000,0.000,AP
2026-05-15 07:42:21,1900-01-00 00:00:00,,9C:2F:9D:82:20:A3,-18,,0.000000,0.000000,0.000,0.000,Client
2026-05-15 07:42:21,1900-01-00 00:00:00,dlink-615_EXT,40:86:CB:27:D2:0C,-18, WPA2 ,0.000000,0.000000,0.000,0.000,AP
2026-05-15 07:42:21,1900-01-00 00:00:00,,9C:2F:9D:82:20:A3,-18,,0.000000,0.000000,0.000,0.000,Client
2026-05-15 07:42:21,1900-01-00 00:00:00,dlink-615_EXT,40:86:CB:27:D2:0C,-18, WPA2 ,0.000000,0.000000,0.000,0.000,AP
2026-05-15 07:42:21,1900-01-00 00:00:00,,9C:2F:9D:82:20:A3,-18,,0.000000,0.000000,0.000,0.000,Client
2026-05-15 07:42:21,1900-01-00 00:00:00,dlink-615_EXT,40:86:CB:27:D2:0C,-18, WPA2 ,0.000000,0.000000,0.000,0.000,AP
2026-05-15 07:42:21,1900-01-00 00:00:00,,9C:2F:9D:82:20:A3,-18,,0.000000,0.000000,0.000,0.000,Client
2026-05-15 07:42:21,1900-01-00 00:00:00,dlink-615_EXT,40:86:CB:27:D2:0C,-18, WPA2 ,0.000000,0.000000,0.000,0.000,AP
2026-05-15 07:42:21,1900-01-00 00:00:00,,9C:2F:9D:82:20:A3,-18,,0.000000,0.000000,0.000,0.000,Client
2026-05-15 07:42:21,1900-01-00 00:00:00,dlink-615_EXT,40:86:CB:27:D2:0C,-18, WPA2 ,0.000000,0.000000,0.000,0.000,AP
2026-05-15 07:42:21,1900-01-00 00:00:00,,9C:2F:9D:82:20:A3,-18,,0.000000,0.000000,0.000,0.000,Client
2026-05-15 07:42:21,1900-01-00 00:00:00,dlink-615_EXT,40:86:CB:27:D2:0C,-18, WPA2 ,0.000000,0.000000,0.000,0.000,AP
2026-05-15 07:42:21,1900-01-00 00:00:00,,9C:2F:9D:82:20:A3,-18,,0.000000,0.000000,0.000,0.000,Client
2026-05-15 07:42:21,1900-01-00 00:00:00,dlink-615_EXT,40:86:CB:27:D2:0C,-18, WPA2 ,0.000000,0.000000,0.000,0.000,AP
2026-05-15 07:42:21,1900-01-00 00:00:00,,9C:2F:9D:82:20:A3,-18,,0.000000,0.000000,0.000,0.000,Client
2026-05-15 07:42:21,1900-01-00 00:00:00,dlink-615_EXT,40:86:CB:27:D2:0C,-18, WPA2 ,0.000000,0.000000,0.000,0.000,AP
2026-05-15 07:42:21,1900-01-00 00:00:00,,9C:2F:9D:82:20:A3,-18,,0.000000,0.000000,0.000,0.000,Client
2026-05-15 07:42:21,1900-01-00 00:00:00,dlink-615_EXT,40:86:CB:27:D2:0C,-18, WPA2 ,0.000000,0.000000,0.000,0.000,AP
2026-05-15 07:42:21,1900-01-00 00:00:00,,9C:2F:9D:82:20:A3,-18,,0.000000,0.000000,0.000,0.000,Client
2026-05-15 07:42:21,1900-01-00 00:00:00,dlink-615_EXT,40:86:CB:27:D2:0C,-18, WPA2 ,0.000000,0.000000,0.000,0.000,AP
2026-05-15 07:42:21,1900-01-00 00:00:00,,9C:2F:9D:82:20:A3,-18,,0.000000,0.000000,0.000,0.000,Client
2026-05-15 07:42:21,1900-01-00 00:00:00,dlink-615_EXT,40:86:CB:27:D2:0C,-18, WPA2 ,0.000000,0.000000,0.000,0.000,AP
2026-05-15 07:42:21,1900-01-00 00:00:00,,9C:2F:9D:82:20:A3,-18,,0.000000,0.000000,0.000,0.000,Client
2026-05-15 07:42:21,1900-01-00 00:00:00,dlink-615_EXT,40:86:CB:27:D2:0C,-18, WPA2 ,0.000000,0.000000,0.000,0.000,AP
2026-05-15 07:42:21,1900-01-00 00:00:00,,9C:2F:9D:82:20:A3,-18,,0.000000,0.000000,0.000,0.000,Client
2026-05-15 07:42:21,1900-01-00 00:00:00,dlink-615_EXT,40:86:CB:27:D2:0C,-18, WPA2 ,0.000000,0.000000,0.000,0.000,AP
2026-05-15 07:42:21,1900-01-00 00:00:00,,9C:2F:9D:82:20:A3,-18,,0.000000,0.000000,0.000,0.000,Client
2026-05-15 07:42:21,1900-01-00 00:00:00,dlink-615_EXT,40:86:CB:27:D2:0C,-18, WPA2 ,0.000000,0.000000,0.000,0.000,AP
2026-05-15 07:42:21,1900-01-00 00:00:00,,9C:2F:9D:82:20:A3,-18,,0.000000,0.000000,0.000,0.000,Client
2026-05-15 07:42:21,1900-01-00 00:00:00,dlink-615_EXT,40:86:CB:27:D2:0C,-18, WPA2 ,0.000000,0.000000,0.000,0.000,AP
2026-05-15 07:42:21,1900-01-00 00:00:00,,9C:2F:9D:82:20:A3,-18,,0.000000,0.000000,0.000,0.000,Client
2026-05-15 07:42:21,1900-01-00 00:00:00,dlink-615_EXT,40:86:CB:27:D2:0C,-18, WPA2 ,0.000000,0.000000,0.000,0.000,AP
2026-05-15 07:42:21,1900-01-00 00:00:00,,9C:2F:9D:82:20:A3,-18,,0.000000,0.000000,0.000,0.000,Client
2026-05-15 07:42:21,1900-01-00 00:00:00,dlink-615_EXT,40:86:CB:27:D2:0C,-18, WPA2 ,0.000000,0.000000,0.000,0.000,AP
2026-05-15 07:42:21,1900-01-00 00:00:00,,9C:2F:9D:82:20:A3,-18,,0.000000,0.000000,0.000,0.000,Client
2026-05-15 07:42:21,1900-01-00 00:00:00,dlink-615_EXT,40:86:CB:27:D2:0C,-18, WPA2 ,0.000000,0.000000,0.000,0.000,AP
2026-05-15 07:42:21,1900-01-00 00:00:00,,9C:2F:9D:82:20:A3,-18,,0.000000,0.000000,0.000,0.000,Client
2026-05-15 07:42:21,1900-01-00 00:00:00,dlink-615_EXT,40:86:CB:27:D2:0C,-18, WPA2 ,0.000000,0.000000,0.000,0.000,AP
2026-05-15 07:42:21,1900-01-00 00:00:00,,9C:2F:9D:82:20:A3,-18,,0.000000,0.000000,0.000,0.000,Client
2026-05-15 07:42:21,1900-01-00 00:00:00,dlink-615_EXT,40:86:CB:27:D2:0C,-18, WPA2 ,0.000000,0.000000,0.000,0.000,AP
2026-05-15 07:42:21,1900-01-00 00:00:00,,9C:2F:9D:82:20:A3,-18,,0.000000,0.000000,0.000,0.000,Client
2026-05-15 07:42:21,1900-01-00 00:00:00,dlink-615_EXT,40:86:CB:27:D2:0C,-18, WPA2 ,0.000000,0.000000,0.000,0.000,AP
2026-05-15 07:42:21,1900-01-00 00:00:00,,9C:2F:9D:82:20:A3,-18,,0.000000,0.000000,0.000,0.000,Client
2026-05-15 07:42:21,1900-01-00 00:00:00,dlink-615_EXT,40:86:CB:27:D2:0C,-18, WPA2 ,0.000000,0.000000,0.000,0.000,AP
2026-05-15 07:42:21,1900-01-00 00:00:00,,9C:2F:9D:82:20:A3,-18,,0.000000,0.000000,0.000,0.000,Client
2026-05-15 07:42:21,1900-01-00 00:00:00,dlink-615_EXT,40:86:CB:27:D2:0C,-18, WPA2 ,0.000000,0.000000,0.000,0.000,AP
2026-05-15 07:42:21,1900-01-00 00:00:00,,9C:2F:9D:82:20:A3,-18,,0.000000,0.000000,0.000,0.000,Client
2026-05-15 07:42:21,1900-01-00 00:00:00,dlink-615_EXT,40:86:CB:27:D2:0C,-18, WPA2 ,0.000000,0.000000,0.000,0.000,AP
2026-05-15 07:42:21,1900-01-00 00:00:00,,9C:2F:9D:82:20:A3,-18,,0.000000,0.000000,0.000,0.000,Client
2026-05-15 07:42:21,1900-01-00 00:00:00,dlink-615_EXT,40:86:CB:27:D2:0C,-18, WPA2 ,0.000000,0.000000,0.000,0.000,AP
2026-05-15 07:42:21,1900-01-00 00:00:00,,9C:2F:9D:82:20:A3,-18,,0.000000,0.000000,0.000,0.000,Client
2026-05-15 07:42:21,1900-01-00 00:00:00,dlink-615_EXT,40:86:CB:27:D2:0C,-18, WPA2 ,0.000000,0.000000,0.000,0.000,AP
2026-05-15 07:42:21,1900-01-00 00:00:00,,9C:2F:9D:82:20:A3,-18,,0.000000,0.000000,0.000,0.000,Client
2026-05-15 07:42:21,1900-01-00 00:00:00,dlink-615_EXT,40:86:CB:27:D2:0C,-18, WPA2 ,0.000000,0.000000,0.000,0.000,AP
2026-05-15 07:42:21,1900-01-00 00:00:00,,9C:2F:9D:82:20:A3,-18,,0.000000,0.000000,0.000,0.000,Client
2026-05-15 07:42:21,1900-01-00 00:00:00,dlink-615_EXT,40:86:CB:27:D2:0C,-18, WPA2 ,0.000000,0.000000,0.000,0.000,AP
2026-05-15 07:42:21,1900-01-00 00:00:00,,9C:2F:9D:82:20:A3,-18,,0.000000,0.000000,0.000,0.000,Client
2026-05-15 07:42:21,1900-01-00 00:00:00,dlink-615_EXT,40:86:CB:27:D2:0C,-18, WPA2 ,0.000000,0.000000,0.000,0.000,AP
2026-05-15 07:42:21,1900-01-00 00:00:00,,9C:2F:9D:82:20:A3,-18,,0.000000,0.000000,0.000,0.000,Client
2026-05-15 07:42:21,1900-01-00 00:00:00,dlink-615_EXT,40:86:CB:27:D2:0C,-18, WPA2 ,0.000000,0.000000,0.000,0.000,AP
2026-05-15 07:42:21,1900-01-00 00:00:00,,9C:2F:9D:82:20:A3,-18,,0.000000,0.000000,0.000,0.000,Client
2026-05-15 07:42:21,1900-01-00 00:00:00,dlink-615_EXT,40:86:CB:27:D2:0C,-18, WPA2 ,0.000000,0.000000,0.000,0.000,AP
2026-05-15 07:42:21,1900-01-00 00:00:00,,9C:2F:9D:82:20:A3,-18,,0.000000,0.000000,0.000,0.000,Client
2026-05-15 07:42:21,1900-01-00 00:00:00,dlink-615_EXT,40:86:CB:27:D2:0C,-18, WPA2 ,0.000000,0.000000,0.000,0.000,AP
2026-05-15 07:42:21,1900-01-00 00:00:00,,9C:2F:9D:82:20:A3,-18,,0.000000,0.000000,0.000,0.000,Client
2026-05-15 07:42:21,1900-01-00 00:00:00,dlink-615_EXT,40:86:CB:27:D2:0C,-18, WPA2 ,0.000000,0.000000,0.000,0.000,AP
2026-05-15 07:42:21,1900-01-00 00:00:00,,9C:2F:9D:82:20:A3,-18,,0.000000,0.000000,0.000,0.000,Client
2026-05-15 07:42:21,1900-01-00 00:00:00,dlink-615_EXT,40:86:CB:27:D2:0C,-18, WPA2 ,0.000000,0.000000,0.000,0.000,AP
2026-05-15 07:42:21,1900-01-00 00:00:00,,9C:2F:9D:82:20:A3,-18,,0.000000,0.000000,0.000,0.000,Client
2026-05-15 07:42:21,1900-01-00 00:00:00,dlink-615_EXT,40:86:CB:27:D2:0C,-18, WPA2 ,0.000000,0.000000,0.000,0.000,AP
2026-05-15 07:42:21,1900-01-00 00:00:00,,9C:2F:9D:82:20:A3,-18,,0.000000,0.000000,0.000,0.000,Client
2026-05-15 07:42:21,1900-01-00 00:00:00,dlink-615_EXT,40:86:CB:27:D2:0C,-18, WPA2 ,0.000000,0.000000,0.000,0.000,AP
2026-05-15 07:42:21,1900-01-00 00:00:00,,9C:2F:9D:82:20:A3,-18,,0.000000,0.000000,0.000,0.000,Client
2026-05-15 07:42:21,1900-01-00 00:00:00,dlink-615_EXT,40:86:CB:27:D2:0C,-18, WPA2 ,0.000000,0.000000,0.000,0.000,AP
2026-05-15 07:42:21,1900-01-00 00:00:00,,9C:2F:9D:82:20:A3,-18,,0.000000,0.000000,0.000,0.000,Client
2026-05-15 07:42:21,1900-01-00 00:00:00,dlink-615_EXT,40:86:CB:27:D2:0C,-18, WPA2 ,0.000000,0.000000,0.000,0.000,AP
2026-05-15 07:42:21,1900-01-00 00:00:00,,9C:2F:9D:82:20:A3,-18,,0.000000,0.000000,0.000,0.000,Client
2026-05-15 07:42:21,1900-01-00 00:00:00,dlink-615_EXT,40:86:CB:27:D2:0C,-18, WPA2 ,0.000000,0.000000,0.000,0.000,AP
2026-05-15 07:42:21,1900-01-00 00:00:00,,9C:2F:9D:82:20:A3,-18,,0.000000,0.000000,0.000,0.000,Client
2026-05-15 07:42:21,1900-01-00 00:00:00,dlink-615_EXT,40:86:CB:27:D2:0C,-18, WPA2 ,0.000000,0.000000,0.000,0.000,AP
2026-05-15 07:42:21,1900-01-00 00:00:00,,9C:2F:9D:82:20:A3,-18,,0.000000,0.000000,0.000,0.000,Client
2026-05-15 07:42:21,1900-01-00 00:00:00,dlink-615_EXT,40:86:CB:27:D2:0C,-18, WPA2 ,0.000000,0.000000,0.000,0.000,AP
2026-05-15 07:42:21,1900-01-00 00:00:00,,9C:2F:9D:82:20:A3,-18,,0.000000,0.000000,0.000,0.000,Client
2026-05-15 07:42:21,1900-01-00 00:00:00,dlink-615_EXT,40:86:CB:27:D2:0C,-18, WPA2 ,0.000000,0.000000,0.000,0.000,AP
2026-05-15 07:42:21,1900-01-00 00:00:00,,9C:2F:9D:82:20:A3,-18,,0.000000,0.000000,0.000,0.000,Client
2026-05-15 07:42:21,1900-01-00 00:00:00,dlink-615_EXT,40:86:CB:27:D2:0C,-18, WPA2 ,0.000000,0.000000,0.000,0.000,AP
2026-05-15 07:42:21,1900-01-00 00:00:00,,9C:2F:9D:82:20:A3,-18,,0.000000,0.000000,0.000,0.000,Client
2026-05-15 07:42:21,1900-01-00 00:00:00,dlink-615_EXT,40:86:CB:27:D2:0C,-18, WPA2 ,0.000000,0.000000,0.000,0.000,AP
2026-05-15 07:42:21,1900-01-00 00:00:00,,9C:2F:9D:82:20:A3,-18,,0.000000,0.000000,0.000,0.000,Client
2026-05-15 07:42:21,1900-01-00 00:00:00,dlink-615_EXT,40:86:CB:27:D2:0C,-18, WPA2 ,0.000000,0.000000,0.000,0.000,AP
2026-05-15 07:42:21,1900-01-00 00:00:00,,9C:2F:9D:82:20:A3,-18,,0.000000,0.000000,0.000,0.000,Client
2026-05-15 07:42:21,1900-01-00 00:00:00,dlink-615_EXT,40:86:CB:27:D2:0C,-18, WPA2 ,0.000000,0.000000,0.000,0.000,AP
2026-05-15 07:42:21,1900-01-00 00:00:00,,9C:2F:9D:82:20:A3,-18,,0.000000,0.000000,0.000,0.000,Client
2026-05-15 07:42:21,1900-01-00 00:00:00,dlink-615_EXT,40:86:CB:27:D2:0C,-18, WPA2 ,0.000000,0.000000,0.000,0.000,AP
2026-05-15 07:42:21,1900-01-00 00:00:00,,9C:2F:9D:82:20:A3,-18,,0.000000,0.000000,0.000,0.000,Client
2026-05-15 07:42:21,1900-01-00 00:00:00,dlink-615_EXT,40:86:CB:27:D2:0C,-18, WPA2 ,0.000000,0.000000,0.000,0.000,AP
2026-05-15 07:42:21,1900-01-00 00:00:00,,9C:2F:9D:82:20:A3,-18,,0.000000,0.000000,0.000,0.000,Client
2026-05-15 07:42:21,1900-01-00 00:00:00,dlink-615_EXT,40:86:CB:27:D2:0C,-18, WPA2 ,0.000000,0.000000,0.000,0.000,AP
2026-05-15 07:42:21,1900-01-00 00:00:00,,9C:2F:9D:82:20:A3,-18,,0.000000,0.000000,0.000,0.000,Client
2026-05-15 07:42:21,1900-01-00 00:00:00,dlink-615_EXT,40:86:CB:27:D2:0C,-18, WPA2 ,0.000000,0.000000,0.000,0.000,AP
2026-05-15 07:42:21,1900-01-00 00:00:00,,9C:2F:9D:82:20:A3,-18,,0.000000,0.000000,0.000,0.000,Client
2026-05-15 07:42:21,1900-01-00 00:00:00,dlink-615_EXT,40:86:CB:27:D2:0C,-18, WPA2 ,0.000000,0.000000,0.000,0.000,AP
2026-05-15 07:42:21,1900-01-00 00:00:00,,9C:2F:9D:82:20:A3,-18,,0.000000,0.000000,0.000,0.000,Client
2026-05-15 07:42:21,1900-01-00 00:00:00,dlink-615_EXT,40:86:CB:27:D2:0C,-18, WPA2 ,0.000000,0.000000,0.000,0.000,AP
2026-05-15 07:42:21,1900-01-00 00:00:00,,9C:2F:9D:82:20:A3,-18,,0.000000,0.000000,0.000,0.000,Client
2026-05-15 07:42:21,1900-01-00 00:00:00,dlink-615_EXT,40:86:CB:27:D2:0C,-18, WPA2 ,0.000000,0.000000,0.000,0.000,AP
2026-05-15 07:42:21,1900-01-00 00:00:00,,9C:2F:9D:82:20:A3,-18,,0.000000,0.000000,0.000,0.000,Client
2026-05-15 07:42:21,1900-01-00 00:00:00,dlink-615_EXT,40:86:CB:27:D2:0C,-18, WPA2 ,0.000000,0.000000,0.000,0.000,AP
2026-05-15 07:42:21,1900-01-00 00:00:00,,9C:2F:9D:82:20:A3,-18,,0.000000,0.000000,0.000,0.000,Client
2026-05-15 07:42:21,1900-01-00 00:00:00,dlink-615_EXT,40:86:CB:27:D2:0C,-18, WPA2 ,0.000000,0.000000,0.000,0.000,AP
2026-05-15 07:42:21,1900-01-00 00:00:00,,9C:2F:9D:82:20:A3,-18,,0.000000,0.000000,0.000,0.000,Client
2026-05-15 07:42:21,1900-01-00 00:00:00,dlink-615_EXT,40:86:CB:27:D2:0C,-18, WPA2 ,0.000000,0.000000,0.000,0.000,AP
2026-05-15 07:42:21,1900-01-00 00:00:00,,9C:2F:9D:82:20:A3,-18,,0.000000,0.000000,0.000,0.000,Client
2026-05-15 07:42:21,1900-01-00 00:00:00,dlink-615_EXT,40:86:CB:27:D2:0C,-18, WPA2 ,0.000000,0.000000,0.000,0.000,AP
2026-05-15 07:42:21,1900-01-00 00:00:00,,9C:2F:9D:82:20:A3,-18,,0.000000,0.000000,0.000,0.000,Client
2026-05-15 07:42:21,1900-01-00 00:00:00,dlink-615_EXT,40:86:CB:27:D2:0C,-18, WPA2 ,0.000000,0.000000,0.000,0.000,AP
2026-05-15 07:42:21,1900-01-00 00:00:00,,9C:2F:9D:82:20:A3,-18,,0.000000,0.000000,0.000,0.000,Client
2026-05-15 07:42:21,1900-01-00 00:00:00,dlink-615_EXT,40:86:CB:27:D2:0C,-18, WPA2 ,0.000000,0.000000,0.000,0.000,AP
2026-05-15 07:42:21,1900-01-00 00:00:00,,9C:2F:9D:82:20:A3,-18,,0.000000,0.000000,0.000,0.000,Client
2026-05-15 07:42:21,1900-01-00 00:00:00,dlink-615_EXT,40:86:CB:27:D2:0C,-18, WPA2 ,0.000000,0.000000,0.000,0.000,AP
2026-05-15 07:42:21,1900-01-00 00:00:00,,9C:2F:9D:82:20:A3,-18,,0.000000,0.000000,0.000,0.000,Client
2026-05-15 07:42:21,1900-01-00 00:00:00,dlink-615_EXT,40:86:CB:27:D2:0C,-18, WPA2 ,0.000000,0.000000,0.000,0.000,AP
2026-05-15 07:42:21,1900-01-00 00:00:00,,9C:2F:9D:82:20:A3,-18,,0.000000,0.000000,0.000,0.000,Client
2026-05-15 07:42:21,1900-01-00 00:00:00,dlink-615_EXT,40:86:CB:27:D2:0C,-18, WPA2 ,0.000000,0.000000,0.000,0.000,AP
2026-05-15 07:42:21,1900-01-00 00:00:00,,9C:2F:9D:82:20:A3,-18,,0.000000,0.000000,0.000,0.000,Client
2026-05-15 07:42:21,1900-01-00 00:00:00,dlink-615_EXT,40:86:CB:27:D2:0C,-18, WPA2 ,0.000000,0.000000,0.000,0.000,AP
2026-05-15 07:42:21,1900-01-00 00:00:00,,9C:2F:9D:82:20:A3,-18,,0.000000,0.000000,0.000,0.000,Client
2026-05-15 07:42:21,1900-01-00 00:00:00,dlink-615_EXT,40:86:CB:27:D2:0C,-18, WPA2 ,0.000000,0.000000,0.000,0.000,AP
2026-05-15 07:42:21,1900-01-00 00:00:00,,9C:2F:9D:82:20:A3,-18,,0.000000,0.000000,0.000,0.000,Client
2026-05-15 07:42:21,1900-01-00 00:00:00,dlink-615_EXT,40:86:CB:27:D2:0C,-18, WPA2 ,0.000000,0.000000,0.000,0.000,AP
2026-05-15 07:42:21,1900-01-00 00:00:00,,9C:2F:9D:82:20:A3,-18,,0.000000,0.000000,0.000,0.000,Client
2026-05-15 07:42:21,1900-01-00 00:00:00,dlink-615_EXT,40:86:CB:27:D2:0C,-18, WPA2 ,0.000000,0.000000,0.000,0.000,AP
2026-05-15 07:42:21,1900-01-00 00:00:00,,9C:2F:9D:82:20:A3,-18,,0.000000,0.000000,0.000,0.000,Client
2026-05-15 07:42:21,1900-01-00 00:00:00,dlink-615_EXT,40:86:CB:27:D2:0C,-18, WPA2 ,0.000000,0.000000,0.000,0.000,AP
2026-05-15 07:42:21,1900-01-00 00:00:00,,9C:2F:9D:82:20:A3,-18,,0.000000,0.000000,0.000,0.000,Client
2026-05-15 07:42:21,1900-01-00 00:00:00,dlink-615_EXT,40:86:CB:27:D2:0C,-18, WPA2 ,0.000000,0.000000,0.000,0.000,AP
2026-05-15 07:42:21,1900-01-00 00:00:00,,9C:2F:9D:82:20:A3,-18,,0.000000,0.000000,0.000,0.000,Client
2026-05-15 07:42:21,1900-01-00 00:00:00,dlink-615_EXT,40:86:CB:27:D2:0C,-18, WPA2 ,0.000000,0.000000,0.000,0.000,AP
2026-05-15 07:42:21,1900-01-00 00:00:00,,9C:2F:9D:82:20:A3,-18,,0.000000,0.000000,0.000,0.000,Client
2026-05-15 07:42:21,1900-01-00 00:00:00,dlink-615_EXT,40:86:CB:27:D2:0C,-18, WPA2 ,0.000000,0.000000,0.000,0.000,AP
2026-05-15 07:42:21,1900-01-00 00:00:00,,9C:2F:9D:82:20:A3,-18,,0.000000,0.000000,0.000,0.000,Client
2026-05-15 07:42:21,1900-01-00 00:00:00,dlink-615_EXT,40:86:CB:27:D2:0C,-18, WPA2 ,0.000000,0.000000,0.000,0.000,AP
2026-05-15 07:42:21,1900-01-00 00:00:00,,9C:2F:9D:82:20:A3,-18,,0.000000,0.000000,0.000,0.000,Client
2026-05-15 07:42:21,1900-01-00 00:00:00,dlink-615_EXT,40:86:CB:27:D2:0C,-18, WPA2 ,0.000000,0.000000,0.000,0.000,AP
2026-05-15 07:42:21,1900-01-00 00:00:00,,9C:2F:9D:82:20:A3,-18,,0.000000,0.000000,0.000,0.000,Client
2026-05-15 07:42:21,1900-01-00 00:00:00,dlink-615_EXT,40:86:CB:27:D2:0C,-18, WPA2 ,0.000000,0.000000,0.000,0.000,AP
2026-05-15 07:42:21,1900-01-00 00:00:00,,9C:2F:9D:82:20:A3,-18,,0.000000,0.000000,0.000,0.000,Client
2026-05-15 07:42:21,1900-01-00 00:00:00,dlink-615_EXT,40:86:CB:27:D2:0C,-18, WPA2 ,0.000000,0.000000,0.000,0.000,AP
2026-05-15 07:42:21,1900-01-00 00:00:00,,9C:2F:9D:82:20:A3,-18,,0.000000,0.000000,0.000,0.000,Client
2026-05-15 07:42:21,1900-01-00 00:00:00,dlink-615_EXT,40:86:CB:27:D2:0C,-18, WPA2 ,0.000000,0.000000,0.000,0.000,AP
2026-05-15 07:42:21,1900-01-00 00:00:00,,9C:2F:9D:82:20:A3,-18,,0.000000,0.000000,0.000,0.000,Client
2026-05-15 07:42:21,1900-01-00 00:00:00,dlink-615_EXT,40:86:CB:27:D2:0C,-18, WPA2 ,0.000000,0.000000,0.000,0.000,AP
2026-05-15 07:42:21,1900-01-00 00:00:00,,9C:2F:9D:82:20:A3,-18,,0.000000,0.000000,0.000,0.000,Client
2026-05-15 07:42:21,1900-01-00 00:00:00,dlink-615_EXT,40:86:CB:27:D2:0C,-18, WPA2 ,0.000000,0.000000,0.000,0.000,AP
2026-05-15 07:42:21,1900-01-00 00:00:00,,9C:2F:9D:82:20:A3,-18,,0.000000,0.000000,0.000,0.000,Client
2026-05-15 07:42:21,1900-01-00 00:00:00,dlink-615_EXT,40:86:CB:27:D2:0C,-18, WPA2 ,0.000000,0.000000,0.000,0.000,AP
2026-05-15 07:42:21,1900-01-00 00:00:00,,9C:2F:9D:82:20:A3,-18,,0.000000,0.000000,0.000,0.000,Client
2026-05-15 07:42:21,1900-01-00 00:00:00,dlink-615_EXT,40:86:CB:27:D2:0C,-18, WPA2 ,0.000000,0.000000,0.000,0.000,AP
2026-05-15 07:42:21,1900-01-00 00:00:00,,9C:2F:9D:82:20:A3,-18,,0.000000,0.000000,0.000,0.000,Client
2026-05-15 07:42:21,1900-01-00 00:00:00,dlink-615_EXT,40:86:CB:27:D2:0C,-18, WPA2 ,0.000000,0.000000,0.000,0.000,AP
2026-05-15 07:42:21,1900-01-00 00:00:00,,9C:2F:9D:82:20:A3,-18,,0.000000,0.000000,0.000,0.000,Client
2026-05-15 07:42:21,1900-01-00 00:00:00,dlink-615_EXT,40:86:CB:27:D2:0C,-18, WPA2 ,0.000000,0.000000,0.000,0.000,AP
2026-05-15 07:42:21,1900-01-00 00:00:00,,9C:2F:9D:82:20:A3,-18,,0.000000,0.000000,0.000,0.000,Client
2026-05-15 07:42:21,1900-01-00 00:00:00,dlink-615_EXT,40:86:CB:27:D2:0C,-18, WPA2 ,0.000000,0.000000,0.000,0.000,AP
2026-05-15 07:42:21,1900-01-00 00:00:00,,9C:2F:9D:82:20:A3,-18,,0.000000,0.000000,0.000,0.000,Client
2026-05-15 07:42:21,1900-01-00 00:00:00,dlink-615_EXT,40:86:CB:27:D2:0C,-18, WPA2 ,0.000000,0.000000,0.000,0.000,AP
2026-05-15 07:42:21,1900-01-00 00:00:00,,9C:2F:9D:82:20:A3,-18,,0.000000,0.000000,0.000,0.000,Client
2026-05-15 07:42:21,1900-01-00 00:00:00,dlink-615_EXT,40:86:CB:27:D2:0C,-18, WPA2 ,0.000000,0.000000,0.000,0.000,AP
2026-05-15 07:42:21,1900-01-00 00:00:00,,9C:2F:9D:82:20:A3,-18,,0.000000,0.000000,0.000,0.000,Client
2026-05-15 07:42:21,1900-01-00 00:00:00,dlink-615_EXT,40:86:CB:27:D2:0C,-18, WPA2 ,0.000000,0.000000,0.000,0.000,AP
2026-05-15 07:42:21,1900-01-00 00:00:00,,9C:2F:9D:82:20:A3,-18,,0.000000,0.000000,0.000,0.000,Client
2026-05-15 07:42:21,1900-01-00 00:00:00,dlink-615_EXT,40:86:CB:27:D2:0C,-18, WPA2 ,0.000000,0.000000,0.000,0.000,AP
2026-05-15 07:42:21,1900-01-00 00:00:00,,9C:2F:9D:82:20:A3,-18,,0.000000,0.000000,0.000,0.000,Client
2026-05-15 07:42:21,1900-01-00 00:00:00,dlink-615_EXT,40:86:CB:27:D2:0C,-18, WPA2 ,0.000000,0.000000,0.000,0.000,AP
2026-05-15 07:42:21,1900-01-00 00:00:00,,9C:2F:9D:82:20:A3,-18,,0.000000,0.000000,0.000,0.000,Client
2026-05-15 07:42:21,1900-01-00 00:00:00,dlink-615_EXT,40:86:CB:27:D2:0C,-18, WPA2 ,0.000000,0.000000,0.000,0.000,AP
2026-05-15 07:42:21,1900-01-00 00:00:00,,9C:2F:9D:82:20:A3,-18,,0.000000,0.000000,0.000,0.000,Client
2026-05-15 07:42:21,1900-01-00 00:00:00,dlink-615_EXT,40:86:CB:27:D2:0C,-18, WPA2 ,0.000000,0.000000,0.000,0.000,AP
2026-05-15 07:42:21,1900-01-00 00:00:00,,9C:2F:9D:82:20:A3,-18,,0.000000,0.000000,0.000,0.000,Client
2026-05-15 07:42:21,1900-01-00 00:00:00,dlink-615_EXT,40:86:CB:27:D2:0C,-18, WPA2 ,0.000000,0.000000,0.000,0.000,AP
2026-05-15 07:42:21,1900-01-00 00:00:00,,9C:2F:9D:82:20:A3,-18,,0.000000,0.000000,0.000,0.000,Client
2026-05-15 07:42:22,1900-01-00 00:00:00,dlink-615_EXT,40:86:CB:27:D2:0C,-19, WPA2 ,0.000000,0.000000,0.000,0.000,AP
2026-05-15 07:42:22,1900-01-00 00:00:00,,9C:2F:9D:82:20:A3,-25,,0.000000,0.000000,0.000,0.000,Client
2026-05-15 07:42:22,1900-01-00 00:00:00,dlink-615_EXT,40:86:CB:27:D2:0C,-19, WPA2 ,0.000000,0.000000,0.000,0.000,AP
2026-05-15 07:42:22,1900-01-00 00:00:00,,9C:2F:9D:82:20:A3,-19,,0.000000,0.000000,0.000,0.000,Client
2026-05-15 07:42:22,1900-01-00 00:00:00,dlink-615_EXT,40:86:CB:27:D2:0C,-19, WPA2 ,0.000000,0.000000,0.000,0.000,AP
2026-05-15 07:42:22,1900-01-00 00:00:00,,9C:2F:9D:82:20:A3,-19,,0.000000,0.000000,0.000,0.000,Client
2026-05-15 07:42:22,1900-01-00 00:00:00,dlink-615_EXT,40:86:CB:27:D2:0C,-19, WPA2 ,0.000000,0.000000,0.000,0.000,AP
2026-05-15 07:42:22,1900-01-00 00:00:00,,9C:2F:9D:82:20:A3,-19,,0.000000,0.000000,0.000,0.000,Client
2026-05-15 07:42:22,1900-01-00 00:00:00,dlink-615_EXT,40:86:CB:27:D2:0C,-19, WPA2 ,0.000000,0.000000,0.000,0.000,AP
2026-05-15 07:42:22,1900-01-00 00:00:00,,9C:2F:9D:82:20:A3,-19,,0.000000,0.000000,0.000,0.000,Client
2026-05-15 07:42:22,1900-01-00 00:00:00,dlink-615_EXT,40:86:CB:27:D2:0C,-19, WPA2 ,0.000000,0.000000,0.000,0.000,AP
2026-05-15 07:42:22,1900-01-00 00:00:00,,9C:2F:9D:82:20:A3,-19,,0.000000,0.000000,0.000,0.000,Client
2026-05-15 07:42:22,1900-01-00 00:00:00,dlink-615_EXT,40:86:CB:27:D2:0C,-19, WPA2 ,0.000000,0.000000,0.000,0.000,AP
2026-05-15 07:42:22,1900-01-00 00:00:00,,9C:2F:9D:82:20:A3,-19,,0.000000,0.000000,0.000,0.000,Client
2026-05-15 07:42:22,1900-01-00 00:00:00,dlink-615_EXT,40:86:CB:27:D2:0C,-19, WPA2 ,0.000000,0.000000,0.000,0.000,AP
2026-05-15 07:42:22,1900-01-00 00:00:00,,9C:2F:9D:82:20:A3,-19,,0.000000,0.000000,0.000,0.000,Client
2026-05-15 07:42:22,1900-01-00 00:00:00,dlink-615_EXT,40:86:CB:27:D2:0C,-19, WPA2 ,0.000000,0.000000,0.000,0.000,AP
2026-05-15 07:42:22,1900-01-00 00:00:00,,9C:2F:9D:82:20:A3,-19,,0.000000,0.000000,0.000,0.000,Client
2026-05-15 07:42:22,1900-01-00 00:00:00,dlink-615_EXT,40:86:CB:27:D2:0C,-19, WPA2 ,0.000000,0.000000,0.000,0.000,AP
2026-05-15 07:42:22,1900-01-00 00:00:00,,9C:2F:9D:82:20:A3,-19,,0.000000,0.000000,0.000,0.000,Client
2026-05-15 07:42:22,1900-01-00 00:00:00,dlink-615_EXT,40:86:CB:27:D2:0C,-19, WPA2 ,0.000000,0.000000,0.000,0.000,AP
2026-05-15 07:42:22,1900-01-00 00:00:00,,9C:2F:9D:82:20:A3,-19,,0.000000,0.000000,0.000,0.000,Client
2026-05-15 07:42:22,1900-01-00 00:00:00,dlink-615_EXT,40:86:CB:27:D2:0C,-19, WPA2 ,0.000000,0.000000,0.000,0.000,AP
2026-05-15 07:42:22,1900-01-00 00:00:00,,9C:2F:9D:82:20:A3,-19,,0.000000,0.000000,0.000,0.000,Client
2026-05-15 07:42:22,1900-01-00 00:00:00,dlink-615_EXT,40:86:CB:27:D2:0C,-19, WPA2 ,0.000000,0.000000,0.000,0.000,AP
2026-05-15 07:42:22,1900-01-00 00:00:00,,9C:2F:9D:82:20:A3,-19,,0.000000,0.000000,0.000,0.000,Client
2026-05-15 07:42:22,1900-01-00 00:00:00,dlink-615_EXT,40:86:CB:27:D2:0C,-19, WPA2 ,0.000000,0.000000,0.000,0.000,AP
2026-05-15 07:42:22,1900-01-00 00:00:00,,9C:2F:9D:82:20:A3,-19,,0.000000,0.000000,0.000,0.000,Client
2026-05-15 07:42:22,1900-01-00 00:00:00,dlink-615_EXT,40:86:CB:27:D2:0C,-19, WPA2 ,0.000000,0.000000,0.000,0.000,AP
2026-05-15 07:42:22,1900-01-00 00:00:00,,9C:2F:9D:82:20:A3,-19,,0.000000,0.000000,0.000,0.000,Client
2026-05-15 07:42:22,1900-01-00 00:00:00,dlink-615_EXT,40:86:CB:27:D2:0C,-19, WPA2 ,0.000000,0.000000,0.000,0.000,AP
2026-05-15 07:42:22,1900-01-00 00:00:00,,9C:2F:9D:82:20:A3,-19,,0.000000,0.000000,0.000,0.000,Client
2026-05-15 07:42:22,1900-01-00 00:00:00,dlink-615_EXT,40:86:CB:27:D2:0C,-19, WPA2 ,0.000000,0.000000,0.000,0.000,AP
2026-05-15 07:42:22,1900-01-00 00:00:00,,9C:2F:9D:82:20:A3,-19,,0.000000,0.000000,0.000,0.000,Client
2026-05-15 07:42:22,1900-01-00 00:00:00,dlink-615_EXT,40:86:CB:27:D2:0C,-19, WPA2 ,0.000000,0.000000,0.000,0.000,AP
2026-05-15 07:42:22,1900-01-00 00:00:00,,9C:2F:9D:82:20:A3,-19,,0.000000,0.000000,0.000,0.000,Client
2026-05-15 07:42:22,1900-01-00 00:00:00,dlink-615_EXT,40:86:CB:27:D2:0C,-19, WPA2 ,0.000000,0.000000,0.000,0.000,AP
2026-05-15 07:42:22,1900-01-00 00:00:00,,9C:2F:9D:82:20:A3,-19,,0.000000,0.000000,0.000,0.000,Client
2026-05-15 07:42:22,1900-01-00 00:00:00,dlink-615_EXT,40:86:CB:27:D2:0C,-19, WPA2 ,0.000000,0.000000,0.000,0.000,AP
2026-05-15 07:42:22,1900-01-00 00:00:00,,9C:2F:9D:82:20:A3,-19,,0.000000,0.000000,0.000,0.000,Client
2026-05-15 07:42:22,1900-01-00 00:00:00,dlink-615_EXT,40:86:CB:27:D2:0C,-19, WPA2 ,0.000000,0.000000,0.000,0.000,AP
2026-05-15 07:42:22,1900-01-00 00:00:00,,9C:2F:9D:82:20:A3,-19,,0.000000,0.000000,0.000,0.000,Client
2026-05-15 07:42:22,1900-01-00 00:00:00,dlink-615_EXT,40:86:CB:27:D2:0C,-19, WPA2 ,0.000000,0.000000,0.000,0.000,AP
2026-05-15 07:42:22,1900-01-00 00:00:00,,9C:2F:9D:82:20:A3,-19,,0.000000,0.000000,0.000,0.000,Client
2026-05-15 07:42:22,1900-01-00 00:00:00,dlink-615_EXT,40:86:CB:27:D2:0C,-19, WPA2 ,0.000000,0.000000,0.000,0.000,AP
2026-05-15 07:42:22,1900-01-00 00:00:00,,9C:2F:9D:82:20:A3,-19,,0.000000,0.000000,0.000,0.000,Client
2026-05-15 07:42:22,1900-01-00 00:00:00,dlink-615_EXT,40:86:CB:27:D2:0C,-19, WPA2 ,0.000000,0.000000,0.000,0.000,AP
2026-05-15 07:42:22,1900-01-00 00:00:00,,9C:2F:9D:82:20:A3,-19,,0.000000,0.000000,0.000,0.000,Client
2026-05-15 07:42:22,1900-01-00 00:00:00,dlink-615_EXT,40:86:CB:27:D2:0C,-19, WPA2 ,0.000000,0.000000,0.000,0.000,AP
2026-05-15 07:42:22,1900-01-00 00:00:00,,9C:2F:9D:82:20:A3,-19,,0.000000,0.000000,0.000,0.000,Client
2026-05-15 07:42:22,1900-01-00 00:00:00,dlink-615_EXT,40:86:CB:27:D2:0C,-19, WPA2 ,0.000000,0.000000,0.000,0.000,AP
2026-05-15 07:42:22,1900-01-00 00:00:00,,9C:2F:9D:82:20:A3,-19,,0.000000,0.000000,0.000,0.000,Client
2026-05-15 07:42:22,1900-01-00 00:00:00,dlink-615_EXT,40:86:CB:27:D2:0C,-19, WPA2 ,0.000000,0.000000,0.000,0.000,AP
2026-05-15 07:42:22,1900-01-00 00:00:00,,9C:2F:9D:82:20:A3,-19,,0.000000,0.000000,0.000,0.000,Client
2026-05-15 07:42:22,1900-01-00 00:00:00,dlink-615_EXT,40:86:CB:27:D2:0C,-19, WPA2 ,0.000000,0.000000,0.000,0.000,AP
2026-05-15 07:42:22,1900-01-00 00:00:00,,9C:2F:9D:82:20:A3,-19,,0.000000,0.000000,0.000,0.000,Client
2026-05-15 07:42:22,1900-01-00 00:00:00,dlink-615_EXT,40:86:CB:27:D2:0C,-19, WPA2 ,0.000000,0.000000,0.000,0.000,AP
2026-05-15 07:42:22,1900-01-00 00:00:00,,9C:2F:9D:82:20:A3,-19,,0.000000,0.000000,0.000,0.000,Client
2026-05-15 07:42:22,1900-01-00 00:00:00,dlink-615_EXT,40:86:CB:27:D2:0C,-19, WPA2 ,0.000000,0.000000,0.000,0.000,AP
2026-05-15 07:42:22,1900-01-00 00:00:00,,9C:2F:9D:82:20:A3,-19,,0.000000,0.000000,0.000,0.000,Client
2026-05-15 07:42:22,1900-01-00 00:00:00,dlink-615_EXT,40:86:CB:27:D2:0C,-19, WPA2 ,0.000000,0.000000,0.000,0.000,AP
2026-05-15 07:42:22,1900-01-00 00:00:00,,9C:2F:9D:82:20:A3,-19,,0.000000,0.000000,0.000,0.000,Client
2026-05-15 07:42:22,1900-01-00 00:00:00,dlink-615_EXT,40:86:CB:27:D2:0C,-19, WPA2 ,0.000000,0.000000,0.000,0.000,AP
2026-05-15 07:42:22,1900-01-00 00:00:00,,9C:2F:9D:82:20:A3,-19,,0.000000,0.000000,0.000,0.000,Client
2026-05-15 07:42:22,1900-01-00 00:00:00,dlink-615_EXT,40:86:CB:27:D2:0C,-19, WPA2 ,0.000000,0.000000,0.000,0.000,AP
2026-05-15 07:42:22,1900-01-00 00:00:00,,9C:2F:9D:82:20:A3,-19,,0.000000,0.000000,0.000,0.000,Client
2026-05-15 07:42:22,1900-01-00 00:00:00,dlink-615_EXT,40:86:CB:27:D2:0C,-19, WPA2 ,0.000000,0.000000,0.000,0.000,AP
2026-05-15 07:42:22,1900-01-00 00:00:00,,9C:2F:9D:82:20:A3,-19,,0.000000,0.000000,0.000,0.000,Client
2026-05-15 07:42:22,1900-01-00 00:00:00,dlink-615_EXT,40:86:CB:27:D2:0C,-19, WPA2 ,0.000000,0.000000,0.000,0.000,AP
2026-05-15 07:42:22,1900-01-00 00:00:00,,9C:2F:9D:82:20:A3,-19,,0.000000,0.000000,0.000,0.000,Client
2026-05-15 07:42:22,1900-01-00 00:00:00,dlink-615_EXT,40:86:CB:27:D2:0C,-19, WPA2 ,0.000000,0.000000,0.000,0.000,AP
2026-05-15 07:42:22,1900-01-00 00:00:00,,9C:2F:9D:82:20:A3,-19,,0.000000,0.000000,0.000,0.000,Client
2026-05-15 07:42:22,1900-01-00 00:00:00,dlink-615_EXT,40:86:CB:27:D2:0C,-19, WPA2 ,0.000000,0.000000,0.000,0.000,AP
2026-05-15 07:42:22,1900-01-00 00:00:00,,9C:2F:9D:82:20:A3,-19,,0.000000,0.000000,0.000,0.000,Client
2026-05-15 07:42:22,1900-01-00 00:00:00,dlink-615_EXT,40:86:CB:27:D2:0C,-19, WPA2 ,0.000000,0.000000,0.000,0.000,AP
2026-05-15 07:42:22,1900-01-00 00:00:00,,9C:2F:9D:82:20:A3,-19,,0.000000,0.000000,0.000,0.000,Client
2026-05-15 07:42:22,1900-01-00 00:00:00,dlink-615_EXT,40:86:CB:27:D2:0C,-19, WPA2 ,0.000000,0.000000,0.000,0.000,AP
2026-05-15 07:42:22,1900-01-00 00:00:00,,9C:2F:9D:82:20:A3,-19,,0.000000,0.000000,0.000,0.000,Client
2026-05-15 07:42:22,1900-01-00 00:00:00,dlink-615_EXT,40:86:CB:27:D2:0C,-19, WPA2 ,0.000000,0.000000,0.000,0.000,AP
2026-05-15 07:42:22,1900-01-00 00:00:00,,9C:2F:9D:82:20:A3,-19,,0.000000,0.000000,0.000,0.000,Client
2026-05-15 07:42:22,1900-01-00 00:00:00,dlink-615_EXT,40:86:CB:27:D2:0C,-19, WPA2 ,0.000000,0.000000,0.000,0.000,AP
2026-05-15 07:42:22,1900-01-00 00:00:00,,9C:2F:9D:82:20:A3,-19,,0.000000,0.000000,0.000,0.000,Client
2026-05-15 07:42:22,1900-01-00 00:00:00,dlink-615_EXT,40:86:CB:27:D2:0C,-19, WPA2 ,0.000000,0.000000,0.000,0.000,AP
2026-05-15 07:42:22,1900-01-00 00:00:00,,9C:2F:9D:82:20:A3,-19,,0.000000,0.000000,0.000,0.000,Client
2026-05-15 07:42:22,1900-01-00 00:00:00,dlink-615_EXT,40:86:CB:27:D2:0C,-19, WPA2 ,0.000000,0.000000,0.000,0.000,AP
2026-05-15 07:42:22,1900-01-00 00:00:00,,9C:2F:9D:82:20:A3,-19,,0.000000,0.000000,0.000,0.000,Client
2026-05-15 07:42:22,1900-01-00 00:00:00,dlink-615_EXT,40:86:CB:27:D2:0C,-19, WPA2 ,0.000000,0.000000,0.000,0.000,AP
2026-05-15 07:42:22,1900-01-00 00:00:00,,9C:2F:9D:82:20:A3,-19,,0.000000,0.000000,0.000,0.000,Client
2026-05-15 07:42:22,1900-01-00 00:00:00,dlink-615_EXT,40:86:CB:27:D2:0C,-19, WPA2 ,0.000000,0.000000,0.000,0.000,AP
2026-05-15 07:42:22,1900-01-00 00:00:00,,9C:2F:9D:82:20:A3,-19,,0.000000,0.000000,0.000,0.000,Client
2026-05-15 07:42:22,1900-01-00 00:00:00,dlink-615_EXT,40:86:CB:27:D2:0C,-19, WPA2 ,0.000000,0.000000,0.000,0.000,AP
2026-05-15 07:42:22,1900-01-00 00:00:00,,9C:2F:9D:82:20:A3,-19,,0.000000,0.000000,0.000,0.000,Client
2026-05-15 07:42:22,1900-01-00 00:00:00,dlink-615_EXT,40:86:CB:27:D2:0C,-19, WPA2 ,0.000000,0.000000,0.000,0.000,AP
2026-05-15 07:42:22,1900-01-00 00:00:00,,9C:2F:9D:82:20:A3,-19,,0.000000,0.000000,0.000,0.000,Client
2026-05-15 07:42:22,1900-01-00 00:00:00,dlink-615_EXT,40:86:CB:27:D2:0C,-19, WPA2 ,0.000000,0.000000,0.000,0.000,AP
2026-05-15 07:42:22,1900-01-00 00:00:00,,9C:2F:9D:82:20:A3,-19,,0.000000,0.000000,0.000,0.000,Client
2026-05-15 07:42:22,1900-01-00 00:00:00,dlink-615_EXT,40:86:CB:27:D2:0C,-19, WPA2 ,0.000000,0.000000,0.000,0.000,AP
2026-05-15 07:42:22,1900-01-00 00:00:00,,9C:2F:9D:82:20:A3,-19,,0.000000,0.000000,0.000,0.000,Client
2026-05-15 07:42:22,1900-01-00 00:00:00,dlink-615_EXT,40:86:CB:27:D2:0C,-19, WPA2 ,0.000000,0.000000,0.000,0.000,AP
2026-05-15 07:42:22,1900-01-00 00:00:00,,9C:2F:9D:82:20:A3,-19,,0.000000,0.000000,0.000,0.000,Client
2026-05-15 07:42:22,1900-01-00 00:00:00,dlink-615_EXT,40:86:CB:27:D2:0C,-19, WPA2 ,0.000000,0.000000,0.000,0.000,AP
2026-05-15 07:42:22,1900-01-00 00:00:00,,9C:2F:9D:82:20:A3,-19,,0.000000,0.000000,0.000,0.000,Client
2026-05-15 07:42:22,1900-01-00 00:00:00,dlink-615_EXT,40:86:CB:27:D2:0C,-19, WPA2 ,0.000000,0.000000,0.000,0.000,AP
2026-05-15 07:42:22,1900-01-00 00:00:00,,9C:2F:9D:82:20:A3,-19,,0.000000,0.000000,0.000,0.000,Client
2026-05-15 07:42:22,1900-01-00 00:00:00,dlink-615_EXT,40:86:CB:27:D2:0C,-19, WPA2 ,0.000000,0.000000,0.000,0.000,AP
2026-05-15 07:42:22,1900-01-00 00:00:00,,9C:2F:9D:82:20:A3,-19,,0.000000,0.000000,0.000,0.000,Client
2026-05-15 07:42:22,1900-01-00 00:00:00,dlink-615_EXT,40:86:CB:27:D2:0C,-19, WPA2 ,0.000000,0.000000,0.000,0.000,AP
2026-05-15 07:42:22,1900-01-00 00:00:00,,9C:2F:9D:82:20:A3,-19,,0.000000,0.000000,0.000,0.000,Client
2026-05-15 07:42:22,1900-01-00 00:00:00,dlink-615_EXT,40:86:CB:27:D2:0C,-19, WPA2 ,0.000000,0.000000,0.000,0.000,AP
2026-05-15 07:42:22,1900-01-00 00:00:00,,9C:2F:9D:82:20:A3,-19,,0.000000,0.000000,0.000,0.000,Client
2026-05-15 07:42:22,1900-01-00 00:00:00,dlink-615_EXT,40:86:CB:27:D2:0C,-19, WPA2 ,0.000000,0.000000,0.000,0.000,AP
2026-05-15 07:42:22,1900-01-00 00:00:00,,9C:2F:9D:82:20:A3,-19,,0.000000,0.000000,0.000,0.000,Client
2026-05-15 07:42:22,1900-01-00 00:00:00,dlink-615_EXT,40:86:CB:27:D2:0C,-19, WPA2 ,0.000000,0.000000,0.000,0.000,AP
2026-05-15 07:42:22,1900-01-00 00:00:00,,9C:2F:9D:82:20:A3,-19,,0.000000,0.000000,0.000,0.000,Client
2026-05-15 07:42:22,1900-01-00 00:00:00,dlink-615_EXT,40:86:CB:27:D2:0C,-19, WPA2 ,0.000000,0.000000,0.000,0.000,AP
2026-05-15 07:42:22,1900-01-00 00:00:00,,9C:2F:9D:82:20:A3,-19,,0.000000,0.000000,0.000,0.000,Client
2026-05-15 07:42:22,1900-01-00 00:00:00,dlink-615_EXT,40:86:CB:27:D2:0C,-19, WPA2 ,0.000000,0.000000,0.000,0.000,AP
2026-05-15 07:42:22,1900-01-00 00:00:00,,9C:2F:9D:82:20:A3,-19,,0.000000,0.000000,0.000,0.000,Client
2026-05-15 07:42:22,1900-01-00 00:00:00,dlink-615_EXT,40:86:CB:27:D2:0C,-19, WPA2 ,0.000000,0.000000,0.000,0.000,AP
2026-05-15 07:42:22,1900-01-00 00:00:00,,9C:2F:9D:82:20:A3,-19,,0.000000,0.000000,0.000,0.000,Client
2026-05-15 07:42:22,1900-01-00 00:00:00,dlink-615_EXT,40:86:CB:27:D2:0C,-19, WPA2 ,0.000000,0.000000,0.000,0.000,AP
2026-05-15 07:42:22,1900-01-00 00:00:00,,9C:2F:9D:82:20:A3,-19,,0.000000,0.000000,0.000,0.000,Client
2026-05-15 07:42:22,1900-01-00 00:00:00,dlink-615_EXT,40:86:CB:27:D2:0C,-19, WPA2 ,0.000000,0.000000,0.000,0.000,AP
2026-05-15 07:42:22,1900-01-00 00:00:00,,9C:2F:9D:82:20:A3,-19,,0.000000,0.000000,0.000,0.000,Client
2026-05-15 07:42:22,1900-01-00 00:00:00,dlink-615_EXT,40:86:CB:27:D2:0C,-19, WPA2 ,0.000000,0.000000,0.000,0.000,AP
2026-05-15 07:42:22,1900-01-00 00:00:00,,9C:2F:9D:82:20:A3,-19,,0.000000,0.000000,0.000,0.000,Client
2026-05-15 07:42:22,1900-01-00 00:00:00,dlink-615_EXT,40:86:CB:27:D2:0C,-19, WPA2 ,0.000000,0.000000,0.000,0.000,AP
2026-05-15 07:42:22,1900-01-00 00:00:00,,9C:2F:9D:82:20:A3,-19,,0.000000,0.000000,0.000,0.000,Client
2026-05-15 07:42:22,1900-01-00 00:00:00,dlink-615_EXT,40:86:CB:27:D2:0C,-19, WPA2 ,0.000000,0.000000,0.000,0.000,AP
2026-05-15 07:42:22,1900-01-00 00:00:00,,9C:2F:9D:82:20:A3,-19,,0.000000,0.000000,0.000,0.000,Client
2026-05-15 07:42:22,1900-01-00 00:00:00,dlink-615_EXT,40:86:CB:27:D2:0C,-19, WPA2 ,0.000000,0.000000,0.000,0.000,AP
2026-05-15 07:42:22,1900-01-00 00:00:00,,9C:2F:9D:82:20:A3,-19,,0.000000,0.000000,0.000,0.000,Client
2026-05-15 07:42:22,1900-01-00 00:00:00,dlink-615_EXT,40:86:CB:27:D2:0C,-19, WPA2 ,0.000000,0.000000,0.000,0.000,AP
2026-05-15 07:42:22,1900-01-00 00:00:00,,9C:2F:9D:82:20:A3,-19,,0.000000,0.000000,0.000,0.000,Client
2026-05-15 07:42:22,1900-01-00 00:00:00,dlink-615_EXT,40:86:CB:27:D2:0C,-19, WPA2 ,0.000000,0.000000,0.000,0.000,AP
2026-05-15 07:42:22,1900-01-00 00:00:00,,9C:2F:9D:82:20:A3,-19,,0.000000,0.000000,0.000,0.000,Client
2026-05-15 07:42:22,1900-01-00 00:00:00,dlink-615_EXT,40:86:CB:27:D2:0C,-19, WPA2 ,0.000000,0.000000,0.000,0.000,AP
2026-05-15 07:42:22,1900-01-00 00:00:00,,9C:2F:9D:82:20:A3,-19,,0.000000,0.000000,0.000,0.000,Client
2026-05-15 07:42:22,1900-01-00 00:00:00,dlink-615_EXT,40:86:CB:27:D2:0C,-19, WPA2 ,0.000000,0.000000,0.000,0.000,AP
2026-05-15 07:42:22,1900-01-00 00:00:00,,9C:2F:9D:82:20:A3,-19,,0.000000,0.000000,0.000,0.000,Client
2026-05-15 07:42:22,1900-01-00 00:00:00,dlink-615_EXT,40:86:CB:27:D2:0C,-19, WPA2 ,0.000000,0.000000,0.000,0.000,AP
2026-05-15 07:42:22,1900-01-00 00:00:00,,9C:2F:9D:82:20:A3,-19,,0.000000,0.000000,0.000,0.000,Client
2026-05-15 07:42:22,1900-01-00 00:00:00,dlink-615_EXT,40:86:CB:27:D2:0C,-19, WPA2 ,0.000000,0.000000,0.000,0.000,AP
2026-05-15 07:42:22,1900-01-00 00:00:00,,9C:2F:9D:82:20:A3,-19,,0.000000,0.000000,0.000,0.000,Client
2026-05-15 07:42:22,1900-01-00 00:00:00,dlink-615_EXT,40:86:CB:27:D2:0C,-19, WPA2 ,0.000000,0.000000,0.000,0.000,AP
2026-05-15 07:42:22,1900-01-00 00:00:00,,9C:2F:9D:82:20:A3,-19,,0.000000,0.000000,0.000,0.000,Client
2026-05-15 07:42:22,1900-01-00 00:00:00,dlink-615_EXT,40:86:CB:27:D2:0C,-19, WPA2 ,0.000000,0.000000,0.000,0.000,AP
2026-05-15 07:42:22,1900-01-00 00:00:00,,9C:2F:9D:82:20:A3,-19,,0.000000,0.000000,0.000,0.000,Client
2026-05-15 07:42:22,1900-01-00 00:00:00,dlink-615_EXT,40:86:CB:27:D2:0C,-19, WPA2 ,0.000000,0.000000,0.000,0.000,AP
2026-05-15 07:42:22,1900-01-00 00:00:00,,9C:2F:9D:82:20:A3,-19,,0.000000,0.000000,0.000,0.000,Client
2026-05-15 07:42:22,1900-01-00 00:00:00,dlink-615_EXT,40:86:CB:27:D2:0C,-19, WPA2 ,0.000000,0.000000,0.000,0.000,AP
2026-05-15 07:42:22,1900-01-00 00:00:00,,9C:2F:9D:82:20:A3,-19,,0.000000,0.000000,0.000,0.000,Client
2026-05-15 07:42:22,1900-01-00 00:00:00,dlink-615_EXT,40:86:CB:27:D2:0C,-19, WPA2 ,0.000000,0.000000,0.000,0.000,AP
2026-05-15 07:42:22,1900-01-00 00:00:00,,9C:2F:9D:82:20:A3,-19,,0.000000,0.000000,0.000,0.000,Client
2026-05-15 07:42:22,1900-01-00 00:00:00,dlink-615_EXT,40:86:CB:27:D2:0C,-19, WPA2 ,0.000000,0.000000,0.000,0.000,AP
2026-05-15 07:42:22,1900-01-00 00:00:00,,9C:2F:9D:82:20:A3,-19,,0.000000,0.000000,0.000,0.000,Client
2026-05-15 07:42:22,1900-01-00 00:00:00,dlink-615_EXT,40:86:CB:27:D2:0C,-19, WPA2 ,0.000000,0.000000,0.000,0.000,AP
2026-05-15 07:42:22,1900-01-00 00:00:00,,9C:2F:9D:82:20:A3,-19,,0.000000,0.000000,0.000,0.000,Client
2026-05-15 07:42:22,1900-01-00 00:00:00,dlink-615_EXT,40:86:CB:27:D2:0C,-19, WPA2 ,0.000000,0.000000,0.000,0.000,AP
2026-05-15 07:42:22,1900-01-00 00:00:00,,9C:2F:9D:82:20:A3,-19,,0.000000,0.000000,0.000,0.000,Client
2026-05-15 07:42:22,1900-01-00 00:00:00,dlink-615_EXT,40:86:CB:27:D2:0C,-19, WPA2 ,0.000000,0.000000,0.000,0.000,AP
2026-05-15 07:42:22,1900-01-00 00:00:00,,9C:2F:9D:82:20:A3,-19,,0.000000,0.000000,0.000,0.000,Client
2026-05-15 07:42:22,1900-01-00 00:00:00,dlink-615_EXT,40:86:CB:27:D2:0C,-19, WPA2 ,0.000000,0.000000,0.000,0.000,AP
2026-05-15 07:42:22,1900-01-00 00:00:00,,9C:2F:9D:82:20:A3,-19,,0.000000,0.000000,0.000,0.000,Client
2026-05-15 07:42:22,1900-01-00 00:00:00,dlink-615_EXT,40:86:CB:27:D2:0C,-19, WPA2 ,0.000000,0.000000,0.000,0.000,AP
2026-05-15 07:42:22,1900-01-00 00:00:00,,9C:2F:9D:82:20:A3,-19,,0.000000,0.000000,0.000,0.000,Client
2026-05-15 07:42:22,1900-01-00 00:00:00,dlink-615_EXT,40:86:CB:27:D2:0C,-19, WPA2 ,0.000000,0.000000,0.000,0.000,AP
2026-05-15 07:42:22,1900-01-00 00:00:00,,9C:2F:9D:82:20:A3,-19,,0.000000,0.000000,0.000,0.000,Client
2026-05-15 07:42:22,1900-01-00 00:00:00,dlink-615_EXT,40:86:CB:27:D2:0C,-19, WPA2 ,0.000000,0.000000,0.000,0.000,AP
2026-05-15 07:42:22,1900-01-00 00:00:00,,9C:2F:9D:82:20:A3,-19,,0.000000,0.000000,0.000,0.000,Client
2026-05-15 07:42:22,1900-01-00 00:00:00,dlink-615_EXT,40:86:CB:27:D2:0C,-19, WPA2 ,0.000000,0.000000,0.000,0.000,AP
2026-05-15 07:42:22,1900-01-00 00:00:00,,9C:2F:9D:82:20:A3,-19,,0.000000,0.000000,0.000,0.000,Client
2026-05-15 07:42:22,1900-01-00 00:00:00,dlink-615_EXT,40:86:CB:27:D2:0C,-19, WPA2 ,0.000000,0.000000,0.000,0.000,AP
2026-05-15 07:42:22,1900-01-00 00:00:00,,9C:2F:9D:82:20:A3,-19,,0.000000,0.000000,0.000,0.000,Client
2026-05-15 07:42:22,1900-01-00 00:00:00,dlink-615_EXT,40:86:CB:27:D2:0C,-19, WPA2 ,0.000000,0.000000,0.000,0.000,AP
2026-05-15 07:42:22,1900-01-00 00:00:00,,9C:2F:9D:82:20:A3,-19,,0.000000,0.000000,0.000,0.000,Client
2026-05-15 07:42:22,1900-01-00 00:00:00,dlink-615_EXT,40:86:CB:27:D2:0C,-19, WPA2 ,0.000000,0.000000,0.000,0.000,AP
2026-05-15 07:42:22,1900-01-00 00:00:00,,9C:2F:9D:82:20:A3,-19,,0.000000,0.000000,0.000,0.000,Client
2026-05-15 07:42:22,1900-01-00 00:00:00,dlink-615_EXT,40:86:CB:27:D2:0C,-19, WPA2 ,0.000000,0.000000,0.000,0.000,AP
2026-05-15 07:42:22,1900-01-00 00:00:00,,9C:2F:9D:82:20:A3,-19,,0.000000,0.000000,0.000,0.000,Client
2026-05-15 07:42:22,1900-01-00 00:00:00,dlink-615_EXT,40:86:CB:27:D2:0C,-19, WPA2 ,0.000000,0.000000,0.000,0.000,AP
2026-05-15 07:42:22,1900-01-00 00:00:00,,9C:2F:9D:82:20:A3,-19,,0.000000,0.000000,0.000,0.000,Client
2026-05-15 07:42:22,1900-01-00 00:00:00,dlink-615_EXT,40:86:CB:27:D2:0C,-19, WPA2 ,0.000000,0.000000,0.000,0.000,AP
2026-05-15 07:42:22,1900-01-00 00:00:00,,9C:2F:9D:82:20:A3,-19,,0.000000,0.000000,0.000,0.000,Client
2026-05-15 07:42:22,1900-01-00 00:00:00,dlink-615_EXT,40:86:CB:27:D2:0C,-19, WPA2 ,0.000000,0.000000,0.000,0.000,AP
2026-05-15 07:42:22,1900-01-00 00:00:00,,9C:2F:9D:82:20:A3,-19,,0.000000,0.000000,0.000,0.000,Client
2026-05-15 07:42:22,1900-01-00 00:00:00,dlink-615_EXT,40:86:CB:27:D2:0C,-19, WPA2 ,0.000000,0.000000,0.000,0.000,AP
2026-05-15 07:42:22,1900-01-00 00:00:00,,9C:2F:9D:82:20:A3,-19,,0.000000,0.000000,0.000,0.000,Client
2026-05-15 07:42:22,1900-01-00 00:00:00,dlink-615_EXT,40:86:CB:27:D2:0C,-19, WPA2 ,0.000000,0.000000,0.000,0.000,AP
2026-05-15 07:42:22,1900-01-00 00:00:00,,9C:2F:9D:82:20:A3,-19,,0.000000,0.000000,0.000,0.000,Client
2026-05-15 07:42:22,1900-01-00 00:00:00,dlink-615_EXT,40:86:CB:27:D2:0C,-19, WPA2 ,0.000000,0.000000,0.000,0.000,AP
2026-05-15 07:42:22,1900-01-00 00:00:00,,9C:2F:9D:82:20:A3,-19,,0.000000,0.000000,0.000,0.000,Client
2026-05-15 07:42:22,1900-01-00 00:00:00,dlink-615_EXT,40:86:CB:27:D2:0C,-19, WPA2 ,0.000000,0.000000,0.000,0.000,AP
2026-05-15 07:42:22,1900-01-00 00:00:00,,9C:2F:9D:82:20:A3,-19,,0.000000,0.000000,0.000,0.000,Client
2026-05-15 07:42:22,1900-01-00 00:00:00,dlink-615_EXT,40:86:CB:27:D2:0C,-19, WPA2 ,0.000000,0.000000,0.000,0.000,AP
2026-05-15 07:42:22,1900-01-00 00:00:00,,9C:2F:9D:82:20:A3,-19,,0.000000,0.000000,0.000,0.000,Client
2026-05-15 07:42:22,1900-01-00 00:00:00,dlink-615_EXT,40:86:CB:27:D2:0C,-19, WPA2 ,0.000000,0.000000,0.000,0.000,AP
2026-05-15 07:42:22,1900-01-00 00:00:00,,9C:2F:9D:82:20:A3,-19,,0.000000,0.000000,0.000,0.000,Client
2026-05-15 07:42:22,1900-01-00 00:00:00,dlink-615_EXT,40:86:CB:27:D2:0C,-19, WPA2 ,0.000000,0.000000,0.000,0.000,AP
2026-05-15 07:42:22,1900-01-00 00:00:00,,9C:2F:9D:82:20:A3,-19,,0.000000,0.000000,0.000,0.000,Client
2026-05-15 07:42:22,1900-01-00 00:00:00,dlink-615_EXT,40:86:CB:27:D2:0C,-19, WPA2 ,0.000000,0.000000,0.000,0.000,AP
2026-05-15 07:42:22,1900-01-00 00:00:00,,9C:2F:9D:82:20:A3,-19,,0.000000,0.000000,0.000,0.000,Client
2026-05-15 07:42:22,1900-01-00 00:00:00,dlink-615_EXT,40:86:CB:27:D2:0C,-19, WPA2 ,0.000000,0.000000,0.000,0.000,AP
2026-05-15 07:42:22,1900-01-00 00:00:00,,9C:2F:9D:82:20:A3,-19,,0.000000,0.000000,0.000,0.000,Client
2026-05-15 07:42:22,1900-01-00 00:00:00,dlink-615_EXT,40:86:CB:27:D2:0C,-19, WPA2 ,0.000000,0.000000,0.000,0.000,AP
2026-05-15 07:42:22,1900-01-00 00:00:00,,9C:2F:9D:82:20:A3,-19,,0.000000,0.000000,0.000,0.000,Client
2026-05-15 07:42:22,1900-01-00 00:00:00,dlink-615_EXT,40:86:CB:27:D2:0C,-19, WPA2 ,0.000000,0.000000,0.000,0.000,AP
2026-05-15 07:42:22,1900-01-00 00:00:00,,9C:2F:9D:82:20:A3,-19,,0.000000,0.000000,0.000,0.000,Client
2026-05-15 07:42:22,1900-01-00 00:00:00,dlink-615_EXT,40:86:CB:27:D2:0C,-19, WPA2 ,0.000000,0.000000,0.000,0.000,AP
2026-05-15 07:42:22,1900-01-00 00:00:00,,9C:2F:9D:82:20:A3,-19,,0.000000,0.000000,0.000,0.000,Client
2026-05-15 07:42:22,1900-01-00 00:00:00,dlink-615_EXT,40:86:CB:27:D2:0C,-19, WPA2 ,0.000000,0.000000,0.000,0.000,AP
2026-05-15 07:42:22,1900-01-00 00:00:00,,9C:2F:9D:82:20:A3,-19,,0.000000,0.000000,0.000,0.000,Client
2026-05-15 07:42:22,1900-01-00 00:00:00,dlink-615_EXT,40:86:CB:27:D2:0C,-19, WPA2 ,0.000000,0.000000,0.000,0.000,AP
2026-05-15 07:42:22,1900-01-00 00:00:00,,9C:2F:9D:82:20:A3,-19,,0.000000,0.000000,0.000,0.000,Client
2026-05-15 07:42:22,1900-01-00 00:00:00,dlink-615_EXT,40:86:CB:27:D2:0C,-19, WPA2 ,0.000000,0.000000,0.000,0.000,AP
2026-05-15 07:42:22,1900-01-00 00:00:00,,9C:2F:9D:82:20:A3,-19,,0.000000,0.000000,0.000,0.000,Client
2026-05-15 07:42:22,1900-01-00 00:00:00,dlink-615_EXT,40:86:CB:27:D2:0C,-19, WPA2 ,0.000000,0.000000,0.000,0.000,AP
2026-05-15 07:42:22,1900-01-00 00:00:00,,9C:2F:9D:82:20:A3,-19,,0.000000,0.000000,0.000,0.000,Client
2026-05-15 07:42:22,1900-01-00 00:00:00,dlink-615_EXT,40:86:CB:27:D2:0C,-19, WPA2 ,0.000000,0.000000,0.000,0.000,AP
2026-05-15 07:42:22,1900-01-00 00:00:00,,9C:2F:9D:82:20:A3,-19,,0.000000,0.000000,0.000,0.000,Client
2026-05-15 07:42:22,1900-01-00 00:00:00,dlink-615_EXT,40:86:CB:27:D2:0C,-19, WPA2 ,0.000000,0.000000,0.000,0.000,AP
2026-05-15 07:42:22,1900-01-00 00:00:00,,9C:2F:9D:82:20:A3,-19,,0.000000,0.000000,0.000,0.000,Client
2026-05-15 07:42:22,1900-01-00 00:00:00,dlink-615_EXT,40:86:CB:27:D2:0C,-19, WPA2 ,0.000000,0.000000,0.000,0.000,AP
2026-05-15 07:42:22,1900-01-00 00:00:00,,9C:2F:9D:82:20:A3,-19,,0.000000,0.000000,0.000,0.000,Client
2026-05-15 07:42:22,1900-01-00 00:00:00,dlink-615_EXT,40:86:CB:27:D2:0C,-19, WPA2 ,0.000000,0.000000,0.000,0.000,AP
2026-05-15 07:42:22,1900-01-00 00:00:00,,9C:2F:9D:82:20:A3,-19,,0.000000,0.000000,0.000,0.000,Client
2026-05-15 07:42:22,1900-01-00 00:00:00,dlink-615_EXT,40:86:CB:27:D2:0C,-19, WPA2 ,0.000000,0.000000,0.000,0.000,AP
2026-05-15 07:42:22,1900-01-00 00:00:00,,9C:2F:9D:82:20:A3,-19,,0.000000,0.000000,0.000,0.000,Client
2026-05-15 07:42:22,1900-01-00 00:00:00,dlink-615_EXT,40:86:CB:27:D2:0C,-19, WPA2 ,0.000000,0.000000,0.000,0.000,AP
2026-05-15 07:42:22,1900-01-00 00:00:00,,9C:2F:9D:82:20:A3,-19,,0.000000,0.000000,0.000,0.000,Client
2026-05-15 07:42:22,1900-01-00 00:00:00,dlink-615_EXT,40:86:CB:27:D2:0C,-19, WPA2 ,0.000000,0.000000,0.000,0.000,AP
2026-05-15 07:42:22,1900-01-00 00:00:00,,9C:2F:9D:82:20:A3,-19,,0.000000,0.000000,0.000,0.000,Client
2026-05-15 07:42:22,1900-01-00 00:00:00,dlink-615_EXT,40:86:CB:27:D2:0C,-19, WPA2 ,0.000000,0.000000,0.000,0.000,AP
2026-05-15 07:42:22,1900-01-00 00:00:00,,9C:2F:9D:82:20:A3,-19,,0.000000,0.000000,0.000,0.000,Client
2026-05-15 07:42:22,1900-01-00 00:00:00,dlink-615_EXT,40:86:CB:27:D2:0C,-19, WPA2 ,0.000000,0.000000,0.000,0.000,AP
2026-05-15 07:42:22,1900-01-00 00:00:00,,9C:2F:9D:82:20:A3,-19,,0.000000,0.000000,0.000,0.000,Client
2026-05-15 07:42:22,1900-01-00 00:00:00,dlink-615_EXT,40:86:CB:27:D2:0C,-19, WPA2 ,0.000000,0.000000,0.000,0.000,AP
2026-05-15 07:42:22,1900-01-00 00:00:00,,9C:2F:9D:82:20:A3,-19,,0.000000,0.000000,0.000,0.000,Client
2026-05-15 07:42:22,1900-01-00 00:00:00,dlink-615_EXT,40:86:CB:27:D2:0C,-19, WPA2 ,0.000000,0.000000,0.000,0.000,AP
2026-05-15 07:42:22,1900-01-00 00:00:00,,9C:2F:9D:82:20:A3,-19,,0.000000,0.000000,0.000,0.000,Client
2026-05-15 07:42:22,1900-01-00 00:00:00,dlink-615_EXT,40:86:CB:27:D2:0C,-19, WPA2 ,0.000000,0.000000,0.000,0.000,AP
2026-05-15 07:42:22,1900-01-00 00:00:00,,9C:2F:9D:82:20:A3,-19,,0.000000,0.000000,0.000,0.000,Client
2026-05-15 07:42:22,1900-01-00 00:00:00,dlink-615_EXT,40:86:CB:27:D2:0C,-19, WPA2 ,0.000000,0.000000,0.000,0.000,AP
2026-05-15 07:42:22,1900-01-00 00:00:00,,9C:2F:9D:82:20:A3,-19,,0.000000,0.000000,0.000,0.000,Client
2026-05-15 07:42:22,1900-01-00 00:00:00,dlink-615_EXT,40:86:CB:27:D2:0C,-19, WPA2 ,0.000000,0.000000,0.000,0.000,AP
2026-05-15 07:42:22,1900-01-00 00:00:00,,9C:2F:9D:82:20:A3,-19,,0.000000,0.000000,0.000,0.000,Client
2026-05-15 07:42:23,1900-01-00 00:00:00,dlink-615_EXT,40:86:CB:27:D2:0C,-19, WPA2 ,0.000000,0.000000,0.000,0.000,AP
2026-05-15 07:42:23,1900-01-00 00:00:00,,9C:2F:9D:82:20:A3,-19,,0.000000,0.000000,0.000,0.000,Client
2026-05-15 07:42:23,1900-01-00 00:00:00,dlink-615_EXT,40:86:CB:27:D2:0C,-19, WPA2 ,0.000000,0.000000,0.000,0.000,AP
2026-05-15 07:42:23,1900-01-00 00:00:00,,9C:2F:9D:82:20:A3,-19,,0.000000,0.000000,0.000,0.000,Client
2026-05-15 07:42:23,1900-01-00 00:00:00,dlink-615_EXT,40:86:CB:27:D2:0C,-19, WPA2 ,0.000000,0.000000,0.000,0.000,AP
2026-05-15 07:42:23,1900-01-00 00:00:00,,9C:2F:9D:82:20:A3,-19,,0.000000,0.000000,0.000,0.000,Client
2026-05-15 07:42:23,1900-01-00 00:00:00,dlink-615_EXT,40:86:CB:27:D2:0C,-19, WPA2 ,0.000000,0.000000,0.000,0.000,AP
2026-05-15 07:42:23,1900-01-00 00:00:00,,9C:2F:9D:82:20:A3,-19,,0.000000,0.000000,0.000,0.000,Client
2026-05-15 07:42:23,1900-01-00 00:00:00,dlink-615_EXT,40:86:CB:27:D2:0C,-19, WPA2 ,0.000000,0.000000,0.000,0.000,AP
2026-05-15 07:42:23,1900-01-00 00:00:00,,9C:2F:9D:82:20:A3,-19,,0.000000,0.000000,0.000,0.000,Client
2026-05-15 07:42:23,1900-01-00 00:00:00,dlink-615_EXT,40:86:CB:27:D2:0C,-19, WPA2 ,0.000000,0.000000,0.000,0.000,AP
2026-05-15 07:42:23,1900-01-00 00:00:00,,9C:2F:9D:82:20:A3,-19,,0.000000,0.000000,0.000,0.000,Client
2026-05-15 07:42:23,1900-01-00 00:00:00,dlink-615_EXT,40:86:CB:27:D2:0C,-19, WPA2 ,0.000000,0.000000,0.000,0.000,AP
2026-05-15 07:42:23,1900-01-00 00:00:00,,9C:2F:9D:82:20:A3,-19,,0.000000,0.000000,0.000,0.000,Client
2026-05-15 07:42:23,1900-01-00 00:00:00,dlink-615_EXT,40:86:CB:27:D2:0C,-19, WPA2 ,0.000000,0.000000,0.000,0.000,AP
2026-05-15 07:42:23,1900-01-00 00:00:00,,9C:2F:9D:82:20:A3,-19,,0.000000,0.000000,0.000,0.000,Client
2026-05-15 07:42:23,1900-01-00 00:00:00,dlink-615_EXT,40:86:CB:27:D2:0C,-19, WPA2 ,0.000000,0.000000,0.000,0.000,AP
2026-05-15 07:42:23,1900-01-00 00:00:00,,9C:2F:9D:82:20:A3,-19,,0.000000,0.000000,0.000,0.000,Client
2026-05-15 07:42:23,1900-01-00 00:00:00,dlink-615_EXT,40:86:CB:27:D2:0C,-19, WPA2 ,0.000000,0.000000,0.000,0.000,AP
2026-05-15 07:42:23,1900-01-00 00:00:00,,9C:2F:9D:82:20:A3,-19,,0.000000,0.000000,0.000,0.000,Client
2026-05-15 07:42:23,1900-01-00 00:00:00,dlink-615_EXT,40:86:CB:27:D2:0C,-19, WPA2 ,0.000000,0.000000,0.000,0.000,AP
2026-05-15 07:42:23,1900-01-00 00:00:00,,9C:2F:9D:82:20:A3,-19,,0.000000,0.000000,0.000,0.000,Client
2026-05-15 07:42:23,1900-01-00 00:00:00,dlink-615_EXT,40:86:CB:27:D2:0C,-19, WPA2 ,0.000000,0.000000,0.000,0.000,AP
2026-05-15 07:42:23,1900-01-00 00:00:00,,9C:2F:9D:82:20:A3,-19,,0.000000,0.000000,0.000,0.000,Client
2026-05-15 07:42:23,1900-01-00 00:00:00,dlink-615_EXT,40:86:CB:27:D2:0C,-19, WPA2 ,0.000000,0.000000,0.000,0.000,AP
2026-05-15 07:42:23,1900-01-00 00:00:00,,9C:2F:9D:82:20:A3,-19,,0.000000,0.000000,0.000,0.000,Client
2026-05-15 07:42:23,1900-01-00 00:00:00,dlink-615_EXT,40:86:CB:27:D2:0C,-19, WPA2 ,0.000000,0.000000,0.000,0.000,AP
2026-05-15 07:42:23,1900-01-00 00:00:00,,9C:2F:9D:82:20:A3,-19,,0.000000,0.000000,0.000,0.000,Client
2026-05-15 07:42:23,1900-01-00 00:00:00,dlink-615_EXT,40:86:CB:27:D2:0C,-19, WPA2 ,0.000000,0.000000,0.000,0.000,AP
2026-05-15 07:42:23,1900-01-00 00:00:00,,9C:2F:9D:82:20:A3,-19,,0.000000,0.000000,0.000,0.000,Client
2026-05-15 07:42:23,1900-01-00 00:00:00,dlink-615_EXT,40:86:CB:27:D2:0C,-19, WPA2 ,0.000000,0.000000,0.000,0.000,AP
2026-05-15 07:42:23,1900-01-00 00:00:00,,9C:2F:9D:82:20:A3,-19,,0.000000,0.000000,0.000,0.000,Client
2026-05-15 07:42:23,1900-01-00 00:00:00,dlink-615_EXT,40:86:CB:27:D2:0C,-19, WPA2 ,0.000000,0.000000,0.000,0.000,AP
2026-05-15 07:42:23,1900-01-00 00:00:00,,9C:2F:9D:82:20:A3,-19,,0.000000,0.000000,0.000,0.000,Client
2026-05-15 07:42:23,1900-01-00 00:00:00,dlink-615_EXT,40:86:CB:27:D2:0C,-19, WPA2 ,0.000000,0.000000,0.000,0.000,AP
2026-05-15 07:42:23,1900-01-00 00:00:00,,9C:2F:9D:82:20:A3,-19,,0.000000,0.000000,0.000,0.000,Client
2026-05-15 07:42:23,1900-01-00 00:00:00,dlink-615_EXT,40:86:CB:27:D2:0C,-19, WPA2 ,0.000000,0.000000,0.000,0.000,AP
2026-05-15 07:42:23,1900-01-00 00:00:00,,9C:2F:9D:82:20:A3,-19,,0.000000,0.000000,0.000,0.000,Client
2026-05-15 07:42:23,1900-01-00 00:00:00,dlink-615_EXT,40:86:CB:27:D2:0C,-19, WPA2 ,0.000000,0.000000,0.000,0.000,AP
2026-05-15 07:42:23,1900-01-00 00:00:00,,9C:2F:9D:82:20:A3,-19,,0.000000,0.000000,0.000,0.000,Client
2026-05-15 07:42:23,1900-01-00 00:00:00,dlink-615_EXT,40:86:CB:27:D2:0C,-19, WPA2 ,0.000000,0.000000,0.000,0.000,AP
2026-05-15 07:42:23,1900-01-00 00:00:00,,9C:2F:9D:82:20:A3,-19,,0.000000,0.000000,0.000,0.000,Client
2026-05-15 07:42:23,1900-01-00 00:00:00,dlink-615_EXT,40:86:CB:27:D2:0C,-19, WPA2 ,0.000000,0.000000,0.000,0.000,AP
2026-05-15 07:42:23,1900-01-00 00:00:00,,9C:2F:9D:82:20:A3,-19,,0.000000,0.000000,0.000,0.000,Client
2026-05-15 07:42:23,1900-01-00 00:00:00,dlink-615_EXT,40:86:CB:27:D2:0C,-19, WPA2 ,0.000000,0.000000,0.000,0.000,AP
2026-05-15 07:42:23,1900-01-00 00:00:00,,9C:2F:9D:82:20:A3,-19,,0.000000,0.000000,0.000,0.000,Client
2026-05-15 07:42:23,1900-01-00 00:00:00,dlink-615_EXT,40:86:CB:27:D2:0C,-19, WPA2 ,0.000000,0.000000,0.000,0.000,AP
2026-05-15 07:42:23,1900-01-00 00:00:00,,9C:2F:9D:82:20:A3,-19,,0.000000,0.000000,0.000,0.000,Client
2026-05-15 07:42:23,1900-01-00 00:00:00,dlink-615_EXT,40:86:CB:27:D2:0C,-19, WPA2 ,0.000000,0.000000,0.000,0.000,AP
2026-05-15 07:42:23,1900-01-00 00:00:00,,9C:2F:9D:82:20:A3,-19,,0.000000,0.000000,0.000,0.000,Client
2026-05-15 07:42:23,1900-01-00 00:00:00,dlink-615_EXT,40:86:CB:27:D2:0C,-19, WPA2 ,0.000000,0.000000,0.000,0.000,AP
2026-05-15 07:42:23,1900-01-00 00:00:00,,9C:2F:9D:82:20:A3,-19,,0.000000,0.000000,0.000,0.000,Client
2026-05-15 07:42:23,1900-01-00 00:00:00,dlink-615_EXT,40:86:CB:27:D2:0C,-19, WPA2 ,0.000000,0.000000,0.000,0.000,AP
2026-05-15 07:42:23,1900-01-00 00:00:00,,9C:2F:9D:82:20:A3,-19,,0.000000,0.000000,0.000,0.000,Client
2026-05-15 07:42:23,1900-01-00 00:00:00,dlink-615_EXT,40:86:CB:27:D2:0C,-19, WPA2 ,0.000000,0.000000,0.000,0.000,AP
2026-05-15 07:42:23,1900-01-00 00:00:00,,9C:2F:9D:82:20:A3,-19,,0.000000,0.000000,0.000,0.000,Client
2026-05-15 07:42:23,1900-01-00 00:00:00,dlink-615_EXT,40:86:CB:27:D2:0C,-19, WPA2 ,0.000000,0.000000,0.000,0.000,AP
2026-05-15 07:42:23,1900-01-00 00:00:00,,9C:2F:9D:82:20:A3,-19,,0.000000,0.000000,0.000,0.000,Client
2026-05-15 07:42:23,1900-01-00 00:00:00,dlink-615_EXT,40:86:CB:27:D2:0C,-19, WPA2 ,0.000000,0.000000,0.000,0.000,AP
2026-05-15 07:42:23,1900-01-00 00:00:00,,9C:2F:9D:82:20:A3,-19,,0.000000,0.000000,0.000,0.000,Client
2026-05-15 07:42:23,1900-01-00 00:00:00,dlink-615_EXT,40:86:CB:27:D2:0C,-19, WPA2 ,0.000000,0.000000,0.000,0.000,AP
2026-05-15 07:42:23,1900-01-00 00:00:00,,9C:2F:9D:82:20:A3,-19,,0.000000,0.000000,0.000,0.000,Client
2026-05-15 07:42:23,1900-01-00 00:00:00,dlink-615_EXT,40:86:CB:27:D2:0C,-19, WPA2 ,0.000000,0.000000,0.000,0.000,AP
2026-05-15 07:42:23,1900-01-00 00:00:00,,9C:2F:9D:82:20:A3,-19,,0.000000,0.000000,0.000,0.000,Client
2026-05-15 07:42:23,1900-01-00 00:00:00,dlink-615_EXT,40:86:CB:27:D2:0C,-19, WPA2 ,0.000000,0.000000,0.000,0.000,AP
2026-05-15 07:42:23,1900-01-00 00:00:00,,9C:2F:9D:82:20:A3,-19,,0.000000,0.000000,0.000,0.000,Client
2026-05-15 07:42:23,1900-01-00 00:00:00,dlink-615_EXT,40:86:CB:27:D2:0C,-19, WPA2 ,0.000000,0.000000,0.000,0.000,AP
2026-05-15 07:42:23,1900-01-00 00:00:00,,9C:2F:9D:82:20:A3,-19,,0.000000,0.000000,0.000,0.000,Client
2026-05-15 07:42:23,1900-01-00 00:00:00,dlink-615_EXT,40:86:CB:27:D2:0C,-19, WPA2 ,0.000000,0.000000,0.000,0.000,AP
2026-05-15 07:42:23,1900-01-00 00:00:00,,9C:2F:9D:82:20:A3,-19,,0.000000,0.000000,0.000,0.000,Client
2026-05-15 07:42:23,1900-01-00 00:00:00,dlink-615_EXT,40:86:CB:27:D2:0C,-19, WPA2 ,0.000000,0.000000,0.000,0.000,AP
2026-05-15 07:42:23,1900-01-00 00:00:00,,9C:2F:9D:82:20:A3,-19,,0.000000,0.000000,0.000,0.000,Client
2026-05-15 07:42:23,1900-01-00 00:00:00,dlink-615_EXT,40:86:CB:27:D2:0C,-19, WPA2 ,0.000000,0.000000,0.000,0.000,AP
2026-05-15 07:42:23,1900-01-00 00:00:00,,9C:2F:9D:82:20:A3,-19,,0.000000,0.000000,0.000,0.000,Client
2026-05-15 07:42:23,1900-01-00 00:00:00,dlink-615_EXT,40:86:CB:27:D2:0C,-19, WPA2 ,0.000000,0.000000,0.000,0.000,AP
2026-05-15 07:42:23,1900-01-00 00:00:00,,9C:2F:9D:82:20:A3,-19,,0.000000,0.000000,0.000,0.000,Client
2026-05-15 07:42:23,1900-01-00 00:00:00,dlink-615_EXT,40:86:CB:27:D2:0C,-19, WPA2 ,0.000000,0.000000,0.000,0.000,AP
2026-05-15 07:42:23,1900-01-00 00:00:00,,9C:2F:9D:82:20:A3,-19,,0.000000,0.000000,0.000,0.000,Client
2026-05-15 07:42:23,1900-01-00 00:00:00,dlink-615_EXT,40:86:CB:27:D2:0C,-19, WPA2 ,0.000000,0.000000,0.000,0.000,AP
2026-05-15 07:42:23,1900-01-00 00:00:00,,9C:2F:9D:82:20:A3,-19,,0.000000,0.000000,0.000,0.000,Client
2026-05-15 07:42:23,1900-01-00 00:00:00,dlink-615_EXT,40:86:CB:27:D2:0C,-19, WPA2 ,0.000000,0.000000,0.000,0.000,AP
2026-05-15 07:42:23,1900-01-00 00:00:00,,9C:2F:9D:82:20:A3,-19,,0.000000,0.000000,0.000,0.000,Client
2026-05-15 07:42:23,1900-01-00 00:00:00,dlink-615_EXT,40:86:CB:27:D2:0C,-19, WPA2 ,0.000000,0.000000,0.000,0.000,AP
2026-05-15 07:42:23,1900-01-00 00:00:00,,9C:2F:9D:82:20:A3,-19,,0.000000,0.000000,0.000,0.000,Client
2026-05-15 07:42:23,1900-01-00 00:00:00,dlink-615_EXT,40:86:CB:27:D2:0C,-19, WPA2 ,0.000000,0.000000,0.000,0.000,AP
2026-05-15 07:42:23,1900-01-00 00:00:00,,9C:2F:9D:82:20:A3,-19,,0.000000,0.000000,0.000,0.000,Client
2026-05-15 07:42:23,1900-01-00 00:00:00,dlink-615_EXT,40:86:CB:27:D2:0C,-19, WPA2 ,0.000000,0.000000,0.000,0.000,AP
2026-05-15 07:42:23,1900-01-00 00:00:00,,9C:2F:9D:82:20:A3,-19,,0.000000,0.000000,0.000,0.000,Client
2026-05-15 07:42:23,1900-01-00 00:00:00,dlink-615_EXT,40:86:CB:27:D2:0C,-19, WPA2 ,0.000000,0.000000,0.000,0.000,AP
2026-05-15 07:42:23,1900-01-00 00:00:00,,9C:2F:9D:82:20:A3,-19,,0.000000,0.000000,0.000,0.000,Client
2026-05-15 07:42:23,1900-01-00 00:00:00,dlink-615_EXT,40:86:CB:27:D2:0C,-19, WPA2 ,0.000000,0.000000,0.000,0.000,AP
2026-05-15 07:42:23,1900-01-00 00:00:00,,9C:2F:9D:82:20:A3,-19,,0.000000,0.000000,0.000,0.000,Client
2026-05-15 07:42:23,1900-01-00 00:00:00,dlink-615_EXT,40:86:CB:27:D2:0C,-19, WPA2 ,0.000000,0.000000,0.000,0.000,AP
2026-05-15 07:42:23,1900-01-00 00:00:00,,9C:2F:9D:82:20:A3,-19,,0.000000,0.000000,0.000,0.000,Client
2026-05-15 07:42:23,1900-01-00 00:00:00,dlink-615_EXT,40:86:CB:27:D2:0C,-19, WPA2 ,0.000000,0.000000,0.000,0.000,AP
2026-05-15 07:42:23,1900-01-00 00:00:00,,9C:2F:9D:82:20:A3,-19,,0.000000,0.000000,0.000,0.000,Client
2026-05-15 07:42:23,1900-01-00 00:00:00,dlink-615_EXT,40:86:CB:27:D2:0C,-19, WPA2 ,0.000000,0.000000,0.000,0.000,AP
2026-05-15 07:42:23,1900-01-00 00:00:00,,9C:2F:9D:82:20:A3,-19,,0.000000,0.000000,0.000,0.000,Client
2026-05-15 07:42:23,1900-01-00 00:00:00,dlink-615_EXT,40:86:CB:27:D2:0C,-19, WPA2 ,0.000000,0.000000,0.000,0.000,AP
2026-05-15 07:42:23,1900-01-00 00:00:00,,9C:2F:9D:82:20:A3,-19,,0.000000,0.000000,0.000,0.000,Client
2026-05-15 07:42:23,1900-01-00 00:00:00,dlink-615_EXT,40:86:CB:27:D2:0C,-19, WPA2 ,0.000000,0.000000,0.000,0.000,AP
2026-05-15 07:42:23,1900-01-00 00:00:00,,9C:2F:9D:82:20:A3,-19,,0.000000,0.000000,0.000,0.000,Client
2026-05-15 07:42:23,1900-01-00 00:00:00,dlink-615_EXT,40:86:CB:27:D2:0C,-19, WPA2 ,0.000000,0.000000,0.000,0.000,AP
2026-05-15 07:42:23,1900-01-00 00:00:00,,9C:2F:9D:82:20:A3,-19,,0.000000,0.000000,0.000,0.000,Client
2026-05-15 07:42:23,1900-01-00 00:00:00,dlink-615_EXT,40:86:CB:27:D2:0C,-19, WPA2 ,0.000000,0.000000,0.000,0.000,AP
2026-05-15 07:42:23,1900-01-00 00:00:00,,9C:2F:9D:82:20:A3,-19,,0.000000,0.000000,0.000,0.000,Client
2026-05-15 07:42:23,1900-01-00 00:00:00,dlink-615_EXT,40:86:CB:27:D2:0C,-19, WPA2 ,0.000000,0.000000,0.000,0.000,AP
2026-05-15 07:42:23,1900-01-00 00:00:00,,9C:2F:9D:82:20:A3,-19,,0.000000,0.000000,0.000,0.000,Client
2026-05-15 07:42:23,1900-01-00 00:00:00,dlink-615_EXT,40:86:CB:27:D2:0C,-19, WPA2 ,0.000000,0.000000,0.000,0.000,AP
2026-05-15 07:42:23,1900-01-00 00:00:00,,9C:2F:9D:82:20:A3,-19,,0.000000,0.000000,0.000,0.000,Client
2026-05-15 07:42:23,1900-01-00 00:00:00,dlink-615_EXT,40:86:CB:27:D2:0C,-19, WPA2 ,0.000000,0.000000,0.000,0.000,AP
2026-05-15 07:42:23,1900-01-00 00:00:00,,9C:2F:9D:82:20:A3,-19,,0.000000,0.000000,0.000,0.000,Client
2026-05-15 07:42:23,1900-01-00 00:00:00,dlink-615_EXT,40:86:CB:27:D2:0C,-19, WPA2 ,0.000000,0.000000,0.000,0.000,AP
2026-05-15 07:42:23,1900-01-00 00:00:00,,9C:2F:9D:82:20:A3,-19,,0.000000,0.000000,0.000,0.000,Client
2026-05-15 07:42:23,1900-01-00 00:00:00,dlink-615_EXT,40:86:CB:27:D2:0C,-19, WPA2 ,0.000000,0.000000,0.000,0.000,AP
2026-05-15 07:42:23,1900-01-00 00:00:00,,9C:2F:9D:82:20:A3,-19,,0.000000,0.000000,0.000,0.000,Client
2026-05-15 07:42:23,1900-01-00 00:00:00,dlink-615_EXT,40:86:CB:27:D2:0C,-19, WPA2 ,0.000000,0.000000,0.000,0.000,AP
2026-05-15 07:42:23,1900-01-00 00:00:00,,9C:2F:9D:82:20:A3,-19,,0.000000,0.000000,0.000,0.000,Client
2026-05-15 07:42:23,1900-01-00 00:00:00,dlink-615_EXT,40:86:CB:27:D2:0C,-19, WPA2 ,0.000000,0.000000,0.000,0.000,AP
2026-05-15 07:42:23,1900-01-00 00:00:00,,9C:2F:9D:82:20:A3,-19,,0.000000,0.000000,0.000,0.000,Client
2026-05-15 07:42:23,1900-01-00 00:00:00,dlink-615_EXT,40:86:CB:27:D2:0C,-19, WPA2 ,0.000000,0.000000,0.000,0.000,AP
2026-05-15 07:42:23,1900-01-00 00:00:00,,9C:2F:9D:82:20:A3,-19,,0.000000,0.000000,0.000,0.000,Client
2026-05-15 07:42:23,1900-01-00 00:00:00,dlink-615_EXT,40:86:CB:27:D2:0C,-19, WPA2 ,0.000000,0.000000,0.000,0.000,AP
2026-05-15 07:42:23,1900-01-00 00:00:00,,9C:2F:9D:82:20:A3,-19,,0.000000,0.000000,0.000,0.000,Client
2026-05-15 07:42:23,1900-01-00 00:00:00,dlink-615_EXT,40:86:CB:27:D2:0C,-19, WPA2 ,0.000000,0.000000,0.000,0.000,AP
2026-05-15 07:42:23,1900-01-00 00:00:00,,9C:2F:9D:82:20:A3,-19,,0.000000,0.000000,0.000,0.000,Client
2026-05-15 07:42:23,1900-01-00 00:00:00,dlink-615_EXT,40:86:CB:27:D2:0C,-19, WPA2 ,0.000000,0.000000,0.000,0.000,AP
2026-05-15 07:42:23,1900-01-00 00:00:00,,9C:2F:9D:82:20:A3,-19,,0.000000,0.000000,0.000,0.000,Client
2026-05-15 07:42:23,1900-01-00 00:00:00,dlink-615_EXT,40:86:CB:27:D2:0C,-19, WPA2 ,0.000000,0.000000,0.000,0.000,AP
2026-05-15 07:42:23,1900-01-00 00:00:00,,9C:2F:9D:82:20:A3,-19,,0.000000,0.000000,0.000,0.000,Client
2026-05-15 07:42:23,1900-01-00 00:00:00,dlink-615_EXT,40:86:CB:27:D2:0C,-19, WPA2 ,0.000000,0.000000,0.000,0.000,AP
2026-05-15 07:42:23,1900-01-00 00:00:00,,9C:2F:9D:82:20:A3,-19,,0.000000,0.000000,0.000,0.000,Client
2026-05-15 07:42:23,1900-01-00 00:00:00,dlink-615_EXT,40:86:CB:27:D2:0C,-19, WPA2 ,0.000000,0.000000,0.000,0.000,AP
2026-05-15 07:42:23,1900-01-00 00:00:00,,9C:2F:9D:82:20:A3,-19,,0.000000,0.000000,0.000,0.000,Client
2026-05-15 07:42:23,1900-01-00 00:00:00,dlink-615_EXT,40:86:CB:27:D2:0C,-19, WPA2 ,0.000000,0.000000,0.000,0.000,AP
2026-05-15 07:42:23,1900-01-00 00:00:00,,9C:2F:9D:82:20:A3,-19,,0.000000,0.000000,0.000,0.000,Client
2026-05-15 07:42:23,1900-01-00 00:00:00,dlink-615_EXT,40:86:CB:27:D2:0C,-19, WPA2 ,0.000000,0.000000,0.000,0.000,AP
2026-05-15 07:42:23,1900-01-00 00:00:00,,9C:2F:9D:82:20:A3,-19,,0.000000,0.000000,0.000,0.000,Client
2026-05-15 07:42:23,1900-01-00 00:00:00,dlink-615_EXT,40:86:CB:27:D2:0C,-19, WPA2 ,0.000000,0.000000,0.000,0.000,AP
2026-05-15 07:42:23,1900-01-00 00:00:00,,9C:2F:9D:82:20:A3,-19,,0.000000,0.000000,0.000,0.000,Client
2026-05-15 07:42:23,1900-01-00 00:00:00,dlink-615_EXT,40:86:CB:27:D2:0C,-19, WPA2 ,0.000000,0.000000,0.000,0.000,AP
2026-05-15 07:42:23,1900-01-00 00:00:00,,9C:2F:9D:82:20:A3,-19,,0.000000,0.000000,0.000,0.000,Client
2026-05-15 07:42:23,1900-01-00 00:00:00,dlink-615_EXT,40:86:CB:27:D2:0C,-19, WPA2 ,0.000000,0.000000,0.000,0.000,AP
2026-05-15 07:42:23,1900-01-00 00:00:00,,9C:2F:9D:82:20:A3,-19,,0.000000,0.000000,0.000,0.000,Client
2026-05-15 07:42:23,1900-01-00 00:00:00,dlink-615_EXT,40:86:CB:27:D2:0C,-19, WPA2 ,0.000000,0.000000,0.000,0.000,AP
2026-05-15 07:42:23,1900-01-00 00:00:00,,9C:2F:9D:82:20:A3,-19,,0.000000,0.000000,0.000,0.000,Client
2026-05-15 07:42:23,1900-01-00 00:00:00,dlink-615_EXT,40:86:CB:27:D2:0C,-19, WPA2 ,0.000000,0.000000,0.000,0.000,AP
2026-05-15 07:42:23,1900-01-00 00:00:00,,9C:2F:9D:82:20:A3,-19,,0.000000,0.000000,0.000,0.000,Client
2026-05-15 07:42:23,1900-01-00 00:00:00,dlink-615_EXT,40:86:CB:27:D2:0C,-19, WPA2 ,0.000000,0.000000,0.000,0.000,AP
2026-05-15 07:42:23,1900-01-00 00:00:00,,9C:2F:9D:82:20:A3,-19,,0.000000,0.000000,0.000,0.000,Client
2026-05-15 07:42:23,1900-01-00 00:00:00,dlink-615_EXT,40:86:CB:27:D2:0C,-19, WPA2 ,0.000000,0.000000,0.000,0.000,AP
2026-05-15 07:42:23,1900-01-00 00:00:00,,9C:2F:9D:82:20:A3,-19,,0.000000,0.000000,0.000,0.000,Client
2026-05-15 07:42:23,1900-01-00 00:00:00,dlink-615_EXT,40:86:CB:27:D2:0C,-19, WPA2 ,0.000000,0.000000,0.000,0.000,AP
2026-05-15 07:42:23,1900-01-00 00:00:00,,9C:2F:9D:82:20:A3,-19,,0.000000,0.000000,0.000,0.000,Client
2026-05-15 07:42:23,1900-01-00 00:00:00,dlink-615_EXT,40:86:CB:27:D2:0C,-19, WPA2 ,0.000000,0.000000,0.000,0.000,AP
2026-05-15 07:42:23,1900-01-00 00:00:00,,9C:2F:9D:82:20:A3,-19,,0.000000,0.000000,0.000,0.000,Client
2026-05-15 07:42:23,1900-01-00 00:00:00,dlink-615_EXT,40:86:CB:27:D2:0C,-19, WPA2 ,0.000000,0.000000,0.000,0.000,AP
2026-05-15 07:42:23,1900-01-00 00:00:00,,9C:2F:9D:82:20:A3,-19,,0.000000,0.000000,0.000,0.000,Client
2026-05-15 07:42:23,1900-01-00 00:00:00,dlink-615_EXT,40:86:CB:27:D2:0C,-19, WPA2 ,0.000000,0.000000,0.000,0.000,AP
2026-05-15 07:42:23,1900-01-00 00:00:00,,9C:2F:9D:82:20:A3,-19,,0.000000,0.000000,0.000,0.000,Client
2026-05-15 07:42:23,1900-01-00 00:00:00,dlink-615_EXT,40:86:CB:27:D2:0C,-19, WPA2 ,0.000000,0.000000,0.000,0.000,AP
2026-05-15 07:42:23,1900-01-00 00:00:00,,9C:2F:9D:82:20:A3,-19,,0.000000,0.000000,0.000,0.000,Client
2026-05-15 07:42:23,1900-01-00 00:00:00,dlink-615_EXT,40:86:CB:27:D2:0C,-19, WPA2 ,0.000000,0.000000,0.000,0.000,AP
2026-05-15 07:42:23,1900-01-00 00:00:00,,9C:2F:9D:82:20:A3,-19,,0.000000,0.000000,0.000,0.000,Client
2026-05-15 07:42:23,1900-01-00 00:00:00,dlink-615_EXT,40:86:CB:27:D2:0C,-19, WPA2 ,0.000000,0.000000,0.000,0.000,AP
2026-05-15 07:42:23,1900-01-00 00:00:00,,9C:2F:9D:82:20:A3,-19,,0.000000,0.000000,0.000,0.000,Client
2026-05-15 07:42:23,1900-01-00 00:00:00,dlink-615_EXT,40:86:CB:27:D2:0C,-19, WPA2 ,0.000000,0.000000,0.000,0.000,AP
2026-05-15 07:42:23,1900-01-00 00:00:00,,9C:2F:9D:82:20:A3,-19,,0.000000,0.000000,0.000,0.000,Client
2026-05-15 07:42:23,1900-01-00 00:00:00,dlink-615_EXT,40:86:CB:27:D2:0C,-19, WPA2 ,0.000000,0.000000,0.000,0.000,AP
2026-05-15 07:42:23,1900-01-00 00:00:00,,9C:2F:9D:82:20:A3,-19,,0.000000,0.000000,0.000,0.000,Client
2026-05-15 07:42:23,1900-01-00 00:00:00,dlink-615_EXT,40:86:CB:27:D2:0C,-19, WPA2 ,0.000000,0.000000,0.000,0.000,AP
2026-05-15 07:42:23,1900-01-00 00:00:00,,9C:2F:9D:82:20:A3,-19,,0.000000,0.000000,0.000,0.000,Client
2026-05-15 07:42:23,1900-01-00 00:00:00,dlink-615_EXT,40:86:CB:27:D2:0C,-19, WPA2 ,0.000000,0.000000,0.000,0.000,AP
2026-05-15 07:42:23,1900-01-00 00:00:00,,9C:2F:9D:82:20:A3,-19,,0.000000,0.000000,0.000,0.000,Client
2026-05-15 07:42:23,1900-01-00 00:00:00,dlink-615_EXT,40:86:CB:27:D2:0C,-19, WPA2 ,0.000000,0.000000,0.000,0.000,AP
2026-05-15 07:42:23,1900-01-00 00:00:00,,9C:2F:9D:82:20:A3,-19,,0.000000,0.000000,0.000,0.000,Client
2026-05-15 07:42:23,1900-01-00 00:00:00,dlink-615_EXT,40:86:CB:27:D2:0C,-19, WPA2 ,0.000000,0.000000,0.000,0.000,AP
2026-05-15 07:42:23,1900-01-00 00:00:00,,9C:2F:9D:82:20:A3,-19,,0.000000,0.000000,0.000,0.000,Client
2026-05-15 07:42:23,1900-01-00 00:00:00,dlink-615_EXT,40:86:CB:27:D2:0C,-19, WPA2 ,0.000000,0.000000,0.000,0.000,AP
2026-05-15 07:42:23,1900-01-00 00:00:00,,9C:2F:9D:82:20:A3,-19,,0.000000,0.000000,0.000,0.000,Client
2026-05-15 07:42:23,1900-01-00 00:00:00,dlink-615_EXT,40:86:CB:27:D2:0C,-19, WPA2 ,0.000000,0.000000,0.000,0.000,AP
2026-05-15 07:42:23,1900-01-00 00:00:00,,9C:2F:9D:82:20:A3,-19,,0.000000,0.000000,0.000,0.000,Client
2026-05-15 07:42:23,1900-01-00 00:00:00,dlink-615_EXT,40:86:CB:27:D2:0C,-19, WPA2 ,0.000000,0.000000,0.000,0.000,AP
2026-05-15 07:42:23,1900-01-00 00:00:00,,9C:2F:9D:82:20:A3,-19,,0.000000,0.000000,0.000,0.000,Client
2026-05-15 07:42:23,1900-01-00 00:00:00,dlink-615_EXT,40:86:CB:27:D2:0C,-19, WPA2 ,0.000000,0.000000,0.000,0.000,AP
2026-05-15 07:42:23,1900-01-00 00:00:00,,9C:2F:9D:82:20:A3,-19,,0.000000,0.000000,0.000,0.000,Client
2026-05-15 07:42:23,1900-01-00 00:00:00,dlink-615_EXT,40:86:CB:27:D2:0C,-19, WPA2 ,0.000000,0.000000,0.000,0.000,AP
2026-05-15 07:42:23,1900-01-00 00:00:00,,9C:2F:9D:82:20:A3,-19,,0.000000,0.000000,0.000,0.000,Client
2026-05-15 07:42:23,1900-01-00 00:00:00,dlink-615_EXT,40:86:CB:27:D2:0C,-19, WPA2 ,0.000000,0.000000,0.000,0.000,AP
2026-05-15 07:42:23,1900-01-00 00:00:00,,9C:2F:9D:82:20:A3,-19,,0.000000,0.000000,0.000,0.000,Client
2026-05-15 07:42:23,1900-01-00 00:00:00,dlink-615_EXT,40:86:CB:27:D2:0C,-19, WPA2 ,0.000000,0.000000,0.000,0.000,AP
2026-05-15 07:42:23,1900-01-00 00:00:00,,9C:2F:9D:82:20:A3,-19,,0.000000,0.000000,0.000,0.000,Client
2026-05-15 07:42:23,1900-01-00 00:00:00,dlink-615_EXT,40:86:CB:27:D2:0C,-19, WPA2 ,0.000000,0.000000,0.000,0.000,AP
2026-05-15 07:42:23,1900-01-00 00:00:00,,9C:2F:9D:82:20:A3,-19,,0.000000,0.000000,0.000,0.000,Client
2026-05-15 07:42:23,1900-01-00 00:00:00,dlink-615_EXT,40:86:CB:27:D2:0C,-19, WPA2 ,0.000000,0.000000,0.000,0.000,AP
2026-05-15 07:42:23,1900-01-00 00:00:00,,9C:2F:9D:82:20:A3,-19,,0.000000,0.000000,0.000,0.000,Client
2026-05-15 07:42:23,1900-01-00 00:00:00,dlink-615_EXT,40:86:CB:27:D2:0C,-19, WPA2 ,0.000000,0.000000,0.000,0.000,AP
2026-05-15 07:42:23,1900-01-00 00:00:00,,9C:2F:9D:82:20:A3,-19,,0.000000,0.000000,0.000,0.000,Client
2026-05-15 07:42:23,1900-01-00 00:00:00,dlink-615_EXT,40:86:CB:27:D2:0C,-19, WPA2 ,0.000000,0.000000,0.000,0.000,AP
2026-05-15 07:42:23,1900-01-00 00:00:00,,9C:2F:9D:82:20:A3,-19,,0.000000,0.000000,0.000,0.000,Client
2026-05-15 07:42:23,1900-01-00 00:00:00,dlink-615_EXT,40:86:CB:27:D2:0C,-19, WPA2 ,0.000000,0.000000,0.000,0.000,AP
2026-05-15 07:42:23,1900-01-00 00:00:00,,9C:2F:9D:82:20:A3,-19,,0.000000,0.000000,0.000,0.000,Client
2026-05-15 07:42:23,1900-01-00 00:00:00,dlink-615_EXT,40:86:CB:27:D2:0C,-19, WPA2 ,0.000000,0.000000,0.000,0.000,AP
2026-05-15 07:42:23,1900-01-00 00:00:00,,9C:2F:9D:82:20:A3,-19,,0.000000,0.000000,0.000,0.000,Client
2026-05-15 07:42:23,1900-01-00 00:00:00,dlink-615_EXT,40:86:CB:27:D2:0C,-19, WPA2 ,0.000000,0.000000,0.000,0.000,AP
2026-05-15 07:42:23,1900-01-00 00:00:00,,9C:2F:9D:82:20:A3,-19,,0.000000,0.000000,0.000,0.000,Client
2026-05-15 07:42:23,1900-01-00 00:00:00,dlink-615_EXT,40:86:CB:27:D2:0C,-19, WPA2 ,0.000000,0.000000,0.000,0.000,AP
2026-05-15 07:42:23,1900-01-00 00:00:00,,9C:2F:9D:82:20:A3,-19,,0.000000,0.000000,0.000,0.000,Client
2026-05-15 07:42:23,1900-01-00 00:00:00,dlink-615_EXT,40:86:CB:27:D2:0C,-19, WPA2 ,0.000000,0.000000,0.000,0.000,AP
2026-05-15 07:42:23,1900-01-00 00:00:00,,9C:2F:9D:82:20:A3,-19,,0.000000,0.000000,0.000,0.000,Client
2026-05-15 07:42:23,1900-01-00 00:00:00,dlink-615_EXT,40:86:CB:27:D2:0C,-19, WPA2 ,0.000000,0.000000,0.000,0.000,AP
2026-05-15 07:42:23,1900-01-00 00:00:00,,9C:2F:9D:82:20:A3,-19,,0.000000,0.000000,0.000,0.000,Client
2026-05-15 07:42:23,1900-01-00 00:00:00,dlink-615_EXT,40:86:CB:27:D2:0C,-19, WPA2 ,0.000000,0.000000,0.000,0.000,AP
2026-05-15 07:42:23,1900-01-00 00:00:00,,9C:2F:9D:82:20:A3,-19,,0.000000,0.000000,0.000,0.000,Client
2026-05-15 07:42:23,1900-01-00 00:00:00,dlink-615_EXT,40:86:CB:27:D2:0C,-19, WPA2 ,0.000000,0.000000,0.000,0.000,AP
2026-05-15 07:42:23,1900-01-00 00:00:00,,9C:2F:9D:82:20:A3,-19,,0.000000,0.000000,0.000,0.000,Client
2026-05-15 07:42:23,1900-01-00 00:00:00,dlink-615_EXT,40:86:CB:27:D2:0C,-19, WPA2 ,0.000000,0.000000,0.000,0.000,AP
2026-05-15 07:42:23,1900-01-00 00:00:00,,9C:2F:9D:82:20:A3,-19,,0.000000,0.000000,0.000,0.000,Client
2026-05-15 07:42:23,1900-01-00 00:00:00,dlink-615_EXT,40:86:CB:27:D2:0C,-19, WPA2 ,0.000000,0.000000,0.000,0.000,AP
2026-05-15 07:42:23,1900-01-00 00:00:00,,9C:2F:9D:82:20:A3,-19,,0.000000,0.000000,0.000,0.000,Client
2026-05-15 07:42:23,1900-01-00 00:00:00,dlink-615_EXT,40:86:CB:27:D2:0C,-19, WPA2 ,0.000000,0.000000,0.000,0.000,AP
2026-05-15 07:42:23,1900-01-00 00:00:00,,9C:2F:9D:82:20:A3,-19,,0.000000,0.000000,0.000,0.000,Client
2026-05-15 07:42:23,1900-01-00 00:00:00,dlink-615_EXT,40:86:CB:27:D2:0C,-19, WPA2 ,0.000000,0.000000,0.000,0.000,AP
2026-05-15 07:42:23,1900-01-00 00:00:00,,9C:2F:9D:82:20:A3,-19,,0.000000,0.000000,0.000,0.000,Client
2026-05-15 07:42:23,1900-01-00 00:00:00,dlink-615_EXT,40:86:CB:27:D2:0C,-19, WPA2 ,0.000000,0.000000,0.000,0.000,AP
2026-05-15 07:42:23,1900-01-00 00:00:00,,9C:2F:9D:82:20:A3,-19,,0.000000,0.000000,0.000,0.000,Client
2026-05-15 07:42:24,1900-01-00 00:00:00,dlink-615_EXT,40:86:CB:27:D2:0C,-19, WPA2 ,0.000000,0.000000,0.000,0.000,AP
2026-05-15 07:42:24,1900-01-00 00:00:00,,9C:2F:9D:82:20:A3,-19,,0.000000,0.000000,0.000,0.000,Client
2026-05-15 07:42:24,1900-01-00 00:00:00,dlink-615_EXT,40:86:CB:27:D2:0C,-19, WPA2 ,0.000000,0.000000,0.000,0.000,AP
2026-05-15 07:42:24,1900-01-00 00:00:00,,9C:2F:9D:82:20:A3,-19,,0.000000,0.000000,0.000,0.000,Client
2026-05-15 07:42:24,1900-01-00 00:00:00,dlink-615_EXT,40:86:CB:27:D2:0C,-19, WPA2 ,0.000000,0.000000,0.000,0.000,AP
2026-05-15 07:42:24,1900-01-00 00:00:00,,9C:2F:9D:82:20:A3,-19,,0.000000,0.000000,0.000,0.000,Client
2026-05-15 07:42:24,1900-01-00 00:00:00,dlink-615_EXT,40:86:CB:27:D2:0C,-19, WPA2 ,0.000000,0.000000,0.000,0.000,AP
2026-05-15 07:42:24,1900-01-00 00:00:00,,9C:2F:9D:82:20:A3,-19,,0.000000,0.000000,0.000,0.000,Client
2026-05-15 07:42:24,1900-01-00 00:00:00,dlink-615_EXT,40:86:CB:27:D2:0C,-19, WPA2 ,0.000000,0.000000,0.000,0.000,AP
2026-05-15 07:42:24,1900-01-00 00:00:00,,9C:2F:9D:82:20:A3,-19,,0.000000,0.000000,0.000,0.000,Client
2026-05-15 07:42:24,1900-01-00 00:00:00,dlink-615_EXT,40:86:CB:27:D2:0C,-19, WPA2 ,0.000000,0.000000,0.000,0.000,AP
2026-05-15 07:42:24,1900-01-00 00:00:00,,9C:2F:9D:82:20:A3,-19,,0.000000,0.000000,0.000,0.000,Client
2026-05-15 07:42:24,1900-01-00 00:00:00,dlink-615_EXT,40:86:CB:27:D2:0C,-19, WPA2 ,0.000000,0.000000,0.000,0.000,AP
2026-05-15 07:42:24,1900-01-00 00:00:00,,9C:2F:9D:82:20:A3,-19,,0.000000,0.000000,0.000,0.000,Client
2026-05-15 07:42:24,1900-01-00 00:00:00,dlink-615_EXT,40:86:CB:27:D2:0C,-19, WPA2 ,0.000000,0.000000,0.000,0.000,AP
2026-05-15 07:42:24,1900-01-00 00:00:00,,9C:2F:9D:82:20:A3,-19,,0.000000,0.000000,0.000,0.000,Client
2026-05-15 07:42:24,1900-01-00 00:00:00,dlink-615_EXT,40:86:CB:27:D2:0C,-19, WPA2 ,0.000000,0.000000,0.000,0.000,AP
2026-05-15 07:42:24,1900-01-00 00:00:00,,9C:2F:9D:82:20:A3,-19,,0.000000,0.000000,0.000,0.000,Client
2026-05-15 07:42:24,1900-01-00 00:00:00,dlink-615_EXT,40:86:CB:27:D2:0C,-19, WPA2 ,0.000000,0.000000,0.000,0.000,AP
2026-05-15 07:42:24,1900-01-00 00:00:00,,9C:2F:9D:82:20:A3,-19,,0.000000,0.000000,0.000,0.000,Client
2026-05-15 07:42:24,1900-01-00 00:00:00,dlink-615_EXT,40:86:CB:27:D2:0C,-19, WPA2 ,0.000000,0.000000,0.000,0.000,AP
2026-05-15 07:42:24,1900-01-00 00:00:00,,9C:2F:9D:82:20:A3,-19,,0.000000,0.000000,0.000,0.000,Client
2026-05-15 07:42:24,1900-01-00 00:00:00,dlink-615_EXT,40:86:CB:27:D2:0C,-19, WPA2 ,0.000000,0.000000,0.000,0.000,AP
2026-05-15 07:42:24,1900-01-00 00:00:00,,9C:2F:9D:82:20:A3,-19,,0.000000,0.000000,0.000,0.000,Client
2026-05-15 07:42:24,1900-01-00 00:00:00,dlink-615_EXT,40:86:CB:27:D2:0C,-19, WPA2 ,0.000000,0.000000,0.000,0.000,AP
2026-05-15 07:42:24,1900-01-00 00:00:00,,9C:2F:9D:82:20:A3,-19,,0.000000,0.000000,0.000,0.000,Client
2026-05-15 07:42:24,1900-01-00 00:00:00,dlink-615_EXT,40:86:CB:27:D2:0C,-19, WPA2 ,0.000000,0.000000,0.000,0.000,AP
2026-05-15 07:42:24,1900-01-00 00:00:00,,9C:2F:9D:82:20:A3,-19,,0.000000,0.000000,0.000,0.000,Client
2026-05-15 07:42:24,1900-01-00 00:00:00,dlink-615_EXT,40:86:CB:27:D2:0C,-19, WPA2 ,0.000000,0.000000,0.000,0.000,AP
2026-05-15 07:42:24,1900-01-00 00:00:00,,9C:2F:9D:82:20:A3,-19,,0.000000,0.000000,0.000,0.000,Client
2026-05-15 07:42:24,1900-01-00 00:00:00,dlink-615_EXT,40:86:CB:27:D2:0C,-19, WPA2 ,0.000000,0.000000,0.000,0.000,AP
2026-05-15 07:42:24,1900-01-00 00:00:00,,9C:2F:9D:82:20:A3,-19,,0.000000,0.000000,0.000,0.000,Client
2026-05-15 07:42:24,1900-01-00 00:00:00,dlink-615_EXT,40:86:CB:27:D2:0C,-19, WPA2 ,0.000000,0.000000,0.000,0.000,AP
2026-05-15 07:42:24,1900-01-00 00:00:00,,9C:2F:9D:82:20:A3,-19,,0.000000,0.000000,0.000,0.000,Client
2026-05-15 07:42:24,1900-01-00 00:00:00,dlink-615_EXT,40:86:CB:27:D2:0C,-19, WPA2 ,0.000000,0.000000,0.000,0.000,AP
2026-05-15 07:42:24,1900-01-00 00:00:00,,9C:2F:9D:82:20:A3,-19,,0.000000,0.000000,0.000,0.000,Client
2026-05-15 07:42:24,1900-01-00 00:00:00,dlink-615_EXT,40:86:CB:27:D2:0C,-19, WPA2 ,0.000000,0.000000,0.000,0.000,AP
2026-05-15 07:42:24,1900-01-00 00:00:00,,9C:2F:9D:82:20:A3,-19,,0.000000,0.000000,0.000,0.000,Client
2026-05-15 07:42:24,1900-01-00 00:00:00,dlink-615_EXT,40:86:CB:27:D2:0C,-19, WPA2 ,0.000000,0.000000,0.000,0.000,AP
2026-05-15 07:42:24,1900-01-00 00:00:00,,9C:2F:9D:82:20:A3,-19,,0.000000,0.000000,0.000,0.000,Client
2026-05-15 07:42:24,1900-01-00 00:00:00,dlink-615_EXT,40:86:CB:27:D2:0C,-19, WPA2 ,0.000000,0.000000,0.000,0.000,AP
2026-05-15 07:42:24,1900-01-00 00:00:00,,9C:2F:9D:82:20:A3,-19,,0.000000,0.000000,0.000,0.000,Client
2026-05-15 07:42:24,1900-01-00 00:00:00,dlink-615_EXT,40:86:CB:27:D2:0C,-19, WPA2 ,0.000000,0.000000,0.000,0.000,AP
2026-05-15 07:42:24,1900-01-00 00:00:00,,9C:2F:9D:82:20:A3,-19,,0.000000,0.000000,0.000,0.000,Client
2026-05-15 07:42:24,1900-01-00 00:00:00,dlink-615_EXT,40:86:CB:27:D2:0C,-19, WPA2 ,0.000000,0.000000,0.000,0.000,AP
2026-05-15 07:42:24,1900-01-00 00:00:00,,9C:2F:9D:82:20:A3,-19,,0.000000,0.000000,0.000,0.000,Client
2026-05-15 07:42:24,1900-01-00 00:00:00,dlink-615_EXT,40:86:CB:27:D2:0C,-19, WPA2 ,0.000000,0.000000,0.000,0.000,AP
2026-05-15 07:42:24,1900-01-00 00:00:00,,9C:2F:9D:82:20:A3,-19,,0.000000,0.000000,0.000,0.000,Client
2026-05-15 07:42:24,1900-01-00 00:00:00,dlink-615_EXT,40:86:CB:27:D2:0C,-19, WPA2 ,0.000000,0.000000,0.000,0.000,AP
2026-05-15 07:42:24,1900-01-00 00:00:00,,9C:2F:9D:82:20:A3,-19,,0.000000,0.000000,0.000,0.000,Client
2026-05-15 07:42:24,1900-01-00 00:00:00,dlink-615_EXT,40:86:CB:27:D2:0C,-19, WPA2 ,0.000000,0.000000,0.000,0.000,AP
2026-05-15 07:42:24,1900-01-00 00:00:00,,9C:2F:9D:82:20:A3,-19,,0.000000,0.000000,0.000,0.000,Client
2026-05-15 07:42:24,1900-01-00 00:00:00,dlink-615_EXT,40:86:CB:27:D2:0C,-21, WPA2 ,0.000000,0.000000,0.000,0.000,AP
2026-05-15 07:42:24,1900-01-00 00:00:00,,9C:2F:9D:82:20:A3,-21,,0.000000,0.000000,0.000,0.000,Client
2026-05-15 07:42:24,1900-01-00 00:00:00,dlink-615_EXT,40:86:CB:27:D2:0C,-21, WPA2 ,0.000000,0.000000,0.000,0.000,AP
2026-05-15 07:42:24,1900-01-00 00:00:00,,9C:2F:9D:82:20:A3,-19,,0.000000,0.000000,0.000,0.000,Client
2026-05-15 07:42:24,1900-01-00 00:00:00,dlink-615_EXT,40:86:CB:27:D2:0C,-19, WPA2 ,0.000000,0.000000,0.000,0.000,AP
2026-05-15 07:42:24,1900-01-00 00:00:00,,9C:2F:9D:82:20:A3,-19,,0.000000,0.000000,0.000,0.000,Client
2026-05-15 07:42:24,1900-01-00 00:00:00,dlink-615_EXT,40:86:CB:27:D2:0C,-19, WPA2 ,0.000000,0.000000,0.000,0.000,AP
2026-05-15 07:42:24,1900-01-00 00:00:00,,9C:2F:9D:82:20:A3,-19,,0.000000,0.000000,0.000,0.000,Client
2026-05-15 07:42:24,1900-01-00 00:00:00,dlink-615_EXT,40:86:CB:27:D2:0C,-19, WPA2 ,0.000000,0.000000,0.000,0.000,AP
2026-05-15 07:42:24,1900-01-00 00:00:00,,9C:2F:9D:82:20:A3,-19,,0.000000,0.000000,0.000,0.000,Client
2026-05-15 07:42:24,1900-01-00 00:00:00,dlink-615_EXT,40:86:CB:27:D2:0C,-19, WPA2 ,0.000000,0.000000,0.000,0.000,AP
2026-05-15 07:42:24,1900-01-00 00:00:00,,9C:2F:9D:82:20:A3,-19,,0.000000,0.000000,0.000,0.000,Client
2026-05-15 07:42:24,1900-01-00 00:00:00,dlink-615_EXT,40:86:CB:27:D2:0C,-19, WPA2 ,0.000000,0.000000,0.000,0.000,AP
2026-05-15 07:42:24,1900-01-00 00:00:00,,9C:2F:9D:82:20:A3,-19,,0.000000,0.000000,0.000,0.000,Client
2026-05-15 07:42:24,1900-01-00 00:00:00,dlink-615_EXT,40:86:CB:27:D2:0C,-21, WPA2 ,0.000000,0.000000,0.000,0.000,AP
2026-05-15 07:42:24,1900-01-00 00:00:00,,9C:2F:9D:82:20:A3,-21,,0.000000,0.000000,0.000,0.000,Client
2026-05-15 07:42:24,1900-01-00 00:00:00,dlink-615_EXT,40:86:CB:27:D2:0C,-19, WPA2 ,0.000000,0.000000,0.000,0.000,AP
2026-05-15 07:42:24,1900-01-00 00:00:00,,9C:2F:9D:82:20:A3,-19,,0.000000,0.000000,0.000,0.000,Client
2026-05-15 07:42:24,1900-01-00 00:00:00,dlink-615_EXT,40:86:CB:27:D2:0C,-19, WPA2 ,0.000000,0.000000,0.000,0.000,AP
2026-05-15 07:42:24,1900-01-00 00:00:00,,9C:2F:9D:82:20:A3,-19,,0.000000,0.000000,0.000,0.000,Client
2026-05-15 07:42:24,1900-01-00 00:00:00,dlink-615_EXT,40:86:CB:27:D2:0C,-19, WPA2 ,0.000000,0.000000,0.000,0.000,AP
2026-05-15 07:42:24,1900-01-00 00:00:00,,9C:2F:9D:82:20:A3,-19,,0.000000,0.000000,0.000,0.000,Client
2026-05-15 07:42:24,1900-01-00 00:00:00,dlink-615_EXT,40:86:CB:27:D2:0C,-19, WPA2 ,0.000000,0.000000,0.000,0.000,AP
2026-05-15 07:42:24,1900-01-00 00:00:00,,9C:2F:9D:82:20:A3,-19,,0.000000,0.000000,0.000,0.000,Client
2026-05-15 07:42:24,1900-01-00 00:00:00,dlink-615_EXT,40:86:CB:27:D2:0C,-23, WPA2 ,0.000000,0.000000,0.000,0.000,AP
2026-05-15 07:42:24,1900-01-00 00:00:00,,9C:2F:9D:82:20:A3,-23,,0.000000,0.000000,0.000,0.000,Client
2026-05-15 07:42:24,1900-01-00 00:00:00,dlink-615_EXT,40:86:CB:27:D2:0C,-19, WPA2 ,0.000000,0.000000,0.000,0.000,AP
2026-05-15 07:42:24,1900-01-00 00:00:00,,9C:2F:9D:82:20:A3,-19,,0.000000,0.000000,0.000,0.000,Client
2026-05-15 07:42:24,1900-01-00 00:00:00,dlink-615_EXT,40:86:CB:27:D2:0C,-19, WPA2 ,0.000000,0.000000,0.000,0.000,AP
2026-05-15 07:42:24,1900-01-00 00:00:00,,9C:2F:9D:82:20:A3,-19,,0.000000,0.000000,0.000,0.000,Client
2026-05-15 07:42:24,1900-01-00 00:00:00,dlink-615_EXT,40:86:CB:27:D2:0C,-19, WPA2 ,0.000000,0.000000,0.000,0.000,AP
2026-05-15 07:42:24,1900-01-00 00:00:00,,9C:2F:9D:82:20:A3,-19,,0.000000,0.000000,0.000,0.000,Client
2026-05-15 07:42:24,1900-01-00 00:00:00,dlink-615_EXT,40:86:CB:27:D2:0C,-19, WPA2 ,0.000000,0.000000,0.000,0.000,AP
2026-05-15 07:42:24,1900-01-00 00:00:00,,9C:2F:9D:82:20:A3,-19,,0.000000,0.000000,0.000,0.000,Client
2026-05-15 07:42:24,1900-01-00 00:00:00,dlink-615_EXT,40:86:CB:27:D2:0C,-19, WPA2 ,0.000000,0.000000,0.000,0.000,AP
2026-05-15 07:42:24,1900-01-00 00:00:00,,9C:2F:9D:82:20:A3,-19,,0.000000,0.000000,0.000,0.000,Client
2026-05-15 07:42:24,1900-01-00 00:00:00,dlink-615_EXT,40:86:CB:27:D2:0C,-19, WPA2 ,0.000000,0.000000,0.000,0.000,AP
2026-05-15 07:42:24,1900-01-00 00:00:00,,9C:2F:9D:82:20:A3,-19,,0.000000,0.000000,0.000,0.000,Client
2026-05-15 07:42:24,1900-01-00 00:00:00,dlink-615_EXT,40:86:CB:27:D2:0C,-19, WPA2 ,0.000000,0.000000,0.000,0.000,AP
2026-05-15 07:42:24,1900-01-00 00:00:00,,9C:2F:9D:82:20:A3,-19,,0.000000,0.000000,0.000,0.000,Client
2026-05-15 07:42:24,1900-01-00 00:00:00,dlink-615_EXT,40:86:CB:27:D2:0C,-19, WPA2 ,0.000000,0.000000,0.000,0.000,AP
2026-05-15 07:42:24,1900-01-00 00:00:00,,9C:2F:9D:82:20:A3,-19,,0.000000,0.000000,0.000,0.000,Client
2026-05-15 07:42:24,1900-01-00 00:00:00,dlink-615_EXT,40:86:CB:27:D2:0C,-19, WPA2 ,0.000000,0.000000,0.000,0.000,AP
2026-05-15 07:42:24,1900-01-00 00:00:00,,9C:2F:9D:82:20:A3,-19,,0.000000,0.000000,0.000,0.000,Client
2026-05-15 07:42:24,1900-01-00 00:00:00,dlink-615_EXT,40:86:CB:27:D2:0C,-19, WPA2 ,0.000000,0.000000,0.000,0.000,AP
2026-05-15 07:42:24,1900-01-00 00:00:00,,9C:2F:9D:82:20:A3,-19,,0.000000,0.000000,0.000,0.000,Client
2026-05-15 07:42:24,1900-01-00 00:00:00,dlink-615_EXT,40:86:CB:27:D2:0C,-21, WPA2 ,0.000000,0.000000,0.000,0.000,AP
2026-05-15 07:42:24,1900-01-00 00:00:00,,9C:2F:9D:82:20:A3,-21,,0.000000,0.000000,0.000,0.000,Client
2026-05-15 07:42:24,1900-01-00 00:00:00,dlink-615_EXT,40:86:CB:27:D2:0C,-19, WPA2 ,0.000000,0.000000,0.000,0.000,AP
2026-05-15 07:42:24,1900-01-00 00:00:00,,9C:2F:9D:82:20:A3,-19,,0.000000,0.000000,0.000,0.000,Client
2026-05-15 07:42:24,1900-01-00 00:00:00,dlink-615_EXT,40:86:CB:27:D2:0C,-19, WPA2 ,0.000000,0.000000,0.000,0.000,AP
2026-05-15 07:42:24,1900-01-00 00:00:00,,9C:2F:9D:82:20:A3,-19,,0.000000,0.000000,0.000,0.000,Client
2026-05-15 07:42:24,1900-01-00 00:00:00,dlink-615_EXT,40:86:CB:27:D2:0C,-19, WPA2 ,0.000000,0.000000,0.000,0.000,AP
2026-05-15 07:42:24,1900-01-00 00:00:00,,9C:2F:9D:82:20:A3,-19,,0.000000,0.000000,0.000,0.000,Client
2026-05-15 07:42:24,1900-01-00 00:00:00,dlink-615_EXT,40:86:CB:27:D2:0C,-19, WPA2 ,0.000000,0.000000,0.000,0.000,AP
2026-05-15 07:42:24,1900-01-00 00:00:00,,9C:2F:9D:82:20:A3,-19,,0.000000,0.000000,0.000,0.000,Client
2026-05-15 07:42:24,1900-01-00 00:00:00,dlink-615_EXT,40:86:CB:27:D2:0C,-19, WPA2 ,0.000000,0.000000,0.000,0.000,AP
2026-05-15 07:42:24,1900-01-00 00:00:00,,9C:2F:9D:82:20:A3,-19,,0.000000,0.000000,0.000,0.000,Client
2026-05-15 07:42:24,1900-01-00 00:00:00,dlink-615_EXT,40:86:CB:27:D2:0C,-19, WPA2 ,0.000000,0.000000,0.000,0.000,AP
2026-05-15 07:42:24,1900-01-00 00:00:00,,9C:2F:9D:82:20:A3,-19,,0.000000,0.000000,0.000,0.000,Client
2026-05-15 07:42:24,1900-01-00 00:00:00,dlink-615_EXT,40:86:CB:27:D2:0C,-19, WPA2 ,0.000000,0.000000,0.000,0.000,AP
2026-05-15 07:42:24,1900-01-00 00:00:00,,9C:2F:9D:82:20:A3,-19,,0.000000,0.000000,0.000,0.000,Client
2026-05-15 07:42:24,1900-01-00 00:00:00,dlink-615_EXT,40:86:CB:27:D2:0C,-19, WPA2 ,0.000000,0.000000,0.000,0.000,AP
2026-05-15 07:42:24,1900-01-00 00:00:00,,9C:2F:9D:82:20:A3,-19,,0.000000,0.000000,0.000,0.000,Client
2026-05-15 07:42:24,1900-01-00 00:00:00,dlink-615_EXT,40:86:CB:27:D2:0C,-19, WPA2 ,0.000000,0.000000,0.000,0.000,AP
2026-05-15 07:42:24,1900-01-00 00:00:00,,9C:2F:9D:82:20:A3,-19,,0.000000,0.000000,0.000,0.000,Client
2026-05-15 07:42:24,1900-01-00 00:00:00,dlink-615_EXT,40:86:CB:27:D2:0C,-19, WPA2 ,0.000000,0.000000,0.000,0.000,AP
2026-05-15 07:42:24,1900-01-00 00:00:00,,9C:2F:9D:82:20:A3,-19,,0.000000,0.000000,0.000,0.000,Client
2026-05-15 07:42:24,1900-01-00 00:00:00,dlink-615_EXT,40:86:CB:27:D2:0C,-19, WPA2 ,0.000000,0.000000,0.000,0.000,AP
2026-05-15 07:42:24,1900-01-00 00:00:00,,9C:2F:9D:82:20:A3,-19,,0.000000,0.000000,0.000,0.000,Client
2026-05-15 07:42:24,1900-01-00 00:00:00,dlink-615_EXT,40:86:CB:27:D2:0C,-19, WPA2 ,0.000000,0.000000,0.000,0.000,AP
2026-05-15 07:42:24,1900-01-00 00:00:00,,9C:2F:9D:82:20:A3,-19,,0.000000,0.000000,0.000,0.000,Client
2026-05-15 07:42:24,1900-01-00 00:00:00,dlink-615_EXT,40:86:CB:27:D2:0C,-19, WPA2 ,0.000000,0.000000,0.000,0.000,AP
2026-05-15 07:42:24,1900-01-00 00:00:00,,9C:2F:9D:82:20:A3,-19,,0.000000,0.000000,0.000,0.000,Client
2026-05-15 07:42:24,1900-01-00 00:00:00,dlink-615_EXT,40:86:CB:27:D2:0C,-19, WPA2 ,0.000000,0.000000,0.000,0.000,AP
2026-05-15 07:42:24,1900-01-00 00:00:00,,9C:2F:9D:82:20:A3,-19,,0.000000,0.000000,0.000,0.000,Client
2026-05-15 07:42:24,1900-01-00 00:00:00,dlink-615_EXT,40:86:CB:27:D2:0C,-19, WPA2 ,0.000000,0.000000,0.000,0.000,AP
2026-05-15 07:42:24,1900-01-00 00:00:00,,9C:2F:9D:82:20:A3,-19,,0.000000,0.000000,0.000,0.000,Client
2026-05-15 07:42:24,1900-01-00 00:00:00,dlink-615_EXT,40:86:CB:27:D2:0C,-19, WPA2 ,0.000000,0.000000,0.000,0.000,AP
2026-05-15 07:42:24,1900-01-00 00:00:00,,9C:2F:9D:82:20:A3,-19,,0.000000,0.000000,0.000,0.000,Client
2026-05-15 07:42:24,1900-01-00 00:00:00,dlink-615_EXT,40:86:CB:27:D2:0C,-19, WPA2 ,0.000000,0.000000,0.000,0.000,AP
2026-05-15 07:42:24,1900-01-00 00:00:00,,9C:2F:9D:82:20:A3,-19,,0.000000,0.000000,0.000,0.000,Client
2026-05-15 07:42:24,1900-01-00 00:00:00,dlink-615_EXT,40:86:CB:27:D2:0C,-19, WPA2 ,0.000000,0.000000,0.000,0.000,AP
2026-05-15 07:42:24,1900-01-00 00:00:00,,9C:2F:9D:82:20:A3,-19,,0.000000,0.000000,0.000,0.000,Client
2026-05-15 07:42:24,1900-01-00 00:00:00,dlink-615_EXT,40:86:CB:27:D2:0C,-19, WPA2 ,0.000000,0.000000,0.000,0.000,AP
2026-05-15 07:42:24,1900-01-00 00:00:00,,9C:2F:9D:82:20:A3,-19,,0.000000,0.000000,0.000,0.000,Client
2026-05-15 07:42:24,1900-01-00 00:00:00,dlink-615_EXT,40:86:CB:27:D2:0C,-19, WPA2 ,0.000000,0.000000,0.000,0.000,AP
2026-05-15 07:42:24,1900-01-00 00:00:00,,9C:2F:9D:82:20:A3,-19,,0.000000,0.000000,0.000,0.000,Client
2026-05-15 07:42:24,1900-01-00 00:00:00,dlink-615_EXT,40:86:CB:27:D2:0C,-19, WPA2 ,0.000000,0.000000,0.000,0.000,AP
2026-05-15 07:42:24,1900-01-00 00:00:00,,9C:2F:9D:82:20:A3,-19,,0.000000,0.000000,0.000,0.000,Client
2026-05-15 07:42:24,1900-01-00 00:00:00,dlink-615_EXT,40:86:CB:27:D2:0C,-19, WPA2 ,0.000000,0.000000,0.000,0.000,AP
2026-05-15 07:42:24,1900-01-00 00:00:00,,9C:2F:9D:82:20:A3,-19,,0.000000,0.000000,0.000,0.000,Client
2026-05-15 07:42:24,1900-01-00 00:00:00,dlink-615_EXT,40:86:CB:27:D2:0C,-19, WPA2 ,0.000000,0.000000,0.000,0.000,AP
2026-05-15 07:42:24,1900-01-00 00:00:00,,9C:2F:9D:82:20:A3,-19,,0.000000,0.000000,0.000,0.000,Client
2026-05-15 07:42:24,1900-01-00 00:00:00,dlink-615_EXT,40:86:CB:27:D2:0C,-19, WPA2 ,0.000000,0.000000,0.000,0.000,AP
2026-05-15 07:42:24,1900-01-00 00:00:00,,9C:2F:9D:82:20:A3,-19,,0.000000,0.000000,0.000,0.000,Client
2026-05-15 07:42:24,1900-01-00 00:00:00,dlink-615_EXT,40:86:CB:27:D2:0C,-19, WPA2 ,0.000000,0.000000,0.000,0.000,AP
2026-05-15 07:42:24,1900-01-00 00:00:00,,9C:2F:9D:82:20:A3,-19,,0.000000,0.000000,0.000,0.000,Client
2026-05-15 07:42:24,1900-01-00 00:00:00,dlink-615_EXT,40:86:CB:27:D2:0C,-19, WPA2 ,0.000000,0.000000,0.000,0.000,AP
2026-05-15 07:42:24,1900-01-00 00:00:00,,9C:2F:9D:82:20:A3,-19,,0.000000,0.000000,0.000,0.000,Client
2026-05-15 07:42:24,1900-01-00 00:00:00,dlink-615_EXT,40:86:CB:27:D2:0C,-19, WPA2 ,0.000000,0.000000,0.000,0.000,AP
2026-05-15 07:42:24,1900-01-00 00:00:00,,9C:2F:9D:82:20:A3,-19,,0.000000,0.000000,0.000,0.000,Client
2026-05-15 07:42:24,1900-01-00 00:00:00,dlink-615_EXT,40:86:CB:27:D2:0C,-19, WPA2 ,0.000000,0.000000,0.000,0.000,AP
2026-05-15 07:42:24,1900-01-00 00:00:00,,9C:2F:9D:82:20:A3,-19,,0.000000,0.000000,0.000,0.000,Client
2026-05-15 07:42:24,1900-01-00 00:00:00,dlink-615_EXT,40:86:CB:27:D2:0C,-19, WPA2 ,0.000000,0.000000,0.000,0.000,AP
2026-05-15 07:42:24,1900-01-00 00:00:00,,9C:2F:9D:82:20:A3,-19,,0.000000,0.000000,0.000,0.000,Client
2026-05-15 07:42:24,1900-01-00 00:00:00,dlink-615_EXT,40:86:CB:27:D2:0C,-19, WPA2 ,0.000000,0.000000,0.000,0.000,AP
2026-05-15 07:42:24,1900-01-00 00:00:00,,9C:2F:9D:82:20:A3,-19,,0.000000,0.000000,0.000,0.000,Client
2026-05-15 07:42:24,1900-01-00 00:00:00,dlink-615_EXT,40:86:CB:27:D2:0C,-19, WPA2 ,0.000000,0.000000,0.000,0.000,AP
2026-05-15 07:42:24,1900-01-00 00:00:00,,9C:2F:9D:82:20:A3,-19,,0.000000,0.000000,0.000,0.000,Client
2026-05-15 07:42:24,1900-01-00 00:00:00,dlink-615_EXT,40:86:CB:27:D2:0C,-19, WPA2 ,0.000000,0.000000,0.000,0.000,AP
2026-05-15 07:42:24,1900-01-00 00:00:00,,9C:2F:9D:82:20:A3,-19,,0.000000,0.000000,0.000,0.000,Client
2026-05-15 07:42:24,1900-01-00 00:00:00,dlink-615_EXT,40:86:CB:27:D2:0C,-19, WPA2 ,0.000000,0.000000,0.000,0.000,AP
2026-05-15 07:42:24,1900-01-00 00:00:00,,9C:2F:9D:82:20:A3,-19,,0.000000,0.000000,0.000,0.000,Client
2026-05-15 07:42:24,1900-01-00 00:00:00,dlink-615_EXT,40:86:CB:27:D2:0C,-19, WPA2 ,0.000000,0.000000,0.000,0.000,AP
2026-05-15 07:42:24,1900-01-00 00:00:00,,9C:2F:9D:82:20:A3,-19,,0.000000,0.000000,0.000,0.000,Client
2026-05-15 07:42:24,1900-01-00 00:00:00,dlink-615_EXT,40:86:CB:27:D2:0C,-19, WPA2 ,0.000000,0.000000,0.000,0.000,AP
2026-05-15 07:42:24,1900-01-00 00:00:00,,9C:2F:9D:82:20:A3,-19,,0.000000,0.000000,0.000,0.000,Client
2026-05-15 07:42:24,1900-01-00 00:00:00,dlink-615_EXT,40:86:CB:27:D2:0C,-19, WPA2 ,0.000000,0.000000,0.000,0.000,AP
2026-05-15 07:42:24,1900-01-00 00:00:00,,9C:2F:9D:82:20:A3,-19,,0.000000,0.000000,0.000,0.000,Client
2026-05-15 07:42:24,1900-01-00 00:00:00,dlink-615_EXT,40:86:CB:27:D2:0C,-19, WPA2 ,0.000000,0.000000,0.000,0.000,AP
2026-05-15 07:42:24,1900-01-00 00:00:00,,9C:2F:9D:82:20:A3,-19,,0.000000,0.000000,0.000,0.000,Client
2026-05-15 07:42:24,1900-01-00 00:00:00,dlink-615_EXT,40:86:CB:27:D2:0C,-19, WPA2 ,0.000000,0.000000,0.000,0.000,AP
2026-05-15 07:42:24,1900-01-00 00:00:00,,9C:2F:9D:82:20:A3,-19,,0.000000,0.000000,0.000,0.000,Client
2026-05-15 07:42:24,1900-01-00 00:00:00,dlink-615_EXT,40:86:CB:27:D2:0C,-19, WPA2 ,0.000000,0.000000,0.000,0.000,AP
2026-05-15 07:42:24,1900-01-00 00:00:00,,9C:2F:9D:82:20:A3,-19,,0.000000,0.000000,0.000,0.000,Client
2026-05-15 07:42:24,1900-01-00 00:00:00,dlink-615_EXT,40:86:CB:27:D2:0C,-19, WPA2 ,0.000000,0.000000,0.000,0.000,AP
2026-05-15 07:42:24,1900-01-00 00:00:00,,9C:2F:9D:82:20:A3,-19,,0.000000,0.000000,0.000,0.000,Client
2026-05-15 07:42:24,1900-01-00 00:00:00,dlink-615_EXT,40:86:CB:27:D2:0C,-19, WPA2 ,0.000000,0.000000,0.000,0.000,AP
2026-05-15 07:42:24,1900-01-00 00:00:00,,9C:2F:9D:82:20:A3,-19,,0.000000,0.000000,0.000,0.000,Client
2026-05-15 07:42:24,1900-01-00 00:00:00,dlink-615_EXT,40:86:CB:27:D2:0C,-19, WPA2 ,0.000000,0.000000,0.000,0.000,AP
2026-05-15 07:42:24,1900-01-00 00:00:00,,9C:2F:9D:82:20:A3,-19,,0.000000,0.000000,0.000,0.000,Client
2026-05-15 07:42:24,1900-01-00 00:00:00,dlink-615_EXT,40:86:CB:27:D2:0C,-19, WPA2 ,0.000000,0.000000,0.000,0.000,AP
2026-05-15 07:42:24,1900-01-00 00:00:00,,9C:2F:9D:82:20:A3,-19,,0.000000,0.000000,0.000,0.000,Client
2026-05-15 07:42:24,1900-01-00 00:00:00,dlink-615_EXT,40:86:CB:27:D2:0C,-19, WPA2 ,0.000000,0.000000,0.000,0.000,AP
2026-05-15 07:42:24,1900-01-00 00:00:00,,9C:2F:9D:82:20:A3,-19,,0.000000,0.000000,0.000,0.000,Client
2026-05-15 07:42:24,1900-01-00 00:00:00,dlink-615_EXT,40:86:CB:27:D2:0C,-19, WPA2 ,0.000000,0.000000,0.000,0.000,AP
2026-05-15 07:42:24,1900-01-00 00:00:00,,9C:2F:9D:82:20:A3,-19,,0.000000,0.000000,0.000,0.000,Client
2026-05-15 07:42:24,1900-01-00 00:00:00,dlink-615_EXT,40:86:CB:27:D2:0C,-19, WPA2 ,0.000000,0.000000,0.000,0.000,AP
2026-05-15 07:42:24,1900-01-00 00:00:00,,9C:2F:9D:82:20:A3,-19,,0.000000,0.000000,0.000,0.000,Client
2026-05-15 07:42:24,1900-01-00 00:00:00,dlink-615_EXT,40:86:CB:27:D2:0C,-19, WPA2 ,0.000000,0.000000,0.000,0.000,AP
2026-05-15 07:42:24,1900-01-00 00:00:00,,9C:2F:9D:82:20:A3,-19,,0.000000,0.000000,0.000,0.000,Client
2026-05-15 07:42:24,1900-01-00 00:00:00,dlink-615_EXT,40:86:CB:27:D2:0C,-23, WPA2 ,0.000000,0.000000,0.000,0.000,AP
2026-05-15 07:42:24,1900-01-00 00:00:00,,9C:2F:9D:82:20:A3,-23,,0.000000,0.000000,0.000,0.000,Client
2026-05-15 07:42:24,1900-01-00 00:00:00,dlink-615_EXT,40:86:CB:27:D2:0C,-19, WPA2 ,0.000000,0.000000,0.000,0.000,AP
2026-05-15 07:42:24,1900-01-00 00:00:00,,9C:2F:9D:82:20:A3,-19,,0.000000,0.000000,0.000,0.000,Client
2026-05-15 07:42:24,1900-01-00 00:00:00,dlink-615_EXT,40:86:CB:27:D2:0C,-19, WPA2 ,0.000000,0.000000,0.000,0.000,AP
2026-05-15 07:42:24,1900-01-00 00:00:00,,9C:2F:9D:82:20:A3,-19,,0.000000,0.000000,0.000,0.000,Client
2026-05-15 07:42:24,1900-01-00 00:00:00,dlink-615_EXT,40:86:CB:27:D2:0C,-19, WPA2 ,0.000000,0.000000,0.000,0.000,AP
2026-05-15 07:42:24,1900-01-00 00:00:00,,9C:2F:9D:82:20:A3,-19,,0.000000,0.000000,0.000,0.000,Client
2026-05-15 07:42:24,1900-01-00 00:00:00,dlink-615_EXT,40:86:CB:27:D2:0C,-19, WPA2 ,0.000000,0.000000,0.000,0.000,AP
2026-05-15 07:42:24,1900-01-00 00:00:00,,9C:2F:9D:82:20:A3,-23,,0.000000,0.000000,0.000,0.000,Client
2026-05-15 07:42:24,1900-01-00 00:00:00,dlink-615_EXT,40:86:CB:27:D2:0C,-19, WPA2 ,0.000000,0.000000,0.000,0.000,AP
2026-05-15 07:42:24,1900-01-00 00:00:00,,9C:2F:9D:82:20:A3,-19,,0.000000,0.000000,0.000,0.000,Client
2026-05-15 07:42:24,1900-01-00 00:00:00,dlink-615_EXT,40:86:CB:27:D2:0C,-19, WPA2 ,0.000000,0.000000,0.000,0.000,AP
2026-05-15 07:42:24,1900-01-00 00:00:00,,9C:2F:9D:82:20:A3,-19,,0.000000,0.000000,0.000,0.000,Client
2026-05-15 07:42:24,1900-01-00 00:00:00,dlink-615_EXT,40:86:CB:27:D2:0C,-19, WPA2 ,0.000000,0.000000,0.000,0.000,AP
2026-05-15 07:42:24,1900-01-00 00:00:00,,9C:2F:9D:82:20:A3,-19,,0.000000,0.000000,0.000,0.000,Client
2026-05-15 07:42:24,1900-01-00 00:00:00,dlink-615_EXT,40:86:CB:27:D2:0C,-19, WPA2 ,0.000000,0.000000,0.000,0.000,AP
2026-05-15 07:42:24,1900-01-00 00:00:00,,9C:2F:9D:82:20:A3,-19,,0.000000,0.000000,0.000,0.000,Client
2026-05-15 07:42:24,1900-01-00 00:00:00,dlink-615_EXT,40:86:CB:27:D2:0C,-19, WPA2 ,0.000000,0.000000,0.000,0.000,AP
2026-05-15 07:42:24,1900-01-00 00:00:00,,9C:2F:9D:82:20:A3,-19,,0.000000,0.000000,0.000,0.000,Client
2026-05-15 07:42:24,1900-01-00 00:00:00,dlink-615_EXT,40:86:CB:27:D2:0C,-19, WPA2 ,0.000000,0.000000,0.000,0.000,AP
2026-05-15 07:42:24,1900-01-00 00:00:00,,9C:2F:9D:82:20:A3,-19,,0.000000,0.000000,0.000,0.000,Client
2026-05-15 07:42:24,1900-01-00 00:00:00,dlink-615_EXT,40:86:CB:27:D2:0C,-19, WPA2 ,0.000000,0.000000,0.000,0.000,AP
2026-05-15 07:42:24,1900-01-00 00:00:00,,9C:2F:9D:82:20:A3,-19,,0.000000,0.000000,0.000,0.000,Client
2026-05-15 07:42:24,1900-01-00 00:00:00,dlink-615_EXT,40:86:CB:27:D2:0C,-19, WPA2 ,0.000000,0.000000,0.000,0.000,AP
2026-05-15 07:42:24,1900-01-00 00:00:00,,9C:2F:9D:82:20:A3,-19,,0.000000,0.000000,0.000,0.000,Client
2026-05-15 07:42:25,1900-01-00 00:00:00,dlink-615_EXT,40:86:CB:27:D2:0C,-19, WPA2 ,0.000000,0.000000,0.000,0.000,AP
2026-05-15 07:42:25,1900-01-00 00:00:00,,9C:2F:9D:82:20:A3,-19,,0.000000,0.000000,0.000,0.000,Client
2026-05-15 07:42:25,1900-01-00 00:00:00,dlink-615_EXT,40:86:CB:27:D2:0C,-19, WPA2 ,0.000000,0.000000,0.000,0.000,AP
2026-05-15 07:42:25,1900-01-00 00:00:00,,9C:2F:9D:82:20:A3,-19,,0.000000,0.000000,0.000,0.000,Client
2026-05-15 07:42:25,1900-01-00 00:00:00,dlink-615_EXT,40:86:CB:27:D2:0C,-19, WPA2 ,0.000000,0.000000,0.000,0.000,AP
2026-05-15 07:42:25,1900-01-00 00:00:00,,9C:2F:9D:82:20:A3,-19,,0.000000,0.000000,0.000,0.000,Client
2026-05-15 07:42:25,1900-01-00 00:00:00,dlink-615_EXT,40:86:CB:27:D2:0C,-85, WPA2 ,0.000000,0.000000,0.000,0.000,AP
2026-05-15 07:42:25,1900-01-00 00:00:00,,9C:2F:9D:82:20:A3,-85,,0.000000,0.000000,0.000,0.000,Client
2026-05-15 07:42:25,1900-01-00 00:00:00,dlink-615_EXT,40:86:CB:27:D2:0C,-85, WPA2 ,0.000000,0.000000,0.000,0.000,AP
2026-05-15 07:42:25,1900-01-00 00:00:00,,9C:2F:9D:82:20:A3,-85,,0.000000,0.000000,0.000,0.000,Client
2026-05-15 07:42:25,1900-01-00 00:00:00,dlink-615_EXT,40:86:CB:27:D2:0C,-85, WPA2 ,0.000000,0.000000,0.000,0.000,AP
2026-05-15 07:42:25,1900-01-00 00:00:00,,9C:2F:9D:82:20:A3,-85,,0.000000,0.000000,0.000,0.000,Client
2026-05-15 07:42:25,1900-01-00 00:00:00,dlink-615_EXT,40:86:CB:27:D2:0C,-85, WPA2 ,0.000000,0.000000,0.000,0.000,AP
2026-05-15 07:42:25,1900-01-00 00:00:00,,9C:2F:9D:82:20:A3,-85,,0.000000,0.000000,0.000,0.000,Client
2026-05-15 07:42:25,1900-01-00 00:00:00,dlink-615_EXT,40:86:CB:27:D2:0C,-85, WPA2 ,0.000000,0.000000,0.000,0.000,AP
2026-05-15 07:42:25,1900-01-00 00:00:00,,9C:2F:9D:82:20:A3,-85,,0.000000,0.000000,0.000,0.000,Client
2026-05-15 07:42:25,1900-01-00 00:00:00,dlink-615_EXT,40:86:CB:27:D2:0C,-85, WPA2 ,0.000000,0.000000,0.000,0.000,AP
2026-05-15 07:42:25,1900-01-00 00:00:00,,9C:2F:9D:82:20:A3,-85,,0.000000,0.000000,0.000,0.000,Client
2026-05-15 07:42:25,1900-01-00 00:00:00,dlink-615_EXT,40:86:CB:27:D2:0C,-85, WPA2 ,0.000000,0.000000,0.000,0.000,AP
2026-05-15 07:42:25,1900-01-00 00:00:00,,9C:2F:9D:82:20:A3,-85,,0.000000,0.000000,0.000,0.000,Client
2026-05-15 07:42:25,1900-01-00 00:00:00,dlink-615_EXT,40:86:CB:27:D2:0C,-85, WPA2 ,0.000000,0.000000,0.000,0.000,AP
2026-05-15 07:42:25,1900-01-00 00:00:00,,9C:2F:9D:82:20:A3,-84,,0.000000,0.000000,0.000,0.000,Client
2026-05-15 07:42:25,1900-01-00 00:00:00,dlink-615_EXT,40:86:CB:27:D2:0C,-85, WPA2 ,0.000000,0.000000,0.000,0.000,AP
2026-05-15 07:42:25,1900-01-00 00:00:00,,9C:2F:9D:82:20:A3,-85,,0.000000,0.000000,0.000,0.000,Client
2026-05-15 07:42:25,1900-01-00 00:00:00,dlink-615_EXT,40:86:CB:27:D2:0C,-85, WPA2 ,0.000000,0.000000,0.000,0.000,AP
2026-05-15 07:42:25,1900-01-00 00:00:00,,9C:2F:9D:82:20:A3,-84,,0.000000,0.000000,0.000,0.000,Client
2026-05-15 07:42:25,1900-01-00 00:00:00,dlink-615_EXT,40:86:CB:27:D2:0C,-84, WPA2 ,0.000000,0.000000,0.000,0.000,AP
2026-05-15 07:42:25,1900-01-00 00:00:00,,9C:2F:9D:82:20:A3,-84,,0.000000,0.000000,0.000,0.000,Client
2026-05-15 07:42:25,1900-01-00 00:00:00,dlink-615_EXT,40:86:CB:27:D2:0C,-87, WPA2 ,0.000000,0.000000,0.000,0.000,AP
2026-05-15 07:42:25,1900-01-00 00:00:00,,9C:2F:9D:82:20:A3,-87,,0.000000,0.000000,0.000,0.000,Client
2026-05-15 07:42:25,1900-01-00 00:00:00,dlink-615_EXT,40:86:CB:27:D2:0C,-87, WPA2 ,0.000000,0.000000,0.000,0.000,AP
2026-05-15 07:42:25,1900-01-00 00:00:00,,9C:2F:9D:82:20:A3,-84,,0.000000,0.000000,0.000,0.000,Client
2026-05-15 07:42:25,1900-01-00 00:00:00,dlink-615_EXT,40:86:CB:27:D2:0C,-84, WPA2 ,0.000000,0.000000,0.000,0.000,AP
2026-05-15 07:42:25,1900-01-00 00:00:00,,9C:2F:9D:82:20:A3,-84,,0.000000,0.000000,0.000,0.000,Client
2026-05-15 07:42:25,1900-01-00 00:00:00,dlink-615_EXT,40:86:CB:27:D2:0C,-87, WPA2 ,0.000000,0.000000,0.000,0.000,AP
2026-05-15 07:42:25,1900-01-00 00:00:00,,9C:2F:9D:82:20:A3,-87,,0.000000,0.000000,0.000,0.000,Client
2026-05-15 07:42:25,1900-01-00 00:00:00,dlink-615_EXT,40:86:CB:27:D2:0C,-87, WPA2 ,0.000000,0.000000,0.000,0.000,AP
2026-05-15 07:42:25,1900-01-00 00:00:00,,9C:2F:9D:82:20:A3,-85,,0.000000,0.000000,0.000,0.000,Client
2026-05-15 07:42:25,1900-01-00 00:00:00,dlink-615_EXT,40:86:CB:27:D2:0C,-85, WPA2 ,0.000000,0.000000,0.000,0.000,AP
2026-05-15 07:42:25,1900-01-00 00:00:00,,9C:2F:9D:82:20:A3,-85,,0.000000,0.000000,0.000,0.000,Client
2026-05-15 07:42:25,1900-01-00 00:00:00,dlink-615_EXT,40:86:CB:27:D2:0C,-86, WPA2 ,0.000000,0.000000,0.000,0.000,AP
2026-05-15 07:42:25,1900-01-00 00:00:00,,9C:2F:9D:82:20:A3,-86,,0.000000,0.000000,0.000,0.000,Client
2026-05-15 07:42:25,1900-01-00 00:00:00,dlink-615_EXT,40:86:CB:27:D2:0C,-86, WPA2 ,0.000000,0.000000,0.000,0.000,AP
2026-05-15 07:42:25,1900-01-00 00:00:00,,9C:2F:9D:82:20:A3,-86,,0.000000,0.000000,0.000,0.000,Client
2026-05-15 07:42:25,1900-01-00 00:00:00,dlink-615_EXT,40:86:CB:27:D2:0C,-85, WPA2 ,0.000000,0.000000,0.000,0.000,AP
2026-05-15 07:42:25,1900-01-00 00:00:00,,9C:2F:9D:82:20:A3,-85,,0.000000,0.000000,0.000,0.000,Client
2026-05-15 07:42:25,1900-01-00 00:00:00,dlink-615_EXT,40:86:CB:27:D2:0C,-85, WPA2 ,0.000000,0.000000,0.000,0.000,AP
2026-05-15 07:42:25,1900-01-00 00:00:00,,9C:2F:9D:82:20:A3,-85,,0.000000,0.000000,0.000,0.000,Client
2026-05-15 07:42:25,1900-01-00 00:00:00,dlink-615_EXT,40:86:CB:27:D2:0C,-85, WPA2 ,0.000000,0.000000,0.000,0.000,AP
2026-05-15 07:42:25,1900-01-00 00:00:00,,9C:2F:9D:82:20:A3,-85,,0.000000,0.000000,0.000,0.000,Client
2026-05-15 07:42:25,1900-01-00 00:00:00,dlink-615_EXT,40:86:CB:27:D2:0C,-84, WPA2 ,0.000000,0.000000,0.000,0.000,AP
2026-05-15 07:42:25,1900-01-00 00:00:00,,9C:2F:9D:82:20:A3,-84,,0.000000,0.000000,0.000,0.000,Client
2026-05-15 07:42:25,1900-01-00 00:00:00,dlink-615_EXT,40:86:CB:27:D2:0C,-86, WPA2 ,0.000000,0.000000,0.000,0.000,AP
2026-05-15 07:42:25,1900-01-00 00:00:00,,9C:2F:9D:82:20:A3,-86,,0.000000,0.000000,0.000,0.000,Client
2026-05-15 07:42:25,1900-01-00 00:00:00,dlink-615_EXT,40:86:CB:27:D2:0C,-85, WPA2 ,0.000000,0.000000,0.000,0.000,AP
2026-05-15 07:42:25,1900-01-00 00:00:00,,9C:2F:9D:82:20:A3,-85,,0.000000,0.000000,0.000,0.000,Client
2026-05-15 07:42:25,1900-01-00 00:00:00,dlink-615_EXT,40:86:CB:27:D2:0C,-85, WPA2 ,0.000000,0.000000,0.000,0.000,AP
2026-05-15 07:42:25,1900-01-00 00:00:00,,9C:2F:9D:82:20:A3,-85,,0.000000,0.000000,0.000,0.000,Client
2026-05-15 07:42:25,1900-01-00 00:00:00,dlink-615_EXT,40:86:CB:27:D2:0C,-85, WPA2 ,0.000000,0.000000,0.000,0.000,AP
2026-05-15 07:42:25,1900-01-00 00:00:00,,9C:2F:9D:82:20:A3,-85,,0.000000,0.000000,0.000,0.000,Client
2026-05-15 07:42:25,1900-01-00 00:00:00,dlink-615_EXT,40:86:CB:27:D2:0C,-85, WPA2 ,0.000000,0.000000,0.000,0.000,AP
2026-05-15 07:42:25,1900-01-00 00:00:00,,9C:2F:9D:82:20:A3,-85,,0.000000,0.000000,0.000,0.000,Client
2026-05-15 07:42:25,1900-01-00 00:00:00,dlink-615_EXT,40:86:CB:27:D2:0C,-84, WPA2 ,0.000000,0.000000,0.000,0.000,AP
2026-05-15 07:42:25,1900-01-00 00:00:00,,9C:2F:9D:82:20:A3,-84,,0.000000,0.000000,0.000,0.000,Client
2026-05-15 07:42:25,1900-01-00 00:00:00,dlink-615_EXT,40:86:CB:27:D2:0C,-84, WPA2 ,0.000000,0.000000,0.000,0.000,AP
2026-05-15 07:42:25,1900-01-00 00:00:00,,9C:2F:9D:82:20:A3,-86,,0.000000,0.000000,0.000,0.000,Client
2026-05-15 07:42:25,1900-01-00 00:00:00,dlink-615_EXT,40:86:CB:27:D2:0C,-85, WPA2 ,0.000000,0.000000,0.000,0.000,AP
2026-05-15 07:42:25,1900-01-00 00:00:00,,9C:2F:9D:82:20:A3,-85,,0.000000,0.000000,0.000,0.000,Client
2026-05-15 07:42:25,1900-01-00 00:00:00,dlink-615_EXT,40:86:CB:27:D2:0C,-85, WPA2 ,0.000000,0.000000,0.000,0.000,AP
2026-05-15 07:42:25,1900-01-00 00:00:00,,9C:2F:9D:82:20:A3,-85,,0.000000,0.000000,0.000,0.000,Client
2026-05-15 07:42:25,1900-01-00 00:00:00,dlink-615_EXT,40:86:CB:27:D2:0C,-85, WPA2 ,0.000000,0.000000,0.000,0.000,AP
2026-05-15 07:42:25,1900-01-00 00:00:00,,9C:2F:9D:82:20:A3,-85,,0.000000,0.000000,0.000,0.000,Client
2026-05-15 07:42:25,1900-01-00 00:00:00,dlink-615_EXT,40:86:CB:27:D2:0C,-85, WPA2 ,0.000000,0.000000,0.000,0.000,AP
2026-05-15 07:42:25,1900-01-00 00:00:00,,9C:2F:9D:82:20:A3,-83,,0.000000,0.000000,0.000,0.000,Client
2026-05-15 07:42:25,1900-01-00 00:00:00,dlink-615_EXT,40:86:CB:27:D2:0C,-83, WPA2 ,0.000000,0.000000,0.000,0.000,AP
2026-05-15 07:42:25,1900-01-00 00:00:00,,9C:2F:9D:82:20:A3,-83,,0.000000,0.000000,0.000,0.000,Client
2026-05-15 07:42:25,1900-01-00 00:00:00,dlink-615_EXT,40:86:CB:27:D2:0C,-83, WPA2 ,0.000000,0.000000,0.000,0.000,AP
2026-05-15 07:42:25,1900-01-00 00:00:00,,9C:2F:9D:82:20:A3,-86,,0.000000,0.000000,0.000,0.000,Client
2026-05-15 07:42:25,1900-01-00 00:00:00,dlink-615_EXT,40:86:CB:27:D2:0C,-19, WPA2 ,0.000000,0.000000,0.000,0.000,AP
2026-05-15 07:42:25,1900-01-00 00:00:00,,9C:2F:9D:82:20:A3,-19,,0.000000,0.000000,0.000,0.000,Client
2026-05-15 07:42:25,1900-01-00 00:00:00,dlink-615_EXT,40:86:CB:27:D2:0C,-19, WPA2 ,0.000000,0.000000,0.000,0.000,AP
2026-05-15 07:42:25,1900-01-00 00:00:00,,9C:2F:9D:82:20:A3,-19,,0.000000,0.000000,0.000,0.000,Client
2026-05-15 07:42:25,1900-01-00 00:00:00,dlink-615_EXT,40:86:CB:27:D2:0C,-19, WPA2 ,0.000000,0.000000,0.000,0.000,AP
2026-05-15 07:42:25,1900-01-00 00:00:00,,9C:2F:9D:82:20:A3,-25,,0.000000,0.000000,0.000,0.000,Client
2026-05-15 07:42:25,1900-01-00 00:00:00,dlink-615_EXT,40:86:CB:27:D2:0C,-19, WPA2 ,0.000000,0.000000,0.000,0.000,AP
2026-05-15 07:42:25,1900-01-00 00:00:00,,9C:2F:9D:82:20:A3,-29,,0.000000,0.000000,0.000,0.000,Client
2026-05-15 07:42:25,1900-01-00 00:00:00,dlink-615_EXT,40:86:CB:27:D2:0C,-19, WPA2 ,0.000000,0.000000,0.000,0.000,AP
2026-05-15 07:42:25,1900-01-00 00:00:00,,9C:2F:9D:82:20:A3,-19,,0.000000,0.000000,0.000,0.000,Client
2026-05-15 07:42:25,1900-01-00 00:00:00,dlink-615_EXT,40:86:CB:27:D2:0C,-19, WPA2 ,0.000000,0.000000,0.000,0.000,AP
2026-05-15 07:42:25,1900-01-00 00:00:00,,9C:2F:9D:82:20:A3,-29,,0.000000,0.000000,0.000,0.000,Client
2026-05-15 07:42:25,1900-01-00 00:00:00,dlink-615_EXT,40:86:CB:27:D2:0C,-19, WPA2 ,0.000000,0.000000,0.000,0.000,AP
2026-05-15 07:42:25,1900-01-00 00:00:00,,9C:2F:9D:82:20:A3,-29,,0.000000,0.000000,0.000,0.000,Client
2026-05-15 07:42:25,1900-01-00 00:00:00,dlink-615_EXT,40:86:CB:27:D2:0C,-29, WPA2 ,0.000000,0.000000,0.000,0.000,AP
2026-05-15 07:42:25,1900-01-00 00:00:00,,9C:2F:9D:82:20:A3,-29,,0.000000,0.000000,0.000,0.000,Client
2026-05-15 07:42:25,1900-01-00 00:00:00,dlink-615_EXT,40:86:CB:27:D2:0C,-19, WPA2 ,0.000000,0.000000,0.000,0.000,AP
2026-05-15 07:42:25,1900-01-00 00:00:00,,9C:2F:9D:82:20:A3,-25,,0.000000,0.000000,0.000,0.000,Client
2026-05-15 07:42:25,1900-01-00 00:00:00,dlink-615_EXT,40:86:CB:27:D2:0C,-29, WPA2 ,0.000000,0.000000,0.000,0.000,AP
2026-05-15 07:42:25,1900-01-00 00:00:00,,9C:2F:9D:82:20:A3,-29,,0.000000,0.000000,0.000,0.000,Client
2026-05-15 07:42:25,1900-01-00 00:00:00,dlink-615_EXT,40:86:CB:27:D2:0C,-21, WPA2 ,0.000000,0.000000,0.000,0.000,AP
2026-05-15 07:42:25,1900-01-00 00:00:00,,9C:2F:9D:82:20:A3,-21,,0.000000,0.000000,0.000,0.000,Client
2026-05-15 07:42:25,1900-01-00 00:00:00,dlink-615_EXT,40:86:CB:27:D2:0C,-19, WPA2 ,0.000000,0.000000,0.000,0.000,AP
2026-05-15 07:42:25,1900-01-00 00:00:00,,9C:2F:9D:82:20:A3,-19,,0.000000,0.000000,0.000,0.000,Client
2026-05-15 07:42:25,1900-01-00 00:00:00,dlink-615_EXT,40:86:CB:27:D2:0C,-19, WPA2 ,0.000000,0.000000,0.000,0.000,AP
2026-05-15 07:42:25,1900-01-00 00:00:00,,9C:2F:9D:82:20:A3,-19,,0.000000,0.000000,0.000,0.000,Client
2026-05-15 07:42:25,1900-01-00 00:00:00,dlink-615_EXT,40:86:CB:27:D2:0C,-19, WPA2 ,0.000000,0.000000,0.000,0.000,AP
2026-05-15 07:42:25,1900-01-00 00:00:00,,9C:2F:9D:82:20:A3,-19,,0.000000,0.000000,0.000,0.000,Client
2026-05-15 07:42:25,1900-01-00 00:00:00,dlink-615_EXT,40:86:CB:27:D2:0C,-19, WPA2 ,0.000000,0.000000,0.000,0.000,AP
2026-05-15 07:42:25,1900-01-00 00:00:00,,9C:2F:9D:82:20:A3,-19,,0.000000,0.000000,0.000,0.000,Client
2026-05-15 07:42:25,1900-01-00 00:00:00,dlink-615_EXT,40:86:CB:27:D2:0C,-19, WPA2 ,0.000000,0.000000,0.000,0.000,AP
2026-05-15 07:42:25,1900-01-00 00:00:00,,9C:2F:9D:82:20:A3,-19,,0.000000,0.000000,0.000,0.000,Client
2026-05-15 07:42:25,1900-01-00 00:00:00,dlink-615_EXT,40:86:CB:27:D2:0C,-19, WPA2 ,0.000000,0.000000,0.000,0.000,AP
2026-05-15 07:42:25,1900-01-00 00:00:00,,9C:2F:9D:82:20:A3,-19,,0.000000,0.000000,0.000,0.000,Client
2026-05-15 07:42:25,1900-01-00 00:00:00,dlink-615_EXT,40:86:CB:27:D2:0C,-19, WPA2 ,0.000000,0.000000,0.000,0.000,AP
2026-05-15 07:42:25,1900-01-00 00:00:00,,9C:2F:9D:82:20:A3,-19,,0.000000,0.000000,0.000,0.000,Client
2026-05-15 07:42:25,1900-01-00 00:00:00,dlink-615_EXT,40:86:CB:27:D2:0C,-19, WPA2 ,0.000000,0.000000,0.000,0.000,AP
2026-05-15 07:42:25,1900-01-00 00:00:00,,9C:2F:9D:82:20:A3,-19,,0.000000,0.000000,0.000,0.000,Client
2026-05-15 07:42:25,1900-01-00 00:00:00,dlink-615_EXT,40:86:CB:27:D2:0C,-19, WPA2 ,0.000000,0.000000,0.000,0.000,AP
2026-05-15 07:42:25,1900-01-00 00:00:00,,9C:2F:9D:82:20:A3,-19,,0.000000,0.000000,0.000,0.000,Client
2026-05-15 07:42:25,1900-01-00 00:00:00,dlink-615_EXT,40:86:CB:27:D2:0C,-19, WPA2 ,0.000000,0.000000,0.000,0.000,AP
2026-05-15 07:42:25,1900-01-00 00:00:00,,9C:2F:9D:82:20:A3,-19,,0.000000,0.000000,0.000,0.000,Client
2026-05-15 07:42:25,1900-01-00 00:00:00,dlink-615_EXT,40:86:CB:27:D2:0C,-19, WPA2 ,0.000000,0.000000,0.000,0.000,AP
2026-05-15 07:42:25,1900-01-00 00:00:00,,9C:2F:9D:82:20:A3,-19,,0.000000,0.000000,0.000,0.000,Client
2026-05-15 07:42:25,1900-01-00 00:00:00,dlink-615_EXT,40:86:CB:27:D2:0C,-19, WPA2 ,0.000000,0.000000,0.000,0.000,AP
2026-05-15 07:42:25,1900-01-00 00:00:00,,9C:2F:9D:82:20:A3,-19,,0.000000,0.000000,0.000,0.000,Client
2026-05-15 07:42:25,1900-01-00 00:00:00,dlink-615_EXT,40:86:CB:27:D2:0C,-29, WPA2 ,0.000000,0.000000,0.000,0.000,AP
2026-05-15 07:42:25,1900-01-00 00:00:00,,9C:2F:9D:82:20:A3,-29,,0.000000,0.000000,0.000,0.000,Client
2026-05-15 07:42:25,1900-01-00 00:00:00,dlink-615_EXT,40:86:CB:27:D2:0C,-23, WPA2 ,0.000000,0.000000,0.000,0.000,AP
2026-05-15 07:42:25,1900-01-00 00:00:00,,9C:2F:9D:82:20:A3,-29,,0.000000,0.000000,0.000,0.000,Client
2026-05-15 07:42:25,1900-01-00 00:00:00,dlink-615_EXT,40:86:CB:27:D2:0C,-19, WPA2 ,0.000000,0.000000,0.000,0.000,AP
2026-05-15 07:42:25,1900-01-00 00:00:00,,9C:2F:9D:82:20:A3,-25,,0.000000,0.000000,0.000,0.000,Client
2026-05-15 07:42:25,1900-01-00 00:00:00,dlink-615_EXT,40:86:CB:27:D2:0C,-21, WPA2 ,0.000000,0.000000,0.000,0.000,AP
2026-05-15 07:42:25,1900-01-00 00:00:00,,9C:2F:9D:82:20:A3,-29,,0.000000,0.000000,0.000,0.000,Client
2026-05-15 07:42:25,1900-01-00 00:00:00,dlink-615_EXT,40:86:CB:27:D2:0C,-19, WPA2 ,0.000000,0.000000,0.000,0.000,AP
2026-05-15 07:42:25,1900-01-00 00:00:00,,9C:2F:9D:82:20:A3,-19,,0.000000,0.000000,0.000,0.000,Client
2026-05-15 07:42:25,1900-01-00 00:00:00,dlink-615_EXT,40:86:CB:27:D2:0C,-19, WPA2 ,0.000000,0.000000,0.000,0.000,AP
2026-05-15 07:42:25,1900-01-00 00:00:00,,9C:2F:9D:82:20:A3,-19,,0.000000,0.000000,0.000,0.000,Client
2026-05-15 07:42:25,1900-01-00 00:00:00,dlink-615_EXT,40:86:CB:27:D2:0C,-21, WPA2 ,0.000000,0.000000,0.000,0.000,AP
2026-05-15 07:42:25,1900-01-00 00:00:00,,9C:2F:9D:82:20:A3,-21,,0.000000,0.000000,0.000,0.000,Client
2026-05-15 07:42:25,1900-01-00 00:00:00,dlink-615_EXT,40:86:CB:27:D2:0C,-19, WPA2 ,0.000000,0.000000,0.000,0.000,AP
2026-05-15 07:42:25,1900-01-00 00:00:00,,9C:2F:9D:82:20:A3,-19,,0.000000,0.000000,0.000,0.000,Client
2026-05-15 07:42:25,1900-01-00 00:00:00,dlink-615_EXT,40:86:CB:27:D2:0C,-21, WPA2 ,0.000000,0.000000,0.000,0.000,AP
2026-05-15 07:42:25,1900-01-00 00:00:00,,9C:2F:9D:82:20:A3,-21,,0.000000,0.000000,0.000,0.000,Client
2026-05-15 07:42:25,1900-01-00 00:00:00,dlink-615_EXT,40:86:CB:27:D2:0C,-19, WPA2 ,0.000000,0.000000,0.000,0.000,AP
2026-05-15 07:42:25,1900-01-00 00:00:00,,9C:2F:9D:82:20:A3,-19,,0.000000,0.000000,0.000,0.000,Client
2026-05-15 07:42:25,1900-01-00 00:00:00,dlink-615_EXT,40:86:CB:27:D2:0C,-19, WPA2 ,0.000000,0.000000,0.000,0.000,AP
2026-05-15 07:42:25,1900-01-00 00:00:00,,9C:2F:9D:82:20:A3,-19,,0.000000,0.000000,0.000,0.000,Client
2026-05-15 07:42:25,1900-01-00 00:00:00,dlink-615_EXT,40:86:CB:27:D2:0C,-19, WPA2 ,0.000000,0.000000,0.000,0.000,AP
2026-05-15 07:42:25,1900-01-00 00:00:00,,9C:2F:9D:82:20:A3,-19,,0.000000,0.000000,0.000,0.000,Client
2026-05-15 07:42:25,1900-01-00 00:00:00,dlink-615_EXT,40:86:CB:27:D2:0C,-19, WPA2 ,0.000000,0.000000,0.000,0.000,AP
2026-05-15 07:42:25,1900-01-00 00:00:00,,9C:2F:9D:82:20:A3,-19,,0.000000,0.000000,0.000,0.000,Client
2026-05-15 07:42:25,1900-01-00 00:00:00,dlink-615_EXT,40:86:CB:27:D2:0C,-19, WPA2 ,0.000000,0.000000,0.000,0.000,AP
2026-05-15 07:42:25,1900-01-00 00:00:00,,9C:2F:9D:82:20:A3,-19,,0.000000,0.000000,0.000,0.000,Client
2026-05-15 07:42:25,1900-01-00 00:00:00,dlink-615_EXT,40:86:CB:27:D2:0C,-21, WPA2 ,0.000000,0.000000,0.000,0.000,AP
2026-05-15 07:42:25,1900-01-00 00:00:00,,9C:2F:9D:82:20:A3,-21,,0.000000,0.000000,0.000,0.000,Client
2026-05-15 07:42:25,1900-01-00 00:00:00,dlink-615_EXT,40:86:CB:27:D2:0C,-21, WPA2 ,0.000000,0.000000,0.000,0.000,AP
2026-05-15 07:42:25,1900-01-00 00:00:00,,9C:2F:9D:82:20:A3,-21,,0.000000,0.000000,0.000,0.000,Client
2026-05-15 07:42:25,1900-01-00 00:00:00,dlink-615_EXT,40:86:CB:27:D2:0C,-19, WPA2 ,0.000000,0.000000,0.000,0.000,AP
2026-05-15 07:42:25,1900-01-00 00:00:00,,9C:2F:9D:82:20:A3,-19,,0.000000,0.000000,0.000,0.000,Client
2026-05-15 07:42:25,1900-01-00 00:00:00,dlink-615_EXT,40:86:CB:27:D2:0C,-19, WPA2 ,0.000000,0.000000,0.000,0.000,AP
2026-05-15 07:42:25,1900-01-00 00:00:00,,9C:2F:9D:82:20:A3,-19,,0.000000,0.000000,0.000,0.000,Client
2026-05-15 07:42:25,1900-01-00 00:00:00,dlink-615_EXT,40:86:CB:27:D2:0C,-19, WPA2 ,0.000000,0.000000,0.000,0.000,AP
2026-05-15 07:42:25,1900-01-00 00:00:00,,9C:2F:9D:82:20:A3,-19,,0.000000,0.000000,0.000,0.000,Client
2026-05-15 07:42:25,1900-01-00 00:00:00,dlink-615_EXT,40:86:CB:27:D2:0C,-21, WPA2 ,0.000000,0.000000,0.000,0.000,AP
2026-05-15 07:42:25,1900-01-00 00:00:00,,9C:2F:9D:82:20:A3,-21,,0.000000,0.000000,0.000,0.000,Client
2026-05-15 07:42:25,1900-01-00 00:00:00,dlink-615_EXT,40:86:CB:27:D2:0C,-19, WPA2 ,0.000000,0.000000,0.000,0.000,AP
2026-05-15 07:42:25,1900-01-00 00:00:00,,9C:2F:9D:82:20:A3,-19,,0.000000,0.000000,0.000,0.000,Client
2026-05-15 07:42:25,1900-01-00 00:00:00,dlink-615_EXT,40:86:CB:27:D2:0C,-19, WPA2 ,0.000000,0.000000,0.000,0.000,AP
2026-05-15 07:42:25,1900-01-00 00:00:00,,9C:2F:9D:82:20:A3,-19,,0.000000,0.000000,0.000,0.000,Client
2026-05-15 07:42:25,1900-01-00 00:00:00,dlink-615_EXT,40:86:CB:27:D2:0C,-19, WPA2 ,0.000000,0.000000,0.000,0.000,AP
2026-05-15 07:42:25,1900-01-00 00:00:00,,9C:2F:9D:82:20:A3,-19,,0.000000,0.000000,0.000,0.000,Client
2026-05-15 07:42:25,1900-01-00 00:00:00,dlink-615_EXT,40:86:CB:27:D2:0C,-19, WPA2 ,0.000000,0.000000,0.000,0.000,AP
2026-05-15 07:42:25,1900-01-00 00:00:00,,9C:2F:9D:82:20:A3,-19,,0.000000,0.000000,0.000,0.000,Client
2026-05-15 07:42:25,1900-01-00 00:00:00,dlink-615_EXT,40:86:CB:27:D2:0C,-19, WPA2 ,0.000000,0.000000,0.000,0.000,AP
2026-05-15 07:42:25,1900-01-00 00:00:00,,9C:2F:9D:82:20:A3,-19,,0.000000,0.000000,0.000,0.000,Client
2026-05-15 07:42:25,1900-01-00 00:00:00,dlink-615_EXT,40:86:CB:27:D2:0C,-19, WPA2 ,0.000000,0.000000,0.000,0.000,AP
2026-05-15 07:42:25,1900-01-00 00:00:00,,9C:2F:9D:82:20:A3,-19,,0.000000,0.000000,0.000,0.000,Client
2026-05-15 07:42:25,1900-01-00 00:00:00,dlink-615_EXT,40:86:CB:27:D2:0C,-19, WPA2 ,0.000000,0.000000,0.000,0.000,AP
2026-05-15 07:42:25,1900-01-00 00:00:00,,9C:2F:9D:82:20:A3,-19,,0.000000,0.000000,0.000,0.000,Client
2026-05-15 07:42:25,1900-01-00 00:00:00,dlink-615_EXT,40:86:CB:27:D2:0C,-19, WPA2 ,0.000000,0.000000,0.000,0.000,AP
2026-05-15 07:42:25,1900-01-00 00:00:00,,9C:2F:9D:82:20:A3,-19,,0.000000,0.000000,0.000,0.000,Client
2026-05-15 07:42:25,1900-01-00 00:00:00,dlink-615_EXT,40:86:CB:27:D2:0C,-19, WPA2 ,0.000000,0.000000,0.000,0.000,AP
2026-05-15 07:42:25,1900-01-00 00:00:00,,9C:2F:9D:82:20:A3,-19,,0.000000,0.000000,0.000,0.000,Client
2026-05-15 07:42:25,1900-01-00 00:00:00,dlink-615_EXT,40:86:CB:27:D2:0C,-19, WPA2 ,0.000000,0.000000,0.000,0.000,AP
2026-05-15 07:42:25,1900-01-00 00:00:00,,9C:2F:9D:82:20:A3,-19,,0.000000,0.000000,0.000,0.000,Client
2026-05-15 07:42:25,1900-01-00 00:00:00,dlink-615_EXT,40:86:CB:27:D2:0C,-19, WPA2 ,0.000000,0.000000,0.000,0.000,AP
2026-05-15 07:42:25,1900-01-00 00:00:00,,9C:2F:9D:82:20:A3,-19,,0.000000,0.000000,0.000,0.000,Client
2026-05-15 07:42:25,1900-01-00 00:00:00,dlink-615_EXT,40:86:CB:27:D2:0C,-19, WPA2 ,0.000000,0.000000,0.000,0.000,AP
2026-05-15 07:42:25,1900-01-00 00:00:00,,9C:2F:9D:82:20:A3,-19,,0.000000,0.000000,0.000,0.000,Client
2026-05-15 07:42:25,1900-01-00 00:00:00,dlink-615_EXT,40:86:CB:27:D2:0C,-19, WPA2 ,0.000000,0.000000,0.000,0.000,AP
2026-05-15 07:42:25,1900-01-00 00:00:00,,9C:2F:9D:82:20:A3,-19,,0.000000,0.000000,0.000,0.000,Client
2026-05-15 07:42:25,1900-01-00 00:00:00,dlink-615_EXT,40:86:CB:27:D2:0C,-23, WPA2 ,0.000000,0.000000,0.000,0.000,AP
2026-05-15 07:42:25,1900-01-00 00:00:00,,9C:2F:9D:82:20:A3,-23,,0.000000,0.000000,0.000,0.000,Client
2026-05-15 07:42:25,1900-01-00 00:00:00,dlink-615_EXT,40:86:CB:27:D2:0C,-19, WPA2 ,0.000000,0.000000,0.000,0.000,AP
2026-05-15 07:42:25,1900-01-00 00:00:00,,9C:2F:9D:82:20:A3,-19,,0.000000,0.000000,0.000,0.000,Client
2026-05-15 07:42:25,1900-01-00 00:00:00,dlink-615_EXT,40:86:CB:27:D2:0C,-19, WPA2 ,0.000000,0.000000,0.000,0.000,AP
2026-05-15 07:42:25,1900-01-00 00:00:00,,9C:2F:9D:82:20:A3,-19,,0.000000,0.000000,0.000,0.000,Client
2026-05-15 07:42:25,1900-01-00 00:00:00,dlink-615_EXT,40:86:CB:27:D2:0C,-19, WPA2 ,0.000000,0.000000,0.000,0.000,AP
2026-05-15 07:42:25,1900-01-00 00:00:00,,9C:2F:9D:82:20:A3,-19,,0.000000,0.000000,0.000,0.000,Client
2026-05-15 07:42:25,1900-01-00 00:00:00,dlink-615_EXT,40:86:CB:27:D2:0C,-19, WPA2 ,0.000000,0.000000,0.000,0.000,AP
2026-05-15 07:42:25,1900-01-00 00:00:00,,9C:2F:9D:82:20:A3,-19,,0.000000,0.000000,0.000,0.000,Client
2026-05-15 07:42:25,1900-01-00 00:00:00,dlink-615_EXT,40:86:CB:27:D2:0C,-19, WPA2 ,0.000000,0.000000,0.000,0.000,AP
2026-05-15 07:42:25,1900-01-00 00:00:00,,9C:2F:9D:82:20:A3,-19,,0.000000,0.000000,0.000,0.000,Client
2026-05-15 07:42:25,1900-01-00 00:00:00,dlink-615_EXT,40:86:CB:27:D2:0C,-19, WPA2 ,0.000000,0.000000,0.000,0.000,AP
2026-05-15 07:42:25,1900-01-00 00:00:00,,9C:2F:9D:82:20:A3,-19,,0.000000,0.000000,0.000,0.000,Client
2026-05-15 07:42:25,1900-01-00 00:00:00,dlink-615_EXT,40:86:CB:27:D2:0C,-19, WPA2 ,0.000000,0.000000,0.000,0.000,AP
2026-05-15 07:42:25,1900-01-00 00:00:00,,9C:2F:9D:82:20:A3,-19,,0.000000,0.000000,0.000,0.000,Client
2026-05-15 07:42:25,1900-01-00 00:00:00,dlink-615_EXT,40:86:CB:27:D2:0C,-19, WPA2 ,0.000000,0.000000,0.000,0.000,AP
2026-05-15 07:42:25,1900-01-00 00:00:00,,9C:2F:9D:82:20:A3,-19,,0.000000,0.000000,0.000,0.000,Client
2026-05-15 07:42:25,1900-01-00 00:00:00,dlink-615_EXT,40:86:CB:27:D2:0C,-21, WPA2 ,0.000000,0.000000,0.000,0.000,AP
2026-05-15 07:42:25,1900-01-00 00:00:00,,9C:2F:9D:82:20:A3,-21,,0.000000,0.000000,0.000,0.000,Client
2026-05-15 07:42:25,1900-01-00 00:00:00,dlink-615_EXT,40:86:CB:27:D2:0C,-19, WPA2 ,0.000000,0.000000,0.000,0.000,AP
2026-05-15 07:42:25,1900-01-00 00:00:00,,9C:2F:9D:82:20:A3,-19,,0.000000,0.000000,0.000,0.000,Client
2026-05-15 07:42:25,1900-01-00 00:00:00,dlink-615_EXT,40:86:CB:27:D2:0C,-19, WPA2 ,0.000000,0.000000,0.000,0.000,AP
2026-05-15 07:42:25,1900-01-00 00:00:00,,9C:2F:9D:82:20:A3,-19,,0.000000,0.000000,0.000,0.000,Client
2026-05-15 07:42:25,1900-01-00 00:00:00,dlink-615_EXT,40:86:CB:27:D2:0C,-19, WPA2 ,0.000000,0.000000,0.000,0.000,AP
2026-05-15 07:42:25,1900-01-00 00:00:00,,9C:2F:9D:82:20:A3,-19,,0.000000,0.000000,0.000,0.000,Client
2026-05-15 07:42:25,1900-01-00 00:00:00,dlink-615_EXT,40:86:CB:27:D2:0C,-19, WPA2 ,0.000000,0.000000,0.000,0.000,AP
2026-05-15 07:42:26,1900-01-00 00:00:00,,9C:2F:9D:82:20:A3,-19,,0.000000,0.000000,0.000,0.000,Client
2026-05-15 07:42:26,1900-01-00 00:00:00,dlink-615_EXT,40:86:CB:27:D2:0C,-19, WPA2 ,0.000000,0.000000,0.000,0.000,AP
2026-05-15 07:42:26,1900-01-00 00:00:00,,9C:2F:9D:82:20:A3,-19,,0.000000,0.000000,0.000,0.000,Client
2026-05-15 07:42:26,1900-01-00 00:00:00,dlink-615_EXT,40:86:CB:27:D2:0C,-19, WPA2 ,0.000000,0.000000,0.000,0.000,AP
2026-05-15 07:42:26,1900-01-00 00:00:00,,9C:2F:9D:82:20:A3,-19,,0.000000,0.000000,0.000,0.000,Client
2026-05-15 07:42:26,1900-01-00 00:00:00,dlink-615_EXT,40:86:CB:27:D2:0C,-19, WPA2 ,0.000000,0.000000,0.000,0.000,AP
2026-05-15 07:42:26,1900-01-00 00:00:00,,9C:2F:9D:82:20:A3,-19,,0.000000,0.000000,0.000,0.000,Client
2026-05-15 07:42:26,1900-01-00 00:00:00,dlink-615_EXT,40:86:CB:27:D2:0C,-19, WPA2 ,0.000000,0.000000,0.000,0.000,AP
2026-05-15 07:42:26,1900-01-00 00:00:00,,9C:2F:9D:82:20:A3,-19,,0.000000,0.000000,0.000,0.000,Client
2026-05-15 07:42:26,1900-01-00 00:00:00,dlink-615_EXT,40:86:CB:27:D2:0C,-25, WPA2 ,0.000000,0.000000,0.000,0.000,AP
2026-05-15 07:42:26,1900-01-00 00:00:00,,9C:2F:9D:82:20:A3,-25,,0.000000,0.000000,0.000,0.000,Client
2026-05-15 07:42:26,1900-01-00 00:00:00,dlink-615_EXT,40:86:CB:27:D2:0C,-19, WPA2 ,0.000000,0.000000,0.000,0.000,AP
2026-05-15 07:42:26,1900-01-00 00:00:00,,9C:2F:9D:82:20:A3,-19,,0.000000,0.000000,0.000,0.000,Client
2026-05-15 07:42:26,1900-01-00 00:00:00,dlink-615_EXT,40:86:CB:27:D2:0C,-19, WPA2 ,0.000000,0.000000,0.000,0.000,AP
2026-05-15 07:42:26,1900-01-00 00:00:00,,9C:2F:9D:82:20:A3,-19,,0.000000,0.000000,0.000,0.000,Client
2026-05-15 07:42:26,1900-01-00 00:00:00,dlink-615_EXT,40:86:CB:27:D2:0C,-19, WPA2 ,0.000000,0.000000,0.000,0.000,AP
2026-05-15 07:42:26,1900-01-00 00:00:00,,9C:2F:9D:82:20:A3,-19,,0.000000,0.000000,0.000,0.000,Client
2026-05-15 07:42:26,1900-01-00 00:00:00,dlink-615_EXT,40:86:CB:27:D2:0C,-19, WPA2 ,0.000000,0.000000,0.000,0.000,AP
2026-05-15 07:42:26,1900-01-00 00:00:00,,9C:2F:9D:82:20:A3,-19,,0.000000,0.000000,0.000,0.000,Client
2026-05-15 07:42:26,1900-01-00 00:00:00,dlink-615_EXT,40:86:CB:27:D2:0C,-19, WPA2 ,0.000000,0.000000,0.000,0.000,AP
2026-05-15 07:42:26,1900-01-00 00:00:00,,9C:2F:9D:82:20:A3,-19,,0.000000,0.000000,0.000,0.000,Client
2026-05-15 07:42:26,1900-01-00 00:00:00,dlink-615_EXT,40:86:CB:27:D2:0C,-19, WPA2 ,0.000000,0.000000,0.000,0.000,AP
2026-05-15 07:42:26,1900-01-00 00:00:00,,9C:2F:9D:82:20:A3,-19,,0.000000,0.000000,0.000,0.000,Client
2026-05-15 07:42:26,1900-01-00 00:00:00,dlink-615_EXT,40:86:CB:27:D2:0C,-19, WPA2 ,0.000000,0.000000,0.000,0.000,AP
2026-05-15 07:42:26,1900-01-00 00:00:00,,9C:2F:9D:82:20:A3,-19,,0.000000,0.000000,0.000,0.000,Client
2026-05-15 07:42:26,1900-01-00 00:00:00,dlink-615_EXT,40:86:CB:27:D2:0C,-23, WPA2 ,0.000000,0.000000,0.000,0.000,AP
2026-05-15 07:42:26,1900-01-00 00:00:00,,9C:2F:9D:82:20:A3,-23,,0.000000,0.000000,0.000,0.000,Client
2026-05-15 07:42:26,1900-01-00 00:00:00,dlink-615_EXT,40:86:CB:27:D2:0C,-23, WPA2 ,0.000000,0.000000,0.000,0.000,AP
2026-05-15 07:42:26,1900-01-00 00:00:00,,9C:2F:9D:82:20:A3,-23,,0.000000,0.000000,0.000,0.000,Client
2026-05-15 07:42:26,1900-01-00 00:00:00,dlink-615_EXT,40:86:CB:27:D2:0C,-23, WPA2 ,0.000000,0.000000,0.000,0.000,AP
2026-05-15 07:42:26,1900-01-00 00:00:00,,9C:2F:9D:82:20:A3,-23,,0.000000,0.000000,0.000,0.000,Client
2026-05-15 07:42:26,1900-01-00 00:00:00,dlink-615_EXT,40:86:CB:27:D2:0C,-23, WPA2 ,0.000000,0.000000,0.000,0.000,AP
2026-05-15 07:42:26,1900-01-00 00:00:00,,9C:2F:9D:82:20:A3,-23,,0.000000,0.000000,0.000,0.000,Client
2026-05-15 07:42:26,1900-01-00 00:00:00,dlink-615_EXT,40:86:CB:27:D2:0C,-19, WPA2 ,0.000000,0.000000,0.000,0.000,AP
2026-05-15 07:42:26,1900-01-00 00:00:00,,9C:2F:9D:82:20:A3,-19,,0.000000,0.000000,0.000,0.000,Client
2026-05-15 07:42:26,1900-01-00 00:00:00,dlink-615_EXT,40:86:CB:27:D2:0C,-19, WPA2 ,0.000000,0.000000,0.000,0.000,AP
2026-05-15 07:42:26,1900-01-00 00:00:00,,9C:2F:9D:82:20:A3,-19,,0.000000,0.000000,0.000,0.000,Client
2026-05-15 07:42:26,1900-01-00 00:00:00,dlink-615_EXT,40:86:CB:27:D2:0C,-19, WPA2 ,0.000000,0.000000,0.000,0.000,AP
2026-05-15 07:42:26,1900-01-00 00:00:00,,9C:2F:9D:82:20:A3,-19,,0.000000,0.000000,0.000,0.000,Client
2026-05-15 07:42:26,1900-01-00 00:00:00,dlink-615_EXT,40:86:CB:27:D2:0C,-19, WPA2 ,0.000000,0.000000,0.000,0.000,AP
2026-05-15 07:42:26,1900-01-00 00:00:00,,9C:2F:9D:82:20:A3,-19,,0.000000,0.000000,0.000,0.000,Client
2026-05-15 07:42:26,1900-01-00 00:00:00,dlink-615_EXT,40:86:CB:27:D2:0C,-19, WPA2 ,0.000000,0.000000,0.000,0.000,AP
2026-05-15 07:42:26,1900-01-00 00:00:00,,9C:2F:9D:82:20:A3,-19,,0.000000,0.000000,0.000,0.000,Client
2026-05-15 07:42:26,1900-01-00 00:00:00,dlink-615_EXT,40:86:CB:27:D2:0C,-19, WPA2 ,0.000000,0.000000,0.000,0.000,AP
2026-05-15 07:42:26,1900-01-00 00:00:00,,9C:2F:9D:82:20:A3,-19,,0.000000,0.000000,0.000,0.000,Client
2026-05-15 07:42:26,1900-01-00 00:00:00,dlink-615_EXT,40:86:CB:27:D2:0C,-19, WPA2 ,0.000000,0.000000,0.000,0.000,AP
2026-05-15 07:42:26,1900-01-00 00:00:00,,9C:2F:9D:82:20:A3,-19,,0.000000,0.000000,0.000,0.000,Client
2026-05-15 07:42:26,1900-01-00 00:00:00,dlink-615_EXT,40:86:CB:27:D2:0C,-19, WPA2 ,0.000000,0.000000,0.000,0.000,AP
2026-05-15 07:42:26,1900-01-00 00:00:00,,9C:2F:9D:82:20:A3,-19,,0.000000,0.000000,0.000,0.000,Client
2026-05-15 07:42:26,1900-01-00 00:00:00,dlink-615_EXT,40:86:CB:27:D2:0C,-19, WPA2 ,0.000000,0.000000,0.000,0.000,AP
2026-05-15 07:42:26,1900-01-00 00:00:00,,9C:2F:9D:82:20:A3,-19,,0.000000,0.000000,0.000,0.000,Client
2026-05-15 07:42:26,1900-01-00 00:00:00,dlink-615_EXT,40:86:CB:27:D2:0C,-19, WPA2 ,0.000000,0.000000,0.000,0.000,AP
2026-05-15 07:42:26,1900-01-00 00:00:00,,9C:2F:9D:82:20:A3,-19,,0.000000,0.000000,0.000,0.000,Client
2026-05-15 07:42:26,1900-01-00 00:00:00,dlink-615_EXT,40:86:CB:27:D2:0C,-19, WPA2 ,0.000000,0.000000,0.000,0.000,AP
2026-05-15 07:42:26,1900-01-00 00:00:00,,9C:2F:9D:82:20:A3,-19,,0.000000,0.000000,0.000,0.000,Client
2026-05-15 07:42:26,1900-01-00 00:00:00,dlink-615_EXT,40:86:CB:27:D2:0C,-19, WPA2 ,0.000000,0.000000,0.000,0.000,AP
2026-05-15 07:42:26,1900-01-00 00:00:00,,9C:2F:9D:82:20:A3,-19,,0.000000,0.000000,0.000,0.000,Client
2026-05-15 07:42:26,1900-01-00 00:00:00,dlink-615_EXT,40:86:CB:27:D2:0C,-19, WPA2 ,0.000000,0.000000,0.000,0.000,AP
2026-05-15 07:42:26,1900-01-00 00:00:00,,9C:2F:9D:82:20:A3,-19,,0.000000,0.000000,0.000,0.000,Client
2026-05-15 07:42:26,1900-01-00 00:00:00,dlink-615_EXT,40:86:CB:27:D2:0C,-19, WPA2 ,0.000000,0.000000,0.000,0.000,AP
2026-05-15 07:42:26,1900-01-00 00:00:00,,9C:2F:9D:82:20:A3,-19,,0.000000,0.000000,0.000,0.000,Client
2026-05-15 07:42:26,1900-01-00 00:00:00,dlink-615_EXT,40:86:CB:27:D2:0C,-19, WPA2 ,0.000000,0.000000,0.000,0.000,AP
2026-05-15 07:42:26,1900-01-00 00:00:00,,9C:2F:9D:82:20:A3,-19,,0.000000,0.000000,0.000,0.000,Client
2026-05-15 07:42:26,1900-01-00 00:00:00,dlink-615_EXT,40:86:CB:27:D2:0C,-21, WPA2 ,0.000000,0.000000,0.000,0.000,AP
2026-05-15 07:42:26,1900-01-00 00:00:00,,9C:2F:9D:82:20:A3,-21,,0.000000,0.000000,0.000,0.000,Client
2026-05-15 07:42:26,1900-01-00 00:00:00,dlink-615_EXT,40:86:CB:27:D2:0C,-19, WPA2 ,0.000000,0.000000,0.000,0.000,AP
2026-05-15 07:42:26,1900-01-00 00:00:00,,9C:2F:9D:82:20:A3,-19,,0.000000,0.000000,0.000,0.000,Client
2026-05-15 07:42:26,1900-01-00 00:00:00,dlink-615_EXT,40:86:CB:27:D2:0C,-21, WPA2 ,0.000000,0.000000,0.000,0.000,AP
2026-05-15 07:42:26,1900-01-00 00:00:00,,9C:2F:9D:82:20:A3,-21,,0.000000,0.000000,0.000,0.000,Client
2026-05-15 07:42:26,1900-01-00 00:00:00,dlink-615_EXT,40:86:CB:27:D2:0C,-37, WPA2 ,0.000000,0.000000,0.000,0.000,AP
2026-05-15 07:42:26,1900-01-00 00:00:00,,9C:2F:9D:82:20:A3,-33,,0.000000,0.000000,0.000,0.000,Client
2026-05-15 07:42:26,1900-01-00 00:00:00,dlink-615_EXT,40:86:CB:27:D2:0C,-19, WPA2 ,0.000000,0.000000,0.000,0.000,AP
2026-05-15 07:42:26,1900-01-00 00:00:00,,9C:2F:9D:82:20:A3,-19,,0.000000,0.000000,0.000,0.000,Client
2026-05-15 07:42:26,1900-01-00 00:00:00,dlink-615_EXT,40:86:CB:27:D2:0C,-33, WPA2 ,0.000000,0.000000,0.000,0.000,AP
2026-05-15 07:42:26,1900-01-00 00:00:00,,9C:2F:9D:82:20:A3,-33,,0.000000,0.000000,0.000,0.000,Client
2026-05-15 07:42:26,1900-01-00 00:00:00,dlink-615_EXT,40:86:CB:27:D2:0C,-23, WPA2 ,0.000000,0.000000,0.000,0.000,AP
2026-05-15 07:42:26,1900-01-00 00:00:00,,9C:2F:9D:82:20:A3,-33,,0.000000,0.000000,0.000,0.000,Client
2026-05-15 07:42:26,1900-01-00 00:00:00,dlink-615_EXT,40:86:CB:27:D2:0C,-21, WPA2 ,0.000000,0.000000,0.000,0.000,AP
2026-05-15 07:42:26,1900-01-00 00:00:00,,9C:2F:9D:82:20:A3,-21,,0.000000,0.000000,0.000,0.000,Client
2026-05-15 07:42:26,1900-01-00 00:00:00,dlink-615_EXT,40:86:CB:27:D2:0C,-21, WPA2 ,0.000000,0.000000,0.000,0.000,AP
2026-05-15 07:42:26,1900-01-00 00:00:00,,9C:2F:9D:82:20:A3,-31,,0.000000,0.000000,0.000,0.000,Client
2026-05-15 07:42:26,1900-01-00 00:00:00,dlink-615_EXT,40:86:CB:27:D2:0C,-19, WPA2 ,0.000000,0.000000,0.000,0.000,AP
2026-05-15 07:42:26,1900-01-00 00:00:00,,9C:2F:9D:82:20:A3,-37,,0.000000,0.000000,0.000,0.000,Client
2026-05-15 07:42:26,1900-01-00 00:00:00,dlink-615_EXT,40:86:CB:27:D2:0C,-19, WPA2 ,0.000000,0.000000,0.000,0.000,AP
2026-05-15 07:42:26,1900-01-00 00:00:00,,9C:2F:9D:82:20:A3,-27,,0.000000,0.000000,0.000,0.000,Client
2026-05-15 07:42:26,1900-01-00 00:00:00,dlink-615_EXT,40:86:CB:27:D2:0C,-19, WPA2 ,0.000000,0.000000,0.000,0.000,AP
2026-05-15 07:42:26,1900-01-00 00:00:00,,9C:2F:9D:82:20:A3,-19,,0.000000,0.000000,0.000,0.000,Client
2026-05-15 07:42:26,1900-01-00 00:00:00,dlink-615_EXT,40:86:CB:27:D2:0C,-19, WPA2 ,0.000000,0.000000,0.000,0.000,AP
2026-05-15 07:42:26,1900-01-00 00:00:00,,9C:2F:9D:82:20:A3,-27,,0.000000,0.000000,0.000,0.000,Client
2026-05-15 07:42:26,1900-01-00 00:00:00,dlink-615_EXT,40:86:CB:27:D2:0C,-23, WPA2 ,0.000000,0.000000,0.000,0.000,AP
2026-05-15 07:42:26,1900-01-00 00:00:00,,9C:2F:9D:82:20:A3,-27,,0.000000,0.000000,0.000,0.000,Client
2026-05-15 07:42:26,1900-01-00 00:00:00,dlink-615_EXT,40:86:CB:27:D2:0C,-19, WPA2 ,0.000000,0.000000,0.000,0.000,AP
2026-05-15 07:42:26,1900-01-00 00:00:00,,9C:2F:9D:82:20:A3,-19,,0.000000,0.000000,0.000,0.000,Client
2026-05-15 07:42:26,1900-01-00 00:00:00,dlink-615_EXT,40:86:CB:27:D2:0C,-21, WPA2 ,0.000000,0.000000,0.000,0.000,AP
2026-05-15 07:42:26,1900-01-00 00:00:00,,9C:2F:9D:82:20:A3,-27,,0.000000,0.000000,0.000,0.000,Client
2026-05-15 07:42:26,1900-01-00 00:00:00,dlink-615_EXT,40:86:CB:27:D2:0C,-19, WPA2 ,0.000000,0.000000,0.000,0.000,AP
2026-05-15 07:42:26,1900-01-00 00:00:00,,9C:2F:9D:82:20:A3,-19,,0.000000,0.000000,0.000,0.000,Client
2026-05-15 07:42:26,1900-01-00 00:00:00,dlink-615_EXT,40:86:CB:27:D2:0C,-21, WPA2 ,0.000000,0.000000,0.000,0.000,AP
2026-05-15 07:42:26,1900-01-00 00:00:00,,9C:2F:9D:82:20:A3,-21,,0.000000,0.000000,0.000,0.000,Client
2026-05-15 07:42:26,1900-01-00 00:00:00,dlink-615_EXT,40:86:CB:27:D2:0C,-29, WPA2 ,0.000000,0.000000,0.000,0.000,AP
2026-05-15 07:42:26,1900-01-00 00:00:00,,9C:2F:9D:82:20:A3,-29,,0.000000,0.000000,0.000,0.000,Client
2026-05-15 07:42:26,1900-01-00 00:00:00,dlink-615_EXT,40:86:CB:27:D2:0C,-29, WPA2 ,0.000000,0.000000,0.000,0.000,AP
2026-05-15 07:42:26,1900-01-00 00:00:00,,9C:2F:9D:82:20:A3,-29,,0.000000,0.000000,0.000,0.000,Client
2026-05-15 07:42:26,1900-01-00 00:00:00,dlink-615_EXT,40:86:CB:27:D2:0C,-29, WPA2 ,0.000000,0.000000,0.000,0.000,AP
2026-05-15 07:42:26,1900-01-00 00:00:00,,9C:2F:9D:82:20:A3,-29,,0.000000,0.000000,0.000,0.000,Client
2026-05-15 07:42:26,1900-01-00 00:00:00,dlink-615_EXT,40:86:CB:27:D2:0C,-29, WPA2 ,0.000000,0.000000,0.000,0.000,AP
2026-05-15 07:42:26,1900-01-00 00:00:00,,9C:2F:9D:82:20:A3,-29,,0.000000,0.000000,0.000,0.000,Client
2026-05-15 07:42:26,1900-01-00 00:00:00,dlink-615_EXT,40:86:CB:27:D2:0C,-29, WPA2 ,0.000000,0.000000,0.000,0.000,AP
2026-05-15 07:42:26,1900-01-00 00:00:00,,9C:2F:9D:82:20:A3,-29,,0.000000,0.000000,0.000,0.000,Client
2026-05-15 07:42:26,1900-01-00 00:00:00,dlink-615_EXT,40:86:CB:27:D2:0C,-29, WPA2 ,0.000000,0.000000,0.000,0.000,AP
2026-05-15 07:42:26,1900-01-00 00:00:00,,9C:2F:9D:82:20:A3,-29,,0.000000,0.000000,0.000,0.000,Client
2026-05-15 07:42:26,1900-01-00 00:00:00,dlink-615_EXT,40:86:CB:27:D2:0C,-29, WPA2 ,0.000000,0.000000,0.000,0.000,AP
2026-05-15 07:42:26,1900-01-00 00:00:00,,9C:2F:9D:82:20:A3,-29,,0.000000,0.000000,0.000,0.000,Client
2026-05-15 07:42:26,1900-01-00 00:00:00,dlink-615_EXT,40:86:CB:27:D2:0C,-29, WPA2 ,0.000000,0.000000,0.000,0.000,AP
2026-05-15 07:42:26,1900-01-00 00:00:00,,9C:2F:9D:82:20:A3,-29,,0.000000,0.000000,0.000,0.000,Client
2026-05-15 07:42:26,1900-01-00 00:00:00,dlink-615_EXT,40:86:CB:27:D2:0C,-29, WPA2 ,0.000000,0.000000,0.000,0.000,AP
2026-05-15 07:42:26,1900-01-00 00:00:00,,9C:2F:9D:82:20:A3,-29,,0.000000,0.000000,0.000,0.000,Client
2026-05-15 07:42:26,1900-01-00 00:00:00,dlink-615_EXT,40:86:CB:27:D2:0C,-15, WPA2 ,0.000000,0.000000,0.000,0.000,AP
2026-05-15 07:42:26,1900-01-00 00:00:00,,9C:2F:9D:82:20:A3,-15,,0.000000,0.000000,0.000,0.000,Client
2026-05-15 07:42:26,1900-01-00 00:00:00,dlink-615_EXT,40:86:CB:27:D2:0C,-15, WPA2 ,0.000000,0.000000,0.000,0.000,AP
2026-05-15 07:42:26,1900-01-00 00:00:00,,9C:2F:9D:82:20:A3,-29,,0.000000,0.000000,0.000,0.000,Client
2026-05-15 07:42:26,1900-01-00 00:00:00,dlink-615_EXT,40:86:CB:27:D2:0C,-19, WPA2 ,0.000000,0.000000,0.000,0.000,AP
2026-05-15 07:42:26,1900-01-00 00:00:00,,9C:2F:9D:82:20:A3,-29,,0.000000,0.000000,0.000,0.000,Client
2026-05-15 07:42:26,1900-01-00 00:00:00,dlink-615_EXT,40:86:CB:27:D2:0C,-19, WPA2 ,0.000000,0.000000,0.000,0.000,AP
2026-05-15 07:42:26,1900-01-00 00:00:00,,9C:2F:9D:82:20:A3,-29,,0.000000,0.000000,0.000,0.000,Client
2026-05-15 07:42:26,1900-01-00 00:00:00,dlink-615_EXT,40:86:CB:27:D2:0C,-19, WPA2 ,0.000000,0.000000,0.000,0.000,AP
2026-05-15 07:42:26,1900-01-00 00:00:00,,9C:2F:9D:82:20:A3,-19,,0.000000,0.000000,0.000,0.000,Client
2026-05-15 07:42:26,1900-01-00 00:00:00,dlink-615_EXT,40:86:CB:27:D2:0C,-19, WPA2 ,0.000000,0.000000,0.000,0.000,AP
2026-05-15 07:42:26,1900-01-00 00:00:00,,9C:2F:9D:82:20:A3,-19,,0.000000,0.000000,0.000,0.000,Client
2026-05-15 07:42:26,1900-01-00 00:00:00,dlink-615_EXT,40:86:CB:27:D2:0C,-19, WPA2 ,0.000000,0.000000,0.000,0.000,AP
2026-05-15 07:42:26,1900-01-00 00:00:00,,9C:2F:9D:82:20:A3,-19,,0.000000,0.000000,0.000,0.000,Client
2026-05-15 07:42:26,1900-01-00 00:00:00,dlink-615_EXT,40:86:CB:27:D2:0C,-19, WPA2 ,0.000000,0.000000,0.000,0.000,AP
2026-05-15 07:42:26,1900-01-00 00:00:00,,9C:2F:9D:82:20:A3,-19,,0.000000,0.000000,0.000,0.000,Client
2026-05-15 07:42:26,1900-01-00 00:00:00,dlink-615_EXT,40:86:CB:27:D2:0C,-19, WPA2 ,0.000000,0.000000,0.000,0.000,AP
2026-05-15 07:42:26,1900-01-00 00:00:00,,9C:2F:9D:82:20:A3,-19,,0.000000,0.000000,0.000,0.000,Client
2026-05-15 07:42:26,1900-01-00 00:00:00,dlink-615_EXT,40:86:CB:27:D2:0C,-19, WPA2 ,0.000000,0.000000,0.000,0.000,AP
2026-05-15 07:42:26,1900-01-00 00:00:00,,9C:2F:9D:82:20:A3,-19,,0.000000,0.000000,0.000,0.000,Client
2026-05-15 07:42:26,1900-01-00 00:00:00,dlink-615_EXT,40:86:CB:27:D2:0C,-19, WPA2 ,0.000000,0.000000,0.000,0.000,AP
2026-05-15 07:42:26,1900-01-00 00:00:00,,9C:2F:9D:82:20:A3,-19,,0.000000,0.000000,0.000,0.000,Client
2026-05-15 07:42:26,1900-01-00 00:00:00,dlink-615_EXT,40:86:CB:27:D2:0C,-19, WPA2 ,0.000000,0.000000,0.000,0.000,AP
2026-05-15 07:42:26,1900-01-00 00:00:00,,9C:2F:9D:82:20:A3,-19,,0.000000,0.000000,0.000,0.000,Client
2026-05-15 07:42:26,1900-01-00 00:00:00,dlink-615_EXT,40:86:CB:27:D2:0C,-19, WPA2 ,0.000000,0.000000,0.000,0.000,AP
2026-05-15 07:42:26,1900-01-00 00:00:00,,9C:2F:9D:82:20:A3,-19,,0.000000,0.000000,0.000,0.000,Client
2026-05-15 07:42:26,1900-01-00 00:00:00,dlink-615_EXT,40:86:CB:27:D2:0C,-19, WPA2 ,0.000000,0.000000,0.000,0.000,AP
2026-05-15 07:42:26,1900-01-00 00:00:00,,9C:2F:9D:82:20:A3,-19,,0.000000,0.000000,0.000,0.000,Client
2026-05-15 07:42:26,1900-01-00 00:00:00,dlink-615_EXT,40:86:CB:27:D2:0C,-19, WPA2 ,0.000000,0.000000,0.000,0.000,AP
2026-05-15 07:42:26,1900-01-00 00:00:00,,9C:2F:9D:82:20:A3,-19,,0.000000,0.000000,0.000,0.000,Client
2026-05-15 07:42:26,1900-01-00 00:00:00,dlink-615_EXT,40:86:CB:27:D2:0C,-19, WPA2 ,0.000000,0.000000,0.000,0.000,AP
2026-05-15 07:42:26,1900-01-00 00:00:00,,9C:2F:9D:82:20:A3,-19,,0.000000,0.000000,0.000,0.000,Client
2026-05-15 07:42:26,1900-01-00 00:00:00,dlink-615_EXT,40:86:CB:27:D2:0C,-19, WPA2 ,0.000000,0.000000,0.000,0.000,AP
2026-05-15 07:42:26,1900-01-00 00:00:00,,9C:2F:9D:82:20:A3,-19,,0.000000,0.000000,0.000,0.000,Client
2026-05-15 07:42:26,1900-01-00 00:00:00,dlink-615_EXT,40:86:CB:27:D2:0C,-21, WPA2 ,0.000000,0.000000,0.000,0.000,AP
2026-05-15 07:42:26,1900-01-00 00:00:00,,9C:2F:9D:82:20:A3,-21,,0.000000,0.000000,0.000,0.000,Client
2026-05-15 07:42:26,1900-01-00 00:00:00,dlink-615_EXT,40:86:CB:27:D2:0C,-19, WPA2 ,0.000000,0.000000,0.000,0.000,AP
2026-05-15 07:42:26,1900-01-00 00:00:00,,9C:2F:9D:82:20:A3,-19,,0.000000,0.000000,0.000,0.000,Client
2026-05-15 07:42:26,1900-01-00 00:00:00,dlink-615_EXT,40:86:CB:27:D2:0C,-19, WPA2 ,0.000000,0.000000,0.000,0.000,AP
2026-05-15 07:42:26,1900-01-00 00:00:00,,9C:2F:9D:82:20:A3,-19,,0.000000,0.000000,0.000,0.000,Client
2026-05-15 07:42:26,1900-01-00 00:00:00,dlink-615_EXT,40:86:CB:27:D2:0C,-19, WPA2 ,0.000000,0.000000,0.000,0.000,AP
2026-05-15 07:42:26,1900-01-00 00:00:00,,9C:2F:9D:82:20:A3,-19,,0.000000,0.000000,0.000,0.000,Client
2026-05-15 07:42:26,1900-01-00 00:00:00,dlink-615_EXT,40:86:CB:27:D2:0C,-23, WPA2 ,0.000000,0.000000,0.000,0.000,AP
2026-05-15 07:42:26,1900-01-00 00:00:00,,9C:2F:9D:82:20:A3,-23,,0.000000,0.000000,0.000,0.000,Client
2026-05-15 07:42:26,1900-01-00 00:00:00,dlink-615_EXT,40:86:CB:27:D2:0C,-23, WPA2 ,0.000000,0.000000,0.000,0.000,AP
2026-05-15 07:42:26,1900-01-00 00:00:00,,9C:2F:9D:82:20:A3,-23,,0.000000,0.000000,0.000,0.000,Client
2026-05-15 07:42:26,1900-01-00 00:00:00,dlink-615_EXT,40:86:CB:27:D2:0C,-19, WPA2 ,0.000000,0.000000,0.000,0.000,AP
2026-05-15 07:42:26,1900-01-00 00:00:00,,9C:2F:9D:82:20:A3,-19,,0.000000,0.000000,0.000,0.000,Client
2026-05-15 07:42:26,1900-01-00 00:00:00,dlink-615_EXT,40:86:CB:27:D2:0C,-19, WPA2 ,0.000000,0.000000,0.000,0.000,AP
2026-05-15 07:42:26,1900-01-00 00:00:00,,9C:2F:9D:82:20:A3,-19,,0.000000,0.000000,0.000,0.000,Client
2026-05-15 07:42:26,1900-01-00 00:00:00,dlink-615_EXT,40:86:CB:27:D2:0C,-19, WPA2 ,0.000000,0.000000,0.000,0.000,AP
2026-05-15 07:42:26,1900-01-00 00:00:00,,9C:2F:9D:82:20:A3,-19,,0.000000,0.000000,0.000,0.000,Client
2026-05-15 07:42:26,1900-01-00 00:00:00,dlink-615_EXT,40:86:CB:27:D2:0C,-19, WPA2 ,0.000000,0.000000,0.000,0.000,AP
2026-05-15 07:42:26,1900-01-00 00:00:00,,9C:2F:9D:82:20:A3,-19,,0.000000,0.000000,0.000,0.000,Client
2026-05-15 07:42:26,1900-01-00 00:00:00,dlink-615_EXT,40:86:CB:27:D2:0C,-19, WPA2 ,0.000000,0.000000,0.000,0.000,AP
2026-05-15 07:42:26,1900-01-00 00:00:00,,9C:2F:9D:82:20:A3,-19,,0.000000,0.000000,0.000,0.000,Client
2026-05-15 07:42:26,1900-01-00 00:00:00,dlink-615_EXT,40:86:CB:27:D2:0C,-19, WPA2 ,0.000000,0.000000,0.000,0.000,AP
2026-05-15 07:42:26,1900-01-00 00:00:00,,9C:2F:9D:82:20:A3,-19,,0.000000,0.000000,0.000,0.000,Client
2026-05-15 07:42:26,1900-01-00 00:00:00,dlink-615_EXT,40:86:CB:27:D2:0C,-19, WPA2 ,0.000000,0.000000,0.000,0.000,AP
2026-05-15 07:42:26,1900-01-00 00:00:00,,9C:2F:9D:82:20:A3,-19,,0.000000,0.000000,0.000,0.000,Client
2026-05-15 07:42:26,1900-01-00 00:00:00,dlink-615_EXT,40:86:CB:27:D2:0C,-21, WPA2 ,0.000000,0.000000,0.000,0.000,AP
2026-05-15 07:42:26,1900-01-00 00:00:00,,9C:2F:9D:82:20:A3,-21,,0.000000,0.000000,0.000,0.000,Client
2026-05-15 07:42:26,1900-01-00 00:00:00,dlink-615_EXT,40:86:CB:27:D2:0C,-19, WPA2 ,0.000000,0.000000,0.000,0.000,AP
2026-05-15 07:42:26,1900-01-00 00:00:00,,9C:2F:9D:82:20:A3,-19,,0.000000,0.000000,0.000,0.000,Client
2026-05-15 07:42:26,1900-01-00 00:00:00,dlink-615_EXT,40:86:CB:27:D2:0C,-19, WPA2 ,0.000000,0.000000,0.000,0.000,AP
2026-05-15 07:42:26,1900-01-00 00:00:00,,9C:2F:9D:82:20:A3,-19,,0.000000,0.000000,0.000,0.000,Client
2026-05-15 07:42:26,1900-01-00 00:00:00,dlink-615_EXT,40:86:CB:27:D2:0C,-19, WPA2 ,0.000000,0.000000,0.000,0.000,AP
2026-05-15 07:42:26,1900-01-00 00:00:00,,9C:2F:9D:82:20:A3,-19,,0.000000,0.000000,0.000,0.000,Client
2026-05-15 07:42:26,1900-01-00 00:00:00,dlink-615_EXT,40:86:CB:27:D2:0C,-19, WPA2 ,0.000000,0.000000,0.000,0.000,AP
2026-05-15 07:42:26,1900-01-00 00:00:00,,9C:2F:9D:82:20:A3,-19,,0.000000,0.000000,0.000,0.000,Client
2026-05-15 07:42:26,1900-01-00 00:00:00,dlink-615_EXT,40:86:CB:27:D2:0C,-19, WPA2 ,0.000000,0.000000,0.000,0.000,AP
2026-05-15 07:42:26,1900-01-00 00:00:00,,9C:2F:9D:82:20:A3,-19,,0.000000,0.000000,0.000,0.000,Client
2026-05-15 07:42:26,1900-01-00 00:00:00,dlink-615_EXT,40:86:CB:27:D2:0C,-19, WPA2 ,0.000000,0.000000,0.000,0.000,AP
2026-05-15 07:42:26,1900-01-00 00:00:00,,9C:2F:9D:82:20:A3,-19,,0.000000,0.000000,0.000,0.000,Client
2026-05-15 07:42:26,1900-01-00 00:00:00,dlink-615_EXT,40:86:CB:27:D2:0C,-19, WPA2 ,0.000000,0.000000,0.000,0.000,AP
2026-05-15 07:42:26,1900-01-00 00:00:00,,9C:2F:9D:82:20:A3,-19,,0.000000,0.000000,0.000,0.000,Client
2026-05-15 07:42:26,1900-01-00 00:00:00,dlink-615_EXT,40:86:CB:27:D2:0C,-19, WPA2 ,0.000000,0.000000,0.000,0.000,AP
2026-05-15 07:42:26,1900-01-00 00:00:00,,9C:2F:9D:82:20:A3,-19,,0.000000,0.000000,0.000,0.000,Client
2026-05-15 07:42:26,1900-01-00 00:00:00,dlink-615_EXT,40:86:CB:27:D2:0C,-19, WPA2 ,0.000000,0.000000,0.000,0.000,AP
2026-05-15 07:42:26,1900-01-00 00:00:00,,9C:2F:9D:82:20:A3,-19,,0.000000,0.000000,0.000,0.000,Client
2026-05-15 07:42:26,1900-01-00 00:00:00,dlink-615_EXT,40:86:CB:27:D2:0C,-19, WPA2 ,0.000000,0.000000,0.000,0.000,AP
2026-05-15 07:42:26,1900-01-00 00:00:00,,9C:2F:9D:82:20:A3,-19,,0.000000,0.000000,0.000,0.000,Client
2026-05-15 07:42:26,1900-01-00 00:00:00,dlink-615_EXT,40:86:CB:27:D2:0C,-19, WPA2 ,0.000000,0.000000,0.000,0.000,AP
2026-05-15 07:42:26,1900-01-00 00:00:00,,9C:2F:9D:82:20:A3,-19,,0.000000,0.000000,0.000,0.000,Client
2026-05-15 07:42:26,1900-01-00 00:00:00,dlink-615_EXT,40:86:CB:27:D2:0C,-19, WPA2 ,0.000000,0.000000,0.000,0.000,AP
2026-05-15 07:42:26,1900-01-00 00:00:00,,9C:2F:9D:82:20:A3,-19,,0.000000,0.000000,0.000,0.000,Client
2026-05-15 07:42:26,1900-01-00 00:00:00,dlink-615_EXT,40:86:CB:27:D2:0C,-19, WPA2 ,0.000000,0.000000,0.000,0.000,AP
2026-05-15 07:42:26,1900-01-00 00:00:00,,9C:2F:9D:82:20:A3,-19,,0.000000,0.000000,0.000,0.000,Client
2026-05-15 07:42:26,1900-01-00 00:00:00,dlink-615_EXT,40:86:CB:27:D2:0C,-21, WPA2 ,0.000000,0.000000,0.000,0.000,AP
2026-05-15 07:42:26,1900-01-00 00:00:00,,9C:2F:9D:82:20:A3,-21,,0.000000,0.000000,0.000,0.000,Client
2026-05-15 07:42:26,1900-01-00 00:00:00,dlink-615_EXT,40:86:CB:27:D2:0C,-19, WPA2 ,0.000000,0.000000,0.000,0.000,AP
2026-05-15 07:42:26,1900-01-00 00:00:00,,9C:2F:9D:82:20:A3,-19,,0.000000,0.000000,0.000,0.000,Client
2026-05-15 07:42:26,1900-01-00 00:00:00,dlink-615_EXT,40:86:CB:27:D2:0C,-19, WPA2 ,0.000000,0.000000,0.000,0.000,AP
2026-05-15 07:42:26,1900-01-00 00:00:00,,9C:2F:9D:82:20:A3,-19,,0.000000,0.000000,0.000,0.000,Client
2026-05-15 07:42:26,1900-01-00 00:00:00,dlink-615_EXT,40:86:CB:27:D2:0C,-19, WPA2 ,0.000000,0.000000,0.000,0.000,AP
2026-05-15 07:42:26,1900-01-00 00:00:00,,9C:2F:9D:82:20:A3,-19,,0.000000,0.000000,0.000,0.000,Client
2026-05-15 07:42:26,1900-01-00 00:00:00,dlink-615_EXT,40:86:CB:27:D2:0C,-19, WPA2 ,0.000000,0.000000,0.000,0.000,AP
2026-05-15 07:42:26,1900-01-00 00:00:00,,9C:2F:9D:82:20:A3,-19,,0.000000,0.000000,0.000,0.000,Client
2026-05-15 07:42:26,1900-01-00 00:00:00,dlink-615_EXT,40:86:CB:27:D2:0C,-19, WPA2 ,0.000000,0.000000,0.000,0.000,AP
2026-05-15 07:42:26,1900-01-00 00:00:00,,9C:2F:9D:82:20:A3,-19,,0.000000,0.000000,0.000,0.000,Client
2026-05-15 07:42:26,1900-01-00 00:00:00,dlink-615_EXT,40:86:CB:27:D2:0C,-19, WPA2 ,0.000000,0.000000,0.000,0.000,AP
2026-05-15 07:42:26,1900-01-00 00:00:00,,9C:2F:9D:82:20:A3,-19,,0.000000,0.000000,0.000,0.000,Client
2026-05-15 07:42:26,1900-01-00 00:00:00,dlink-615_EXT,40:86:CB:27:D2:0C,-19, WPA2 ,0.000000,0.000000,0.000,0.000,AP
2026-05-15 07:42:26,1900-01-00 00:00:00,,9C:2F:9D:82:20:A3,-19,,0.000000,0.000000,0.000,0.000,Client
2026-05-15 07:42:26,1900-01-00 00:00:00,dlink-615_EXT,40:86:CB:27:D2:0C,-19, WPA2 ,0.000000,0.000000,0.000,0.000,AP
2026-05-15 07:42:26,1900-01-00 00:00:00,,9C:2F:9D:82:20:A3,-19,,0.000000,0.000000,0.000,0.000,Client
2026-05-15 07:42:26,1900-01-00 00:00:00,dlink-615_EXT,40:86:CB:27:D2:0C,-19, WPA2 ,0.000000,0.000000,0.000,0.000,AP
2026-05-15 07:42:26,1900-01-00 00:00:00,,9C:2F:9D:82:20:A3,-19,,0.000000,0.000000,0.000,0.000,Client
2026-05-15 07:42:26,1900-01-00 00:00:00,dlink-615_EXT,40:86:CB:27:D2:0C,-19, WPA2 ,0.000000,0.000000,0.000,0.000,AP
2026-05-15 07:42:26,1900-01-00 00:00:00,,9C:2F:9D:82:20:A3,-19,,0.000000,0.000000,0.000,0.000,Client
2026-05-15 07:42:26,1900-01-00 00:00:00,dlink-615_EXT,40:86:CB:27:D2:0C,-19, WPA2 ,0.000000,0.000000,0.000,0.000,AP
2026-05-15 07:42:26,1900-01-00 00:00:00,,9C:2F:9D:82:20:A3,-19,,0.000000,0.000000,0.000,0.000,Client
2026-05-15 07:42:26,1900-01-00 00:00:00,dlink-615_EXT,40:86:CB:27:D2:0C,-19, WPA2 ,0.000000,0.000000,0.000,0.000,AP
2026-05-15 07:42:26,1900-01-00 00:00:00,,9C:2F:9D:82:20:A3,-19,,0.000000,0.000000,0.000,0.000,Client
2026-05-15 07:42:26,1900-01-00 00:00:00,dlink-615_EXT,40:86:CB:27:D2:0C,-19, WPA2 ,0.000000,0.000000,0.000,0.000,AP
2026-05-15 07:42:26,1900-01-00 00:00:00,,9C:2F:9D:82:20:A3,-19,,0.000000,0.000000,0.000,0.000,Client
2026-05-15 07:42:26,1900-01-00 00:00:00,dlink-615_EXT,40:86:CB:27:D2:0C,-19, WPA2 ,0.000000,0.000000,0.000,0.000,AP
2026-05-15 07:42:26,1900-01-00 00:00:00,,9C:2F:9D:82:20:A3,-19,,0.000000,0.000000,0.000,0.000,Client
2026-05-15 07:42:26,1900-01-00 00:00:00,dlink-615_EXT,40:86:CB:27:D2:0C,-19, WPA2 ,0.000000,0.000000,0.000,0.000,AP
2026-05-15 07:42:26,1900-01-00 00:00:00,,9C:2F:9D:82:20:A3,-19,,0.000000,0.000000,0.000,0.000,Client
2026-05-15 07:42:26,1900-01-00 00:00:00,dlink-615_EXT,40:86:CB:27:D2:0C,-19, WPA2 ,0.000000,0.000000,0.000,0.000,AP
2026-05-15 07:42:26,1900-01-00 00:00:00,,9C:2F:9D:82:20:A3,-19,,0.000000,0.000000,0.000,0.000,Client
2026-05-15 07:42:26,1900-01-00 00:00:00,dlink-615_EXT,40:86:CB:27:D2:0C,-19, WPA2 ,0.000000,0.000000,0.000,0.000,AP
2026-05-15 07:42:26,1900-01-00 00:00:00,,9C:2F:9D:82:20:A3,-19,,0.000000,0.000000,0.000,0.000,Client
2026-05-15 07:42:26,1900-01-00 00:00:00,dlink-615_EXT,40:86:CB:27:D2:0C,-19, WPA2 ,0.000000,0.000000,0.000,0.000,AP
2026-05-15 07:42:26,1900-01-00 00:00:00,,9C:2F:9D:82:20:A3,-19,,0.000000,0.000000,0.000,0.000,Client
2026-05-15 07:42:26,1900-01-00 00:00:00,dlink-615_EXT,40:86:CB:27:D2:0C,-19, WPA2 ,0.000000,0.000000,0.000,0.000,AP
2026-05-15 07:42:26,1900-01-00 00:00:00,,9C:2F:9D:82:20:A3,-19,,0.000000,0.000000,0.000,0.000,Client
2026-05-15 07:42:27,1900-01-00 00:00:00,dlink-615_EXT,40:86:CB:27:D2:0C,-19, WPA2 ,0.000000,0.000000,0.000,0.000,AP
2026-05-15 07:42:27,1900-01-00 00:00:00,,9C:2F:9D:82:20:A3,-19,,0.000000,0.000000,0.000,0.000,Client
2026-05-15 07:42:27,1900-01-00 00:00:00,dlink-615_EXT,40:86:CB:27:D2:0C,-19, WPA2 ,0.000000,0.000000,0.000,0.000,AP
2026-05-15 07:42:27,1900-01-00 00:00:00,,9C:2F:9D:82:20:A3,-19,,0.000000,0.000000,0.000,0.000,Client
2026-05-15 07:42:27,1900-01-00 00:00:00,dlink-615_EXT,40:86:CB:27:D2:0C,-19, WPA2 ,0.000000,0.000000,0.000,0.000,AP
2026-05-15 07:42:27,1900-01-00 00:00:00,,9C:2F:9D:82:20:A3,-19,,0.000000,0.000000,0.000,0.000,Client
2026-05-15 07:42:27,1900-01-00 00:00:00,dlink-615_EXT,40:86:CB:27:D2:0C,-19, WPA2 ,0.000000,0.000000,0.000,0.000,AP
2026-05-15 07:42:27,1900-01-00 00:00:00,,9C:2F:9D:82:20:A3,-19,,0.000000,0.000000,0.000,0.000,Client
2026-05-15 07:42:27,1900-01-00 00:00:00,dlink-615_EXT,40:86:CB:27:D2:0C,-19, WPA2 ,0.000000,0.000000,0.000,0.000,AP
2026-05-15 07:42:27,1900-01-00 00:00:00,,9C:2F:9D:82:20:A3,-19,,0.000000,0.000000,0.000,0.000,Client
2026-05-15 07:42:27,1900-01-00 00:00:00,dlink-615_EXT,40:86:CB:27:D2:0C,-19, WPA2 ,0.000000,0.000000,0.000,0.000,AP
2026-05-15 07:42:27,1900-01-00 00:00:00,,9C:2F:9D:82:20:A3,-19,,0.000000,0.000000,0.000,0.000,Client
2026-05-15 07:42:27,1900-01-00 00:00:00,dlink-615_EXT,40:86:CB:27:D2:0C,-19, WPA2 ,0.000000,0.000000,0.000,0.000,AP
2026-05-15 07:42:27,1900-01-00 00:00:00,,9C:2F:9D:82:20:A3,-19,,0.000000,0.000000,0.000,0.000,Client
2026-05-15 07:42:27,1900-01-00 00:00:00,dlink-615_EXT,40:86:CB:27:D2:0C,-19, WPA2 ,0.000000,0.000000,0.000,0.000,AP
2026-05-15 07:42:27,1900-01-00 00:00:00,,9C:2F:9D:82:20:A3,-19,,0.000000,0.000000,0.000,0.000,Client
2026-05-15 07:42:27,1900-01-00 00:00:00,dlink-615_EXT,40:86:CB:27:D2:0C,-19, WPA2 ,0.000000,0.000000,0.000,0.000,AP
2026-05-15 07:42:27,1900-01-00 00:00:00,,9C:2F:9D:82:20:A3,-19,,0.000000,0.000000,0.000,0.000,Client
2026-05-15 07:42:27,1900-01-00 00:00:00,dlink-615_EXT,40:86:CB:27:D2:0C,-19, WPA2 ,0.000000,0.000000,0.000,0.000,AP
2026-05-15 07:42:27,1900-01-00 00:00:00,,9C:2F:9D:82:20:A3,-19,,0.000000,0.000000,0.000,0.000,Client
2026-05-15 07:42:27,1900-01-00 00:00:00,dlink-615_EXT,40:86:CB:27:D2:0C,-19, WPA2 ,0.000000,0.000000,0.000,0.000,AP
2026-05-15 07:42:27,1900-01-00 00:00:00,,9C:2F:9D:82:20:A3,-19,,0.000000,0.000000,0.000,0.000,Client
2026-05-15 07:42:27,1900-01-00 00:00:00,dlink-615_EXT,40:86:CB:27:D2:0C,-19, WPA2 ,0.000000,0.000000,0.000,0.000,AP
2026-05-15 07:42:27,1900-01-00 00:00:00,,9C:2F:9D:82:20:A3,-19,,0.000000,0.000000,0.000,0.000,Client
2026-05-15 07:42:27,1900-01-00 00:00:00,dlink-615_EXT,40:86:CB:27:D2:0C,-21, WPA2 ,0.000000,0.000000,0.000,0.000,AP
2026-05-15 07:42:27,1900-01-00 00:00:00,,9C:2F:9D:82:20:A3,-21,,0.000000,0.000000,0.000,0.000,Client
2026-05-15 07:42:27,1900-01-00 00:00:00,dlink-615_EXT,40:86:CB:27:D2:0C,-19, WPA2 ,0.000000,0.000000,0.000,0.000,AP
2026-05-15 07:42:27,1900-01-00 00:00:00,,9C:2F:9D:82:20:A3,-19,,0.000000,0.000000,0.000,0.000,Client
2026-05-15 07:42:27,1900-01-00 00:00:00,dlink-615_EXT,40:86:CB:27:D2:0C,-19, WPA2 ,0.000000,0.000000,0.000,0.000,AP
2026-05-15 07:42:27,1900-01-00 00:00:00,,9C:2F:9D:82:20:A3,-19,,0.000000,0.000000,0.000,0.000,Client
2026-05-15 07:42:27,1900-01-00 00:00:00,dlink-615_EXT,40:86:CB:27:D2:0C,-19, WPA2 ,0.000000,0.000000,0.000,0.000,AP
2026-05-15 07:42:27,1900-01-00 00:00:00,,9C:2F:9D:82:20:A3,-19,,0.000000,0.000000,0.000,0.000,Client
2026-05-15 07:42:27,1900-01-00 00:00:00,dlink-615_EXT,40:86:CB:27:D2:0C,-19, WPA2 ,0.000000,0.000000,0.000,0.000,AP
2026-05-15 07:42:27,1900-01-00 00:00:00,,9C:2F:9D:82:20:A3,-19,,0.000000,0.000000,0.000,0.000,Client
2026-05-15 07:42:27,1900-01-00 00:00:00,dlink-615_EXT,40:86:CB:27:D2:0C,-23, WPA2 ,0.000000,0.000000,0.000,0.000,AP
2026-05-15 07:42:27,1900-01-00 00:00:00,,9C:2F:9D:82:20:A3,-23,,0.000000,0.000000,0.000,0.000,Client
2026-05-15 07:42:27,1900-01-00 00:00:00,dlink-615_EXT,40:86:CB:27:D2:0C,-19, WPA2 ,0.000000,0.000000,0.000,0.000,AP
2026-05-15 07:42:27,1900-01-00 00:00:00,,9C:2F:9D:82:20:A3,-19,,0.000000,0.000000,0.000,0.000,Client
2026-05-15 07:42:27,1900-01-00 00:00:00,dlink-615_EXT,40:86:CB:27:D2:0C,-21, WPA2 ,0.000000,0.000000,0.000,0.000,AP
2026-05-15 07:42:27,1900-01-00 00:00:00,,9C:2F:9D:82:20:A3,-21,,0.000000,0.000000,0.000,0.000,Client
2026-05-15 07:42:27,1900-01-00 00:00:00,dlink-615_EXT,40:86:CB:27:D2:0C,-19, WPA2 ,0.000000,0.000000,0.000,0.000,AP
2026-05-15 07:42:27,1900-01-00 00:00:00,,9C:2F:9D:82:20:A3,-19,,0.000000,0.000000,0.000,0.000,Client
2026-05-15 07:42:27,1900-01-00 00:00:00,dlink-615_EXT,40:86:CB:27:D2:0C,-19, WPA2 ,0.000000,0.000000,0.000,0.000,AP
2026-05-15 07:42:27,1900-01-00 00:00:00,,9C:2F:9D:82:20:A3,-19,,0.000000,0.000000,0.000,0.000,Client
2026-05-15 07:42:27,1900-01-00 00:00:00,dlink-615_EXT,40:86:CB:27:D2:0C,-21, WPA2 ,0.000000,0.000000,0.000,0.000,AP
2026-05-15 07:42:27,1900-01-00 00:00:00,,9C:2F:9D:82:20:A3,-21,,0.000000,0.000000,0.000,0.000,Client
2026-05-15 07:42:27,1900-01-00 00:00:00,dlink-615_EXT,40:86:CB:27:D2:0C,-23, WPA2 ,0.000000,0.000000,0.000,0.000,AP
2026-05-15 07:42:27,1900-01-00 00:00:00,,9C:2F:9D:82:20:A3,-23,,0.000000,0.000000,0.000,0.000,Client
2026-05-15 07:42:27,1900-01-00 00:00:00,dlink-615_EXT,40:86:CB:27:D2:0C,-21, WPA2 ,0.000000,0.000000,0.000,0.000,AP
2026-05-15 07:42:27,1900-01-00 00:00:00,,9C:2F:9D:82:20:A3,-21,,0.000000,0.000000,0.000,0.000,Client
2026-05-15 07:42:27,1900-01-00 00:00:00,dlink-615_EXT,40:86:CB:27:D2:0C,-21, WPA2 ,0.000000,0.000000,0.000,0.000,AP
2026-05-15 07:42:27,1900-01-00 00:00:00,,9C:2F:9D:82:20:A3,-21,,0.000000,0.000000,0.000,0.000,Client
2026-05-15 07:42:27,1900-01-00 00:00:00,dlink-615_EXT,40:86:CB:27:D2:0C,-21, WPA2 ,0.000000,0.000000,0.000,0.000,AP
2026-05-15 07:42:27,1900-01-00 00:00:00,,9C:2F:9D:82:20:A3,-21,,0.000000,0.000000,0.000,0.000,Client
2026-05-15 07:42:27,1900-01-00 00:00:00,dlink-615_EXT,40:86:CB:27:D2:0C,-21, WPA2 ,0.000000,0.000000,0.000,0.000,AP
2026-05-15 07:42:27,1900-01-00 00:00:00,,9C:2F:9D:82:20:A3,-21,,0.000000,0.000000,0.000,0.000,Client
2026-05-15 07:42:27,1900-01-00 00:00:00,dlink-615_EXT,40:86:CB:27:D2:0C,-23, WPA2 ,0.000000,0.000000,0.000,0.000,AP
2026-05-15 07:42:27,1900-01-00 00:00:00,,9C:2F:9D:82:20:A3,-23,,0.000000,0.000000,0.000,0.000,Client
2026-05-15 07:42:27,1900-01-00 00:00:00,dlink-615_EXT,40:86:CB:27:D2:0C,-19, WPA2 ,0.000000,0.000000,0.000,0.000,AP
2026-05-15 07:42:27,1900-01-00 00:00:00,,9C:2F:9D:82:20:A3,-19,,0.000000,0.000000,0.000,0.000,Client
2026-05-15 07:42:27,1900-01-00 00:00:00,dlink-615_EXT,40:86:CB:27:D2:0C,-19, WPA2 ,0.000000,0.000000,0.000,0.000,AP
2026-05-15 07:42:27,1900-01-00 00:00:00,,9C:2F:9D:82:20:A3,-19,,0.000000,0.000000,0.000,0.000,Client
2026-05-15 07:42:27,1900-01-00 00:00:00,dlink-615_EXT,40:86:CB:27:D2:0C,-21, WPA2 ,0.000000,0.000000,0.000,0.000,AP
2026-05-15 07:42:27,1900-01-00 00:00:00,,9C:2F:9D:82:20:A3,-21,,0.000000,0.000000,0.000,0.000,Client
2026-05-15 07:42:27,1900-01-00 00:00:00,dlink-615_EXT,40:86:CB:27:D2:0C,-21, WPA2 ,0.000000,0.000000,0.000,0.000,AP
2026-05-15 07:42:27,1900-01-00 00:00:00,,9C:2F:9D:82:20:A3,-21,,0.000000,0.000000,0.000,0.000,Client
2026-05-15 07:42:27,1900-01-00 00:00:00,dlink-615_EXT,40:86:CB:27:D2:0C,-19, WPA2 ,0.000000,0.000000,0.000,0.000,AP
2026-05-15 07:42:27,1900-01-00 00:00:00,,9C:2F:9D:82:20:A3,-19,,0.000000,0.000000,0.000,0.000,Client
2026-05-15 07:42:27,1900-01-00 00:00:00,dlink-615_EXT,40:86:CB:27:D2:0C,-19, WPA2 ,0.000000,0.000000,0.000,0.000,AP
2026-05-15 07:42:27,1900-01-00 00:00:00,,9C:2F:9D:82:20:A3,-19,,0.000000,0.000000,0.000,0.000,Client
2026-05-15 07:42:27,1900-01-00 00:00:00,dlink-615_EXT,40:86:CB:27:D2:0C,-19, WPA2 ,0.000000,0.000000,0.000,0.000,AP
2026-05-15 07:42:27,1900-01-00 00:00:00,,9C:2F:9D:82:20:A3,-19,,0.000000,0.000000,0.000,0.000,Client
2026-05-15 07:42:27,1900-01-00 00:00:00,dlink-615_EXT,40:86:CB:27:D2:0C,-19, WPA2 ,0.000000,0.000000,0.000,0.000,AP
2026-05-15 07:42:27,1900-01-00 00:00:00,,9C:2F:9D:82:20:A3,-19,,0.000000,0.000000,0.000,0.000,Client
2026-05-15 07:42:27,1900-01-00 00:00:00,dlink-615_EXT,40:86:CB:27:D2:0C,-19, WPA2 ,0.000000,0.000000,0.000,0.000,AP
2026-05-15 07:42:27,1900-01-00 00:00:00,,9C:2F:9D:82:20:A3,-19,,0.000000,0.000000,0.000,0.000,Client
2026-05-15 07:42:27,1900-01-00 00:00:00,dlink-615_EXT,40:86:CB:27:D2:0C,-21, WPA2 ,0.000000,0.000000,0.000,0.000,AP
2026-05-15 07:42:27,1900-01-00 00:00:00,,9C:2F:9D:82:20:A3,-21,,0.000000,0.000000,0.000,0.000,Client
2026-05-15 07:42:27,1900-01-00 00:00:00,dlink-615_EXT,40:86:CB:27:D2:0C,-19, WPA2 ,0.000000,0.000000,0.000,0.000,AP
2026-05-15 07:42:27,1900-01-00 00:00:00,,9C:2F:9D:82:20:A3,-19,,0.000000,0.000000,0.000,0.000,Client
2026-05-15 07:42:27,1900-01-00 00:00:00,dlink-615_EXT,40:86:CB:27:D2:0C,-19, WPA2 ,0.000000,0.000000,0.000,0.000,AP
2026-05-15 07:42:27,1900-01-00 00:00:00,,9C:2F:9D:82:20:A3,-19,,0.000000,0.000000,0.000,0.000,Client
2026-05-15 07:42:27,1900-01-00 00:00:00,dlink-615_EXT,40:86:CB:27:D2:0C,-19, WPA2 ,0.000000,0.000000,0.000,0.000,AP
2026-05-15 07:42:27,1900-01-00 00:00:00,,9C:2F:9D:82:20:A3,-19,,0.000000,0.000000,0.000,0.000,Client
2026-05-15 07:42:27,1900-01-00 00:00:00,dlink-615_EXT,40:86:CB:27:D2:0C,-21, WPA2 ,0.000000,0.000000,0.000,0.000,AP
2026-05-15 07:42:27,1900-01-00 00:00:00,,9C:2F:9D:82:20:A3,-21,,0.000000,0.000000,0.000,0.000,Client
2026-05-15 07:42:27,1900-01-00 00:00:00,dlink-615_EXT,40:86:CB:27:D2:0C,-19, WPA2 ,0.000000,0.000000,0.000,0.000,AP
2026-05-15 07:42:27,1900-01-00 00:00:00,,9C:2F:9D:82:20:A3,-19,,0.000000,0.000000,0.000,0.000,Client
2026-05-15 07:42:27,1900-01-00 00:00:00,dlink-615_EXT,40:86:CB:27:D2:0C,-19, WPA2 ,0.000000,0.000000,0.000,0.000,AP
2026-05-15 07:42:27,1900-01-00 00:00:00,,9C:2F:9D:82:20:A3,-19,,0.000000,0.000000,0.000,0.000,Client
2026-05-15 07:42:27,1900-01-00 00:00:00,dlink-615_EXT,40:86:CB:27:D2:0C,-19, WPA2 ,0.000000,0.000000,0.000,0.000,AP
2026-05-15 07:42:27,1900-01-00 00:00:00,,9C:2F:9D:82:20:A3,-19,,0.000000,0.000000,0.000,0.000,Client
2026-05-15 07:42:27,1900-01-00 00:00:00,dlink-615_EXT,40:86:CB:27:D2:0C,-19, WPA2 ,0.000000,0.000000,0.000,0.000,AP
2026-05-15 07:42:27,1900-01-00 00:00:00,,9C:2F:9D:82:20:A3,-19,,0.000000,0.000000,0.000,0.000,Client
2026-05-15 07:42:27,1900-01-00 00:00:00,dlink-615_EXT,40:86:CB:27:D2:0C,-19, WPA2 ,0.000000,0.000000,0.000,0.000,AP
2026-05-15 07:42:27,1900-01-00 00:00:00,,9C:2F:9D:82:20:A3,-19,,0.000000,0.000000,0.000,0.000,Client
2026-05-15 07:42:27,1900-01-00 00:00:00,dlink-615_EXT,40:86:CB:27:D2:0C,-19, WPA2 ,0.000000,0.000000,0.000,0.000,AP
2026-05-15 07:42:27,1900-01-00 00:00:00,,9C:2F:9D:82:20:A3,-19,,0.000000,0.000000,0.000,0.000,Client
2026-05-15 07:42:27,1900-01-00 00:00:00,dlink-615_EXT,40:86:CB:27:D2:0C,-19, WPA2 ,0.000000,0.000000,0.000,0.000,AP
2026-05-15 07:42:27,1900-01-00 00:00:00,,9C:2F:9D:82:20:A3,-19,,0.000000,0.000000,0.000,0.000,Client
2026-05-15 07:42:27,1900-01-00 00:00:00,dlink-615_EXT,40:86:CB:27:D2:0C,-19, WPA2 ,0.000000,0.000000,0.000,0.000,AP
2026-05-15 07:42:27,1900-01-00 00:00:00,,9C:2F:9D:82:20:A3,-19,,0.000000,0.000000,0.000,0.000,Client
2026-05-15 07:42:27,1900-01-00 00:00:00,dlink-615_EXT,40:86:CB:27:D2:0C,-19, WPA2 ,0.000000,0.000000,0.000,0.000,AP
2026-05-15 07:42:27,1900-01-00 00:00:00,,9C:2F:9D:82:20:A3,-19,,0.000000,0.000000,0.000,0.000,Client
2026-05-15 07:42:27,1900-01-00 00:00:00,dlink-615_EXT,40:86:CB:27:D2:0C,-19, WPA2 ,0.000000,0.000000,0.000,0.000,AP
2026-05-15 07:42:27,1900-01-00 00:00:00,,9C:2F:9D:82:20:A3,-19,,0.000000,0.000000,0.000,0.000,Client
2026-05-15 07:42:27,1900-01-00 00:00:00,dlink-615_EXT,40:86:CB:27:D2:0C,-19, WPA2 ,0.000000,0.000000,0.000,0.000,AP
2026-05-15 07:42:27,1900-01-00 00:00:00,,9C:2F:9D:82:20:A3,-19,,0.000000,0.000000,0.000,0.000,Client
2026-05-15 07:42:27,1900-01-00 00:00:00,dlink-615_EXT,40:86:CB:27:D2:0C,-19, WPA2 ,0.000000,0.000000,0.000,0.000,AP
2026-05-15 07:42:27,1900-01-00 00:00:00,,9C:2F:9D:82:20:A3,-19,,0.000000,0.000000,0.000,0.000,Client
2026-05-15 07:42:27,1900-01-00 00:00:00,dlink-615_EXT,40:86:CB:27:D2:0C,-19, WPA2 ,0.000000,0.000000,0.000,0.000,AP
2026-05-15 07:42:27,1900-01-00 00:00:00,,9C:2F:9D:82:20:A3,-19,,0.000000,0.000000,0.000,0.000,Client
2026-05-15 07:42:27,1900-01-00 00:00:00,dlink-615_EXT,40:86:CB:27:D2:0C,-19, WPA2 ,0.000000,0.000000,0.000,0.000,AP
2026-05-15 07:42:27,1900-01-00 00:00:00,,9C:2F:9D:82:20:A3,-19,,0.000000,0.000000,0.000,0.000,Client
2026-05-15 07:42:27,1900-01-00 00:00:00,dlink-615_EXT,40:86:CB:27:D2:0C,-19, WPA2 ,0.000000,0.000000,0.000,0.000,AP
2026-05-15 07:42:27,1900-01-00 00:00:00,,9C:2F:9D:82:20:A3,-19,,0.000000,0.000000,0.000,0.000,Client
2026-05-15 07:42:27,1900-01-00 00:00:00,dlink-615_EXT,40:86:CB:27:D2:0C,-19, WPA2 ,0.000000,0.000000,0.000,0.000,AP
2026-05-15 07:42:27,1900-01-00 00:00:00,,9C:2F:9D:82:20:A3,-19,,0.000000,0.000000,0.000,0.000,Client
2026-05-15 07:42:27,1900-01-00 00:00:00,dlink-615_EXT,40:86:CB:27:D2:0C,-19, WPA2 ,0.000000,0.000000,0.000,0.000,AP
2026-05-15 07:42:27,1900-01-00 00:00:00,,9C:2F:9D:82:20:A3,-19,,0.000000,0.000000,0.000,0.000,Client
2026-05-15 07:42:27,1900-01-00 00:00:00,dlink-615_EXT,40:86:CB:27:D2:0C,-19, WPA2 ,0.000000,0.000000,0.000,0.000,AP
2026-05-15 07:42:27,1900-01-00 00:00:00,,9C:2F:9D:82:20:A3,-19,,0.000000,0.000000,0.000,0.000,Client
2026-05-15 07:42:27,1900-01-00 00:00:00,dlink-615_EXT,40:86:CB:27:D2:0C,-19, WPA2 ,0.000000,0.000000,0.000,0.000,AP
2026-05-15 07:42:27,1900-01-00 00:00:00,,9C:2F:9D:82:20:A3,-19,,0.000000,0.000000,0.000,0.000,Client
2026-05-15 07:42:27,1900-01-00 00:00:00,dlink-615_EXT,40:86:CB:27:D2:0C,-19, WPA2 ,0.000000,0.000000,0.000,0.000,AP
2026-05-15 07:42:27,1900-01-00 00:00:00,,9C:2F:9D:82:20:A3,-19,,0.000000,0.000000,0.000,0.000,Client
2026-05-15 07:42:27,1900-01-00 00:00:00,dlink-615_EXT,40:86:CB:27:D2:0C,-19, WPA2 ,0.000000,0.000000,0.000,0.000,AP
2026-05-15 07:42:27,1900-01-00 00:00:00,,9C:2F:9D:82:20:A3,-19,,0.000000,0.000000,0.000,0.000,Client
2026-05-15 07:42:27,1900-01-00 00:00:00,dlink-615_EXT,40:86:CB:27:D2:0C,-19, WPA2 ,0.000000,0.000000,0.000,0.000,AP
2026-05-15 07:42:27,1900-01-00 00:00:00,,9C:2F:9D:82:20:A3,-19,,0.000000,0.000000,0.000,0.000,Client
2026-05-15 07:42:27,1900-01-00 00:00:00,dlink-615_EXT,40:86:CB:27:D2:0C,-21, WPA2 ,0.000000,0.000000,0.000,0.000,AP
2026-05-15 07:42:27,1900-01-00 00:00:00,,9C:2F:9D:82:20:A3,-21,,0.000000,0.000000,0.000,0.000,Client
2026-05-15 07:42:27,1900-01-00 00:00:00,dlink-615_EXT,40:86:CB:27:D2:0C,-19, WPA2 ,0.000000,0.000000,0.000,0.000,AP
2026-05-15 07:42:27,1900-01-00 00:00:00,,9C:2F:9D:82:20:A3,-19,,0.000000,0.000000,0.000,0.000,Client
2026-05-15 07:42:27,1900-01-00 00:00:00,dlink-615_EXT,40:86:CB:27:D2:0C,-19, WPA2 ,0.000000,0.000000,0.000,0.000,AP
2026-05-15 07:42:27,1900-01-00 00:00:00,,9C:2F:9D:82:20:A3,-19,,0.000000,0.000000,0.000,0.000,Client
2026-05-15 07:42:27,1900-01-00 00:00:00,dlink-615_EXT,40:86:CB:27:D2:0C,-19, WPA2 ,0.000000,0.000000,0.000,0.000,AP
2026-05-15 07:42:27,1900-01-00 00:00:00,,9C:2F:9D:82:20:A3,-19,,0.000000,0.000000,0.000,0.000,Client
2026-05-15 07:42:27,1900-01-00 00:00:00,dlink-615_EXT,40:86:CB:27:D2:0C,-19, WPA2 ,0.000000,0.000000,0.000,0.000,AP
2026-05-15 07:42:27,1900-01-00 00:00:00,,9C:2F:9D:82:20:A3,-19,,0.000000,0.000000,0.000,0.000,Client
2026-05-15 07:42:27,1900-01-00 00:00:00,dlink-615_EXT,40:86:CB:27:D2:0C,-21, WPA2 ,0.000000,0.000000,0.000,0.000,AP
2026-05-15 07:42:27,1900-01-00 00:00:00,,9C:2F:9D:82:20:A3,-21,,0.000000,0.000000,0.000,0.000,Client
2026-05-15 07:42:27,1900-01-00 00:00:00,dlink-615_EXT,40:86:CB:27:D2:0C,-23, WPA2 ,0.000000,0.000000,0.000,0.000,AP
2026-05-15 07:42:27,1900-01-00 00:00:00,,9C:2F:9D:82:20:A3,-23,,0.000000,0.000000,0.000,0.000,Client
2026-05-15 07:42:27,1900-01-00 00:00:00,dlink-615_EXT,40:86:CB:27:D2:0C,-23, WPA2 ,0.000000,0.000000,0.000,0.000,AP
2026-05-15 07:42:27,1900-01-00 00:00:00,,9C:2F:9D:82:20:A3,-19,,0.000000,0.000000,0.000,0.000,Client
2026-05-15 07:42:27,1900-01-00 00:00:00,dlink-615_EXT,40:86:CB:27:D2:0C,-19, WPA2 ,0.000000,0.000000,0.000,0.000,AP
2026-05-15 07:42:27,1900-01-00 00:00:00,,9C:2F:9D:82:20:A3,-19,,0.000000,0.000000,0.000,0.000,Client
2026-05-15 07:42:27,1900-01-00 00:00:00,dlink-615_EXT,40:86:CB:27:D2:0C,-19, WPA2 ,0.000000,0.000000,0.000,0.000,AP
2026-05-15 07:42:27,1900-01-00 00:00:00,,9C:2F:9D:82:20:A3,-19,,0.000000,0.000000,0.000,0.000,Client
2026-05-15 07:42:27,1900-01-00 00:00:00,dlink-615_EXT,40:86:CB:27:D2:0C,-19, WPA2 ,0.000000,0.000000,0.000,0.000,AP
2026-05-15 07:42:27,1900-01-00 00:00:00,,9C:2F:9D:82:20:A3,-19,,0.000000,0.000000,0.000,0.000,Client
2026-05-15 07:42:27,1900-01-00 00:00:00,dlink-615_EXT,40:86:CB:27:D2:0C,-21, WPA2 ,0.000000,0.000000,0.000,0.000,AP
2026-05-15 07:42:27,1900-01-00 00:00:00,,9C:2F:9D:82:20:A3,-21,,0.000000,0.000000,0.000,0.000,Client
2026-05-15 07:42:27,1900-01-00 00:00:00,dlink-615_EXT,40:86:CB:27:D2:0C,-19, WPA2 ,0.000000,0.000000,0.000,0.000,AP
2026-05-15 07:42:27,1900-01-00 00:00:00,,9C:2F:9D:82:20:A3,-19,,0.000000,0.000000,0.000,0.000,Client
2026-05-15 07:42:27,1900-01-00 00:00:00,dlink-615_EXT,40:86:CB:27:D2:0C,-19, WPA2 ,0.000000,0.000000,0.000,0.000,AP
2026-05-15 07:42:27,1900-01-00 00:00:00,,9C:2F:9D:82:20:A3,-21,,0.000000,0.000000,0.000,0.000,Client
2026-05-15 07:42:27,1900-01-00 00:00:00,dlink-615_EXT,40:86:CB:27:D2:0C,-19, WPA2 ,0.000000,0.000000,0.000,0.000,AP
2026-05-15 07:42:27,1900-01-00 00:00:00,,9C:2F:9D:82:20:A3,-19,,0.000000,0.000000,0.000,0.000,Client
2026-05-15 07:42:27,1900-01-00 00:00:00,dlink-615_EXT,40:86:CB:27:D2:0C,-19, WPA2 ,0.000000,0.000000,0.000,0.000,AP
2026-05-15 07:42:27,1900-01-00 00:00:00,,9C:2F:9D:82:20:A3,-19,,0.000000,0.000000,0.000,0.000,Client
2026-05-15 07:42:27,1900-01-00 00:00:00,dlink-615_EXT,40:86:CB:27:D2:0C,-19, WPA2 ,0.000000,0.000000,0.000,0.000,AP
2026-05-15 07:42:27,1900-01-00 00:00:00,,9C:2F:9D:82:20:A3,-21,,0.000000,0.000000,0.000,0.000,Client
2026-05-15 07:42:27,1900-01-00 00:00:00,dlink-615_EXT,40:86:CB:27:D2:0C,-21, WPA2 ,0.000000,0.000000,0.000,0.000,AP
2026-05-15 07:42:27,1900-01-00 00:00:00,,9C:2F:9D:82:20:A3,-21,,0.000000,0.000000,0.000,0.000,Client
2026-05-15 07:42:27,1900-01-00 00:00:00,dlink-615_EXT,40:86:CB:27:D2:0C,-19, WPA2 ,0.000000,0.000000,0.000,0.000,AP
2026-05-15 07:42:27,1900-01-00 00:00:00,,9C:2F:9D:82:20:A3,-19,,0.000000,0.000000,0.000,0.000,Client
2026-05-15 07:42:27,1900-01-00 00:00:00,dlink-615_EXT,40:86:CB:27:D2:0C,-21, WPA2 ,0.000000,0.000000,0.000,0.000,AP
2026-05-15 07:42:27,1900-01-00 00:00:00,,9C:2F:9D:82:20:A3,-21,,0.000000,0.000000,0.000,0.000,Client
2026-05-15 07:42:27,1900-01-00 00:00:00,dlink-615_EXT,40:86:CB:27:D2:0C,-21, WPA2 ,0.000000,0.000000,0.000,0.000,AP
2026-05-15 07:42:27,1900-01-00 00:00:00,,9C:2F:9D:82:20:A3,-21,,0.000000,0.000000,0.000,0.000,Client
2026-05-15 07:42:27,1900-01-00 00:00:00,dlink-615_EXT,40:86:CB:27:D2:0C,-23, WPA2 ,0.000000,0.000000,0.000,0.000,AP
2026-05-15 07:42:27,1900-01-00 00:00:00,,9C:2F:9D:82:20:A3,-23,,0.000000,0.000000,0.000,0.000,Client
2026-05-15 07:42:27,1900-01-00 00:00:00,dlink-615_EXT,40:86:CB:27:D2:0C,-21, WPA2 ,0.000000,0.000000,0.000,0.000,AP
2026-05-15 07:42:27,1900-01-00 00:00:00,,9C:2F:9D:82:20:A3,-21,,0.000000,0.000000,0.000,0.000,Client
2026-05-15 07:42:27,1900-01-00 00:00:00,dlink-615_EXT,40:86:CB:27:D2:0C,-21, WPA2 ,0.000000,0.000000,0.000,0.000,AP
2026-05-15 07:42:27,1900-01-00 00:00:00,,9C:2F:9D:82:20:A3,-21,,0.000000,0.000000,0.000,0.000,Client
2026-05-15 07:42:27,1900-01-00 00:00:00,dlink-615_EXT,40:86:CB:27:D2:0C,-19, WPA2 ,0.000000,0.000000,0.000,0.000,AP
2026-05-15 07:42:27,1900-01-00 00:00:00,,9C:2F:9D:82:20:A3,-19,,0.000000,0.000000,0.000,0.000,Client
2026-05-15 07:42:27,1900-01-00 00:00:00,dlink-615_EXT,40:86:CB:27:D2:0C,-21, WPA2 ,0.000000,0.000000,0.000,0.000,AP
2026-05-15 07:42:27,1900-01-00 00:00:00,,9C:2F:9D:82:20:A3,-21,,0.000000,0.000000,0.000,0.000,Client
2026-05-15 07:42:27,1900-01-00 00:00:00,dlink-615_EXT,40:86:CB:27:D2:0C,-19, WPA2 ,0.000000,0.000000,0.000,0.000,AP
2026-05-15 07:42:27,1900-01-00 00:00:00,,9C:2F:9D:82:20:A3,-19,,0.000000,0.000000,0.000,0.000,Client
2026-05-15 07:42:27,1900-01-00 00:00:00,dlink-615_EXT,40:86:CB:27:D2:0C,-21, WPA2 ,0.000000,0.000000,0.000,0.000,AP
2026-05-15 07:42:27,1900-01-00 00:00:00,,9C:2F:9D:82:20:A3,-21,,0.000000,0.000000,0.000,0.000,Client
2026-05-15 07:42:27,1900-01-00 00:00:00,dlink-615_EXT,40:86:CB:27:D2:0C,-21, WPA2 ,0.000000,0.000000,0.000,0.000,AP
2026-05-15 07:42:27,1900-01-00 00:00:00,,9C:2F:9D:82:20:A3,-21,,0.000000,0.000000,0.000,0.000,Client
2026-05-15 07:42:27,1900-01-00 00:00:00,dlink-615_EXT,40:86:CB:27:D2:0C,-21, WPA2 ,0.000000,0.000000,0.000,0.000,AP
2026-05-15 07:42:27,1900-01-00 00:00:00,,9C:2F:9D:82:20:A3,-21,,0.000000,0.000000,0.000,0.000,Client
2026-05-15 07:42:27,1900-01-00 00:00:00,dlink-615_EXT,40:86:CB:27:D2:0C,-19, WPA2 ,0.000000,0.000000,0.000,0.000,AP
2026-05-15 07:42:27,1900-01-00 00:00:00,,9C:2F:9D:82:20:A3,-19,,0.000000,0.000000,0.000,0.000,Client
2026-05-15 07:42:27,1900-01-00 00:00:00,dlink-615_EXT,40:86:CB:27:D2:0C,-19, WPA2 ,0.000000,0.000000,0.000,0.000,AP
2026-05-15 07:42:27,1900-01-00 00:00:00,,9C:2F:9D:82:20:A3,-19,,0.000000,0.000000,0.000,0.000,Client
2026-05-15 07:42:27,1900-01-00 00:00:00,dlink-615_EXT,40:86:CB:27:D2:0C,-19, WPA2 ,0.000000,0.000000,0.000,0.000,AP
2026-05-15 07:42:27,1900-01-00 00:00:00,,9C:2F:9D:82:20:A3,-19,,0.000000,0.000000,0.000,0.000,Client
2026-05-15 07:42:27,1900-01-00 00:00:00,dlink-615_EXT,40:86:CB:27:D2:0C,-19, WPA2 ,0.000000,0.000000,0.000,0.000,AP
2026-05-15 07:42:27,1900-01-00 00:00:00,,9C:2F:9D:82:20:A3,-19,,0.000000,0.000000,0.000,0.000,Client
2026-05-15 07:42:27,1900-01-00 00:00:00,dlink-615_EXT,40:86:CB:27:D2:0C,-19, WPA2 ,0.000000,0.000000,0.000,0.000,AP
2026-05-15 07:42:27,1900-01-00 00:00:00,,9C:2F:9D:82:20:A3,-19,,0.000000,0.000000,0.000,0.000,Client
2026-05-15 07:42:27,1900-01-00 00:00:00,dlink-615_EXT,40:86:CB:27:D2:0C,-19, WPA2 ,0.000000,0.000000,0.000,0.000,AP
2026-05-15 07:42:27,1900-01-00 00:00:00,,9C:2F:9D:82:20:A3,-19,,0.000000,0.000000,0.000,0.000,Client
2026-05-15 07:42:27,1900-01-00 00:00:00,dlink-615_EXT,40:86:CB:27:D2:0C,-19, WPA2 ,0.000000,0.000000,0.000,0.000,AP
2026-05-15 07:42:27,1900-01-00 00:00:00,,9C:2F:9D:82:20:A3,-19,,0.000000,0.000000,0.000,0.000,Client
2026-05-15 07:42:27,1900-01-00 00:00:00,dlink-615_EXT,40:86:CB:27:D2:0C,-19, WPA2 ,0.000000,0.000000,0.000,0.000,AP
2026-05-15 07:42:27,1900-01-00 00:00:00,,9C:2F:9D:82:20:A3,-19,,0.000000,0.000000,0.000,0.000,Client
2026-05-15 07:42:27,1900-01-00 00:00:00,dlink-615_EXT,40:86:CB:27:D2:0C,-19, WPA2 ,0.000000,0.000000,0.000,0.000,AP
2026-05-15 07:42:27,1900-01-00 00:00:00,,9C:2F:9D:82:20:A3,-19,,0.000000,0.000000,0.000,0.000,Client
2026-05-15 07:42:27,1900-01-00 00:00:00,dlink-615_EXT,40:86:CB:27:D2:0C,-19, WPA2 ,0.000000,0.000000,0.000,0.000,AP
2026-05-15 07:42:27,1900-01-00 00:00:00,,9C:2F:9D:82:20:A3,-19,,0.000000,0.000000,0.000,0.000,Client
2026-05-15 07:42:27,1900-01-00 00:00:00,dlink-615_EXT,40:86:CB:27:D2:0C,-19, WPA2 ,0.000000,0.000000,0.000,0.000,AP
2026-05-15 07:42:27,1900-01-00 00:00:00,,9C:2F:9D:82:20:A3,-19,,0.000000,0.000000,0.000,0.000,Client
2026-05-15 07:42:27,1900-01-00 00:00:00,dlink-615_EXT,40:86:CB:27:D2:0C,-19, WPA2 ,0.000000,0.000000,0.000,0.000,AP
2026-05-15 07:42:27,1900-01-00 00:00:00,,9C:2F:9D:82:20:A3,-19,,0.000000,0.000000,0.000,0.000,Client
2026-05-15 07:42:27,1900-01-00 00:00:00,dlink-615_EXT,40:86:CB:27:D2:0C,-19, WPA2 ,0.000000,0.000000,0.000,0.000,AP
2026-05-15 07:42:27,1900-01-00 00:00:00,,9C:2F:9D:82:20:A3,-19,,0.000000,0.000000,0.000,0.000,Client
2026-05-15 07:42:27,1900-01-00 00:00:00,dlink-615_EXT,40:86:CB:27:D2:0C,-19, WPA2 ,0.000000,0.000000,0.000,0.000,AP
2026-05-15 07:42:27,1900-01-00 00:00:00,,9C:2F:9D:82:20:A3,-19,,0.000000,0.000000,0.000,0.000,Client
2026-05-15 07:42:27,1900-01-00 00:00:00,dlink-615_EXT,40:86:CB:27:D2:0C,-19, WPA2 ,0.000000,0.000000,0.000,0.000,AP
2026-05-15 07:42:27,1900-01-00 00:00:00,,9C:2F:9D:82:20:A3,-19,,0.000000,0.000000,0.000,0.000,Client
2026-05-15 07:42:27,1900-01-00 00:00:00,dlink-615_EXT,40:86:CB:27:D2:0C,-19, WPA2 ,0.000000,0.000000,0.000,0.000,AP
2026-05-15 07:42:27,1900-01-00 00:00:00,,9C:2F:9D:82:20:A3,-19,,0.000000,0.000000,0.000,0.000,Client
2026-05-15 07:42:27,1900-01-00 00:00:00,dlink-615_EXT,40:86:CB:27:D2:0C,-19, WPA2 ,0.000000,0.000000,0.000,0.000,AP
2026-05-15 07:42:27,1900-01-00 00:00:00,,9C:2F:9D:82:20:A3,-19,,0.000000,0.000000,0.000,0.000,Client
2026-05-15 07:42:27,1900-01-00 00:00:00,dlink-615_EXT,40:86:CB:27:D2:0C,-19, WPA2 ,0.000000,0.000000,0.000,0.000,AP
2026-05-15 07:42:27,1900-01-00 00:00:00,,9C:2F:9D:82:20:A3,-19,,0.000000,0.000000,0.000,0.000,Client
2026-05-15 07:42:27,1900-01-00 00:00:00,dlink-615_EXT,40:86:CB:27:D2:0C,-19, WPA2 ,0.000000,0.000000,0.000,0.000,AP
2026-05-15 07:42:27,1900-01-00 00:00:00,,9C:2F:9D:82:20:A3,-19,,0.000000,0.000000,0.000,0.000,Client
2026-05-15 07:42:27,1900-01-00 00:00:00,dlink-615_EXT,40:86:CB:27:D2:0C,-19, WPA2 ,0.000000,0.000000,0.000,0.000,AP
2026-05-15 07:42:27,1900-01-00 00:00:00,,9C:2F:9D:82:20:A3,-19,,0.000000,0.000000,0.000,0.000,Client
2026-05-15 07:42:27,1900-01-00 00:00:00,dlink-615_EXT,40:86:CB:27:D2:0C,-19, WPA2 ,0.000000,0.000000,0.000,0.000,AP
2026-05-15 07:42:27,1900-01-00 00:00:00,,9C:2F:9D:82:20:A3,-19,,0.000000,0.000000,0.000,0.000,Client
2026-05-15 07:42:27,1900-01-00 00:00:00,dlink-615_EXT,40:86:CB:27:D2:0C,-19, WPA2 ,0.000000,0.000000,0.000,0.000,AP
2026-05-15 07:42:27,1900-01-00 00:00:00,,9C:2F:9D:82:20:A3,-19,,0.000000,0.000000,0.000,0.000,Client
2026-05-15 07:42:27,1900-01-00 00:00:00,dlink-615_EXT,40:86:CB:27:D2:0C,-19, WPA2 ,0.000000,0.000000,0.000,0.000,AP
2026-05-15 07:42:27,1900-01-00 00:00:00,,9C:2F:9D:82:20:A3,-19,,0.000000,0.000000,0.000,0.000,Client
2026-05-15 07:42:27,1900-01-00 00:00:00,dlink-615_EXT,40:86:CB:27:D2:0C,-19, WPA2 ,0.000000,0.000000,0.000,0.000,AP
2026-05-15 07:42:27,1900-01-00 00:00:00,,9C:2F:9D:82:20:A3,-19,,0.000000,0.000000,0.000,0.000,Client
2026-05-15 07:42:27,1900-01-00 00:00:00,dlink-615_EXT,40:86:CB:27:D2:0C,-19, WPA2 ,0.000000,0.000000,0.000,0.000,AP
2026-05-15 07:42:27,1900-01-00 00:00:00,,9C:2F:9D:82:20:A3,-19,,0.000000,0.000000,0.000,0.000,Client
2026-05-15 07:42:27,1900-01-00 00:00:00,dlink-615_EXT,40:86:CB:27:D2:0C,-19, WPA2 ,0.000000,0.000000,0.000,0.000,AP
2026-05-15 07:42:27,1900-01-00 00:00:00,,9C:2F:9D:82:20:A3,-19,,0.000000,0.000000,0.000,0.000,Client
2026-05-15 07:42:27,1900-01-00 00:00:00,dlink-615_EXT,40:86:CB:27:D2:0C,-19, WPA2 ,0.000000,0.000000,0.000,0.000,AP
2026-05-15 07:42:27,1900-01-00 00:00:00,,9C:2F:9D:82:20:A3,-19,,0.000000,0.000000,0.000,0.000,Client
2026-05-15 07:42:27,1900-01-00 00:00:00,dlink-615_EXT,40:86:CB:27:D2:0C,-19, WPA2 ,0.000000,0.000000,0.000,0.000,AP
2026-05-15 07:42:27,1900-01-00 00:00:00,,9C:2F:9D:82:20:A3,-19,,0.000000,0.000000,0.000,0.000,Client
2026-05-15 07:42:27,1900-01-00 00:00:00,dlink-615_EXT,40:86:CB:27:D2:0C,-19, WPA2 ,0.000000,0.000000,0.000,0.000,AP
2026-05-15 07:42:27,1900-01-00 00:00:00,,9C:2F:9D:82:20:A3,-19,,0.000000,0.000000,0.000,0.000,Client
2026-05-15 07:42:27,1900-01-00 00:00:00,dlink-615_EXT,40:86:CB:27:D2:0C,-19, WPA2 ,0.000000,0.000000,0.000,0.000,AP
2026-05-15 07:42:27,1900-01-00 00:00:00,,9C:2F:9D:82:20:A3,-19,,0.000000,0.000000,0.000,0.000,Client
2026-05-15 07:42:27,1900-01-00 00:00:00,dlink-615_EXT,40:86:CB:27:D2:0C,-19, WPA2 ,0.000000,0.000000,0.000,0.000,AP
2026-05-15 07:42:27,1900-01-00 00:00:00,,9C:2F:9D:82:20:A3,-19,,0.000000,0.000000,0.000,0.000,Client
2026-05-15 07:42:27,1900-01-00 00:00:00,dlink-615_EXT,40:86:CB:27:D2:0C,-19, WPA2 ,0.000000,0.000000,0.000,0.000,AP
2026-05-15 07:42:27,1900-01-00 00:00:00,,9C:2F:9D:82:20:A3,-19,,0.000000,0.000000,0.000,0.000,Client
2026-05-15 07:42:27,1900-01-00 00:00:00,dlink-615_EXT,40:86:CB:27:D2:0C,-19, WPA2 ,0.000000,0.000000,0.000,0.000,AP
2026-05-15 07:42:27,1900-01-00 00:00:00,,9C:2F:9D:82:20:A3,-19,,0.000000,0.000000,0.000,0.000,Client
2026-05-15 07:42:28,1900-01-00 00:00:00,dlink-615_EXT,40:86:CB:27:D2:0C,-19, WPA2 ,0.000000,0.000000,0.000,0.000,AP
2026-05-15 07:42:28,1900-01-00 00:00:00,,9C:2F:9D:82:20:A3,-19,,0.000000,0.000000,0.000,0.000,Client
2026-05-15 07:42:28,1900-01-00 00:00:00,dlink-615_EXT,40:86:CB:27:D2:0C,-19, WPA2 ,0.000000,0.000000,0.000,0.000,AP
2026-05-15 07:42:28,1900-01-00 00:00:00,,9C:2F:9D:82:20:A3,-23,,0.000000,0.000000,0.000,0.000,Client
2026-05-15 07:42:28,1900-01-00 00:00:00,dlink-615_EXT,40:86:CB:27:D2:0C,-21, WPA2 ,0.000000,0.000000,0.000,0.000,AP
2026-05-15 07:42:28,1900-01-00 00:00:00,,9C:2F:9D:82:20:A3,-21,,0.000000,0.000000,0.000,0.000,Client
2026-05-15 07:42:28,1900-01-00 00:00:00,dlink-615_EXT,40:86:CB:27:D2:0C,-21, WPA2 ,0.000000,0.000000,0.000,0.000,AP
2026-05-15 07:42:28,1900-01-00 00:00:00,,9C:2F:9D:82:20:A3,-21,,0.000000,0.000000,0.000,0.000,Client
2026-05-15 07:42:28,1900-01-00 00:00:00,dlink-615_EXT,40:86:CB:27:D2:0C,-19, WPA2 ,0.000000,0.000000,0.000,0.000,AP
2026-05-15 07:42:28,1900-01-00 00:00:00,,9C:2F:9D:82:20:A3,-19,,0.000000,0.000000,0.000,0.000,Client
2026-05-15 07:42:28,1900-01-00 00:00:00,dlink-615_EXT,40:86:CB:27:D2:0C,-21, WPA2 ,0.000000,0.000000,0.000,0.000,AP
2026-05-15 07:42:28,1900-01-00 00:00:00,,9C:2F:9D:82:20:A3,-21,,0.000000,0.000000,0.000,0.000,Client
2026-05-15 07:42:28,1900-01-00 00:00:00,dlink-615_EXT,40:86:CB:27:D2:0C,-19, WPA2 ,0.000000,0.000000,0.000,0.000,AP
2026-05-15 07:42:28,1900-01-00 00:00:00,,9C:2F:9D:82:20:A3,-19,,0.000000,0.000000,0.000,0.000,Client
2026-05-15 07:42:28,1900-01-00 00:00:00,dlink-615_EXT,40:86:CB:27:D2:0C,-19, WPA2 ,0.000000,0.000000,0.000,0.000,AP
2026-05-15 07:42:28,1900-01-00 00:00:00,,9C:2F:9D:82:20:A3,-19,,0.000000,0.000000,0.000,0.000,Client
2026-05-15 07:42:28,1900-01-00 00:00:00,dlink-615_EXT,40:86:CB:27:D2:0C,-19, WPA2 ,0.000000,0.000000,0.000,0.000,AP
2026-05-15 07:42:28,1900-01-00 00:00:00,,9C:2F:9D:82:20:A3,-19,,0.000000,0.000000,0.000,0.000,Client
2026-05-15 07:42:28,1900-01-00 00:00:00,dlink-615_EXT,40:86:CB:27:D2:0C,-19, WPA2 ,0.000000,0.000000,0.000,0.000,AP
2026-05-15 07:42:28,1900-01-00 00:00:00,,9C:2F:9D:82:20:A3,-19,,0.000000,0.000000,0.000,0.000,Client
2026-05-15 07:42:28,1900-01-00 00:00:00,dlink-615_EXT,40:86:CB:27:D2:0C,-19, WPA2 ,0.000000,0.000000,0.000,0.000,AP
2026-05-15 07:42:28,1900-01-00 00:00:00,,9C:2F:9D:82:20:A3,-21,,0.000000,0.000000,0.000,0.000,Client
2026-05-15 07:42:28,1900-01-00 00:00:00,dlink-615_EXT,40:86:CB:27:D2:0C,-21, WPA2 ,0.000000,0.000000,0.000,0.000,AP
2026-05-15 07:42:28,1900-01-00 00:00:00,,9C:2F:9D:82:20:A3,-21,,0.000000,0.000000,0.000,0.000,Client
2026-05-15 07:42:28,1900-01-00 00:00:00,dlink-615_EXT,40:86:CB:27:D2:0C,-19, WPA2 ,0.000000,0.000000,0.000,0.000,AP
2026-05-15 07:42:28,1900-01-00 00:00:00,,9C:2F:9D:82:20:A3,-19,,0.000000,0.000000,0.000,0.000,Client
2026-05-15 07:42:28,1900-01-00 00:00:00,dlink-615_EXT,40:86:CB:27:D2:0C,-19, WPA2 ,0.000000,0.000000,0.000,0.000,AP
2026-05-15 07:42:28,1900-01-00 00:00:00,,9C:2F:9D:82:20:A3,-19,,0.000000,0.000000,0.000,0.000,Client
2026-05-15 07:42:28,1900-01-00 00:00:00,dlink-615_EXT,40:86:CB:27:D2:0C,-19, WPA2 ,0.000000,0.000000,0.000,0.000,AP
2026-05-15 07:42:28,1900-01-00 00:00:00,,9C:2F:9D:82:20:A3,-19,,0.000000,0.000000,0.000,0.000,Client
2026-05-15 07:42:28,1900-01-00 00:00:00,dlink-615_EXT,40:86:CB:27:D2:0C,-23, WPA2 ,0.000000,0.000000,0.000,0.000,AP
2026-05-15 07:42:28,1900-01-00 00:00:00,,9C:2F:9D:82:20:A3,-23,,0.000000,0.000000,0.000,0.000,Client
2026-05-15 07:42:28,1900-01-00 00:00:00,dlink-615_EXT,40:86:CB:27:D2:0C,-19, WPA2 ,0.000000,0.000000,0.000,0.000,AP
2026-05-15 07:42:28,1900-01-00 00:00:00,,9C:2F:9D:82:20:A3,-19,,0.000000,0.000000,0.000,0.000,Client
2026-05-15 07:42:28,1900-01-00 00:00:00,dlink-615_EXT,40:86:CB:27:D2:0C,-21, WPA2 ,0.000000,0.000000,0.000,0.000,AP
2026-05-15 07:42:28,1900-01-00 00:00:00,,9C:2F:9D:82:20:A3,-21,,0.000000,0.000000,0.000,0.000,Client
2026-05-15 07:42:28,1900-01-00 00:00:00,dlink-615_EXT,40:86:CB:27:D2:0C,-21, WPA2 ,0.000000,0.000000,0.000,0.000,AP
2026-05-15 07:42:28,1900-01-00 00:00:00,,9C:2F:9D:82:20:A3,-21,,0.000000,0.000000,0.000,0.000,Client
2026-05-15 07:42:28,1900-01-00 00:00:00,dlink-615_EXT,40:86:CB:27:D2:0C,-19, WPA2 ,0.000000,0.000000,0.000,0.000,AP
2026-05-15 07:42:28,1900-01-00 00:00:00,,9C:2F:9D:82:20:A3,-19,,0.000000,0.000000,0.000,0.000,Client
2026-05-15 07:42:28,1900-01-00 00:00:00,dlink-615_EXT,40:86:CB:27:D2:0C,-21, WPA2 ,0.000000,0.000000,0.000,0.000,AP
2026-05-15 07:42:28,1900-01-00 00:00:00,,9C:2F:9D:82:20:A3,-21,,0.000000,0.000000,0.000,0.000,Client
2026-05-15 07:42:28,1900-01-00 00:00:00,dlink-615_EXT,40:86:CB:27:D2:0C,-19, WPA2 ,0.000000,0.000000,0.000,0.000,AP
2026-05-15 07:42:28,1900-01-00 00:00:00,,9C:2F:9D:82:20:A3,-19,,0.000000,0.000000,0.000,0.000,Client
2026-05-15 07:42:28,1900-01-00 00:00:00,dlink-615_EXT,40:86:CB:27:D2:0C,-21, WPA2 ,0.000000,0.000000,0.000,0.000,AP
2026-05-15 07:42:28,1900-01-00 00:00:00,,9C:2F:9D:82:20:A3,-21,,0.000000,0.000000,0.000,0.000,Client
2026-05-15 07:42:28,1900-01-00 00:00:00,dlink-615_EXT,40:86:CB:27:D2:0C,-19, WPA2 ,0.000000,0.000000,0.000,0.000,AP
2026-05-15 07:42:28,1900-01-00 00:00:00,,9C:2F:9D:82:20:A3,-19,,0.000000,0.000000,0.000,0.000,Client
2026-05-15 07:42:28,1900-01-00 00:00:00,dlink-615_EXT,40:86:CB:27:D2:0C,-19, WPA2 ,0.000000,0.000000,0.000,0.000,AP
2026-05-15 07:42:28,1900-01-00 00:00:00,,9C:2F:9D:82:20:A3,-19,,0.000000,0.000000,0.000,0.000,Client
2026-05-15 07:42:28,1900-01-00 00:00:00,dlink-615_EXT,40:86:CB:27:D2:0C,-21, WPA2 ,0.000000,0.000000,0.000,0.000,AP
2026-05-15 07:42:28,1900-01-00 00:00:00,,9C:2F:9D:82:20:A3,-21,,0.000000,0.000000,0.000,0.000,Client
2026-05-15 07:42:28,1900-01-00 00:00:00,dlink-615_EXT,40:86:CB:27:D2:0C,-19, WPA2 ,0.000000,0.000000,0.000,0.000,AP
2026-05-15 07:42:28,1900-01-00 00:00:00,,9C:2F:9D:82:20:A3,-19,,0.000000,0.000000,0.000,0.000,Client
2026-05-15 07:42:28,1900-01-00 00:00:00,dlink-615_EXT,40:86:CB:27:D2:0C,-19, WPA2 ,0.000000,0.000000,0.000,0.000,AP
2026-05-15 07:42:28,1900-01-00 00:00:00,,9C:2F:9D:82:20:A3,-19,,0.000000,0.000000,0.000,0.000,Client
2026-05-15 07:42:28,1900-01-00 00:00:00,dlink-615_EXT,40:86:CB:27:D2:0C,-21, WPA2 ,0.000000,0.000000,0.000,0.000,AP
2026-05-15 07:42:28,1900-01-00 00:00:00,,9C:2F:9D:82:20:A3,-21,,0.000000,0.000000,0.000,0.000,Client
2026-05-15 07:42:28,1900-01-00 00:00:00,dlink-615_EXT,40:86:CB:27:D2:0C,-33, WPA2 ,0.000000,0.000000,0.000,0.000,AP
2026-05-15 07:42:28,1900-01-00 00:00:00,,9C:2F:9D:82:20:A3,-33,,0.000000,0.000000,0.000,0.000,Client
2026-05-15 07:42:28,1900-01-00 00:00:00,dlink-615_EXT,40:86:CB:27:D2:0C,-21, WPA2 ,0.000000,0.000000,0.000,0.000,AP
2026-05-15 07:42:28,1900-01-00 00:00:00,,9C:2F:9D:82:20:A3,-21,,0.000000,0.000000,0.000,0.000,Client
2026-05-15 07:42:28,1900-01-00 00:00:00,dlink-615_EXT,40:86:CB:27:D2:0C,-21, WPA2 ,0.000000,0.000000,0.000,0.000,AP
2026-05-15 07:42:28,1900-01-00 00:00:00,,9C:2F:9D:82:20:A3,-21,,0.000000,0.000000,0.000,0.000,Client
2026-05-15 07:42:28,1900-01-00 00:00:00,dlink-615_EXT,40:86:CB:27:D2:0C,-21, WPA2 ,0.000000,0.000000,0.000,0.000,AP
2026-05-15 07:42:28,1900-01-00 00:00:00,,9C:2F:9D:82:20:A3,-21,,0.000000,0.000000,0.000,0.000,Client
2026-05-15 07:42:28,1900-01-00 00:00:00,dlink-615_EXT,40:86:CB:27:D2:0C,-21, WPA2 ,0.000000,0.000000,0.000,0.000,AP
2026-05-15 07:42:28,1900-01-00 00:00:00,,9C:2F:9D:82:20:A3,-21,,0.000000,0.000000,0.000,0.000,Client
2026-05-15 07:42:28,1900-01-00 00:00:00,dlink-615_EXT,40:86:CB:27:D2:0C,-21, WPA2 ,0.000000,0.000000,0.000,0.000,AP
2026-05-15 07:42:28,1900-01-00 00:00:00,,9C:2F:9D:82:20:A3,-21,,0.000000,0.000000,0.000,0.000,Client
2026-05-15 07:42:28,1900-01-00 00:00:00,dlink-615_EXT,40:86:CB:27:D2:0C,-21, WPA2 ,0.000000,0.000000,0.000,0.000,AP
2026-05-15 07:42:28,1900-01-00 00:00:00,,9C:2F:9D:82:20:A3,-21,,0.000000,0.000000,0.000,0.000,Client
2026-05-15 07:42:28,1900-01-00 00:00:00,dlink-615_EXT,40:86:CB:27:D2:0C,-21, WPA2 ,0.000000,0.000000,0.000,0.000,AP
2026-05-15 07:42:28,1900-01-00 00:00:00,,9C:2F:9D:82:20:A3,-21,,0.000000,0.000000,0.000,0.000,Client
2026-05-15 07:42:28,1900-01-00 00:00:00,dlink-615_EXT,40:86:CB:27:D2:0C,-21, WPA2 ,0.000000,0.000000,0.000,0.000,AP
2026-05-15 07:42:28,1900-01-00 00:00:00,,9C:2F:9D:82:20:A3,-21,,0.000000,0.000000,0.000,0.000,Client
2026-05-15 07:42:28,1900-01-00 00:00:00,dlink-615_EXT,40:86:CB:27:D2:0C,-21, WPA2 ,0.000000,0.000000,0.000,0.000,AP
2026-05-15 07:42:28,1900-01-00 00:00:00,,9C:2F:9D:82:20:A3,-21,,0.000000,0.000000,0.000,0.000,Client
2026-05-15 07:42:28,1900-01-00 00:00:00,dlink-615_EXT,40:86:CB:27:D2:0C,-21, WPA2 ,0.000000,0.000000,0.000,0.000,AP
2026-05-15 07:42:28,1900-01-00 00:00:00,,9C:2F:9D:82:20:A3,-21,,0.000000,0.000000,0.000,0.000,Client
2026-05-15 07:42:28,1900-01-00 00:00:00,dlink-615_EXT,40:86:CB:27:D2:0C,-21, WPA2 ,0.000000,0.000000,0.000,0.000,AP
2026-05-15 07:42:28,1900-01-00 00:00:00,,9C:2F:9D:82:20:A3,-21,,0.000000,0.000000,0.000,0.000,Client
2026-05-15 07:42:28,1900-01-00 00:00:00,dlink-615_EXT,40:86:CB:27:D2:0C,-21, WPA2 ,0.000000,0.000000,0.000,0.000,AP
2026-05-15 07:42:28,1900-01-00 00:00:00,,9C:2F:9D:82:20:A3,-21,,0.000000,0.000000,0.000,0.000,Client
2026-05-15 07:42:28,1900-01-00 00:00:00,dlink-615_EXT,40:86:CB:27:D2:0C,-21, WPA2 ,0.000000,0.000000,0.000,0.000,AP
2026-05-15 07:42:28,1900-01-00 00:00:00,,9C:2F:9D:82:20:A3,-21,,0.000000,0.000000,0.000,0.000,Client
2026-05-15 07:42:28,1900-01-00 00:00:00,dlink-615_EXT,40:86:CB:27:D2:0C,-21, WPA2 ,0.000000,0.000000,0.000,0.000,AP
2026-05-15 07:42:28,1900-01-00 00:00:00,,9C:2F:9D:82:20:A3,-21,,0.000000,0.000000,0.000,0.000,Client
2026-05-15 07:42:28,1900-01-00 00:00:00,dlink-615_EXT,40:86:CB:27:D2:0C,-21, WPA2 ,0.000000,0.000000,0.000,0.000,AP
2026-05-15 07:42:28,1900-01-00 00:00:00,,9C:2F:9D:82:20:A3,-21,,0.000000,0.000000,0.000,0.000,Client
2026-05-15 07:42:28,1900-01-00 00:00:00,dlink-615_EXT,40:86:CB:27:D2:0C,-21, WPA2 ,0.000000,0.000000,0.000,0.000,AP
2026-05-15 07:42:28,1900-01-00 00:00:00,,9C:2F:9D:82:20:A3,-21,,0.000000,0.000000,0.000,0.000,Client
2026-05-15 07:42:28,1900-01-00 00:00:00,dlink-615_EXT,40:86:CB:27:D2:0C,-21, WPA2 ,0.000000,0.000000,0.000,0.000,AP
2026-05-15 07:42:28,1900-01-00 00:00:00,,9C:2F:9D:82:20:A3,-21,,0.000000,0.000000,0.000,0.000,Client
2026-05-15 07:42:28,1900-01-00 00:00:00,dlink-615_EXT,40:86:CB:27:D2:0C,-21, WPA2 ,0.000000,0.000000,0.000,0.000,AP
2026-05-15 07:42:28,1900-01-00 00:00:00,,9C:2F:9D:82:20:A3,-21,,0.000000,0.000000,0.000,0.000,Client
2026-05-15 07:42:28,1900-01-00 00:00:00,dlink-615_EXT,40:86:CB:27:D2:0C,-21, WPA2 ,0.000000,0.000000,0.000,0.000,AP
2026-05-15 07:42:28,1900-01-00 00:00:00,,9C:2F:9D:82:20:A3,-21,,0.000000,0.000000,0.000,0.000,Client
2026-05-15 07:42:28,1900-01-00 00:00:00,dlink-615_EXT,40:86:CB:27:D2:0C,-21, WPA2 ,0.000000,0.000000,0.000,0.000,AP
2026-05-15 07:42:28,1900-01-00 00:00:00,,9C:2F:9D:82:20:A3,-21,,0.000000,0.000000,0.000,0.000,Client
2026-05-15 07:42:28,1900-01-00 00:00:00,dlink-615_EXT,40:86:CB:27:D2:0C,-21, WPA2 ,0.000000,0.000000,0.000,0.000,AP
2026-05-15 07:42:28,1900-01-00 00:00:00,,9C:2F:9D:82:20:A3,-21,,0.000000,0.000000,0.000,0.000,Client
2026-05-15 07:42:28,1900-01-00 00:00:00,dlink-615_EXT,40:86:CB:27:D2:0C,-21, WPA2 ,0.000000,0.000000,0.000,0.000,AP
2026-05-15 07:42:28,1900-01-00 00:00:00,,9C:2F:9D:82:20:A3,-21,,0.000000,0.000000,0.000,0.000,Client
2026-05-15 07:42:28,1900-01-00 00:00:00,dlink-615_EXT,40:86:CB:27:D2:0C,-21, WPA2 ,0.000000,0.000000,0.000,0.000,AP
2026-05-15 07:42:28,1900-01-00 00:00:00,,9C:2F:9D:82:20:A3,-21,,0.000000,0.000000,0.000,0.000,Client
2026-05-15 07:42:28,1900-01-00 00:00:00,dlink-615_EXT,40:86:CB:27:D2:0C,-21, WPA2 ,0.000000,0.000000,0.000,0.000,AP
2026-05-15 07:42:28,1900-01-00 00:00:00,,9C:2F:9D:82:20:A3,-21,,0.000000,0.000000,0.000,0.000,Client
2026-05-15 07:42:28,1900-01-00 00:00:00,dlink-615_EXT,40:86:CB:27:D2:0C,-21, WPA2 ,0.000000,0.000000,0.000,0.000,AP
2026-05-15 07:42:28,1900-01-00 00:00:00,,9C:2F:9D:82:20:A3,-21,,0.000000,0.000000,0.000,0.000,Client
2026-05-15 07:42:28,1900-01-00 00:00:00,dlink-615_EXT,40:86:CB:27:D2:0C,-21, WPA2 ,0.000000,0.000000,0.000,0.000,AP
2026-05-15 07:42:28,1900-01-00 00:00:00,,9C:2F:9D:82:20:A3,-21,,0.000000,0.000000,0.000,0.000,Client
2026-05-15 07:42:28,1900-01-00 00:00:00,dlink-615_EXT,40:86:CB:27:D2:0C,-21, WPA2 ,0.000000,0.000000,0.000,0.000,AP
2026-05-15 07:42:28,1900-01-00 00:00:00,,9C:2F:9D:82:20:A3,-21,,0.000000,0.000000,0.000,0.000,Client
2026-05-15 07:42:28,1900-01-00 00:00:00,dlink-615_EXT,40:86:CB:27:D2:0C,-21, WPA2 ,0.000000,0.000000,0.000,0.000,AP
2026-05-15 07:42:28,1900-01-00 00:00:00,,9C:2F:9D:82:20:A3,-21,,0.000000,0.000000,0.000,0.000,Client
2026-05-15 07:42:28,1900-01-00 00:00:00,dlink-615_EXT,40:86:CB:27:D2:0C,-21, WPA2 ,0.000000,0.000000,0.000,0.000,AP
2026-05-15 07:42:28,1900-01-00 00:00:00,,9C:2F:9D:82:20:A3,-21,,0.000000,0.000000,0.000,0.000,Client
2026-05-15 07:42:28,1900-01-00 00:00:00,dlink-615_EXT,40:86:CB:27:D2:0C,-21, WPA2 ,0.000000,0.000000,0.000,0.000,AP
2026-05-15 07:42:28,1900-01-00 00:00:00,,9C:2F:9D:82:20:A3,-21,,0.000000,0.000000,0.000,0.000,Client
2026-05-15 07:42:28,1900-01-00 00:00:00,dlink-615_EXT,40:86:CB:27:D2:0C,-21, WPA2 ,0.000000,0.000000,0.000,0.000,AP
2026-05-15 07:42:28,1900-01-00 00:00:00,,9C:2F:9D:82:20:A3,-21,,0.000000,0.000000,0.000,0.000,Client
2026-05-15 07:42:28,1900-01-00 00:00:00,dlink-615_EXT,40:86:CB:27:D2:0C,-21, WPA2 ,0.000000,0.000000,0.000,0.000,AP
2026-05-15 07:42:28,1900-01-00 00:00:00,,9C:2F:9D:82:20:A3,-21,,0.000000,0.000000,0.000,0.000,Client
2026-05-15 07:42:28,1900-01-00 00:00:00,dlink-615_EXT,40:86:CB:27:D2:0C,-21, WPA2 ,0.000000,0.000000,0.000,0.000,AP
2026-05-15 07:42:28,1900-01-00 00:00:00,,9C:2F:9D:82:20:A3,-21,,0.000000,0.000000,0.000,0.000,Client
2026-05-15 07:42:28,1900-01-00 00:00:00,dlink-615_EXT,40:86:CB:27:D2:0C,-21, WPA2 ,0.000000,0.000000,0.000,0.000,AP
2026-05-15 07:42:28,1900-01-00 00:00:00,,9C:2F:9D:82:20:A3,-21,,0.000000,0.000000,0.000,0.000,Client
2026-05-15 07:42:28,1900-01-00 00:00:00,dlink-615_EXT,40:86:CB:27:D2:0C,-21, WPA2 ,0.000000,0.000000,0.000,0.000,AP
2026-05-15 07:42:28,1900-01-00 00:00:00,,9C:2F:9D:82:20:A3,-21,,0.000000,0.000000,0.000,0.000,Client
2026-05-15 07:42:28,1900-01-00 00:00:00,dlink-615_EXT,40:86:CB:27:D2:0C,-19, WPA2 ,0.000000,0.000000,0.000,0.000,AP
2026-05-15 07:42:28,1900-01-00 00:00:00,,9C:2F:9D:82:20:A3,-19,,0.000000,0.000000,0.000,0.000,Client
2026-05-15 07:42:28,1900-01-00 00:00:00,dlink-615_EXT,40:86:CB:27:D2:0C,-19, WPA2 ,0.000000,0.000000,0.000,0.000,AP
2026-05-15 07:42:28,1900-01-00 00:00:00,,9C:2F:9D:82:20:A3,-19,,0.000000,0.000000,0.000,0.000,Client
2026-05-15 07:42:28,1900-01-00 00:00:00,dlink-615_EXT,40:86:CB:27:D2:0C,-19, WPA2 ,0.000000,0.000000,0.000,0.000,AP
2026-05-15 07:42:28,1900-01-00 00:00:00,,9C:2F:9D:82:20:A3,-19,,0.000000,0.000000,0.000,0.000,Client
2026-05-15 07:42:28,1900-01-00 00:00:00,dlink-615_EXT,40:86:CB:27:D2:0C,-19, WPA2 ,0.000000,0.000000,0.000,0.000,AP
2026-05-15 07:42:28,1900-01-00 00:00:00,,9C:2F:9D:82:20:A3,-19,,0.000000,0.000000,0.000,0.000,Client
2026-05-15 07:42:28,1900-01-00 00:00:00,dlink-615_EXT,40:86:CB:27:D2:0C,-19, WPA2 ,0.000000,0.000000,0.000,0.000,AP
2026-05-15 07:42:28,1900-01-00 00:00:00,,9C:2F:9D:82:20:A3,-19,,0.000000,0.000000,0.000,0.000,Client
2026-05-15 07:42:28,1900-01-00 00:00:00,dlink-615_EXT,40:86:CB:27:D2:0C,-19, WPA2 ,0.000000,0.000000,0.000,0.000,AP
2026-05-15 07:42:28,1900-01-00 00:00:00,,9C:2F:9D:82:20:A3,-19,,0.000000,0.000000,0.000,0.000,Client
2026-05-15 07:42:28,1900-01-00 00:00:00,dlink-615_EXT,40:86:CB:27:D2:0C,-19, WPA2 ,0.000000,0.000000,0.000,0.000,AP
2026-05-15 07:42:28,1900-01-00 00:00:00,,9C:2F:9D:82:20:A3,-19,,0.000000,0.000000,0.000,0.000,Client
2026-05-15 07:42:28,1900-01-00 00:00:00,dlink-615_EXT,40:86:CB:27:D2:0C,-19, WPA2 ,0.000000,0.000000,0.000,0.000,AP
2026-05-15 07:42:28,1900-01-00 00:00:00,,9C:2F:9D:82:20:A3,-19,,0.000000,0.000000,0.000,0.000,Client
2026-05-15 07:42:28,1900-01-00 00:00:00,dlink-615_EXT,40:86:CB:27:D2:0C,-19, WPA2 ,0.000000,0.000000,0.000,0.000,AP
2026-05-15 07:42:28,1900-01-00 00:00:00,,9C:2F:9D:82:20:A3,-19,,0.000000,0.000000,0.000,0.000,Client
2026-05-15 07:42:28,1900-01-00 00:00:00,dlink-615_EXT,40:86:CB:27:D2:0C,-19, WPA2 ,0.000000,0.000000,0.000,0.000,AP
2026-05-15 07:42:28,1900-01-00 00:00:00,,9C:2F:9D:82:20:A3,-19,,0.000000,0.000000,0.000,0.000,Client
2026-05-15 07:42:28,1900-01-00 00:00:00,dlink-615_EXT,40:86:CB:27:D2:0C,-19, WPA2 ,0.000000,0.000000,0.000,0.000,AP
2026-05-15 07:42:28,1900-01-00 00:00:00,,9C:2F:9D:82:20:A3,-19,,0.000000,0.000000,0.000,0.000,Client
2026-05-15 07:42:28,1900-01-00 00:00:00,dlink-615_EXT,40:86:CB:27:D2:0C,-19, WPA2 ,0.000000,0.000000,0.000,0.000,AP
2026-05-15 07:42:28,1900-01-00 00:00:00,,9C:2F:9D:82:20:A3,-19,,0.000000,0.000000,0.000,0.000,Client
2026-05-15 07:42:28,1900-01-00 00:00:00,dlink-615_EXT,40:86:CB:27:D2:0C,-19, WPA2 ,0.000000,0.000000,0.000,0.000,AP
2026-05-15 07:42:28,1900-01-00 00:00:00,,9C:2F:9D:82:20:A3,-19,,0.000000,0.000000,0.000,0.000,Client
2026-05-15 07:42:28,1900-01-00 00:00:00,dlink-615_EXT,40:86:CB:27:D2:0C,-21, WPA2 ,0.000000,0.000000,0.000,0.000,AP
2026-05-15 07:42:28,1900-01-00 00:00:00,,9C:2F:9D:82:20:A3,-21,,0.000000,0.000000,0.000,0.000,Client
2026-05-15 07:42:28,1900-01-00 00:00:00,dlink-615_EXT,40:86:CB:27:D2:0C,-23, WPA2 ,0.000000,0.000000,0.000,0.000,AP
2026-05-15 07:42:28,1900-01-00 00:00:00,,9C:2F:9D:82:20:A3,-23,,0.000000,0.000000,0.000,0.000,Client
2026-05-15 07:42:28,1900-01-00 00:00:00,dlink-615_EXT,40:86:CB:27:D2:0C,-23, WPA2 ,0.000000,0.000000,0.000,0.000,AP
2026-05-15 07:42:28,1900-01-00 00:00:00,,9C:2F:9D:82:20:A3,-23,,0.000000,0.000000,0.000,0.000,Client
2026-05-15 07:42:28,1900-01-00 00:00:00,dlink-615_EXT,40:86:CB:27:D2:0C,-21, WPA2 ,0.000000,0.000000,0.000,0.000,AP
2026-05-15 07:42:28,1900-01-00 00:00:00,,9C:2F:9D:82:20:A3,-21,,0.000000,0.000000,0.000,0.000,Client
2026-05-15 07:42:28,1900-01-00 00:00:00,dlink-615_EXT,40:86:CB:27:D2:0C,-19, WPA2 ,0.000000,0.000000,0.000,0.000,AP
2026-05-15 07:42:28,1900-01-00 00:00:00,,9C:2F:9D:82:20:A3,-19,,0.000000,0.000000,0.000,0.000,Client
2026-05-15 07:42:28,1900-01-00 00:00:00,dlink-615_EXT,40:86:CB:27:D2:0C,-21, WPA2 ,0.000000,0.000000,0.000,0.000,AP
2026-05-15 07:42:28,1900-01-00 00:00:00,,9C:2F:9D:82:20:A3,-21,,0.000000,0.000000,0.000,0.000,Client
2026-05-15 07:42:28,1900-01-00 00:00:00,dlink-615_EXT,40:86:CB:27:D2:0C,-23, WPA2 ,0.000000,0.000000,0.000,0.000,AP
2026-05-15 07:42:28,1900-01-00 00:00:00,,9C:2F:9D:82:20:A3,-23,,0.000000,0.000000,0.000,0.000,Client
2026-05-15 07:42:28,1900-01-00 00:00:00,dlink-615_EXT,40:86:CB:27:D2:0C,-19, WPA2 ,0.000000,0.000000,0.000,0.000,AP
2026-05-15 07:42:28,1900-01-00 00:00:00,,9C:2F:9D:82:20:A3,-19,,0.000000,0.000000,0.000,0.000,Client
2026-05-15 07:42:28,1900-01-00 00:00:00,dlink-615_EXT,40:86:CB:27:D2:0C,-19, WPA2 ,0.000000,0.000000,0.000,0.000,AP
2026-05-15 07:42:28,1900-01-00 00:00:00,,9C:2F:9D:82:20:A3,-19,,0.000000,0.000000,0.000,0.000,Client
2026-05-15 07:42:28,1900-01-00 00:00:00,dlink-615_EXT,40:86:CB:27:D2:0C,-19, WPA2 ,0.000000,0.000000,0.000,0.000,AP
2026-05-15 07:42:28,1900-01-00 00:00:00,,9C:2F:9D:82:20:A3,-19,,0.000000,0.000000,0.000,0.000,Client
2026-05-15 07:42:28,1900-01-00 00:00:00,dlink-615_EXT,40:86:CB:27:D2:0C,-21, WPA2 ,0.000000,0.000000,0.000,0.000,AP
2026-05-15 07:42:28,1900-01-00 00:00:00,,9C:2F:9D:82:20:A3,-21,,0.000000,0.000000,0.000,0.000,Client
2026-05-15 07:42:28,1900-01-00 00:00:00,dlink-615_EXT,40:86:CB:27:D2:0C,-19, WPA2 ,0.000000,0.000000,0.000,0.000,AP
2026-05-15 07:42:28,1900-01-00 00:00:00,,9C:2F:9D:82:20:A3,-19,,0.000000,0.000000,0.000,0.000,Client
2026-05-15 07:42:28,1900-01-00 00:00:00,dlink-615_EXT,40:86:CB:27:D2:0C,-19, WPA2 ,0.000000,0.000000,0.000,0.000,AP
2026-05-15 07:42:28,1900-01-00 00:00:00,,9C:2F:9D:82:20:A3,-19,,0.000000,0.000000,0.000,0.000,Client
2026-05-15 07:42:28,1900-01-00 00:00:00,dlink-615_EXT,40:86:CB:27:D2:0C,-19, WPA2 ,0.000000,0.000000,0.000,0.000,AP
2026-05-15 07:42:28,1900-01-00 00:00:00,,9C:2F:9D:82:20:A3,-19,,0.000000,0.000000,0.000,0.000,Client
2026-05-15 07:42:28,1900-01-00 00:00:00,dlink-615_EXT,40:86:CB:27:D2:0C,-19, WPA2 ,0.000000,0.000000,0.000,0.000,AP
2026-05-15 07:42:28,1900-01-00 00:00:00,,9C:2F:9D:82:20:A3,-19,,0.000000,0.000000,0.000,0.000,Client
2026-05-15 07:42:28,1900-01-00 00:00:00,dlink-615_EXT,40:86:CB:27:D2:0C,-19, WPA2 ,0.000000,0.000000,0.000,0.000,AP
2026-05-15 07:42:28,1900-01-00 00:00:00,,9C:2F:9D:82:20:A3,-19,,0.000000,0.000000,0.000,0.000,Client
2026-05-15 07:42:28,1900-01-00 00:00:00,dlink-615_EXT,40:86:CB:27:D2:0C,-19, WPA2 ,0.000000,0.000000,0.000,0.000,AP
2026-05-15 07:42:28,1900-01-00 00:00:00,,9C:2F:9D:82:20:A3,-19,,0.000000,0.000000,0.000,0.000,Client
2026-05-15 07:42:28,1900-01-00 00:00:00,dlink-615_EXT,40:86:CB:27:D2:0C,-19, WPA2 ,0.000000,0.000000,0.000,0.000,AP
2026-05-15 07:42:28,1900-01-00 00:00:00,,9C:2F:9D:82:20:A3,-19,,0.000000,0.000000,0.000,0.000,Client
2026-05-15 07:42:28,1900-01-00 00:00:00,dlink-615_EXT,40:86:CB:27:D2:0C,-19, WPA2 ,0.000000,0.000000,0.000,0.000,AP
2026-05-15 07:42:28,1900-01-00 00:00:00,,9C:2F:9D:82:20:A3,-19,,0.000000,0.000000,0.000,0.000,Client
2026-05-15 07:42:28,1900-01-00 00:00:00,dlink-615_EXT,40:86:CB:27:D2:0C,-19, WPA2 ,0.000000,0.000000,0.000,0.000,AP
2026-05-15 07:42:28,1900-01-00 00:00:00,,9C:2F:9D:82:20:A3,-19,,0.000000,0.000000,0.000,0.000,Client
2026-05-15 07:42:28,1900-01-00 00:00:00,dlink-615_EXT,40:86:CB:27:D2:0C,-19, WPA2 ,0.000000,0.000000,0.000,0.000,AP
2026-05-15 07:42:28,1900-01-00 00:00:00,,9C:2F:9D:82:20:A3,-19,,0.000000,0.000000,0.000,0.000,Client
2026-05-15 07:42:28,1900-01-00 00:00:00,dlink-615_EXT,40:86:CB:27:D2:0C,-19, WPA2 ,0.000000,0.000000,0.000,0.000,AP
2026-05-15 07:42:28,1900-01-00 00:00:00,,9C:2F:9D:82:20:A3,-19,,0.000000,0.000000,0.000,0.000,Client
2026-05-15 07:42:28,1900-01-00 00:00:00,dlink-615_EXT,40:86:CB:27:D2:0C,-19, WPA2 ,0.000000,0.000000,0.000,0.000,AP
2026-05-15 07:42:28,1900-01-00 00:00:00,,9C:2F:9D:82:20:A3,-19,,0.000000,0.000000,0.000,0.000,Client
2026-05-15 07:42:28,1900-01-00 00:00:00,dlink-615_EXT,40:86:CB:27:D2:0C,-19, WPA2 ,0.000000,0.000000,0.000,0.000,AP
2026-05-15 07:42:28,1900-01-00 00:00:00,,9C:2F:9D:82:20:A3,-19,,0.000000,0.000000,0.000,0.000,Client
2026-05-15 07:42:28,1900-01-00 00:00:00,dlink-615_EXT,40:86:CB:27:D2:0C,-19, WPA2 ,0.000000,0.000000,0.000,0.000,AP
2026-05-15 07:42:28,1900-01-00 00:00:00,,9C:2F:9D:82:20:A3,-19,,0.000000,0.000000,0.000,0.000,Client
2026-05-15 07:42:28,1900-01-00 00:00:00,dlink-615_EXT,40:86:CB:27:D2:0C,-19, WPA2 ,0.000000,0.000000,0.000,0.000,AP
2026-05-15 07:42:28,1900-01-00 00:00:00,,9C:2F:9D:82:20:A3,-19,,0.000000,0.000000,0.000,0.000,Client
2026-05-15 07:42:28,1900-01-00 00:00:00,dlink-615_EXT,40:86:CB:27:D2:0C,-19, WPA2 ,0.000000,0.000000,0.000,0.000,AP
2026-05-15 07:42:28,1900-01-00 00:00:00,,9C:2F:9D:82:20:A3,-19,,0.000000,0.000000,0.000,0.000,Client
2026-05-15 07:42:28,1900-01-00 00:00:00,dlink-615_EXT,40:86:CB:27:D2:0C,-19, WPA2 ,0.000000,0.000000,0.000,0.000,AP
2026-05-15 07:42:28,1900-01-00 00:00:00,,9C:2F:9D:82:20:A3,-19,,0.000000,0.000000,0.000,0.000,Client
2026-05-15 07:42:28,1900-01-00 00:00:00,dlink-615_EXT,40:86:CB:27:D2:0C,-19, WPA2 ,0.000000,0.000000,0.000,0.000,AP
2026-05-15 07:42:28,1900-01-00 00:00:00,,9C:2F:9D:82:20:A3,-19,,0.000000,0.000000,0.000,0.000,Client
2026-05-15 07:42:28,1900-01-00 00:00:00,dlink-615_EXT,40:86:CB:27:D2:0C,-19, WPA2 ,0.000000,0.000000,0.000,0.000,AP
2026-05-15 07:42:28,1900-01-00 00:00:00,,9C:2F:9D:82:20:A3,-19,,0.000000,0.000000,0.000,0.000,Client
2026-05-15 07:42:28,1900-01-00 00:00:00,dlink-615_EXT,40:86:CB:27:D2:0C,-19, WPA2 ,0.000000,0.000000,0.000,0.000,AP
2026-05-15 07:42:28,1900-01-00 00:00:00,,9C:2F:9D:82:20:A3,-19,,0.000000,0.000000,0.000,0.000,Client
2026-05-15 07:42:28,1900-01-00 00:00:00,dlink-615_EXT,40:86:CB:27:D2:0C,-19, WPA2 ,0.000000,0.000000,0.000,0.000,AP
2026-05-15 07:42:28,1900-01-00 00:00:00,,9C:2F:9D:82:20:A3,-19,,0.000000,0.000000,0.000,0.000,Client
2026-05-15 07:42:28,1900-01-00 00:00:00,dlink-615_EXT,40:86:CB:27:D2:0C,-19, WPA2 ,0.000000,0.000000,0.000,0.000,AP
2026-05-15 07:42:28,1900-01-00 00:00:00,,9C:2F:9D:82:20:A3,-19,,0.000000,0.000000,0.000,0.000,Client
2026-05-15 07:42:28,1900-01-00 00:00:00,dlink-615_EXT,40:86:CB:27:D2:0C,-19, WPA2 ,0.000000,0.000000,0.000,0.000,AP
2026-05-15 07:42:28,1900-01-00 00:00:00,,9C:2F:9D:82:20:A3,-19,,0.000000,0.000000,0.000,0.000,Client
2026-05-15 07:42:28,1900-01-00 00:00:00,dlink-615_EXT,40:86:CB:27:D2:0C,-19, WPA2 ,0.000000,0.000000,0.000,0.000,AP
2026-05-15 07:42:29,1900-01-00 00:00:00,,9C:2F:9D:82:20:A3,-19,,0.000000,0.000000,0.000,0.000,Client
2026-05-15 07:42:29,1900-01-00 00:00:00,dlink-615_EXT,40:86:CB:27:D2:0C,-19, WPA2 ,0.000000,0.000000,0.000,0.000,AP
2026-05-15 07:42:29,1900-01-00 00:00:00,,9C:2F:9D:82:20:A3,-19,,0.000000,0.000000,0.000,0.000,Client
2026-05-15 07:42:29,1900-01-00 00:00:00,dlink-615_EXT,40:86:CB:27:D2:0C,-19, WPA2 ,0.000000,0.000000,0.000,0.000,AP
2026-05-15 07:42:29,1900-01-00 00:00:00,,9C:2F:9D:82:20:A3,-19,,0.000000,0.000000,0.000,0.000,Client
2026-05-15 07:42:29,1900-01-00 00:00:00,dlink-615_EXT,40:86:CB:27:D2:0C,-19, WPA2 ,0.000000,0.000000,0.000,0.000,AP
2026-05-15 07:42:29,1900-01-00 00:00:00,,9C:2F:9D:82:20:A3,-19,,0.000000,0.000000,0.000,0.000,Client
2026-05-15 07:42:29,1900-01-00 00:00:00,dlink-615_EXT,40:86:CB:27:D2:0C,-19, WPA2 ,0.000000,0.000000,0.000,0.000,AP
2026-05-15 07:42:29,1900-01-00 00:00:00,,9C:2F:9D:82:20:A3,-19,,0.000000,0.000000,0.000,0.000,Client
2026-05-15 07:42:29,1900-01-00 00:00:00,dlink-615_EXT,40:86:CB:27:D2:0C,-19, WPA2 ,0.000000,0.000000,0.000,0.000,AP
2026-05-15 07:42:29,1900-01-00 00:00:00,,9C:2F:9D:82:20:A3,-19,,0.000000,0.000000,0.000,0.000,Client
2026-05-15 07:42:29,1900-01-00 00:00:00,dlink-615_EXT,40:86:CB:27:D2:0C,-19, WPA2 ,0.000000,0.000000,0.000,0.000,AP
2026-05-15 07:42:29,1900-01-00 00:00:00,,9C:2F:9D:82:20:A3,-19,,0.000000,0.000000,0.000,0.000,Client
2026-05-15 07:42:29,1900-01-00 00:00:00,dlink-615_EXT,40:86:CB:27:D2:0C,-19, WPA2 ,0.000000,0.000000,0.000,0.000,AP
2026-05-15 07:42:29,1900-01-00 00:00:00,,9C:2F:9D:82:20:A3,-19,,0.000000,0.000000,0.000,0.000,Client
2026-05-15 07:42:29,1900-01-00 00:00:00,dlink-615_EXT,40:86:CB:27:D2:0C,-19, WPA2 ,0.000000,0.000000,0.000,0.000,AP
2026-05-15 07:42:29,1900-01-00 00:00:00,,9C:2F:9D:82:20:A3,-19,,0.000000,0.000000,0.000,0.000,Client
2026-05-15 07:42:29,1900-01-00 00:00:00,dlink-615_EXT,40:86:CB:27:D2:0C,-19, WPA2 ,0.000000,0.000000,0.000,0.000,AP
2026-05-15 07:42:29,1900-01-00 00:00:00,,9C:2F:9D:82:20:A3,-19,,0.000000,0.000000,0.000,0.000,Client
2026-05-15 07:42:29,1900-01-00 00:00:00,dlink-615_EXT,40:86:CB:27:D2:0C,-19, WPA2 ,0.000000,0.000000,0.000,0.000,AP
2026-05-15 07:42:29,1900-01-00 00:00:00,,9C:2F:9D:82:20:A3,-19,,0.000000,0.000000,0.000,0.000,Client
2026-05-15 07:42:29,1900-01-00 00:00:00,dlink-615_EXT,40:86:CB:27:D2:0C,-19, WPA2 ,0.000000,0.000000,0.000,0.000,AP
2026-05-15 07:42:29,1900-01-00 00:00:00,,9C:2F:9D:82:20:A3,-19,,0.000000,0.000000,0.000,0.000,Client
2026-05-15 07:42:29,1900-01-00 00:00:00,dlink-615_EXT,40:86:CB:27:D2:0C,-19, WPA2 ,0.000000,0.000000,0.000,0.000,AP
2026-05-15 07:42:29,1900-01-00 00:00:00,,9C:2F:9D:82:20:A3,-19,,0.000000,0.000000,0.000,0.000,Client
2026-05-15 07:42:29,1900-01-00 00:00:00,dlink-615_EXT,40:86:CB:27:D2:0C,-19, WPA2 ,0.000000,0.000000,0.000,0.000,AP
2026-05-15 07:42:29,1900-01-00 00:00:00,,9C:2F:9D:82:20:A3,-19,,0.000000,0.000000,0.000,0.000,Client
2026-05-15 07:42:29,1900-01-00 00:00:00,dlink-615_EXT,40:86:CB:27:D2:0C,-19, WPA2 ,0.000000,0.000000,0.000,0.000,AP
2026-05-15 07:42:29,1900-01-00 00:00:00,,9C:2F:9D:82:20:A3,-19,,0.000000,0.000000,0.000,0.000,Client
2026-05-15 07:42:29,1900-01-00 00:00:00,dlink-615_EXT,40:86:CB:27:D2:0C,-19, WPA2 ,0.000000,0.000000,0.000,0.000,AP
2026-05-15 07:42:29,1900-01-00 00:00:00,,9C:2F:9D:82:20:A3,-19,,0.000000,0.000000,0.000,0.000,Client
2026-05-15 07:42:29,1900-01-00 00:00:00,dlink-615_EXT,40:86:CB:27:D2:0C,-19, WPA2 ,0.000000,0.000000,0.000,0.000,AP
2026-05-15 07:42:29,1900-01-00 00:00:00,,9C:2F:9D:82:20:A3,-19,,0.000000,0.000000,0.000,0.000,Client
2026-05-15 07:42:29,1900-01-00 00:00:00,dlink-615_EXT,40:86:CB:27:D2:0C,-19, WPA2 ,0.000000,0.000000,0.000,0.000,AP
2026-05-15 07:42:29,1900-01-00 00:00:00,,9C:2F:9D:82:20:A3,-19,,0.000000,0.000000,0.000,0.000,Client
2026-05-15 07:42:29,1900-01-00 00:00:00,dlink-615_EXT,40:86:CB:27:D2:0C,-21, WPA2 ,0.000000,0.000000,0.000,0.000,AP
2026-05-15 07:42:29,1900-01-00 00:00:00,,9C:2F:9D:82:20:A3,-21,,0.000000,0.000000,0.000,0.000,Client
2026-05-15 07:42:29,1900-01-00 00:00:00,dlink-615_EXT,40:86:CB:27:D2:0C,-21, WPA2 ,0.000000,0.000000,0.000,0.000,AP
2026-05-15 07:42:29,1900-01-00 00:00:00,,9C:2F:9D:82:20:A3,-21,,0.000000,0.000000,0.000,0.000,Client
2026-05-15 07:42:29,1900-01-00 00:00:00,dlink-615_EXT,40:86:CB:27:D2:0C,-19, WPA2 ,0.000000,0.000000,0.000,0.000,AP
2026-05-15 07:42:29,1900-01-00 00:00:00,,9C:2F:9D:82:20:A3,-19,,0.000000,0.000000,0.000,0.000,Client
2026-05-15 07:42:29,1900-01-00 00:00:00,dlink-615_EXT,40:86:CB:27:D2:0C,-19, WPA2 ,0.000000,0.000000,0.000,0.000,AP
2026-05-15 07:42:29,1900-01-00 00:00:00,,9C:2F:9D:82:20:A3,-19,,0.000000,0.000000,0.000,0.000,Client
2026-05-15 07:42:29,1900-01-00 00:00:00,dlink-615_EXT,40:86:CB:27:D2:0C,-19, WPA2 ,0.000000,0.000000,0.000,0.000,AP
2026-05-15 07:42:29,1900-01-00 00:00:00,,9C:2F:9D:82:20:A3,-19,,0.000000,0.000000,0.000,0.000,Client
2026-05-15 07:42:29,1900-01-00 00:00:00,dlink-615_EXT,40:86:CB:27:D2:0C,-23, WPA2 ,0.000000,0.000000,0.000,0.000,AP
2026-05-15 07:42:29,1900-01-00 00:00:00,,9C:2F:9D:82:20:A3,-23,,0.000000,0.000000,0.000,0.000,Client
2026-05-15 07:42:29,1900-01-00 00:00:00,dlink-615_EXT,40:86:CB:27:D2:0C,-19, WPA2 ,0.000000,0.000000,0.000,0.000,AP
2026-05-15 07:42:29,1900-01-00 00:00:00,,9C:2F:9D:82:20:A3,-19,,0.000000,0.000000,0.000,0.000,Client
2026-05-15 07:42:29,1900-01-00 00:00:00,dlink-615_EXT,40:86:CB:27:D2:0C,-19, WPA2 ,0.000000,0.000000,0.000,0.000,AP
2026-05-15 07:42:29,1900-01-00 00:00:00,,9C:2F:9D:82:20:A3,-19,,0.000000,0.000000,0.000,0.000,Client
2026-05-15 07:42:29,1900-01-00 00:00:00,dlink-615_EXT,40:86:CB:27:D2:0C,-19, WPA2 ,0.000000,0.000000,0.000,0.000,AP
2026-05-15 07:42:29,1900-01-00 00:00:00,,9C:2F:9D:82:20:A3,-19,,0.000000,0.000000,0.000,0.000,Client
2026-05-15 07:42:29,1900-01-00 00:00:00,dlink-615_EXT,40:86:CB:27:D2:0C,-19, WPA2 ,0.000000,0.000000,0.000,0.000,AP
2026-05-15 07:42:29,1900-01-00 00:00:00,,9C:2F:9D:82:20:A3,-19,,0.000000,0.000000,0.000,0.000,Client
2026-05-15 07:42:29,1900-01-00 00:00:00,dlink-615_EXT,40:86:CB:27:D2:0C,-19, WPA2 ,0.000000,0.000000,0.000,0.000,AP
2026-05-15 07:42:29,1900-01-00 00:00:00,,9C:2F:9D:82:20:A3,-19,,0.000000,0.000000,0.000,0.000,Client
2026-05-15 07:42:29,1900-01-00 00:00:00,dlink-615_EXT,40:86:CB:27:D2:0C,-21, WPA2 ,0.000000,0.000000,0.000,0.000,AP
2026-05-15 07:42:29,1900-01-00 00:00:00,,9C:2F:9D:82:20:A3,-21,,0.000000,0.000000,0.000,0.000,Client
2026-05-15 07:42:29,1900-01-00 00:00:00,dlink-615_EXT,40:86:CB:27:D2:0C,-19, WPA2 ,0.000000,0.000000,0.000,0.000,AP
2026-05-15 07:42:29,1900-01-00 00:00:00,,9C:2F:9D:82:20:A3,-19,,0.000000,0.000000,0.000,0.000,Client
2026-05-15 07:42:29,1900-01-00 00:00:00,dlink-615_EXT,40:86:CB:27:D2:0C,-19, WPA2 ,0.000000,0.000000,0.000,0.000,AP
2026-05-15 07:42:29,1900-01-00 00:00:00,,9C:2F:9D:82:20:A3,-19,,0.000000,0.000000,0.000,0.000,Client
2026-05-15 07:42:29,1900-01-00 00:00:00,dlink-615_EXT,40:86:CB:27:D2:0C,-21, WPA2 ,0.000000,0.000000,0.000,0.000,AP
2026-05-15 07:42:29,1900-01-00 00:00:00,,9C:2F:9D:82:20:A3,-21,,0.000000,0.000000,0.000,0.000,Client
2026-05-15 07:42:29,1900-01-00 00:00:00,dlink-615_EXT,40:86:CB:27:D2:0C,-19, WPA2 ,0.000000,0.000000,0.000,0.000,AP
2026-05-15 07:42:29,1900-01-00 00:00:00,,9C:2F:9D:82:20:A3,-19,,0.000000,0.000000,0.000,0.000,Client
2026-05-15 07:42:29,1900-01-00 00:00:00,dlink-615_EXT,40:86:CB:27:D2:0C,-21, WPA2 ,0.000000,0.000000,0.000,0.000,AP
2026-05-15 07:42:29,1900-01-00 00:00:00,,9C:2F:9D:82:20:A3,-21,,0.000000,0.000000,0.000,0.000,Client
2026-05-15 07:42:29,1900-01-00 00:00:00,dlink-615_EXT,40:86:CB:27:D2:0C,-19, WPA2 ,0.000000,0.000000,0.000,0.000,AP
2026-05-15 07:42:29,1900-01-00 00:00:00,,9C:2F:9D:82:20:A3,-19,,0.000000,0.000000,0.000,0.000,Client
2026-05-15 07:42:29,1900-01-00 00:00:00,dlink-615_EXT,40:86:CB:27:D2:0C,-23, WPA2 ,0.000000,0.000000,0.000,0.000,AP
2026-05-15 07:42:29,1900-01-00 00:00:00,,9C:2F:9D:82:20:A3,-23,,0.000000,0.000000,0.000,0.000,Client
2026-05-15 07:42:29,1900-01-00 00:00:00,dlink-615_EXT,40:86:CB:27:D2:0C,-21, WPA2 ,0.000000,0.000000,0.000,0.000,AP
2026-05-15 07:42:29,1900-01-00 00:00:00,,9C:2F:9D:82:20:A3,-21,,0.000000,0.000000,0.000,0.000,Client
2026-05-15 07:42:29,1900-01-00 00:00:00,dlink-615_EXT,40:86:CB:27:D2:0C,-21, WPA2 ,0.000000,0.000000,0.000,0.000,AP
2026-05-15 07:42:29,1900-01-00 00:00:00,,9C:2F:9D:82:20:A3,-19,,0.000000,0.000000,0.000,0.000,Client
2026-05-15 07:42:29,1900-01-00 00:00:00,dlink-615_EXT,40:86:CB:27:D2:0C,-19, WPA2 ,0.000000,0.000000,0.000,0.000,AP
2026-05-15 07:42:29,1900-01-00 00:00:00,,9C:2F:9D:82:20:A3,-19,,0.000000,0.000000,0.000,0.000,Client
2026-05-15 07:42:29,1900-01-00 00:00:00,dlink-615_EXT,40:86:CB:27:D2:0C,-19, WPA2 ,0.000000,0.000000,0.000,0.000,AP
2026-05-15 07:42:29,1900-01-00 00:00:00,,9C:2F:9D:82:20:A3,-19,,0.000000,0.000000,0.000,0.000,Client
2026-05-15 07:42:29,1900-01-00 00:00:00,dlink-615_EXT,40:86:CB:27:D2:0C,-21, WPA2 ,0.000000,0.000000,0.000,0.000,AP
2026-05-15 07:42:29,1900-01-00 00:00:00,,9C:2F:9D:82:20:A3,-21,,0.000000,0.000000,0.000,0.000,Client
2026-05-15 07:42:29,1900-01-00 00:00:00,dlink-615_EXT,40:86:CB:27:D2:0C,-21, WPA2 ,0.000000,0.000000,0.000,0.000,AP
2026-05-15 07:42:29,1900-01-00 00:00:00,,9C:2F:9D:82:20:A3,-21,,0.000000,0.000000,0.000,0.000,Client
2026-05-15 07:42:29,1900-01-00 00:00:00,dlink-615_EXT,40:86:CB:27:D2:0C,-19, WPA2 ,0.000000,0.000000,0.000,0.000,AP
2026-05-15 07:42:29,1900-01-00 00:00:00,,9C:2F:9D:82:20:A3,-19,,0.000000,0.000000,0.000,0.000,Client
2026-05-15 07:42:29,1900-01-00 00:00:00,dlink-615_EXT,40:86:CB:27:D2:0C,-19, WPA2 ,0.000000,0.000000,0.000,0.000,AP
2026-05-15 07:42:29,1900-01-00 00:00:00,,9C:2F:9D:82:20:A3,-21,,0.000000,0.000000,0.000,0.000,Client
2026-05-15 07:42:29,1900-01-00 00:00:00,dlink-615_EXT,40:86:CB:27:D2:0C,-19, WPA2 ,0.000000,0.000000,0.000,0.000,AP
2026-05-15 07:42:29,1900-01-00 00:00:00,,9C:2F:9D:82:20:A3,-19,,0.000000,0.000000,0.000,0.000,Client
2026-05-15 07:42:29,1900-01-00 00:00:00,dlink-615_EXT,40:86:CB:27:D2:0C,-19, WPA2 ,0.000000,0.000000,0.000,0.000,AP
2026-05-15 07:42:29,1900-01-00 00:00:00,,9C:2F:9D:82:20:A3,-19,,0.000000,0.000000,0.000,0.000,Client
2026-05-15 07:42:29,1900-01-00 00:00:00,dlink-615_EXT,40:86:CB:27:D2:0C,-21, WPA2 ,0.000000,0.000000,0.000,0.000,AP
2026-05-15 07:42:29,1900-01-00 00:00:00,,9C:2F:9D:82:20:A3,-21,,0.000000,0.000000,0.000,0.000,Client
2026-05-15 07:42:29,1900-01-00 00:00:00,dlink-615_EXT,40:86:CB:27:D2:0C,-21, WPA2 ,0.000000,0.000000,0.000,0.000,AP
2026-05-15 07:42:29,1900-01-00 00:00:00,,9C:2F:9D:82:20:A3,-21,,0.000000,0.000000,0.000,0.000,Client
2026-05-15 07:42:29,1900-01-00 00:00:00,dlink-615_EXT,40:86:CB:27:D2:0C,-21, WPA2 ,0.000000,0.000000,0.000,0.000,AP
2026-05-15 07:42:29,1900-01-00 00:00:00,,9C:2F:9D:82:20:A3,-21,,0.000000,0.000000,0.000,0.000,Client
2026-05-15 07:42:29,1900-01-00 00:00:00,dlink-615_EXT,40:86:CB:27:D2:0C,-23, WPA2 ,0.000000,0.000000,0.000,0.000,AP
2026-05-15 07:42:29,1900-01-00 00:00:00,,9C:2F:9D:82:20:A3,-23,,0.000000,0.000000,0.000,0.000,Client
2026-05-15 07:42:29,1900-01-00 00:00:00,dlink-615_EXT,40:86:CB:27:D2:0C,-21, WPA2 ,0.000000,0.000000,0.000,0.000,AP
2026-05-15 07:42:29,1900-01-00 00:00:00,,9C:2F:9D:82:20:A3,-21,,0.000000,0.000000,0.000,0.000,Client
2026-05-15 07:42:29,1900-01-00 00:00:00,dlink-615_EXT,40:86:CB:27:D2:0C,-21, WPA2 ,0.000000,0.000000,0.000,0.000,AP
2026-05-15 07:42:29,1900-01-00 00:00:00,,9C:2F:9D:82:20:A3,-21,,0.000000,0.000000,0.000,0.000,Client
2026-05-15 07:42:29,1900-01-00 00:00:00,dlink-615_EXT,40:86:CB:27:D2:0C,-19, WPA2 ,0.000000,0.000000,0.000,0.000,AP
2026-05-15 07:42:29,1900-01-00 00:00:00,,9C:2F:9D:82:20:A3,-19,,0.000000,0.000000,0.000,0.000,Client
2026-05-15 07:42:29,1900-01-00 00:00:00,dlink-615_EXT,40:86:CB:27:D2:0C,-19, WPA2 ,0.000000,0.000000,0.000,0.000,AP
2026-05-15 07:42:29,1900-01-00 00:00:00,,9C:2F:9D:82:20:A3,-19,,0.000000,0.000000,0.000,0.000,Client
2026-05-15 07:42:29,1900-01-00 00:00:00,dlink-615_EXT,40:86:CB:27:D2:0C,-19, WPA2 ,0.000000,0.000000,0.000,0.000,AP
2026-05-15 07:42:29,1900-01-00 00:00:00,,9C:2F:9D:82:20:A3,-19,,0.000000,0.000000,0.000,0.000,Client
2026-05-15 07:42:29,1900-01-00 00:00:00,dlink-615_EXT,40:86:CB:27:D2:0C,-23, WPA2 ,0.000000,0.000000,0.000,0.000,AP
2026-05-15 07:42:29,1900-01-00 00:00:00,,9C:2F:9D:82:20:A3,-23,,0.000000,0.000000,0.000,0.000,Client
2026-05-15 07:42:29,1900-01-00 00:00:00,dlink-615_EXT,40:86:CB:27:D2:0C,-19, WPA2 ,0.000000,0.000000,0.000,0.000,AP
2026-05-15 07:42:29,1900-01-00 00:00:00,,9C:2F:9D:82:20:A3,-19,,0.000000,0.000000,0.000,0.000,Client
2026-05-15 07:42:29,1900-01-00 00:00:00,dlink-615_EXT,40:86:CB:27:D2:0C,-23, WPA2 ,0.000000,0.000000,0.000,0.000,AP
2026-05-15 07:42:29,1900-01-00 00:00:00,,9C:2F:9D:82:20:A3,-23,,0.000000,0.000000,0.000,0.000,Client
2026-05-15 07:42:29,1900-01-00 00:00:00,dlink-615_EXT,40:86:CB:27:D2:0C,-23, WPA2 ,0.000000,0.000000,0.000,0.000,AP
2026-05-15 07:42:29,1900-01-00 00:00:00,,9C:2F:9D:82:20:A3,-23,,0.000000,0.000000,0.000,0.000,Client
2026-05-15 07:42:29,1900-01-00 00:00:00,dlink-615_EXT,40:86:CB:27:D2:0C,-19, WPA2 ,0.000000,0.000000,0.000,0.000,AP
2026-05-15 07:42:29,1900-01-00 00:00:00,,9C:2F:9D:82:20:A3,-19,,0.000000,0.000000,0.000,0.000,Client
2026-05-15 07:42:29,1900-01-00 00:00:00,dlink-615_EXT,40:86:CB:27:D2:0C,-19, WPA2 ,0.000000,0.000000,0.000,0.000,AP
2026-05-15 07:42:29,1900-01-00 00:00:00,,9C:2F:9D:82:20:A3,-19,,0.000000,0.000000,0.000,0.000,Client
2026-05-15 07:42:29,1900-01-00 00:00:00,dlink-615_EXT,40:86:CB:27:D2:0C,-19, WPA2 ,0.000000,0.000000,0.000,0.000,AP
2026-05-15 07:42:29,1900-01-00 00:00:00,,9C:2F:9D:82:20:A3,-19,,0.000000,0.000000,0.000,0.000,Client
2026-05-15 07:42:29,1900-01-00 00:00:00,dlink-615_EXT,40:86:CB:27:D2:0C,-19, WPA2 ,0.000000,0.000000,0.000,0.000,AP
2026-05-15 07:42:29,1900-01-00 00:00:00,,9C:2F:9D:82:20:A3,-19,,0.000000,0.000000,0.000,0.000,Client
2026-05-15 07:42:29,1900-01-00 00:00:00,dlink-615_EXT,40:86:CB:27:D2:0C,-19, WPA2 ,0.000000,0.000000,0.000,0.000,AP
2026-05-15 07:42:29,1900-01-00 00:00:00,,9C:2F:9D:82:20:A3,-19,,0.000000,0.000000,0.000,0.000,Client
2026-05-15 07:42:29,1900-01-00 00:00:00,dlink-615_EXT,40:86:CB:27:D2:0C,-19, WPA2 ,0.000000,0.000000,0.000,0.000,AP
2026-05-15 07:42:29,1900-01-00 00:00:00,,9C:2F:9D:82:20:A3,-19,,0.000000,0.000000,0.000,0.000,Client
2026-05-15 07:42:29,1900-01-00 00:00:00,dlink-615_EXT,40:86:CB:27:D2:0C,-19, WPA2 ,0.000000,0.000000,0.000,0.000,AP
2026-05-15 07:42:29,1900-01-00 00:00:00,,9C:2F:9D:82:20:A3,-19,,0.000000,0.000000,0.000,0.000,Client
2026-05-15 07:42:29,1900-01-00 00:00:00,dlink-615_EXT,40:86:CB:27:D2:0C,-21, WPA2 ,0.000000,0.000000,0.000,0.000,AP
2026-05-15 07:42:29,1900-01-00 00:00:00,,9C:2F:9D:82:20:A3,-21,,0.000000,0.000000,0.000,0.000,Client
2026-05-15 07:42:29,1900-01-00 00:00:00,dlink-615_EXT,40:86:CB:27:D2:0C,-19, WPA2 ,0.000000,0.000000,0.000,0.000,AP
2026-05-15 07:42:29,1900-01-00 00:00:00,,9C:2F:9D:82:20:A3,-19,,0.000000,0.000000,0.000,0.000,Client
2026-05-15 07:42:29,1900-01-00 00:00:00,dlink-615_EXT,40:86:CB:27:D2:0C,-19, WPA2 ,0.000000,0.000000,0.000,0.000,AP
2026-05-15 07:42:29,1900-01-00 00:00:00,,9C:2F:9D:82:20:A3,-19,,0.000000,0.000000,0.000,0.000,Client
2026-05-15 07:42:29,1900-01-00 00:00:00,dlink-615_EXT,40:86:CB:27:D2:0C,-19, WPA2 ,0.000000,0.000000,0.000,0.000,AP
2026-05-15 07:42:29,1900-01-00 00:00:00,,9C:2F:9D:82:20:A3,-19,,0.000000,0.000000,0.000,0.000,Client
2026-05-15 07:42:29,1900-01-00 00:00:00,dlink-615_EXT,40:86:CB:27:D2:0C,-19, WPA2 ,0.000000,0.000000,0.000,0.000,AP
2026-05-15 07:42:29,1900-01-00 00:00:00,,9C:2F:9D:82:20:A3,-19,,0.000000,0.000000,0.000,0.000,Client
2026-05-15 07:42:29,1900-01-00 00:00:00,dlink-615_EXT,40:86:CB:27:D2:0C,-19, WPA2 ,0.000000,0.000000,0.000,0.000,AP
2026-05-15 07:42:29,1900-01-00 00:00:00,,9C:2F:9D:82:20:A3,-19,,0.000000,0.000000,0.000,0.000,Client
2026-05-15 07:42:29,1900-01-00 00:00:00,dlink-615_EXT,40:86:CB:27:D2:0C,-19, WPA2 ,0.000000,0.000000,0.000,0.000,AP
2026-05-15 07:42:29,1900-01-00 00:00:00,,9C:2F:9D:82:20:A3,-19,,0.000000,0.000000,0.000,0.000,Client
2026-05-15 07:42:29,1900-01-00 00:00:00,dlink-615_EXT,40:86:CB:27:D2:0C,-21, WPA2 ,0.000000,0.000000,0.000,0.000,AP
2026-05-15 07:42:29,1900-01-00 00:00:00,,9C:2F:9D:82:20:A3,-21,,0.000000,0.000000,0.000,0.000,Client
2026-05-15 07:42:29,1900-01-00 00:00:00,dlink-615_EXT,40:86:CB:27:D2:0C,-23, WPA2 ,0.000000,0.000000,0.000,0.000,AP
2026-05-15 07:42:29,1900-01-00 00:00:00,,9C:2F:9D:82:20:A3,-23,,0.000000,0.000000,0.000,0.000,Client
2026-05-15 07:42:29,1900-01-00 00:00:00,dlink-615_EXT,40:86:CB:27:D2:0C,-19, WPA2 ,0.000000,0.000000,0.000,0.000,AP
2026-05-15 07:42:29,1900-01-00 00:00:00,,9C:2F:9D:82:20:A3,-19,,0.000000,0.000000,0.000,0.000,Client
2026-05-15 07:42:29,1900-01-00 00:00:00,dlink-615_EXT,40:86:CB:27:D2:0C,-21, WPA2 ,0.000000,0.000000,0.000,0.000,AP
2026-05-15 07:42:29,1900-01-00 00:00:00,,9C:2F:9D:82:20:A3,-21,,0.000000,0.000000,0.000,0.000,Client
2026-05-15 07:42:29,1900-01-00 00:00:00,dlink-615_EXT,40:86:CB:27:D2:0C,-23, WPA2 ,0.000000,0.000000,0.000,0.000,AP
2026-05-15 07:42:29,1900-01-00 00:00:00,,9C:2F:9D:82:20:A3,-23,,0.000000,0.000000,0.000,0.000,Client
2026-05-15 07:42:29,1900-01-00 00:00:00,dlink-615_EXT,40:86:CB:27:D2:0C,-19, WPA2 ,0.000000,0.000000,0.000,0.000,AP
2026-05-15 07:42:29,1900-01-00 00:00:00,,9C:2F:9D:82:20:A3,-19,,0.000000,0.000000,0.000,0.000,Client
2026-05-15 07:42:29,1900-01-00 00:00:00,dlink-615_EXT,40:86:CB:27:D2:0C,-19, WPA2 ,0.000000,0.000000,0.000,0.000,AP
2026-05-15 07:42:29,1900-01-00 00:00:00,,9C:2F:9D:82:20:A3,-19,,0.000000,0.000000,0.000,0.000,Client
2026-05-15 07:42:29,1900-01-00 00:00:00,dlink-615_EXT,40:86:CB:27:D2:0C,-23, WPA2 ,0.000000,0.000000,0.000,0.000,AP
2026-05-15 07:42:29,1900-01-00 00:00:00,,9C:2F:9D:82:20:A3,-23,,0.000000,0.000000,0.000,0.000,Client
2026-05-15 07:42:29,1900-01-00 00:00:00,dlink-615_EXT,40:86:CB:27:D2:0C,-23, WPA2 ,0.000000,0.000000,0.000,0.000,AP
2026-05-15 07:42:29,1900-01-00 00:00:00,,9C:2F:9D:82:20:A3,-23,,0.000000,0.000000,0.000,0.000,Client
2026-05-15 07:42:29,1900-01-00 00:00:00,dlink-615_EXT,40:86:CB:27:D2:0C,-23, WPA2 ,0.000000,0.000000,0.000,0.000,AP
2026-05-15 07:42:29,1900-01-00 00:00:00,,9C:2F:9D:82:20:A3,-23,,0.000000,0.000000,0.000,0.000,Client
2026-05-15 07:42:29,1900-01-00 00:00:00,dlink-615_EXT,40:86:CB:27:D2:0C,-23, WPA2 ,0.000000,0.000000,0.000,0.000,AP
2026-05-15 07:42:29,1900-01-00 00:00:00,,9C:2F:9D:82:20:A3,-21,,0.000000,0.000000,0.000,0.000,Client
2026-05-15 07:42:29,1900-01-00 00:00:00,dlink-615_EXT,40:86:CB:27:D2:0C,-21, WPA2 ,0.000000,0.000000,0.000,0.000,AP
2026-05-15 07:42:29,1900-01-00 00:00:00,,9C:2F:9D:82:20:A3,-21,,0.000000,0.000000,0.000,0.000,Client
2026-05-15 07:42:29,1900-01-00 00:00:00,dlink-615_EXT,40:86:CB:27:D2:0C,-23, WPA2 ,0.000000,0.000000,0.000,0.000,AP
2026-05-15 07:42:29,1900-01-00 00:00:00,,9C:2F:9D:82:20:A3,-23,,0.000000,0.000000,0.000,0.000,Client
2026-05-15 07:42:29,1900-01-00 00:00:00,dlink-615_EXT,40:86:CB:27:D2:0C,-19, WPA2 ,0.000000,0.000000,0.000,0.000,AP
2026-05-15 07:42:29,1900-01-00 00:00:00,,9C:2F:9D:82:20:A3,-19,,0.000000,0.000000,0.000,0.000,Client
2026-05-15 07:42:29,1900-01-00 00:00:00,dlink-615_EXT,40:86:CB:27:D2:0C,-21, WPA2 ,0.000000,0.000000,0.000,0.000,AP
2026-05-15 07:42:29,1900-01-00 00:00:00,,9C:2F:9D:82:20:A3,-21,,0.000000,0.000000,0.000,0.000,Client
2026-05-15 07:42:29,1900-01-00 00:00:00,dlink-615_EXT,40:86:CB:27:D2:0C,-19, WPA2 ,0.000000,0.000000,0.000,0.000,AP
2026-05-15 07:42:29,1900-01-00 00:00:00,,9C:2F:9D:82:20:A3,-19,,0.000000,0.000000,0.000,0.000,Client
2026-05-15 07:42:29,1900-01-00 00:00:00,dlink-615_EXT,40:86:CB:27:D2:0C,-19, WPA2 ,0.000000,0.000000,0.000,0.000,AP
2026-05-15 07:42:29,1900-01-00 00:00:00,,9C:2F:9D:82:20:A3,-19,,0.000000,0.000000,0.000,0.000,Client
2026-05-15 07:42:29,1900-01-00 00:00:00,dlink-615_EXT,40:86:CB:27:D2:0C,-21, WPA2 ,0.000000,0.000000,0.000,0.000,AP
2026-05-15 07:42:29,1900-01-00 00:00:00,,9C:2F:9D:82:20:A3,-21,,0.000000,0.000000,0.000,0.000,Client
2026-05-15 07:42:29,1900-01-00 00:00:00,dlink-615_EXT,40:86:CB:27:D2:0C,-23, WPA2 ,0.000000,0.000000,0.000,0.000,AP
2026-05-15 07:42:29,1900-01-00 00:00:00,,9C:2F:9D:82:20:A3,-23,,0.000000,0.000000,0.000,0.000,Client
2026-05-15 07:42:29,1900-01-00 00:00:00,dlink-615_EXT,40:86:CB:27:D2:0C,-19, WPA2 ,0.000000,0.000000,0.000,0.000,AP
2026-05-15 07:42:29,1900-01-00 00:00:00,,9C:2F:9D:82:20:A3,-19,,0.000000,0.000000,0.000,0.000,Client
2026-05-15 07:42:29,1900-01-00 00:00:00,dlink-615_EXT,40:86:CB:27:D2:0C,-21, WPA2 ,0.000000,0.000000,0.000,0.000,AP
2026-05-15 07:42:29,1900-01-00 00:00:00,,9C:2F:9D:82:20:A3,-21,,0.000000,0.000000,0.000,0.000,Client
2026-05-15 07:42:29,1900-01-00 00:00:00,dlink-615_EXT,40:86:CB:27:D2:0C,-21, WPA2 ,0.000000,0.000000,0.000,0.000,AP
2026-05-15 07:42:29,1900-01-00 00:00:00,,9C:2F:9D:82:20:A3,-21,,0.000000,0.000000,0.000,0.000,Client
2026-05-15 07:42:29,1900-01-00 00:00:00,dlink-615_EXT,40:86:CB:27:D2:0C,-19, WPA2 ,0.000000,0.000000,0.000,0.000,AP
2026-05-15 07:42:29,1900-01-00 00:00:00,,9C:2F:9D:82:20:A3,-19,,0.000000,0.000000,0.000,0.000,Client
2026-05-15 07:42:29,1900-01-00 00:00:00,dlink-615_EXT,40:86:CB:27:D2:0C,-21, WPA2 ,0.000000,0.000000,0.000,0.000,AP
2026-05-15 07:42:29,1900-01-00 00:00:00,,9C:2F:9D:82:20:A3,-21,,0.000000,0.000000,0.000,0.000,Client
2026-05-15 07:42:29,1900-01-00 00:00:00,dlink-615_EXT,40:86:CB:27:D2:0C,-19, WPA2 ,0.000000,0.000000,0.000,0.000,AP
2026-05-15 07:42:29,1900-01-00 00:00:00,,9C:2F:9D:82:20:A3,-19,,0.000000,0.000000,0.000,0.000,Client
2026-05-15 07:42:29,1900-01-00 00:00:00,dlink-615_EXT,40:86:CB:27:D2:0C,-19, WPA2 ,0.000000,0.000000,0.000,0.000,AP
2026-05-15 07:42:29,1900-01-00 00:00:00,,9C:2F:9D:82:20:A3,-21,,0.000000,0.000000,0.000,0.000,Client
2026-05-15 07:42:29,1900-01-00 00:00:00,dlink-615_EXT,40:86:CB:27:D2:0C,-19, WPA2 ,0.000000,0.000000,0.000,0.000,AP
2026-05-15 07:42:29,1900-01-00 00:00:00,,9C:2F:9D:82:20:A3,-19,,0.000000,0.000000,0.000,0.000,Client
2026-05-15 07:42:29,1900-01-00 00:00:00,dlink-615_EXT,40:86:CB:27:D2:0C,-19, WPA2 ,0.000000,0.000000,0.000,0.000,AP
2026-05-15 07:42:29,1900-01-00 00:00:00,,9C:2F:9D:82:20:A3,-19,,0.000000,0.000000,0.000,0.000,Client
2026-05-15 07:42:29,1900-01-00 00:00:00,dlink-615_EXT,40:86:CB:27:D2:0C,-21, WPA2 ,0.000000,0.000000,0.000,0.000,AP
2026-05-15 07:42:29,1900-01-00 00:00:00,,9C:2F:9D:82:20:A3,-21,,0.000000,0.000000,0.000,0.000,Client
2026-05-15 07:42:29,1900-01-00 00:00:00,dlink-615_EXT,40:86:CB:27:D2:0C,-19, WPA2 ,0.000000,0.000000,0.000,0.000,AP
2026-05-15 07:42:29,1900-01-00 00:00:00,,9C:2F:9D:82:20:A3,-19,,0.000000,0.000000,0.000,0.000,Client
2026-05-15 07:42:29,1900-01-00 00:00:00,dlink-615_EXT,40:86:CB:27:D2:0C,-21, WPA2 ,0.000000,0.000000,0.000,0.000,AP
2026-05-15 07:42:29,1900-01-00 00:00:00,,9C:2F:9D:82:20:A3,-21,,0.000000,0.000000,0.000,0.000,Client
2026-05-15 07:42:29,1900-01-00 00:00:00,dlink-615_EXT,40:86:CB:27:D2:0C,-19, WPA2 ,0.000000,0.000000,0.000,0.000,AP
2026-05-15 07:42:29,1900-01-00 00:00:00,,9C:2F:9D:82:20:A3,-19,,0.000000,0.000000,0.000,0.000,Client
2026-05-15 07:42:29,1900-01-00 00:00:00,dlink-615_EXT,40:86:CB:27:D2:0C,-23, WPA2 ,0.000000,0.000000,0.000,0.000,AP
2026-05-15 07:42:29,1900-01-00 00:00:00,,9C:2F:9D:82:20:A3,-23,,0.000000,0.000000,0.000,0.000,Client
2026-05-15 07:42:29,1900-01-00 00:00:00,dlink-615_EXT,40:86:CB:27:D2:0C,-21, WPA2 ,0.000000,0.000000,0.000,0.000,AP
2026-05-15 07:42:29,1900-01-00 00:00:00,,9C:2F:9D:82:20:A3,-21,,0.000000,0.000000,0.000,0.000,Client
2026-05-15 07:42:29,1900-01-00 00:00:00,dlink-615_EXT,40:86:CB:27:D2:0C,-19, WPA2 ,0.000000,0.000000,0.000,0.000,AP
2026-05-15 07:42:29,1900-01-00 00:00:00,,9C:2F:9D:82:20:A3,-19,,0.000000,0.000000,0.000,0.000,Client
2026-05-15 07:42:29,1900-01-00 00:00:00,dlink-615_EXT,40:86:CB:27:D2:0C,-21, WPA2 ,0.000000,0.000000,0.000,0.000,AP
2026-05-15 07:42:29,1900-01-00 00:00:00,,9C:2F:9D:82:20:A3,-21,,0.000000,0.000000,0.000,0.000,Client
2026-05-15 07:42:29,1900-01-00 00:00:00,dlink-615_EXT,40:86:CB:27:D2:0C,-19, WPA2 ,0.000000,0.000000,0.000,0.000,AP
2026-05-15 07:42:29,1900-01-00 00:00:00,,9C:2F:9D:82:20:A3,-19,,0.000000,0.000000,0.000,0.000,Client
2026-05-15 07:42:30,1900-01-00 00:00:00,dlink-615_EXT,40:86:CB:27:D2:0C,-19, WPA2 ,0.000000,0.000000,0.000,0.000,AP
2026-05-15 07:42:30,1900-01-00 00:00:00,,9C:2F:9D:82:20:A3,-19,,0.000000,0.000000,0.000,0.000,Client
2026-05-15 07:42:30,1900-01-00 00:00:00,dlink-615_EXT,40:86:CB:27:D2:0C,-21, WPA2 ,0.000000,0.000000,0.000,0.000,AP
2026-05-15 07:42:30,1900-01-00 00:00:00,,9C:2F:9D:82:20:A3,-21,,0.000000,0.000000,0.000,0.000,Client
2026-05-15 07:42:30,1900-01-00 00:00:00,dlink-615_EXT,40:86:CB:27:D2:0C,-21, WPA2 ,0.000000,0.000000,0.000,0.000,AP
2026-05-15 07:42:30,1900-01-00 00:00:00,,9C:2F:9D:82:20:A3,-21,,0.000000,0.000000,0.000,0.000,Client
2026-05-15 07:42:30,1900-01-00 00:00:00,dlink-615_EXT,40:86:CB:27:D2:0C,-21, WPA2 ,0.000000,0.000000,0.000,0.000,AP
2026-05-15 07:42:30,1900-01-00 00:00:00,,9C:2F:9D:82:20:A3,-21,,0.000000,0.000000,0.000,0.000,Client
2026-05-15 07:42:30,1900-01-00 00:00:00,dlink-615_EXT,40:86:CB:27:D2:0C,-21, WPA2 ,0.000000,0.000000,0.000,0.000,AP
2026-05-15 07:42:30,1900-01-00 00:00:00,,9C:2F:9D:82:20:A3,-21,,0.000000,0.000000,0.000,0.000,Client
2026-05-15 07:42:30,1900-01-00 00:00:00,dlink-615_EXT,40:86:CB:27:D2:0C,-19, WPA2 ,0.000000,0.000000,0.000,0.000,AP
2026-05-15 07:42:30,1900-01-00 00:00:00,,9C:2F:9D:82:20:A3,-19,,0.000000,0.000000,0.000,0.000,Client
2026-05-15 07:42:30,1900-01-00 00:00:00,dlink-615_EXT,40:86:CB:27:D2:0C,-21, WPA2 ,0.000000,0.000000,0.000,0.000,AP
2026-05-15 07:42:30,1900-01-00 00:00:00,,9C:2F:9D:82:20:A3,-21,,0.000000,0.000000,0.000,0.000,Client
2026-05-15 07:42:30,1900-01-00 00:00:00,dlink-615_EXT,40:86:CB:27:D2:0C,-19, WPA2 ,0.000000,0.000000,0.000,0.000,AP
2026-05-15 07:42:30,1900-01-00 00:00:00,,9C:2F:9D:82:20:A3,-19,,0.000000,0.000000,0.000,0.000,Client
2026-05-15 07:42:30,1900-01-00 00:00:00,dlink-615_EXT,40:86:CB:27:D2:0C,-19, WPA2 ,0.000000,0.000000,0.000,0.000,AP
2026-05-15 07:42:30,1900-01-00 00:00:00,,9C:2F:9D:82:20:A3,-19,,0.000000,0.000000,0.000,0.000,Client
2026-05-15 07:42:30,1900-01-00 00:00:00,dlink-615_EXT,40:86:CB:27:D2:0C,-23, WPA2 ,0.000000,0.000000,0.000,0.000,AP
2026-05-15 07:42:30,1900-01-00 00:00:00,,9C:2F:9D:82:20:A3,-23,,0.000000,0.000000,0.000,0.000,Client
2026-05-15 07:42:30,1900-01-00 00:00:00,dlink-615_EXT,40:86:CB:27:D2:0C,-21, WPA2 ,0.000000,0.000000,0.000,0.000,AP
2026-05-15 07:42:30,1900-01-00 00:00:00,,9C:2F:9D:82:20:A3,-21,,0.000000,0.000000,0.000,0.000,Client
2026-05-15 07:42:30,1900-01-00 00:00:00,dlink-615_EXT,40:86:CB:27:D2:0C,-19, WPA2 ,0.000000,0.000000,0.000,0.000,AP
2026-05-15 07:42:30,1900-01-00 00:00:00,,9C:2F:9D:82:20:A3,-19,,0.000000,0.000000,0.000,0.000,Client
2026-05-15 07:42:30,1900-01-00 00:00:00,dlink-615_EXT,40:86:CB:27:D2:0C,-19, WPA2 ,0.000000,0.000000,0.000,0.000,AP
2026-05-15 07:42:30,1900-01-00 00:00:00,,9C:2F:9D:82:20:A3,-19,,0.000000,0.000000,0.000,0.000,Client
2026-05-15 07:42:30,1900-01-00 00:00:00,dlink-615_EXT,40:86:CB:27:D2:0C,-21, WPA2 ,0.000000,0.000000,0.000,0.000,AP
2026-05-15 07:42:30,1900-01-00 00:00:00,,9C:2F:9D:82:20:A3,-21,,0.000000,0.000000,0.000,0.000,Client
2026-05-15 07:42:30,1900-01-00 00:00:00,dlink-615_EXT,40:86:CB:27:D2:0C,-23, WPA2 ,0.000000,0.000000,0.000,0.000,AP
2026-05-15 07:42:30,1900-01-00 00:00:00,,9C:2F:9D:82:20:A3,-23,,0.000000,0.000000,0.000,0.000,Client
2026-05-15 07:42:30,1900-01-00 00:00:00,dlink-615_EXT,40:86:CB:27:D2:0C,-19, WPA2 ,0.000000,0.000000,0.000,0.000,AP
2026-05-15 07:42:30,1900-01-00 00:00:00,,9C:2F:9D:82:20:A3,-19,,0.000000,0.000000,0.000,0.000,Client
2026-05-15 07:42:30,1900-01-00 00:00:00,dlink-615_EXT,40:86:CB:27:D2:0C,-19, WPA2 ,0.000000,0.000000,0.000,0.000,AP
2026-05-15 07:42:30,1900-01-00 00:00:00,,9C:2F:9D:82:20:A3,-19,,0.000000,0.000000,0.000,0.000,Client
2026-05-15 07:42:30,1900-01-00 00:00:00,dlink-615_EXT,40:86:CB:27:D2:0C,-19, WPA2 ,0.000000,0.000000,0.000,0.000,AP
2026-05-15 07:42:30,1900-01-00 00:00:00,,9C:2F:9D:82:20:A3,-19,,0.000000,0.000000,0.000,0.000,Client
2026-05-15 07:42:30,1900-01-00 00:00:00,dlink-615_EXT,40:86:CB:27:D2:0C,-19, WPA2 ,0.000000,0.000000,0.000,0.000,AP
2026-05-15 07:42:30,1900-01-00 00:00:00,,9C:2F:9D:82:20:A3,-19,,0.000000,0.000000,0.000,0.000,Client
2026-05-15 07:42:30,1900-01-00 00:00:00,dlink-615_EXT,40:86:CB:27:D2:0C,-21, WPA2 ,0.000000,0.000000,0.000,0.000,AP
2026-05-15 07:42:30,1900-01-00 00:00:00,,9C:2F:9D:82:20:A3,-21,,0.000000,0.000000,0.000,0.000,Client
2026-05-15 07:42:30,1900-01-00 00:00:00,dlink-615_EXT,40:86:CB:27:D2:0C,-19, WPA2 ,0.000000,0.000000,0.000,0.000,AP
2026-05-15 07:42:30,1900-01-00 00:00:00,,9C:2F:9D:82:20:A3,-19,,0.000000,0.000000,0.000,0.000,Client
2026-05-15 07:42:30,1900-01-00 00:00:00,dlink-615_EXT,40:86:CB:27:D2:0C,-19, WPA2 ,0.000000,0.000000,0.000,0.000,AP
2026-05-15 07:42:30,1900-01-00 00:00:00,,9C:2F:9D:82:20:A3,-21,,0.000000,0.000000,0.000,0.000,Client
2026-05-15 07:42:30,1900-01-00 00:00:00,dlink-615_EXT,40:86:CB:27:D2:0C,-19, WPA2 ,0.000000,0.000000,0.000,0.000,AP
2026-05-15 07:42:30,1900-01-00 00:00:00,,9C:2F:9D:82:20:A3,-19,,0.000000,0.000000,0.000,0.000,Client
2026-05-15 07:42:30,1900-01-00 00:00:00,dlink-615_EXT,40:86:CB:27:D2:0C,-21, WPA2 ,0.000000,0.000000,0.000,0.000,AP
2026-05-15 07:42:30,1900-01-00 00:00:00,,9C:2F:9D:82:20:A3,-21,,0.000000,0.000000,0.000,0.000,Client
2026-05-15 07:42:30,1900-01-00 00:00:00,dlink-615_EXT,40:86:CB:27:D2:0C,-19, WPA2 ,0.000000,0.000000,0.000,0.000,AP
2026-05-15 07:42:30,1900-01-00 00:00:00,,9C:2F:9D:82:20:A3,-19,,0.000000,0.000000,0.000,0.000,Client
2026-05-15 07:42:30,1900-01-00 00:00:00,dlink-615_EXT,40:86:CB:27:D2:0C,-19, WPA2 ,0.000000,0.000000,0.000,0.000,AP
2026-05-15 07:42:30,1900-01-00 00:00:00,,9C:2F:9D:82:20:A3,-19,,0.000000,0.000000,0.000,0.000,Client
2026-05-15 07:42:30,1900-01-00 00:00:00,dlink-615_EXT,40:86:CB:27:D2:0C,-30, WPA2 ,0.000000,0.000000,0.000,0.000,AP
2026-05-15 07:42:30,1900-01-00 00:00:00,,9C:2F:9D:82:20:A3,-30,,0.000000,0.000000,0.000,0.000,Client
2026-05-15 07:42:30,1900-01-00 00:00:00,dlink-615_EXT,40:86:CB:27:D2:0C,-30, WPA2 ,0.000000,0.000000,0.000,0.000,AP
2026-05-15 07:42:30,1900-01-00 00:00:00,,9C:2F:9D:82:20:A3,-30,,0.000000,0.000000,0.000,0.000,Client
2026-05-15 07:42:30,1900-01-00 00:00:00,dlink-615_EXT,40:86:CB:27:D2:0C,-30, WPA2 ,0.000000,0.000000,0.000,0.000,AP
2026-05-15 07:42:30,1900-01-00 00:00:00,,9C:2F:9D:82:20:A3,-30,,0.000000,0.000000,0.000,0.000,Client
2026-05-15 07:42:30,1900-01-00 00:00:00,dlink-615_EXT,40:86:CB:27:D2:0C,-30, WPA2 ,0.000000,0.000000,0.000,0.000,AP
2026-05-15 07:42:30,1900-01-00 00:00:00,,9C:2F:9D:82:20:A3,-30,,0.000000,0.000000,0.000,0.000,Client
2026-05-15 07:42:30,1900-01-00 00:00:00,dlink-615_EXT,40:86:CB:27:D2:0C,-30, WPA2 ,0.000000,0.000000,0.000,0.000,AP
2026-05-15 07:42:30,1900-01-00 00:00:00,,9C:2F:9D:82:20:A3,-30,,0.000000,0.000000,0.000,0.000,Client
2026-05-15 07:42:30,1900-01-00 00:00:00,dlink-615_EXT,40:86:CB:27:D2:0C,-30, WPA2 ,0.000000,0.000000,0.000,0.000,AP
2026-05-15 07:42:30,1900-01-00 00:00:00,,9C:2F:9D:82:20:A3,-30,,0.000000,0.000000,0.000,0.000,Client
2026-05-15 07:42:30,1900-01-00 00:00:00,dlink-615_EXT,40:86:CB:27:D2:0C,-30, WPA2 ,0.000000,0.000000,0.000,0.000,AP
2026-05-15 07:42:30,1900-01-00 00:00:00,,9C:2F:9D:82:20:A3,-30,,0.000000,0.000000,0.000,0.000,Client
2026-05-15 07:42:30,1900-01-00 00:00:00,dlink-615_EXT,40:86:CB:27:D2:0C,-30, WPA2 ,0.000000,0.000000,0.000,0.000,AP
2026-05-15 07:42:30,1900-01-00 00:00:00,,9C:2F:9D:82:20:A3,-30,,0.000000,0.000000,0.000,0.000,Client
2026-05-15 07:42:30,1900-01-00 00:00:00,dlink-615_EXT,40:86:CB:27:D2:0C,-30, WPA2 ,0.000000,0.000000,0.000,0.000,AP
2026-05-15 07:42:30,1900-01-00 00:00:00,,9C:2F:9D:82:20:A3,-19,,0.000000,0.000000,0.000,0.000,Client
2026-05-15 07:42:30,1900-01-00 00:00:00,dlink-615_EXT,40:86:CB:27:D2:0C,-19, WPA2 ,0.000000,0.000000,0.000,0.000,AP
2026-05-15 07:42:30,1900-01-00 00:00:00,,9C:2F:9D:82:20:A3,-19,,0.000000,0.000000,0.000,0.000,Client
2026-05-15 07:42:30,1900-01-00 00:00:00,dlink-615_EXT,40:86:CB:27:D2:0C,-19, WPA2 ,0.000000,0.000000,0.000,0.000,AP
2026-05-15 07:42:30,1900-01-00 00:00:00,,9C:2F:9D:82:20:A3,-19,,0.000000,0.000000,0.000,0.000,Client
2026-05-15 07:42:30,1900-01-00 00:00:00,dlink-615_EXT,40:86:CB:27:D2:0C,-19, WPA2 ,0.000000,0.000000,0.000,0.000,AP
2026-05-15 07:42:30,1900-01-00 00:00:00,,9C:2F:9D:82:20:A3,-19,,0.000000,0.000000,0.000,0.000,Client
2026-05-15 07:42:30,1900-01-00 00:00:00,dlink-615_EXT,40:86:CB:27:D2:0C,-19, WPA2 ,0.000000,0.000000,0.000,0.000,AP
2026-05-15 07:42:30,1900-01-00 00:00:00,,9C:2F:9D:82:20:A3,-19,,0.000000,0.000000,0.000,0.000,Client
2026-05-15 07:42:30,1900-01-00 00:00:00,dlink-615_EXT,40:86:CB:27:D2:0C,-19, WPA2 ,0.000000,0.000000,0.000,0.000,AP
2026-05-15 07:42:30,1900-01-00 00:00:00,,9C:2F:9D:82:20:A3,-19,,0.000000,0.000000,0.000,0.000,Client
2026-05-15 07:42:30,1900-01-00 00:00:00,dlink-615_EXT,40:86:CB:27:D2:0C,-19, WPA2 ,0.000000,0.000000,0.000,0.000,AP
2026-05-15 07:42:30,1900-01-00 00:00:00,,9C:2F:9D:82:20:A3,-19,,0.000000,0.000000,0.000,0.000,Client
2026-05-15 07:42:30,1900-01-00 00:00:00,dlink-615_EXT,40:86:CB:27:D2:0C,-21, WPA2 ,0.000000,0.000000,0.000,0.000,AP
2026-05-15 07:42:30,1900-01-00 00:00:00,,9C:2F:9D:82:20:A3,-21,,0.000000,0.000000,0.000,0.000,Client
2026-05-15 07:42:30,1900-01-00 00:00:00,dlink-615_EXT,40:86:CB:27:D2:0C,-21, WPA2 ,0.000000,0.000000,0.000,0.000,AP
2026-05-15 07:42:30,1900-01-00 00:00:00,,9C:2F:9D:82:20:A3,-21,,0.000000,0.000000,0.000,0.000,Client
2026-05-15 07:42:30,1900-01-00 00:00:00,dlink-615_EXT,40:86:CB:27:D2:0C,-19, WPA2 ,0.000000,0.000000,0.000,0.000,AP
2026-05-15 07:42:30,1900-01-00 00:00:00,,9C:2F:9D:82:20:A3,-19,,0.000000,0.000000,0.000,0.000,Client
2026-05-15 07:42:30,1900-01-00 00:00:00,dlink-615_EXT,40:86:CB:27:D2:0C,-19, WPA2 ,0.000000,0.000000,0.000,0.000,AP
2026-05-15 07:42:30,1900-01-00 00:00:00,,9C:2F:9D:82:20:A3,-19,,0.000000,0.000000,0.000,0.000,Client
2026-05-15 07:42:30,1900-01-00 00:00:00,dlink-615_EXT,40:86:CB:27:D2:0C,-19, WPA2 ,0.000000,0.000000,0.000,0.000,AP
2026-05-15 07:42:30,1900-01-00 00:00:00,,9C:2F:9D:82:20:A3,-19,,0.000000,0.000000,0.000,0.000,Client
2026-05-15 07:42:30,1900-01-00 00:00:00,dlink-615_EXT,40:86:CB:27:D2:0C,-19, WPA2 ,0.000000,0.000000,0.000,0.000,AP
2026-05-15 07:42:30,1900-01-00 00:00:00,,9C:2F:9D:82:20:A3,-19,,0.000000,0.000000,0.000,0.000,Client
2026-05-15 07:42:30,1900-01-00 00:00:00,dlink-615_EXT,40:86:CB:27:D2:0C,-19, WPA2 ,0.000000,0.000000,0.000,0.000,AP
2026-05-15 07:42:30,1900-01-00 00:00:00,,9C:2F:9D:82:20:A3,-19,,0.000000,0.000000,0.000,0.000,Client
2026-05-15 07:42:30,1900-01-00 00:00:00,dlink-615_EXT,40:86:CB:27:D2:0C,-19, WPA2 ,0.000000,0.000000,0.000,0.000,AP
2026-05-15 07:42:30,1900-01-00 00:00:00,,9C:2F:9D:82:20:A3,-19,,0.000000,0.000000,0.000,0.000,Client
2026-05-15 07:42:30,1900-01-00 00:00:00,dlink-615_EXT,40:86:CB:27:D2:0C,-21, WPA2 ,0.000000,0.000000,0.000,0.000,AP
2026-05-15 07:42:30,1900-01-00 00:00:00,,9C:2F:9D:82:20:A3,-21,,0.000000,0.000000,0.000,0.000,Client
2026-05-15 07:42:30,1900-01-00 00:00:00,dlink-615_EXT,40:86:CB:27:D2:0C,-19, WPA2 ,0.000000,0.000000,0.000,0.000,AP
2026-05-15 07:42:30,1900-01-00 00:00:00,,9C:2F:9D:82:20:A3,-19,,0.000000,0.000000,0.000,0.000,Client
2026-05-15 07:42:30,1900-01-00 00:00:00,dlink-615_EXT,40:86:CB:27:D2:0C,-19, WPA2 ,0.000000,0.000000,0.000,0.000,AP
2026-05-15 07:42:30,1900-01-00 00:00:00,,9C:2F:9D:82:20:A3,-19,,0.000000,0.000000,0.000,0.000,Client
2026-05-15 07:42:30,1900-01-00 00:00:00,dlink-615_EXT,40:86:CB:27:D2:0C,-21, WPA2 ,0.000000,0.000000,0.000,0.000,AP
2026-05-15 07:42:30,1900-01-00 00:00:00,,9C:2F:9D:82:20:A3,-21,,0.000000,0.000000,0.000,0.000,Client
2026-05-15 07:42:30,1900-01-00 00:00:00,dlink-615_EXT,40:86:CB:27:D2:0C,-19, WPA2 ,0.000000,0.000000,0.000,0.000,AP
2026-05-15 07:42:30,1900-01-00 00:00:00,,9C:2F:9D:82:20:A3,-19,,0.000000,0.000000,0.000,0.000,Client
2026-05-15 07:42:30,1900-01-00 00:00:00,dlink-615_EXT,40:86:CB:27:D2:0C,-21, WPA2 ,0.000000,0.000000,0.000,0.000,AP
2026-05-15 07:42:30,1900-01-00 00:00:00,,9C:2F:9D:82:20:A3,-21,,0.000000,0.000000,0.000,0.000,Client
2026-05-15 07:42:30,1900-01-00 00:00:00,dlink-615_EXT,40:86:CB:27:D2:0C,-19, WPA2 ,0.000000,0.000000,0.000,0.000,AP
2026-05-15 07:42:30,1900-01-00 00:00:00,,9C:2F:9D:82:20:A3,-19,,0.000000,0.000000,0.000,0.000,Client
2026-05-15 07:42:30,1900-01-00 00:00:00,dlink-615_EXT,40:86:CB:27:D2:0C,-19, WPA2 ,0.000000,0.000000,0.000,0.000,AP
2026-05-15 07:42:30,1900-01-00 00:00:00,,9C:2F:9D:82:20:A3,-21,,0.000000,0.000000,0.000,0.000,Client
2026-05-15 07:42:30,1900-01-00 00:00:00,dlink-615_EXT,40:86:CB:27:D2:0C,-21, WPA2 ,0.000000,0.000000,0.000,0.000,AP
2026-05-15 07:42:30,1900-01-00 00:00:00,,9C:2F:9D:82:20:A3,-21,,0.000000,0.000000,0.000,0.000,Client
2026-05-15 07:42:30,1900-01-00 00:00:00,dlink-615_EXT,40:86:CB:27:D2:0C,-19, WPA2 ,0.000000,0.000000,0.000,0.000,AP
2026-05-15 07:42:30,1900-01-00 00:00:00,,9C:2F:9D:82:20:A3,-19,,0.000000,0.000000,0.000,0.000,Client
2026-05-15 07:42:30,1900-01-00 00:00:00,dlink-615_EXT,40:86:CB:27:D2:0C,-19, WPA2 ,0.000000,0.000000,0.000,0.000,AP
2026-05-15 07:42:30,1900-01-00 00:00:00,,9C:2F:9D:82:20:A3,-19,,0.000000,0.000000,0.000,0.000,Client
2026-05-15 07:42:30,1900-01-00 00:00:00,dlink-615_EXT,40:86:CB:27:D2:0C,-21, WPA2 ,0.000000,0.000000,0.000,0.000,AP
2026-05-15 07:42:30,1900-01-00 00:00:00,,9C:2F:9D:82:20:A3,-21,,0.000000,0.000000,0.000,0.000,Client
2026-05-15 07:42:30,1900-01-00 00:00:00,dlink-615_EXT,40:86:CB:27:D2:0C,-19, WPA2 ,0.000000,0.000000,0.000,0.000,AP
2026-05-15 07:42:30,1900-01-00 00:00:00,,9C:2F:9D:82:20:A3,-19,,0.000000,0.000000,0.000,0.000,Client
2026-05-15 07:42:30,1900-01-00 00:00:00,dlink-615_EXT,40:86:CB:27:D2:0C,-19, WPA2 ,0.000000,0.000000,0.000,0.000,AP
2026-05-15 07:42:30,1900-01-00 00:00:00,,9C:2F:9D:82:20:A3,-35,,0.000000,0.000000,0.000,0.000,Client
2026-05-15 07:42:30,1900-01-00 00:00:00,dlink-615_EXT,40:86:CB:27:D2:0C,-19, WPA2 ,0.000000,0.000000,0.000,0.000,AP
2026-05-15 07:42:30,1900-01-00 00:00:00,,9C:2F:9D:82:20:A3,-19,,0.000000,0.000000,0.000,0.000,Client
2026-05-15 07:42:30,1900-01-00 00:00:00,dlink-615_EXT,40:86:CB:27:D2:0C,-19, WPA2 ,0.000000,0.000000,0.000,0.000,AP
2026-05-15 07:42:30,1900-01-00 00:00:00,,9C:2F:9D:82:20:A3,-19,,0.000000,0.000000,0.000,0.000,Client
2026-05-15 07:42:30,1900-01-00 00:00:00,dlink-615_EXT,40:86:CB:27:D2:0C,-19, WPA2 ,0.000000,0.000000,0.000,0.000,AP
2026-05-15 07:42:30,1900-01-00 00:00:00,,9C:2F:9D:82:20:A3,-19,,0.000000,0.000000,0.000,0.000,Client
2026-05-15 07:42:30,1900-01-00 00:00:00,,9C:2F:9D:82:20:A3,-25,,0.000000,0.000000,0.000,0.000,Client
2026-05-15 07:42:30,1900-01-00 00:00:00,dlink-615_EXT,40:86:CB:27:D2:0C,-19, WPA2 ,0.000000,0.000000,0.000,0.000,AP
2026-05-15 07:42:30,1900-01-00 00:00:00,dlink-615_EXT,40:86:CB:27:D2:0C,-19, WPA2 ,0.000000,0.000000,0.000,0.000,AP
2026-05-15 07:42:30,1900-01-00 00:00:00,,9C:2F:9D:82:20:A3,-23,,0.000000,0.000000,0.000,0.000,Client
2026-05-15 07:42:30,1900-01-00 00:00:00,dlink-615_EXT,40:86:CB:27:D2:0C,-21, WPA2 ,0.000000,0.000000,0.000,0.000,AP
2026-05-15 07:42:30,1900-01-00 00:00:00,,9C:2F:9D:82:20:A3,-23,,0.000000,0.000000,0.000,0.000,Client
2026-05-15 07:42:30,1900-01-00 00:00:00,dlink-615_EXT,40:86:CB:27:D2:0C,-19, WPA2 ,0.000000,0.000000,0.000,0.000,AP
2026-05-15 07:42:30,1900-01-00 00:00:00,,9C:2F:9D:82:20:A3,-25,,0.000000,0.000000,0.000,0.000,Client
2026-05-15 07:42:30,1900-01-00 00:00:00,dlink-615_EXT,40:86:CB:27:D2:0C,-19, WPA2 ,0.000000,0.000000,0.000,0.000,AP
2026-05-15 07:42:30,1900-01-00 00:00:00,,9C:2F:9D:82:20:A3,-19,,0.000000,0.000000,0.000,0.000,Client
2026-05-15 07:42:30,1900-01-00 00:00:00,dlink-615_EXT,40:86:CB:27:D2:0C,-19, WPA2 ,0.000000,0.000000,0.000,0.000,AP
2026-05-15 07:42:30,1900-01-00 00:00:00,,9C:2F:9D:82:20:A3,-19,,0.000000,0.000000,0.000,0.000,Client
2026-05-15 07:42:30,1900-01-00 00:00:00,dlink-615_EXT,40:86:CB:27:D2:0C,-23, WPA2 ,0.000000,0.000000,0.000,0.000,AP
2026-05-15 07:42:30,1900-01-00 00:00:00,,9C:2F:9D:82:20:A3,-25,,0.000000,0.000000,0.000,0.000,Client
2026-05-15 07:42:30,1900-01-00 00:00:00,dlink-615_EXT,40:86:CB:27:D2:0C,-19, WPA2 ,0.000000,0.000000,0.000,0.000,AP
2026-05-15 07:42:30,1900-01-00 00:00:00,,9C:2F:9D:82:20:A3,-19,,0.000000,0.000000,0.000,0.000,Client
2026-05-15 07:42:30,1900-01-00 00:00:00,dlink-615_EXT,40:86:CB:27:D2:0C,-19, WPA2 ,0.000000,0.000000,0.000,0.000,AP
2026-05-15 07:42:30,1900-01-00 00:00:00,,9C:2F:9D:82:20:A3,-19,,0.000000,0.000000,0.000,0.000,Client
2026-05-15 07:42:30,1900-01-00 00:00:00,dlink-615_EXT,40:86:CB:27:D2:0C,-19, WPA2 ,0.000000,0.000000,0.000,0.000,AP
2026-05-15 07:42:30,1900-01-00 00:00:00,,9C:2F:9D:82:20:A3,-19,,0.000000,0.000000,0.000,0.000,Client
2026-05-15 07:42:30,1900-01-00 00:00:00,dlink-615_EXT,40:86:CB:27:D2:0C,-21, WPA2 ,0.000000,0.000000,0.000,0.000,AP
2026-05-15 07:42:30,1900-01-00 00:00:00,,9C:2F:9D:82:20:A3,-21,,0.000000,0.000000,0.000,0.000,Client
2026-05-15 07:42:30,1900-01-00 00:00:00,dlink-615_EXT,40:86:CB:27:D2:0C,-21, WPA2 ,0.000000,0.000000,0.000,0.000,AP
2026-05-15 07:42:30,1900-01-00 00:00:00,,9C:2F:9D:82:20:A3,-19,,0.000000,0.000000,0.000,0.000,Client
2026-05-15 07:42:30,1900-01-00 00:00:00,dlink-615_EXT,40:86:CB:27:D2:0C,-19, WPA2 ,0.000000,0.000000,0.000,0.000,AP
2026-05-15 07:42:30,1900-01-00 00:00:00,,9C:2F:9D:82:20:A3,-19,,0.000000,0.000000,0.000,0.000,Client
2026-05-15 07:42:30,1900-01-00 00:00:00,dlink-615_EXT,40:86:CB:27:D2:0C,-19, WPA2 ,0.000000,0.000000,0.000,0.000,AP
2026-05-15 07:42:30,1900-01-00 00:00:00,,9C:2F:9D:82:20:A3,-19,,0.000000,0.000000,0.000,0.000,Client
2026-05-15 07:42:30,1900-01-00 00:00:00,dlink-615_EXT,40:86:CB:27:D2:0C,-19, WPA2 ,0.000000,0.000000,0.000,0.000,AP
2026-05-15 07:42:30,1900-01-00 00:00:00,,9C:2F:9D:82:20:A3,-19,,0.000000,0.000000,0.000,0.000,Client
2026-05-15 07:42:30,1900-01-00 00:00:00,dlink-615_EXT,40:86:CB:27:D2:0C,-19, WPA2 ,0.000000,0.000000,0.000,0.000,AP
2026-05-15 07:42:30,1900-01-00 00:00:00,,9C:2F:9D:82:20:A3,-19,,0.000000,0.000000,0.000,0.000,Client
2026-05-15 07:42:30,1900-01-00 00:00:00,dlink-615_EXT,40:86:CB:27:D2:0C,-19, WPA2 ,0.000000,0.000000,0.000,0.000,AP
2026-05-15 07:42:30,1900-01-00 00:00:00,,9C:2F:9D:82:20:A3,-19,,0.000000,0.000000,0.000,0.000,Client
2026-05-15 07:42:30,1900-01-00 00:00:00,dlink-615_EXT,40:86:CB:27:D2:0C,-19, WPA2 ,0.000000,0.000000,0.000,0.000,AP
2026-05-15 07:42:30,1900-01-00 00:00:00,,9C:2F:9D:82:20:A3,-19,,0.000000,0.000000,0.000,0.000,Client
2026-05-15 07:42:30,1900-01-00 00:00:00,dlink-615_EXT,40:86:CB:27:D2:0C,-19, WPA2 ,0.000000,0.000000,0.000,0.000,AP
2026-05-15 07:42:30,1900-01-00 00:00:00,,9C:2F:9D:82:20:A3,-19,,0.000000,0.000000,0.000,0.000,Client
2026-05-15 07:42:30,1900-01-00 00:00:00,dlink-615_EXT,40:86:CB:27:D2:0C,-19, WPA2 ,0.000000,0.000000,0.000,0.000,AP
2026-05-15 07:42:30,1900-01-00 00:00:00,,9C:2F:9D:82:20:A3,-19,,0.000000,0.000000,0.000,0.000,Client
2026-05-15 07:42:30,1900-01-00 00:00:00,dlink-615_EXT,40:86:CB:27:D2:0C,-19, WPA2 ,0.000000,0.000000,0.000,0.000,AP
2026-05-15 07:42:30,1900-01-00 00:00:00,,9C:2F:9D:82:20:A3,-19,,0.000000,0.000000,0.000,0.000,Client
2026-05-15 07:42:30,1900-01-00 00:00:00,dlink-615_EXT,40:86:CB:27:D2:0C,-19, WPA2 ,0.000000,0.000000,0.000,0.000,AP
2026-05-15 07:42:30,1900-01-00 00:00:00,,9C:2F:9D:82:20:A3,-19,,0.000000,0.000000,0.000,0.000,Client
2026-05-15 07:42:30,1900-01-00 00:00:00,dlink-615_EXT,40:86:CB:27:D2:0C,-19, WPA2 ,0.000000,0.000000,0.000,0.000,AP
2026-05-15 07:42:30,1900-01-00 00:00:00,,9C:2F:9D:82:20:A3,-19,,0.000000,0.000000,0.000,0.000,Client
2026-05-15 07:42:30,1900-01-00 00:00:00,dlink-615_EXT,40:86:CB:27:D2:0C,-19, WPA2 ,0.000000,0.000000,0.000,0.000,AP
2026-05-15 07:42:30,1900-01-00 00:00:00,,9C:2F:9D:82:20:A3,-19,,0.000000,0.000000,0.000,0.000,Client
2026-05-15 07:42:30,1900-01-00 00:00:00,dlink-615_EXT,40:86:CB:27:D2:0C,-19, WPA2 ,0.000000,0.000000,0.000,0.000,AP
2026-05-15 07:42:30,1900-01-00 00:00:00,,9C:2F:9D:82:20:A3,-19,,0.000000,0.000000,0.000,0.000,Client
2026-05-15 07:42:30,1900-01-00 00:00:00,dlink-615_EXT,40:86:CB:27:D2:0C,-19, WPA2 ,0.000000,0.000000,0.000,0.000,AP
2026-05-15 07:42:30,1900-01-00 00:00:00,,9C:2F:9D:82:20:A3,-19,,0.000000,0.000000,0.000,0.000,Client
2026-05-15 07:42:30,1900-01-00 00:00:00,dlink-615_EXT,40:86:CB:27:D2:0C,-19, WPA2 ,0.000000,0.000000,0.000,0.000,AP
2026-05-15 07:42:30,1900-01-00 00:00:00,,9C:2F:9D:82:20:A3,-19,,0.000000,0.000000,0.000,0.000,Client
2026-05-15 07:42:30,1900-01-00 00:00:00,dlink-615_EXT,40:86:CB:27:D2:0C,-19, WPA2 ,0.000000,0.000000,0.000,0.000,AP
2026-05-15 07:42:30,1900-01-00 00:00:00,,9C:2F:9D:82:20:A3,-19,,0.000000,0.000000,0.000,0.000,Client
2026-05-15 07:42:30,1900-01-00 00:00:00,dlink-615_EXT,40:86:CB:27:D2:0C,-19, WPA2 ,0.000000,0.000000,0.000,0.000,AP
2026-05-15 07:42:30,1900-01-00 00:00:00,,9C:2F:9D:82:20:A3,-19,,0.000000,0.000000,0.000,0.000,Client
2026-05-15 07:42:30,1900-01-00 00:00:00,dlink-615_EXT,40:86:CB:27:D2:0C,-19, WPA2 ,0.000000,0.000000,0.000,0.000,AP
2026-05-15 07:42:30,1900-01-00 00:00:00,,9C:2F:9D:82:20:A3,-19,,0.000000,0.000000,0.000,0.000,Client
2026-05-15 07:42:30,1900-01-00 00:00:00,dlink-615_EXT,40:86:CB:27:D2:0C,-19, WPA2 ,0.000000,0.000000,0.000,0.000,AP
2026-05-15 07:42:30,1900-01-00 00:00:00,,9C:2F:9D:82:20:A3,-19,,0.000000,0.000000,0.000,0.000,Client
2026-05-15 07:42:30,1900-01-00 00:00:00,dlink-615_EXT,40:86:CB:27:D2:0C,-19, WPA2 ,0.000000,0.000000,0.000,0.000,AP
2026-05-15 07:42:30,1900-01-00 00:00:00,,9C:2F:9D:82:20:A3,-19,,0.000000,0.000000,0.000,0.000,Client
2026-05-15 07:42:30,1900-01-00 00:00:00,dlink-615_EXT,40:86:CB:27:D2:0C,-19, WPA2 ,0.000000,0.000000,0.000,0.000,AP
2026-05-15 07:42:30,1900-01-00 00:00:00,,9C:2F:9D:82:20:A3,-19,,0.000000,0.000000,0.000,0.000,Client
2026-05-15 07:42:30,1900-01-00 00:00:00,dlink-615_EXT,40:86:CB:27:D2:0C,-19, WPA2 ,0.000000,0.000000,0.000,0.000,AP
2026-05-15 07:42:30,1900-01-00 00:00:00,,9C:2F:9D:82:20:A3,-19,,0.000000,0.000000,0.000,0.000,Client
2026-05-15 07:42:30,1900-01-00 00:00:00,dlink-615_EXT,40:86:CB:27:D2:0C,-19, WPA2 ,0.000000,0.000000,0.000,0.000,AP
2026-05-15 07:42:30,1900-01-00 00:00:00,,9C:2F:9D:82:20:A3,-19,,0.000000,0.000000,0.000,0.000,Client
2026-05-15 07:42:30,1900-01-00 00:00:00,dlink-615_EXT,40:86:CB:27:D2:0C,-19, WPA2 ,0.000000,0.000000,0.000,0.000,AP
2026-05-15 07:42:30,1900-01-00 00:00:00,,9C:2F:9D:82:20:A3,-19,,0.000000,0.000000,0.000,0.000,Client
2026-05-15 07:42:30,1900-01-00 00:00:00,dlink-615_EXT,40:86:CB:27:D2:0C,-19, WPA2 ,0.000000,0.000000,0.000,0.000,AP
2026-05-15 07:42:30,1900-01-00 00:00:00,,9C:2F:9D:82:20:A3,-19,,0.000000,0.000000,0.000,0.000,Client
2026-05-15 07:42:30,1900-01-00 00:00:00,dlink-615_EXT,40:86:CB:27:D2:0C,-19, WPA2 ,0.000000,0.000000,0.000,0.000,AP
2026-05-15 07:42:30,1900-01-00 00:00:00,,9C:2F:9D:82:20:A3,-19,,0.000000,0.000000,0.000,0.000,Client
2026-05-15 07:42:30,1900-01-00 00:00:00,dlink-615_EXT,40:86:CB:27:D2:0C,-19, WPA2 ,0.000000,0.000000,0.000,0.000,AP
2026-05-15 07:42:30,1900-01-00 00:00:00,,9C:2F:9D:82:20:A3,-19,,0.000000,0.000000,0.000,0.000,Client
2026-05-15 07:42:30,1900-01-00 00:00:00,dlink-615_EXT,40:86:CB:27:D2:0C,-19, WPA2 ,0.000000,0.000000,0.000,0.000,AP
2026-05-15 07:42:30,1900-01-00 00:00:00,,9C:2F:9D:82:20:A3,-19,,0.000000,0.000000,0.000,0.000,Client
2026-05-15 07:42:30,1900-01-00 00:00:00,dlink-615_EXT,40:86:CB:27:D2:0C,-19, WPA2 ,0.000000,0.000000,0.000,0.000,AP
2026-05-15 07:42:30,1900-01-00 00:00:00,,9C:2F:9D:82:20:A3,-19,,0.000000,0.000000,0.000,0.000,Client
2026-05-15 07:42:30,1900-01-00 00:00:00,dlink-615_EXT,40:86:CB:27:D2:0C,-19, WPA2 ,0.000000,0.000000,0.000,0.000,AP
2026-05-15 07:42:30,1900-01-00 00:00:00,,9C:2F:9D:82:20:A3,-19,,0.000000,0.000000,0.000,0.000,Client
2026-05-15 07:42:30,1900-01-00 00:00:00,dlink-615_EXT,40:86:CB:27:D2:0C,-21, WPA2 ,0.000000,0.000000,0.000,0.000,AP
2026-05-15 07:42:30,1900-01-00 00:00:00,,9C:2F:9D:82:20:A3,-21,,0.000000,0.000000,0.000,0.000,Client
2026-05-15 07:42:30,1900-01-00 00:00:00,dlink-615_EXT,40:86:CB:27:D2:0C,-21, WPA2 ,0.000000,0.000000,0.000,0.000,AP
2026-05-15 07:42:30,1900-01-00 00:00:00,,9C:2F:9D:82:20:A3,-21,,0.000000,0.000000,0.000,0.000,Client
2026-05-15 07:42:31,1900-01-00 00:00:00,dlink-615_EXT,40:86:CB:27:D2:0C,-21, WPA2 ,0.000000,0.000000,0.000,0.000,AP
2026-05-15 07:42:31,1900-01-00 00:00:00,,9C:2F:9D:82:20:A3,-21,,0.000000,0.000000,0.000,0.000,Client
2026-05-15 07:42:31,1900-01-00 00:00:00,dlink-615_EXT,40:86:CB:27:D2:0C,-19, WPA2 ,0.000000,0.000000,0.000,0.000,AP
2026-05-15 07:42:31,1900-01-00 00:00:00,,9C:2F:9D:82:20:A3,-19,,0.000000,0.000000,0.000,0.000,Client
2026-05-15 07:42:31,1900-01-00 00:00:00,dlink-615_EXT,40:86:CB:27:D2:0C,-19, WPA2 ,0.000000,0.000000,0.000,0.000,AP
2026-05-15 07:42:31,1900-01-00 00:00:00,,9C:2F:9D:82:20:A3,-19,,0.000000,0.000000,0.000,0.000,Client
2026-05-15 07:42:31,1900-01-00 00:00:00,dlink-615_EXT,40:86:CB:27:D2:0C,-19, WPA2 ,0.000000,0.000000,0.000,0.000,AP
2026-05-15 07:42:31,1900-01-00 00:00:00,,9C:2F:9D:82:20:A3,-19,,0.000000,0.000000,0.000,0.000,Client
2026-05-15 07:42:31,1900-01-00 00:00:00,dlink-615_EXT,40:86:CB:27:D2:0C,-19, WPA2 ,0.000000,0.000000,0.000,0.000,AP
2026-05-15 07:42:31,1900-01-00 00:00:00,,9C:2F:9D:82:20:A3,-19,,0.000000,0.000000,0.000,0.000,Client
2026-05-15 07:42:31,1900-01-00 00:00:00,dlink-615_EXT,40:86:CB:27:D2:0C,-19, WPA2 ,0.000000,0.000000,0.000,0.000,AP
2026-05-15 07:42:31,1900-01-00 00:00:00,,9C:2F:9D:82:20:A3,-19,,0.000000,0.000000,0.000,0.000,Client
2026-05-15 07:42:31,1900-01-00 00:00:00,dlink-615_EXT,40:86:CB:27:D2:0C,-19, WPA2 ,0.000000,0.000000,0.000,0.000,AP
2026-05-15 07:42:31,1900-01-00 00:00:00,,9C:2F:9D:82:20:A3,-19,,0.000000,0.000000,0.000,0.000,Client
2026-05-15 07:42:31,1900-01-00 00:00:00,dlink-615_EXT,40:86:CB:27:D2:0C,-19, WPA2 ,0.000000,0.000000,0.000,0.000,AP
2026-05-15 07:42:31,1900-01-00 00:00:00,,9C:2F:9D:82:20:A3,-19,,0.000000,0.000000,0.000,0.000,Client
2026-05-15 07:42:31,1900-01-00 00:00:00,dlink-615_EXT,40:86:CB:27:D2:0C,-19, WPA2 ,0.000000,0.000000,0.000,0.000,AP
2026-05-15 07:42:31,1900-01-00 00:00:00,,9C:2F:9D:82:20:A3,-19,,0.000000,0.000000,0.000,0.000,Client
2026-05-15 07:42:31,1900-01-00 00:00:00,dlink-615_EXT,40:86:CB:27:D2:0C,-19, WPA2 ,0.000000,0.000000,0.000,0.000,AP
2026-05-15 07:42:31,1900-01-00 00:00:00,,9C:2F:9D:82:20:A3,-19,,0.000000,0.000000,0.000,0.000,Client
2026-05-15 07:42:31,1900-01-00 00:00:00,dlink-615_EXT,40:86:CB:27:D2:0C,-19, WPA2 ,0.000000,0.000000,0.000,0.000,AP
2026-05-15 07:42:31,1900-01-00 00:00:00,,9C:2F:9D:82:20:A3,-19,,0.000000,0.000000,0.000,0.000,Client
2026-05-15 07:42:31,1900-01-00 00:00:00,dlink-615_EXT,40:86:CB:27:D2:0C,-19, WPA2 ,0.000000,0.000000,0.000,0.000,AP
2026-05-15 07:42:31,1900-01-00 00:00:00,,9C:2F:9D:82:20:A3,-19,,0.000000,0.000000,0.000,0.000,Client
2026-05-15 07:42:31,1900-01-00 00:00:00,dlink-615_EXT,40:86:CB:27:D2:0C,-19, WPA2 ,0.000000,0.000000,0.000,0.000,AP
2026-05-15 07:42:31,1900-01-00 00:00:00,,9C:2F:9D:82:20:A3,-19,,0.000000,0.000000,0.000,0.000,Client
2026-05-15 07:42:31,1900-01-00 00:00:00,dlink-615_EXT,40:86:CB:27:D2:0C,-21, WPA2 ,0.000000,0.000000,0.000,0.000,AP
2026-05-15 07:42:31,1900-01-00 00:00:00,,9C:2F:9D:82:20:A3,-21,,0.000000,0.000000,0.000,0.000,Client
2026-05-15 07:42:31,1900-01-00 00:00:00,dlink-615_EXT,40:86:CB:27:D2:0C,-19, WPA2 ,0.000000,0.000000,0.000,0.000,AP
2026-05-15 07:42:31,1900-01-00 00:00:00,,9C:2F:9D:82:20:A3,-19,,0.000000,0.000000,0.000,0.000,Client
2026-05-15 07:42:31,1900-01-00 00:00:00,dlink-615_EXT,40:86:CB:27:D2:0C,-19, WPA2 ,0.000000,0.000000,0.000,0.000,AP
2026-05-15 07:42:31,1900-01-00 00:00:00,,9C:2F:9D:82:20:A3,-19,,0.000000,0.000000,0.000,0.000,Client
2026-05-15 07:42:31,1900-01-00 00:00:00,dlink-615_EXT,40:86:CB:27:D2:0C,-19, WPA2 ,0.000000,0.000000,0.000,0.000,AP
2026-05-15 07:42:31,1900-01-00 00:00:00,,9C:2F:9D:82:20:A3,-19,,0.000000,0.000000,0.000,0.000,Client
2026-05-15 07:42:31,1900-01-00 00:00:00,dlink-615_EXT,40:86:CB:27:D2:0C,-19, WPA2 ,0.000000,0.000000,0.000,0.000,AP
2026-05-15 07:42:31,1900-01-00 00:00:00,,9C:2F:9D:82:20:A3,-19,,0.000000,0.000000,0.000,0.000,Client
2026-05-15 07:42:31,1900-01-00 00:00:00,dlink-615_EXT,40:86:CB:27:D2:0C,-19, WPA2 ,0.000000,0.000000,0.000,0.000,AP
2026-05-15 07:42:31,1900-01-00 00:00:00,,9C:2F:9D:82:20:A3,-19,,0.000000,0.000000,0.000,0.000,Client
2026-05-15 07:42:31,1900-01-00 00:00:00,dlink-615_EXT,40:86:CB:27:D2:0C,-19, WPA2 ,0.000000,0.000000,0.000,0.000,AP
2026-05-15 07:42:31,1900-01-00 00:00:00,,9C:2F:9D:82:20:A3,-19,,0.000000,0.000000,0.000,0.000,Client
2026-05-15 07:42:31,1900-01-00 00:00:00,dlink-615_EXT,40:86:CB:27:D2:0C,-19, WPA2 ,0.000000,0.000000,0.000,0.000,AP
2026-05-15 07:42:31,1900-01-00 00:00:00,,9C:2F:9D:82:20:A3,-19,,0.000000,0.000000,0.000,0.000,Client
2026-05-15 07:42:31,1900-01-00 00:00:00,dlink-615_EXT,40:86:CB:27:D2:0C,-19, WPA2 ,0.000000,0.000000,0.000,0.000,AP
2026-05-15 07:42:31,1900-01-00 00:00:00,,9C:2F:9D:82:20:A3,-19,,0.000000,0.000000,0.000,0.000,Client
2026-05-15 07:42:31,1900-01-00 00:00:00,dlink-615_EXT,40:86:CB:27:D2:0C,-19, WPA2 ,0.000000,0.000000,0.000,0.000,AP
2026-05-15 07:42:31,1900-01-00 00:00:00,,9C:2F:9D:82:20:A3,-19,,0.000000,0.000000,0.000,0.000,Client
2026-05-15 07:42:31,1900-01-00 00:00:00,dlink-615_EXT,40:86:CB:27:D2:0C,-19, WPA2 ,0.000000,0.000000,0.000,0.000,AP
2026-05-15 07:42:31,1900-01-00 00:00:00,,9C:2F:9D:82:20:A3,-19,,0.000000,0.000000,0.000,0.000,Client
2026-05-15 07:42:31,1900-01-00 00:00:00,dlink-615_EXT,40:86:CB:27:D2:0C,-19, WPA2 ,0.000000,0.000000,0.000,0.000,AP
2026-05-15 07:42:31,1900-01-00 00:00:00,,9C:2F:9D:82:20:A3,-19,,0.000000,0.000000,0.000,0.000,Client
2026-05-15 07:42:31,1900-01-00 00:00:00,dlink-615_EXT,40:86:CB:27:D2:0C,-19, WPA2 ,0.000000,0.000000,0.000,0.000,AP
2026-05-15 07:42:31,1900-01-00 00:00:00,,9C:2F:9D:82:20:A3,-19,,0.000000,0.000000,0.000,0.000,Client
2026-05-15 07:42:31,1900-01-00 00:00:00,dlink-615_EXT,40:86:CB:27:D2:0C,-19, WPA2 ,0.000000,0.000000,0.000,0.000,AP
2026-05-15 07:42:31,1900-01-00 00:00:00,,9C:2F:9D:82:20:A3,-19,,0.000000,0.000000,0.000,0.000,Client
2026-05-15 07:42:31,1900-01-00 00:00:00,dlink-615_EXT,40:86:CB:27:D2:0C,-21, WPA2 ,0.000000,0.000000,0.000,0.000,AP
2026-05-15 07:42:31,1900-01-00 00:00:00,,9C:2F:9D:82:20:A3,-21,,0.000000,0.000000,0.000,0.000,Client
2026-05-15 07:42:31,1900-01-00 00:00:00,dlink-615_EXT,40:86:CB:27:D2:0C,-21, WPA2 ,0.000000,0.000000,0.000,0.000,AP
2026-05-15 07:42:31,1900-01-00 00:00:00,,9C:2F:9D:82:20:A3,-21,,0.000000,0.000000,0.000,0.000,Client
2026-05-15 07:42:31,1900-01-00 00:00:00,dlink-615_EXT,40:86:CB:27:D2:0C,-19, WPA2 ,0.000000,0.000000,0.000,0.000,AP
2026-05-15 07:42:31,1900-01-00 00:00:00,,9C:2F:9D:82:20:A3,-19,,0.000000,0.000000,0.000,0.000,Client
2026-05-15 07:42:31,1900-01-00 00:00:00,dlink-615_EXT,40:86:CB:27:D2:0C,-19, WPA2 ,0.000000,0.000000,0.000,0.000,AP
2026-05-15 07:42:31,1900-01-00 00:00:00,,9C:2F:9D:82:20:A3,-19,,0.000000,0.000000,0.000,0.000,Client
2026-05-15 07:42:31,1900-01-00 00:00:00,dlink-615_EXT,40:86:CB:27:D2:0C,-19, WPA2 ,0.000000,0.000000,0.000,0.000,AP
2026-05-15 07:42:31,1900-01-00 00:00:00,,9C:2F:9D:82:20:A3,-19,,0.000000,0.000000,0.000,0.000,Client
2026-05-15 07:42:31,1900-01-00 00:00:00,dlink-615_EXT,40:86:CB:27:D2:0C,-23, WPA2 ,0.000000,0.000000,0.000,0.000,AP
2026-05-15 07:42:31,1900-01-00 00:00:00,,9C:2F:9D:82:20:A3,-23,,0.000000,0.000000,0.000,0.000,Client
2026-05-15 07:42:31,1900-01-00 00:00:00,dlink-615_EXT,40:86:CB:27:D2:0C,-21, WPA2 ,0.000000,0.000000,0.000,0.000,AP
2026-05-15 07:42:31,1900-01-00 00:00:00,,9C:2F:9D:82:20:A3,-21,,0.000000,0.000000,0.000,0.000,Client
2026-05-15 07:42:31,1900-01-00 00:00:00,dlink-615_EXT,40:86:CB:27:D2:0C,-21, WPA2 ,0.000000,0.000000,0.000,0.000,AP
2026-05-15 07:42:31,1900-01-00 00:00:00,,9C:2F:9D:82:20:A3,-21,,0.000000,0.000000,0.000,0.000,Client
2026-05-15 07:42:31,1900-01-00 00:00:00,dlink-615_EXT,40:86:CB:27:D2:0C,-21, WPA2 ,0.000000,0.000000,0.000,0.000,AP
2026-05-15 07:42:31,1900-01-00 00:00:00,,9C:2F:9D:82:20:A3,-21,,0.000000,0.000000,0.000,0.000,Client
2026-05-15 07:42:31,1900-01-00 00:00:00,dlink-615_EXT,40:86:CB:27:D2:0C,-21, WPA2 ,0.000000,0.000000,0.000,0.000,AP
2026-05-15 07:42:31,1900-01-00 00:00:00,,9C:2F:9D:82:20:A3,-21,,0.000000,0.000000,0.000,0.000,Client
2026-05-15 07:42:31,1900-01-00 00:00:00,dlink-615_EXT,40:86:CB:27:D2:0C,-21, WPA2 ,0.000000,0.000000,0.000,0.000,AP
2026-05-15 07:42:31,1900-01-00 00:00:00,,9C:2F:9D:82:20:A3,-21,,0.000000,0.000000,0.000,0.000,Client
2026-05-15 07:42:31,1900-01-00 00:00:00,dlink-615_EXT,40:86:CB:27:D2:0C,-21, WPA2 ,0.000000,0.000000,0.000,0.000,AP
2026-05-15 07:42:31,1900-01-00 00:00:00,,9C:2F:9D:82:20:A3,-21,,0.000000,0.000000,0.000,0.000,Client
2026-05-15 07:42:31,1900-01-00 00:00:00,dlink-615_EXT,40:86:CB:27:D2:0C,-21, WPA2 ,0.000000,0.000000,0.000,0.000,AP
2026-05-15 07:42:31,1900-01-00 00:00:00,,9C:2F:9D:82:20:A3,-21,,0.000000,0.000000,0.000,0.000,Client
2026-05-15 07:42:31,1900-01-00 00:00:00,dlink-615_EXT,40:86:CB:27:D2:0C,-21, WPA2 ,0.000000,0.000000,0.000,0.000,AP
2026-05-15 07:42:31,1900-01-00 00:00:00,,9C:2F:9D:82:20:A3,-21,,0.000000,0.000000,0.000,0.000,Client
2026-05-15 07:42:31,1900-01-00 00:00:00,dlink-615_EXT,40:86:CB:27:D2:0C,-21, WPA2 ,0.000000,0.000000,0.000,0.000,AP
2026-05-15 07:42:31,1900-01-00 00:00:00,,9C:2F:9D:82:20:A3,-21,,0.000000,0.000000,0.000,0.000,Client
2026-05-15 07:42:31,1900-01-00 00:00:00,dlink-615_EXT,40:86:CB:27:D2:0C,-21, WPA2 ,0.000000,0.000000,0.000,0.000,AP
2026-05-15 07:42:31,1900-01-00 00:00:00,,9C:2F:9D:82:20:A3,-21,,0.000000,0.000000,0.000,0.000,Client
2026-05-15 07:42:31,1900-01-00 00:00:00,dlink-615_EXT,40:86:CB:27:D2:0C,-21, WPA2 ,0.000000,0.000000,0.000,0.000,AP
2026-05-15 07:42:31,1900-01-00 00:00:00,,9C:2F:9D:82:20:A3,-21,,0.000000,0.000000,0.000,0.000,Client
2026-05-15 07:42:31,1900-01-00 00:00:00,dlink-615_EXT,40:86:CB:27:D2:0C,-21, WPA2 ,0.000000,0.000000,0.000,0.000,AP
2026-05-15 07:42:31,1900-01-00 00:00:00,,9C:2F:9D:82:20:A3,-21,,0.000000,0.000000,0.000,0.000,Client
2026-05-15 07:42:31,1900-01-00 00:00:00,dlink-615_EXT,40:86:CB:27:D2:0C,-21, WPA2 ,0.000000,0.000000,0.000,0.000,AP
2026-05-15 07:42:31,1900-01-00 00:00:00,,9C:2F:9D:82:20:A3,-21,,0.000000,0.000000,0.000,0.000,Client
2026-05-15 07:42:31,1900-01-00 00:00:00,dlink-615_EXT,40:86:CB:27:D2:0C,-21, WPA2 ,0.000000,0.000000,0.000,0.000,AP
2026-05-15 07:42:31,1900-01-00 00:00:00,,9C:2F:9D:82:20:A3,-21,,0.000000,0.000000,0.000,0.000,Client
2026-05-15 07:42:31,1900-01-00 00:00:00,dlink-615_EXT,40:86:CB:27:D2:0C,-21, WPA2 ,0.000000,0.000000,0.000,0.000,AP
2026-05-15 07:42:31,1900-01-00 00:00:00,,9C:2F:9D:82:20:A3,-21,,0.000000,0.000000,0.000,0.000,Client
2026-05-15 07:42:31,1900-01-00 00:00:00,dlink-615_EXT,40:86:CB:27:D2:0C,-21, WPA2 ,0.000000,0.000000,0.000,0.000,AP
2026-05-15 07:42:31,1900-01-00 00:00:00,,9C:2F:9D:82:20:A3,-21,,0.000000,0.000000,0.000,0.000,Client
2026-05-15 07:42:31,1900-01-00 00:00:00,dlink-615_EXT,40:86:CB:27:D2:0C,-21, WPA2 ,0.000000,0.000000,0.000,0.000,AP
2026-05-15 07:42:31,1900-01-00 00:00:00,,9C:2F:9D:82:20:A3,-21,,0.000000,0.000000,0.000,0.000,Client
2026-05-15 07:42:31,1900-01-00 00:00:00,dlink-615_EXT,40:86:CB:27:D2:0C,-21, WPA2 ,0.000000,0.000000,0.000,0.000,AP
2026-05-15 07:42:31,1900-01-00 00:00:00,,9C:2F:9D:82:20:A3,-21,,0.000000,0.000000,0.000,0.000,Client
2026-05-15 07:42:31,1900-01-00 00:00:00,dlink-615_EXT,40:86:CB:27:D2:0C,-21, WPA2 ,0.000000,0.000000,0.000,0.000,AP
2026-05-15 07:42:31,1900-01-00 00:00:00,,9C:2F:9D:82:20:A3,-21,,0.000000,0.000000,0.000,0.000,Client
2026-05-15 07:42:31,1900-01-00 00:00:00,dlink-615_EXT,40:86:CB:27:D2:0C,-21, WPA2 ,0.000000,0.000000,0.000,0.000,AP
2026-05-15 07:42:31,1900-01-00 00:00:00,,9C:2F:9D:82:20:A3,-21,,0.000000,0.000000,0.000,0.000,Client
2026-05-15 07:42:31,1900-01-00 00:00:00,dlink-615_EXT,40:86:CB:27:D2:0C,-25, WPA2 ,0.000000,0.000000,0.000,0.000,AP
2026-05-15 07:42:31,1900-01-00 00:00:00,,9C:2F:9D:82:20:A3,-25,,0.000000,0.000000,0.000,0.000,Client
2026-05-15 07:42:31,1900-01-00 00:00:00,dlink-615_EXT,40:86:CB:27:D2:0C,-25, WPA2 ,0.000000,0.000000,0.000,0.000,AP
2026-05-15 07:42:31,1900-01-00 00:00:00,,9C:2F:9D:82:20:A3,-25,,0.000000,0.000000,0.000,0.000,Client
2026-05-15 07:42:31,1900-01-00 00:00:00,dlink-615_EXT,40:86:CB:27:D2:0C,-19, WPA2 ,0.000000,0.000000,0.000,0.000,AP
2026-05-15 07:42:31,1900-01-00 00:00:00,,9C:2F:9D:82:20:A3,-23,,0.000000,0.000000,0.000,0.000,Client
2026-05-15 07:42:31,1900-01-00 00:00:00,dlink-615_EXT,40:86:CB:27:D2:0C,-19, WPA2 ,0.000000,0.000000,0.000,0.000,AP
2026-05-15 07:42:31,1900-01-00 00:00:00,,9C:2F:9D:82:20:A3,-23,,0.000000,0.000000,0.000,0.000,Client
2026-05-15 07:42:31,1900-01-00 00:00:00,dlink-615_EXT,40:86:CB:27:D2:0C,-21, WPA2 ,0.000000,0.000000,0.000,0.000,AP
2026-05-15 07:42:31,1900-01-00 00:00:00,,9C:2F:9D:82:20:A3,-25,,0.000000,0.000000,0.000,0.000,Client
2026-05-15 07:42:31,1900-01-00 00:00:00,dlink-615_EXT,40:86:CB:27:D2:0C,-19, WPA2 ,0.000000,0.000000,0.000,0.000,AP
2026-05-15 07:42:31,1900-01-00 00:00:00,,9C:2F:9D:82:20:A3,-25,,0.000000,0.000000,0.000,0.000,Client
2026-05-15 07:42:31,1900-01-00 00:00:00,dlink-615_EXT,40:86:CB:27:D2:0C,-21, WPA2 ,0.000000,0.000000,0.000,0.000,AP
2026-05-15 07:42:31,1900-01-00 00:00:00,,9C:2F:9D:82:20:A3,-21,,0.000000,0.000000,0.000,0.000,Client
2026-05-15 07:42:31,1900-01-00 00:00:00,dlink-615_EXT,40:86:CB:27:D2:0C,-19, WPA2 ,0.000000,0.000000,0.000,0.000,AP
2026-05-15 07:42:31,1900-01-00 00:00:00,,9C:2F:9D:82:20:A3,-23,,0.000000,0.000000,0.000,0.000,Client
2026-05-15 07:42:31,1900-01-00 00:00:00,dlink-615_EXT,40:86:CB:27:D2:0C,-21, WPA2 ,0.000000,0.000000,0.000,0.000,AP
2026-05-15 07:42:31,1900-01-00 00:00:00,,9C:2F:9D:82:20:A3,-25,,0.000000,0.000000,0.000,0.000,Client
2026-05-15 07:42:31,1900-01-00 00:00:00,dlink-615_EXT,40:86:CB:27:D2:0C,-25, WPA2 ,0.000000,0.000000,0.000,0.000,AP
2026-05-15 07:42:31,1900-01-00 00:00:00,,9C:2F:9D:82:20:A3,-21,,0.000000,0.000000,0.000,0.000,Client
2026-05-15 07:42:31,1900-01-00 00:00:00,dlink-615_EXT,40:86:CB:27:D2:0C,-19, WPA2 ,0.000000,0.000000,0.000,0.000,AP
2026-05-15 07:42:31,1900-01-00 00:00:00,,9C:2F:9D:82:20:A3,-25,,0.000000,0.000000,0.000,0.000,Client
2026-05-15 07:42:31,1900-01-00 00:00:00,dlink-615_EXT,40:86:CB:27:D2:0C,-21, WPA2 ,0.000000,0.000000,0.000,0.000,AP
2026-05-15 07:42:31,1900-01-00 00:00:00,,9C:2F:9D:82:20:A3,-25,,0.000000,0.000000,0.000,0.000,Client
2026-05-15 07:42:31,1900-01-00 00:00:00,dlink-615_EXT,40:86:CB:27:D2:0C,-21, WPA2 ,0.000000,0.000000,0.000,0.000,AP
2026-05-15 07:42:31,1900-01-00 00:00:00,,9C:2F:9D:82:20:A3,-21,,0.000000,0.000000,0.000,0.000,Client
2026-05-15 07:42:31,1900-01-00 00:00:00,dlink-615_EXT,40:86:CB:27:D2:0C,-19, WPA2 ,0.000000,0.000000,0.000,0.000,AP
2026-05-15 07:42:31,1900-01-00 00:00:00,,9C:2F:9D:82:20:A3,-25,,0.000000,0.000000,0.000,0.000,Client
2026-05-15 07:42:31,1900-01-00 00:00:00,dlink-615_EXT,40:86:CB:27:D2:0C,-19, WPA2 ,0.000000,0.000000,0.000,0.000,AP
2026-05-15 07:42:31,1900-01-00 00:00:00,,9C:2F:9D:82:20:A3,-19,,0.000000,0.000000,0.000,0.000,Client
2026-05-15 07:42:31,1900-01-00 00:00:00,dlink-615_EXT,40:86:CB:27:D2:0C,-19, WPA2 ,0.000000,0.000000,0.000,0.000,AP
2026-05-15 07:42:31,1900-01-00 00:00:00,,9C:2F:9D:82:20:A3,-25,,0.000000,0.000000,0.000,0.000,Client
2026-05-15 07:42:31,1900-01-00 00:00:00,dlink-615_EXT,40:86:CB:27:D2:0C,-25, WPA2 ,0.000000,0.000000,0.000,0.000,AP
2026-05-15 07:42:31,1900-01-00 00:00:00,,9C:2F:9D:82:20:A3,-25,,0.000000,0.000000,0.000,0.000,Client
2026-05-15 07:42:31,1900-01-00 00:00:00,dlink-615_EXT,40:86:CB:27:D2:0C,-25, WPA2 ,0.000000,0.000000,0.000,0.000,AP
2026-05-15 07:42:31,1900-01-00 00:00:00,,9C:2F:9D:82:20:A3,-25,,0.000000,0.000000,0.000,0.000,Client
2026-05-15 07:42:31,1900-01-00 00:00:00,dlink-615_EXT,40:86:CB:27:D2:0C,-25, WPA2 ,0.000000,0.000000,0.000,0.000,AP
2026-05-15 07:42:31,1900-01-00 00:00:00,,9C:2F:9D:82:20:A3,-19,,0.000000,0.000000,0.000,0.000,Client
2026-05-15 07:42:31,1900-01-00 00:00:00,dlink-615_EXT,40:86:CB:27:D2:0C,-19, WPA2 ,0.000000,0.000000,0.000,0.000,AP
2026-05-15 07:42:31,1900-01-00 00:00:00,,9C:2F:9D:82:20:A3,-29,,0.000000,0.000000,0.000,0.000,Client
2026-05-15 07:42:31,1900-01-00 00:00:00,dlink-615_EXT,40:86:CB:27:D2:0C,-19, WPA2 ,0.000000,0.000000,0.000,0.000,AP
2026-05-15 07:42:31,1900-01-00 00:00:00,,9C:2F:9D:82:20:A3,-19,,0.000000,0.000000,0.000,0.000,Client
2026-05-15 07:42:31,1900-01-00 00:00:00,dlink-615_EXT,40:86:CB:27:D2:0C,-19, WPA2 ,0.000000,0.000000,0.000,0.000,AP
2026-05-15 07:42:31,1900-01-00 00:00:00,,9C:2F:9D:82:20:A3,-19,,0.000000,0.000000,0.000,0.000,Client
2026-05-15 07:42:31,1900-01-00 00:00:00,dlink-615_EXT,40:86:CB:27:D2:0C,-25, WPA2 ,0.000000,0.000000,0.000,0.000,AP
2026-05-15 07:42:31,1900-01-00 00:00:00,,9C:2F:9D:82:20:A3,-25,,0.000000,0.000000,0.000,0.000,Client
2026-05-15 07:42:31,1900-01-00 00:00:00,dlink-615_EXT,40:86:CB:27:D2:0C,-21, WPA2 ,0.000000,0.000000,0.000,0.000,AP
2026-05-15 07:42:31,1900-01-00 00:00:00,,9C:2F:9D:82:20:A3,-21,,0.000000,0.000000,0.000,0.000,Client
2026-05-15 07:42:31,1900-01-00 00:00:00,dlink-615_EXT,40:86:CB:27:D2:0C,-19, WPA2 ,0.000000,0.000000,0.000,0.000,AP
2026-05-15 07:42:31,1900-01-00 00:00:00,,9C:2F:9D:82:20:A3,-19,,0.000000,0.000000,0.000,0.000,Client
2026-05-15 07:42:31,1900-01-00 00:00:00,dlink-615_EXT,40:86:CB:27:D2:0C,-19, WPA2 ,0.000000,0.000000,0.000,0.000,AP
2026-05-15 07:42:31,1900-01-00 00:00:00,,9C:2F:9D:82:20:A3,-19,,0.000000,0.000000,0.000,0.000,Client
2026-05-15 07:42:31,1900-01-00 00:00:00,dlink-615_EXT,40:86:CB:27:D2:0C,-23, WPA2 ,0.000000,0.000000,0.000,0.000,AP
2026-05-15 07:42:31,1900-01-00 00:00:00,,9C:2F:9D:82:20:A3,-23,,0.000000,0.000000,0.000,0.000,Client
2026-05-15 07:42:31,1900-01-00 00:00:00,dlink-615_EXT,40:86:CB:27:D2:0C,-19, WPA2 ,0.000000,0.000000,0.000,0.000,AP
2026-05-15 07:42:31,1900-01-00 00:00:00,,9C:2F:9D:82:20:A3,-19,,0.000000,0.000000,0.000,0.000,Client
2026-05-15 07:42:31,1900-01-00 00:00:00,dlink-615_EXT,40:86:CB:27:D2:0C,-19, WPA2 ,0.000000,0.000000,0.000,0.000,AP
2026-05-15 07:42:31,1900-01-00 00:00:00,,9C:2F:9D:82:20:A3,-19,,0.000000,0.000000,0.000,0.000,Client
2026-05-15 07:42:31,1900-01-00 00:00:00,dlink-615_EXT,40:86:CB:27:D2:0C,-19, WPA2 ,0.000000,0.000000,0.000,0.000,AP
2026-05-15 07:42:31,1900-01-00 00:00:00,,9C:2F:9D:82:20:A3,-19,,0.000000,0.000000,0.000,0.000,Client
2026-05-15 07:42:31,1900-01-00 00:00:00,dlink-615_EXT,40:86:CB:27:D2:0C,-23, WPA2 ,0.000000,0.000000,0.000,0.000,AP
2026-05-15 07:42:31,1900-01-00 00:00:00,,9C:2F:9D:82:20:A3,-23,,0.000000,0.000000,0.000,0.000,Client
2026-05-15 07:42:31,1900-01-00 00:00:00,dlink-615_EXT,40:86:CB:27:D2:0C,-23, WPA2 ,0.000000,0.000000,0.000,0.000,AP
2026-05-15 07:42:31,1900-01-00 00:00:00,,9C:2F:9D:82:20:A3,-21,,0.000000,0.000000,0.000,0.000,Client
2026-05-15 07:42:31,1900-01-00 00:00:00,dlink-615_EXT,40:86:CB:27:D2:0C,-21, WPA2 ,0.000000,0.000000,0.000,0.000,AP
2026-05-15 07:42:31,1900-01-00 00:00:00,,9C:2F:9D:82:20:A3,-21,,0.000000,0.000000,0.000,0.000,Client
2026-05-15 07:42:31,1900-01-00 00:00:00,dlink-615_EXT,40:86:CB:27:D2:0C,-19, WPA2 ,0.000000,0.000000,0.000,0.000,AP
2026-05-15 07:42:31,1900-01-00 00:00:00,,9C:2F:9D:82:20:A3,-19,,0.000000,0.000000,0.000,0.000,Client
2026-05-15 07:42:31,1900-01-00 00:00:00,dlink-615_EXT,40:86:CB:27:D2:0C,-19, WPA2 ,0.000000,0.000000,0.000,0.000,AP
2026-05-15 07:42:31,1900-01-00 00:00:00,,9C:2F:9D:82:20:A3,-19,,0.000000,0.000000,0.000,0.000,Client
2026-05-15 07:42:31,1900-01-00 00:00:00,dlink-615_EXT,40:86:CB:27:D2:0C,-19, WPA2 ,0.000000,0.000000,0.000,0.000,AP
2026-05-15 07:42:31,1900-01-00 00:00:00,,9C:2F:9D:82:20:A3,-19,,0.000000,0.000000,0.000,0.000,Client
2026-05-15 07:42:31,1900-01-00 00:00:00,dlink-615_EXT,40:86:CB:27:D2:0C,-19, WPA2 ,0.000000,0.000000,0.000,0.000,AP
2026-05-15 07:42:31,1900-01-00 00:00:00,,9C:2F:9D:82:20:A3,-19,,0.000000,0.000000,0.000,0.000,Client
2026-05-15 07:42:31,1900-01-00 00:00:00,dlink-615_EXT,40:86:CB:27:D2:0C,-19, WPA2 ,0.000000,0.000000,0.000,0.000,AP
2026-05-15 07:42:31,1900-01-00 00:00:00,,9C:2F:9D:82:20:A3,-19,,0.000000,0.000000,0.000,0.000,Client
2026-05-15 07:42:31,1900-01-00 00:00:00,dlink-615_EXT,40:86:CB:27:D2:0C,-23, WPA2 ,0.000000,0.000000,0.000,0.000,AP
2026-05-15 07:42:31,1900-01-00 00:00:00,,9C:2F:9D:82:20:A3,-23,,0.000000,0.000000,0.000,0.000,Client
2026-05-15 07:42:31,1900-01-00 00:00:00,dlink-615_EXT,40:86:CB:27:D2:0C,-21, WPA2 ,0.000000,0.000000,0.000,0.000,AP
2026-05-15 07:42:31,1900-01-00 00:00:00,,9C:2F:9D:82:20:A3,-21,,0.000000,0.000000,0.000,0.000,Client
2026-05-15 07:42:31,1900-01-00 00:00:00,dlink-615_EXT,40:86:CB:27:D2:0C,-21, WPA2 ,0.000000,0.000000,0.000,0.000,AP
2026-05-15 07:42:31,1900-01-00 00:00:00,,9C:2F:9D:82:20:A3,-21,,0.000000,0.000000,0.000,0.000,Client
2026-05-15 07:42:31,1900-01-00 00:00:00,dlink-615_EXT,40:86:CB:27:D2:0C,-21, WPA2 ,0.000000,0.000000,0.000,0.000,AP
2026-05-15 07:42:31,1900-01-00 00:00:00,,9C:2F:9D:82:20:A3,-21,,0.000000,0.000000,0.000,0.000,Client
2026-05-15 07:42:31,1900-01-00 00:00:00,dlink-615_EXT,40:86:CB:27:D2:0C,-21, WPA2 ,0.000000,0.000000,0.000,0.000,AP
2026-05-15 07:42:31,1900-01-00 00:00:00,,9C:2F:9D:82:20:A3,-21,,0.000000,0.000000,0.000,0.000,Client
2026-05-15 07:42:31,1900-01-00 00:00:00,dlink-615_EXT,40:86:CB:27:D2:0C,-21, WPA2 ,0.000000,0.000000,0.000,0.000,AP
2026-05-15 07:42:31,1900-01-00 00:00:00,,9C:2F:9D:82:20:A3,-21,,0.000000,0.000000,0.000,0.000,Client
2026-05-15 07:42:31,1900-01-00 00:00:00,dlink-615_EXT,40:86:CB:27:D2:0C,-21, WPA2 ,0.000000,0.000000,0.000,0.000,AP
2026-05-15 07:42:31,1900-01-00 00:00:00,,9C:2F:9D:82:20:A3,-21,,0.000000,0.000000,0.000,0.000,Client
2026-05-15 07:42:31,1900-01-00 00:00:00,dlink-615_EXT,40:86:CB:27:D2:0C,-21, WPA2 ,0.000000,0.000000,0.000,0.000,AP
2026-05-15 07:42:31,1900-01-00 00:00:00,,9C:2F:9D:82:20:A3,-21,,0.000000,0.000000,0.000,0.000,Client
2026-05-15 07:42:31,1900-01-00 00:00:00,dlink-615_EXT,40:86:CB:27:D2:0C,-21, WPA2 ,0.000000,0.000000,0.000,0.000,AP
2026-05-15 07:42:31,1900-01-00 00:00:00,,9C:2F:9D:82:20:A3,-21,,0.000000,0.000000,0.000,0.000,Client
2026-05-15 07:42:31,1900-01-00 00:00:00,dlink-615_EXT,40:86:CB:27:D2:0C,-21, WPA2 ,0.000000,0.000000,0.000,0.000,AP
2026-05-15 07:42:31,1900-01-00 00:00:00,,9C:2F:9D:82:20:A3,-21,,0.000000,0.000000,0.000,0.000,Client
2026-05-15 07:42:31,1900-01-00 00:00:00,dlink-615_EXT,40:86:CB:27:D2:0C,-21, WPA2 ,0.000000,0.000000,0.000,0.000,AP
2026-05-15 07:42:31,1900-01-00 00:00:00,,9C:2F:9D:82:20:A3,-21,,0.000000,0.000000,0.000,0.000,Client
2026-05-15 07:42:31,1900-01-00 00:00:00,dlink-615_EXT,40:86:CB:27:D2:0C,-21, WPA2 ,0.000000,0.000000,0.000,0.000,AP
2026-05-15 07:42:31,1900-01-00 00:00:00,,9C:2F:9D:82:20:A3,-21,,0.000000,0.000000,0.000,0.000,Client
2026-05-15 07:42:31,1900-01-00 00:00:00,dlink-615_EXT,40:86:CB:27:D2:0C,-21, WPA2 ,0.000000,0.000000,0.000,0.000,AP
2026-05-15 07:42:31,1900-01-00 00:00:00,,9C:2F:9D:82:20:A3,-21,,0.000000,0.000000,0.000,0.000,Client
2026-05-15 07:42:31,1900-01-00 00:00:00,dlink-615_EXT,40:86:CB:27:D2:0C,-21, WPA2 ,0.000000,0.000000,0.000,0.000,AP
2026-05-15 07:42:31,1900-01-00 00:00:00,,9C:2F:9D:82:20:A3,-21,,0.000000,0.000000,0.000,0.000,Client
2026-05-15 07:42:31,1900-01-00 00:00:00,dlink-615_EXT,40:86:CB:27:D2:0C,-21, WPA2 ,0.000000,0.000000,0.000,0.000,AP
2026-05-15 07:42:31,1900-01-00 00:00:00,,9C:2F:9D:82:20:A3,-21,,0.000000,0.000000,0.000,0.000,Client
2026-05-15 07:42:31,1900-01-00 00:00:00,dlink-615_EXT,40:86:CB:27:D2:0C,-21, WPA2 ,0.000000,0.000000,0.000,0.000,AP
2026-05-15 07:42:31,1900-01-00 00:00:00,,9C:2F:9D:82:20:A3,-21,,0.000000,0.000000,0.000,0.000,Client
2026-05-15 07:42:31,1900-01-00 00:00:00,dlink-615_EXT,40:86:CB:27:D2:0C,-21, WPA2 ,0.000000,0.000000,0.000,0.000,AP
2026-05-15 07:42:31,1900-01-00 00:00:00,,9C:2F:9D:82:20:A3,-21,,0.000000,0.000000,0.000,0.000,Client
2026-05-15 07:42:31,1900-01-00 00:00:00,dlink-615_EXT,40:86:CB:27:D2:0C,-21, WPA2 ,0.000000,0.000000,0.000,0.000,AP
2026-05-15 07:42:31,1900-01-00 00:00:00,,9C:2F:9D:82:20:A3,-21,,0.000000,0.000000,0.000,0.000,Client
2026-05-15 07:42:31,1900-01-00 00:00:00,dlink-615_EXT,40:86:CB:27:D2:0C,-21, WPA2 ,0.000000,0.000000,0.000,0.000,AP
2026-05-15 07:42:31,1900-01-00 00:00:00,,9C:2F:9D:82:20:A3,-21,,0.000000,0.000000,0.000,0.000,Client
2026-05-15 07:42:31,1900-01-00 00:00:00,dlink-615_EXT,40:86:CB:27:D2:0C,-21, WPA2 ,0.000000,0.000000,0.000,0.000,AP
2026-05-15 07:42:31,1900-01-00 00:00:00,,9C:2F:9D:82:20:A3,-21,,0.000000,0.000000,0.000,0.000,Client
2026-05-15 07:42:31,1900-01-00 00:00:00,dlink-615_EXT,40:86:CB:27:D2:0C,-21, WPA2 ,0.000000,0.000000,0.000,0.000,AP
2026-05-15 07:42:31,1900-01-00 00:00:00,,9C:2F:9D:82:20:A3,-21,,0.000000,0.000000,0.000,0.000,Client
2026-05-15 07:42:31,1900-01-00 00:00:00,dlink-615_EXT,40:86:CB:27:D2:0C,-21, WPA2 ,0.000000,0.000000,0.000,0.000,AP
2026-05-15 07:42:31,1900-01-00 00:00:00,,9C:2F:9D:82:20:A3,-21,,0.000000,0.000000,0.000,0.000,Client
2026-05-15 07:42:31,1900-01-00 00:00:00,dlink-615_EXT,40:86:CB:27:D2:0C,-21, WPA2 ,0.000000,0.000000,0.000,0.000,AP
2026-05-15 07:42:31,1900-01-00 00:00:00,,9C:2F:9D:82:20:A3,-21,,0.000000,0.000000,0.000,0.000,Client
2026-05-15 07:42:31,1900-01-00 00:00:00,dlink-615_EXT,40:86:CB:27:D2:0C,-21, WPA2 ,0.000000,0.000000,0.000,0.000,AP
2026-05-15 07:42:31,1900-01-00 00:00:00,,9C:2F:9D:82:20:A3,-21,,0.000000,0.000000,0.000,0.000,Client
2026-05-15 07:42:31,1900-01-00 00:00:00,dlink-615_EXT,40:86:CB:27:D2:0C,-21, WPA2 ,0.000000,0.000000,0.000,0.000,AP
2026-05-15 07:42:31,1900-01-00 00:00:00,,9C:2F:9D:82:20:A3,-21,,0.000000,0.000000,0.000,0.000,Client
2026-05-15 07:42:31,1900-01-00 00:00:00,dlink-615_EXT,40:86:CB:27:D2:0C,-21, WPA2 ,0.000000,0.000000,0.000,0.000,AP
2026-05-15 07:42:31,1900-01-00 00:00:00,,9C:2F:9D:82:20:A3,-21,,0.000000,0.000000,0.000,0.000,Client
2026-05-15 07:42:32,1900-01-00 00:00:00,dlink-615_EXT,40:86:CB:27:D2:0C,-17, WPA2 ,0.000000,0.000000,0.000,0.000,AP
2026-05-15 07:42:32,1900-01-00 00:00:00,,9C:2F:9D:82:20:A3,-17,,0.000000,0.000000,0.000,0.000,Client
2026-05-15 07:42:32,1900-01-00 00:00:00,dlink-615_EXT,40:86:CB:27:D2:0C,-19, WPA2 ,0.000000,0.000000,0.000,0.000,AP
2026-05-15 07:42:32,1900-01-00 00:00:00,,9C:2F:9D:82:20:A3,-17,,0.000000,0.000000,0.000,0.000,Client
2026-05-15 07:42:32,1900-01-00 00:00:00,dlink-615_EXT,40:86:CB:27:D2:0C,-17, WPA2 ,0.000000,0.000000,0.000,0.000,AP
2026-05-15 07:42:32,1900-01-00 00:00:00,,9C:2F:9D:82:20:A3,-17,,0.000000,0.000000,0.000,0.000,Client
2026-05-15 07:42:32,1900-01-00 00:00:00,dlink-615_EXT,40:86:CB:27:D2:0C,-19, WPA2 ,0.000000,0.000000,0.000,0.000,AP
2026-05-15 07:42:32,1900-01-00 00:00:00,,9C:2F:9D:82:20:A3,-19,,0.000000,0.000000,0.000,0.000,Client
2026-05-15 07:42:32,1900-01-00 00:00:00,dlink-615_EXT,40:86:CB:27:D2:0C,-19, WPA2 ,0.000000,0.000000,0.000,0.000,AP
2026-05-15 07:42:32,1900-01-00 00:00:00,,9C:2F:9D:82:20:A3,-19,,0.000000,0.000000,0.000,0.000,Client
2026-05-15 07:42:32,1900-01-00 00:00:00,dlink-615_EXT,40:86:CB:27:D2:0C,-19, WPA2 ,0.000000,0.000000,0.000,0.000,AP
2026-05-15 07:42:32,1900-01-00 00:00:00,,9C:2F:9D:82:20:A3,-21,,0.000000,0.000000,0.000,0.000,Client
2026-05-15 07:42:32,1900-01-00 00:00:00,dlink-615_EXT,40:86:CB:27:D2:0C,-15, WPA2 ,0.000000,0.000000,0.000,0.000,AP
2026-05-15 07:42:32,1900-01-00 00:00:00,,9C:2F:9D:82:20:A3,-19,,0.000000,0.000000,0.000,0.000,Client
2026-05-15 07:42:32,1900-01-00 00:00:00,dlink-615_EXT,40:86:CB:27:D2:0C,-21, WPA2 ,0.000000,0.000000,0.000,0.000,AP
2026-05-15 07:42:32,1900-01-00 00:00:00,,9C:2F:9D:82:20:A3,-21,,0.000000,0.000000,0.000,0.000,Client
2026-05-15 07:42:32,1900-01-00 00:00:00,dlink-615_EXT,40:86:CB:27:D2:0C,-21, WPA2 ,0.000000,0.000000,0.000,0.000,AP
2026-05-15 07:42:32,1900-01-00 00:00:00,,9C:2F:9D:82:20:A3,-19,,0.000000,0.000000,0.000,0.000,Client
2026-05-15 07:42:32,1900-01-00 00:00:00,dlink-615_EXT,40:86:CB:27:D2:0C,-15, WPA2 ,0.000000,0.000000,0.000,0.000,AP
2026-05-15 07:42:32,1900-01-00 00:00:00,,9C:2F:9D:82:20:A3,-19,,0.000000,0.000000,0.000,0.000,Client
2026-05-15 07:42:32,1900-01-00 00:00:00,dlink-615_EXT,40:86:CB:27:D2:0C,-21, WPA2 ,0.000000,0.000000,0.000,0.000,AP
2026-05-15 07:42:32,1900-01-00 00:00:00,,9C:2F:9D:82:20:A3,-21,,0.000000,0.000000,0.000,0.000,Client
2026-05-15 07:42:32,1900-01-00 00:00:00,dlink-615_EXT,40:86:CB:27:D2:0C,-19, WPA2 ,0.000000,0.000000,0.000,0.000,AP
2026-05-15 07:42:32,1900-01-00 00:00:00,,9C:2F:9D:82:20:A3,-19,,0.000000,0.000000,0.000,0.000,Client
2026-05-15 07:42:32,1900-01-00 00:00:00,dlink-615_EXT,40:86:CB:27:D2:0C,-19, WPA2 ,0.000000,0.000000,0.000,0.000,AP
2026-05-15 07:42:32,1900-01-00 00:00:00,,9C:2F:9D:82:20:A3,-19,,0.000000,0.000000,0.000,0.000,Client
2026-05-15 07:42:32,1900-01-00 00:00:00,dlink-615_EXT,40:86:CB:27:D2:0C,-19, WPA2 ,0.000000,0.000000,0.000,0.000,AP
2026-05-15 07:42:32,1900-01-00 00:00:00,,9C:2F:9D:82:20:A3,-19,,0.000000,0.000000,0.000,0.000,Client
2026-05-15 07:42:32,1900-01-00 00:00:00,dlink-615_EXT,40:86:CB:27:D2:0C,-19, WPA2 ,0.000000,0.000000,0.000,0.000,AP
2026-05-15 07:42:32,1900-01-00 00:00:00,,9C:2F:9D:82:20:A3,-21,,0.000000,0.000000,0.000,0.000,Client
2026-05-15 07:42:32,1900-01-00 00:00:00,dlink-615_EXT,40:86:CB:27:D2:0C,-21, WPA2 ,0.000000,0.000000,0.000,0.000,AP
2026-05-15 07:42:32,1900-01-00 00:00:00,,9C:2F:9D:82:20:A3,-21,,0.000000,0.000000,0.000,0.000,Client
2026-05-15 07:42:32,1900-01-00 00:00:00,dlink-615_EXT,40:86:CB:27:D2:0C,-23, WPA2 ,0.000000,0.000000,0.000,0.000,AP
2026-05-15 07:42:32,1900-01-00 00:00:00,,9C:2F:9D:82:20:A3,-23,,0.000000,0.000000,0.000,0.000,Client
2026-05-15 07:42:32,1900-01-00 00:00:00,dlink-615_EXT,40:86:CB:27:D2:0C,-23, WPA2 ,0.000000,0.000000,0.000,0.000,AP
2026-05-15 07:42:32,1900-01-00 00:00:00,,9C:2F:9D:82:20:A3,-23,,0.000000,0.000000,0.000,0.000,Client
2026-05-15 07:42:32,1900-01-00 00:00:00,dlink-615_EXT,40:86:CB:27:D2:0C,-19, WPA2 ,0.000000,0.000000,0.000,0.000,AP
2026-05-15 07:42:32,1900-01-00 00:00:00,,9C:2F:9D:82:20:A3,-19,,0.000000,0.000000,0.000,0.000,Client
2026-05-15 07:42:32,1900-01-00 00:00:00,dlink-615_EXT,40:86:CB:27:D2:0C,-19, WPA2 ,0.000000,0.000000,0.000,0.000,AP
2026-05-15 07:42:32,1900-01-00 00:00:00,,9C:2F:9D:82:20:A3,-19,,0.000000,0.000000,0.000,0.000,Client
2026-05-15 07:42:32,1900-01-00 00:00:00,dlink-615_EXT,40:86:CB:27:D2:0C,-23, WPA2 ,0.000000,0.000000,0.000,0.000,AP
2026-05-15 07:42:32,1900-01-00 00:00:00,,9C:2F:9D:82:20:A3,-23,,0.000000,0.000000,0.000,0.000,Client
2026-05-15 07:42:32,1900-01-00 00:00:00,dlink-615_EXT,40:86:CB:27:D2:0C,-19, WPA2 ,0.000000,0.000000,0.000,0.000,AP
2026-05-15 07:42:32,1900-01-00 00:00:00,,9C:2F:9D:82:20:A3,-19,,0.000000,0.000000,0.000,0.000,Client
2026-05-15 07:42:32,1900-01-00 00:00:00,dlink-615_EXT,40:86:CB:27:D2:0C,-21, WPA2 ,0.000000,0.000000,0.000,0.000,AP
2026-05-15 07:42:32,1900-01-00 00:00:00,,9C:2F:9D:82:20:A3,-21,,0.000000,0.000000,0.000,0.000,Client
2026-05-15 07:42:32,1900-01-00 00:00:00,dlink-615_EXT,40:86:CB:27:D2:0C,-21, WPA2 ,0.000000,0.000000,0.000,0.000,AP
2026-05-15 07:42:32,1900-01-00 00:00:00,,9C:2F:9D:82:20:A3,-21,,0.000000,0.000000,0.000,0.000,Client
2026-05-15 07:42:32,1900-01-00 00:00:00,dlink-615_EXT,40:86:CB:27:D2:0C,-19, WPA2 ,0.000000,0.000000,0.000,0.000,AP
2026-05-15 07:42:32,1900-01-00 00:00:00,,9C:2F:9D:82:20:A3,-19,,0.000000,0.000000,0.000,0.000,Client
2026-05-15 07:42:32,1900-01-00 00:00:00,dlink-615_EXT,40:86:CB:27:D2:0C,-19, WPA2 ,0.000000,0.000000,0.000,0.000,AP
2026-05-15 07:42:32,1900-01-00 00:00:00,,9C:2F:9D:82:20:A3,-19,,0.000000,0.000000,0.000,0.000,Client
2026-05-15 07:42:32,1900-01-00 00:00:00,dlink-615_EXT,40:86:CB:27:D2:0C,-19, WPA2 ,0.000000,0.000000,0.000,0.000,AP
2026-05-15 07:42:32,1900-01-00 00:00:00,,9C:2F:9D:82:20:A3,-19,,0.000000,0.000000,0.000,0.000,Client
2026-05-15 07:42:32,1900-01-00 00:00:00,dlink-615_EXT,40:86:CB:27:D2:0C,-19, WPA2 ,0.000000,0.000000,0.000,0.000,AP
2026-05-15 07:42:32,1900-01-00 00:00:00,,9C:2F:9D:82:20:A3,-19,,0.000000,0.000000,0.000,0.000,Client
2026-05-15 07:42:32,1900-01-00 00:00:00,dlink-615_EXT,40:86:CB:27:D2:0C,-21, WPA2 ,0.000000,0.000000,0.000,0.000,AP
2026-05-15 07:42:32,1900-01-00 00:00:00,,9C:2F:9D:82:20:A3,-21,,0.000000,0.000000,0.000,0.000,Client
2026-05-15 07:42:32,1900-01-00 00:00:00,dlink-615_EXT,40:86:CB:27:D2:0C,-21, WPA2 ,0.000000,0.000000,0.000,0.000,AP
2026-05-15 07:42:32,1900-01-00 00:00:00,,9C:2F:9D:82:20:A3,-21,,0.000000,0.000000,0.000,0.000,Client
2026-05-15 07:42:32,1900-01-00 00:00:00,dlink-615_EXT,40:86:CB:27:D2:0C,-19, WPA2 ,0.000000,0.000000,0.000,0.000,AP
2026-05-15 07:42:32,1900-01-00 00:00:00,,9C:2F:9D:82:20:A3,-19,,0.000000,0.000000,0.000,0.000,Client
2026-05-15 07:42:32,1900-01-00 00:00:00,dlink-615_EXT,40:86:CB:27:D2:0C,-23, WPA2 ,0.000000,0.000000,0.000,0.000,AP
2026-05-15 07:42:32,1900-01-00 00:00:00,,9C:2F:9D:82:20:A3,-23,,0.000000,0.000000,0.000,0.000,Client
2026-05-15 07:42:32,1900-01-00 00:00:00,dlink-615_EXT,40:86:CB:27:D2:0C,-23, WPA2 ,0.000000,0.000000,0.000,0.000,AP
2026-05-15 07:42:32,1900-01-00 00:00:00,,9C:2F:9D:82:20:A3,-21,,0.000000,0.000000,0.000,0.000,Client
2026-05-15 07:42:32,1900-01-00 00:00:00,dlink-615_EXT,40:86:CB:27:D2:0C,-21, WPA2 ,0.000000,0.000000,0.000,0.000,AP
2026-05-15 07:42:32,1900-01-00 00:00:00,,9C:2F:9D:82:20:A3,-21,,0.000000,0.000000,0.000,0.000,Client
2026-05-15 07:42:32,1900-01-00 00:00:00,dlink-615_EXT,40:86:CB:27:D2:0C,-21, WPA2 ,0.000000,0.000000,0.000,0.000,AP
2026-05-15 07:42:32,1900-01-00 00:00:00,,9C:2F:9D:82:20:A3,-21,,0.000000,0.000000,0.000,0.000,Client
2026-05-15 07:42:32,1900-01-00 00:00:00,dlink-615_EXT,40:86:CB:27:D2:0C,-21, WPA2 ,0.000000,0.000000,0.000,0.000,AP
2026-05-15 07:42:32,1900-01-00 00:00:00,,9C:2F:9D:82:20:A3,-21,,0.000000,0.000000,0.000,0.000,Client
2026-05-15 07:42:32,1900-01-00 00:00:00,dlink-615_EXT,40:86:CB:27:D2:0C,-21, WPA2 ,0.000000,0.000000,0.000,0.000,AP
2026-05-15 07:42:32,1900-01-00 00:00:00,,9C:2F:9D:82:20:A3,-21,,0.000000,0.000000,0.000,0.000,Client
2026-05-15 07:42:32,1900-01-00 00:00:00,dlink-615_EXT,40:86:CB:27:D2:0C,-21, WPA2 ,0.000000,0.000000,0.000,0.000,AP
2026-05-15 07:42:32,1900-01-00 00:00:00,,9C:2F:9D:82:20:A3,-21,,0.000000,0.000000,0.000,0.000,Client
2026-05-15 07:42:32,1900-01-00 00:00:00,dlink-615_EXT,40:86:CB:27:D2:0C,-21, WPA2 ,0.000000,0.000000,0.000,0.000,AP
2026-05-15 07:42:32,1900-01-00 00:00:00,,9C:2F:9D:82:20:A3,-21,,0.000000,0.000000,0.000,0.000,Client
2026-05-15 07:42:32,1900-01-00 00:00:00,dlink-615_EXT,40:86:CB:27:D2:0C,-21, WPA2 ,0.000000,0.000000,0.000,0.000,AP
2026-05-15 07:42:32,1900-01-00 00:00:00,,9C:2F:9D:82:20:A3,-21,,0.000000,0.000000,0.000,0.000,Client
2026-05-15 07:42:32,1900-01-00 00:00:00,dlink-615_EXT,40:86:CB:27:D2:0C,-21, WPA2 ,0.000000,0.000000,0.000,0.000,AP
2026-05-15 07:42:32,1900-01-00 00:00:00,,9C:2F:9D:82:20:A3,-21,,0.000000,0.000000,0.000,0.000,Client
2026-05-15 07:42:32,1900-01-00 00:00:00,dlink-615_EXT,40:86:CB:27:D2:0C,-21, WPA2 ,0.000000,0.000000,0.000,0.000,AP
2026-05-15 07:42:32,1900-01-00 00:00:00,,9C:2F:9D:82:20:A3,-21,,0.000000,0.000000,0.000,0.000,Client
2026-05-15 07:42:32,1900-01-00 00:00:00,dlink-615_EXT,40:86:CB:27:D2:0C,-21, WPA2 ,0.000000,0.000000,0.000,0.000,AP
2026-05-15 07:42:32,1900-01-00 00:00:00,,9C:2F:9D:82:20:A3,-21,,0.000000,0.000000,0.000,0.000,Client
2026-05-15 07:42:32,1900-01-00 00:00:00,dlink-615_EXT,40:86:CB:27:D2:0C,-21, WPA2 ,0.000000,0.000000,0.000,0.000,AP
2026-05-15 07:42:32,1900-01-00 00:00:00,,9C:2F:9D:82:20:A3,-21,,0.000000,0.000000,0.000,0.000,Client
2026-05-15 07:42:32,1900-01-00 00:00:00,dlink-615_EXT,40:86:CB:27:D2:0C,-21, WPA2 ,0.000000,0.000000,0.000,0.000,AP
2026-05-15 07:42:32,1900-01-00 00:00:00,,9C:2F:9D:82:20:A3,-21,,0.000000,0.000000,0.000,0.000,Client
2026-05-15 07:42:32,1900-01-00 00:00:00,dlink-615_EXT,40:86:CB:27:D2:0C,-21, WPA2 ,0.000000,0.000000,0.000,0.000,AP
2026-05-15 07:42:32,1900-01-00 00:00:00,,9C:2F:9D:82:20:A3,-21,,0.000000,0.000000,0.000,0.000,Client
2026-05-15 07:42:32,1900-01-00 00:00:00,dlink-615_EXT,40:86:CB:27:D2:0C,-21, WPA2 ,0.000000,0.000000,0.000,0.000,AP
2026-05-15 07:42:32,1900-01-00 00:00:00,,9C:2F:9D:82:20:A3,-21,,0.000000,0.000000,0.000,0.000,Client
2026-05-15 07:42:32,1900-01-00 00:00:00,dlink-615_EXT,40:86:CB:27:D2:0C,-21, WPA2 ,0.000000,0.000000,0.000,0.000,AP
2026-05-15 07:42:32,1900-01-00 00:00:00,,9C:2F:9D:82:20:A3,-21,,0.000000,0.000000,0.000,0.000,Client
2026-05-15 07:42:32,1900-01-00 00:00:00,dlink-615_EXT,40:86:CB:27:D2:0C,-21, WPA2 ,0.000000,0.000000,0.000,0.000,AP
2026-05-15 07:42:32,1900-01-00 00:00:00,,9C:2F:9D:82:20:A3,-21,,0.000000,0.000000,0.000,0.000,Client
2026-05-15 07:42:32,1900-01-00 00:00:00,dlink-615_EXT,40:86:CB:27:D2:0C,-21, WPA2 ,0.000000,0.000000,0.000,0.000,AP
2026-05-15 07:42:32,1900-01-00 00:00:00,,9C:2F:9D:82:20:A3,-21,,0.000000,0.000000,0.000,0.000,Client
2026-05-15 07:42:32,1900-01-00 00:00:00,dlink-615_EXT,40:86:CB:27:D2:0C,-21, WPA2 ,0.000000,0.000000,0.000,0.000,AP
2026-05-15 07:42:32,1900-01-00 00:00:00,,9C:2F:9D:82:20:A3,-21,,0.000000,0.000000,0.000,0.000,Client
2026-05-15 07:42:32,1900-01-00 00:00:00,dlink-615_EXT,40:86:CB:27:D2:0C,-21, WPA2 ,0.000000,0.000000,0.000,0.000,AP
2026-05-15 07:42:32,1900-01-00 00:00:00,,9C:2F:9D:82:20:A3,-21,,0.000000,0.000000,0.000,0.000,Client
2026-05-15 07:42:32,1900-01-00 00:00:00,dlink-615_EXT,40:86:CB:27:D2:0C,-21, WPA2 ,0.000000,0.000000,0.000,0.000,AP
2026-05-15 07:42:32,1900-01-00 00:00:00,,9C:2F:9D:82:20:A3,-21,,0.000000,0.000000,0.000,0.000,Client
2026-05-15 07:42:32,1900-01-00 00:00:00,dlink-615_EXT,40:86:CB:27:D2:0C,-21, WPA2 ,0.000000,0.000000,0.000,0.000,AP
2026-05-15 07:42:32,1900-01-00 00:00:00,,9C:2F:9D:82:20:A3,-21,,0.000000,0.000000,0.000,0.000,Client
2026-05-15 07:42:32,1900-01-00 00:00:00,dlink-615_EXT,40:86:CB:27:D2:0C,-21, WPA2 ,0.000000,0.000000,0.000,0.000,AP
2026-05-15 07:42:32,1900-01-00 00:00:00,,9C:2F:9D:82:20:A3,-21,,0.000000,0.000000,0.000,0.000,Client
2026-05-15 07:42:32,1900-01-00 00:00:00,dlink-615_EXT,40:86:CB:27:D2:0C,-21, WPA2 ,0.000000,0.000000,0.000,0.000,AP
2026-05-15 07:42:32,1900-01-00 00:00:00,,9C:2F:9D:82:20:A3,-21,,0.000000,0.000000,0.000,0.000,Client
2026-05-15 07:42:32,1900-01-00 00:00:00,dlink-615_EXT,40:86:CB:27:D2:0C,-21, WPA2 ,0.000000,0.000000,0.000,0.000,AP
2026-05-15 07:42:32,1900-01-00 00:00:00,,9C:2F:9D:82:20:A3,-21,,0.000000,0.000000,0.000,0.000,Client
2026-05-15 07:42:32,1900-01-00 00:00:00,dlink-615_EXT,40:86:CB:27:D2:0C,-21, WPA2 ,0.000000,0.000000,0.000,0.000,AP
2026-05-15 07:42:32,1900-01-00 00:00:00,,9C:2F:9D:82:20:A3,-21,,0.000000,0.000000,0.000,0.000,Client
2026-05-15 07:42:32,1900-01-00 00:00:00,dlink-615_EXT,40:86:CB:27:D2:0C,-21, WPA2 ,0.000000,0.000000,0.000,0.000,AP
2026-05-15 07:42:32,1900-01-00 00:00:00,,9C:2F:9D:82:20:A3,-21,,0.000000,0.000000,0.000,0.000,Client
2026-05-15 07:42:32,1900-01-00 00:00:00,dlink-615_EXT,40:86:CB:27:D2:0C,-21, WPA2 ,0.000000,0.000000,0.000,0.000,AP
2026-05-15 07:42:32,1900-01-00 00:00:00,,9C:2F:9D:82:20:A3,-21,,0.000000,0.000000,0.000,0.000,Client
2026-05-15 07:42:32,1900-01-00 00:00:00,dlink-615_EXT,40:86:CB:27:D2:0C,-21, WPA2 ,0.000000,0.000000,0.000,0.000,AP
2026-05-15 07:42:32,1900-01-00 00:00:00,,9C:2F:9D:82:20:A3,-21,,0.000000,0.000000,0.000,0.000,Client
2026-05-15 07:42:32,1900-01-00 00:00:00,dlink-615_EXT,40:86:CB:27:D2:0C,-21, WPA2 ,0.000000,0.000000,0.000,0.000,AP
2026-05-15 07:42:32,1900-01-00 00:00:00,,9C:2F:9D:82:20:A3,-21,,0.000000,0.000000,0.000,0.000,Client
2026-05-15 07:42:32,1900-01-00 00:00:00,dlink-615_EXT,40:86:CB:27:D2:0C,-21, WPA2 ,0.000000,0.000000,0.000,0.000,AP
2026-05-15 07:42:32,1900-01-00 00:00:00,,9C:2F:9D:82:20:A3,-21,,0.000000,0.000000,0.000,0.000,Client
2026-05-15 07:42:32,1900-01-00 00:00:00,dlink-615_EXT,40:86:CB:27:D2:0C,-21, WPA2 ,0.000000,0.000000,0.000,0.000,AP
2026-05-15 07:42:32,1900-01-00 00:00:00,,9C:2F:9D:82:20:A3,-21,,0.000000,0.000000,0.000,0.000,Client
2026-05-15 07:42:32,1900-01-00 00:00:00,dlink-615_EXT,40:86:CB:27:D2:0C,-21, WPA2 ,0.000000,0.000000,0.000,0.000,AP
2026-05-15 07:42:32,1900-01-00 00:00:00,,9C:2F:9D:82:20:A3,-21,,0.000000,0.000000,0.000,0.000,Client
2026-05-15 07:42:32,1900-01-00 00:00:00,dlink-615_EXT,40:86:CB:27:D2:0C,-21, WPA2 ,0.000000,0.000000,0.000,0.000,AP
2026-05-15 07:42:32,1900-01-00 00:00:00,,9C:2F:9D:82:20:A3,-21,,0.000000,0.000000,0.000,0.000,Client
2026-05-15 07:42:32,1900-01-00 00:00:00,dlink-615_EXT,40:86:CB:27:D2:0C,-21, WPA2 ,0.000000,0.000000,0.000,0.000,AP
2026-05-15 07:42:32,1900-01-00 00:00:00,,9C:2F:9D:82:20:A3,-21,,0.000000,0.000000,0.000,0.000,Client
2026-05-15 07:42:32,1900-01-00 00:00:00,dlink-615_EXT,40:86:CB:27:D2:0C,-21, WPA2 ,0.000000,0.000000,0.000,0.000,AP
2026-05-15 07:42:32,1900-01-00 00:00:00,,9C:2F:9D:82:20:A3,-21,,0.000000,0.000000,0.000,0.000,Client
2026-05-15 07:42:32,1900-01-00 00:00:00,dlink-615_EXT,40:86:CB:27:D2:0C,-21, WPA2 ,0.000000,0.000000,0.000,0.000,AP
2026-05-15 07:42:32,1900-01-00 00:00:00,,9C:2F:9D:82:20:A3,-21,,0.000000,0.000000,0.000,0.000,Client
2026-05-15 07:42:32,1900-01-00 00:00:00,dlink-615_EXT,40:86:CB:27:D2:0C,-21, WPA2 ,0.000000,0.000000,0.000,0.000,AP
2026-05-15 07:42:32,1900-01-00 00:00:00,,9C:2F:9D:82:20:A3,-21,,0.000000,0.000000,0.000,0.000,Client
2026-05-15 07:42:32,1900-01-00 00:00:00,dlink-615_EXT,40:86:CB:27:D2:0C,-19, WPA2 ,0.000000,0.000000,0.000,0.000,AP
2026-05-15 07:42:32,1900-01-00 00:00:00,,9C:2F:9D:82:20:A3,-19,,0.000000,0.000000,0.000,0.000,Client
2026-05-15 07:42:32,1900-01-00 00:00:00,dlink-615_EXT,40:86:CB:27:D2:0C,-19, WPA2 ,0.000000,0.000000,0.000,0.000,AP
2026-05-15 07:42:32,1900-01-00 00:00:00,,9C:2F:9D:82:20:A3,-19,,0.000000,0.000000,0.000,0.000,Client
2026-05-15 07:42:32,1900-01-00 00:00:00,dlink-615_EXT,40:86:CB:27:D2:0C,-21, WPA2 ,0.000000,0.000000,0.000,0.000,AP
2026-05-15 07:42:32,1900-01-00 00:00:00,,9C:2F:9D:82:20:A3,-21,,0.000000,0.000000,0.000,0.000,Client
2026-05-15 07:42:32,1900-01-00 00:00:00,dlink-615_EXT,40:86:CB:27:D2:0C,-21, WPA2 ,0.000000,0.000000,0.000,0.000,AP
2026-05-15 07:42:32,1900-01-00 00:00:00,,9C:2F:9D:82:20:A3,-21,,0.000000,0.000000,0.000,0.000,Client
2026-05-15 07:42:32,1900-01-00 00:00:00,dlink-615_EXT,40:86:CB:27:D2:0C,-19, WPA2 ,0.000000,0.000000,0.000,0.000,AP
2026-05-15 07:42:32,1900-01-00 00:00:00,,9C:2F:9D:82:20:A3,-19,,0.000000,0.000000,0.000,0.000,Client
2026-05-15 07:42:32,1900-01-00 00:00:00,dlink-615_EXT,40:86:CB:27:D2:0C,-19, WPA2 ,0.000000,0.000000,0.000,0.000,AP
2026-05-15 07:42:32,1900-01-00 00:00:00,,9C:2F:9D:82:20:A3,-19,,0.000000,0.000000,0.000,0.000,Client
2026-05-15 07:42:32,1900-01-00 00:00:00,dlink-615_EXT,40:86:CB:27:D2:0C,-23, WPA2 ,0.000000,0.000000,0.000,0.000,AP
2026-05-15 07:42:32,1900-01-00 00:00:00,,9C:2F:9D:82:20:A3,-23,,0.000000,0.000000,0.000,0.000,Client
2026-05-15 07:42:32,1900-01-00 00:00:00,dlink-615_EXT,40:86:CB:27:D2:0C,-19, WPA2 ,0.000000,0.000000,0.000,0.000,AP
2026-05-15 07:42:32,1900-01-00 00:00:00,,9C:2F:9D:82:20:A3,-19,,0.000000,0.000000,0.000,0.000,Client
2026-05-15 07:42:32,1900-01-00 00:00:00,dlink-615_EXT,40:86:CB:27:D2:0C,-23, WPA2 ,0.000000,0.000000,0.000,0.000,AP
2026-05-15 07:42:32,1900-01-00 00:00:00,,9C:2F:9D:82:20:A3,-23,,0.000000,0.000000,0.000,0.000,Client
2026-05-15 07:42:32,1900-01-00 00:00:00,dlink-615_EXT,40:86:CB:27:D2:0C,-21, WPA2 ,0.000000,0.000000,0.000,0.000,AP
2026-05-15 07:42:32,1900-01-00 00:00:00,,9C:2F:9D:82:20:A3,-21,,0.000000,0.000000,0.000,0.000,Client
2026-05-15 07:42:32,1900-01-00 00:00:00,dlink-615_EXT,40:86:CB:27:D2:0C,-21, WPA2 ,0.000000,0.000000,0.000,0.000,AP
2026-05-15 07:42:32,1900-01-00 00:00:00,,9C:2F:9D:82:20:A3,-21,,0.000000,0.000000,0.000,0.000,Client
2026-05-15 07:42:32,1900-01-00 00:00:00,dlink-615_EXT,40:86:CB:27:D2:0C,-19, WPA2 ,0.000000,0.000000,0.000,0.000,AP
2026-05-15 07:42:32,1900-01-00 00:00:00,,9C:2F:9D:82:20:A3,-19,,0.000000,0.000000,0.000,0.000,Client
2026-05-15 07:42:32,1900-01-00 00:00:00,dlink-615_EXT,40:86:CB:27:D2:0C,-19, WPA2 ,0.000000,0.000000,0.000,0.000,AP
2026-05-15 07:42:32,1900-01-00 00:00:00,,9C:2F:9D:82:20:A3,-23,,0.000000,0.000000,0.000,0.000,Client
2026-05-15 07:42:32,1900-01-00 00:00:00,dlink-615_EXT,40:86:CB:27:D2:0C,-19, WPA2 ,0.000000,0.000000,0.000,0.000,AP
2026-05-15 07:42:32,1900-01-00 00:00:00,,9C:2F:9D:82:20:A3,-19,,0.000000,0.000000,0.000,0.000,Client
2026-05-15 07:42:32,1900-01-00 00:00:00,dlink-615_EXT,40:86:CB:27:D2:0C,-19, WPA2 ,0.000000,0.000000,0.000,0.000,AP
2026-05-15 07:42:32,1900-01-00 00:00:00,,9C:2F:9D:82:20:A3,-21,,0.000000,0.000000,0.000,0.000,Client
2026-05-15 07:42:32,1900-01-00 00:00:00,dlink-615_EXT,40:86:CB:27:D2:0C,-21, WPA2 ,0.000000,0.000000,0.000,0.000,AP
2026-05-15 07:42:32,1900-01-00 00:00:00,,9C:2F:9D:82:20:A3,-21,,0.000000,0.000000,0.000,0.000,Client
2026-05-15 07:42:32,1900-01-00 00:00:00,dlink-615_EXT,40:86:CB:27:D2:0C,-19, WPA2 ,0.000000,0.000000,0.000,0.000,AP
2026-05-15 07:42:32,1900-01-00 00:00:00,,9C:2F:9D:82:20:A3,-19,,0.000000,0.000000,0.000,0.000,Client
2026-05-15 07:42:32,1900-01-00 00:00:00,dlink-615_EXT,40:86:CB:27:D2:0C,-21, WPA2 ,0.000000,0.000000,0.000,0.000,AP
2026-05-15 07:42:32,1900-01-00 00:00:00,,9C:2F:9D:82:20:A3,-21,,0.000000,0.000000,0.000,0.000,Client
2026-05-15 07:42:32,1900-01-00 00:00:00,dlink-615_EXT,40:86:CB:27:D2:0C,-21, WPA2 ,0.000000,0.000000,0.000,0.000,AP
2026-05-15 07:42:32,1900-01-00 00:00:00,,9C:2F:9D:82:20:A3,-21,,0.000000,0.000000,0.000,0.000,Client
2026-05-15 07:42:32,1900-01-00 00:00:00,dlink-615_EXT,40:86:CB:27:D2:0C,-19, WPA2 ,0.000000,0.000000,0.000,0.000,AP
2026-05-15 07:42:32,1900-01-00 00:00:00,,9C:2F:9D:82:20:A3,-19,,0.000000,0.000000,0.000,0.000,Client
2026-05-15 07:42:32,1900-01-00 00:00:00,dlink-615_EXT,40:86:CB:27:D2:0C,-19, WPA2 ,0.000000,0.000000,0.000,0.000,AP
2026-05-15 07:42:32,1900-01-00 00:00:00,,9C:2F:9D:82:20:A3,-19,,0.000000,0.000000,0.000,0.000,Client
2026-05-15 07:42:32,1900-01-00 00:00:00,dlink-615_EXT,40:86:CB:27:D2:0C,-23, WPA2 ,0.000000,0.000000,0.000,0.000,AP
2026-05-15 07:42:32,1900-01-00 00:00:00,,9C:2F:9D:82:20:A3,-23,,0.000000,0.000000,0.000,0.000,Client
2026-05-15 07:42:32,1900-01-00 00:00:00,dlink-615_EXT,40:86:CB:27:D2:0C,-19, WPA2 ,0.000000,0.000000,0.000,0.000,AP
2026-05-15 07:42:32,1900-01-00 00:00:00,,9C:2F:9D:82:20:A3,-19,,0.000000,0.000000,0.000,0.000,Client
2026-05-15 07:42:32,1900-01-00 00:00:00,dlink-615_EXT,40:86:CB:27:D2:0C,-19, WPA2 ,0.000000,0.000000,0.000,0.000,AP
2026-05-15 07:42:32,1900-01-00 00:00:00,,9C:2F:9D:82:20:A3,-19,,0.000000,0.000000,0.000,0.000,Client
2026-05-15 07:42:32,1900-01-00 00:00:00,dlink-615_EXT,40:86:CB:27:D2:0C,-19, WPA2 ,0.000000,0.000000,0.000,0.000,AP
2026-05-15 07:42:32,1900-01-00 00:00:00,,9C:2F:9D:82:20:A3,-19,,0.000000,0.000000,0.000,0.000,Client
2026-05-15 07:42:32,1900-01-00 00:00:00,dlink-615_EXT,40:86:CB:27:D2:0C,-19, WPA2 ,0.000000,0.000000,0.000,0.000,AP
2026-05-15 07:42:32,1900-01-00 00:00:00,,9C:2F:9D:82:20:A3,-19,,0.000000,0.000000,0.000,0.000,Client
2026-05-15 07:42:32,1900-01-00 00:00:00,dlink-615_EXT,40:86:CB:27:D2:0C,-19, WPA2 ,0.000000,0.000000,0.000,0.000,AP
2026-05-15 07:42:32,1900-01-00 00:00:00,,9C:2F:9D:82:20:A3,-19,,0.000000,0.000000,0.000,0.000,Client
2026-05-15 07:42:32,1900-01-00 00:00:00,dlink-615_EXT,40:86:CB:27:D2:0C,-19, WPA2 ,0.000000,0.000000,0.000,0.000,AP
2026-05-15 07:42:32,1900-01-00 00:00:00,,9C:2F:9D:82:20:A3,-19,,0.000000,0.000000,0.000,0.000,Client
2026-05-15 07:42:32,1900-01-00 00:00:00,dlink-615_EXT,40:86:CB:27:D2:0C,-19, WPA2 ,0.000000,0.000000,0.000,0.000,AP
2026-05-15 07:42:32,1900-01-00 00:00:00,,9C:2F:9D:82:20:A3,-19,,0.000000,0.000000,0.000,0.000,Client
2026-05-15 07:42:32,1900-01-00 00:00:00,dlink-615_EXT,40:86:CB:27:D2:0C,-19, WPA2 ,0.000000,0.000000,0.000,0.000,AP
2026-05-15 07:42:32,1900-01-00 00:00:00,,9C:2F:9D:82:20:A3,-19,,0.000000,0.000000,0.000,0.000,Client
2026-05-15 07:42:32,1900-01-00 00:00:00,dlink-615_EXT,40:86:CB:27:D2:0C,-19, WPA2 ,0.000000,0.000000,0.000,0.000,AP
2026-05-15 07:42:32,1900-01-00 00:00:00,,9C:2F:9D:82:20:A3,-19,,0.000000,0.000000,0.000,0.000,Client
2026-05-15 07:42:32,1900-01-00 00:00:00,dlink-615_EXT,40:86:CB:27:D2:0C,-19, WPA2 ,0.000000,0.000000,0.000,0.000,AP
2026-05-15 07:42:32,1900-01-00 00:00:00,,9C:2F:9D:82:20:A3,-19,,0.000000,0.000000,0.000,0.000,Client
2026-05-15 07:42:32,1900-01-00 00:00:00,dlink-615_EXT,40:86:CB:27:D2:0C,-19, WPA2 ,0.000000,0.000000,0.000,0.000,AP
2026-05-15 07:42:32,1900-01-00 00:00:00,,9C:2F:9D:82:20:A3,-19,,0.000000,0.000000,0.000,0.000,Client
2026-05-15 07:42:32,1900-01-00 00:00:00,dlink-615_EXT,40:86:CB:27:D2:0C,-19, WPA2 ,0.000000,0.000000,0.000,0.000,AP
2026-05-15 07:42:32,1900-01-00 00:00:00,,9C:2F:9D:82:20:A3,-19,,0.000000,0.000000,0.000,0.000,Client
2026-05-15 07:42:32,1900-01-00 00:00:00,dlink-615_EXT,40:86:CB:27:D2:0C,-19, WPA2 ,0.000000,0.000000,0.000,0.000,AP
2026-05-15 07:42:32,1900-01-00 00:00:00,,9C:2F:9D:82:20:A3,-19,,0.000000,0.000000,0.000,0.000,Client
2026-05-15 07:42:32,1900-01-00 00:00:00,dlink-615_EXT,40:86:CB:27:D2:0C,-19, WPA2 ,0.000000,0.000000,0.000,0.000,AP
2026-05-15 07:42:32,1900-01-00 00:00:00,,9C:2F:9D:82:20:A3,-19,,0.000000,0.000000,0.000,0.000,Client
2026-05-15 07:42:32,1900-01-00 00:00:00,dlink-615_EXT,40:86:CB:27:D2:0C,-19, WPA2 ,0.000000,0.000000,0.000,0.000,AP
2026-05-15 07:42:32,1900-01-00 00:00:00,,9C:2F:9D:82:20:A3,-19,,0.000000,0.000000,0.000,0.000,Client
2026-05-15 07:42:32,1900-01-00 00:00:00,dlink-615_EXT,40:86:CB:27:D2:0C,-19, WPA2 ,0.000000,0.000000,0.000,0.000,AP
2026-05-15 07:42:32,1900-01-00 00:00:00,,9C:2F:9D:82:20:A3,-19,,0.000000,0.000000,0.000,0.000,Client
2026-05-15 07:42:32,1900-01-00 00:00:00,dlink-615_EXT,40:86:CB:27:D2:0C,-19, WPA2 ,0.000000,0.000000,0.000,0.000,AP
2026-05-15 07:42:32,1900-01-00 00:00:00,,9C:2F:9D:82:20:A3,-19,,0.000000,0.000000,0.000,0.000,Client
2026-05-15 07:42:32,1900-01-00 00:00:00,dlink-615_EXT,40:86:CB:27:D2:0C,-19, WPA2 ,0.000000,0.000000,0.000,0.000,AP
2026-05-15 07:42:32,1900-01-00 00:00:00,,9C:2F:9D:82:20:A3,-19,,0.000000,0.000000,0.000,0.000,Client
2026-05-15 07:42:32,1900-01-00 00:00:00,dlink-615_EXT,40:86:CB:27:D2:0C,-19, WPA2 ,0.000000,0.000000,0.000,0.000,AP
2026-05-15 07:42:32,1900-01-00 00:00:00,,9C:2F:9D:82:20:A3,-19,,0.000000,0.000000,0.000,0.000,Client
2026-05-15 07:42:32,1900-01-00 00:00:00,dlink-615_EXT,40:86:CB:27:D2:0C,-19, WPA2 ,0.000000,0.000000,0.000,0.000,AP
2026-05-15 07:42:32,1900-01-00 00:00:00,,9C:2F:9D:82:20:A3,-19,,0.000000,0.000000,0.000,0.000,Client
2026-05-15 07:42:32,1900-01-00 00:00:00,dlink-615_EXT,40:86:CB:27:D2:0C,-19, WPA2 ,0.000000,0.000000,0.000,0.000,AP
2026-05-15 07:42:32,1900-01-00 00:00:00,,9C:2F:9D:82:20:A3,-19,,0.000000,0.000000,0.000,0.000,Client
2026-05-15 07:42:32,1900-01-00 00:00:00,dlink-615_EXT,40:86:CB:27:D2:0C,-19, WPA2 ,0.000000,0.000000,0.000,0.000,AP
2026-05-15 07:42:32,1900-01-00 00:00:00,,9C:2F:9D:82:20:A3,-19,,0.000000,0.000000,0.000,0.000,Client
2026-05-15 07:42:32,1900-01-00 00:00:00,dlink-615_EXT,40:86:CB:27:D2:0C,-19, WPA2 ,0.000000,0.000000,0.000,0.000,AP
2026-05-15 07:42:32,1900-01-00 00:00:00,,9C:2F:9D:82:20:A3,-19,,0.000000,0.000000,0.000,0.000,Client
2026-05-15 07:42:32,1900-01-00 00:00:00,dlink-615_EXT,40:86:CB:27:D2:0C,-19, WPA2 ,0.000000,0.000000,0.000,0.000,AP
2026-05-15 07:42:32,1900-01-00 00:00:00,,9C:2F:9D:82:20:A3,-19,,0.000000,0.000000,0.000,0.000,Client
2026-05-15 07:42:32,1900-01-00 00:00:00,dlink-615_EXT,40:86:CB:27:D2:0C,-19, WPA2 ,0.000000,0.000000,0.000,0.000,AP
2026-05-15 07:42:32,1900-01-00 00:00:00,,9C:2F:9D:82:20:A3,-19,,0.000000,0.000000,0.000,0.000,Client
2026-05-15 07:42:32,1900-01-00 00:00:00,dlink-615_EXT,40:86:CB:27:D2:0C,-19, WPA2 ,0.000000,0.000000,0.000,0.000,AP
2026-05-15 07:42:32,1900-01-00 00:00:00,,9C:2F:9D:82:20:A3,-19,,0.000000,0.000000,0.000,0.000,Client
2026-05-15 07:42:32,1900-01-00 00:00:00,dlink-615_EXT,40:86:CB:27:D2:0C,-19, WPA2 ,0.000000,0.000000,0.000,0.000,AP
2026-05-15 07:42:32,1900-01-00 00:00:00,,9C:2F:9D:82:20:A3,-19,,0.000000,0.000000,0.000,0.000,Client
2026-05-15 07:42:32,1900-01-00 00:00:00,dlink-615_EXT,40:86:CB:27:D2:0C,-19, WPA2 ,0.000000,0.000000,0.000,0.000,AP
2026-05-15 07:42:32,1900-01-00 00:00:00,,9C:2F:9D:82:20:A3,-19,,0.000000,0.000000,0.000,0.000,Client
2026-05-15 07:42:32,1900-01-00 00:00:00,dlink-615_EXT,40:86:CB:27:D2:0C,-19, WPA2 ,0.000000,0.000000,0.000,0.000,AP
2026-05-15 07:42:32,1900-01-00 00:00:00,,9C:2F:9D:82:20:A3,-19,,0.000000,0.000000,0.000,0.000,Client
2026-05-15 07:42:32,1900-01-00 00:00:00,dlink-615_EXT,40:86:CB:27:D2:0C,-19, WPA2 ,0.000000,0.000000,0.000,0.000,AP
2026-05-15 07:42:32,1900-01-00 00:00:00,,9C:2F:9D:82:20:A3,-19,,0.000000,0.000000,0.000,0.000,Client
2026-05-15 07:42:32,1900-01-00 00:00:00,dlink-615_EXT,40:86:CB:27:D2:0C,-19, WPA2 ,0.000000,0.000000,0.000,0.000,AP
2026-05-15 07:42:32,1900-01-00 00:00:00,,9C:2F:9D:82:20:A3,-19,,0.000000,0.000000,0.000,0.000,Client
2026-05-15 07:42:32,1900-01-00 00:00:00,dlink-615_EXT,40:86:CB:27:D2:0C,-19, WPA2 ,0.000000,0.000000,0.000,0.000,AP
2026-05-15 07:42:32,1900-01-00 00:00:00,,9C:2F:9D:82:20:A3,-19,,0.000000,0.000000,0.000,0.000,Client
2026-05-15 07:42:32,1900-01-00 00:00:00,dlink-615_EXT,40:86:CB:27:D2:0C,-19, WPA2 ,0.000000,0.000000,0.000,0.000,AP
2026-05-15 07:42:32,1900-01-00 00:00:00,,9C:2F:9D:82:20:A3,-19,,0.000000,0.000000,0.000,0.000,Client
2026-05-15 07:42:32,1900-01-00 00:00:00,dlink-615_EXT,40:86:CB:27:D2:0C,-19, WPA2 ,0.000000,0.000000,0.000,0.000,AP
2026-05-15 07:42:32,1900-01-00 00:00:00,,9C:2F:9D:82:20:A3,-19,,0.000000,0.000000,0.000,0.000,Client
2026-05-15 07:42:32,1900-01-00 00:00:00,dlink-615_EXT,40:86:CB:27:D2:0C,-19, WPA2 ,0.000000,0.000000,0.000,0.000,AP
2026-05-15 07:42:32,1900-01-00 00:00:00,,9C:2F:9D:82:20:A3,-19,,0.000000,0.000000,0.000,0.000,Client
2026-05-15 07:42:32,1900-01-00 00:00:00,dlink-615_EXT,40:86:CB:27:D2:0C,-19, WPA2 ,0.000000,0.000000,0.000,0.000,AP
2026-05-15 07:42:32,1900-01-00 00:00:00,,9C:2F:9D:82:20:A3,-19,,0.000000,0.000000,0.000,0.000,Client
2026-05-15 07:42:33,1900-01-00 00:00:00,dlink-615_EXT,40:86:CB:27:D2:0C,-19, WPA2 ,0.000000,0.000000,0.000,0.000,AP
2026-05-15 07:42:33,1900-01-00 00:00:00,,9C:2F:9D:82:20:A3,-19,,0.000000,0.000000,0.000,0.000,Client
2026-05-15 07:42:33,1900-01-00 00:00:00,dlink-615_EXT,40:86:CB:27:D2:0C,-19, WPA2 ,0.000000,0.000000,0.000,0.000,AP
2026-05-15 07:42:33,1900-01-00 00:00:00,,9C:2F:9D:82:20:A3,-19,,0.000000,0.000000,0.000,0.000,Client
2026-05-15 07:42:33,1900-01-00 00:00:00,dlink-615_EXT,40:86:CB:27:D2:0C,-19, WPA2 ,0.000000,0.000000,0.000,0.000,AP
2026-05-15 07:42:33,1900-01-00 00:00:00,,9C:2F:9D:82:20:A3,-21,,0.000000,0.000000,0.000,0.000,Client
2026-05-15 07:42:33,1900-01-00 00:00:00,dlink-615_EXT,40:86:CB:27:D2:0C,-21, WPA2 ,0.000000,0.000000,0.000,0.000,AP
2026-05-15 07:42:33,1900-01-00 00:00:00,,9C:2F:9D:82:20:A3,-21,,0.000000,0.000000,0.000,0.000,Client
2026-05-15 07:42:33,1900-01-00 00:00:00,dlink-615_EXT,40:86:CB:27:D2:0C,-23, WPA2 ,0.000000,0.000000,0.000,0.000,AP
2026-05-15 07:42:33,1900-01-00 00:00:00,,9C:2F:9D:82:20:A3,-23,,0.000000,0.000000,0.000,0.000,Client
2026-05-15 07:42:33,1900-01-00 00:00:00,dlink-615_EXT,40:86:CB:27:D2:0C,-21, WPA2 ,0.000000,0.000000,0.000,0.000,AP
2026-05-15 07:42:33,1900-01-00 00:00:00,,9C:2F:9D:82:20:A3,-21,,0.000000,0.000000,0.000,0.000,Client
2026-05-15 07:42:33,1900-01-00 00:00:00,dlink-615_EXT,40:86:CB:27:D2:0C,-19, WPA2 ,0.000000,0.000000,0.000,0.000,AP
2026-05-15 07:42:33,1900-01-00 00:00:00,,9C:2F:9D:82:20:A3,-19,,0.000000,0.000000,0.000,0.000,Client
2026-05-15 07:42:33,1900-01-00 00:00:00,dlink-615_EXT,40:86:CB:27:D2:0C,-19, WPA2 ,0.000000,0.000000,0.000,0.000,AP
2026-05-15 07:42:33,1900-01-00 00:00:00,,9C:2F:9D:82:20:A3,-19,,0.000000,0.000000,0.000,0.000,Client
2026-05-15 07:42:33,1900-01-00 00:00:00,dlink-615_EXT,40:86:CB:27:D2:0C,-23, WPA2 ,0.000000,0.000000,0.000,0.000,AP
2026-05-15 07:42:33,1900-01-00 00:00:00,,9C:2F:9D:82:20:A3,-23,,0.000000,0.000000,0.000,0.000,Client
2026-05-15 07:42:33,1900-01-00 00:00:00,dlink-615_EXT,40:86:CB:27:D2:0C,-21, WPA2 ,0.000000,0.000000,0.000,0.000,AP
2026-05-15 07:42:33,1900-01-00 00:00:00,,9C:2F:9D:82:20:A3,-21,,0.000000,0.000000,0.000,0.000,Client
2026-05-15 07:42:33,1900-01-00 00:00:00,dlink-615_EXT,40:86:CB:27:D2:0C,-21, WPA2 ,0.000000,0.000000,0.000,0.000,AP
2026-05-15 07:42:33,1900-01-00 00:00:00,,9C:2F:9D:82:20:A3,-21,,0.000000,0.000000,0.000,0.000,Client
2026-05-15 07:42:33,1900-01-00 00:00:00,dlink-615_EXT,40:86:CB:27:D2:0C,-21, WPA2 ,0.000000,0.000000,0.000,0.000,AP
2026-05-15 07:42:33,1900-01-00 00:00:00,,9C:2F:9D:82:20:A3,-21,,0.000000,0.000000,0.000,0.000,Client
2026-05-15 07:42:33,1900-01-00 00:00:00,dlink-615_EXT,40:86:CB:27:D2:0C,-21, WPA2 ,0.000000,0.000000,0.000,0.000,AP
2026-05-15 07:42:33,1900-01-00 00:00:00,,9C:2F:9D:82:20:A3,-21,,0.000000,0.000000,0.000,0.000,Client
2026-05-15 07:42:33,1900-01-00 00:00:00,dlink-615_EXT,40:86:CB:27:D2:0C,-23, WPA2 ,0.000000,0.000000,0.000,0.000,AP
2026-05-15 07:42:33,1900-01-00 00:00:00,,9C:2F:9D:82:20:A3,-23,,0.000000,0.000000,0.000,0.000,Client
2026-05-15 07:42:33,1900-01-00 00:00:00,dlink-615_EXT,40:86:CB:27:D2:0C,-21, WPA2 ,0.000000,0.000000,0.000,0.000,AP
2026-05-15 07:42:33,1900-01-00 00:00:00,,9C:2F:9D:82:20:A3,-21,,0.000000,0.000000,0.000,0.000,Client
2026-05-15 07:42:33,1900-01-00 00:00:00,dlink-615_EXT,40:86:CB:27:D2:0C,-23, WPA2 ,0.000000,0.000000,0.000,0.000,AP
2026-05-15 07:42:33,1900-01-00 00:00:00,,9C:2F:9D:82:20:A3,-23,,0.000000,0.000000,0.000,0.000,Client
2026-05-15 07:42:33,1900-01-00 00:00:00,dlink-615_EXT,40:86:CB:27:D2:0C,-23, WPA2 ,0.000000,0.000000,0.000,0.000,AP
2026-05-15 07:42:33,1900-01-00 00:00:00,,9C:2F:9D:82:20:A3,-21,,0.000000,0.000000,0.000,0.000,Client
2026-05-15 07:42:33,1900-01-00 00:00:00,dlink-615_EXT,40:86:CB:27:D2:0C,-21, WPA2 ,0.000000,0.000000,0.000,0.000,AP
2026-05-15 07:42:33,1900-01-00 00:00:00,,9C:2F:9D:82:20:A3,-21,,0.000000,0.000000,0.000,0.000,Client
2026-05-15 07:42:33,1900-01-00 00:00:00,dlink-615_EXT,40:86:CB:27:D2:0C,-19, WPA2 ,0.000000,0.000000,0.000,0.000,AP
2026-05-15 07:42:33,1900-01-00 00:00:00,,9C:2F:9D:82:20:A3,-19,,0.000000,0.000000,0.000,0.000,Client
2026-05-15 07:42:33,1900-01-00 00:00:00,dlink-615_EXT,40:86:CB:27:D2:0C,-21, WPA2 ,0.000000,0.000000,0.000,0.000,AP
2026-05-15 07:42:33,1900-01-00 00:00:00,,9C:2F:9D:82:20:A3,-21,,0.000000,0.000000,0.000,0.000,Client
2026-05-15 07:42:33,1900-01-00 00:00:00,dlink-615_EXT,40:86:CB:27:D2:0C,-19, WPA2 ,0.000000,0.000000,0.000,0.000,AP
2026-05-15 07:42:33,1900-01-00 00:00:00,,9C:2F:9D:82:20:A3,-19,,0.000000,0.000000,0.000,0.000,Client
2026-05-15 07:42:33,1900-01-00 00:00:00,dlink-615_EXT,40:86:CB:27:D2:0C,-21, WPA2 ,0.000000,0.000000,0.000,0.000,AP
2026-05-15 07:42:33,1900-01-00 00:00:00,,9C:2F:9D:82:20:A3,-21,,0.000000,0.000000,0.000,0.000,Client
2026-05-15 07:42:33,1900-01-00 00:00:00,dlink-615_EXT,40:86:CB:27:D2:0C,-21, WPA2 ,0.000000,0.000000,0.000,0.000,AP
2026-05-15 07:42:33,1900-01-00 00:00:00,,9C:2F:9D:82:20:A3,-21,,0.000000,0.000000,0.000,0.000,Client
2026-05-15 07:42:33,1900-01-00 00:00:00,dlink-615_EXT,40:86:CB:27:D2:0C,-23, WPA2 ,0.000000,0.000000,0.000,0.000,AP
2026-05-15 07:42:33,1900-01-00 00:00:00,,9C:2F:9D:82:20:A3,-23,,0.000000,0.000000,0.000,0.000,Client
2026-05-15 07:42:33,1900-01-00 00:00:00,dlink-615_EXT,40:86:CB:27:D2:0C,-19, WPA2 ,0.000000,0.000000,0.000,0.000,AP
2026-05-15 07:42:33,1900-01-00 00:00:00,,9C:2F:9D:82:20:A3,-19,,0.000000,0.000000,0.000,0.000,Client
2026-05-15 07:42:33,1900-01-00 00:00:00,dlink-615_EXT,40:86:CB:27:D2:0C,-21, WPA2 ,0.000000,0.000000,0.000,0.000,AP
2026-05-15 07:42:33,1900-01-00 00:00:00,,9C:2F:9D:82:20:A3,-21,,0.000000,0.000000,0.000,0.000,Client
2026-05-15 07:42:33,1900-01-00 00:00:00,dlink-615_EXT,40:86:CB:27:D2:0C,-21, WPA2 ,0.000000,0.000000,0.000,0.000,AP
2026-05-15 07:42:33,1900-01-00 00:00:00,,9C:2F:9D:82:20:A3,-21,,0.000000,0.000000,0.000,0.000,Client
2026-05-15 07:42:33,1900-01-00 00:00:00,dlink-615_EXT,40:86:CB:27:D2:0C,-19, WPA2 ,0.000000,0.000000,0.000,0.000,AP
2026-05-15 07:42:33,1900-01-00 00:00:00,,9C:2F:9D:82:20:A3,-19,,0.000000,0.000000,0.000,0.000,Client
2026-05-15 07:42:33,1900-01-00 00:00:00,dlink-615_EXT,40:86:CB:27:D2:0C,-19, WPA2 ,0.000000,0.000000,0.000,0.000,AP
2026-05-15 07:42:33,1900-01-00 00:00:00,,9C:2F:9D:82:20:A3,-19,,0.000000,0.000000,0.000,0.000,Client
2026-05-15 07:42:33,1900-01-00 00:00:00,dlink-615_EXT,40:86:CB:27:D2:0C,-19, WPA2 ,0.000000,0.000000,0.000,0.000,AP
2026-05-15 07:42:33,1900-01-00 00:00:00,,9C:2F:9D:82:20:A3,-19,,0.000000,0.000000,0.000,0.000,Client
2026-05-15 07:42:33,1900-01-00 00:00:00,dlink-615_EXT,40:86:CB:27:D2:0C,-21, WPA2 ,0.000000,0.000000,0.000,0.000,AP
2026-05-15 07:42:33,1900-01-00 00:00:00,,9C:2F:9D:82:20:A3,-21,,0.000000,0.000000,0.000,0.000,Client
2026-05-15 07:42:33,1900-01-00 00:00:00,dlink-615_EXT,40:86:CB:27:D2:0C,-19, WPA2 ,0.000000,0.000000,0.000,0.000,AP
2026-05-15 07:42:33,1900-01-00 00:00:00,,9C:2F:9D:82:20:A3,-19,,0.000000,0.000000,0.000,0.000,Client
2026-05-15 07:42:33,1900-01-00 00:00:00,dlink-615_EXT,40:86:CB:27:D2:0C,-19, WPA2 ,0.000000,0.000000,0.000,0.000,AP
2026-05-15 07:42:33,1900-01-00 00:00:00,,9C:2F:9D:82:20:A3,-19,,0.000000,0.000000,0.000,0.000,Client
2026-05-15 07:42:33,1900-01-00 00:00:00,dlink-615_EXT,40:86:CB:27:D2:0C,-19, WPA2 ,0.000000,0.000000,0.000,0.000,AP
2026-05-15 07:42:33,1900-01-00 00:00:00,,9C:2F:9D:82:20:A3,-19,,0.000000,0.000000,0.000,0.000,Client
2026-05-15 07:42:33,1900-01-00 00:00:00,dlink-615_EXT,40:86:CB:27:D2:0C,-21, WPA2 ,0.000000,0.000000,0.000,0.000,AP
2026-05-15 07:42:33,1900-01-00 00:00:00,,9C:2F:9D:82:20:A3,-21,,0.000000,0.000000,0.000,0.000,Client
2026-05-15 07:42:33,1900-01-00 00:00:00,dlink-615_EXT,40:86:CB:27:D2:0C,-21, WPA2 ,0.000000,0.000000,0.000,0.000,AP
2026-05-15 07:42:33,1900-01-00 00:00:00,,9C:2F:9D:82:20:A3,-21,,0.000000,0.000000,0.000,0.000,Client
2026-05-15 07:42:33,1900-01-00 00:00:00,dlink-615_EXT,40:86:CB:27:D2:0C,-19, WPA2 ,0.000000,0.000000,0.000,0.000,AP
2026-05-15 07:42:33,1900-01-00 00:00:00,,9C:2F:9D:82:20:A3,-19,,0.000000,0.000000,0.000,0.000,Client
2026-05-15 07:42:33,1900-01-00 00:00:00,dlink-615_EXT,40:86:CB:27:D2:0C,-21, WPA2 ,0.000000,0.000000,0.000,0.000,AP
2026-05-15 07:42:33,1900-01-00 00:00:00,,9C:2F:9D:82:20:A3,-21,,0.000000,0.000000,0.000,0.000,Client
2026-05-15 07:42:33,1900-01-00 00:00:00,dlink-615_EXT,40:86:CB:27:D2:0C,-23, WPA2 ,0.000000,0.000000,0.000,0.000,AP
2026-05-15 07:42:33,1900-01-00 00:00:00,,9C:2F:9D:82:20:A3,-23,,0.000000,0.000000,0.000,0.000,Client
2026-05-15 07:42:33,1900-01-00 00:00:00,dlink-615_EXT,40:86:CB:27:D2:0C,-21, WPA2 ,0.000000,0.000000,0.000,0.000,AP
2026-05-15 07:42:33,1900-01-00 00:00:00,,9C:2F:9D:82:20:A3,-21,,0.000000,0.000000,0.000,0.000,Client
2026-05-15 07:42:33,1900-01-00 00:00:00,dlink-615_EXT,40:86:CB:27:D2:0C,-19, WPA2 ,0.000000,0.000000,0.000,0.000,AP
2026-05-15 07:42:33,1900-01-00 00:00:00,,9C:2F:9D:82:20:A3,-19,,0.000000,0.000000,0.000,0.000,Client
2026-05-15 07:42:33,1900-01-00 00:00:00,dlink-615_EXT,40:86:CB:27:D2:0C,-21, WPA2 ,0.000000,0.000000,0.000,0.000,AP
2026-05-15 07:42:33,1900-01-00 00:00:00,,9C:2F:9D:82:20:A3,-21,,0.000000,0.000000,0.000,0.000,Client
2026-05-15 07:42:33,1900-01-00 00:00:00,dlink-615_EXT,40:86:CB:27:D2:0C,-19, WPA2 ,0.000000,0.000000,0.000,0.000,AP
2026-05-15 07:42:33,1900-01-00 00:00:00,,9C:2F:9D:82:20:A3,-19,,0.000000,0.000000,0.000,0.000,Client
2026-05-15 07:42:33,1900-01-00 00:00:00,dlink-615_EXT,40:86:CB:27:D2:0C,-21, WPA2 ,0.000000,0.000000,0.000,0.000,AP
2026-05-15 07:42:33,1900-01-00 00:00:00,,9C:2F:9D:82:20:A3,-21,,0.000000,0.000000,0.000,0.000,Client
2026-05-15 07:42:33,1900-01-00 00:00:00,dlink-615_EXT,40:86:CB:27:D2:0C,-21, WPA2 ,0.000000,0.000000,0.000,0.000,AP
2026-05-15 07:42:33,1900-01-00 00:00:00,,9C:2F:9D:82:20:A3,-21,,0.000000,0.000000,0.000,0.000,Client
2026-05-15 07:42:33,1900-01-00 00:00:00,dlink-615_EXT,40:86:CB:27:D2:0C,-21, WPA2 ,0.000000,0.000000,0.000,0.000,AP
2026-05-15 07:42:33,1900-01-00 00:00:00,,9C:2F:9D:82:20:A3,-21,,0.000000,0.000000,0.000,0.000,Client
2026-05-15 07:42:33,1900-01-00 00:00:00,dlink-615_EXT,40:86:CB:27:D2:0C,-21, WPA2 ,0.000000,0.000000,0.000,0.000,AP
2026-05-15 07:42:33,1900-01-00 00:00:00,,9C:2F:9D:82:20:A3,-21,,0.000000,0.000000,0.000,0.000,Client
2026-05-15 07:42:33,1900-01-00 00:00:00,dlink-615_EXT,40:86:CB:27:D2:0C,-23, WPA2 ,0.000000,0.000000,0.000,0.000,AP
2026-05-15 07:42:33,1900-01-00 00:00:00,,9C:2F:9D:82:20:A3,-23,,0.000000,0.000000,0.000,0.000,Client
2026-05-15 07:42:33,1900-01-00 00:00:00,dlink-615_EXT,40:86:CB:27:D2:0C,-19, WPA2 ,0.000000,0.000000,0.000,0.000,AP
2026-05-15 07:42:33,1900-01-00 00:00:00,,9C:2F:9D:82:20:A3,-19,,0.000000,0.000000,0.000,0.000,Client
2026-05-15 07:42:33,1900-01-00 00:00:00,dlink-615_EXT,40:86:CB:27:D2:0C,-19, WPA2 ,0.000000,0.000000,0.000,0.000,AP
2026-05-15 07:42:33,1900-01-00 00:00:00,,9C:2F:9D:82:20:A3,-21,,0.000000,0.000000,0.000,0.000,Client
2026-05-15 07:42:33,1900-01-00 00:00:00,dlink-615_EXT,40:86:CB:27:D2:0C,-21, WPA2 ,0.000000,0.000000,0.000,0.000,AP
2026-05-15 07:42:33,1900-01-00 00:00:00,,9C:2F:9D:82:20:A3,-21,,0.000000,0.000000,0.000,0.000,Client
2026-05-15 07:42:33,1900-01-00 00:00:00,dlink-615_EXT,40:86:CB:27:D2:0C,-21, WPA2 ,0.000000,0.000000,0.000,0.000,AP
2026-05-15 07:42:33,1900-01-00 00:00:00,,9C:2F:9D:82:20:A3,-21,,0.000000,0.000000,0.000,0.000,Client
2026-05-15 07:42:33,1900-01-00 00:00:00,dlink-615_EXT,40:86:CB:27:D2:0C,-23, WPA2 ,0.000000,0.000000,0.000,0.000,AP
2026-05-15 07:42:33,1900-01-00 00:00:00,,9C:2F:9D:82:20:A3,-23,,0.000000,0.000000,0.000,0.000,Client
2026-05-15 07:42:33,1900-01-00 00:00:00,dlink-615_EXT,40:86:CB:27:D2:0C,-23, WPA2 ,0.000000,0.000000,0.000,0.000,AP
2026-05-15 07:42:33,1900-01-00 00:00:00,,9C:2F:9D:82:20:A3,-23,,0.000000,0.000000,0.000,0.000,Client
2026-05-15 07:42:33,1900-01-00 00:00:00,dlink-615_EXT,40:86:CB:27:D2:0C,-21, WPA2 ,0.000000,0.000000,0.000,0.000,AP
2026-05-15 07:42:33,1900-01-00 00:00:00,,9C:2F:9D:82:20:A3,-21,,0.000000,0.000000,0.000,0.000,Client
2026-05-15 07:42:33,1900-01-00 00:00:00,dlink-615_EXT,40:86:CB:27:D2:0C,-21, WPA2 ,0.000000,0.000000,0.000,0.000,AP
2026-05-15 07:42:33,1900-01-00 00:00:00,,9C:2F:9D:82:20:A3,-19,,0.000000,0.000000,0.000,0.000,Client
2026-05-15 07:42:33,1900-01-00 00:00:00,dlink-615_EXT,40:86:CB:27:D2:0C,-19, WPA2 ,0.000000,0.000000,0.000,0.000,AP
2026-05-15 07:42:33,1900-01-00 00:00:00,,9C:2F:9D:82:20:A3,-19,,0.000000,0.000000,0.000,0.000,Client
2026-05-15 07:42:33,1900-01-00 00:00:00,dlink-615_EXT,40:86:CB:27:D2:0C,-19, WPA2 ,0.000000,0.000000,0.000,0.000,AP
2026-05-15 07:42:33,1900-01-00 00:00:00,,9C:2F:9D:82:20:A3,-19,,0.000000,0.000000,0.000,0.000,Client
2026-05-15 07:42:33,1900-01-00 00:00:00,dlink-615_EXT,40:86:CB:27:D2:0C,-19, WPA2 ,0.000000,0.000000,0.000,0.000,AP
2026-05-15 07:42:33,1900-01-00 00:00:00,,9C:2F:9D:82:20:A3,-19,,0.000000,0.000000,0.000,0.000,Client
2026-05-15 07:42:33,1900-01-00 00:00:00,dlink-615_EXT,40:86:CB:27:D2:0C,-21, WPA2 ,0.000000,0.000000,0.000,0.000,AP
2026-05-15 07:42:33,1900-01-00 00:00:00,,9C:2F:9D:82:20:A3,-21,,0.000000,0.000000,0.000,0.000,Client
2026-05-15 07:42:33,1900-01-00 00:00:00,dlink-615_EXT,40:86:CB:27:D2:0C,-19, WPA2 ,0.000000,0.000000,0.000,0.000,AP
2026-05-15 07:42:33,1900-01-00 00:00:00,,9C:2F:9D:82:20:A3,-19,,0.000000,0.000000,0.000,0.000,Client
2026-05-15 07:42:33,1900-01-00 00:00:00,dlink-615_EXT,40:86:CB:27:D2:0C,-21, WPA2 ,0.000000,0.000000,0.000,0.000,AP
2026-05-15 07:42:33,1900-01-00 00:00:00,,9C:2F:9D:82:20:A3,-21,,0.000000,0.000000,0.000,0.000,Client
2026-05-15 07:42:33,1900-01-00 00:00:00,dlink-615_EXT,40:86:CB:27:D2:0C,-23, WPA2 ,0.000000,0.000000,0.000,0.000,AP
2026-05-15 07:42:33,1900-01-00 00:00:00,,9C:2F:9D:82:20:A3,-23,,0.000000,0.000000,0.000,0.000,Client
2026-05-15 07:42:33,1900-01-00 00:00:00,dlink-615_EXT,40:86:CB:27:D2:0C,-23, WPA2 ,0.000000,0.000000,0.000,0.000,AP
2026-05-15 07:42:33,1900-01-00 00:00:00,,9C:2F:9D:82:20:A3,-23,,0.000000,0.000000,0.000,0.000,Client
2026-05-15 07:42:33,1900-01-00 00:00:00,dlink-615_EXT,40:86:CB:27:D2:0C,-23, WPA2 ,0.000000,0.000000,0.000,0.000,AP
2026-05-15 07:42:33,1900-01-00 00:00:00,,9C:2F:9D:82:20:A3,-23,,0.000000,0.000000,0.000,0.000,Client
2026-05-15 07:42:33,1900-01-00 00:00:00,dlink-615_EXT,40:86:CB:27:D2:0C,-23, WPA2 ,0.000000,0.000000,0.000,0.000,AP
2026-05-15 07:42:33,1900-01-00 00:00:00,,9C:2F:9D:82:20:A3,-23,,0.000000,0.000000,0.000,0.000,Client
2026-05-15 07:42:33,1900-01-00 00:00:00,dlink-615_EXT,40:86:CB:27:D2:0C,-19, WPA2 ,0.000000,0.000000,0.000,0.000,AP
2026-05-15 07:42:33,1900-01-00 00:00:00,,9C:2F:9D:82:20:A3,-19,,0.000000,0.000000,0.000,0.000,Client
2026-05-15 07:42:33,1900-01-00 00:00:00,dlink-615_EXT,40:86:CB:27:D2:0C,-21, WPA2 ,0.000000,0.000000,0.000,0.000,AP
2026-05-15 07:42:33,1900-01-00 00:00:00,,9C:2F:9D:82:20:A3,-21,,0.000000,0.000000,0.000,0.000,Client
2026-05-15 07:42:33,1900-01-00 00:00:00,dlink-615_EXT,40:86:CB:27:D2:0C,-19, WPA2 ,0.000000,0.000000,0.000,0.000,AP
2026-05-15 07:42:33,1900-01-00 00:00:00,,9C:2F:9D:82:20:A3,-19,,0.000000,0.000000,0.000,0.000,Client
2026-05-15 07:42:33,1900-01-00 00:00:00,dlink-615_EXT,40:86:CB:27:D2:0C,-21, WPA2 ,0.000000,0.000000,0.000,0.000,AP
2026-05-15 07:42:33,1900-01-00 00:00:00,,9C:2F:9D:82:20:A3,-21,,0.000000,0.000000,0.000,0.000,Client
2026-05-15 07:42:33,1900-01-00 00:00:00,dlink-615_EXT,40:86:CB:27:D2:0C,-23, WPA2 ,0.000000,0.000000,0.000,0.000,AP
2026-05-15 07:42:33,1900-01-00 00:00:00,,9C:2F:9D:82:20:A3,-23,,0.000000,0.000000,0.000,0.000,Client
2026-05-15 07:42:33,1900-01-00 00:00:00,dlink-615_EXT,40:86:CB:27:D2:0C,-19, WPA2 ,0.000000,0.000000,0.000,0.000,AP
2026-05-15 07:42:33,1900-01-00 00:00:00,,9C:2F:9D:82:20:A3,-19,,0.000000,0.000000,0.000,0.000,Client
2026-05-15 07:42:33,1900-01-00 00:00:00,dlink-615_EXT,40:86:CB:27:D2:0C,-19, WPA2 ,0.000000,0.000000,0.000,0.000,AP
2026-05-15 07:42:33,1900-01-00 00:00:00,,9C:2F:9D:82:20:A3,-19,,0.000000,0.000000,0.000,0.000,Client
2026-05-15 07:42:33,1900-01-00 00:00:00,dlink-615_EXT,40:86:CB:27:D2:0C,-19, WPA2 ,0.000000,0.000000,0.000,0.000,AP
2026-05-15 07:42:33,1900-01-00 00:00:00,,9C:2F:9D:82:20:A3,-19,,0.000000,0.000000,0.000,0.000,Client
2026-05-15 07:42:33,1900-01-00 00:00:00,dlink-615_EXT,40:86:CB:27:D2:0C,-21, WPA2 ,0.000000,0.000000,0.000,0.000,AP
2026-05-15 07:42:33,1900-01-00 00:00:00,,9C:2F:9D:82:20:A3,-21,,0.000000,0.000000,0.000,0.000,Client
2026-05-15 07:42:33,1900-01-00 00:00:00,dlink-615_EXT,40:86:CB:27:D2:0C,-21, WPA2 ,0.000000,0.000000,0.000,0.000,AP
2026-05-15 07:42:33,1900-01-00 00:00:00,,9C:2F:9D:82:20:A3,-21,,0.000000,0.000000,0.000,0.000,Client
2026-05-15 07:42:33,1900-01-00 00:00:00,dlink-615_EXT,40:86:CB:27:D2:0C,-19, WPA2 ,0.000000,0.000000,0.000,0.000,AP
2026-05-15 07:42:33,1900-01-00 00:00:00,,9C:2F:9D:82:20:A3,-19,,0.000000,0.000000,0.000,0.000,Client
2026-05-15 07:42:33,1900-01-00 00:00:00,dlink-615_EXT,40:86:CB:27:D2:0C,-21, WPA2 ,0.000000,0.000000,0.000,0.000,AP
2026-05-15 07:42:33,1900-01-00 00:00:00,,9C:2F:9D:82:20:A3,-21,,0.000000,0.000000,0.000,0.000,Client
2026-05-15 07:42:33,1900-01-00 00:00:00,dlink-615_EXT,40:86:CB:27:D2:0C,-19, WPA2 ,0.000000,0.000000,0.000,0.000,AP
2026-05-15 07:42:33,1900-01-00 00:00:00,,9C:2F:9D:82:20:A3,-19,,0.000000,0.000000,0.000,0.000,Client
2026-05-15 07:42:33,1900-01-00 00:00:00,dlink-615_EXT,40:86:CB:27:D2:0C,-21, WPA2 ,0.000000,0.000000,0.000,0.000,AP
2026-05-15 07:42:33,1900-01-00 00:00:00,,9C:2F:9D:82:20:A3,-21,,0.000000,0.000000,0.000,0.000,Client
2026-05-15 07:42:33,1900-01-00 00:00:00,dlink-615_EXT,40:86:CB:27:D2:0C,-21, WPA2 ,0.000000,0.000000,0.000,0.000,AP
2026-05-15 07:42:33,1900-01-00 00:00:00,,9C:2F:9D:82:20:A3,-21,,0.000000,0.000000,0.000,0.000,Client
2026-05-15 07:42:33,1900-01-00 00:00:00,dlink-615_EXT,40:86:CB:27:D2:0C,-21, WPA2 ,0.000000,0.000000,0.000,0.000,AP
2026-05-15 07:42:33,1900-01-00 00:00:00,,9C:2F:9D:82:20:A3,-21,,0.000000,0.000000,0.000,0.000,Client
2026-05-15 07:42:33,1900-01-00 00:00:00,dlink-615_EXT,40:86:CB:27:D2:0C,-21, WPA2 ,0.000000,0.000000,0.000,0.000,AP
2026-05-15 07:42:33,1900-01-00 00:00:00,,9C:2F:9D:82:20:A3,-21,,0.000000,0.000000,0.000,0.000,Client
2026-05-15 07:42:33,1900-01-00 00:00:00,dlink-615_EXT,40:86:CB:27:D2:0C,-19, WPA2 ,0.000000,0.000000,0.000,0.000,AP
2026-05-15 07:42:33,1900-01-00 00:00:00,,9C:2F:9D:82:20:A3,-19,,0.000000,0.000000,0.000,0.000,Client
2026-05-15 07:42:33,1900-01-00 00:00:00,dlink-615_EXT,40:86:CB:27:D2:0C,-19, WPA2 ,0.000000,0.000000,0.000,0.000,AP
2026-05-15 07:42:33,1900-01-00 00:00:00,,9C:2F:9D:82:20:A3,-19,,0.000000,0.000000,0.000,0.000,Client
2026-05-15 07:42:33,1900-01-00 00:00:00,dlink-615_EXT,40:86:CB:27:D2:0C,-21, WPA2 ,0.000000,0.000000,0.000,0.000,AP
2026-05-15 07:42:33,1900-01-00 00:00:00,,9C:2F:9D:82:20:A3,-21,,0.000000,0.000000,0.000,0.000,Client
2026-05-15 07:42:33,1900-01-00 00:00:00,dlink-615_EXT,40:86:CB:27:D2:0C,-19, WPA2 ,0.000000,0.000000,0.000,0.000,AP
2026-05-15 07:42:33,1900-01-00 00:00:00,,9C:2F:9D:82:20:A3,-19,,0.000000,0.000000,0.000,0.000,Client
2026-05-15 07:42:33,1900-01-00 00:00:00,dlink-615_EXT,40:86:CB:27:D2:0C,-19, WPA2 ,0.000000,0.000000,0.000,0.000,AP
2026-05-15 07:42:33,1900-01-00 00:00:00,,9C:2F:9D:82:20:A3,-19,,0.000000,0.000000,0.000,0.000,Client
2026-05-15 07:42:33,1900-01-00 00:00:00,dlink-615_EXT,40:86:CB:27:D2:0C,-19, WPA2 ,0.000000,0.000000,0.000,0.000,AP
2026-05-15 07:42:33,1900-01-00 00:00:00,,9C:2F:9D:82:20:A3,-23,,0.000000,0.000000,0.000,0.000,Client
2026-05-15 07:42:33,1900-01-00 00:00:00,dlink-615_EXT,40:86:CB:27:D2:0C,-19, WPA2 ,0.000000,0.000000,0.000,0.000,AP
2026-05-15 07:42:33,1900-01-00 00:00:00,,9C:2F:9D:82:20:A3,-19,,0.000000,0.000000,0.000,0.000,Client
2026-05-15 07:42:33,1900-01-00 00:00:00,dlink-615_EXT,40:86:CB:27:D2:0C,-23, WPA2 ,0.000000,0.000000,0.000,0.000,AP
2026-05-15 07:42:33,1900-01-00 00:00:00,,9C:2F:9D:82:20:A3,-23,,0.000000,0.000000,0.000,0.000,Client
2026-05-15 07:42:33,1900-01-00 00:00:00,dlink-615_EXT,40:86:CB:27:D2:0C,-21, WPA2 ,0.000000,0.000000,0.000,0.000,AP
2026-05-15 07:42:33,1900-01-00 00:00:00,,9C:2F:9D:82:20:A3,-21,,0.000000,0.000000,0.000,0.000,Client
2026-05-15 07:42:33,1900-01-00 00:00:00,dlink-615_EXT,40:86:CB:27:D2:0C,-21, WPA2 ,0.000000,0.000000,0.000,0.000,AP
2026-05-15 07:42:33,1900-01-00 00:00:00,,9C:2F:9D:82:20:A3,-21,,0.000000,0.000000,0.000,0.000,Client
2026-05-15 07:42:33,1900-01-00 00:00:00,dlink-615_EXT,40:86:CB:27:D2:0C,-21, WPA2 ,0.000000,0.000000,0.000,0.000,AP
2026-05-15 07:42:33,1900-01-00 00:00:00,,9C:2F:9D:82:20:A3,-21,,0.000000,0.000000,0.000,0.000,Client
2026-05-15 07:42:33,1900-01-00 00:00:00,dlink-615_EXT,40:86:CB:27:D2:0C,-23, WPA2 ,0.000000,0.000000,0.000,0.000,AP
2026-05-15 07:42:33,1900-01-00 00:00:00,,9C:2F:9D:82:20:A3,-23,,0.000000,0.000000,0.000,0.000,Client
2026-05-15 07:42:33,1900-01-00 00:00:00,dlink-615_EXT,40:86:CB:27:D2:0C,-21, WPA2 ,0.000000,0.000000,0.000,0.000,AP
2026-05-15 07:42:33,1900-01-00 00:00:00,,9C:2F:9D:82:20:A3,-21,,0.000000,0.000000,0.000,0.000,Client
2026-05-15 07:42:33,1900-01-00 00:00:00,dlink-615_EXT,40:86:CB:27:D2:0C,-21, WPA2 ,0.000000,0.000000,0.000,0.000,AP
2026-05-15 07:42:33,1900-01-00 00:00:00,,9C:2F:9D:82:20:A3,-21,,0.000000,0.000000,0.000,0.000,Client
2026-05-15 07:42:33,1900-01-00 00:00:00,dlink-615_EXT,40:86:CB:27:D2:0C,-21, WPA2 ,0.000000,0.000000,0.000,0.000,AP
2026-05-15 07:42:33,1900-01-00 00:00:00,,9C:2F:9D:82:20:A3,-21,,0.000000,0.000000,0.000,0.000,Client
2026-05-15 07:42:33,1900-01-00 00:00:00,dlink-615_EXT,40:86:CB:27:D2:0C,-21, WPA2 ,0.000000,0.000000,0.000,0.000,AP
2026-05-15 07:42:33,1900-01-00 00:00:00,,9C:2F:9D:82:20:A3,-21,,0.000000,0.000000,0.000,0.000,Client
2026-05-15 07:42:33,1900-01-00 00:00:00,dlink-615_EXT,40:86:CB:27:D2:0C,-21, WPA2 ,0.000000,0.000000,0.000,0.000,AP
2026-05-15 07:42:33,1900-01-00 00:00:00,,9C:2F:9D:82:20:A3,-21,,0.000000,0.000000,0.000,0.000,Client
2026-05-15 07:42:33,1900-01-00 00:00:00,dlink-615_EXT,40:86:CB:27:D2:0C,-19, WPA2 ,0.000000,0.000000,0.000,0.000,AP
2026-05-15 07:42:33,1900-01-00 00:00:00,,9C:2F:9D:82:20:A3,-19,,0.000000,0.000000,0.000,0.000,Client
2026-05-15 07:42:33,1900-01-00 00:00:00,dlink-615_EXT,40:86:CB:27:D2:0C,-21, WPA2 ,0.000000,0.000000,0.000,0.000,AP
2026-05-15 07:42:33,1900-01-00 00:00:00,,9C:2F:9D:82:20:A3,-21,,0.000000,0.000000,0.000,0.000,Client
2026-05-15 07:42:33,1900-01-00 00:00:00,dlink-615_EXT,40:86:CB:27:D2:0C,-19, WPA2 ,0.000000,0.000000,0.000,0.000,AP
2026-05-15 07:42:33,1900-01-00 00:00:00,,9C:2F:9D:82:20:A3,-19,,0.000000,0.000000,0.000,0.000,Client
2026-05-15 07:42:33,1900-01-00 00:00:00,dlink-615_EXT,40:86:CB:27:D2:0C,-21, WPA2 ,0.000000,0.000000,0.000,0.000,AP
2026-05-15 07:42:33,1900-01-00 00:00:00,,9C:2F:9D:82:20:A3,-21,,0.000000,0.000000,0.000,0.000,Client
2026-05-15 07:42:33,1900-01-00 00:00:00,dlink-615_EXT,40:86:CB:27:D2:0C,-21, WPA2 ,0.000000,0.000000,0.000,0.000,AP
2026-05-15 07:42:33,1900-01-00 00:00:00,,9C:2F:9D:82:20:A3,-21,,0.000000,0.000000,0.000,0.000,Client
2026-05-15 07:42:33,1900-01-00 00:00:00,dlink-615_EXT,40:86:CB:27:D2:0C,-19, WPA2 ,0.000000,0.000000,0.000,0.000,AP
2026-05-15 07:42:33,1900-01-00 00:00:00,,9C:2F:9D:82:20:A3,-19,,0.000000,0.000000,0.000,0.000,Client
2026-05-15 07:42:33,1900-01-00 00:00:00,dlink-615_EXT,40:86:CB:27:D2:0C,-19, WPA2 ,0.000000,0.000000,0.000,0.000,AP
2026-05-15 07:42:33,1900-01-00 00:00:00,,9C:2F:9D:82:20:A3,-19,,0.000000,0.000000,0.000,0.000,Client
2026-05-15 07:42:33,1900-01-00 00:00:00,dlink-615_EXT,40:86:CB:27:D2:0C,-21, WPA2 ,0.000000,0.000000,0.000,0.000,AP
2026-05-15 07:42:33,1900-01-00 00:00:00,,9C:2F:9D:82:20:A3,-21,,0.000000,0.000000,0.000,0.000,Client
2026-05-15 07:42:33,1900-01-00 00:00:00,dlink-615_EXT,40:86:CB:27:D2:0C,-21, WPA2 ,0.000000,0.000000,0.000,0.000,AP
2026-05-15 07:42:33,1900-01-00 00:00:00,,9C:2F:9D:82:20:A3,-21,,0.000000,0.000000,0.000,0.000,Client
2026-05-15 07:42:33,1900-01-00 00:00:00,dlink-615_EXT,40:86:CB:27:D2:0C,-19, WPA2 ,0.000000,0.000000,0.000,0.000,AP
2026-05-15 07:42:33,1900-01-00 00:00:00,,9C:2F:9D:82:20:A3,-19,,0.000000,0.000000,0.000,0.000,Client
2026-05-15 07:42:33,1900-01-00 00:00:00,dlink-615_EXT,40:86:CB:27:D2:0C,-19, WPA2 ,0.000000,0.000000,0.000,0.000,AP
2026-05-15 07:42:33,1900-01-00 00:00:00,,9C:2F:9D:82:20:A3,-19,,0.000000,0.000000,0.000,0.000,Client
2026-05-15 07:42:33,1900-01-00 00:00:00,dlink-615_EXT,40:86:CB:27:D2:0C,-19, WPA2 ,0.000000,0.000000,0.000,0.000,AP
2026-05-15 07:42:33,1900-01-00 00:00:00,,9C:2F:9D:82:20:A3,-19,,0.000000,0.000000,0.000,0.000,Client
2026-05-15 07:42:33,1900-01-00 00:00:00,dlink-615_EXT,40:86:CB:27:D2:0C,-21, WPA2 ,0.000000,0.000000,0.000,0.000,AP
2026-05-15 07:42:33,1900-01-00 00:00:00,,9C:2F:9D:82:20:A3,-21,,0.000000,0.000000,0.000,0.000,Client
2026-05-15 07:42:33,1900-01-00 00:00:00,dlink-615_EXT,40:86:CB:27:D2:0C,-21, WPA2 ,0.000000,0.000000,0.000,0.000,AP
2026-05-15 07:42:33,1900-01-00 00:00:00,,9C:2F:9D:82:20:A3,-21,,0.000000,0.000000,0.000,0.000,Client
2026-05-15 07:42:33,1900-01-00 00:00:00,dlink-615_EXT,40:86:CB:27:D2:0C,-19, WPA2 ,0.000000,0.000000,0.000,0.000,AP
2026-05-15 07:42:33,1900-01-00 00:00:00,,9C:2F:9D:82:20:A3,-19,,0.000000,0.000000,0.000,0.000,Client
2026-05-15 07:42:33,1900-01-00 00:00:00,dlink-615_EXT,40:86:CB:27:D2:0C,-21, WPA2 ,0.000000,0.000000,0.000,0.000,AP
2026-05-15 07:42:33,1900-01-00 00:00:00,,9C:2F:9D:82:20:A3,-21,,0.000000,0.000000,0.000,0.000,Client
2026-05-15 07:42:33,1900-01-00 00:00:00,dlink-615_EXT,40:86:CB:27:D2:0C,-19, WPA2 ,0.000000,0.000000,0.000,0.000,AP
2026-05-15 07:42:33,1900-01-00 00:00:00,,9C:2F:9D:82:20:A3,-19,,0.000000,0.000000,0.000,0.000,Client
2026-05-15 07:42:33,1900-01-00 00:00:00,dlink-615_EXT,40:86:CB:27:D2:0C,-21, WPA2 ,0.000000,0.000000,0.000,0.000,AP
2026-05-15 07:42:33,1900-01-00 00:00:00,,9C:2F:9D:82:20:A3,-21,,0.000000,0.000000,0.000,0.000,Client
2026-05-15 07:42:34,1900-01-00 00:00:00,dlink-615_EXT,40:86:CB:27:D2:0C,-23, WPA2 ,0.000000,0.000000,0.000,0.000,AP
2026-05-15 07:42:34,1900-01-00 00:00:00,,9C:2F:9D:82:20:A3,-23,,0.000000,0.000000,0.000,0.000,Client
2026-05-15 07:42:34,1900-01-00 00:00:00,dlink-615_EXT,40:86:CB:27:D2:0C,-21, WPA2 ,0.000000,0.000000,0.000,0.000,AP
2026-05-15 07:42:34,1900-01-00 00:00:00,,9C:2F:9D:82:20:A3,-21,,0.000000,0.000000,0.000,0.000,Client
2026-05-15 07:42:34,1900-01-00 00:00:00,dlink-615_EXT,40:86:CB:27:D2:0C,-23, WPA2 ,0.000000,0.000000,0.000,0.000,AP
2026-05-15 07:42:34,1900-01-00 00:00:00,,9C:2F:9D:82:20:A3,-23,,0.000000,0.000000,0.000,0.000,Client
2026-05-15 07:42:34,1900-01-00 00:00:00,dlink-615_EXT,40:86:CB:27:D2:0C,-21, WPA2 ,0.000000,0.000000,0.000,0.000,AP
2026-05-15 07:42:34,1900-01-00 00:00:00,,9C:2F:9D:82:20:A3,-21,,0.000000,0.000000,0.000,0.000,Client
2026-05-15 07:42:34,1900-01-00 00:00:00,dlink-615_EXT,40:86:CB:27:D2:0C,-19, WPA2 ,0.000000,0.000000,0.000,0.000,AP
2026-05-15 07:42:34,1900-01-00 00:00:00,,9C:2F:9D:82:20:A3,-19,,0.000000,0.000000,0.000,0.000,Client
2026-05-15 07:42:34,1900-01-00 00:00:00,dlink-615_EXT,40:86:CB:27:D2:0C,-19, WPA2 ,0.000000,0.000000,0.000,0.000,AP
2026-05-15 07:42:34,1900-01-00 00:00:00,,9C:2F:9D:82:20:A3,-19,,0.000000,0.000000,0.000,0.000,Client
2026-05-15 07:42:34,1900-01-00 00:00:00,dlink-615_EXT,40:86:CB:27:D2:0C,-21, WPA2 ,0.000000,0.000000,0.000,0.000,AP
2026-05-15 07:42:34,1900-01-00 00:00:00,,9C:2F:9D:82:20:A3,-21,,0.000000,0.000000,0.000,0.000,Client
2026-05-15 07:42:34,1900-01-00 00:00:00,dlink-615_EXT,40:86:CB:27:D2:0C,-21, WPA2 ,0.000000,0.000000,0.000,0.000,AP
2026-05-15 07:42:34,1900-01-00 00:00:00,,9C:2F:9D:82:20:A3,-21,,0.000000,0.000000,0.000,0.000,Client
2026-05-15 07:42:34,1900-01-00 00:00:00,dlink-615_EXT,40:86:CB:27:D2:0C,-21, WPA2 ,0.000000,0.000000,0.000,0.000,AP
2026-05-15 07:42:34,1900-01-00 00:00:00,,9C:2F:9D:82:20:A3,-21,,0.000000,0.000000,0.000,0.000,Client
2026-05-15 07:42:34,1900-01-00 00:00:00,dlink-615_EXT,40:86:CB:27:D2:0C,-21, WPA2 ,0.000000,0.000000,0.000,0.000,AP
2026-05-15 07:42:34,1900-01-00 00:00:00,,9C:2F:9D:82:20:A3,-21,,0.000000,0.000000,0.000,0.000,Client
2026-05-15 07:42:34,1900-01-00 00:00:00,dlink-615_EXT,40:86:CB:27:D2:0C,-21, WPA2 ,0.000000,0.000000,0.000,0.000,AP
2026-05-15 07:42:34,1900-01-00 00:00:00,,9C:2F:9D:82:20:A3,-21,,0.000000,0.000000,0.000,0.000,Client
2026-05-15 07:42:34,1900-01-00 00:00:00,dlink-615_EXT,40:86:CB:27:D2:0C,-19, WPA2 ,0.000000,0.000000,0.000,0.000,AP
2026-05-15 07:42:34,1900-01-00 00:00:00,,9C:2F:9D:82:20:A3,-19,,0.000000,0.000000,0.000,0.000,Client
2026-05-15 07:42:34,1900-01-00 00:00:00,dlink-615_EXT,40:86:CB:27:D2:0C,-21, WPA2 ,0.000000,0.000000,0.000,0.000,AP
2026-05-15 07:42:34,1900-01-00 00:00:00,,9C:2F:9D:82:20:A3,-21,,0.000000,0.000000,0.000,0.000,Client
2026-05-15 07:42:34,1900-01-00 00:00:00,dlink-615_EXT,40:86:CB:27:D2:0C,-23, WPA2 ,0.000000,0.000000,0.000,0.000,AP
2026-05-15 07:42:34,1900-01-00 00:00:00,,9C:2F:9D:82:20:A3,-23,,0.000000,0.000000,0.000,0.000,Client
2026-05-15 07:42:34,1900-01-00 00:00:00,dlink-615_EXT,40:86:CB:27:D2:0C,-21, WPA2 ,0.000000,0.000000,0.000,0.000,AP
2026-05-15 07:42:34,1900-01-00 00:00:00,,9C:2F:9D:82:20:A3,-21,,0.000000,0.000000,0.000,0.000,Client
2026-05-15 07:42:34,1900-01-00 00:00:00,dlink-615_EXT,40:86:CB:27:D2:0C,-19, WPA2 ,0.000000,0.000000,0.000,0.000,AP
2026-05-15 07:42:34,1900-01-00 00:00:00,,9C:2F:9D:82:20:A3,-19,,0.000000,0.000000,0.000,0.000,Client
2026-05-15 07:42:34,1900-01-00 00:00:00,dlink-615_EXT,40:86:CB:27:D2:0C,-19, WPA2 ,0.000000,0.000000,0.000,0.000,AP
2026-05-15 07:42:34,1900-01-00 00:00:00,,9C:2F:9D:82:20:A3,-19,,0.000000,0.000000,0.000,0.000,Client
2026-05-15 07:42:34,1900-01-00 00:00:00,dlink-615_EXT,40:86:CB:27:D2:0C,-21, WPA2 ,0.000000,0.000000,0.000,0.000,AP
2026-05-15 07:42:34,1900-01-00 00:00:00,,9C:2F:9D:82:20:A3,-21,,0.000000,0.000000,0.000,0.000,Client
2026-05-15 07:42:34,1900-01-00 00:00:00,dlink-615_EXT,40:86:CB:27:D2:0C,-23, WPA2 ,0.000000,0.000000,0.000,0.000,AP
2026-05-15 07:42:34,1900-01-00 00:00:00,,9C:2F:9D:82:20:A3,-23,,0.000000,0.000000,0.000,0.000,Client
2026-05-15 07:42:34,1900-01-00 00:00:00,dlink-615_EXT,40:86:CB:27:D2:0C,-19, WPA2 ,0.000000,0.000000,0.000,0.000,AP
2026-05-15 07:42:34,1900-01-00 00:00:00,,9C:2F:9D:82:20:A3,-19,,0.000000,0.000000,0.000,0.000,Client
2026-05-15 07:42:34,1900-01-00 00:00:00,dlink-615_EXT,40:86:CB:27:D2:0C,-19, WPA2 ,0.000000,0.000000,0.000,0.000,AP
2026-05-15 07:42:34,1900-01-00 00:00:00,,9C:2F:9D:82:20:A3,-19,,0.000000,0.000000,0.000,0.000,Client
2026-05-15 07:42:34,1900-01-00 00:00:00,dlink-615_EXT,40:86:CB:27:D2:0C,-23, WPA2 ,0.000000,0.000000,0.000,0.000,AP
2026-05-15 07:42:34,1900-01-00 00:00:00,,9C:2F:9D:82:20:A3,-23,,0.000000,0.000000,0.000,0.000,Client
2026-05-15 07:42:34,1900-01-00 00:00:00,dlink-615_EXT,40:86:CB:27:D2:0C,-19, WPA2 ,0.000000,0.000000,0.000,0.000,AP
2026-05-15 07:42:34,1900-01-00 00:00:00,,9C:2F:9D:82:20:A3,-19,,0.000000,0.000000,0.000,0.000,Client
2026-05-15 07:42:34,1900-01-00 00:00:00,dlink-615_EXT,40:86:CB:27:D2:0C,-19, WPA2 ,0.000000,0.000000,0.000,0.000,AP
2026-05-15 07:42:34,1900-01-00 00:00:00,,9C:2F:9D:82:20:A3,-19,,0.000000,0.000000,0.000,0.000,Client
2026-05-15 07:42:34,1900-01-00 00:00:00,dlink-615_EXT,40:86:CB:27:D2:0C,-19, WPA2 ,0.000000,0.000000,0.000,0.000,AP
2026-05-15 07:42:34,1900-01-00 00:00:00,,9C:2F:9D:82:20:A3,-19,,0.000000,0.000000,0.000,0.000,Client
2026-05-15 07:42:34,1900-01-00 00:00:00,dlink-615_EXT,40:86:CB:27:D2:0C,-19, WPA2 ,0.000000,0.000000,0.000,0.000,AP
2026-05-15 07:42:34,1900-01-00 00:00:00,,9C:2F:9D:82:20:A3,-19,,0.000000,0.000000,0.000,0.000,Client
2026-05-15 07:42:34,1900-01-00 00:00:00,dlink-615_EXT,40:86:CB:27:D2:0C,-19, WPA2 ,0.000000,0.000000,0.000,0.000,AP
2026-05-15 07:42:34,1900-01-00 00:00:00,,9C:2F:9D:82:20:A3,-19,,0.000000,0.000000,0.000,0.000,Client
2026-05-15 07:42:34,1900-01-00 00:00:00,dlink-615_EXT,40:86:CB:27:D2:0C,-23, WPA2 ,0.000000,0.000000,0.000,0.000,AP
2026-05-15 07:42:34,1900-01-00 00:00:00,,9C:2F:9D:82:20:A3,-23,,0.000000,0.000000,0.000,0.000,Client
2026-05-15 07:42:34,1900-01-00 00:00:00,dlink-615_EXT,40:86:CB:27:D2:0C,-19, WPA2 ,0.000000,0.000000,0.000,0.000,AP
2026-05-15 07:42:34,1900-01-00 00:00:00,,9C:2F:9D:82:20:A3,-19,,0.000000,0.000000,0.000,0.000,Client
2026-05-15 07:42:34,1900-01-00 00:00:00,dlink-615_EXT,40:86:CB:27:D2:0C,-19, WPA2 ,0.000000,0.000000,0.000,0.000,AP
2026-05-15 07:42:34,1900-01-00 00:00:00,,9C:2F:9D:82:20:A3,-19,,0.000000,0.000000,0.000,0.000,Client
2026-05-15 07:42:34,1900-01-00 00:00:00,dlink-615_EXT,40:86:CB:27:D2:0C,-19, WPA2 ,0.000000,0.000000,0.000,0.000,AP
2026-05-15 07:42:34,1900-01-00 00:00:00,,9C:2F:9D:82:20:A3,-19,,0.000000,0.000000,0.000,0.000,Client
2026-05-15 07:42:34,1900-01-00 00:00:00,dlink-615_EXT,40:86:CB:27:D2:0C,-19, WPA2 ,0.000000,0.000000,0.000,0.000,AP
2026-05-15 07:42:34,1900-01-00 00:00:00,,9C:2F:9D:82:20:A3,-19,,0.000000,0.000000,0.000,0.000,Client
2026-05-15 07:42:34,1900-01-00 00:00:00,dlink-615_EXT,40:86:CB:27:D2:0C,-19, WPA2 ,0.000000,0.000000,0.000,0.000,AP
2026-05-15 07:42:34,1900-01-00 00:00:00,,9C:2F:9D:82:20:A3,-19,,0.000000,0.000000,0.000,0.000,Client
2026-05-15 07:42:34,1900-01-00 00:00:00,dlink-615_EXT,40:86:CB:27:D2:0C,-19, WPA2 ,0.000000,0.000000,0.000,0.000,AP
2026-05-15 07:42:34,1900-01-00 00:00:00,,9C:2F:9D:82:20:A3,-19,,0.000000,0.000000,0.000,0.000,Client
2026-05-15 07:42:34,1900-01-00 00:00:00,dlink-615_EXT,40:86:CB:27:D2:0C,-21, WPA2 ,0.000000,0.000000,0.000,0.000,AP
2026-05-15 07:42:34,1900-01-00 00:00:00,,9C:2F:9D:82:20:A3,-21,,0.000000,0.000000,0.000,0.000,Client
2026-05-15 07:42:34,1900-01-00 00:00:00,dlink-615_EXT,40:86:CB:27:D2:0C,-23, WPA2 ,0.000000,0.000000,0.000,0.000,AP
2026-05-15 07:42:34,1900-01-00 00:00:00,,9C:2F:9D:82:20:A3,-23,,0.000000,0.000000,0.000,0.000,Client
2026-05-15 07:42:34,1900-01-00 00:00:00,dlink-615_EXT,40:86:CB:27:D2:0C,-23, WPA2 ,0.000000,0.000000,0.000,0.000,AP
2026-05-15 07:42:34,1900-01-00 00:00:00,,9C:2F:9D:82:20:A3,-23,,0.000000,0.000000,0.000,0.000,Client
2026-05-15 07:42:34,1900-01-00 00:00:00,dlink-615_EXT,40:86:CB:27:D2:0C,-21, WPA2 ,0.000000,0.000000,0.000,0.000,AP
2026-05-15 07:42:34,1900-01-00 00:00:00,,9C:2F:9D:82:20:A3,-21,,0.000000,0.000000,0.000,0.000,Client
2026-05-15 07:42:34,1900-01-00 00:00:00,dlink-615_EXT,40:86:CB:27:D2:0C,-21, WPA2 ,0.000000,0.000000,0.000,0.000,AP
2026-05-15 07:42:34,1900-01-00 00:00:00,,9C:2F:9D:82:20:A3,-21,,0.000000,0.000000,0.000,0.000,Client
2026-05-15 07:42:34,1900-01-00 00:00:00,dlink-615_EXT,40:86:CB:27:D2:0C,-21, WPA2 ,0.000000,0.000000,0.000,0.000,AP
2026-05-15 07:42:34,1900-01-00 00:00:00,,9C:2F:9D:82:20:A3,-21,,0.000000,0.000000,0.000,0.000,Client
2026-05-15 07:42:34,1900-01-00 00:00:00,dlink-615_EXT,40:86:CB:27:D2:0C,-23, WPA2 ,0.000000,0.000000,0.000,0.000,AP
2026-05-15 07:42:34,1900-01-00 00:00:00,,9C:2F:9D:82:20:A3,-23,,0.000000,0.000000,0.000,0.000,Client
2026-05-15 07:42:34,1900-01-00 00:00:00,dlink-615_EXT,40:86:CB:27:D2:0C,-23, WPA2 ,0.000000,0.000000,0.000,0.000,AP
2026-05-15 07:42:34,1900-01-00 00:00:00,,9C:2F:9D:82:20:A3,-23,,0.000000,0.000000,0.000,0.000,Client
2026-05-15 07:42:34,1900-01-00 00:00:00,dlink-615_EXT,40:86:CB:27:D2:0C,-19, WPA2 ,0.000000,0.000000,0.000,0.000,AP
2026-05-15 07:42:34,1900-01-00 00:00:00,,9C:2F:9D:82:20:A3,-19,,0.000000,0.000000,0.000,0.000,Client
2026-05-15 07:42:34,1900-01-00 00:00:00,dlink-615_EXT,40:86:CB:27:D2:0C,-19, WPA2 ,0.000000,0.000000,0.000,0.000,AP
2026-05-15 07:42:34,1900-01-00 00:00:00,,9C:2F:9D:82:20:A3,-19,,0.000000,0.000000,0.000,0.000,Client
2026-05-15 07:42:34,1900-01-00 00:00:00,dlink-615_EXT,40:86:CB:27:D2:0C,-19, WPA2 ,0.000000,0.000000,0.000,0.000,AP
2026-05-15 07:42:34,1900-01-00 00:00:00,,9C:2F:9D:82:20:A3,-19,,0.000000,0.000000,0.000,0.000,Client
2026-05-15 07:42:34,1900-01-00 00:00:00,dlink-615_EXT,40:86:CB:27:D2:0C,-19, WPA2 ,0.000000,0.000000,0.000,0.000,AP
2026-05-15 07:42:34,1900-01-00 00:00:00,,9C:2F:9D:82:20:A3,-19,,0.000000,0.000000,0.000,0.000,Client
2026-05-15 07:42:34,1900-01-00 00:00:00,dlink-615_EXT,40:86:CB:27:D2:0C,-21, WPA2 ,0.000000,0.000000,0.000,0.000,AP
2026-05-15 07:42:34,1900-01-00 00:00:00,,9C:2F:9D:82:20:A3,-21,,0.000000,0.000000,0.000,0.000,Client
2026-05-15 07:42:34,1900-01-00 00:00:00,dlink-615_EXT,40:86:CB:27:D2:0C,-19, WPA2 ,0.000000,0.000000,0.000,0.000,AP
2026-05-15 07:42:34,1900-01-00 00:00:00,,9C:2F:9D:82:20:A3,-19,,0.000000,0.000000,0.000,0.000,Client
2026-05-15 07:42:34,1900-01-00 00:00:00,dlink-615_EXT,40:86:CB:27:D2:0C,-19, WPA2 ,0.000000,0.000000,0.000,0.000,AP
2026-05-15 07:42:34,1900-01-00 00:00:00,,9C:2F:9D:82:20:A3,-19,,0.000000,0.000000,0.000,0.000,Client
2026-05-15 07:42:34,1900-01-00 00:00:00,dlink-615_EXT,40:86:CB:27:D2:0C,-21, WPA2 ,0.000000,0.000000,0.000,0.000,AP
2026-05-15 07:42:34,1900-01-00 00:00:00,,9C:2F:9D:82:20:A3,-21,,0.000000,0.000000,0.000,0.000,Client
2026-05-15 07:42:34,1900-01-00 00:00:00,dlink-615_EXT,40:86:CB:27:D2:0C,-19, WPA2 ,0.000000,0.000000,0.000,0.000,AP
2026-05-15 07:42:34,1900-01-00 00:00:00,,9C:2F:9D:82:20:A3,-19,,0.000000,0.000000,0.000,0.000,Client
2026-05-15 07:42:34,1900-01-00 00:00:00,dlink-615_EXT,40:86:CB:27:D2:0C,-23, WPA2 ,0.000000,0.000000,0.000,0.000,AP
2026-05-15 07:42:34,1900-01-00 00:00:00,,9C:2F:9D:82:20:A3,-23,,0.000000,0.000000,0.000,0.000,Client
2026-05-15 07:42:34,1900-01-00 00:00:00,dlink-615_EXT,40:86:CB:27:D2:0C,-19, WPA2 ,0.000000,0.000000,0.000,0.000,AP
2026-05-15 07:42:34,1900-01-00 00:00:00,,9C:2F:9D:82:20:A3,-19,,0.000000,0.000000,0.000,0.000,Client
2026-05-15 07:42:34,1900-01-00 00:00:00,dlink-615_EXT,40:86:CB:27:D2:0C,-19, WPA2 ,0.000000,0.000000,0.000,0.000,AP
2026-05-15 07:42:34,1900-01-00 00:00:00,,9C:2F:9D:82:20:A3,-19,,0.000000,0.000000,0.000,0.000,Client
2026-05-15 07:42:34,1900-01-00 00:00:00,dlink-615_EXT,40:86:CB:27:D2:0C,-21, WPA2 ,0.000000,0.000000,0.000,0.000,AP
2026-05-15 07:42:34,1900-01-00 00:00:00,,9C:2F:9D:82:20:A3,-21,,0.000000,0.000000,0.000,0.000,Client
2026-05-15 07:42:34,1900-01-00 00:00:00,dlink-615_EXT,40:86:CB:27:D2:0C,-21, WPA2 ,0.000000,0.000000,0.000,0.000,AP
2026-05-15 07:42:34,1900-01-00 00:00:00,,9C:2F:9D:82:20:A3,-19,,0.000000,0.000000,0.000,0.000,Client
2026-05-15 07:42:34,1900-01-00 00:00:00,dlink-615_EXT,40:86:CB:27:D2:0C,-21, WPA2 ,0.000000,0.000000,0.000,0.000,AP
2026-05-15 07:42:34,1900-01-00 00:00:00,,9C:2F:9D:82:20:A3,-21,,0.000000,0.000000,0.000,0.000,Client
2026-05-15 07:42:34,1900-01-00 00:00:00,dlink-615_EXT,40:86:CB:27:D2:0C,-19, WPA2 ,0.000000,0.000000,0.000,0.000,AP
2026-05-15 07:42:34,1900-01-00 00:00:00,,9C:2F:9D:82:20:A3,-19,,0.000000,0.000000,0.000,0.000,Client
2026-05-15 07:42:34,1900-01-00 00:00:00,dlink-615_EXT,40:86:CB:27:D2:0C,-19, WPA2 ,0.000000,0.000000,0.000,0.000,AP
2026-05-15 07:42:34,1900-01-00 00:00:00,,9C:2F:9D:82:20:A3,-19,,0.000000,0.000000,0.000,0.000,Client
2026-05-15 07:42:34,1900-01-00 00:00:00,dlink-615_EXT,40:86:CB:27:D2:0C,-21, WPA2 ,0.000000,0.000000,0.000,0.000,AP
2026-05-15 07:42:34,1900-01-00 00:00:00,,9C:2F:9D:82:20:A3,-21,,0.000000,0.000000,0.000,0.000,Client
2026-05-15 07:42:34,1900-01-00 00:00:00,dlink-615_EXT,40:86:CB:27:D2:0C,-19, WPA2 ,0.000000,0.000000,0.000,0.000,AP
2026-05-15 07:42:34,1900-01-00 00:00:00,,9C:2F:9D:82:20:A3,-19,,0.000000,0.000000,0.000,0.000,Client
2026-05-15 07:42:34,1900-01-00 00:00:00,dlink-615_EXT,40:86:CB:27:D2:0C,-19, WPA2 ,0.000000,0.000000,0.000,0.000,AP
2026-05-15 07:42:34,1900-01-00 00:00:00,,9C:2F:9D:82:20:A3,-19,,0.000000,0.000000,0.000,0.000,Client
2026-05-15 07:42:34,1900-01-00 00:00:00,dlink-615_EXT,40:86:CB:27:D2:0C,-19, WPA2 ,0.000000,0.000000,0.000,0.000,AP
2026-05-15 07:42:34,1900-01-00 00:00:00,,9C:2F:9D:82:20:A3,-19,,0.000000,0.000000,0.000,0.000,Client
2026-05-15 07:42:34,1900-01-00 00:00:00,dlink-615_EXT,40:86:CB:27:D2:0C,-21, WPA2 ,0.000000,0.000000,0.000,0.000,AP
2026-05-15 07:42:34,1900-01-00 00:00:00,,9C:2F:9D:82:20:A3,-21,,0.000000,0.000000,0.000,0.000,Client
2026-05-15 07:42:34,1900-01-00 00:00:00,dlink-615_EXT,40:86:CB:27:D2:0C,-19, WPA2 ,0.000000,0.000000,0.000,0.000,AP
2026-05-15 07:42:34,1900-01-00 00:00:00,,9C:2F:9D:82:20:A3,-19,,0.000000,0.000000,0.000,0.000,Client
2026-05-15 07:42:34,1900-01-00 00:00:00,dlink-615_EXT,40:86:CB:27:D2:0C,-19, WPA2 ,0.000000,0.000000,0.000,0.000,AP
2026-05-15 07:42:34,1900-01-00 00:00:00,,9C:2F:9D:82:20:A3,-46,,0.000000,0.000000,0.000,0.000,Client
2026-05-15 07:42:34,1900-01-00 00:00:00,dlink-615_EXT,40:86:CB:27:D2:0C,-46, WPA2 ,0.000000,0.000000,0.000,0.000,AP
2026-05-15 07:42:34,1900-01-00 00:00:00,,9C:2F:9D:82:20:A3,-47,,0.000000,0.000000,0.000,0.000,Client
2026-05-15 07:42:34,1900-01-00 00:00:00,dlink-615_EXT,40:86:CB:27:D2:0C,-47, WPA2 ,0.000000,0.000000,0.000,0.000,AP
2026-05-15 07:42:34,1900-01-00 00:00:00,,9C:2F:9D:82:20:A3,-45,,0.000000,0.000000,0.000,0.000,Client
2026-05-15 07:42:34,1900-01-00 00:00:00,dlink-615_EXT,40:86:CB:27:D2:0C,-45, WPA2 ,0.000000,0.000000,0.000,0.000,AP
2026-05-15 07:42:34,1900-01-00 00:00:00,,9C:2F:9D:82:20:A3,-46,,0.000000,0.000000,0.000,0.000,Client
2026-05-15 07:42:34,1900-01-00 00:00:00,dlink-615_EXT,40:86:CB:27:D2:0C,-46, WPA2 ,0.000000,0.000000,0.000,0.000,AP
2026-05-15 07:42:34,1900-01-00 00:00:00,,9C:2F:9D:82:20:A3,-46,,0.000000,0.000000,0.000,0.000,Client
2026-05-15 07:42:34,1900-01-00 00:00:00,dlink-615_EXT,40:86:CB:27:D2:0C,-46, WPA2 ,0.000000,0.000000,0.000,0.000,AP
2026-05-15 07:42:34,1900-01-00 00:00:00,,9C:2F:9D:82:20:A3,-45,,0.000000,0.000000,0.000,0.000,Client
2026-05-15 07:42:34,1900-01-00 00:00:00,dlink-615_EXT,40:86:CB:27:D2:0C,-45, WPA2 ,0.000000,0.000000,0.000,0.000,AP
2026-05-15 07:42:34,1900-01-00 00:00:00,,9C:2F:9D:82:20:A3,-45,,0.000000,0.000000,0.000,0.000,Client
2026-05-15 07:42:34,1900-01-00 00:00:00,dlink-615_EXT,40:86:CB:27:D2:0C,-45, WPA2 ,0.000000,0.000000,0.000,0.000,AP
2026-05-15 07:42:34,1900-01-00 00:00:00,,9C:2F:9D:82:20:A3,-45,,0.000000,0.000000,0.000,0.000,Client
2026-05-15 07:42:34,1900-01-00 00:00:00,dlink-615_EXT,40:86:CB:27:D2:0C,-45, WPA2 ,0.000000,0.000000,0.000,0.000,AP
2026-05-15 07:42:34,1900-01-00 00:00:00,,9C:2F:9D:82:20:A3,-47,,0.000000,0.000000,0.000,0.000,Client
2026-05-15 07:42:34,1900-01-00 00:00:00,dlink-615_EXT,40:86:CB:27:D2:0C,-47, WPA2 ,0.000000,0.000000,0.000,0.000,AP
2026-05-15 07:42:34,1900-01-00 00:00:00,,9C:2F:9D:82:20:A3,-47,,0.000000,0.000000,0.000,0.000,Client
2026-05-15 07:42:34,1900-01-00 00:00:00,dlink-615_EXT,40:86:CB:27:D2:0C,-19, WPA2 ,0.000000,0.000000,0.000,0.000,AP
2026-05-15 07:42:34,1900-01-00 00:00:00,,9C:2F:9D:82:20:A3,-19,,0.000000,0.000000,0.000,0.000,Client
2026-05-15 07:42:34,1900-01-00 00:00:00,dlink-615_EXT,40:86:CB:27:D2:0C,-19, WPA2 ,0.000000,0.000000,0.000,0.000,AP
2026-05-15 07:42:34,1900-01-00 00:00:00,,9C:2F:9D:82:20:A3,-19,,0.000000,0.000000,0.000,0.000,Client
2026-05-15 07:42:34,1900-01-00 00:00:00,dlink-615_EXT,40:86:CB:27:D2:0C,-21, WPA2 ,0.000000,0.000000,0.000,0.000,AP
2026-05-15 07:42:34,1900-01-00 00:00:00,,9C:2F:9D:82:20:A3,-21,,0.000000,0.000000,0.000,0.000,Client
2026-05-15 07:42:34,1900-01-00 00:00:00,dlink-615_EXT,40:86:CB:27:D2:0C,-21, WPA2 ,0.000000,0.000000,0.000,0.000,AP
2026-05-15 07:42:34,1900-01-00 00:00:00,,9C:2F:9D:82:20:A3,-21,,0.000000,0.000000,0.000,0.000,Client
2026-05-15 07:42:34,1900-01-00 00:00:00,dlink-615_EXT,40:86:CB:27:D2:0C,-19, WPA2 ,0.000000,0.000000,0.000,0.000,AP
2026-05-15 07:42:34,1900-01-00 00:00:00,,9C:2F:9D:82:20:A3,-19,,0.000000,0.000000,0.000,0.000,Client
2026-05-15 07:42:34,1900-01-00 00:00:00,dlink-615_EXT,40:86:CB:27:D2:0C,-19, WPA2 ,0.000000,0.000000,0.000,0.000,AP
2026-05-15 07:42:34,1900-01-00 00:00:00,,9C:2F:9D:82:20:A3,-19,,0.000000,0.000000,0.000,0.000,Client
2026-05-15 07:42:34,1900-01-00 00:00:00,dlink-615_EXT,40:86:CB:27:D2:0C,-19, WPA2 ,0.000000,0.000000,0.000,0.000,AP
2026-05-15 07:42:34,1900-01-00 00:00:00,,9C:2F:9D:82:20:A3,-19,,0.000000,0.000000,0.000,0.000,Client
2026-05-15 07:42:34,1900-01-00 00:00:00,dlink-615_EXT,40:86:CB:27:D2:0C,-19, WPA2 ,0.000000,0.000000,0.000,0.000,AP
2026-05-15 07:42:34,1900-01-00 00:00:00,,9C:2F:9D:82:20:A3,-19,,0.000000,0.000000,0.000,0.000,Client
2026-05-15 07:42:34,1900-01-00 00:00:00,dlink-615_EXT,40:86:CB:27:D2:0C,-19, WPA2 ,0.000000,0.000000,0.000,0.000,AP
2026-05-15 07:42:34,1900-01-00 00:00:00,,9C:2F:9D:82:20:A3,-19,,0.000000,0.000000,0.000,0.000,Client
2026-05-15 07:42:34,1900-01-00 00:00:00,dlink-615_EXT,40:86:CB:27:D2:0C,-19, WPA2 ,0.000000,0.000000,0.000,0.000,AP
2026-05-15 07:42:34,1900-01-00 00:00:00,,9C:2F:9D:82:20:A3,-19,,0.000000,0.000000,0.000,0.000,Client
2026-05-15 07:42:34,1900-01-00 00:00:00,dlink-615_EXT,40:86:CB:27:D2:0C,-19, WPA2 ,0.000000,0.000000,0.000,0.000,AP
2026-05-15 07:42:34,1900-01-00 00:00:00,,9C:2F:9D:82:20:A3,-19,,0.000000,0.000000,0.000,0.000,Client
2026-05-15 07:42:34,1900-01-00 00:00:00,dlink-615_EXT,40:86:CB:27:D2:0C,-19, WPA2 ,0.000000,0.000000,0.000,0.000,AP
2026-05-15 07:42:34,1900-01-00 00:00:00,,9C:2F:9D:82:20:A3,-19,,0.000000,0.000000,0.000,0.000,Client
2026-05-15 07:42:34,1900-01-00 00:00:00,dlink-615_EXT,40:86:CB:27:D2:0C,-19, WPA2 ,0.000000,0.000000,0.000,0.000,AP
2026-05-15 07:42:34,1900-01-00 00:00:00,,9C:2F:9D:82:20:A3,-19,,0.000000,0.000000,0.000,0.000,Client
2026-05-15 07:42:34,1900-01-00 00:00:00,dlink-615_EXT,40:86:CB:27:D2:0C,-19, WPA2 ,0.000000,0.000000,0.000,0.000,AP
2026-05-15 07:42:34,1900-01-00 00:00:00,,9C:2F:9D:82:20:A3,-19,,0.000000,0.000000,0.000,0.000,Client
2026-05-15 07:42:34,1900-01-00 00:00:00,dlink-615_EXT,40:86:CB:27:D2:0C,-19, WPA2 ,0.000000,0.000000,0.000,0.000,AP
2026-05-15 07:42:34,1900-01-00 00:00:00,,9C:2F:9D:82:20:A3,-19,,0.000000,0.000000,0.000,0.000,Client
2026-05-15 07:42:34,1900-01-00 00:00:00,dlink-615_EXT,40:86:CB:27:D2:0C,-19, WPA2 ,0.000000,0.000000,0.000,0.000,AP
2026-05-15 07:42:34,1900-01-00 00:00:00,,9C:2F:9D:82:20:A3,-19,,0.000000,0.000000,0.000,0.000,Client
2026-05-15 07:42:34,1900-01-00 00:00:00,dlink-615_EXT,40:86:CB:27:D2:0C,-19, WPA2 ,0.000000,0.000000,0.000,0.000,AP
2026-05-15 07:42:34,1900-01-00 00:00:00,,9C:2F:9D:82:20:A3,-19,,0.000000,0.000000,0.000,0.000,Client
2026-05-15 07:42:34,1900-01-00 00:00:00,dlink-615_EXT,40:86:CB:27:D2:0C,-19, WPA2 ,0.000000,0.000000,0.000,0.000,AP
2026-05-15 07:42:34,1900-01-00 00:00:00,,9C:2F:9D:82:20:A3,-19,,0.000000,0.000000,0.000,0.000,Client
2026-05-15 07:42:34,1900-01-00 00:00:00,dlink-615_EXT,40:86:CB:27:D2:0C,-19, WPA2 ,0.000000,0.000000,0.000,0.000,AP
2026-05-15 07:42:34,1900-01-00 00:00:00,,9C:2F:9D:82:20:A3,-19,,0.000000,0.000000,0.000,0.000,Client
2026-05-15 07:42:34,1900-01-00 00:00:00,dlink-615_EXT,40:86:CB:27:D2:0C,-19, WPA2 ,0.000000,0.000000,0.000,0.000,AP
2026-05-15 07:42:34,1900-01-00 00:00:00,,9C:2F:9D:82:20:A3,-19,,0.000000,0.000000,0.000,0.000,Client
2026-05-15 07:42:34,1900-01-00 00:00:00,dlink-615_EXT,40:86:CB:27:D2:0C,-19, WPA2 ,0.000000,0.000000,0.000,0.000,AP
2026-05-15 07:42:34,1900-01-00 00:00:00,,9C:2F:9D:82:20:A3,-19,,0.000000,0.000000,0.000,0.000,Client
2026-05-15 07:42:34,1900-01-00 00:00:00,dlink-615_EXT,40:86:CB:27:D2:0C,-19, WPA2 ,0.000000,0.000000,0.000,0.000,AP
2026-05-15 07:42:34,1900-01-00 00:00:00,,9C:2F:9D:82:20:A3,-19,,0.000000,0.000000,0.000,0.000,Client
2026-05-15 07:42:34,1900-01-00 00:00:00,dlink-615_EXT,40:86:CB:27:D2:0C,-19, WPA2 ,0.000000,0.000000,0.000,0.000,AP
2026-05-15 07:42:34,1900-01-00 00:00:00,,9C:2F:9D:82:20:A3,-19,,0.000000,0.000000,0.000,0.000,Client
2026-05-15 07:42:34,1900-01-00 00:00:00,dlink-615_EXT,40:86:CB:27:D2:0C,-19, WPA2 ,0.000000,0.000000,0.000,0.000,AP
2026-05-15 07:42:34,1900-01-00 00:00:00,,9C:2F:9D:82:20:A3,-19,,0.000000,0.000000,0.000,0.000,Client
2026-05-15 07:42:34,1900-01-00 00:00:00,dlink-615_EXT,40:86:CB:27:D2:0C,-19, WPA2 ,0.000000,0.000000,0.000,0.000,AP
2026-05-15 07:42:34,1900-01-00 00:00:00,,9C:2F:9D:82:20:A3,-19,,0.000000,0.000000,0.000,0.000,Client
2026-05-15 07:42:34,1900-01-00 00:00:00,dlink-615_EXT,40:86:CB:27:D2:0C,-19, WPA2 ,0.000000,0.000000,0.000,0.000,AP
2026-05-15 07:42:34,1900-01-00 00:00:00,,9C:2F:9D:82:20:A3,-19,,0.000000,0.000000,0.000,0.000,Client
2026-05-15 07:42:34,1900-01-00 00:00:00,dlink-615_EXT,40:86:CB:27:D2:0C,-19, WPA2 ,0.000000,0.000000,0.000,0.000,AP
2026-05-15 07:42:34,1900-01-00 00:00:00,,9C:2F:9D:82:20:A3,-19,,0.000000,0.000000,0.000,0.000,Client
2026-05-15 07:42:34,1900-01-00 00:00:00,dlink-615_EXT,40:86:CB:27:D2:0C,-19, WPA2 ,0.000000,0.000000,0.000,0.000,AP
2026-05-15 07:42:34,1900-01-00 00:00:00,,9C:2F:9D:82:20:A3,-19,,0.000000,0.000000,0.000,0.000,Client
2026-05-15 07:42:34,1900-01-00 00:00:00,dlink-615_EXT,40:86:CB:27:D2:0C,-19, WPA2 ,0.000000,0.000000,0.000,0.000,AP
2026-05-15 07:42:34,1900-01-00 00:00:00,,9C:2F:9D:82:20:A3,-19,,0.000000,0.000000,0.000,0.000,Client
2026-05-15 07:42:34,1900-01-00 00:00:00,dlink-615_EXT,40:86:CB:27:D2:0C,-19, WPA2 ,0.000000,0.000000,0.000,0.000,AP
2026-05-15 07:42:34,1900-01-00 00:00:00,,9C:2F:9D:82:20:A3,-19,,0.000000,0.000000,0.000,0.000,Client
2026-05-15 07:42:34,1900-01-00 00:00:00,dlink-615_EXT,40:86:CB:27:D2:0C,-19, WPA2 ,0.000000,0.000000,0.000,0.000,AP
2026-05-15 07:42:34,1900-01-00 00:00:00,,9C:2F:9D:82:20:A3,-19,,0.000000,0.000000,0.000,0.000,Client
2026-05-15 07:42:34,1900-01-00 00:00:00,dlink-615_EXT,40:86:CB:27:D2:0C,-19, WPA2 ,0.000000,0.000000,0.000,0.000,AP
2026-05-15 07:42:34,1900-01-00 00:00:00,,9C:2F:9D:82:20:A3,-19,,0.000000,0.000000,0.000,0.000,Client
2026-05-15 07:42:34,1900-01-00 00:00:00,dlink-615_EXT,40:86:CB:27:D2:0C,-19, WPA2 ,0.000000,0.000000,0.000,0.000,AP
2026-05-15 07:42:34,1900-01-00 00:00:00,,9C:2F:9D:82:20:A3,-19,,0.000000,0.000000,0.000,0.000,Client
2026-05-15 07:42:34,1900-01-00 00:00:00,dlink-615_EXT,40:86:CB:27:D2:0C,-19, WPA2 ,0.000000,0.000000,0.000,0.000,AP
2026-05-15 07:42:34,1900-01-00 00:00:00,,9C:2F:9D:82:20:A3,-19,,0.000000,0.000000,0.000,0.000,Client
2026-05-15 07:42:34,1900-01-00 00:00:00,dlink-615_EXT,40:86:CB:27:D2:0C,-19, WPA2 ,0.000000,0.000000,0.000,0.000,AP
2026-05-15 07:42:34,1900-01-00 00:00:00,,9C:2F:9D:82:20:A3,-19,,0.000000,0.000000,0.000,0.000,Client
2026-05-15 07:42:34,1900-01-00 00:00:00,dlink-615_EXT,40:86:CB:27:D2:0C,-19, WPA2 ,0.000000,0.000000,0.000,0.000,AP
2026-05-15 07:42:34,1900-01-00 00:00:00,,9C:2F:9D:82:20:A3,-19,,0.000000,0.000000,0.000,0.000,Client
2026-05-15 07:42:34,1900-01-00 00:00:00,dlink-615_EXT,40:86:CB:27:D2:0C,-19, WPA2 ,0.000000,0.000000,0.000,0.000,AP
2026-05-15 07:42:34,1900-01-00 00:00:00,,9C:2F:9D:82:20:A3,-19,,0.000000,0.000000,0.000,0.000,Client
2026-05-15 07:42:35,1900-01-00 00:00:00,dlink-615_EXT,40:86:CB:27:D2:0C,-19, WPA2 ,0.000000,0.000000,0.000,0.000,AP
2026-05-15 07:42:35,1900-01-00 00:00:00,,9C:2F:9D:82:20:A3,-19,,0.000000,0.000000,0.000,0.000,Client
2026-05-15 07:42:35,1900-01-00 00:00:00,dlink-615_EXT,40:86:CB:27:D2:0C,-19, WPA2 ,0.000000,0.000000,0.000,0.000,AP
2026-05-15 07:42:35,1900-01-00 00:00:00,,9C:2F:9D:82:20:A3,-19,,0.000000,0.000000,0.000,0.000,Client
2026-05-15 07:42:35,1900-01-00 00:00:00,dlink-615_EXT,40:86:CB:27:D2:0C,-19, WPA2 ,0.000000,0.000000,0.000,0.000,AP
2026-05-15 07:42:35,1900-01-00 00:00:00,,9C:2F:9D:82:20:A3,-19,,0.000000,0.000000,0.000,0.000,Client
2026-05-15 07:42:35,1900-01-00 00:00:00,dlink-615_EXT,40:86:CB:27:D2:0C,-19, WPA2 ,0.000000,0.000000,0.000,0.000,AP
2026-05-15 07:42:35,1900-01-00 00:00:00,,9C:2F:9D:82:20:A3,-19,,0.000000,0.000000,0.000,0.000,Client
2026-05-15 07:42:35,1900-01-00 00:00:00,dlink-615_EXT,40:86:CB:27:D2:0C,-19, WPA2 ,0.000000,0.000000,0.000,0.000,AP
2026-05-15 07:42:35,1900-01-00 00:00:00,,9C:2F:9D:82:20:A3,-19,,0.000000,0.000000,0.000,0.000,Client
2026-05-15 07:42:35,1900-01-00 00:00:00,dlink-615_EXT,40:86:CB:27:D2:0C,-19, WPA2 ,0.000000,0.000000,0.000,0.000,AP
2026-05-15 07:42:35,1900-01-00 00:00:00,,9C:2F:9D:82:20:A3,-19,,0.000000,0.000000,0.000,0.000,Client
2026-05-15 07:42:35,1900-01-00 00:00:00,dlink-615_EXT,40:86:CB:27:D2:0C,-19, WPA2 ,0.000000,0.000000,0.000,0.000,AP
2026-05-15 07:42:35,1900-01-00 00:00:00,,9C:2F:9D:82:20:A3,-19,,0.000000,0.000000,0.000,0.000,Client
2026-05-15 07:42:35,1900-01-00 00:00:00,dlink-615_EXT,40:86:CB:27:D2:0C,-19, WPA2 ,0.000000,0.000000,0.000,0.000,AP
2026-05-15 07:42:35,1900-01-00 00:00:00,,9C:2F:9D:82:20:A3,-19,,0.000000,0.000000,0.000,0.000,Client
2026-05-15 07:42:35,1900-01-00 00:00:00,dlink-615_EXT,40:86:CB:27:D2:0C,-19, WPA2 ,0.000000,0.000000,0.000,0.000,AP
2026-05-15 07:42:35,1900-01-00 00:00:00,,9C:2F:9D:82:20:A3,-19,,0.000000,0.000000,0.000,0.000,Client
2026-05-15 07:42:35,1900-01-00 00:00:00,dlink-615_EXT,40:86:CB:27:D2:0C,-19, WPA2 ,0.000000,0.000000,0.000,0.000,AP
2026-05-15 07:42:35,1900-01-00 00:00:00,,9C:2F:9D:82:20:A3,-19,,0.000000,0.000000,0.000,0.000,Client
2026-05-15 07:42:35,1900-01-00 00:00:00,dlink-615_EXT,40:86:CB:27:D2:0C,-19, WPA2 ,0.000000,0.000000,0.000,0.000,AP
2026-05-15 07:42:35,1900-01-00 00:00:00,,9C:2F:9D:82:20:A3,-19,,0.000000,0.000000,0.000,0.000,Client
2026-05-15 07:42:35,1900-01-00 00:00:00,dlink-615_EXT,40:86:CB:27:D2:0C,-19, WPA2 ,0.000000,0.000000,0.000,0.000,AP
2026-05-15 07:42:35,1900-01-00 00:00:00,,9C:2F:9D:82:20:A3,-19,,0.000000,0.000000,0.000,0.000,Client
2026-05-15 07:42:35,1900-01-00 00:00:00,dlink-615_EXT,40:86:CB:27:D2:0C,-19, WPA2 ,0.000000,0.000000,0.000,0.000,AP
2026-05-15 07:42:35,1900-01-00 00:00:00,,9C:2F:9D:82:20:A3,-19,,0.000000,0.000000,0.000,0.000,Client
2026-05-15 07:42:35,1900-01-00 00:00:00,dlink-615_EXT,40:86:CB:27:D2:0C,-19, WPA2 ,0.000000,0.000000,0.000,0.000,AP
2026-05-15 07:42:35,1900-01-00 00:00:00,,9C:2F:9D:82:20:A3,-19,,0.000000,0.000000,0.000,0.000,Client
2026-05-15 07:42:35,1900-01-00 00:00:00,dlink-615_EXT,40:86:CB:27:D2:0C,-19, WPA2 ,0.000000,0.000000,0.000,0.000,AP
2026-05-15 07:42:35,1900-01-00 00:00:00,,9C:2F:9D:82:20:A3,-19,,0.000000,0.000000,0.000,0.000,Client
2026-05-15 07:42:35,1900-01-00 00:00:00,dlink-615_EXT,40:86:CB:27:D2:0C,-19, WPA2 ,0.000000,0.000000,0.000,0.000,AP
2026-05-15 07:42:35,1900-01-00 00:00:00,,9C:2F:9D:82:20:A3,-19,,0.000000,0.000000,0.000,0.000,Client
2026-05-15 07:42:35,1900-01-00 00:00:00,dlink-615_EXT,40:86:CB:27:D2:0C,-19, WPA2 ,0.000000,0.000000,0.000,0.000,AP
2026-05-15 07:42:35,1900-01-00 00:00:00,,9C:2F:9D:82:20:A3,-19,,0.000000,0.000000,0.000,0.000,Client
2026-05-15 07:42:35,1900-01-00 00:00:00,dlink-615_EXT,40:86:CB:27:D2:0C,-19, WPA2 ,0.000000,0.000000,0.000,0.000,AP
2026-05-15 07:42:35,1900-01-00 00:00:00,,9C:2F:9D:82:20:A3,-19,,0.000000,0.000000,0.000,0.000,Client
2026-05-15 07:42:35,1900-01-00 00:00:00,dlink-615_EXT,40:86:CB:27:D2:0C,-19, WPA2 ,0.000000,0.000000,0.000,0.000,AP
2026-05-15 07:42:35,1900-01-00 00:00:00,,9C:2F:9D:82:20:A3,-19,,0.000000,0.000000,0.000,0.000,Client
2026-05-15 07:42:35,1900-01-00 00:00:00,dlink-615_EXT,40:86:CB:27:D2:0C,-19, WPA2 ,0.000000,0.000000,0.000,0.000,AP
2026-05-15 07:42:35,1900-01-00 00:00:00,,9C:2F:9D:82:20:A3,-19,,0.000000,0.000000,0.000,0.000,Client
2026-05-15 07:42:35,1900-01-00 00:00:00,dlink-615_EXT,40:86:CB:27:D2:0C,-19, WPA2 ,0.000000,0.000000,0.000,0.000,AP
2026-05-15 07:42:35,1900-01-00 00:00:00,,9C:2F:9D:82:20:A3,-19,,0.000000,0.000000,0.000,0.000,Client
2026-05-15 07:42:35,1900-01-00 00:00:00,dlink-615_EXT,40:86:CB:27:D2:0C,-19, WPA2 ,0.000000,0.000000,0.000,0.000,AP
2026-05-15 07:42:35,1900-01-00 00:00:00,,9C:2F:9D:82:20:A3,-19,,0.000000,0.000000,0.000,0.000,Client
2026-05-15 07:42:35,1900-01-00 00:00:00,dlink-615_EXT,40:86:CB:27:D2:0C,-19, WPA2 ,0.000000,0.000000,0.000,0.000,AP
2026-05-15 07:42:35,1900-01-00 00:00:00,,9C:2F:9D:82:20:A3,-19,,0.000000,0.000000,0.000,0.000,Client
2026-05-15 07:42:35,1900-01-00 00:00:00,dlink-615_EXT,40:86:CB:27:D2:0C,-19, WPA2 ,0.000000,0.000000,0.000,0.000,AP
2026-05-15 07:42:35,1900-01-00 00:00:00,,9C:2F:9D:82:20:A3,-19,,0.000000,0.000000,0.000,0.000,Client
2026-05-15 07:42:35,1900-01-00 00:00:00,dlink-615_EXT,40:86:CB:27:D2:0C,-19, WPA2 ,0.000000,0.000000,0.000,0.000,AP
2026-05-15 07:42:35,1900-01-00 00:00:00,,9C:2F:9D:82:20:A3,-19,,0.000000,0.000000,0.000,0.000,Client
2026-05-15 07:42:35,1900-01-00 00:00:00,dlink-615_EXT,40:86:CB:27:D2:0C,-19, WPA2 ,0.000000,0.000000,0.000,0.000,AP
2026-05-15 07:42:35,1900-01-00 00:00:00,,9C:2F:9D:82:20:A3,-19,,0.000000,0.000000,0.000,0.000,Client
2026-05-15 07:42:35,1900-01-00 00:00:00,dlink-615_EXT,40:86:CB:27:D2:0C,-19, WPA2 ,0.000000,0.000000,0.000,0.000,AP
2026-05-15 07:42:35,1900-01-00 00:00:00,,9C:2F:9D:82:20:A3,-19,,0.000000,0.000000,0.000,0.000,Client
2026-05-15 07:42:35,1900-01-00 00:00:00,dlink-615_EXT,40:86:CB:27:D2:0C,-21, WPA2 ,0.000000,0.000000,0.000,0.000,AP
2026-05-15 07:42:35,1900-01-00 00:00:00,,9C:2F:9D:82:20:A3,-21,,0.000000,0.000000,0.000,0.000,Client
2026-05-15 07:42:35,1900-01-00 00:00:00,dlink-615_EXT,40:86:CB:27:D2:0C,-21, WPA2 ,0.000000,0.000000,0.000,0.000,AP
2026-05-15 07:42:35,1900-01-00 00:00:00,,9C:2F:9D:82:20:A3,-21,,0.000000,0.000000,0.000,0.000,Client
2026-05-15 07:42:35,1900-01-00 00:00:00,dlink-615_EXT,40:86:CB:27:D2:0C,-21, WPA2 ,0.000000,0.000000,0.000,0.000,AP
2026-05-15 07:42:35,1900-01-00 00:00:00,,9C:2F:9D:82:20:A3,-21,,0.000000,0.000000,0.000,0.000,Client
2026-05-15 07:42:35,1900-01-00 00:00:00,dlink-615_EXT,40:86:CB:27:D2:0C,-21, WPA2 ,0.000000,0.000000,0.000,0.000,AP
2026-05-15 07:42:35,1900-01-00 00:00:00,,9C:2F:9D:82:20:A3,-21,,0.000000,0.000000,0.000,0.000,Client
2026-05-15 07:42:35,1900-01-00 00:00:00,dlink-615_EXT,40:86:CB:27:D2:0C,-21, WPA2 ,0.000000,0.000000,0.000,0.000,AP
2026-05-15 07:42:35,1900-01-00 00:00:00,,9C:2F:9D:82:20:A3,-21,,0.000000,0.000000,0.000,0.000,Client
2026-05-15 07:42:35,1900-01-00 00:00:00,dlink-615_EXT,40:86:CB:27:D2:0C,-21, WPA2 ,0.000000,0.000000,0.000,0.000,AP
2026-05-15 07:42:35,1900-01-00 00:00:00,,9C:2F:9D:82:20:A3,-21,,0.000000,0.000000,0.000,0.000,Client
2026-05-15 07:42:35,1900-01-00 00:00:00,dlink-615_EXT,40:86:CB:27:D2:0C,-21, WPA2 ,0.000000,0.000000,0.000,0.000,AP
2026-05-15 07:42:35,1900-01-00 00:00:00,,9C:2F:9D:82:20:A3,-21,,0.000000,0.000000,0.000,0.000,Client
2026-05-15 07:42:35,1900-01-00 00:00:00,dlink-615_EXT,40:86:CB:27:D2:0C,-21, WPA2 ,0.000000,0.000000,0.000,0.000,AP
2026-05-15 07:42:35,1900-01-00 00:00:00,,9C:2F:9D:82:20:A3,-21,,0.000000,0.000000,0.000,0.000,Client
2026-05-15 07:42:35,1900-01-00 00:00:00,dlink-615_EXT,40:86:CB:27:D2:0C,-21, WPA2 ,0.000000,0.000000,0.000,0.000,AP
2026-05-15 07:42:35,1900-01-00 00:00:00,,9C:2F:9D:82:20:A3,-21,,0.000000,0.000000,0.000,0.000,Client
2026-05-15 07:42:35,1900-01-00 00:00:00,dlink-615_EXT,40:86:CB:27:D2:0C,-21, WPA2 ,0.000000,0.000000,0.000,0.000,AP
2026-05-15 07:42:35,1900-01-00 00:00:00,,9C:2F:9D:82:20:A3,-21,,0.000000,0.000000,0.000,0.000,Client
2026-05-15 07:42:35,1900-01-00 00:00:00,dlink-615_EXT,40:86:CB:27:D2:0C,-21, WPA2 ,0.000000,0.000000,0.000,0.000,AP
2026-05-15 07:42:35,1900-01-00 00:00:00,,9C:2F:9D:82:20:A3,-21,,0.000000,0.000000,0.000,0.000,Client
2026-05-15 07:42:35,1900-01-00 00:00:00,dlink-615_EXT,40:86:CB:27:D2:0C,-21, WPA2 ,0.000000,0.000000,0.000,0.000,AP
2026-05-15 07:42:35,1900-01-00 00:00:00,,9C:2F:9D:82:20:A3,-21,,0.000000,0.000000,0.000,0.000,Client
2026-05-15 07:42:35,1900-01-00 00:00:00,dlink-615_EXT,40:86:CB:27:D2:0C,-21, WPA2 ,0.000000,0.000000,0.000,0.000,AP
2026-05-15 07:42:35,1900-01-00 00:00:00,,9C:2F:9D:82:20:A3,-21,,0.000000,0.000000,0.000,0.000,Client
2026-05-15 07:42:35,1900-01-00 00:00:00,dlink-615_EXT,40:86:CB:27:D2:0C,-21, WPA2 ,0.000000,0.000000,0.000,0.000,AP
2026-05-15 07:42:35,1900-01-00 00:00:00,,9C:2F:9D:82:20:A3,-21,,0.000000,0.000000,0.000,0.000,Client
2026-05-15 07:42:35,1900-01-00 00:00:00,dlink-615_EXT,40:86:CB:27:D2:0C,-21, WPA2 ,0.000000,0.000000,0.000,0.000,AP
2026-05-15 07:42:35,1900-01-00 00:00:00,,9C:2F:9D:82:20:A3,-21,,0.000000,0.000000,0.000,0.000,Client
2026-05-15 07:42:35,1900-01-00 00:00:00,dlink-615_EXT,40:86:CB:27:D2:0C,-21, WPA2 ,0.000000,0.000000,0.000,0.000,AP
2026-05-15 07:42:35,1900-01-00 00:00:00,,9C:2F:9D:82:20:A3,-21,,0.000000,0.000000,0.000,0.000,Client
2026-05-15 07:42:35,1900-01-00 00:00:00,dlink-615_EXT,40:86:CB:27:D2:0C,-21, WPA2 ,0.000000,0.000000,0.000,0.000,AP
2026-05-15 07:42:35,1900-01-00 00:00:00,,9C:2F:9D:82:20:A3,-21,,0.000000,0.000000,0.000,0.000,Client
2026-05-15 07:42:35,1900-01-00 00:00:00,dlink-615_EXT,40:86:CB:27:D2:0C,-21, WPA2 ,0.000000,0.000000,0.000,0.000,AP
2026-05-15 07:42:35,1900-01-00 00:00:00,,9C:2F:9D:82:20:A3,-21,,0.000000,0.000000,0.000,0.000,Client
2026-05-15 07:42:35,1900-01-00 00:00:00,dlink-615_EXT,40:86:CB:27:D2:0C,-21, WPA2 ,0.000000,0.000000,0.000,0.000,AP
2026-05-15 07:42:35,1900-01-00 00:00:00,,9C:2F:9D:82:20:A3,-21,,0.000000,0.000000,0.000,0.000,Client
2026-05-15 07:42:35,1900-01-00 00:00:00,dlink-615_EXT,40:86:CB:27:D2:0C,-21, WPA2 ,0.000000,0.000000,0.000,0.000,AP
2026-05-15 07:42:35,1900-01-00 00:00:00,,9C:2F:9D:82:20:A3,-21,,0.000000,0.000000,0.000,0.000,Client
2026-05-15 07:42:35,1900-01-00 00:00:00,dlink-615_EXT,40:86:CB:27:D2:0C,-21, WPA2 ,0.000000,0.000000,0.000,0.000,AP
2026-05-15 07:42:35,1900-01-00 00:00:00,,9C:2F:9D:82:20:A3,-21,,0.000000,0.000000,0.000,0.000,Client
2026-05-15 07:42:35,1900-01-00 00:00:00,dlink-615_EXT,40:86:CB:27:D2:0C,-21, WPA2 ,0.000000,0.000000,0.000,0.000,AP
2026-05-15 07:42:35,1900-01-00 00:00:00,,9C:2F:9D:82:20:A3,-21,,0.000000,0.000000,0.000,0.000,Client
2026-05-15 07:42:35,1900-01-00 00:00:00,dlink-615_EXT,40:86:CB:27:D2:0C,-21, WPA2 ,0.000000,0.000000,0.000,0.000,AP
2026-05-15 07:42:35,1900-01-00 00:00:00,,9C:2F:9D:82:20:A3,-21,,0.000000,0.000000,0.000,0.000,Client
2026-05-15 07:42:35,1900-01-00 00:00:00,dlink-615_EXT,40:86:CB:27:D2:0C,-21, WPA2 ,0.000000,0.000000,0.000,0.000,AP
2026-05-15 07:42:35,1900-01-00 00:00:00,,9C:2F:9D:82:20:A3,-21,,0.000000,0.000000,0.000,0.000,Client
2026-05-15 07:42:35,1900-01-00 00:00:00,dlink-615_EXT,40:86:CB:27:D2:0C,-21, WPA2 ,0.000000,0.000000,0.000,0.000,AP
2026-05-15 07:42:35,1900-01-00 00:00:00,,9C:2F:9D:82:20:A3,-21,,0.000000,0.000000,0.000,0.000,Client
2026-05-15 07:42:35,1900-01-00 00:00:00,dlink-615_EXT,40:86:CB:27:D2:0C,-21, WPA2 ,0.000000,0.000000,0.000,0.000,AP
2026-05-15 07:42:35,1900-01-00 00:00:00,,9C:2F:9D:82:20:A3,-21,,0.000000,0.000000,0.000,0.000,Client
2026-05-15 07:42:35,1900-01-00 00:00:00,dlink-615_EXT,40:86:CB:27:D2:0C,-21, WPA2 ,0.000000,0.000000,0.000,0.000,AP
2026-05-15 07:42:35,1900-01-00 00:00:00,,9C:2F:9D:82:20:A3,-21,,0.000000,0.000000,0.000,0.000,Client
2026-05-15 07:42:35,1900-01-00 00:00:00,dlink-615_EXT,40:86:CB:27:D2:0C,-21, WPA2 ,0.000000,0.000000,0.000,0.000,AP
2026-05-15 07:42:35,1900-01-00 00:00:00,,9C:2F:9D:82:20:A3,-21,,0.000000,0.000000,0.000,0.000,Client
2026-05-15 07:42:35,1900-01-00 00:00:00,dlink-615_EXT,40:86:CB:27:D2:0C,-21, WPA2 ,0.000000,0.000000,0.000,0.000,AP
2026-05-15 07:42:35,1900-01-00 00:00:00,,9C:2F:9D:82:20:A3,-21,,0.000000,0.000000,0.000,0.000,Client
2026-05-15 07:42:35,1900-01-00 00:00:00,dlink-615_EXT,40:86:CB:27:D2:0C,-21, WPA2 ,0.000000,0.000000,0.000,0.000,AP
2026-05-15 07:42:35,1900-01-00 00:00:00,,9C:2F:9D:82:20:A3,-21,,0.000000,0.000000,0.000,0.000,Client
2026-05-15 07:42:35,1900-01-00 00:00:00,dlink-615_EXT,40:86:CB:27:D2:0C,-21, WPA2 ,0.000000,0.000000,0.000,0.000,AP
2026-05-15 07:42:35,1900-01-00 00:00:00,,9C:2F:9D:82:20:A3,-21,,0.000000,0.000000,0.000,0.000,Client
2026-05-15 07:42:35,1900-01-00 00:00:00,dlink-615_EXT,40:86:CB:27:D2:0C,-21, WPA2 ,0.000000,0.000000,0.000,0.000,AP
2026-05-15 07:42:35,1900-01-00 00:00:00,,9C:2F:9D:82:20:A3,-21,,0.000000,0.000000,0.000,0.000,Client
2026-05-15 07:42:35,1900-01-00 00:00:00,dlink-615_EXT,40:86:CB:27:D2:0C,-21, WPA2 ,0.000000,0.000000,0.000,0.000,AP
2026-05-15 07:42:35,1900-01-00 00:00:00,,9C:2F:9D:82:20:A3,-21,,0.000000,0.000000,0.000,0.000,Client
2026-05-15 07:42:35,1900-01-00 00:00:00,dlink-615_EXT,40:86:CB:27:D2:0C,-21, WPA2 ,0.000000,0.000000,0.000,0.000,AP
2026-05-15 07:42:35,1900-01-00 00:00:00,,9C:2F:9D:82:20:A3,-21,,0.000000,0.000000,0.000,0.000,Client
2026-05-15 07:42:35,1900-01-00 00:00:00,dlink-615_EXT,40:86:CB:27:D2:0C,-21, WPA2 ,0.000000,0.000000,0.000,0.000,AP
2026-05-15 07:42:35,1900-01-00 00:00:00,,9C:2F:9D:82:20:A3,-21,,0.000000,0.000000,0.000,0.000,Client
2026-05-15 07:42:35,1900-01-00 00:00:00,dlink-615_EXT,40:86:CB:27:D2:0C,-21, WPA2 ,0.000000,0.000000,0.000,0.000,AP
2026-05-15 07:42:35,1900-01-00 00:00:00,,9C:2F:9D:82:20:A3,-21,,0.000000,0.000000,0.000,0.000,Client
2026-05-15 07:42:35,1900-01-00 00:00:00,dlink-615_EXT,40:86:CB:27:D2:0C,-21, WPA2 ,0.000000,0.000000,0.000,0.000,AP
2026-05-15 07:42:35,1900-01-00 00:00:00,,9C:2F:9D:82:20:A3,-21,,0.000000,0.000000,0.000,0.000,Client
2026-05-15 07:42:35,1900-01-00 00:00:00,dlink-615_EXT,40:86:CB:27:D2:0C,-21, WPA2 ,0.000000,0.000000,0.000,0.000,AP
2026-05-15 07:42:35,1900-01-00 00:00:00,,9C:2F:9D:82:20:A3,-21,,0.000000,0.000000,0.000,0.000,Client
2026-05-15 07:42:35,1900-01-00 00:00:00,dlink-615_EXT,40:86:CB:27:D2:0C,-21, WPA2 ,0.000000,0.000000,0.000,0.000,AP
2026-05-15 07:42:35,1900-01-00 00:00:00,,9C:2F:9D:82:20:A3,-21,,0.000000,0.000000,0.000,0.000,Client
2026-05-15 07:42:35,1900-01-00 00:00:00,dlink-615_EXT,40:86:CB:27:D2:0C,-21, WPA2 ,0.000000,0.000000,0.000,0.000,AP
2026-05-15 07:42:35,1900-01-00 00:00:00,,9C:2F:9D:82:20:A3,-21,,0.000000,0.000000,0.000,0.000,Client
2026-05-15 07:42:35,1900-01-00 00:00:00,dlink-615_EXT,40:86:CB:27:D2:0C,-21, WPA2 ,0.000000,0.000000,0.000,0.000,AP
2026-05-15 07:42:35,1900-01-00 00:00:00,,9C:2F:9D:82:20:A3,-21,,0.000000,0.000000,0.000,0.000,Client
2026-05-15 07:42:35,1900-01-00 00:00:00,dlink-615_EXT,40:86:CB:27:D2:0C,-21, WPA2 ,0.000000,0.000000,0.000,0.000,AP
2026-05-15 07:42:35,1900-01-00 00:00:00,,9C:2F:9D:82:20:A3,-21,,0.000000,0.000000,0.000,0.000,Client
2026-05-15 07:42:35,1900-01-00 00:00:00,dlink-615_EXT,40:86:CB:27:D2:0C,-21, WPA2 ,0.000000,0.000000,0.000,0.000,AP
2026-05-15 07:42:35,1900-01-00 00:00:00,,9C:2F:9D:82:20:A3,-21,,0.000000,0.000000,0.000,0.000,Client
2026-05-15 07:42:35,1900-01-00 00:00:00,dlink-615_EXT,40:86:CB:27:D2:0C,-21, WPA2 ,0.000000,0.000000,0.000,0.000,AP
2026-05-15 07:42:35,1900-01-00 00:00:00,,9C:2F:9D:82:20:A3,-21,,0.000000,0.000000,0.000,0.000,Client
2026-05-15 07:42:35,1900-01-00 00:00:00,dlink-615_EXT,40:86:CB:27:D2:0C,-21, WPA2 ,0.000000,0.000000,0.000,0.000,AP
2026-05-15 07:42:35,1900-01-00 00:00:00,,9C:2F:9D:82:20:A3,-21,,0.000000,0.000000,0.000,0.000,Client
2026-05-15 07:42:35,1900-01-00 00:00:00,dlink-615_EXT,40:86:CB:27:D2:0C,-21, WPA2 ,0.000000,0.000000,0.000,0.000,AP
2026-05-15 07:42:35,1900-01-00 00:00:00,,9C:2F:9D:82:20:A3,-21,,0.000000,0.000000,0.000,0.000,Client
2026-05-15 07:42:35,1900-01-00 00:00:00,dlink-615_EXT,40:86:CB:27:D2:0C,-21, WPA2 ,0.000000,0.000000,0.000,0.000,AP
2026-05-15 07:42:35,1900-01-00 00:00:00,,9C:2F:9D:82:20:A3,-21,,0.000000,0.000000,0.000,0.000,Client
2026-05-15 07:42:35,1900-01-00 00:00:00,dlink-615_EXT,40:86:CB:27:D2:0C,-21, WPA2 ,0.000000,0.000000,0.000,0.000,AP
2026-05-15 07:42:35,1900-01-00 00:00:00,,9C:2F:9D:82:20:A3,-21,,0.000000,0.000000,0.000,0.000,Client
2026-05-15 07:42:35,1900-01-00 00:00:00,dlink-615_EXT,40:86:CB:27:D2:0C,-21, WPA2 ,0.000000,0.000000,0.000,0.000,AP
2026-05-15 07:42:35,1900-01-00 00:00:00,,9C:2F:9D:82:20:A3,-21,,0.000000,0.000000,0.000,0.000,Client
2026-05-15 07:42:35,1900-01-00 00:00:00,dlink-615_EXT,40:86:CB:27:D2:0C,-21, WPA2 ,0.000000,0.000000,0.000,0.000,AP
2026-05-15 07:42:35,1900-01-00 00:00:00,,9C:2F:9D:82:20:A3,-21,,0.000000,0.000000,0.000,0.000,Client
2026-05-15 07:42:35,1900-01-00 00:00:00,dlink-615_EXT,40:86:CB:27:D2:0C,-21, WPA2 ,0.000000,0.000000,0.000,0.000,AP
2026-05-15 07:42:35,1900-01-00 00:00:00,,9C:2F:9D:82:20:A3,-21,,0.000000,0.000000,0.000,0.000,Client
2026-05-15 07:42:35,1900-01-00 00:00:00,dlink-615_EXT,40:86:CB:27:D2:0C,-21, WPA2 ,0.000000,0.000000,0.000,0.000,AP
2026-05-15 07:42:35,1900-01-00 00:00:00,,9C:2F:9D:82:20:A3,-21,,0.000000,0.000000,0.000,0.000,Client
2026-05-15 07:42:35,1900-01-00 00:00:00,dlink-615_EXT,40:86:CB:27:D2:0C,-21, WPA2 ,0.000000,0.000000,0.000,0.000,AP
2026-05-15 07:42:35,1900-01-00 00:00:00,,9C:2F:9D:82:20:A3,-21,,0.000000,0.000000,0.000,0.000,Client
2026-05-15 07:42:35,1900-01-00 00:00:00,dlink-615_EXT,40:86:CB:27:D2:0C,-21, WPA2 ,0.000000,0.000000,0.000,0.000,AP
2026-05-15 07:42:35,1900-01-00 00:00:00,,9C:2F:9D:82:20:A3,-21,,0.000000,0.000000,0.000,0.000,Client
2026-05-15 07:42:35,1900-01-00 00:00:00,dlink-615_EXT,40:86:CB:27:D2:0C,-21, WPA2 ,0.000000,0.000000,0.000,0.000,AP
2026-05-15 07:42:35,1900-01-00 00:00:00,,9C:2F:9D:82:20:A3,-21,,0.000000,0.000000,0.000,0.000,Client
2026-05-15 07:42:35,1900-01-00 00:00:00,dlink-615_EXT,40:86:CB:27:D2:0C,-21, WPA2 ,0.000000,0.000000,0.000,0.000,AP
2026-05-15 07:42:35,1900-01-00 00:00:00,,9C:2F:9D:82:20:A3,-21,,0.000000,0.000000,0.000,0.000,Client
2026-05-15 07:42:35,1900-01-00 00:00:00,dlink-615_EXT,40:86:CB:27:D2:0C,-21, WPA2 ,0.000000,0.000000,0.000,0.000,AP
2026-05-15 07:42:35,1900-01-00 00:00:00,,9C:2F:9D:82:20:A3,-21,,0.000000,0.000000,0.000,0.000,Client
2026-05-15 07:42:35,1900-01-00 00:00:00,dlink-615_EXT,40:86:CB:27:D2:0C,-21, WPA2 ,0.000000,0.000000,0.000,0.000,AP
2026-05-15 07:42:35,1900-01-00 00:00:00,,9C:2F:9D:82:20:A3,-21,,0.000000,0.000000,0.000,0.000,Client
2026-05-15 07:42:35,1900-01-00 00:00:00,dlink-615_EXT,40:86:CB:27:D2:0C,-21, WPA2 ,0.000000,0.000000,0.000,0.000,AP
2026-05-15 07:42:35,1900-01-00 00:00:00,,9C:2F:9D:82:20:A3,-21,,0.000000,0.000000,0.000,0.000,Client
2026-05-15 07:42:35,1900-01-00 00:00:00,dlink-615_EXT,40:86:CB:27:D2:0C,-21, WPA2 ,0.000000,0.000000,0.000,0.000,AP
2026-05-15 07:42:35,1900-01-00 00:00:00,,9C:2F:9D:82:20:A3,-21,,0.000000,0.000000,0.000,0.000,Client
2026-05-15 07:42:35,1900-01-00 00:00:00,dlink-615_EXT,40:86:CB:27:D2:0C,-21, WPA2 ,0.000000,0.000000,0.000,0.000,AP
2026-05-15 07:42:35,1900-01-00 00:00:00,,9C:2F:9D:82:20:A3,-21,,0.000000,0.000000,0.000,0.000,Client
2026-05-15 07:42:35,1900-01-00 00:00:00,dlink-615_EXT,40:86:CB:27:D2:0C,-21, WPA2 ,0.000000,0.000000,0.000,0.000,AP
2026-05-15 07:42:35,1900-01-00 00:00:00,,9C:2F:9D:82:20:A3,-21,,0.000000,0.000000,0.000,0.000,Client
2026-05-15 07:42:35,1900-01-00 00:00:00,dlink-615_EXT,40:86:CB:27:D2:0C,-21, WPA2 ,0.000000,0.000000,0.000,0.000,AP
2026-05-15 07:42:35,1900-01-00 00:00:00,,9C:2F:9D:82:20:A3,-21,,0.000000,0.000000,0.000,0.000,Client
2026-05-15 07:42:35,1900-01-00 00:00:00,dlink-615_EXT,40:86:CB:27:D2:0C,-19, WPA2 ,0.000000,0.000000,0.000,0.000,AP
2026-05-15 07:42:35,1900-01-00 00:00:00,,9C:2F:9D:82:20:A3,-19,,0.000000,0.000000,0.000,0.000,Client
2026-05-15 07:42:35,1900-01-00 00:00:00,dlink-615_EXT,40:86:CB:27:D2:0C,-19, WPA2 ,0.000000,0.000000,0.000,0.000,AP
2026-05-15 07:42:35,1900-01-00 00:00:00,,9C:2F:9D:82:20:A3,-19,,0.000000,0.000000,0.000,0.000,Client
2026-05-15 07:42:35,1900-01-00 00:00:00,dlink-615_EXT,40:86:CB:27:D2:0C,-19, WPA2 ,0.000000,0.000000,0.000,0.000,AP
2026-05-15 07:42:35,1900-01-00 00:00:00,,9C:2F:9D:82:20:A3,-19,,0.000000,0.000000,0.000,0.000,Client
2026-05-15 07:42:35,1900-01-00 00:00:00,dlink-615_EXT,40:86:CB:27:D2:0C,-19, WPA2 ,0.000000,0.000000,0.000,0.000,AP
2026-05-15 07:42:35,1900-01-00 00:00:00,,9C:2F:9D:82:20:A3,-19,,0.000000,0.000000,0.000,0.000,Client
2026-05-15 07:42:35,1900-01-00 00:00:00,dlink-615_EXT,40:86:CB:27:D2:0C,-19, WPA2 ,0.000000,0.000000,0.000,0.000,AP
2026-05-15 07:42:35,1900-01-00 00:00:00,,9C:2F:9D:82:20:A3,-19,,0.000000,0.000000,0.000,0.000,Client
2026-05-15 07:42:35,1900-01-00 00:00:00,dlink-615_EXT,40:86:CB:27:D2:0C,-19, WPA2 ,0.000000,0.000000,0.000,0.000,AP
2026-05-15 07:42:35,1900-01-00 00:00:00,,9C:2F:9D:82:20:A3,-19,,0.000000,0.000000,0.000,0.000,Client
2026-05-15 07:42:35,1900-01-00 00:00:00,dlink-615_EXT,40:86:CB:27:D2:0C,-19, WPA2 ,0.000000,0.000000,0.000,0.000,AP
2026-05-15 07:42:35,1900-01-00 00:00:00,,9C:2F:9D:82:20:A3,-19,,0.000000,0.000000,0.000,0.000,Client
2026-05-15 07:42:35,1900-01-00 00:00:00,dlink-615_EXT,40:86:CB:27:D2:0C,-19, WPA2 ,0.000000,0.000000,0.000,0.000,AP
2026-05-15 07:42:35,1900-01-00 00:00:00,,9C:2F:9D:82:20:A3,-19,,0.000000,0.000000,0.000,0.000,Client
2026-05-15 07:42:35,1900-01-00 00:00:00,dlink-615_EXT,40:86:CB:27:D2:0C,-19, WPA2 ,0.000000,0.000000,0.000,0.000,AP
2026-05-15 07:42:35,1900-01-00 00:00:00,,9C:2F:9D:82:20:A3,-19,,0.000000,0.000000,0.000,0.000,Client
2026-05-15 07:42:35,1900-01-00 00:00:00,dlink-615_EXT,40:86:CB:27:D2:0C,-19, WPA2 ,0.000000,0.000000,0.000,0.000,AP
2026-05-15 07:42:35,1900-01-00 00:00:00,,9C:2F:9D:82:20:A3,-19,,0.000000,0.000000,0.000,0.000,Client
2026-05-15 07:42:35,1900-01-00 00:00:00,dlink-615_EXT,40:86:CB:27:D2:0C,-19, WPA2 ,0.000000,0.000000,0.000,0.000,AP
2026-05-15 07:42:35,1900-01-00 00:00:00,,9C:2F:9D:82:20:A3,-19,,0.000000,0.000000,0.000,0.000,Client
2026-05-15 07:42:35,1900-01-00 00:00:00,dlink-615_EXT,40:86:CB:27:D2:0C,-19, WPA2 ,0.000000,0.000000,0.000,0.000,AP
2026-05-15 07:42:35,1900-01-00 00:00:00,,9C:2F:9D:82:20:A3,-19,,0.000000,0.000000,0.000,0.000,Client
2026-05-15 07:42:35,1900-01-00 00:00:00,dlink-615_EXT,40:86:CB:27:D2:0C,-19, WPA2 ,0.000000,0.000000,0.000,0.000,AP
2026-05-15 07:42:35,1900-01-00 00:00:00,,9C:2F:9D:82:20:A3,-19,,0.000000,0.000000,0.000,0.000,Client
2026-05-15 07:42:35,1900-01-00 00:00:00,dlink-615_EXT,40:86:CB:27:D2:0C,-19, WPA2 ,0.000000,0.000000,0.000,0.000,AP
2026-05-15 07:42:35,1900-01-00 00:00:00,,9C:2F:9D:82:20:A3,-19,,0.000000,0.000000,0.000,0.000,Client
2026-05-15 07:42:35,1900-01-00 00:00:00,dlink-615_EXT,40:86:CB:27:D2:0C,-19, WPA2 ,0.000000,0.000000,0.000,0.000,AP
2026-05-15 07:42:35,1900-01-00 00:00:00,,9C:2F:9D:82:20:A3,-19,,0.000000,0.000000,0.000,0.000,Client
2026-05-15 07:42:35,1900-01-00 00:00:00,dlink-615_EXT,40:86:CB:27:D2:0C,-19, WPA2 ,0.000000,0.000000,0.000,0.000,AP
2026-05-15 07:42:35,1900-01-00 00:00:00,,9C:2F:9D:82:20:A3,-19,,0.000000,0.000000,0.000,0.000,Client
2026-05-15 07:42:35,1900-01-00 00:00:00,dlink-615_EXT,40:86:CB:27:D2:0C,-19, WPA2 ,0.000000,0.000000,0.000,0.000,AP
2026-05-15 07:42:35,1900-01-00 00:00:00,,9C:2F:9D:82:20:A3,-19,,0.000000,0.000000,0.000,0.000,Client
2026-05-15 07:42:35,1900-01-00 00:00:00,dlink-615_EXT,40:86:CB:27:D2:0C,-19, WPA2 ,0.000000,0.000000,0.000,0.000,AP
2026-05-15 07:42:35,1900-01-00 00:00:00,,9C:2F:9D:82:20:A3,-19,,0.000000,0.000000,0.000,0.000,Client
2026-05-15 07:42:35,1900-01-00 00:00:00,dlink-615_EXT,40:86:CB:27:D2:0C,-19, WPA2 ,0.000000,0.000000,0.000,0.000,AP
2026-05-15 07:42:35,1900-01-00 00:00:00,,9C:2F:9D:82:20:A3,-19,,0.000000,0.000000,0.000,0.000,Client
2026-05-15 07:42:35,1900-01-00 00:00:00,dlink-615_EXT,40:86:CB:27:D2:0C,-19, WPA2 ,0.000000,0.000000,0.000,0.000,AP
2026-05-15 07:42:35,1900-01-00 00:00:00,,9C:2F:9D:82:20:A3,-19,,0.000000,0.000000,0.000,0.000,Client
2026-05-15 07:42:35,1900-01-00 00:00:00,dlink-615_EXT,40:86:CB:27:D2:0C,-19, WPA2 ,0.000000,0.000000,0.000,0.000,AP
2026-05-15 07:42:35,1900-01-00 00:00:00,,9C:2F:9D:82:20:A3,-19,,0.000000,0.000000,0.000,0.000,Client
2026-05-15 07:42:35,1900-01-00 00:00:00,dlink-615_EXT,40:86:CB:27:D2:0C,-19, WPA2 ,0.000000,0.000000,0.000,0.000,AP
2026-05-15 07:42:35,1900-01-00 00:00:00,,9C:2F:9D:82:20:A3,-19,,0.000000,0.000000,0.000,0.000,Client
2026-05-15 07:42:35,1900-01-00 00:00:00,dlink-615_EXT,40:86:CB:27:D2:0C,-19, WPA2 ,0.000000,0.000000,0.000,0.000,AP
2026-05-15 07:42:35,1900-01-00 00:00:00,,9C:2F:9D:82:20:A3,-19,,0.000000,0.000000,0.000,0.000,Client
2026-05-15 07:42:36,1900-01-00 00:00:00,dlink-615_EXT,40:86:CB:27:D2:0C,-19, WPA2 ,0.000000,0.000000,0.000,0.000,AP
2026-05-15 07:42:36,1900-01-00 00:00:00,,9C:2F:9D:82:20:A3,-19,,0.000000,0.000000,0.000,0.000,Client
2026-05-15 07:42:36,1900-01-00 00:00:00,dlink-615_EXT,40:86:CB:27:D2:0C,-19, WPA2 ,0.000000,0.000000,0.000,0.000,AP
2026-05-15 07:42:36,1900-01-00 00:00:00,,9C:2F:9D:82:20:A3,-19,,0.000000,0.000000,0.000,0.000,Client
2026-05-15 07:42:36,1900-01-00 00:00:00,dlink-615_EXT,40:86:CB:27:D2:0C,-19, WPA2 ,0.000000,0.000000,0.000,0.000,AP
2026-05-15 07:42:36,1900-01-00 00:00:00,,9C:2F:9D:82:20:A3,-19,,0.000000,0.000000,0.000,0.000,Client
2026-05-15 07:42:36,1900-01-00 00:00:00,dlink-615_EXT,40:86:CB:27:D2:0C,-19, WPA2 ,0.000000,0.000000,0.000,0.000,AP
2026-05-15 07:42:36,1900-01-00 00:00:00,,9C:2F:9D:82:20:A3,-19,,0.000000,0.000000,0.000,0.000,Client
2026-05-15 07:42:36,1900-01-00 00:00:00,dlink-615_EXT,40:86:CB:27:D2:0C,-19, WPA2 ,0.000000,0.000000,0.000,0.000,AP
2026-05-15 07:42:36,1900-01-00 00:00:00,,9C:2F:9D:82:20:A3,-19,,0.000000,0.000000,0.000,0.000,Client
2026-05-15 07:42:36,1900-01-00 00:00:00,dlink-615_EXT,40:86:CB:27:D2:0C,-19, WPA2 ,0.000000,0.000000,0.000,0.000,AP
2026-05-15 07:42:36,1900-01-00 00:00:00,,9C:2F:9D:82:20:A3,-19,,0.000000,0.000000,0.000,0.000,Client
2026-05-15 07:42:36,1900-01-00 00:00:00,dlink-615_EXT,40:86:CB:27:D2:0C,-19, WPA2 ,0.000000,0.000000,0.000,0.000,AP
2026-05-15 07:42:36,1900-01-00 00:00:00,,9C:2F:9D:82:20:A3,-19,,0.000000,0.000000,0.000,0.000,Client
2026-05-15 07:42:36,1900-01-00 00:00:00,dlink-615_EXT,40:86:CB:27:D2:0C,-19, WPA2 ,0.000000,0.000000,0.000,0.000,AP
2026-05-15 07:42:36,1900-01-00 00:00:00,,9C:2F:9D:82:20:A3,-19,,0.000000,0.000000,0.000,0.000,Client
2026-05-15 07:42:36,1900-01-00 00:00:00,dlink-615_EXT,40:86:CB:27:D2:0C,-19, WPA2 ,0.000000,0.000000,0.000,0.000,AP
2026-05-15 07:42:36,1900-01-00 00:00:00,,9C:2F:9D:82:20:A3,-19,,0.000000,0.000000,0.000,0.000,Client
2026-05-15 07:42:36,1900-01-00 00:00:00,dlink-615_EXT,40:86:CB:27:D2:0C,-19, WPA2 ,0.000000,0.000000,0.000,0.000,AP
2026-05-15 07:42:36,1900-01-00 00:00:00,,9C:2F:9D:82:20:A3,-19,,0.000000,0.000000,0.000,0.000,Client
2026-05-15 07:42:36,1900-01-00 00:00:00,dlink-615_EXT,40:86:CB:27:D2:0C,-19, WPA2 ,0.000000,0.000000,0.000,0.000,AP
2026-05-15 07:42:36,1900-01-00 00:00:00,,9C:2F:9D:82:20:A3,-19,,0.000000,0.000000,0.000,0.000,Client
2026-05-15 07:42:36,1900-01-00 00:00:00,dlink-615_EXT,40:86:CB:27:D2:0C,-19, WPA2 ,0.000000,0.000000,0.000,0.000,AP
2026-05-15 07:42:36,1900-01-00 00:00:00,,9C:2F:9D:82:20:A3,-19,,0.000000,0.000000,0.000,0.000,Client
2026-05-15 07:42:36,1900-01-00 00:00:00,dlink-615_EXT,40:86:CB:27:D2:0C,-19, WPA2 ,0.000000,0.000000,0.000,0.000,AP
2026-05-15 07:42:36,1900-01-00 00:00:00,,9C:2F:9D:82:20:A3,-19,,0.000000,0.000000,0.000,0.000,Client
2026-05-15 07:42:36,1900-01-00 00:00:00,dlink-615_EXT,40:86:CB:27:D2:0C,-19, WPA2 ,0.000000,0.000000,0.000,0.000,AP
2026-05-15 07:42:36,1900-01-00 00:00:00,,9C:2F:9D:82:20:A3,-19,,0.000000,0.000000,0.000,0.000,Client
2026-05-15 07:42:36,1900-01-00 00:00:00,dlink-615_EXT,40:86:CB:27:D2:0C,-19, WPA2 ,0.000000,0.000000,0.000,0.000,AP
2026-05-15 07:42:36,1900-01-00 00:00:00,,9C:2F:9D:82:20:A3,-19,,0.000000,0.000000,0.000,0.000,Client
2026-05-15 07:42:36,1900-01-00 00:00:00,dlink-615_EXT,40:86:CB:27:D2:0C,-19, WPA2 ,0.000000,0.000000,0.000,0.000,AP
2026-05-15 07:42:36,1900-01-00 00:00:00,,9C:2F:9D:82:20:A3,-19,,0.000000,0.000000,0.000,0.000,Client
2026-05-15 07:42:36,1900-01-00 00:00:00,dlink-615_EXT,40:86:CB:27:D2:0C,-19, WPA2 ,0.000000,0.000000,0.000,0.000,AP
2026-05-15 07:42:36,1900-01-00 00:00:00,,9C:2F:9D:82:20:A3,-19,,0.000000,0.000000,0.000,0.000,Client
2026-05-15 07:42:36,1900-01-00 00:00:00,dlink-615_EXT,40:86:CB:27:D2:0C,-19, WPA2 ,0.000000,0.000000,0.000,0.000,AP
2026-05-15 07:42:36,1900-01-00 00:00:00,,9C:2F:9D:82:20:A3,-19,,0.000000,0.000000,0.000,0.000,Client
2026-05-15 07:42:36,1900-01-00 00:00:00,dlink-615_EXT,40:86:CB:27:D2:0C,-19, WPA2 ,0.000000,0.000000,0.000,0.000,AP
2026-05-15 07:42:36,1900-01-00 00:00:00,,9C:2F:9D:82:20:A3,-19,,0.000000,0.000000,0.000,0.000,Client
2026-05-15 07:42:36,1900-01-00 00:00:00,dlink-615_EXT,40:86:CB:27:D2:0C,-19, WPA2 ,0.000000,0.000000,0.000,0.000,AP
2026-05-15 07:42:36,1900-01-00 00:00:00,,9C:2F:9D:82:20:A3,-19,,0.000000,0.000000,0.000,0.000,Client
2026-05-15 07:42:36,1900-01-00 00:00:00,dlink-615_EXT,40:86:CB:27:D2:0C,-19, WPA2 ,0.000000,0.000000,0.000,0.000,AP
2026-05-15 07:42:36,1900-01-00 00:00:00,,9C:2F:9D:82:20:A3,-19,,0.000000,0.000000,0.000,0.000,Client
2026-05-15 07:42:36,1900-01-00 00:00:00,dlink-615_EXT,40:86:CB:27:D2:0C,-19, WPA2 ,0.000000,0.000000,0.000,0.000,AP
2026-05-15 07:42:36,1900-01-00 00:00:00,,9C:2F:9D:82:20:A3,-19,,0.000000,0.000000,0.000,0.000,Client
2026-05-15 07:42:36,1900-01-00 00:00:00,dlink-615_EXT,40:86:CB:27:D2:0C,-19, WPA2 ,0.000000,0.000000,0.000,0.000,AP
2026-05-15 07:42:36,1900-01-00 00:00:00,,9C:2F:9D:82:20:A3,-19,,0.000000,0.000000,0.000,0.000,Client
2026-05-15 07:42:36,1900-01-00 00:00:00,dlink-615_EXT,40:86:CB:27:D2:0C,-19, WPA2 ,0.000000,0.000000,0.000,0.000,AP
2026-05-15 07:42:36,1900-01-00 00:00:00,,9C:2F:9D:82:20:A3,-19,,0.000000,0.000000,0.000,0.000,Client
2026-05-15 07:42:36,1900-01-00 00:00:00,dlink-615_EXT,40:86:CB:27:D2:0C,-19, WPA2 ,0.000000,0.000000,0.000,0.000,AP
2026-05-15 07:42:36,1900-01-00 00:00:00,,9C:2F:9D:82:20:A3,-19,,0.000000,0.000000,0.000,0.000,Client
2026-05-15 07:42:36,1900-01-00 00:00:00,dlink-615_EXT,40:86:CB:27:D2:0C,-19, WPA2 ,0.000000,0.000000,0.000,0.000,AP
2026-05-15 07:42:36,1900-01-00 00:00:00,,9C:2F:9D:82:20:A3,-19,,0.000000,0.000000,0.000,0.000,Client
2026-05-15 07:42:36,1900-01-00 00:00:00,dlink-615_EXT,40:86:CB:27:D2:0C,-19, WPA2 ,0.000000,0.000000,0.000,0.000,AP
2026-05-15 07:42:36,1900-01-00 00:00:00,,9C:2F:9D:82:20:A3,-19,,0.000000,0.000000,0.000,0.000,Client
2026-05-15 07:42:36,1900-01-00 00:00:00,dlink-615_EXT,40:86:CB:27:D2:0C,-19, WPA2 ,0.000000,0.000000,0.000,0.000,AP
2026-05-15 07:42:36,1900-01-00 00:00:00,,9C:2F:9D:82:20:A3,-19,,0.000000,0.000000,0.000,0.000,Client
2026-05-15 07:42:36,1900-01-00 00:00:00,dlink-615_EXT,40:86:CB:27:D2:0C,-19, WPA2 ,0.000000,0.000000,0.000,0.000,AP
2026-05-15 07:42:36,1900-01-00 00:00:00,,9C:2F:9D:82:20:A3,-19,,0.000000,0.000000,0.000,0.000,Client
2026-05-15 07:42:36,1900-01-00 00:00:00,dlink-615_EXT,40:86:CB:27:D2:0C,-19, WPA2 ,0.000000,0.000000,0.000,0.000,AP
2026-05-15 07:42:36,1900-01-00 00:00:00,,9C:2F:9D:82:20:A3,-19,,0.000000,0.000000,0.000,0.000,Client
2026-05-15 07:42:36,1900-01-00 00:00:00,dlink-615_EXT,40:86:CB:27:D2:0C,-19, WPA2 ,0.000000,0.000000,0.000,0.000,AP
2026-05-15 07:42:36,1900-01-00 00:00:00,,9C:2F:9D:82:20:A3,-19,,0.000000,0.000000,0.000,0.000,Client
2026-05-15 07:42:36,1900-01-00 00:00:00,dlink-615_EXT,40:86:CB:27:D2:0C,-19, WPA2 ,0.000000,0.000000,0.000,0.000,AP
2026-05-15 07:42:36,1900-01-00 00:00:00,,9C:2F:9D:82:20:A3,-19,,0.000000,0.000000,0.000,0.000,Client
2026-05-15 07:42:36,1900-01-00 00:00:00,dlink-615_EXT,40:86:CB:27:D2:0C,-19, WPA2 ,0.000000,0.000000,0.000,0.000,AP
2026-05-15 07:42:36,1900-01-00 00:00:00,,9C:2F:9D:82:20:A3,-19,,0.000000,0.000000,0.000,0.000,Client
2026-05-15 07:42:36,1900-01-00 00:00:00,dlink-615_EXT,40:86:CB:27:D2:0C,-19, WPA2 ,0.000000,0.000000,0.000,0.000,AP
2026-05-15 07:42:36,1900-01-00 00:00:00,,9C:2F:9D:82:20:A3,-19,,0.000000,0.000000,0.000,0.000,Client
2026-05-15 07:42:36,1900-01-00 00:00:00,dlink-615_EXT,40:86:CB:27:D2:0C,-19, WPA2 ,0.000000,0.000000,0.000,0.000,AP
2026-05-15 07:42:36,1900-01-00 00:00:00,,9C:2F:9D:82:20:A3,-19,,0.000000,0.000000,0.000,0.000,Client
2026-05-15 07:42:36,1900-01-00 00:00:00,dlink-615_EXT,40:86:CB:27:D2:0C,-19, WPA2 ,0.000000,0.000000,0.000,0.000,AP
2026-05-15 07:42:36,1900-01-00 00:00:00,,9C:2F:9D:82:20:A3,-19,,0.000000,0.000000,0.000,0.000,Client
2026-05-15 07:42:36,1900-01-00 00:00:00,dlink-615_EXT,40:86:CB:27:D2:0C,-19, WPA2 ,0.000000,0.000000,0.000,0.000,AP
2026-05-15 07:42:36,1900-01-00 00:00:00,,9C:2F:9D:82:20:A3,-19,,0.000000,0.000000,0.000,0.000,Client
2026-05-15 07:42:36,1900-01-00 00:00:00,dlink-615_EXT,40:86:CB:27:D2:0C,-19, WPA2 ,0.000000,0.000000,0.000,0.000,AP
2026-05-15 07:42:36,1900-01-00 00:00:00,,9C:2F:9D:82:20:A3,-19,,0.000000,0.000000,0.000,0.000,Client
2026-05-15 07:42:36,1900-01-00 00:00:00,dlink-615_EXT,40:86:CB:27:D2:0C,-19, WPA2 ,0.000000,0.000000,0.000,0.000,AP
2026-05-15 07:42:36,1900-01-00 00:00:00,,9C:2F:9D:82:20:A3,-19,,0.000000,0.000000,0.000,0.000,Client
2026-05-15 07:42:36,1900-01-00 00:00:00,dlink-615_EXT,40:86:CB:27:D2:0C,-19, WPA2 ,0.000000,0.000000,0.000,0.000,AP
2026-05-15 07:42:36,1900-01-00 00:00:00,,9C:2F:9D:82:20:A3,-19,,0.000000,0.000000,0.000,0.000,Client
2026-05-15 07:42:36,1900-01-00 00:00:00,dlink-615_EXT,40:86:CB:27:D2:0C,-19, WPA2 ,0.000000,0.000000,0.000,0.000,AP
2026-05-15 07:42:36,1900-01-00 00:00:00,,9C:2F:9D:82:20:A3,-19,,0.000000,0.000000,0.000,0.000,Client
2026-05-15 07:42:36,1900-01-00 00:00:00,dlink-615_EXT,40:86:CB:27:D2:0C,-19, WPA2 ,0.000000,0.000000,0.000,0.000,AP
2026-05-15 07:42:36,1900-01-00 00:00:00,,9C:2F:9D:82:20:A3,-19,,0.000000,0.000000,0.000,0.000,Client
2026-05-15 07:42:36,1900-01-00 00:00:00,dlink-615_EXT,40:86:CB:27:D2:0C,-19, WPA2 ,0.000000,0.000000,0.000,0.000,AP
2026-05-15 07:42:36,1900-01-00 00:00:00,,9C:2F:9D:82:20:A3,-19,,0.000000,0.000000,0.000,0.000,Client
2026-05-15 07:42:36,1900-01-00 00:00:00,dlink-615_EXT,40:86:CB:27:D2:0C,-19, WPA2 ,0.000000,0.000000,0.000,0.000,AP
2026-05-15 07:42:36,1900-01-00 00:00:00,,9C:2F:9D:82:20:A3,-19,,0.000000,0.000000,0.000,0.000,Client
2026-05-15 07:42:36,1900-01-00 00:00:00,dlink-615_EXT,40:86:CB:27:D2:0C,-19, WPA2 ,0.000000,0.000000,0.000,0.000,AP
2026-05-15 07:42:36,1900-01-00 00:00:00,,9C:2F:9D:82:20:A3,-19,,0.000000,0.000000,0.000,0.000,Client
2026-05-15 07:42:36,1900-01-00 00:00:00,dlink-615_EXT,40:86:CB:27:D2:0C,-19, WPA2 ,0.000000,0.000000,0.000,0.000,AP
2026-05-15 07:42:36,1900-01-00 00:00:00,,9C:2F:9D:82:20:A3,-19,,0.000000,0.000000,0.000,0.000,Client
2026-05-15 07:42:36,1900-01-00 00:00:00,dlink-615_EXT,40:86:CB:27:D2:0C,-19, WPA2 ,0.000000,0.000000,0.000,0.000,AP
2026-05-15 07:42:36,1900-01-00 00:00:00,,9C:2F:9D:82:20:A3,-19,,0.000000,0.000000,0.000,0.000,Client
2026-05-15 07:42:36,1900-01-00 00:00:00,dlink-615_EXT,40:86:CB:27:D2:0C,-19, WPA2 ,0.000000,0.000000,0.000,0.000,AP
2026-05-15 07:42:36,1900-01-00 00:00:00,,9C:2F:9D:82:20:A3,-19,,0.000000,0.000000,0.000,0.000,Client
2026-05-15 07:42:36,1900-01-00 00:00:00,dlink-615_EXT,40:86:CB:27:D2:0C,-19, WPA2 ,0.000000,0.000000,0.000,0.000,AP
2026-05-15 07:42:36,1900-01-00 00:00:00,,9C:2F:9D:82:20:A3,-19,,0.000000,0.000000,0.000,0.000,Client
2026-05-15 07:42:36,1900-01-00 00:00:00,dlink-615_EXT,40:86:CB:27:D2:0C,-19, WPA2 ,0.000000,0.000000,0.000,0.000,AP
2026-05-15 07:42:36,1900-01-00 00:00:00,,9C:2F:9D:82:20:A3,-19,,0.000000,0.000000,0.000,0.000,Client
2026-05-15 07:42:36,1900-01-00 00:00:00,dlink-615_EXT,40:86:CB:27:D2:0C,-19, WPA2 ,0.000000,0.000000,0.000,0.000,AP
2026-05-15 07:42:36,1900-01-00 00:00:00,,9C:2F:9D:82:20:A3,-19,,0.000000,0.000000,0.000,0.000,Client
2026-05-15 07:42:36,1900-01-00 00:00:00,dlink-615_EXT,40:86:CB:27:D2:0C,-19, WPA2 ,0.000000,0.000000,0.000,0.000,AP
2026-05-15 07:42:36,1900-01-00 00:00:00,,9C:2F:9D:82:20:A3,-19,,0.000000,0.000000,0.000,0.000,Client
2026-05-15 07:42:36,1900-01-00 00:00:00,dlink-615_EXT,40:86:CB:27:D2:0C,-19, WPA2 ,0.000000,0.000000,0.000,0.000,AP
2026-05-15 07:42:36,1900-01-00 00:00:00,,9C:2F:9D:82:20:A3,-19,,0.000000,0.000000,0.000,0.000,Client
2026-05-15 07:42:36,1900-01-00 00:00:00,dlink-615_EXT,40:86:CB:27:D2:0C,-19, WPA2 ,0.000000,0.000000,0.000,0.000,AP
2026-05-15 07:42:36,1900-01-00 00:00:00,,9C:2F:9D:82:20:A3,-19,,0.000000,0.000000,0.000,0.000,Client
2026-05-15 07:42:36,1900-01-00 00:00:00,dlink-615_EXT,40:86:CB:27:D2:0C,-19, WPA2 ,0.000000,0.000000,0.000,0.000,AP
2026-05-15 07:42:36,1900-01-00 00:00:00,,9C:2F:9D:82:20:A3,-19,,0.000000,0.000000,0.000,0.000,Client
2026-05-15 07:42:36,1900-01-00 00:00:00,dlink-615_EXT,40:86:CB:27:D2:0C,-19, WPA2 ,0.000000,0.000000,0.000,0.000,AP
2026-05-15 07:42:36,1900-01-00 00:00:00,,9C:2F:9D:82:20:A3,-19,,0.000000,0.000000,0.000,0.000,Client
2026-05-15 07:42:36,1900-01-00 00:00:00,dlink-615_EXT,40:86:CB:27:D2:0C,-19, WPA2 ,0.000000,0.000000,0.000,0.000,AP
2026-05-15 07:42:36,1900-01-00 00:00:00,,9C:2F:9D:82:20:A3,-19,,0.000000,0.000000,0.000,0.000,Client
2026-05-15 07:42:36,1900-01-00 00:00:00,dlink-615_EXT,40:86:CB:27:D2:0C,-19, WPA2 ,0.000000,0.000000,0.000,0.000,AP
2026-05-15 07:42:36,1900-01-00 00:00:00,,9C:2F:9D:82:20:A3,-19,,0.000000,0.000000,0.000,0.000,Client
2026-05-15 07:42:36,1900-01-00 00:00:00,dlink-615_EXT,40:86:CB:27:D2:0C,-19, WPA2 ,0.000000,0.000000,0.000,0.000,AP
2026-05-15 07:42:36,1900-01-00 00:00:00,,9C:2F:9D:82:20:A3,-19,,0.000000,0.000000,0.000,0.000,Client
2026-05-15 07:42:36,1900-01-00 00:00:00,dlink-615_EXT,40:86:CB:27:D2:0C,-19, WPA2 ,0.000000,0.000000,0.000,0.000,AP
2026-05-15 07:42:36,1900-01-00 00:00:00,,9C:2F:9D:82:20:A3,-19,,0.000000,0.000000,0.000,0.000,Client
2026-05-15 07:42:36,1900-01-00 00:00:00,dlink-615_EXT,40:86:CB:27:D2:0C,-19, WPA2 ,0.000000,0.000000,0.000,0.000,AP
2026-05-15 07:42:36,1900-01-00 00:00:00,,9C:2F:9D:82:20:A3,-19,,0.000000,0.000000,0.000,0.000,Client
2026-05-15 07:42:36,1900-01-00 00:00:00,dlink-615_EXT,40:86:CB:27:D2:0C,-19, WPA2 ,0.000000,0.000000,0.000,0.000,AP
2026-05-15 07:42:36,1900-01-00 00:00:00,,9C:2F:9D:82:20:A3,-19,,0.000000,0.000000,0.000,0.000,Client
2026-05-15 07:42:36,1900-01-00 00:00:00,dlink-615_EXT,40:86:CB:27:D2:0C,-19, WPA2 ,0.000000,0.000000,0.000,0.000,AP
2026-05-15 07:42:36,1900-01-00 00:00:00,,9C:2F:9D:82:20:A3,-19,,0.000000,0.000000,0.000,0.000,Client
2026-05-15 07:42:36,1900-01-00 00:00:00,dlink-615_EXT,40:86:CB:27:D2:0C,-19, WPA2 ,0.000000,0.000000,0.000,0.000,AP
2026-05-15 07:42:36,1900-01-00 00:00:00,,9C:2F:9D:82:20:A3,-19,,0.000000,0.000000,0.000,0.000,Client
2026-05-15 07:42:36,1900-01-00 00:00:00,dlink-615_EXT,40:86:CB:27:D2:0C,-19, WPA2 ,0.000000,0.000000,0.000,0.000,AP
2026-05-15 07:42:36,1900-01-00 00:00:00,,9C:2F:9D:82:20:A3,-19,,0.000000,0.000000,0.000,0.000,Client
2026-05-15 07:42:36,1900-01-00 00:00:00,dlink-615_EXT,40:86:CB:27:D2:0C,-19, WPA2 ,0.000000,0.000000,0.000,0.000,AP
2026-05-15 07:42:36,1900-01-00 00:00:00,,9C:2F:9D:82:20:A3,-19,,0.000000,0.000000,0.000,0.000,Client
2026-05-15 07:42:36,1900-01-00 00:00:00,dlink-615_EXT,40:86:CB:27:D2:0C,-19, WPA2 ,0.000000,0.000000,0.000,0.000,AP
2026-05-15 07:42:36,1900-01-00 00:00:00,,9C:2F:9D:82:20:A3,-19,,0.000000,0.000000,0.000,0.000,Client
2026-05-15 07:42:36,1900-01-00 00:00:00,dlink-615_EXT,40:86:CB:27:D2:0C,-19, WPA2 ,0.000000,0.000000,0.000,0.000,AP
2026-05-15 07:42:36,1900-01-00 00:00:00,,9C:2F:9D:82:20:A3,-19,,0.000000,0.000000,0.000,0.000,Client
2026-05-15 07:42:36,1900-01-00 00:00:00,dlink-615_EXT,40:86:CB:27:D2:0C,-19, WPA2 ,0.000000,0.000000,0.000,0.000,AP
2026-05-15 07:42:36,1900-01-00 00:00:00,,9C:2F:9D:82:20:A3,-19,,0.000000,0.000000,0.000,0.000,Client
2026-05-15 07:42:36,1900-01-00 00:00:00,dlink-615_EXT,40:86:CB:27:D2:0C,-19, WPA2 ,0.000000,0.000000,0.000,0.000,AP
2026-05-15 07:42:36,1900-01-00 00:00:00,,9C:2F:9D:82:20:A3,-19,,0.000000,0.000000,0.000,0.000,Client
2026-05-15 07:42:36,1900-01-00 00:00:00,dlink-615_EXT,40:86:CB:27:D2:0C,-19, WPA2 ,0.000000,0.000000,0.000,0.000,AP
2026-05-15 07:42:36,1900-01-00 00:00:00,,9C:2F:9D:82:20:A3,-19,,0.000000,0.000000,0.000,0.000,Client
2026-05-15 07:42:36,1900-01-00 00:00:00,dlink-615_EXT,40:86:CB:27:D2:0C,-19, WPA2 ,0.000000,0.000000,0.000,0.000,AP
2026-05-15 07:42:36,1900-01-00 00:00:00,,9C:2F:9D:82:20:A3,-19,,0.000000,0.000000,0.000,0.000,Client
2026-05-15 07:42:36,1900-01-00 00:00:00,dlink-615_EXT,40:86:CB:27:D2:0C,-19, WPA2 ,0.000000,0.000000,0.000,0.000,AP
2026-05-15 07:42:36,1900-01-00 00:00:00,,9C:2F:9D:82:20:A3,-19,,0.000000,0.000000,0.000,0.000,Client
2026-05-15 07:42:36,1900-01-00 00:00:00,dlink-615_EXT,40:86:CB:27:D2:0C,-19, WPA2 ,0.000000,0.000000,0.000,0.000,AP
2026-05-15 07:42:36,1900-01-00 00:00:00,,9C:2F:9D:82:20:A3,-19,,0.000000,0.000000,0.000,0.000,Client
2026-05-15 07:42:36,1900-01-00 00:00:00,dlink-615_EXT,40:86:CB:27:D2:0C,-19, WPA2 ,0.000000,0.000000,0.000,0.000,AP
2026-05-15 07:42:36,1900-01-00 00:00:00,,9C:2F:9D:82:20:A3,-19,,0.000000,0.000000,0.000,0.000,Client
2026-05-15 07:42:36,1900-01-00 00:00:00,dlink-615_EXT,40:86:CB:27:D2:0C,-19, WPA2 ,0.000000,0.000000,0.000,0.000,AP
2026-05-15 07:42:36,1900-01-00 00:00:00,,9C:2F:9D:82:20:A3,-19,,0.000000,0.000000,0.000,0.000,Client
2026-05-15 07:42:36,1900-01-00 00:00:00,dlink-615_EXT,40:86:CB:27:D2:0C,-19, WPA2 ,0.000000,0.000000,0.000,0.000,AP
2026-05-15 07:42:36,1900-01-00 00:00:00,,9C:2F:9D:82:20:A3,-19,,0.000000,0.000000,0.000,0.000,Client
2026-05-15 07:42:36,1900-01-00 00:00:00,dlink-615_EXT,40:86:CB:27:D2:0C,-19, WPA2 ,0.000000,0.000000,0.000,0.000,AP
2026-05-15 07:42:36,1900-01-00 00:00:00,,9C:2F:9D:82:20:A3,-19,,0.000000,0.000000,0.000,0.000,Client
2026-05-15 07:42:36,1900-01-00 00:00:00,dlink-615_EXT,40:86:CB:27:D2:0C,-19, WPA2 ,0.000000,0.000000,0.000,0.000,AP
2026-05-15 07:42:36,1900-01-00 00:00:00,,9C:2F:9D:82:20:A3,-19,,0.000000,0.000000,0.000,0.000,Client
2026-05-15 07:42:36,1900-01-00 00:00:00,dlink-615_EXT,40:86:CB:27:D2:0C,-19, WPA2 ,0.000000,0.000000,0.000,0.000,AP
2026-05-15 07:42:36,1900-01-00 00:00:00,,9C:2F:9D:82:20:A3,-19,,0.000000,0.000000,0.000,0.000,Client
2026-05-15 07:42:36,1900-01-00 00:00:00,dlink-615_EXT,40:86:CB:27:D2:0C,-19, WPA2 ,0.000000,0.000000,0.000,0.000,AP
2026-05-15 07:42:36,1900-01-00 00:00:00,,9C:2F:9D:82:20:A3,-19,,0.000000,0.000000,0.000,0.000,Client
2026-05-15 07:42:36,1900-01-00 00:00:00,dlink-615_EXT,40:86:CB:27:D2:0C,-19, WPA2 ,0.000000,0.000000,0.000,0.000,AP
2026-05-15 07:42:36,1900-01-00 00:00:00,,9C:2F:9D:82:20:A3,-19,,0.000000,0.000000,0.000,0.000,Client
2026-05-15 07:42:36,1900-01-00 00:00:00,dlink-615_EXT,40:86:CB:27:D2:0C,-19, WPA2 ,0.000000,0.000000,0.000,0.000,AP
2026-05-15 07:42:36,1900-01-00 00:00:00,,9C:2F:9D:82:20:A3,-19,,0.000000,0.000000,0.000,0.000,Client
2026-05-15 07:42:36,1900-01-00 00:00:00,dlink-615_EXT,40:86:CB:27:D2:0C,-19, WPA2 ,0.000000,0.000000,0.000,0.000,AP
2026-05-15 07:42:36,1900-01-00 00:00:00,,9C:2F:9D:82:20:A3,-19,,0.000000,0.000000,0.000,0.000,Client
2026-05-15 07:42:36,1900-01-00 00:00:00,dlink-615_EXT,40:86:CB:27:D2:0C,-19, WPA2 ,0.000000,0.000000,0.000,0.000,AP
2026-05-15 07:42:36,1900-01-00 00:00:00,,9C:2F:9D:82:20:A3,-19,,0.000000,0.000000,0.000,0.000,Client
2026-05-15 07:42:36,1900-01-00 00:00:00,dlink-615_EXT,40:86:CB:27:D2:0C,-19, WPA2 ,0.000000,0.000000,0.000,0.000,AP
2026-05-15 07:42:36,1900-01-00 00:00:00,,9C:2F:9D:82:20:A3,-19,,0.000000,0.000000,0.000,0.000,Client
2026-05-15 07:42:36,1900-01-00 00:00:00,dlink-615_EXT,40:86:CB:27:D2:0C,-19, WPA2 ,0.000000,0.000000,0.000,0.000,AP
2026-05-15 07:42:36,1900-01-00 00:00:00,,9C:2F:9D:82:20:A3,-19,,0.000000,0.000000,0.000,0.000,Client
2026-05-15 07:42:36,1900-01-00 00:00:00,dlink-615_EXT,40:86:CB:27:D2:0C,-19, WPA2 ,0.000000,0.000000,0.000,0.000,AP
2026-05-15 07:42:36,1900-01-00 00:00:00,,9C:2F:9D:82:20:A3,-19,,0.000000,0.000000,0.000,0.000,Client
2026-05-15 07:42:36,1900-01-00 00:00:00,dlink-615_EXT,40:86:CB:27:D2:0C,-19, WPA2 ,0.000000,0.000000,0.000,0.000,AP
2026-05-15 07:42:36,1900-01-00 00:00:00,,9C:2F:9D:82:20:A3,-19,,0.000000,0.000000,0.000,0.000,Client
2026-05-15 07:42:36,1900-01-00 00:00:00,dlink-615_EXT,40:86:CB:27:D2:0C,-19, WPA2 ,0.000000,0.000000,0.000,0.000,AP
2026-05-15 07:42:36,1900-01-00 00:00:00,,9C:2F:9D:82:20:A3,-19,,0.000000,0.000000,0.000,0.000,Client
2026-05-15 07:42:36,1900-01-00 00:00:00,dlink-615_EXT,40:86:CB:27:D2:0C,-19, WPA2 ,0.000000,0.000000,0.000,0.000,AP
2026-05-15 07:42:36,1900-01-00 00:00:00,,9C:2F:9D:82:20:A3,-19,,0.000000,0.000000,0.000,0.000,Client
2026-05-15 07:42:36,1900-01-00 00:00:00,dlink-615_EXT,40:86:CB:27:D2:0C,-19, WPA2 ,0.000000,0.000000,0.000,0.000,AP
2026-05-15 07:42:36,1900-01-00 00:00:00,,9C:2F:9D:82:20:A3,-19,,0.000000,0.000000,0.000,0.000,Client
2026-05-15 07:42:36,1900-01-00 00:00:00,dlink-615_EXT,40:86:CB:27:D2:0C,-19, WPA2 ,0.000000,0.000000,0.000,0.000,AP
2026-05-15 07:42:36,1900-01-00 00:00:00,,9C:2F:9D:82:20:A3,-19,,0.000000,0.000000,0.000,0.000,Client
2026-05-15 07:42:36,1900-01-00 00:00:00,dlink-615_EXT,40:86:CB:27:D2:0C,-19, WPA2 ,0.000000,0.000000,0.000,0.000,AP
2026-05-15 07:42:36,1900-01-00 00:00:00,,9C:2F:9D:82:20:A3,-19,,0.000000,0.000000,0.000,0.000,Client
2026-05-15 07:42:36,1900-01-00 00:00:00,dlink-615_EXT,40:86:CB:27:D2:0C,-19, WPA2 ,0.000000,0.000000,0.000,0.000,AP
2026-05-15 07:42:36,1900-01-00 00:00:00,,9C:2F:9D:82:20:A3,-19,,0.000000,0.000000,0.000,0.000,Client
2026-05-15 07:42:36,1900-01-00 00:00:00,dlink-615_EXT,40:86:CB:27:D2:0C,-19, WPA2 ,0.000000,0.000000,0.000,0.000,AP
2026-05-15 07:42:36,1900-01-00 00:00:00,,9C:2F:9D:82:20:A3,-19,,0.000000,0.000000,0.000,0.000,Client
2026-05-15 07:42:36,1900-01-00 00:00:00,dlink-615_EXT,40:86:CB:27:D2:0C,-19, WPA2 ,0.000000,0.000000,0.000,0.000,AP
2026-05-15 07:42:36,1900-01-00 00:00:00,,9C:2F:9D:82:20:A3,-19,,0.000000,0.000000,0.000,0.000,Client
2026-05-15 07:42:36,1900-01-00 00:00:00,dlink-615_EXT,40:86:CB:27:D2:0C,-19, WPA2 ,0.000000,0.000000,0.000,0.000,AP
2026-05-15 07:42:36,1900-01-00 00:00:00,,9C:2F:9D:82:20:A3,-19,,0.000000,0.000000,0.000,0.000,Client
2026-05-15 07:42:36,1900-01-00 00:00:00,dlink-615_EXT,40:86:CB:27:D2:0C,-19, WPA2 ,0.000000,0.000000,0.000,0.000,AP
2026-05-15 07:42:36,1900-01-00 00:00:00,,9C:2F:9D:82:20:A3,-19,,0.000000,0.000000,0.000,0.000,Client
2026-05-15 07:42:36,1900-01-00 00:00:00,dlink-615_EXT,40:86:CB:27:D2:0C,-19, WPA2 ,0.000000,0.000000,0.000,0.000,AP
2026-05-15 07:42:36,1900-01-00 00:00:00,,9C:2F:9D:82:20:A3,-19,,0.000000,0.000000,0.000,0.000,Client
2026-05-15 07:42:36,1900-01-00 00:00:00,dlink-615_EXT,40:86:CB:27:D2:0C,-19, WPA2 ,0.000000,0.000000,0.000,0.000,AP
2026-05-15 07:42:36,1900-01-00 00:00:00,,9C:2F:9D:82:20:A3,-19,,0.000000,0.000000,0.000,0.000,Client
2026-05-15 07:42:36,1900-01-00 00:00:00,dlink-615_EXT,40:86:CB:27:D2:0C,-19, WPA2 ,0.000000,0.000000,0.000,0.000,AP
2026-05-15 07:42:36,1900-01-00 00:00:00,,9C:2F:9D:82:20:A3,-19,,0.000000,0.000000,0.000,0.000,Client
2026-05-15 07:42:36,1900-01-00 00:00:00,dlink-615_EXT,40:86:CB:27:D2:0C,-19, WPA2 ,0.000000,0.000000,0.000,0.000,AP
2026-05-15 07:42:36,1900-01-00 00:00:00,,9C:2F:9D:82:20:A3,-19,,0.000000,0.000000,0.000,0.000,Client
2026-05-15 07:42:36,1900-01-00 00:00:00,dlink-615_EXT,40:86:CB:27:D2:0C,-19, WPA2 ,0.000000,0.000000,0.000,0.000,AP
2026-05-15 07:42:36,1900-01-00 00:00:00,,9C:2F:9D:82:20:A3,-19,,0.000000,0.000000,0.000,0.000,Client
2026-05-15 07:42:36,1900-01-00 00:00:00,dlink-615_EXT,40:86:CB:27:D2:0C,-19, WPA2 ,0.000000,0.000000,0.000,0.000,AP
2026-05-15 07:42:36,1900-01-00 00:00:00,,9C:2F:9D:82:20:A3,-19,,0.000000,0.000000,0.000,0.000,Client
2026-05-15 07:42:36,1900-01-00 00:00:00,dlink-615_EXT,40:86:CB:27:D2:0C,-19, WPA2 ,0.000000,0.000000,0.000,0.000,AP
2026-05-15 07:42:36,1900-01-00 00:00:00,,9C:2F:9D:82:20:A3,-19,,0.000000,0.000000,0.000,0.000,Client
2026-05-15 07:42:36,1900-01-00 00:00:00,dlink-615_EXT,40:86:CB:27:D2:0C,-19, WPA2 ,0.000000,0.000000,0.000,0.000,AP
2026-05-15 07:42:36,1900-01-00 00:00:00,,9C:2F:9D:82:20:A3,-19,,0.000000,0.000000,0.000,0.000,Client
2026-05-15 07:42:36,1900-01-00 00:00:00,dlink-615_EXT,40:86:CB:27:D2:0C,-19, WPA2 ,0.000000,0.000000,0.000,0.000,AP
2026-05-15 07:42:36,1900-01-00 00:00:00,,9C:2F:9D:82:20:A3,-19,,0.000000,0.000000,0.000,0.000,Client
2026-05-15 07:42:36,1900-01-00 00:00:00,dlink-615_EXT,40:86:CB:27:D2:0C,-19, WPA2 ,0.000000,0.000000,0.000,0.000,AP
2026-05-15 07:42:36,1900-01-00 00:00:00,,9C:2F:9D:82:20:A3,-19,,0.000000,0.000000,0.000,0.000,Client
2026-05-15 07:42:36,1900-01-00 00:00:00,dlink-615_EXT,40:86:CB:27:D2:0C,-19, WPA2 ,0.000000,0.000000,0.000,0.000,AP
2026-05-15 07:42:36,1900-01-00 00:00:00,,9C:2F:9D:82:20:A3,-19,,0.000000,0.000000,0.000,0.000,Client
2026-05-15 07:42:36,1900-01-00 00:00:00,dlink-615_EXT,40:86:CB:27:D2:0C,-19, WPA2 ,0.000000,0.000000,0.000,0.000,AP
2026-05-15 07:42:36,1900-01-00 00:00:00,,9C:2F:9D:82:20:A3,-19,,0.000000,0.000000,0.000,0.000,Client
2026-05-15 07:42:36,1900-01-00 00:00:00,dlink-615_EXT,40:86:CB:27:D2:0C,-19, WPA2 ,0.000000,0.000000,0.000,0.000,AP
2026-05-15 07:42:36,1900-01-00 00:00:00,,9C:2F:9D:82:20:A3,-19,,0.000000,0.000000,0.000,0.000,Client
2026-05-15 07:42:36,1900-01-00 00:00:00,dlink-615_EXT,40:86:CB:27:D2:0C,-19, WPA2 ,0.000000,0.000000,0.000,0.000,AP
2026-05-15 07:42:36,1900-01-00 00:00:00,,9C:2F:9D:82:20:A3,-19,,0.000000,0.000000,0.000,0.000,Client
2026-05-15 07:42:37,1900-01-00 00:00:00,dlink-615_EXT,40:86:CB:27:D2:0C,-19, WPA2 ,0.000000,0.000000,0.000,0.000,AP
2026-05-15 07:42:37,1900-01-00 00:00:00,,9C:2F:9D:82:20:A3,-19,,0.000000,0.000000,0.000,0.000,Client
2026-05-15 07:42:37,1900-01-00 00:00:00,dlink-615_EXT,40:86:CB:27:D2:0C,-19, WPA2 ,0.000000,0.000000,0.000,0.000,AP
2026-05-15 07:42:37,1900-01-00 00:00:00,,9C:2F:9D:82:20:A3,-19,,0.000000,0.000000,0.000,0.000,Client
2026-05-15 07:42:37,1900-01-00 00:00:00,dlink-615_EXT,40:86:CB:27:D2:0C,-19, WPA2 ,0.000000,0.000000,0.000,0.000,AP
2026-05-15 07:42:37,1900-01-00 00:00:00,,9C:2F:9D:82:20:A3,-19,,0.000000,0.000000,0.000,0.000,Client
2026-05-15 07:42:37,1900-01-00 00:00:00,dlink-615_EXT,40:86:CB:27:D2:0C,-19, WPA2 ,0.000000,0.000000,0.000,0.000,AP
2026-05-15 07:42:37,1900-01-00 00:00:00,,9C:2F:9D:82:20:A3,-19,,0.000000,0.000000,0.000,0.000,Client
2026-05-15 07:42:37,1900-01-00 00:00:00,dlink-615_EXT,40:86:CB:27:D2:0C,-19, WPA2 ,0.000000,0.000000,0.000,0.000,AP
2026-05-15 07:42:37,1900-01-00 00:00:00,,9C:2F:9D:82:20:A3,-19,,0.000000,0.000000,0.000,0.000,Client
2026-05-15 07:42:37,1900-01-00 00:00:00,dlink-615_EXT,40:86:CB:27:D2:0C,-19, WPA2 ,0.000000,0.000000,0.000,0.000,AP
2026-05-15 07:42:37,1900-01-00 00:00:00,,9C:2F:9D:82:20:A3,-19,,0.000000,0.000000,0.000,0.000,Client
2026-05-15 07:42:37,1900-01-00 00:00:00,dlink-615_EXT,40:86:CB:27:D2:0C,-19, WPA2 ,0.000000,0.000000,0.000,0.000,AP
2026-05-15 07:42:37,1900-01-00 00:00:00,,9C:2F:9D:82:20:A3,-19,,0.000000,0.000000,0.000,0.000,Client
2026-05-15 07:42:37,1900-01-00 00:00:00,dlink-615_EXT,40:86:CB:27:D2:0C,-19, WPA2 ,0.000000,0.000000,0.000,0.000,AP
2026-05-15 07:42:37,1900-01-00 00:00:00,,9C:2F:9D:82:20:A3,-19,,0.000000,0.000000,0.000,0.000,Client
2026-05-15 07:42:37,1900-01-00 00:00:00,dlink-615_EXT,40:86:CB:27:D2:0C,-19, WPA2 ,0.000000,0.000000,0.000,0.000,AP
2026-05-15 07:42:37,1900-01-00 00:00:00,,9C:2F:9D:82:20:A3,-19,,0.000000,0.000000,0.000,0.000,Client
2026-05-15 07:42:37,1900-01-00 00:00:00,dlink-615_EXT,40:86:CB:27:D2:0C,-19, WPA2 ,0.000000,0.000000,0.000,0.000,AP
2026-05-15 07:42:37,1900-01-00 00:00:00,,9C:2F:9D:82:20:A3,-19,,0.000000,0.000000,0.000,0.000,Client
2026-05-15 07:42:37,1900-01-00 00:00:00,dlink-615_EXT,40:86:CB:27:D2:0C,-19, WPA2 ,0.000000,0.000000,0.000,0.000,AP
2026-05-15 07:42:37,1900-01-00 00:00:00,,9C:2F:9D:82:20:A3,-19,,0.000000,0.000000,0.000,0.000,Client
2026-05-15 07:42:37,1900-01-00 00:00:00,dlink-615_EXT,40:86:CB:27:D2:0C,-19, WPA2 ,0.000000,0.000000,0.000,0.000,AP
2026-05-15 07:42:37,1900-01-00 00:00:00,,9C:2F:9D:82:20:A3,-19,,0.000000,0.000000,0.000,0.000,Client
2026-05-15 07:42:37,1900-01-00 00:00:00,dlink-615_EXT,40:86:CB:27:D2:0C,-19, WPA2 ,0.000000,0.000000,0.000,0.000,AP
2026-05-15 07:42:37,1900-01-00 00:00:00,,9C:2F:9D:82:20:A3,-19,,0.000000,0.000000,0.000,0.000,Client
2026-05-15 07:42:37,1900-01-00 00:00:00,dlink-615_EXT,40:86:CB:27:D2:0C,-19, WPA2 ,0.000000,0.000000,0.000,0.000,AP
2026-05-15 07:42:37,1900-01-00 00:00:00,,9C:2F:9D:82:20:A3,-19,,0.000000,0.000000,0.000,0.000,Client
2026-05-15 07:42:37,1900-01-00 00:00:00,dlink-615_EXT,40:86:CB:27:D2:0C,-19, WPA2 ,0.000000,0.000000,0.000,0.000,AP
2026-05-15 07:42:37,1900-01-00 00:00:00,,9C:2F:9D:82:20:A3,-19,,0.000000,0.000000,0.000,0.000,Client
2026-05-15 07:42:37,1900-01-00 00:00:00,dlink-615_EXT,40:86:CB:27:D2:0C,-19, WPA2 ,0.000000,0.000000,0.000,0.000,AP
2026-05-15 07:42:37,1900-01-00 00:00:00,,9C:2F:9D:82:20:A3,-19,,0.000000,0.000000,0.000,0.000,Client
2026-05-15 07:42:37,1900-01-00 00:00:00,dlink-615_EXT,40:86:CB:27:D2:0C,-19, WPA2 ,0.000000,0.000000,0.000,0.000,AP
2026-05-15 07:42:37,1900-01-00 00:00:00,,9C:2F:9D:82:20:A3,-19,,0.000000,0.000000,0.000,0.000,Client
2026-05-15 07:42:37,1900-01-00 00:00:00,dlink-615_EXT,40:86:CB:27:D2:0C,-19, WPA2 ,0.000000,0.000000,0.000,0.000,AP
2026-05-15 07:42:37,1900-01-00 00:00:00,,9C:2F:9D:82:20:A3,-19,,0.000000,0.000000,0.000,0.000,Client
2026-05-15 07:42:37,1900-01-00 00:00:00,dlink-615_EXT,40:86:CB:27:D2:0C,-19, WPA2 ,0.000000,0.000000,0.000,0.000,AP
2026-05-15 07:42:37,1900-01-00 00:00:00,,9C:2F:9D:82:20:A3,-19,,0.000000,0.000000,0.000,0.000,Client
2026-05-15 07:42:37,1900-01-00 00:00:00,dlink-615_EXT,40:86:CB:27:D2:0C,-19, WPA2 ,0.000000,0.000000,0.000,0.000,AP
2026-05-15 07:42:37,1900-01-00 00:00:00,,9C:2F:9D:82:20:A3,-19,,0.000000,0.000000,0.000,0.000,Client
2026-05-15 07:42:37,1900-01-00 00:00:00,dlink-615_EXT,40:86:CB:27:D2:0C,-19, WPA2 ,0.000000,0.000000,0.000,0.000,AP
2026-05-15 07:42:37,1900-01-00 00:00:00,,9C:2F:9D:82:20:A3,-19,,0.000000,0.000000,0.000,0.000,Client
2026-05-15 07:42:37,1900-01-00 00:00:00,dlink-615_EXT,40:86:CB:27:D2:0C,-19, WPA2 ,0.000000,0.000000,0.000,0.000,AP
2026-05-15 07:42:37,1900-01-00 00:00:00,,9C:2F:9D:82:20:A3,-19,,0.000000,0.000000,0.000,0.000,Client
2026-05-15 07:42:37,1900-01-00 00:00:00,dlink-615_EXT,40:86:CB:27:D2:0C,-19, WPA2 ,0.000000,0.000000,0.000,0.000,AP
2026-05-15 07:42:37,1900-01-00 00:00:00,,9C:2F:9D:82:20:A3,-19,,0.000000,0.000000,0.000,0.000,Client
2026-05-15 07:42:37,1900-01-00 00:00:00,dlink-615_EXT,40:86:CB:27:D2:0C,-19, WPA2 ,0.000000,0.000000,0.000,0.000,AP
2026-05-15 07:42:37,1900-01-00 00:00:00,,9C:2F:9D:82:20:A3,-19,,0.000000,0.000000,0.000,0.000,Client
2026-05-15 07:42:37,1900-01-00 00:00:00,dlink-615_EXT,40:86:CB:27:D2:0C,-19, WPA2 ,0.000000,0.000000,0.000,0.000,AP
2026-05-15 07:42:37,1900-01-00 00:00:00,,9C:2F:9D:82:20:A3,-19,,0.000000,0.000000,0.000,0.000,Client
2026-05-15 07:42:37,1900-01-00 00:00:00,dlink-615_EXT,40:86:CB:27:D2:0C,-19, WPA2 ,0.000000,0.000000,0.000,0.000,AP
2026-05-15 07:42:37,1900-01-00 00:00:00,,9C:2F:9D:82:20:A3,-19,,0.000000,0.000000,0.000,0.000,Client
2026-05-15 07:42:37,1900-01-00 00:00:00,dlink-615_EXT,40:86:CB:27:D2:0C,-19, WPA2 ,0.000000,0.000000,0.000,0.000,AP
2026-05-15 07:42:37,1900-01-00 00:00:00,,9C:2F:9D:82:20:A3,-19,,0.000000,0.000000,0.000,0.000,Client
2026-05-15 07:42:37,1900-01-00 00:00:00,dlink-615_EXT,40:86:CB:27:D2:0C,-19, WPA2 ,0.000000,0.000000,0.000,0.000,AP
2026-05-15 07:42:37,1900-01-00 00:00:00,,9C:2F:9D:82:20:A3,-19,,0.000000,0.000000,0.000,0.000,Client
2026-05-15 07:42:37,1900-01-00 00:00:00,dlink-615_EXT,40:86:CB:27:D2:0C,-19, WPA2 ,0.000000,0.000000,0.000,0.000,AP
2026-05-15 07:42:37,1900-01-00 00:00:00,,9C:2F:9D:82:20:A3,-19,,0.000000,0.000000,0.000,0.000,Client
2026-05-15 07:42:37,1900-01-00 00:00:00,dlink-615_EXT,40:86:CB:27:D2:0C,-86, WPA2 ,0.000000,0.000000,0.000,0.000,AP
2026-05-15 07:42:37,1900-01-00 00:00:00,,9C:2F:9D:82:20:A3,-86,,0.000000,0.000000,0.000,0.000,Client
2026-05-15 07:42:37,1900-01-00 00:00:00,dlink-615_EXT,40:86:CB:27:D2:0C,-86, WPA2 ,0.000000,0.000000,0.000,0.000,AP
2026-05-15 07:42:37,1900-01-00 00:00:00,,9C:2F:9D:82:20:A3,-85,,0.000000,0.000000,0.000,0.000,Client
2026-05-15 07:42:37,1900-01-00 00:00:00,dlink-615_EXT,40:86:CB:27:D2:0C,-85, WPA2 ,0.000000,0.000000,0.000,0.000,AP
2026-05-15 07:42:37,1900-01-00 00:00:00,,9C:2F:9D:82:20:A3,-85,,0.000000,0.000000,0.000,0.000,Client
2026-05-15 07:42:37,1900-01-00 00:00:00,dlink-615_EXT,40:86:CB:27:D2:0C,-85, WPA2 ,0.000000,0.000000,0.000,0.000,AP
2026-05-15 07:42:37,1900-01-00 00:00:00,,9C:2F:9D:82:20:A3,-85,,0.000000,0.000000,0.000,0.000,Client
2026-05-15 07:42:37,1900-01-00 00:00:00,dlink-615_EXT,40:86:CB:27:D2:0C,-85, WPA2 ,0.000000,0.000000,0.000,0.000,AP
2026-05-15 07:42:37,1900-01-00 00:00:00,,9C:2F:9D:82:20:A3,-85,,0.000000,0.000000,0.000,0.000,Client
2026-05-15 07:42:37,1900-01-00 00:00:00,dlink-615_EXT,40:86:CB:27:D2:0C,-87, WPA2 ,0.000000,0.000000,0.000,0.000,AP
2026-05-15 07:42:37,1900-01-00 00:00:00,,9C:2F:9D:82:20:A3,-87,,0.000000,0.000000,0.000,0.000,Client
2026-05-15 07:42:37,1900-01-00 00:00:00,dlink-615_EXT,40:86:CB:27:D2:0C,-87, WPA2 ,0.000000,0.000000,0.000,0.000,AP
2026-05-15 07:42:37,1900-01-00 00:00:00,,9C:2F:9D:82:20:A3,-87,,0.000000,0.000000,0.000,0.000,Client
2026-05-15 07:42:37,1900-01-00 00:00:00,dlink-615_EXT,40:86:CB:27:D2:0C,-87, WPA2 ,0.000000,0.000000,0.000,0.000,AP
2026-05-15 07:42:37,1900-01-00 00:00:00,,9C:2F:9D:82:20:A3,-87,,0.000000,0.000000,0.000,0.000,Client
2026-05-15 07:42:37,1900-01-00 00:00:00,dlink-615_EXT,40:86:CB:27:D2:0C,-87, WPA2 ,0.000000,0.000000,0.000,0.000,AP
2026-05-15 07:42:37,1900-01-00 00:00:00,,9C:2F:9D:82:20:A3,-87,,0.000000,0.000000,0.000,0.000,Client
2026-05-15 07:42:37,1900-01-00 00:00:00,dlink-615_EXT,40:86:CB:27:D2:0C,-87, WPA2 ,0.000000,0.000000,0.000,0.000,AP
2026-05-15 07:42:37,1900-01-00 00:00:00,,9C:2F:9D:82:20:A3,-87,,0.000000,0.000000,0.000,0.000,Client
2026-05-15 07:42:37,1900-01-00 00:00:00,dlink-615_EXT,40:86:CB:27:D2:0C,-87, WPA2 ,0.000000,0.000000,0.000,0.000,AP
2026-05-15 07:42:37,1900-01-00 00:00:00,,9C:2F:9D:82:20:A3,-87,,0.000000,0.000000,0.000,0.000,Client
2026-05-15 07:42:37,1900-01-00 00:00:00,dlink-615_EXT,40:86:CB:27:D2:0C,-87, WPA2 ,0.000000,0.000000,0.000,0.000,AP
2026-05-15 07:42:37,1900-01-00 00:00:00,,9C:2F:9D:82:20:A3,-87,,0.000000,0.000000,0.000,0.000,Client
2026-05-15 07:42:37,1900-01-00 00:00:00,dlink-615_EXT,40:86:CB:27:D2:0C,-87, WPA2 ,0.000000,0.000000,0.000,0.000,AP
2026-05-15 07:42:37,1900-01-00 00:00:00,,9C:2F:9D:82:20:A3,-87,,0.000000,0.000000,0.000,0.000,Client
2026-05-15 07:42:37,1900-01-00 00:00:00,dlink-615_EXT,40:86:CB:27:D2:0C,-87, WPA2 ,0.000000,0.000000,0.000,0.000,AP
2026-05-15 07:42:37,1900-01-00 00:00:00,,9C:2F:9D:82:20:A3,-87,,0.000000,0.000000,0.000,0.000,Client
2026-05-15 07:42:37,1900-01-00 00:00:00,dlink-615_EXT,40:86:CB:27:D2:0C,-87, WPA2 ,0.000000,0.000000,0.000,0.000,AP
2026-05-15 07:42:37,1900-01-00 00:00:00,,9C:2F:9D:82:20:A3,-87,,0.000000,0.000000,0.000,0.000,Client
2026-05-15 07:42:37,1900-01-00 00:00:00,dlink-615_EXT,40:86:CB:27:D2:0C,-87, WPA2 ,0.000000,0.000000,0.000,0.000,AP
2026-05-15 07:42:37,1900-01-00 00:00:00,,9C:2F:9D:82:20:A3,-87,,0.000000,0.000000,0.000,0.000,Client
2026-05-15 07:42:37,1900-01-00 00:00:00,dlink-615_EXT,40:86:CB:27:D2:0C,-87, WPA2 ,0.000000,0.000000,0.000,0.000,AP
2026-05-15 07:42:37,1900-01-00 00:00:00,,9C:2F:9D:82:20:A3,-87,,0.000000,0.000000,0.000,0.000,Client
2026-05-15 07:42:37,1900-01-00 00:00:00,dlink-615_EXT,40:86:CB:27:D2:0C,-87, WPA2 ,0.000000,0.000000,0.000,0.000,AP
2026-05-15 07:42:37,1900-01-00 00:00:00,,9C:2F:9D:82:20:A3,-87,,0.000000,0.000000,0.000,0.000,Client
2026-05-15 07:42:37,1900-01-00 00:00:00,dlink-615_EXT,40:86:CB:27:D2:0C,-87, WPA2 ,0.000000,0.000000,0.000,0.000,AP
2026-05-15 07:42:37,1900-01-00 00:00:00,,9C:2F:9D:82:20:A3,-87,,0.000000,0.000000,0.000,0.000,Client
2026-05-15 07:42:37,1900-01-00 00:00:00,dlink-615_EXT,40:86:CB:27:D2:0C,-87, WPA2 ,0.000000,0.000000,0.000,0.000,AP
2026-05-15 07:42:37,1900-01-00 00:00:00,,9C:2F:9D:82:20:A3,-87,,0.000000,0.000000,0.000,0.000,Client
2026-05-15 07:42:37,1900-01-00 00:00:00,dlink-615_EXT,40:86:CB:27:D2:0C,-87, WPA2 ,0.000000,0.000000,0.000,0.000,AP
2026-05-15 07:42:37,1900-01-00 00:00:00,,9C:2F:9D:82:20:A3,-87,,0.000000,0.000000,0.000,0.000,Client
2026-05-15 07:42:37,1900-01-00 00:00:00,dlink-615_EXT,40:86:CB:27:D2:0C,-87, WPA2 ,0.000000,0.000000,0.000,0.000,AP
2026-05-15 07:42:37,1900-01-00 00:00:00,,9C:2F:9D:82:20:A3,-87,,0.000000,0.000000,0.000,0.000,Client
2026-05-15 07:42:37,1900-01-00 00:00:00,dlink-615_EXT,40:86:CB:27:D2:0C,-87, WPA2 ,0.000000,0.000000,0.000,0.000,AP
2026-05-15 07:42:37,1900-01-00 00:00:00,,9C:2F:9D:82:20:A3,-87,,0.000000,0.000000,0.000,0.000,Client
2026-05-15 07:42:37,1900-01-00 00:00:00,dlink-615_EXT,40:86:CB:27:D2:0C,-87, WPA2 ,0.000000,0.000000,0.000,0.000,AP
2026-05-15 07:42:37,1900-01-00 00:00:00,,9C:2F:9D:82:20:A3,-87,,0.000000,0.000000,0.000,0.000,Client
2026-05-15 07:42:37,1900-01-00 00:00:00,dlink-615_EXT,40:86:CB:27:D2:0C,-87, WPA2 ,0.000000,0.000000,0.000,0.000,AP
2026-05-15 07:42:37,1900-01-00 00:00:00,,9C:2F:9D:82:20:A3,-87,,0.000000,0.000000,0.000,0.000,Client
2026-05-15 07:42:37,1900-01-00 00:00:00,dlink-615_EXT,40:86:CB:27:D2:0C,-87, WPA2 ,0.000000,0.000000,0.000,0.000,AP
2026-05-15 07:42:37,1900-01-00 00:00:00,,9C:2F:9D:82:20:A3,-87,,0.000000,0.000000,0.000,0.000,Client
2026-05-15 07:42:37,1900-01-00 00:00:00,dlink-615_EXT,40:86:CB:27:D2:0C,-87, WPA2 ,0.000000,0.000000,0.000,0.000,AP
2026-05-15 07:42:37,1900-01-00 00:00:00,,9C:2F:9D:82:20:A3,-87,,0.000000,0.000000,0.000,0.000,Client
2026-05-15 07:42:37,1900-01-00 00:00:00,dlink-615_EXT,40:86:CB:27:D2:0C,-85, WPA2 ,0.000000,0.000000,0.000,0.000,AP
2026-05-15 07:42:37,1900-01-00 00:00:00,,9C:2F:9D:82:20:A3,-85,,0.000000,0.000000,0.000,0.000,Client
2026-05-15 07:42:37,1900-01-00 00:00:00,dlink-615_EXT,40:86:CB:27:D2:0C,-85, WPA2 ,0.000000,0.000000,0.000,0.000,AP
2026-05-15 07:42:37,1900-01-00 00:00:00,,9C:2F:9D:82:20:A3,-85,,0.000000,0.000000,0.000,0.000,Client
2026-05-15 07:42:37,1900-01-00 00:00:00,dlink-615_EXT,40:86:CB:27:D2:0C,-85, WPA2 ,0.000000,0.000000,0.000,0.000,AP
2026-05-15 07:42:37,1900-01-00 00:00:00,,9C:2F:9D:82:20:A3,-85,,0.000000,0.000000,0.000,0.000,Client
2026-05-15 07:42:37,1900-01-00 00:00:00,dlink-615_EXT,40:86:CB:27:D2:0C,-85, WPA2 ,0.000000,0.000000,0.000,0.000,AP
2026-05-15 07:42:37,1900-01-00 00:00:00,,9C:2F:9D:82:20:A3,-85,,0.000000,0.000000,0.000,0.000,Client
2026-05-15 07:42:37,1900-01-00 00:00:00,dlink-615_EXT,40:86:CB:27:D2:0C,-85, WPA2 ,0.000000,0.000000,0.000,0.000,AP
2026-05-15 07:42:37,1900-01-00 00:00:00,,9C:2F:9D:82:20:A3,-85,,0.000000,0.000000,0.000,0.000,Client
2026-05-15 07:42:37,1900-01-00 00:00:00,dlink-615_EXT,40:86:CB:27:D2:0C,-85, WPA2 ,0.000000,0.000000,0.000,0.000,AP
2026-05-15 07:42:37,1900-01-00 00:00:00,,9C:2F:9D:82:20:A3,-85,,0.000000,0.000000,0.000,0.000,Client
2026-05-15 07:42:37,1900-01-00 00:00:00,dlink-615_EXT,40:86:CB:27:D2:0C,-85, WPA2 ,0.000000,0.000000,0.000,0.000,AP
2026-05-15 07:42:37,1900-01-00 00:00:00,,9C:2F:9D:82:20:A3,-85,,0.000000,0.000000,0.000,0.000,Client
2026-05-15 07:42:37,1900-01-00 00:00:00,dlink-615_EXT,40:86:CB:27:D2:0C,-85, WPA2 ,0.000000,0.000000,0.000,0.000,AP
2026-05-15 07:42:37,1900-01-00 00:00:00,,9C:2F:9D:82:20:A3,-85,,0.000000,0.000000,0.000,0.000,Client
2026-05-15 07:42:37,1900-01-00 00:00:00,dlink-615_EXT,40:86:CB:27:D2:0C,-85, WPA2 ,0.000000,0.000000,0.000,0.000,AP
2026-05-15 07:42:37,1900-01-00 00:00:00,,9C:2F:9D:82:20:A3,-85,,0.000000,0.000000,0.000,0.000,Client
2026-05-15 07:42:37,1900-01-00 00:00:00,dlink-615_EXT,40:86:CB:27:D2:0C,-85, WPA2 ,0.000000,0.000000,0.000,0.000,AP
2026-05-15 07:42:37,1900-01-00 00:00:00,,9C:2F:9D:82:20:A3,-85,,0.000000,0.000000,0.000,0.000,Client
2026-05-15 07:42:37,1900-01-00 00:00:00,dlink-615_EXT,40:86:CB:27:D2:0C,-85, WPA2 ,0.000000,0.000000,0.000,0.000,AP
2026-05-15 07:42:37,1900-01-00 00:00:00,,9C:2F:9D:82:20:A3,-85,,0.000000,0.000000,0.000,0.000,Client
2026-05-15 07:42:37,1900-01-00 00:00:00,dlink-615_EXT,40:86:CB:27:D2:0C,-85, WPA2 ,0.000000,0.000000,0.000,0.000,AP
2026-05-15 07:42:37,1900-01-00 00:00:00,,9C:2F:9D:82:20:A3,-85,,0.000000,0.000000,0.000,0.000,Client
2026-05-15 07:42:37,1900-01-00 00:00:00,dlink-615_EXT,40:86:CB:27:D2:0C,-85, WPA2 ,0.000000,0.000000,0.000,0.000,AP
2026-05-15 07:42:37,1900-01-00 00:00:00,,9C:2F:9D:82:20:A3,-85,,0.000000,0.000000,0.000,0.000,Client
2026-05-15 07:42:37,1900-01-00 00:00:00,dlink-615_EXT,40:86:CB:27:D2:0C,-85, WPA2 ,0.000000,0.000000,0.000,0.000,AP
2026-05-15 07:42:37,1900-01-00 00:00:00,,9C:2F:9D:82:20:A3,-85,,0.000000,0.000000,0.000,0.000,Client
2026-05-15 07:42:37,1900-01-00 00:00:00,dlink-615_EXT,40:86:CB:27:D2:0C,-85, WPA2 ,0.000000,0.000000,0.000,0.000,AP
2026-05-15 07:42:37,1900-01-00 00:00:00,,9C:2F:9D:82:20:A3,-85,,0.000000,0.000000,0.000,0.000,Client
2026-05-15 07:42:37,1900-01-00 00:00:00,dlink-615_EXT,40:86:CB:27:D2:0C,-85, WPA2 ,0.000000,0.000000,0.000,0.000,AP
2026-05-15 07:42:37,1900-01-00 00:00:00,,9C:2F:9D:82:20:A3,-85,,0.000000,0.000000,0.000,0.000,Client
2026-05-15 07:42:37,1900-01-00 00:00:00,dlink-615_EXT,40:86:CB:27:D2:0C,-85, WPA2 ,0.000000,0.000000,0.000,0.000,AP
2026-05-15 07:42:37,1900-01-00 00:00:00,,9C:2F:9D:82:20:A3,-85,,0.000000,0.000000,0.000,0.000,Client
2026-05-15 07:42:37,1900-01-00 00:00:00,dlink-615_EXT,40:86:CB:27:D2:0C,-85, WPA2 ,0.000000,0.000000,0.000,0.000,AP
2026-05-15 07:42:37,1900-01-00 00:00:00,,9C:2F:9D:82:20:A3,-85,,0.000000,0.000000,0.000,0.000,Client
2026-05-15 07:42:37,1900-01-00 00:00:00,dlink-615_EXT,40:86:CB:27:D2:0C,-85, WPA2 ,0.000000,0.000000,0.000,0.000,AP
2026-05-15 07:42:37,1900-01-00 00:00:00,,9C:2F:9D:82:20:A3,-85,,0.000000,0.000000,0.000,0.000,Client
2026-05-15 07:42:37,1900-01-00 00:00:00,dlink-615_EXT,40:86:CB:27:D2:0C,-85, WPA2 ,0.000000,0.000000,0.000,0.000,AP
2026-05-15 07:42:37,1900-01-00 00:00:00,,9C:2F:9D:82:20:A3,-85,,0.000000,0.000000,0.000,0.000,Client
2026-05-15 07:42:37,1900-01-00 00:00:00,dlink-615_EXT,40:86:CB:27:D2:0C,-85, WPA2 ,0.000000,0.000000,0.000,0.000,AP
2026-05-15 07:42:37,1900-01-00 00:00:00,,9C:2F:9D:82:20:A3,-85,,0.000000,0.000000,0.000,0.000,Client
2026-05-15 07:42:37,1900-01-00 00:00:00,dlink-615_EXT,40:86:CB:27:D2:0C,-85, WPA2 ,0.000000,0.000000,0.000,0.000,AP
2026-05-15 07:42:37,1900-01-00 00:00:00,,9C:2F:9D:82:20:A3,-85,,0.000000,0.000000,0.000,0.000,Client
2026-05-15 07:42:37,1900-01-00 00:00:00,dlink-615_EXT,40:86:CB:27:D2:0C,-85, WPA2 ,0.000000,0.000000,0.000,0.000,AP
2026-05-15 07:42:37,1900-01-00 00:00:00,,9C:2F:9D:82:20:A3,-85,,0.000000,0.000000,0.000,0.000,Client
2026-05-15 07:42:37,1900-01-00 00:00:00,dlink-615_EXT,40:86:CB:27:D2:0C,-85, WPA2 ,0.000000,0.000000,0.000,0.000,AP
2026-05-15 07:42:37,1900-01-00 00:00:00,,9C:2F:9D:82:20:A3,-85,,0.000000,0.000000,0.000,0.000,Client
2026-05-15 07:42:37,1900-01-00 00:00:00,dlink-615_EXT,40:86:CB:27:D2:0C,-85, WPA2 ,0.000000,0.000000,0.000,0.000,AP
2026-05-15 07:42:37,1900-01-00 00:00:00,,9C:2F:9D:82:20:A3,-85,,0.000000,0.000000,0.000,0.000,Client
2026-05-15 07:42:37,1900-01-00 00:00:00,dlink-615_EXT,40:86:CB:27:D2:0C,-85, WPA2 ,0.000000,0.000000,0.000,0.000,AP
2026-05-15 07:42:37,1900-01-00 00:00:00,,9C:2F:9D:82:20:A3,-85,,0.000000,0.000000,0.000,0.000,Client
2026-05-15 07:42:37,1900-01-00 00:00:00,dlink-615_EXT,40:86:CB:27:D2:0C,-85, WPA2 ,0.000000,0.000000,0.000,0.000,AP
2026-05-15 07:42:37,1900-01-00 00:00:00,,9C:2F:9D:82:20:A3,-85,,0.000000,0.000000,0.000,0.000,Client
2026-05-15 07:42:37,1900-01-00 00:00:00,dlink-615_EXT,40:86:CB:27:D2:0C,-85, WPA2 ,0.000000,0.000000,0.000,0.000,AP
2026-05-15 07:42:37,1900-01-00 00:00:00,,9C:2F:9D:82:20:A3,-85,,0.000000,0.000000,0.000,0.000,Client
2026-05-15 07:42:37,1900-01-00 00:00:00,dlink-615_EXT,40:86:CB:27:D2:0C,-85, WPA2 ,0.000000,0.000000,0.000,0.000,AP
2026-05-15 07:42:37,1900-01-00 00:00:00,,9C:2F:9D:82:20:A3,-85,,0.000000,0.000000,0.000,0.000,Client
2026-05-15 07:42:37,1900-01-00 00:00:00,dlink-615_EXT,40:86:CB:27:D2:0C,-85, WPA2 ,0.000000,0.000000,0.000,0.000,AP
2026-05-15 07:42:37,1900-01-00 00:00:00,,9C:2F:9D:82:20:A3,-85,,0.000000,0.000000,0.000,0.000,Client
2026-05-15 07:42:37,1900-01-00 00:00:00,dlink-615_EXT,40:86:CB:27:D2:0C,-85, WPA2 ,0.000000,0.000000,0.000,0.000,AP
2026-05-15 07:42:37,1900-01-00 00:00:00,,9C:2F:9D:82:20:A3,-85,,0.000000,0.000000,0.000,0.000,Client
2026-05-15 07:42:37,1900-01-00 00:00:00,dlink-615_EXT,40:86:CB:27:D2:0C,-85, WPA2 ,0.000000,0.000000,0.000,0.000,AP
2026-05-15 07:42:37,1900-01-00 00:00:00,,9C:2F:9D:82:20:A3,-85,,0.000000,0.000000,0.000,0.000,Client
2026-05-15 07:42:37,1900-01-00 00:00:00,dlink-615_EXT,40:86:CB:27:D2:0C,-85, WPA2 ,0.000000,0.000000,0.000,0.000,AP
2026-05-15 07:42:37,1900-01-00 00:00:00,,9C:2F:9D:82:20:A3,-85,,0.000000,0.000000,0.000,0.000,Client
2026-05-15 07:42:37,1900-01-00 00:00:00,dlink-615_EXT,40:86:CB:27:D2:0C,-85, WPA2 ,0.000000,0.000000,0.000,0.000,AP
2026-05-15 07:42:37,1900-01-00 00:00:00,,9C:2F:9D:82:20:A3,-85,,0.000000,0.000000,0.000,0.000,Client
2026-05-15 07:42:37,1900-01-00 00:00:00,dlink-615_EXT,40:86:CB:27:D2:0C,-85, WPA2 ,0.000000,0.000000,0.000,0.000,AP
2026-05-15 07:42:37,1900-01-00 00:00:00,,9C:2F:9D:82:20:A3,-85,,0.000000,0.000000,0.000,0.000,Client
2026-05-15 07:42:37,1900-01-00 00:00:00,dlink-615_EXT,40:86:CB:27:D2:0C,-85, WPA2 ,0.000000,0.000000,0.000,0.000,AP
2026-05-15 07:42:37,1900-01-00 00:00:00,,9C:2F:9D:82:20:A3,-85,,0.000000,0.000000,0.000,0.000,Client
2026-05-15 07:42:37,1900-01-00 00:00:00,dlink-615_EXT,40:86:CB:27:D2:0C,-85, WPA2 ,0.000000,0.000000,0.000,0.000,AP
2026-05-15 07:42:37,1900-01-00 00:00:00,,9C:2F:9D:82:20:A3,-85,,0.000000,0.000000,0.000,0.000,Client
2026-05-15 07:42:37,1900-01-00 00:00:00,dlink-615_EXT,40:86:CB:27:D2:0C,-85, WPA2 ,0.000000,0.000000,0.000,0.000,AP
2026-05-15 07:42:37,1900-01-00 00:00:00,,9C:2F:9D:82:20:A3,-85,,0.000000,0.000000,0.000,0.000,Client
2026-05-15 07:42:37,1900-01-00 00:00:00,dlink-615_EXT,40:86:CB:27:D2:0C,-85, WPA2 ,0.000000,0.000000,0.000,0.000,AP
2026-05-15 07:42:37,1900-01-00 00:00:00,,9C:2F:9D:82:20:A3,-85,,0.000000,0.000000,0.000,0.000,Client
2026-05-15 07:42:37,1900-01-00 00:00:00,dlink-615_EXT,40:86:CB:27:D2:0C,-85, WPA2 ,0.000000,0.000000,0.000,0.000,AP
2026-05-15 07:42:37,1900-01-00 00:00:00,,9C:2F:9D:82:20:A3,-85,,0.000000,0.000000,0.000,0.000,Client
2026-05-15 07:42:37,1900-01-00 00:00:00,dlink-615_EXT,40:86:CB:27:D2:0C,-85, WPA2 ,0.000000,0.000000,0.000,0.000,AP
2026-05-15 07:42:37,1900-01-00 00:00:00,,9C:2F:9D:82:20:A3,-85,,0.000000,0.000000,0.000,0.000,Client
2026-05-15 07:42:37,1900-01-00 00:00:00,dlink-615_EXT,40:86:CB:27:D2:0C,-85, WPA2 ,0.000000,0.000000,0.000,0.000,AP
2026-05-15 07:42:37,1900-01-00 00:00:00,,9C:2F:9D:82:20:A3,-85,,0.000000,0.000000,0.000,0.000,Client
2026-05-15 07:42:37,1900-01-00 00:00:00,dlink-615_EXT,40:86:CB:27:D2:0C,-85, WPA2 ,0.000000,0.000000,0.000,0.000,AP
2026-05-15 07:42:37,1900-01-00 00:00:00,,9C:2F:9D:82:20:A3,-85,,0.000000,0.000000,0.000,0.000,Client
2026-05-15 07:42:37,1900-01-00 00:00:00,dlink-615_EXT,40:86:CB:27:D2:0C,-85, WPA2 ,0.000000,0.000000,0.000,0.000,AP
2026-05-15 07:42:37,1900-01-00 00:00:00,,9C:2F:9D:82:20:A3,-85,,0.000000,0.000000,0.000,0.000,Client
2026-05-15 07:42:37,1900-01-00 00:00:00,dlink-615_EXT,40:86:CB:27:D2:0C,-85, WPA2 ,0.000000,0.000000,0.000,0.000,AP
2026-05-15 07:42:37,1900-01-00 00:00:00,,9C:2F:9D:82:20:A3,-85,,0.000000,0.000000,0.000,0.000,Client
2026-05-15 07:42:37,1900-01-00 00:00:00,dlink-615_EXT,40:86:CB:27:D2:0C,-85, WPA2 ,0.000000,0.000000,0.000,0.000,AP
2026-05-15 07:42:37,1900-01-00 00:00:00,,9C:2F:9D:82:20:A3,-85,,0.000000,0.000000,0.000,0.000,Client
2026-05-15 07:42:37,1900-01-00 00:00:00,dlink-615_EXT,40:86:CB:27:D2:0C,-85, WPA2 ,0.000000,0.000000,0.000,0.000,AP
2026-05-15 07:42:37,1900-01-00 00:00:00,,9C:2F:9D:82:20:A3,-85,,0.000000,0.000000,0.000,0.000,Client
2026-05-15 07:42:37,1900-01-00 00:00:00,dlink-615_EXT,40:86:CB:27:D2:0C,-85, WPA2 ,0.000000,0.000000,0.000,0.000,AP
2026-05-15 07:42:37,1900-01-00 00:00:00,,9C:2F:9D:82:20:A3,-85,,0.000000,0.000000,0.000,0.000,Client
2026-05-15 07:42:37,1900-01-00 00:00:00,dlink-615_EXT,40:86:CB:27:D2:0C,-85, WPA2 ,0.000000,0.000000,0.000,0.000,AP
2026-05-15 07:42:37,1900-01-00 00:00:00,,9C:2F:9D:82:20:A3,-85,,0.000000,0.000000,0.000,0.000,Client
2026-05-15 07:42:37,1900-01-00 00:00:00,dlink-615_EXT,40:86:CB:27:D2:0C,-85, WPA2 ,0.000000,0.000000,0.000,0.000,AP
2026-05-15 07:42:37,1900-01-00 00:00:00,,9C:2F:9D:82:20:A3,-85,,0.000000,0.000000,0.000,0.000,Client
2026-05-15 07:42:37,1900-01-00 00:00:00,dlink-615_EXT,40:86:CB:27:D2:0C,-85, WPA2 ,0.000000,0.000000,0.000,0.000,AP
2026-05-15 07:42:37,1900-01-00 00:00:00,,9C:2F:9D:82:20:A3,-85,,0.000000,0.000000,0.000,0.000,Client
2026-05-15 07:42:37,1900-01-00 00:00:00,dlink-615_EXT,40:86:CB:27:D2:0C,-85, WPA2 ,0.000000,0.000000,0.000,0.000,AP
2026-05-15 07:42:37,1900-01-00 00:00:00,,9C:2F:9D:82:20:A3,-85,,0.000000,0.000000,0.000,0.000,Client
2026-05-15 07:42:37,1900-01-00 00:00:00,dlink-615_EXT,40:86:CB:27:D2:0C,-85, WPA2 ,0.000000,0.000000,0.000,0.000,AP
2026-05-15 07:42:37,1900-01-00 00:00:00,,9C:2F:9D:82:20:A3,-85,,0.000000,0.000000,0.000,0.000,Client
2026-05-15 07:42:37,1900-01-00 00:00:00,dlink-615_EXT,40:86:CB:27:D2:0C,-85, WPA2 ,0.000000,0.000000,0.000,0.000,AP
2026-05-15 07:42:37,1900-01-00 00:00:00,,9C:2F:9D:82:20:A3,-85,,0.000000,0.000000,0.000,0.000,Client
2026-05-15 07:42:37,1900-01-00 00:00:00,dlink-615_EXT,40:86:CB:27:D2:0C,-85, WPA2 ,0.000000,0.000000,0.000,0.000,AP
2026-05-15 07:42:37,1900-01-00 00:00:00,,9C:2F:9D:82:20:A3,-85,,0.000000,0.000000,0.000,0.000,Client
2026-05-15 07:42:37,1900-01-00 00:00:00,dlink-615_EXT,40:86:CB:27:D2:0C,-85, WPA2 ,0.000000,0.000000,0.000,0.000,AP
2026-05-15 07:42:37,1900-01-00 00:00:00,,9C:2F:9D:82:20:A3,-85,,0.000000,0.000000,0.000,0.000,Client
2026-05-15 07:42:37,1900-01-00 00:00:00,dlink-615_EXT,40:86:CB:27:D2:0C,-85, WPA2 ,0.000000,0.000000,0.000,0.000,AP
2026-05-15 07:42:37,1900-01-00 00:00:00,,9C:2F:9D:82:20:A3,-85,,0.000000,0.000000,0.000,0.000,Client
2026-05-15 07:42:37,1900-01-00 00:00:00,dlink-615_EXT,40:86:CB:27:D2:0C,-85, WPA2 ,0.000000,0.000000,0.000,0.000,AP
2026-05-15 07:42:37,1900-01-00 00:00:00,,9C:2F:9D:82:20:A3,-85,,0.000000,0.000000,0.000,0.000,Client
2026-05-15 07:42:37,1900-01-00 00:00:00,dlink-615_EXT,40:86:CB:27:D2:0C,-85, WPA2 ,0.000000,0.000000,0.000,0.000,AP
2026-05-15 07:42:37,1900-01-00 00:00:00,,9C:2F:9D:82:20:A3,-85,,0.000000,0.000000,0.000,0.000,Client
2026-05-15 07:42:37,1900-01-00 00:00:00,dlink-615_EXT,40:86:CB:27:D2:0C,-85, WPA2 ,0.000000,0.000000,0.000,0.000,AP
2026-05-15 07:42:37,1900-01-00 00:00:00,,9C:2F:9D:82:20:A3,-85,,0.000000,0.000000,0.000,0.000,Client
2026-05-15 07:42:37,1900-01-00 00:00:00,dlink-615_EXT,40:86:CB:27:D2:0C,-85, WPA2 ,0.000000,0.000000,0.000,0.000,AP
2026-05-15 07:42:37,1900-01-00 00:00:00,,9C:2F:9D:82:20:A3,-85,,0.000000,0.000000,0.000,0.000,Client
2026-05-15 07:42:37,1900-01-00 00:00:00,dlink-615_EXT,40:86:CB:27:D2:0C,-85, WPA2 ,0.000000,0.000000,0.000,0.000,AP
2026-05-15 07:42:37,1900-01-00 00:00:00,,9C:2F:9D:82:20:A3,-85,,0.000000,0.000000,0.000,0.000,Client
2026-05-15 07:42:37,1900-01-00 00:00:00,dlink-615_EXT,40:86:CB:27:D2:0C,-85, WPA2 ,0.000000,0.000000,0.000,0.000,AP
2026-05-15 07:42:37,1900-01-00 00:00:00,,9C:2F:9D:82:20:A3,-85,,0.000000,0.000000,0.000,0.000,Client
2026-05-15 07:42:37,1900-01-00 00:00:00,dlink-615_EXT,40:86:CB:27:D2:0C,-85, WPA2 ,0.000000,0.000000,0.000,0.000,AP
2026-05-15 07:42:37,1900-01-00 00:00:00,,9C:2F:9D:82:20:A3,-85,,0.000000,0.000000,0.000,0.000,Client
2026-05-15 07:42:38,1900-01-00 00:00:00,dlink-615_EXT,40:86:CB:27:D2:0C,-85, WPA2 ,0.000000,0.000000,0.000,0.000,AP
2026-05-15 07:42:38,1900-01-00 00:00:00,,9C:2F:9D:82:20:A3,-85,,0.000000,0.000000,0.000,0.000,Client
2026-05-15 07:42:38,1900-01-00 00:00:00,dlink-615_EXT,40:86:CB:27:D2:0C,-85, WPA2 ,0.000000,0.000000,0.000,0.000,AP
2026-05-15 07:42:38,1900-01-00 00:00:00,,9C:2F:9D:82:20:A3,-85,,0.000000,0.000000,0.000,0.000,Client
2026-05-15 07:42:38,1900-01-00 00:00:00,dlink-615_EXT,40:86:CB:27:D2:0C,-19, WPA2 ,0.000000,0.000000,0.000,0.000,AP
2026-05-15 07:42:38,1900-01-00 00:00:00,,9C:2F:9D:82:20:A3,-19,,0.000000,0.000000,0.000,0.000,Client
2026-05-15 07:42:38,1900-01-00 00:00:00,dlink-615_EXT,40:86:CB:27:D2:0C,-23, WPA2 ,0.000000,0.000000,0.000,0.000,AP
2026-05-15 07:42:38,1900-01-00 00:00:00,,9C:2F:9D:82:20:A3,-23,,0.000000,0.000000,0.000,0.000,Client
2026-05-15 07:42:38,1900-01-00 00:00:00,dlink-615_EXT,40:86:CB:27:D2:0C,-19, WPA2 ,0.000000,0.000000,0.000,0.000,AP
2026-05-15 07:42:38,1900-01-00 00:00:00,,9C:2F:9D:82:20:A3,-19,,0.000000,0.000000,0.000,0.000,Client
2026-05-15 07:42:38,1900-01-00 00:00:00,dlink-615_EXT,40:86:CB:27:D2:0C,-19, WPA2 ,0.000000,0.000000,0.000,0.000,AP
2026-05-15 07:42:38,1900-01-00 00:00:00,,9C:2F:9D:82:20:A3,-19,,0.000000,0.000000,0.000,0.000,Client
2026-05-15 07:42:38,1900-01-00 00:00:00,dlink-615_EXT,40:86:CB:27:D2:0C,-19, WPA2 ,0.000000,0.000000,0.000,0.000,AP
2026-05-15 07:42:38,1900-01-00 00:00:00,,9C:2F:9D:82:20:A3,-19,,0.000000,0.000000,0.000,0.000,Client
2026-05-15 07:42:38,1900-01-00 00:00:00,dlink-615_EXT,40:86:CB:27:D2:0C,-19, WPA2 ,0.000000,0.000000,0.000,0.000,AP
2026-05-15 07:42:38,1900-01-00 00:00:00,,9C:2F:9D:82:20:A3,-19,,0.000000,0.000000,0.000,0.000,Client
2026-05-15 07:42:38,1900-01-00 00:00:00,dlink-615_EXT,40:86:CB:27:D2:0C,-19, WPA2 ,0.000000,0.000000,0.000,0.000,AP
2026-05-15 07:42:38,1900-01-00 00:00:00,,9C:2F:9D:82:20:A3,-19,,0.000000,0.000000,0.000,0.000,Client
2026-05-15 07:42:38,1900-01-00 00:00:00,dlink-615_EXT,40:86:CB:27:D2:0C,-21, WPA2 ,0.000000,0.000000,0.000,0.000,AP
2026-05-15 07:42:38,1900-01-00 00:00:00,,9C:2F:9D:82:20:A3,-21,,0.000000,0.000000,0.000,0.000,Client
2026-05-15 07:42:38,1900-01-00 00:00:00,dlink-615_EXT,40:86:CB:27:D2:0C,-19, WPA2 ,0.000000,0.000000,0.000,0.000,AP
2026-05-15 07:42:38,1900-01-00 00:00:00,,9C:2F:9D:82:20:A3,-19,,0.000000,0.000000,0.000,0.000,Client
2026-05-15 07:42:38,1900-01-00 00:00:00,dlink-615_EXT,40:86:CB:27:D2:0C,-21, WPA2 ,0.000000,0.000000,0.000,0.000,AP
2026-05-15 07:42:38,1900-01-00 00:00:00,,9C:2F:9D:82:20:A3,-21,,0.000000,0.000000,0.000,0.000,Client
2026-05-15 07:42:38,1900-01-00 00:00:00,dlink-615_EXT,40:86:CB:27:D2:0C,-19, WPA2 ,0.000000,0.000000,0.000,0.000,AP
2026-05-15 07:42:38,1900-01-00 00:00:00,,9C:2F:9D:82:20:A3,-19,,0.000000,0.000000,0.000,0.000,Client
2026-05-15 07:42:38,1900-01-00 00:00:00,dlink-615_EXT,40:86:CB:27:D2:0C,-21, WPA2 ,0.000000,0.000000,0.000,0.000,AP
2026-05-15 07:42:38,1900-01-00 00:00:00,,9C:2F:9D:82:20:A3,-21,,0.000000,0.000000,0.000,0.000,Client
2026-05-15 07:42:38,1900-01-00 00:00:00,dlink-615_EXT,40:86:CB:27:D2:0C,-21, WPA2 ,0.000000,0.000000,0.000,0.000,AP
2026-05-15 07:42:38,1900-01-00 00:00:00,,9C:2F:9D:82:20:A3,-21,,0.000000,0.000000,0.000,0.000,Client
2026-05-15 07:42:38,1900-01-00 00:00:00,dlink-615_EXT,40:86:CB:27:D2:0C,-19, WPA2 ,0.000000,0.000000,0.000,0.000,AP
2026-05-15 07:42:38,1900-01-00 00:00:00,,9C:2F:9D:82:20:A3,-19,,0.000000,0.000000,0.000,0.000,Client
2026-05-15 07:42:38,1900-01-00 00:00:00,dlink-615_EXT,40:86:CB:27:D2:0C,-19, WPA2 ,0.000000,0.000000,0.000,0.000,AP
2026-05-15 07:42:38,1900-01-00 00:00:00,,9C:2F:9D:82:20:A3,-19,,0.000000,0.000000,0.000,0.000,Client
2026-05-15 07:42:38,1900-01-00 00:00:00,dlink-615_EXT,40:86:CB:27:D2:0C,-19, WPA2 ,0.000000,0.000000,0.000,0.000,AP
2026-05-15 07:42:38,1900-01-00 00:00:00,,9C:2F:9D:82:20:A3,-19,,0.000000,0.000000,0.000,0.000,Client
2026-05-15 07:42:38,1900-01-00 00:00:00,dlink-615_EXT,40:86:CB:27:D2:0C,-19, WPA2 ,0.000000,0.000000,0.000,0.000,AP
2026-05-15 07:42:38,1900-01-00 00:00:00,,9C:2F:9D:82:20:A3,-19,,0.000000,0.000000,0.000,0.000,Client
2026-05-15 07:42:38,1900-01-00 00:00:00,dlink-615_EXT,40:86:CB:27:D2:0C,-19, WPA2 ,0.000000,0.000000,0.000,0.000,AP
2026-05-15 07:42:38,1900-01-00 00:00:00,,9C:2F:9D:82:20:A3,-19,,0.000000,0.000000,0.000,0.000,Client
2026-05-15 07:42:38,1900-01-00 00:00:00,dlink-615_EXT,40:86:CB:27:D2:0C,-19, WPA2 ,0.000000,0.000000,0.000,0.000,AP
2026-05-15 07:42:38,1900-01-00 00:00:00,,9C:2F:9D:82:20:A3,-19,,0.000000,0.000000,0.000,0.000,Client
2026-05-15 07:42:38,1900-01-00 00:00:00,dlink-615_EXT,40:86:CB:27:D2:0C,-21, WPA2 ,0.000000,0.000000,0.000,0.000,AP
2026-05-15 07:42:38,1900-01-00 00:00:00,,9C:2F:9D:82:20:A3,-21,,0.000000,0.000000,0.000,0.000,Client
2026-05-15 07:42:38,1900-01-00 00:00:00,dlink-615_EXT,40:86:CB:27:D2:0C,-21, WPA2 ,0.000000,0.000000,0.000,0.000,AP
2026-05-15 07:42:38,1900-01-00 00:00:00,,9C:2F:9D:82:20:A3,-21,,0.000000,0.000000,0.000,0.000,Client
2026-05-15 07:42:38,1900-01-00 00:00:00,dlink-615_EXT,40:86:CB:27:D2:0C,-19, WPA2 ,0.000000,0.000000,0.000,0.000,AP
2026-05-15 07:42:38,1900-01-00 00:00:00,,9C:2F:9D:82:20:A3,-19,,0.000000,0.000000,0.000,0.000,Client
2026-05-15 07:42:38,1900-01-00 00:00:00,dlink-615_EXT,40:86:CB:27:D2:0C,-19, WPA2 ,0.000000,0.000000,0.000,0.000,AP
2026-05-15 07:42:38,1900-01-00 00:00:00,,9C:2F:9D:82:20:A3,-19,,0.000000,0.000000,0.000,0.000,Client
2026-05-15 07:42:38,1900-01-00 00:00:00,dlink-615_EXT,40:86:CB:27:D2:0C,-19, WPA2 ,0.000000,0.000000,0.000,0.000,AP
2026-05-15 07:42:38,1900-01-00 00:00:00,,9C:2F:9D:82:20:A3,-19,,0.000000,0.000000,0.000,0.000,Client
2026-05-15 07:42:38,1900-01-00 00:00:00,dlink-615_EXT,40:86:CB:27:D2:0C,-21, WPA2 ,0.000000,0.000000,0.000,0.000,AP
2026-05-15 07:42:38,1900-01-00 00:00:00,,9C:2F:9D:82:20:A3,-21,,0.000000,0.000000,0.000,0.000,Client
2026-05-15 07:42:38,1900-01-00 00:00:00,dlink-615_EXT,40:86:CB:27:D2:0C,-19, WPA2 ,0.000000,0.000000,0.000,0.000,AP
2026-05-15 07:42:38,1900-01-00 00:00:00,,9C:2F:9D:82:20:A3,-19,,0.000000,0.000000,0.000,0.000,Client
2026-05-15 07:42:38,1900-01-00 00:00:00,dlink-615_EXT,40:86:CB:27:D2:0C,-19, WPA2 ,0.000000,0.000000,0.000,0.000,AP
2026-05-15 07:42:38,1900-01-00 00:00:00,,9C:2F:9D:82:20:A3,-19,,0.000000,0.000000,0.000,0.000,Client
2026-05-15 07:42:38,1900-01-00 00:00:00,dlink-615_EXT,40:86:CB:27:D2:0C,-19, WPA2 ,0.000000,0.000000,0.000,0.000,AP
2026-05-15 07:42:38,1900-01-00 00:00:00,,9C:2F:9D:82:20:A3,-19,,0.000000,0.000000,0.000,0.000,Client
2026-05-15 07:42:38,1900-01-00 00:00:00,dlink-615_EXT,40:86:CB:27:D2:0C,-23, WPA2 ,0.000000,0.000000,0.000,0.000,AP
2026-05-15 07:42:38,1900-01-00 00:00:00,,9C:2F:9D:82:20:A3,-23,,0.000000,0.000000,0.000,0.000,Client
2026-05-15 07:42:38,1900-01-00 00:00:00,dlink-615_EXT,40:86:CB:27:D2:0C,-19, WPA2 ,0.000000,0.000000,0.000,0.000,AP
2026-05-15 07:42:38,1900-01-00 00:00:00,,9C:2F:9D:82:20:A3,-19,,0.000000,0.000000,0.000,0.000,Client
2026-05-15 07:42:38,1900-01-00 00:00:00,dlink-615_EXT,40:86:CB:27:D2:0C,-21, WPA2 ,0.000000,0.000000,0.000,0.000,AP
2026-05-15 07:42:38,1900-01-00 00:00:00,,9C:2F:9D:82:20:A3,-21,,0.000000,0.000000,0.000,0.000,Client
2026-05-15 07:42:38,1900-01-00 00:00:00,dlink-615_EXT,40:86:CB:27:D2:0C,-21, WPA2 ,0.000000,0.000000,0.000,0.000,AP
2026-05-15 07:42:38,1900-01-00 00:00:00,,9C:2F:9D:82:20:A3,-23,,0.000000,0.000000,0.000,0.000,Client
2026-05-15 07:42:38,1900-01-00 00:00:00,dlink-615_EXT,40:86:CB:27:D2:0C,-19, WPA2 ,0.000000,0.000000,0.000,0.000,AP
2026-05-15 07:42:38,1900-01-00 00:00:00,,9C:2F:9D:82:20:A3,-19,,0.000000,0.000000,0.000,0.000,Client
2026-05-15 07:42:38,1900-01-00 00:00:00,dlink-615_EXT,40:86:CB:27:D2:0C,-19, WPA2 ,0.000000,0.000000,0.000,0.000,AP
2026-05-15 07:42:38,1900-01-00 00:00:00,,9C:2F:9D:82:20:A3,-19,,0.000000,0.000000,0.000,0.000,Client
2026-05-15 07:42:38,1900-01-00 00:00:00,dlink-615_EXT,40:86:CB:27:D2:0C,-19, WPA2 ,0.000000,0.000000,0.000,0.000,AP
2026-05-15 07:42:38,1900-01-00 00:00:00,,9C:2F:9D:82:20:A3,-19,,0.000000,0.000000,0.000,0.000,Client
2026-05-15 07:42:38,1900-01-00 00:00:00,dlink-615_EXT,40:86:CB:27:D2:0C,-23, WPA2 ,0.000000,0.000000,0.000,0.000,AP
2026-05-15 07:42:38,1900-01-00 00:00:00,,9C:2F:9D:82:20:A3,-23,,0.000000,0.000000,0.000,0.000,Client
2026-05-15 07:42:38,1900-01-00 00:00:00,dlink-615_EXT,40:86:CB:27:D2:0C,-19, WPA2 ,0.000000,0.000000,0.000,0.000,AP
2026-05-15 07:42:38,1900-01-00 00:00:00,,9C:2F:9D:82:20:A3,-19,,0.000000,0.000000,0.000,0.000,Client
2026-05-15 07:42:38,1900-01-00 00:00:00,dlink-615_EXT,40:86:CB:27:D2:0C,-23, WPA2 ,0.000000,0.000000,0.000,0.000,AP
2026-05-15 07:42:38,1900-01-00 00:00:00,dlink-615_EXT,40:86:CB:27:D2:0C,-32, WPA2 ,0.000000,0.000000,0.000,0.000,AP
2026-05-15 07:42:38,1900-01-00 00:00:00,,9C:2F:9D:82:20:A3,-23,,0.000000,0.000000,0.000,0.000,Client
2026-05-15 07:42:38,1900-01-00 00:00:00,dlink-615_EXT,40:86:CB:27:D2:0C,-21, WPA2 ,0.000000,0.000000,0.000,0.000,AP
2026-05-15 07:42:38,1900-01-00 00:00:00,,9C:2F:9D:82:20:A3,-23,,0.000000,0.000000,0.000,0.000,Client
2026-05-15 07:42:38,1900-01-00 00:00:00,dlink-615_EXT,40:86:CB:27:D2:0C,-19, WPA2 ,0.000000,0.000000,0.000,0.000,AP
2026-05-15 07:42:38,1900-01-00 00:00:00,,9C:2F:9D:82:20:A3,-23,,0.000000,0.000000,0.000,0.000,Client
2026-05-15 07:42:38,1900-01-00 00:00:00,dlink-615_EXT,40:86:CB:27:D2:0C,-19, WPA2 ,0.000000,0.000000,0.000,0.000,AP
2026-05-15 07:42:38,1900-01-00 00:00:00,,9C:2F:9D:82:20:A3,-19,,0.000000,0.000000,0.000,0.000,Client
2026-05-15 07:42:38,1900-01-00 00:00:00,dlink-615_EXT,40:86:CB:27:D2:0C,-19, WPA2 ,0.000000,0.000000,0.000,0.000,AP
2026-05-15 07:42:38,1900-01-00 00:00:00,,9C:2F:9D:82:20:A3,-19,,0.000000,0.000000,0.000,0.000,Client
2026-05-15 07:42:38,1900-01-00 00:00:00,dlink-615_EXT,40:86:CB:27:D2:0C,-19, WPA2 ,0.000000,0.000000,0.000,0.000,AP
2026-05-15 07:42:38,1900-01-00 00:00:00,,9C:2F:9D:82:20:A3,-19,,0.000000,0.000000,0.000,0.000,Client
2026-05-15 07:42:38,1900-01-00 00:00:00,dlink-615_EXT,40:86:CB:27:D2:0C,-21, WPA2 ,0.000000,0.000000,0.000,0.000,AP
2026-05-15 07:42:38,1900-01-00 00:00:00,,9C:2F:9D:82:20:A3,-23,,0.000000,0.000000,0.000,0.000,Client
2026-05-15 07:42:38,1900-01-00 00:00:00,dlink-615_EXT,40:86:CB:27:D2:0C,-23, WPA2 ,0.000000,0.000000,0.000,0.000,AP
2026-05-15 07:42:38,1900-01-00 00:00:00,,9C:2F:9D:82:20:A3,-23,,0.000000,0.000000,0.000,0.000,Client
2026-05-15 07:42:38,1900-01-00 00:00:00,dlink-615_EXT,40:86:CB:27:D2:0C,-23, WPA2 ,0.000000,0.000000,0.000,0.000,AP
2026-05-15 07:42:38,1900-01-00 00:00:00,,9C:2F:9D:82:20:A3,-19,,0.000000,0.000000,0.000,0.000,Client
2026-05-15 07:42:38,1900-01-00 00:00:00,dlink-615_EXT,40:86:CB:27:D2:0C,-19, WPA2 ,0.000000,0.000000,0.000,0.000,AP
2026-05-15 07:42:38,1900-01-00 00:00:00,,9C:2F:9D:82:20:A3,-19,,0.000000,0.000000,0.000,0.000,Client
2026-05-15 07:42:38,1900-01-00 00:00:00,dlink-615_EXT,40:86:CB:27:D2:0C,-19, WPA2 ,0.000000,0.000000,0.000,0.000,AP
2026-05-15 07:42:38,1900-01-00 00:00:00,,9C:2F:9D:82:20:A3,-19,,0.000000,0.000000,0.000,0.000,Client
2026-05-15 07:42:38,1900-01-00 00:00:00,dlink-615_EXT,40:86:CB:27:D2:0C,-19, WPA2 ,0.000000,0.000000,0.000,0.000,AP
2026-05-15 07:42:38,1900-01-00 00:00:00,,9C:2F:9D:82:20:A3,-19,,0.000000,0.000000,0.000,0.000,Client
2026-05-15 07:42:38,1900-01-00 00:00:00,dlink-615_EXT,40:86:CB:27:D2:0C,-21, WPA2 ,0.000000,0.000000,0.000,0.000,AP
2026-05-15 07:42:38,1900-01-00 00:00:00,,9C:2F:9D:82:20:A3,-21,,0.000000,0.000000,0.000,0.000,Client
2026-05-15 07:42:38,1900-01-00 00:00:00,dlink-615_EXT,40:86:CB:27:D2:0C,-19, WPA2 ,0.000000,0.000000,0.000,0.000,AP
2026-05-15 07:42:38,1900-01-00 00:00:00,,9C:2F:9D:82:20:A3,-19,,0.000000,0.000000,0.000,0.000,Client
2026-05-15 07:42:38,1900-01-00 00:00:00,dlink-615_EXT,40:86:CB:27:D2:0C,-21, WPA2 ,0.000000,0.000000,0.000,0.000,AP
2026-05-15 07:42:38,1900-01-00 00:00:00,,9C:2F:9D:82:20:A3,-21,,0.000000,0.000000,0.000,0.000,Client
2026-05-15 07:42:38,1900-01-00 00:00:00,dlink-615_EXT,40:86:CB:27:D2:0C,-19, WPA2 ,0.000000,0.000000,0.000,0.000,AP
2026-05-15 07:42:38,1900-01-00 00:00:00,,9C:2F:9D:82:20:A3,-19,,0.000000,0.000000,0.000,0.000,Client
2026-05-15 07:42:38,1900-01-00 00:00:00,dlink-615_EXT,40:86:CB:27:D2:0C,-23, WPA2 ,0.000000,0.000000,0.000,0.000,AP
2026-05-15 07:42:38,1900-01-00 00:00:00,,9C:2F:9D:82:20:A3,-23,,0.000000,0.000000,0.000,0.000,Client
2026-05-15 07:42:38,1900-01-00 00:00:00,dlink-615_EXT,40:86:CB:27:D2:0C,-23, WPA2 ,0.000000,0.000000,0.000,0.000,AP
2026-05-15 07:42:38,1900-01-00 00:00:00,,9C:2F:9D:82:20:A3,-19,,0.000000,0.000000,0.000,0.000,Client
2026-05-15 07:42:38,1900-01-00 00:00:00,dlink-615_EXT,40:86:CB:27:D2:0C,-19, WPA2 ,0.000000,0.000000,0.000,0.000,AP
2026-05-15 07:42:38,1900-01-00 00:00:00,,9C:2F:9D:82:20:A3,-19,,0.000000,0.000000,0.000,0.000,Client
2026-05-15 07:42:38,1900-01-00 00:00:00,dlink-615_EXT,40:86:CB:27:D2:0C,-19, WPA2 ,0.000000,0.000000,0.000,0.000,AP
2026-05-15 07:42:38,1900-01-00 00:00:00,,9C:2F:9D:82:20:A3,-19,,0.000000,0.000000,0.000,0.000,Client
2026-05-15 07:42:38,1900-01-00 00:00:00,dlink-615_EXT,40:86:CB:27:D2:0C,-19, WPA2 ,0.000000,0.000000,0.000,0.000,AP
2026-05-15 07:42:38,1900-01-00 00:00:00,,9C:2F:9D:82:20:A3,-23,,0.000000,0.000000,0.000,0.000,Client
2026-05-15 07:42:38,1900-01-00 00:00:00,,9C:2F:9D:82:20:A3,-23,,0.000000,0.000000,0.000,0.000,Client
2026-05-15 07:42:38,1900-01-00 00:00:00,dlink-615_EXT,40:86:CB:27:D2:0C,-19, WPA2 ,0.000000,0.000000,0.000,0.000,AP
2026-05-15 07:42:38,1900-01-00 00:00:00,,9C:2F:9D:82:20:A3,-23,,0.000000,0.000000,0.000,0.000,Client
2026-05-15 07:42:38,1900-01-00 00:00:00,,9C:2F:9D:82:20:A3,-19,,0.000000,0.000000,0.000,0.000,Client
2026-05-15 07:42:38,1900-01-00 00:00:00,dlink-615_EXT,40:86:CB:27:D2:0C,-19, WPA2 ,0.000000,0.000000,0.000,0.000,AP
2026-05-15 07:42:38,1900-01-00 00:00:00,dlink-615_EXT,40:86:CB:27:D2:0C,-19, WPA2 ,0.000000,0.000000,0.000,0.000,AP
2026-05-15 07:42:38,1900-01-00 00:00:00,,9C:2F:9D:82:20:A3,-19,,0.000000,0.000000,0.000,0.000,Client
2026-05-15 07:42:38,1900-01-00 00:00:00,dlink-615_EXT,40:86:CB:27:D2:0C,-19, WPA2 ,0.000000,0.000000,0.000,0.000,AP
2026-05-15 07:42:38,1900-01-00 00:00:00,,9C:2F:9D:82:20:A3,-25,,0.000000,0.000000,0.000,0.000,Client
2026-05-15 07:42:38,1900-01-00 00:00:00,dlink-615_EXT,40:86:CB:27:D2:0C,-25, WPA2 ,0.000000,0.000000,0.000,0.000,AP
2026-05-15 07:42:38,1900-01-00 00:00:00,,9C:2F:9D:82:20:A3,-23,,0.000000,0.000000,0.000,0.000,Client
2026-05-15 07:42:38,1900-01-00 00:00:00,dlink-615_EXT,40:86:CB:27:D2:0C,-19, WPA2 ,0.000000,0.000000,0.000,0.000,AP
2026-05-15 07:42:38,1900-01-00 00:00:00,,9C:2F:9D:82:20:A3,-19,,0.000000,0.000000,0.000,0.000,Client
2026-05-15 07:42:49,1900-01-00 00:00:00,dlink-615_EXT,40:86:CB:27:D2:0C,-61, WPA2 ,0.000000,0.000000,0.000,0.000,AP
2026-05-15 07:42:49,1900-01-00 00:00:00,dlink-615_EXT,40:86:CB:27:D2:0C,-19, WPA2 ,0.000000,0.000000,0.000,0.000,AP
2026-05-15 07:42:49,1900-01-00 00:00:00,dlink-615_EXT,40:86:CB:27:D2:0C,-21, WPA2 ,0.000000,0.000000,0.000,0.000,AP
2026-05-15 07:42:49,1900-01-00 00:00:00,dlink-615_EXT,40:86:CB:27:D2:0C,-19, WPA2 ,0.000000,0.000000,0.000,0.000,AP
2026-05-15 07:42:49,1900-01-00 00:00:00,dlink-615_EXT,40:86:CB:27:D2:0C,-19, WPA2 ,0.000000,0.000000,0.000,0.000,AP
2026-05-15 07:42:50,1900-01-00 00:00:00,dlink-615_EXT,40:86:CB:27:D2:0C,-19, WPA2 ,0.000000,0.000000,0.000,0.000,AP
2026-05-15 07:42:51,1900-01-00 00:00:00,dlink-615_EXT,40:86:CB:27:D2:0C,-19, WPA2 ,0.000000,0.000000,0.000,0.000,AP
