LocalTime, GPSTime, ESSID, BSSID, Power, Security, Latitude, Longitude, Latitude Error, Longitude Error, Type
2026-05-06 17:36:42,1900-01-00 00:00:00,,40:86:CB:27:D2:0C,-25, ,0.000000,0.000000,0.000,0.000,AP
2026-05-06 17:36:42,1900-01-00 00:00:00,dlink-615_EXT,40:86:CB:27:D2:0C,-23, WPA2 ,0.000000,0.000000,0.000,0.000,AP
2026-05-06 17:36:42,1900-01-00 00:00:00,dlink-615_EXT,40:86:CB:27:D2:0C,-23, WPA2 ,0.000000,0.000000,0.000,0.000,AP
2026-05-06 17:36:42,1900-01-00 00:00:00,dlink-615_EXT,40:86:CB:27:D2:0C,-23, WPA2 ,0.000000,0.000000,0.000,0.000,AP
2026-05-06 17:36:43,1900-01-00 00:00:00,dlink-615_EXT,40:86:CB:27:D2:0C,-25, WPA2 ,0.000000,0.000000,0.000,0.000,AP
2026-05-06 17:36:43,1900-01-00 00:00:00,dlink-615_EXT,40:86:CB:27:D2:0C,-23, WPA2 ,0.000000,0.000000,0.000,0.000,AP
2026-05-06 17:36:43,1900-01-00 00:00:00,dlink-615_EXT,40:86:CB:27:D2:0C,-25, WPA2 ,0.000000,0.000000,0.000,0.000,AP
2026-05-06 17:36:43,1900-01-00 00:00:00,dlink-615_EXT,40:86:CB:27:D2:0C,-25, WPA2 ,0.000000,0.000000,0.000,0.000,AP
2026-05-06 17:36:43,1900-01-00 00:00:00,,9C:2F:9D:82:20:A3,-25,,0.000000,0.000000,0.000,0.000,Client
2026-05-06 17:36:43,1900-01-00 00:00:00,dlink-615_EXT,40:86:CB:27:D2:0C,-25, WPA2 ,0.000000,0.000000,0.000,0.000,AP
2026-05-06 17:36:43,1900-01-00 00:00:00,dlink-615_EXT,40:86:CB:27:D2:0C,-25, WPA2 ,0.000000,0.000000,0.000,0.000,AP
2026-05-06 17:36:43,1900-01-00 00:00:00,dlink-615_EXT,40:86:CB:27:D2:0C,-25, WPA2 ,0.000000,0.000000,0.000,0.000,AP
2026-05-06 17:36:43,1900-01-00 00:00:00,dlink-615_EXT,40:86:CB:27:D2:0C,-23, WPA2 ,0.000000,0.000000,0.000,0.000,AP
2026-05-06 17:36:43,1900-01-00 00:00:00,dlink-615_EXT,40:86:CB:27:D2:0C,-23, WPA2 ,0.000000,0.000000,0.000,0.000,AP
2026-05-06 17:36:43,1900-01-00 00:00:00,dlink-615_EXT,40:86:CB:27:D2:0C,-25, WPA2 ,0.000000,0.000000,0.000,0.000,AP
2026-05-06 17:36:44,1900-01-00 00:00:00,dlink-615_EXT,40:86:CB:27:D2:0C,-23, WPA2 ,0.000000,0.000000,0.000,0.000,AP
2026-05-06 17:36:44,1900-01-00 00:00:00,dlink-615_EXT,40:86:CB:27:D2:0C,-25, WPA2 ,0.000000,0.000000,0.000,0.000,AP
2026-05-06 17:36:44,1900-01-00 00:00:00,,9C:2F:9D:82:20:A3,-31,,0.000000,0.000000,0.000,0.000,Client
2026-05-06 17:36:44,1900-01-00 00:00:00,dlink-615_EXT,40:86:CB:27:D2:0C,-23, WPA2 ,0.000000,0.000000,0.000,0.000,AP
2026-05-06 17:36:44,1900-01-00 00:00:00,dlink-615_EXT,40:86:CB:27:D2:0C,-25, WPA2 ,0.000000,0.000000,0.000,0.000,AP
2026-05-06 17:36:44,1900-01-00 00:00:00,dlink-615_EXT,40:86:CB:27:D2:0C,-25, WPA2 ,0.000000,0.000000,0.000,0.000,AP
2026-05-06 17:36:44,1900-01-00 00:00:00,dlink-615_EXT,40:86:CB:27:D2:0C,-23, WPA2 ,0.000000,0.000000,0.000,0.000,AP
2026-05-06 17:36:44,1900-01-00 00:00:00,dlink-615_EXT,40:86:CB:27:D2:0C,-23, WPA2 ,0.000000,0.000000,0.000,0.000,AP
2026-05-06 17:36:44,1900-01-00 00:00:00,dlink-615_EXT,40:86:CB:27:D2:0C,-25, WPA2 ,0.000000,0.000000,0.000,0.000,AP
2026-05-06 17:36:44,1900-01-00 00:00:00,dlink-615_EXT,40:86:CB:27:D2:0C,-25, WPA2 ,0.000000,0.000000,0.000,0.000,AP
2026-05-06 17:36:45,1900-01-00 00:00:00,dlink-615_EXT,40:86:CB:27:D2:0C,-25, WPA2 ,0.000000,0.000000,0.000,0.000,AP
2026-05-06 17:36:45,1900-01-00 00:00:00,dlink-615_EXT,40:86:CB:27:D2:0C,-23, WPA2 ,0.000000,0.000000,0.000,0.000,AP
2026-05-06 17:36:45,1900-01-00 00:00:00,dlink-615_EXT,40:86:CB:27:D2:0C,-23, WPA2 ,0.000000,0.000000,0.000,0.000,AP
2026-05-06 17:36:45,1900-01-00 00:00:00,,9C:2F:9D:82:20:A3,-29,,0.000000,0.000000,0.000,0.000,Client
2026-05-06 17:36:45,1900-01-00 00:00:00,,9C:2F:9D:82:20:A3,-29,,0.000000,0.000000,0.000,0.000,Client
2026-05-06 17:36:45,1900-01-00 00:00:00,dlink-615_EXT,40:86:CB:27:D2:0C,-25, WPA2 ,0.000000,0.000000,0.000,0.000,AP
2026-05-06 17:36:45,1900-01-00 00:00:00,dlink-615_EXT,40:86:CB:27:D2:0C,-23, WPA2 ,0.000000,0.000000,0.000,0.000,AP
2026-05-06 17:36:45,1900-01-00 00:00:00,dlink-615_EXT,40:86:CB:27:D2:0C,-25, WPA2 ,0.000000,0.000000,0.000,0.000,AP
2026-05-06 17:36:45,1900-01-00 00:00:00,dlink-615_EXT,40:86:CB:27:D2:0C,-25, WPA2 ,0.000000,0.000000,0.000,0.000,AP
2026-05-06 17:36:45,1900-01-00 00:00:00,dlink-615_EXT,40:86:CB:27:D2:0C,-25, WPA2 ,0.000000,0.000000,0.000,0.000,AP
2026-05-06 17:36:46,1900-01-00 00:00:00,dlink-615_EXT,40:86:CB:27:D2:0C,-23, WPA2 ,0.000000,0.000000,0.000,0.000,AP
2026-05-06 17:36:46,1900-01-00 00:00:00,dlink-615_EXT,40:86:CB:27:D2:0C,-25, WPA2 ,0.000000,0.000000,0.000,0.000,AP
2026-05-06 17:36:46,1900-01-00 00:00:00,dlink-615_EXT,40:86:CB:27:D2:0C,-23, WPA2 ,0.000000,0.000000,0.000,0.000,AP
2026-05-06 17:36:46,1900-01-00 00:00:00,,9C:2F:9D:82:20:A3,-29,,0.000000,0.000000,0.000,0.000,Client
2026-05-06 17:36:46,1900-01-00 00:00:00,dlink-615_EXT,40:86:CB:27:D2:0C,-25, WPA2 ,0.000000,0.000000,0.000,0.000,AP
2026-05-06 17:36:46,1900-01-00 00:00:00,dlink-615_EXT,40:86:CB:27:D2:0C,-25, WPA2 ,0.000000,0.000000,0.000,0.000,AP
2026-05-06 17:36:46,1900-01-00 00:00:00,dlink-615_EXT,40:86:CB:27:D2:0C,-25, WPA2 ,0.000000,0.000000,0.000,0.000,AP
2026-05-06 17:36:46,1900-01-00 00:00:00,dlink-615_EXT,40:86:CB:27:D2:0C,-23, WPA2 ,0.000000,0.000000,0.000,0.000,AP
2026-05-06 17:36:46,1900-01-00 00:00:00,dlink-615_EXT,40:86:CB:27:D2:0C,-23, WPA2 ,0.000000,0.000000,0.000,0.000,AP
2026-05-06 17:36:46,1900-01-00 00:00:00,dlink-615_EXT,40:86:CB:27:D2:0C,-23, WPA2 ,0.000000,0.000000,0.000,0.000,AP
2026-05-06 17:36:46,1900-01-00 00:00:00,dlink-615_EXT,40:86:CB:27:D2:0C,-25, WPA2 ,0.000000,0.000000,0.000,0.000,AP
2026-05-06 17:36:47,1900-01-00 00:00:00,dlink-615_EXT,40:86:CB:27:D2:0C,-23, WPA2 ,0.000000,0.000000,0.000,0.000,AP
2026-05-06 17:36:47,1900-01-00 00:00:00,dlink-615_EXT,40:86:CB:27:D2:0C,-25, WPA2 ,0.000000,0.000000,0.000,0.000,AP
2026-05-06 17:36:47,1900-01-00 00:00:00,,9C:2F:9D:82:20:A3,-29,,0.000000,0.000000,0.000,0.000,Client
2026-05-06 17:36:47,1900-01-00 00:00:00,dlink-615_EXT,40:86:CB:27:D2:0C,-27, WPA2 ,0.000000,0.000000,0.000,0.000,AP
2026-05-06 17:36:47,1900-01-00 00:00:00,dlink-615_EXT,40:86:CB:27:D2:0C,-23, WPA2 ,0.000000,0.000000,0.000,0.000,AP
2026-05-06 17:36:47,1900-01-00 00:00:00,dlink-615_EXT,40:86:CB:27:D2:0C,-25, WPA2 ,0.000000,0.000000,0.000,0.000,AP
2026-05-06 17:36:47,1900-01-00 00:00:00,dlink-615_EXT,40:86:CB:27:D2:0C,-25, WPA2 ,0.000000,0.000000,0.000,0.000,AP
2026-05-06 17:36:47,1900-01-00 00:00:00,dlink-615_EXT,40:86:CB:27:D2:0C,-23, WPA2 ,0.000000,0.000000,0.000,0.000,AP
2026-05-06 17:36:48,1900-01-00 00:00:00,dlink-615_EXT,40:86:CB:27:D2:0C,-23, WPA2 ,0.000000,0.000000,0.000,0.000,AP
2026-05-06 17:36:48,1900-01-00 00:00:00,dlink-615_EXT,40:86:CB:27:D2:0C,-25, WPA2 ,0.000000,0.000000,0.000,0.000,AP
2026-05-06 17:36:48,1900-01-00 00:00:00,dlink-615_EXT,40:86:CB:27:D2:0C,-25, WPA2 ,0.000000,0.000000,0.000,0.000,AP
2026-05-06 17:36:48,1900-01-00 00:00:00,,9C:2F:9D:82:20:A3,-29,,0.000000,0.000000,0.000,0.000,Client
2026-05-06 17:36:48,1900-01-00 00:00:00,dlink-615_EXT,40:86:CB:27:D2:0C,-25, WPA2 ,0.000000,0.000000,0.000,0.000,AP
2026-05-06 17:36:48,1900-01-00 00:00:00,,9C:2F:9D:82:20:A3,-29,,0.000000,0.000000,0.000,0.000,Client
2026-05-06 17:36:48,1900-01-00 00:00:00,dlink-615_EXT,40:86:CB:27:D2:0C,-23, WPA2 ,0.000000,0.000000,0.000,0.000,AP
2026-05-06 17:36:48,1900-01-00 00:00:00,dlink-615_EXT,40:86:CB:27:D2:0C,-25, WPA2 ,0.000000,0.000000,0.000,0.000,AP
2026-05-06 17:36:48,1900-01-00 00:00:00,dlink-615_EXT,40:86:CB:27:D2:0C,-25, WPA2 ,0.000000,0.000000,0.000,0.000,AP
2026-05-06 17:36:49,1900-01-00 00:00:00,dlink-615_EXT,40:86:CB:27:D2:0C,-25, WPA2 ,0.000000,0.000000,0.000,0.000,AP
2026-05-06 17:36:49,1900-01-00 00:00:00,dlink-615_EXT,40:86:CB:27:D2:0C,-23, WPA2 ,0.000000,0.000000,0.000,0.000,AP
2026-05-06 17:36:49,1900-01-00 00:00:00,dlink-615_EXT,40:86:CB:27:D2:0C,-25, WPA2 ,0.000000,0.000000,0.000,0.000,AP
2026-05-06 17:36:49,1900-01-00 00:00:00,,9C:2F:9D:82:20:A3,-83,,0.000000,0.000000,0.000,0.000,Client
2026-05-06 17:36:49,1900-01-00 00:00:00,dlink-615_EXT,40:86:CB:27:D2:0C,-23, WPA2 ,0.000000,0.000000,0.000,0.000,AP
2026-05-06 17:36:49,1900-01-00 00:00:00,,9C:2F:9D:82:20:A3,-29,,0.000000,0.000000,0.000,0.000,Client
2026-05-06 17:36:49,1900-01-00 00:00:00,dlink-615_EXT,40:86:CB:27:D2:0C,-25, WPA2 ,0.000000,0.000000,0.000,0.000,AP
2026-05-06 17:36:49,1900-01-00 00:00:00,dlink-615_EXT,40:86:CB:27:D2:0C,-25, WPA2 ,0.000000,0.000000,0.000,0.000,AP
2026-05-06 17:36:49,1900-01-00 00:00:00,dlink-615_EXT,40:86:CB:27:D2:0C,-25, WPA2 ,0.000000,0.000000,0.000,0.000,AP
2026-05-06 17:36:49,1900-01-00 00:00:00,dlink-615_EXT,40:86:CB:27:D2:0C,-25, WPA2 ,0.000000,0.000000,0.000,0.000,AP
2026-05-06 17:36:49,1900-01-00 00:00:00,dlink-615_EXT,40:86:CB:27:D2:0C,-25, WPA2 ,0.000000,0.000000,0.000,0.000,AP
2026-05-06 17:36:50,1900-01-00 00:00:00,dlink-615_EXT,40:86:CB:27:D2:0C,-25, WPA2 ,0.000000,0.000000,0.000,0.000,AP
2026-05-06 17:36:50,1900-01-00 00:00:00,dlink-615_EXT,40:86:CB:27:D2:0C,-25, WPA2 ,0.000000,0.000000,0.000,0.000,AP
2026-05-06 17:36:50,1900-01-00 00:00:00,,9C:2F:9D:82:20:A3,-29,,0.000000,0.000000,0.000,0.000,Client
2026-05-06 17:36:50,1900-01-00 00:00:00,dlink-615_EXT,40:86:CB:27:D2:0C,-25, WPA2 ,0.000000,0.000000,0.000,0.000,AP
2026-05-06 17:36:50,1900-01-00 00:00:00,dlink-615_EXT,40:86:CB:27:D2:0C,-25, WPA2 ,0.000000,0.000000,0.000,0.000,AP
2026-05-06 17:36:50,1900-01-00 00:00:00,dlink-615_EXT,40:86:CB:27:D2:0C,-25, WPA2 ,0.000000,0.000000,0.000,0.000,AP
2026-05-06 17:36:50,1900-01-00 00:00:00,dlink-615_EXT,40:86:CB:27:D2:0C,-25, WPA2 ,0.000000,0.000000,0.000,0.000,AP
2026-05-06 17:36:50,1900-01-00 00:00:00,dlink-615_EXT,40:86:CB:27:D2:0C,-25, WPA2 ,0.000000,0.000000,0.000,0.000,AP
2026-05-06 17:36:50,1900-01-00 00:00:00,dlink-615_EXT,40:86:CB:27:D2:0C,-25, WPA2 ,0.000000,0.000000,0.000,0.000,AP
2026-05-06 17:36:50,1900-01-00 00:00:00,dlink-615_EXT,40:86:CB:27:D2:0C,-23, WPA2 ,0.000000,0.000000,0.000,0.000,AP
2026-05-06 17:36:50,1900-01-00 00:00:00,dlink-615_EXT,40:86:CB:27:D2:0C,-23, WPA2 ,0.000000,0.000000,0.000,0.000,AP
2026-05-06 17:36:51,1900-01-00 00:00:00,dlink-615_EXT,40:86:CB:27:D2:0C,-25, WPA2 ,0.000000,0.000000,0.000,0.000,AP
2026-05-06 17:36:51,1900-01-00 00:00:00,dlink-615_EXT,40:86:CB:27:D2:0C,-25, WPA2 ,0.000000,0.000000,0.000,0.000,AP
2026-05-06 17:36:51,1900-01-00 00:00:00,,9C:2F:9D:82:20:A3,-29,,0.000000,0.000000,0.000,0.000,Client
2026-05-06 17:36:51,1900-01-00 00:00:00,dlink-615_EXT,40:86:CB:27:D2:0C,-25, WPA2 ,0.000000,0.000000,0.000,0.000,AP
2026-05-06 17:36:51,1900-01-00 00:00:00,,9C:2F:9D:82:20:A3,-29,,0.000000,0.000000,0.000,0.000,Client
2026-05-06 17:36:51,1900-01-00 00:00:00,dlink-615_EXT,40:86:CB:27:D2:0C,-25, WPA2 ,0.000000,0.000000,0.000,0.000,AP
2026-05-06 17:36:51,1900-01-00 00:00:00,dlink-615_EXT,40:86:CB:27:D2:0C,-25, WPA2 ,0.000000,0.000000,0.000,0.000,AP
2026-05-06 17:36:51,1900-01-00 00:00:00,dlink-615_EXT,40:86:CB:27:D2:0C,-23, WPA2 ,0.000000,0.000000,0.000,0.000,AP
2026-05-06 17:36:51,1900-01-00 00:00:00,dlink-615_EXT,40:86:CB:27:D2:0C,-23, WPA2 ,0.000000,0.000000,0.000,0.000,AP
2026-05-06 17:36:51,1900-01-00 00:00:00,dlink-615_EXT,40:86:CB:27:D2:0C,-23, WPA2 ,0.000000,0.000000,0.000,0.000,AP
2026-05-06 17:36:51,1900-01-00 00:00:00,dlink-615_EXT,40:86:CB:27:D2:0C,-25, WPA2 ,0.000000,0.000000,0.000,0.000,AP
2026-05-06 17:36:52,1900-01-00 00:00:00,dlink-615_EXT,40:86:CB:27:D2:0C,-25, WPA2 ,0.000000,0.000000,0.000,0.000,AP
2026-05-06 17:36:52,1900-01-00 00:00:00,dlink-615_EXT,40:86:CB:27:D2:0C,-25, WPA2 ,0.000000,0.000000,0.000,0.000,AP
2026-05-06 17:36:52,1900-01-00 00:00:00,,9C:2F:9D:82:20:A3,-29,,0.000000,0.000000,0.000,0.000,Client
2026-05-06 17:36:52,1900-01-00 00:00:00,dlink-615_EXT,40:86:CB:27:D2:0C,-25, WPA2 ,0.000000,0.000000,0.000,0.000,AP
2026-05-06 17:36:52,1900-01-00 00:00:00,,9C:2F:9D:82:20:A3,-25,,0.000000,0.000000,0.000,0.000,Client
2026-05-06 17:36:52,1900-01-00 00:00:00,dlink-615_EXT,40:86:CB:27:D2:0C,-25, WPA2 ,0.000000,0.000000,0.000,0.000,AP
2026-05-06 17:36:52,1900-01-00 00:00:00,dlink-615_EXT,40:86:CB:27:D2:0C,-25, WPA2 ,0.000000,0.000000,0.000,0.000,AP
2026-05-06 17:36:52,1900-01-00 00:00:00,dlink-615_EXT,40:86:CB:27:D2:0C,-25, WPA2 ,0.000000,0.000000,0.000,0.000,AP
2026-05-06 17:36:53,1900-01-00 00:00:00,dlink-615_EXT,40:86:CB:27:D2:0C,-25, WPA2 ,0.000000,0.000000,0.000,0.000,AP
2026-05-06 17:36:53,1900-01-00 00:00:00,dlink-615_EXT,40:86:CB:27:D2:0C,-25, WPA2 ,0.000000,0.000000,0.000,0.000,AP
2026-05-06 17:36:53,1900-01-00 00:00:00,dlink-615_EXT,40:86:CB:27:D2:0C,-25, WPA2 ,0.000000,0.000000,0.000,0.000,AP
2026-05-06 17:36:53,1900-01-00 00:00:00,,9C:2F:9D:82:20:A3,-29,,0.000000,0.000000,0.000,0.000,Client
2026-05-06 17:36:53,1900-01-00 00:00:00,dlink-615_EXT,40:86:CB:27:D2:0C,-25, WPA2 ,0.000000,0.000000,0.000,0.000,AP
2026-05-06 17:36:53,1900-01-00 00:00:00,dlink-615_EXT,40:86:CB:27:D2:0C,-25, WPA2 ,0.000000,0.000000,0.000,0.000,AP
2026-05-06 17:36:53,1900-01-00 00:00:00,dlink-615_EXT,40:86:CB:27:D2:0C,-25, WPA2 ,0.000000,0.000000,0.000,0.000,AP
2026-05-06 17:36:53,1900-01-00 00:00:00,dlink-615_EXT,40:86:CB:27:D2:0C,-25, WPA2 ,0.000000,0.000000,0.000,0.000,AP
2026-05-06 17:36:53,1900-01-00 00:00:00,dlink-615_EXT,40:86:CB:27:D2:0C,-25, WPA2 ,0.000000,0.000000,0.000,0.000,AP
2026-05-06 17:36:54,1900-01-00 00:00:00,dlink-615_EXT,40:86:CB:27:D2:0C,-25, WPA2 ,0.000000,0.000000,0.000,0.000,AP
2026-05-06 17:36:54,1900-01-00 00:00:00,dlink-615_EXT,40:86:CB:27:D2:0C,-25, WPA2 ,0.000000,0.000000,0.000,0.000,AP
2026-05-06 17:36:54,1900-01-00 00:00:00,dlink-615_EXT,40:86:CB:27:D2:0C,-25, WPA2 ,0.000000,0.000000,0.000,0.000,AP
2026-05-06 17:36:54,1900-01-00 00:00:00,,9C:2F:9D:82:20:A3,-29,,0.000000,0.000000,0.000,0.000,Client
2026-05-06 17:36:54,1900-01-00 00:00:00,,9C:2F:9D:82:20:A3,-29,,0.000000,0.000000,0.000,0.000,Client
2026-05-06 17:36:54,1900-01-00 00:00:00,dlink-615_EXT,40:86:CB:27:D2:0C,-23, WPA2 ,0.000000,0.000000,0.000,0.000,AP
2026-05-06 17:36:54,1900-01-00 00:00:00,dlink-615_EXT,40:86:CB:27:D2:0C,-25, WPA2 ,0.000000,0.000000,0.000,0.000,AP
2026-05-06 17:36:54,1900-01-00 00:00:00,dlink-615_EXT,40:86:CB:27:D2:0C,-25, WPA2 ,0.000000,0.000000,0.000,0.000,AP
2026-05-06 17:36:54,1900-01-00 00:00:00,dlink-615_EXT,40:86:CB:27:D2:0C,-25, WPA2 ,0.000000,0.000000,0.000,0.000,AP
2026-05-06 17:36:54,1900-01-00 00:00:00,dlink-615_EXT,40:86:CB:27:D2:0C,-25, WPA2 ,0.000000,0.000000,0.000,0.000,AP
2026-05-06 17:36:54,1900-01-00 00:00:00,dlink-615_EXT,40:86:CB:27:D2:0C,-23, WPA2 ,0.000000,0.000000,0.000,0.000,AP
2026-05-06 17:36:55,1900-01-00 00:00:00,dlink-615_EXT,40:86:CB:27:D2:0C,-23, WPA2 ,0.000000,0.000000,0.000,0.000,AP
2026-05-06 17:36:55,1900-01-00 00:00:00,dlink-615_EXT,40:86:CB:27:D2:0C,-25, WPA2 ,0.000000,0.000000,0.000,0.000,AP
2026-05-06 17:36:55,1900-01-00 00:00:00,dlink-615_EXT,40:86:CB:27:D2:0C,-23, WPA2 ,0.000000,0.000000,0.000,0.000,AP
2026-05-06 17:36:55,1900-01-00 00:00:00,,9C:2F:9D:82:20:A3,-29,,0.000000,0.000000,0.000,0.000,Client
2026-05-06 17:36:55,1900-01-00 00:00:00,dlink-615_EXT,40:86:CB:27:D2:0C,-23, WPA2 ,0.000000,0.000000,0.000,0.000,AP
2026-05-06 17:36:55,1900-01-00 00:00:00,,9C:2F:9D:82:20:A3,-29,,0.000000,0.000000,0.000,0.000,Client
2026-05-06 17:36:55,1900-01-00 00:00:00,dlink-615_EXT,40:86:CB:27:D2:0C,-25, WPA2 ,0.000000,0.000000,0.000,0.000,AP
2026-05-06 17:36:55,1900-01-00 00:00:00,dlink-615_EXT,40:86:CB:27:D2:0C,-23, WPA2 ,0.000000,0.000000,0.000,0.000,AP
2026-05-06 17:36:55,1900-01-00 00:00:00,dlink-615_EXT,40:86:CB:27:D2:0C,-25, WPA2 ,0.000000,0.000000,0.000,0.000,AP
2026-05-06 17:36:55,1900-01-00 00:00:00,dlink-615_EXT,40:86:CB:27:D2:0C,-23, WPA2 ,0.000000,0.000000,0.000,0.000,AP
2026-05-06 17:36:56,1900-01-00 00:00:00,dlink-615_EXT,40:86:CB:27:D2:0C,-23, WPA2 ,0.000000,0.000000,0.000,0.000,AP
2026-05-06 17:36:56,1900-01-00 00:00:00,dlink-615_EXT,40:86:CB:27:D2:0C,-23, WPA2 ,0.000000,0.000000,0.000,0.000,AP
2026-05-06 17:36:56,1900-01-00 00:00:00,dlink-615_EXT,40:86:CB:27:D2:0C,-23, WPA2 ,0.000000,0.000000,0.000,0.000,AP
2026-05-06 17:36:56,1900-01-00 00:00:00,,9C:2F:9D:82:20:A3,-29,,0.000000,0.000000,0.000,0.000,Client
2026-05-06 17:36:56,1900-01-00 00:00:00,dlink-615_EXT,40:86:CB:27:D2:0C,-21, WPA2 ,0.000000,0.000000,0.000,0.000,AP
2026-05-06 17:36:56,1900-01-00 00:00:00,,9C:2F:9D:82:20:A3,-31,,0.000000,0.000000,0.000,0.000,Client
2026-05-06 17:36:56,1900-01-00 00:00:00,dlink-615_EXT,40:86:CB:27:D2:0C,-23, WPA2 ,0.000000,0.000000,0.000,0.000,AP
2026-05-06 17:36:56,1900-01-00 00:00:00,dlink-615_EXT,40:86:CB:27:D2:0C,-21, WPA2 ,0.000000,0.000000,0.000,0.000,AP
2026-05-06 17:36:56,1900-01-00 00:00:00,dlink-615_EXT,40:86:CB:27:D2:0C,-21, WPA2 ,0.000000,0.000000,0.000,0.000,AP
2026-05-06 17:36:56,1900-01-00 00:00:00,dlink-615_EXT,40:86:CB:27:D2:0C,-21, WPA2 ,0.000000,0.000000,0.000,0.000,AP
2026-05-06 17:36:56,1900-01-00 00:00:00,dlink-615_EXT,40:86:CB:27:D2:0C,-21, WPA2 ,0.000000,0.000000,0.000,0.000,AP
2026-05-06 17:36:57,1900-01-00 00:00:00,dlink-615_EXT,40:86:CB:27:D2:0C,-21, WPA2 ,0.000000,0.000000,0.000,0.000,AP
2026-05-06 17:36:57,1900-01-00 00:00:00,dlink-615_EXT,40:86:CB:27:D2:0C,-21, WPA2 ,0.000000,0.000000,0.000,0.000,AP
2026-05-06 17:36:57,1900-01-00 00:00:00,,9C:2F:9D:82:20:A3,-29,,0.000000,0.000000,0.000,0.000,Client
2026-05-06 17:36:57,1900-01-00 00:00:00,dlink-615_EXT,40:86:CB:27:D2:0C,-23, WPA2 ,0.000000,0.000000,0.000,0.000,AP
2026-05-06 17:36:57,1900-01-00 00:00:00,,9C:2F:9D:82:20:A3,-29,,0.000000,0.000000,0.000,0.000,Client
2026-05-06 17:36:57,1900-01-00 00:00:00,dlink-615_EXT,40:86:CB:27:D2:0C,-23, WPA2 ,0.000000,0.000000,0.000,0.000,AP
2026-05-06 17:36:57,1900-01-00 00:00:00,dlink-615_EXT,40:86:CB:27:D2:0C,-23, WPA2 ,0.000000,0.000000,0.000,0.000,AP
2026-05-06 17:36:57,1900-01-00 00:00:00,dlink-615_EXT,40:86:CB:27:D2:0C,-21, WPA2 ,0.000000,0.000000,0.000,0.000,AP
2026-05-06 17:36:57,1900-01-00 00:00:00,dlink-615_EXT,40:86:CB:27:D2:0C,-23, WPA2 ,0.000000,0.000000,0.000,0.000,AP
2026-05-06 17:36:57,1900-01-00 00:00:00,dlink-615_EXT,40:86:CB:27:D2:0C,-21, WPA2 ,0.000000,0.000000,0.000,0.000,AP
2026-05-06 17:36:58,1900-01-00 00:00:00,dlink-615_EXT,40:86:CB:27:D2:0C,-21, WPA2 ,0.000000,0.000000,0.000,0.000,AP
2026-05-06 17:36:58,1900-01-00 00:00:00,dlink-615_EXT,40:86:CB:27:D2:0C,-21, WPA2 ,0.000000,0.000000,0.000,0.000,AP
2026-05-06 17:36:58,1900-01-00 00:00:00,,9C:2F:9D:82:20:A3,-33,,0.000000,0.000000,0.000,0.000,Client
2026-05-06 17:36:58,1900-01-00 00:00:00,dlink-615_EXT,40:86:CB:27:D2:0C,-21, WPA2 ,0.000000,0.000000,0.000,0.000,AP
2026-05-06 17:36:58,1900-01-00 00:00:00,,9C:2F:9D:82:20:A3,-31,,0.000000,0.000000,0.000,0.000,Client
2026-05-06 17:36:58,1900-01-00 00:00:00,dlink-615_EXT,40:86:CB:27:D2:0C,-21, WPA2 ,0.000000,0.000000,0.000,0.000,AP
2026-05-06 17:36:58,1900-01-00 00:00:00,dlink-615_EXT,40:86:CB:27:D2:0C,-21, WPA2 ,0.000000,0.000000,0.000,0.000,AP
2026-05-06 17:36:58,1900-01-00 00:00:00,dlink-615_EXT,40:86:CB:27:D2:0C,-21, WPA2 ,0.000000,0.000000,0.000,0.000,AP
2026-05-06 17:36:58,1900-01-00 00:00:00,dlink-615_EXT,40:86:CB:27:D2:0C,-23, WPA2 ,0.000000,0.000000,0.000,0.000,AP
2026-05-06 17:36:58,1900-01-00 00:00:00,dlink-615_EXT,40:86:CB:27:D2:0C,-21, WPA2 ,0.000000,0.000000,0.000,0.000,AP
2026-05-06 17:36:58,1900-01-00 00:00:00,dlink-615_EXT,40:86:CB:27:D2:0C,-23, WPA2 ,0.000000,0.000000,0.000,0.000,AP
2026-05-06 17:36:59,1900-01-00 00:00:00,dlink-615_EXT,40:86:CB:27:D2:0C,-21, WPA2 ,0.000000,0.000000,0.000,0.000,AP
2026-05-06 17:36:59,1900-01-00 00:00:00,dlink-615_EXT,40:86:CB:27:D2:0C,-21, WPA2 ,0.000000,0.000000,0.000,0.000,AP
2026-05-06 17:36:59,1900-01-00 00:00:00,dlink-615_EXT,40:86:CB:27:D2:0C,-21, WPA2 ,0.000000,0.000000,0.000,0.000,AP
2026-05-06 17:36:59,1900-01-00 00:00:00,dlink-615_EXT,40:86:CB:27:D2:0C,-23, WPA2 ,0.000000,0.000000,0.000,0.000,AP
2026-05-06 17:36:59,1900-01-00 00:00:00,dlink-615_EXT,40:86:CB:27:D2:0C,-23, WPA2 ,0.000000,0.000000,0.000,0.000,AP
2026-05-06 17:36:59,1900-01-00 00:00:00,,9C:2F:9D:82:20:A3,-33,,0.000000,0.000000,0.000,0.000,Client
2026-05-06 17:36:59,1900-01-00 00:00:00,dlink-615_EXT,40:86:CB:27:D2:0C,-21, WPA2 ,0.000000,0.000000,0.000,0.000,AP
2026-05-06 17:36:59,1900-01-00 00:00:00,,9C:2F:9D:82:20:A3,-31,,0.000000,0.000000,0.000,0.000,Client
2026-05-06 17:36:59,1900-01-00 00:00:00,dlink-615_EXT,40:86:CB:27:D2:0C,-21, WPA2 ,0.000000,0.000000,0.000,0.000,AP
2026-05-06 17:36:59,1900-01-00 00:00:00,dlink-615_EXT,40:86:CB:27:D2:0C,-25, WPA2 ,0.000000,0.000000,0.000,0.000,AP
2026-05-06 17:36:59,1900-01-00 00:00:00,dlink-615_EXT,40:86:CB:27:D2:0C,-21, WPA2 ,0.000000,0.000000,0.000,0.000,AP
2026-05-06 17:36:59,1900-01-00 00:00:00,dlink-615_EXT,40:86:CB:27:D2:0C,-21, WPA2 ,0.000000,0.000000,0.000,0.000,AP
2026-05-06 17:36:59,1900-01-00 00:00:00,dlink-615_EXT,40:86:CB:27:D2:0C,-21, WPA2 ,0.000000,0.000000,0.000,0.000,AP
2026-05-06 17:37:00,1900-01-00 00:00:00,dlink-615_EXT,40:86:CB:27:D2:0C,-23, WPA2 ,0.000000,0.000000,0.000,0.000,AP
2026-05-06 17:37:00,1900-01-00 00:00:00,,9C:2F:9D:82:20:A3,-33,,0.000000,0.000000,0.000,0.000,Client
2026-05-06 17:37:00,1900-01-00 00:00:00,,9C:2F:9D:82:20:A3,-83,,0.000000,0.000000,0.000,0.000,Client
2026-05-06 17:37:00,1900-01-00 00:00:00,,9C:2F:9D:82:20:A3,-31,,0.000000,0.000000,0.000,0.000,Client
2026-05-06 17:37:00,1900-01-00 00:00:00,,9C:2F:9D:82:20:A3,-33,,0.000000,0.000000,0.000,0.000,Client
2026-05-06 17:37:00,1900-01-00 00:00:00,,9C:2F:9D:82:20:A3,-83,,0.000000,0.000000,0.000,0.000,Client
2026-05-06 17:37:00,1900-01-00 00:00:00,,9C:2F:9D:82:20:A3,-33,,0.000000,0.000000,0.000,0.000,Client
2026-05-06 17:37:00,1900-01-00 00:00:00,,9C:2F:9D:82:20:A3,-33,,0.000000,0.000000,0.000,0.000,Client
2026-05-06 17:37:00,1900-01-00 00:00:00,,9C:2F:9D:82:20:A3,-33,,0.000000,0.000000,0.000,0.000,Client
2026-05-06 17:37:00,1900-01-00 00:00:00,,9C:2F:9D:82:20:A3,-33,,0.000000,0.000000,0.000,0.000,Client
2026-05-06 17:37:00,1900-01-00 00:00:00,,9C:2F:9D:82:20:A3,-33,,0.000000,0.000000,0.000,0.000,Client
2026-05-06 17:37:00,1900-01-00 00:00:00,,9C:2F:9D:82:20:A3,-33,,0.000000,0.000000,0.000,0.000,Client
2026-05-06 17:37:00,1900-01-00 00:00:00,,9C:2F:9D:82:20:A3,-33,,0.000000,0.000000,0.000,0.000,Client
2026-05-06 17:37:00,1900-01-00 00:00:00,,9C:2F:9D:82:20:A3,-33,,0.000000,0.000000,0.000,0.000,Client
2026-05-06 17:37:00,1900-01-00 00:00:00,,9C:2F:9D:82:20:A3,-33,,0.000000,0.000000,0.000,0.000,Client
2026-05-06 17:37:00,1900-01-00 00:00:00,,9C:2F:9D:82:20:A3,-33,,0.000000,0.000000,0.000,0.000,Client
2026-05-06 17:37:00,1900-01-00 00:00:00,,9C:2F:9D:82:20:A3,-33,,0.000000,0.000000,0.000,0.000,Client
2026-05-06 17:37:00,1900-01-00 00:00:00,,9C:2F:9D:82:20:A3,-33,,0.000000,0.000000,0.000,0.000,Client
2026-05-06 17:37:00,1900-01-00 00:00:00,,9C:2F:9D:82:20:A3,-33,,0.000000,0.000000,0.000,0.000,Client
2026-05-06 17:37:00,1900-01-00 00:00:00,,9C:2F:9D:82:20:A3,-33,,0.000000,0.000000,0.000,0.000,Client
2026-05-06 17:37:00,1900-01-00 00:00:00,,9C:2F:9D:82:20:A3,-33,,0.000000,0.000000,0.000,0.000,Client
2026-05-06 17:37:00,1900-01-00 00:00:00,,9C:2F:9D:82:20:A3,-33,,0.000000,0.000000,0.000,0.000,Client
2026-05-06 17:37:00,1900-01-00 00:00:00,,9C:2F:9D:82:20:A3,-33,,0.000000,0.000000,0.000,0.000,Client
2026-05-06 17:37:00,1900-01-00 00:00:00,,9C:2F:9D:82:20:A3,-33,,0.000000,0.000000,0.000,0.000,Client
2026-05-06 17:37:00,1900-01-00 00:00:00,,9C:2F:9D:82:20:A3,-33,,0.000000,0.000000,0.000,0.000,Client
2026-05-06 17:37:00,1900-01-00 00:00:00,,9C:2F:9D:82:20:A3,-33,,0.000000,0.000000,0.000,0.000,Client
2026-05-06 17:37:00,1900-01-00 00:00:00,,9C:2F:9D:82:20:A3,-33,,0.000000,0.000000,0.000,0.000,Client
2026-05-06 17:37:00,1900-01-00 00:00:00,,9C:2F:9D:82:20:A3,-33,,0.000000,0.000000,0.000,0.000,Client
2026-05-06 17:37:00,1900-01-00 00:00:00,,9C:2F:9D:82:20:A3,-33,,0.000000,0.000000,0.000,0.000,Client
2026-05-06 17:37:00,1900-01-00 00:00:00,,9C:2F:9D:82:20:A3,-33,,0.000000,0.000000,0.000,0.000,Client
2026-05-06 17:37:00,1900-01-00 00:00:00,,9C:2F:9D:82:20:A3,-33,,0.000000,0.000000,0.000,0.000,Client
2026-05-06 17:37:00,1900-01-00 00:00:00,,9C:2F:9D:82:20:A3,-33,,0.000000,0.000000,0.000,0.000,Client
2026-05-06 17:37:00,1900-01-00 00:00:00,,9C:2F:9D:82:20:A3,-33,,0.000000,0.000000,0.000,0.000,Client
2026-05-06 17:37:00,1900-01-00 00:00:00,,9C:2F:9D:82:20:A3,-33,,0.000000,0.000000,0.000,0.000,Client
2026-05-06 17:37:00,1900-01-00 00:00:00,,9C:2F:9D:82:20:A3,-31,,0.000000,0.000000,0.000,0.000,Client
2026-05-06 17:37:00,1900-01-00 00:00:00,,9C:2F:9D:82:20:A3,-33,,0.000000,0.000000,0.000,0.000,Client
2026-05-06 17:37:00,1900-01-00 00:00:00,,9C:2F:9D:82:20:A3,-33,,0.000000,0.000000,0.000,0.000,Client
2026-05-06 17:37:00,1900-01-00 00:00:00,,9C:2F:9D:82:20:A3,-33,,0.000000,0.000000,0.000,0.000,Client
2026-05-06 17:37:00,1900-01-00 00:00:00,,9C:2F:9D:82:20:A3,-33,,0.000000,0.000000,0.000,0.000,Client
2026-05-06 17:37:00,1900-01-00 00:00:00,,9C:2F:9D:82:20:A3,-33,,0.000000,0.000000,0.000,0.000,Client
2026-05-06 17:37:00,1900-01-00 00:00:00,,9C:2F:9D:82:20:A3,-31,,0.000000,0.000000,0.000,0.000,Client
2026-05-06 17:37:00,1900-01-00 00:00:00,,9C:2F:9D:82:20:A3,-33,,0.000000,0.000000,0.000,0.000,Client
2026-05-06 17:37:00,1900-01-00 00:00:00,,9C:2F:9D:82:20:A3,-33,,0.000000,0.000000,0.000,0.000,Client
2026-05-06 17:37:00,1900-01-00 00:00:00,,9C:2F:9D:82:20:A3,-33,,0.000000,0.000000,0.000,0.000,Client
2026-05-06 17:37:00,1900-01-00 00:00:00,,9C:2F:9D:82:20:A3,-31,,0.000000,0.000000,0.000,0.000,Client
2026-05-06 17:37:00,1900-01-00 00:00:00,,9C:2F:9D:82:20:A3,-33,,0.000000,0.000000,0.000,0.000,Client
2026-05-06 17:37:00,1900-01-00 00:00:00,,9C:2F:9D:82:20:A3,-31,,0.000000,0.000000,0.000,0.000,Client
2026-05-06 17:37:00,1900-01-00 00:00:00,,9C:2F:9D:82:20:A3,-33,,0.000000,0.000000,0.000,0.000,Client
2026-05-06 17:37:00,1900-01-00 00:00:00,,9C:2F:9D:82:20:A3,-33,,0.000000,0.000000,0.000,0.000,Client
2026-05-06 17:37:00,1900-01-00 00:00:00,,9C:2F:9D:82:20:A3,-33,,0.000000,0.000000,0.000,0.000,Client
2026-05-06 17:37:00,1900-01-00 00:00:00,,9C:2F:9D:82:20:A3,-31,,0.000000,0.000000,0.000,0.000,Client
2026-05-06 17:37:00,1900-01-00 00:00:00,,9C:2F:9D:82:20:A3,-33,,0.000000,0.000000,0.000,0.000,Client
2026-05-06 17:37:00,1900-01-00 00:00:00,,9C:2F:9D:82:20:A3,-33,,0.000000,0.000000,0.000,0.000,Client
2026-05-06 17:37:00,1900-01-00 00:00:00,,9C:2F:9D:82:20:A3,-33,,0.000000,0.000000,0.000,0.000,Client
2026-05-06 17:37:00,1900-01-00 00:00:00,,9C:2F:9D:82:20:A3,-33,,0.000000,0.000000,0.000,0.000,Client
2026-05-06 17:37:00,1900-01-00 00:00:00,,9C:2F:9D:82:20:A3,-33,,0.000000,0.000000,0.000,0.000,Client
2026-05-06 17:37:00,1900-01-00 00:00:00,,9C:2F:9D:82:20:A3,-33,,0.000000,0.000000,0.000,0.000,Client
2026-05-06 17:37:00,1900-01-00 00:00:00,,9C:2F:9D:82:20:A3,-33,,0.000000,0.000000,0.000,0.000,Client
2026-05-06 17:37:00,1900-01-00 00:00:00,,9C:2F:9D:82:20:A3,-33,,0.000000,0.000000,0.000,0.000,Client
2026-05-06 17:37:00,1900-01-00 00:00:00,,9C:2F:9D:82:20:A3,-81,,0.000000,0.000000,0.000,0.000,Client
2026-05-06 17:37:00,1900-01-00 00:00:00,,9C:2F:9D:82:20:A3,-31,,0.000000,0.000000,0.000,0.000,Client
2026-05-06 17:37:00,1900-01-00 00:00:00,,9C:2F:9D:82:20:A3,-33,,0.000000,0.000000,0.000,0.000,Client
2026-05-06 17:37:00,1900-01-00 00:00:00,,9C:2F:9D:82:20:A3,-33,,0.000000,0.000000,0.000,0.000,Client
2026-05-06 17:37:00,1900-01-00 00:00:00,,9C:2F:9D:82:20:A3,-33,,0.000000,0.000000,0.000,0.000,Client
2026-05-06 17:37:00,1900-01-00 00:00:00,,9C:2F:9D:82:20:A3,-33,,0.000000,0.000000,0.000,0.000,Client
2026-05-06 17:37:00,1900-01-00 00:00:00,,9C:2F:9D:82:20:A3,-31,,0.000000,0.000000,0.000,0.000,Client
2026-05-06 17:37:00,1900-01-00 00:00:00,,9C:2F:9D:82:20:A3,-33,,0.000000,0.000000,0.000,0.000,Client
2026-05-06 17:37:00,1900-01-00 00:00:00,,9C:2F:9D:82:20:A3,-33,,0.000000,0.000000,0.000,0.000,Client
2026-05-06 17:37:00,1900-01-00 00:00:00,,9C:2F:9D:82:20:A3,-33,,0.000000,0.000000,0.000,0.000,Client
2026-05-06 17:37:00,1900-01-00 00:00:00,,9C:2F:9D:82:20:A3,-33,,0.000000,0.000000,0.000,0.000,Client
2026-05-06 17:37:00,1900-01-00 00:00:00,,9C:2F:9D:82:20:A3,-33,,0.000000,0.000000,0.000,0.000,Client
2026-05-06 17:37:00,1900-01-00 00:00:00,,9C:2F:9D:82:20:A3,-33,,0.000000,0.000000,0.000,0.000,Client
2026-05-06 17:37:00,1900-01-00 00:00:00,,9C:2F:9D:82:20:A3,-33,,0.000000,0.000000,0.000,0.000,Client
2026-05-06 17:37:00,1900-01-00 00:00:00,,9C:2F:9D:82:20:A3,-33,,0.000000,0.000000,0.000,0.000,Client
2026-05-06 17:37:00,1900-01-00 00:00:00,,9C:2F:9D:82:20:A3,-31,,0.000000,0.000000,0.000,0.000,Client
2026-05-06 17:37:00,1900-01-00 00:00:00,,9C:2F:9D:82:20:A3,-33,,0.000000,0.000000,0.000,0.000,Client
2026-05-06 17:37:00,1900-01-00 00:00:00,,9C:2F:9D:82:20:A3,-33,,0.000000,0.000000,0.000,0.000,Client
2026-05-06 17:37:00,1900-01-00 00:00:00,,9C:2F:9D:82:20:A3,-33,,0.000000,0.000000,0.000,0.000,Client
2026-05-06 17:37:00,1900-01-00 00:00:00,,9C:2F:9D:82:20:A3,-33,,0.000000,0.000000,0.000,0.000,Client
2026-05-06 17:37:00,1900-01-00 00:00:00,,9C:2F:9D:82:20:A3,-33,,0.000000,0.000000,0.000,0.000,Client
2026-05-06 17:37:00,1900-01-00 00:00:00,,9C:2F:9D:82:20:A3,-33,,0.000000,0.000000,0.000,0.000,Client
2026-05-06 17:37:00,1900-01-00 00:00:00,,9C:2F:9D:82:20:A3,-33,,0.000000,0.000000,0.000,0.000,Client
2026-05-06 17:37:00,1900-01-00 00:00:00,,9C:2F:9D:82:20:A3,-33,,0.000000,0.000000,0.000,0.000,Client
2026-05-06 17:37:00,1900-01-00 00:00:00,,9C:2F:9D:82:20:A3,-33,,0.000000,0.000000,0.000,0.000,Client
2026-05-06 17:37:00,1900-01-00 00:00:00,,9C:2F:9D:82:20:A3,-33,,0.000000,0.000000,0.000,0.000,Client
2026-05-06 17:37:00,1900-01-00 00:00:00,,9C:2F:9D:82:20:A3,-33,,0.000000,0.000000,0.000,0.000,Client
2026-05-06 17:37:00,1900-01-00 00:00:00,,9C:2F:9D:82:20:A3,-33,,0.000000,0.000000,0.000,0.000,Client
2026-05-06 17:37:00,1900-01-00 00:00:00,,9C:2F:9D:82:20:A3,-33,,0.000000,0.000000,0.000,0.000,Client
2026-05-06 17:37:00,1900-01-00 00:00:00,,9C:2F:9D:82:20:A3,-31,,0.000000,0.000000,0.000,0.000,Client
2026-05-06 17:37:00,1900-01-00 00:00:00,,9C:2F:9D:82:20:A3,-33,,0.000000,0.000000,0.000,0.000,Client
2026-05-06 17:37:00,1900-01-00 00:00:00,,9C:2F:9D:82:20:A3,-69,,0.000000,0.000000,0.000,0.000,Client
2026-05-06 17:37:00,1900-01-00 00:00:00,,9C:2F:9D:82:20:A3,-53,,0.000000,0.000000,0.000,0.000,Client
2026-05-06 17:37:00,1900-01-00 00:00:00,,9C:2F:9D:82:20:A3,-33,,0.000000,0.000000,0.000,0.000,Client
2026-05-06 17:37:00,1900-01-00 00:00:00,,9C:2F:9D:82:20:A3,-33,,0.000000,0.000000,0.000,0.000,Client
2026-05-06 17:37:00,1900-01-00 00:00:00,,9C:2F:9D:82:20:A3,-33,,0.000000,0.000000,0.000,0.000,Client
2026-05-06 17:37:00,1900-01-00 00:00:00,,9C:2F:9D:82:20:A3,-33,,0.000000,0.000000,0.000,0.000,Client
2026-05-06 17:37:00,1900-01-00 00:00:00,,9C:2F:9D:82:20:A3,-33,,0.000000,0.000000,0.000,0.000,Client
2026-05-06 17:37:00,1900-01-00 00:00:00,,9C:2F:9D:82:20:A3,-33,,0.000000,0.000000,0.000,0.000,Client
2026-05-06 17:37:00,1900-01-00 00:00:00,,9C:2F:9D:82:20:A3,-33,,0.000000,0.000000,0.000,0.000,Client
2026-05-06 17:37:00,1900-01-00 00:00:00,,9C:2F:9D:82:20:A3,-33,,0.000000,0.000000,0.000,0.000,Client
2026-05-06 17:37:00,1900-01-00 00:00:00,,9C:2F:9D:82:20:A3,-33,,0.000000,0.000000,0.000,0.000,Client
2026-05-06 17:37:00,1900-01-00 00:00:00,,9C:2F:9D:82:20:A3,-33,,0.000000,0.000000,0.000,0.000,Client
2026-05-06 17:37:00,1900-01-00 00:00:00,,9C:2F:9D:82:20:A3,-33,,0.000000,0.000000,0.000,0.000,Client
2026-05-06 17:37:00,1900-01-00 00:00:00,,9C:2F:9D:82:20:A3,-31,,0.000000,0.000000,0.000,0.000,Client
2026-05-06 17:37:00,1900-01-00 00:00:00,,9C:2F:9D:82:20:A3,-33,,0.000000,0.000000,0.000,0.000,Client
2026-05-06 17:37:00,1900-01-00 00:00:00,,9C:2F:9D:82:20:A3,-33,,0.000000,0.000000,0.000,0.000,Client
2026-05-06 17:37:00,1900-01-00 00:00:00,,9C:2F:9D:82:20:A3,-33,,0.000000,0.000000,0.000,0.000,Client
2026-05-06 17:37:00,1900-01-00 00:00:00,,9C:2F:9D:82:20:A3,-33,,0.000000,0.000000,0.000,0.000,Client
2026-05-06 17:37:00,1900-01-00 00:00:00,,9C:2F:9D:82:20:A3,-33,,0.000000,0.000000,0.000,0.000,Client
2026-05-06 17:37:00,1900-01-00 00:00:00,,9C:2F:9D:82:20:A3,-33,,0.000000,0.000000,0.000,0.000,Client
2026-05-06 17:37:00,1900-01-00 00:00:00,,9C:2F:9D:82:20:A3,-33,,0.000000,0.000000,0.000,0.000,Client
2026-05-06 17:37:00,1900-01-00 00:00:00,,9C:2F:9D:82:20:A3,-33,,0.000000,0.000000,0.000,0.000,Client
2026-05-06 17:37:00,1900-01-00 00:00:00,,9C:2F:9D:82:20:A3,-33,,0.000000,0.000000,0.000,0.000,Client
2026-05-06 17:37:00,1900-01-00 00:00:00,,9C:2F:9D:82:20:A3,-33,,0.000000,0.000000,0.000,0.000,Client
2026-05-06 17:37:00,1900-01-00 00:00:00,,9C:2F:9D:82:20:A3,-33,,0.000000,0.000000,0.000,0.000,Client
2026-05-06 17:37:00,1900-01-00 00:00:00,,9C:2F:9D:82:20:A3,-33,,0.000000,0.000000,0.000,0.000,Client
2026-05-06 17:37:00,1900-01-00 00:00:00,,9C:2F:9D:82:20:A3,-33,,0.000000,0.000000,0.000,0.000,Client
2026-05-06 17:37:00,1900-01-00 00:00:00,,9C:2F:9D:82:20:A3,-31,,0.000000,0.000000,0.000,0.000,Client
2026-05-06 17:37:00,1900-01-00 00:00:00,,9C:2F:9D:82:20:A3,-33,,0.000000,0.000000,0.000,0.000,Client
2026-05-06 17:37:00,1900-01-00 00:00:00,,9C:2F:9D:82:20:A3,-33,,0.000000,0.000000,0.000,0.000,Client
2026-05-06 17:37:00,1900-01-00 00:00:00,,9C:2F:9D:82:20:A3,-33,,0.000000,0.000000,0.000,0.000,Client
2026-05-06 17:37:01,1900-01-00 00:00:00,dlink-615_EXT,40:86:CB:27:D2:0C,-23, WPA2 ,0.000000,0.000000,0.000,0.000,AP
2026-05-06 17:37:01,1900-01-00 00:00:00,,9C:2F:9D:82:20:A3,-33,,0.000000,0.000000,0.000,0.000,Client
2026-05-06 17:37:01,1900-01-00 00:00:00,dlink-615_EXT,40:86:CB:27:D2:0C,-23, WPA2 ,0.000000,0.000000,0.000,0.000,AP
2026-05-06 17:37:01,1900-01-00 00:00:00,,9C:2F:9D:82:20:A3,-29,,0.000000,0.000000,0.000,0.000,Client
2026-05-06 17:37:01,1900-01-00 00:00:00,dlink-615_EXT,40:86:CB:27:D2:0C,-21, WPA2 ,0.000000,0.000000,0.000,0.000,AP
2026-05-06 17:37:01,1900-01-00 00:00:00,dlink-615_EXT,40:86:CB:27:D2:0C,-23, WPA2 ,0.000000,0.000000,0.000,0.000,AP
2026-05-06 17:37:01,1900-01-00 00:00:00,dlink-615_EXT,40:86:CB:27:D2:0C,-21, WPA2 ,0.000000,0.000000,0.000,0.000,AP
2026-05-06 17:37:01,1900-01-00 00:00:00,dlink-615_EXT,40:86:CB:27:D2:0C,-23, WPA2 ,0.000000,0.000000,0.000,0.000,AP
2026-05-06 17:37:02,1900-01-00 00:00:00,dlink-615_EXT,40:86:CB:27:D2:0C,-23, WPA2 ,0.000000,0.000000,0.000,0.000,AP
2026-05-06 17:37:02,1900-01-00 00:00:00,dlink-615_EXT,40:86:CB:27:D2:0C,-21, WPA2 ,0.000000,0.000000,0.000,0.000,AP
2026-05-06 17:37:02,1900-01-00 00:00:00,dlink-615_EXT,40:86:CB:27:D2:0C,-21, WPA2 ,0.000000,0.000000,0.000,0.000,AP
2026-05-06 17:37:02,1900-01-00 00:00:00,dlink-615_EXT,40:86:CB:27:D2:0C,-21, WPA2 ,0.000000,0.000000,0.000,0.000,AP
2026-05-06 17:37:02,1900-01-00 00:00:00,,9C:2F:9D:82:20:A3,-29,,0.000000,0.000000,0.000,0.000,Client
2026-05-06 17:37:02,1900-01-00 00:00:00,,9C:2F:9D:82:20:A3,-29,,0.000000,0.000000,0.000,0.000,Client
2026-05-06 17:37:02,1900-01-00 00:00:00,dlink-615_EXT,40:86:CB:27:D2:0C,-23, WPA2 ,0.000000,0.000000,0.000,0.000,AP
2026-05-06 17:37:02,1900-01-00 00:00:00,dlink-615_EXT,40:86:CB:27:D2:0C,-21, WPA2 ,0.000000,0.000000,0.000,0.000,AP
2026-05-06 17:37:02,1900-01-00 00:00:00,dlink-615_EXT,40:86:CB:27:D2:0C,-21, WPA2 ,0.000000,0.000000,0.000,0.000,AP
2026-05-06 17:37:02,1900-01-00 00:00:00,dlink-615_EXT,40:86:CB:27:D2:0C,-21, WPA2 ,0.000000,0.000000,0.000,0.000,AP
2026-05-06 17:37:02,1900-01-00 00:00:00,dlink-615_EXT,40:86:CB:27:D2:0C,-25, WPA2 ,0.000000,0.000000,0.000,0.000,AP
2026-05-06 17:37:03,1900-01-00 00:00:00,dlink-615_EXT,40:86:CB:27:D2:0C,-23, WPA2 ,0.000000,0.000000,0.000,0.000,AP
2026-05-06 17:37:03,1900-01-00 00:00:00,dlink-615_EXT,40:86:CB:27:D2:0C,-23, WPA2 ,0.000000,0.000000,0.000,0.000,AP
2026-05-06 17:37:03,1900-01-00 00:00:00,dlink-615_EXT,40:86:CB:27:D2:0C,-23, WPA2 ,0.000000,0.000000,0.000,0.000,AP
2026-05-06 17:37:03,1900-01-00 00:00:00,,9C:2F:9D:82:20:A3,-31,,0.000000,0.000000,0.000,0.000,Client
2026-05-06 17:37:03,1900-01-00 00:00:00,dlink-615_EXT,40:86:CB:27:D2:0C,-21, WPA2 ,0.000000,0.000000,0.000,0.000,AP
2026-05-06 17:37:03,1900-01-00 00:00:00,,9C:2F:9D:82:20:A3,-33,,0.000000,0.000000,0.000,0.000,Client
2026-05-06 17:37:03,1900-01-00 00:00:00,dlink-615_EXT,40:86:CB:27:D2:0C,-23, WPA2 ,0.000000,0.000000,0.000,0.000,AP
2026-05-06 17:37:03,1900-01-00 00:00:00,dlink-615_EXT,40:86:CB:27:D2:0C,-21, WPA2 ,0.000000,0.000000,0.000,0.000,AP
2026-05-06 17:37:03,1900-01-00 00:00:00,dlink-615_EXT,40:86:CB:27:D2:0C,-23, WPA2 ,0.000000,0.000000,0.000,0.000,AP
2026-05-06 17:37:03,1900-01-00 00:00:00,dlink-615_EXT,40:86:CB:27:D2:0C,-23, WPA2 ,0.000000,0.000000,0.000,0.000,AP
2026-05-06 17:37:03,1900-01-00 00:00:00,dlink-615_EXT,40:86:CB:27:D2:0C,-23, WPA2 ,0.000000,0.000000,0.000,0.000,AP
2026-05-06 17:37:03,1900-01-00 00:00:00,dlink-615_EXT,40:86:CB:27:D2:0C,-23, WPA2 ,0.000000,0.000000,0.000,0.000,AP
2026-05-06 17:37:04,1900-01-00 00:00:00,dlink-615_EXT,40:86:CB:27:D2:0C,-21, WPA2 ,0.000000,0.000000,0.000,0.000,AP
2026-05-06 17:37:04,1900-01-00 00:00:00,dlink-615_EXT,40:86:CB:27:D2:0C,-21, WPA2 ,0.000000,0.000000,0.000,0.000,AP
2026-05-06 17:37:04,1900-01-00 00:00:00,dlink-615_EXT,40:86:CB:27:D2:0C,-23, WPA2 ,0.000000,0.000000,0.000,0.000,AP
2026-05-06 17:37:04,1900-01-00 00:00:00,,9C:2F:9D:82:20:A3,-29,,0.000000,0.000000,0.000,0.000,Client
2026-05-06 17:37:04,1900-01-00 00:00:00,dlink-615_EXT,40:86:CB:27:D2:0C,-21, WPA2 ,0.000000,0.000000,0.000,0.000,AP
2026-05-06 17:37:04,1900-01-00 00:00:00,,9C:2F:9D:82:20:A3,-29,,0.000000,0.000000,0.000,0.000,Client
2026-05-06 17:37:04,1900-01-00 00:00:00,dlink-615_EXT,40:86:CB:27:D2:0C,-23, WPA2 ,0.000000,0.000000,0.000,0.000,AP
2026-05-06 17:37:04,1900-01-00 00:00:00,dlink-615_EXT,40:86:CB:27:D2:0C,-21, WPA2 ,0.000000,0.000000,0.000,0.000,AP
2026-05-06 17:37:04,1900-01-00 00:00:00,dlink-615_EXT,40:86:CB:27:D2:0C,-25, WPA2 ,0.000000,0.000000,0.000,0.000,AP
2026-05-06 17:37:04,1900-01-00 00:00:00,dlink-615_EXT,40:86:CB:27:D2:0C,-21, WPA2 ,0.000000,0.000000,0.000,0.000,AP
2026-05-06 17:37:04,1900-01-00 00:00:00,dlink-615_EXT,40:86:CB:27:D2:0C,-21, WPA2 ,0.000000,0.000000,0.000,0.000,AP
2026-05-06 17:37:05,1900-01-00 00:00:00,dlink-615_EXT,40:86:CB:27:D2:0C,-21, WPA2 ,0.000000,0.000000,0.000,0.000,AP
2026-05-06 17:37:05,1900-01-00 00:00:00,dlink-615_EXT,40:86:CB:27:D2:0C,-21, WPA2 ,0.000000,0.000000,0.000,0.000,AP
2026-05-06 17:37:05,1900-01-00 00:00:00,dlink-615_EXT,40:86:CB:27:D2:0C,-21, WPA2 ,0.000000,0.000000,0.000,0.000,AP
2026-05-06 17:37:05,1900-01-00 00:00:00,dlink-615_EXT,40:86:CB:27:D2:0C,-25, WPA2 ,0.000000,0.000000,0.000,0.000,AP
2026-05-06 17:37:05,1900-01-00 00:00:00,,9C:2F:9D:82:20:A3,-33,,0.000000,0.000000,0.000,0.000,Client
2026-05-06 17:37:05,1900-01-00 00:00:00,,9C:2F:9D:82:20:A3,-31,,0.000000,0.000000,0.000,0.000,Client
2026-05-06 17:37:05,1900-01-00 00:00:00,dlink-615_EXT,40:86:CB:27:D2:0C,-23, WPA2 ,0.000000,0.000000,0.000,0.000,AP
2026-05-06 17:37:05,1900-01-00 00:00:00,,9C:2F:9D:82:20:A3,-33,,0.000000,0.000000,0.000,0.000,Client
2026-05-06 17:37:05,1900-01-00 00:00:00,dlink-615_EXT,40:86:CB:27:D2:0C,-21, WPA2 ,0.000000,0.000000,0.000,0.000,AP
2026-05-06 17:37:05,1900-01-00 00:00:00,dlink-615_EXT,40:86:CB:27:D2:0C,-21, WPA2 ,0.000000,0.000000,0.000,0.000,AP
2026-05-06 17:37:05,1900-01-00 00:00:00,dlink-615_EXT,40:86:CB:27:D2:0C,-23, WPA2 ,0.000000,0.000000,0.000,0.000,AP
2026-05-06 17:37:05,1900-01-00 00:00:00,dlink-615_EXT,40:86:CB:27:D2:0C,-25, WPA2 ,0.000000,0.000000,0.000,0.000,AP
2026-05-06 17:37:05,1900-01-00 00:00:00,dlink-615_EXT,40:86:CB:27:D2:0C,-23, WPA2 ,0.000000,0.000000,0.000,0.000,AP
2026-05-06 17:37:06,1900-01-00 00:00:00,dlink-615_EXT,40:86:CB:27:D2:0C,-21, WPA2 ,0.000000,0.000000,0.000,0.000,AP
2026-05-06 17:37:06,1900-01-00 00:00:00,dlink-615_EXT,40:86:CB:27:D2:0C,-23, WPA2 ,0.000000,0.000000,0.000,0.000,AP
2026-05-06 17:37:06,1900-01-00 00:00:00,dlink-615_EXT,40:86:CB:27:D2:0C,-23, WPA2 ,0.000000,0.000000,0.000,0.000,AP
2026-05-06 17:37:06,1900-01-00 00:00:00,,9C:2F:9D:82:20:A3,-29,,0.000000,0.000000,0.000,0.000,Client
2026-05-06 17:37:06,1900-01-00 00:00:00,dlink-615_EXT,40:86:CB:27:D2:0C,-23, WPA2 ,0.000000,0.000000,0.000,0.000,AP
2026-05-06 17:37:06,1900-01-00 00:00:00,,9C:2F:9D:82:20:A3,-27,,0.000000,0.000000,0.000,0.000,Client
2026-05-06 17:37:06,1900-01-00 00:00:00,dlink-615_EXT,40:86:CB:27:D2:0C,-21, WPA2 ,0.000000,0.000000,0.000,0.000,AP
2026-05-06 17:37:06,1900-01-00 00:00:00,dlink-615_EXT,40:86:CB:27:D2:0C,-23, WPA2 ,0.000000,0.000000,0.000,0.000,AP
2026-05-06 17:37:06,1900-01-00 00:00:00,dlink-615_EXT,40:86:CB:27:D2:0C,-23, WPA2 ,0.000000,0.000000,0.000,0.000,AP
2026-05-06 17:37:06,1900-01-00 00:00:00,dlink-615_EXT,40:86:CB:27:D2:0C,-23, WPA2 ,0.000000,0.000000,0.000,0.000,AP
2026-05-06 17:37:07,1900-01-00 00:00:00,dlink-615_EXT,40:86:CB:27:D2:0C,-21, WPA2 ,0.000000,0.000000,0.000,0.000,AP
2026-05-06 17:37:07,1900-01-00 00:00:00,dlink-615_EXT,40:86:CB:27:D2:0C,-21, WPA2 ,0.000000,0.000000,0.000,0.000,AP
2026-05-06 17:37:07,1900-01-00 00:00:00,dlink-615_EXT,40:86:CB:27:D2:0C,-21, WPA2 ,0.000000,0.000000,0.000,0.000,AP
2026-05-06 17:37:07,1900-01-00 00:00:00,,9C:2F:9D:82:20:A3,-29,,0.000000,0.000000,0.000,0.000,Client
2026-05-06 17:37:07,1900-01-00 00:00:00,dlink-615_EXT,40:86:CB:27:D2:0C,-23, WPA2 ,0.000000,0.000000,0.000,0.000,AP
2026-05-06 17:37:07,1900-01-00 00:00:00,dlink-615_EXT,40:86:CB:27:D2:0C,-21, WPA2 ,0.000000,0.000000,0.000,0.000,AP
2026-05-06 17:37:07,1900-01-00 00:00:00,,9C:2F:9D:82:20:A3,-69,,0.000000,0.000000,0.000,0.000,Client
2026-05-06 17:37:07,1900-01-00 00:00:00,,D2:6F:12:2F:DE:3D,-18,,0.000000,0.000000,0.000,0.000,Client
2026-05-06 17:37:07,1900-01-00 00:00:00,dlink-615_EXT,40:86:CB:27:D2:0C,-21, WPA2 ,0.000000,0.000000,0.000,0.000,AP
2026-05-06 17:37:07,1900-01-00 00:00:00,,D2:6F:12:2F:DE:3D,-20,,0.000000,0.000000,0.000,0.000,Client
2026-05-06 17:37:07,1900-01-00 00:00:00,,D2:6F:12:2F:DE:3D,-21,,0.000000,0.000000,0.000,0.000,Client
2026-05-06 17:37:07,1900-01-00 00:00:00,,D2:6F:12:2F:DE:3D,-20,,0.000000,0.000000,0.000,0.000,Client
2026-05-06 17:37:07,1900-01-00 00:00:00,dlink-615_EXT,40:86:CB:27:D2:0C,-21, WPA2 ,0.000000,0.000000,0.000,0.000,AP
2026-05-06 17:37:07,1900-01-00 00:00:00,dlink-615_EXT,40:86:CB:27:D2:0C,-21, WPA2 ,0.000000,0.000000,0.000,0.000,AP
2026-05-06 17:37:07,1900-01-00 00:00:00,dlink-615_EXT,40:86:CB:27:D2:0C,-23, WPA2 ,0.000000,0.000000,0.000,0.000,AP
2026-05-06 17:37:08,1900-01-00 00:00:00,dlink-615_EXT,40:86:CB:27:D2:0C,-21, WPA2 ,0.000000,0.000000,0.000,0.000,AP
2026-05-06 17:37:08,1900-01-00 00:00:00,dlink-615_EXT,40:86:CB:27:D2:0C,-21, WPA2 ,0.000000,0.000000,0.000,0.000,AP
2026-05-06 17:37:08,1900-01-00 00:00:00,,9C:2F:9D:82:20:A3,-29,,0.000000,0.000000,0.000,0.000,Client
2026-05-06 17:37:08,1900-01-00 00:00:00,dlink-615_EXT,40:86:CB:27:D2:0C,-21, WPA2 ,0.000000,0.000000,0.000,0.000,AP
2026-05-06 17:37:08,1900-01-00 00:00:00,,9C:2F:9D:82:20:A3,-29,,0.000000,0.000000,0.000,0.000,Client
2026-05-06 17:37:08,1900-01-00 00:00:00,,D2:6F:12:2F:DE:3D,-23,,0.000000,0.000000,0.000,0.000,Client
2026-05-06 17:37:08,1900-01-00 00:00:00,,D2:6F:12:2F:DE:3D,-22,,0.000000,0.000000,0.000,0.000,Client
2026-05-06 17:37:08,1900-01-00 00:00:00,dlink-615_EXT,40:86:CB:27:D2:0C,-23, WPA2 ,0.000000,0.000000,0.000,0.000,AP
2026-05-06 17:37:08,1900-01-00 00:00:00,dlink-615_EXT,40:86:CB:27:D2:0C,-21, WPA2 ,0.000000,0.000000,0.000,0.000,AP
2026-05-06 17:37:08,1900-01-00 00:00:00,dlink-615_EXT,40:86:CB:27:D2:0C,-23, WPA2 ,0.000000,0.000000,0.000,0.000,AP
2026-05-06 17:37:08,1900-01-00 00:00:00,dlink-615_EXT,40:86:CB:27:D2:0C,-21, WPA2 ,0.000000,0.000000,0.000,0.000,AP
2026-05-06 17:37:09,1900-01-00 00:00:00,dlink-615_EXT,40:86:CB:27:D2:0C,-21, WPA2 ,0.000000,0.000000,0.000,0.000,AP
2026-05-06 17:37:09,1900-01-00 00:00:00,dlink-615_EXT,40:86:CB:27:D2:0C,-21, WPA2 ,0.000000,0.000000,0.000,0.000,AP
2026-05-06 17:37:09,1900-01-00 00:00:00,dlink-615_EXT,40:86:CB:27:D2:0C,-23, WPA2 ,0.000000,0.000000,0.000,0.000,AP
2026-05-06 17:37:09,1900-01-00 00:00:00,,9C:2F:9D:82:20:A3,-31,,0.000000,0.000000,0.000,0.000,Client
2026-05-06 17:37:09,1900-01-00 00:00:00,dlink-615_EXT,40:86:CB:27:D2:0C,-23, WPA2 ,0.000000,0.000000,0.000,0.000,AP
2026-05-06 17:37:09,1900-01-00 00:00:00,,9C:2F:9D:82:20:A3,-31,,0.000000,0.000000,0.000,0.000,Client
2026-05-06 17:37:09,1900-01-00 00:00:00,dlink-615_EXT,40:86:CB:27:D2:0C,-21, WPA2 ,0.000000,0.000000,0.000,0.000,AP
2026-05-06 17:37:09,1900-01-00 00:00:00,dlink-615_EXT,40:86:CB:27:D2:0C,-21, WPA2 ,0.000000,0.000000,0.000,0.000,AP
2026-05-06 17:37:09,1900-01-00 00:00:00,dlink-615_EXT,40:86:CB:27:D2:0C,-21, WPA2 ,0.000000,0.000000,0.000,0.000,AP
2026-05-06 17:37:09,1900-01-00 00:00:00,dlink-615_EXT,40:86:CB:27:D2:0C,-21, WPA2 ,0.000000,0.000000,0.000,0.000,AP
2026-05-06 17:37:09,1900-01-00 00:00:00,dlink-615_EXT,40:86:CB:27:D2:0C,-23, WPA2 ,0.000000,0.000000,0.000,0.000,AP
2026-05-06 17:37:09,1900-01-00 00:00:00,dlink-615_EXT,40:86:CB:27:D2:0C,-21, WPA2 ,0.000000,0.000000,0.000,0.000,AP
2026-05-06 17:37:10,1900-01-00 00:00:00,dlink-615_EXT,40:86:CB:27:D2:0C,-21, WPA2 ,0.000000,0.000000,0.000,0.000,AP
2026-05-06 17:37:10,1900-01-00 00:00:00,dlink-615_EXT,40:86:CB:27:D2:0C,-21, WPA2 ,0.000000,0.000000,0.000,0.000,AP
2026-05-06 17:37:10,1900-01-00 00:00:00,dlink-615_EXT,40:86:CB:27:D2:0C,-25, WPA2 ,0.000000,0.000000,0.000,0.000,AP
2026-05-06 17:37:10,1900-01-00 00:00:00,,9C:2F:9D:82:20:A3,-29,,0.000000,0.000000,0.000,0.000,Client
2026-05-06 17:37:10,1900-01-00 00:00:00,dlink-615_EXT,40:86:CB:27:D2:0C,-21, WPA2 ,0.000000,0.000000,0.000,0.000,AP
2026-05-06 17:37:10,1900-01-00 00:00:00,,D2:6F:12:2F:DE:3D,-20,,0.000000,0.000000,0.000,0.000,Client
2026-05-06 17:37:10,1900-01-00 00:00:00,,D2:6F:12:2F:DE:3D,-20,,0.000000,0.000000,0.000,0.000,Client
2026-05-06 17:37:10,1900-01-00 00:00:00,dlink-615_EXT,40:86:CB:27:D2:0C,-21, WPA2 ,0.000000,0.000000,0.000,0.000,AP
2026-05-06 17:37:10,1900-01-00 00:00:00,dlink-615_EXT,40:86:CB:27:D2:0C,-25, WPA2 ,0.000000,0.000000,0.000,0.000,AP
2026-05-06 17:37:10,1900-01-00 00:00:00,dlink-615_EXT,40:86:CB:27:D2:0C,-21, WPA2 ,0.000000,0.000000,0.000,0.000,AP
2026-05-06 17:37:10,1900-01-00 00:00:00,dlink-615_EXT,40:86:CB:27:D2:0C,-21, WPA2 ,0.000000,0.000000,0.000,0.000,AP
2026-05-06 17:37:10,1900-01-00 00:00:00,dlink-615_EXT,40:86:CB:27:D2:0C,-53, WPA2 ,0.000000,0.000000,0.000,0.000,AP
2026-05-06 17:37:10,1900-01-00 00:00:00,dlink-615_EXT,40:86:CB:27:D2:0C,-25, WPA2 ,0.000000,0.000000,0.000,0.000,AP
2026-05-06 17:37:10,1900-01-00 00:00:00,dlink-615_EXT,40:86:CB:27:D2:0C,-23, WPA2 ,0.000000,0.000000,0.000,0.000,AP
2026-05-06 17:37:11,1900-01-00 00:00:00,dlink-615_EXT,40:86:CB:27:D2:0C,-21, WPA2 ,0.000000,0.000000,0.000,0.000,AP
2026-05-06 17:37:11,1900-01-00 00:00:00,dlink-615_EXT,40:86:CB:27:D2:0C,-21, WPA2 ,0.000000,0.000000,0.000,0.000,AP
2026-05-06 17:37:11,1900-01-00 00:00:00,dlink-615_EXT,40:86:CB:27:D2:0C,-23, WPA2 ,0.000000,0.000000,0.000,0.000,AP
2026-05-06 17:37:11,1900-01-00 00:00:00,dlink-615_EXT,40:86:CB:27:D2:0C,-23, WPA2 ,0.000000,0.000000,0.000,0.000,AP
2026-05-06 17:37:11,1900-01-00 00:00:00,,9C:2F:9D:82:20:A3,-31,,0.000000,0.000000,0.000,0.000,Client
2026-05-06 17:37:11,1900-01-00 00:00:00,dlink-615_EXT,40:86:CB:27:D2:0C,-19, WPA2 ,0.000000,0.000000,0.000,0.000,AP
2026-05-06 17:37:11,1900-01-00 00:00:00,,9C:2F:9D:82:20:A3,-29,,0.000000,0.000000,0.000,0.000,Client
2026-05-06 17:37:11,1900-01-00 00:00:00,dlink-615_EXT,40:86:CB:27:D2:0C,-23, WPA2 ,0.000000,0.000000,0.000,0.000,AP
2026-05-06 17:37:11,1900-01-00 00:00:00,dlink-615_EXT,40:86:CB:27:D2:0C,-21, WPA2 ,0.000000,0.000000,0.000,0.000,AP
2026-05-06 17:37:11,1900-01-00 00:00:00,dlink-615_EXT,40:86:CB:27:D2:0C,-23, WPA2 ,0.000000,0.000000,0.000,0.000,AP
2026-05-06 17:37:11,1900-01-00 00:00:00,dlink-615_EXT,40:86:CB:27:D2:0C,-23, WPA2 ,0.000000,0.000000,0.000,0.000,AP
2026-05-06 17:37:11,1900-01-00 00:00:00,dlink-615_EXT,40:86:CB:27:D2:0C,-23, WPA2 ,0.000000,0.000000,0.000,0.000,AP
2026-05-06 17:37:12,1900-01-00 00:00:00,dlink-615_EXT,40:86:CB:27:D2:0C,-23, WPA2 ,0.000000,0.000000,0.000,0.000,AP
2026-05-06 17:37:12,1900-01-00 00:00:00,,9C:2F:9D:82:20:A3,-33,,0.000000,0.000000,0.000,0.000,Client
2026-05-06 17:37:12,1900-01-00 00:00:00,dlink-615_EXT,40:86:CB:27:D2:0C,-23, WPA2 ,0.000000,0.000000,0.000,0.000,AP
2026-05-06 17:37:12,1900-01-00 00:00:00,,9C:2F:9D:82:20:A3,-29,,0.000000,0.000000,0.000,0.000,Client
2026-05-06 17:37:12,1900-01-00 00:00:00,,D2:6F:12:2F:DE:3D,-22,,0.000000,0.000000,0.000,0.000,Client
2026-05-06 17:37:12,1900-01-00 00:00:00,,D2:6F:12:2F:DE:3D,-19,,0.000000,0.000000,0.000,0.000,Client
2026-05-06 17:37:12,1900-01-00 00:00:00,dlink-615_EXT,40:86:CB:27:D2:0C,-23, WPA2 ,0.000000,0.000000,0.000,0.000,AP
2026-05-06 17:37:12,1900-01-00 00:00:00,dlink-615_EXT,40:86:CB:27:D2:0C,-25, WPA2 ,0.000000,0.000000,0.000,0.000,AP
2026-05-06 17:37:12,1900-01-00 00:00:00,dlink-615_EXT,40:86:CB:27:D2:0C,-25, WPA2 ,0.000000,0.000000,0.000,0.000,AP
2026-05-06 17:37:12,1900-01-00 00:00:00,dlink-615_EXT,40:86:CB:27:D2:0C,-25, WPA2 ,0.000000,0.000000,0.000,0.000,AP
2026-05-06 17:37:13,1900-01-00 00:00:00,dlink-615_EXT,40:86:CB:27:D2:0C,-21, WPA2 ,0.000000,0.000000,0.000,0.000,AP
2026-05-06 17:37:13,1900-01-00 00:00:00,dlink-615_EXT,40:86:CB:27:D2:0C,-23, WPA2 ,0.000000,0.000000,0.000,0.000,AP
2026-05-06 17:37:13,1900-01-00 00:00:00,dlink-615_EXT,40:86:CB:27:D2:0C,-23, WPA2 ,0.000000,0.000000,0.000,0.000,AP
2026-05-06 17:37:13,1900-01-00 00:00:00,,9C:2F:9D:82:20:A3,-33,,0.000000,0.000000,0.000,0.000,Client
2026-05-06 17:37:13,1900-01-00 00:00:00,dlink-615_EXT,40:86:CB:27:D2:0C,-21, WPA2 ,0.000000,0.000000,0.000,0.000,AP
2026-05-06 17:37:13,1900-01-00 00:00:00,,9C:2F:9D:82:20:A3,-31,,0.000000,0.000000,0.000,0.000,Client
2026-05-06 17:37:13,1900-01-00 00:00:00,dlink-615_EXT,40:86:CB:27:D2:0C,-25, WPA2 ,0.000000,0.000000,0.000,0.000,AP
2026-05-06 17:37:13,1900-01-00 00:00:00,dlink-615_EXT,40:86:CB:27:D2:0C,-23, WPA2 ,0.000000,0.000000,0.000,0.000,AP
2026-05-06 17:37:13,1900-01-00 00:00:00,dlink-615_EXT,40:86:CB:27:D2:0C,-21, WPA2 ,0.000000,0.000000,0.000,0.000,AP
2026-05-06 17:37:13,1900-01-00 00:00:00,dlink-615_EXT,40:86:CB:27:D2:0C,-25, WPA2 ,0.000000,0.000000,0.000,0.000,AP
2026-05-06 17:37:13,1900-01-00 00:00:00,dlink-615_EXT,40:86:CB:27:D2:0C,-23, WPA2 ,0.000000,0.000000,0.000,0.000,AP
2026-05-06 17:37:13,1900-01-00 00:00:00,dlink-615_EXT,40:86:CB:27:D2:0C,-25, WPA2 ,0.000000,0.000000,0.000,0.000,AP
2026-05-06 17:37:14,1900-01-00 00:00:00,dlink-615_EXT,40:86:CB:27:D2:0C,-23, WPA2 ,0.000000,0.000000,0.000,0.000,AP
2026-05-06 17:37:14,1900-01-00 00:00:00,,9C:2F:9D:82:20:A3,-31,,0.000000,0.000000,0.000,0.000,Client
2026-05-06 17:37:14,1900-01-00 00:00:00,dlink-615_EXT,40:86:CB:27:D2:0C,-25, WPA2 ,0.000000,0.000000,0.000,0.000,AP
2026-05-06 17:37:14,1900-01-00 00:00:00,,9C:2F:9D:82:20:A3,-33,,0.000000,0.000000,0.000,0.000,Client
2026-05-06 17:37:14,1900-01-00 00:00:00,dlink-615_EXT,40:86:CB:27:D2:0C,-25, WPA2 ,0.000000,0.000000,0.000,0.000,AP
2026-05-06 17:37:14,1900-01-00 00:00:00,,D2:6F:12:2F:DE:3D,-21,,0.000000,0.000000,0.000,0.000,Client
2026-05-06 17:37:14,1900-01-00 00:00:00,dlink-615_EXT,40:86:CB:27:D2:0C,-21, WPA2 ,0.000000,0.000000,0.000,0.000,AP
2026-05-06 17:37:14,1900-01-00 00:00:00,dlink-615_EXT,40:86:CB:27:D2:0C,-25, WPA2 ,0.000000,0.000000,0.000,0.000,AP
2026-05-06 17:37:14,1900-01-00 00:00:00,dlink-615_EXT,40:86:CB:27:D2:0C,-23, WPA2 ,0.000000,0.000000,0.000,0.000,AP
2026-05-06 17:37:15,1900-01-00 00:00:00,dlink-615_EXT,40:86:CB:27:D2:0C,-21, WPA2 ,0.000000,0.000000,0.000,0.000,AP
2026-05-06 17:37:15,1900-01-00 00:00:00,dlink-615_EXT,40:86:CB:27:D2:0C,-25, WPA2 ,0.000000,0.000000,0.000,0.000,AP
2026-05-06 17:37:15,1900-01-00 00:00:00,dlink-615_EXT,40:86:CB:27:D2:0C,-21, WPA2 ,0.000000,0.000000,0.000,0.000,AP
2026-05-06 17:37:15,1900-01-00 00:00:00,dlink-615_EXT,40:86:CB:27:D2:0C,-23, WPA2 ,0.000000,0.000000,0.000,0.000,AP
2026-05-06 17:37:15,1900-01-00 00:00:00,,9C:2F:9D:82:20:A3,-29,,0.000000,0.000000,0.000,0.000,Client
2026-05-06 17:37:15,1900-01-00 00:00:00,,9C:2F:9D:82:20:A3,-29,,0.000000,0.000000,0.000,0.000,Client
2026-05-06 17:37:15,1900-01-00 00:00:00,dlink-615_EXT,40:86:CB:27:D2:0C,-21, WPA2 ,0.000000,0.000000,0.000,0.000,AP
2026-05-06 17:37:15,1900-01-00 00:00:00,,9C:2F:9D:82:20:A3,-29,,0.000000,0.000000,0.000,0.000,Client
2026-05-06 17:37:15,1900-01-00 00:00:00,dlink-615_EXT,40:86:CB:27:D2:0C,-21, WPA2 ,0.000000,0.000000,0.000,0.000,AP
2026-05-06 17:37:15,1900-01-00 00:00:00,dlink-615_EXT,40:86:CB:27:D2:0C,-25, WPA2 ,0.000000,0.000000,0.000,0.000,AP
2026-05-06 17:37:15,1900-01-00 00:00:00,dlink-615_EXT,40:86:CB:27:D2:0C,-21, WPA2 ,0.000000,0.000000,0.000,0.000,AP
2026-05-06 17:37:16,1900-01-00 00:00:00,dlink-615_EXT,40:86:CB:27:D2:0C,-23, WPA2 ,0.000000,0.000000,0.000,0.000,AP
2026-05-06 17:37:16,1900-01-00 00:00:00,dlink-615_EXT,40:86:CB:27:D2:0C,-25, WPA2 ,0.000000,0.000000,0.000,0.000,AP
2026-05-06 17:37:16,1900-01-00 00:00:00,dlink-615_EXT,40:86:CB:27:D2:0C,-23, WPA2 ,0.000000,0.000000,0.000,0.000,AP
2026-05-06 17:37:16,1900-01-00 00:00:00,,9C:2F:9D:82:20:A3,-33,,0.000000,0.000000,0.000,0.000,Client
2026-05-06 17:37:16,1900-01-00 00:00:00,dlink-615_EXT,40:86:CB:27:D2:0C,-21, WPA2 ,0.000000,0.000000,0.000,0.000,AP
2026-05-06 17:37:16,1900-01-00 00:00:00,dlink-615_EXT,40:86:CB:27:D2:0C,-25, WPA2 ,0.000000,0.000000,0.000,0.000,AP
2026-05-06 17:37:16,1900-01-00 00:00:00,,9C:2F:9D:82:20:A3,-31,,0.000000,0.000000,0.000,0.000,Client
2026-05-06 17:37:16,1900-01-00 00:00:00,dlink-615_EXT,40:86:CB:27:D2:0C,-23, WPA2 ,0.000000,0.000000,0.000,0.000,AP
2026-05-06 17:37:16,1900-01-00 00:00:00,dlink-615_EXT,40:86:CB:27:D2:0C,-23, WPA2 ,0.000000,0.000000,0.000,0.000,AP
2026-05-06 17:37:16,1900-01-00 00:00:00,dlink-615_EXT,40:86:CB:27:D2:0C,-23, WPA2 ,0.000000,0.000000,0.000,0.000,AP
2026-05-06 17:37:16,1900-01-00 00:00:00,dlink-615_EXT,40:86:CB:27:D2:0C,-23, WPA2 ,0.000000,0.000000,0.000,0.000,AP
2026-05-06 17:37:16,1900-01-00 00:00:00,dlink-615_EXT,40:86:CB:27:D2:0C,-23, WPA2 ,0.000000,0.000000,0.000,0.000,AP
2026-05-06 17:37:17,1900-01-00 00:00:00,dlink-615_EXT,40:86:CB:27:D2:0C,-21, WPA2 ,0.000000,0.000000,0.000,0.000,AP
2026-05-06 17:37:17,1900-01-00 00:00:00,dlink-615_EXT,40:86:CB:27:D2:0C,-23, WPA2 ,0.000000,0.000000,0.000,0.000,AP
2026-05-06 17:37:17,1900-01-00 00:00:00,dlink-615_EXT,40:86:CB:27:D2:0C,-23, WPA2 ,0.000000,0.000000,0.000,0.000,AP
2026-05-06 17:37:17,1900-01-00 00:00:00,,9C:2F:9D:82:20:A3,-29,,0.000000,0.000000,0.000,0.000,Client
2026-05-06 17:37:17,1900-01-00 00:00:00,dlink-615_EXT,40:86:CB:27:D2:0C,-23, WPA2 ,0.000000,0.000000,0.000,0.000,AP
2026-05-06 17:37:17,1900-01-00 00:00:00,,9C:2F:9D:82:20:A3,-29,,0.000000,0.000000,0.000,0.000,Client
2026-05-06 17:37:17,1900-01-00 00:00:00,dlink-615_EXT,40:86:CB:27:D2:0C,-25, WPA2 ,0.000000,0.000000,0.000,0.000,AP
2026-05-06 17:37:17,1900-01-00 00:00:00,dlink-615_EXT,40:86:CB:27:D2:0C,-23, WPA2 ,0.000000,0.000000,0.000,0.000,AP
2026-05-06 17:37:17,1900-01-00 00:00:00,dlink-615_EXT,40:86:CB:27:D2:0C,-23, WPA2 ,0.000000,0.000000,0.000,0.000,AP
2026-05-06 17:37:17,1900-01-00 00:00:00,dlink-615_EXT,40:86:CB:27:D2:0C,-23, WPA2 ,0.000000,0.000000,0.000,0.000,AP
2026-05-06 17:37:17,1900-01-00 00:00:00,dlink-615_EXT,40:86:CB:27:D2:0C,-25, WPA2 ,0.000000,0.000000,0.000,0.000,AP
2026-05-06 17:37:17,1900-01-00 00:00:00,dlink-615_EXT,40:86:CB:27:D2:0C,-23, WPA2 ,0.000000,0.000000,0.000,0.000,AP
2026-05-06 17:37:18,1900-01-00 00:00:00,dlink-615_EXT,40:86:CB:27:D2:0C,-23, WPA2 ,0.000000,0.000000,0.000,0.000,AP
2026-05-06 17:37:18,1900-01-00 00:00:00,dlink-615_EXT,40:86:CB:27:D2:0C,-21, WPA2 ,0.000000,0.000000,0.000,0.000,AP
2026-05-06 17:37:18,1900-01-00 00:00:00,dlink-615_EXT,40:86:CB:27:D2:0C,-21, WPA2 ,0.000000,0.000000,0.000,0.000,AP
2026-05-06 17:37:18,1900-01-00 00:00:00,dlink-615_EXT,40:86:CB:27:D2:0C,-23, WPA2 ,0.000000,0.000000,0.000,0.000,AP
2026-05-06 17:37:18,1900-01-00 00:00:00,,9C:2F:9D:82:20:A3,-29,,0.000000,0.000000,0.000,0.000,Client
2026-05-06 17:37:18,1900-01-00 00:00:00,dlink-615_EXT,40:86:CB:27:D2:0C,-23, WPA2 ,0.000000,0.000000,0.000,0.000,AP
2026-05-06 17:37:18,1900-01-00 00:00:00,dlink-615_EXT,40:86:CB:27:D2:0C,-21, WPA2 ,0.000000,0.000000,0.000,0.000,AP
2026-05-06 17:37:18,1900-01-00 00:00:00,dlink-615_EXT,40:86:CB:27:D2:0C,-23, WPA2 ,0.000000,0.000000,0.000,0.000,AP
2026-05-06 17:37:18,1900-01-00 00:00:00,dlink-615_EXT,40:86:CB:27:D2:0C,-21, WPA2 ,0.000000,0.000000,0.000,0.000,AP
2026-05-06 17:37:19,1900-01-00 00:00:00,dlink-615_EXT,40:86:CB:27:D2:0C,-21, WPA2 ,0.000000,0.000000,0.000,0.000,AP
2026-05-06 17:37:19,1900-01-00 00:00:00,dlink-615_EXT,40:86:CB:27:D2:0C,-21, WPA2 ,0.000000,0.000000,0.000,0.000,AP
2026-05-06 17:37:19,1900-01-00 00:00:00,dlink-615_EXT,40:86:CB:27:D2:0C,-21, WPA2 ,0.000000,0.000000,0.000,0.000,AP
2026-05-06 17:37:19,1900-01-00 00:00:00,dlink-615_EXT,40:86:CB:27:D2:0C,-21, WPA2 ,0.000000,0.000000,0.000,0.000,AP
2026-05-06 17:37:19,1900-01-00 00:00:00,,9C:2F:9D:82:20:A3,-29,,0.000000,0.000000,0.000,0.000,Client
2026-05-06 17:37:19,1900-01-00 00:00:00,dlink-615_EXT,40:86:CB:27:D2:0C,-23, WPA2 ,0.000000,0.000000,0.000,0.000,AP
2026-05-06 17:37:19,1900-01-00 00:00:00,,9C:2F:9D:82:20:A3,-29,,0.000000,0.000000,0.000,0.000,Client
2026-05-06 17:37:19,1900-01-00 00:00:00,dlink-615_EXT,40:86:CB:27:D2:0C,-21, WPA2 ,0.000000,0.000000,0.000,0.000,AP
2026-05-06 17:37:19,1900-01-00 00:00:00,dlink-615_EXT,40:86:CB:27:D2:0C,-23, WPA2 ,0.000000,0.000000,0.000,0.000,AP
2026-05-06 17:37:19,1900-01-00 00:00:00,dlink-615_EXT,40:86:CB:27:D2:0C,-23, WPA2 ,0.000000,0.000000,0.000,0.000,AP
2026-05-06 17:37:20,1900-01-00 00:00:00,dlink-615_EXT,40:86:CB:27:D2:0C,-21, WPA2 ,0.000000,0.000000,0.000,0.000,AP
2026-05-06 17:37:20,1900-01-00 00:00:00,dlink-615_EXT,40:86:CB:27:D2:0C,-21, WPA2 ,0.000000,0.000000,0.000,0.000,AP
2026-05-06 17:37:20,1900-01-00 00:00:00,dlink-615_EXT,40:86:CB:27:D2:0C,-23, WPA2 ,0.000000,0.000000,0.000,0.000,AP
2026-05-06 17:37:20,1900-01-00 00:00:00,,9C:2F:9D:82:20:A3,-33,,0.000000,0.000000,0.000,0.000,Client
2026-05-06 17:37:20,1900-01-00 00:00:00,,D2:6F:12:2F:DE:3D,-19,,0.000000,0.000000,0.000,0.000,Client
2026-05-06 17:37:20,1900-01-00 00:00:00,,D2:6F:12:2F:DE:3D,-21,,0.000000,0.000000,0.000,0.000,Client
2026-05-06 17:37:20,1900-01-00 00:00:00,,D2:6F:12:2F:DE:3D,-20,,0.000000,0.000000,0.000,0.000,Client
2026-05-06 17:37:20,1900-01-00 00:00:00,dlink-615_EXT,40:86:CB:27:D2:0C,-25, WPA2 ,0.000000,0.000000,0.000,0.000,AP
2026-05-06 17:37:20,1900-01-00 00:00:00,,9C:2F:9D:82:20:A3,-33,,0.000000,0.000000,0.000,0.000,Client
2026-05-06 17:37:20,1900-01-00 00:00:00,,9C:2F:9D:82:20:A3,-31,,0.000000,0.000000,0.000,0.000,Client
2026-05-06 17:37:20,1900-01-00 00:00:00,,9C:2F:9D:82:20:A3,-33,,0.000000,0.000000,0.000,0.000,Client
2026-05-06 17:37:20,1900-01-00 00:00:00,dlink-615_EXT,40:86:CB:27:D2:0C,-25, WPA2 ,0.000000,0.000000,0.000,0.000,AP
2026-05-06 17:37:20,1900-01-00 00:00:00,dlink-615_EXT,40:86:CB:27:D2:0C,-25, WPA2 ,0.000000,0.000000,0.000,0.000,AP
2026-05-06 17:37:20,1900-01-00 00:00:00,dlink-615_EXT,40:86:CB:27:D2:0C,-25, WPA2 ,0.000000,0.000000,0.000,0.000,AP
2026-05-06 17:37:20,1900-01-00 00:00:00,,9C:2F:9D:82:20:A3,-33,,0.000000,0.000000,0.000,0.000,Client
2026-05-06 17:37:20,1900-01-00 00:00:00,dlink-615_EXT,40:86:CB:27:D2:0C,-23, WPA2 ,0.000000,0.000000,0.000,0.000,AP
2026-05-06 17:37:20,1900-01-00 00:00:00,,D2:6F:12:2F:DE:3D,-21,,0.000000,0.000000,0.000,0.000,Client
2026-05-06 17:37:20,1900-01-00 00:00:00,,D2:6F:12:2F:DE:3D,-20,,0.000000,0.000000,0.000,0.000,Client
2026-05-06 17:37:20,1900-01-00 00:00:00,,D2:6F:12:2F:DE:3D,-22,,0.000000,0.000000,0.000,0.000,Client
2026-05-06 17:37:21,1900-01-00 00:00:00,,D2:6F:12:2F:DE:3D,-19,,0.000000,0.000000,0.000,0.000,Client
2026-05-06 17:37:21,1900-01-00 00:00:00,dlink-615_EXT,40:86:CB:27:D2:0C,-27, WPA2 ,0.000000,0.000000,0.000,0.000,AP
2026-05-06 17:37:21,1900-01-00 00:00:00,dlink-615_EXT,40:86:CB:27:D2:0C,-23, WPA2 ,0.000000,0.000000,0.000,0.000,AP
2026-05-06 17:37:21,1900-01-00 00:00:00,dlink-615_EXT,40:86:CB:27:D2:0C,-23, WPA2 ,0.000000,0.000000,0.000,0.000,AP
2026-05-06 17:37:21,1900-01-00 00:00:00,dlink-615_EXT,40:86:CB:27:D2:0C,-23, WPA2 ,0.000000,0.000000,0.000,0.000,AP
2026-05-06 17:37:21,1900-01-00 00:00:00,,9C:2F:9D:82:20:A3,-29,,0.000000,0.000000,0.000,0.000,Client
2026-05-06 17:37:21,1900-01-00 00:00:00,dlink-615_EXT,40:86:CB:27:D2:0C,-23, WPA2 ,0.000000,0.000000,0.000,0.000,AP
2026-05-06 17:37:21,1900-01-00 00:00:00,dlink-615_EXT,40:86:CB:27:D2:0C,-25, WPA2 ,0.000000,0.000000,0.000,0.000,AP
2026-05-06 17:37:21,1900-01-00 00:00:00,dlink-615_EXT,40:86:CB:27:D2:0C,-25, WPA2 ,0.000000,0.000000,0.000,0.000,AP
2026-05-06 17:37:21,1900-01-00 00:00:00,dlink-615_EXT,40:86:CB:27:D2:0C,-23, WPA2 ,0.000000,0.000000,0.000,0.000,AP
2026-05-06 17:37:21,1900-01-00 00:00:00,dlink-615_EXT,40:86:CB:27:D2:0C,-25, WPA2 ,0.000000,0.000000,0.000,0.000,AP
2026-05-06 17:37:21,1900-01-00 00:00:00,dlink-615_EXT,40:86:CB:27:D2:0C,-25, WPA2 ,0.000000,0.000000,0.000,0.000,AP
2026-05-06 17:37:22,1900-01-00 00:00:00,dlink-615_EXT,40:86:CB:27:D2:0C,-23, WPA2 ,0.000000,0.000000,0.000,0.000,AP
2026-05-06 17:37:22,1900-01-00 00:00:00,dlink-615_EXT,40:86:CB:27:D2:0C,-23, WPA2 ,0.000000,0.000000,0.000,0.000,AP
2026-05-06 17:37:22,1900-01-00 00:00:00,,9C:2F:9D:82:20:A3,-29,,0.000000,0.000000,0.000,0.000,Client
2026-05-06 17:37:22,1900-01-00 00:00:00,dlink-615_EXT,40:86:CB:27:D2:0C,-25, WPA2 ,0.000000,0.000000,0.000,0.000,AP
2026-05-06 17:37:22,1900-01-00 00:00:00,,9C:2F:9D:82:20:A3,-25,,0.000000,0.000000,0.000,0.000,Client
2026-05-06 17:37:22,1900-01-00 00:00:00,dlink-615_EXT,40:86:CB:27:D2:0C,-23, WPA2 ,0.000000,0.000000,0.000,0.000,AP
2026-05-06 17:37:22,1900-01-00 00:00:00,,D2:6F:12:2F:DE:3D,-19,,0.000000,0.000000,0.000,0.000,Client
2026-05-06 17:37:22,1900-01-00 00:00:00,dlink-615_EXT,40:86:CB:27:D2:0C,-23, WPA2 ,0.000000,0.000000,0.000,0.000,AP
2026-05-06 17:37:22,1900-01-00 00:00:00,dlink-615_EXT,40:86:CB:27:D2:0C,-25, WPA2 ,0.000000,0.000000,0.000,0.000,AP
2026-05-06 17:37:22,1900-01-00 00:00:00,dlink-615_EXT,40:86:CB:27:D2:0C,-23, WPA2 ,0.000000,0.000000,0.000,0.000,AP
2026-05-06 17:37:22,1900-01-00 00:00:00,dlink-615_EXT,40:86:CB:27:D2:0C,-25, WPA2 ,0.000000,0.000000,0.000,0.000,AP
2026-05-06 17:37:22,1900-01-00 00:00:00,dlink-615_EXT,40:86:CB:27:D2:0C,-23, WPA2 ,0.000000,0.000000,0.000,0.000,AP
2026-05-06 17:37:23,1900-01-00 00:00:00,dlink-615_EXT,40:86:CB:27:D2:0C,-25, WPA2 ,0.000000,0.000000,0.000,0.000,AP
2026-05-06 17:37:23,1900-01-00 00:00:00,dlink-615_EXT,40:86:CB:27:D2:0C,-25, WPA2 ,0.000000,0.000000,0.000,0.000,AP
2026-05-06 17:37:23,1900-01-00 00:00:00,dlink-615_EXT,40:86:CB:27:D2:0C,-23, WPA2 ,0.000000,0.000000,0.000,0.000,AP
2026-05-06 17:37:23,1900-01-00 00:00:00,,9C:2F:9D:82:20:A3,-29,,0.000000,0.000000,0.000,0.000,Client
2026-05-06 17:37:23,1900-01-00 00:00:00,dlink-615_EXT,40:86:CB:27:D2:0C,-25, WPA2 ,0.000000,0.000000,0.000,0.000,AP
2026-05-06 17:37:23,1900-01-00 00:00:00,dlink-615_EXT,40:86:CB:27:D2:0C,-25, WPA2 ,0.000000,0.000000,0.000,0.000,AP
2026-05-06 17:37:23,1900-01-00 00:00:00,dlink-615_EXT,40:86:CB:27:D2:0C,-23, WPA2 ,0.000000,0.000000,0.000,0.000,AP
2026-05-06 17:37:23,1900-01-00 00:00:00,dlink-615_EXT,40:86:CB:27:D2:0C,-23, WPA2 ,0.000000,0.000000,0.000,0.000,AP
2026-05-06 17:37:23,1900-01-00 00:00:00,dlink-615_EXT,40:86:CB:27:D2:0C,-25, WPA2 ,0.000000,0.000000,0.000,0.000,AP
2026-05-06 17:37:24,1900-01-00 00:00:00,dlink-615_EXT,40:86:CB:27:D2:0C,-23, WPA2 ,0.000000,0.000000,0.000,0.000,AP
2026-05-06 17:37:24,1900-01-00 00:00:00,dlink-615_EXT,40:86:CB:27:D2:0C,-25, WPA2 ,0.000000,0.000000,0.000,0.000,AP
2026-05-06 17:37:24,1900-01-00 00:00:00,dlink-615_EXT,40:86:CB:27:D2:0C,-23, WPA2 ,0.000000,0.000000,0.000,0.000,AP
2026-05-06 17:37:24,1900-01-00 00:00:00,dlink-615_EXT,40:86:CB:27:D2:0C,-23, WPA2 ,0.000000,0.000000,0.000,0.000,AP
2026-05-06 17:37:24,1900-01-00 00:00:00,,9C:2F:9D:82:20:A3,-35,,0.000000,0.000000,0.000,0.000,Client
2026-05-06 17:37:24,1900-01-00 00:00:00,,9C:2F:9D:82:20:A3,-31,,0.000000,0.000000,0.000,0.000,Client
2026-05-06 17:37:24,1900-01-00 00:00:00,dlink-615_EXT,40:86:CB:27:D2:0C,-25, WPA2 ,0.000000,0.000000,0.000,0.000,AP
2026-05-06 17:37:24,1900-01-00 00:00:00,dlink-615_EXT,40:86:CB:27:D2:0C,-25, WPA2 ,0.000000,0.000000,0.000,0.000,AP
2026-05-06 17:37:24,1900-01-00 00:00:00,dlink-615_EXT,40:86:CB:27:D2:0C,-23, WPA2 ,0.000000,0.000000,0.000,0.000,AP
2026-05-06 17:37:24,1900-01-00 00:00:00,dlink-615_EXT,40:86:CB:27:D2:0C,-23, WPA2 ,0.000000,0.000000,0.000,0.000,AP
2026-05-06 17:37:24,1900-01-00 00:00:00,dlink-615_EXT,40:86:CB:27:D2:0C,-23, WPA2 ,0.000000,0.000000,0.000,0.000,AP
2026-05-06 17:37:25,1900-01-00 00:00:00,dlink-615_EXT,40:86:CB:27:D2:0C,-25, WPA2 ,0.000000,0.000000,0.000,0.000,AP
2026-05-06 17:37:25,1900-01-00 00:00:00,dlink-615_EXT,40:86:CB:27:D2:0C,-25, WPA2 ,0.000000,0.000000,0.000,0.000,AP
2026-05-06 17:37:25,1900-01-00 00:00:00,dlink-615_EXT,40:86:CB:27:D2:0C,-25, WPA2 ,0.000000,0.000000,0.000,0.000,AP
2026-05-06 17:37:25,1900-01-00 00:00:00,dlink-615_EXT,40:86:CB:27:D2:0C,-23, WPA2 ,0.000000,0.000000,0.000,0.000,AP
2026-05-06 17:37:25,1900-01-00 00:00:00,,9C:2F:9D:82:20:A3,-33,,0.000000,0.000000,0.000,0.000,Client
2026-05-06 17:37:25,1900-01-00 00:00:00,dlink-615_EXT,40:86:CB:27:D2:0C,-25, WPA2 ,0.000000,0.000000,0.000,0.000,AP
2026-05-06 17:37:25,1900-01-00 00:00:00,dlink-615_EXT,40:86:CB:27:D2:0C,-23, WPA2 ,0.000000,0.000000,0.000,0.000,AP
2026-05-06 17:37:25,1900-01-00 00:00:00,dlink-615_EXT,40:86:CB:27:D2:0C,-25, WPA2 ,0.000000,0.000000,0.000,0.000,AP
2026-05-06 17:37:25,1900-01-00 00:00:00,dlink-615_EXT,40:86:CB:27:D2:0C,-25, WPA2 ,0.000000,0.000000,0.000,0.000,AP
2026-05-06 17:37:25,1900-01-00 00:00:00,dlink-615_EXT,40:86:CB:27:D2:0C,-25, WPA2 ,0.000000,0.000000,0.000,0.000,AP
2026-05-06 17:37:26,1900-01-00 00:00:00,dlink-615_EXT,40:86:CB:27:D2:0C,-23, WPA2 ,0.000000,0.000000,0.000,0.000,AP
2026-05-06 17:37:26,1900-01-00 00:00:00,dlink-615_EXT,40:86:CB:27:D2:0C,-23, WPA2 ,0.000000,0.000000,0.000,0.000,AP
2026-05-06 17:37:26,1900-01-00 00:00:00,dlink-615_EXT,40:86:CB:27:D2:0C,-23, WPA2 ,0.000000,0.000000,0.000,0.000,AP
2026-05-06 17:37:26,1900-01-00 00:00:00,,9C:2F:9D:82:20:A3,-33,,0.000000,0.000000,0.000,0.000,Client
2026-05-06 17:37:26,1900-01-00 00:00:00,dlink-615_EXT,40:86:CB:27:D2:0C,-25, WPA2 ,0.000000,0.000000,0.000,0.000,AP
2026-05-06 17:37:26,1900-01-00 00:00:00,dlink-615_EXT,40:86:CB:27:D2:0C,-23, WPA2 ,0.000000,0.000000,0.000,0.000,AP
2026-05-06 17:37:26,1900-01-00 00:00:00,dlink-615_EXT,40:86:CB:27:D2:0C,-23, WPA2 ,0.000000,0.000000,0.000,0.000,AP
2026-05-06 17:37:26,1900-01-00 00:00:00,dlink-615_EXT,40:86:CB:27:D2:0C,-25, WPA2 ,0.000000,0.000000,0.000,0.000,AP
2026-05-06 17:37:26,1900-01-00 00:00:00,dlink-615_EXT,40:86:CB:27:D2:0C,-25, WPA2 ,0.000000,0.000000,0.000,0.000,AP
2026-05-06 17:37:27,1900-01-00 00:00:00,dlink-615_EXT,40:86:CB:27:D2:0C,-23, WPA2 ,0.000000,0.000000,0.000,0.000,AP
2026-05-06 17:37:27,1900-01-00 00:00:00,,9C:2F:9D:82:20:A3,-29,,0.000000,0.000000,0.000,0.000,Client
2026-05-06 17:37:27,1900-01-00 00:00:00,dlink-615_EXT,40:86:CB:27:D2:0C,-25, WPA2 ,0.000000,0.000000,0.000,0.000,AP
2026-05-06 17:37:27,1900-01-00 00:00:00,,9C:2F:9D:82:20:A3,-29,,0.000000,0.000000,0.000,0.000,Client
2026-05-06 17:37:27,1900-01-00 00:00:00,dlink-615_EXT,40:86:CB:27:D2:0C,-25, WPA2 ,0.000000,0.000000,0.000,0.000,AP
2026-05-06 17:37:27,1900-01-00 00:00:00,dlink-615_EXT,40:86:CB:27:D2:0C,-23, WPA2 ,0.000000,0.000000,0.000,0.000,AP
2026-05-06 17:37:27,1900-01-00 00:00:00,dlink-615_EXT,40:86:CB:27:D2:0C,-23, WPA2 ,0.000000,0.000000,0.000,0.000,AP
2026-05-06 17:37:28,1900-01-00 00:00:00,dlink-615_EXT,40:86:CB:27:D2:0C,-25, WPA2 ,0.000000,0.000000,0.000,0.000,AP
2026-05-06 17:37:28,1900-01-00 00:00:00,dlink-615_EXT,40:86:CB:27:D2:0C,-23, WPA2 ,0.000000,0.000000,0.000,0.000,AP
2026-05-06 17:37:28,1900-01-00 00:00:00,dlink-615_EXT,40:86:CB:27:D2:0C,-25, WPA2 ,0.000000,0.000000,0.000,0.000,AP
2026-05-06 17:37:28,1900-01-00 00:00:00,dlink-615_EXT,40:86:CB:27:D2:0C,-23, WPA2 ,0.000000,0.000000,0.000,0.000,AP
2026-05-06 17:37:28,1900-01-00 00:00:00,dlink-615_EXT,40:86:CB:27:D2:0C,-25, WPA2 ,0.000000,0.000000,0.000,0.000,AP
2026-05-06 17:37:28,1900-01-00 00:00:00,,9C:2F:9D:82:20:A3,-31,,0.000000,0.000000,0.000,0.000,Client
2026-05-06 17:37:28,1900-01-00 00:00:00,dlink-615_EXT,40:86:CB:27:D2:0C,-25, WPA2 ,0.000000,0.000000,0.000,0.000,AP
2026-05-06 17:37:28,1900-01-00 00:00:00,dlink-615_EXT,40:86:CB:27:D2:0C,-25, WPA2 ,0.000000,0.000000,0.000,0.000,AP
2026-05-06 17:37:28,1900-01-00 00:00:00,dlink-615_EXT,40:86:CB:27:D2:0C,-25, WPA2 ,0.000000,0.000000,0.000,0.000,AP
2026-05-06 17:37:28,1900-01-00 00:00:00,dlink-615_EXT,40:86:CB:27:D2:0C,-23, WPA2 ,0.000000,0.000000,0.000,0.000,AP
2026-05-06 17:37:29,1900-01-00 00:00:00,dlink-615_EXT,40:86:CB:27:D2:0C,-25, WPA2 ,0.000000,0.000000,0.000,0.000,AP
2026-05-06 17:37:29,1900-01-00 00:00:00,dlink-615_EXT,40:86:CB:27:D2:0C,-25, WPA2 ,0.000000,0.000000,0.000,0.000,AP
2026-05-06 17:37:29,1900-01-00 00:00:00,dlink-615_EXT,40:86:CB:27:D2:0C,-25, WPA2 ,0.000000,0.000000,0.000,0.000,AP
2026-05-06 17:37:29,1900-01-00 00:00:00,dlink-615_EXT,40:86:CB:27:D2:0C,-25, WPA2 ,0.000000,0.000000,0.000,0.000,AP
2026-05-06 17:37:29,1900-01-00 00:00:00,dlink-615_EXT,40:86:CB:27:D2:0C,-25, WPA2 ,0.000000,0.000000,0.000,0.000,AP
2026-05-06 17:37:29,1900-01-00 00:00:00,dlink-615_EXT,40:86:CB:27:D2:0C,-25, WPA2 ,0.000000,0.000000,0.000,0.000,AP
2026-05-06 17:37:29,1900-01-00 00:00:00,,9C:2F:9D:82:20:A3,-33,,0.000000,0.000000,0.000,0.000,Client
2026-05-06 17:37:29,1900-01-00 00:00:00,dlink-615_EXT,40:86:CB:27:D2:0C,-25, WPA2 ,0.000000,0.000000,0.000,0.000,AP
2026-05-06 17:37:29,1900-01-00 00:00:00,,9C:2F:9D:82:20:A3,-31,,0.000000,0.000000,0.000,0.000,Client
2026-05-06 17:37:29,1900-01-00 00:00:00,dlink-615_EXT,40:86:CB:27:D2:0C,-25, WPA2 ,0.000000,0.000000,0.000,0.000,AP
2026-05-06 17:37:29,1900-01-00 00:00:00,dlink-615_EXT,40:86:CB:27:D2:0C,-23, WPA2 ,0.000000,0.000000,0.000,0.000,AP
2026-05-06 17:37:29,1900-01-00 00:00:00,dlink-615_EXT,40:86:CB:27:D2:0C,-23, WPA2 ,0.000000,0.000000,0.000,0.000,AP
2026-05-06 17:37:29,1900-01-00 00:00:00,dlink-615_EXT,40:86:CB:27:D2:0C,-25, WPA2 ,0.000000,0.000000,0.000,0.000,AP
2026-05-06 17:37:29,1900-01-00 00:00:00,dlink-615_EXT,40:86:CB:27:D2:0C,-23, WPA2 ,0.000000,0.000000,0.000,0.000,AP
2026-05-06 17:37:30,1900-01-00 00:00:00,dlink-615_EXT,40:86:CB:27:D2:0C,-25, WPA2 ,0.000000,0.000000,0.000,0.000,AP
2026-05-06 17:37:30,1900-01-00 00:00:00,dlink-615_EXT,40:86:CB:27:D2:0C,-23, WPA2 ,0.000000,0.000000,0.000,0.000,AP
2026-05-06 17:37:30,1900-01-00 00:00:00,,9C:2F:9D:82:20:A3,-29,,0.000000,0.000000,0.000,0.000,Client
2026-05-06 17:37:30,1900-01-00 00:00:00,dlink-615_EXT,40:86:CB:27:D2:0C,-23, WPA2 ,0.000000,0.000000,0.000,0.000,AP
2026-05-06 17:37:30,1900-01-00 00:00:00,,9C:2F:9D:82:20:A3,-27,,0.000000,0.000000,0.000,0.000,Client
2026-05-06 17:37:30,1900-01-00 00:00:00,dlink-615_EXT,40:86:CB:27:D2:0C,-25, WPA2 ,0.000000,0.000000,0.000,0.000,AP
2026-05-06 17:37:30,1900-01-00 00:00:00,dlink-615_EXT,40:86:CB:27:D2:0C,-23, WPA2 ,0.000000,0.000000,0.000,0.000,AP
2026-05-06 17:37:30,1900-01-00 00:00:00,dlink-615_EXT,40:86:CB:27:D2:0C,-25, WPA2 ,0.000000,0.000000,0.000,0.000,AP
2026-05-06 17:37:30,1900-01-00 00:00:00,dlink-615_EXT,40:86:CB:27:D2:0C,-23, WPA2 ,0.000000,0.000000,0.000,0.000,AP
2026-05-06 17:37:30,1900-01-00 00:00:00,dlink-615_EXT,40:86:CB:27:D2:0C,-25, WPA2 ,0.000000,0.000000,0.000,0.000,AP
2026-05-06 17:37:30,1900-01-00 00:00:00,dlink-615_EXT,40:86:CB:27:D2:0C,-25, WPA2 ,0.000000,0.000000,0.000,0.000,AP
2026-05-06 17:37:31,1900-01-00 00:00:00,dlink-615_EXT,40:86:CB:27:D2:0C,-25, WPA2 ,0.000000,0.000000,0.000,0.000,AP
2026-05-06 17:37:31,1900-01-00 00:00:00,dlink-615_EXT,40:86:CB:27:D2:0C,-25, WPA2 ,0.000000,0.000000,0.000,0.000,AP
2026-05-06 17:37:31,1900-01-00 00:00:00,dlink-615_EXT,40:86:CB:27:D2:0C,-25, WPA2 ,0.000000,0.000000,0.000,0.000,AP
2026-05-06 17:37:31,1900-01-00 00:00:00,,9C:2F:9D:82:20:A3,-29,,0.000000,0.000000,0.000,0.000,Client
2026-05-06 17:37:31,1900-01-00 00:00:00,,9C:2F:9D:82:20:A3,-29,,0.000000,0.000000,0.000,0.000,Client
2026-05-06 17:37:31,1900-01-00 00:00:00,dlink-615_EXT,40:86:CB:27:D2:0C,-25, WPA2 ,0.000000,0.000000,0.000,0.000,AP
2026-05-06 17:37:31,1900-01-00 00:00:00,dlink-615_EXT,40:86:CB:27:D2:0C,-25, WPA2 ,0.000000,0.000000,0.000,0.000,AP
2026-05-06 17:37:31,1900-01-00 00:00:00,dlink-615_EXT,40:86:CB:27:D2:0C,-23, WPA2 ,0.000000,0.000000,0.000,0.000,AP
2026-05-06 17:37:31,1900-01-00 00:00:00,dlink-615_EXT,40:86:CB:27:D2:0C,-23, WPA2 ,0.000000,0.000000,0.000,0.000,AP
2026-05-06 17:37:31,1900-01-00 00:00:00,dlink-615_EXT,40:86:CB:27:D2:0C,-23, WPA2 ,0.000000,0.000000,0.000,0.000,AP
2026-05-06 17:37:32,1900-01-00 00:00:00,dlink-615_EXT,40:86:CB:27:D2:0C,-23, WPA2 ,0.000000,0.000000,0.000,0.000,AP
2026-05-06 17:37:32,1900-01-00 00:00:00,dlink-615_EXT,40:86:CB:27:D2:0C,-25, WPA2 ,0.000000,0.000000,0.000,0.000,AP
2026-05-06 17:37:32,1900-01-00 00:00:00,dlink-615_EXT,40:86:CB:27:D2:0C,-25, WPA2 ,0.000000,0.000000,0.000,0.000,AP
2026-05-06 17:37:32,1900-01-00 00:00:00,dlink-615_EXT,40:86:CB:27:D2:0C,-23, WPA2 ,0.000000,0.000000,0.000,0.000,AP
2026-05-06 17:37:32,1900-01-00 00:00:00,,9C:2F:9D:82:20:A3,-33,,0.000000,0.000000,0.000,0.000,Client
2026-05-06 17:37:32,1900-01-00 00:00:00,dlink-615_EXT,40:86:CB:27:D2:0C,-25, WPA2 ,0.000000,0.000000,0.000,0.000,AP
2026-05-06 17:37:32,1900-01-00 00:00:00,dlink-615_EXT,40:86:CB:27:D2:0C,-25, WPA2 ,0.000000,0.000000,0.000,0.000,AP
2026-05-06 17:37:32,1900-01-00 00:00:00,,9C:2F:9D:82:20:A3,-31,,0.000000,0.000000,0.000,0.000,Client
2026-05-06 17:37:32,1900-01-00 00:00:00,dlink-615_EXT,40:86:CB:27:D2:0C,-25, WPA2 ,0.000000,0.000000,0.000,0.000,AP
2026-05-06 17:37:32,1900-01-00 00:00:00,dlink-615_EXT,40:86:CB:27:D2:0C,-25, WPA2 ,0.000000,0.000000,0.000,0.000,AP
2026-05-06 17:37:32,1900-01-00 00:00:00,dlink-615_EXT,40:86:CB:27:D2:0C,-23, WPA2 ,0.000000,0.000000,0.000,0.000,AP
2026-05-06 17:37:32,1900-01-00 00:00:00,dlink-615_EXT,40:86:CB:27:D2:0C,-25, WPA2 ,0.000000,0.000000,0.000,0.000,AP
2026-05-06 17:37:33,1900-01-00 00:00:00,dlink-615_EXT,40:86:CB:27:D2:0C,-25, WPA2 ,0.000000,0.000000,0.000,0.000,AP
2026-05-06 17:37:33,1900-01-00 00:00:00,dlink-615_EXT,40:86:CB:27:D2:0C,-25, WPA2 ,0.000000,0.000000,0.000,0.000,AP
2026-05-06 17:37:33,1900-01-00 00:00:00,dlink-615_EXT,40:86:CB:27:D2:0C,-25, WPA2 ,0.000000,0.000000,0.000,0.000,AP
2026-05-06 17:37:33,1900-01-00 00:00:00,dlink-615_EXT,40:86:CB:27:D2:0C,-23, WPA2 ,0.000000,0.000000,0.000,0.000,AP
2026-05-06 17:37:33,1900-01-00 00:00:00,,9C:2F:9D:82:20:A3,-25,,0.000000,0.000000,0.000,0.000,Client
2026-05-06 17:37:33,1900-01-00 00:00:00,dlink-615_EXT,40:86:CB:27:D2:0C,-23, WPA2 ,0.000000,0.000000,0.000,0.000,AP
2026-05-06 17:37:33,1900-01-00 00:00:00,,9C:2F:9D:82:20:A3,-29,,0.000000,0.000000,0.000,0.000,Client
2026-05-06 17:37:33,1900-01-00 00:00:00,dlink-615_EXT,40:86:CB:27:D2:0C,-23, WPA2 ,0.000000,0.000000,0.000,0.000,AP
2026-05-06 17:37:33,1900-01-00 00:00:00,dlink-615_EXT,40:86:CB:27:D2:0C,-25, WPA2 ,0.000000,0.000000,0.000,0.000,AP
2026-05-06 17:37:33,1900-01-00 00:00:00,dlink-615_EXT,40:86:CB:27:D2:0C,-25, WPA2 ,0.000000,0.000000,0.000,0.000,AP
2026-05-06 17:37:33,1900-01-00 00:00:00,dlink-615_EXT,40:86:CB:27:D2:0C,-25, WPA2 ,0.000000,0.000000,0.000,0.000,AP
2026-05-06 17:37:34,1900-01-00 00:00:00,dlink-615_EXT,40:86:CB:27:D2:0C,-25, WPA2 ,0.000000,0.000000,0.000,0.000,AP
2026-05-06 17:37:34,1900-01-00 00:00:00,dlink-615_EXT,40:86:CB:27:D2:0C,-25, WPA2 ,0.000000,0.000000,0.000,0.000,AP
2026-05-06 17:37:34,1900-01-00 00:00:00,dlink-615_EXT,40:86:CB:27:D2:0C,-23, WPA2 ,0.000000,0.000000,0.000,0.000,AP
2026-05-06 17:37:34,1900-01-00 00:00:00,,9C:2F:9D:82:20:A3,-29,,0.000000,0.000000,0.000,0.000,Client
2026-05-06 17:37:34,1900-01-00 00:00:00,dlink-615_EXT,40:86:CB:27:D2:0C,-25, WPA2 ,0.000000,0.000000,0.000,0.000,AP
2026-05-06 17:37:34,1900-01-00 00:00:00,dlink-615_EXT,40:86:CB:27:D2:0C,-25, WPA2 ,0.000000,0.000000,0.000,0.000,AP
2026-05-06 17:37:34,1900-01-00 00:00:00,dlink-615_EXT,40:86:CB:27:D2:0C,-23, WPA2 ,0.000000,0.000000,0.000,0.000,AP
2026-05-06 17:37:34,1900-01-00 00:00:00,dlink-615_EXT,40:86:CB:27:D2:0C,-23, WPA2 ,0.000000,0.000000,0.000,0.000,AP
2026-05-06 17:37:34,1900-01-00 00:00:00,dlink-615_EXT,40:86:CB:27:D2:0C,-25, WPA2 ,0.000000,0.000000,0.000,0.000,AP
2026-05-06 17:37:34,1900-01-00 00:00:00,dlink-615_EXT,40:86:CB:27:D2:0C,-25, WPA2 ,0.000000,0.000000,0.000,0.000,AP
2026-05-06 17:37:35,1900-01-00 00:00:00,dlink-615_EXT,40:86:CB:27:D2:0C,-27, WPA2 ,0.000000,0.000000,0.000,0.000,AP
2026-05-06 17:37:35,1900-01-00 00:00:00,dlink-615_EXT,40:86:CB:27:D2:0C,-25, WPA2 ,0.000000,0.000000,0.000,0.000,AP
2026-05-06 17:37:35,1900-01-00 00:00:00,,9C:2F:9D:82:20:A3,-29,,0.000000,0.000000,0.000,0.000,Client
2026-05-06 17:37:35,1900-01-00 00:00:00,,9C:2F:9D:82:20:A3,-29,,0.000000,0.000000,0.000,0.000,Client
2026-05-06 17:37:35,1900-01-00 00:00:00,dlink-615_EXT,40:86:CB:27:D2:0C,-25, WPA2 ,0.000000,0.000000,0.000,0.000,AP
2026-05-06 17:37:35,1900-01-00 00:00:00,dlink-615_EXT,40:86:CB:27:D2:0C,-25, WPA2 ,0.000000,0.000000,0.000,0.000,AP
2026-05-06 17:37:35,1900-01-00 00:00:00,dlink-615_EXT,40:86:CB:27:D2:0C,-25, WPA2 ,0.000000,0.000000,0.000,0.000,AP
2026-05-06 17:37:35,1900-01-00 00:00:00,dlink-615_EXT,40:86:CB:27:D2:0C,-25, WPA2 ,0.000000,0.000000,0.000,0.000,AP
2026-05-06 17:37:35,1900-01-00 00:00:00,dlink-615_EXT,40:86:CB:27:D2:0C,-23, WPA2 ,0.000000,0.000000,0.000,0.000,AP
2026-05-06 17:37:36,1900-01-00 00:00:00,dlink-615_EXT,40:86:CB:27:D2:0C,-23, WPA2 ,0.000000,0.000000,0.000,0.000,AP
2026-05-06 17:37:36,1900-01-00 00:00:00,dlink-615_EXT,40:86:CB:27:D2:0C,-25, WPA2 ,0.000000,0.000000,0.000,0.000,AP
2026-05-06 17:37:36,1900-01-00 00:00:00,dlink-615_EXT,40:86:CB:27:D2:0C,-25, WPA2 ,0.000000,0.000000,0.000,0.000,AP
2026-05-06 17:37:36,1900-01-00 00:00:00,dlink-615_EXT,40:86:CB:27:D2:0C,-23, WPA2 ,0.000000,0.000000,0.000,0.000,AP
2026-05-06 17:37:36,1900-01-00 00:00:00,,9C:2F:9D:82:20:A3,-27,,0.000000,0.000000,0.000,0.000,Client
2026-05-06 17:37:36,1900-01-00 00:00:00,dlink-615_EXT,40:86:CB:27:D2:0C,-23, WPA2 ,0.000000,0.000000,0.000,0.000,AP
2026-05-06 17:37:36,1900-01-00 00:00:00,,9C:2F:9D:82:20:A3,-29,,0.000000,0.000000,0.000,0.000,Client
2026-05-06 17:37:36,1900-01-00 00:00:00,dlink-615_EXT,40:86:CB:27:D2:0C,-21, WPA2 ,0.000000,0.000000,0.000,0.000,AP
2026-05-06 17:37:36,1900-01-00 00:00:00,dlink-615_EXT,40:86:CB:27:D2:0C,-23, WPA2 ,0.000000,0.000000,0.000,0.000,AP
2026-05-06 17:37:36,1900-01-00 00:00:00,dlink-615_EXT,40:86:CB:27:D2:0C,-21, WPA2 ,0.000000,0.000000,0.000,0.000,AP
2026-05-06 17:37:36,1900-01-00 00:00:00,dlink-615_EXT,40:86:CB:27:D2:0C,-21, WPA2 ,0.000000,0.000000,0.000,0.000,AP
2026-05-06 17:37:36,1900-01-00 00:00:00,dlink-615_EXT,40:86:CB:27:D2:0C,-23, WPA2 ,0.000000,0.000000,0.000,0.000,AP
2026-05-06 17:37:37,1900-01-00 00:00:00,dlink-615_EXT,40:86:CB:27:D2:0C,-21, WPA2 ,0.000000,0.000000,0.000,0.000,AP
2026-05-06 17:37:37,1900-01-00 00:00:00,dlink-615_EXT,40:86:CB:27:D2:0C,-21, WPA2 ,0.000000,0.000000,0.000,0.000,AP
2026-05-06 17:37:37,1900-01-00 00:00:00,,9C:2F:9D:82:20:A3,-33,,0.000000,0.000000,0.000,0.000,Client
2026-05-06 17:37:37,1900-01-00 00:00:00,dlink-615_EXT,40:86:CB:27:D2:0C,-23, WPA2 ,0.000000,0.000000,0.000,0.000,AP
2026-05-06 17:37:37,1900-01-00 00:00:00,,9C:2F:9D:82:20:A3,-31,,0.000000,0.000000,0.000,0.000,Client
2026-05-06 17:37:37,1900-01-00 00:00:00,dlink-615_EXT,40:86:CB:27:D2:0C,-21, WPA2 ,0.000000,0.000000,0.000,0.000,AP
2026-05-06 17:37:37,1900-01-00 00:00:00,dlink-615_EXT,40:86:CB:27:D2:0C,-23, WPA2 ,0.000000,0.000000,0.000,0.000,AP
2026-05-06 17:37:37,1900-01-00 00:00:00,dlink-615_EXT,40:86:CB:27:D2:0C,-23, WPA2 ,0.000000,0.000000,0.000,0.000,AP
2026-05-06 17:37:37,1900-01-00 00:00:00,dlink-615_EXT,40:86:CB:27:D2:0C,-23, WPA2 ,0.000000,0.000000,0.000,0.000,AP
2026-05-06 17:37:37,1900-01-00 00:00:00,dlink-615_EXT,40:86:CB:27:D2:0C,-23, WPA2 ,0.000000,0.000000,0.000,0.000,AP
2026-05-06 17:37:38,1900-01-00 00:00:00,dlink-615_EXT,40:86:CB:27:D2:0C,-23, WPA2 ,0.000000,0.000000,0.000,0.000,AP
2026-05-06 17:37:38,1900-01-00 00:00:00,dlink-615_EXT,40:86:CB:27:D2:0C,-21, WPA2 ,0.000000,0.000000,0.000,0.000,AP
2026-05-06 17:37:38,1900-01-00 00:00:00,dlink-615_EXT,40:86:CB:27:D2:0C,-21, WPA2 ,0.000000,0.000000,0.000,0.000,AP
2026-05-06 17:37:38,1900-01-00 00:00:00,,9C:2F:9D:82:20:A3,-29,,0.000000,0.000000,0.000,0.000,Client
2026-05-06 17:37:38,1900-01-00 00:00:00,dlink-615_EXT,40:86:CB:27:D2:0C,-23, WPA2 ,0.000000,0.000000,0.000,0.000,AP
2026-05-06 17:37:38,1900-01-00 00:00:00,,9C:2F:9D:82:20:A3,-25,,0.000000,0.000000,0.000,0.000,Client
2026-05-06 17:37:38,1900-01-00 00:00:00,dlink-615_EXT,40:86:CB:27:D2:0C,-21, WPA2 ,0.000000,0.000000,0.000,0.000,AP
2026-05-06 17:37:38,1900-01-00 00:00:00,dlink-615_EXT,40:86:CB:27:D2:0C,-23, WPA2 ,0.000000,0.000000,0.000,0.000,AP
2026-05-06 17:37:38,1900-01-00 00:00:00,dlink-615_EXT,40:86:CB:27:D2:0C,-21, WPA2 ,0.000000,0.000000,0.000,0.000,AP
2026-05-06 17:37:38,1900-01-00 00:00:00,dlink-615_EXT,40:86:CB:27:D2:0C,-23, WPA2 ,0.000000,0.000000,0.000,0.000,AP
2026-05-06 17:37:38,1900-01-00 00:00:00,dlink-615_EXT,40:86:CB:27:D2:0C,-23, WPA2 ,0.000000,0.000000,0.000,0.000,AP
2026-05-06 17:37:39,1900-01-00 00:00:00,dlink-615_EXT,40:86:CB:27:D2:0C,-21, WPA2 ,0.000000,0.000000,0.000,0.000,AP
2026-05-06 17:37:39,1900-01-00 00:00:00,dlink-615_EXT,40:86:CB:27:D2:0C,-21, WPA2 ,0.000000,0.000000,0.000,0.000,AP
2026-05-06 17:37:39,1900-01-00 00:00:00,dlink-615_EXT,40:86:CB:27:D2:0C,-23, WPA2 ,0.000000,0.000000,0.000,0.000,AP
2026-05-06 17:37:39,1900-01-00 00:00:00,,9C:2F:9D:82:20:A3,-31,,0.000000,0.000000,0.000,0.000,Client
2026-05-06 17:37:39,1900-01-00 00:00:00,,9C:2F:9D:82:20:A3,-29,,0.000000,0.000000,0.000,0.000,Client
2026-05-06 17:37:39,1900-01-00 00:00:00,dlink-615_EXT,40:86:CB:27:D2:0C,-23, WPA2 ,0.000000,0.000000,0.000,0.000,AP
2026-05-06 17:37:39,1900-01-00 00:00:00,,9C:2F:9D:82:20:A3,-29,,0.000000,0.000000,0.000,0.000,Client
2026-05-06 17:37:39,1900-01-00 00:00:00,dlink-615_EXT,40:86:CB:27:D2:0C,-21, WPA2 ,0.000000,0.000000,0.000,0.000,AP
2026-05-06 17:37:39,1900-01-00 00:00:00,dlink-615_EXT,40:86:CB:27:D2:0C,-25, WPA2 ,0.000000,0.000000,0.000,0.000,AP
2026-05-06 17:37:39,1900-01-00 00:00:00,dlink-615_EXT,40:86:CB:27:D2:0C,-21, WPA2 ,0.000000,0.000000,0.000,0.000,AP
2026-05-06 17:37:39,1900-01-00 00:00:00,dlink-615_EXT,40:86:CB:27:D2:0C,-25, WPA2 ,0.000000,0.000000,0.000,0.000,AP
2026-05-06 17:37:39,1900-01-00 00:00:00,dlink-615_EXT,40:86:CB:27:D2:0C,-23, WPA2 ,0.000000,0.000000,0.000,0.000,AP
2026-05-06 17:37:39,1900-01-00 00:00:00,dlink-615_EXT,40:86:CB:27:D2:0C,-21, WPA2 ,0.000000,0.000000,0.000,0.000,AP
2026-05-06 17:37:40,1900-01-00 00:00:00,dlink-615_EXT,40:86:CB:27:D2:0C,-23, WPA2 ,0.000000,0.000000,0.000,0.000,AP
2026-05-06 17:37:40,1900-01-00 00:00:00,dlink-615_EXT,40:86:CB:27:D2:0C,-25, WPA2 ,0.000000,0.000000,0.000,0.000,AP
2026-05-06 17:37:40,1900-01-00 00:00:00,dlink-615_EXT,40:86:CB:27:D2:0C,-25, WPA2 ,0.000000,0.000000,0.000,0.000,AP
2026-05-06 17:37:40,1900-01-00 00:00:00,,9C:2F:9D:82:20:A3,-35,,0.000000,0.000000,0.000,0.000,Client
2026-05-06 17:37:40,1900-01-00 00:00:00,dlink-615_EXT,40:86:CB:27:D2:0C,-21, WPA2 ,0.000000,0.000000,0.000,0.000,AP
2026-05-06 17:37:40,1900-01-00 00:00:00,,9C:2F:9D:82:20:A3,-33,,0.000000,0.000000,0.000,0.000,Client
2026-05-06 17:37:40,1900-01-00 00:00:00,,9C:2F:9D:82:20:A3,-33,,0.000000,0.000000,0.000,0.000,Client
2026-05-06 17:37:40,1900-01-00 00:00:00,dlink-615_EXT,40:86:CB:27:D2:0C,-23, WPA2 ,0.000000,0.000000,0.000,0.000,AP
2026-05-06 17:37:40,1900-01-00 00:00:00,dlink-615_EXT,40:86:CB:27:D2:0C,-23, WPA2 ,0.000000,0.000000,0.000,0.000,AP
2026-05-06 17:37:40,1900-01-00 00:00:00,dlink-615_EXT,40:86:CB:27:D2:0C,-23, WPA2 ,0.000000,0.000000,0.000,0.000,AP
2026-05-06 17:37:40,1900-01-00 00:00:00,dlink-615_EXT,40:86:CB:27:D2:0C,-23, WPA2 ,0.000000,0.000000,0.000,0.000,AP
2026-05-06 17:37:41,1900-01-00 00:00:00,dlink-615_EXT,40:86:CB:27:D2:0C,-23, WPA2 ,0.000000,0.000000,0.000,0.000,AP
2026-05-06 17:37:41,1900-01-00 00:00:00,dlink-615_EXT,40:86:CB:27:D2:0C,-25, WPA2 ,0.000000,0.000000,0.000,0.000,AP
2026-05-06 17:37:41,1900-01-00 00:00:00,dlink-615_EXT,40:86:CB:27:D2:0C,-21, WPA2 ,0.000000,0.000000,0.000,0.000,AP
2026-05-06 17:37:41,1900-01-00 00:00:00,dlink-615_EXT,40:86:CB:27:D2:0C,-23, WPA2 ,0.000000,0.000000,0.000,0.000,AP
2026-05-06 17:37:41,1900-01-00 00:00:00,,9C:2F:9D:82:20:A3,-29,,0.000000,0.000000,0.000,0.000,Client
2026-05-06 17:37:41,1900-01-00 00:00:00,,9C:2F:9D:82:20:A3,-29,,0.000000,0.000000,0.000,0.000,Client
2026-05-06 17:37:41,1900-01-00 00:00:00,dlink-615_EXT,40:86:CB:27:D2:0C,-25, WPA2 ,0.000000,0.000000,0.000,0.000,AP
2026-05-06 17:37:41,1900-01-00 00:00:00,dlink-615_EXT,40:86:CB:27:D2:0C,-21, WPA2 ,0.000000,0.000000,0.000,0.000,AP
2026-05-06 17:37:41,1900-01-00 00:00:00,dlink-615_EXT,40:86:CB:27:D2:0C,-21, WPA2 ,0.000000,0.000000,0.000,0.000,AP
2026-05-06 17:37:41,1900-01-00 00:00:00,dlink-615_EXT,40:86:CB:27:D2:0C,-23, WPA2 ,0.000000,0.000000,0.000,0.000,AP
2026-05-06 17:37:41,1900-01-00 00:00:00,dlink-615_EXT,40:86:CB:27:D2:0C,-23, WPA2 ,0.000000,0.000000,0.000,0.000,AP
2026-05-06 17:37:42,1900-01-00 00:00:00,dlink-615_EXT,40:86:CB:27:D2:0C,-23, WPA2 ,0.000000,0.000000,0.000,0.000,AP
2026-05-06 17:37:42,1900-01-00 00:00:00,dlink-615_EXT,40:86:CB:27:D2:0C,-21, WPA2 ,0.000000,0.000000,0.000,0.000,AP
2026-05-06 17:37:42,1900-01-00 00:00:00,dlink-615_EXT,40:86:CB:27:D2:0C,-21, WPA2 ,0.000000,0.000000,0.000,0.000,AP
2026-05-06 17:37:42,1900-01-00 00:00:00,,9C:2F:9D:82:20:A3,-31,,0.000000,0.000000,0.000,0.000,Client
2026-05-06 17:37:42,1900-01-00 00:00:00,dlink-615_EXT,40:86:CB:27:D2:0C,-23, WPA2 ,0.000000,0.000000,0.000,0.000,AP
2026-05-06 17:37:42,1900-01-00 00:00:00,,9C:2F:9D:82:20:A3,-33,,0.000000,0.000000,0.000,0.000,Client
2026-05-06 17:37:42,1900-01-00 00:00:00,dlink-615_EXT,40:86:CB:27:D2:0C,-21, WPA2 ,0.000000,0.000000,0.000,0.000,AP
2026-05-06 17:37:42,1900-01-00 00:00:00,dlink-615_EXT,40:86:CB:27:D2:0C,-21, WPA2 ,0.000000,0.000000,0.000,0.000,AP
2026-05-06 17:37:42,1900-01-00 00:00:00,dlink-615_EXT,40:86:CB:27:D2:0C,-25, WPA2 ,0.000000,0.000000,0.000,0.000,AP
2026-05-06 17:37:42,1900-01-00 00:00:00,dlink-615_EXT,40:86:CB:27:D2:0C,-21, WPA2 ,0.000000,0.000000,0.000,0.000,AP
2026-05-06 17:37:42,1900-01-00 00:00:00,dlink-615_EXT,40:86:CB:27:D2:0C,-21, WPA2 ,0.000000,0.000000,0.000,0.000,AP
2026-05-06 17:37:43,1900-01-00 00:00:00,dlink-615_EXT,40:86:CB:27:D2:0C,-21, WPA2 ,0.000000,0.000000,0.000,0.000,AP
2026-05-06 17:37:43,1900-01-00 00:00:00,dlink-615_EXT,40:86:CB:27:D2:0C,-23, WPA2 ,0.000000,0.000000,0.000,0.000,AP
2026-05-06 17:37:43,1900-01-00 00:00:00,dlink-615_EXT,40:86:CB:27:D2:0C,-21, WPA2 ,0.000000,0.000000,0.000,0.000,AP
2026-05-06 17:37:43,1900-01-00 00:00:00,dlink-615_EXT,40:86:CB:27:D2:0C,-25, WPA2 ,0.000000,0.000000,0.000,0.000,AP
2026-05-06 17:37:43,1900-01-00 00:00:00,,9C:2F:9D:82:20:A3,-33,,0.000000,0.000000,0.000,0.000,Client
2026-05-06 17:37:43,1900-01-00 00:00:00,dlink-615_EXT,40:86:CB:27:D2:0C,-21, WPA2 ,0.000000,0.000000,0.000,0.000,AP
2026-05-06 17:37:43,1900-01-00 00:00:00,,9C:2F:9D:82:20:A3,-31,,0.000000,0.000000,0.000,0.000,Client
2026-05-06 17:37:43,1900-01-00 00:00:00,dlink-615_EXT,40:86:CB:27:D2:0C,-21, WPA2 ,0.000000,0.000000,0.000,0.000,AP
2026-05-06 17:37:43,1900-01-00 00:00:00,dlink-615_EXT,40:86:CB:27:D2:0C,-23, WPA2 ,0.000000,0.000000,0.000,0.000,AP
2026-05-06 17:37:43,1900-01-00 00:00:00,dlink-615_EXT,40:86:CB:27:D2:0C,-21, WPA2 ,0.000000,0.000000,0.000,0.000,AP
2026-05-06 17:37:43,1900-01-00 00:00:00,dlink-615_EXT,40:86:CB:27:D2:0C,-25, WPA2 ,0.000000,0.000000,0.000,0.000,AP
2026-05-06 17:37:43,1900-01-00 00:00:00,dlink-615_EXT,40:86:CB:27:D2:0C,-23, WPA2 ,0.000000,0.000000,0.000,0.000,AP
2026-05-06 17:37:43,1900-01-00 00:00:00,dlink-615_EXT,40:86:CB:27:D2:0C,-23, WPA2 ,0.000000,0.000000,0.000,0.000,AP
2026-05-06 17:37:43,1900-01-00 00:00:00,dlink-615_EXT,40:86:CB:27:D2:0C,-21, WPA2 ,0.000000,0.000000,0.000,0.000,AP
2026-05-06 17:37:44,1900-01-00 00:00:00,dlink-615_EXT,40:86:CB:27:D2:0C,-21, WPA2 ,0.000000,0.000000,0.000,0.000,AP
2026-05-06 17:37:44,1900-01-00 00:00:00,dlink-615_EXT,40:86:CB:27:D2:0C,-25, WPA2 ,0.000000,0.000000,0.000,0.000,AP
2026-05-06 17:37:44,1900-01-00 00:00:00,,9C:2F:9D:82:20:A3,-29,,0.000000,0.000000,0.000,0.000,Client
2026-05-06 17:37:44,1900-01-00 00:00:00,dlink-615_EXT,40:86:CB:27:D2:0C,-23, WPA2 ,0.000000,0.000000,0.000,0.000,AP
2026-05-06 17:37:44,1900-01-00 00:00:00,dlink-615_EXT,40:86:CB:27:D2:0C,-21, WPA2 ,0.000000,0.000000,0.000,0.000,AP
2026-05-06 17:37:44,1900-01-00 00:00:00,dlink-615_EXT,40:86:CB:27:D2:0C,-23, WPA2 ,0.000000,0.000000,0.000,0.000,AP
2026-05-06 17:37:44,1900-01-00 00:00:00,dlink-615_EXT,40:86:CB:27:D2:0C,-23, WPA2 ,0.000000,0.000000,0.000,0.000,AP
2026-05-06 17:37:44,1900-01-00 00:00:00,dlink-615_EXT,40:86:CB:27:D2:0C,-23, WPA2 ,0.000000,0.000000,0.000,0.000,AP
2026-05-06 17:37:44,1900-01-00 00:00:00,dlink-615_EXT,40:86:CB:27:D2:0C,-23, WPA2 ,0.000000,0.000000,0.000,0.000,AP
2026-05-06 17:37:45,1900-01-00 00:00:00,dlink-615_EXT,40:86:CB:27:D2:0C,-21, WPA2 ,0.000000,0.000000,0.000,0.000,AP
2026-05-06 17:37:45,1900-01-00 00:00:00,dlink-615_EXT,40:86:CB:27:D2:0C,-23, WPA2 ,0.000000,0.000000,0.000,0.000,AP
2026-05-06 17:37:45,1900-01-00 00:00:00,dlink-615_EXT,40:86:CB:27:D2:0C,-21, WPA2 ,0.000000,0.000000,0.000,0.000,AP
2026-05-06 17:37:45,1900-01-00 00:00:00,dlink-615_EXT,40:86:CB:27:D2:0C,-25, WPA2 ,0.000000,0.000000,0.000,0.000,AP
2026-05-06 17:37:45,1900-01-00 00:00:00,,9C:2F:9D:82:20:A3,-29,,0.000000,0.000000,0.000,0.000,Client
2026-05-06 17:37:45,1900-01-00 00:00:00,dlink-615_EXT,40:86:CB:27:D2:0C,-25, WPA2 ,0.000000,0.000000,0.000,0.000,AP
2026-05-06 17:37:45,1900-01-00 00:00:00,,9C:2F:9D:82:20:A3,-27,,0.000000,0.000000,0.000,0.000,Client
2026-05-06 17:37:45,1900-01-00 00:00:00,dlink-615_EXT,40:86:CB:27:D2:0C,-23, WPA2 ,0.000000,0.000000,0.000,0.000,AP
2026-05-06 17:37:45,1900-01-00 00:00:00,dlink-615_EXT,40:86:CB:27:D2:0C,-21, WPA2 ,0.000000,0.000000,0.000,0.000,AP
2026-05-06 17:37:45,1900-01-00 00:00:00,dlink-615_EXT,40:86:CB:27:D2:0C,-21, WPA2 ,0.000000,0.000000,0.000,0.000,AP
2026-05-06 17:37:45,1900-01-00 00:00:00,dlink-615_EXT,40:86:CB:27:D2:0C,-23, WPA2 ,0.000000,0.000000,0.000,0.000,AP
2026-05-06 17:37:45,1900-01-00 00:00:00,dlink-615_EXT,40:86:CB:27:D2:0C,-23, WPA2 ,0.000000,0.000000,0.000,0.000,AP
2026-05-06 17:37:46,1900-01-00 00:00:00,dlink-615_EXT,40:86:CB:27:D2:0C,-21, WPA2 ,0.000000,0.000000,0.000,0.000,AP
2026-05-06 17:37:46,1900-01-00 00:00:00,dlink-615_EXT,40:86:CB:27:D2:0C,-21, WPA2 ,0.000000,0.000000,0.000,0.000,AP
2026-05-06 17:37:46,1900-01-00 00:00:00,dlink-615_EXT,40:86:CB:27:D2:0C,-21, WPA2 ,0.000000,0.000000,0.000,0.000,AP
2026-05-06 17:37:46,1900-01-00 00:00:00,dlink-615_EXT,40:86:CB:27:D2:0C,-21, WPA2 ,0.000000,0.000000,0.000,0.000,AP
2026-05-06 17:37:46,1900-01-00 00:00:00,,9C:2F:9D:82:20:A3,-29,,0.000000,0.000000,0.000,0.000,Client
2026-05-06 17:37:46,1900-01-00 00:00:00,dlink-615_EXT,40:86:CB:27:D2:0C,-23, WPA2 ,0.000000,0.000000,0.000,0.000,AP
2026-05-06 17:37:46,1900-01-00 00:00:00,dlink-615_EXT,40:86:CB:27:D2:0C,-23, WPA2 ,0.000000,0.000000,0.000,0.000,AP
2026-05-06 17:37:46,1900-01-00 00:00:00,dlink-615_EXT,40:86:CB:27:D2:0C,-23, WPA2 ,0.000000,0.000000,0.000,0.000,AP
2026-05-06 17:37:46,1900-01-00 00:00:00,dlink-615_EXT,40:86:CB:27:D2:0C,-21, WPA2 ,0.000000,0.000000,0.000,0.000,AP
2026-05-06 17:37:47,1900-01-00 00:00:00,dlink-615_EXT,40:86:CB:27:D2:0C,-21, WPA2 ,0.000000,0.000000,0.000,0.000,AP
2026-05-06 17:37:47,1900-01-00 00:00:00,dlink-615_EXT,40:86:CB:27:D2:0C,-21, WPA2 ,0.000000,0.000000,0.000,0.000,AP
2026-05-06 17:37:47,1900-01-00 00:00:00,dlink-615_EXT,40:86:CB:27:D2:0C,-21, WPA2 ,0.000000,0.000000,0.000,0.000,AP
2026-05-06 17:37:47,1900-01-00 00:00:00,,9C:2F:9D:82:20:A3,-29,,0.000000,0.000000,0.000,0.000,Client
2026-05-06 17:37:47,1900-01-00 00:00:00,dlink-615_EXT,40:86:CB:27:D2:0C,-23, WPA2 ,0.000000,0.000000,0.000,0.000,AP
2026-05-06 17:37:47,1900-01-00 00:00:00,,9C:2F:9D:82:20:A3,-29,,0.000000,0.000000,0.000,0.000,Client
2026-05-06 17:37:47,1900-01-00 00:00:00,dlink-615_EXT,40:86:CB:27:D2:0C,-25, WPA2 ,0.000000,0.000000,0.000,0.000,AP
2026-05-06 17:37:47,1900-01-00 00:00:00,dlink-615_EXT,40:86:CB:27:D2:0C,-23, WPA2 ,0.000000,0.000000,0.000,0.000,AP
2026-05-06 17:37:47,1900-01-00 00:00:00,dlink-615_EXT,40:86:CB:27:D2:0C,-25, WPA2 ,0.000000,0.000000,0.000,0.000,AP
2026-05-06 17:37:47,1900-01-00 00:00:00,dlink-615_EXT,40:86:CB:27:D2:0C,-23, WPA2 ,0.000000,0.000000,0.000,0.000,AP
2026-05-06 17:37:48,1900-01-00 00:00:00,dlink-615_EXT,40:86:CB:27:D2:0C,-25, WPA2 ,0.000000,0.000000,0.000,0.000,AP
2026-05-06 17:37:48,1900-01-00 00:00:00,dlink-615_EXT,40:86:CB:27:D2:0C,-25, WPA2 ,0.000000,0.000000,0.000,0.000,AP
2026-05-06 17:37:48,1900-01-00 00:00:00,dlink-615_EXT,40:86:CB:27:D2:0C,-23, WPA2 ,0.000000,0.000000,0.000,0.000,AP
2026-05-06 17:37:48,1900-01-00 00:00:00,,9C:2F:9D:82:20:A3,-29,,0.000000,0.000000,0.000,0.000,Client
2026-05-06 17:37:48,1900-01-00 00:00:00,dlink-615_EXT,40:86:CB:27:D2:0C,-23, WPA2 ,0.000000,0.000000,0.000,0.000,AP
2026-05-06 17:37:48,1900-01-00 00:00:00,dlink-615_EXT,40:86:CB:27:D2:0C,-23, WPA2 ,0.000000,0.000000,0.000,0.000,AP
2026-05-06 17:37:48,1900-01-00 00:00:00,dlink-615_EXT,40:86:CB:27:D2:0C,-25, WPA2 ,0.000000,0.000000,0.000,0.000,AP
2026-05-06 17:37:48,1900-01-00 00:00:00,dlink-615_EXT,40:86:CB:27:D2:0C,-25, WPA2 ,0.000000,0.000000,0.000,0.000,AP
2026-05-06 17:37:48,1900-01-00 00:00:00,dlink-615_EXT,40:86:CB:27:D2:0C,-23, WPA2 ,0.000000,0.000000,0.000,0.000,AP
2026-05-06 17:37:49,1900-01-00 00:00:00,dlink-615_EXT,40:86:CB:27:D2:0C,-23, WPA2 ,0.000000,0.000000,0.000,0.000,AP
2026-05-06 17:37:49,1900-01-00 00:00:00,dlink-615_EXT,40:86:CB:27:D2:0C,-23, WPA2 ,0.000000,0.000000,0.000,0.000,AP
2026-05-06 17:37:49,1900-01-00 00:00:00,dlink-615_EXT,40:86:CB:27:D2:0C,-23, WPA2 ,0.000000,0.000000,0.000,0.000,AP
2026-05-06 17:37:49,1900-01-00 00:00:00,dlink-615_EXT,40:86:CB:27:D2:0C,-23, WPA2 ,0.000000,0.000000,0.000,0.000,AP
2026-05-06 17:37:49,1900-01-00 00:00:00,,9C:2F:9D:82:20:A3,-35,,0.000000,0.000000,0.000,0.000,Client
2026-05-06 17:37:49,1900-01-00 00:00:00,dlink-615_EXT,40:86:CB:27:D2:0C,-21, WPA2 ,0.000000,0.000000,0.000,0.000,AP
2026-05-06 17:37:49,1900-01-00 00:00:00,,9C:2F:9D:82:20:A3,-33,,0.000000,0.000000,0.000,0.000,Client
2026-05-06 17:37:49,1900-01-00 00:00:00,dlink-615_EXT,40:86:CB:27:D2:0C,-23, WPA2 ,0.000000,0.000000,0.000,0.000,AP
2026-05-06 17:37:49,1900-01-00 00:00:00,dlink-615_EXT,40:86:CB:27:D2:0C,-21, WPA2 ,0.000000,0.000000,0.000,0.000,AP
2026-05-06 17:37:49,1900-01-00 00:00:00,dlink-615_EXT,40:86:CB:27:D2:0C,-25, WPA2 ,0.000000,0.000000,0.000,0.000,AP
2026-05-06 17:37:50,1900-01-00 00:00:00,dlink-615_EXT,40:86:CB:27:D2:0C,-23, WPA2 ,0.000000,0.000000,0.000,0.000,AP
2026-05-06 17:37:50,1900-01-00 00:00:00,dlink-615_EXT,40:86:CB:27:D2:0C,-69, WPA2 ,0.000000,0.000000,0.000,0.000,AP
2026-05-06 17:37:50,1900-01-00 00:00:00,dlink-615_EXT,40:86:CB:27:D2:0C,-25, WPA2 ,0.000000,0.000000,0.000,0.000,AP
2026-05-06 17:37:50,1900-01-00 00:00:00,dlink-615_EXT,40:86:CB:27:D2:0C,-23, WPA2 ,0.000000,0.000000,0.000,0.000,AP
2026-05-06 17:37:50,1900-01-00 00:00:00,,9C:2F:9D:82:20:A3,-29,,0.000000,0.000000,0.000,0.000,Client
2026-05-06 17:37:50,1900-01-00 00:00:00,dlink-615_EXT,40:86:CB:27:D2:0C,-23, WPA2 ,0.000000,0.000000,0.000,0.000,AP
2026-05-06 17:37:50,1900-01-00 00:00:00,,9C:2F:9D:82:20:A3,-29,,0.000000,0.000000,0.000,0.000,Client
2026-05-06 17:37:50,1900-01-00 00:00:00,dlink-615_EXT,40:86:CB:27:D2:0C,-23, WPA2 ,0.000000,0.000000,0.000,0.000,AP
2026-05-06 17:37:50,1900-01-00 00:00:00,dlink-615_EXT,40:86:CB:27:D2:0C,-23, WPA2 ,0.000000,0.000000,0.000,0.000,AP
2026-05-06 17:37:50,1900-01-00 00:00:00,dlink-615_EXT,40:86:CB:27:D2:0C,-25, WPA2 ,0.000000,0.000000,0.000,0.000,AP
2026-05-06 17:37:50,1900-01-00 00:00:00,dlink-615_EXT,40:86:CB:27:D2:0C,-25, WPA2 ,0.000000,0.000000,0.000,0.000,AP
2026-05-06 17:37:51,1900-01-00 00:00:00,dlink-615_EXT,40:86:CB:27:D2:0C,-23, WPA2 ,0.000000,0.000000,0.000,0.000,AP
2026-05-06 17:37:51,1900-01-00 00:00:00,dlink-615_EXT,40:86:CB:27:D2:0C,-21, WPA2 ,0.000000,0.000000,0.000,0.000,AP
2026-05-06 17:37:51,1900-01-00 00:00:00,dlink-615_EXT,40:86:CB:27:D2:0C,-21, WPA2 ,0.000000,0.000000,0.000,0.000,AP
2026-05-06 17:37:51,1900-01-00 00:00:00,dlink-615_EXT,40:86:CB:27:D2:0C,-25, WPA2 ,0.000000,0.000000,0.000,0.000,AP
2026-05-06 17:37:51,1900-01-00 00:00:00,dlink-615_EXT,40:86:CB:27:D2:0C,-25, WPA2 ,0.000000,0.000000,0.000,0.000,AP
2026-05-06 17:37:51,1900-01-00 00:00:00,,9C:2F:9D:82:20:A3,-35,,0.000000,0.000000,0.000,0.000,Client
2026-05-06 17:37:51,1900-01-00 00:00:00,dlink-615_EXT,40:86:CB:27:D2:0C,-25, WPA2 ,0.000000,0.000000,0.000,0.000,AP
2026-05-06 17:37:51,1900-01-00 00:00:00,dlink-615_EXT,40:86:CB:27:D2:0C,-23, WPA2 ,0.000000,0.000000,0.000,0.000,AP
2026-05-06 17:37:51,1900-01-00 00:00:00,dlink-615_EXT,40:86:CB:27:D2:0C,-21, WPA2 ,0.000000,0.000000,0.000,0.000,AP
2026-05-06 17:37:51,1900-01-00 00:00:00,dlink-615_EXT,40:86:CB:27:D2:0C,-21, WPA2 ,0.000000,0.000000,0.000,0.000,AP
2026-05-06 17:37:52,1900-01-00 00:00:00,dlink-615_EXT,40:86:CB:27:D2:0C,-21, WPA2 ,0.000000,0.000000,0.000,0.000,AP
2026-05-06 17:37:52,1900-01-00 00:00:00,dlink-615_EXT,40:86:CB:27:D2:0C,-21, WPA2 ,0.000000,0.000000,0.000,0.000,AP
2026-05-06 17:37:52,1900-01-00 00:00:00,dlink-615_EXT,40:86:CB:27:D2:0C,-21, WPA2 ,0.000000,0.000000,0.000,0.000,AP
2026-05-06 17:37:52,1900-01-00 00:00:00,dlink-615_EXT,40:86:CB:27:D2:0C,-23, WPA2 ,0.000000,0.000000,0.000,0.000,AP
2026-05-06 17:37:52,1900-01-00 00:00:00,dlink-615_EXT,40:86:CB:27:D2:0C,-21, WPA2 ,0.000000,0.000000,0.000,0.000,AP
2026-05-06 17:37:52,1900-01-00 00:00:00,,9C:2F:9D:82:20:A3,-31,,0.000000,0.000000,0.000,0.000,Client
2026-05-06 17:37:52,1900-01-00 00:00:00,dlink-615_EXT,40:86:CB:27:D2:0C,-21, WPA2 ,0.000000,0.000000,0.000,0.000,AP
2026-05-06 17:37:52,1900-01-00 00:00:00,dlink-615_EXT,40:86:CB:27:D2:0C,-19, WPA2 ,0.000000,0.000000,0.000,0.000,AP
2026-05-06 17:37:52,1900-01-00 00:00:00,dlink-615_EXT,40:86:CB:27:D2:0C,-23, WPA2 ,0.000000,0.000000,0.000,0.000,AP
2026-05-06 17:37:52,1900-01-00 00:00:00,dlink-615_EXT,40:86:CB:27:D2:0C,-21, WPA2 ,0.000000,0.000000,0.000,0.000,AP
2026-05-06 17:37:53,1900-01-00 00:00:00,dlink-615_EXT,40:86:CB:27:D2:0C,-21, WPA2 ,0.000000,0.000000,0.000,0.000,AP
2026-05-06 17:37:53,1900-01-00 00:00:00,dlink-615_EXT,40:86:CB:27:D2:0C,-21, WPA2 ,0.000000,0.000000,0.000,0.000,AP
2026-05-06 17:37:53,1900-01-00 00:00:00,dlink-615_EXT,40:86:CB:27:D2:0C,-21, WPA2 ,0.000000,0.000000,0.000,0.000,AP
2026-05-06 17:37:53,1900-01-00 00:00:00,dlink-615_EXT,40:86:CB:27:D2:0C,-21, WPA2 ,0.000000,0.000000,0.000,0.000,AP
2026-05-06 17:37:53,1900-01-00 00:00:00,dlink-615_EXT,40:86:CB:27:D2:0C,-21, WPA2 ,0.000000,0.000000,0.000,0.000,AP
2026-05-06 17:37:53,1900-01-00 00:00:00,,9C:2F:9D:82:20:A3,-29,,0.000000,0.000000,0.000,0.000,Client
2026-05-06 17:37:53,1900-01-00 00:00:00,dlink-615_EXT,40:86:CB:27:D2:0C,-21, WPA2 ,0.000000,0.000000,0.000,0.000,AP
2026-05-06 17:37:53,1900-01-00 00:00:00,dlink-615_EXT,40:86:CB:27:D2:0C,-21, WPA2 ,0.000000,0.000000,0.000,0.000,AP
2026-05-06 17:37:53,1900-01-00 00:00:00,dlink-615_EXT,40:86:CB:27:D2:0C,-21, WPA2 ,0.000000,0.000000,0.000,0.000,AP
2026-05-06 17:37:53,1900-01-00 00:00:00,dlink-615_EXT,40:86:CB:27:D2:0C,-21, WPA2 ,0.000000,0.000000,0.000,0.000,AP
2026-05-06 17:37:53,1900-01-00 00:00:00,dlink-615_EXT,40:86:CB:27:D2:0C,-21, WPA2 ,0.000000,0.000000,0.000,0.000,AP
2026-05-06 17:37:54,1900-01-00 00:00:00,dlink-615_EXT,40:86:CB:27:D2:0C,-21, WPA2 ,0.000000,0.000000,0.000,0.000,AP
2026-05-06 17:37:54,1900-01-00 00:00:00,dlink-615_EXT,40:86:CB:27:D2:0C,-23, WPA2 ,0.000000,0.000000,0.000,0.000,AP
2026-05-06 17:37:54,1900-01-00 00:00:00,dlink-615_EXT,40:86:CB:27:D2:0C,-21, WPA2 ,0.000000,0.000000,0.000,0.000,AP
2026-05-06 17:37:54,1900-01-00 00:00:00,,9C:2F:9D:82:20:A3,-29,,0.000000,0.000000,0.000,0.000,Client
2026-05-06 17:37:54,1900-01-00 00:00:00,dlink-615_EXT,40:86:CB:27:D2:0C,-21, WPA2 ,0.000000,0.000000,0.000,0.000,AP
2026-05-06 17:37:54,1900-01-00 00:00:00,,9C:2F:9D:82:20:A3,-29,,0.000000,0.000000,0.000,0.000,Client
2026-05-06 17:37:54,1900-01-00 00:00:00,dlink-615_EXT,40:86:CB:27:D2:0C,-23, WPA2 ,0.000000,0.000000,0.000,0.000,AP
2026-05-06 17:37:54,1900-01-00 00:00:00,dlink-615_EXT,40:86:CB:27:D2:0C,-23, WPA2 ,0.000000,0.000000,0.000,0.000,AP
2026-05-06 17:37:54,1900-01-00 00:00:00,dlink-615_EXT,40:86:CB:27:D2:0C,-21, WPA2 ,0.000000,0.000000,0.000,0.000,AP
2026-05-06 17:37:54,1900-01-00 00:00:00,dlink-615_EXT,40:86:CB:27:D2:0C,-21, WPA2 ,0.000000,0.000000,0.000,0.000,AP
2026-05-06 17:37:54,1900-01-00 00:00:00,dlink-615_EXT,40:86:CB:27:D2:0C,-21, WPA2 ,0.000000,0.000000,0.000,0.000,AP
2026-05-06 17:37:55,1900-01-00 00:00:00,dlink-615_EXT,40:86:CB:27:D2:0C,-21, WPA2 ,0.000000,0.000000,0.000,0.000,AP
2026-05-06 17:37:55,1900-01-00 00:00:00,dlink-615_EXT,40:86:CB:27:D2:0C,-21, WPA2 ,0.000000,0.000000,0.000,0.000,AP
2026-05-06 17:37:55,1900-01-00 00:00:00,dlink-615_EXT,40:86:CB:27:D2:0C,-21, WPA2 ,0.000000,0.000000,0.000,0.000,AP
2026-05-06 17:37:55,1900-01-00 00:00:00,dlink-615_EXT,40:86:CB:27:D2:0C,-21, WPA2 ,0.000000,0.000000,0.000,0.000,AP
2026-05-06 17:37:55,1900-01-00 00:00:00,,9C:2F:9D:82:20:A3,-33,,0.000000,0.000000,0.000,0.000,Client
2026-05-06 17:37:55,1900-01-00 00:00:00,dlink-615_EXT,40:86:CB:27:D2:0C,-21, WPA2 ,0.000000,0.000000,0.000,0.000,AP
2026-05-06 17:37:55,1900-01-00 00:00:00,,9C:2F:9D:82:20:A3,-29,,0.000000,0.000000,0.000,0.000,Client
2026-05-06 17:37:55,1900-01-00 00:00:00,dlink-615_EXT,40:86:CB:27:D2:0C,-23, WPA2 ,0.000000,0.000000,0.000,0.000,AP
2026-05-06 17:37:55,1900-01-00 00:00:00,dlink-615_EXT,40:86:CB:27:D2:0C,-21, WPA2 ,0.000000,0.000000,0.000,0.000,AP
2026-05-06 17:37:55,1900-01-00 00:00:00,dlink-615_EXT,40:86:CB:27:D2:0C,-21, WPA2 ,0.000000,0.000000,0.000,0.000,AP
2026-05-06 17:37:55,1900-01-00 00:00:00,dlink-615_EXT,40:86:CB:27:D2:0C,-21, WPA2 ,0.000000,0.000000,0.000,0.000,AP
2026-05-06 17:37:55,1900-01-00 00:00:00,dlink-615_EXT,40:86:CB:27:D2:0C,-23, WPA2 ,0.000000,0.000000,0.000,0.000,AP
2026-05-06 17:37:56,1900-01-00 00:00:00,dlink-615_EXT,40:86:CB:27:D2:0C,-23, WPA2 ,0.000000,0.000000,0.000,0.000,AP
2026-05-06 17:37:56,1900-01-00 00:00:00,dlink-615_EXT,40:86:CB:27:D2:0C,-23, WPA2 ,0.000000,0.000000,0.000,0.000,AP
2026-05-06 17:37:56,1900-01-00 00:00:00,dlink-615_EXT,40:86:CB:27:D2:0C,-21, WPA2 ,0.000000,0.000000,0.000,0.000,AP
2026-05-06 17:37:56,1900-01-00 00:00:00,dlink-615_EXT,40:86:CB:27:D2:0C,-21, WPA2 ,0.000000,0.000000,0.000,0.000,AP
2026-05-06 17:37:56,1900-01-00 00:00:00,,9C:2F:9D:82:20:A3,-29,,0.000000,0.000000,0.000,0.000,Client
2026-05-06 17:37:56,1900-01-00 00:00:00,dlink-615_EXT,40:86:CB:27:D2:0C,-21, WPA2 ,0.000000,0.000000,0.000,0.000,AP
2026-05-06 17:37:56,1900-01-00 00:00:00,,9C:2F:9D:82:20:A3,-29,,0.000000,0.000000,0.000,0.000,Client
2026-05-06 17:37:56,1900-01-00 00:00:00,dlink-615_EXT,40:86:CB:27:D2:0C,-21, WPA2 ,0.000000,0.000000,0.000,0.000,AP
2026-05-06 17:37:56,1900-01-00 00:00:00,,D2:6F:12:2F:DE:3D,-21,,0.000000,0.000000,0.000,0.000,Client
2026-05-06 17:37:56,1900-01-00 00:00:00,,D2:6F:12:2F:DE:3D,-21,,0.000000,0.000000,0.000,0.000,Client
2026-05-06 17:37:56,1900-01-00 00:00:00,,D2:6F:12:2F:DE:3D,-19,,0.000000,0.000000,0.000,0.000,Client
2026-05-06 17:37:56,1900-01-00 00:00:00,dlink-615_EXT,40:86:CB:27:D2:0C,-23, WPA2 ,0.000000,0.000000,0.000,0.000,AP
2026-05-06 17:37:56,1900-01-00 00:00:00,,D2:6F:12:2F:DE:3D,-22,,0.000000,0.000000,0.000,0.000,Client
2026-05-06 17:37:56,1900-01-00 00:00:00,,D2:6F:12:2F:DE:3D,-21,,0.000000,0.000000,0.000,0.000,Client
2026-05-06 17:37:56,1900-01-00 00:00:00,,D2:6F:12:2F:DE:3D,-19,,0.000000,0.000000,0.000,0.000,Client
2026-05-06 17:37:56,1900-01-00 00:00:00,dlink-615_EXT,40:86:CB:27:D2:0C,-21, WPA2 ,0.000000,0.000000,0.000,0.000,AP
2026-05-06 17:37:56,1900-01-00 00:00:00,dlink-615_EXT,40:86:CB:27:D2:0C,-23, WPA2 ,0.000000,0.000000,0.000,0.000,AP
2026-05-06 17:37:57,1900-01-00 00:00:00,dlink-615_EXT,40:86:CB:27:D2:0C,-23, WPA2 ,0.000000,0.000000,0.000,0.000,AP
2026-05-06 17:37:57,1900-01-00 00:00:00,dlink-615_EXT,40:86:CB:27:D2:0C,-25, WPA2 ,0.000000,0.000000,0.000,0.000,AP
2026-05-06 17:37:57,1900-01-00 00:00:00,dlink-615_EXT,40:86:CB:27:D2:0C,-21, WPA2 ,0.000000,0.000000,0.000,0.000,AP
2026-05-06 17:37:57,1900-01-00 00:00:00,,9C:2F:9D:82:20:A3,-27,,0.000000,0.000000,0.000,0.000,Client
2026-05-06 17:37:57,1900-01-00 00:00:00,dlink-615_EXT,40:86:CB:27:D2:0C,-21, WPA2 ,0.000000,0.000000,0.000,0.000,AP
2026-05-06 17:37:57,1900-01-00 00:00:00,dlink-615_EXT,40:86:CB:27:D2:0C,-21, WPA2 ,0.000000,0.000000,0.000,0.000,AP
2026-05-06 17:37:57,1900-01-00 00:00:00,,9C:2F:9D:82:20:A3,-29,,0.000000,0.000000,0.000,0.000,Client
2026-05-06 17:37:57,1900-01-00 00:00:00,dlink-615_EXT,40:86:CB:27:D2:0C,-23, WPA2 ,0.000000,0.000000,0.000,0.000,AP
2026-05-06 17:37:57,1900-01-00 00:00:00,dlink-615_EXT,40:86:CB:27:D2:0C,-23, WPA2 ,0.000000,0.000000,0.000,0.000,AP
2026-05-06 17:37:57,1900-01-00 00:00:00,dlink-615_EXT,40:86:CB:27:D2:0C,-25, WPA2 ,0.000000,0.000000,0.000,0.000,AP
2026-05-06 17:37:57,1900-01-00 00:00:00,dlink-615_EXT,40:86:CB:27:D2:0C,-25, WPA2 ,0.000000,0.000000,0.000,0.000,AP
2026-05-06 17:37:58,1900-01-00 00:00:00,dlink-615_EXT,40:86:CB:27:D2:0C,-25, WPA2 ,0.000000,0.000000,0.000,0.000,AP
2026-05-06 17:37:58,1900-01-00 00:00:00,dlink-615_EXT,40:86:CB:27:D2:0C,-23, WPA2 ,0.000000,0.000000,0.000,0.000,AP
2026-05-06 17:37:58,1900-01-00 00:00:00,dlink-615_EXT,40:86:CB:27:D2:0C,-23, WPA2 ,0.000000,0.000000,0.000,0.000,AP
2026-05-06 17:37:58,1900-01-00 00:00:00,dlink-615_EXT,40:86:CB:27:D2:0C,-23, WPA2 ,0.000000,0.000000,0.000,0.000,AP
2026-05-06 17:37:58,1900-01-00 00:00:00,,9C:2F:9D:82:20:A3,-35,,0.000000,0.000000,0.000,0.000,Client
2026-05-06 17:37:58,1900-01-00 00:00:00,dlink-615_EXT,40:86:CB:27:D2:0C,-29, WPA2 ,0.000000,0.000000,0.000,0.000,AP
2026-05-06 17:37:58,1900-01-00 00:00:00,,9C:2F:9D:82:20:A3,-35,,0.000000,0.000000,0.000,0.000,Client
2026-05-06 17:37:58,1900-01-00 00:00:00,dlink-615_EXT,40:86:CB:27:D2:0C,-23, WPA2 ,0.000000,0.000000,0.000,0.000,AP
2026-05-06 17:37:58,1900-01-00 00:00:00,dlink-615_EXT,40:86:CB:27:D2:0C,-23, WPA2 ,0.000000,0.000000,0.000,0.000,AP
2026-05-06 17:37:58,1900-01-00 00:00:00,dlink-615_EXT,40:86:CB:27:D2:0C,-23, WPA2 ,0.000000,0.000000,0.000,0.000,AP
2026-05-06 17:37:58,1900-01-00 00:00:00,dlink-615_EXT,40:86:CB:27:D2:0C,-23, WPA2 ,0.000000,0.000000,0.000,0.000,AP
2026-05-06 17:37:58,1900-01-00 00:00:00,dlink-615_EXT,40:86:CB:27:D2:0C,-29, WPA2 ,0.000000,0.000000,0.000,0.000,AP
2026-05-06 17:37:59,1900-01-00 00:00:00,dlink-615_EXT,40:86:CB:27:D2:0C,-29, WPA2 ,0.000000,0.000000,0.000,0.000,AP
2026-05-06 17:37:59,1900-01-00 00:00:00,dlink-615_EXT,40:86:CB:27:D2:0C,-23, WPA2 ,0.000000,0.000000,0.000,0.000,AP
2026-05-06 17:37:59,1900-01-00 00:00:00,dlink-615_EXT,40:86:CB:27:D2:0C,-25, WPA2 ,0.000000,0.000000,0.000,0.000,AP
2026-05-06 17:37:59,1900-01-00 00:00:00,dlink-615_EXT,40:86:CB:27:D2:0C,-21, WPA2 ,0.000000,0.000000,0.000,0.000,AP
2026-05-06 17:37:59,1900-01-00 00:00:00,dlink-615_EXT,40:86:CB:27:D2:0C,-21, WPA2 ,0.000000,0.000000,0.000,0.000,AP
2026-05-06 17:37:59,1900-01-00 00:00:00,dlink-615_EXT,40:86:CB:27:D2:0C,-23, WPA2 ,0.000000,0.000000,0.000,0.000,AP
2026-05-06 17:37:59,1900-01-00 00:00:00,dlink-615_EXT,40:86:CB:27:D2:0C,-23, WPA2 ,0.000000,0.000000,0.000,0.000,AP
2026-05-06 17:37:59,1900-01-00 00:00:00,,9C:2F:9D:82:20:A3,-25,,0.000000,0.000000,0.000,0.000,Client
2026-05-06 17:37:59,1900-01-00 00:00:00,dlink-615_EXT,40:86:CB:27:D2:0C,-25, WPA2 ,0.000000,0.000000,0.000,0.000,AP
2026-05-06 17:37:59,1900-01-00 00:00:00,,9C:2F:9D:82:20:A3,-29,,0.000000,0.000000,0.000,0.000,Client
2026-05-06 17:37:59,1900-01-00 00:00:00,dlink-615_EXT,40:86:CB:27:D2:0C,-23, WPA2 ,0.000000,0.000000,0.000,0.000,AP
2026-05-06 17:37:59,1900-01-00 00:00:00,dlink-615_EXT,40:86:CB:27:D2:0C,-23, WPA2 ,0.000000,0.000000,0.000,0.000,AP
2026-05-06 17:37:59,1900-01-00 00:00:00,dlink-615_EXT,40:86:CB:27:D2:0C,-25, WPA2 ,0.000000,0.000000,0.000,0.000,AP
2026-05-06 17:37:59,1900-01-00 00:00:00,dlink-615_EXT,40:86:CB:27:D2:0C,-25, WPA2 ,0.000000,0.000000,0.000,0.000,AP
2026-05-06 17:38:00,1900-01-00 00:00:00,dlink-615_EXT,40:86:CB:27:D2:0C,-25, WPA2 ,0.000000,0.000000,0.000,0.000,AP
2026-05-06 17:38:00,1900-01-00 00:00:00,,9C:2F:9D:82:20:A3,-33,,0.000000,0.000000,0.000,0.000,Client
2026-05-06 17:38:00,1900-01-00 00:00:00,dlink-615_EXT,40:86:CB:27:D2:0C,-25, WPA2 ,0.000000,0.000000,0.000,0.000,AP
2026-05-06 17:38:00,1900-01-00 00:00:00,,9C:2F:9D:82:20:A3,-29,,0.000000,0.000000,0.000,0.000,Client
2026-05-06 17:38:00,1900-01-00 00:00:00,dlink-615_EXT,40:86:CB:27:D2:0C,-25, WPA2 ,0.000000,0.000000,0.000,0.000,AP
2026-05-06 17:38:00,1900-01-00 00:00:00,dlink-615_EXT,40:86:CB:27:D2:0C,-25, WPA2 ,0.000000,0.000000,0.000,0.000,AP
2026-05-06 17:38:00,1900-01-00 00:00:00,dlink-615_EXT,40:86:CB:27:D2:0C,-23, WPA2 ,0.000000,0.000000,0.000,0.000,AP
2026-05-06 17:38:00,1900-01-00 00:00:00,dlink-615_EXT,40:86:CB:27:D2:0C,-23, WPA2 ,0.000000,0.000000,0.000,0.000,AP
2026-05-06 17:38:00,1900-01-00 00:00:00,dlink-615_EXT,40:86:CB:27:D2:0C,-25, WPA2 ,0.000000,0.000000,0.000,0.000,AP
2026-05-06 17:38:01,1900-01-00 00:00:00,,9C:2F:9D:82:20:A3,-35,,0.000000,0.000000,0.000,0.000,Client
2026-05-06 17:38:01,1900-01-00 00:00:00,,9C:2F:9D:82:20:A3,-35,,0.000000,0.000000,0.000,0.000,Client
2026-05-06 17:38:01,1900-01-00 00:00:00,,9C:2F:9D:82:20:A3,-35,,0.000000,0.000000,0.000,0.000,Client
2026-05-06 17:38:01,1900-01-00 00:00:00,,9C:2F:9D:82:20:A3,-35,,0.000000,0.000000,0.000,0.000,Client
2026-05-06 17:38:01,1900-01-00 00:00:00,,9C:2F:9D:82:20:A3,-35,,0.000000,0.000000,0.000,0.000,Client
2026-05-06 17:38:01,1900-01-00 00:00:00,,9C:2F:9D:82:20:A3,-35,,0.000000,0.000000,0.000,0.000,Client
2026-05-06 17:38:01,1900-01-00 00:00:00,,9C:2F:9D:82:20:A3,-35,,0.000000,0.000000,0.000,0.000,Client
2026-05-06 17:38:01,1900-01-00 00:00:00,,9C:2F:9D:82:20:A3,-35,,0.000000,0.000000,0.000,0.000,Client
2026-05-06 17:38:01,1900-01-00 00:00:00,,9C:2F:9D:82:20:A3,-33,,0.000000,0.000000,0.000,0.000,Client
2026-05-06 17:38:01,1900-01-00 00:00:00,,9C:2F:9D:82:20:A3,-35,,0.000000,0.000000,0.000,0.000,Client
2026-05-06 17:38:01,1900-01-00 00:00:00,,9C:2F:9D:82:20:A3,-35,,0.000000,0.000000,0.000,0.000,Client
2026-05-06 17:38:01,1900-01-00 00:00:00,,9C:2F:9D:82:20:A3,-35,,0.000000,0.000000,0.000,0.000,Client
2026-05-06 17:38:01,1900-01-00 00:00:00,,9C:2F:9D:82:20:A3,-35,,0.000000,0.000000,0.000,0.000,Client
2026-05-06 17:38:01,1900-01-00 00:00:00,,9C:2F:9D:82:20:A3,-35,,0.000000,0.000000,0.000,0.000,Client
2026-05-06 17:38:01,1900-01-00 00:00:00,,9C:2F:9D:82:20:A3,-33,,0.000000,0.000000,0.000,0.000,Client
2026-05-06 17:38:01,1900-01-00 00:00:00,,9C:2F:9D:82:20:A3,-35,,0.000000,0.000000,0.000,0.000,Client
2026-05-06 17:38:01,1900-01-00 00:00:00,,9C:2F:9D:82:20:A3,-35,,0.000000,0.000000,0.000,0.000,Client
2026-05-06 17:38:01,1900-01-00 00:00:00,,9C:2F:9D:82:20:A3,-35,,0.000000,0.000000,0.000,0.000,Client
2026-05-06 17:38:01,1900-01-00 00:00:00,,9C:2F:9D:82:20:A3,-35,,0.000000,0.000000,0.000,0.000,Client
2026-05-06 17:38:01,1900-01-00 00:00:00,,9C:2F:9D:82:20:A3,-35,,0.000000,0.000000,0.000,0.000,Client
2026-05-06 17:38:01,1900-01-00 00:00:00,,9C:2F:9D:82:20:A3,-35,,0.000000,0.000000,0.000,0.000,Client
2026-05-06 17:38:01,1900-01-00 00:00:00,,9C:2F:9D:82:20:A3,-35,,0.000000,0.000000,0.000,0.000,Client
2026-05-06 17:38:01,1900-01-00 00:00:00,,9C:2F:9D:82:20:A3,-35,,0.000000,0.000000,0.000,0.000,Client
2026-05-06 17:38:01,1900-01-00 00:00:00,,9C:2F:9D:82:20:A3,-33,,0.000000,0.000000,0.000,0.000,Client
2026-05-06 17:38:01,1900-01-00 00:00:00,,9C:2F:9D:82:20:A3,-35,,0.000000,0.000000,0.000,0.000,Client
2026-05-06 17:38:01,1900-01-00 00:00:00,,9C:2F:9D:82:20:A3,-33,,0.000000,0.000000,0.000,0.000,Client
2026-05-06 17:38:01,1900-01-00 00:00:00,,9C:2F:9D:82:20:A3,-35,,0.000000,0.000000,0.000,0.000,Client
2026-05-06 17:38:01,1900-01-00 00:00:00,,9C:2F:9D:82:20:A3,-35,,0.000000,0.000000,0.000,0.000,Client
2026-05-06 17:38:01,1900-01-00 00:00:00,,9C:2F:9D:82:20:A3,-33,,0.000000,0.000000,0.000,0.000,Client
2026-05-06 17:38:01,1900-01-00 00:00:00,,9C:2F:9D:82:20:A3,-33,,0.000000,0.000000,0.000,0.000,Client
2026-05-06 17:38:01,1900-01-00 00:00:00,,9C:2F:9D:82:20:A3,-35,,0.000000,0.000000,0.000,0.000,Client
2026-05-06 17:38:01,1900-01-00 00:00:00,,9C:2F:9D:82:20:A3,-33,,0.000000,0.000000,0.000,0.000,Client
2026-05-06 17:38:01,1900-01-00 00:00:00,,9C:2F:9D:82:20:A3,-35,,0.000000,0.000000,0.000,0.000,Client
2026-05-06 17:38:01,1900-01-00 00:00:00,,9C:2F:9D:82:20:A3,-33,,0.000000,0.000000,0.000,0.000,Client
2026-05-06 17:38:01,1900-01-00 00:00:00,,9C:2F:9D:82:20:A3,-35,,0.000000,0.000000,0.000,0.000,Client
2026-05-06 17:38:01,1900-01-00 00:00:00,,9C:2F:9D:82:20:A3,-33,,0.000000,0.000000,0.000,0.000,Client
2026-05-06 17:38:01,1900-01-00 00:00:00,,9C:2F:9D:82:20:A3,-35,,0.000000,0.000000,0.000,0.000,Client
2026-05-06 17:38:01,1900-01-00 00:00:00,,9C:2F:9D:82:20:A3,-69,,0.000000,0.000000,0.000,0.000,Client
2026-05-06 17:38:01,1900-01-00 00:00:00,,9C:2F:9D:82:20:A3,-83,,0.000000,0.000000,0.000,0.000,Client
2026-05-06 17:38:01,1900-01-00 00:00:00,,9C:2F:9D:82:20:A3,-35,,0.000000,0.000000,0.000,0.000,Client
2026-05-06 17:38:01,1900-01-00 00:00:00,,9C:2F:9D:82:20:A3,-33,,0.000000,0.000000,0.000,0.000,Client
2026-05-06 17:38:01,1900-01-00 00:00:00,,9C:2F:9D:82:20:A3,-33,,0.000000,0.000000,0.000,0.000,Client
2026-05-06 17:38:01,1900-01-00 00:00:00,,9C:2F:9D:82:20:A3,-35,,0.000000,0.000000,0.000,0.000,Client
2026-05-06 17:38:01,1900-01-00 00:00:00,,9C:2F:9D:82:20:A3,-35,,0.000000,0.000000,0.000,0.000,Client
2026-05-06 17:38:01,1900-01-00 00:00:00,,9C:2F:9D:82:20:A3,-35,,0.000000,0.000000,0.000,0.000,Client
2026-05-06 17:38:01,1900-01-00 00:00:00,,9C:2F:9D:82:20:A3,-35,,0.000000,0.000000,0.000,0.000,Client
2026-05-06 17:38:01,1900-01-00 00:00:00,,9C:2F:9D:82:20:A3,-35,,0.000000,0.000000,0.000,0.000,Client
2026-05-06 17:38:01,1900-01-00 00:00:00,,9C:2F:9D:82:20:A3,-33,,0.000000,0.000000,0.000,0.000,Client
2026-05-06 17:38:01,1900-01-00 00:00:00,,9C:2F:9D:82:20:A3,-35,,0.000000,0.000000,0.000,0.000,Client
2026-05-06 17:38:01,1900-01-00 00:00:00,,9C:2F:9D:82:20:A3,-35,,0.000000,0.000000,0.000,0.000,Client
2026-05-06 17:38:01,1900-01-00 00:00:00,,9C:2F:9D:82:20:A3,-35,,0.000000,0.000000,0.000,0.000,Client
2026-05-06 17:38:01,1900-01-00 00:00:00,,9C:2F:9D:82:20:A3,-35,,0.000000,0.000000,0.000,0.000,Client
2026-05-06 17:38:01,1900-01-00 00:00:00,,9C:2F:9D:82:20:A3,-33,,0.000000,0.000000,0.000,0.000,Client
2026-05-06 17:38:01,1900-01-00 00:00:00,,9C:2F:9D:82:20:A3,-35,,0.000000,0.000000,0.000,0.000,Client
2026-05-06 17:38:01,1900-01-00 00:00:00,,9C:2F:9D:82:20:A3,-35,,0.000000,0.000000,0.000,0.000,Client
2026-05-06 17:38:01,1900-01-00 00:00:00,,9C:2F:9D:82:20:A3,-33,,0.000000,0.000000,0.000,0.000,Client
2026-05-06 17:38:01,1900-01-00 00:00:00,,9C:2F:9D:82:20:A3,-35,,0.000000,0.000000,0.000,0.000,Client
2026-05-06 17:38:01,1900-01-00 00:00:00,,9C:2F:9D:82:20:A3,-35,,0.000000,0.000000,0.000,0.000,Client
2026-05-06 17:38:01,1900-01-00 00:00:00,,9C:2F:9D:82:20:A3,-33,,0.000000,0.000000,0.000,0.000,Client
2026-05-06 17:38:01,1900-01-00 00:00:00,,9C:2F:9D:82:20:A3,-35,,0.000000,0.000000,0.000,0.000,Client
2026-05-06 17:38:01,1900-01-00 00:00:00,,9C:2F:9D:82:20:A3,-35,,0.000000,0.000000,0.000,0.000,Client
2026-05-06 17:38:01,1900-01-00 00:00:00,,9C:2F:9D:82:20:A3,-33,,0.000000,0.000000,0.000,0.000,Client
2026-05-06 17:38:01,1900-01-00 00:00:00,,9C:2F:9D:82:20:A3,-33,,0.000000,0.000000,0.000,0.000,Client
2026-05-06 17:38:01,1900-01-00 00:00:00,,9C:2F:9D:82:20:A3,-33,,0.000000,0.000000,0.000,0.000,Client
2026-05-06 17:38:01,1900-01-00 00:00:00,,9C:2F:9D:82:20:A3,-81,,0.000000,0.000000,0.000,0.000,Client
2026-05-06 17:38:01,1900-01-00 00:00:00,,9C:2F:9D:82:20:A3,-77,,0.000000,0.000000,0.000,0.000,Client
2026-05-06 17:38:01,1900-01-00 00:00:00,,9C:2F:9D:82:20:A3,-35,,0.000000,0.000000,0.000,0.000,Client
2026-05-06 17:38:01,1900-01-00 00:00:00,,9C:2F:9D:82:20:A3,-35,,0.000000,0.000000,0.000,0.000,Client
2026-05-06 17:38:01,1900-01-00 00:00:00,,9C:2F:9D:82:20:A3,-33,,0.000000,0.000000,0.000,0.000,Client
2026-05-06 17:38:01,1900-01-00 00:00:00,,9C:2F:9D:82:20:A3,-35,,0.000000,0.000000,0.000,0.000,Client
2026-05-06 17:38:01,1900-01-00 00:00:00,,9C:2F:9D:82:20:A3,-35,,0.000000,0.000000,0.000,0.000,Client
2026-05-06 17:38:01,1900-01-00 00:00:00,,9C:2F:9D:82:20:A3,-35,,0.000000,0.000000,0.000,0.000,Client
2026-05-06 17:38:01,1900-01-00 00:00:00,,9C:2F:9D:82:20:A3,-35,,0.000000,0.000000,0.000,0.000,Client
2026-05-06 17:38:01,1900-01-00 00:00:00,,9C:2F:9D:82:20:A3,-35,,0.000000,0.000000,0.000,0.000,Client
2026-05-06 17:38:01,1900-01-00 00:00:00,,9C:2F:9D:82:20:A3,-33,,0.000000,0.000000,0.000,0.000,Client
2026-05-06 17:38:01,1900-01-00 00:00:00,,9C:2F:9D:82:20:A3,-35,,0.000000,0.000000,0.000,0.000,Client
2026-05-06 17:38:01,1900-01-00 00:00:00,,9C:2F:9D:82:20:A3,-35,,0.000000,0.000000,0.000,0.000,Client
2026-05-06 17:38:01,1900-01-00 00:00:00,,9C:2F:9D:82:20:A3,-35,,0.000000,0.000000,0.000,0.000,Client
2026-05-06 17:38:01,1900-01-00 00:00:00,,9C:2F:9D:82:20:A3,-35,,0.000000,0.000000,0.000,0.000,Client
2026-05-06 17:38:01,1900-01-00 00:00:00,,9C:2F:9D:82:20:A3,-33,,0.000000,0.000000,0.000,0.000,Client
2026-05-06 17:38:01,1900-01-00 00:00:00,,9C:2F:9D:82:20:A3,-35,,0.000000,0.000000,0.000,0.000,Client
2026-05-06 17:38:01,1900-01-00 00:00:00,,9C:2F:9D:82:20:A3,-35,,0.000000,0.000000,0.000,0.000,Client
2026-05-06 17:38:01,1900-01-00 00:00:00,,9C:2F:9D:82:20:A3,-33,,0.000000,0.000000,0.000,0.000,Client
2026-05-06 17:38:01,1900-01-00 00:00:00,,9C:2F:9D:82:20:A3,-33,,0.000000,0.000000,0.000,0.000,Client
2026-05-06 17:38:01,1900-01-00 00:00:00,,9C:2F:9D:82:20:A3,-35,,0.000000,0.000000,0.000,0.000,Client
2026-05-06 17:38:01,1900-01-00 00:00:00,,9C:2F:9D:82:20:A3,-33,,0.000000,0.000000,0.000,0.000,Client
2026-05-06 17:38:01,1900-01-00 00:00:00,,9C:2F:9D:82:20:A3,-35,,0.000000,0.000000,0.000,0.000,Client
2026-05-06 17:38:01,1900-01-00 00:00:00,,9C:2F:9D:82:20:A3,-35,,0.000000,0.000000,0.000,0.000,Client
2026-05-06 17:38:01,1900-01-00 00:00:00,,9C:2F:9D:82:20:A3,-35,,0.000000,0.000000,0.000,0.000,Client
2026-05-06 17:38:01,1900-01-00 00:00:00,,9C:2F:9D:82:20:A3,-35,,0.000000,0.000000,0.000,0.000,Client
2026-05-06 17:38:01,1900-01-00 00:00:00,,9C:2F:9D:82:20:A3,-33,,0.000000,0.000000,0.000,0.000,Client
2026-05-06 17:38:01,1900-01-00 00:00:00,,9C:2F:9D:82:20:A3,-33,,0.000000,0.000000,0.000,0.000,Client
2026-05-06 17:38:01,1900-01-00 00:00:00,,9C:2F:9D:82:20:A3,-83,,0.000000,0.000000,0.000,0.000,Client
2026-05-06 17:38:01,1900-01-00 00:00:00,,9C:2F:9D:82:20:A3,-33,,0.000000,0.000000,0.000,0.000,Client
2026-05-06 17:38:01,1900-01-00 00:00:00,,9C:2F:9D:82:20:A3,-35,,0.000000,0.000000,0.000,0.000,Client
2026-05-06 17:38:01,1900-01-00 00:00:00,,9C:2F:9D:82:20:A3,-33,,0.000000,0.000000,0.000,0.000,Client
2026-05-06 17:38:01,1900-01-00 00:00:00,,9C:2F:9D:82:20:A3,-35,,0.000000,0.000000,0.000,0.000,Client
2026-05-06 17:38:01,1900-01-00 00:00:00,,9C:2F:9D:82:20:A3,-33,,0.000000,0.000000,0.000,0.000,Client
2026-05-06 17:38:01,1900-01-00 00:00:00,,9C:2F:9D:82:20:A3,-33,,0.000000,0.000000,0.000,0.000,Client
2026-05-06 17:38:01,1900-01-00 00:00:00,,9C:2F:9D:82:20:A3,-35,,0.000000,0.000000,0.000,0.000,Client
2026-05-06 17:38:01,1900-01-00 00:00:00,,9C:2F:9D:82:20:A3,-35,,0.000000,0.000000,0.000,0.000,Client
2026-05-06 17:38:01,1900-01-00 00:00:00,,9C:2F:9D:82:20:A3,-35,,0.000000,0.000000,0.000,0.000,Client
2026-05-06 17:38:01,1900-01-00 00:00:00,,9C:2F:9D:82:20:A3,-35,,0.000000,0.000000,0.000,0.000,Client
2026-05-06 17:38:01,1900-01-00 00:00:00,,9C:2F:9D:82:20:A3,-33,,0.000000,0.000000,0.000,0.000,Client
2026-05-06 17:38:01,1900-01-00 00:00:00,,9C:2F:9D:82:20:A3,-33,,0.000000,0.000000,0.000,0.000,Client
2026-05-06 17:38:01,1900-01-00 00:00:00,,9C:2F:9D:82:20:A3,-35,,0.000000,0.000000,0.000,0.000,Client
2026-05-06 17:38:01,1900-01-00 00:00:00,,9C:2F:9D:82:20:A3,-33,,0.000000,0.000000,0.000,0.000,Client
2026-05-06 17:38:01,1900-01-00 00:00:00,,9C:2F:9D:82:20:A3,-33,,0.000000,0.000000,0.000,0.000,Client
2026-05-06 17:38:01,1900-01-00 00:00:00,,9C:2F:9D:82:20:A3,-35,,0.000000,0.000000,0.000,0.000,Client
2026-05-06 17:38:01,1900-01-00 00:00:00,,9C:2F:9D:82:20:A3,-35,,0.000000,0.000000,0.000,0.000,Client
2026-05-06 17:38:01,1900-01-00 00:00:00,,9C:2F:9D:82:20:A3,-33,,0.000000,0.000000,0.000,0.000,Client
2026-05-06 17:38:01,1900-01-00 00:00:00,,9C:2F:9D:82:20:A3,-35,,0.000000,0.000000,0.000,0.000,Client
2026-05-06 17:38:01,1900-01-00 00:00:00,,9C:2F:9D:82:20:A3,-35,,0.000000,0.000000,0.000,0.000,Client
2026-05-06 17:38:01,1900-01-00 00:00:00,,9C:2F:9D:82:20:A3,-35,,0.000000,0.000000,0.000,0.000,Client
2026-05-06 17:38:02,1900-01-00 00:00:00,dlink-615_EXT,40:86:CB:27:D2:0C,-23, WPA2 ,0.000000,0.000000,0.000,0.000,AP
2026-05-06 17:38:02,1900-01-00 00:00:00,dlink-615_EXT,40:86:CB:27:D2:0C,-23, WPA2 ,0.000000,0.000000,0.000,0.000,AP
2026-05-06 17:38:02,1900-01-00 00:00:00,,9C:2F:9D:82:20:A3,-33,,0.000000,0.000000,0.000,0.000,Client
2026-05-06 17:38:02,1900-01-00 00:00:00,,9C:2F:9D:82:20:A3,-31,,0.000000,0.000000,0.000,0.000,Client
2026-05-06 17:38:02,1900-01-00 00:00:00,dlink-615_EXT,40:86:CB:27:D2:0C,-23, WPA2 ,0.000000,0.000000,0.000,0.000,AP
2026-05-06 17:38:02,1900-01-00 00:00:00,dlink-615_EXT,40:86:CB:27:D2:0C,-21, WPA2 ,0.000000,0.000000,0.000,0.000,AP
2026-05-06 17:38:02,1900-01-00 00:00:00,dlink-615_EXT,40:86:CB:27:D2:0C,-23, WPA2 ,0.000000,0.000000,0.000,0.000,AP
2026-05-06 17:38:02,1900-01-00 00:00:00,dlink-615_EXT,40:86:CB:27:D2:0C,-25, WPA2 ,0.000000,0.000000,0.000,0.000,AP
2026-05-06 17:38:02,1900-01-00 00:00:00,dlink-615_EXT,40:86:CB:27:D2:0C,-25, WPA2 ,0.000000,0.000000,0.000,0.000,AP
2026-05-06 17:38:03,1900-01-00 00:00:00,dlink-615_EXT,40:86:CB:27:D2:0C,-23, WPA2 ,0.000000,0.000000,0.000,0.000,AP
2026-05-06 17:38:03,1900-01-00 00:00:00,dlink-615_EXT,40:86:CB:27:D2:0C,-25, WPA2 ,0.000000,0.000000,0.000,0.000,AP
2026-05-06 17:38:03,1900-01-00 00:00:00,dlink-615_EXT,40:86:CB:27:D2:0C,-23, WPA2 ,0.000000,0.000000,0.000,0.000,AP
2026-05-06 17:38:03,1900-01-00 00:00:00,,9C:2F:9D:82:20:A3,-29,,0.000000,0.000000,0.000,0.000,Client
2026-05-06 17:38:03,1900-01-00 00:00:00,dlink-615_EXT,40:86:CB:27:D2:0C,-25, WPA2 ,0.000000,0.000000,0.000,0.000,AP
2026-05-06 17:38:03,1900-01-00 00:00:00,,9C:2F:9D:82:20:A3,-29,,0.000000,0.000000,0.000,0.000,Client
2026-05-06 17:38:03,1900-01-00 00:00:00,,9C:2F:9D:82:20:A3,-33,,0.000000,0.000000,0.000,0.000,Client
2026-05-06 17:38:03,1900-01-00 00:00:00,,9C:2F:9D:82:20:A3,-35,,0.000000,0.000000,0.000,0.000,Client
2026-05-06 17:38:03,1900-01-00 00:00:00,dlink-615_EXT,40:86:CB:27:D2:0C,-21, WPA2 ,0.000000,0.000000,0.000,0.000,AP
2026-05-06 17:38:03,1900-01-00 00:00:00,,9C:2F:9D:82:20:A3,-33,,0.000000,0.000000,0.000,0.000,Client
2026-05-06 17:38:03,1900-01-00 00:00:00,dlink-615_EXT,40:86:CB:27:D2:0C,-23, WPA2 ,0.000000,0.000000,0.000,0.000,AP
2026-05-06 17:38:03,1900-01-00 00:00:00,dlink-615_EXT,40:86:CB:27:D2:0C,-21, WPA2 ,0.000000,0.000000,0.000,0.000,AP
2026-05-06 17:38:03,1900-01-00 00:00:00,dlink-615_EXT,40:86:CB:27:D2:0C,-21, WPA2 ,0.000000,0.000000,0.000,0.000,AP
2026-05-06 17:38:04,1900-01-00 00:00:00,dlink-615_EXT,40:86:CB:27:D2:0C,-21, WPA2 ,0.000000,0.000000,0.000,0.000,AP
2026-05-06 17:38:04,1900-01-00 00:00:00,dlink-615_EXT,40:86:CB:27:D2:0C,-23, WPA2 ,0.000000,0.000000,0.000,0.000,AP
2026-05-06 17:38:04,1900-01-00 00:00:00,dlink-615_EXT,40:86:CB:27:D2:0C,-25, WPA2 ,0.000000,0.000000,0.000,0.000,AP
2026-05-06 17:38:04,1900-01-00 00:00:00,dlink-615_EXT,40:86:CB:27:D2:0C,-23, WPA2 ,0.000000,0.000000,0.000,0.000,AP
2026-05-06 17:38:04,1900-01-00 00:00:00,,9C:2F:9D:82:20:A3,-35,,0.000000,0.000000,0.000,0.000,Client
2026-05-06 17:38:04,1900-01-00 00:00:00,dlink-615_EXT,40:86:CB:27:D2:0C,-23, WPA2 ,0.000000,0.000000,0.000,0.000,AP
2026-05-06 17:38:04,1900-01-00 00:00:00,,9C:2F:9D:82:20:A3,-35,,0.000000,0.000000,0.000,0.000,Client
2026-05-06 17:38:04,1900-01-00 00:00:00,dlink-615_EXT,40:86:CB:27:D2:0C,-25, WPA2 ,0.000000,0.000000,0.000,0.000,AP
2026-05-06 17:38:04,1900-01-00 00:00:00,dlink-615_EXT,40:86:CB:27:D2:0C,-25, WPA2 ,0.000000,0.000000,0.000,0.000,AP
2026-05-06 17:38:04,1900-01-00 00:00:00,dlink-615_EXT,40:86:CB:27:D2:0C,-23, WPA2 ,0.000000,0.000000,0.000,0.000,AP
2026-05-06 17:38:05,1900-01-00 00:00:00,dlink-615_EXT,40:86:CB:27:D2:0C,-23, WPA2 ,0.000000,0.000000,0.000,0.000,AP
2026-05-06 17:38:05,1900-01-00 00:00:00,dlink-615_EXT,40:86:CB:27:D2:0C,-25, WPA2 ,0.000000,0.000000,0.000,0.000,AP
2026-05-06 17:38:05,1900-01-00 00:00:00,dlink-615_EXT,40:86:CB:27:D2:0C,-25, WPA2 ,0.000000,0.000000,0.000,0.000,AP
2026-05-06 17:38:05,1900-01-00 00:00:00,dlink-615_EXT,40:86:CB:27:D2:0C,-25, WPA2 ,0.000000,0.000000,0.000,0.000,AP
2026-05-06 17:38:05,1900-01-00 00:00:00,,9C:2F:9D:82:20:A3,-29,,0.000000,0.000000,0.000,0.000,Client
2026-05-06 17:38:05,1900-01-00 00:00:00,dlink-615_EXT,40:86:CB:27:D2:0C,-21, WPA2 ,0.000000,0.000000,0.000,0.000,AP
2026-05-06 17:38:05,1900-01-00 00:00:00,,9C:2F:9D:82:20:A3,-27,,0.000000,0.000000,0.000,0.000,Client
2026-05-06 17:38:05,1900-01-00 00:00:00,dlink-615_EXT,40:86:CB:27:D2:0C,-27, WPA2 ,0.000000,0.000000,0.000,0.000,AP
2026-05-06 17:38:05,1900-01-00 00:00:00,dlink-615_EXT,40:86:CB:27:D2:0C,-23, WPA2 ,0.000000,0.000000,0.000,0.000,AP
2026-05-06 17:38:05,1900-01-00 00:00:00,dlink-615_EXT,40:86:CB:27:D2:0C,-23, WPA2 ,0.000000,0.000000,0.000,0.000,AP
2026-05-06 17:38:05,1900-01-00 00:00:00,dlink-615_EXT,40:86:CB:27:D2:0C,-25, WPA2 ,0.000000,0.000000,0.000,0.000,AP
2026-05-06 17:38:06,1900-01-00 00:00:00,dlink-615_EXT,40:86:CB:27:D2:0C,-23, WPA2 ,0.000000,0.000000,0.000,0.000,AP
2026-05-06 17:38:06,1900-01-00 00:00:00,dlink-615_EXT,40:86:CB:27:D2:0C,-25, WPA2 ,0.000000,0.000000,0.000,0.000,AP
2026-05-06 17:38:06,1900-01-00 00:00:00,dlink-615_EXT,40:86:CB:27:D2:0C,-21, WPA2 ,0.000000,0.000000,0.000,0.000,AP
2026-05-06 17:38:06,1900-01-00 00:00:00,,9C:2F:9D:82:20:A3,-39,,0.000000,0.000000,0.000,0.000,Client
2026-05-06 17:38:06,1900-01-00 00:00:00,dlink-615_EXT,40:86:CB:27:D2:0C,-25, WPA2 ,0.000000,0.000000,0.000,0.000,AP
2026-05-06 17:38:06,1900-01-00 00:00:00,,9C:2F:9D:82:20:A3,-39,,0.000000,0.000000,0.000,0.000,Client
2026-05-06 17:38:06,1900-01-00 00:00:00,dlink-615_EXT,40:86:CB:27:D2:0C,-23, WPA2 ,0.000000,0.000000,0.000,0.000,AP
2026-05-06 17:38:06,1900-01-00 00:00:00,dlink-615_EXT,40:86:CB:27:D2:0C,-23, WPA2 ,0.000000,0.000000,0.000,0.000,AP
2026-05-06 17:38:06,1900-01-00 00:00:00,dlink-615_EXT,40:86:CB:27:D2:0C,-21, WPA2 ,0.000000,0.000000,0.000,0.000,AP
2026-05-06 17:38:06,1900-01-00 00:00:00,dlink-615_EXT,40:86:CB:27:D2:0C,-23, WPA2 ,0.000000,0.000000,0.000,0.000,AP
2026-05-06 17:38:07,1900-01-00 00:00:00,dlink-615_EXT,40:86:CB:27:D2:0C,-21, WPA2 ,0.000000,0.000000,0.000,0.000,AP
2026-05-06 17:38:07,1900-01-00 00:00:00,dlink-615_EXT,40:86:CB:27:D2:0C,-23, WPA2 ,0.000000,0.000000,0.000,0.000,AP
2026-05-06 17:38:07,1900-01-00 00:00:00,dlink-615_EXT,40:86:CB:27:D2:0C,-23, WPA2 ,0.000000,0.000000,0.000,0.000,AP
2026-05-06 17:38:07,1900-01-00 00:00:00,,9C:2F:9D:82:20:A3,-29,,0.000000,0.000000,0.000,0.000,Client
2026-05-06 17:38:07,1900-01-00 00:00:00,dlink-615_EXT,40:86:CB:27:D2:0C,-23, WPA2 ,0.000000,0.000000,0.000,0.000,AP
2026-05-06 17:38:07,1900-01-00 00:00:00,,9C:2F:9D:82:20:A3,-29,,0.000000,0.000000,0.000,0.000,Client
2026-05-06 17:38:07,1900-01-00 00:00:00,dlink-615_EXT,40:86:CB:27:D2:0C,-23, WPA2 ,0.000000,0.000000,0.000,0.000,AP
2026-05-06 17:38:07,1900-01-00 00:00:00,dlink-615_EXT,40:86:CB:27:D2:0C,-21, WPA2 ,0.000000,0.000000,0.000,0.000,AP
2026-05-06 17:38:07,1900-01-00 00:00:00,dlink-615_EXT,40:86:CB:27:D2:0C,-25, WPA2 ,0.000000,0.000000,0.000,0.000,AP
2026-05-06 17:38:07,1900-01-00 00:00:00,dlink-615_EXT,40:86:CB:27:D2:0C,-25, WPA2 ,0.000000,0.000000,0.000,0.000,AP
2026-05-06 17:38:07,1900-01-00 00:00:00,dlink-615_EXT,40:86:CB:27:D2:0C,-23, WPA2 ,0.000000,0.000000,0.000,0.000,AP
2026-05-06 17:38:08,1900-01-00 00:00:00,dlink-615_EXT,40:86:CB:27:D2:0C,-21, WPA2 ,0.000000,0.000000,0.000,0.000,AP
2026-05-06 17:38:08,1900-01-00 00:00:00,dlink-615_EXT,40:86:CB:27:D2:0C,-21, WPA2 ,0.000000,0.000000,0.000,0.000,AP
2026-05-06 17:38:08,1900-01-00 00:00:00,,9C:2F:9D:82:20:A3,-29,,0.000000,0.000000,0.000,0.000,Client
2026-05-06 17:38:08,1900-01-00 00:00:00,dlink-615_EXT,40:86:CB:27:D2:0C,-23, WPA2 ,0.000000,0.000000,0.000,0.000,AP
2026-05-06 17:38:08,1900-01-00 00:00:00,,9C:2F:9D:82:20:A3,-29,,0.000000,0.000000,0.000,0.000,Client
2026-05-06 17:38:08,1900-01-00 00:00:00,dlink-615_EXT,40:86:CB:27:D2:0C,-23, WPA2 ,0.000000,0.000000,0.000,0.000,AP
2026-05-06 17:38:08,1900-01-00 00:00:00,dlink-615_EXT,40:86:CB:27:D2:0C,-21, WPA2 ,0.000000,0.000000,0.000,0.000,AP
2026-05-06 17:38:08,1900-01-00 00:00:00,dlink-615_EXT,40:86:CB:27:D2:0C,-23, WPA2 ,0.000000,0.000000,0.000,0.000,AP
2026-05-06 17:38:08,1900-01-00 00:00:00,dlink-615_EXT,40:86:CB:27:D2:0C,-21, WPA2 ,0.000000,0.000000,0.000,0.000,AP
2026-05-06 17:38:09,1900-01-00 00:00:00,dlink-615_EXT,40:86:CB:27:D2:0C,-23, WPA2 ,0.000000,0.000000,0.000,0.000,AP
2026-05-06 17:38:09,1900-01-00 00:00:00,dlink-615_EXT,40:86:CB:27:D2:0C,-21, WPA2 ,0.000000,0.000000,0.000,0.000,AP
2026-05-06 17:38:09,1900-01-00 00:00:00,dlink-615_EXT,40:86:CB:27:D2:0C,-23, WPA2 ,0.000000,0.000000,0.000,0.000,AP
2026-05-06 17:38:09,1900-01-00 00:00:00,dlink-615_EXT,40:86:CB:27:D2:0C,-23, WPA2 ,0.000000,0.000000,0.000,0.000,AP
2026-05-06 17:38:09,1900-01-00 00:00:00,dlink-615_EXT,40:86:CB:27:D2:0C,-21, WPA2 ,0.000000,0.000000,0.000,0.000,AP
2026-05-06 17:38:09,1900-01-00 00:00:00,dlink-615_EXT,40:86:CB:27:D2:0C,-23, WPA2 ,0.000000,0.000000,0.000,0.000,AP
2026-05-06 17:38:09,1900-01-00 00:00:00,dlink-615_EXT,40:86:CB:27:D2:0C,-23, WPA2 ,0.000000,0.000000,0.000,0.000,AP
2026-05-06 17:38:09,1900-01-00 00:00:00,dlink-615_EXT,40:86:CB:27:D2:0C,-25, WPA2 ,0.000000,0.000000,0.000,0.000,AP
2026-05-06 17:38:10,1900-01-00 00:00:00,dlink-615_EXT,40:86:CB:27:D2:0C,-23, WPA2 ,0.000000,0.000000,0.000,0.000,AP
2026-05-06 17:38:10,1900-01-00 00:00:00,dlink-615_EXT,40:86:CB:27:D2:0C,-23, WPA2 ,0.000000,0.000000,0.000,0.000,AP
2026-05-06 17:38:10,1900-01-00 00:00:00,dlink-615_EXT,40:86:CB:27:D2:0C,-23, WPA2 ,0.000000,0.000000,0.000,0.000,AP
2026-05-06 17:38:10,1900-01-00 00:00:00,dlink-615_EXT,40:86:CB:27:D2:0C,-25, WPA2 ,0.000000,0.000000,0.000,0.000,AP
2026-05-06 17:38:10,1900-01-00 00:00:00,dlink-615_EXT,40:86:CB:27:D2:0C,-25, WPA2 ,0.000000,0.000000,0.000,0.000,AP
2026-05-06 17:38:10,1900-01-00 00:00:00,,9C:2F:9D:82:20:A3,-33,,0.000000,0.000000,0.000,0.000,Client
2026-05-06 17:38:10,1900-01-00 00:00:00,dlink-615_EXT,40:86:CB:27:D2:0C,-23, WPA2 ,0.000000,0.000000,0.000,0.000,AP
2026-05-06 17:38:10,1900-01-00 00:00:00,,9C:2F:9D:82:20:A3,-33,,0.000000,0.000000,0.000,0.000,Client
2026-05-06 17:38:10,1900-01-00 00:00:00,dlink-615_EXT,40:86:CB:27:D2:0C,-21, WPA2 ,0.000000,0.000000,0.000,0.000,AP
2026-05-06 17:38:10,1900-01-00 00:00:00,dlink-615_EXT,40:86:CB:27:D2:0C,-25, WPA2 ,0.000000,0.000000,0.000,0.000,AP
2026-05-06 17:38:10,1900-01-00 00:00:00,dlink-615_EXT,40:86:CB:27:D2:0C,-25, WPA2 ,0.000000,0.000000,0.000,0.000,AP
2026-05-06 17:38:10,1900-01-00 00:00:00,dlink-615_EXT,40:86:CB:27:D2:0C,-23, WPA2 ,0.000000,0.000000,0.000,0.000,AP
2026-05-06 17:38:11,1900-01-00 00:00:00,dlink-615_EXT,40:86:CB:27:D2:0C,-23, WPA2 ,0.000000,0.000000,0.000,0.000,AP
2026-05-06 17:38:11,1900-01-00 00:00:00,dlink-615_EXT,40:86:CB:27:D2:0C,-25, WPA2 ,0.000000,0.000000,0.000,0.000,AP
2026-05-06 17:38:11,1900-01-00 00:00:00,,9C:2F:9D:82:20:A3,-35,,0.000000,0.000000,0.000,0.000,Client
2026-05-06 17:38:11,1900-01-00 00:00:00,dlink-615_EXT,40:86:CB:27:D2:0C,-25, WPA2 ,0.000000,0.000000,0.000,0.000,AP
2026-05-06 17:38:11,1900-01-00 00:00:00,dlink-615_EXT,40:86:CB:27:D2:0C,-25, WPA2 ,0.000000,0.000000,0.000,0.000,AP
2026-05-06 17:38:11,1900-01-00 00:00:00,,9C:2F:9D:82:20:A3,-35,,0.000000,0.000000,0.000,0.000,Client
2026-05-06 17:38:11,1900-01-00 00:00:00,dlink-615_EXT,40:86:CB:27:D2:0C,-23, WPA2 ,0.000000,0.000000,0.000,0.000,AP
2026-05-06 17:38:11,1900-01-00 00:00:00,dlink-615_EXT,40:86:CB:27:D2:0C,-25, WPA2 ,0.000000,0.000000,0.000,0.000,AP
2026-05-06 17:38:11,1900-01-00 00:00:00,dlink-615_EXT,40:86:CB:27:D2:0C,-23, WPA2 ,0.000000,0.000000,0.000,0.000,AP
2026-05-06 17:38:11,1900-01-00 00:00:00,,D2:6F:12:2F:DE:3D,-20,,0.000000,0.000000,0.000,0.000,Client
2026-05-06 17:38:11,1900-01-00 00:00:00,,D2:6F:12:2F:DE:3D,-21,,0.000000,0.000000,0.000,0.000,Client
2026-05-06 17:38:11,1900-01-00 00:00:00,,D2:6F:12:2F:DE:3D,-22,,0.000000,0.000000,0.000,0.000,Client
2026-05-06 17:38:11,1900-01-00 00:00:00,,D2:6F:12:2F:DE:3D,-24,,0.000000,0.000000,0.000,0.000,Client
2026-05-06 17:38:11,1900-01-00 00:00:00,,D2:6F:12:2F:DE:3D,-21,,0.000000,0.000000,0.000,0.000,Client
2026-05-06 17:38:11,1900-01-00 00:00:00,dlink-615_EXT,40:86:CB:27:D2:0C,-25, WPA2 ,0.000000,0.000000,0.000,0.000,AP
2026-05-06 17:38:11,1900-01-00 00:00:00,dlink-615_EXT,40:86:CB:27:D2:0C,-25, WPA2 ,0.000000,0.000000,0.000,0.000,AP
2026-05-06 17:38:12,1900-01-00 00:00:00,dlink-615_EXT,40:86:CB:27:D2:0C,-25, WPA2 ,0.000000,0.000000,0.000,0.000,AP
2026-05-06 17:38:12,1900-01-00 00:00:00,dlink-615_EXT,40:86:CB:27:D2:0C,-25, WPA2 ,0.000000,0.000000,0.000,0.000,AP
2026-05-06 17:38:12,1900-01-00 00:00:00,dlink-615_EXT,40:86:CB:27:D2:0C,-27, WPA2 ,0.000000,0.000000,0.000,0.000,AP
2026-05-06 17:38:12,1900-01-00 00:00:00,dlink-615_EXT,40:86:CB:27:D2:0C,-25, WPA2 ,0.000000,0.000000,0.000,0.000,AP
2026-05-06 17:38:12,1900-01-00 00:00:00,,9C:2F:9D:82:20:A3,-35,,0.000000,0.000000,0.000,0.000,Client
2026-05-06 17:38:12,1900-01-00 00:00:00,dlink-615_EXT,40:86:CB:27:D2:0C,-25, WPA2 ,0.000000,0.000000,0.000,0.000,AP
2026-05-06 17:38:12,1900-01-00 00:00:00,dlink-615_EXT,40:86:CB:27:D2:0C,-25, WPA2 ,0.000000,0.000000,0.000,0.000,AP
2026-05-06 17:38:12,1900-01-00 00:00:00,dlink-615_EXT,40:86:CB:27:D2:0C,-25, WPA2 ,0.000000,0.000000,0.000,0.000,AP
2026-05-06 17:38:12,1900-01-00 00:00:00,dlink-615_EXT,40:86:CB:27:D2:0C,-25, WPA2 ,0.000000,0.000000,0.000,0.000,AP
2026-05-06 17:38:12,1900-01-00 00:00:00,dlink-615_EXT,40:86:CB:27:D2:0C,-25, WPA2 ,0.000000,0.000000,0.000,0.000,AP
2026-05-06 17:38:13,1900-01-00 00:00:00,dlink-615_EXT,40:86:CB:27:D2:0C,-25, WPA2 ,0.000000,0.000000,0.000,0.000,AP
2026-05-06 17:38:13,1900-01-00 00:00:00,dlink-615_EXT,40:86:CB:27:D2:0C,-25, WPA2 ,0.000000,0.000000,0.000,0.000,AP
2026-05-06 17:38:13,1900-01-00 00:00:00,dlink-615_EXT,40:86:CB:27:D2:0C,-61, WPA2 ,0.000000,0.000000,0.000,0.000,AP
2026-05-06 17:38:13,1900-01-00 00:00:00,,9C:2F:9D:82:20:A3,-61,,0.000000,0.000000,0.000,0.000,Client
2026-05-06 17:38:13,1900-01-00 00:00:00,dlink-615_EXT,40:86:CB:27:D2:0C,-25, WPA2 ,0.000000,0.000000,0.000,0.000,AP
2026-05-06 17:38:13,1900-01-00 00:00:00,,9C:2F:9D:82:20:A3,-25,,0.000000,0.000000,0.000,0.000,Client
2026-05-06 17:38:13,1900-01-00 00:00:00,dlink-615_EXT,40:86:CB:27:D2:0C,-25, WPA2 ,0.000000,0.000000,0.000,0.000,AP
2026-05-06 17:38:13,1900-01-00 00:00:00,,9C:2F:9D:82:20:A3,-25,,0.000000,0.000000,0.000,0.000,Client
2026-05-06 17:38:13,1900-01-00 00:00:00,dlink-615_EXT,40:86:CB:27:D2:0C,-25, WPA2 ,0.000000,0.000000,0.000,0.000,AP
2026-05-06 17:38:13,1900-01-00 00:00:00,,9C:2F:9D:82:20:A3,-25,,0.000000,0.000000,0.000,0.000,Client
2026-05-06 17:38:13,1900-01-00 00:00:00,dlink-615_EXT,40:86:CB:27:D2:0C,-25, WPA2 ,0.000000,0.000000,0.000,0.000,AP
2026-05-06 17:38:13,1900-01-00 00:00:00,dlink-615_EXT,40:86:CB:27:D2:0C,-23, WPA2 ,0.000000,0.000000,0.000,0.000,AP
2026-05-06 17:38:13,1900-01-00 00:00:00,,9C:2F:9D:82:20:A3,-23,,0.000000,0.000000,0.000,0.000,Client
2026-05-06 17:38:13,1900-01-00 00:00:00,dlink-615_EXT,40:86:CB:27:D2:0C,-23, WPA2 ,0.000000,0.000000,0.000,0.000,AP
2026-05-06 17:38:13,1900-01-00 00:00:00,,9C:2F:9D:82:20:A3,-23,,0.000000,0.000000,0.000,0.000,Client
2026-05-06 17:38:13,1900-01-00 00:00:00,dlink-615_EXT,40:86:CB:27:D2:0C,-21, WPA2 ,0.000000,0.000000,0.000,0.000,AP
2026-05-06 17:38:13,1900-01-00 00:00:00,,9C:2F:9D:82:20:A3,-21,,0.000000,0.000000,0.000,0.000,Client
2026-05-06 17:38:13,1900-01-00 00:00:00,dlink-615_EXT,40:86:CB:27:D2:0C,-25, WPA2 ,0.000000,0.000000,0.000,0.000,AP
2026-05-06 17:38:13,1900-01-00 00:00:00,,9C:2F:9D:82:20:A3,-25,,0.000000,0.000000,0.000,0.000,Client
2026-05-06 17:38:13,1900-01-00 00:00:00,dlink-615_EXT,40:86:CB:27:D2:0C,-25, WPA2 ,0.000000,0.000000,0.000,0.000,AP
2026-05-06 17:38:13,1900-01-00 00:00:00,,9C:2F:9D:82:20:A3,-21,,0.000000,0.000000,0.000,0.000,Client
2026-05-06 17:38:13,1900-01-00 00:00:00,dlink-615_EXT,40:86:CB:27:D2:0C,-21, WPA2 ,0.000000,0.000000,0.000,0.000,AP
2026-05-06 17:38:13,1900-01-00 00:00:00,,9C:2F:9D:82:20:A3,-21,,0.000000,0.000000,0.000,0.000,Client
2026-05-06 17:38:13,1900-01-00 00:00:00,dlink-615_EXT,40:86:CB:27:D2:0C,-25, WPA2 ,0.000000,0.000000,0.000,0.000,AP
2026-05-06 17:38:13,1900-01-00 00:00:00,,9C:2F:9D:82:20:A3,-25,,0.000000,0.000000,0.000,0.000,Client
2026-05-06 17:38:13,1900-01-00 00:00:00,dlink-615_EXT,40:86:CB:27:D2:0C,-23, WPA2 ,0.000000,0.000000,0.000,0.000,AP
2026-05-06 17:38:13,1900-01-00 00:00:00,,9C:2F:9D:82:20:A3,-23,,0.000000,0.000000,0.000,0.000,Client
2026-05-06 17:38:13,1900-01-00 00:00:00,dlink-615_EXT,40:86:CB:27:D2:0C,-25, WPA2 ,0.000000,0.000000,0.000,0.000,AP
2026-05-06 17:38:13,1900-01-00 00:00:00,,9C:2F:9D:82:20:A3,-25,,0.000000,0.000000,0.000,0.000,Client
2026-05-06 17:38:13,1900-01-00 00:00:00,dlink-615_EXT,40:86:CB:27:D2:0C,-25, WPA2 ,0.000000,0.000000,0.000,0.000,AP
2026-05-06 17:38:13,1900-01-00 00:00:00,,9C:2F:9D:82:20:A3,-25,,0.000000,0.000000,0.000,0.000,Client
2026-05-06 17:38:13,1900-01-00 00:00:00,dlink-615_EXT,40:86:CB:27:D2:0C,-23, WPA2 ,0.000000,0.000000,0.000,0.000,AP
2026-05-06 17:38:13,1900-01-00 00:00:00,,9C:2F:9D:82:20:A3,-23,,0.000000,0.000000,0.000,0.000,Client
2026-05-06 17:38:13,1900-01-00 00:00:00,dlink-615_EXT,40:86:CB:27:D2:0C,-23, WPA2 ,0.000000,0.000000,0.000,0.000,AP
2026-05-06 17:38:13,1900-01-00 00:00:00,,9C:2F:9D:82:20:A3,-23,,0.000000,0.000000,0.000,0.000,Client
2026-05-06 17:38:13,1900-01-00 00:00:00,dlink-615_EXT,40:86:CB:27:D2:0C,-25, WPA2 ,0.000000,0.000000,0.000,0.000,AP
2026-05-06 17:38:13,1900-01-00 00:00:00,,9C:2F:9D:82:20:A3,-25,,0.000000,0.000000,0.000,0.000,Client
2026-05-06 17:38:13,1900-01-00 00:00:00,dlink-615_EXT,40:86:CB:27:D2:0C,-25, WPA2 ,0.000000,0.000000,0.000,0.000,AP
2026-05-06 17:38:13,1900-01-00 00:00:00,,9C:2F:9D:82:20:A3,-25,,0.000000,0.000000,0.000,0.000,Client
2026-05-06 17:38:13,1900-01-00 00:00:00,dlink-615_EXT,40:86:CB:27:D2:0C,-23, WPA2 ,0.000000,0.000000,0.000,0.000,AP
2026-05-06 17:38:13,1900-01-00 00:00:00,,9C:2F:9D:82:20:A3,-23,,0.000000,0.000000,0.000,0.000,Client
2026-05-06 17:38:13,1900-01-00 00:00:00,dlink-615_EXT,40:86:CB:27:D2:0C,-21, WPA2 ,0.000000,0.000000,0.000,0.000,AP
2026-05-06 17:38:13,1900-01-00 00:00:00,,9C:2F:9D:82:20:A3,-21,,0.000000,0.000000,0.000,0.000,Client
2026-05-06 17:38:13,1900-01-00 00:00:00,dlink-615_EXT,40:86:CB:27:D2:0C,-23, WPA2 ,0.000000,0.000000,0.000,0.000,AP
2026-05-06 17:38:13,1900-01-00 00:00:00,,9C:2F:9D:82:20:A3,-23,,0.000000,0.000000,0.000,0.000,Client
2026-05-06 17:38:13,1900-01-00 00:00:00,dlink-615_EXT,40:86:CB:27:D2:0C,-23, WPA2 ,0.000000,0.000000,0.000,0.000,AP
2026-05-06 17:38:13,1900-01-00 00:00:00,,9C:2F:9D:82:20:A3,-23,,0.000000,0.000000,0.000,0.000,Client
2026-05-06 17:38:13,1900-01-00 00:00:00,dlink-615_EXT,40:86:CB:27:D2:0C,-23, WPA2 ,0.000000,0.000000,0.000,0.000,AP
2026-05-06 17:38:13,1900-01-00 00:00:00,,9C:2F:9D:82:20:A3,-23,,0.000000,0.000000,0.000,0.000,Client
2026-05-06 17:38:13,1900-01-00 00:00:00,dlink-615_EXT,40:86:CB:27:D2:0C,-23, WPA2 ,0.000000,0.000000,0.000,0.000,AP
2026-05-06 17:38:13,1900-01-00 00:00:00,,9C:2F:9D:82:20:A3,-23,,0.000000,0.000000,0.000,0.000,Client
2026-05-06 17:38:13,1900-01-00 00:00:00,dlink-615_EXT,40:86:CB:27:D2:0C,-25, WPA2 ,0.000000,0.000000,0.000,0.000,AP
2026-05-06 17:38:13,1900-01-00 00:00:00,,9C:2F:9D:82:20:A3,-25,,0.000000,0.000000,0.000,0.000,Client
2026-05-06 17:38:13,1900-01-00 00:00:00,dlink-615_EXT,40:86:CB:27:D2:0C,-23, WPA2 ,0.000000,0.000000,0.000,0.000,AP
2026-05-06 17:38:13,1900-01-00 00:00:00,,9C:2F:9D:82:20:A3,-23,,0.000000,0.000000,0.000,0.000,Client
2026-05-06 17:38:13,1900-01-00 00:00:00,dlink-615_EXT,40:86:CB:27:D2:0C,-23, WPA2 ,0.000000,0.000000,0.000,0.000,AP
2026-05-06 17:38:13,1900-01-00 00:00:00,,9C:2F:9D:82:20:A3,-23,,0.000000,0.000000,0.000,0.000,Client
2026-05-06 17:38:13,1900-01-00 00:00:00,dlink-615_EXT,40:86:CB:27:D2:0C,-25, WPA2 ,0.000000,0.000000,0.000,0.000,AP
2026-05-06 17:38:13,1900-01-00 00:00:00,,9C:2F:9D:82:20:A3,-25,,0.000000,0.000000,0.000,0.000,Client
2026-05-06 17:38:13,1900-01-00 00:00:00,dlink-615_EXT,40:86:CB:27:D2:0C,-23, WPA2 ,0.000000,0.000000,0.000,0.000,AP
2026-05-06 17:38:13,1900-01-00 00:00:00,,9C:2F:9D:82:20:A3,-23,,0.000000,0.000000,0.000,0.000,Client
2026-05-06 17:38:13,1900-01-00 00:00:00,dlink-615_EXT,40:86:CB:27:D2:0C,-23, WPA2 ,0.000000,0.000000,0.000,0.000,AP
2026-05-06 17:38:13,1900-01-00 00:00:00,,9C:2F:9D:82:20:A3,-33,,0.000000,0.000000,0.000,0.000,Client
2026-05-06 17:38:13,1900-01-00 00:00:00,dlink-615_EXT,40:86:CB:27:D2:0C,-25, WPA2 ,0.000000,0.000000,0.000,0.000,AP
2026-05-06 17:38:13,1900-01-00 00:00:00,,9C:2F:9D:82:20:A3,-25,,0.000000,0.000000,0.000,0.000,Client
2026-05-06 17:38:13,1900-01-00 00:00:00,dlink-615_EXT,40:86:CB:27:D2:0C,-37, WPA2 ,0.000000,0.000000,0.000,0.000,AP
2026-05-06 17:38:13,1900-01-00 00:00:00,,9C:2F:9D:82:20:A3,-25,,0.000000,0.000000,0.000,0.000,Client
2026-05-06 17:38:13,1900-01-00 00:00:00,dlink-615_EXT,40:86:CB:27:D2:0C,-25, WPA2 ,0.000000,0.000000,0.000,0.000,AP
2026-05-06 17:38:13,1900-01-00 00:00:00,,9C:2F:9D:82:20:A3,-25,,0.000000,0.000000,0.000,0.000,Client
2026-05-06 17:38:13,1900-01-00 00:00:00,dlink-615_EXT,40:86:CB:27:D2:0C,-23, WPA2 ,0.000000,0.000000,0.000,0.000,AP
2026-05-06 17:38:13,1900-01-00 00:00:00,,9C:2F:9D:82:20:A3,-23,,0.000000,0.000000,0.000,0.000,Client
2026-05-06 17:38:13,1900-01-00 00:00:00,dlink-615_EXT,40:86:CB:27:D2:0C,-23, WPA2 ,0.000000,0.000000,0.000,0.000,AP
2026-05-06 17:38:13,1900-01-00 00:00:00,,9C:2F:9D:82:20:A3,-23,,0.000000,0.000000,0.000,0.000,Client
2026-05-06 17:38:13,1900-01-00 00:00:00,dlink-615_EXT,40:86:CB:27:D2:0C,-21, WPA2 ,0.000000,0.000000,0.000,0.000,AP
2026-05-06 17:38:13,1900-01-00 00:00:00,,9C:2F:9D:82:20:A3,-21,,0.000000,0.000000,0.000,0.000,Client
2026-05-06 17:38:13,1900-01-00 00:00:00,dlink-615_EXT,40:86:CB:27:D2:0C,-25, WPA2 ,0.000000,0.000000,0.000,0.000,AP
2026-05-06 17:38:13,1900-01-00 00:00:00,,9C:2F:9D:82:20:A3,-25,,0.000000,0.000000,0.000,0.000,Client
2026-05-06 17:38:13,1900-01-00 00:00:00,dlink-615_EXT,40:86:CB:27:D2:0C,-23, WPA2 ,0.000000,0.000000,0.000,0.000,AP
2026-05-06 17:38:13,1900-01-00 00:00:00,,9C:2F:9D:82:20:A3,-29,,0.000000,0.000000,0.000,0.000,Client
2026-05-06 17:38:13,1900-01-00 00:00:00,dlink-615_EXT,40:86:CB:27:D2:0C,-25, WPA2 ,0.000000,0.000000,0.000,0.000,AP
2026-05-06 17:38:13,1900-01-00 00:00:00,,9C:2F:9D:82:20:A3,-29,,0.000000,0.000000,0.000,0.000,Client
2026-05-06 17:38:13,1900-01-00 00:00:00,dlink-615_EXT,40:86:CB:27:D2:0C,-29, WPA2 ,0.000000,0.000000,0.000,0.000,AP
2026-05-06 17:38:13,1900-01-00 00:00:00,,9C:2F:9D:82:20:A3,-25,,0.000000,0.000000,0.000,0.000,Client
2026-05-06 17:38:13,1900-01-00 00:00:00,dlink-615_EXT,40:86:CB:27:D2:0C,-25, WPA2 ,0.000000,0.000000,0.000,0.000,AP
2026-05-06 17:38:13,1900-01-00 00:00:00,dlink-615_EXT,40:86:CB:27:D2:0C,-29, WPA2 ,0.000000,0.000000,0.000,0.000,AP
2026-05-06 17:38:13,1900-01-00 00:00:00,dlink-615_EXT,40:86:CB:27:D2:0C,-25, WPA2 ,0.000000,0.000000,0.000,0.000,AP
2026-05-06 17:38:13,1900-01-00 00:00:00,,9C:2F:9D:82:20:A3,-31,,0.000000,0.000000,0.000,0.000,Client
2026-05-06 17:38:13,1900-01-00 00:00:00,dlink-615_EXT,40:86:CB:27:D2:0C,-23, WPA2 ,0.000000,0.000000,0.000,0.000,AP
2026-05-06 17:38:13,1900-01-00 00:00:00,,9C:2F:9D:82:20:A3,-23,,0.000000,0.000000,0.000,0.000,Client
2026-05-06 17:38:13,1900-01-00 00:00:00,dlink-615_EXT,40:86:CB:27:D2:0C,-23, WPA2 ,0.000000,0.000000,0.000,0.000,AP
2026-05-06 17:38:13,1900-01-00 00:00:00,,9C:2F:9D:82:20:A3,-31,,0.000000,0.000000,0.000,0.000,Client
2026-05-06 17:38:13,1900-01-00 00:00:00,dlink-615_EXT,40:86:CB:27:D2:0C,-23, WPA2 ,0.000000,0.000000,0.000,0.000,AP
2026-05-06 17:38:13,1900-01-00 00:00:00,,9C:2F:9D:82:20:A3,-31,,0.000000,0.000000,0.000,0.000,Client
2026-05-06 17:38:13,1900-01-00 00:00:00,dlink-615_EXT,40:86:CB:27:D2:0C,-23, WPA2 ,0.000000,0.000000,0.000,0.000,AP
2026-05-06 17:38:13,1900-01-00 00:00:00,,9C:2F:9D:82:20:A3,-23,,0.000000,0.000000,0.000,0.000,Client
2026-05-06 17:38:13,1900-01-00 00:00:00,dlink-615_EXT,40:86:CB:27:D2:0C,-25, WPA2 ,0.000000,0.000000,0.000,0.000,AP
2026-05-06 17:38:13,1900-01-00 00:00:00,,9C:2F:9D:82:20:A3,-25,,0.000000,0.000000,0.000,0.000,Client
2026-05-06 17:38:13,1900-01-00 00:00:00,dlink-615_EXT,40:86:CB:27:D2:0C,-21, WPA2 ,0.000000,0.000000,0.000,0.000,AP
2026-05-06 17:38:13,1900-01-00 00:00:00,,9C:2F:9D:82:20:A3,-29,,0.000000,0.000000,0.000,0.000,Client
2026-05-06 17:38:13,1900-01-00 00:00:00,dlink-615_EXT,40:86:CB:27:D2:0C,-23, WPA2 ,0.000000,0.000000,0.000,0.000,AP
2026-05-06 17:38:13,1900-01-00 00:00:00,,9C:2F:9D:82:20:A3,-23,,0.000000,0.000000,0.000,0.000,Client
2026-05-06 17:38:13,1900-01-00 00:00:00,dlink-615_EXT,40:86:CB:27:D2:0C,-23, WPA2 ,0.000000,0.000000,0.000,0.000,AP
2026-05-06 17:38:13,1900-01-00 00:00:00,,9C:2F:9D:82:20:A3,-23,,0.000000,0.000000,0.000,0.000,Client
2026-05-06 17:38:13,1900-01-00 00:00:00,dlink-615_EXT,40:86:CB:27:D2:0C,-23, WPA2 ,0.000000,0.000000,0.000,0.000,AP
2026-05-06 17:38:13,1900-01-00 00:00:00,,9C:2F:9D:82:20:A3,-23,,0.000000,0.000000,0.000,0.000,Client
2026-05-06 17:38:13,1900-01-00 00:00:00,dlink-615_EXT,40:86:CB:27:D2:0C,-23, WPA2 ,0.000000,0.000000,0.000,0.000,AP
2026-05-06 17:38:13,1900-01-00 00:00:00,,9C:2F:9D:82:20:A3,-29,,0.000000,0.000000,0.000,0.000,Client
2026-05-06 17:38:13,1900-01-00 00:00:00,dlink-615_EXT,40:86:CB:27:D2:0C,-21, WPA2 ,0.000000,0.000000,0.000,0.000,AP
2026-05-06 17:38:13,1900-01-00 00:00:00,,9C:2F:9D:82:20:A3,-21,,0.000000,0.000000,0.000,0.000,Client
2026-05-06 17:38:13,1900-01-00 00:00:00,dlink-615_EXT,40:86:CB:27:D2:0C,-23, WPA2 ,0.000000,0.000000,0.000,0.000,AP
2026-05-06 17:38:13,1900-01-00 00:00:00,,9C:2F:9D:82:20:A3,-29,,0.000000,0.000000,0.000,0.000,Client
2026-05-06 17:38:13,1900-01-00 00:00:00,dlink-615_EXT,40:86:CB:27:D2:0C,-25, WPA2 ,0.000000,0.000000,0.000,0.000,AP
2026-05-06 17:38:13,1900-01-00 00:00:00,,9C:2F:9D:82:20:A3,-29,,0.000000,0.000000,0.000,0.000,Client
2026-05-06 17:38:13,1900-01-00 00:00:00,dlink-615_EXT,40:86:CB:27:D2:0C,-23, WPA2 ,0.000000,0.000000,0.000,0.000,AP
2026-05-06 17:38:13,1900-01-00 00:00:00,,9C:2F:9D:82:20:A3,-29,,0.000000,0.000000,0.000,0.000,Client
2026-05-06 17:38:13,1900-01-00 00:00:00,dlink-615_EXT,40:86:CB:27:D2:0C,-25, WPA2 ,0.000000,0.000000,0.000,0.000,AP
2026-05-06 17:38:13,1900-01-00 00:00:00,,9C:2F:9D:82:20:A3,-29,,0.000000,0.000000,0.000,0.000,Client
2026-05-06 17:38:13,1900-01-00 00:00:00,dlink-615_EXT,40:86:CB:27:D2:0C,-25, WPA2 ,0.000000,0.000000,0.000,0.000,AP
2026-05-06 17:38:13,1900-01-00 00:00:00,dlink-615_EXT,40:86:CB:27:D2:0C,-25, WPA2 ,0.000000,0.000000,0.000,0.000,AP
2026-05-06 17:38:13,1900-01-00 00:00:00,,9C:2F:9D:82:20:A3,-31,,0.000000,0.000000,0.000,0.000,Client
2026-05-06 17:38:13,1900-01-00 00:00:00,dlink-615_EXT,40:86:CB:27:D2:0C,-23, WPA2 ,0.000000,0.000000,0.000,0.000,AP
2026-05-06 17:38:13,1900-01-00 00:00:00,,9C:2F:9D:82:20:A3,-23,,0.000000,0.000000,0.000,0.000,Client
2026-05-06 17:38:13,1900-01-00 00:00:00,dlink-615_EXT,40:86:CB:27:D2:0C,-25, WPA2 ,0.000000,0.000000,0.000,0.000,AP
2026-05-06 17:38:13,1900-01-00 00:00:00,,9C:2F:9D:82:20:A3,-31,,0.000000,0.000000,0.000,0.000,Client
2026-05-06 17:38:13,1900-01-00 00:00:00,dlink-615_EXT,40:86:CB:27:D2:0C,-23, WPA2 ,0.000000,0.000000,0.000,0.000,AP
2026-05-06 17:38:13,1900-01-00 00:00:00,,9C:2F:9D:82:20:A3,-23,,0.000000,0.000000,0.000,0.000,Client
2026-05-06 17:38:13,1900-01-00 00:00:00,dlink-615_EXT,40:86:CB:27:D2:0C,-25, WPA2 ,0.000000,0.000000,0.000,0.000,AP
2026-05-06 17:38:13,1900-01-00 00:00:00,,9C:2F:9D:82:20:A3,-25,,0.000000,0.000000,0.000,0.000,Client
2026-05-06 17:38:13,1900-01-00 00:00:00,dlink-615_EXT,40:86:CB:27:D2:0C,-25, WPA2 ,0.000000,0.000000,0.000,0.000,AP
2026-05-06 17:38:13,1900-01-00 00:00:00,,9C:2F:9D:82:20:A3,-25,,0.000000,0.000000,0.000,0.000,Client
2026-05-06 17:38:13,1900-01-00 00:00:00,dlink-615_EXT,40:86:CB:27:D2:0C,-23, WPA2 ,0.000000,0.000000,0.000,0.000,AP
2026-05-06 17:38:13,1900-01-00 00:00:00,,9C:2F:9D:82:20:A3,-23,,0.000000,0.000000,0.000,0.000,Client
2026-05-06 17:38:13,1900-01-00 00:00:00,dlink-615_EXT,40:86:CB:27:D2:0C,-25, WPA2 ,0.000000,0.000000,0.000,0.000,AP
2026-05-06 17:38:13,1900-01-00 00:00:00,,9C:2F:9D:82:20:A3,-25,,0.000000,0.000000,0.000,0.000,Client
2026-05-06 17:38:13,1900-01-00 00:00:00,dlink-615_EXT,40:86:CB:27:D2:0C,-23, WPA2 ,0.000000,0.000000,0.000,0.000,AP
2026-05-06 17:38:13,1900-01-00 00:00:00,,9C:2F:9D:82:20:A3,-23,,0.000000,0.000000,0.000,0.000,Client
2026-05-06 17:38:13,1900-01-00 00:00:00,,9C:2F:9D:82:20:A3,-33,,0.000000,0.000000,0.000,0.000,Client
2026-05-06 17:38:13,1900-01-00 00:00:00,dlink-615_EXT,40:86:CB:27:D2:0C,-23, WPA2 ,0.000000,0.000000,0.000,0.000,AP
2026-05-06 17:38:13,1900-01-00 00:00:00,dlink-615_EXT,40:86:CB:27:D2:0C,-25, WPA2 ,0.000000,0.000000,0.000,0.000,AP
2026-05-06 17:38:13,1900-01-00 00:00:00,dlink-615_EXT,40:86:CB:27:D2:0C,-21, WPA2 ,0.000000,0.000000,0.000,0.000,AP
2026-05-06 17:38:13,1900-01-00 00:00:00,,9C:2F:9D:82:20:A3,-33,,0.000000,0.000000,0.000,0.000,Client
2026-05-06 17:38:13,1900-01-00 00:00:00,dlink-615_EXT,40:86:CB:27:D2:0C,-25, WPA2 ,0.000000,0.000000,0.000,0.000,AP
2026-05-06 17:38:13,1900-01-00 00:00:00,,9C:2F:9D:82:20:A3,-33,,0.000000,0.000000,0.000,0.000,Client
2026-05-06 17:38:13,1900-01-00 00:00:00,,9C:2F:9D:82:20:A3,-33,,0.000000,0.000000,0.000,0.000,Client
2026-05-06 17:38:13,1900-01-00 00:00:00,dlink-615_EXT,40:86:CB:27:D2:0C,-21, WPA2 ,0.000000,0.000000,0.000,0.000,AP
2026-05-06 17:38:13,1900-01-00 00:00:00,dlink-615_EXT,40:86:CB:27:D2:0C,-25, WPA2 ,0.000000,0.000000,0.000,0.000,AP
2026-05-06 17:38:13,1900-01-00 00:00:00,,D2:6F:12:2F:DE:3D,-23,,0.000000,0.000000,0.000,0.000,Client
2026-05-06 17:38:13,1900-01-00 00:00:00,,9C:2F:9D:82:20:A3,-33,,0.000000,0.000000,0.000,0.000,Client
2026-05-06 17:38:13,1900-01-00 00:00:00,,9C:2F:9D:82:20:A3,-33,,0.000000,0.000000,0.000,0.000,Client
2026-05-06 17:38:13,1900-01-00 00:00:00,dlink-615_EXT,40:86:CB:27:D2:0C,-25, WPA2 ,0.000000,0.000000,0.000,0.000,AP
2026-05-06 17:38:13,1900-01-00 00:00:00,,9C:2F:9D:82:20:A3,-25,,0.000000,0.000000,0.000,0.000,Client
2026-05-06 17:38:13,1900-01-00 00:00:00,dlink-615_EXT,40:86:CB:27:D2:0C,-25, WPA2 ,0.000000,0.000000,0.000,0.000,AP
2026-05-06 17:38:13,1900-01-00 00:00:00,,9C:2F:9D:82:20:A3,-59,,0.000000,0.000000,0.000,0.000,Client
2026-05-06 17:38:13,1900-01-00 00:00:00,dlink-615_EXT,40:86:CB:27:D2:0C,-23, WPA2 ,0.000000,0.000000,0.000,0.000,AP
2026-05-06 17:38:13,1900-01-00 00:00:00,,9C:2F:9D:82:20:A3,-33,,0.000000,0.000000,0.000,0.000,Client
2026-05-06 17:38:13,1900-01-00 00:00:00,dlink-615_EXT,40:86:CB:27:D2:0C,-25, WPA2 ,0.000000,0.000000,0.000,0.000,AP
2026-05-06 17:38:13,1900-01-00 00:00:00,,9C:2F:9D:82:20:A3,-25,,0.000000,0.000000,0.000,0.000,Client
2026-05-06 17:38:13,1900-01-00 00:00:00,dlink-615_EXT,40:86:CB:27:D2:0C,-25, WPA2 ,0.000000,0.000000,0.000,0.000,AP
2026-05-06 17:38:13,1900-01-00 00:00:00,,9C:2F:9D:82:20:A3,-33,,0.000000,0.000000,0.000,0.000,Client
2026-05-06 17:38:13,1900-01-00 00:00:00,dlink-615_EXT,40:86:CB:27:D2:0C,-33, WPA2 ,0.000000,0.000000,0.000,0.000,AP
2026-05-06 17:38:13,1900-01-00 00:00:00,,9C:2F:9D:82:20:A3,-33,,0.000000,0.000000,0.000,0.000,Client
2026-05-06 17:38:13,1900-01-00 00:00:00,dlink-615_EXT,40:86:CB:27:D2:0C,-23, WPA2 ,0.000000,0.000000,0.000,0.000,AP
2026-05-06 17:38:13,1900-01-00 00:00:00,,D2:6F:12:2F:DE:3D,-22,,0.000000,0.000000,0.000,0.000,Client
2026-05-06 17:38:13,1900-01-00 00:00:00,,9C:2F:9D:82:20:A3,-33,,0.000000,0.000000,0.000,0.000,Client
2026-05-06 17:38:13,1900-01-00 00:00:00,dlink-615_EXT,40:86:CB:27:D2:0C,-25, WPA2 ,0.000000,0.000000,0.000,0.000,AP
2026-05-06 17:38:13,1900-01-00 00:00:00,,9C:2F:9D:82:20:A3,-33,,0.000000,0.000000,0.000,0.000,Client
2026-05-06 17:38:13,1900-01-00 00:00:00,dlink-615_EXT,40:86:CB:27:D2:0C,-21, WPA2 ,0.000000,0.000000,0.000,0.000,AP
2026-05-06 17:38:13,1900-01-00 00:00:00,,9C:2F:9D:82:20:A3,-21,,0.000000,0.000000,0.000,0.000,Client
2026-05-06 17:38:13,1900-01-00 00:00:00,dlink-615_EXT,40:86:CB:27:D2:0C,-25, WPA2 ,0.000000,0.000000,0.000,0.000,AP
2026-05-06 17:38:13,1900-01-00 00:00:00,,9C:2F:9D:82:20:A3,-25,,0.000000,0.000000,0.000,0.000,Client
2026-05-06 17:38:13,1900-01-00 00:00:00,dlink-615_EXT,40:86:CB:27:D2:0C,-23, WPA2 ,0.000000,0.000000,0.000,0.000,AP
2026-05-06 17:38:13,1900-01-00 00:00:00,,9C:2F:9D:82:20:A3,-23,,0.000000,0.000000,0.000,0.000,Client
2026-05-06 17:38:13,1900-01-00 00:00:00,dlink-615_EXT,40:86:CB:27:D2:0C,-21, WPA2 ,0.000000,0.000000,0.000,0.000,AP
2026-05-06 17:38:13,1900-01-00 00:00:00,,9C:2F:9D:82:20:A3,-21,,0.000000,0.000000,0.000,0.000,Client
2026-05-06 17:38:13,1900-01-00 00:00:00,dlink-615_EXT,40:86:CB:27:D2:0C,-25, WPA2 ,0.000000,0.000000,0.000,0.000,AP
2026-05-06 17:38:13,1900-01-00 00:00:00,,9C:2F:9D:82:20:A3,-25,,0.000000,0.000000,0.000,0.000,Client
2026-05-06 17:38:13,1900-01-00 00:00:00,dlink-615_EXT,40:86:CB:27:D2:0C,-25, WPA2 ,0.000000,0.000000,0.000,0.000,AP
2026-05-06 17:38:13,1900-01-00 00:00:00,dlink-615_EXT,40:86:CB:27:D2:0C,-25, WPA2 ,0.000000,0.000000,0.000,0.000,AP
2026-05-06 17:38:13,1900-01-00 00:00:00,,9C:2F:9D:82:20:A3,-25,,0.000000,0.000000,0.000,0.000,Client
2026-05-06 17:38:13,1900-01-00 00:00:00,dlink-615_EXT,40:86:CB:27:D2:0C,-23, WPA2 ,0.000000,0.000000,0.000,0.000,AP
2026-05-06 17:38:13,1900-01-00 00:00:00,,9C:2F:9D:82:20:A3,-23,,0.000000,0.000000,0.000,0.000,Client
2026-05-06 17:38:13,1900-01-00 00:00:00,dlink-615_EXT,40:86:CB:27:D2:0C,-25, WPA2 ,0.000000,0.000000,0.000,0.000,AP
2026-05-06 17:38:13,1900-01-00 00:00:00,,9C:2F:9D:82:20:A3,-25,,0.000000,0.000000,0.000,0.000,Client
2026-05-06 17:38:13,1900-01-00 00:00:00,dlink-615_EXT,40:86:CB:27:D2:0C,-25, WPA2 ,0.000000,0.000000,0.000,0.000,AP
2026-05-06 17:38:13,1900-01-00 00:00:00,,9C:2F:9D:82:20:A3,-25,,0.000000,0.000000,0.000,0.000,Client
2026-05-06 17:38:13,1900-01-00 00:00:00,dlink-615_EXT,40:86:CB:27:D2:0C,-25, WPA2 ,0.000000,0.000000,0.000,0.000,AP
2026-05-06 17:38:13,1900-01-00 00:00:00,,9C:2F:9D:82:20:A3,-23,,0.000000,0.000000,0.000,0.000,Client
2026-05-06 17:38:13,1900-01-00 00:00:00,dlink-615_EXT,40:86:CB:27:D2:0C,-25, WPA2 ,0.000000,0.000000,0.000,0.000,AP
2026-05-06 17:38:13,1900-01-00 00:00:00,,9C:2F:9D:82:20:A3,-25,,0.000000,0.000000,0.000,0.000,Client
2026-05-06 17:38:13,1900-01-00 00:00:00,dlink-615_EXT,40:86:CB:27:D2:0C,-25, WPA2 ,0.000000,0.000000,0.000,0.000,AP
2026-05-06 17:38:13,1900-01-00 00:00:00,,9C:2F:9D:82:20:A3,-61,,0.000000,0.000000,0.000,0.000,Client
2026-05-06 17:38:13,1900-01-00 00:00:00,dlink-615_EXT,40:86:CB:27:D2:0C,-25, WPA2 ,0.000000,0.000000,0.000,0.000,AP
2026-05-06 17:38:13,1900-01-00 00:00:00,,9C:2F:9D:82:20:A3,-25,,0.000000,0.000000,0.000,0.000,Client
2026-05-06 17:38:13,1900-01-00 00:00:00,dlink-615_EXT,40:86:CB:27:D2:0C,-25, WPA2 ,0.000000,0.000000,0.000,0.000,AP
2026-05-06 17:38:13,1900-01-00 00:00:00,,9C:2F:9D:82:20:A3,-25,,0.000000,0.000000,0.000,0.000,Client
2026-05-06 17:38:13,1900-01-00 00:00:00,,9C:2F:9D:82:20:A3,-29,,0.000000,0.000000,0.000,0.000,Client
2026-05-06 17:38:13,1900-01-00 00:00:00,dlink-615_EXT,40:86:CB:27:D2:0C,-23, WPA2 ,0.000000,0.000000,0.000,0.000,AP
2026-05-06 17:38:13,1900-01-00 00:00:00,dlink-615_EXT,40:86:CB:27:D2:0C,-29, WPA2 ,0.000000,0.000000,0.000,0.000,AP
2026-05-06 17:38:13,1900-01-00 00:00:00,,9C:2F:9D:82:20:A3,-29,,0.000000,0.000000,0.000,0.000,Client
2026-05-06 17:38:13,1900-01-00 00:00:00,,9C:2F:9D:82:20:A3,-29,,0.000000,0.000000,0.000,0.000,Client
2026-05-06 17:38:13,1900-01-00 00:00:00,dlink-615_EXT,40:86:CB:27:D2:0C,-23, WPA2 ,0.000000,0.000000,0.000,0.000,AP
2026-05-06 17:38:13,1900-01-00 00:00:00,dlink-615_EXT,40:86:CB:27:D2:0C,-31, WPA2 ,0.000000,0.000000,0.000,0.000,AP
2026-05-06 17:38:13,1900-01-00 00:00:00,dlink-615_EXT,40:86:CB:27:D2:0C,-23, WPA2 ,0.000000,0.000000,0.000,0.000,AP
2026-05-06 17:38:13,1900-01-00 00:00:00,,9C:2F:9D:82:20:A3,-29,,0.000000,0.000000,0.000,0.000,Client
2026-05-06 17:38:13,1900-01-00 00:00:00,dlink-615_EXT,40:86:CB:27:D2:0C,-25, WPA2 ,0.000000,0.000000,0.000,0.000,AP
2026-05-06 17:38:13,1900-01-00 00:00:00,,9C:2F:9D:82:20:A3,-29,,0.000000,0.000000,0.000,0.000,Client
2026-05-06 17:38:13,1900-01-00 00:00:00,dlink-615_EXT,40:86:CB:27:D2:0C,-25, WPA2 ,0.000000,0.000000,0.000,0.000,AP
2026-05-06 17:38:13,1900-01-00 00:00:00,,9C:2F:9D:82:20:A3,-25,,0.000000,0.000000,0.000,0.000,Client
2026-05-06 17:38:13,1900-01-00 00:00:00,dlink-615_EXT,40:86:CB:27:D2:0C,-25, WPA2 ,0.000000,0.000000,0.000,0.000,AP
2026-05-06 17:38:13,1900-01-00 00:00:00,,9C:2F:9D:82:20:A3,-25,,0.000000,0.000000,0.000,0.000,Client
2026-05-06 17:38:13,1900-01-00 00:00:00,dlink-615_EXT,40:86:CB:27:D2:0C,-23, WPA2 ,0.000000,0.000000,0.000,0.000,AP
2026-05-06 17:38:13,1900-01-00 00:00:00,,9C:2F:9D:82:20:A3,-23,,0.000000,0.000000,0.000,0.000,Client
2026-05-06 17:38:13,1900-01-00 00:00:00,dlink-615_EXT,40:86:CB:27:D2:0C,-23, WPA2 ,0.000000,0.000000,0.000,0.000,AP
2026-05-06 17:38:13,1900-01-00 00:00:00,,9C:2F:9D:82:20:A3,-23,,0.000000,0.000000,0.000,0.000,Client
2026-05-06 17:38:13,1900-01-00 00:00:00,dlink-615_EXT,40:86:CB:27:D2:0C,-25, WPA2 ,0.000000,0.000000,0.000,0.000,AP
2026-05-06 17:38:13,1900-01-00 00:00:00,,9C:2F:9D:82:20:A3,-25,,0.000000,0.000000,0.000,0.000,Client
2026-05-06 17:38:13,1900-01-00 00:00:00,dlink-615_EXT,40:86:CB:27:D2:0C,-25, WPA2 ,0.000000,0.000000,0.000,0.000,AP
2026-05-06 17:38:13,1900-01-00 00:00:00,,9C:2F:9D:82:20:A3,-25,,0.000000,0.000000,0.000,0.000,Client
2026-05-06 17:38:13,1900-01-00 00:00:00,dlink-615_EXT,40:86:CB:27:D2:0C,-25, WPA2 ,0.000000,0.000000,0.000,0.000,AP
2026-05-06 17:38:13,1900-01-00 00:00:00,dlink-615_EXT,40:86:CB:27:D2:0C,-25, WPA2 ,0.000000,0.000000,0.000,0.000,AP
2026-05-06 17:38:13,1900-01-00 00:00:00,,9C:2F:9D:82:20:A3,-25,,0.000000,0.000000,0.000,0.000,Client
2026-05-06 17:38:14,1900-01-00 00:00:00,dlink-615_EXT,40:86:CB:27:D2:0C,-23, WPA2 ,0.000000,0.000000,0.000,0.000,AP
2026-05-06 17:38:14,1900-01-00 00:00:00,,9C:2F:9D:82:20:A3,-23,,0.000000,0.000000,0.000,0.000,Client
2026-05-06 17:38:14,1900-01-00 00:00:00,dlink-615_EXT,40:86:CB:27:D2:0C,-25, WPA2 ,0.000000,0.000000,0.000,0.000,AP
2026-05-06 17:38:14,1900-01-00 00:00:00,,9C:2F:9D:82:20:A3,-25,,0.000000,0.000000,0.000,0.000,Client
2026-05-06 17:38:14,1900-01-00 00:00:00,dlink-615_EXT,40:86:CB:27:D2:0C,-25, WPA2 ,0.000000,0.000000,0.000,0.000,AP
2026-05-06 17:38:14,1900-01-00 00:00:00,,9C:2F:9D:82:20:A3,-25,,0.000000,0.000000,0.000,0.000,Client
2026-05-06 17:38:14,1900-01-00 00:00:00,dlink-615_EXT,40:86:CB:27:D2:0C,-23, WPA2 ,0.000000,0.000000,0.000,0.000,AP
2026-05-06 17:38:14,1900-01-00 00:00:00,,9C:2F:9D:82:20:A3,-23,,0.000000,0.000000,0.000,0.000,Client
2026-05-06 17:38:14,1900-01-00 00:00:00,dlink-615_EXT,40:86:CB:27:D2:0C,-25, WPA2 ,0.000000,0.000000,0.000,0.000,AP
2026-05-06 17:38:14,1900-01-00 00:00:00,,9C:2F:9D:82:20:A3,-25,,0.000000,0.000000,0.000,0.000,Client
2026-05-06 17:38:14,1900-01-00 00:00:00,dlink-615_EXT,40:86:CB:27:D2:0C,-25, WPA2 ,0.000000,0.000000,0.000,0.000,AP
2026-05-06 17:38:14,1900-01-00 00:00:00,,9C:2F:9D:82:20:A3,-59,,0.000000,0.000000,0.000,0.000,Client
2026-05-06 17:38:14,1900-01-00 00:00:00,dlink-615_EXT,40:86:CB:27:D2:0C,-21, WPA2 ,0.000000,0.000000,0.000,0.000,AP
2026-05-06 17:38:14,1900-01-00 00:00:00,,9C:2F:9D:82:20:A3,-21,,0.000000,0.000000,0.000,0.000,Client
2026-05-06 17:38:14,1900-01-00 00:00:00,dlink-615_EXT,40:86:CB:27:D2:0C,-25, WPA2 ,0.000000,0.000000,0.000,0.000,AP
2026-05-06 17:38:14,1900-01-00 00:00:00,,9C:2F:9D:82:20:A3,-25,,0.000000,0.000000,0.000,0.000,Client
2026-05-06 17:38:14,1900-01-00 00:00:00,dlink-615_EXT,40:86:CB:27:D2:0C,-23, WPA2 ,0.000000,0.000000,0.000,0.000,AP
2026-05-06 17:38:14,1900-01-00 00:00:00,,9C:2F:9D:82:20:A3,-23,,0.000000,0.000000,0.000,0.000,Client
2026-05-06 17:38:14,1900-01-00 00:00:00,dlink-615_EXT,40:86:CB:27:D2:0C,-25, WPA2 ,0.000000,0.000000,0.000,0.000,AP
2026-05-06 17:38:14,1900-01-00 00:00:00,,9C:2F:9D:82:20:A3,-25,,0.000000,0.000000,0.000,0.000,Client
2026-05-06 17:38:14,1900-01-00 00:00:00,dlink-615_EXT,40:86:CB:27:D2:0C,-23, WPA2 ,0.000000,0.000000,0.000,0.000,AP
2026-05-06 17:38:14,1900-01-00 00:00:00,,9C:2F:9D:82:20:A3,-23,,0.000000,0.000000,0.000,0.000,Client
2026-05-06 17:38:14,1900-01-00 00:00:00,dlink-615_EXT,40:86:CB:27:D2:0C,-25, WPA2 ,0.000000,0.000000,0.000,0.000,AP
2026-05-06 17:38:14,1900-01-00 00:00:00,,9C:2F:9D:82:20:A3,-25,,0.000000,0.000000,0.000,0.000,Client
2026-05-06 17:38:14,1900-01-00 00:00:00,dlink-615_EXT,40:86:CB:27:D2:0C,-23, WPA2 ,0.000000,0.000000,0.000,0.000,AP
2026-05-06 17:38:14,1900-01-00 00:00:00,,9C:2F:9D:82:20:A3,-23,,0.000000,0.000000,0.000,0.000,Client
2026-05-06 17:38:14,1900-01-00 00:00:00,dlink-615_EXT,40:86:CB:27:D2:0C,-23, WPA2 ,0.000000,0.000000,0.000,0.000,AP
2026-05-06 17:38:14,1900-01-00 00:00:00,,9C:2F:9D:82:20:A3,-25,,0.000000,0.000000,0.000,0.000,Client
2026-05-06 17:38:14,1900-01-00 00:00:00,dlink-615_EXT,40:86:CB:27:D2:0C,-25, WPA2 ,0.000000,0.000000,0.000,0.000,AP
2026-05-06 17:38:14,1900-01-00 00:00:00,,9C:2F:9D:82:20:A3,-25,,0.000000,0.000000,0.000,0.000,Client
2026-05-06 17:38:14,1900-01-00 00:00:00,dlink-615_EXT,40:86:CB:27:D2:0C,-23, WPA2 ,0.000000,0.000000,0.000,0.000,AP
2026-05-06 17:38:14,1900-01-00 00:00:00,,9C:2F:9D:82:20:A3,-23,,0.000000,0.000000,0.000,0.000,Client
2026-05-06 17:38:14,1900-01-00 00:00:00,dlink-615_EXT,40:86:CB:27:D2:0C,-21, WPA2 ,0.000000,0.000000,0.000,0.000,AP
2026-05-06 17:38:14,1900-01-00 00:00:00,dlink-615_EXT,40:86:CB:27:D2:0C,-21, WPA2 ,0.000000,0.000000,0.000,0.000,AP
2026-05-06 17:38:14,1900-01-00 00:00:00,,9C:2F:9D:82:20:A3,-25,,0.000000,0.000000,0.000,0.000,Client
2026-05-06 17:38:14,1900-01-00 00:00:00,dlink-615_EXT,40:86:CB:27:D2:0C,-25, WPA2 ,0.000000,0.000000,0.000,0.000,AP
2026-05-06 17:38:14,1900-01-00 00:00:00,,9C:2F:9D:82:20:A3,-25,,0.000000,0.000000,0.000,0.000,Client
2026-05-06 17:38:14,1900-01-00 00:00:00,dlink-615_EXT,40:86:CB:27:D2:0C,-25, WPA2 ,0.000000,0.000000,0.000,0.000,AP
2026-05-06 17:38:14,1900-01-00 00:00:00,,9C:2F:9D:82:20:A3,-25,,0.000000,0.000000,0.000,0.000,Client
2026-05-06 17:38:14,1900-01-00 00:00:00,dlink-615_EXT,40:86:CB:27:D2:0C,-25, WPA2 ,0.000000,0.000000,0.000,0.000,AP
2026-05-06 17:38:14,1900-01-00 00:00:00,,9C:2F:9D:82:20:A3,-25,,0.000000,0.000000,0.000,0.000,Client
2026-05-06 17:38:14,1900-01-00 00:00:00,dlink-615_EXT,40:86:CB:27:D2:0C,-25, WPA2 ,0.000000,0.000000,0.000,0.000,AP
2026-05-06 17:38:14,1900-01-00 00:00:00,,9C:2F:9D:82:20:A3,-25,,0.000000,0.000000,0.000,0.000,Client
2026-05-06 17:38:14,1900-01-00 00:00:00,dlink-615_EXT,40:86:CB:27:D2:0C,-25, WPA2 ,0.000000,0.000000,0.000,0.000,AP
2026-05-06 17:38:14,1900-01-00 00:00:00,,9C:2F:9D:82:20:A3,-25,,0.000000,0.000000,0.000,0.000,Client
2026-05-06 17:38:14,1900-01-00 00:00:00,dlink-615_EXT,40:86:CB:27:D2:0C,-25, WPA2 ,0.000000,0.000000,0.000,0.000,AP
2026-05-06 17:38:14,1900-01-00 00:00:00,,9C:2F:9D:82:20:A3,-25,,0.000000,0.000000,0.000,0.000,Client
2026-05-06 17:38:14,1900-01-00 00:00:00,dlink-615_EXT,40:86:CB:27:D2:0C,-25, WPA2 ,0.000000,0.000000,0.000,0.000,AP
2026-05-06 17:38:14,1900-01-00 00:00:00,,9C:2F:9D:82:20:A3,-25,,0.000000,0.000000,0.000,0.000,Client
2026-05-06 17:38:14,1900-01-00 00:00:00,dlink-615_EXT,40:86:CB:27:D2:0C,-25, WPA2 ,0.000000,0.000000,0.000,0.000,AP
2026-05-06 17:38:14,1900-01-00 00:00:00,,9C:2F:9D:82:20:A3,-25,,0.000000,0.000000,0.000,0.000,Client
2026-05-06 17:38:14,1900-01-00 00:00:00,dlink-615_EXT,40:86:CB:27:D2:0C,-25, WPA2 ,0.000000,0.000000,0.000,0.000,AP
2026-05-06 17:38:14,1900-01-00 00:00:00,,9C:2F:9D:82:20:A3,-25,,0.000000,0.000000,0.000,0.000,Client
2026-05-06 17:38:14,1900-01-00 00:00:00,dlink-615_EXT,40:86:CB:27:D2:0C,-25, WPA2 ,0.000000,0.000000,0.000,0.000,AP
2026-05-06 17:38:14,1900-01-00 00:00:00,,9C:2F:9D:82:20:A3,-25,,0.000000,0.000000,0.000,0.000,Client
2026-05-06 17:38:14,1900-01-00 00:00:00,dlink-615_EXT,40:86:CB:27:D2:0C,-25, WPA2 ,0.000000,0.000000,0.000,0.000,AP
2026-05-06 17:38:14,1900-01-00 00:00:00,,9C:2F:9D:82:20:A3,-25,,0.000000,0.000000,0.000,0.000,Client
2026-05-06 17:38:14,1900-01-00 00:00:00,dlink-615_EXT,40:86:CB:27:D2:0C,-25, WPA2 ,0.000000,0.000000,0.000,0.000,AP
2026-05-06 17:38:14,1900-01-00 00:00:00,,9C:2F:9D:82:20:A3,-25,,0.000000,0.000000,0.000,0.000,Client
2026-05-06 17:38:14,1900-01-00 00:00:00,dlink-615_EXT,40:86:CB:27:D2:0C,-23, WPA2 ,0.000000,0.000000,0.000,0.000,AP
2026-05-06 17:38:14,1900-01-00 00:00:00,,9C:2F:9D:82:20:A3,-23,,0.000000,0.000000,0.000,0.000,Client
2026-05-06 17:38:14,1900-01-00 00:00:00,dlink-615_EXT,40:86:CB:27:D2:0C,-25, WPA2 ,0.000000,0.000000,0.000,0.000,AP
2026-05-06 17:38:14,1900-01-00 00:00:00,,9C:2F:9D:82:20:A3,-25,,0.000000,0.000000,0.000,0.000,Client
2026-05-06 17:38:14,1900-01-00 00:00:00,dlink-615_EXT,40:86:CB:27:D2:0C,-23, WPA2 ,0.000000,0.000000,0.000,0.000,AP
2026-05-06 17:38:14,1900-01-00 00:00:00,,9C:2F:9D:82:20:A3,-23,,0.000000,0.000000,0.000,0.000,Client
2026-05-06 17:38:14,1900-01-00 00:00:00,dlink-615_EXT,40:86:CB:27:D2:0C,-25, WPA2 ,0.000000,0.000000,0.000,0.000,AP
2026-05-06 17:38:14,1900-01-00 00:00:00,dlink-615_EXT,40:86:CB:27:D2:0C,-25, WPA2 ,0.000000,0.000000,0.000,0.000,AP
2026-05-06 17:38:14,1900-01-00 00:00:00,dlink-615_EXT,40:86:CB:27:D2:0C,-25, WPA2 ,0.000000,0.000000,0.000,0.000,AP
2026-05-06 17:38:14,1900-01-00 00:00:00,,9C:2F:9D:82:20:A3,-25,,0.000000,0.000000,0.000,0.000,Client
2026-05-06 17:38:14,1900-01-00 00:00:00,dlink-615_EXT,40:86:CB:27:D2:0C,-23, WPA2 ,0.000000,0.000000,0.000,0.000,AP
2026-05-06 17:38:14,1900-01-00 00:00:00,,9C:2F:9D:82:20:A3,-23,,0.000000,0.000000,0.000,0.000,Client
2026-05-06 17:38:14,1900-01-00 00:00:00,dlink-615_EXT,40:86:CB:27:D2:0C,-23, WPA2 ,0.000000,0.000000,0.000,0.000,AP
2026-05-06 17:38:14,1900-01-00 00:00:00,,9C:2F:9D:82:20:A3,-23,,0.000000,0.000000,0.000,0.000,Client
2026-05-06 17:38:14,1900-01-00 00:00:00,dlink-615_EXT,40:86:CB:27:D2:0C,-25, WPA2 ,0.000000,0.000000,0.000,0.000,AP
2026-05-06 17:38:14,1900-01-00 00:00:00,,9C:2F:9D:82:20:A3,-25,,0.000000,0.000000,0.000,0.000,Client
2026-05-06 17:38:14,1900-01-00 00:00:00,dlink-615_EXT,40:86:CB:27:D2:0C,-23, WPA2 ,0.000000,0.000000,0.000,0.000,AP
2026-05-06 17:38:14,1900-01-00 00:00:00,,9C:2F:9D:82:20:A3,-23,,0.000000,0.000000,0.000,0.000,Client
2026-05-06 17:38:14,1900-01-00 00:00:00,dlink-615_EXT,40:86:CB:27:D2:0C,-23, WPA2 ,0.000000,0.000000,0.000,0.000,AP
2026-05-06 17:38:14,1900-01-00 00:00:00,dlink-615_EXT,40:86:CB:27:D2:0C,-25, WPA2 ,0.000000,0.000000,0.000,0.000,AP
2026-05-06 17:38:14,1900-01-00 00:00:00,,9C:2F:9D:82:20:A3,-25,,0.000000,0.000000,0.000,0.000,Client
2026-05-06 17:38:14,1900-01-00 00:00:00,dlink-615_EXT,40:86:CB:27:D2:0C,-23, WPA2 ,0.000000,0.000000,0.000,0.000,AP
2026-05-06 17:38:14,1900-01-00 00:00:00,,9C:2F:9D:82:20:A3,-23,,0.000000,0.000000,0.000,0.000,Client
2026-05-06 17:38:14,1900-01-00 00:00:00,dlink-615_EXT,40:86:CB:27:D2:0C,-23, WPA2 ,0.000000,0.000000,0.000,0.000,AP
2026-05-06 17:38:14,1900-01-00 00:00:00,,9C:2F:9D:82:20:A3,-23,,0.000000,0.000000,0.000,0.000,Client
2026-05-06 17:38:14,1900-01-00 00:00:00,dlink-615_EXT,40:86:CB:27:D2:0C,-23, WPA2 ,0.000000,0.000000,0.000,0.000,AP
2026-05-06 17:38:14,1900-01-00 00:00:00,,9C:2F:9D:82:20:A3,-23,,0.000000,0.000000,0.000,0.000,Client
2026-05-06 17:38:14,1900-01-00 00:00:00,dlink-615_EXT,40:86:CB:27:D2:0C,-23, WPA2 ,0.000000,0.000000,0.000,0.000,AP
2026-05-06 17:38:14,1900-01-00 00:00:00,,9C:2F:9D:82:20:A3,-23,,0.000000,0.000000,0.000,0.000,Client
2026-05-06 17:38:14,1900-01-00 00:00:00,dlink-615_EXT,40:86:CB:27:D2:0C,-23, WPA2 ,0.000000,0.000000,0.000,0.000,AP
2026-05-06 17:38:14,1900-01-00 00:00:00,,9C:2F:9D:82:20:A3,-23,,0.000000,0.000000,0.000,0.000,Client
2026-05-06 17:38:14,1900-01-00 00:00:00,dlink-615_EXT,40:86:CB:27:D2:0C,-21, WPA2 ,0.000000,0.000000,0.000,0.000,AP
2026-05-06 17:38:14,1900-01-00 00:00:00,,9C:2F:9D:82:20:A3,-21,,0.000000,0.000000,0.000,0.000,Client
2026-05-06 17:38:14,1900-01-00 00:00:00,dlink-615_EXT,40:86:CB:27:D2:0C,-23, WPA2 ,0.000000,0.000000,0.000,0.000,AP
2026-05-06 17:38:14,1900-01-00 00:00:00,,9C:2F:9D:82:20:A3,-23,,0.000000,0.000000,0.000,0.000,Client
2026-05-06 17:38:14,1900-01-00 00:00:00,dlink-615_EXT,40:86:CB:27:D2:0C,-23, WPA2 ,0.000000,0.000000,0.000,0.000,AP
2026-05-06 17:38:14,1900-01-00 00:00:00,,9C:2F:9D:82:20:A3,-23,,0.000000,0.000000,0.000,0.000,Client
2026-05-06 17:38:14,1900-01-00 00:00:00,dlink-615_EXT,40:86:CB:27:D2:0C,-21, WPA2 ,0.000000,0.000000,0.000,0.000,AP
2026-05-06 17:38:14,1900-01-00 00:00:00,,9C:2F:9D:82:20:A3,-21,,0.000000,0.000000,0.000,0.000,Client
2026-05-06 17:38:14,1900-01-00 00:00:00,dlink-615_EXT,40:86:CB:27:D2:0C,-21, WPA2 ,0.000000,0.000000,0.000,0.000,AP
2026-05-06 17:38:14,1900-01-00 00:00:00,,9C:2F:9D:82:20:A3,-21,,0.000000,0.000000,0.000,0.000,Client
2026-05-06 17:38:14,1900-01-00 00:00:00,dlink-615_EXT,40:86:CB:27:D2:0C,-23, WPA2 ,0.000000,0.000000,0.000,0.000,AP
2026-05-06 17:38:14,1900-01-00 00:00:00,,9C:2F:9D:82:20:A3,-23,,0.000000,0.000000,0.000,0.000,Client
2026-05-06 17:38:14,1900-01-00 00:00:00,dlink-615_EXT,40:86:CB:27:D2:0C,-23, WPA2 ,0.000000,0.000000,0.000,0.000,AP
2026-05-06 17:38:14,1900-01-00 00:00:00,,9C:2F:9D:82:20:A3,-23,,0.000000,0.000000,0.000,0.000,Client
2026-05-06 17:38:14,1900-01-00 00:00:00,dlink-615_EXT,40:86:CB:27:D2:0C,-23, WPA2 ,0.000000,0.000000,0.000,0.000,AP
2026-05-06 17:38:14,1900-01-00 00:00:00,,9C:2F:9D:82:20:A3,-23,,0.000000,0.000000,0.000,0.000,Client
2026-05-06 17:38:14,1900-01-00 00:00:00,dlink-615_EXT,40:86:CB:27:D2:0C,-23, WPA2 ,0.000000,0.000000,0.000,0.000,AP
2026-05-06 17:38:14,1900-01-00 00:00:00,,9C:2F:9D:82:20:A3,-23,,0.000000,0.000000,0.000,0.000,Client
2026-05-06 17:38:14,1900-01-00 00:00:00,dlink-615_EXT,40:86:CB:27:D2:0C,-23, WPA2 ,0.000000,0.000000,0.000,0.000,AP
2026-05-06 17:38:14,1900-01-00 00:00:00,,9C:2F:9D:82:20:A3,-23,,0.000000,0.000000,0.000,0.000,Client
2026-05-06 17:38:14,1900-01-00 00:00:00,dlink-615_EXT,40:86:CB:27:D2:0C,-25, WPA2 ,0.000000,0.000000,0.000,0.000,AP
2026-05-06 17:38:14,1900-01-00 00:00:00,,9C:2F:9D:82:20:A3,-25,,0.000000,0.000000,0.000,0.000,Client
2026-05-06 17:38:14,1900-01-00 00:00:00,dlink-615_EXT,40:86:CB:27:D2:0C,-23, WPA2 ,0.000000,0.000000,0.000,0.000,AP
2026-05-06 17:38:14,1900-01-00 00:00:00,dlink-615_EXT,40:86:CB:27:D2:0C,-23, WPA2 ,0.000000,0.000000,0.000,0.000,AP
2026-05-06 17:38:14,1900-01-00 00:00:00,,9C:2F:9D:82:20:A3,-23,,0.000000,0.000000,0.000,0.000,Client
2026-05-06 17:38:14,1900-01-00 00:00:00,dlink-615_EXT,40:86:CB:27:D2:0C,-21, WPA2 ,0.000000,0.000000,0.000,0.000,AP
2026-05-06 17:38:14,1900-01-00 00:00:00,,9C:2F:9D:82:20:A3,-21,,0.000000,0.000000,0.000,0.000,Client
2026-05-06 17:38:14,1900-01-00 00:00:00,dlink-615_EXT,40:86:CB:27:D2:0C,-23, WPA2 ,0.000000,0.000000,0.000,0.000,AP
2026-05-06 17:38:14,1900-01-00 00:00:00,,9C:2F:9D:82:20:A3,-23,,0.000000,0.000000,0.000,0.000,Client
2026-05-06 17:38:14,1900-01-00 00:00:00,dlink-615_EXT,40:86:CB:27:D2:0C,-21, WPA2 ,0.000000,0.000000,0.000,0.000,AP
2026-05-06 17:38:14,1900-01-00 00:00:00,,9C:2F:9D:82:20:A3,-21,,0.000000,0.000000,0.000,0.000,Client
2026-05-06 17:38:14,1900-01-00 00:00:00,dlink-615_EXT,40:86:CB:27:D2:0C,-23, WPA2 ,0.000000,0.000000,0.000,0.000,AP
2026-05-06 17:38:14,1900-01-00 00:00:00,,9C:2F:9D:82:20:A3,-23,,0.000000,0.000000,0.000,0.000,Client
2026-05-06 17:38:14,1900-01-00 00:00:00,dlink-615_EXT,40:86:CB:27:D2:0C,-21, WPA2 ,0.000000,0.000000,0.000,0.000,AP
2026-05-06 17:38:14,1900-01-00 00:00:00,,9C:2F:9D:82:20:A3,-21,,0.000000,0.000000,0.000,0.000,Client
2026-05-06 17:38:14,1900-01-00 00:00:00,dlink-615_EXT,40:86:CB:27:D2:0C,-23, WPA2 ,0.000000,0.000000,0.000,0.000,AP
2026-05-06 17:38:14,1900-01-00 00:00:00,,9C:2F:9D:82:20:A3,-23,,0.000000,0.000000,0.000,0.000,Client
2026-05-06 17:38:14,1900-01-00 00:00:00,dlink-615_EXT,40:86:CB:27:D2:0C,-23, WPA2 ,0.000000,0.000000,0.000,0.000,AP
2026-05-06 17:38:14,1900-01-00 00:00:00,,9C:2F:9D:82:20:A3,-23,,0.000000,0.000000,0.000,0.000,Client
2026-05-06 17:38:14,1900-01-00 00:00:00,dlink-615_EXT,40:86:CB:27:D2:0C,-25, WPA2 ,0.000000,0.000000,0.000,0.000,AP
2026-05-06 17:38:14,1900-01-00 00:00:00,,9C:2F:9D:82:20:A3,-25,,0.000000,0.000000,0.000,0.000,Client
2026-05-06 17:38:14,1900-01-00 00:00:00,dlink-615_EXT,40:86:CB:27:D2:0C,-23, WPA2 ,0.000000,0.000000,0.000,0.000,AP
2026-05-06 17:38:14,1900-01-00 00:00:00,,9C:2F:9D:82:20:A3,-23,,0.000000,0.000000,0.000,0.000,Client
2026-05-06 17:38:14,1900-01-00 00:00:00,dlink-615_EXT,40:86:CB:27:D2:0C,-25, WPA2 ,0.000000,0.000000,0.000,0.000,AP
2026-05-06 17:38:14,1900-01-00 00:00:00,,9C:2F:9D:82:20:A3,-25,,0.000000,0.000000,0.000,0.000,Client
2026-05-06 17:38:14,1900-01-00 00:00:00,dlink-615_EXT,40:86:CB:27:D2:0C,-21, WPA2 ,0.000000,0.000000,0.000,0.000,AP
2026-05-06 17:38:14,1900-01-00 00:00:00,,9C:2F:9D:82:20:A3,-21,,0.000000,0.000000,0.000,0.000,Client
2026-05-06 17:38:14,1900-01-00 00:00:00,dlink-615_EXT,40:86:CB:27:D2:0C,-23, WPA2 ,0.000000,0.000000,0.000,0.000,AP
2026-05-06 17:38:14,1900-01-00 00:00:00,,9C:2F:9D:82:20:A3,-23,,0.000000,0.000000,0.000,0.000,Client
2026-05-06 17:38:14,1900-01-00 00:00:00,dlink-615_EXT,40:86:CB:27:D2:0C,-21, WPA2 ,0.000000,0.000000,0.000,0.000,AP
2026-05-06 17:38:14,1900-01-00 00:00:00,,9C:2F:9D:82:20:A3,-21,,0.000000,0.000000,0.000,0.000,Client
2026-05-06 17:38:14,1900-01-00 00:00:00,dlink-615_EXT,40:86:CB:27:D2:0C,-21, WPA2 ,0.000000,0.000000,0.000,0.000,AP
2026-05-06 17:38:14,1900-01-00 00:00:00,,9C:2F:9D:82:20:A3,-21,,0.000000,0.000000,0.000,0.000,Client
2026-05-06 17:38:14,1900-01-00 00:00:00,dlink-615_EXT,40:86:CB:27:D2:0C,-23, WPA2 ,0.000000,0.000000,0.000,0.000,AP
2026-05-06 17:38:14,1900-01-00 00:00:00,,9C:2F:9D:82:20:A3,-23,,0.000000,0.000000,0.000,0.000,Client
2026-05-06 17:38:14,1900-01-00 00:00:00,dlink-615_EXT,40:86:CB:27:D2:0C,-21, WPA2 ,0.000000,0.000000,0.000,0.000,AP
2026-05-06 17:38:14,1900-01-00 00:00:00,,9C:2F:9D:82:20:A3,-21,,0.000000,0.000000,0.000,0.000,Client
2026-05-06 17:38:14,1900-01-00 00:00:00,dlink-615_EXT,40:86:CB:27:D2:0C,-25, WPA2 ,0.000000,0.000000,0.000,0.000,AP
2026-05-06 17:38:14,1900-01-00 00:00:00,dlink-615_EXT,40:86:CB:27:D2:0C,-31, WPA2 ,0.000000,0.000000,0.000,0.000,AP
2026-05-06 17:38:14,1900-01-00 00:00:00,,9C:2F:9D:82:20:A3,-31,,0.000000,0.000000,0.000,0.000,Client
2026-05-06 17:38:14,1900-01-00 00:00:00,dlink-615_EXT,40:86:CB:27:D2:0C,-31, WPA2 ,0.000000,0.000000,0.000,0.000,AP
2026-05-06 17:38:14,1900-01-00 00:00:00,,9C:2F:9D:82:20:A3,-23,,0.000000,0.000000,0.000,0.000,Client
2026-05-06 17:38:14,1900-01-00 00:00:00,dlink-615_EXT,40:86:CB:27:D2:0C,-23, WPA2 ,0.000000,0.000000,0.000,0.000,AP
2026-05-06 17:38:14,1900-01-00 00:00:00,,9C:2F:9D:82:20:A3,-23,,0.000000,0.000000,0.000,0.000,Client
2026-05-06 17:38:14,1900-01-00 00:00:00,dlink-615_EXT,40:86:CB:27:D2:0C,-23, WPA2 ,0.000000,0.000000,0.000,0.000,AP
2026-05-06 17:38:14,1900-01-00 00:00:00,,9C:2F:9D:82:20:A3,-23,,0.000000,0.000000,0.000,0.000,Client
2026-05-06 17:38:14,1900-01-00 00:00:00,dlink-615_EXT,40:86:CB:27:D2:0C,-23, WPA2 ,0.000000,0.000000,0.000,0.000,AP
2026-05-06 17:38:14,1900-01-00 00:00:00,,9C:2F:9D:82:20:A3,-23,,0.000000,0.000000,0.000,0.000,Client
2026-05-06 17:38:14,1900-01-00 00:00:00,dlink-615_EXT,40:86:CB:27:D2:0C,-23, WPA2 ,0.000000,0.000000,0.000,0.000,AP
2026-05-06 17:38:14,1900-01-00 00:00:00,,9C:2F:9D:82:20:A3,-23,,0.000000,0.000000,0.000,0.000,Client
2026-05-06 17:38:14,1900-01-00 00:00:00,dlink-615_EXT,40:86:CB:27:D2:0C,-23, WPA2 ,0.000000,0.000000,0.000,0.000,AP
2026-05-06 17:38:14,1900-01-00 00:00:00,,9C:2F:9D:82:20:A3,-23,,0.000000,0.000000,0.000,0.000,Client
2026-05-06 17:38:14,1900-01-00 00:00:00,dlink-615_EXT,40:86:CB:27:D2:0C,-23, WPA2 ,0.000000,0.000000,0.000,0.000,AP
2026-05-06 17:38:14,1900-01-00 00:00:00,,9C:2F:9D:82:20:A3,-23,,0.000000,0.000000,0.000,0.000,Client
2026-05-06 17:38:14,1900-01-00 00:00:00,dlink-615_EXT,40:86:CB:27:D2:0C,-23, WPA2 ,0.000000,0.000000,0.000,0.000,AP
2026-05-06 17:38:14,1900-01-00 00:00:00,,9C:2F:9D:82:20:A3,-31,,0.000000,0.000000,0.000,0.000,Client
2026-05-06 17:38:14,1900-01-00 00:00:00,dlink-615_EXT,40:86:CB:27:D2:0C,-23, WPA2 ,0.000000,0.000000,0.000,0.000,AP
2026-05-06 17:38:14,1900-01-00 00:00:00,,9C:2F:9D:82:20:A3,-31,,0.000000,0.000000,0.000,0.000,Client
2026-05-06 17:38:14,1900-01-00 00:00:00,dlink-615_EXT,40:86:CB:27:D2:0C,-23, WPA2 ,0.000000,0.000000,0.000,0.000,AP
2026-05-06 17:38:14,1900-01-00 00:00:00,,9C:2F:9D:82:20:A3,-31,,0.000000,0.000000,0.000,0.000,Client
2026-05-06 17:38:14,1900-01-00 00:00:00,dlink-615_EXT,40:86:CB:27:D2:0C,-25, WPA2 ,0.000000,0.000000,0.000,0.000,AP
2026-05-06 17:38:14,1900-01-00 00:00:00,,9C:2F:9D:82:20:A3,-31,,0.000000,0.000000,0.000,0.000,Client
2026-05-06 17:38:14,1900-01-00 00:00:00,dlink-615_EXT,40:86:CB:27:D2:0C,-23, WPA2 ,0.000000,0.000000,0.000,0.000,AP
2026-05-06 17:38:14,1900-01-00 00:00:00,,9C:2F:9D:82:20:A3,-31,,0.000000,0.000000,0.000,0.000,Client
2026-05-06 17:38:14,1900-01-00 00:00:00,dlink-615_EXT,40:86:CB:27:D2:0C,-23, WPA2 ,0.000000,0.000000,0.000,0.000,AP
2026-05-06 17:38:14,1900-01-00 00:00:00,,9C:2F:9D:82:20:A3,-23,,0.000000,0.000000,0.000,0.000,Client
2026-05-06 17:38:14,1900-01-00 00:00:00,dlink-615_EXT,40:86:CB:27:D2:0C,-23, WPA2 ,0.000000,0.000000,0.000,0.000,AP
2026-05-06 17:38:14,1900-01-00 00:00:00,,9C:2F:9D:82:20:A3,-29,,0.000000,0.000000,0.000,0.000,Client
2026-05-06 17:38:14,1900-01-00 00:00:00,dlink-615_EXT,40:86:CB:27:D2:0C,-23, WPA2 ,0.000000,0.000000,0.000,0.000,AP
2026-05-06 17:38:14,1900-01-00 00:00:00,,9C:2F:9D:82:20:A3,-23,,0.000000,0.000000,0.000,0.000,Client
2026-05-06 17:38:14,1900-01-00 00:00:00,dlink-615_EXT,40:86:CB:27:D2:0C,-23, WPA2 ,0.000000,0.000000,0.000,0.000,AP
2026-05-06 17:38:14,1900-01-00 00:00:00,,9C:2F:9D:82:20:A3,-31,,0.000000,0.000000,0.000,0.000,Client
2026-05-06 17:38:14,1900-01-00 00:00:00,dlink-615_EXT,40:86:CB:27:D2:0C,-23, WPA2 ,0.000000,0.000000,0.000,0.000,AP
2026-05-06 17:38:14,1900-01-00 00:00:00,,9C:2F:9D:82:20:A3,-23,,0.000000,0.000000,0.000,0.000,Client
2026-05-06 17:38:14,1900-01-00 00:00:00,dlink-615_EXT,40:86:CB:27:D2:0C,-25, WPA2 ,0.000000,0.000000,0.000,0.000,AP
2026-05-06 17:38:14,1900-01-00 00:00:00,,9C:2F:9D:82:20:A3,-31,,0.000000,0.000000,0.000,0.000,Client
2026-05-06 17:38:14,1900-01-00 00:00:00,dlink-615_EXT,40:86:CB:27:D2:0C,-23, WPA2 ,0.000000,0.000000,0.000,0.000,AP
2026-05-06 17:38:14,1900-01-00 00:00:00,,9C:2F:9D:82:20:A3,-23,,0.000000,0.000000,0.000,0.000,Client
2026-05-06 17:38:14,1900-01-00 00:00:00,dlink-615_EXT,40:86:CB:27:D2:0C,-23, WPA2 ,0.000000,0.000000,0.000,0.000,AP
2026-05-06 17:38:14,1900-01-00 00:00:00,dlink-615_EXT,40:86:CB:27:D2:0C,-31, WPA2 ,0.000000,0.000000,0.000,0.000,AP
2026-05-06 17:38:14,1900-01-00 00:00:00,,9C:2F:9D:82:20:A3,-27,,0.000000,0.000000,0.000,0.000,Client
2026-05-06 17:38:14,1900-01-00 00:00:00,dlink-615_EXT,40:86:CB:27:D2:0C,-25, WPA2 ,0.000000,0.000000,0.000,0.000,AP
2026-05-06 17:38:14,1900-01-00 00:00:00,,9C:2F:9D:82:20:A3,-31,,0.000000,0.000000,0.000,0.000,Client
2026-05-06 17:38:14,1900-01-00 00:00:00,dlink-615_EXT,40:86:CB:27:D2:0C,-21, WPA2 ,0.000000,0.000000,0.000,0.000,AP
2026-05-06 17:38:14,1900-01-00 00:00:00,,9C:2F:9D:82:20:A3,-31,,0.000000,0.000000,0.000,0.000,Client
2026-05-06 17:38:14,1900-01-00 00:00:00,dlink-615_EXT,40:86:CB:27:D2:0C,-23, WPA2 ,0.000000,0.000000,0.000,0.000,AP
2026-05-06 17:38:14,1900-01-00 00:00:00,,9C:2F:9D:82:20:A3,-31,,0.000000,0.000000,0.000,0.000,Client
2026-05-06 17:38:14,1900-01-00 00:00:00,dlink-615_EXT,40:86:CB:27:D2:0C,-23, WPA2 ,0.000000,0.000000,0.000,0.000,AP
2026-05-06 17:38:14,1900-01-00 00:00:00,,9C:2F:9D:82:20:A3,-59,,0.000000,0.000000,0.000,0.000,Client
2026-05-06 17:38:14,1900-01-00 00:00:00,dlink-615_EXT,40:86:CB:27:D2:0C,-23, WPA2 ,0.000000,0.000000,0.000,0.000,AP
2026-05-06 17:38:14,1900-01-00 00:00:00,dlink-615_EXT,40:86:CB:27:D2:0C,-23, WPA2 ,0.000000,0.000000,0.000,0.000,AP
2026-05-06 17:38:14,1900-01-00 00:00:00,dlink-615_EXT,40:86:CB:27:D2:0C,-23, WPA2 ,0.000000,0.000000,0.000,0.000,AP
2026-05-06 17:38:14,1900-01-00 00:00:00,dlink-615_EXT,40:86:CB:27:D2:0C,-21, WPA2 ,0.000000,0.000000,0.000,0.000,AP
2026-05-06 17:38:14,1900-01-00 00:00:00,dlink-615_EXT,40:86:CB:27:D2:0C,-21, WPA2 ,0.000000,0.000000,0.000,0.000,AP
2026-05-06 17:38:14,1900-01-00 00:00:00,,9C:2F:9D:82:20:A3,-21,,0.000000,0.000000,0.000,0.000,Client
2026-05-06 17:38:14,1900-01-00 00:00:00,dlink-615_EXT,40:86:CB:27:D2:0C,-25, WPA2 ,0.000000,0.000000,0.000,0.000,AP
2026-05-06 17:38:14,1900-01-00 00:00:00,,9C:2F:9D:82:20:A3,-31,,0.000000,0.000000,0.000,0.000,Client
2026-05-06 17:38:14,1900-01-00 00:00:00,dlink-615_EXT,40:86:CB:27:D2:0C,-23, WPA2 ,0.000000,0.000000,0.000,0.000,AP
2026-05-06 17:38:14,1900-01-00 00:00:00,,9C:2F:9D:82:20:A3,-23,,0.000000,0.000000,0.000,0.000,Client
2026-05-06 17:38:14,1900-01-00 00:00:00,dlink-615_EXT,40:86:CB:27:D2:0C,-25, WPA2 ,0.000000,0.000000,0.000,0.000,AP
2026-05-06 17:38:14,1900-01-00 00:00:00,,9C:2F:9D:82:20:A3,-57,,0.000000,0.000000,0.000,0.000,Client
2026-05-06 17:38:14,1900-01-00 00:00:00,dlink-615_EXT,40:86:CB:27:D2:0C,-23, WPA2 ,0.000000,0.000000,0.000,0.000,AP
2026-05-06 17:38:14,1900-01-00 00:00:00,,9C:2F:9D:82:20:A3,-23,,0.000000,0.000000,0.000,0.000,Client
2026-05-06 17:38:14,1900-01-00 00:00:00,dlink-615_EXT,40:86:CB:27:D2:0C,-23, WPA2 ,0.000000,0.000000,0.000,0.000,AP
2026-05-06 17:38:14,1900-01-00 00:00:00,,9C:2F:9D:82:20:A3,-23,,0.000000,0.000000,0.000,0.000,Client
2026-05-06 17:38:14,1900-01-00 00:00:00,dlink-615_EXT,40:86:CB:27:D2:0C,-23, WPA2 ,0.000000,0.000000,0.000,0.000,AP
2026-05-06 17:38:14,1900-01-00 00:00:00,,9C:2F:9D:82:20:A3,-23,,0.000000,0.000000,0.000,0.000,Client
2026-05-06 17:38:14,1900-01-00 00:00:00,dlink-615_EXT,40:86:CB:27:D2:0C,-21, WPA2 ,0.000000,0.000000,0.000,0.000,AP
2026-05-06 17:38:14,1900-01-00 00:00:00,,9C:2F:9D:82:20:A3,-21,,0.000000,0.000000,0.000,0.000,Client
2026-05-06 17:38:14,1900-01-00 00:00:00,dlink-615_EXT,40:86:CB:27:D2:0C,-23, WPA2 ,0.000000,0.000000,0.000,0.000,AP
2026-05-06 17:38:14,1900-01-00 00:00:00,,9C:2F:9D:82:20:A3,-23,,0.000000,0.000000,0.000,0.000,Client
2026-05-06 17:38:14,1900-01-00 00:00:00,dlink-615_EXT,40:86:CB:27:D2:0C,-23, WPA2 ,0.000000,0.000000,0.000,0.000,AP
2026-05-06 17:38:14,1900-01-00 00:00:00,,9C:2F:9D:82:20:A3,-23,,0.000000,0.000000,0.000,0.000,Client
2026-05-06 17:38:14,1900-01-00 00:00:00,dlink-615_EXT,40:86:CB:27:D2:0C,-23, WPA2 ,0.000000,0.000000,0.000,0.000,AP
2026-05-06 17:38:14,1900-01-00 00:00:00,,9C:2F:9D:82:20:A3,-23,,0.000000,0.000000,0.000,0.000,Client
2026-05-06 17:38:15,1900-01-00 00:00:00,dlink-615_EXT,40:86:CB:27:D2:0C,-23, WPA2 ,0.000000,0.000000,0.000,0.000,AP
2026-05-06 17:38:15,1900-01-00 00:00:00,,9C:2F:9D:82:20:A3,-23,,0.000000,0.000000,0.000,0.000,Client
2026-05-06 17:38:15,1900-01-00 00:00:00,dlink-615_EXT,40:86:CB:27:D2:0C,-21, WPA2 ,0.000000,0.000000,0.000,0.000,AP
2026-05-06 17:38:15,1900-01-00 00:00:00,,9C:2F:9D:82:20:A3,-21,,0.000000,0.000000,0.000,0.000,Client
2026-05-06 17:38:15,1900-01-00 00:00:00,dlink-615_EXT,40:86:CB:27:D2:0C,-23, WPA2 ,0.000000,0.000000,0.000,0.000,AP
2026-05-06 17:38:15,1900-01-00 00:00:00,,9C:2F:9D:82:20:A3,-23,,0.000000,0.000000,0.000,0.000,Client
2026-05-06 17:38:15,1900-01-00 00:00:00,dlink-615_EXT,40:86:CB:27:D2:0C,-23, WPA2 ,0.000000,0.000000,0.000,0.000,AP
2026-05-06 17:38:15,1900-01-00 00:00:00,dlink-615_EXT,40:86:CB:27:D2:0C,-23, WPA2 ,0.000000,0.000000,0.000,0.000,AP
2026-05-06 17:38:15,1900-01-00 00:00:00,,9C:2F:9D:82:20:A3,-21,,0.000000,0.000000,0.000,0.000,Client
2026-05-06 17:38:15,1900-01-00 00:00:00,dlink-615_EXT,40:86:CB:27:D2:0C,-23, WPA2 ,0.000000,0.000000,0.000,0.000,AP
2026-05-06 17:38:15,1900-01-00 00:00:00,,9C:2F:9D:82:20:A3,-23,,0.000000,0.000000,0.000,0.000,Client
2026-05-06 17:38:15,1900-01-00 00:00:00,dlink-615_EXT,40:86:CB:27:D2:0C,-23, WPA2 ,0.000000,0.000000,0.000,0.000,AP
2026-05-06 17:38:15,1900-01-00 00:00:00,,9C:2F:9D:82:20:A3,-23,,0.000000,0.000000,0.000,0.000,Client
2026-05-06 17:38:15,1900-01-00 00:00:00,dlink-615_EXT,40:86:CB:27:D2:0C,-23, WPA2 ,0.000000,0.000000,0.000,0.000,AP
2026-05-06 17:38:15,1900-01-00 00:00:00,,9C:2F:9D:82:20:A3,-23,,0.000000,0.000000,0.000,0.000,Client
2026-05-06 17:38:15,1900-01-00 00:00:00,dlink-615_EXT,40:86:CB:27:D2:0C,-25, WPA2 ,0.000000,0.000000,0.000,0.000,AP
2026-05-06 17:38:15,1900-01-00 00:00:00,,9C:2F:9D:82:20:A3,-25,,0.000000,0.000000,0.000,0.000,Client
2026-05-06 17:38:15,1900-01-00 00:00:00,dlink-615_EXT,40:86:CB:27:D2:0C,-25, WPA2 ,0.000000,0.000000,0.000,0.000,AP
2026-05-06 17:38:15,1900-01-00 00:00:00,,9C:2F:9D:82:20:A3,-25,,0.000000,0.000000,0.000,0.000,Client
2026-05-06 17:38:15,1900-01-00 00:00:00,dlink-615_EXT,40:86:CB:27:D2:0C,-21, WPA2 ,0.000000,0.000000,0.000,0.000,AP
2026-05-06 17:38:15,1900-01-00 00:00:00,,9C:2F:9D:82:20:A3,-59,,0.000000,0.000000,0.000,0.000,Client
2026-05-06 17:38:15,1900-01-00 00:00:00,dlink-615_EXT,40:86:CB:27:D2:0C,-23, WPA2 ,0.000000,0.000000,0.000,0.000,AP
2026-05-06 17:38:15,1900-01-00 00:00:00,,9C:2F:9D:82:20:A3,-23,,0.000000,0.000000,0.000,0.000,Client
2026-05-06 17:38:15,1900-01-00 00:00:00,dlink-615_EXT,40:86:CB:27:D2:0C,-23, WPA2 ,0.000000,0.000000,0.000,0.000,AP
2026-05-06 17:38:15,1900-01-00 00:00:00,,9C:2F:9D:82:20:A3,-23,,0.000000,0.000000,0.000,0.000,Client
2026-05-06 17:38:15,1900-01-00 00:00:00,dlink-615_EXT,40:86:CB:27:D2:0C,-25, WPA2 ,0.000000,0.000000,0.000,0.000,AP
2026-05-06 17:38:15,1900-01-00 00:00:00,,9C:2F:9D:82:20:A3,-25,,0.000000,0.000000,0.000,0.000,Client
2026-05-06 17:38:15,1900-01-00 00:00:00,dlink-615_EXT,40:86:CB:27:D2:0C,-25, WPA2 ,0.000000,0.000000,0.000,0.000,AP
2026-05-06 17:38:15,1900-01-00 00:00:00,,9C:2F:9D:82:20:A3,-25,,0.000000,0.000000,0.000,0.000,Client
2026-05-06 17:38:15,1900-01-00 00:00:00,dlink-615_EXT,40:86:CB:27:D2:0C,-23, WPA2 ,0.000000,0.000000,0.000,0.000,AP
2026-05-06 17:38:15,1900-01-00 00:00:00,,9C:2F:9D:82:20:A3,-23,,0.000000,0.000000,0.000,0.000,Client
2026-05-06 17:38:15,1900-01-00 00:00:00,dlink-615_EXT,40:86:CB:27:D2:0C,-23, WPA2 ,0.000000,0.000000,0.000,0.000,AP
2026-05-06 17:38:15,1900-01-00 00:00:00,,9C:2F:9D:82:20:A3,-23,,0.000000,0.000000,0.000,0.000,Client
2026-05-06 17:38:15,1900-01-00 00:00:00,dlink-615_EXT,40:86:CB:27:D2:0C,-23, WPA2 ,0.000000,0.000000,0.000,0.000,AP
2026-05-06 17:38:15,1900-01-00 00:00:00,,9C:2F:9D:82:20:A3,-23,,0.000000,0.000000,0.000,0.000,Client
2026-05-06 17:38:15,1900-01-00 00:00:00,dlink-615_EXT,40:86:CB:27:D2:0C,-23, WPA2 ,0.000000,0.000000,0.000,0.000,AP
2026-05-06 17:38:15,1900-01-00 00:00:00,,9C:2F:9D:82:20:A3,-23,,0.000000,0.000000,0.000,0.000,Client
2026-05-06 17:38:15,1900-01-00 00:00:00,dlink-615_EXT,40:86:CB:27:D2:0C,-23, WPA2 ,0.000000,0.000000,0.000,0.000,AP
2026-05-06 17:38:15,1900-01-00 00:00:00,,9C:2F:9D:82:20:A3,-23,,0.000000,0.000000,0.000,0.000,Client
2026-05-06 17:38:15,1900-01-00 00:00:00,dlink-615_EXT,40:86:CB:27:D2:0C,-23, WPA2 ,0.000000,0.000000,0.000,0.000,AP
2026-05-06 17:38:15,1900-01-00 00:00:00,,9C:2F:9D:82:20:A3,-23,,0.000000,0.000000,0.000,0.000,Client
2026-05-06 17:38:15,1900-01-00 00:00:00,dlink-615_EXT,40:86:CB:27:D2:0C,-23, WPA2 ,0.000000,0.000000,0.000,0.000,AP
2026-05-06 17:38:15,1900-01-00 00:00:00,dlink-615_EXT,40:86:CB:27:D2:0C,-23, WPA2 ,0.000000,0.000000,0.000,0.000,AP
2026-05-06 17:38:15,1900-01-00 00:00:00,,9C:2F:9D:82:20:A3,-23,,0.000000,0.000000,0.000,0.000,Client
2026-05-06 17:38:15,1900-01-00 00:00:00,dlink-615_EXT,40:86:CB:27:D2:0C,-23, WPA2 ,0.000000,0.000000,0.000,0.000,AP
2026-05-06 17:38:15,1900-01-00 00:00:00,,9C:2F:9D:82:20:A3,-23,,0.000000,0.000000,0.000,0.000,Client
2026-05-06 17:38:15,1900-01-00 00:00:00,dlink-615_EXT,40:86:CB:27:D2:0C,-23, WPA2 ,0.000000,0.000000,0.000,0.000,AP
2026-05-06 17:38:15,1900-01-00 00:00:00,,9C:2F:9D:82:20:A3,-23,,0.000000,0.000000,0.000,0.000,Client
2026-05-06 17:38:15,1900-01-00 00:00:00,dlink-615_EXT,40:86:CB:27:D2:0C,-25, WPA2 ,0.000000,0.000000,0.000,0.000,AP
2026-05-06 17:38:15,1900-01-00 00:00:00,,9C:2F:9D:82:20:A3,-25,,0.000000,0.000000,0.000,0.000,Client
2026-05-06 17:38:15,1900-01-00 00:00:00,dlink-615_EXT,40:86:CB:27:D2:0C,-23, WPA2 ,0.000000,0.000000,0.000,0.000,AP
2026-05-06 17:38:15,1900-01-00 00:00:00,,9C:2F:9D:82:20:A3,-23,,0.000000,0.000000,0.000,0.000,Client
2026-05-06 17:38:15,1900-01-00 00:00:00,dlink-615_EXT,40:86:CB:27:D2:0C,-25, WPA2 ,0.000000,0.000000,0.000,0.000,AP
2026-05-06 17:38:15,1900-01-00 00:00:00,,9C:2F:9D:82:20:A3,-25,,0.000000,0.000000,0.000,0.000,Client
2026-05-06 17:38:15,1900-01-00 00:00:00,dlink-615_EXT,40:86:CB:27:D2:0C,-25, WPA2 ,0.000000,0.000000,0.000,0.000,AP
2026-05-06 17:38:15,1900-01-00 00:00:00,,9C:2F:9D:82:20:A3,-25,,0.000000,0.000000,0.000,0.000,Client
2026-05-06 17:38:15,1900-01-00 00:00:00,dlink-615_EXT,40:86:CB:27:D2:0C,-23, WPA2 ,0.000000,0.000000,0.000,0.000,AP
2026-05-06 17:38:15,1900-01-00 00:00:00,,9C:2F:9D:82:20:A3,-23,,0.000000,0.000000,0.000,0.000,Client
2026-05-06 17:38:15,1900-01-00 00:00:00,dlink-615_EXT,40:86:CB:27:D2:0C,-25, WPA2 ,0.000000,0.000000,0.000,0.000,AP
2026-05-06 17:38:15,1900-01-00 00:00:00,,9C:2F:9D:82:20:A3,-25,,0.000000,0.000000,0.000,0.000,Client
2026-05-06 17:38:15,1900-01-00 00:00:00,dlink-615_EXT,40:86:CB:27:D2:0C,-25, WPA2 ,0.000000,0.000000,0.000,0.000,AP
2026-05-06 17:38:15,1900-01-00 00:00:00,,9C:2F:9D:82:20:A3,-25,,0.000000,0.000000,0.000,0.000,Client
2026-05-06 17:38:15,1900-01-00 00:00:00,dlink-615_EXT,40:86:CB:27:D2:0C,-23, WPA2 ,0.000000,0.000000,0.000,0.000,AP
2026-05-06 17:38:15,1900-01-00 00:00:00,,9C:2F:9D:82:20:A3,-23,,0.000000,0.000000,0.000,0.000,Client
2026-05-06 17:38:15,1900-01-00 00:00:00,dlink-615_EXT,40:86:CB:27:D2:0C,-23, WPA2 ,0.000000,0.000000,0.000,0.000,AP
2026-05-06 17:38:15,1900-01-00 00:00:00,,9C:2F:9D:82:20:A3,-23,,0.000000,0.000000,0.000,0.000,Client
2026-05-06 17:38:15,1900-01-00 00:00:00,dlink-615_EXT,40:86:CB:27:D2:0C,-23, WPA2 ,0.000000,0.000000,0.000,0.000,AP
2026-05-06 17:38:15,1900-01-00 00:00:00,,9C:2F:9D:82:20:A3,-23,,0.000000,0.000000,0.000,0.000,Client
2026-05-06 17:38:15,1900-01-00 00:00:00,dlink-615_EXT,40:86:CB:27:D2:0C,-23, WPA2 ,0.000000,0.000000,0.000,0.000,AP
2026-05-06 17:38:15,1900-01-00 00:00:00,,9C:2F:9D:82:20:A3,-23,,0.000000,0.000000,0.000,0.000,Client
2026-05-06 17:38:15,1900-01-00 00:00:00,dlink-615_EXT,40:86:CB:27:D2:0C,-23, WPA2 ,0.000000,0.000000,0.000,0.000,AP
2026-05-06 17:38:15,1900-01-00 00:00:00,,9C:2F:9D:82:20:A3,-23,,0.000000,0.000000,0.000,0.000,Client
2026-05-06 17:38:15,1900-01-00 00:00:00,dlink-615_EXT,40:86:CB:27:D2:0C,-25, WPA2 ,0.000000,0.000000,0.000,0.000,AP
2026-05-06 17:38:15,1900-01-00 00:00:00,,9C:2F:9D:82:20:A3,-25,,0.000000,0.000000,0.000,0.000,Client
2026-05-06 17:38:15,1900-01-00 00:00:00,dlink-615_EXT,40:86:CB:27:D2:0C,-23, WPA2 ,0.000000,0.000000,0.000,0.000,AP
2026-05-06 17:38:15,1900-01-00 00:00:00,,9C:2F:9D:82:20:A3,-23,,0.000000,0.000000,0.000,0.000,Client
2026-05-06 17:38:15,1900-01-00 00:00:00,dlink-615_EXT,40:86:CB:27:D2:0C,-23, WPA2 ,0.000000,0.000000,0.000,0.000,AP
2026-05-06 17:38:15,1900-01-00 00:00:00,dlink-615_EXT,40:86:CB:27:D2:0C,-25, WPA2 ,0.000000,0.000000,0.000,0.000,AP
2026-05-06 17:38:15,1900-01-00 00:00:00,,9C:2F:9D:82:20:A3,-25,,0.000000,0.000000,0.000,0.000,Client
2026-05-06 17:38:15,1900-01-00 00:00:00,dlink-615_EXT,40:86:CB:27:D2:0C,-23, WPA2 ,0.000000,0.000000,0.000,0.000,AP
2026-05-06 17:38:15,1900-01-00 00:00:00,,9C:2F:9D:82:20:A3,-23,,0.000000,0.000000,0.000,0.000,Client
2026-05-06 17:38:15,1900-01-00 00:00:00,dlink-615_EXT,40:86:CB:27:D2:0C,-25, WPA2 ,0.000000,0.000000,0.000,0.000,AP
2026-05-06 17:38:15,1900-01-00 00:00:00,,9C:2F:9D:82:20:A3,-25,,0.000000,0.000000,0.000,0.000,Client
2026-05-06 17:38:15,1900-01-00 00:00:00,dlink-615_EXT,40:86:CB:27:D2:0C,-23, WPA2 ,0.000000,0.000000,0.000,0.000,AP
2026-05-06 17:38:15,1900-01-00 00:00:00,,9C:2F:9D:82:20:A3,-23,,0.000000,0.000000,0.000,0.000,Client
2026-05-06 17:38:15,1900-01-00 00:00:00,dlink-615_EXT,40:86:CB:27:D2:0C,-25, WPA2 ,0.000000,0.000000,0.000,0.000,AP
2026-05-06 17:38:15,1900-01-00 00:00:00,,9C:2F:9D:82:20:A3,-25,,0.000000,0.000000,0.000,0.000,Client
2026-05-06 17:38:15,1900-01-00 00:00:00,dlink-615_EXT,40:86:CB:27:D2:0C,-25, WPA2 ,0.000000,0.000000,0.000,0.000,AP
2026-05-06 17:38:15,1900-01-00 00:00:00,,9C:2F:9D:82:20:A3,-25,,0.000000,0.000000,0.000,0.000,Client
2026-05-06 17:38:15,1900-01-00 00:00:00,dlink-615_EXT,40:86:CB:27:D2:0C,-57, WPA2 ,0.000000,0.000000,0.000,0.000,AP
2026-05-06 17:38:15,1900-01-00 00:00:00,,9C:2F:9D:82:20:A3,-23,,0.000000,0.000000,0.000,0.000,Client
2026-05-06 17:38:15,1900-01-00 00:00:00,dlink-615_EXT,40:86:CB:27:D2:0C,-23, WPA2 ,0.000000,0.000000,0.000,0.000,AP
2026-05-06 17:38:15,1900-01-00 00:00:00,,9C:2F:9D:82:20:A3,-23,,0.000000,0.000000,0.000,0.000,Client
2026-05-06 17:38:15,1900-01-00 00:00:00,dlink-615_EXT,40:86:CB:27:D2:0C,-23, WPA2 ,0.000000,0.000000,0.000,0.000,AP
2026-05-06 17:38:15,1900-01-00 00:00:00,,9C:2F:9D:82:20:A3,-23,,0.000000,0.000000,0.000,0.000,Client
2026-05-06 17:38:15,1900-01-00 00:00:00,dlink-615_EXT,40:86:CB:27:D2:0C,-23, WPA2 ,0.000000,0.000000,0.000,0.000,AP
2026-05-06 17:38:15,1900-01-00 00:00:00,,9C:2F:9D:82:20:A3,-23,,0.000000,0.000000,0.000,0.000,Client
2026-05-06 17:38:15,1900-01-00 00:00:00,dlink-615_EXT,40:86:CB:27:D2:0C,-25, WPA2 ,0.000000,0.000000,0.000,0.000,AP
2026-05-06 17:38:15,1900-01-00 00:00:00,,9C:2F:9D:82:20:A3,-25,,0.000000,0.000000,0.000,0.000,Client
2026-05-06 17:38:15,1900-01-00 00:00:00,dlink-615_EXT,40:86:CB:27:D2:0C,-25, WPA2 ,0.000000,0.000000,0.000,0.000,AP
2026-05-06 17:38:15,1900-01-00 00:00:00,,9C:2F:9D:82:20:A3,-25,,0.000000,0.000000,0.000,0.000,Client
2026-05-06 17:38:15,1900-01-00 00:00:00,dlink-615_EXT,40:86:CB:27:D2:0C,-25, WPA2 ,0.000000,0.000000,0.000,0.000,AP
2026-05-06 17:38:15,1900-01-00 00:00:00,,9C:2F:9D:82:20:A3,-25,,0.000000,0.000000,0.000,0.000,Client
2026-05-06 17:38:15,1900-01-00 00:00:00,dlink-615_EXT,40:86:CB:27:D2:0C,-23, WPA2 ,0.000000,0.000000,0.000,0.000,AP
2026-05-06 17:38:15,1900-01-00 00:00:00,,9C:2F:9D:82:20:A3,-23,,0.000000,0.000000,0.000,0.000,Client
2026-05-06 17:38:15,1900-01-00 00:00:00,dlink-615_EXT,40:86:CB:27:D2:0C,-23, WPA2 ,0.000000,0.000000,0.000,0.000,AP
2026-05-06 17:38:15,1900-01-00 00:00:00,,9C:2F:9D:82:20:A3,-23,,0.000000,0.000000,0.000,0.000,Client
2026-05-06 17:38:15,1900-01-00 00:00:00,dlink-615_EXT,40:86:CB:27:D2:0C,-25, WPA2 ,0.000000,0.000000,0.000,0.000,AP
2026-05-06 17:38:15,1900-01-00 00:00:00,,9C:2F:9D:82:20:A3,-25,,0.000000,0.000000,0.000,0.000,Client
2026-05-06 17:38:15,1900-01-00 00:00:00,dlink-615_EXT,40:86:CB:27:D2:0C,-25, WPA2 ,0.000000,0.000000,0.000,0.000,AP
2026-05-06 17:38:15,1900-01-00 00:00:00,dlink-615_EXT,40:86:CB:27:D2:0C,-25, WPA2 ,0.000000,0.000000,0.000,0.000,AP
2026-05-06 17:38:15,1900-01-00 00:00:00,dlink-615_EXT,40:86:CB:27:D2:0C,-59, WPA2 ,0.000000,0.000000,0.000,0.000,AP
2026-05-06 17:38:15,1900-01-00 00:00:00,,9C:2F:9D:82:20:A3,-59,,0.000000,0.000000,0.000,0.000,Client
2026-05-06 17:38:15,1900-01-00 00:00:00,dlink-615_EXT,40:86:CB:27:D2:0C,-23, WPA2 ,0.000000,0.000000,0.000,0.000,AP
2026-05-06 17:38:15,1900-01-00 00:00:00,,9C:2F:9D:82:20:A3,-23,,0.000000,0.000000,0.000,0.000,Client
2026-05-06 17:38:15,1900-01-00 00:00:00,dlink-615_EXT,40:86:CB:27:D2:0C,-23, WPA2 ,0.000000,0.000000,0.000,0.000,AP
2026-05-06 17:38:15,1900-01-00 00:00:00,,9C:2F:9D:82:20:A3,-23,,0.000000,0.000000,0.000,0.000,Client
2026-05-06 17:38:15,1900-01-00 00:00:00,dlink-615_EXT,40:86:CB:27:D2:0C,-23, WPA2 ,0.000000,0.000000,0.000,0.000,AP
2026-05-06 17:38:15,1900-01-00 00:00:00,,9C:2F:9D:82:20:A3,-23,,0.000000,0.000000,0.000,0.000,Client
2026-05-06 17:38:15,1900-01-00 00:00:00,dlink-615_EXT,40:86:CB:27:D2:0C,-23, WPA2 ,0.000000,0.000000,0.000,0.000,AP
2026-05-06 17:38:15,1900-01-00 00:00:00,,9C:2F:9D:82:20:A3,-23,,0.000000,0.000000,0.000,0.000,Client
2026-05-06 17:38:15,1900-01-00 00:00:00,dlink-615_EXT,40:86:CB:27:D2:0C,-21, WPA2 ,0.000000,0.000000,0.000,0.000,AP
2026-05-06 17:38:15,1900-01-00 00:00:00,,9C:2F:9D:82:20:A3,-21,,0.000000,0.000000,0.000,0.000,Client
2026-05-06 17:38:15,1900-01-00 00:00:00,dlink-615_EXT,40:86:CB:27:D2:0C,-23, WPA2 ,0.000000,0.000000,0.000,0.000,AP
2026-05-06 17:38:15,1900-01-00 00:00:00,dlink-615_EXT,40:86:CB:27:D2:0C,-25, WPA2 ,0.000000,0.000000,0.000,0.000,AP
2026-05-06 17:38:15,1900-01-00 00:00:00,,9C:2F:9D:82:20:A3,-25,,0.000000,0.000000,0.000,0.000,Client
2026-05-06 17:38:15,1900-01-00 00:00:00,dlink-615_EXT,40:86:CB:27:D2:0C,-23, WPA2 ,0.000000,0.000000,0.000,0.000,AP
2026-05-06 17:38:15,1900-01-00 00:00:00,,9C:2F:9D:82:20:A3,-23,,0.000000,0.000000,0.000,0.000,Client
2026-05-06 17:38:15,1900-01-00 00:00:00,dlink-615_EXT,40:86:CB:27:D2:0C,-23, WPA2 ,0.000000,0.000000,0.000,0.000,AP
2026-05-06 17:38:15,1900-01-00 00:00:00,,9C:2F:9D:82:20:A3,-23,,0.000000,0.000000,0.000,0.000,Client
2026-05-06 17:38:15,1900-01-00 00:00:00,dlink-615_EXT,40:86:CB:27:D2:0C,-23, WPA2 ,0.000000,0.000000,0.000,0.000,AP
2026-05-06 17:38:15,1900-01-00 00:00:00,,9C:2F:9D:82:20:A3,-23,,0.000000,0.000000,0.000,0.000,Client
2026-05-06 17:38:15,1900-01-00 00:00:00,dlink-615_EXT,40:86:CB:27:D2:0C,-23, WPA2 ,0.000000,0.000000,0.000,0.000,AP
2026-05-06 17:38:15,1900-01-00 00:00:00,,9C:2F:9D:82:20:A3,-23,,0.000000,0.000000,0.000,0.000,Client
2026-05-06 17:38:15,1900-01-00 00:00:00,dlink-615_EXT,40:86:CB:27:D2:0C,-23, WPA2 ,0.000000,0.000000,0.000,0.000,AP
2026-05-06 17:38:15,1900-01-00 00:00:00,,9C:2F:9D:82:20:A3,-23,,0.000000,0.000000,0.000,0.000,Client
2026-05-06 17:38:15,1900-01-00 00:00:00,dlink-615_EXT,40:86:CB:27:D2:0C,-23, WPA2 ,0.000000,0.000000,0.000,0.000,AP
2026-05-06 17:38:15,1900-01-00 00:00:00,,9C:2F:9D:82:20:A3,-23,,0.000000,0.000000,0.000,0.000,Client
2026-05-06 17:38:15,1900-01-00 00:00:00,dlink-615_EXT,40:86:CB:27:D2:0C,-21, WPA2 ,0.000000,0.000000,0.000,0.000,AP
2026-05-06 17:38:15,1900-01-00 00:00:00,,9C:2F:9D:82:20:A3,-21,,0.000000,0.000000,0.000,0.000,Client
2026-05-06 17:38:15,1900-01-00 00:00:00,dlink-615_EXT,40:86:CB:27:D2:0C,-23, WPA2 ,0.000000,0.000000,0.000,0.000,AP
2026-05-06 17:38:15,1900-01-00 00:00:00,,9C:2F:9D:82:20:A3,-23,,0.000000,0.000000,0.000,0.000,Client
2026-05-06 17:38:15,1900-01-00 00:00:00,dlink-615_EXT,40:86:CB:27:D2:0C,-23, WPA2 ,0.000000,0.000000,0.000,0.000,AP
2026-05-06 17:38:15,1900-01-00 00:00:00,,9C:2F:9D:82:20:A3,-23,,0.000000,0.000000,0.000,0.000,Client
2026-05-06 17:38:15,1900-01-00 00:00:00,dlink-615_EXT,40:86:CB:27:D2:0C,-23, WPA2 ,0.000000,0.000000,0.000,0.000,AP
2026-05-06 17:38:15,1900-01-00 00:00:00,,9C:2F:9D:82:20:A3,-23,,0.000000,0.000000,0.000,0.000,Client
2026-05-06 17:38:15,1900-01-00 00:00:00,dlink-615_EXT,40:86:CB:27:D2:0C,-23, WPA2 ,0.000000,0.000000,0.000,0.000,AP
2026-05-06 17:38:15,1900-01-00 00:00:00,,9C:2F:9D:82:20:A3,-23,,0.000000,0.000000,0.000,0.000,Client
2026-05-06 17:38:15,1900-01-00 00:00:00,dlink-615_EXT,40:86:CB:27:D2:0C,-23, WPA2 ,0.000000,0.000000,0.000,0.000,AP
2026-05-06 17:38:15,1900-01-00 00:00:00,,9C:2F:9D:82:20:A3,-23,,0.000000,0.000000,0.000,0.000,Client
2026-05-06 17:38:15,1900-01-00 00:00:00,dlink-615_EXT,40:86:CB:27:D2:0C,-21, WPA2 ,0.000000,0.000000,0.000,0.000,AP
2026-05-06 17:38:15,1900-01-00 00:00:00,,9C:2F:9D:82:20:A3,-21,,0.000000,0.000000,0.000,0.000,Client
2026-05-06 17:38:15,1900-01-00 00:00:00,dlink-615_EXT,40:86:CB:27:D2:0C,-21, WPA2 ,0.000000,0.000000,0.000,0.000,AP
2026-05-06 17:38:15,1900-01-00 00:00:00,,9C:2F:9D:82:20:A3,-21,,0.000000,0.000000,0.000,0.000,Client
2026-05-06 17:38:15,1900-01-00 00:00:00,dlink-615_EXT,40:86:CB:27:D2:0C,-21, WPA2 ,0.000000,0.000000,0.000,0.000,AP
2026-05-06 17:38:15,1900-01-00 00:00:00,,9C:2F:9D:82:20:A3,-21,,0.000000,0.000000,0.000,0.000,Client
2026-05-06 17:38:15,1900-01-00 00:00:00,dlink-615_EXT,40:86:CB:27:D2:0C,-23, WPA2 ,0.000000,0.000000,0.000,0.000,AP
2026-05-06 17:38:15,1900-01-00 00:00:00,,9C:2F:9D:82:20:A3,-23,,0.000000,0.000000,0.000,0.000,Client
2026-05-06 17:38:15,1900-01-00 00:00:00,dlink-615_EXT,40:86:CB:27:D2:0C,-23, WPA2 ,0.000000,0.000000,0.000,0.000,AP
2026-05-06 17:38:15,1900-01-00 00:00:00,,9C:2F:9D:82:20:A3,-23,,0.000000,0.000000,0.000,0.000,Client
2026-05-06 17:38:15,1900-01-00 00:00:00,dlink-615_EXT,40:86:CB:27:D2:0C,-23, WPA2 ,0.000000,0.000000,0.000,0.000,AP
2026-05-06 17:38:15,1900-01-00 00:00:00,dlink-615_EXT,40:86:CB:27:D2:0C,-23, WPA2 ,0.000000,0.000000,0.000,0.000,AP
2026-05-06 17:38:15,1900-01-00 00:00:00,,9C:2F:9D:82:20:A3,-23,,0.000000,0.000000,0.000,0.000,Client
2026-05-06 17:38:15,1900-01-00 00:00:00,dlink-615_EXT,40:86:CB:27:D2:0C,-23, WPA2 ,0.000000,0.000000,0.000,0.000,AP
2026-05-06 17:38:15,1900-01-00 00:00:00,,9C:2F:9D:82:20:A3,-23,,0.000000,0.000000,0.000,0.000,Client
2026-05-06 17:38:15,1900-01-00 00:00:00,dlink-615_EXT,40:86:CB:27:D2:0C,-23, WPA2 ,0.000000,0.000000,0.000,0.000,AP
2026-05-06 17:38:15,1900-01-00 00:00:00,,9C:2F:9D:82:20:A3,-23,,0.000000,0.000000,0.000,0.000,Client
2026-05-06 17:38:15,1900-01-00 00:00:00,dlink-615_EXT,40:86:CB:27:D2:0C,-21, WPA2 ,0.000000,0.000000,0.000,0.000,AP
2026-05-06 17:38:15,1900-01-00 00:00:00,,9C:2F:9D:82:20:A3,-21,,0.000000,0.000000,0.000,0.000,Client
2026-05-06 17:38:15,1900-01-00 00:00:00,dlink-615_EXT,40:86:CB:27:D2:0C,-21, WPA2 ,0.000000,0.000000,0.000,0.000,AP
2026-05-06 17:38:15,1900-01-00 00:00:00,,9C:2F:9D:82:20:A3,-21,,0.000000,0.000000,0.000,0.000,Client
2026-05-06 17:38:15,1900-01-00 00:00:00,dlink-615_EXT,40:86:CB:27:D2:0C,-21, WPA2 ,0.000000,0.000000,0.000,0.000,AP
2026-05-06 17:38:15,1900-01-00 00:00:00,,9C:2F:9D:82:20:A3,-21,,0.000000,0.000000,0.000,0.000,Client
2026-05-06 17:38:15,1900-01-00 00:00:00,dlink-615_EXT,40:86:CB:27:D2:0C,-23, WPA2 ,0.000000,0.000000,0.000,0.000,AP
2026-05-06 17:38:15,1900-01-00 00:00:00,,9C:2F:9D:82:20:A3,-23,,0.000000,0.000000,0.000,0.000,Client
2026-05-06 17:38:15,1900-01-00 00:00:00,dlink-615_EXT,40:86:CB:27:D2:0C,-23, WPA2 ,0.000000,0.000000,0.000,0.000,AP
2026-05-06 17:38:15,1900-01-00 00:00:00,,9C:2F:9D:82:20:A3,-23,,0.000000,0.000000,0.000,0.000,Client
2026-05-06 17:38:15,1900-01-00 00:00:00,dlink-615_EXT,40:86:CB:27:D2:0C,-23, WPA2 ,0.000000,0.000000,0.000,0.000,AP
2026-05-06 17:38:15,1900-01-00 00:00:00,,9C:2F:9D:82:20:A3,-23,,0.000000,0.000000,0.000,0.000,Client
2026-05-06 17:38:15,1900-01-00 00:00:00,dlink-615_EXT,40:86:CB:27:D2:0C,-23, WPA2 ,0.000000,0.000000,0.000,0.000,AP
2026-05-06 17:38:15,1900-01-00 00:00:00,,9C:2F:9D:82:20:A3,-23,,0.000000,0.000000,0.000,0.000,Client
2026-05-06 17:38:15,1900-01-00 00:00:00,dlink-615_EXT,40:86:CB:27:D2:0C,-21, WPA2 ,0.000000,0.000000,0.000,0.000,AP
2026-05-06 17:38:15,1900-01-00 00:00:00,,9C:2F:9D:82:20:A3,-21,,0.000000,0.000000,0.000,0.000,Client
2026-05-06 17:38:15,1900-01-00 00:00:00,dlink-615_EXT,40:86:CB:27:D2:0C,-21, WPA2 ,0.000000,0.000000,0.000,0.000,AP
2026-05-06 17:38:15,1900-01-00 00:00:00,,9C:2F:9D:82:20:A3,-21,,0.000000,0.000000,0.000,0.000,Client
2026-05-06 17:38:15,1900-01-00 00:00:00,dlink-615_EXT,40:86:CB:27:D2:0C,-23, WPA2 ,0.000000,0.000000,0.000,0.000,AP
2026-05-06 17:38:15,1900-01-00 00:00:00,,9C:2F:9D:82:20:A3,-23,,0.000000,0.000000,0.000,0.000,Client
2026-05-06 17:38:15,1900-01-00 00:00:00,dlink-615_EXT,40:86:CB:27:D2:0C,-21, WPA2 ,0.000000,0.000000,0.000,0.000,AP
2026-05-06 17:38:15,1900-01-00 00:00:00,,9C:2F:9D:82:20:A3,-21,,0.000000,0.000000,0.000,0.000,Client
2026-05-06 17:38:15,1900-01-00 00:00:00,dlink-615_EXT,40:86:CB:27:D2:0C,-21, WPA2 ,0.000000,0.000000,0.000,0.000,AP
2026-05-06 17:38:15,1900-01-00 00:00:00,,9C:2F:9D:82:20:A3,-21,,0.000000,0.000000,0.000,0.000,Client
2026-05-06 17:38:15,1900-01-00 00:00:00,dlink-615_EXT,40:86:CB:27:D2:0C,-23, WPA2 ,0.000000,0.000000,0.000,0.000,AP
2026-05-06 17:38:15,1900-01-00 00:00:00,,9C:2F:9D:82:20:A3,-23,,0.000000,0.000000,0.000,0.000,Client
2026-05-06 17:38:15,1900-01-00 00:00:00,dlink-615_EXT,40:86:CB:27:D2:0C,-23, WPA2 ,0.000000,0.000000,0.000,0.000,AP
2026-05-06 17:38:15,1900-01-00 00:00:00,,9C:2F:9D:82:20:A3,-23,,0.000000,0.000000,0.000,0.000,Client
2026-05-06 17:38:15,1900-01-00 00:00:00,dlink-615_EXT,40:86:CB:27:D2:0C,-23, WPA2 ,0.000000,0.000000,0.000,0.000,AP
2026-05-06 17:38:15,1900-01-00 00:00:00,dlink-615_EXT,40:86:CB:27:D2:0C,-23, WPA2 ,0.000000,0.000000,0.000,0.000,AP
2026-05-06 17:38:15,1900-01-00 00:00:00,,9C:2F:9D:82:20:A3,-23,,0.000000,0.000000,0.000,0.000,Client
2026-05-06 17:38:15,1900-01-00 00:00:00,dlink-615_EXT,40:86:CB:27:D2:0C,-23, WPA2 ,0.000000,0.000000,0.000,0.000,AP
2026-05-06 17:38:15,1900-01-00 00:00:00,,9C:2F:9D:82:20:A3,-23,,0.000000,0.000000,0.000,0.000,Client
2026-05-06 17:38:15,1900-01-00 00:00:00,dlink-615_EXT,40:86:CB:27:D2:0C,-21, WPA2 ,0.000000,0.000000,0.000,0.000,AP
2026-05-06 17:38:15,1900-01-00 00:00:00,,9C:2F:9D:82:20:A3,-21,,0.000000,0.000000,0.000,0.000,Client
2026-05-06 17:38:15,1900-01-00 00:00:00,dlink-615_EXT,40:86:CB:27:D2:0C,-21, WPA2 ,0.000000,0.000000,0.000,0.000,AP
2026-05-06 17:38:15,1900-01-00 00:00:00,,9C:2F:9D:82:20:A3,-21,,0.000000,0.000000,0.000,0.000,Client
2026-05-06 17:38:15,1900-01-00 00:00:00,dlink-615_EXT,40:86:CB:27:D2:0C,-23, WPA2 ,0.000000,0.000000,0.000,0.000,AP
2026-05-06 17:38:15,1900-01-00 00:00:00,,9C:2F:9D:82:20:A3,-23,,0.000000,0.000000,0.000,0.000,Client
2026-05-06 17:38:15,1900-01-00 00:00:00,dlink-615_EXT,40:86:CB:27:D2:0C,-21, WPA2 ,0.000000,0.000000,0.000,0.000,AP
2026-05-06 17:38:15,1900-01-00 00:00:00,,9C:2F:9D:82:20:A3,-21,,0.000000,0.000000,0.000,0.000,Client
2026-05-06 17:38:15,1900-01-00 00:00:00,dlink-615_EXT,40:86:CB:27:D2:0C,-25, WPA2 ,0.000000,0.000000,0.000,0.000,AP
2026-05-06 17:38:15,1900-01-00 00:00:00,,9C:2F:9D:82:20:A3,-25,,0.000000,0.000000,0.000,0.000,Client
2026-05-06 17:38:15,1900-01-00 00:00:00,dlink-615_EXT,40:86:CB:27:D2:0C,-23, WPA2 ,0.000000,0.000000,0.000,0.000,AP
2026-05-06 17:38:15,1900-01-00 00:00:00,,9C:2F:9D:82:20:A3,-23,,0.000000,0.000000,0.000,0.000,Client
2026-05-06 17:38:15,1900-01-00 00:00:00,dlink-615_EXT,40:86:CB:27:D2:0C,-23, WPA2 ,0.000000,0.000000,0.000,0.000,AP
2026-05-06 17:38:15,1900-01-00 00:00:00,,9C:2F:9D:82:20:A3,-23,,0.000000,0.000000,0.000,0.000,Client
2026-05-06 17:38:15,1900-01-00 00:00:00,dlink-615_EXT,40:86:CB:27:D2:0C,-23, WPA2 ,0.000000,0.000000,0.000,0.000,AP
2026-05-06 17:38:15,1900-01-00 00:00:00,,9C:2F:9D:82:20:A3,-23,,0.000000,0.000000,0.000,0.000,Client
2026-05-06 17:38:15,1900-01-00 00:00:00,dlink-615_EXT,40:86:CB:27:D2:0C,-23, WPA2 ,0.000000,0.000000,0.000,0.000,AP
2026-05-06 17:38:15,1900-01-00 00:00:00,,9C:2F:9D:82:20:A3,-21,,0.000000,0.000000,0.000,0.000,Client
2026-05-06 17:38:15,1900-01-00 00:00:00,dlink-615_EXT,40:86:CB:27:D2:0C,-23, WPA2 ,0.000000,0.000000,0.000,0.000,AP
2026-05-06 17:38:15,1900-01-00 00:00:00,,9C:2F:9D:82:20:A3,-23,,0.000000,0.000000,0.000,0.000,Client
2026-05-06 17:38:15,1900-01-00 00:00:00,dlink-615_EXT,40:86:CB:27:D2:0C,-21, WPA2 ,0.000000,0.000000,0.000,0.000,AP
2026-05-06 17:38:15,1900-01-00 00:00:00,,9C:2F:9D:82:20:A3,-21,,0.000000,0.000000,0.000,0.000,Client
2026-05-06 17:38:15,1900-01-00 00:00:00,dlink-615_EXT,40:86:CB:27:D2:0C,-23, WPA2 ,0.000000,0.000000,0.000,0.000,AP
2026-05-06 17:38:15,1900-01-00 00:00:00,,9C:2F:9D:82:20:A3,-23,,0.000000,0.000000,0.000,0.000,Client
2026-05-06 17:38:15,1900-01-00 00:00:00,dlink-615_EXT,40:86:CB:27:D2:0C,-21, WPA2 ,0.000000,0.000000,0.000,0.000,AP
2026-05-06 17:38:15,1900-01-00 00:00:00,,9C:2F:9D:82:20:A3,-21,,0.000000,0.000000,0.000,0.000,Client
2026-05-06 17:38:15,1900-01-00 00:00:00,dlink-615_EXT,40:86:CB:27:D2:0C,-23, WPA2 ,0.000000,0.000000,0.000,0.000,AP
2026-05-06 17:38:15,1900-01-00 00:00:00,,9C:2F:9D:82:20:A3,-23,,0.000000,0.000000,0.000,0.000,Client
2026-05-06 17:38:15,1900-01-00 00:00:00,dlink-615_EXT,40:86:CB:27:D2:0C,-23, WPA2 ,0.000000,0.000000,0.000,0.000,AP
2026-05-06 17:38:15,1900-01-00 00:00:00,,9C:2F:9D:82:20:A3,-23,,0.000000,0.000000,0.000,0.000,Client
2026-05-06 17:38:15,1900-01-00 00:00:00,dlink-615_EXT,40:86:CB:27:D2:0C,-23, WPA2 ,0.000000,0.000000,0.000,0.000,AP
2026-05-06 17:38:15,1900-01-00 00:00:00,dlink-615_EXT,40:86:CB:27:D2:0C,-23, WPA2 ,0.000000,0.000000,0.000,0.000,AP
2026-05-06 17:38:15,1900-01-00 00:00:00,,9C:2F:9D:82:20:A3,-23,,0.000000,0.000000,0.000,0.000,Client
2026-05-06 17:38:15,1900-01-00 00:00:00,dlink-615_EXT,40:86:CB:27:D2:0C,-21, WPA2 ,0.000000,0.000000,0.000,0.000,AP
2026-05-06 17:38:15,1900-01-00 00:00:00,,9C:2F:9D:82:20:A3,-21,,0.000000,0.000000,0.000,0.000,Client
2026-05-06 17:38:15,1900-01-00 00:00:00,dlink-615_EXT,40:86:CB:27:D2:0C,-25, WPA2 ,0.000000,0.000000,0.000,0.000,AP
2026-05-06 17:38:15,1900-01-00 00:00:00,,9C:2F:9D:82:20:A3,-25,,0.000000,0.000000,0.000,0.000,Client
2026-05-06 17:38:15,1900-01-00 00:00:00,dlink-615_EXT,40:86:CB:27:D2:0C,-21, WPA2 ,0.000000,0.000000,0.000,0.000,AP
2026-05-06 17:38:15,1900-01-00 00:00:00,,9C:2F:9D:82:20:A3,-21,,0.000000,0.000000,0.000,0.000,Client
2026-05-06 17:38:15,1900-01-00 00:00:00,dlink-615_EXT,40:86:CB:27:D2:0C,-25, WPA2 ,0.000000,0.000000,0.000,0.000,AP
2026-05-06 17:38:15,1900-01-00 00:00:00,,9C:2F:9D:82:20:A3,-25,,0.000000,0.000000,0.000,0.000,Client
2026-05-06 17:38:15,1900-01-00 00:00:00,dlink-615_EXT,40:86:CB:27:D2:0C,-23, WPA2 ,0.000000,0.000000,0.000,0.000,AP
2026-05-06 17:38:15,1900-01-00 00:00:00,,9C:2F:9D:82:20:A3,-23,,0.000000,0.000000,0.000,0.000,Client
2026-05-06 17:38:15,1900-01-00 00:00:00,dlink-615_EXT,40:86:CB:27:D2:0C,-23, WPA2 ,0.000000,0.000000,0.000,0.000,AP
2026-05-06 17:38:16,1900-01-00 00:00:00,dlink-615_EXT,40:86:CB:27:D2:0C,-23, WPA2 ,0.000000,0.000000,0.000,0.000,AP
2026-05-06 17:38:16,1900-01-00 00:00:00,dlink-615_EXT,40:86:CB:27:D2:0C,-23, WPA2 ,0.000000,0.000000,0.000,0.000,AP
2026-05-06 17:38:16,1900-01-00 00:00:00,,9C:2F:9D:82:20:A3,-23,,0.000000,0.000000,0.000,0.000,Client
2026-05-06 17:38:16,1900-01-00 00:00:00,dlink-615_EXT,40:86:CB:27:D2:0C,-23, WPA2 ,0.000000,0.000000,0.000,0.000,AP
2026-05-06 17:38:16,1900-01-00 00:00:00,,9C:2F:9D:82:20:A3,-21,,0.000000,0.000000,0.000,0.000,Client
2026-05-06 17:38:16,1900-01-00 00:00:00,dlink-615_EXT,40:86:CB:27:D2:0C,-23, WPA2 ,0.000000,0.000000,0.000,0.000,AP
2026-05-06 17:38:16,1900-01-00 00:00:00,,9C:2F:9D:82:20:A3,-23,,0.000000,0.000000,0.000,0.000,Client
2026-05-06 17:38:16,1900-01-00 00:00:00,dlink-615_EXT,40:86:CB:27:D2:0C,-21, WPA2 ,0.000000,0.000000,0.000,0.000,AP
2026-05-06 17:38:16,1900-01-00 00:00:00,,9C:2F:9D:82:20:A3,-21,,0.000000,0.000000,0.000,0.000,Client
2026-05-06 17:38:16,1900-01-00 00:00:00,dlink-615_EXT,40:86:CB:27:D2:0C,-21, WPA2 ,0.000000,0.000000,0.000,0.000,AP
2026-05-06 17:38:16,1900-01-00 00:00:00,,9C:2F:9D:82:20:A3,-23,,0.000000,0.000000,0.000,0.000,Client
2026-05-06 17:38:16,1900-01-00 00:00:00,dlink-615_EXT,40:86:CB:27:D2:0C,-21, WPA2 ,0.000000,0.000000,0.000,0.000,AP
2026-05-06 17:38:16,1900-01-00 00:00:00,,9C:2F:9D:82:20:A3,-21,,0.000000,0.000000,0.000,0.000,Client
2026-05-06 17:38:16,1900-01-00 00:00:00,dlink-615_EXT,40:86:CB:27:D2:0C,-25, WPA2 ,0.000000,0.000000,0.000,0.000,AP
2026-05-06 17:38:16,1900-01-00 00:00:00,,9C:2F:9D:82:20:A3,-25,,0.000000,0.000000,0.000,0.000,Client
2026-05-06 17:38:16,1900-01-00 00:00:00,dlink-615_EXT,40:86:CB:27:D2:0C,-23, WPA2 ,0.000000,0.000000,0.000,0.000,AP
2026-05-06 17:38:16,1900-01-00 00:00:00,,9C:2F:9D:82:20:A3,-23,,0.000000,0.000000,0.000,0.000,Client
2026-05-06 17:38:16,1900-01-00 00:00:00,dlink-615_EXT,40:86:CB:27:D2:0C,-23, WPA2 ,0.000000,0.000000,0.000,0.000,AP
2026-05-06 17:38:16,1900-01-00 00:00:00,,9C:2F:9D:82:20:A3,-23,,0.000000,0.000000,0.000,0.000,Client
2026-05-06 17:38:16,1900-01-00 00:00:00,dlink-615_EXT,40:86:CB:27:D2:0C,-23, WPA2 ,0.000000,0.000000,0.000,0.000,AP
2026-05-06 17:38:16,1900-01-00 00:00:00,,9C:2F:9D:82:20:A3,-23,,0.000000,0.000000,0.000,0.000,Client
2026-05-06 17:38:16,1900-01-00 00:00:00,dlink-615_EXT,40:86:CB:27:D2:0C,-21, WPA2 ,0.000000,0.000000,0.000,0.000,AP
2026-05-06 17:38:16,1900-01-00 00:00:00,,9C:2F:9D:82:20:A3,-21,,0.000000,0.000000,0.000,0.000,Client
2026-05-06 17:38:16,1900-01-00 00:00:00,dlink-615_EXT,40:86:CB:27:D2:0C,-23, WPA2 ,0.000000,0.000000,0.000,0.000,AP
2026-05-06 17:38:16,1900-01-00 00:00:00,,9C:2F:9D:82:20:A3,-23,,0.000000,0.000000,0.000,0.000,Client
2026-05-06 17:38:16,1900-01-00 00:00:00,dlink-615_EXT,40:86:CB:27:D2:0C,-23, WPA2 ,0.000000,0.000000,0.000,0.000,AP
2026-05-06 17:38:16,1900-01-00 00:00:00,,9C:2F:9D:82:20:A3,-23,,0.000000,0.000000,0.000,0.000,Client
2026-05-06 17:38:16,1900-01-00 00:00:00,dlink-615_EXT,40:86:CB:27:D2:0C,-23, WPA2 ,0.000000,0.000000,0.000,0.000,AP
2026-05-06 17:38:16,1900-01-00 00:00:00,,9C:2F:9D:82:20:A3,-23,,0.000000,0.000000,0.000,0.000,Client
2026-05-06 17:38:16,1900-01-00 00:00:00,dlink-615_EXT,40:86:CB:27:D2:0C,-23, WPA2 ,0.000000,0.000000,0.000,0.000,AP
2026-05-06 17:38:16,1900-01-00 00:00:00,,9C:2F:9D:82:20:A3,-23,,0.000000,0.000000,0.000,0.000,Client
2026-05-06 17:38:16,1900-01-00 00:00:00,dlink-615_EXT,40:86:CB:27:D2:0C,-23, WPA2 ,0.000000,0.000000,0.000,0.000,AP
2026-05-06 17:38:16,1900-01-00 00:00:00,dlink-615_EXT,40:86:CB:27:D2:0C,-23, WPA2 ,0.000000,0.000000,0.000,0.000,AP
2026-05-06 17:38:16,1900-01-00 00:00:00,,9C:2F:9D:82:20:A3,-23,,0.000000,0.000000,0.000,0.000,Client
2026-05-06 17:38:16,1900-01-00 00:00:00,dlink-615_EXT,40:86:CB:27:D2:0C,-23, WPA2 ,0.000000,0.000000,0.000,0.000,AP
2026-05-06 17:38:16,1900-01-00 00:00:00,,9C:2F:9D:82:20:A3,-23,,0.000000,0.000000,0.000,0.000,Client
2026-05-06 17:38:16,1900-01-00 00:00:00,dlink-615_EXT,40:86:CB:27:D2:0C,-25, WPA2 ,0.000000,0.000000,0.000,0.000,AP
2026-05-06 17:38:16,1900-01-00 00:00:00,,9C:2F:9D:82:20:A3,-25,,0.000000,0.000000,0.000,0.000,Client
2026-05-06 17:38:16,1900-01-00 00:00:00,dlink-615_EXT,40:86:CB:27:D2:0C,-23, WPA2 ,0.000000,0.000000,0.000,0.000,AP
2026-05-06 17:38:16,1900-01-00 00:00:00,,9C:2F:9D:82:20:A3,-23,,0.000000,0.000000,0.000,0.000,Client
2026-05-06 17:38:16,1900-01-00 00:00:00,dlink-615_EXT,40:86:CB:27:D2:0C,-23, WPA2 ,0.000000,0.000000,0.000,0.000,AP
2026-05-06 17:38:16,1900-01-00 00:00:00,,9C:2F:9D:82:20:A3,-23,,0.000000,0.000000,0.000,0.000,Client
2026-05-06 17:38:16,1900-01-00 00:00:00,dlink-615_EXT,40:86:CB:27:D2:0C,-21, WPA2 ,0.000000,0.000000,0.000,0.000,AP
2026-05-06 17:38:16,1900-01-00 00:00:00,,9C:2F:9D:82:20:A3,-21,,0.000000,0.000000,0.000,0.000,Client
2026-05-06 17:38:16,1900-01-00 00:00:00,dlink-615_EXT,40:86:CB:27:D2:0C,-21, WPA2 ,0.000000,0.000000,0.000,0.000,AP
2026-05-06 17:38:16,1900-01-00 00:00:00,,9C:2F:9D:82:20:A3,-21,,0.000000,0.000000,0.000,0.000,Client
2026-05-06 17:38:16,1900-01-00 00:00:00,dlink-615_EXT,40:86:CB:27:D2:0C,-23, WPA2 ,0.000000,0.000000,0.000,0.000,AP
2026-05-06 17:38:16,1900-01-00 00:00:00,,9C:2F:9D:82:20:A3,-23,,0.000000,0.000000,0.000,0.000,Client
2026-05-06 17:38:16,1900-01-00 00:00:00,dlink-615_EXT,40:86:CB:27:D2:0C,-23, WPA2 ,0.000000,0.000000,0.000,0.000,AP
2026-05-06 17:38:16,1900-01-00 00:00:00,,9C:2F:9D:82:20:A3,-23,,0.000000,0.000000,0.000,0.000,Client
2026-05-06 17:38:16,1900-01-00 00:00:00,dlink-615_EXT,40:86:CB:27:D2:0C,-21, WPA2 ,0.000000,0.000000,0.000,0.000,AP
2026-05-06 17:38:16,1900-01-00 00:00:00,,9C:2F:9D:82:20:A3,-21,,0.000000,0.000000,0.000,0.000,Client
2026-05-06 17:38:16,1900-01-00 00:00:00,dlink-615_EXT,40:86:CB:27:D2:0C,-23, WPA2 ,0.000000,0.000000,0.000,0.000,AP
2026-05-06 17:38:16,1900-01-00 00:00:00,,9C:2F:9D:82:20:A3,-23,,0.000000,0.000000,0.000,0.000,Client
2026-05-06 17:38:16,1900-01-00 00:00:00,dlink-615_EXT,40:86:CB:27:D2:0C,-23, WPA2 ,0.000000,0.000000,0.000,0.000,AP
2026-05-06 17:38:16,1900-01-00 00:00:00,,9C:2F:9D:82:20:A3,-23,,0.000000,0.000000,0.000,0.000,Client
2026-05-06 17:38:16,1900-01-00 00:00:00,dlink-615_EXT,40:86:CB:27:D2:0C,-23, WPA2 ,0.000000,0.000000,0.000,0.000,AP
2026-05-06 17:38:16,1900-01-00 00:00:00,,9C:2F:9D:82:20:A3,-23,,0.000000,0.000000,0.000,0.000,Client
2026-05-06 17:38:16,1900-01-00 00:00:00,dlink-615_EXT,40:86:CB:27:D2:0C,-23, WPA2 ,0.000000,0.000000,0.000,0.000,AP
2026-05-06 17:38:16,1900-01-00 00:00:00,,9C:2F:9D:82:20:A3,-23,,0.000000,0.000000,0.000,0.000,Client
2026-05-06 17:38:16,1900-01-00 00:00:00,dlink-615_EXT,40:86:CB:27:D2:0C,-23, WPA2 ,0.000000,0.000000,0.000,0.000,AP
2026-05-06 17:38:16,1900-01-00 00:00:00,,9C:2F:9D:82:20:A3,-23,,0.000000,0.000000,0.000,0.000,Client
2026-05-06 17:38:16,1900-01-00 00:00:00,dlink-615_EXT,40:86:CB:27:D2:0C,-21, WPA2 ,0.000000,0.000000,0.000,0.000,AP
2026-05-06 17:38:16,1900-01-00 00:00:00,,9C:2F:9D:82:20:A3,-21,,0.000000,0.000000,0.000,0.000,Client
2026-05-06 17:38:16,1900-01-00 00:00:00,dlink-615_EXT,40:86:CB:27:D2:0C,-23, WPA2 ,0.000000,0.000000,0.000,0.000,AP
2026-05-06 17:38:16,1900-01-00 00:00:00,,9C:2F:9D:82:20:A3,-23,,0.000000,0.000000,0.000,0.000,Client
2026-05-06 17:38:16,1900-01-00 00:00:00,dlink-615_EXT,40:86:CB:27:D2:0C,-23, WPA2 ,0.000000,0.000000,0.000,0.000,AP
2026-05-06 17:38:16,1900-01-00 00:00:00,,9C:2F:9D:82:20:A3,-23,,0.000000,0.000000,0.000,0.000,Client
2026-05-06 17:38:16,1900-01-00 00:00:00,dlink-615_EXT,40:86:CB:27:D2:0C,-21, WPA2 ,0.000000,0.000000,0.000,0.000,AP
2026-05-06 17:38:16,1900-01-00 00:00:00,dlink-615_EXT,40:86:CB:27:D2:0C,-21, WPA2 ,0.000000,0.000000,0.000,0.000,AP
2026-05-06 17:38:16,1900-01-00 00:00:00,,9C:2F:9D:82:20:A3,-21,,0.000000,0.000000,0.000,0.000,Client
2026-05-06 17:38:16,1900-01-00 00:00:00,dlink-615_EXT,40:86:CB:27:D2:0C,-23, WPA2 ,0.000000,0.000000,0.000,0.000,AP
2026-05-06 17:38:16,1900-01-00 00:00:00,,9C:2F:9D:82:20:A3,-23,,0.000000,0.000000,0.000,0.000,Client
2026-05-06 17:38:16,1900-01-00 00:00:00,dlink-615_EXT,40:86:CB:27:D2:0C,-21, WPA2 ,0.000000,0.000000,0.000,0.000,AP
2026-05-06 17:38:16,1900-01-00 00:00:00,,9C:2F:9D:82:20:A3,-21,,0.000000,0.000000,0.000,0.000,Client
2026-05-06 17:38:16,1900-01-00 00:00:00,dlink-615_EXT,40:86:CB:27:D2:0C,-21, WPA2 ,0.000000,0.000000,0.000,0.000,AP
2026-05-06 17:38:16,1900-01-00 00:00:00,,9C:2F:9D:82:20:A3,-21,,0.000000,0.000000,0.000,0.000,Client
2026-05-06 17:38:16,1900-01-00 00:00:00,dlink-615_EXT,40:86:CB:27:D2:0C,-21, WPA2 ,0.000000,0.000000,0.000,0.000,AP
2026-05-06 17:38:16,1900-01-00 00:00:00,,9C:2F:9D:82:20:A3,-21,,0.000000,0.000000,0.000,0.000,Client
2026-05-06 17:38:16,1900-01-00 00:00:00,dlink-615_EXT,40:86:CB:27:D2:0C,-21, WPA2 ,0.000000,0.000000,0.000,0.000,AP
2026-05-06 17:38:16,1900-01-00 00:00:00,,9C:2F:9D:82:20:A3,-21,,0.000000,0.000000,0.000,0.000,Client
2026-05-06 17:38:16,1900-01-00 00:00:00,dlink-615_EXT,40:86:CB:27:D2:0C,-23, WPA2 ,0.000000,0.000000,0.000,0.000,AP
2026-05-06 17:38:16,1900-01-00 00:00:00,,9C:2F:9D:82:20:A3,-23,,0.000000,0.000000,0.000,0.000,Client
2026-05-06 17:38:16,1900-01-00 00:00:00,dlink-615_EXT,40:86:CB:27:D2:0C,-23, WPA2 ,0.000000,0.000000,0.000,0.000,AP
2026-05-06 17:38:16,1900-01-00 00:00:00,,9C:2F:9D:82:20:A3,-23,,0.000000,0.000000,0.000,0.000,Client
2026-05-06 17:38:16,1900-01-00 00:00:00,dlink-615_EXT,40:86:CB:27:D2:0C,-21, WPA2 ,0.000000,0.000000,0.000,0.000,AP
2026-05-06 17:38:16,1900-01-00 00:00:00,,9C:2F:9D:82:20:A3,-21,,0.000000,0.000000,0.000,0.000,Client
2026-05-06 17:38:16,1900-01-00 00:00:00,dlink-615_EXT,40:86:CB:27:D2:0C,-21, WPA2 ,0.000000,0.000000,0.000,0.000,AP
2026-05-06 17:38:16,1900-01-00 00:00:00,,9C:2F:9D:82:20:A3,-21,,0.000000,0.000000,0.000,0.000,Client
2026-05-06 17:38:16,1900-01-00 00:00:00,dlink-615_EXT,40:86:CB:27:D2:0C,-21, WPA2 ,0.000000,0.000000,0.000,0.000,AP
2026-05-06 17:38:16,1900-01-00 00:00:00,,9C:2F:9D:82:20:A3,-21,,0.000000,0.000000,0.000,0.000,Client
2026-05-06 17:38:16,1900-01-00 00:00:00,dlink-615_EXT,40:86:CB:27:D2:0C,-23, WPA2 ,0.000000,0.000000,0.000,0.000,AP
2026-05-06 17:38:16,1900-01-00 00:00:00,,9C:2F:9D:82:20:A3,-23,,0.000000,0.000000,0.000,0.000,Client
2026-05-06 17:38:16,1900-01-00 00:00:00,dlink-615_EXT,40:86:CB:27:D2:0C,-23, WPA2 ,0.000000,0.000000,0.000,0.000,AP
2026-05-06 17:38:16,1900-01-00 00:00:00,,9C:2F:9D:82:20:A3,-23,,0.000000,0.000000,0.000,0.000,Client
2026-05-06 17:38:16,1900-01-00 00:00:00,dlink-615_EXT,40:86:CB:27:D2:0C,-23, WPA2 ,0.000000,0.000000,0.000,0.000,AP
2026-05-06 17:38:16,1900-01-00 00:00:00,,9C:2F:9D:82:20:A3,-23,,0.000000,0.000000,0.000,0.000,Client
2026-05-06 17:38:16,1900-01-00 00:00:00,dlink-615_EXT,40:86:CB:27:D2:0C,-21, WPA2 ,0.000000,0.000000,0.000,0.000,AP
2026-05-06 17:38:16,1900-01-00 00:00:00,,9C:2F:9D:82:20:A3,-21,,0.000000,0.000000,0.000,0.000,Client
2026-05-06 17:38:16,1900-01-00 00:00:00,dlink-615_EXT,40:86:CB:27:D2:0C,-21, WPA2 ,0.000000,0.000000,0.000,0.000,AP
2026-05-06 17:38:16,1900-01-00 00:00:00,,9C:2F:9D:82:20:A3,-21,,0.000000,0.000000,0.000,0.000,Client
2026-05-06 17:38:16,1900-01-00 00:00:00,dlink-615_EXT,40:86:CB:27:D2:0C,-23, WPA2 ,0.000000,0.000000,0.000,0.000,AP
2026-05-06 17:38:16,1900-01-00 00:00:00,,9C:2F:9D:82:20:A3,-23,,0.000000,0.000000,0.000,0.000,Client
2026-05-06 17:38:16,1900-01-00 00:00:00,dlink-615_EXT,40:86:CB:27:D2:0C,-23, WPA2 ,0.000000,0.000000,0.000,0.000,AP
2026-05-06 17:38:16,1900-01-00 00:00:00,,9C:2F:9D:82:20:A3,-23,,0.000000,0.000000,0.000,0.000,Client
2026-05-06 17:38:16,1900-01-00 00:00:00,dlink-615_EXT,40:86:CB:27:D2:0C,-21, WPA2 ,0.000000,0.000000,0.000,0.000,AP
2026-05-06 17:38:16,1900-01-00 00:00:00,dlink-615_EXT,40:86:CB:27:D2:0C,-21, WPA2 ,0.000000,0.000000,0.000,0.000,AP
2026-05-06 17:38:16,1900-01-00 00:00:00,,9C:2F:9D:82:20:A3,-21,,0.000000,0.000000,0.000,0.000,Client
2026-05-06 17:38:16,1900-01-00 00:00:00,dlink-615_EXT,40:86:CB:27:D2:0C,-23, WPA2 ,0.000000,0.000000,0.000,0.000,AP
2026-05-06 17:38:16,1900-01-00 00:00:00,,9C:2F:9D:82:20:A3,-23,,0.000000,0.000000,0.000,0.000,Client
2026-05-06 17:38:16,1900-01-00 00:00:00,dlink-615_EXT,40:86:CB:27:D2:0C,-23, WPA2 ,0.000000,0.000000,0.000,0.000,AP
2026-05-06 17:38:16,1900-01-00 00:00:00,,9C:2F:9D:82:20:A3,-21,,0.000000,0.000000,0.000,0.000,Client
2026-05-06 17:38:16,1900-01-00 00:00:00,dlink-615_EXT,40:86:CB:27:D2:0C,-21, WPA2 ,0.000000,0.000000,0.000,0.000,AP
2026-05-06 17:38:16,1900-01-00 00:00:00,,9C:2F:9D:82:20:A3,-21,,0.000000,0.000000,0.000,0.000,Client
2026-05-06 17:38:16,1900-01-00 00:00:00,dlink-615_EXT,40:86:CB:27:D2:0C,-21, WPA2 ,0.000000,0.000000,0.000,0.000,AP
2026-05-06 17:38:16,1900-01-00 00:00:00,,9C:2F:9D:82:20:A3,-21,,0.000000,0.000000,0.000,0.000,Client
2026-05-06 17:38:16,1900-01-00 00:00:00,dlink-615_EXT,40:86:CB:27:D2:0C,-21, WPA2 ,0.000000,0.000000,0.000,0.000,AP
2026-05-06 17:38:16,1900-01-00 00:00:00,,9C:2F:9D:82:20:A3,-21,,0.000000,0.000000,0.000,0.000,Client
2026-05-06 17:38:16,1900-01-00 00:00:00,dlink-615_EXT,40:86:CB:27:D2:0C,-21, WPA2 ,0.000000,0.000000,0.000,0.000,AP
2026-05-06 17:38:16,1900-01-00 00:00:00,,9C:2F:9D:82:20:A3,-21,,0.000000,0.000000,0.000,0.000,Client
2026-05-06 17:38:16,1900-01-00 00:00:00,dlink-615_EXT,40:86:CB:27:D2:0C,-21, WPA2 ,0.000000,0.000000,0.000,0.000,AP
2026-05-06 17:38:16,1900-01-00 00:00:00,,9C:2F:9D:82:20:A3,-21,,0.000000,0.000000,0.000,0.000,Client
2026-05-06 17:38:16,1900-01-00 00:00:00,dlink-615_EXT,40:86:CB:27:D2:0C,-21, WPA2 ,0.000000,0.000000,0.000,0.000,AP
2026-05-06 17:38:16,1900-01-00 00:00:00,,9C:2F:9D:82:20:A3,-21,,0.000000,0.000000,0.000,0.000,Client
2026-05-06 17:38:16,1900-01-00 00:00:00,dlink-615_EXT,40:86:CB:27:D2:0C,-21, WPA2 ,0.000000,0.000000,0.000,0.000,AP
2026-05-06 17:38:16,1900-01-00 00:00:00,,9C:2F:9D:82:20:A3,-21,,0.000000,0.000000,0.000,0.000,Client
2026-05-06 17:38:16,1900-01-00 00:00:00,dlink-615_EXT,40:86:CB:27:D2:0C,-23, WPA2 ,0.000000,0.000000,0.000,0.000,AP
2026-05-06 17:38:16,1900-01-00 00:00:00,,9C:2F:9D:82:20:A3,-23,,0.000000,0.000000,0.000,0.000,Client
2026-05-06 17:38:16,1900-01-00 00:00:00,dlink-615_EXT,40:86:CB:27:D2:0C,-21, WPA2 ,0.000000,0.000000,0.000,0.000,AP
2026-05-06 17:38:16,1900-01-00 00:00:00,,9C:2F:9D:82:20:A3,-21,,0.000000,0.000000,0.000,0.000,Client
2026-05-06 17:38:16,1900-01-00 00:00:00,dlink-615_EXT,40:86:CB:27:D2:0C,-21, WPA2 ,0.000000,0.000000,0.000,0.000,AP
2026-05-06 17:38:16,1900-01-00 00:00:00,,9C:2F:9D:82:20:A3,-21,,0.000000,0.000000,0.000,0.000,Client
2026-05-06 17:38:16,1900-01-00 00:00:00,dlink-615_EXT,40:86:CB:27:D2:0C,-21, WPA2 ,0.000000,0.000000,0.000,0.000,AP
2026-05-06 17:38:16,1900-01-00 00:00:00,dlink-615_EXT,40:86:CB:27:D2:0C,-21, WPA2 ,0.000000,0.000000,0.000,0.000,AP
2026-05-06 17:38:16,1900-01-00 00:00:00,dlink-615_EXT,40:86:CB:27:D2:0C,-21, WPA2 ,0.000000,0.000000,0.000,0.000,AP
2026-05-06 17:38:16,1900-01-00 00:00:00,,9C:2F:9D:82:20:A3,-21,,0.000000,0.000000,0.000,0.000,Client
2026-05-06 17:38:16,1900-01-00 00:00:00,dlink-615_EXT,40:86:CB:27:D2:0C,-21, WPA2 ,0.000000,0.000000,0.000,0.000,AP
2026-05-06 17:38:16,1900-01-00 00:00:00,,9C:2F:9D:82:20:A3,-21,,0.000000,0.000000,0.000,0.000,Client
2026-05-06 17:38:16,1900-01-00 00:00:00,dlink-615_EXT,40:86:CB:27:D2:0C,-21, WPA2 ,0.000000,0.000000,0.000,0.000,AP
2026-05-06 17:38:16,1900-01-00 00:00:00,,9C:2F:9D:82:20:A3,-21,,0.000000,0.000000,0.000,0.000,Client
2026-05-06 17:38:16,1900-01-00 00:00:00,dlink-615_EXT,40:86:CB:27:D2:0C,-21, WPA2 ,0.000000,0.000000,0.000,0.000,AP
2026-05-06 17:38:16,1900-01-00 00:00:00,,9C:2F:9D:82:20:A3,-21,,0.000000,0.000000,0.000,0.000,Client
2026-05-06 17:38:16,1900-01-00 00:00:00,dlink-615_EXT,40:86:CB:27:D2:0C,-21, WPA2 ,0.000000,0.000000,0.000,0.000,AP
2026-05-06 17:38:16,1900-01-00 00:00:00,,9C:2F:9D:82:20:A3,-21,,0.000000,0.000000,0.000,0.000,Client
2026-05-06 17:38:16,1900-01-00 00:00:00,dlink-615_EXT,40:86:CB:27:D2:0C,-21, WPA2 ,0.000000,0.000000,0.000,0.000,AP
2026-05-06 17:38:16,1900-01-00 00:00:00,,9C:2F:9D:82:20:A3,-21,,0.000000,0.000000,0.000,0.000,Client
2026-05-06 17:38:16,1900-01-00 00:00:00,dlink-615_EXT,40:86:CB:27:D2:0C,-23, WPA2 ,0.000000,0.000000,0.000,0.000,AP
2026-05-06 17:38:16,1900-01-00 00:00:00,,9C:2F:9D:82:20:A3,-23,,0.000000,0.000000,0.000,0.000,Client
2026-05-06 17:38:16,1900-01-00 00:00:00,dlink-615_EXT,40:86:CB:27:D2:0C,-21, WPA2 ,0.000000,0.000000,0.000,0.000,AP
2026-05-06 17:38:16,1900-01-00 00:00:00,,9C:2F:9D:82:20:A3,-21,,0.000000,0.000000,0.000,0.000,Client
2026-05-06 17:38:16,1900-01-00 00:00:00,dlink-615_EXT,40:86:CB:27:D2:0C,-21, WPA2 ,0.000000,0.000000,0.000,0.000,AP
2026-05-06 17:38:16,1900-01-00 00:00:00,,9C:2F:9D:82:20:A3,-21,,0.000000,0.000000,0.000,0.000,Client
2026-05-06 17:38:16,1900-01-00 00:00:00,dlink-615_EXT,40:86:CB:27:D2:0C,-21, WPA2 ,0.000000,0.000000,0.000,0.000,AP
2026-05-06 17:38:16,1900-01-00 00:00:00,,9C:2F:9D:82:20:A3,-21,,0.000000,0.000000,0.000,0.000,Client
2026-05-06 17:38:16,1900-01-00 00:00:00,dlink-615_EXT,40:86:CB:27:D2:0C,-21, WPA2 ,0.000000,0.000000,0.000,0.000,AP
2026-05-06 17:38:16,1900-01-00 00:00:00,dlink-615_EXT,40:86:CB:27:D2:0C,-21, WPA2 ,0.000000,0.000000,0.000,0.000,AP
2026-05-06 17:38:16,1900-01-00 00:00:00,,9C:2F:9D:82:20:A3,-21,,0.000000,0.000000,0.000,0.000,Client
2026-05-06 17:38:16,1900-01-00 00:00:00,dlink-615_EXT,40:86:CB:27:D2:0C,-23, WPA2 ,0.000000,0.000000,0.000,0.000,AP
2026-05-06 17:38:16,1900-01-00 00:00:00,,9C:2F:9D:82:20:A3,-23,,0.000000,0.000000,0.000,0.000,Client
2026-05-06 17:38:16,1900-01-00 00:00:00,dlink-615_EXT,40:86:CB:27:D2:0C,-21, WPA2 ,0.000000,0.000000,0.000,0.000,AP
2026-05-06 17:38:16,1900-01-00 00:00:00,,9C:2F:9D:82:20:A3,-21,,0.000000,0.000000,0.000,0.000,Client
2026-05-06 17:38:16,1900-01-00 00:00:00,dlink-615_EXT,40:86:CB:27:D2:0C,-21, WPA2 ,0.000000,0.000000,0.000,0.000,AP
2026-05-06 17:38:16,1900-01-00 00:00:00,,9C:2F:9D:82:20:A3,-21,,0.000000,0.000000,0.000,0.000,Client
2026-05-06 17:38:16,1900-01-00 00:00:00,dlink-615_EXT,40:86:CB:27:D2:0C,-21, WPA2 ,0.000000,0.000000,0.000,0.000,AP
2026-05-06 17:38:16,1900-01-00 00:00:00,,9C:2F:9D:82:20:A3,-21,,0.000000,0.000000,0.000,0.000,Client
2026-05-06 17:38:16,1900-01-00 00:00:00,dlink-615_EXT,40:86:CB:27:D2:0C,-21, WPA2 ,0.000000,0.000000,0.000,0.000,AP
2026-05-06 17:38:16,1900-01-00 00:00:00,,9C:2F:9D:82:20:A3,-21,,0.000000,0.000000,0.000,0.000,Client
2026-05-06 17:38:16,1900-01-00 00:00:00,dlink-615_EXT,40:86:CB:27:D2:0C,-21, WPA2 ,0.000000,0.000000,0.000,0.000,AP
2026-05-06 17:38:16,1900-01-00 00:00:00,,9C:2F:9D:82:20:A3,-21,,0.000000,0.000000,0.000,0.000,Client
2026-05-06 17:38:16,1900-01-00 00:00:00,dlink-615_EXT,40:86:CB:27:D2:0C,-21, WPA2 ,0.000000,0.000000,0.000,0.000,AP
2026-05-06 17:38:16,1900-01-00 00:00:00,,9C:2F:9D:82:20:A3,-21,,0.000000,0.000000,0.000,0.000,Client
2026-05-06 17:38:16,1900-01-00 00:00:00,dlink-615_EXT,40:86:CB:27:D2:0C,-21, WPA2 ,0.000000,0.000000,0.000,0.000,AP
2026-05-06 17:38:16,1900-01-00 00:00:00,,9C:2F:9D:82:20:A3,-21,,0.000000,0.000000,0.000,0.000,Client
2026-05-06 17:38:16,1900-01-00 00:00:00,dlink-615_EXT,40:86:CB:27:D2:0C,-23, WPA2 ,0.000000,0.000000,0.000,0.000,AP
2026-05-06 17:38:16,1900-01-00 00:00:00,,9C:2F:9D:82:20:A3,-23,,0.000000,0.000000,0.000,0.000,Client
2026-05-06 17:38:16,1900-01-00 00:00:00,dlink-615_EXT,40:86:CB:27:D2:0C,-21, WPA2 ,0.000000,0.000000,0.000,0.000,AP
2026-05-06 17:38:16,1900-01-00 00:00:00,,9C:2F:9D:82:20:A3,-21,,0.000000,0.000000,0.000,0.000,Client
2026-05-06 17:38:16,1900-01-00 00:00:00,dlink-615_EXT,40:86:CB:27:D2:0C,-21, WPA2 ,0.000000,0.000000,0.000,0.000,AP
2026-05-06 17:38:16,1900-01-00 00:00:00,,9C:2F:9D:82:20:A3,-21,,0.000000,0.000000,0.000,0.000,Client
2026-05-06 17:38:16,1900-01-00 00:00:00,dlink-615_EXT,40:86:CB:27:D2:0C,-21, WPA2 ,0.000000,0.000000,0.000,0.000,AP
2026-05-06 17:38:16,1900-01-00 00:00:00,,9C:2F:9D:82:20:A3,-23,,0.000000,0.000000,0.000,0.000,Client
2026-05-06 17:38:16,1900-01-00 00:00:00,dlink-615_EXT,40:86:CB:27:D2:0C,-21, WPA2 ,0.000000,0.000000,0.000,0.000,AP
2026-05-06 17:38:16,1900-01-00 00:00:00,,9C:2F:9D:82:20:A3,-21,,0.000000,0.000000,0.000,0.000,Client
2026-05-06 17:38:16,1900-01-00 00:00:00,dlink-615_EXT,40:86:CB:27:D2:0C,-21, WPA2 ,0.000000,0.000000,0.000,0.000,AP
2026-05-06 17:38:16,1900-01-00 00:00:00,,9C:2F:9D:82:20:A3,-21,,0.000000,0.000000,0.000,0.000,Client
2026-05-06 17:38:16,1900-01-00 00:00:00,dlink-615_EXT,40:86:CB:27:D2:0C,-21, WPA2 ,0.000000,0.000000,0.000,0.000,AP
2026-05-06 17:38:16,1900-01-00 00:00:00,,9C:2F:9D:82:20:A3,-23,,0.000000,0.000000,0.000,0.000,Client
2026-05-06 17:38:16,1900-01-00 00:00:00,dlink-615_EXT,40:86:CB:27:D2:0C,-21, WPA2 ,0.000000,0.000000,0.000,0.000,AP
2026-05-06 17:38:16,1900-01-00 00:00:00,dlink-615_EXT,40:86:CB:27:D2:0C,-21, WPA2 ,0.000000,0.000000,0.000,0.000,AP
2026-05-06 17:38:16,1900-01-00 00:00:00,,9C:2F:9D:82:20:A3,-21,,0.000000,0.000000,0.000,0.000,Client
2026-05-06 17:38:16,1900-01-00 00:00:00,dlink-615_EXT,40:86:CB:27:D2:0C,-21, WPA2 ,0.000000,0.000000,0.000,0.000,AP
2026-05-06 17:38:16,1900-01-00 00:00:00,,9C:2F:9D:82:20:A3,-21,,0.000000,0.000000,0.000,0.000,Client
2026-05-06 17:38:16,1900-01-00 00:00:00,dlink-615_EXT,40:86:CB:27:D2:0C,-21, WPA2 ,0.000000,0.000000,0.000,0.000,AP
2026-05-06 17:38:16,1900-01-00 00:00:00,,9C:2F:9D:82:20:A3,-21,,0.000000,0.000000,0.000,0.000,Client
2026-05-06 17:38:16,1900-01-00 00:00:00,dlink-615_EXT,40:86:CB:27:D2:0C,-21, WPA2 ,0.000000,0.000000,0.000,0.000,AP
2026-05-06 17:38:16,1900-01-00 00:00:00,,9C:2F:9D:82:20:A3,-21,,0.000000,0.000000,0.000,0.000,Client
2026-05-06 17:38:16,1900-01-00 00:00:00,dlink-615_EXT,40:86:CB:27:D2:0C,-21, WPA2 ,0.000000,0.000000,0.000,0.000,AP
2026-05-06 17:38:16,1900-01-00 00:00:00,,9C:2F:9D:82:20:A3,-21,,0.000000,0.000000,0.000,0.000,Client
2026-05-06 17:38:16,1900-01-00 00:00:00,dlink-615_EXT,40:86:CB:27:D2:0C,-21, WPA2 ,0.000000,0.000000,0.000,0.000,AP
2026-05-06 17:38:16,1900-01-00 00:00:00,,9C:2F:9D:82:20:A3,-21,,0.000000,0.000000,0.000,0.000,Client
2026-05-06 17:38:16,1900-01-00 00:00:00,dlink-615_EXT,40:86:CB:27:D2:0C,-23, WPA2 ,0.000000,0.000000,0.000,0.000,AP
2026-05-06 17:38:16,1900-01-00 00:00:00,,9C:2F:9D:82:20:A3,-23,,0.000000,0.000000,0.000,0.000,Client
2026-05-06 17:38:16,1900-01-00 00:00:00,dlink-615_EXT,40:86:CB:27:D2:0C,-21, WPA2 ,0.000000,0.000000,0.000,0.000,AP
2026-05-06 17:38:16,1900-01-00 00:00:00,,9C:2F:9D:82:20:A3,-21,,0.000000,0.000000,0.000,0.000,Client
2026-05-06 17:38:16,1900-01-00 00:00:00,dlink-615_EXT,40:86:CB:27:D2:0C,-21, WPA2 ,0.000000,0.000000,0.000,0.000,AP
2026-05-06 17:38:16,1900-01-00 00:00:00,,9C:2F:9D:82:20:A3,-21,,0.000000,0.000000,0.000,0.000,Client
2026-05-06 17:38:16,1900-01-00 00:00:00,dlink-615_EXT,40:86:CB:27:D2:0C,-23, WPA2 ,0.000000,0.000000,0.000,0.000,AP
2026-05-06 17:38:16,1900-01-00 00:00:00,,9C:2F:9D:82:20:A3,-23,,0.000000,0.000000,0.000,0.000,Client
2026-05-06 17:38:16,1900-01-00 00:00:00,dlink-615_EXT,40:86:CB:27:D2:0C,-23, WPA2 ,0.000000,0.000000,0.000,0.000,AP
2026-05-06 17:38:16,1900-01-00 00:00:00,,9C:2F:9D:82:20:A3,-23,,0.000000,0.000000,0.000,0.000,Client
2026-05-06 17:38:16,1900-01-00 00:00:00,dlink-615_EXT,40:86:CB:27:D2:0C,-21, WPA2 ,0.000000,0.000000,0.000,0.000,AP
2026-05-06 17:38:16,1900-01-00 00:00:00,,9C:2F:9D:82:20:A3,-21,,0.000000,0.000000,0.000,0.000,Client
2026-05-06 17:38:16,1900-01-00 00:00:00,dlink-615_EXT,40:86:CB:27:D2:0C,-21, WPA2 ,0.000000,0.000000,0.000,0.000,AP
2026-05-06 17:38:16,1900-01-00 00:00:00,,9C:2F:9D:82:20:A3,-21,,0.000000,0.000000,0.000,0.000,Client
2026-05-06 17:38:16,1900-01-00 00:00:00,dlink-615_EXT,40:86:CB:27:D2:0C,-21, WPA2 ,0.000000,0.000000,0.000,0.000,AP
2026-05-06 17:38:16,1900-01-00 00:00:00,,9C:2F:9D:82:20:A3,-21,,0.000000,0.000000,0.000,0.000,Client
2026-05-06 17:38:16,1900-01-00 00:00:00,dlink-615_EXT,40:86:CB:27:D2:0C,-21, WPA2 ,0.000000,0.000000,0.000,0.000,AP
2026-05-06 17:38:16,1900-01-00 00:00:00,,9C:2F:9D:82:20:A3,-21,,0.000000,0.000000,0.000,0.000,Client
2026-05-06 17:38:16,1900-01-00 00:00:00,dlink-615_EXT,40:86:CB:27:D2:0C,-23, WPA2 ,0.000000,0.000000,0.000,0.000,AP
2026-05-06 17:38:16,1900-01-00 00:00:00,,9C:2F:9D:82:20:A3,-23,,0.000000,0.000000,0.000,0.000,Client
2026-05-06 17:38:16,1900-01-00 00:00:00,dlink-615_EXT,40:86:CB:27:D2:0C,-21, WPA2 ,0.000000,0.000000,0.000,0.000,AP
2026-05-06 17:38:16,1900-01-00 00:00:00,,9C:2F:9D:82:20:A3,-21,,0.000000,0.000000,0.000,0.000,Client
2026-05-06 17:38:16,1900-01-00 00:00:00,dlink-615_EXT,40:86:CB:27:D2:0C,-21, WPA2 ,0.000000,0.000000,0.000,0.000,AP
2026-05-06 17:38:16,1900-01-00 00:00:00,,9C:2F:9D:82:20:A3,-21,,0.000000,0.000000,0.000,0.000,Client
2026-05-06 17:38:16,1900-01-00 00:00:00,dlink-615_EXT,40:86:CB:27:D2:0C,-21, WPA2 ,0.000000,0.000000,0.000,0.000,AP
2026-05-06 17:38:16,1900-01-00 00:00:00,,9C:2F:9D:82:20:A3,-23,,0.000000,0.000000,0.000,0.000,Client
2026-05-06 17:38:16,1900-01-00 00:00:00,dlink-615_EXT,40:86:CB:27:D2:0C,-21, WPA2 ,0.000000,0.000000,0.000,0.000,AP
2026-05-06 17:38:16,1900-01-00 00:00:00,,9C:2F:9D:82:20:A3,-21,,0.000000,0.000000,0.000,0.000,Client
2026-05-06 17:38:16,1900-01-00 00:00:00,dlink-615_EXT,40:86:CB:27:D2:0C,-21, WPA2 ,0.000000,0.000000,0.000,0.000,AP
2026-05-06 17:38:16,1900-01-00 00:00:00,,9C:2F:9D:82:20:A3,-21,,0.000000,0.000000,0.000,0.000,Client
2026-05-06 17:38:16,1900-01-00 00:00:00,dlink-615_EXT,40:86:CB:27:D2:0C,-23, WPA2 ,0.000000,0.000000,0.000,0.000,AP
2026-05-06 17:38:16,1900-01-00 00:00:00,,9C:2F:9D:82:20:A3,-23,,0.000000,0.000000,0.000,0.000,Client
2026-05-06 17:38:16,1900-01-00 00:00:00,dlink-615_EXT,40:86:CB:27:D2:0C,-21, WPA2 ,0.000000,0.000000,0.000,0.000,AP
2026-05-06 17:38:16,1900-01-00 00:00:00,,9C:2F:9D:82:20:A3,-21,,0.000000,0.000000,0.000,0.000,Client
2026-05-06 17:38:16,1900-01-00 00:00:00,dlink-615_EXT,40:86:CB:27:D2:0C,-21, WPA2 ,0.000000,0.000000,0.000,0.000,AP
2026-05-06 17:38:16,1900-01-00 00:00:00,,9C:2F:9D:82:20:A3,-21,,0.000000,0.000000,0.000,0.000,Client
2026-05-06 17:38:16,1900-01-00 00:00:00,dlink-615_EXT,40:86:CB:27:D2:0C,-23, WPA2 ,0.000000,0.000000,0.000,0.000,AP
2026-05-06 17:38:16,1900-01-00 00:00:00,,9C:2F:9D:82:20:A3,-65,,0.000000,0.000000,0.000,0.000,Client
2026-05-06 17:38:16,1900-01-00 00:00:00,dlink-615_EXT,40:86:CB:27:D2:0C,-21, WPA2 ,0.000000,0.000000,0.000,0.000,AP
2026-05-06 17:38:16,1900-01-00 00:00:00,,9C:2F:9D:82:20:A3,-21,,0.000000,0.000000,0.000,0.000,Client
2026-05-06 17:38:16,1900-01-00 00:00:00,dlink-615_EXT,40:86:CB:27:D2:0C,-23, WPA2 ,0.000000,0.000000,0.000,0.000,AP
2026-05-06 17:38:16,1900-01-00 00:00:00,,9C:2F:9D:82:20:A3,-23,,0.000000,0.000000,0.000,0.000,Client
2026-05-06 17:38:16,1900-01-00 00:00:00,dlink-615_EXT,40:86:CB:27:D2:0C,-23, WPA2 ,0.000000,0.000000,0.000,0.000,AP
2026-05-06 17:38:16,1900-01-00 00:00:00,,9C:2F:9D:82:20:A3,-21,,0.000000,0.000000,0.000,0.000,Client
2026-05-06 17:38:16,1900-01-00 00:00:00,dlink-615_EXT,40:86:CB:27:D2:0C,-21, WPA2 ,0.000000,0.000000,0.000,0.000,AP
2026-05-06 17:38:16,1900-01-00 00:00:00,,9C:2F:9D:82:20:A3,-21,,0.000000,0.000000,0.000,0.000,Client
2026-05-06 17:38:16,1900-01-00 00:00:00,dlink-615_EXT,40:86:CB:27:D2:0C,-21, WPA2 ,0.000000,0.000000,0.000,0.000,AP
2026-05-06 17:38:16,1900-01-00 00:00:00,,9C:2F:9D:82:20:A3,-21,,0.000000,0.000000,0.000,0.000,Client
2026-05-06 17:38:16,1900-01-00 00:00:00,dlink-615_EXT,40:86:CB:27:D2:0C,-23, WPA2 ,0.000000,0.000000,0.000,0.000,AP
2026-05-06 17:38:16,1900-01-00 00:00:00,,9C:2F:9D:82:20:A3,-23,,0.000000,0.000000,0.000,0.000,Client
2026-05-06 17:38:16,1900-01-00 00:00:00,dlink-615_EXT,40:86:CB:27:D2:0C,-21, WPA2 ,0.000000,0.000000,0.000,0.000,AP
2026-05-06 17:38:16,1900-01-00 00:00:00,,9C:2F:9D:82:20:A3,-21,,0.000000,0.000000,0.000,0.000,Client
2026-05-06 17:38:16,1900-01-00 00:00:00,dlink-615_EXT,40:86:CB:27:D2:0C,-21, WPA2 ,0.000000,0.000000,0.000,0.000,AP
2026-05-06 17:38:16,1900-01-00 00:00:00,,9C:2F:9D:82:20:A3,-21,,0.000000,0.000000,0.000,0.000,Client
2026-05-06 17:38:16,1900-01-00 00:00:00,dlink-615_EXT,40:86:CB:27:D2:0C,-21, WPA2 ,0.000000,0.000000,0.000,0.000,AP
2026-05-06 17:38:16,1900-01-00 00:00:00,,9C:2F:9D:82:20:A3,-21,,0.000000,0.000000,0.000,0.000,Client
2026-05-06 17:38:16,1900-01-00 00:00:00,dlink-615_EXT,40:86:CB:27:D2:0C,-21, WPA2 ,0.000000,0.000000,0.000,0.000,AP
2026-05-06 17:38:16,1900-01-00 00:00:00,,9C:2F:9D:82:20:A3,-21,,0.000000,0.000000,0.000,0.000,Client
2026-05-06 17:38:16,1900-01-00 00:00:00,dlink-615_EXT,40:86:CB:27:D2:0C,-21, WPA2 ,0.000000,0.000000,0.000,0.000,AP
2026-05-06 17:38:16,1900-01-00 00:00:00,,9C:2F:9D:82:20:A3,-21,,0.000000,0.000000,0.000,0.000,Client
2026-05-06 17:38:16,1900-01-00 00:00:00,dlink-615_EXT,40:86:CB:27:D2:0C,-21, WPA2 ,0.000000,0.000000,0.000,0.000,AP
2026-05-06 17:38:16,1900-01-00 00:00:00,dlink-615_EXT,40:86:CB:27:D2:0C,-21, WPA2 ,0.000000,0.000000,0.000,0.000,AP
2026-05-06 17:38:16,1900-01-00 00:00:00,,9C:2F:9D:82:20:A3,-23,,0.000000,0.000000,0.000,0.000,Client
2026-05-06 17:38:16,1900-01-00 00:00:00,dlink-615_EXT,40:86:CB:27:D2:0C,-23, WPA2 ,0.000000,0.000000,0.000,0.000,AP
2026-05-06 17:38:16,1900-01-00 00:00:00,,9C:2F:9D:82:20:A3,-23,,0.000000,0.000000,0.000,0.000,Client
2026-05-06 17:38:17,1900-01-00 00:00:00,dlink-615_EXT,40:86:CB:27:D2:0C,-21, WPA2 ,0.000000,0.000000,0.000,0.000,AP
2026-05-06 17:38:17,1900-01-00 00:00:00,dlink-615_EXT,40:86:CB:27:D2:0C,-63, WPA2 ,0.000000,0.000000,0.000,0.000,AP
2026-05-06 17:38:17,1900-01-00 00:00:00,,9C:2F:9D:82:20:A3,-63,,0.000000,0.000000,0.000,0.000,Client
2026-05-06 17:38:17,1900-01-00 00:00:00,dlink-615_EXT,40:86:CB:27:D2:0C,-63, WPA2 ,0.000000,0.000000,0.000,0.000,AP
2026-05-06 17:38:17,1900-01-00 00:00:00,,9C:2F:9D:82:20:A3,-21,,0.000000,0.000000,0.000,0.000,Client
2026-05-06 17:38:17,1900-01-00 00:00:00,dlink-615_EXT,40:86:CB:27:D2:0C,-21, WPA2 ,0.000000,0.000000,0.000,0.000,AP
2026-05-06 17:38:17,1900-01-00 00:00:00,dlink-615_EXT,40:86:CB:27:D2:0C,-21, WPA2 ,0.000000,0.000000,0.000,0.000,AP
2026-05-06 17:38:17,1900-01-00 00:00:00,,9C:2F:9D:82:20:A3,-21,,0.000000,0.000000,0.000,0.000,Client
2026-05-06 17:38:17,1900-01-00 00:00:00,dlink-615_EXT,40:86:CB:27:D2:0C,-21, WPA2 ,0.000000,0.000000,0.000,0.000,AP
2026-05-06 17:38:17,1900-01-00 00:00:00,,9C:2F:9D:82:20:A3,-21,,0.000000,0.000000,0.000,0.000,Client
2026-05-06 17:38:17,1900-01-00 00:00:00,dlink-615_EXT,40:86:CB:27:D2:0C,-23, WPA2 ,0.000000,0.000000,0.000,0.000,AP
2026-05-06 17:38:17,1900-01-00 00:00:00,,9C:2F:9D:82:20:A3,-23,,0.000000,0.000000,0.000,0.000,Client
2026-05-06 17:38:17,1900-01-00 00:00:00,dlink-615_EXT,40:86:CB:27:D2:0C,-23, WPA2 ,0.000000,0.000000,0.000,0.000,AP
2026-05-06 17:38:17,1900-01-00 00:00:00,,9C:2F:9D:82:20:A3,-23,,0.000000,0.000000,0.000,0.000,Client
2026-05-06 17:38:17,1900-01-00 00:00:00,dlink-615_EXT,40:86:CB:27:D2:0C,-21, WPA2 ,0.000000,0.000000,0.000,0.000,AP
2026-05-06 17:38:17,1900-01-00 00:00:00,,9C:2F:9D:82:20:A3,-21,,0.000000,0.000000,0.000,0.000,Client
2026-05-06 17:38:17,1900-01-00 00:00:00,dlink-615_EXT,40:86:CB:27:D2:0C,-21, WPA2 ,0.000000,0.000000,0.000,0.000,AP
2026-05-06 17:38:17,1900-01-00 00:00:00,,9C:2F:9D:82:20:A3,-21,,0.000000,0.000000,0.000,0.000,Client
2026-05-06 17:38:17,1900-01-00 00:00:00,dlink-615_EXT,40:86:CB:27:D2:0C,-21, WPA2 ,0.000000,0.000000,0.000,0.000,AP
2026-05-06 17:38:17,1900-01-00 00:00:00,,9C:2F:9D:82:20:A3,-21,,0.000000,0.000000,0.000,0.000,Client
2026-05-06 17:38:17,1900-01-00 00:00:00,dlink-615_EXT,40:86:CB:27:D2:0C,-21, WPA2 ,0.000000,0.000000,0.000,0.000,AP
2026-05-06 17:38:17,1900-01-00 00:00:00,,9C:2F:9D:82:20:A3,-21,,0.000000,0.000000,0.000,0.000,Client
2026-05-06 17:38:17,1900-01-00 00:00:00,dlink-615_EXT,40:86:CB:27:D2:0C,-21, WPA2 ,0.000000,0.000000,0.000,0.000,AP
2026-05-06 17:38:17,1900-01-00 00:00:00,,9C:2F:9D:82:20:A3,-21,,0.000000,0.000000,0.000,0.000,Client
2026-05-06 17:38:17,1900-01-00 00:00:00,dlink-615_EXT,40:86:CB:27:D2:0C,-21, WPA2 ,0.000000,0.000000,0.000,0.000,AP
2026-05-06 17:38:17,1900-01-00 00:00:00,,9C:2F:9D:82:20:A3,-21,,0.000000,0.000000,0.000,0.000,Client
2026-05-06 17:38:17,1900-01-00 00:00:00,dlink-615_EXT,40:86:CB:27:D2:0C,-23, WPA2 ,0.000000,0.000000,0.000,0.000,AP
2026-05-06 17:38:17,1900-01-00 00:00:00,,9C:2F:9D:82:20:A3,-23,,0.000000,0.000000,0.000,0.000,Client
2026-05-06 17:38:17,1900-01-00 00:00:00,dlink-615_EXT,40:86:CB:27:D2:0C,-21, WPA2 ,0.000000,0.000000,0.000,0.000,AP
2026-05-06 17:38:17,1900-01-00 00:00:00,,9C:2F:9D:82:20:A3,-21,,0.000000,0.000000,0.000,0.000,Client
2026-05-06 17:38:17,1900-01-00 00:00:00,dlink-615_EXT,40:86:CB:27:D2:0C,-21, WPA2 ,0.000000,0.000000,0.000,0.000,AP
2026-05-06 17:38:17,1900-01-00 00:00:00,,9C:2F:9D:82:20:A3,-21,,0.000000,0.000000,0.000,0.000,Client
2026-05-06 17:38:17,1900-01-00 00:00:00,dlink-615_EXT,40:86:CB:27:D2:0C,-23, WPA2 ,0.000000,0.000000,0.000,0.000,AP
2026-05-06 17:38:17,1900-01-00 00:00:00,,9C:2F:9D:82:20:A3,-23,,0.000000,0.000000,0.000,0.000,Client
2026-05-06 17:38:17,1900-01-00 00:00:00,dlink-615_EXT,40:86:CB:27:D2:0C,-23, WPA2 ,0.000000,0.000000,0.000,0.000,AP
2026-05-06 17:38:17,1900-01-00 00:00:00,,9C:2F:9D:82:20:A3,-23,,0.000000,0.000000,0.000,0.000,Client
2026-05-06 17:38:17,1900-01-00 00:00:00,dlink-615_EXT,40:86:CB:27:D2:0C,-21, WPA2 ,0.000000,0.000000,0.000,0.000,AP
2026-05-06 17:38:17,1900-01-00 00:00:00,,9C:2F:9D:82:20:A3,-21,,0.000000,0.000000,0.000,0.000,Client
2026-05-06 17:38:17,1900-01-00 00:00:00,dlink-615_EXT,40:86:CB:27:D2:0C,-21, WPA2 ,0.000000,0.000000,0.000,0.000,AP
2026-05-06 17:38:17,1900-01-00 00:00:00,dlink-615_EXT,40:86:CB:27:D2:0C,-23, WPA2 ,0.000000,0.000000,0.000,0.000,AP
2026-05-06 17:38:17,1900-01-00 00:00:00,,9C:2F:9D:82:20:A3,-23,,0.000000,0.000000,0.000,0.000,Client
2026-05-06 17:38:17,1900-01-00 00:00:00,dlink-615_EXT,40:86:CB:27:D2:0C,-21, WPA2 ,0.000000,0.000000,0.000,0.000,AP
2026-05-06 17:38:17,1900-01-00 00:00:00,,9C:2F:9D:82:20:A3,-21,,0.000000,0.000000,0.000,0.000,Client
2026-05-06 17:38:17,1900-01-00 00:00:00,dlink-615_EXT,40:86:CB:27:D2:0C,-21, WPA2 ,0.000000,0.000000,0.000,0.000,AP
2026-05-06 17:38:17,1900-01-00 00:00:00,,9C:2F:9D:82:20:A3,-21,,0.000000,0.000000,0.000,0.000,Client
2026-05-06 17:38:17,1900-01-00 00:00:00,dlink-615_EXT,40:86:CB:27:D2:0C,-21, WPA2 ,0.000000,0.000000,0.000,0.000,AP
2026-05-06 17:38:17,1900-01-00 00:00:00,,9C:2F:9D:82:20:A3,-21,,0.000000,0.000000,0.000,0.000,Client
2026-05-06 17:38:17,1900-01-00 00:00:00,dlink-615_EXT,40:86:CB:27:D2:0C,-21, WPA2 ,0.000000,0.000000,0.000,0.000,AP
2026-05-06 17:38:17,1900-01-00 00:00:00,,9C:2F:9D:82:20:A3,-21,,0.000000,0.000000,0.000,0.000,Client
2026-05-06 17:38:17,1900-01-00 00:00:00,dlink-615_EXT,40:86:CB:27:D2:0C,-23, WPA2 ,0.000000,0.000000,0.000,0.000,AP
2026-05-06 17:38:17,1900-01-00 00:00:00,,9C:2F:9D:82:20:A3,-23,,0.000000,0.000000,0.000,0.000,Client
2026-05-06 17:38:17,1900-01-00 00:00:00,dlink-615_EXT,40:86:CB:27:D2:0C,-23, WPA2 ,0.000000,0.000000,0.000,0.000,AP
2026-05-06 17:38:17,1900-01-00 00:00:00,,9C:2F:9D:82:20:A3,-23,,0.000000,0.000000,0.000,0.000,Client
2026-05-06 17:38:17,1900-01-00 00:00:00,dlink-615_EXT,40:86:CB:27:D2:0C,-21, WPA2 ,0.000000,0.000000,0.000,0.000,AP
2026-05-06 17:38:17,1900-01-00 00:00:00,,9C:2F:9D:82:20:A3,-21,,0.000000,0.000000,0.000,0.000,Client
2026-05-06 17:38:17,1900-01-00 00:00:00,dlink-615_EXT,40:86:CB:27:D2:0C,-23, WPA2 ,0.000000,0.000000,0.000,0.000,AP
2026-05-06 17:38:17,1900-01-00 00:00:00,,9C:2F:9D:82:20:A3,-23,,0.000000,0.000000,0.000,0.000,Client
2026-05-06 17:38:17,1900-01-00 00:00:00,dlink-615_EXT,40:86:CB:27:D2:0C,-23, WPA2 ,0.000000,0.000000,0.000,0.000,AP
2026-05-06 17:38:17,1900-01-00 00:00:00,,9C:2F:9D:82:20:A3,-23,,0.000000,0.000000,0.000,0.000,Client
2026-05-06 17:38:17,1900-01-00 00:00:00,dlink-615_EXT,40:86:CB:27:D2:0C,-21, WPA2 ,0.000000,0.000000,0.000,0.000,AP
2026-05-06 17:38:17,1900-01-00 00:00:00,,9C:2F:9D:82:20:A3,-21,,0.000000,0.000000,0.000,0.000,Client
2026-05-06 17:38:17,1900-01-00 00:00:00,dlink-615_EXT,40:86:CB:27:D2:0C,-21, WPA2 ,0.000000,0.000000,0.000,0.000,AP
2026-05-06 17:38:17,1900-01-00 00:00:00,,9C:2F:9D:82:20:A3,-21,,0.000000,0.000000,0.000,0.000,Client
2026-05-06 17:38:17,1900-01-00 00:00:00,dlink-615_EXT,40:86:CB:27:D2:0C,-23, WPA2 ,0.000000,0.000000,0.000,0.000,AP
2026-05-06 17:38:17,1900-01-00 00:00:00,,9C:2F:9D:82:20:A3,-23,,0.000000,0.000000,0.000,0.000,Client
2026-05-06 17:38:17,1900-01-00 00:00:00,dlink-615_EXT,40:86:CB:27:D2:0C,-23, WPA2 ,0.000000,0.000000,0.000,0.000,AP
2026-05-06 17:38:17,1900-01-00 00:00:00,,9C:2F:9D:82:20:A3,-23,,0.000000,0.000000,0.000,0.000,Client
2026-05-06 17:38:17,1900-01-00 00:00:00,dlink-615_EXT,40:86:CB:27:D2:0C,-23, WPA2 ,0.000000,0.000000,0.000,0.000,AP
2026-05-06 17:38:17,1900-01-00 00:00:00,,9C:2F:9D:82:20:A3,-23,,0.000000,0.000000,0.000,0.000,Client
2026-05-06 17:38:17,1900-01-00 00:00:00,dlink-615_EXT,40:86:CB:27:D2:0C,-21, WPA2 ,0.000000,0.000000,0.000,0.000,AP
2026-05-06 17:38:17,1900-01-00 00:00:00,dlink-615_EXT,40:86:CB:27:D2:0C,-21, WPA2 ,0.000000,0.000000,0.000,0.000,AP
2026-05-06 17:38:17,1900-01-00 00:00:00,,9C:2F:9D:82:20:A3,-21,,0.000000,0.000000,0.000,0.000,Client
2026-05-06 17:38:17,1900-01-00 00:00:00,dlink-615_EXT,40:86:CB:27:D2:0C,-23, WPA2 ,0.000000,0.000000,0.000,0.000,AP
2026-05-06 17:38:17,1900-01-00 00:00:00,,9C:2F:9D:82:20:A3,-23,,0.000000,0.000000,0.000,0.000,Client
2026-05-06 17:38:17,1900-01-00 00:00:00,dlink-615_EXT,40:86:CB:27:D2:0C,-21, WPA2 ,0.000000,0.000000,0.000,0.000,AP
2026-05-06 17:38:17,1900-01-00 00:00:00,,9C:2F:9D:82:20:A3,-21,,0.000000,0.000000,0.000,0.000,Client
2026-05-06 17:38:17,1900-01-00 00:00:00,dlink-615_EXT,40:86:CB:27:D2:0C,-21, WPA2 ,0.000000,0.000000,0.000,0.000,AP
2026-05-06 17:38:17,1900-01-00 00:00:00,,9C:2F:9D:82:20:A3,-21,,0.000000,0.000000,0.000,0.000,Client
2026-05-06 17:38:17,1900-01-00 00:00:00,dlink-615_EXT,40:86:CB:27:D2:0C,-21, WPA2 ,0.000000,0.000000,0.000,0.000,AP
2026-05-06 17:38:17,1900-01-00 00:00:00,,9C:2F:9D:82:20:A3,-21,,0.000000,0.000000,0.000,0.000,Client
2026-05-06 17:38:17,1900-01-00 00:00:00,dlink-615_EXT,40:86:CB:27:D2:0C,-23, WPA2 ,0.000000,0.000000,0.000,0.000,AP
2026-05-06 17:38:17,1900-01-00 00:00:00,,9C:2F:9D:82:20:A3,-23,,0.000000,0.000000,0.000,0.000,Client
2026-05-06 17:38:17,1900-01-00 00:00:00,dlink-615_EXT,40:86:CB:27:D2:0C,-23, WPA2 ,0.000000,0.000000,0.000,0.000,AP
2026-05-06 17:38:17,1900-01-00 00:00:00,,9C:2F:9D:82:20:A3,-23,,0.000000,0.000000,0.000,0.000,Client
2026-05-06 17:38:17,1900-01-00 00:00:00,dlink-615_EXT,40:86:CB:27:D2:0C,-21, WPA2 ,0.000000,0.000000,0.000,0.000,AP
2026-05-06 17:38:17,1900-01-00 00:00:00,,9C:2F:9D:82:20:A3,-21,,0.000000,0.000000,0.000,0.000,Client
2026-05-06 17:38:17,1900-01-00 00:00:00,dlink-615_EXT,40:86:CB:27:D2:0C,-23, WPA2 ,0.000000,0.000000,0.000,0.000,AP
2026-05-06 17:38:17,1900-01-00 00:00:00,,9C:2F:9D:82:20:A3,-23,,0.000000,0.000000,0.000,0.000,Client
2026-05-06 17:38:17,1900-01-00 00:00:00,dlink-615_EXT,40:86:CB:27:D2:0C,-21, WPA2 ,0.000000,0.000000,0.000,0.000,AP
2026-05-06 17:38:17,1900-01-00 00:00:00,,9C:2F:9D:82:20:A3,-21,,0.000000,0.000000,0.000,0.000,Client
2026-05-06 17:38:17,1900-01-00 00:00:00,dlink-615_EXT,40:86:CB:27:D2:0C,-23, WPA2 ,0.000000,0.000000,0.000,0.000,AP
2026-05-06 17:38:17,1900-01-00 00:00:00,,9C:2F:9D:82:20:A3,-23,,0.000000,0.000000,0.000,0.000,Client
2026-05-06 17:38:17,1900-01-00 00:00:00,dlink-615_EXT,40:86:CB:27:D2:0C,-21, WPA2 ,0.000000,0.000000,0.000,0.000,AP
2026-05-06 17:38:17,1900-01-00 00:00:00,,9C:2F:9D:82:20:A3,-21,,0.000000,0.000000,0.000,0.000,Client
2026-05-06 17:38:17,1900-01-00 00:00:00,dlink-615_EXT,40:86:CB:27:D2:0C,-21, WPA2 ,0.000000,0.000000,0.000,0.000,AP
2026-05-06 17:38:17,1900-01-00 00:00:00,,9C:2F:9D:82:20:A3,-21,,0.000000,0.000000,0.000,0.000,Client
2026-05-06 17:38:17,1900-01-00 00:00:00,dlink-615_EXT,40:86:CB:27:D2:0C,-23, WPA2 ,0.000000,0.000000,0.000,0.000,AP
2026-05-06 17:38:17,1900-01-00 00:00:00,,9C:2F:9D:82:20:A3,-23,,0.000000,0.000000,0.000,0.000,Client
2026-05-06 17:38:17,1900-01-00 00:00:00,dlink-615_EXT,40:86:CB:27:D2:0C,-23, WPA2 ,0.000000,0.000000,0.000,0.000,AP
2026-05-06 17:38:17,1900-01-00 00:00:00,,9C:2F:9D:82:20:A3,-23,,0.000000,0.000000,0.000,0.000,Client
2026-05-06 17:38:17,1900-01-00 00:00:00,dlink-615_EXT,40:86:CB:27:D2:0C,-23, WPA2 ,0.000000,0.000000,0.000,0.000,AP
2026-05-06 17:38:17,1900-01-00 00:00:00,,9C:2F:9D:82:20:A3,-23,,0.000000,0.000000,0.000,0.000,Client
2026-05-06 17:38:17,1900-01-00 00:00:00,dlink-615_EXT,40:86:CB:27:D2:0C,-21, WPA2 ,0.000000,0.000000,0.000,0.000,AP
2026-05-06 17:38:17,1900-01-00 00:00:00,,9C:2F:9D:82:20:A3,-21,,0.000000,0.000000,0.000,0.000,Client
2026-05-06 17:38:17,1900-01-00 00:00:00,dlink-615_EXT,40:86:CB:27:D2:0C,-21, WPA2 ,0.000000,0.000000,0.000,0.000,AP
2026-05-06 17:38:17,1900-01-00 00:00:00,dlink-615_EXT,40:86:CB:27:D2:0C,-23, WPA2 ,0.000000,0.000000,0.000,0.000,AP
2026-05-06 17:38:17,1900-01-00 00:00:00,,9C:2F:9D:82:20:A3,-23,,0.000000,0.000000,0.000,0.000,Client
2026-05-06 17:38:17,1900-01-00 00:00:00,dlink-615_EXT,40:86:CB:27:D2:0C,-23, WPA2 ,0.000000,0.000000,0.000,0.000,AP
2026-05-06 17:38:17,1900-01-00 00:00:00,,9C:2F:9D:82:20:A3,-23,,0.000000,0.000000,0.000,0.000,Client
2026-05-06 17:38:17,1900-01-00 00:00:00,dlink-615_EXT,40:86:CB:27:D2:0C,-23, WPA2 ,0.000000,0.000000,0.000,0.000,AP
2026-05-06 17:38:17,1900-01-00 00:00:00,,9C:2F:9D:82:20:A3,-23,,0.000000,0.000000,0.000,0.000,Client
2026-05-06 17:38:17,1900-01-00 00:00:00,dlink-615_EXT,40:86:CB:27:D2:0C,-23, WPA2 ,0.000000,0.000000,0.000,0.000,AP
2026-05-06 17:38:17,1900-01-00 00:00:00,,9C:2F:9D:82:20:A3,-21,,0.000000,0.000000,0.000,0.000,Client
2026-05-06 17:38:17,1900-01-00 00:00:00,dlink-615_EXT,40:86:CB:27:D2:0C,-23, WPA2 ,0.000000,0.000000,0.000,0.000,AP
2026-05-06 17:38:17,1900-01-00 00:00:00,,9C:2F:9D:82:20:A3,-23,,0.000000,0.000000,0.000,0.000,Client
2026-05-06 17:38:17,1900-01-00 00:00:00,dlink-615_EXT,40:86:CB:27:D2:0C,-21, WPA2 ,0.000000,0.000000,0.000,0.000,AP
2026-05-06 17:38:17,1900-01-00 00:00:00,,9C:2F:9D:82:20:A3,-21,,0.000000,0.000000,0.000,0.000,Client
2026-05-06 17:38:17,1900-01-00 00:00:00,dlink-615_EXT,40:86:CB:27:D2:0C,-21, WPA2 ,0.000000,0.000000,0.000,0.000,AP
2026-05-06 17:38:17,1900-01-00 00:00:00,,9C:2F:9D:82:20:A3,-21,,0.000000,0.000000,0.000,0.000,Client
2026-05-06 17:38:17,1900-01-00 00:00:00,dlink-615_EXT,40:86:CB:27:D2:0C,-21, WPA2 ,0.000000,0.000000,0.000,0.000,AP
2026-05-06 17:38:17,1900-01-00 00:00:00,,9C:2F:9D:82:20:A3,-21,,0.000000,0.000000,0.000,0.000,Client
2026-05-06 17:38:17,1900-01-00 00:00:00,dlink-615_EXT,40:86:CB:27:D2:0C,-21, WPA2 ,0.000000,0.000000,0.000,0.000,AP
2026-05-06 17:38:17,1900-01-00 00:00:00,,9C:2F:9D:82:20:A3,-23,,0.000000,0.000000,0.000,0.000,Client
2026-05-06 17:38:17,1900-01-00 00:00:00,dlink-615_EXT,40:86:CB:27:D2:0C,-23, WPA2 ,0.000000,0.000000,0.000,0.000,AP
2026-05-06 17:38:17,1900-01-00 00:00:00,,9C:2F:9D:82:20:A3,-23,,0.000000,0.000000,0.000,0.000,Client
2026-05-06 17:38:17,1900-01-00 00:00:00,dlink-615_EXT,40:86:CB:27:D2:0C,-21, WPA2 ,0.000000,0.000000,0.000,0.000,AP
2026-05-06 17:38:17,1900-01-00 00:00:00,,9C:2F:9D:82:20:A3,-21,,0.000000,0.000000,0.000,0.000,Client
2026-05-06 17:38:17,1900-01-00 00:00:00,dlink-615_EXT,40:86:CB:27:D2:0C,-23, WPA2 ,0.000000,0.000000,0.000,0.000,AP
2026-05-06 17:38:17,1900-01-00 00:00:00,,9C:2F:9D:82:20:A3,-23,,0.000000,0.000000,0.000,0.000,Client
2026-05-06 17:38:17,1900-01-00 00:00:00,dlink-615_EXT,40:86:CB:27:D2:0C,-21, WPA2 ,0.000000,0.000000,0.000,0.000,AP
2026-05-06 17:38:17,1900-01-00 00:00:00,,9C:2F:9D:82:20:A3,-21,,0.000000,0.000000,0.000,0.000,Client
2026-05-06 17:38:17,1900-01-00 00:00:00,dlink-615_EXT,40:86:CB:27:D2:0C,-21, WPA2 ,0.000000,0.000000,0.000,0.000,AP
2026-05-06 17:38:17,1900-01-00 00:00:00,,9C:2F:9D:82:20:A3,-21,,0.000000,0.000000,0.000,0.000,Client
2026-05-06 17:38:17,1900-01-00 00:00:00,dlink-615_EXT,40:86:CB:27:D2:0C,-21, WPA2 ,0.000000,0.000000,0.000,0.000,AP
2026-05-06 17:38:17,1900-01-00 00:00:00,,9C:2F:9D:82:20:A3,-21,,0.000000,0.000000,0.000,0.000,Client
2026-05-06 17:38:17,1900-01-00 00:00:00,dlink-615_EXT,40:86:CB:27:D2:0C,-25, WPA2 ,0.000000,0.000000,0.000,0.000,AP
2026-05-06 17:38:17,1900-01-00 00:00:00,,9C:2F:9D:82:20:A3,-25,,0.000000,0.000000,0.000,0.000,Client
2026-05-06 17:38:17,1900-01-00 00:00:00,dlink-615_EXT,40:86:CB:27:D2:0C,-23, WPA2 ,0.000000,0.000000,0.000,0.000,AP
2026-05-06 17:38:17,1900-01-00 00:00:00,,9C:2F:9D:82:20:A3,-23,,0.000000,0.000000,0.000,0.000,Client
2026-05-06 17:38:17,1900-01-00 00:00:00,dlink-615_EXT,40:86:CB:27:D2:0C,-23, WPA2 ,0.000000,0.000000,0.000,0.000,AP
2026-05-06 17:38:17,1900-01-00 00:00:00,,9C:2F:9D:82:20:A3,-23,,0.000000,0.000000,0.000,0.000,Client
2026-05-06 17:38:17,1900-01-00 00:00:00,dlink-615_EXT,40:86:CB:27:D2:0C,-23, WPA2 ,0.000000,0.000000,0.000,0.000,AP
2026-05-06 17:38:17,1900-01-00 00:00:00,,9C:2F:9D:82:20:A3,-23,,0.000000,0.000000,0.000,0.000,Client
2026-05-06 17:38:17,1900-01-00 00:00:00,dlink-615_EXT,40:86:CB:27:D2:0C,-21, WPA2 ,0.000000,0.000000,0.000,0.000,AP
2026-05-06 17:38:17,1900-01-00 00:00:00,,9C:2F:9D:82:20:A3,-21,,0.000000,0.000000,0.000,0.000,Client
2026-05-06 17:38:17,1900-01-00 00:00:00,dlink-615_EXT,40:86:CB:27:D2:0C,-23, WPA2 ,0.000000,0.000000,0.000,0.000,AP
2026-05-06 17:38:17,1900-01-00 00:00:00,,9C:2F:9D:82:20:A3,-23,,0.000000,0.000000,0.000,0.000,Client
2026-05-06 17:38:17,1900-01-00 00:00:00,dlink-615_EXT,40:86:CB:27:D2:0C,-23, WPA2 ,0.000000,0.000000,0.000,0.000,AP
2026-05-06 17:38:17,1900-01-00 00:00:00,dlink-615_EXT,40:86:CB:27:D2:0C,-23, WPA2 ,0.000000,0.000000,0.000,0.000,AP
2026-05-06 17:38:17,1900-01-00 00:00:00,,9C:2F:9D:82:20:A3,-23,,0.000000,0.000000,0.000,0.000,Client
2026-05-06 17:38:17,1900-01-00 00:00:00,dlink-615_EXT,40:86:CB:27:D2:0C,-23, WPA2 ,0.000000,0.000000,0.000,0.000,AP
2026-05-06 17:38:17,1900-01-00 00:00:00,,9C:2F:9D:82:20:A3,-23,,0.000000,0.000000,0.000,0.000,Client
2026-05-06 17:38:17,1900-01-00 00:00:00,dlink-615_EXT,40:86:CB:27:D2:0C,-21, WPA2 ,0.000000,0.000000,0.000,0.000,AP
2026-05-06 17:38:17,1900-01-00 00:00:00,,9C:2F:9D:82:20:A3,-21,,0.000000,0.000000,0.000,0.000,Client
2026-05-06 17:38:17,1900-01-00 00:00:00,dlink-615_EXT,40:86:CB:27:D2:0C,-23, WPA2 ,0.000000,0.000000,0.000,0.000,AP
2026-05-06 17:38:17,1900-01-00 00:00:00,,9C:2F:9D:82:20:A3,-23,,0.000000,0.000000,0.000,0.000,Client
2026-05-06 17:38:17,1900-01-00 00:00:00,dlink-615_EXT,40:86:CB:27:D2:0C,-23, WPA2 ,0.000000,0.000000,0.000,0.000,AP
2026-05-06 17:38:17,1900-01-00 00:00:00,,9C:2F:9D:82:20:A3,-23,,0.000000,0.000000,0.000,0.000,Client
2026-05-06 17:38:17,1900-01-00 00:00:00,dlink-615_EXT,40:86:CB:27:D2:0C,-23, WPA2 ,0.000000,0.000000,0.000,0.000,AP
2026-05-06 17:38:17,1900-01-00 00:00:00,,9C:2F:9D:82:20:A3,-23,,0.000000,0.000000,0.000,0.000,Client
2026-05-06 17:38:17,1900-01-00 00:00:00,dlink-615_EXT,40:86:CB:27:D2:0C,-23, WPA2 ,0.000000,0.000000,0.000,0.000,AP
2026-05-06 17:38:17,1900-01-00 00:00:00,,9C:2F:9D:82:20:A3,-23,,0.000000,0.000000,0.000,0.000,Client
2026-05-06 17:38:17,1900-01-00 00:00:00,dlink-615_EXT,40:86:CB:27:D2:0C,-23, WPA2 ,0.000000,0.000000,0.000,0.000,AP
2026-05-06 17:38:17,1900-01-00 00:00:00,,9C:2F:9D:82:20:A3,-23,,0.000000,0.000000,0.000,0.000,Client
2026-05-06 17:38:17,1900-01-00 00:00:00,dlink-615_EXT,40:86:CB:27:D2:0C,-23, WPA2 ,0.000000,0.000000,0.000,0.000,AP
2026-05-06 17:38:17,1900-01-00 00:00:00,,9C:2F:9D:82:20:A3,-23,,0.000000,0.000000,0.000,0.000,Client
2026-05-06 17:38:17,1900-01-00 00:00:00,dlink-615_EXT,40:86:CB:27:D2:0C,-23, WPA2 ,0.000000,0.000000,0.000,0.000,AP
2026-05-06 17:38:17,1900-01-00 00:00:00,,9C:2F:9D:82:20:A3,-23,,0.000000,0.000000,0.000,0.000,Client
2026-05-06 17:38:17,1900-01-00 00:00:00,dlink-615_EXT,40:86:CB:27:D2:0C,-23, WPA2 ,0.000000,0.000000,0.000,0.000,AP
2026-05-06 17:38:17,1900-01-00 00:00:00,,9C:2F:9D:82:20:A3,-23,,0.000000,0.000000,0.000,0.000,Client
2026-05-06 17:38:17,1900-01-00 00:00:00,dlink-615_EXT,40:86:CB:27:D2:0C,-23, WPA2 ,0.000000,0.000000,0.000,0.000,AP
2026-05-06 17:38:17,1900-01-00 00:00:00,,9C:2F:9D:82:20:A3,-23,,0.000000,0.000000,0.000,0.000,Client
2026-05-06 17:38:17,1900-01-00 00:00:00,dlink-615_EXT,40:86:CB:27:D2:0C,-21, WPA2 ,0.000000,0.000000,0.000,0.000,AP
2026-05-06 17:38:17,1900-01-00 00:00:00,,9C:2F:9D:82:20:A3,-21,,0.000000,0.000000,0.000,0.000,Client
2026-05-06 17:38:17,1900-01-00 00:00:00,dlink-615_EXT,40:86:CB:27:D2:0C,-21, WPA2 ,0.000000,0.000000,0.000,0.000,AP
2026-05-06 17:38:17,1900-01-00 00:00:00,,9C:2F:9D:82:20:A3,-21,,0.000000,0.000000,0.000,0.000,Client
2026-05-06 17:38:17,1900-01-00 00:00:00,dlink-615_EXT,40:86:CB:27:D2:0C,-21, WPA2 ,0.000000,0.000000,0.000,0.000,AP
2026-05-06 17:38:17,1900-01-00 00:00:00,,9C:2F:9D:82:20:A3,-21,,0.000000,0.000000,0.000,0.000,Client
2026-05-06 17:38:17,1900-01-00 00:00:00,dlink-615_EXT,40:86:CB:27:D2:0C,-21, WPA2 ,0.000000,0.000000,0.000,0.000,AP
2026-05-06 17:38:17,1900-01-00 00:00:00,,9C:2F:9D:82:20:A3,-21,,0.000000,0.000000,0.000,0.000,Client
2026-05-06 17:38:17,1900-01-00 00:00:00,dlink-615_EXT,40:86:CB:27:D2:0C,-21, WPA2 ,0.000000,0.000000,0.000,0.000,AP
2026-05-06 17:38:17,1900-01-00 00:00:00,,9C:2F:9D:82:20:A3,-21,,0.000000,0.000000,0.000,0.000,Client
2026-05-06 17:38:17,1900-01-00 00:00:00,dlink-615_EXT,40:86:CB:27:D2:0C,-23, WPA2 ,0.000000,0.000000,0.000,0.000,AP
2026-05-06 17:38:17,1900-01-00 00:00:00,,9C:2F:9D:82:20:A3,-23,,0.000000,0.000000,0.000,0.000,Client
2026-05-06 17:38:17,1900-01-00 00:00:00,dlink-615_EXT,40:86:CB:27:D2:0C,-23, WPA2 ,0.000000,0.000000,0.000,0.000,AP
2026-05-06 17:38:17,1900-01-00 00:00:00,dlink-615_EXT,40:86:CB:27:D2:0C,-23, WPA2 ,0.000000,0.000000,0.000,0.000,AP
2026-05-06 17:38:17,1900-01-00 00:00:00,,9C:2F:9D:82:20:A3,-23,,0.000000,0.000000,0.000,0.000,Client
2026-05-06 17:38:17,1900-01-00 00:00:00,dlink-615_EXT,40:86:CB:27:D2:0C,-23, WPA2 ,0.000000,0.000000,0.000,0.000,AP
2026-05-06 17:38:17,1900-01-00 00:00:00,,9C:2F:9D:82:20:A3,-23,,0.000000,0.000000,0.000,0.000,Client
2026-05-06 17:38:17,1900-01-00 00:00:00,dlink-615_EXT,40:86:CB:27:D2:0C,-23, WPA2 ,0.000000,0.000000,0.000,0.000,AP
2026-05-06 17:38:17,1900-01-00 00:00:00,,9C:2F:9D:82:20:A3,-23,,0.000000,0.000000,0.000,0.000,Client
2026-05-06 17:38:17,1900-01-00 00:00:00,dlink-615_EXT,40:86:CB:27:D2:0C,-23, WPA2 ,0.000000,0.000000,0.000,0.000,AP
2026-05-06 17:38:17,1900-01-00 00:00:00,,9C:2F:9D:82:20:A3,-23,,0.000000,0.000000,0.000,0.000,Client
2026-05-06 17:38:17,1900-01-00 00:00:00,dlink-615_EXT,40:86:CB:27:D2:0C,-23, WPA2 ,0.000000,0.000000,0.000,0.000,AP
2026-05-06 17:38:17,1900-01-00 00:00:00,,9C:2F:9D:82:20:A3,-23,,0.000000,0.000000,0.000,0.000,Client
2026-05-06 17:38:17,1900-01-00 00:00:00,dlink-615_EXT,40:86:CB:27:D2:0C,-23, WPA2 ,0.000000,0.000000,0.000,0.000,AP
2026-05-06 17:38:17,1900-01-00 00:00:00,,9C:2F:9D:82:20:A3,-23,,0.000000,0.000000,0.000,0.000,Client
2026-05-06 17:38:17,1900-01-00 00:00:00,dlink-615_EXT,40:86:CB:27:D2:0C,-23, WPA2 ,0.000000,0.000000,0.000,0.000,AP
2026-05-06 17:38:17,1900-01-00 00:00:00,,9C:2F:9D:82:20:A3,-23,,0.000000,0.000000,0.000,0.000,Client
2026-05-06 17:38:17,1900-01-00 00:00:00,dlink-615_EXT,40:86:CB:27:D2:0C,-25, WPA2 ,0.000000,0.000000,0.000,0.000,AP
2026-05-06 17:38:17,1900-01-00 00:00:00,,9C:2F:9D:82:20:A3,-25,,0.000000,0.000000,0.000,0.000,Client
2026-05-06 17:38:17,1900-01-00 00:00:00,dlink-615_EXT,40:86:CB:27:D2:0C,-23, WPA2 ,0.000000,0.000000,0.000,0.000,AP
2026-05-06 17:38:17,1900-01-00 00:00:00,,9C:2F:9D:82:20:A3,-23,,0.000000,0.000000,0.000,0.000,Client
2026-05-06 17:38:17,1900-01-00 00:00:00,dlink-615_EXT,40:86:CB:27:D2:0C,-25, WPA2 ,0.000000,0.000000,0.000,0.000,AP
2026-05-06 17:38:17,1900-01-00 00:00:00,,9C:2F:9D:82:20:A3,-25,,0.000000,0.000000,0.000,0.000,Client
2026-05-06 17:38:17,1900-01-00 00:00:00,dlink-615_EXT,40:86:CB:27:D2:0C,-25, WPA2 ,0.000000,0.000000,0.000,0.000,AP
2026-05-06 17:38:17,1900-01-00 00:00:00,,9C:2F:9D:82:20:A3,-25,,0.000000,0.000000,0.000,0.000,Client
2026-05-06 17:38:17,1900-01-00 00:00:00,dlink-615_EXT,40:86:CB:27:D2:0C,-23, WPA2 ,0.000000,0.000000,0.000,0.000,AP
2026-05-06 17:38:17,1900-01-00 00:00:00,,9C:2F:9D:82:20:A3,-23,,0.000000,0.000000,0.000,0.000,Client
2026-05-06 17:38:17,1900-01-00 00:00:00,dlink-615_EXT,40:86:CB:27:D2:0C,-23, WPA2 ,0.000000,0.000000,0.000,0.000,AP
2026-05-06 17:38:17,1900-01-00 00:00:00,,9C:2F:9D:82:20:A3,-23,,0.000000,0.000000,0.000,0.000,Client
2026-05-06 17:38:17,1900-01-00 00:00:00,dlink-615_EXT,40:86:CB:27:D2:0C,-25, WPA2 ,0.000000,0.000000,0.000,0.000,AP
2026-05-06 17:38:17,1900-01-00 00:00:00,,9C:2F:9D:82:20:A3,-25,,0.000000,0.000000,0.000,0.000,Client
2026-05-06 17:38:17,1900-01-00 00:00:00,dlink-615_EXT,40:86:CB:27:D2:0C,-21, WPA2 ,0.000000,0.000000,0.000,0.000,AP
2026-05-06 17:38:17,1900-01-00 00:00:00,,9C:2F:9D:82:20:A3,-21,,0.000000,0.000000,0.000,0.000,Client
2026-05-06 17:38:17,1900-01-00 00:00:00,dlink-615_EXT,40:86:CB:27:D2:0C,-23, WPA2 ,0.000000,0.000000,0.000,0.000,AP
2026-05-06 17:38:17,1900-01-00 00:00:00,,9C:2F:9D:82:20:A3,-23,,0.000000,0.000000,0.000,0.000,Client
2026-05-06 17:38:17,1900-01-00 00:00:00,dlink-615_EXT,40:86:CB:27:D2:0C,-23, WPA2 ,0.000000,0.000000,0.000,0.000,AP
2026-05-06 17:38:17,1900-01-00 00:00:00,,9C:2F:9D:82:20:A3,-23,,0.000000,0.000000,0.000,0.000,Client
2026-05-06 17:38:17,1900-01-00 00:00:00,dlink-615_EXT,40:86:CB:27:D2:0C,-23, WPA2 ,0.000000,0.000000,0.000,0.000,AP
2026-05-06 17:38:17,1900-01-00 00:00:00,dlink-615_EXT,40:86:CB:27:D2:0C,-23, WPA2 ,0.000000,0.000000,0.000,0.000,AP
2026-05-06 17:38:17,1900-01-00 00:00:00,,9C:2F:9D:82:20:A3,-23,,0.000000,0.000000,0.000,0.000,Client
2026-05-06 17:38:17,1900-01-00 00:00:00,dlink-615_EXT,40:86:CB:27:D2:0C,-23, WPA2 ,0.000000,0.000000,0.000,0.000,AP
2026-05-06 17:38:17,1900-01-00 00:00:00,,9C:2F:9D:82:20:A3,-23,,0.000000,0.000000,0.000,0.000,Client
2026-05-06 17:38:17,1900-01-00 00:00:00,dlink-615_EXT,40:86:CB:27:D2:0C,-23, WPA2 ,0.000000,0.000000,0.000,0.000,AP
2026-05-06 17:38:17,1900-01-00 00:00:00,,9C:2F:9D:82:20:A3,-23,,0.000000,0.000000,0.000,0.000,Client
2026-05-06 17:38:18,1900-01-00 00:00:00,dlink-615_EXT,40:86:CB:27:D2:0C,-21, WPA2 ,0.000000,0.000000,0.000,0.000,AP
2026-05-06 17:38:18,1900-01-00 00:00:00,,9C:2F:9D:82:20:A3,-21,,0.000000,0.000000,0.000,0.000,Client
2026-05-06 17:38:18,1900-01-00 00:00:00,dlink-615_EXT,40:86:CB:27:D2:0C,-23, WPA2 ,0.000000,0.000000,0.000,0.000,AP
2026-05-06 17:38:18,1900-01-00 00:00:00,,9C:2F:9D:82:20:A3,-23,,0.000000,0.000000,0.000,0.000,Client
2026-05-06 17:38:18,1900-01-00 00:00:00,dlink-615_EXT,40:86:CB:27:D2:0C,-23, WPA2 ,0.000000,0.000000,0.000,0.000,AP
2026-05-06 17:38:18,1900-01-00 00:00:00,,9C:2F:9D:82:20:A3,-23,,0.000000,0.000000,0.000,0.000,Client
2026-05-06 17:38:18,1900-01-00 00:00:00,dlink-615_EXT,40:86:CB:27:D2:0C,-23, WPA2 ,0.000000,0.000000,0.000,0.000,AP
2026-05-06 17:38:18,1900-01-00 00:00:00,,9C:2F:9D:82:20:A3,-23,,0.000000,0.000000,0.000,0.000,Client
2026-05-06 17:38:18,1900-01-00 00:00:00,dlink-615_EXT,40:86:CB:27:D2:0C,-23, WPA2 ,0.000000,0.000000,0.000,0.000,AP
2026-05-06 17:38:18,1900-01-00 00:00:00,,9C:2F:9D:82:20:A3,-23,,0.000000,0.000000,0.000,0.000,Client
2026-05-06 17:38:18,1900-01-00 00:00:00,dlink-615_EXT,40:86:CB:27:D2:0C,-23, WPA2 ,0.000000,0.000000,0.000,0.000,AP
2026-05-06 17:38:18,1900-01-00 00:00:00,,9C:2F:9D:82:20:A3,-23,,0.000000,0.000000,0.000,0.000,Client
2026-05-06 17:38:18,1900-01-00 00:00:00,dlink-615_EXT,40:86:CB:27:D2:0C,-23, WPA2 ,0.000000,0.000000,0.000,0.000,AP
2026-05-06 17:38:18,1900-01-00 00:00:00,,9C:2F:9D:82:20:A3,-23,,0.000000,0.000000,0.000,0.000,Client
2026-05-06 17:38:18,1900-01-00 00:00:00,dlink-615_EXT,40:86:CB:27:D2:0C,-25, WPA2 ,0.000000,0.000000,0.000,0.000,AP
2026-05-06 17:38:18,1900-01-00 00:00:00,,9C:2F:9D:82:20:A3,-25,,0.000000,0.000000,0.000,0.000,Client
2026-05-06 17:38:18,1900-01-00 00:00:00,dlink-615_EXT,40:86:CB:27:D2:0C,-25, WPA2 ,0.000000,0.000000,0.000,0.000,AP
2026-05-06 17:38:18,1900-01-00 00:00:00,,9C:2F:9D:82:20:A3,-23,,0.000000,0.000000,0.000,0.000,Client
2026-05-06 17:38:18,1900-01-00 00:00:00,dlink-615_EXT,40:86:CB:27:D2:0C,-23, WPA2 ,0.000000,0.000000,0.000,0.000,AP
2026-05-06 17:38:18,1900-01-00 00:00:00,,9C:2F:9D:82:20:A3,-23,,0.000000,0.000000,0.000,0.000,Client
2026-05-06 17:38:18,1900-01-00 00:00:00,dlink-615_EXT,40:86:CB:27:D2:0C,-25, WPA2 ,0.000000,0.000000,0.000,0.000,AP
2026-05-06 17:38:18,1900-01-00 00:00:00,,9C:2F:9D:82:20:A3,-25,,0.000000,0.000000,0.000,0.000,Client
2026-05-06 17:38:18,1900-01-00 00:00:00,dlink-615_EXT,40:86:CB:27:D2:0C,-23, WPA2 ,0.000000,0.000000,0.000,0.000,AP
2026-05-06 17:38:18,1900-01-00 00:00:00,,9C:2F:9D:82:20:A3,-23,,0.000000,0.000000,0.000,0.000,Client
2026-05-06 17:38:18,1900-01-00 00:00:00,dlink-615_EXT,40:86:CB:27:D2:0C,-25, WPA2 ,0.000000,0.000000,0.000,0.000,AP
2026-05-06 17:38:18,1900-01-00 00:00:00,,9C:2F:9D:82:20:A3,-25,,0.000000,0.000000,0.000,0.000,Client
2026-05-06 17:38:18,1900-01-00 00:00:00,dlink-615_EXT,40:86:CB:27:D2:0C,-25, WPA2 ,0.000000,0.000000,0.000,0.000,AP
2026-05-06 17:38:18,1900-01-00 00:00:00,,9C:2F:9D:82:20:A3,-25,,0.000000,0.000000,0.000,0.000,Client
2026-05-06 17:38:18,1900-01-00 00:00:00,dlink-615_EXT,40:86:CB:27:D2:0C,-25, WPA2 ,0.000000,0.000000,0.000,0.000,AP
2026-05-06 17:38:18,1900-01-00 00:00:00,,9C:2F:9D:82:20:A3,-23,,0.000000,0.000000,0.000,0.000,Client
2026-05-06 17:38:18,1900-01-00 00:00:00,dlink-615_EXT,40:86:CB:27:D2:0C,-25, WPA2 ,0.000000,0.000000,0.000,0.000,AP
2026-05-06 17:38:18,1900-01-00 00:00:00,dlink-615_EXT,40:86:CB:27:D2:0C,-25, WPA2 ,0.000000,0.000000,0.000,0.000,AP
2026-05-06 17:38:18,1900-01-00 00:00:00,,9C:2F:9D:82:20:A3,-25,,0.000000,0.000000,0.000,0.000,Client
2026-05-06 17:38:18,1900-01-00 00:00:00,dlink-615_EXT,40:86:CB:27:D2:0C,-23, WPA2 ,0.000000,0.000000,0.000,0.000,AP
2026-05-06 17:38:18,1900-01-00 00:00:00,,9C:2F:9D:82:20:A3,-23,,0.000000,0.000000,0.000,0.000,Client
2026-05-06 17:38:18,1900-01-00 00:00:00,dlink-615_EXT,40:86:CB:27:D2:0C,-25, WPA2 ,0.000000,0.000000,0.000,0.000,AP
2026-05-06 17:38:18,1900-01-00 00:00:00,,9C:2F:9D:82:20:A3,-25,,0.000000,0.000000,0.000,0.000,Client
2026-05-06 17:38:18,1900-01-00 00:00:00,dlink-615_EXT,40:86:CB:27:D2:0C,-25, WPA2 ,0.000000,0.000000,0.000,0.000,AP
2026-05-06 17:38:18,1900-01-00 00:00:00,,9C:2F:9D:82:20:A3,-25,,0.000000,0.000000,0.000,0.000,Client
2026-05-06 17:38:18,1900-01-00 00:00:00,dlink-615_EXT,40:86:CB:27:D2:0C,-23, WPA2 ,0.000000,0.000000,0.000,0.000,AP
2026-05-06 17:38:18,1900-01-00 00:00:00,dlink-615_EXT,40:86:CB:27:D2:0C,-23, WPA2 ,0.000000,0.000000,0.000,0.000,AP
2026-05-06 17:38:18,1900-01-00 00:00:00,,9C:2F:9D:82:20:A3,-23,,0.000000,0.000000,0.000,0.000,Client
2026-05-06 17:38:18,1900-01-00 00:00:00,dlink-615_EXT,40:86:CB:27:D2:0C,-25, WPA2 ,0.000000,0.000000,0.000,0.000,AP
2026-05-06 17:38:18,1900-01-00 00:00:00,,9C:2F:9D:82:20:A3,-25,,0.000000,0.000000,0.000,0.000,Client
2026-05-06 17:38:18,1900-01-00 00:00:00,dlink-615_EXT,40:86:CB:27:D2:0C,-25, WPA2 ,0.000000,0.000000,0.000,0.000,AP
2026-05-06 17:38:18,1900-01-00 00:00:00,,9C:2F:9D:82:20:A3,-25,,0.000000,0.000000,0.000,0.000,Client
2026-05-06 17:38:18,1900-01-00 00:00:00,dlink-615_EXT,40:86:CB:27:D2:0C,-25, WPA2 ,0.000000,0.000000,0.000,0.000,AP
2026-05-06 17:38:18,1900-01-00 00:00:00,,9C:2F:9D:82:20:A3,-25,,0.000000,0.000000,0.000,0.000,Client
2026-05-06 17:38:18,1900-01-00 00:00:00,dlink-615_EXT,40:86:CB:27:D2:0C,-25, WPA2 ,0.000000,0.000000,0.000,0.000,AP
2026-05-06 17:38:18,1900-01-00 00:00:00,,9C:2F:9D:82:20:A3,-25,,0.000000,0.000000,0.000,0.000,Client
2026-05-06 17:38:18,1900-01-00 00:00:00,dlink-615_EXT,40:86:CB:27:D2:0C,-25, WPA2 ,0.000000,0.000000,0.000,0.000,AP
2026-05-06 17:38:18,1900-01-00 00:00:00,,9C:2F:9D:82:20:A3,-25,,0.000000,0.000000,0.000,0.000,Client
2026-05-06 17:38:18,1900-01-00 00:00:00,dlink-615_EXT,40:86:CB:27:D2:0C,-23, WPA2 ,0.000000,0.000000,0.000,0.000,AP
2026-05-06 17:38:18,1900-01-00 00:00:00,,9C:2F:9D:82:20:A3,-23,,0.000000,0.000000,0.000,0.000,Client
2026-05-06 17:38:18,1900-01-00 00:00:00,dlink-615_EXT,40:86:CB:27:D2:0C,-23, WPA2 ,0.000000,0.000000,0.000,0.000,AP
2026-05-06 17:38:18,1900-01-00 00:00:00,,9C:2F:9D:82:20:A3,-23,,0.000000,0.000000,0.000,0.000,Client
2026-05-06 17:38:18,1900-01-00 00:00:00,dlink-615_EXT,40:86:CB:27:D2:0C,-23, WPA2 ,0.000000,0.000000,0.000,0.000,AP
2026-05-06 17:38:18,1900-01-00 00:00:00,,9C:2F:9D:82:20:A3,-23,,0.000000,0.000000,0.000,0.000,Client
2026-05-06 17:38:18,1900-01-00 00:00:00,dlink-615_EXT,40:86:CB:27:D2:0C,-23, WPA2 ,0.000000,0.000000,0.000,0.000,AP
2026-05-06 17:38:18,1900-01-00 00:00:00,,9C:2F:9D:82:20:A3,-23,,0.000000,0.000000,0.000,0.000,Client
2026-05-06 17:38:18,1900-01-00 00:00:00,dlink-615_EXT,40:86:CB:27:D2:0C,-23, WPA2 ,0.000000,0.000000,0.000,0.000,AP
2026-05-06 17:38:18,1900-01-00 00:00:00,,9C:2F:9D:82:20:A3,-23,,0.000000,0.000000,0.000,0.000,Client
2026-05-06 17:38:18,1900-01-00 00:00:00,dlink-615_EXT,40:86:CB:27:D2:0C,-25, WPA2 ,0.000000,0.000000,0.000,0.000,AP
2026-05-06 17:38:18,1900-01-00 00:00:00,,9C:2F:9D:82:20:A3,-25,,0.000000,0.000000,0.000,0.000,Client
2026-05-06 17:38:18,1900-01-00 00:00:00,dlink-615_EXT,40:86:CB:27:D2:0C,-23, WPA2 ,0.000000,0.000000,0.000,0.000,AP
2026-05-06 17:38:18,1900-01-00 00:00:00,,9C:2F:9D:82:20:A3,-23,,0.000000,0.000000,0.000,0.000,Client
2026-05-06 17:38:18,1900-01-00 00:00:00,dlink-615_EXT,40:86:CB:27:D2:0C,-23, WPA2 ,0.000000,0.000000,0.000,0.000,AP
2026-05-06 17:38:18,1900-01-00 00:00:00,,9C:2F:9D:82:20:A3,-23,,0.000000,0.000000,0.000,0.000,Client
2026-05-06 17:38:18,1900-01-00 00:00:00,dlink-615_EXT,40:86:CB:27:D2:0C,-23, WPA2 ,0.000000,0.000000,0.000,0.000,AP
2026-05-06 17:38:18,1900-01-00 00:00:00,,9C:2F:9D:82:20:A3,-23,,0.000000,0.000000,0.000,0.000,Client
2026-05-06 17:38:18,1900-01-00 00:00:00,dlink-615_EXT,40:86:CB:27:D2:0C,-25, WPA2 ,0.000000,0.000000,0.000,0.000,AP
2026-05-06 17:38:18,1900-01-00 00:00:00,,9C:2F:9D:82:20:A3,-25,,0.000000,0.000000,0.000,0.000,Client
2026-05-06 17:38:18,1900-01-00 00:00:00,dlink-615_EXT,40:86:CB:27:D2:0C,-23, WPA2 ,0.000000,0.000000,0.000,0.000,AP
2026-05-06 17:38:18,1900-01-00 00:00:00,dlink-615_EXT,40:86:CB:27:D2:0C,-25, WPA2 ,0.000000,0.000000,0.000,0.000,AP
2026-05-06 17:38:18,1900-01-00 00:00:00,,9C:2F:9D:82:20:A3,-25,,0.000000,0.000000,0.000,0.000,Client
2026-05-06 17:38:18,1900-01-00 00:00:00,dlink-615_EXT,40:86:CB:27:D2:0C,-25, WPA2 ,0.000000,0.000000,0.000,0.000,AP
2026-05-06 17:38:18,1900-01-00 00:00:00,,9C:2F:9D:82:20:A3,-25,,0.000000,0.000000,0.000,0.000,Client
2026-05-06 17:38:18,1900-01-00 00:00:00,dlink-615_EXT,40:86:CB:27:D2:0C,-23, WPA2 ,0.000000,0.000000,0.000,0.000,AP
2026-05-06 17:38:18,1900-01-00 00:00:00,,9C:2F:9D:82:20:A3,-23,,0.000000,0.000000,0.000,0.000,Client
2026-05-06 17:38:18,1900-01-00 00:00:00,dlink-615_EXT,40:86:CB:27:D2:0C,-23, WPA2 ,0.000000,0.000000,0.000,0.000,AP
2026-05-06 17:38:18,1900-01-00 00:00:00,,9C:2F:9D:82:20:A3,-23,,0.000000,0.000000,0.000,0.000,Client
2026-05-06 17:38:18,1900-01-00 00:00:00,dlink-615_EXT,40:86:CB:27:D2:0C,-23, WPA2 ,0.000000,0.000000,0.000,0.000,AP
2026-05-06 17:38:18,1900-01-00 00:00:00,,9C:2F:9D:82:20:A3,-23,,0.000000,0.000000,0.000,0.000,Client
2026-05-06 17:38:18,1900-01-00 00:00:00,dlink-615_EXT,40:86:CB:27:D2:0C,-25, WPA2 ,0.000000,0.000000,0.000,0.000,AP
2026-05-06 17:38:18,1900-01-00 00:00:00,,9C:2F:9D:82:20:A3,-25,,0.000000,0.000000,0.000,0.000,Client
2026-05-06 17:38:18,1900-01-00 00:00:00,dlink-615_EXT,40:86:CB:27:D2:0C,-25, WPA2 ,0.000000,0.000000,0.000,0.000,AP
2026-05-06 17:38:18,1900-01-00 00:00:00,,9C:2F:9D:82:20:A3,-25,,0.000000,0.000000,0.000,0.000,Client
2026-05-06 17:38:18,1900-01-00 00:00:00,dlink-615_EXT,40:86:CB:27:D2:0C,-25, WPA2 ,0.000000,0.000000,0.000,0.000,AP
2026-05-06 17:38:18,1900-01-00 00:00:00,,9C:2F:9D:82:20:A3,-25,,0.000000,0.000000,0.000,0.000,Client
2026-05-06 17:38:18,1900-01-00 00:00:00,dlink-615_EXT,40:86:CB:27:D2:0C,-23, WPA2 ,0.000000,0.000000,0.000,0.000,AP
2026-05-06 17:38:18,1900-01-00 00:00:00,,9C:2F:9D:82:20:A3,-23,,0.000000,0.000000,0.000,0.000,Client
2026-05-06 17:38:18,1900-01-00 00:00:00,dlink-615_EXT,40:86:CB:27:D2:0C,-25, WPA2 ,0.000000,0.000000,0.000,0.000,AP
2026-05-06 17:38:18,1900-01-00 00:00:00,,9C:2F:9D:82:20:A3,-25,,0.000000,0.000000,0.000,0.000,Client
2026-05-06 17:38:18,1900-01-00 00:00:00,dlink-615_EXT,40:86:CB:27:D2:0C,-25, WPA2 ,0.000000,0.000000,0.000,0.000,AP
2026-05-06 17:38:18,1900-01-00 00:00:00,,9C:2F:9D:82:20:A3,-25,,0.000000,0.000000,0.000,0.000,Client
2026-05-06 17:38:18,1900-01-00 00:00:00,dlink-615_EXT,40:86:CB:27:D2:0C,-25, WPA2 ,0.000000,0.000000,0.000,0.000,AP
2026-05-06 17:38:18,1900-01-00 00:00:00,,9C:2F:9D:82:20:A3,-25,,0.000000,0.000000,0.000,0.000,Client
2026-05-06 17:38:18,1900-01-00 00:00:00,dlink-615_EXT,40:86:CB:27:D2:0C,-25, WPA2 ,0.000000,0.000000,0.000,0.000,AP
2026-05-06 17:38:18,1900-01-00 00:00:00,,9C:2F:9D:82:20:A3,-25,,0.000000,0.000000,0.000,0.000,Client
2026-05-06 17:38:18,1900-01-00 00:00:00,dlink-615_EXT,40:86:CB:27:D2:0C,-25, WPA2 ,0.000000,0.000000,0.000,0.000,AP
2026-05-06 17:38:18,1900-01-00 00:00:00,,9C:2F:9D:82:20:A3,-25,,0.000000,0.000000,0.000,0.000,Client
2026-05-06 17:38:18,1900-01-00 00:00:00,dlink-615_EXT,40:86:CB:27:D2:0C,-25, WPA2 ,0.000000,0.000000,0.000,0.000,AP
2026-05-06 17:38:18,1900-01-00 00:00:00,,9C:2F:9D:82:20:A3,-25,,0.000000,0.000000,0.000,0.000,Client
2026-05-06 17:38:18,1900-01-00 00:00:00,dlink-615_EXT,40:86:CB:27:D2:0C,-25, WPA2 ,0.000000,0.000000,0.000,0.000,AP
2026-05-06 17:38:18,1900-01-00 00:00:00,,9C:2F:9D:82:20:A3,-25,,0.000000,0.000000,0.000,0.000,Client
2026-05-06 17:38:18,1900-01-00 00:00:00,dlink-615_EXT,40:86:CB:27:D2:0C,-25, WPA2 ,0.000000,0.000000,0.000,0.000,AP
2026-05-06 17:38:18,1900-01-00 00:00:00,,9C:2F:9D:82:20:A3,-25,,0.000000,0.000000,0.000,0.000,Client
2026-05-06 17:38:18,1900-01-00 00:00:00,dlink-615_EXT,40:86:CB:27:D2:0C,-23, WPA2 ,0.000000,0.000000,0.000,0.000,AP
2026-05-06 17:38:18,1900-01-00 00:00:00,,9C:2F:9D:82:20:A3,-23,,0.000000,0.000000,0.000,0.000,Client
2026-05-06 17:38:18,1900-01-00 00:00:00,dlink-615_EXT,40:86:CB:27:D2:0C,-23, WPA2 ,0.000000,0.000000,0.000,0.000,AP
2026-05-06 17:38:18,1900-01-00 00:00:00,dlink-615_EXT,40:86:CB:27:D2:0C,-25, WPA2 ,0.000000,0.000000,0.000,0.000,AP
2026-05-06 17:38:18,1900-01-00 00:00:00,,9C:2F:9D:82:20:A3,-25,,0.000000,0.000000,0.000,0.000,Client
2026-05-06 17:38:18,1900-01-00 00:00:00,,D2:6F:12:2F:DE:3D,-19,,0.000000,0.000000,0.000,0.000,Client
2026-05-06 17:38:18,1900-01-00 00:00:00,dlink-615_EXT,40:86:CB:27:D2:0C,-36, WPA2 ,0.000000,0.000000,0.000,0.000,AP
2026-05-06 17:38:18,1900-01-00 00:00:00,,9C:2F:9D:82:20:A3,-36,,0.000000,0.000000,0.000,0.000,Client
2026-05-06 17:38:18,1900-01-00 00:00:00,dlink-615_EXT,40:86:CB:27:D2:0C,-23, WPA2 ,0.000000,0.000000,0.000,0.000,AP
2026-05-06 17:38:18,1900-01-00 00:00:00,,9C:2F:9D:82:20:A3,-23,,0.000000,0.000000,0.000,0.000,Client
2026-05-06 17:38:18,1900-01-00 00:00:00,dlink-615_EXT,40:86:CB:27:D2:0C,-23, WPA2 ,0.000000,0.000000,0.000,0.000,AP
2026-05-06 17:38:18,1900-01-00 00:00:00,,9C:2F:9D:82:20:A3,-23,,0.000000,0.000000,0.000,0.000,Client
2026-05-06 17:38:18,1900-01-00 00:00:00,dlink-615_EXT,40:86:CB:27:D2:0C,-23, WPA2 ,0.000000,0.000000,0.000,0.000,AP
2026-05-06 17:38:18,1900-01-00 00:00:00,,9C:2F:9D:82:20:A3,-23,,0.000000,0.000000,0.000,0.000,Client
2026-05-06 17:38:18,1900-01-00 00:00:00,dlink-615_EXT,40:86:CB:27:D2:0C,-25, WPA2 ,0.000000,0.000000,0.000,0.000,AP
2026-05-06 17:38:18,1900-01-00 00:00:00,,9C:2F:9D:82:20:A3,-25,,0.000000,0.000000,0.000,0.000,Client
2026-05-06 17:38:18,1900-01-00 00:00:00,dlink-615_EXT,40:86:CB:27:D2:0C,-23, WPA2 ,0.000000,0.000000,0.000,0.000,AP
2026-05-06 17:38:18,1900-01-00 00:00:00,,9C:2F:9D:82:20:A3,-23,,0.000000,0.000000,0.000,0.000,Client
2026-05-06 17:38:18,1900-01-00 00:00:00,dlink-615_EXT,40:86:CB:27:D2:0C,-23, WPA2 ,0.000000,0.000000,0.000,0.000,AP
2026-05-06 17:38:18,1900-01-00 00:00:00,,9C:2F:9D:82:20:A3,-21,,0.000000,0.000000,0.000,0.000,Client
2026-05-06 17:38:18,1900-01-00 00:00:00,dlink-615_EXT,40:86:CB:27:D2:0C,-25, WPA2 ,0.000000,0.000000,0.000,0.000,AP
2026-05-06 17:38:18,1900-01-00 00:00:00,,9C:2F:9D:82:20:A3,-25,,0.000000,0.000000,0.000,0.000,Client
2026-05-06 17:38:18,1900-01-00 00:00:00,dlink-615_EXT,40:86:CB:27:D2:0C,-25, WPA2 ,0.000000,0.000000,0.000,0.000,AP
2026-05-06 17:38:18,1900-01-00 00:00:00,,9C:2F:9D:82:20:A3,-25,,0.000000,0.000000,0.000,0.000,Client
2026-05-06 17:38:18,1900-01-00 00:00:00,,D2:6F:12:2F:DE:3D,-20,,0.000000,0.000000,0.000,0.000,Client
2026-05-06 17:38:18,1900-01-00 00:00:00,,D2:6F:12:2F:DE:3D,-18,,0.000000,0.000000,0.000,0.000,Client
2026-05-06 17:38:18,1900-01-00 00:00:00,dlink-615_EXT,40:86:CB:27:D2:0C,-38, WPA2 ,0.000000,0.000000,0.000,0.000,AP
2026-05-06 17:38:18,1900-01-00 00:00:00,,D2:6F:12:2F:DE:3D,-20,,0.000000,0.000000,0.000,0.000,Client
2026-05-06 17:38:18,1900-01-00 00:00:00,,9C:2F:9D:82:20:A3,-38,,0.000000,0.000000,0.000,0.000,Client
2026-05-06 17:38:18,1900-01-00 00:00:00,dlink-615_EXT,40:86:CB:27:D2:0C,-25, WPA2 ,0.000000,0.000000,0.000,0.000,AP
2026-05-06 17:38:18,1900-01-00 00:00:00,,9C:2F:9D:82:20:A3,-25,,0.000000,0.000000,0.000,0.000,Client
2026-05-06 17:38:18,1900-01-00 00:00:00,dlink-615_EXT,40:86:CB:27:D2:0C,-25, WPA2 ,0.000000,0.000000,0.000,0.000,AP
2026-05-06 17:38:18,1900-01-00 00:00:00,,9C:2F:9D:82:20:A3,-25,,0.000000,0.000000,0.000,0.000,Client
2026-05-06 17:38:18,1900-01-00 00:00:00,dlink-615_EXT,40:86:CB:27:D2:0C,-25, WPA2 ,0.000000,0.000000,0.000,0.000,AP
2026-05-06 17:38:18,1900-01-00 00:00:00,,9C:2F:9D:82:20:A3,-25,,0.000000,0.000000,0.000,0.000,Client
2026-05-06 17:38:18,1900-01-00 00:00:00,,D2:6F:12:2F:DE:3D,-18,,0.000000,0.000000,0.000,0.000,Client
2026-05-06 17:38:18,1900-01-00 00:00:00,dlink-615_EXT,40:86:CB:27:D2:0C,-23, WPA2 ,0.000000,0.000000,0.000,0.000,AP
2026-05-06 17:38:18,1900-01-00 00:00:00,,9C:2F:9D:82:20:A3,-23,,0.000000,0.000000,0.000,0.000,Client
2026-05-06 17:38:18,1900-01-00 00:00:00,dlink-615_EXT,40:86:CB:27:D2:0C,-25, WPA2 ,0.000000,0.000000,0.000,0.000,AP
2026-05-06 17:38:18,1900-01-00 00:00:00,,9C:2F:9D:82:20:A3,-25,,0.000000,0.000000,0.000,0.000,Client
2026-05-06 17:38:18,1900-01-00 00:00:00,dlink-615_EXT,40:86:CB:27:D2:0C,-23, WPA2 ,0.000000,0.000000,0.000,0.000,AP
2026-05-06 17:38:18,1900-01-00 00:00:00,,9C:2F:9D:82:20:A3,-23,,0.000000,0.000000,0.000,0.000,Client
2026-05-06 17:38:18,1900-01-00 00:00:00,dlink-615_EXT,40:86:CB:27:D2:0C,-23, WPA2 ,0.000000,0.000000,0.000,0.000,AP
2026-05-06 17:38:18,1900-01-00 00:00:00,,9C:2F:9D:82:20:A3,-23,,0.000000,0.000000,0.000,0.000,Client
2026-05-06 17:38:18,1900-01-00 00:00:00,dlink-615_EXT,40:86:CB:27:D2:0C,-23, WPA2 ,0.000000,0.000000,0.000,0.000,AP
2026-05-06 17:38:18,1900-01-00 00:00:00,dlink-615_EXT,40:86:CB:27:D2:0C,-25, WPA2 ,0.000000,0.000000,0.000,0.000,AP
2026-05-06 17:38:18,1900-01-00 00:00:00,,9C:2F:9D:82:20:A3,-25,,0.000000,0.000000,0.000,0.000,Client
2026-05-06 17:38:18,1900-01-00 00:00:00,dlink-615_EXT,40:86:CB:27:D2:0C,-23, WPA2 ,0.000000,0.000000,0.000,0.000,AP
2026-05-06 17:38:18,1900-01-00 00:00:00,,9C:2F:9D:82:20:A3,-23,,0.000000,0.000000,0.000,0.000,Client
2026-05-06 17:38:18,1900-01-00 00:00:00,dlink-615_EXT,40:86:CB:27:D2:0C,-23, WPA2 ,0.000000,0.000000,0.000,0.000,AP
2026-05-06 17:38:18,1900-01-00 00:00:00,,9C:2F:9D:82:20:A3,-23,,0.000000,0.000000,0.000,0.000,Client
2026-05-06 17:38:18,1900-01-00 00:00:00,dlink-615_EXT,40:86:CB:27:D2:0C,-23, WPA2 ,0.000000,0.000000,0.000,0.000,AP
2026-05-06 17:38:18,1900-01-00 00:00:00,,9C:2F:9D:82:20:A3,-23,,0.000000,0.000000,0.000,0.000,Client
2026-05-06 17:38:18,1900-01-00 00:00:00,dlink-615_EXT,40:86:CB:27:D2:0C,-25, WPA2 ,0.000000,0.000000,0.000,0.000,AP
2026-05-06 17:38:18,1900-01-00 00:00:00,,9C:2F:9D:82:20:A3,-25,,0.000000,0.000000,0.000,0.000,Client
2026-05-06 17:38:18,1900-01-00 00:00:00,dlink-615_EXT,40:86:CB:27:D2:0C,-23, WPA2 ,0.000000,0.000000,0.000,0.000,AP
2026-05-06 17:38:18,1900-01-00 00:00:00,,9C:2F:9D:82:20:A3,-23,,0.000000,0.000000,0.000,0.000,Client
2026-05-06 17:38:18,1900-01-00 00:00:00,dlink-615_EXT,40:86:CB:27:D2:0C,-23, WPA2 ,0.000000,0.000000,0.000,0.000,AP
2026-05-06 17:38:18,1900-01-00 00:00:00,,9C:2F:9D:82:20:A3,-23,,0.000000,0.000000,0.000,0.000,Client
2026-05-06 17:38:18,1900-01-00 00:00:00,dlink-615_EXT,40:86:CB:27:D2:0C,-23, WPA2 ,0.000000,0.000000,0.000,0.000,AP
2026-05-06 17:38:18,1900-01-00 00:00:00,,9C:2F:9D:82:20:A3,-23,,0.000000,0.000000,0.000,0.000,Client
2026-05-06 17:38:18,1900-01-00 00:00:00,dlink-615_EXT,40:86:CB:27:D2:0C,-23, WPA2 ,0.000000,0.000000,0.000,0.000,AP
2026-05-06 17:38:18,1900-01-00 00:00:00,,9C:2F:9D:82:20:A3,-23,,0.000000,0.000000,0.000,0.000,Client
2026-05-06 17:38:18,1900-01-00 00:00:00,dlink-615_EXT,40:86:CB:27:D2:0C,-23, WPA2 ,0.000000,0.000000,0.000,0.000,AP
2026-05-06 17:38:18,1900-01-00 00:00:00,,9C:2F:9D:82:20:A3,-23,,0.000000,0.000000,0.000,0.000,Client
2026-05-06 17:38:18,1900-01-00 00:00:00,dlink-615_EXT,40:86:CB:27:D2:0C,-23, WPA2 ,0.000000,0.000000,0.000,0.000,AP
2026-05-06 17:38:18,1900-01-00 00:00:00,,9C:2F:9D:82:20:A3,-23,,0.000000,0.000000,0.000,0.000,Client
2026-05-06 17:38:18,1900-01-00 00:00:00,dlink-615_EXT,40:86:CB:27:D2:0C,-25, WPA2 ,0.000000,0.000000,0.000,0.000,AP
2026-05-06 17:38:18,1900-01-00 00:00:00,,9C:2F:9D:82:20:A3,-25,,0.000000,0.000000,0.000,0.000,Client
2026-05-06 17:38:18,1900-01-00 00:00:00,dlink-615_EXT,40:86:CB:27:D2:0C,-25, WPA2 ,0.000000,0.000000,0.000,0.000,AP
2026-05-06 17:38:18,1900-01-00 00:00:00,dlink-615_EXT,40:86:CB:27:D2:0C,-25, WPA2 ,0.000000,0.000000,0.000,0.000,AP
2026-05-06 17:38:18,1900-01-00 00:00:00,,9C:2F:9D:82:20:A3,-25,,0.000000,0.000000,0.000,0.000,Client
2026-05-06 17:38:18,1900-01-00 00:00:00,dlink-615_EXT,40:86:CB:27:D2:0C,-23, WPA2 ,0.000000,0.000000,0.000,0.000,AP
2026-05-06 17:38:18,1900-01-00 00:00:00,,9C:2F:9D:82:20:A3,-23,,0.000000,0.000000,0.000,0.000,Client
2026-05-06 17:38:18,1900-01-00 00:00:00,dlink-615_EXT,40:86:CB:27:D2:0C,-25, WPA2 ,0.000000,0.000000,0.000,0.000,AP
2026-05-06 17:38:18,1900-01-00 00:00:00,,9C:2F:9D:82:20:A3,-25,,0.000000,0.000000,0.000,0.000,Client
2026-05-06 17:38:18,1900-01-00 00:00:00,dlink-615_EXT,40:86:CB:27:D2:0C,-23, WPA2 ,0.000000,0.000000,0.000,0.000,AP
2026-05-06 17:38:18,1900-01-00 00:00:00,,9C:2F:9D:82:20:A3,-23,,0.000000,0.000000,0.000,0.000,Client
2026-05-06 17:38:18,1900-01-00 00:00:00,dlink-615_EXT,40:86:CB:27:D2:0C,-23, WPA2 ,0.000000,0.000000,0.000,0.000,AP
2026-05-06 17:38:18,1900-01-00 00:00:00,,9C:2F:9D:82:20:A3,-23,,0.000000,0.000000,0.000,0.000,Client
2026-05-06 17:38:18,1900-01-00 00:00:00,dlink-615_EXT,40:86:CB:27:D2:0C,-23, WPA2 ,0.000000,0.000000,0.000,0.000,AP
2026-05-06 17:38:18,1900-01-00 00:00:00,,9C:2F:9D:82:20:A3,-23,,0.000000,0.000000,0.000,0.000,Client
2026-05-06 17:38:18,1900-01-00 00:00:00,dlink-615_EXT,40:86:CB:27:D2:0C,-25, WPA2 ,0.000000,0.000000,0.000,0.000,AP
2026-05-06 17:38:18,1900-01-00 00:00:00,,9C:2F:9D:82:20:A3,-25,,0.000000,0.000000,0.000,0.000,Client
2026-05-06 17:38:18,1900-01-00 00:00:00,dlink-615_EXT,40:86:CB:27:D2:0C,-23, WPA2 ,0.000000,0.000000,0.000,0.000,AP
2026-05-06 17:38:18,1900-01-00 00:00:00,,9C:2F:9D:82:20:A3,-23,,0.000000,0.000000,0.000,0.000,Client
2026-05-06 17:38:18,1900-01-00 00:00:00,dlink-615_EXT,40:86:CB:27:D2:0C,-23, WPA2 ,0.000000,0.000000,0.000,0.000,AP
2026-05-06 17:38:18,1900-01-00 00:00:00,,9C:2F:9D:82:20:A3,-23,,0.000000,0.000000,0.000,0.000,Client
2026-05-06 17:38:18,1900-01-00 00:00:00,dlink-615_EXT,40:86:CB:27:D2:0C,-25, WPA2 ,0.000000,0.000000,0.000,0.000,AP
2026-05-06 17:38:18,1900-01-00 00:00:00,,9C:2F:9D:82:20:A3,-25,,0.000000,0.000000,0.000,0.000,Client
2026-05-06 17:38:18,1900-01-00 00:00:00,dlink-615_EXT,40:86:CB:27:D2:0C,-23, WPA2 ,0.000000,0.000000,0.000,0.000,AP
2026-05-06 17:38:18,1900-01-00 00:00:00,dlink-615_EXT,40:86:CB:27:D2:0C,-23, WPA2 ,0.000000,0.000000,0.000,0.000,AP
2026-05-06 17:38:18,1900-01-00 00:00:00,,9C:2F:9D:82:20:A3,-23,,0.000000,0.000000,0.000,0.000,Client
2026-05-06 17:38:18,1900-01-00 00:00:00,dlink-615_EXT,40:86:CB:27:D2:0C,-23, WPA2 ,0.000000,0.000000,0.000,0.000,AP
2026-05-06 17:38:18,1900-01-00 00:00:00,,9C:2F:9D:82:20:A3,-23,,0.000000,0.000000,0.000,0.000,Client
2026-05-06 17:38:18,1900-01-00 00:00:00,dlink-615_EXT,40:86:CB:27:D2:0C,-25, WPA2 ,0.000000,0.000000,0.000,0.000,AP
2026-05-06 17:38:18,1900-01-00 00:00:00,,9C:2F:9D:82:20:A3,-25,,0.000000,0.000000,0.000,0.000,Client
2026-05-06 17:38:18,1900-01-00 00:00:00,dlink-615_EXT,40:86:CB:27:D2:0C,-23, WPA2 ,0.000000,0.000000,0.000,0.000,AP
2026-05-06 17:38:18,1900-01-00 00:00:00,,9C:2F:9D:82:20:A3,-23,,0.000000,0.000000,0.000,0.000,Client
2026-05-06 17:38:18,1900-01-00 00:00:00,dlink-615_EXT,40:86:CB:27:D2:0C,-23, WPA2 ,0.000000,0.000000,0.000,0.000,AP
2026-05-06 17:38:18,1900-01-00 00:00:00,,9C:2F:9D:82:20:A3,-23,,0.000000,0.000000,0.000,0.000,Client
2026-05-06 17:38:18,1900-01-00 00:00:00,dlink-615_EXT,40:86:CB:27:D2:0C,-25, WPA2 ,0.000000,0.000000,0.000,0.000,AP
2026-05-06 17:38:18,1900-01-00 00:00:00,,9C:2F:9D:82:20:A3,-25,,0.000000,0.000000,0.000,0.000,Client
2026-05-06 17:38:18,1900-01-00 00:00:00,dlink-615_EXT,40:86:CB:27:D2:0C,-25, WPA2 ,0.000000,0.000000,0.000,0.000,AP
2026-05-06 17:38:18,1900-01-00 00:00:00,,9C:2F:9D:82:20:A3,-25,,0.000000,0.000000,0.000,0.000,Client
2026-05-06 17:38:18,1900-01-00 00:00:00,dlink-615_EXT,40:86:CB:27:D2:0C,-25, WPA2 ,0.000000,0.000000,0.000,0.000,AP
2026-05-06 17:38:18,1900-01-00 00:00:00,,9C:2F:9D:82:20:A3,-25,,0.000000,0.000000,0.000,0.000,Client
2026-05-06 17:38:18,1900-01-00 00:00:00,dlink-615_EXT,40:86:CB:27:D2:0C,-25, WPA2 ,0.000000,0.000000,0.000,0.000,AP
2026-05-06 17:38:18,1900-01-00 00:00:00,,9C:2F:9D:82:20:A3,-25,,0.000000,0.000000,0.000,0.000,Client
2026-05-06 17:38:18,1900-01-00 00:00:00,dlink-615_EXT,40:86:CB:27:D2:0C,-23, WPA2 ,0.000000,0.000000,0.000,0.000,AP
2026-05-06 17:38:18,1900-01-00 00:00:00,,9C:2F:9D:82:20:A3,-23,,0.000000,0.000000,0.000,0.000,Client
2026-05-06 17:38:18,1900-01-00 00:00:00,dlink-615_EXT,40:86:CB:27:D2:0C,-25, WPA2 ,0.000000,0.000000,0.000,0.000,AP
2026-05-06 17:38:18,1900-01-00 00:00:00,,9C:2F:9D:82:20:A3,-25,,0.000000,0.000000,0.000,0.000,Client
2026-05-06 17:38:18,1900-01-00 00:00:00,dlink-615_EXT,40:86:CB:27:D2:0C,-23, WPA2 ,0.000000,0.000000,0.000,0.000,AP
2026-05-06 17:38:18,1900-01-00 00:00:00,,9C:2F:9D:82:20:A3,-23,,0.000000,0.000000,0.000,0.000,Client
2026-05-06 17:38:18,1900-01-00 00:00:00,dlink-615_EXT,40:86:CB:27:D2:0C,-23, WPA2 ,0.000000,0.000000,0.000,0.000,AP
2026-05-06 17:38:18,1900-01-00 00:00:00,,9C:2F:9D:82:20:A3,-23,,0.000000,0.000000,0.000,0.000,Client
2026-05-06 17:38:18,1900-01-00 00:00:00,,9C:2F:9D:82:20:A3,-25,,0.000000,0.000000,0.000,0.000,Client
2026-05-06 17:38:18,1900-01-00 00:00:00,dlink-615_EXT,40:86:CB:27:D2:0C,-23, WPA2 ,0.000000,0.000000,0.000,0.000,AP
2026-05-06 17:38:18,1900-01-00 00:00:00,dlink-615_EXT,40:86:CB:27:D2:0C,-23, WPA2 ,0.000000,0.000000,0.000,0.000,AP
2026-05-06 17:38:18,1900-01-00 00:00:00,,9C:2F:9D:82:20:A3,-25,,0.000000,0.000000,0.000,0.000,Client
2026-05-06 17:38:18,1900-01-00 00:00:00,dlink-615_EXT,40:86:CB:27:D2:0C,-23, WPA2 ,0.000000,0.000000,0.000,0.000,AP
2026-05-06 17:38:18,1900-01-00 00:00:00,,9C:2F:9D:82:20:A3,-25,,0.000000,0.000000,0.000,0.000,Client
2026-05-06 17:38:18,1900-01-00 00:00:00,dlink-615_EXT,40:86:CB:27:D2:0C,-25, WPA2 ,0.000000,0.000000,0.000,0.000,AP
2026-05-06 17:38:18,1900-01-00 00:00:00,,9C:2F:9D:82:20:A3,-25,,0.000000,0.000000,0.000,0.000,Client
2026-05-06 17:38:19,1900-01-00 00:00:00,dlink-615_EXT,40:86:CB:27:D2:0C,-25, WPA2 ,0.000000,0.000000,0.000,0.000,AP
2026-05-06 17:38:19,1900-01-00 00:00:00,,9C:2F:9D:82:20:A3,-25,,0.000000,0.000000,0.000,0.000,Client
2026-05-06 17:38:19,1900-01-00 00:00:00,dlink-615_EXT,40:86:CB:27:D2:0C,-23, WPA2 ,0.000000,0.000000,0.000,0.000,AP
2026-05-06 17:38:19,1900-01-00 00:00:00,,9C:2F:9D:82:20:A3,-23,,0.000000,0.000000,0.000,0.000,Client
2026-05-06 17:38:19,1900-01-00 00:00:00,dlink-615_EXT,40:86:CB:27:D2:0C,-25, WPA2 ,0.000000,0.000000,0.000,0.000,AP
2026-05-06 17:38:19,1900-01-00 00:00:00,dlink-615_EXT,40:86:CB:27:D2:0C,-25, WPA2 ,0.000000,0.000000,0.000,0.000,AP
2026-05-06 17:38:19,1900-01-00 00:00:00,,9C:2F:9D:82:20:A3,-25,,0.000000,0.000000,0.000,0.000,Client
2026-05-06 17:38:19,1900-01-00 00:00:00,dlink-615_EXT,40:86:CB:27:D2:0C,-23, WPA2 ,0.000000,0.000000,0.000,0.000,AP
2026-05-06 17:38:19,1900-01-00 00:00:00,,9C:2F:9D:82:20:A3,-23,,0.000000,0.000000,0.000,0.000,Client
2026-05-06 17:38:19,1900-01-00 00:00:00,dlink-615_EXT,40:86:CB:27:D2:0C,-23, WPA2 ,0.000000,0.000000,0.000,0.000,AP
2026-05-06 17:38:19,1900-01-00 00:00:00,,9C:2F:9D:82:20:A3,-23,,0.000000,0.000000,0.000,0.000,Client
2026-05-06 17:38:19,1900-01-00 00:00:00,dlink-615_EXT,40:86:CB:27:D2:0C,-23, WPA2 ,0.000000,0.000000,0.000,0.000,AP
2026-05-06 17:38:19,1900-01-00 00:00:00,,9C:2F:9D:82:20:A3,-23,,0.000000,0.000000,0.000,0.000,Client
2026-05-06 17:38:19,1900-01-00 00:00:00,dlink-615_EXT,40:86:CB:27:D2:0C,-23, WPA2 ,0.000000,0.000000,0.000,0.000,AP
2026-05-06 17:38:19,1900-01-00 00:00:00,,9C:2F:9D:82:20:A3,-23,,0.000000,0.000000,0.000,0.000,Client
2026-05-06 17:38:19,1900-01-00 00:00:00,dlink-615_EXT,40:86:CB:27:D2:0C,-23, WPA2 ,0.000000,0.000000,0.000,0.000,AP
2026-05-06 17:38:19,1900-01-00 00:00:00,,9C:2F:9D:82:20:A3,-67,,0.000000,0.000000,0.000,0.000,Client
2026-05-06 17:38:19,1900-01-00 00:00:00,dlink-615_EXT,40:86:CB:27:D2:0C,-23, WPA2 ,0.000000,0.000000,0.000,0.000,AP
2026-05-06 17:38:19,1900-01-00 00:00:00,,9C:2F:9D:82:20:A3,-23,,0.000000,0.000000,0.000,0.000,Client
2026-05-06 17:38:19,1900-01-00 00:00:00,dlink-615_EXT,40:86:CB:27:D2:0C,-25, WPA2 ,0.000000,0.000000,0.000,0.000,AP
2026-05-06 17:38:19,1900-01-00 00:00:00,,9C:2F:9D:82:20:A3,-25,,0.000000,0.000000,0.000,0.000,Client
2026-05-06 17:38:19,1900-01-00 00:00:00,dlink-615_EXT,40:86:CB:27:D2:0C,-23, WPA2 ,0.000000,0.000000,0.000,0.000,AP
2026-05-06 17:38:19,1900-01-00 00:00:00,,9C:2F:9D:82:20:A3,-23,,0.000000,0.000000,0.000,0.000,Client
2026-05-06 17:38:19,1900-01-00 00:00:00,dlink-615_EXT,40:86:CB:27:D2:0C,-23, WPA2 ,0.000000,0.000000,0.000,0.000,AP
2026-05-06 17:38:19,1900-01-00 00:00:00,,9C:2F:9D:82:20:A3,-23,,0.000000,0.000000,0.000,0.000,Client
2026-05-06 17:38:19,1900-01-00 00:00:00,dlink-615_EXT,40:86:CB:27:D2:0C,-23, WPA2 ,0.000000,0.000000,0.000,0.000,AP
2026-05-06 17:38:19,1900-01-00 00:00:00,,9C:2F:9D:82:20:A3,-23,,0.000000,0.000000,0.000,0.000,Client
2026-05-06 17:38:19,1900-01-00 00:00:00,dlink-615_EXT,40:86:CB:27:D2:0C,-25, WPA2 ,0.000000,0.000000,0.000,0.000,AP
2026-05-06 17:38:19,1900-01-00 00:00:00,,9C:2F:9D:82:20:A3,-25,,0.000000,0.000000,0.000,0.000,Client
2026-05-06 17:38:19,1900-01-00 00:00:00,dlink-615_EXT,40:86:CB:27:D2:0C,-23, WPA2 ,0.000000,0.000000,0.000,0.000,AP
2026-05-06 17:38:19,1900-01-00 00:00:00,,9C:2F:9D:82:20:A3,-23,,0.000000,0.000000,0.000,0.000,Client
2026-05-06 17:38:19,1900-01-00 00:00:00,dlink-615_EXT,40:86:CB:27:D2:0C,-23, WPA2 ,0.000000,0.000000,0.000,0.000,AP
2026-05-06 17:38:19,1900-01-00 00:00:00,,9C:2F:9D:82:20:A3,-23,,0.000000,0.000000,0.000,0.000,Client
2026-05-06 17:38:19,1900-01-00 00:00:00,dlink-615_EXT,40:86:CB:27:D2:0C,-23, WPA2 ,0.000000,0.000000,0.000,0.000,AP
2026-05-06 17:38:19,1900-01-00 00:00:00,,9C:2F:9D:82:20:A3,-23,,0.000000,0.000000,0.000,0.000,Client
2026-05-06 17:38:19,1900-01-00 00:00:00,dlink-615_EXT,40:86:CB:27:D2:0C,-23, WPA2 ,0.000000,0.000000,0.000,0.000,AP
2026-05-06 17:38:19,1900-01-00 00:00:00,dlink-615_EXT,40:86:CB:27:D2:0C,-23, WPA2 ,0.000000,0.000000,0.000,0.000,AP
2026-05-06 17:38:19,1900-01-00 00:00:00,,9C:2F:9D:82:20:A3,-23,,0.000000,0.000000,0.000,0.000,Client
2026-05-06 17:38:19,1900-01-00 00:00:00,dlink-615_EXT,40:86:CB:27:D2:0C,-23, WPA2 ,0.000000,0.000000,0.000,0.000,AP
2026-05-06 17:38:19,1900-01-00 00:00:00,,9C:2F:9D:82:20:A3,-23,,0.000000,0.000000,0.000,0.000,Client
2026-05-06 17:38:19,1900-01-00 00:00:00,dlink-615_EXT,40:86:CB:27:D2:0C,-25, WPA2 ,0.000000,0.000000,0.000,0.000,AP
2026-05-06 17:38:19,1900-01-00 00:00:00,,9C:2F:9D:82:20:A3,-25,,0.000000,0.000000,0.000,0.000,Client
2026-05-06 17:38:19,1900-01-00 00:00:00,dlink-615_EXT,40:86:CB:27:D2:0C,-25, WPA2 ,0.000000,0.000000,0.000,0.000,AP
2026-05-06 17:38:19,1900-01-00 00:00:00,,9C:2F:9D:82:20:A3,-25,,0.000000,0.000000,0.000,0.000,Client
2026-05-06 17:38:19,1900-01-00 00:00:00,dlink-615_EXT,40:86:CB:27:D2:0C,-25, WPA2 ,0.000000,0.000000,0.000,0.000,AP
2026-05-06 17:38:19,1900-01-00 00:00:00,,9C:2F:9D:82:20:A3,-25,,0.000000,0.000000,0.000,0.000,Client
2026-05-06 17:38:19,1900-01-00 00:00:00,dlink-615_EXT,40:86:CB:27:D2:0C,-23, WPA2 ,0.000000,0.000000,0.000,0.000,AP
2026-05-06 17:38:19,1900-01-00 00:00:00,,9C:2F:9D:82:20:A3,-23,,0.000000,0.000000,0.000,0.000,Client
2026-05-06 17:38:19,1900-01-00 00:00:00,dlink-615_EXT,40:86:CB:27:D2:0C,-25, WPA2 ,0.000000,0.000000,0.000,0.000,AP
2026-05-06 17:38:19,1900-01-00 00:00:00,,9C:2F:9D:82:20:A3,-25,,0.000000,0.000000,0.000,0.000,Client
2026-05-06 17:38:19,1900-01-00 00:00:00,dlink-615_EXT,40:86:CB:27:D2:0C,-25, WPA2 ,0.000000,0.000000,0.000,0.000,AP
2026-05-06 17:38:19,1900-01-00 00:00:00,,9C:2F:9D:82:20:A3,-25,,0.000000,0.000000,0.000,0.000,Client
2026-05-06 17:38:19,1900-01-00 00:00:00,dlink-615_EXT,40:86:CB:27:D2:0C,-23, WPA2 ,0.000000,0.000000,0.000,0.000,AP
2026-05-06 17:38:19,1900-01-00 00:00:00,,9C:2F:9D:82:20:A3,-23,,0.000000,0.000000,0.000,0.000,Client
2026-05-06 17:38:19,1900-01-00 00:00:00,dlink-615_EXT,40:86:CB:27:D2:0C,-23, WPA2 ,0.000000,0.000000,0.000,0.000,AP
2026-05-06 17:38:19,1900-01-00 00:00:00,,9C:2F:9D:82:20:A3,-23,,0.000000,0.000000,0.000,0.000,Client
2026-05-06 17:38:19,1900-01-00 00:00:00,dlink-615_EXT,40:86:CB:27:D2:0C,-23, WPA2 ,0.000000,0.000000,0.000,0.000,AP
2026-05-06 17:38:19,1900-01-00 00:00:00,,9C:2F:9D:82:20:A3,-23,,0.000000,0.000000,0.000,0.000,Client
2026-05-06 17:38:19,1900-01-00 00:00:00,dlink-615_EXT,40:86:CB:27:D2:0C,-25, WPA2 ,0.000000,0.000000,0.000,0.000,AP
2026-05-06 17:38:19,1900-01-00 00:00:00,,9C:2F:9D:82:20:A3,-25,,0.000000,0.000000,0.000,0.000,Client
2026-05-06 17:38:19,1900-01-00 00:00:00,dlink-615_EXT,40:86:CB:27:D2:0C,-23, WPA2 ,0.000000,0.000000,0.000,0.000,AP
2026-05-06 17:38:19,1900-01-00 00:00:00,,9C:2F:9D:82:20:A3,-23,,0.000000,0.000000,0.000,0.000,Client
2026-05-06 17:38:19,1900-01-00 00:00:00,dlink-615_EXT,40:86:CB:27:D2:0C,-23, WPA2 ,0.000000,0.000000,0.000,0.000,AP
2026-05-06 17:38:19,1900-01-00 00:00:00,,9C:2F:9D:82:20:A3,-23,,0.000000,0.000000,0.000,0.000,Client
2026-05-06 17:38:19,1900-01-00 00:00:00,dlink-615_EXT,40:86:CB:27:D2:0C,-25, WPA2 ,0.000000,0.000000,0.000,0.000,AP
2026-05-06 17:38:19,1900-01-00 00:00:00,,9C:2F:9D:82:20:A3,-25,,0.000000,0.000000,0.000,0.000,Client
2026-05-06 17:38:19,1900-01-00 00:00:00,dlink-615_EXT,40:86:CB:27:D2:0C,-25, WPA2 ,0.000000,0.000000,0.000,0.000,AP
2026-05-06 17:38:19,1900-01-00 00:00:00,,9C:2F:9D:82:20:A3,-25,,0.000000,0.000000,0.000,0.000,Client
2026-05-06 17:38:19,1900-01-00 00:00:00,dlink-615_EXT,40:86:CB:27:D2:0C,-23, WPA2 ,0.000000,0.000000,0.000,0.000,AP
2026-05-06 17:38:19,1900-01-00 00:00:00,dlink-615_EXT,40:86:CB:27:D2:0C,-23, WPA2 ,0.000000,0.000000,0.000,0.000,AP
2026-05-06 17:38:19,1900-01-00 00:00:00,,9C:2F:9D:82:20:A3,-23,,0.000000,0.000000,0.000,0.000,Client
2026-05-06 17:38:19,1900-01-00 00:00:00,dlink-615_EXT,40:86:CB:27:D2:0C,-23, WPA2 ,0.000000,0.000000,0.000,0.000,AP
2026-05-06 17:38:19,1900-01-00 00:00:00,,9C:2F:9D:82:20:A3,-23,,0.000000,0.000000,0.000,0.000,Client
2026-05-06 17:38:19,1900-01-00 00:00:00,dlink-615_EXT,40:86:CB:27:D2:0C,-23, WPA2 ,0.000000,0.000000,0.000,0.000,AP
2026-05-06 17:38:19,1900-01-00 00:00:00,,9C:2F:9D:82:20:A3,-23,,0.000000,0.000000,0.000,0.000,Client
2026-05-06 17:38:19,1900-01-00 00:00:00,dlink-615_EXT,40:86:CB:27:D2:0C,-23, WPA2 ,0.000000,0.000000,0.000,0.000,AP
2026-05-06 17:38:19,1900-01-00 00:00:00,,9C:2F:9D:82:20:A3,-23,,0.000000,0.000000,0.000,0.000,Client
2026-05-06 17:38:19,1900-01-00 00:00:00,dlink-615_EXT,40:86:CB:27:D2:0C,-23, WPA2 ,0.000000,0.000000,0.000,0.000,AP
2026-05-06 17:38:19,1900-01-00 00:00:00,,9C:2F:9D:82:20:A3,-23,,0.000000,0.000000,0.000,0.000,Client
2026-05-06 17:38:19,1900-01-00 00:00:00,dlink-615_EXT,40:86:CB:27:D2:0C,-23, WPA2 ,0.000000,0.000000,0.000,0.000,AP
2026-05-06 17:38:19,1900-01-00 00:00:00,dlink-615_EXT,40:86:CB:27:D2:0C,-23, WPA2 ,0.000000,0.000000,0.000,0.000,AP
2026-05-06 17:38:19,1900-01-00 00:00:00,dlink-615_EXT,40:86:CB:27:D2:0C,-23, WPA2 ,0.000000,0.000000,0.000,0.000,AP
2026-05-06 17:38:19,1900-01-00 00:00:00,,9C:2F:9D:82:20:A3,-23,,0.000000,0.000000,0.000,0.000,Client
2026-05-06 17:38:19,1900-01-00 00:00:00,dlink-615_EXT,40:86:CB:27:D2:0C,-21, WPA2 ,0.000000,0.000000,0.000,0.000,AP
2026-05-06 17:38:19,1900-01-00 00:00:00,,9C:2F:9D:82:20:A3,-21,,0.000000,0.000000,0.000,0.000,Client
2026-05-06 17:38:19,1900-01-00 00:00:00,dlink-615_EXT,40:86:CB:27:D2:0C,-21, WPA2 ,0.000000,0.000000,0.000,0.000,AP
2026-05-06 17:38:19,1900-01-00 00:00:00,,9C:2F:9D:82:20:A3,-21,,0.000000,0.000000,0.000,0.000,Client
2026-05-06 17:38:19,1900-01-00 00:00:00,dlink-615_EXT,40:86:CB:27:D2:0C,-23, WPA2 ,0.000000,0.000000,0.000,0.000,AP
2026-05-06 17:38:19,1900-01-00 00:00:00,,9C:2F:9D:82:20:A3,-23,,0.000000,0.000000,0.000,0.000,Client
2026-05-06 17:38:19,1900-01-00 00:00:00,dlink-615_EXT,40:86:CB:27:D2:0C,-23, WPA2 ,0.000000,0.000000,0.000,0.000,AP
2026-05-06 17:38:19,1900-01-00 00:00:00,,9C:2F:9D:82:20:A3,-23,,0.000000,0.000000,0.000,0.000,Client
2026-05-06 17:38:19,1900-01-00 00:00:00,dlink-615_EXT,40:86:CB:27:D2:0C,-23, WPA2 ,0.000000,0.000000,0.000,0.000,AP
2026-05-06 17:38:19,1900-01-00 00:00:00,,9C:2F:9D:82:20:A3,-23,,0.000000,0.000000,0.000,0.000,Client
2026-05-06 17:38:19,1900-01-00 00:00:00,dlink-615_EXT,40:86:CB:27:D2:0C,-23, WPA2 ,0.000000,0.000000,0.000,0.000,AP
2026-05-06 17:38:19,1900-01-00 00:00:00,,9C:2F:9D:82:20:A3,-23,,0.000000,0.000000,0.000,0.000,Client
2026-05-06 17:38:19,1900-01-00 00:00:00,dlink-615_EXT,40:86:CB:27:D2:0C,-23, WPA2 ,0.000000,0.000000,0.000,0.000,AP
2026-05-06 17:38:19,1900-01-00 00:00:00,,9C:2F:9D:82:20:A3,-23,,0.000000,0.000000,0.000,0.000,Client
2026-05-06 17:38:19,1900-01-00 00:00:00,dlink-615_EXT,40:86:CB:27:D2:0C,-23, WPA2 ,0.000000,0.000000,0.000,0.000,AP
2026-05-06 17:38:19,1900-01-00 00:00:00,,9C:2F:9D:82:20:A3,-23,,0.000000,0.000000,0.000,0.000,Client
2026-05-06 17:38:19,1900-01-00 00:00:00,dlink-615_EXT,40:86:CB:27:D2:0C,-25, WPA2 ,0.000000,0.000000,0.000,0.000,AP
2026-05-06 17:38:19,1900-01-00 00:00:00,,9C:2F:9D:82:20:A3,-25,,0.000000,0.000000,0.000,0.000,Client
2026-05-06 17:38:19,1900-01-00 00:00:00,dlink-615_EXT,40:86:CB:27:D2:0C,-23, WPA2 ,0.000000,0.000000,0.000,0.000,AP
2026-05-06 17:38:19,1900-01-00 00:00:00,,9C:2F:9D:82:20:A3,-23,,0.000000,0.000000,0.000,0.000,Client
2026-05-06 17:38:19,1900-01-00 00:00:00,dlink-615_EXT,40:86:CB:27:D2:0C,-23, WPA2 ,0.000000,0.000000,0.000,0.000,AP
2026-05-06 17:38:19,1900-01-00 00:00:00,,9C:2F:9D:82:20:A3,-23,,0.000000,0.000000,0.000,0.000,Client
2026-05-06 17:38:19,1900-01-00 00:00:00,dlink-615_EXT,40:86:CB:27:D2:0C,-23, WPA2 ,0.000000,0.000000,0.000,0.000,AP
2026-05-06 17:38:19,1900-01-00 00:00:00,,9C:2F:9D:82:20:A3,-23,,0.000000,0.000000,0.000,0.000,Client
2026-05-06 17:38:19,1900-01-00 00:00:00,dlink-615_EXT,40:86:CB:27:D2:0C,-23, WPA2 ,0.000000,0.000000,0.000,0.000,AP
2026-05-06 17:38:19,1900-01-00 00:00:00,,9C:2F:9D:82:20:A3,-23,,0.000000,0.000000,0.000,0.000,Client
2026-05-06 17:38:19,1900-01-00 00:00:00,dlink-615_EXT,40:86:CB:27:D2:0C,-23, WPA2 ,0.000000,0.000000,0.000,0.000,AP
2026-05-06 17:38:19,1900-01-00 00:00:00,,9C:2F:9D:82:20:A3,-23,,0.000000,0.000000,0.000,0.000,Client
2026-05-06 17:38:19,1900-01-00 00:00:00,dlink-615_EXT,40:86:CB:27:D2:0C,-21, WPA2 ,0.000000,0.000000,0.000,0.000,AP
2026-05-06 17:38:19,1900-01-00 00:00:00,,9C:2F:9D:82:20:A3,-21,,0.000000,0.000000,0.000,0.000,Client
2026-05-06 17:38:19,1900-01-00 00:00:00,dlink-615_EXT,40:86:CB:27:D2:0C,-23, WPA2 ,0.000000,0.000000,0.000,0.000,AP
2026-05-06 17:38:19,1900-01-00 00:00:00,,9C:2F:9D:82:20:A3,-23,,0.000000,0.000000,0.000,0.000,Client
2026-05-06 17:38:19,1900-01-00 00:00:00,dlink-615_EXT,40:86:CB:27:D2:0C,-21, WPA2 ,0.000000,0.000000,0.000,0.000,AP
2026-05-06 17:38:19,1900-01-00 00:00:00,dlink-615_EXT,40:86:CB:27:D2:0C,-23, WPA2 ,0.000000,0.000000,0.000,0.000,AP
2026-05-06 17:38:19,1900-01-00 00:00:00,,9C:2F:9D:82:20:A3,-23,,0.000000,0.000000,0.000,0.000,Client
2026-05-06 17:38:19,1900-01-00 00:00:00,dlink-615_EXT,40:86:CB:27:D2:0C,-23, WPA2 ,0.000000,0.000000,0.000,0.000,AP
2026-05-06 17:38:19,1900-01-00 00:00:00,,9C:2F:9D:82:20:A3,-23,,0.000000,0.000000,0.000,0.000,Client
2026-05-06 17:38:19,1900-01-00 00:00:00,dlink-615_EXT,40:86:CB:27:D2:0C,-23, WPA2 ,0.000000,0.000000,0.000,0.000,AP
2026-05-06 17:38:19,1900-01-00 00:00:00,,9C:2F:9D:82:20:A3,-23,,0.000000,0.000000,0.000,0.000,Client
2026-05-06 17:38:19,1900-01-00 00:00:00,dlink-615_EXT,40:86:CB:27:D2:0C,-23, WPA2 ,0.000000,0.000000,0.000,0.000,AP
2026-05-06 17:38:19,1900-01-00 00:00:00,,9C:2F:9D:82:20:A3,-23,,0.000000,0.000000,0.000,0.000,Client
2026-05-06 17:38:19,1900-01-00 00:00:00,dlink-615_EXT,40:86:CB:27:D2:0C,-23, WPA2 ,0.000000,0.000000,0.000,0.000,AP
2026-05-06 17:38:19,1900-01-00 00:00:00,,9C:2F:9D:82:20:A3,-23,,0.000000,0.000000,0.000,0.000,Client
2026-05-06 17:38:19,1900-01-00 00:00:00,dlink-615_EXT,40:86:CB:27:D2:0C,-23, WPA2 ,0.000000,0.000000,0.000,0.000,AP
2026-05-06 17:38:19,1900-01-00 00:00:00,,9C:2F:9D:82:20:A3,-23,,0.000000,0.000000,0.000,0.000,Client
2026-05-06 17:38:19,1900-01-00 00:00:00,dlink-615_EXT,40:86:CB:27:D2:0C,-23, WPA2 ,0.000000,0.000000,0.000,0.000,AP
2026-05-06 17:38:19,1900-01-00 00:00:00,,9C:2F:9D:82:20:A3,-21,,0.000000,0.000000,0.000,0.000,Client
2026-05-06 17:38:19,1900-01-00 00:00:00,dlink-615_EXT,40:86:CB:27:D2:0C,-23, WPA2 ,0.000000,0.000000,0.000,0.000,AP
2026-05-06 17:38:19,1900-01-00 00:00:00,,9C:2F:9D:82:20:A3,-23,,0.000000,0.000000,0.000,0.000,Client
2026-05-06 17:38:19,1900-01-00 00:00:00,dlink-615_EXT,40:86:CB:27:D2:0C,-25, WPA2 ,0.000000,0.000000,0.000,0.000,AP
2026-05-06 17:38:19,1900-01-00 00:00:00,,9C:2F:9D:82:20:A3,-25,,0.000000,0.000000,0.000,0.000,Client
2026-05-06 17:38:19,1900-01-00 00:00:00,dlink-615_EXT,40:86:CB:27:D2:0C,-25, WPA2 ,0.000000,0.000000,0.000,0.000,AP
2026-05-06 17:38:19,1900-01-00 00:00:00,,9C:2F:9D:82:20:A3,-23,,0.000000,0.000000,0.000,0.000,Client
2026-05-06 17:38:19,1900-01-00 00:00:00,dlink-615_EXT,40:86:CB:27:D2:0C,-23, WPA2 ,0.000000,0.000000,0.000,0.000,AP
2026-05-06 17:38:19,1900-01-00 00:00:00,,9C:2F:9D:82:20:A3,-23,,0.000000,0.000000,0.000,0.000,Client
2026-05-06 17:38:19,1900-01-00 00:00:00,dlink-615_EXT,40:86:CB:27:D2:0C,-25, WPA2 ,0.000000,0.000000,0.000,0.000,AP
2026-05-06 17:38:19,1900-01-00 00:00:00,,9C:2F:9D:82:20:A3,-25,,0.000000,0.000000,0.000,0.000,Client
2026-05-06 17:38:19,1900-01-00 00:00:00,dlink-615_EXT,40:86:CB:27:D2:0C,-23, WPA2 ,0.000000,0.000000,0.000,0.000,AP
2026-05-06 17:38:19,1900-01-00 00:00:00,,9C:2F:9D:82:20:A3,-23,,0.000000,0.000000,0.000,0.000,Client
2026-05-06 17:38:19,1900-01-00 00:00:00,dlink-615_EXT,40:86:CB:27:D2:0C,-23, WPA2 ,0.000000,0.000000,0.000,0.000,AP
2026-05-06 17:38:19,1900-01-00 00:00:00,,9C:2F:9D:82:20:A3,-23,,0.000000,0.000000,0.000,0.000,Client
2026-05-06 17:38:19,1900-01-00 00:00:00,dlink-615_EXT,40:86:CB:27:D2:0C,-23, WPA2 ,0.000000,0.000000,0.000,0.000,AP
2026-05-06 17:38:19,1900-01-00 00:00:00,,9C:2F:9D:82:20:A3,-23,,0.000000,0.000000,0.000,0.000,Client
2026-05-06 17:38:19,1900-01-00 00:00:00,dlink-615_EXT,40:86:CB:27:D2:0C,-23, WPA2 ,0.000000,0.000000,0.000,0.000,AP
2026-05-06 17:38:19,1900-01-00 00:00:00,,9C:2F:9D:82:20:A3,-23,,0.000000,0.000000,0.000,0.000,Client
2026-05-06 17:38:19,1900-01-00 00:00:00,dlink-615_EXT,40:86:CB:27:D2:0C,-21, WPA2 ,0.000000,0.000000,0.000,0.000,AP
2026-05-06 17:38:19,1900-01-00 00:00:00,,9C:2F:9D:82:20:A3,-21,,0.000000,0.000000,0.000,0.000,Client
2026-05-06 17:38:19,1900-01-00 00:00:00,dlink-615_EXT,40:86:CB:27:D2:0C,-21, WPA2 ,0.000000,0.000000,0.000,0.000,AP
2026-05-06 17:38:19,1900-01-00 00:00:00,,9C:2F:9D:82:20:A3,-21,,0.000000,0.000000,0.000,0.000,Client
2026-05-06 17:38:19,1900-01-00 00:00:00,dlink-615_EXT,40:86:CB:27:D2:0C,-25, WPA2 ,0.000000,0.000000,0.000,0.000,AP
2026-05-06 17:38:19,1900-01-00 00:00:00,dlink-615_EXT,40:86:CB:27:D2:0C,-21, WPA2 ,0.000000,0.000000,0.000,0.000,AP
2026-05-06 17:38:19,1900-01-00 00:00:00,,9C:2F:9D:82:20:A3,-21,,0.000000,0.000000,0.000,0.000,Client
2026-05-06 17:38:19,1900-01-00 00:00:00,dlink-615_EXT,40:86:CB:27:D2:0C,-23, WPA2 ,0.000000,0.000000,0.000,0.000,AP
2026-05-06 17:38:19,1900-01-00 00:00:00,,9C:2F:9D:82:20:A3,-23,,0.000000,0.000000,0.000,0.000,Client
2026-05-06 17:38:19,1900-01-00 00:00:00,dlink-615_EXT,40:86:CB:27:D2:0C,-23, WPA2 ,0.000000,0.000000,0.000,0.000,AP
2026-05-06 17:38:19,1900-01-00 00:00:00,,9C:2F:9D:82:20:A3,-23,,0.000000,0.000000,0.000,0.000,Client
2026-05-06 17:38:19,1900-01-00 00:00:00,dlink-615_EXT,40:86:CB:27:D2:0C,-25, WPA2 ,0.000000,0.000000,0.000,0.000,AP
2026-05-06 17:38:19,1900-01-00 00:00:00,,9C:2F:9D:82:20:A3,-25,,0.000000,0.000000,0.000,0.000,Client
2026-05-06 17:38:19,1900-01-00 00:00:00,dlink-615_EXT,40:86:CB:27:D2:0C,-21, WPA2 ,0.000000,0.000000,0.000,0.000,AP
2026-05-06 17:38:19,1900-01-00 00:00:00,,9C:2F:9D:82:20:A3,-21,,0.000000,0.000000,0.000,0.000,Client
2026-05-06 17:38:19,1900-01-00 00:00:00,dlink-615_EXT,40:86:CB:27:D2:0C,-23, WPA2 ,0.000000,0.000000,0.000,0.000,AP
2026-05-06 17:38:19,1900-01-00 00:00:00,,9C:2F:9D:82:20:A3,-27,,0.000000,0.000000,0.000,0.000,Client
2026-05-06 17:38:19,1900-01-00 00:00:00,dlink-615_EXT,40:86:CB:27:D2:0C,-25, WPA2 ,0.000000,0.000000,0.000,0.000,AP
2026-05-06 17:38:19,1900-01-00 00:00:00,,9C:2F:9D:82:20:A3,-27,,0.000000,0.000000,0.000,0.000,Client
2026-05-06 17:38:19,1900-01-00 00:00:00,dlink-615_EXT,40:86:CB:27:D2:0C,-63, WPA2 ,0.000000,0.000000,0.000,0.000,AP
2026-05-06 17:38:19,1900-01-00 00:00:00,,9C:2F:9D:82:20:A3,-27,,0.000000,0.000000,0.000,0.000,Client
2026-05-06 17:38:19,1900-01-00 00:00:00,dlink-615_EXT,40:86:CB:27:D2:0C,-25, WPA2 ,0.000000,0.000000,0.000,0.000,AP
2026-05-06 17:38:19,1900-01-00 00:00:00,,9C:2F:9D:82:20:A3,-25,,0.000000,0.000000,0.000,0.000,Client
2026-05-06 17:38:19,1900-01-00 00:00:00,dlink-615_EXT,40:86:CB:27:D2:0C,-23, WPA2 ,0.000000,0.000000,0.000,0.000,AP
2026-05-06 17:38:19,1900-01-00 00:00:00,,9C:2F:9D:82:20:A3,-23,,0.000000,0.000000,0.000,0.000,Client
2026-05-06 17:38:19,1900-01-00 00:00:00,dlink-615_EXT,40:86:CB:27:D2:0C,-23, WPA2 ,0.000000,0.000000,0.000,0.000,AP
2026-05-06 17:38:19,1900-01-00 00:00:00,,9C:2F:9D:82:20:A3,-27,,0.000000,0.000000,0.000,0.000,Client
2026-05-06 17:38:19,1900-01-00 00:00:00,dlink-615_EXT,40:86:CB:27:D2:0C,-25, WPA2 ,0.000000,0.000000,0.000,0.000,AP
2026-05-06 17:38:19,1900-01-00 00:00:00,,9C:2F:9D:82:20:A3,-27,,0.000000,0.000000,0.000,0.000,Client
2026-05-06 17:38:19,1900-01-00 00:00:00,dlink-615_EXT,40:86:CB:27:D2:0C,-23, WPA2 ,0.000000,0.000000,0.000,0.000,AP
2026-05-06 17:38:19,1900-01-00 00:00:00,,9C:2F:9D:82:20:A3,-23,,0.000000,0.000000,0.000,0.000,Client
2026-05-06 17:38:19,1900-01-00 00:00:00,dlink-615_EXT,40:86:CB:27:D2:0C,-23, WPA2 ,0.000000,0.000000,0.000,0.000,AP
2026-05-06 17:38:19,1900-01-00 00:00:00,,9C:2F:9D:82:20:A3,-23,,0.000000,0.000000,0.000,0.000,Client
2026-05-06 17:38:19,1900-01-00 00:00:00,dlink-615_EXT,40:86:CB:27:D2:0C,-23, WPA2 ,0.000000,0.000000,0.000,0.000,AP
2026-05-06 17:38:19,1900-01-00 00:00:00,,9C:2F:9D:82:20:A3,-23,,0.000000,0.000000,0.000,0.000,Client
2026-05-06 17:38:19,1900-01-00 00:00:00,dlink-615_EXT,40:86:CB:27:D2:0C,-25, WPA2 ,0.000000,0.000000,0.000,0.000,AP
2026-05-06 17:38:19,1900-01-00 00:00:00,,9C:2F:9D:82:20:A3,-25,,0.000000,0.000000,0.000,0.000,Client
2026-05-06 17:38:19,1900-01-00 00:00:00,dlink-615_EXT,40:86:CB:27:D2:0C,-23, WPA2 ,0.000000,0.000000,0.000,0.000,AP
2026-05-06 17:38:19,1900-01-00 00:00:00,,9C:2F:9D:82:20:A3,-23,,0.000000,0.000000,0.000,0.000,Client
2026-05-06 17:38:19,1900-01-00 00:00:00,dlink-615_EXT,40:86:CB:27:D2:0C,-61, WPA2 ,0.000000,0.000000,0.000,0.000,AP
2026-05-06 17:38:19,1900-01-00 00:00:00,,9C:2F:9D:82:20:A3,-23,,0.000000,0.000000,0.000,0.000,Client
2026-05-06 17:38:19,1900-01-00 00:00:00,dlink-615_EXT,40:86:CB:27:D2:0C,-25, WPA2 ,0.000000,0.000000,0.000,0.000,AP
2026-05-06 17:38:19,1900-01-00 00:00:00,,9C:2F:9D:82:20:A3,-23,,0.000000,0.000000,0.000,0.000,Client
2026-05-06 17:38:19,1900-01-00 00:00:00,dlink-615_EXT,40:86:CB:27:D2:0C,-23, WPA2 ,0.000000,0.000000,0.000,0.000,AP
2026-05-06 17:38:19,1900-01-00 00:00:00,,9C:2F:9D:82:20:A3,-23,,0.000000,0.000000,0.000,0.000,Client
2026-05-06 17:38:19,1900-01-00 00:00:00,dlink-615_EXT,40:86:CB:27:D2:0C,-23, WPA2 ,0.000000,0.000000,0.000,0.000,AP
2026-05-06 17:38:19,1900-01-00 00:00:00,,9C:2F:9D:82:20:A3,-23,,0.000000,0.000000,0.000,0.000,Client
2026-05-06 17:38:19,1900-01-00 00:00:00,dlink-615_EXT,40:86:CB:27:D2:0C,-23, WPA2 ,0.000000,0.000000,0.000,0.000,AP
2026-05-06 17:38:19,1900-01-00 00:00:00,,9C:2F:9D:82:20:A3,-23,,0.000000,0.000000,0.000,0.000,Client
2026-05-06 17:38:19,1900-01-00 00:00:00,dlink-615_EXT,40:86:CB:27:D2:0C,-23, WPA2 ,0.000000,0.000000,0.000,0.000,AP
2026-05-06 17:38:19,1900-01-00 00:00:00,,9C:2F:9D:82:20:A3,-23,,0.000000,0.000000,0.000,0.000,Client
2026-05-06 17:38:19,1900-01-00 00:00:00,dlink-615_EXT,40:86:CB:27:D2:0C,-25, WPA2 ,0.000000,0.000000,0.000,0.000,AP
2026-05-06 17:38:19,1900-01-00 00:00:00,,9C:2F:9D:82:20:A3,-23,,0.000000,0.000000,0.000,0.000,Client
2026-05-06 17:38:19,1900-01-00 00:00:00,dlink-615_EXT,40:86:CB:27:D2:0C,-23, WPA2 ,0.000000,0.000000,0.000,0.000,AP
2026-05-06 17:38:19,1900-01-00 00:00:00,,9C:2F:9D:82:20:A3,-25,,0.000000,0.000000,0.000,0.000,Client
2026-05-06 17:38:19,1900-01-00 00:00:00,dlink-615_EXT,40:86:CB:27:D2:0C,-25, WPA2 ,0.000000,0.000000,0.000,0.000,AP
2026-05-06 17:38:19,1900-01-00 00:00:00,,9C:2F:9D:82:20:A3,-23,,0.000000,0.000000,0.000,0.000,Client
2026-05-06 17:38:19,1900-01-00 00:00:00,dlink-615_EXT,40:86:CB:27:D2:0C,-23, WPA2 ,0.000000,0.000000,0.000,0.000,AP
2026-05-06 17:38:19,1900-01-00 00:00:00,,9C:2F:9D:82:20:A3,-23,,0.000000,0.000000,0.000,0.000,Client
2026-05-06 17:38:19,1900-01-00 00:00:00,dlink-615_EXT,40:86:CB:27:D2:0C,-23, WPA2 ,0.000000,0.000000,0.000,0.000,AP
2026-05-06 17:38:19,1900-01-00 00:00:00,,9C:2F:9D:82:20:A3,-23,,0.000000,0.000000,0.000,0.000,Client
2026-05-06 17:38:19,1900-01-00 00:00:00,dlink-615_EXT,40:86:CB:27:D2:0C,-25, WPA2 ,0.000000,0.000000,0.000,0.000,AP
2026-05-06 17:38:19,1900-01-00 00:00:00,,9C:2F:9D:82:20:A3,-23,,0.000000,0.000000,0.000,0.000,Client
2026-05-06 17:38:19,1900-01-00 00:00:00,dlink-615_EXT,40:86:CB:27:D2:0C,-25, WPA2 ,0.000000,0.000000,0.000,0.000,AP
2026-05-06 17:38:19,1900-01-00 00:00:00,dlink-615_EXT,40:86:CB:27:D2:0C,-25, WPA2 ,0.000000,0.000000,0.000,0.000,AP
2026-05-06 17:38:19,1900-01-00 00:00:00,dlink-615_EXT,40:86:CB:27:D2:0C,-25, WPA2 ,0.000000,0.000000,0.000,0.000,AP
2026-05-06 17:38:19,1900-01-00 00:00:00,dlink-615_EXT,40:86:CB:27:D2:0C,-61, WPA2 ,0.000000,0.000000,0.000,0.000,AP
2026-05-06 17:38:19,1900-01-00 00:00:00,,9C:2F:9D:82:20:A3,-29,,0.000000,0.000000,0.000,0.000,Client
2026-05-06 17:38:19,1900-01-00 00:00:00,dlink-615_EXT,40:86:CB:27:D2:0C,-25, WPA2 ,0.000000,0.000000,0.000,0.000,AP
2026-05-06 17:38:19,1900-01-00 00:00:00,,9C:2F:9D:82:20:A3,-25,,0.000000,0.000000,0.000,0.000,Client
2026-05-06 17:38:19,1900-01-00 00:00:00,dlink-615_EXT,40:86:CB:27:D2:0C,-23, WPA2 ,0.000000,0.000000,0.000,0.000,AP
2026-05-06 17:38:20,1900-01-00 00:00:00,,9C:2F:9D:82:20:A3,-29,,0.000000,0.000000,0.000,0.000,Client
2026-05-06 17:38:20,1900-01-00 00:00:00,dlink-615_EXT,40:86:CB:27:D2:0C,-25, WPA2 ,0.000000,0.000000,0.000,0.000,AP
2026-05-06 17:38:20,1900-01-00 00:00:00,,9C:2F:9D:82:20:A3,-25,,0.000000,0.000000,0.000,0.000,Client
2026-05-06 17:38:20,1900-01-00 00:00:00,dlink-615_EXT,40:86:CB:27:D2:0C,-25, WPA2 ,0.000000,0.000000,0.000,0.000,AP
2026-05-06 17:38:20,1900-01-00 00:00:00,,9C:2F:9D:82:20:A3,-25,,0.000000,0.000000,0.000,0.000,Client
2026-05-06 17:38:20,1900-01-00 00:00:00,dlink-615_EXT,40:86:CB:27:D2:0C,-23, WPA2 ,0.000000,0.000000,0.000,0.000,AP
2026-05-06 17:38:20,1900-01-00 00:00:00,,9C:2F:9D:82:20:A3,-23,,0.000000,0.000000,0.000,0.000,Client
2026-05-06 17:38:20,1900-01-00 00:00:00,dlink-615_EXT,40:86:CB:27:D2:0C,-25, WPA2 ,0.000000,0.000000,0.000,0.000,AP
2026-05-06 17:38:20,1900-01-00 00:00:00,,9C:2F:9D:82:20:A3,-25,,0.000000,0.000000,0.000,0.000,Client
2026-05-06 17:38:20,1900-01-00 00:00:00,dlink-615_EXT,40:86:CB:27:D2:0C,-25, WPA2 ,0.000000,0.000000,0.000,0.000,AP
2026-05-06 17:38:20,1900-01-00 00:00:00,,9C:2F:9D:82:20:A3,-25,,0.000000,0.000000,0.000,0.000,Client
2026-05-06 17:38:20,1900-01-00 00:00:00,dlink-615_EXT,40:86:CB:27:D2:0C,-25, WPA2 ,0.000000,0.000000,0.000,0.000,AP
2026-05-06 17:38:20,1900-01-00 00:00:00,,9C:2F:9D:82:20:A3,-23,,0.000000,0.000000,0.000,0.000,Client
2026-05-06 17:38:20,1900-01-00 00:00:00,dlink-615_EXT,40:86:CB:27:D2:0C,-23, WPA2 ,0.000000,0.000000,0.000,0.000,AP
2026-05-06 17:38:20,1900-01-00 00:00:00,dlink-615_EXT,40:86:CB:27:D2:0C,-25, WPA2 ,0.000000,0.000000,0.000,0.000,AP
2026-05-06 17:38:20,1900-01-00 00:00:00,,9C:2F:9D:82:20:A3,-25,,0.000000,0.000000,0.000,0.000,Client
2026-05-06 17:38:20,1900-01-00 00:00:00,dlink-615_EXT,40:86:CB:27:D2:0C,-23, WPA2 ,0.000000,0.000000,0.000,0.000,AP
2026-05-06 17:38:20,1900-01-00 00:00:00,,9C:2F:9D:82:20:A3,-23,,0.000000,0.000000,0.000,0.000,Client
2026-05-06 17:38:20,1900-01-00 00:00:00,dlink-615_EXT,40:86:CB:27:D2:0C,-23, WPA2 ,0.000000,0.000000,0.000,0.000,AP
2026-05-06 17:38:20,1900-01-00 00:00:00,,9C:2F:9D:82:20:A3,-23,,0.000000,0.000000,0.000,0.000,Client
2026-05-06 17:38:20,1900-01-00 00:00:00,dlink-615_EXT,40:86:CB:27:D2:0C,-23, WPA2 ,0.000000,0.000000,0.000,0.000,AP
2026-05-06 17:38:20,1900-01-00 00:00:00,,9C:2F:9D:82:20:A3,-23,,0.000000,0.000000,0.000,0.000,Client
2026-05-06 17:38:20,1900-01-00 00:00:00,dlink-615_EXT,40:86:CB:27:D2:0C,-25, WPA2 ,0.000000,0.000000,0.000,0.000,AP
2026-05-06 17:38:20,1900-01-00 00:00:00,,9C:2F:9D:82:20:A3,-25,,0.000000,0.000000,0.000,0.000,Client
2026-05-06 17:38:20,1900-01-00 00:00:00,dlink-615_EXT,40:86:CB:27:D2:0C,-23, WPA2 ,0.000000,0.000000,0.000,0.000,AP
2026-05-06 17:38:20,1900-01-00 00:00:00,,9C:2F:9D:82:20:A3,-23,,0.000000,0.000000,0.000,0.000,Client
2026-05-06 17:38:20,1900-01-00 00:00:00,dlink-615_EXT,40:86:CB:27:D2:0C,-25, WPA2 ,0.000000,0.000000,0.000,0.000,AP
2026-05-06 17:38:20,1900-01-00 00:00:00,,9C:2F:9D:82:20:A3,-25,,0.000000,0.000000,0.000,0.000,Client
2026-05-06 17:38:20,1900-01-00 00:00:00,dlink-615_EXT,40:86:CB:27:D2:0C,-25, WPA2 ,0.000000,0.000000,0.000,0.000,AP
2026-05-06 17:38:20,1900-01-00 00:00:00,,9C:2F:9D:82:20:A3,-25,,0.000000,0.000000,0.000,0.000,Client
2026-05-06 17:38:20,1900-01-00 00:00:00,dlink-615_EXT,40:86:CB:27:D2:0C,-25, WPA2 ,0.000000,0.000000,0.000,0.000,AP
2026-05-06 17:38:20,1900-01-00 00:00:00,,9C:2F:9D:82:20:A3,-25,,0.000000,0.000000,0.000,0.000,Client
2026-05-06 17:38:20,1900-01-00 00:00:00,dlink-615_EXT,40:86:CB:27:D2:0C,-25, WPA2 ,0.000000,0.000000,0.000,0.000,AP
2026-05-06 17:38:20,1900-01-00 00:00:00,,9C:2F:9D:82:20:A3,-25,,0.000000,0.000000,0.000,0.000,Client
2026-05-06 17:38:20,1900-01-00 00:00:00,dlink-615_EXT,40:86:CB:27:D2:0C,-25, WPA2 ,0.000000,0.000000,0.000,0.000,AP
2026-05-06 17:38:20,1900-01-00 00:00:00,,9C:2F:9D:82:20:A3,-25,,0.000000,0.000000,0.000,0.000,Client
2026-05-06 17:38:20,1900-01-00 00:00:00,dlink-615_EXT,40:86:CB:27:D2:0C,-25, WPA2 ,0.000000,0.000000,0.000,0.000,AP
2026-05-06 17:38:20,1900-01-00 00:00:00,,9C:2F:9D:82:20:A3,-25,,0.000000,0.000000,0.000,0.000,Client
2026-05-06 17:38:20,1900-01-00 00:00:00,dlink-615_EXT,40:86:CB:27:D2:0C,-23, WPA2 ,0.000000,0.000000,0.000,0.000,AP
2026-05-06 17:38:20,1900-01-00 00:00:00,,9C:2F:9D:82:20:A3,-23,,0.000000,0.000000,0.000,0.000,Client
2026-05-06 17:38:20,1900-01-00 00:00:00,dlink-615_EXT,40:86:CB:27:D2:0C,-25, WPA2 ,0.000000,0.000000,0.000,0.000,AP
2026-05-06 17:38:20,1900-01-00 00:00:00,,9C:2F:9D:82:20:A3,-25,,0.000000,0.000000,0.000,0.000,Client
2026-05-06 17:38:20,1900-01-00 00:00:00,dlink-615_EXT,40:86:CB:27:D2:0C,-25, WPA2 ,0.000000,0.000000,0.000,0.000,AP
2026-05-06 17:38:20,1900-01-00 00:00:00,,9C:2F:9D:82:20:A3,-23,,0.000000,0.000000,0.000,0.000,Client
2026-05-06 17:38:20,1900-01-00 00:00:00,dlink-615_EXT,40:86:CB:27:D2:0C,-25, WPA2 ,0.000000,0.000000,0.000,0.000,AP
2026-05-06 17:38:20,1900-01-00 00:00:00,,9C:2F:9D:82:20:A3,-25,,0.000000,0.000000,0.000,0.000,Client
2026-05-06 17:38:20,1900-01-00 00:00:00,dlink-615_EXT,40:86:CB:27:D2:0C,-23, WPA2 ,0.000000,0.000000,0.000,0.000,AP
2026-05-06 17:38:20,1900-01-00 00:00:00,,9C:2F:9D:82:20:A3,-23,,0.000000,0.000000,0.000,0.000,Client
2026-05-06 17:38:20,1900-01-00 00:00:00,dlink-615_EXT,40:86:CB:27:D2:0C,-25, WPA2 ,0.000000,0.000000,0.000,0.000,AP
2026-05-06 17:38:20,1900-01-00 00:00:00,dlink-615_EXT,40:86:CB:27:D2:0C,-23, WPA2 ,0.000000,0.000000,0.000,0.000,AP
2026-05-06 17:38:20,1900-01-00 00:00:00,,9C:2F:9D:82:20:A3,-23,,0.000000,0.000000,0.000,0.000,Client
2026-05-06 17:38:20,1900-01-00 00:00:00,dlink-615_EXT,40:86:CB:27:D2:0C,-25, WPA2 ,0.000000,0.000000,0.000,0.000,AP
2026-05-06 17:38:20,1900-01-00 00:00:00,,9C:2F:9D:82:20:A3,-25,,0.000000,0.000000,0.000,0.000,Client
2026-05-06 17:38:20,1900-01-00 00:00:00,dlink-615_EXT,40:86:CB:27:D2:0C,-25, WPA2 ,0.000000,0.000000,0.000,0.000,AP
2026-05-06 17:38:20,1900-01-00 00:00:00,,9C:2F:9D:82:20:A3,-25,,0.000000,0.000000,0.000,0.000,Client
2026-05-06 17:38:20,1900-01-00 00:00:00,dlink-615_EXT,40:86:CB:27:D2:0C,-23, WPA2 ,0.000000,0.000000,0.000,0.000,AP
2026-05-06 17:38:20,1900-01-00 00:00:00,,9C:2F:9D:82:20:A3,-23,,0.000000,0.000000,0.000,0.000,Client
2026-05-06 17:38:20,1900-01-00 00:00:00,dlink-615_EXT,40:86:CB:27:D2:0C,-25, WPA2 ,0.000000,0.000000,0.000,0.000,AP
2026-05-06 17:38:20,1900-01-00 00:00:00,,9C:2F:9D:82:20:A3,-25,,0.000000,0.000000,0.000,0.000,Client
2026-05-06 17:38:20,1900-01-00 00:00:00,dlink-615_EXT,40:86:CB:27:D2:0C,-25, WPA2 ,0.000000,0.000000,0.000,0.000,AP
2026-05-06 17:38:20,1900-01-00 00:00:00,,9C:2F:9D:82:20:A3,-25,,0.000000,0.000000,0.000,0.000,Client
2026-05-06 17:38:20,1900-01-00 00:00:00,dlink-615_EXT,40:86:CB:27:D2:0C,-23, WPA2 ,0.000000,0.000000,0.000,0.000,AP
2026-05-06 17:38:20,1900-01-00 00:00:00,,9C:2F:9D:82:20:A3,-23,,0.000000,0.000000,0.000,0.000,Client
2026-05-06 17:38:20,1900-01-00 00:00:00,dlink-615_EXT,40:86:CB:27:D2:0C,-25, WPA2 ,0.000000,0.000000,0.000,0.000,AP
2026-05-06 17:38:20,1900-01-00 00:00:00,,9C:2F:9D:82:20:A3,-25,,0.000000,0.000000,0.000,0.000,Client
2026-05-06 17:38:20,1900-01-00 00:00:00,dlink-615_EXT,40:86:CB:27:D2:0C,-23, WPA2 ,0.000000,0.000000,0.000,0.000,AP
2026-05-06 17:38:20,1900-01-00 00:00:00,,9C:2F:9D:82:20:A3,-23,,0.000000,0.000000,0.000,0.000,Client
2026-05-06 17:38:20,1900-01-00 00:00:00,dlink-615_EXT,40:86:CB:27:D2:0C,-25, WPA2 ,0.000000,0.000000,0.000,0.000,AP
2026-05-06 17:38:20,1900-01-00 00:00:00,,9C:2F:9D:82:20:A3,-25,,0.000000,0.000000,0.000,0.000,Client
2026-05-06 17:38:20,1900-01-00 00:00:00,dlink-615_EXT,40:86:CB:27:D2:0C,-23, WPA2 ,0.000000,0.000000,0.000,0.000,AP
2026-05-06 17:38:20,1900-01-00 00:00:00,,9C:2F:9D:82:20:A3,-23,,0.000000,0.000000,0.000,0.000,Client
2026-05-06 17:38:20,1900-01-00 00:00:00,dlink-615_EXT,40:86:CB:27:D2:0C,-25, WPA2 ,0.000000,0.000000,0.000,0.000,AP
2026-05-06 17:38:20,1900-01-00 00:00:00,,9C:2F:9D:82:20:A3,-25,,0.000000,0.000000,0.000,0.000,Client
2026-05-06 17:38:20,1900-01-00 00:00:00,dlink-615_EXT,40:86:CB:27:D2:0C,-25, WPA2 ,0.000000,0.000000,0.000,0.000,AP
2026-05-06 17:38:20,1900-01-00 00:00:00,,9C:2F:9D:82:20:A3,-25,,0.000000,0.000000,0.000,0.000,Client
2026-05-06 17:38:20,1900-01-00 00:00:00,dlink-615_EXT,40:86:CB:27:D2:0C,-23, WPA2 ,0.000000,0.000000,0.000,0.000,AP
2026-05-06 17:38:20,1900-01-00 00:00:00,,9C:2F:9D:82:20:A3,-23,,0.000000,0.000000,0.000,0.000,Client
2026-05-06 17:38:20,1900-01-00 00:00:00,dlink-615_EXT,40:86:CB:27:D2:0C,-23, WPA2 ,0.000000,0.000000,0.000,0.000,AP
2026-05-06 17:38:20,1900-01-00 00:00:00,,9C:2F:9D:82:20:A3,-23,,0.000000,0.000000,0.000,0.000,Client
2026-05-06 17:38:20,1900-01-00 00:00:00,dlink-615_EXT,40:86:CB:27:D2:0C,-25, WPA2 ,0.000000,0.000000,0.000,0.000,AP
2026-05-06 17:38:20,1900-01-00 00:00:00,,9C:2F:9D:82:20:A3,-25,,0.000000,0.000000,0.000,0.000,Client
2026-05-06 17:38:20,1900-01-00 00:00:00,dlink-615_EXT,40:86:CB:27:D2:0C,-25, WPA2 ,0.000000,0.000000,0.000,0.000,AP
2026-05-06 17:38:20,1900-01-00 00:00:00,,9C:2F:9D:82:20:A3,-25,,0.000000,0.000000,0.000,0.000,Client
2026-05-06 17:38:20,1900-01-00 00:00:00,dlink-615_EXT,40:86:CB:27:D2:0C,-25, WPA2 ,0.000000,0.000000,0.000,0.000,AP
2026-05-06 17:38:20,1900-01-00 00:00:00,,9C:2F:9D:82:20:A3,-25,,0.000000,0.000000,0.000,0.000,Client
2026-05-06 17:38:20,1900-01-00 00:00:00,dlink-615_EXT,40:86:CB:27:D2:0C,-25, WPA2 ,0.000000,0.000000,0.000,0.000,AP
2026-05-06 17:38:20,1900-01-00 00:00:00,dlink-615_EXT,40:86:CB:27:D2:0C,-25, WPA2 ,0.000000,0.000000,0.000,0.000,AP
2026-05-06 17:38:20,1900-01-00 00:00:00,,9C:2F:9D:82:20:A3,-25,,0.000000,0.000000,0.000,0.000,Client
2026-05-06 17:38:20,1900-01-00 00:00:00,dlink-615_EXT,40:86:CB:27:D2:0C,-25, WPA2 ,0.000000,0.000000,0.000,0.000,AP
2026-05-06 17:38:20,1900-01-00 00:00:00,,9C:2F:9D:82:20:A3,-25,,0.000000,0.000000,0.000,0.000,Client
2026-05-06 17:38:20,1900-01-00 00:00:00,dlink-615_EXT,40:86:CB:27:D2:0C,-25, WPA2 ,0.000000,0.000000,0.000,0.000,AP
2026-05-06 17:38:20,1900-01-00 00:00:00,,9C:2F:9D:82:20:A3,-25,,0.000000,0.000000,0.000,0.000,Client
2026-05-06 17:38:20,1900-01-00 00:00:00,dlink-615_EXT,40:86:CB:27:D2:0C,-25, WPA2 ,0.000000,0.000000,0.000,0.000,AP
2026-05-06 17:38:20,1900-01-00 00:00:00,,9C:2F:9D:82:20:A3,-25,,0.000000,0.000000,0.000,0.000,Client
2026-05-06 17:38:20,1900-01-00 00:00:00,dlink-615_EXT,40:86:CB:27:D2:0C,-25, WPA2 ,0.000000,0.000000,0.000,0.000,AP
2026-05-06 17:38:20,1900-01-00 00:00:00,,9C:2F:9D:82:20:A3,-25,,0.000000,0.000000,0.000,0.000,Client
2026-05-06 17:38:20,1900-01-00 00:00:00,dlink-615_EXT,40:86:CB:27:D2:0C,-23, WPA2 ,0.000000,0.000000,0.000,0.000,AP
2026-05-06 17:38:20,1900-01-00 00:00:00,,9C:2F:9D:82:20:A3,-23,,0.000000,0.000000,0.000,0.000,Client
2026-05-06 17:38:20,1900-01-00 00:00:00,dlink-615_EXT,40:86:CB:27:D2:0C,-23, WPA2 ,0.000000,0.000000,0.000,0.000,AP
2026-05-06 17:38:20,1900-01-00 00:00:00,,9C:2F:9D:82:20:A3,-25,,0.000000,0.000000,0.000,0.000,Client
2026-05-06 17:38:20,1900-01-00 00:00:00,dlink-615_EXT,40:86:CB:27:D2:0C,-25, WPA2 ,0.000000,0.000000,0.000,0.000,AP
2026-05-06 17:38:20,1900-01-00 00:00:00,,9C:2F:9D:82:20:A3,-25,,0.000000,0.000000,0.000,0.000,Client
2026-05-06 17:38:20,1900-01-00 00:00:00,dlink-615_EXT,40:86:CB:27:D2:0C,-23, WPA2 ,0.000000,0.000000,0.000,0.000,AP
2026-05-06 17:38:20,1900-01-00 00:00:00,,9C:2F:9D:82:20:A3,-23,,0.000000,0.000000,0.000,0.000,Client
2026-05-06 17:38:20,1900-01-00 00:00:00,dlink-615_EXT,40:86:CB:27:D2:0C,-23, WPA2 ,0.000000,0.000000,0.000,0.000,AP
2026-05-06 17:38:20,1900-01-00 00:00:00,,9C:2F:9D:82:20:A3,-23,,0.000000,0.000000,0.000,0.000,Client
2026-05-06 17:38:20,1900-01-00 00:00:00,dlink-615_EXT,40:86:CB:27:D2:0C,-25, WPA2 ,0.000000,0.000000,0.000,0.000,AP
2026-05-06 17:38:20,1900-01-00 00:00:00,,9C:2F:9D:82:20:A3,-25,,0.000000,0.000000,0.000,0.000,Client
2026-05-06 17:38:20,1900-01-00 00:00:00,dlink-615_EXT,40:86:CB:27:D2:0C,-25, WPA2 ,0.000000,0.000000,0.000,0.000,AP
2026-05-06 17:38:20,1900-01-00 00:00:00,,9C:2F:9D:82:20:A3,-25,,0.000000,0.000000,0.000,0.000,Client
2026-05-06 17:38:20,1900-01-00 00:00:00,dlink-615_EXT,40:86:CB:27:D2:0C,-25, WPA2 ,0.000000,0.000000,0.000,0.000,AP
2026-05-06 17:38:20,1900-01-00 00:00:00,,9C:2F:9D:82:20:A3,-25,,0.000000,0.000000,0.000,0.000,Client
2026-05-06 17:38:20,1900-01-00 00:00:00,dlink-615_EXT,40:86:CB:27:D2:0C,-25, WPA2 ,0.000000,0.000000,0.000,0.000,AP
2026-05-06 17:38:20,1900-01-00 00:00:00,,9C:2F:9D:82:20:A3,-25,,0.000000,0.000000,0.000,0.000,Client
2026-05-06 17:38:20,1900-01-00 00:00:00,dlink-615_EXT,40:86:CB:27:D2:0C,-25, WPA2 ,0.000000,0.000000,0.000,0.000,AP
2026-05-06 17:38:20,1900-01-00 00:00:00,,9C:2F:9D:82:20:A3,-25,,0.000000,0.000000,0.000,0.000,Client
2026-05-06 17:38:20,1900-01-00 00:00:00,dlink-615_EXT,40:86:CB:27:D2:0C,-25, WPA2 ,0.000000,0.000000,0.000,0.000,AP
2026-05-06 17:38:20,1900-01-00 00:00:00,,9C:2F:9D:82:20:A3,-25,,0.000000,0.000000,0.000,0.000,Client
2026-05-06 17:38:20,1900-01-00 00:00:00,dlink-615_EXT,40:86:CB:27:D2:0C,-25, WPA2 ,0.000000,0.000000,0.000,0.000,AP
2026-05-06 17:38:20,1900-01-00 00:00:00,,9C:2F:9D:82:20:A3,-25,,0.000000,0.000000,0.000,0.000,Client
2026-05-06 17:38:20,1900-01-00 00:00:00,dlink-615_EXT,40:86:CB:27:D2:0C,-25, WPA2 ,0.000000,0.000000,0.000,0.000,AP
2026-05-06 17:38:20,1900-01-00 00:00:00,,9C:2F:9D:82:20:A3,-25,,0.000000,0.000000,0.000,0.000,Client
2026-05-06 17:38:20,1900-01-00 00:00:00,dlink-615_EXT,40:86:CB:27:D2:0C,-25, WPA2 ,0.000000,0.000000,0.000,0.000,AP
2026-05-06 17:38:20,1900-01-00 00:00:00,,9C:2F:9D:82:20:A3,-25,,0.000000,0.000000,0.000,0.000,Client
2026-05-06 17:38:20,1900-01-00 00:00:00,dlink-615_EXT,40:86:CB:27:D2:0C,-23, WPA2 ,0.000000,0.000000,0.000,0.000,AP
2026-05-06 17:38:20,1900-01-00 00:00:00,,9C:2F:9D:82:20:A3,-23,,0.000000,0.000000,0.000,0.000,Client
2026-05-06 17:38:20,1900-01-00 00:00:00,dlink-615_EXT,40:86:CB:27:D2:0C,-25, WPA2 ,0.000000,0.000000,0.000,0.000,AP
2026-05-06 17:38:20,1900-01-00 00:00:00,dlink-615_EXT,40:86:CB:27:D2:0C,-25, WPA2 ,0.000000,0.000000,0.000,0.000,AP
2026-05-06 17:38:20,1900-01-00 00:00:00,,9C:2F:9D:82:20:A3,-25,,0.000000,0.000000,0.000,0.000,Client
2026-05-06 17:38:20,1900-01-00 00:00:00,dlink-615_EXT,40:86:CB:27:D2:0C,-25, WPA2 ,0.000000,0.000000,0.000,0.000,AP
2026-05-06 17:38:20,1900-01-00 00:00:00,,9C:2F:9D:82:20:A3,-25,,0.000000,0.000000,0.000,0.000,Client
2026-05-06 17:38:20,1900-01-00 00:00:00,dlink-615_EXT,40:86:CB:27:D2:0C,-23, WPA2 ,0.000000,0.000000,0.000,0.000,AP
2026-05-06 17:38:20,1900-01-00 00:00:00,,9C:2F:9D:82:20:A3,-23,,0.000000,0.000000,0.000,0.000,Client
2026-05-06 17:38:20,1900-01-00 00:00:00,dlink-615_EXT,40:86:CB:27:D2:0C,-25, WPA2 ,0.000000,0.000000,0.000,0.000,AP
2026-05-06 17:38:20,1900-01-00 00:00:00,,9C:2F:9D:82:20:A3,-25,,0.000000,0.000000,0.000,0.000,Client
2026-05-06 17:38:20,1900-01-00 00:00:00,dlink-615_EXT,40:86:CB:27:D2:0C,-25, WPA2 ,0.000000,0.000000,0.000,0.000,AP
2026-05-06 17:38:20,1900-01-00 00:00:00,,9C:2F:9D:82:20:A3,-25,,0.000000,0.000000,0.000,0.000,Client
2026-05-06 17:38:20,1900-01-00 00:00:00,dlink-615_EXT,40:86:CB:27:D2:0C,-25, WPA2 ,0.000000,0.000000,0.000,0.000,AP
2026-05-06 17:38:20,1900-01-00 00:00:00,,9C:2F:9D:82:20:A3,-25,,0.000000,0.000000,0.000,0.000,Client
2026-05-06 17:38:20,1900-01-00 00:00:00,dlink-615_EXT,40:86:CB:27:D2:0C,-25, WPA2 ,0.000000,0.000000,0.000,0.000,AP
2026-05-06 17:38:20,1900-01-00 00:00:00,,9C:2F:9D:82:20:A3,-25,,0.000000,0.000000,0.000,0.000,Client
2026-05-06 17:38:20,1900-01-00 00:00:00,dlink-615_EXT,40:86:CB:27:D2:0C,-25, WPA2 ,0.000000,0.000000,0.000,0.000,AP
2026-05-06 17:38:20,1900-01-00 00:00:00,,9C:2F:9D:82:20:A3,-25,,0.000000,0.000000,0.000,0.000,Client
2026-05-06 17:38:20,1900-01-00 00:00:00,dlink-615_EXT,40:86:CB:27:D2:0C,-25, WPA2 ,0.000000,0.000000,0.000,0.000,AP
2026-05-06 17:38:20,1900-01-00 00:00:00,,9C:2F:9D:82:20:A3,-25,,0.000000,0.000000,0.000,0.000,Client
2026-05-06 17:38:20,1900-01-00 00:00:00,dlink-615_EXT,40:86:CB:27:D2:0C,-25, WPA2 ,0.000000,0.000000,0.000,0.000,AP
2026-05-06 17:38:20,1900-01-00 00:00:00,,9C:2F:9D:82:20:A3,-23,,0.000000,0.000000,0.000,0.000,Client
2026-05-06 17:38:20,1900-01-00 00:00:00,dlink-615_EXT,40:86:CB:27:D2:0C,-23, WPA2 ,0.000000,0.000000,0.000,0.000,AP
2026-05-06 17:38:20,1900-01-00 00:00:00,,9C:2F:9D:82:20:A3,-25,,0.000000,0.000000,0.000,0.000,Client
2026-05-06 17:38:20,1900-01-00 00:00:00,dlink-615_EXT,40:86:CB:27:D2:0C,-25, WPA2 ,0.000000,0.000000,0.000,0.000,AP
2026-05-06 17:38:20,1900-01-00 00:00:00,,9C:2F:9D:82:20:A3,-23,,0.000000,0.000000,0.000,0.000,Client
2026-05-06 17:38:20,1900-01-00 00:00:00,dlink-615_EXT,40:86:CB:27:D2:0C,-25, WPA2 ,0.000000,0.000000,0.000,0.000,AP
2026-05-06 17:38:20,1900-01-00 00:00:00,,9C:2F:9D:82:20:A3,-25,,0.000000,0.000000,0.000,0.000,Client
2026-05-06 17:38:20,1900-01-00 00:00:00,dlink-615_EXT,40:86:CB:27:D2:0C,-25, WPA2 ,0.000000,0.000000,0.000,0.000,AP
2026-05-06 17:38:20,1900-01-00 00:00:00,,9C:2F:9D:82:20:A3,-25,,0.000000,0.000000,0.000,0.000,Client
2026-05-06 17:38:20,1900-01-00 00:00:00,dlink-615_EXT,40:86:CB:27:D2:0C,-23, WPA2 ,0.000000,0.000000,0.000,0.000,AP
2026-05-06 17:38:20,1900-01-00 00:00:00,,9C:2F:9D:82:20:A3,-23,,0.000000,0.000000,0.000,0.000,Client
2026-05-06 17:38:20,1900-01-00 00:00:00,dlink-615_EXT,40:86:CB:27:D2:0C,-23, WPA2 ,0.000000,0.000000,0.000,0.000,AP
2026-05-06 17:38:20,1900-01-00 00:00:00,,9C:2F:9D:82:20:A3,-23,,0.000000,0.000000,0.000,0.000,Client
2026-05-06 17:38:20,1900-01-00 00:00:00,dlink-615_EXT,40:86:CB:27:D2:0C,-23, WPA2 ,0.000000,0.000000,0.000,0.000,AP
2026-05-06 17:38:20,1900-01-00 00:00:00,,9C:2F:9D:82:20:A3,-23,,0.000000,0.000000,0.000,0.000,Client
2026-05-06 17:38:20,1900-01-00 00:00:00,dlink-615_EXT,40:86:CB:27:D2:0C,-23, WPA2 ,0.000000,0.000000,0.000,0.000,AP
2026-05-06 17:38:20,1900-01-00 00:00:00,,9C:2F:9D:82:20:A3,-23,,0.000000,0.000000,0.000,0.000,Client
2026-05-06 17:38:20,1900-01-00 00:00:00,dlink-615_EXT,40:86:CB:27:D2:0C,-23, WPA2 ,0.000000,0.000000,0.000,0.000,AP
2026-05-06 17:38:20,1900-01-00 00:00:00,,9C:2F:9D:82:20:A3,-23,,0.000000,0.000000,0.000,0.000,Client
2026-05-06 17:38:20,1900-01-00 00:00:00,dlink-615_EXT,40:86:CB:27:D2:0C,-23, WPA2 ,0.000000,0.000000,0.000,0.000,AP
2026-05-06 17:38:20,1900-01-00 00:00:00,,9C:2F:9D:82:20:A3,-23,,0.000000,0.000000,0.000,0.000,Client
2026-05-06 17:38:20,1900-01-00 00:00:00,dlink-615_EXT,40:86:CB:27:D2:0C,-23, WPA2 ,0.000000,0.000000,0.000,0.000,AP
2026-05-06 17:38:20,1900-01-00 00:00:00,dlink-615_EXT,40:86:CB:27:D2:0C,-23, WPA2 ,0.000000,0.000000,0.000,0.000,AP
2026-05-06 17:38:20,1900-01-00 00:00:00,,9C:2F:9D:82:20:A3,-23,,0.000000,0.000000,0.000,0.000,Client
2026-05-06 17:38:20,1900-01-00 00:00:00,dlink-615_EXT,40:86:CB:27:D2:0C,-25, WPA2 ,0.000000,0.000000,0.000,0.000,AP
2026-05-06 17:38:20,1900-01-00 00:00:00,,9C:2F:9D:82:20:A3,-25,,0.000000,0.000000,0.000,0.000,Client
2026-05-06 17:38:20,1900-01-00 00:00:00,dlink-615_EXT,40:86:CB:27:D2:0C,-25, WPA2 ,0.000000,0.000000,0.000,0.000,AP
2026-05-06 17:38:20,1900-01-00 00:00:00,,9C:2F:9D:82:20:A3,-25,,0.000000,0.000000,0.000,0.000,Client
2026-05-06 17:38:20,1900-01-00 00:00:00,dlink-615_EXT,40:86:CB:27:D2:0C,-25, WPA2 ,0.000000,0.000000,0.000,0.000,AP
2026-05-06 17:38:20,1900-01-00 00:00:00,,9C:2F:9D:82:20:A3,-25,,0.000000,0.000000,0.000,0.000,Client
2026-05-06 17:38:20,1900-01-00 00:00:00,dlink-615_EXT,40:86:CB:27:D2:0C,-25, WPA2 ,0.000000,0.000000,0.000,0.000,AP
2026-05-06 17:38:20,1900-01-00 00:00:00,,9C:2F:9D:82:20:A3,-25,,0.000000,0.000000,0.000,0.000,Client
2026-05-06 17:38:20,1900-01-00 00:00:00,dlink-615_EXT,40:86:CB:27:D2:0C,-25, WPA2 ,0.000000,0.000000,0.000,0.000,AP
2026-05-06 17:38:20,1900-01-00 00:00:00,,9C:2F:9D:82:20:A3,-25,,0.000000,0.000000,0.000,0.000,Client
2026-05-06 17:38:20,1900-01-00 00:00:00,dlink-615_EXT,40:86:CB:27:D2:0C,-25, WPA2 ,0.000000,0.000000,0.000,0.000,AP
2026-05-06 17:38:20,1900-01-00 00:00:00,,9C:2F:9D:82:20:A3,-25,,0.000000,0.000000,0.000,0.000,Client
2026-05-06 17:38:20,1900-01-00 00:00:00,dlink-615_EXT,40:86:CB:27:D2:0C,-25, WPA2 ,0.000000,0.000000,0.000,0.000,AP
2026-05-06 17:38:20,1900-01-00 00:00:00,,9C:2F:9D:82:20:A3,-25,,0.000000,0.000000,0.000,0.000,Client
2026-05-06 17:38:20,1900-01-00 00:00:00,dlink-615_EXT,40:86:CB:27:D2:0C,-25, WPA2 ,0.000000,0.000000,0.000,0.000,AP
2026-05-06 17:38:20,1900-01-00 00:00:00,,9C:2F:9D:82:20:A3,-25,,0.000000,0.000000,0.000,0.000,Client
2026-05-06 17:38:20,1900-01-00 00:00:00,dlink-615_EXT,40:86:CB:27:D2:0C,-25, WPA2 ,0.000000,0.000000,0.000,0.000,AP
2026-05-06 17:38:20,1900-01-00 00:00:00,,9C:2F:9D:82:20:A3,-25,,0.000000,0.000000,0.000,0.000,Client
2026-05-06 17:38:20,1900-01-00 00:00:00,dlink-615_EXT,40:86:CB:27:D2:0C,-23, WPA2 ,0.000000,0.000000,0.000,0.000,AP
2026-05-06 17:38:20,1900-01-00 00:00:00,,9C:2F:9D:82:20:A3,-23,,0.000000,0.000000,0.000,0.000,Client
2026-05-06 17:38:20,1900-01-00 00:00:00,dlink-615_EXT,40:86:CB:27:D2:0C,-23, WPA2 ,0.000000,0.000000,0.000,0.000,AP
2026-05-06 17:38:20,1900-01-00 00:00:00,,9C:2F:9D:82:20:A3,-23,,0.000000,0.000000,0.000,0.000,Client
2026-05-06 17:38:20,1900-01-00 00:00:00,dlink-615_EXT,40:86:CB:27:D2:0C,-23, WPA2 ,0.000000,0.000000,0.000,0.000,AP
2026-05-06 17:38:20,1900-01-00 00:00:00,,9C:2F:9D:82:20:A3,-23,,0.000000,0.000000,0.000,0.000,Client
2026-05-06 17:38:20,1900-01-00 00:00:00,dlink-615_EXT,40:86:CB:27:D2:0C,-25, WPA2 ,0.000000,0.000000,0.000,0.000,AP
2026-05-06 17:38:20,1900-01-00 00:00:00,,9C:2F:9D:82:20:A3,-25,,0.000000,0.000000,0.000,0.000,Client
2026-05-06 17:38:20,1900-01-00 00:00:00,dlink-615_EXT,40:86:CB:27:D2:0C,-25, WPA2 ,0.000000,0.000000,0.000,0.000,AP
2026-05-06 17:38:20,1900-01-00 00:00:00,,9C:2F:9D:82:20:A3,-25,,0.000000,0.000000,0.000,0.000,Client
2026-05-06 17:38:20,1900-01-00 00:00:00,dlink-615_EXT,40:86:CB:27:D2:0C,-25, WPA2 ,0.000000,0.000000,0.000,0.000,AP
2026-05-06 17:38:20,1900-01-00 00:00:00,,9C:2F:9D:82:20:A3,-25,,0.000000,0.000000,0.000,0.000,Client
2026-05-06 17:38:20,1900-01-00 00:00:00,dlink-615_EXT,40:86:CB:27:D2:0C,-25, WPA2 ,0.000000,0.000000,0.000,0.000,AP
2026-05-06 17:38:20,1900-01-00 00:00:00,dlink-615_EXT,40:86:CB:27:D2:0C,-25, WPA2 ,0.000000,0.000000,0.000,0.000,AP
2026-05-06 17:38:20,1900-01-00 00:00:00,,9C:2F:9D:82:20:A3,-25,,0.000000,0.000000,0.000,0.000,Client
2026-05-06 17:38:20,1900-01-00 00:00:00,dlink-615_EXT,40:86:CB:27:D2:0C,-23, WPA2 ,0.000000,0.000000,0.000,0.000,AP
2026-05-06 17:38:20,1900-01-00 00:00:00,,9C:2F:9D:82:20:A3,-23,,0.000000,0.000000,0.000,0.000,Client
2026-05-06 17:38:20,1900-01-00 00:00:00,dlink-615_EXT,40:86:CB:27:D2:0C,-23, WPA2 ,0.000000,0.000000,0.000,0.000,AP
2026-05-06 17:38:20,1900-01-00 00:00:00,,9C:2F:9D:82:20:A3,-23,,0.000000,0.000000,0.000,0.000,Client
2026-05-06 17:38:20,1900-01-00 00:00:00,dlink-615_EXT,40:86:CB:27:D2:0C,-25, WPA2 ,0.000000,0.000000,0.000,0.000,AP
2026-05-06 17:38:20,1900-01-00 00:00:00,,9C:2F:9D:82:20:A3,-25,,0.000000,0.000000,0.000,0.000,Client
2026-05-06 17:38:20,1900-01-00 00:00:00,dlink-615_EXT,40:86:CB:27:D2:0C,-25, WPA2 ,0.000000,0.000000,0.000,0.000,AP
2026-05-06 17:38:20,1900-01-00 00:00:00,,9C:2F:9D:82:20:A3,-25,,0.000000,0.000000,0.000,0.000,Client
2026-05-06 17:38:20,1900-01-00 00:00:00,dlink-615_EXT,40:86:CB:27:D2:0C,-25, WPA2 ,0.000000,0.000000,0.000,0.000,AP
2026-05-06 17:38:20,1900-01-00 00:00:00,,9C:2F:9D:82:20:A3,-25,,0.000000,0.000000,0.000,0.000,Client
2026-05-06 17:38:20,1900-01-00 00:00:00,dlink-615_EXT,40:86:CB:27:D2:0C,-23, WPA2 ,0.000000,0.000000,0.000,0.000,AP
2026-05-06 17:38:20,1900-01-00 00:00:00,,9C:2F:9D:82:20:A3,-23,,0.000000,0.000000,0.000,0.000,Client
2026-05-06 17:38:20,1900-01-00 00:00:00,dlink-615_EXT,40:86:CB:27:D2:0C,-23, WPA2 ,0.000000,0.000000,0.000,0.000,AP
2026-05-06 17:38:20,1900-01-00 00:00:00,,9C:2F:9D:82:20:A3,-23,,0.000000,0.000000,0.000,0.000,Client
2026-05-06 17:38:20,1900-01-00 00:00:00,dlink-615_EXT,40:86:CB:27:D2:0C,-23, WPA2 ,0.000000,0.000000,0.000,0.000,AP
2026-05-06 17:38:20,1900-01-00 00:00:00,,9C:2F:9D:82:20:A3,-23,,0.000000,0.000000,0.000,0.000,Client
2026-05-06 17:38:20,1900-01-00 00:00:00,dlink-615_EXT,40:86:CB:27:D2:0C,-25, WPA2 ,0.000000,0.000000,0.000,0.000,AP
2026-05-06 17:38:20,1900-01-00 00:00:00,,9C:2F:9D:82:20:A3,-25,,0.000000,0.000000,0.000,0.000,Client
2026-05-06 17:38:20,1900-01-00 00:00:00,dlink-615_EXT,40:86:CB:27:D2:0C,-25, WPA2 ,0.000000,0.000000,0.000,0.000,AP
2026-05-06 17:38:20,1900-01-00 00:00:00,,9C:2F:9D:82:20:A3,-25,,0.000000,0.000000,0.000,0.000,Client
2026-05-06 17:38:20,1900-01-00 00:00:00,dlink-615_EXT,40:86:CB:27:D2:0C,-25, WPA2 ,0.000000,0.000000,0.000,0.000,AP
2026-05-06 17:38:20,1900-01-00 00:00:00,,9C:2F:9D:82:20:A3,-25,,0.000000,0.000000,0.000,0.000,Client
2026-05-06 17:38:20,1900-01-00 00:00:00,dlink-615_EXT,40:86:CB:27:D2:0C,-25, WPA2 ,0.000000,0.000000,0.000,0.000,AP
2026-05-06 17:38:20,1900-01-00 00:00:00,,9C:2F:9D:82:20:A3,-25,,0.000000,0.000000,0.000,0.000,Client
2026-05-06 17:38:20,1900-01-00 00:00:00,dlink-615_EXT,40:86:CB:27:D2:0C,-23, WPA2 ,0.000000,0.000000,0.000,0.000,AP
2026-05-06 17:38:20,1900-01-00 00:00:00,,9C:2F:9D:82:20:A3,-23,,0.000000,0.000000,0.000,0.000,Client
2026-05-06 17:38:20,1900-01-00 00:00:00,dlink-615_EXT,40:86:CB:27:D2:0C,-23, WPA2 ,0.000000,0.000000,0.000,0.000,AP
2026-05-06 17:38:20,1900-01-00 00:00:00,,9C:2F:9D:82:20:A3,-23,,0.000000,0.000000,0.000,0.000,Client
2026-05-06 17:38:20,1900-01-00 00:00:00,dlink-615_EXT,40:86:CB:27:D2:0C,-23, WPA2 ,0.000000,0.000000,0.000,0.000,AP
2026-05-06 17:38:20,1900-01-00 00:00:00,,9C:2F:9D:82:20:A3,-23,,0.000000,0.000000,0.000,0.000,Client
2026-05-06 17:38:20,1900-01-00 00:00:00,dlink-615_EXT,40:86:CB:27:D2:0C,-23, WPA2 ,0.000000,0.000000,0.000,0.000,AP
2026-05-06 17:38:20,1900-01-00 00:00:00,,9C:2F:9D:82:20:A3,-23,,0.000000,0.000000,0.000,0.000,Client
2026-05-06 17:38:20,1900-01-00 00:00:00,dlink-615_EXT,40:86:CB:27:D2:0C,-23, WPA2 ,0.000000,0.000000,0.000,0.000,AP
2026-05-06 17:38:20,1900-01-00 00:00:00,dlink-615_EXT,40:86:CB:27:D2:0C,-23, WPA2 ,0.000000,0.000000,0.000,0.000,AP
2026-05-06 17:38:20,1900-01-00 00:00:00,,9C:2F:9D:82:20:A3,-23,,0.000000,0.000000,0.000,0.000,Client
2026-05-06 17:38:20,1900-01-00 00:00:00,dlink-615_EXT,40:86:CB:27:D2:0C,-25, WPA2 ,0.000000,0.000000,0.000,0.000,AP
2026-05-06 17:38:20,1900-01-00 00:00:00,,9C:2F:9D:82:20:A3,-25,,0.000000,0.000000,0.000,0.000,Client
2026-05-06 17:38:20,1900-01-00 00:00:00,dlink-615_EXT,40:86:CB:27:D2:0C,-23, WPA2 ,0.000000,0.000000,0.000,0.000,AP
2026-05-06 17:38:20,1900-01-00 00:00:00,,9C:2F:9D:82:20:A3,-23,,0.000000,0.000000,0.000,0.000,Client
2026-05-06 17:38:20,1900-01-00 00:00:00,dlink-615_EXT,40:86:CB:27:D2:0C,-23, WPA2 ,0.000000,0.000000,0.000,0.000,AP
2026-05-06 17:38:20,1900-01-00 00:00:00,,9C:2F:9D:82:20:A3,-23,,0.000000,0.000000,0.000,0.000,Client
2026-05-06 17:38:20,1900-01-00 00:00:00,dlink-615_EXT,40:86:CB:27:D2:0C,-25, WPA2 ,0.000000,0.000000,0.000,0.000,AP
2026-05-06 17:38:20,1900-01-00 00:00:00,,9C:2F:9D:82:20:A3,-25,,0.000000,0.000000,0.000,0.000,Client
2026-05-06 17:38:20,1900-01-00 00:00:00,dlink-615_EXT,40:86:CB:27:D2:0C,-25, WPA2 ,0.000000,0.000000,0.000,0.000,AP
2026-05-06 17:38:20,1900-01-00 00:00:00,,9C:2F:9D:82:20:A3,-25,,0.000000,0.000000,0.000,0.000,Client
2026-05-06 17:38:20,1900-01-00 00:00:00,dlink-615_EXT,40:86:CB:27:D2:0C,-23, WPA2 ,0.000000,0.000000,0.000,0.000,AP
2026-05-06 17:38:20,1900-01-00 00:00:00,,9C:2F:9D:82:20:A3,-23,,0.000000,0.000000,0.000,0.000,Client
2026-05-06 17:38:20,1900-01-00 00:00:00,dlink-615_EXT,40:86:CB:27:D2:0C,-25, WPA2 ,0.000000,0.000000,0.000,0.000,AP
2026-05-06 17:38:20,1900-01-00 00:00:00,,9C:2F:9D:82:20:A3,-25,,0.000000,0.000000,0.000,0.000,Client
2026-05-06 17:38:20,1900-01-00 00:00:00,dlink-615_EXT,40:86:CB:27:D2:0C,-25, WPA2 ,0.000000,0.000000,0.000,0.000,AP
2026-05-06 17:38:20,1900-01-00 00:00:00,,9C:2F:9D:82:20:A3,-25,,0.000000,0.000000,0.000,0.000,Client
2026-05-06 17:38:20,1900-01-00 00:00:00,dlink-615_EXT,40:86:CB:27:D2:0C,-23, WPA2 ,0.000000,0.000000,0.000,0.000,AP
2026-05-06 17:38:20,1900-01-00 00:00:00,,9C:2F:9D:82:20:A3,-23,,0.000000,0.000000,0.000,0.000,Client
2026-05-06 17:38:20,1900-01-00 00:00:00,dlink-615_EXT,40:86:CB:27:D2:0C,-25, WPA2 ,0.000000,0.000000,0.000,0.000,AP
2026-05-06 17:38:20,1900-01-00 00:00:00,,9C:2F:9D:82:20:A3,-25,,0.000000,0.000000,0.000,0.000,Client
2026-05-06 17:38:20,1900-01-00 00:00:00,dlink-615_EXT,40:86:CB:27:D2:0C,-23, WPA2 ,0.000000,0.000000,0.000,0.000,AP
2026-05-06 17:38:21,1900-01-00 00:00:00,dlink-615_EXT,40:86:CB:27:D2:0C,-23, WPA2 ,0.000000,0.000000,0.000,0.000,AP
2026-05-06 17:38:21,1900-01-00 00:00:00,,9C:2F:9D:82:20:A3,-23,,0.000000,0.000000,0.000,0.000,Client
2026-05-06 17:38:21,1900-01-00 00:00:00,dlink-615_EXT,40:86:CB:27:D2:0C,-65, WPA2 ,0.000000,0.000000,0.000,0.000,AP
2026-05-06 17:38:21,1900-01-00 00:00:00,,9C:2F:9D:82:20:A3,-25,,0.000000,0.000000,0.000,0.000,Client
2026-05-06 17:38:21,1900-01-00 00:00:00,dlink-615_EXT,40:86:CB:27:D2:0C,-23, WPA2 ,0.000000,0.000000,0.000,0.000,AP
2026-05-06 17:38:21,1900-01-00 00:00:00,,9C:2F:9D:82:20:A3,-23,,0.000000,0.000000,0.000,0.000,Client
2026-05-06 17:38:21,1900-01-00 00:00:00,dlink-615_EXT,40:86:CB:27:D2:0C,-25, WPA2 ,0.000000,0.000000,0.000,0.000,AP
2026-05-06 17:38:21,1900-01-00 00:00:00,,9C:2F:9D:82:20:A3,-25,,0.000000,0.000000,0.000,0.000,Client
2026-05-06 17:38:21,1900-01-00 00:00:00,dlink-615_EXT,40:86:CB:27:D2:0C,-23, WPA2 ,0.000000,0.000000,0.000,0.000,AP
2026-05-06 17:38:21,1900-01-00 00:00:00,,9C:2F:9D:82:20:A3,-23,,0.000000,0.000000,0.000,0.000,Client
2026-05-06 17:38:21,1900-01-00 00:00:00,dlink-615_EXT,40:86:CB:27:D2:0C,-25, WPA2 ,0.000000,0.000000,0.000,0.000,AP
2026-05-06 17:38:21,1900-01-00 00:00:00,,9C:2F:9D:82:20:A3,-25,,0.000000,0.000000,0.000,0.000,Client
2026-05-06 17:38:21,1900-01-00 00:00:00,dlink-615_EXT,40:86:CB:27:D2:0C,-23, WPA2 ,0.000000,0.000000,0.000,0.000,AP
2026-05-06 17:38:21,1900-01-00 00:00:00,,9C:2F:9D:82:20:A3,-23,,0.000000,0.000000,0.000,0.000,Client
2026-05-06 17:38:21,1900-01-00 00:00:00,dlink-615_EXT,40:86:CB:27:D2:0C,-23, WPA2 ,0.000000,0.000000,0.000,0.000,AP
2026-05-06 17:38:21,1900-01-00 00:00:00,,9C:2F:9D:82:20:A3,-23,,0.000000,0.000000,0.000,0.000,Client
2026-05-06 17:38:21,1900-01-00 00:00:00,dlink-615_EXT,40:86:CB:27:D2:0C,-25, WPA2 ,0.000000,0.000000,0.000,0.000,AP
2026-05-06 17:38:21,1900-01-00 00:00:00,,9C:2F:9D:82:20:A3,-25,,0.000000,0.000000,0.000,0.000,Client
2026-05-06 17:38:21,1900-01-00 00:00:00,dlink-615_EXT,40:86:CB:27:D2:0C,-23, WPA2 ,0.000000,0.000000,0.000,0.000,AP
2026-05-06 17:38:21,1900-01-00 00:00:00,,9C:2F:9D:82:20:A3,-23,,0.000000,0.000000,0.000,0.000,Client
2026-05-06 17:38:21,1900-01-00 00:00:00,dlink-615_EXT,40:86:CB:27:D2:0C,-23, WPA2 ,0.000000,0.000000,0.000,0.000,AP
2026-05-06 17:38:21,1900-01-00 00:00:00,,9C:2F:9D:82:20:A3,-23,,0.000000,0.000000,0.000,0.000,Client
2026-05-06 17:38:21,1900-01-00 00:00:00,dlink-615_EXT,40:86:CB:27:D2:0C,-25, WPA2 ,0.000000,0.000000,0.000,0.000,AP
2026-05-06 17:38:21,1900-01-00 00:00:00,,9C:2F:9D:82:20:A3,-25,,0.000000,0.000000,0.000,0.000,Client
2026-05-06 17:38:21,1900-01-00 00:00:00,dlink-615_EXT,40:86:CB:27:D2:0C,-23, WPA2 ,0.000000,0.000000,0.000,0.000,AP
2026-05-06 17:38:21,1900-01-00 00:00:00,dlink-615_EXT,40:86:CB:27:D2:0C,-25, WPA2 ,0.000000,0.000000,0.000,0.000,AP
2026-05-06 17:38:21,1900-01-00 00:00:00,,9C:2F:9D:82:20:A3,-25,,0.000000,0.000000,0.000,0.000,Client
2026-05-06 17:38:21,1900-01-00 00:00:00,dlink-615_EXT,40:86:CB:27:D2:0C,-23, WPA2 ,0.000000,0.000000,0.000,0.000,AP
2026-05-06 17:38:21,1900-01-00 00:00:00,,9C:2F:9D:82:20:A3,-23,,0.000000,0.000000,0.000,0.000,Client
2026-05-06 17:38:21,1900-01-00 00:00:00,dlink-615_EXT,40:86:CB:27:D2:0C,-23, WPA2 ,0.000000,0.000000,0.000,0.000,AP
2026-05-06 17:38:21,1900-01-00 00:00:00,,9C:2F:9D:82:20:A3,-23,,0.000000,0.000000,0.000,0.000,Client
2026-05-06 17:38:21,1900-01-00 00:00:00,dlink-615_EXT,40:86:CB:27:D2:0C,-23, WPA2 ,0.000000,0.000000,0.000,0.000,AP
2026-05-06 17:38:21,1900-01-00 00:00:00,,9C:2F:9D:82:20:A3,-23,,0.000000,0.000000,0.000,0.000,Client
2026-05-06 17:38:21,1900-01-00 00:00:00,dlink-615_EXT,40:86:CB:27:D2:0C,-23, WPA2 ,0.000000,0.000000,0.000,0.000,AP
2026-05-06 17:38:21,1900-01-00 00:00:00,,9C:2F:9D:82:20:A3,-23,,0.000000,0.000000,0.000,0.000,Client
2026-05-06 17:38:21,1900-01-00 00:00:00,dlink-615_EXT,40:86:CB:27:D2:0C,-25, WPA2 ,0.000000,0.000000,0.000,0.000,AP
2026-05-06 17:38:21,1900-01-00 00:00:00,,9C:2F:9D:82:20:A3,-25,,0.000000,0.000000,0.000,0.000,Client
2026-05-06 17:38:21,1900-01-00 00:00:00,dlink-615_EXT,40:86:CB:27:D2:0C,-23, WPA2 ,0.000000,0.000000,0.000,0.000,AP
2026-05-06 17:38:21,1900-01-00 00:00:00,,9C:2F:9D:82:20:A3,-23,,0.000000,0.000000,0.000,0.000,Client
2026-05-06 17:38:21,1900-01-00 00:00:00,dlink-615_EXT,40:86:CB:27:D2:0C,-23, WPA2 ,0.000000,0.000000,0.000,0.000,AP
2026-05-06 17:38:21,1900-01-00 00:00:00,,9C:2F:9D:82:20:A3,-23,,0.000000,0.000000,0.000,0.000,Client
2026-05-06 17:38:21,1900-01-00 00:00:00,dlink-615_EXT,40:86:CB:27:D2:0C,-23, WPA2 ,0.000000,0.000000,0.000,0.000,AP
2026-05-06 17:38:21,1900-01-00 00:00:00,,9C:2F:9D:82:20:A3,-23,,0.000000,0.000000,0.000,0.000,Client
2026-05-06 17:38:21,1900-01-00 00:00:00,dlink-615_EXT,40:86:CB:27:D2:0C,-25, WPA2 ,0.000000,0.000000,0.000,0.000,AP
2026-05-06 17:38:21,1900-01-00 00:00:00,,9C:2F:9D:82:20:A3,-25,,0.000000,0.000000,0.000,0.000,Client
2026-05-06 17:38:21,1900-01-00 00:00:00,dlink-615_EXT,40:86:CB:27:D2:0C,-23, WPA2 ,0.000000,0.000000,0.000,0.000,AP
2026-05-06 17:38:21,1900-01-00 00:00:00,,9C:2F:9D:82:20:A3,-23,,0.000000,0.000000,0.000,0.000,Client
2026-05-06 17:38:21,1900-01-00 00:00:00,dlink-615_EXT,40:86:CB:27:D2:0C,-25, WPA2 ,0.000000,0.000000,0.000,0.000,AP
2026-05-06 17:38:21,1900-01-00 00:00:00,,9C:2F:9D:82:20:A3,-25,,0.000000,0.000000,0.000,0.000,Client
2026-05-06 17:38:21,1900-01-00 00:00:00,dlink-615_EXT,40:86:CB:27:D2:0C,-25, WPA2 ,0.000000,0.000000,0.000,0.000,AP
2026-05-06 17:38:21,1900-01-00 00:00:00,,9C:2F:9D:82:20:A3,-25,,0.000000,0.000000,0.000,0.000,Client
2026-05-06 17:38:21,1900-01-00 00:00:00,dlink-615_EXT,40:86:CB:27:D2:0C,-23, WPA2 ,0.000000,0.000000,0.000,0.000,AP
2026-05-06 17:38:21,1900-01-00 00:00:00,,9C:2F:9D:82:20:A3,-23,,0.000000,0.000000,0.000,0.000,Client
2026-05-06 17:38:21,1900-01-00 00:00:00,dlink-615_EXT,40:86:CB:27:D2:0C,-23, WPA2 ,0.000000,0.000000,0.000,0.000,AP
2026-05-06 17:38:21,1900-01-00 00:00:00,,9C:2F:9D:82:20:A3,-25,,0.000000,0.000000,0.000,0.000,Client
2026-05-06 17:38:21,1900-01-00 00:00:00,dlink-615_EXT,40:86:CB:27:D2:0C,-23, WPA2 ,0.000000,0.000000,0.000,0.000,AP
2026-05-06 17:38:21,1900-01-00 00:00:00,,9C:2F:9D:82:20:A3,-23,,0.000000,0.000000,0.000,0.000,Client
2026-05-06 17:38:21,1900-01-00 00:00:00,dlink-615_EXT,40:86:CB:27:D2:0C,-25, WPA2 ,0.000000,0.000000,0.000,0.000,AP
2026-05-06 17:38:21,1900-01-00 00:00:00,,9C:2F:9D:82:20:A3,-25,,0.000000,0.000000,0.000,0.000,Client
2026-05-06 17:38:21,1900-01-00 00:00:00,dlink-615_EXT,40:86:CB:27:D2:0C,-23, WPA2 ,0.000000,0.000000,0.000,0.000,AP
2026-05-06 17:38:21,1900-01-00 00:00:00,,9C:2F:9D:82:20:A3,-23,,0.000000,0.000000,0.000,0.000,Client
2026-05-06 17:38:21,1900-01-00 00:00:00,dlink-615_EXT,40:86:CB:27:D2:0C,-23, WPA2 ,0.000000,0.000000,0.000,0.000,AP
2026-05-06 17:38:21,1900-01-00 00:00:00,dlink-615_EXT,40:86:CB:27:D2:0C,-25, WPA2 ,0.000000,0.000000,0.000,0.000,AP
2026-05-06 17:38:21,1900-01-00 00:00:00,,9C:2F:9D:82:20:A3,-25,,0.000000,0.000000,0.000,0.000,Client
2026-05-06 17:38:21,1900-01-00 00:00:00,dlink-615_EXT,40:86:CB:27:D2:0C,-25, WPA2 ,0.000000,0.000000,0.000,0.000,AP
2026-05-06 17:38:21,1900-01-00 00:00:00,,9C:2F:9D:82:20:A3,-25,,0.000000,0.000000,0.000,0.000,Client
2026-05-06 17:38:21,1900-01-00 00:00:00,dlink-615_EXT,40:86:CB:27:D2:0C,-23, WPA2 ,0.000000,0.000000,0.000,0.000,AP
2026-05-06 17:38:21,1900-01-00 00:00:00,,9C:2F:9D:82:20:A3,-23,,0.000000,0.000000,0.000,0.000,Client
2026-05-06 17:38:21,1900-01-00 00:00:00,dlink-615_EXT,40:86:CB:27:D2:0C,-23, WPA2 ,0.000000,0.000000,0.000,0.000,AP
2026-05-06 17:38:21,1900-01-00 00:00:00,,9C:2F:9D:82:20:A3,-23,,0.000000,0.000000,0.000,0.000,Client
2026-05-06 17:38:21,1900-01-00 00:00:00,dlink-615_EXT,40:86:CB:27:D2:0C,-23, WPA2 ,0.000000,0.000000,0.000,0.000,AP
2026-05-06 17:38:21,1900-01-00 00:00:00,,9C:2F:9D:82:20:A3,-23,,0.000000,0.000000,0.000,0.000,Client
2026-05-06 17:38:21,1900-01-00 00:00:00,dlink-615_EXT,40:86:CB:27:D2:0C,-25, WPA2 ,0.000000,0.000000,0.000,0.000,AP
2026-05-06 17:38:21,1900-01-00 00:00:00,,9C:2F:9D:82:20:A3,-25,,0.000000,0.000000,0.000,0.000,Client
2026-05-06 17:38:21,1900-01-00 00:00:00,dlink-615_EXT,40:86:CB:27:D2:0C,-25, WPA2 ,0.000000,0.000000,0.000,0.000,AP
2026-05-06 17:38:21,1900-01-00 00:00:00,,9C:2F:9D:82:20:A3,-25,,0.000000,0.000000,0.000,0.000,Client
2026-05-06 17:38:21,1900-01-00 00:00:00,dlink-615_EXT,40:86:CB:27:D2:0C,-25, WPA2 ,0.000000,0.000000,0.000,0.000,AP
2026-05-06 17:38:21,1900-01-00 00:00:00,,9C:2F:9D:82:20:A3,-25,,0.000000,0.000000,0.000,0.000,Client
2026-05-06 17:38:21,1900-01-00 00:00:00,dlink-615_EXT,40:86:CB:27:D2:0C,-23, WPA2 ,0.000000,0.000000,0.000,0.000,AP
2026-05-06 17:38:21,1900-01-00 00:00:00,,9C:2F:9D:82:20:A3,-23,,0.000000,0.000000,0.000,0.000,Client
2026-05-06 17:38:21,1900-01-00 00:00:00,dlink-615_EXT,40:86:CB:27:D2:0C,-23, WPA2 ,0.000000,0.000000,0.000,0.000,AP
2026-05-06 17:38:21,1900-01-00 00:00:00,,9C:2F:9D:82:20:A3,-25,,0.000000,0.000000,0.000,0.000,Client
2026-05-06 17:38:21,1900-01-00 00:00:00,dlink-615_EXT,40:86:CB:27:D2:0C,-25, WPA2 ,0.000000,0.000000,0.000,0.000,AP
2026-05-06 17:38:21,1900-01-00 00:00:00,,9C:2F:9D:82:20:A3,-25,,0.000000,0.000000,0.000,0.000,Client
2026-05-06 17:38:21,1900-01-00 00:00:00,dlink-615_EXT,40:86:CB:27:D2:0C,-23, WPA2 ,0.000000,0.000000,0.000,0.000,AP
2026-05-06 17:38:21,1900-01-00 00:00:00,,9C:2F:9D:82:20:A3,-23,,0.000000,0.000000,0.000,0.000,Client
2026-05-06 17:38:21,1900-01-00 00:00:00,dlink-615_EXT,40:86:CB:27:D2:0C,-25, WPA2 ,0.000000,0.000000,0.000,0.000,AP
2026-05-06 17:38:21,1900-01-00 00:00:00,,9C:2F:9D:82:20:A3,-25,,0.000000,0.000000,0.000,0.000,Client
2026-05-06 17:38:21,1900-01-00 00:00:00,dlink-615_EXT,40:86:CB:27:D2:0C,-23, WPA2 ,0.000000,0.000000,0.000,0.000,AP
2026-05-06 17:38:21,1900-01-00 00:00:00,,9C:2F:9D:82:20:A3,-23,,0.000000,0.000000,0.000,0.000,Client
2026-05-06 17:38:21,1900-01-00 00:00:00,dlink-615_EXT,40:86:CB:27:D2:0C,-23, WPA2 ,0.000000,0.000000,0.000,0.000,AP
2026-05-06 17:38:21,1900-01-00 00:00:00,,9C:2F:9D:82:20:A3,-23,,0.000000,0.000000,0.000,0.000,Client
2026-05-06 17:38:21,1900-01-00 00:00:00,dlink-615_EXT,40:86:CB:27:D2:0C,-25, WPA2 ,0.000000,0.000000,0.000,0.000,AP
2026-05-06 17:38:21,1900-01-00 00:00:00,,9C:2F:9D:82:20:A3,-25,,0.000000,0.000000,0.000,0.000,Client
2026-05-06 17:38:21,1900-01-00 00:00:00,dlink-615_EXT,40:86:CB:27:D2:0C,-25, WPA2 ,0.000000,0.000000,0.000,0.000,AP
2026-05-06 17:38:21,1900-01-00 00:00:00,,9C:2F:9D:82:20:A3,-25,,0.000000,0.000000,0.000,0.000,Client
2026-05-06 17:38:21,1900-01-00 00:00:00,dlink-615_EXT,40:86:CB:27:D2:0C,-23, WPA2 ,0.000000,0.000000,0.000,0.000,AP
2026-05-06 17:38:21,1900-01-00 00:00:00,dlink-615_EXT,40:86:CB:27:D2:0C,-23, WPA2 ,0.000000,0.000000,0.000,0.000,AP
2026-05-06 17:38:21,1900-01-00 00:00:00,,9C:2F:9D:82:20:A3,-23,,0.000000,0.000000,0.000,0.000,Client
2026-05-06 17:38:21,1900-01-00 00:00:00,dlink-615_EXT,40:86:CB:27:D2:0C,-23, WPA2 ,0.000000,0.000000,0.000,0.000,AP
2026-05-06 17:38:21,1900-01-00 00:00:00,,9C:2F:9D:82:20:A3,-23,,0.000000,0.000000,0.000,0.000,Client
2026-05-06 17:38:21,1900-01-00 00:00:00,dlink-615_EXT,40:86:CB:27:D2:0C,-25, WPA2 ,0.000000,0.000000,0.000,0.000,AP
2026-05-06 17:38:21,1900-01-00 00:00:00,,9C:2F:9D:82:20:A3,-25,,0.000000,0.000000,0.000,0.000,Client
2026-05-06 17:38:21,1900-01-00 00:00:00,dlink-615_EXT,40:86:CB:27:D2:0C,-25, WPA2 ,0.000000,0.000000,0.000,0.000,AP
2026-05-06 17:38:21,1900-01-00 00:00:00,,9C:2F:9D:82:20:A3,-25,,0.000000,0.000000,0.000,0.000,Client
2026-05-06 17:38:21,1900-01-00 00:00:00,dlink-615_EXT,40:86:CB:27:D2:0C,-23, WPA2 ,0.000000,0.000000,0.000,0.000,AP
2026-05-06 17:38:21,1900-01-00 00:00:00,,9C:2F:9D:82:20:A3,-23,,0.000000,0.000000,0.000,0.000,Client
2026-05-06 17:38:21,1900-01-00 00:00:00,dlink-615_EXT,40:86:CB:27:D2:0C,-25, WPA2 ,0.000000,0.000000,0.000,0.000,AP
2026-05-06 17:38:21,1900-01-00 00:00:00,,9C:2F:9D:82:20:A3,-25,,0.000000,0.000000,0.000,0.000,Client
2026-05-06 17:38:21,1900-01-00 00:00:00,dlink-615_EXT,40:86:CB:27:D2:0C,-25, WPA2 ,0.000000,0.000000,0.000,0.000,AP
2026-05-06 17:38:21,1900-01-00 00:00:00,,9C:2F:9D:82:20:A3,-25,,0.000000,0.000000,0.000,0.000,Client
2026-05-06 17:38:21,1900-01-00 00:00:00,dlink-615_EXT,40:86:CB:27:D2:0C,-23, WPA2 ,0.000000,0.000000,0.000,0.000,AP
2026-05-06 17:38:21,1900-01-00 00:00:00,,9C:2F:9D:82:20:A3,-23,,0.000000,0.000000,0.000,0.000,Client
2026-05-06 17:38:21,1900-01-00 00:00:00,dlink-615_EXT,40:86:CB:27:D2:0C,-25, WPA2 ,0.000000,0.000000,0.000,0.000,AP
2026-05-06 17:38:21,1900-01-00 00:00:00,,9C:2F:9D:82:20:A3,-25,,0.000000,0.000000,0.000,0.000,Client
2026-05-06 17:38:21,1900-01-00 00:00:00,dlink-615_EXT,40:86:CB:27:D2:0C,-25, WPA2 ,0.000000,0.000000,0.000,0.000,AP
2026-05-06 17:38:21,1900-01-00 00:00:00,,9C:2F:9D:82:20:A3,-25,,0.000000,0.000000,0.000,0.000,Client
2026-05-06 17:38:21,1900-01-00 00:00:00,dlink-615_EXT,40:86:CB:27:D2:0C,-25, WPA2 ,0.000000,0.000000,0.000,0.000,AP
2026-05-06 17:38:21,1900-01-00 00:00:00,,9C:2F:9D:82:20:A3,-25,,0.000000,0.000000,0.000,0.000,Client
2026-05-06 17:38:21,1900-01-00 00:00:00,dlink-615_EXT,40:86:CB:27:D2:0C,-25, WPA2 ,0.000000,0.000000,0.000,0.000,AP
2026-05-06 17:38:21,1900-01-00 00:00:00,,9C:2F:9D:82:20:A3,-25,,0.000000,0.000000,0.000,0.000,Client
2026-05-06 17:38:21,1900-01-00 00:00:00,dlink-615_EXT,40:86:CB:27:D2:0C,-25, WPA2 ,0.000000,0.000000,0.000,0.000,AP
2026-05-06 17:38:21,1900-01-00 00:00:00,,9C:2F:9D:82:20:A3,-25,,0.000000,0.000000,0.000,0.000,Client
2026-05-06 17:38:21,1900-01-00 00:00:00,dlink-615_EXT,40:86:CB:27:D2:0C,-25, WPA2 ,0.000000,0.000000,0.000,0.000,AP
2026-05-06 17:38:21,1900-01-00 00:00:00,,9C:2F:9D:82:20:A3,-25,,0.000000,0.000000,0.000,0.000,Client
2026-05-06 17:38:21,1900-01-00 00:00:00,dlink-615_EXT,40:86:CB:27:D2:0C,-25, WPA2 ,0.000000,0.000000,0.000,0.000,AP
2026-05-06 17:38:21,1900-01-00 00:00:00,,9C:2F:9D:82:20:A3,-25,,0.000000,0.000000,0.000,0.000,Client
2026-05-06 17:38:21,1900-01-00 00:00:00,dlink-615_EXT,40:86:CB:27:D2:0C,-25, WPA2 ,0.000000,0.000000,0.000,0.000,AP
2026-05-06 17:38:21,1900-01-00 00:00:00,,9C:2F:9D:82:20:A3,-25,,0.000000,0.000000,0.000,0.000,Client
2026-05-06 17:38:21,1900-01-00 00:00:00,dlink-615_EXT,40:86:CB:27:D2:0C,-25, WPA2 ,0.000000,0.000000,0.000,0.000,AP
2026-05-06 17:38:21,1900-01-00 00:00:00,dlink-615_EXT,40:86:CB:27:D2:0C,-23, WPA2 ,0.000000,0.000000,0.000,0.000,AP
2026-05-06 17:38:21,1900-01-00 00:00:00,,9C:2F:9D:82:20:A3,-23,,0.000000,0.000000,0.000,0.000,Client
2026-05-06 17:38:21,1900-01-00 00:00:00,dlink-615_EXT,40:86:CB:27:D2:0C,-25, WPA2 ,0.000000,0.000000,0.000,0.000,AP
2026-05-06 17:38:21,1900-01-00 00:00:00,dlink-615_EXT,40:86:CB:27:D2:0C,-63, WPA2 ,0.000000,0.000000,0.000,0.000,AP
2026-05-06 17:38:21,1900-01-00 00:00:00,,9C:2F:9D:82:20:A3,-63,,0.000000,0.000000,0.000,0.000,Client
2026-05-06 17:38:21,1900-01-00 00:00:00,dlink-615_EXT,40:86:CB:27:D2:0C,-25, WPA2 ,0.000000,0.000000,0.000,0.000,AP
2026-05-06 17:38:21,1900-01-00 00:00:00,,9C:2F:9D:82:20:A3,-25,,0.000000,0.000000,0.000,0.000,Client
2026-05-06 17:38:21,1900-01-00 00:00:00,dlink-615_EXT,40:86:CB:27:D2:0C,-25, WPA2 ,0.000000,0.000000,0.000,0.000,AP
2026-05-06 17:38:21,1900-01-00 00:00:00,,9C:2F:9D:82:20:A3,-25,,0.000000,0.000000,0.000,0.000,Client
2026-05-06 17:38:21,1900-01-00 00:00:00,dlink-615_EXT,40:86:CB:27:D2:0C,-25, WPA2 ,0.000000,0.000000,0.000,0.000,AP
2026-05-06 17:38:21,1900-01-00 00:00:00,,9C:2F:9D:82:20:A3,-25,,0.000000,0.000000,0.000,0.000,Client
2026-05-06 17:38:21,1900-01-00 00:00:00,dlink-615_EXT,40:86:CB:27:D2:0C,-25, WPA2 ,0.000000,0.000000,0.000,0.000,AP
2026-05-06 17:38:21,1900-01-00 00:00:00,dlink-615_EXT,40:86:CB:27:D2:0C,-25, WPA2 ,0.000000,0.000000,0.000,0.000,AP
2026-05-06 17:38:21,1900-01-00 00:00:00,,9C:2F:9D:82:20:A3,-25,,0.000000,0.000000,0.000,0.000,Client
2026-05-06 17:38:21,1900-01-00 00:00:00,dlink-615_EXT,40:86:CB:27:D2:0C,-25, WPA2 ,0.000000,0.000000,0.000,0.000,AP
2026-05-06 17:38:21,1900-01-00 00:00:00,,9C:2F:9D:82:20:A3,-25,,0.000000,0.000000,0.000,0.000,Client
2026-05-06 17:38:21,1900-01-00 00:00:00,dlink-615_EXT,40:86:CB:27:D2:0C,-25, WPA2 ,0.000000,0.000000,0.000,0.000,AP
2026-05-06 17:38:21,1900-01-00 00:00:00,,9C:2F:9D:82:20:A3,-25,,0.000000,0.000000,0.000,0.000,Client
2026-05-06 17:38:21,1900-01-00 00:00:00,dlink-615_EXT,40:86:CB:27:D2:0C,-25, WPA2 ,0.000000,0.000000,0.000,0.000,AP
2026-05-06 17:38:21,1900-01-00 00:00:00,,9C:2F:9D:82:20:A3,-25,,0.000000,0.000000,0.000,0.000,Client
2026-05-06 17:38:21,1900-01-00 00:00:00,dlink-615_EXT,40:86:CB:27:D2:0C,-27, WPA2 ,0.000000,0.000000,0.000,0.000,AP
2026-05-06 17:38:21,1900-01-00 00:00:00,,9C:2F:9D:82:20:A3,-27,,0.000000,0.000000,0.000,0.000,Client
2026-05-06 17:38:21,1900-01-00 00:00:00,dlink-615_EXT,40:86:CB:27:D2:0C,-25, WPA2 ,0.000000,0.000000,0.000,0.000,AP
2026-05-06 17:38:21,1900-01-00 00:00:00,,9C:2F:9D:82:20:A3,-25,,0.000000,0.000000,0.000,0.000,Client
2026-05-06 17:38:21,1900-01-00 00:00:00,dlink-615_EXT,40:86:CB:27:D2:0C,-23, WPA2 ,0.000000,0.000000,0.000,0.000,AP
2026-05-06 17:38:21,1900-01-00 00:00:00,,9C:2F:9D:82:20:A3,-23,,0.000000,0.000000,0.000,0.000,Client
2026-05-06 17:38:21,1900-01-00 00:00:00,dlink-615_EXT,40:86:CB:27:D2:0C,-25, WPA2 ,0.000000,0.000000,0.000,0.000,AP
2026-05-06 17:38:21,1900-01-00 00:00:00,,9C:2F:9D:82:20:A3,-25,,0.000000,0.000000,0.000,0.000,Client
2026-05-06 17:38:21,1900-01-00 00:00:00,dlink-615_EXT,40:86:CB:27:D2:0C,-25, WPA2 ,0.000000,0.000000,0.000,0.000,AP
2026-05-06 17:38:21,1900-01-00 00:00:00,,9C:2F:9D:82:20:A3,-25,,0.000000,0.000000,0.000,0.000,Client
2026-05-06 17:38:21,1900-01-00 00:00:00,dlink-615_EXT,40:86:CB:27:D2:0C,-25, WPA2 ,0.000000,0.000000,0.000,0.000,AP
2026-05-06 17:38:21,1900-01-00 00:00:00,,9C:2F:9D:82:20:A3,-25,,0.000000,0.000000,0.000,0.000,Client
2026-05-06 17:38:21,1900-01-00 00:00:00,dlink-615_EXT,40:86:CB:27:D2:0C,-25, WPA2 ,0.000000,0.000000,0.000,0.000,AP
2026-05-06 17:38:21,1900-01-00 00:00:00,,9C:2F:9D:82:20:A3,-25,,0.000000,0.000000,0.000,0.000,Client
2026-05-06 17:38:21,1900-01-00 00:00:00,dlink-615_EXT,40:86:CB:27:D2:0C,-25, WPA2 ,0.000000,0.000000,0.000,0.000,AP
2026-05-06 17:38:21,1900-01-00 00:00:00,,9C:2F:9D:82:20:A3,-25,,0.000000,0.000000,0.000,0.000,Client
2026-05-06 17:38:21,1900-01-00 00:00:00,dlink-615_EXT,40:86:CB:27:D2:0C,-29, WPA2 ,0.000000,0.000000,0.000,0.000,AP
2026-05-06 17:38:21,1900-01-00 00:00:00,,9C:2F:9D:82:20:A3,-29,,0.000000,0.000000,0.000,0.000,Client
2026-05-06 17:38:21,1900-01-00 00:00:00,dlink-615_EXT,40:86:CB:27:D2:0C,-25, WPA2 ,0.000000,0.000000,0.000,0.000,AP
2026-05-06 17:38:21,1900-01-00 00:00:00,,9C:2F:9D:82:20:A3,-25,,0.000000,0.000000,0.000,0.000,Client
2026-05-06 17:38:21,1900-01-00 00:00:00,dlink-615_EXT,40:86:CB:27:D2:0C,-25, WPA2 ,0.000000,0.000000,0.000,0.000,AP
2026-05-06 17:38:21,1900-01-00 00:00:00,,9C:2F:9D:82:20:A3,-25,,0.000000,0.000000,0.000,0.000,Client
2026-05-06 17:38:21,1900-01-00 00:00:00,dlink-615_EXT,40:86:CB:27:D2:0C,-25, WPA2 ,0.000000,0.000000,0.000,0.000,AP
2026-05-06 17:38:21,1900-01-00 00:00:00,,9C:2F:9D:82:20:A3,-25,,0.000000,0.000000,0.000,0.000,Client
2026-05-06 17:38:21,1900-01-00 00:00:00,dlink-615_EXT,40:86:CB:27:D2:0C,-27, WPA2 ,0.000000,0.000000,0.000,0.000,AP
2026-05-06 17:38:21,1900-01-00 00:00:00,,9C:2F:9D:82:20:A3,-27,,0.000000,0.000000,0.000,0.000,Client
2026-05-06 17:38:21,1900-01-00 00:00:00,dlink-615_EXT,40:86:CB:27:D2:0C,-25, WPA2 ,0.000000,0.000000,0.000,0.000,AP
2026-05-06 17:38:21,1900-01-00 00:00:00,,9C:2F:9D:82:20:A3,-25,,0.000000,0.000000,0.000,0.000,Client
2026-05-06 17:38:21,1900-01-00 00:00:00,dlink-615_EXT,40:86:CB:27:D2:0C,-23, WPA2 ,0.000000,0.000000,0.000,0.000,AP
2026-05-06 17:38:21,1900-01-00 00:00:00,dlink-615_EXT,40:86:CB:27:D2:0C,-25, WPA2 ,0.000000,0.000000,0.000,0.000,AP
2026-05-06 17:38:21,1900-01-00 00:00:00,,9C:2F:9D:82:20:A3,-25,,0.000000,0.000000,0.000,0.000,Client
2026-05-06 17:38:21,1900-01-00 00:00:00,dlink-615_EXT,40:86:CB:27:D2:0C,-25, WPA2 ,0.000000,0.000000,0.000,0.000,AP
2026-05-06 17:38:21,1900-01-00 00:00:00,,9C:2F:9D:82:20:A3,-25,,0.000000,0.000000,0.000,0.000,Client
2026-05-06 17:38:21,1900-01-00 00:00:00,dlink-615_EXT,40:86:CB:27:D2:0C,-25, WPA2 ,0.000000,0.000000,0.000,0.000,AP
2026-05-06 17:38:21,1900-01-00 00:00:00,,9C:2F:9D:82:20:A3,-25,,0.000000,0.000000,0.000,0.000,Client
2026-05-06 17:38:21,1900-01-00 00:00:00,dlink-615_EXT,40:86:CB:27:D2:0C,-25, WPA2 ,0.000000,0.000000,0.000,0.000,AP
2026-05-06 17:38:21,1900-01-00 00:00:00,,9C:2F:9D:82:20:A3,-25,,0.000000,0.000000,0.000,0.000,Client
2026-05-06 17:38:21,1900-01-00 00:00:00,dlink-615_EXT,40:86:CB:27:D2:0C,-25, WPA2 ,0.000000,0.000000,0.000,0.000,AP
2026-05-06 17:38:21,1900-01-00 00:00:00,,9C:2F:9D:82:20:A3,-25,,0.000000,0.000000,0.000,0.000,Client
2026-05-06 17:38:21,1900-01-00 00:00:00,dlink-615_EXT,40:86:CB:27:D2:0C,-25, WPA2 ,0.000000,0.000000,0.000,0.000,AP
2026-05-06 17:38:21,1900-01-00 00:00:00,,9C:2F:9D:82:20:A3,-25,,0.000000,0.000000,0.000,0.000,Client
2026-05-06 17:38:21,1900-01-00 00:00:00,dlink-615_EXT,40:86:CB:27:D2:0C,-25, WPA2 ,0.000000,0.000000,0.000,0.000,AP
2026-05-06 17:38:21,1900-01-00 00:00:00,,9C:2F:9D:82:20:A3,-25,,0.000000,0.000000,0.000,0.000,Client
2026-05-06 17:38:21,1900-01-00 00:00:00,dlink-615_EXT,40:86:CB:27:D2:0C,-25, WPA2 ,0.000000,0.000000,0.000,0.000,AP
2026-05-06 17:38:21,1900-01-00 00:00:00,,9C:2F:9D:82:20:A3,-25,,0.000000,0.000000,0.000,0.000,Client
2026-05-06 17:38:21,1900-01-00 00:00:00,dlink-615_EXT,40:86:CB:27:D2:0C,-25, WPA2 ,0.000000,0.000000,0.000,0.000,AP
2026-05-06 17:38:21,1900-01-00 00:00:00,,9C:2F:9D:82:20:A3,-25,,0.000000,0.000000,0.000,0.000,Client
2026-05-06 17:38:21,1900-01-00 00:00:00,dlink-615_EXT,40:86:CB:27:D2:0C,-25, WPA2 ,0.000000,0.000000,0.000,0.000,AP
2026-05-06 17:38:21,1900-01-00 00:00:00,,9C:2F:9D:82:20:A3,-25,,0.000000,0.000000,0.000,0.000,Client
2026-05-06 17:38:21,1900-01-00 00:00:00,dlink-615_EXT,40:86:CB:27:D2:0C,-25, WPA2 ,0.000000,0.000000,0.000,0.000,AP
2026-05-06 17:38:21,1900-01-00 00:00:00,,9C:2F:9D:82:20:A3,-25,,0.000000,0.000000,0.000,0.000,Client
2026-05-06 17:38:21,1900-01-00 00:00:00,dlink-615_EXT,40:86:CB:27:D2:0C,-25, WPA2 ,0.000000,0.000000,0.000,0.000,AP
2026-05-06 17:38:21,1900-01-00 00:00:00,,9C:2F:9D:82:20:A3,-25,,0.000000,0.000000,0.000,0.000,Client
2026-05-06 17:38:21,1900-01-00 00:00:00,dlink-615_EXT,40:86:CB:27:D2:0C,-25, WPA2 ,0.000000,0.000000,0.000,0.000,AP
2026-05-06 17:38:21,1900-01-00 00:00:00,,9C:2F:9D:82:20:A3,-25,,0.000000,0.000000,0.000,0.000,Client
2026-05-06 17:38:21,1900-01-00 00:00:00,dlink-615_EXT,40:86:CB:27:D2:0C,-25, WPA2 ,0.000000,0.000000,0.000,0.000,AP
2026-05-06 17:38:21,1900-01-00 00:00:00,,9C:2F:9D:82:20:A3,-25,,0.000000,0.000000,0.000,0.000,Client
2026-05-06 17:38:21,1900-01-00 00:00:00,dlink-615_EXT,40:86:CB:27:D2:0C,-23, WPA2 ,0.000000,0.000000,0.000,0.000,AP
2026-05-06 17:38:21,1900-01-00 00:00:00,,9C:2F:9D:82:20:A3,-23,,0.000000,0.000000,0.000,0.000,Client
2026-05-06 17:38:21,1900-01-00 00:00:00,dlink-615_EXT,40:86:CB:27:D2:0C,-25, WPA2 ,0.000000,0.000000,0.000,0.000,AP
2026-05-06 17:38:21,1900-01-00 00:00:00,,9C:2F:9D:82:20:A3,-25,,0.000000,0.000000,0.000,0.000,Client
2026-05-06 17:38:21,1900-01-00 00:00:00,dlink-615_EXT,40:86:CB:27:D2:0C,-25, WPA2 ,0.000000,0.000000,0.000,0.000,AP
2026-05-06 17:38:21,1900-01-00 00:00:00,,9C:2F:9D:82:20:A3,-25,,0.000000,0.000000,0.000,0.000,Client
2026-05-06 17:38:21,1900-01-00 00:00:00,dlink-615_EXT,40:86:CB:27:D2:0C,-25, WPA2 ,0.000000,0.000000,0.000,0.000,AP
2026-05-06 17:38:21,1900-01-00 00:00:00,,9C:2F:9D:82:20:A3,-25,,0.000000,0.000000,0.000,0.000,Client
2026-05-06 17:38:21,1900-01-00 00:00:00,dlink-615_EXT,40:86:CB:27:D2:0C,-25, WPA2 ,0.000000,0.000000,0.000,0.000,AP
2026-05-06 17:38:21,1900-01-00 00:00:00,dlink-615_EXT,40:86:CB:27:D2:0C,-25, WPA2 ,0.000000,0.000000,0.000,0.000,AP
2026-05-06 17:38:21,1900-01-00 00:00:00,,9C:2F:9D:82:20:A3,-25,,0.000000,0.000000,0.000,0.000,Client
2026-05-06 17:38:21,1900-01-00 00:00:00,dlink-615_EXT,40:86:CB:27:D2:0C,-27, WPA2 ,0.000000,0.000000,0.000,0.000,AP
2026-05-06 17:38:21,1900-01-00 00:00:00,,9C:2F:9D:82:20:A3,-27,,0.000000,0.000000,0.000,0.000,Client
2026-05-06 17:38:21,1900-01-00 00:00:00,dlink-615_EXT,40:86:CB:27:D2:0C,-27, WPA2 ,0.000000,0.000000,0.000,0.000,AP
2026-05-06 17:38:21,1900-01-00 00:00:00,,9C:2F:9D:82:20:A3,-27,,0.000000,0.000000,0.000,0.000,Client
2026-05-06 17:38:21,1900-01-00 00:00:00,dlink-615_EXT,40:86:CB:27:D2:0C,-27, WPA2 ,0.000000,0.000000,0.000,0.000,AP
2026-05-06 17:38:21,1900-01-00 00:00:00,,9C:2F:9D:82:20:A3,-25,,0.000000,0.000000,0.000,0.000,Client
2026-05-06 17:38:21,1900-01-00 00:00:00,dlink-615_EXT,40:86:CB:27:D2:0C,-23, WPA2 ,0.000000,0.000000,0.000,0.000,AP
2026-05-06 17:38:21,1900-01-00 00:00:00,,9C:2F:9D:82:20:A3,-23,,0.000000,0.000000,0.000,0.000,Client
2026-05-06 17:38:21,1900-01-00 00:00:00,dlink-615_EXT,40:86:CB:27:D2:0C,-25, WPA2 ,0.000000,0.000000,0.000,0.000,AP
2026-05-06 17:38:21,1900-01-00 00:00:00,,9C:2F:9D:82:20:A3,-25,,0.000000,0.000000,0.000,0.000,Client
2026-05-06 17:38:21,1900-01-00 00:00:00,dlink-615_EXT,40:86:CB:27:D2:0C,-25, WPA2 ,0.000000,0.000000,0.000,0.000,AP
2026-05-06 17:38:21,1900-01-00 00:00:00,,9C:2F:9D:82:20:A3,-25,,0.000000,0.000000,0.000,0.000,Client
2026-05-06 17:38:21,1900-01-00 00:00:00,dlink-615_EXT,40:86:CB:27:D2:0C,-25, WPA2 ,0.000000,0.000000,0.000,0.000,AP
2026-05-06 17:38:21,1900-01-00 00:00:00,,9C:2F:9D:82:20:A3,-25,,0.000000,0.000000,0.000,0.000,Client
2026-05-06 17:38:21,1900-01-00 00:00:00,dlink-615_EXT,40:86:CB:27:D2:0C,-25, WPA2 ,0.000000,0.000000,0.000,0.000,AP
2026-05-06 17:38:21,1900-01-00 00:00:00,,9C:2F:9D:82:20:A3,-25,,0.000000,0.000000,0.000,0.000,Client
2026-05-06 17:38:21,1900-01-00 00:00:00,dlink-615_EXT,40:86:CB:27:D2:0C,-25, WPA2 ,0.000000,0.000000,0.000,0.000,AP
2026-05-06 17:38:21,1900-01-00 00:00:00,,9C:2F:9D:82:20:A3,-25,,0.000000,0.000000,0.000,0.000,Client
2026-05-06 17:38:21,1900-01-00 00:00:00,dlink-615_EXT,40:86:CB:27:D2:0C,-25, WPA2 ,0.000000,0.000000,0.000,0.000,AP
2026-05-06 17:38:21,1900-01-00 00:00:00,,9C:2F:9D:82:20:A3,-25,,0.000000,0.000000,0.000,0.000,Client
2026-05-06 17:38:21,1900-01-00 00:00:00,dlink-615_EXT,40:86:CB:27:D2:0C,-23, WPA2 ,0.000000,0.000000,0.000,0.000,AP
2026-05-06 17:38:21,1900-01-00 00:00:00,,9C:2F:9D:82:20:A3,-23,,0.000000,0.000000,0.000,0.000,Client
2026-05-06 17:38:21,1900-01-00 00:00:00,dlink-615_EXT,40:86:CB:27:D2:0C,-25, WPA2 ,0.000000,0.000000,0.000,0.000,AP
2026-05-06 17:38:21,1900-01-00 00:00:00,,9C:2F:9D:82:20:A3,-25,,0.000000,0.000000,0.000,0.000,Client
2026-05-06 17:38:21,1900-01-00 00:00:00,dlink-615_EXT,40:86:CB:27:D2:0C,-25, WPA2 ,0.000000,0.000000,0.000,0.000,AP
2026-05-06 17:38:21,1900-01-00 00:00:00,,9C:2F:9D:82:20:A3,-25,,0.000000,0.000000,0.000,0.000,Client
2026-05-06 17:38:21,1900-01-00 00:00:00,dlink-615_EXT,40:86:CB:27:D2:0C,-27, WPA2 ,0.000000,0.000000,0.000,0.000,AP
2026-05-06 17:38:21,1900-01-00 00:00:00,,9C:2F:9D:82:20:A3,-27,,0.000000,0.000000,0.000,0.000,Client
2026-05-06 17:38:21,1900-01-00 00:00:00,dlink-615_EXT,40:86:CB:27:D2:0C,-23, WPA2 ,0.000000,0.000000,0.000,0.000,AP
2026-05-06 17:38:21,1900-01-00 00:00:00,,9C:2F:9D:82:20:A3,-23,,0.000000,0.000000,0.000,0.000,Client
2026-05-06 17:38:21,1900-01-00 00:00:00,dlink-615_EXT,40:86:CB:27:D2:0C,-29, WPA2 ,0.000000,0.000000,0.000,0.000,AP
2026-05-06 17:38:21,1900-01-00 00:00:00,,9C:2F:9D:82:20:A3,-29,,0.000000,0.000000,0.000,0.000,Client
2026-05-06 17:38:21,1900-01-00 00:00:00,dlink-615_EXT,40:86:CB:27:D2:0C,-25, WPA2 ,0.000000,0.000000,0.000,0.000,AP
2026-05-06 17:38:21,1900-01-00 00:00:00,,9C:2F:9D:82:20:A3,-25,,0.000000,0.000000,0.000,0.000,Client
2026-05-06 17:38:21,1900-01-00 00:00:00,dlink-615_EXT,40:86:CB:27:D2:0C,-25, WPA2 ,0.000000,0.000000,0.000,0.000,AP
2026-05-06 17:38:21,1900-01-00 00:00:00,dlink-615_EXT,40:86:CB:27:D2:0C,-25, WPA2 ,0.000000,0.000000,0.000,0.000,AP
2026-05-06 17:38:21,1900-01-00 00:00:00,,9C:2F:9D:82:20:A3,-25,,0.000000,0.000000,0.000,0.000,Client
2026-05-06 17:38:21,1900-01-00 00:00:00,dlink-615_EXT,40:86:CB:27:D2:0C,-25, WPA2 ,0.000000,0.000000,0.000,0.000,AP
2026-05-06 17:38:21,1900-01-00 00:00:00,,9C:2F:9D:82:20:A3,-25,,0.000000,0.000000,0.000,0.000,Client
2026-05-06 17:38:21,1900-01-00 00:00:00,dlink-615_EXT,40:86:CB:27:D2:0C,-25, WPA2 ,0.000000,0.000000,0.000,0.000,AP
2026-05-06 17:38:21,1900-01-00 00:00:00,,9C:2F:9D:82:20:A3,-25,,0.000000,0.000000,0.000,0.000,Client
2026-05-06 17:38:21,1900-01-00 00:00:00,dlink-615_EXT,40:86:CB:27:D2:0C,-25, WPA2 ,0.000000,0.000000,0.000,0.000,AP
2026-05-06 17:38:22,1900-01-00 00:00:00,,9C:2F:9D:82:20:A3,-25,,0.000000,0.000000,0.000,0.000,Client
2026-05-06 17:38:22,1900-01-00 00:00:00,dlink-615_EXT,40:86:CB:27:D2:0C,-25, WPA2 ,0.000000,0.000000,0.000,0.000,AP
2026-05-06 17:38:22,1900-01-00 00:00:00,,9C:2F:9D:82:20:A3,-25,,0.000000,0.000000,0.000,0.000,Client
2026-05-06 17:38:22,1900-01-00 00:00:00,dlink-615_EXT,40:86:CB:27:D2:0C,-25, WPA2 ,0.000000,0.000000,0.000,0.000,AP
2026-05-06 17:38:22,1900-01-00 00:00:00,,9C:2F:9D:82:20:A3,-25,,0.000000,0.000000,0.000,0.000,Client
2026-05-06 17:38:22,1900-01-00 00:00:00,dlink-615_EXT,40:86:CB:27:D2:0C,-25, WPA2 ,0.000000,0.000000,0.000,0.000,AP
2026-05-06 17:38:22,1900-01-00 00:00:00,dlink-615_EXT,40:86:CB:27:D2:0C,-25, WPA2 ,0.000000,0.000000,0.000,0.000,AP
2026-05-06 17:38:22,1900-01-00 00:00:00,dlink-615_EXT,40:86:CB:27:D2:0C,-25, WPA2 ,0.000000,0.000000,0.000,0.000,AP
2026-05-06 17:38:22,1900-01-00 00:00:00,,9C:2F:9D:82:20:A3,-25,,0.000000,0.000000,0.000,0.000,Client
2026-05-06 17:38:22,1900-01-00 00:00:00,dlink-615_EXT,40:86:CB:27:D2:0C,-25, WPA2 ,0.000000,0.000000,0.000,0.000,AP
2026-05-06 17:38:22,1900-01-00 00:00:00,,9C:2F:9D:82:20:A3,-25,,0.000000,0.000000,0.000,0.000,Client
2026-05-06 17:38:22,1900-01-00 00:00:00,dlink-615_EXT,40:86:CB:27:D2:0C,-25, WPA2 ,0.000000,0.000000,0.000,0.000,AP
2026-05-06 17:38:22,1900-01-00 00:00:00,,9C:2F:9D:82:20:A3,-25,,0.000000,0.000000,0.000,0.000,Client
2026-05-06 17:38:22,1900-01-00 00:00:00,dlink-615_EXT,40:86:CB:27:D2:0C,-25, WPA2 ,0.000000,0.000000,0.000,0.000,AP
2026-05-06 17:38:22,1900-01-00 00:00:00,,9C:2F:9D:82:20:A3,-25,,0.000000,0.000000,0.000,0.000,Client
2026-05-06 17:38:22,1900-01-00 00:00:00,dlink-615_EXT,40:86:CB:27:D2:0C,-25, WPA2 ,0.000000,0.000000,0.000,0.000,AP
2026-05-06 17:38:22,1900-01-00 00:00:00,,9C:2F:9D:82:20:A3,-25,,0.000000,0.000000,0.000,0.000,Client
2026-05-06 17:38:22,1900-01-00 00:00:00,dlink-615_EXT,40:86:CB:27:D2:0C,-25, WPA2 ,0.000000,0.000000,0.000,0.000,AP
2026-05-06 17:38:22,1900-01-00 00:00:00,,9C:2F:9D:82:20:A3,-63,,0.000000,0.000000,0.000,0.000,Client
2026-05-06 17:38:22,1900-01-00 00:00:00,dlink-615_EXT,40:86:CB:27:D2:0C,-25, WPA2 ,0.000000,0.000000,0.000,0.000,AP
2026-05-06 17:38:22,1900-01-00 00:00:00,,9C:2F:9D:82:20:A3,-25,,0.000000,0.000000,0.000,0.000,Client
2026-05-06 17:38:22,1900-01-00 00:00:00,dlink-615_EXT,40:86:CB:27:D2:0C,-25, WPA2 ,0.000000,0.000000,0.000,0.000,AP
2026-05-06 17:38:22,1900-01-00 00:00:00,,9C:2F:9D:82:20:A3,-25,,0.000000,0.000000,0.000,0.000,Client
2026-05-06 17:38:22,1900-01-00 00:00:00,dlink-615_EXT,40:86:CB:27:D2:0C,-25, WPA2 ,0.000000,0.000000,0.000,0.000,AP
2026-05-06 17:38:22,1900-01-00 00:00:00,,9C:2F:9D:82:20:A3,-25,,0.000000,0.000000,0.000,0.000,Client
2026-05-06 17:38:22,1900-01-00 00:00:00,dlink-615_EXT,40:86:CB:27:D2:0C,-25, WPA2 ,0.000000,0.000000,0.000,0.000,AP
2026-05-06 17:38:22,1900-01-00 00:00:00,,9C:2F:9D:82:20:A3,-25,,0.000000,0.000000,0.000,0.000,Client
2026-05-06 17:38:22,1900-01-00 00:00:00,dlink-615_EXT,40:86:CB:27:D2:0C,-23, WPA2 ,0.000000,0.000000,0.000,0.000,AP
2026-05-06 17:38:22,1900-01-00 00:00:00,,9C:2F:9D:82:20:A3,-23,,0.000000,0.000000,0.000,0.000,Client
2026-05-06 17:38:22,1900-01-00 00:00:00,dlink-615_EXT,40:86:CB:27:D2:0C,-25, WPA2 ,0.000000,0.000000,0.000,0.000,AP
2026-05-06 17:38:22,1900-01-00 00:00:00,,9C:2F:9D:82:20:A3,-25,,0.000000,0.000000,0.000,0.000,Client
2026-05-06 17:38:22,1900-01-00 00:00:00,dlink-615_EXT,40:86:CB:27:D2:0C,-25, WPA2 ,0.000000,0.000000,0.000,0.000,AP
2026-05-06 17:38:22,1900-01-00 00:00:00,,9C:2F:9D:82:20:A3,-25,,0.000000,0.000000,0.000,0.000,Client
2026-05-06 17:38:22,1900-01-00 00:00:00,dlink-615_EXT,40:86:CB:27:D2:0C,-25, WPA2 ,0.000000,0.000000,0.000,0.000,AP
2026-05-06 17:38:22,1900-01-00 00:00:00,,9C:2F:9D:82:20:A3,-25,,0.000000,0.000000,0.000,0.000,Client
2026-05-06 17:38:22,1900-01-00 00:00:00,dlink-615_EXT,40:86:CB:27:D2:0C,-25, WPA2 ,0.000000,0.000000,0.000,0.000,AP
2026-05-06 17:38:22,1900-01-00 00:00:00,,9C:2F:9D:82:20:A3,-25,,0.000000,0.000000,0.000,0.000,Client
2026-05-06 17:38:22,1900-01-00 00:00:00,dlink-615_EXT,40:86:CB:27:D2:0C,-25, WPA2 ,0.000000,0.000000,0.000,0.000,AP
2026-05-06 17:38:22,1900-01-00 00:00:00,,9C:2F:9D:82:20:A3,-25,,0.000000,0.000000,0.000,0.000,Client
2026-05-06 17:38:22,1900-01-00 00:00:00,dlink-615_EXT,40:86:CB:27:D2:0C,-25, WPA2 ,0.000000,0.000000,0.000,0.000,AP
2026-05-06 17:38:22,1900-01-00 00:00:00,,9C:2F:9D:82:20:A3,-25,,0.000000,0.000000,0.000,0.000,Client
2026-05-06 17:38:22,1900-01-00 00:00:00,dlink-615_EXT,40:86:CB:27:D2:0C,-25, WPA2 ,0.000000,0.000000,0.000,0.000,AP
2026-05-06 17:38:22,1900-01-00 00:00:00,,9C:2F:9D:82:20:A3,-25,,0.000000,0.000000,0.000,0.000,Client
2026-05-06 17:38:22,1900-01-00 00:00:00,dlink-615_EXT,40:86:CB:27:D2:0C,-25, WPA2 ,0.000000,0.000000,0.000,0.000,AP
2026-05-06 17:38:22,1900-01-00 00:00:00,,9C:2F:9D:82:20:A3,-25,,0.000000,0.000000,0.000,0.000,Client
2026-05-06 17:38:22,1900-01-00 00:00:00,dlink-615_EXT,40:86:CB:27:D2:0C,-25, WPA2 ,0.000000,0.000000,0.000,0.000,AP
2026-05-06 17:38:22,1900-01-00 00:00:00,,9C:2F:9D:82:20:A3,-25,,0.000000,0.000000,0.000,0.000,Client
2026-05-06 17:38:22,1900-01-00 00:00:00,dlink-615_EXT,40:86:CB:27:D2:0C,-25, WPA2 ,0.000000,0.000000,0.000,0.000,AP
2026-05-06 17:38:22,1900-01-00 00:00:00,,9C:2F:9D:82:20:A3,-25,,0.000000,0.000000,0.000,0.000,Client
2026-05-06 17:38:22,1900-01-00 00:00:00,dlink-615_EXT,40:86:CB:27:D2:0C,-23, WPA2 ,0.000000,0.000000,0.000,0.000,AP
2026-05-06 17:38:22,1900-01-00 00:00:00,,9C:2F:9D:82:20:A3,-23,,0.000000,0.000000,0.000,0.000,Client
2026-05-06 17:38:22,1900-01-00 00:00:00,dlink-615_EXT,40:86:CB:27:D2:0C,-25, WPA2 ,0.000000,0.000000,0.000,0.000,AP
2026-05-06 17:38:22,1900-01-00 00:00:00,,9C:2F:9D:82:20:A3,-25,,0.000000,0.000000,0.000,0.000,Client
2026-05-06 17:38:22,1900-01-00 00:00:00,dlink-615_EXT,40:86:CB:27:D2:0C,-25, WPA2 ,0.000000,0.000000,0.000,0.000,AP
2026-05-06 17:38:22,1900-01-00 00:00:00,,9C:2F:9D:82:20:A3,-63,,0.000000,0.000000,0.000,0.000,Client
2026-05-06 17:38:22,1900-01-00 00:00:00,dlink-615_EXT,40:86:CB:27:D2:0C,-25, WPA2 ,0.000000,0.000000,0.000,0.000,AP
2026-05-06 17:38:22,1900-01-00 00:00:00,,9C:2F:9D:82:20:A3,-25,,0.000000,0.000000,0.000,0.000,Client
2026-05-06 17:38:22,1900-01-00 00:00:00,dlink-615_EXT,40:86:CB:27:D2:0C,-25, WPA2 ,0.000000,0.000000,0.000,0.000,AP
2026-05-06 17:38:22,1900-01-00 00:00:00,,9C:2F:9D:82:20:A3,-25,,0.000000,0.000000,0.000,0.000,Client
2026-05-06 17:38:22,1900-01-00 00:00:00,dlink-615_EXT,40:86:CB:27:D2:0C,-25, WPA2 ,0.000000,0.000000,0.000,0.000,AP
2026-05-06 17:38:22,1900-01-00 00:00:00,,9C:2F:9D:82:20:A3,-25,,0.000000,0.000000,0.000,0.000,Client
2026-05-06 17:38:22,1900-01-00 00:00:00,dlink-615_EXT,40:86:CB:27:D2:0C,-25, WPA2 ,0.000000,0.000000,0.000,0.000,AP
2026-05-06 17:38:22,1900-01-00 00:00:00,,9C:2F:9D:82:20:A3,-25,,0.000000,0.000000,0.000,0.000,Client
2026-05-06 17:38:22,1900-01-00 00:00:00,dlink-615_EXT,40:86:CB:27:D2:0C,-25, WPA2 ,0.000000,0.000000,0.000,0.000,AP
2026-05-06 17:38:22,1900-01-00 00:00:00,,9C:2F:9D:82:20:A3,-25,,0.000000,0.000000,0.000,0.000,Client
2026-05-06 17:38:22,1900-01-00 00:00:00,dlink-615_EXT,40:86:CB:27:D2:0C,-25, WPA2 ,0.000000,0.000000,0.000,0.000,AP
2026-05-06 17:38:22,1900-01-00 00:00:00,,9C:2F:9D:82:20:A3,-25,,0.000000,0.000000,0.000,0.000,Client
2026-05-06 17:38:22,1900-01-00 00:00:00,dlink-615_EXT,40:86:CB:27:D2:0C,-25, WPA2 ,0.000000,0.000000,0.000,0.000,AP
2026-05-06 17:38:22,1900-01-00 00:00:00,,9C:2F:9D:82:20:A3,-25,,0.000000,0.000000,0.000,0.000,Client
2026-05-06 17:38:22,1900-01-00 00:00:00,dlink-615_EXT,40:86:CB:27:D2:0C,-25, WPA2 ,0.000000,0.000000,0.000,0.000,AP
2026-05-06 17:38:22,1900-01-00 00:00:00,,9C:2F:9D:82:20:A3,-25,,0.000000,0.000000,0.000,0.000,Client
2026-05-06 17:38:22,1900-01-00 00:00:00,dlink-615_EXT,40:86:CB:27:D2:0C,-23, WPA2 ,0.000000,0.000000,0.000,0.000,AP
2026-05-06 17:38:22,1900-01-00 00:00:00,,9C:2F:9D:82:20:A3,-23,,0.000000,0.000000,0.000,0.000,Client
2026-05-06 17:38:22,1900-01-00 00:00:00,dlink-615_EXT,40:86:CB:27:D2:0C,-25, WPA2 ,0.000000,0.000000,0.000,0.000,AP
2026-05-06 17:38:22,1900-01-00 00:00:00,,9C:2F:9D:82:20:A3,-25,,0.000000,0.000000,0.000,0.000,Client
2026-05-06 17:38:22,1900-01-00 00:00:00,dlink-615_EXT,40:86:CB:27:D2:0C,-25, WPA2 ,0.000000,0.000000,0.000,0.000,AP
2026-05-06 17:38:22,1900-01-00 00:00:00,,9C:2F:9D:82:20:A3,-25,,0.000000,0.000000,0.000,0.000,Client
2026-05-06 17:38:22,1900-01-00 00:00:00,dlink-615_EXT,40:86:CB:27:D2:0C,-25, WPA2 ,0.000000,0.000000,0.000,0.000,AP
2026-05-06 17:38:22,1900-01-00 00:00:00,dlink-615_EXT,40:86:CB:27:D2:0C,-25, WPA2 ,0.000000,0.000000,0.000,0.000,AP
2026-05-06 17:38:22,1900-01-00 00:00:00,,9C:2F:9D:82:20:A3,-25,,0.000000,0.000000,0.000,0.000,Client
2026-05-06 17:38:22,1900-01-00 00:00:00,dlink-615_EXT,40:86:CB:27:D2:0C,-25, WPA2 ,0.000000,0.000000,0.000,0.000,AP
2026-05-06 17:38:22,1900-01-00 00:00:00,,9C:2F:9D:82:20:A3,-25,,0.000000,0.000000,0.000,0.000,Client
2026-05-06 17:38:22,1900-01-00 00:00:00,dlink-615_EXT,40:86:CB:27:D2:0C,-25, WPA2 ,0.000000,0.000000,0.000,0.000,AP
2026-05-06 17:38:22,1900-01-00 00:00:00,,9C:2F:9D:82:20:A3,-25,,0.000000,0.000000,0.000,0.000,Client
2026-05-06 17:38:22,1900-01-00 00:00:00,dlink-615_EXT,40:86:CB:27:D2:0C,-25, WPA2 ,0.000000,0.000000,0.000,0.000,AP
2026-05-06 17:38:22,1900-01-00 00:00:00,,9C:2F:9D:82:20:A3,-25,,0.000000,0.000000,0.000,0.000,Client
2026-05-06 17:38:22,1900-01-00 00:00:00,dlink-615_EXT,40:86:CB:27:D2:0C,-25, WPA2 ,0.000000,0.000000,0.000,0.000,AP
2026-05-06 17:38:22,1900-01-00 00:00:00,,9C:2F:9D:82:20:A3,-25,,0.000000,0.000000,0.000,0.000,Client
2026-05-06 17:38:22,1900-01-00 00:00:00,dlink-615_EXT,40:86:CB:27:D2:0C,-25, WPA2 ,0.000000,0.000000,0.000,0.000,AP
2026-05-06 17:38:22,1900-01-00 00:00:00,,9C:2F:9D:82:20:A3,-25,,0.000000,0.000000,0.000,0.000,Client
2026-05-06 17:38:22,1900-01-00 00:00:00,dlink-615_EXT,40:86:CB:27:D2:0C,-25, WPA2 ,0.000000,0.000000,0.000,0.000,AP
2026-05-06 17:38:22,1900-01-00 00:00:00,,9C:2F:9D:82:20:A3,-25,,0.000000,0.000000,0.000,0.000,Client
2026-05-06 17:38:22,1900-01-00 00:00:00,dlink-615_EXT,40:86:CB:27:D2:0C,-25, WPA2 ,0.000000,0.000000,0.000,0.000,AP
2026-05-06 17:38:22,1900-01-00 00:00:00,,9C:2F:9D:82:20:A3,-25,,0.000000,0.000000,0.000,0.000,Client
2026-05-06 17:38:22,1900-01-00 00:00:00,dlink-615_EXT,40:86:CB:27:D2:0C,-25, WPA2 ,0.000000,0.000000,0.000,0.000,AP
2026-05-06 17:38:22,1900-01-00 00:00:00,,9C:2F:9D:82:20:A3,-25,,0.000000,0.000000,0.000,0.000,Client
2026-05-06 17:38:22,1900-01-00 00:00:00,dlink-615_EXT,40:86:CB:27:D2:0C,-25, WPA2 ,0.000000,0.000000,0.000,0.000,AP
2026-05-06 17:38:22,1900-01-00 00:00:00,,9C:2F:9D:82:20:A3,-25,,0.000000,0.000000,0.000,0.000,Client
2026-05-06 17:38:22,1900-01-00 00:00:00,dlink-615_EXT,40:86:CB:27:D2:0C,-25, WPA2 ,0.000000,0.000000,0.000,0.000,AP
2026-05-06 17:38:22,1900-01-00 00:00:00,,9C:2F:9D:82:20:A3,-25,,0.000000,0.000000,0.000,0.000,Client
2026-05-06 17:38:22,1900-01-00 00:00:00,dlink-615_EXT,40:86:CB:27:D2:0C,-25, WPA2 ,0.000000,0.000000,0.000,0.000,AP
2026-05-06 17:38:22,1900-01-00 00:00:00,,9C:2F:9D:82:20:A3,-25,,0.000000,0.000000,0.000,0.000,Client
2026-05-06 17:38:22,1900-01-00 00:00:00,dlink-615_EXT,40:86:CB:27:D2:0C,-25, WPA2 ,0.000000,0.000000,0.000,0.000,AP
2026-05-06 17:38:22,1900-01-00 00:00:00,,9C:2F:9D:82:20:A3,-25,,0.000000,0.000000,0.000,0.000,Client
2026-05-06 17:38:22,1900-01-00 00:00:00,dlink-615_EXT,40:86:CB:27:D2:0C,-23, WPA2 ,0.000000,0.000000,0.000,0.000,AP
2026-05-06 17:38:22,1900-01-00 00:00:00,,9C:2F:9D:82:20:A3,-23,,0.000000,0.000000,0.000,0.000,Client
2026-05-06 17:38:22,1900-01-00 00:00:00,dlink-615_EXT,40:86:CB:27:D2:0C,-25, WPA2 ,0.000000,0.000000,0.000,0.000,AP
2026-05-06 17:38:22,1900-01-00 00:00:00,,9C:2F:9D:82:20:A3,-25,,0.000000,0.000000,0.000,0.000,Client
2026-05-06 17:38:22,1900-01-00 00:00:00,dlink-615_EXT,40:86:CB:27:D2:0C,-25, WPA2 ,0.000000,0.000000,0.000,0.000,AP
2026-05-06 17:38:22,1900-01-00 00:00:00,,9C:2F:9D:82:20:A3,-25,,0.000000,0.000000,0.000,0.000,Client
2026-05-06 17:38:22,1900-01-00 00:00:00,dlink-615_EXT,40:86:CB:27:D2:0C,-25, WPA2 ,0.000000,0.000000,0.000,0.000,AP
2026-05-06 17:38:22,1900-01-00 00:00:00,,9C:2F:9D:82:20:A3,-25,,0.000000,0.000000,0.000,0.000,Client
2026-05-06 17:38:22,1900-01-00 00:00:00,dlink-615_EXT,40:86:CB:27:D2:0C,-25, WPA2 ,0.000000,0.000000,0.000,0.000,AP
2026-05-06 17:38:22,1900-01-00 00:00:00,dlink-615_EXT,40:86:CB:27:D2:0C,-25, WPA2 ,0.000000,0.000000,0.000,0.000,AP
2026-05-06 17:38:22,1900-01-00 00:00:00,,9C:2F:9D:82:20:A3,-25,,0.000000,0.000000,0.000,0.000,Client
2026-05-06 17:38:22,1900-01-00 00:00:00,dlink-615_EXT,40:86:CB:27:D2:0C,-25, WPA2 ,0.000000,0.000000,0.000,0.000,AP
2026-05-06 17:38:22,1900-01-00 00:00:00,,9C:2F:9D:82:20:A3,-25,,0.000000,0.000000,0.000,0.000,Client
2026-05-06 17:38:22,1900-01-00 00:00:00,dlink-615_EXT,40:86:CB:27:D2:0C,-25, WPA2 ,0.000000,0.000000,0.000,0.000,AP
2026-05-06 17:38:22,1900-01-00 00:00:00,,9C:2F:9D:82:20:A3,-25,,0.000000,0.000000,0.000,0.000,Client
2026-05-06 17:38:22,1900-01-00 00:00:00,dlink-615_EXT,40:86:CB:27:D2:0C,-25, WPA2 ,0.000000,0.000000,0.000,0.000,AP
2026-05-06 17:38:22,1900-01-00 00:00:00,,9C:2F:9D:82:20:A3,-25,,0.000000,0.000000,0.000,0.000,Client
2026-05-06 17:38:22,1900-01-00 00:00:00,dlink-615_EXT,40:86:CB:27:D2:0C,-23, WPA2 ,0.000000,0.000000,0.000,0.000,AP
2026-05-06 17:38:22,1900-01-00 00:00:00,,9C:2F:9D:82:20:A3,-23,,0.000000,0.000000,0.000,0.000,Client
2026-05-06 17:38:22,1900-01-00 00:00:00,dlink-615_EXT,40:86:CB:27:D2:0C,-25, WPA2 ,0.000000,0.000000,0.000,0.000,AP
2026-05-06 17:38:22,1900-01-00 00:00:00,,9C:2F:9D:82:20:A3,-25,,0.000000,0.000000,0.000,0.000,Client
2026-05-06 17:38:22,1900-01-00 00:00:00,dlink-615_EXT,40:86:CB:27:D2:0C,-25, WPA2 ,0.000000,0.000000,0.000,0.000,AP
2026-05-06 17:38:22,1900-01-00 00:00:00,,9C:2F:9D:82:20:A3,-25,,0.000000,0.000000,0.000,0.000,Client
2026-05-06 17:38:22,1900-01-00 00:00:00,dlink-615_EXT,40:86:CB:27:D2:0C,-25, WPA2 ,0.000000,0.000000,0.000,0.000,AP
2026-05-06 17:38:22,1900-01-00 00:00:00,,9C:2F:9D:82:20:A3,-25,,0.000000,0.000000,0.000,0.000,Client
2026-05-06 17:38:22,1900-01-00 00:00:00,dlink-615_EXT,40:86:CB:27:D2:0C,-27, WPA2 ,0.000000,0.000000,0.000,0.000,AP
2026-05-06 17:38:22,1900-01-00 00:00:00,,9C:2F:9D:82:20:A3,-27,,0.000000,0.000000,0.000,0.000,Client
2026-05-06 17:38:22,1900-01-00 00:00:00,dlink-615_EXT,40:86:CB:27:D2:0C,-25, WPA2 ,0.000000,0.000000,0.000,0.000,AP
2026-05-06 17:38:22,1900-01-00 00:00:00,,9C:2F:9D:82:20:A3,-25,,0.000000,0.000000,0.000,0.000,Client
2026-05-06 17:38:22,1900-01-00 00:00:00,dlink-615_EXT,40:86:CB:27:D2:0C,-25, WPA2 ,0.000000,0.000000,0.000,0.000,AP
2026-05-06 17:38:22,1900-01-00 00:00:00,,9C:2F:9D:82:20:A3,-25,,0.000000,0.000000,0.000,0.000,Client
2026-05-06 17:38:22,1900-01-00 00:00:00,dlink-615_EXT,40:86:CB:27:D2:0C,-25, WPA2 ,0.000000,0.000000,0.000,0.000,AP
2026-05-06 17:38:22,1900-01-00 00:00:00,,9C:2F:9D:82:20:A3,-25,,0.000000,0.000000,0.000,0.000,Client
2026-05-06 17:38:22,1900-01-00 00:00:00,dlink-615_EXT,40:86:CB:27:D2:0C,-25, WPA2 ,0.000000,0.000000,0.000,0.000,AP
2026-05-06 17:38:22,1900-01-00 00:00:00,dlink-615_EXT,40:86:CB:27:D2:0C,-25, WPA2 ,0.000000,0.000000,0.000,0.000,AP
2026-05-06 17:38:22,1900-01-00 00:00:00,dlink-615_EXT,40:86:CB:27:D2:0C,-25, WPA2 ,0.000000,0.000000,0.000,0.000,AP
2026-05-06 17:38:22,1900-01-00 00:00:00,,9C:2F:9D:82:20:A3,-25,,0.000000,0.000000,0.000,0.000,Client
2026-05-06 17:38:22,1900-01-00 00:00:00,dlink-615_EXT,40:86:CB:27:D2:0C,-25, WPA2 ,0.000000,0.000000,0.000,0.000,AP
2026-05-06 17:38:22,1900-01-00 00:00:00,,9C:2F:9D:82:20:A3,-25,,0.000000,0.000000,0.000,0.000,Client
2026-05-06 17:38:22,1900-01-00 00:00:00,dlink-615_EXT,40:86:CB:27:D2:0C,-25, WPA2 ,0.000000,0.000000,0.000,0.000,AP
2026-05-06 17:38:22,1900-01-00 00:00:00,,9C:2F:9D:82:20:A3,-25,,0.000000,0.000000,0.000,0.000,Client
2026-05-06 17:38:22,1900-01-00 00:00:00,dlink-615_EXT,40:86:CB:27:D2:0C,-25, WPA2 ,0.000000,0.000000,0.000,0.000,AP
2026-05-06 17:38:22,1900-01-00 00:00:00,,9C:2F:9D:82:20:A3,-25,,0.000000,0.000000,0.000,0.000,Client
2026-05-06 17:38:22,1900-01-00 00:00:00,dlink-615_EXT,40:86:CB:27:D2:0C,-25, WPA2 ,0.000000,0.000000,0.000,0.000,AP
2026-05-06 17:38:22,1900-01-00 00:00:00,,9C:2F:9D:82:20:A3,-25,,0.000000,0.000000,0.000,0.000,Client
2026-05-06 17:38:22,1900-01-00 00:00:00,dlink-615_EXT,40:86:CB:27:D2:0C,-25, WPA2 ,0.000000,0.000000,0.000,0.000,AP
2026-05-06 17:38:22,1900-01-00 00:00:00,,9C:2F:9D:82:20:A3,-25,,0.000000,0.000000,0.000,0.000,Client
2026-05-06 17:38:22,1900-01-00 00:00:00,dlink-615_EXT,40:86:CB:27:D2:0C,-25, WPA2 ,0.000000,0.000000,0.000,0.000,AP
2026-05-06 17:38:22,1900-01-00 00:00:00,,9C:2F:9D:82:20:A3,-25,,0.000000,0.000000,0.000,0.000,Client
2026-05-06 17:38:22,1900-01-00 00:00:00,dlink-615_EXT,40:86:CB:27:D2:0C,-25, WPA2 ,0.000000,0.000000,0.000,0.000,AP
2026-05-06 17:38:22,1900-01-00 00:00:00,,9C:2F:9D:82:20:A3,-25,,0.000000,0.000000,0.000,0.000,Client
2026-05-06 17:38:22,1900-01-00 00:00:00,dlink-615_EXT,40:86:CB:27:D2:0C,-25, WPA2 ,0.000000,0.000000,0.000,0.000,AP
2026-05-06 17:38:22,1900-01-00 00:00:00,,9C:2F:9D:82:20:A3,-25,,0.000000,0.000000,0.000,0.000,Client
2026-05-06 17:38:22,1900-01-00 00:00:00,dlink-615_EXT,40:86:CB:27:D2:0C,-25, WPA2 ,0.000000,0.000000,0.000,0.000,AP
2026-05-06 17:38:22,1900-01-00 00:00:00,,9C:2F:9D:82:20:A3,-25,,0.000000,0.000000,0.000,0.000,Client
2026-05-06 17:38:22,1900-01-00 00:00:00,dlink-615_EXT,40:86:CB:27:D2:0C,-25, WPA2 ,0.000000,0.000000,0.000,0.000,AP
2026-05-06 17:38:22,1900-01-00 00:00:00,,9C:2F:9D:82:20:A3,-25,,0.000000,0.000000,0.000,0.000,Client
2026-05-06 17:38:22,1900-01-00 00:00:00,dlink-615_EXT,40:86:CB:27:D2:0C,-25, WPA2 ,0.000000,0.000000,0.000,0.000,AP
2026-05-06 17:38:22,1900-01-00 00:00:00,dlink-615_EXT,40:86:CB:27:D2:0C,-25, WPA2 ,0.000000,0.000000,0.000,0.000,AP
2026-05-06 17:38:22,1900-01-00 00:00:00,,9C:2F:9D:82:20:A3,-25,,0.000000,0.000000,0.000,0.000,Client
2026-05-06 17:38:22,1900-01-00 00:00:00,dlink-615_EXT,40:86:CB:27:D2:0C,-25, WPA2 ,0.000000,0.000000,0.000,0.000,AP
2026-05-06 17:38:22,1900-01-00 00:00:00,,9C:2F:9D:82:20:A3,-25,,0.000000,0.000000,0.000,0.000,Client
2026-05-06 17:38:22,1900-01-00 00:00:00,dlink-615_EXT,40:86:CB:27:D2:0C,-25, WPA2 ,0.000000,0.000000,0.000,0.000,AP
2026-05-06 17:38:22,1900-01-00 00:00:00,,9C:2F:9D:82:20:A3,-25,,0.000000,0.000000,0.000,0.000,Client
2026-05-06 17:38:22,1900-01-00 00:00:00,dlink-615_EXT,40:86:CB:27:D2:0C,-25, WPA2 ,0.000000,0.000000,0.000,0.000,AP
2026-05-06 17:38:22,1900-01-00 00:00:00,,9C:2F:9D:82:20:A3,-25,,0.000000,0.000000,0.000,0.000,Client
2026-05-06 17:38:22,1900-01-00 00:00:00,dlink-615_EXT,40:86:CB:27:D2:0C,-25, WPA2 ,0.000000,0.000000,0.000,0.000,AP
2026-05-06 17:38:22,1900-01-00 00:00:00,,9C:2F:9D:82:20:A3,-25,,0.000000,0.000000,0.000,0.000,Client
2026-05-06 17:38:22,1900-01-00 00:00:00,dlink-615_EXT,40:86:CB:27:D2:0C,-25, WPA2 ,0.000000,0.000000,0.000,0.000,AP
2026-05-06 17:38:22,1900-01-00 00:00:00,,9C:2F:9D:82:20:A3,-25,,0.000000,0.000000,0.000,0.000,Client
2026-05-06 17:38:22,1900-01-00 00:00:00,dlink-615_EXT,40:86:CB:27:D2:0C,-25, WPA2 ,0.000000,0.000000,0.000,0.000,AP
2026-05-06 17:38:22,1900-01-00 00:00:00,,9C:2F:9D:82:20:A3,-25,,0.000000,0.000000,0.000,0.000,Client
2026-05-06 17:38:22,1900-01-00 00:00:00,dlink-615_EXT,40:86:CB:27:D2:0C,-25, WPA2 ,0.000000,0.000000,0.000,0.000,AP
2026-05-06 17:38:22,1900-01-00 00:00:00,,9C:2F:9D:82:20:A3,-25,,0.000000,0.000000,0.000,0.000,Client
2026-05-06 17:38:22,1900-01-00 00:00:00,dlink-615_EXT,40:86:CB:27:D2:0C,-25, WPA2 ,0.000000,0.000000,0.000,0.000,AP
2026-05-06 17:38:22,1900-01-00 00:00:00,,9C:2F:9D:82:20:A3,-25,,0.000000,0.000000,0.000,0.000,Client
2026-05-06 17:38:22,1900-01-00 00:00:00,dlink-615_EXT,40:86:CB:27:D2:0C,-23, WPA2 ,0.000000,0.000000,0.000,0.000,AP
2026-05-06 17:38:22,1900-01-00 00:00:00,,9C:2F:9D:82:20:A3,-23,,0.000000,0.000000,0.000,0.000,Client
2026-05-06 17:38:22,1900-01-00 00:00:00,dlink-615_EXT,40:86:CB:27:D2:0C,-23, WPA2 ,0.000000,0.000000,0.000,0.000,AP
2026-05-06 17:38:22,1900-01-00 00:00:00,,9C:2F:9D:82:20:A3,-23,,0.000000,0.000000,0.000,0.000,Client
2026-05-06 17:38:22,1900-01-00 00:00:00,dlink-615_EXT,40:86:CB:27:D2:0C,-25, WPA2 ,0.000000,0.000000,0.000,0.000,AP
2026-05-06 17:38:22,1900-01-00 00:00:00,,9C:2F:9D:82:20:A3,-25,,0.000000,0.000000,0.000,0.000,Client
2026-05-06 17:38:22,1900-01-00 00:00:00,dlink-615_EXT,40:86:CB:27:D2:0C,-27, WPA2 ,0.000000,0.000000,0.000,0.000,AP
2026-05-06 17:38:22,1900-01-00 00:00:00,,9C:2F:9D:82:20:A3,-27,,0.000000,0.000000,0.000,0.000,Client
2026-05-06 17:38:22,1900-01-00 00:00:00,dlink-615_EXT,40:86:CB:27:D2:0C,-25, WPA2 ,0.000000,0.000000,0.000,0.000,AP
2026-05-06 17:38:22,1900-01-00 00:00:00,,9C:2F:9D:82:20:A3,-25,,0.000000,0.000000,0.000,0.000,Client
2026-05-06 17:38:22,1900-01-00 00:00:00,dlink-615_EXT,40:86:CB:27:D2:0C,-23, WPA2 ,0.000000,0.000000,0.000,0.000,AP
2026-05-06 17:38:22,1900-01-00 00:00:00,,9C:2F:9D:82:20:A3,-23,,0.000000,0.000000,0.000,0.000,Client
2026-05-06 17:38:22,1900-01-00 00:00:00,dlink-615_EXT,40:86:CB:27:D2:0C,-25, WPA2 ,0.000000,0.000000,0.000,0.000,AP
2026-05-06 17:38:22,1900-01-00 00:00:00,,9C:2F:9D:82:20:A3,-25,,0.000000,0.000000,0.000,0.000,Client
2026-05-06 17:38:22,1900-01-00 00:00:00,dlink-615_EXT,40:86:CB:27:D2:0C,-27, WPA2 ,0.000000,0.000000,0.000,0.000,AP
2026-05-06 17:38:22,1900-01-00 00:00:00,,9C:2F:9D:82:20:A3,-27,,0.000000,0.000000,0.000,0.000,Client
2026-05-06 17:38:22,1900-01-00 00:00:00,dlink-615_EXT,40:86:CB:27:D2:0C,-27, WPA2 ,0.000000,0.000000,0.000,0.000,AP
2026-05-06 17:38:22,1900-01-00 00:00:00,dlink-615_EXT,40:86:CB:27:D2:0C,-27, WPA2 ,0.000000,0.000000,0.000,0.000,AP
2026-05-06 17:38:22,1900-01-00 00:00:00,,9C:2F:9D:82:20:A3,-27,,0.000000,0.000000,0.000,0.000,Client
2026-05-06 17:38:22,1900-01-00 00:00:00,dlink-615_EXT,40:86:CB:27:D2:0C,-25, WPA2 ,0.000000,0.000000,0.000,0.000,AP
2026-05-06 17:38:22,1900-01-00 00:00:00,,9C:2F:9D:82:20:A3,-25,,0.000000,0.000000,0.000,0.000,Client
2026-05-06 17:38:22,1900-01-00 00:00:00,dlink-615_EXT,40:86:CB:27:D2:0C,-25, WPA2 ,0.000000,0.000000,0.000,0.000,AP
2026-05-06 17:38:22,1900-01-00 00:00:00,,9C:2F:9D:82:20:A3,-25,,0.000000,0.000000,0.000,0.000,Client
2026-05-06 17:38:22,1900-01-00 00:00:00,dlink-615_EXT,40:86:CB:27:D2:0C,-25, WPA2 ,0.000000,0.000000,0.000,0.000,AP
2026-05-06 17:38:22,1900-01-00 00:00:00,,9C:2F:9D:82:20:A3,-25,,0.000000,0.000000,0.000,0.000,Client
2026-05-06 17:38:22,1900-01-00 00:00:00,dlink-615_EXT,40:86:CB:27:D2:0C,-27, WPA2 ,0.000000,0.000000,0.000,0.000,AP
2026-05-06 17:38:22,1900-01-00 00:00:00,,9C:2F:9D:82:20:A3,-27,,0.000000,0.000000,0.000,0.000,Client
2026-05-06 17:38:22,1900-01-00 00:00:00,dlink-615_EXT,40:86:CB:27:D2:0C,-25, WPA2 ,0.000000,0.000000,0.000,0.000,AP
2026-05-06 17:38:22,1900-01-00 00:00:00,,9C:2F:9D:82:20:A3,-25,,0.000000,0.000000,0.000,0.000,Client
2026-05-06 17:38:22,1900-01-00 00:00:00,dlink-615_EXT,40:86:CB:27:D2:0C,-25, WPA2 ,0.000000,0.000000,0.000,0.000,AP
2026-05-06 17:38:22,1900-01-00 00:00:00,,9C:2F:9D:82:20:A3,-25,,0.000000,0.000000,0.000,0.000,Client
2026-05-06 17:38:22,1900-01-00 00:00:00,dlink-615_EXT,40:86:CB:27:D2:0C,-25, WPA2 ,0.000000,0.000000,0.000,0.000,AP
2026-05-06 17:38:22,1900-01-00 00:00:00,,9C:2F:9D:82:20:A3,-25,,0.000000,0.000000,0.000,0.000,Client
2026-05-06 17:38:22,1900-01-00 00:00:00,dlink-615_EXT,40:86:CB:27:D2:0C,-25, WPA2 ,0.000000,0.000000,0.000,0.000,AP
2026-05-06 17:38:22,1900-01-00 00:00:00,,9C:2F:9D:82:20:A3,-25,,0.000000,0.000000,0.000,0.000,Client
2026-05-06 17:38:22,1900-01-00 00:00:00,dlink-615_EXT,40:86:CB:27:D2:0C,-27, WPA2 ,0.000000,0.000000,0.000,0.000,AP
2026-05-06 17:38:22,1900-01-00 00:00:00,,9C:2F:9D:82:20:A3,-27,,0.000000,0.000000,0.000,0.000,Client
2026-05-06 17:38:22,1900-01-00 00:00:00,dlink-615_EXT,40:86:CB:27:D2:0C,-25, WPA2 ,0.000000,0.000000,0.000,0.000,AP
2026-05-06 17:38:22,1900-01-00 00:00:00,,9C:2F:9D:82:20:A3,-25,,0.000000,0.000000,0.000,0.000,Client
2026-05-06 17:38:22,1900-01-00 00:00:00,dlink-615_EXT,40:86:CB:27:D2:0C,-25, WPA2 ,0.000000,0.000000,0.000,0.000,AP
2026-05-06 17:38:22,1900-01-00 00:00:00,,9C:2F:9D:82:20:A3,-25,,0.000000,0.000000,0.000,0.000,Client
2026-05-06 17:38:22,1900-01-00 00:00:00,dlink-615_EXT,40:86:CB:27:D2:0C,-25, WPA2 ,0.000000,0.000000,0.000,0.000,AP
2026-05-06 17:38:22,1900-01-00 00:00:00,,9C:2F:9D:82:20:A3,-25,,0.000000,0.000000,0.000,0.000,Client
2026-05-06 17:38:22,1900-01-00 00:00:00,dlink-615_EXT,40:86:CB:27:D2:0C,-25, WPA2 ,0.000000,0.000000,0.000,0.000,AP
2026-05-06 17:38:22,1900-01-00 00:00:00,,9C:2F:9D:82:20:A3,-25,,0.000000,0.000000,0.000,0.000,Client
2026-05-06 17:38:22,1900-01-00 00:00:00,dlink-615_EXT,40:86:CB:27:D2:0C,-27, WPA2 ,0.000000,0.000000,0.000,0.000,AP
2026-05-06 17:38:22,1900-01-00 00:00:00,,9C:2F:9D:82:20:A3,-27,,0.000000,0.000000,0.000,0.000,Client
2026-05-06 17:38:23,1900-01-00 00:00:00,dlink-615_EXT,40:86:CB:27:D2:0C,-25, WPA2 ,0.000000,0.000000,0.000,0.000,AP
2026-05-06 17:38:23,1900-01-00 00:00:00,,9C:2F:9D:82:20:A3,-25,,0.000000,0.000000,0.000,0.000,Client
2026-05-06 17:38:23,1900-01-00 00:00:00,dlink-615_EXT,40:86:CB:27:D2:0C,-25, WPA2 ,0.000000,0.000000,0.000,0.000,AP
2026-05-06 17:38:23,1900-01-00 00:00:00,,9C:2F:9D:82:20:A3,-25,,0.000000,0.000000,0.000,0.000,Client
2026-05-06 17:38:23,1900-01-00 00:00:00,dlink-615_EXT,40:86:CB:27:D2:0C,-23, WPA2 ,0.000000,0.000000,0.000,0.000,AP
2026-05-06 17:38:23,1900-01-00 00:00:00,,9C:2F:9D:82:20:A3,-23,,0.000000,0.000000,0.000,0.000,Client
2026-05-06 17:38:23,1900-01-00 00:00:00,dlink-615_EXT,40:86:CB:27:D2:0C,-25, WPA2 ,0.000000,0.000000,0.000,0.000,AP
2026-05-06 17:38:23,1900-01-00 00:00:00,,9C:2F:9D:82:20:A3,-25,,0.000000,0.000000,0.000,0.000,Client
2026-05-06 17:38:23,1900-01-00 00:00:00,dlink-615_EXT,40:86:CB:27:D2:0C,-25, WPA2 ,0.000000,0.000000,0.000,0.000,AP
2026-05-06 17:38:23,1900-01-00 00:00:00,,9C:2F:9D:82:20:A3,-25,,0.000000,0.000000,0.000,0.000,Client
2026-05-06 17:38:23,1900-01-00 00:00:00,dlink-615_EXT,40:86:CB:27:D2:0C,-29, WPA2 ,0.000000,0.000000,0.000,0.000,AP
2026-05-06 17:38:23,1900-01-00 00:00:00,,9C:2F:9D:82:20:A3,-29,,0.000000,0.000000,0.000,0.000,Client
2026-05-06 17:38:23,1900-01-00 00:00:00,dlink-615_EXT,40:86:CB:27:D2:0C,-25, WPA2 ,0.000000,0.000000,0.000,0.000,AP
2026-05-06 17:38:23,1900-01-00 00:00:00,,9C:2F:9D:82:20:A3,-25,,0.000000,0.000000,0.000,0.000,Client
2026-05-06 17:38:23,1900-01-00 00:00:00,dlink-615_EXT,40:86:CB:27:D2:0C,-25, WPA2 ,0.000000,0.000000,0.000,0.000,AP
2026-05-06 17:38:23,1900-01-00 00:00:00,,9C:2F:9D:82:20:A3,-25,,0.000000,0.000000,0.000,0.000,Client
2026-05-06 17:38:23,1900-01-00 00:00:00,dlink-615_EXT,40:86:CB:27:D2:0C,-27, WPA2 ,0.000000,0.000000,0.000,0.000,AP
2026-05-06 17:38:23,1900-01-00 00:00:00,,9C:2F:9D:82:20:A3,-27,,0.000000,0.000000,0.000,0.000,Client
2026-05-06 17:38:23,1900-01-00 00:00:00,dlink-615_EXT,40:86:CB:27:D2:0C,-25, WPA2 ,0.000000,0.000000,0.000,0.000,AP
2026-05-06 17:38:23,1900-01-00 00:00:00,,9C:2F:9D:82:20:A3,-25,,0.000000,0.000000,0.000,0.000,Client
2026-05-06 17:38:23,1900-01-00 00:00:00,dlink-615_EXT,40:86:CB:27:D2:0C,-25, WPA2 ,0.000000,0.000000,0.000,0.000,AP
2026-05-06 17:38:23,1900-01-00 00:00:00,,9C:2F:9D:82:20:A3,-25,,0.000000,0.000000,0.000,0.000,Client
2026-05-06 17:38:23,1900-01-00 00:00:00,dlink-615_EXT,40:86:CB:27:D2:0C,-25, WPA2 ,0.000000,0.000000,0.000,0.000,AP
2026-05-06 17:38:23,1900-01-00 00:00:00,,9C:2F:9D:82:20:A3,-25,,0.000000,0.000000,0.000,0.000,Client
2026-05-06 17:38:23,1900-01-00 00:00:00,dlink-615_EXT,40:86:CB:27:D2:0C,-25, WPA2 ,0.000000,0.000000,0.000,0.000,AP
2026-05-06 17:38:23,1900-01-00 00:00:00,,9C:2F:9D:82:20:A3,-25,,0.000000,0.000000,0.000,0.000,Client
2026-05-06 17:38:23,1900-01-00 00:00:00,dlink-615_EXT,40:86:CB:27:D2:0C,-25, WPA2 ,0.000000,0.000000,0.000,0.000,AP
2026-05-06 17:38:23,1900-01-00 00:00:00,,9C:2F:9D:82:20:A3,-25,,0.000000,0.000000,0.000,0.000,Client
2026-05-06 17:38:23,1900-01-00 00:00:00,dlink-615_EXT,40:86:CB:27:D2:0C,-25, WPA2 ,0.000000,0.000000,0.000,0.000,AP
2026-05-06 17:38:23,1900-01-00 00:00:00,,9C:2F:9D:82:20:A3,-25,,0.000000,0.000000,0.000,0.000,Client
2026-05-06 17:38:23,1900-01-00 00:00:00,dlink-615_EXT,40:86:CB:27:D2:0C,-25, WPA2 ,0.000000,0.000000,0.000,0.000,AP
2026-05-06 17:38:23,1900-01-00 00:00:00,,9C:2F:9D:82:20:A3,-25,,0.000000,0.000000,0.000,0.000,Client
2026-05-06 17:38:23,1900-01-00 00:00:00,dlink-615_EXT,40:86:CB:27:D2:0C,-23, WPA2 ,0.000000,0.000000,0.000,0.000,AP
2026-05-06 17:38:23,1900-01-00 00:00:00,,9C:2F:9D:82:20:A3,-23,,0.000000,0.000000,0.000,0.000,Client
2026-05-06 17:38:23,1900-01-00 00:00:00,dlink-615_EXT,40:86:CB:27:D2:0C,-25, WPA2 ,0.000000,0.000000,0.000,0.000,AP
2026-05-06 17:38:23,1900-01-00 00:00:00,,9C:2F:9D:82:20:A3,-25,,0.000000,0.000000,0.000,0.000,Client
2026-05-06 17:38:23,1900-01-00 00:00:00,dlink-615_EXT,40:86:CB:27:D2:0C,-25, WPA2 ,0.000000,0.000000,0.000,0.000,AP
2026-05-06 17:38:23,1900-01-00 00:00:00,dlink-615_EXT,40:86:CB:27:D2:0C,-25, WPA2 ,0.000000,0.000000,0.000,0.000,AP
2026-05-06 17:38:23,1900-01-00 00:00:00,,9C:2F:9D:82:20:A3,-25,,0.000000,0.000000,0.000,0.000,Client
2026-05-06 17:38:23,1900-01-00 00:00:00,dlink-615_EXT,40:86:CB:27:D2:0C,-27, WPA2 ,0.000000,0.000000,0.000,0.000,AP
2026-05-06 17:38:23,1900-01-00 00:00:00,,9C:2F:9D:82:20:A3,-27,,0.000000,0.000000,0.000,0.000,Client
2026-05-06 17:38:23,1900-01-00 00:00:00,dlink-615_EXT,40:86:CB:27:D2:0C,-25, WPA2 ,0.000000,0.000000,0.000,0.000,AP
2026-05-06 17:38:23,1900-01-00 00:00:00,,9C:2F:9D:82:20:A3,-25,,0.000000,0.000000,0.000,0.000,Client
2026-05-06 17:38:23,1900-01-00 00:00:00,dlink-615_EXT,40:86:CB:27:D2:0C,-63, WPA2 ,0.000000,0.000000,0.000,0.000,AP
2026-05-06 17:38:23,1900-01-00 00:00:00,,9C:2F:9D:82:20:A3,-63,,0.000000,0.000000,0.000,0.000,Client
2026-05-06 17:38:23,1900-01-00 00:00:00,dlink-615_EXT,40:86:CB:27:D2:0C,-25, WPA2 ,0.000000,0.000000,0.000,0.000,AP
2026-05-06 17:38:23,1900-01-00 00:00:00,,9C:2F:9D:82:20:A3,-25,,0.000000,0.000000,0.000,0.000,Client
2026-05-06 17:38:23,1900-01-00 00:00:00,dlink-615_EXT,40:86:CB:27:D2:0C,-25, WPA2 ,0.000000,0.000000,0.000,0.000,AP
2026-05-06 17:38:23,1900-01-00 00:00:00,,9C:2F:9D:82:20:A3,-25,,0.000000,0.000000,0.000,0.000,Client
2026-05-06 17:38:23,1900-01-00 00:00:00,dlink-615_EXT,40:86:CB:27:D2:0C,-25, WPA2 ,0.000000,0.000000,0.000,0.000,AP
2026-05-06 17:38:23,1900-01-00 00:00:00,,9C:2F:9D:82:20:A3,-25,,0.000000,0.000000,0.000,0.000,Client
2026-05-06 17:38:23,1900-01-00 00:00:00,dlink-615_EXT,40:86:CB:27:D2:0C,-25, WPA2 ,0.000000,0.000000,0.000,0.000,AP
2026-05-06 17:38:23,1900-01-00 00:00:00,,9C:2F:9D:82:20:A3,-25,,0.000000,0.000000,0.000,0.000,Client
2026-05-06 17:38:23,1900-01-00 00:00:00,dlink-615_EXT,40:86:CB:27:D2:0C,-25, WPA2 ,0.000000,0.000000,0.000,0.000,AP
2026-05-06 17:38:23,1900-01-00 00:00:00,,9C:2F:9D:82:20:A3,-25,,0.000000,0.000000,0.000,0.000,Client
2026-05-06 17:38:23,1900-01-00 00:00:00,dlink-615_EXT,40:86:CB:27:D2:0C,-27, WPA2 ,0.000000,0.000000,0.000,0.000,AP
2026-05-06 17:38:23,1900-01-00 00:00:00,,9C:2F:9D:82:20:A3,-27,,0.000000,0.000000,0.000,0.000,Client
2026-05-06 17:38:23,1900-01-00 00:00:00,dlink-615_EXT,40:86:CB:27:D2:0C,-25, WPA2 ,0.000000,0.000000,0.000,0.000,AP
2026-05-06 17:38:23,1900-01-00 00:00:00,,9C:2F:9D:82:20:A3,-61,,0.000000,0.000000,0.000,0.000,Client
2026-05-06 17:38:23,1900-01-00 00:00:00,dlink-615_EXT,40:86:CB:27:D2:0C,-25, WPA2 ,0.000000,0.000000,0.000,0.000,AP
2026-05-06 17:38:23,1900-01-00 00:00:00,,9C:2F:9D:82:20:A3,-25,,0.000000,0.000000,0.000,0.000,Client
2026-05-06 17:38:23,1900-01-00 00:00:00,dlink-615_EXT,40:86:CB:27:D2:0C,-25, WPA2 ,0.000000,0.000000,0.000,0.000,AP
2026-05-06 17:38:23,1900-01-00 00:00:00,,9C:2F:9D:82:20:A3,-25,,0.000000,0.000000,0.000,0.000,Client
2026-05-06 17:38:23,1900-01-00 00:00:00,dlink-615_EXT,40:86:CB:27:D2:0C,-25, WPA2 ,0.000000,0.000000,0.000,0.000,AP
2026-05-06 17:38:23,1900-01-00 00:00:00,,9C:2F:9D:82:20:A3,-25,,0.000000,0.000000,0.000,0.000,Client
2026-05-06 17:38:23,1900-01-00 00:00:00,dlink-615_EXT,40:86:CB:27:D2:0C,-25, WPA2 ,0.000000,0.000000,0.000,0.000,AP
2026-05-06 17:38:23,1900-01-00 00:00:00,,9C:2F:9D:82:20:A3,-25,,0.000000,0.000000,0.000,0.000,Client
2026-05-06 17:38:23,1900-01-00 00:00:00,dlink-615_EXT,40:86:CB:27:D2:0C,-25, WPA2 ,0.000000,0.000000,0.000,0.000,AP
2026-05-06 17:38:23,1900-01-00 00:00:00,,9C:2F:9D:82:20:A3,-25,,0.000000,0.000000,0.000,0.000,Client
2026-05-06 17:38:23,1900-01-00 00:00:00,dlink-615_EXT,40:86:CB:27:D2:0C,-25, WPA2 ,0.000000,0.000000,0.000,0.000,AP
2026-05-06 17:38:23,1900-01-00 00:00:00,,9C:2F:9D:82:20:A3,-25,,0.000000,0.000000,0.000,0.000,Client
2026-05-06 17:38:23,1900-01-00 00:00:00,dlink-615_EXT,40:86:CB:27:D2:0C,-27, WPA2 ,0.000000,0.000000,0.000,0.000,AP
2026-05-06 17:38:23,1900-01-00 00:00:00,,9C:2F:9D:82:20:A3,-27,,0.000000,0.000000,0.000,0.000,Client
2026-05-06 17:38:23,1900-01-00 00:00:00,dlink-615_EXT,40:86:CB:27:D2:0C,-25, WPA2 ,0.000000,0.000000,0.000,0.000,AP
2026-05-06 17:38:23,1900-01-00 00:00:00,,9C:2F:9D:82:20:A3,-25,,0.000000,0.000000,0.000,0.000,Client
2026-05-06 17:38:23,1900-01-00 00:00:00,dlink-615_EXT,40:86:CB:27:D2:0C,-25, WPA2 ,0.000000,0.000000,0.000,0.000,AP
2026-05-06 17:38:23,1900-01-00 00:00:00,,9C:2F:9D:82:20:A3,-25,,0.000000,0.000000,0.000,0.000,Client
2026-05-06 17:38:23,1900-01-00 00:00:00,dlink-615_EXT,40:86:CB:27:D2:0C,-25, WPA2 ,0.000000,0.000000,0.000,0.000,AP
2026-05-06 17:38:23,1900-01-00 00:00:00,,9C:2F:9D:82:20:A3,-25,,0.000000,0.000000,0.000,0.000,Client
2026-05-06 17:38:23,1900-01-00 00:00:00,dlink-615_EXT,40:86:CB:27:D2:0C,-23, WPA2 ,0.000000,0.000000,0.000,0.000,AP
2026-05-06 17:38:23,1900-01-00 00:00:00,dlink-615_EXT,40:86:CB:27:D2:0C,-23, WPA2 ,0.000000,0.000000,0.000,0.000,AP
2026-05-06 17:38:23,1900-01-00 00:00:00,,9C:2F:9D:82:20:A3,-25,,0.000000,0.000000,0.000,0.000,Client
2026-05-06 17:38:23,1900-01-00 00:00:00,dlink-615_EXT,40:86:CB:27:D2:0C,-23, WPA2 ,0.000000,0.000000,0.000,0.000,AP
2026-05-06 17:38:23,1900-01-00 00:00:00,,9C:2F:9D:82:20:A3,-23,,0.000000,0.000000,0.000,0.000,Client
2026-05-06 17:38:23,1900-01-00 00:00:00,dlink-615_EXT,40:86:CB:27:D2:0C,-25, WPA2 ,0.000000,0.000000,0.000,0.000,AP
2026-05-06 17:38:23,1900-01-00 00:00:00,,9C:2F:9D:82:20:A3,-25,,0.000000,0.000000,0.000,0.000,Client
2026-05-06 17:38:23,1900-01-00 00:00:00,dlink-615_EXT,40:86:CB:27:D2:0C,-25, WPA2 ,0.000000,0.000000,0.000,0.000,AP
2026-05-06 17:38:23,1900-01-00 00:00:00,,9C:2F:9D:82:20:A3,-25,,0.000000,0.000000,0.000,0.000,Client
2026-05-06 17:38:23,1900-01-00 00:00:00,dlink-615_EXT,40:86:CB:27:D2:0C,-25, WPA2 ,0.000000,0.000000,0.000,0.000,AP
2026-05-06 17:38:23,1900-01-00 00:00:00,,9C:2F:9D:82:20:A3,-25,,0.000000,0.000000,0.000,0.000,Client
2026-05-06 17:38:23,1900-01-00 00:00:00,dlink-615_EXT,40:86:CB:27:D2:0C,-25, WPA2 ,0.000000,0.000000,0.000,0.000,AP
2026-05-06 17:38:23,1900-01-00 00:00:00,,9C:2F:9D:82:20:A3,-25,,0.000000,0.000000,0.000,0.000,Client
2026-05-06 17:38:23,1900-01-00 00:00:00,dlink-615_EXT,40:86:CB:27:D2:0C,-25, WPA2 ,0.000000,0.000000,0.000,0.000,AP
2026-05-06 17:38:23,1900-01-00 00:00:00,,9C:2F:9D:82:20:A3,-25,,0.000000,0.000000,0.000,0.000,Client
2026-05-06 17:38:23,1900-01-00 00:00:00,dlink-615_EXT,40:86:CB:27:D2:0C,-25, WPA2 ,0.000000,0.000000,0.000,0.000,AP
2026-05-06 17:38:23,1900-01-00 00:00:00,,9C:2F:9D:82:20:A3,-25,,0.000000,0.000000,0.000,0.000,Client
2026-05-06 17:38:23,1900-01-00 00:00:00,dlink-615_EXT,40:86:CB:27:D2:0C,-25, WPA2 ,0.000000,0.000000,0.000,0.000,AP
2026-05-06 17:38:23,1900-01-00 00:00:00,,9C:2F:9D:82:20:A3,-25,,0.000000,0.000000,0.000,0.000,Client
2026-05-06 17:38:23,1900-01-00 00:00:00,dlink-615_EXT,40:86:CB:27:D2:0C,-27, WPA2 ,0.000000,0.000000,0.000,0.000,AP
2026-05-06 17:38:23,1900-01-00 00:00:00,,9C:2F:9D:82:20:A3,-27,,0.000000,0.000000,0.000,0.000,Client
2026-05-06 17:38:23,1900-01-00 00:00:00,dlink-615_EXT,40:86:CB:27:D2:0C,-25, WPA2 ,0.000000,0.000000,0.000,0.000,AP
2026-05-06 17:38:23,1900-01-00 00:00:00,,9C:2F:9D:82:20:A3,-25,,0.000000,0.000000,0.000,0.000,Client
2026-05-06 17:38:23,1900-01-00 00:00:00,dlink-615_EXT,40:86:CB:27:D2:0C,-25, WPA2 ,0.000000,0.000000,0.000,0.000,AP
2026-05-06 17:38:23,1900-01-00 00:00:00,,9C:2F:9D:82:20:A3,-25,,0.000000,0.000000,0.000,0.000,Client
2026-05-06 17:38:23,1900-01-00 00:00:00,dlink-615_EXT,40:86:CB:27:D2:0C,-25, WPA2 ,0.000000,0.000000,0.000,0.000,AP
2026-05-06 17:38:23,1900-01-00 00:00:00,,9C:2F:9D:82:20:A3,-25,,0.000000,0.000000,0.000,0.000,Client
2026-05-06 17:38:23,1900-01-00 00:00:00,dlink-615_EXT,40:86:CB:27:D2:0C,-25, WPA2 ,0.000000,0.000000,0.000,0.000,AP
2026-05-06 17:38:23,1900-01-00 00:00:00,,9C:2F:9D:82:20:A3,-25,,0.000000,0.000000,0.000,0.000,Client
2026-05-06 17:38:23,1900-01-00 00:00:00,dlink-615_EXT,40:86:CB:27:D2:0C,-25, WPA2 ,0.000000,0.000000,0.000,0.000,AP
2026-05-06 17:38:23,1900-01-00 00:00:00,,9C:2F:9D:82:20:A3,-25,,0.000000,0.000000,0.000,0.000,Client
2026-05-06 17:38:23,1900-01-00 00:00:00,dlink-615_EXT,40:86:CB:27:D2:0C,-25, WPA2 ,0.000000,0.000000,0.000,0.000,AP
2026-05-06 17:38:23,1900-01-00 00:00:00,,9C:2F:9D:82:20:A3,-25,,0.000000,0.000000,0.000,0.000,Client
2026-05-06 17:38:23,1900-01-00 00:00:00,dlink-615_EXT,40:86:CB:27:D2:0C,-27, WPA2 ,0.000000,0.000000,0.000,0.000,AP
2026-05-06 17:38:23,1900-01-00 00:00:00,,9C:2F:9D:82:20:A3,-27,,0.000000,0.000000,0.000,0.000,Client
2026-05-06 17:38:23,1900-01-00 00:00:00,dlink-615_EXT,40:86:CB:27:D2:0C,-25, WPA2 ,0.000000,0.000000,0.000,0.000,AP
2026-05-06 17:38:23,1900-01-00 00:00:00,,9C:2F:9D:82:20:A3,-25,,0.000000,0.000000,0.000,0.000,Client
2026-05-06 17:38:23,1900-01-00 00:00:00,dlink-615_EXT,40:86:CB:27:D2:0C,-25, WPA2 ,0.000000,0.000000,0.000,0.000,AP
2026-05-06 17:38:23,1900-01-00 00:00:00,dlink-615_EXT,40:86:CB:27:D2:0C,-75, WPA2 ,0.000000,0.000000,0.000,0.000,AP
2026-05-06 17:38:23,1900-01-00 00:00:00,,9C:2F:9D:82:20:A3,-75,,0.000000,0.000000,0.000,0.000,Client
2026-05-06 17:38:23,1900-01-00 00:00:00,dlink-615_EXT,40:86:CB:27:D2:0C,-27, WPA2 ,0.000000,0.000000,0.000,0.000,AP
2026-05-06 17:38:23,1900-01-00 00:00:00,,9C:2F:9D:82:20:A3,-27,,0.000000,0.000000,0.000,0.000,Client
2026-05-06 17:38:23,1900-01-00 00:00:00,dlink-615_EXT,40:86:CB:27:D2:0C,-25, WPA2 ,0.000000,0.000000,0.000,0.000,AP
2026-05-06 17:38:23,1900-01-00 00:00:00,,9C:2F:9D:82:20:A3,-25,,0.000000,0.000000,0.000,0.000,Client
2026-05-06 17:38:23,1900-01-00 00:00:00,dlink-615_EXT,40:86:CB:27:D2:0C,-27, WPA2 ,0.000000,0.000000,0.000,0.000,AP
2026-05-06 17:38:23,1900-01-00 00:00:00,,9C:2F:9D:82:20:A3,-27,,0.000000,0.000000,0.000,0.000,Client
2026-05-06 17:38:23,1900-01-00 00:00:00,dlink-615_EXT,40:86:CB:27:D2:0C,-27, WPA2 ,0.000000,0.000000,0.000,0.000,AP
2026-05-06 17:38:23,1900-01-00 00:00:00,,9C:2F:9D:82:20:A3,-27,,0.000000,0.000000,0.000,0.000,Client
2026-05-06 17:38:23,1900-01-00 00:00:00,dlink-615_EXT,40:86:CB:27:D2:0C,-25, WPA2 ,0.000000,0.000000,0.000,0.000,AP
2026-05-06 17:38:23,1900-01-00 00:00:00,,9C:2F:9D:82:20:A3,-25,,0.000000,0.000000,0.000,0.000,Client
2026-05-06 17:38:23,1900-01-00 00:00:00,dlink-615_EXT,40:86:CB:27:D2:0C,-27, WPA2 ,0.000000,0.000000,0.000,0.000,AP
2026-05-06 17:38:23,1900-01-00 00:00:00,,9C:2F:9D:82:20:A3,-27,,0.000000,0.000000,0.000,0.000,Client
2026-05-06 17:38:23,1900-01-00 00:00:00,dlink-615_EXT,40:86:CB:27:D2:0C,-25, WPA2 ,0.000000,0.000000,0.000,0.000,AP
2026-05-06 17:38:23,1900-01-00 00:00:00,,9C:2F:9D:82:20:A3,-25,,0.000000,0.000000,0.000,0.000,Client
2026-05-06 17:38:23,1900-01-00 00:00:00,dlink-615_EXT,40:86:CB:27:D2:0C,-23, WPA2 ,0.000000,0.000000,0.000,0.000,AP
2026-05-06 17:38:23,1900-01-00 00:00:00,,9C:2F:9D:82:20:A3,-23,,0.000000,0.000000,0.000,0.000,Client
2026-05-06 17:38:23,1900-01-00 00:00:00,dlink-615_EXT,40:86:CB:27:D2:0C,-27, WPA2 ,0.000000,0.000000,0.000,0.000,AP
2026-05-06 17:38:23,1900-01-00 00:00:00,,9C:2F:9D:82:20:A3,-27,,0.000000,0.000000,0.000,0.000,Client
2026-05-06 17:38:23,1900-01-00 00:00:00,dlink-615_EXT,40:86:CB:27:D2:0C,-27, WPA2 ,0.000000,0.000000,0.000,0.000,AP
2026-05-06 17:38:23,1900-01-00 00:00:00,,9C:2F:9D:82:20:A3,-27,,0.000000,0.000000,0.000,0.000,Client
2026-05-06 17:38:23,1900-01-00 00:00:00,dlink-615_EXT,40:86:CB:27:D2:0C,-25, WPA2 ,0.000000,0.000000,0.000,0.000,AP
2026-05-06 17:38:23,1900-01-00 00:00:00,,9C:2F:9D:82:20:A3,-25,,0.000000,0.000000,0.000,0.000,Client
2026-05-06 17:38:23,1900-01-00 00:00:00,dlink-615_EXT,40:86:CB:27:D2:0C,-25, WPA2 ,0.000000,0.000000,0.000,0.000,AP
2026-05-06 17:38:23,1900-01-00 00:00:00,,9C:2F:9D:82:20:A3,-25,,0.000000,0.000000,0.000,0.000,Client
2026-05-06 17:38:23,1900-01-00 00:00:00,dlink-615_EXT,40:86:CB:27:D2:0C,-25, WPA2 ,0.000000,0.000000,0.000,0.000,AP
2026-05-06 17:38:23,1900-01-00 00:00:00,,9C:2F:9D:82:20:A3,-25,,0.000000,0.000000,0.000,0.000,Client
2026-05-06 17:38:23,1900-01-00 00:00:00,dlink-615_EXT,40:86:CB:27:D2:0C,-27, WPA2 ,0.000000,0.000000,0.000,0.000,AP
2026-05-06 17:38:23,1900-01-00 00:00:00,,9C:2F:9D:82:20:A3,-27,,0.000000,0.000000,0.000,0.000,Client
2026-05-06 17:38:23,1900-01-00 00:00:00,dlink-615_EXT,40:86:CB:27:D2:0C,-23, WPA2 ,0.000000,0.000000,0.000,0.000,AP
2026-05-06 17:38:23,1900-01-00 00:00:00,,9C:2F:9D:82:20:A3,-23,,0.000000,0.000000,0.000,0.000,Client
2026-05-06 17:38:23,1900-01-00 00:00:00,dlink-615_EXT,40:86:CB:27:D2:0C,-25, WPA2 ,0.000000,0.000000,0.000,0.000,AP
2026-05-06 17:38:23,1900-01-00 00:00:00,,9C:2F:9D:82:20:A3,-25,,0.000000,0.000000,0.000,0.000,Client
2026-05-06 17:38:23,1900-01-00 00:00:00,dlink-615_EXT,40:86:CB:27:D2:0C,-25, WPA2 ,0.000000,0.000000,0.000,0.000,AP
2026-05-06 17:38:23,1900-01-00 00:00:00,,9C:2F:9D:82:20:A3,-25,,0.000000,0.000000,0.000,0.000,Client
2026-05-06 17:38:23,1900-01-00 00:00:00,dlink-615_EXT,40:86:CB:27:D2:0C,-25, WPA2 ,0.000000,0.000000,0.000,0.000,AP
2026-05-06 17:38:23,1900-01-00 00:00:00,dlink-615_EXT,40:86:CB:27:D2:0C,-25, WPA2 ,0.000000,0.000000,0.000,0.000,AP
2026-05-06 17:38:23,1900-01-00 00:00:00,,9C:2F:9D:82:20:A3,-25,,0.000000,0.000000,0.000,0.000,Client
2026-05-06 17:38:23,1900-01-00 00:00:00,dlink-615_EXT,40:86:CB:27:D2:0C,-25, WPA2 ,0.000000,0.000000,0.000,0.000,AP
2026-05-06 17:38:23,1900-01-00 00:00:00,,9C:2F:9D:82:20:A3,-25,,0.000000,0.000000,0.000,0.000,Client
2026-05-06 17:38:23,1900-01-00 00:00:00,dlink-615_EXT,40:86:CB:27:D2:0C,-25, WPA2 ,0.000000,0.000000,0.000,0.000,AP
2026-05-06 17:38:23,1900-01-00 00:00:00,,9C:2F:9D:82:20:A3,-25,,0.000000,0.000000,0.000,0.000,Client
2026-05-06 17:38:23,1900-01-00 00:00:00,dlink-615_EXT,40:86:CB:27:D2:0C,-23, WPA2 ,0.000000,0.000000,0.000,0.000,AP
2026-05-06 17:38:23,1900-01-00 00:00:00,,9C:2F:9D:82:20:A3,-23,,0.000000,0.000000,0.000,0.000,Client
2026-05-06 17:38:23,1900-01-00 00:00:00,dlink-615_EXT,40:86:CB:27:D2:0C,-25, WPA2 ,0.000000,0.000000,0.000,0.000,AP
2026-05-06 17:38:23,1900-01-00 00:00:00,,9C:2F:9D:82:20:A3,-25,,0.000000,0.000000,0.000,0.000,Client
2026-05-06 17:38:23,1900-01-00 00:00:00,dlink-615_EXT,40:86:CB:27:D2:0C,-25, WPA2 ,0.000000,0.000000,0.000,0.000,AP
2026-05-06 17:38:23,1900-01-00 00:00:00,,9C:2F:9D:82:20:A3,-25,,0.000000,0.000000,0.000,0.000,Client
2026-05-06 17:38:23,1900-01-00 00:00:00,dlink-615_EXT,40:86:CB:27:D2:0C,-25, WPA2 ,0.000000,0.000000,0.000,0.000,AP
2026-05-06 17:38:23,1900-01-00 00:00:00,,9C:2F:9D:82:20:A3,-25,,0.000000,0.000000,0.000,0.000,Client
2026-05-06 17:38:23,1900-01-00 00:00:00,dlink-615_EXT,40:86:CB:27:D2:0C,-27, WPA2 ,0.000000,0.000000,0.000,0.000,AP
2026-05-06 17:38:23,1900-01-00 00:00:00,,9C:2F:9D:82:20:A3,-27,,0.000000,0.000000,0.000,0.000,Client
2026-05-06 17:38:23,1900-01-00 00:00:00,dlink-615_EXT,40:86:CB:27:D2:0C,-27, WPA2 ,0.000000,0.000000,0.000,0.000,AP
2026-05-06 17:38:23,1900-01-00 00:00:00,,9C:2F:9D:82:20:A3,-27,,0.000000,0.000000,0.000,0.000,Client
2026-05-06 17:38:23,1900-01-00 00:00:00,dlink-615_EXT,40:86:CB:27:D2:0C,-25, WPA2 ,0.000000,0.000000,0.000,0.000,AP
2026-05-06 17:38:23,1900-01-00 00:00:00,,9C:2F:9D:82:20:A3,-25,,0.000000,0.000000,0.000,0.000,Client
2026-05-06 17:38:23,1900-01-00 00:00:00,dlink-615_EXT,40:86:CB:27:D2:0C,-25, WPA2 ,0.000000,0.000000,0.000,0.000,AP
2026-05-06 17:38:23,1900-01-00 00:00:00,dlink-615_EXT,40:86:CB:27:D2:0C,-27, WPA2 ,0.000000,0.000000,0.000,0.000,AP
2026-05-06 17:38:23,1900-01-00 00:00:00,dlink-615_EXT,40:86:CB:27:D2:0C,-27, WPA2 ,0.000000,0.000000,0.000,0.000,AP
2026-05-06 17:38:23,1900-01-00 00:00:00,,9C:2F:9D:82:20:A3,-27,,0.000000,0.000000,0.000,0.000,Client
2026-05-06 17:38:23,1900-01-00 00:00:00,dlink-615_EXT,40:86:CB:27:D2:0C,-27, WPA2 ,0.000000,0.000000,0.000,0.000,AP
2026-05-06 17:38:23,1900-01-00 00:00:00,,9C:2F:9D:82:20:A3,-25,,0.000000,0.000000,0.000,0.000,Client
2026-05-06 17:38:23,1900-01-00 00:00:00,dlink-615_EXT,40:86:CB:27:D2:0C,-25, WPA2 ,0.000000,0.000000,0.000,0.000,AP
2026-05-06 17:38:23,1900-01-00 00:00:00,,9C:2F:9D:82:20:A3,-25,,0.000000,0.000000,0.000,0.000,Client
2026-05-06 17:38:23,1900-01-00 00:00:00,dlink-615_EXT,40:86:CB:27:D2:0C,-23, WPA2 ,0.000000,0.000000,0.000,0.000,AP
2026-05-06 17:38:23,1900-01-00 00:00:00,,9C:2F:9D:82:20:A3,-23,,0.000000,0.000000,0.000,0.000,Client
2026-05-06 17:38:23,1900-01-00 00:00:00,dlink-615_EXT,40:86:CB:27:D2:0C,-25, WPA2 ,0.000000,0.000000,0.000,0.000,AP
2026-05-06 17:38:23,1900-01-00 00:00:00,,9C:2F:9D:82:20:A3,-25,,0.000000,0.000000,0.000,0.000,Client
2026-05-06 17:38:23,1900-01-00 00:00:00,dlink-615_EXT,40:86:CB:27:D2:0C,-25, WPA2 ,0.000000,0.000000,0.000,0.000,AP
2026-05-06 17:38:23,1900-01-00 00:00:00,,9C:2F:9D:82:20:A3,-25,,0.000000,0.000000,0.000,0.000,Client
2026-05-06 17:38:23,1900-01-00 00:00:00,dlink-615_EXT,40:86:CB:27:D2:0C,-27, WPA2 ,0.000000,0.000000,0.000,0.000,AP
2026-05-06 17:38:23,1900-01-00 00:00:00,,9C:2F:9D:82:20:A3,-27,,0.000000,0.000000,0.000,0.000,Client
2026-05-06 17:38:23,1900-01-00 00:00:00,dlink-615_EXT,40:86:CB:27:D2:0C,-25, WPA2 ,0.000000,0.000000,0.000,0.000,AP
2026-05-06 17:38:24,1900-01-00 00:00:00,dlink-615_EXT,40:86:CB:27:D2:0C,-25, WPA2 ,0.000000,0.000000,0.000,0.000,AP
2026-05-06 17:38:24,1900-01-00 00:00:00,,9C:2F:9D:82:20:A3,-29,,0.000000,0.000000,0.000,0.000,Client
2026-05-06 17:38:24,1900-01-00 00:00:00,dlink-615_EXT,40:86:CB:27:D2:0C,-23, WPA2 ,0.000000,0.000000,0.000,0.000,AP
2026-05-06 17:38:24,1900-01-00 00:00:00,,9C:2F:9D:82:20:A3,-29,,0.000000,0.000000,0.000,0.000,Client
2026-05-06 17:38:24,1900-01-00 00:00:00,dlink-615_EXT,40:86:CB:27:D2:0C,-25, WPA2 ,0.000000,0.000000,0.000,0.000,AP
2026-05-06 17:38:24,1900-01-00 00:00:00,dlink-615_EXT,40:86:CB:27:D2:0C,-25, WPA2 ,0.000000,0.000000,0.000,0.000,AP
2026-05-06 17:38:24,1900-01-00 00:00:00,dlink-615_EXT,40:86:CB:27:D2:0C,-25, WPA2 ,0.000000,0.000000,0.000,0.000,AP
2026-05-06 17:38:24,1900-01-00 00:00:00,,9C:2F:9D:82:20:A3,-29,,0.000000,0.000000,0.000,0.000,Client
2026-05-06 17:38:24,1900-01-00 00:00:00,,9C:2F:9D:82:20:A3,-29,,0.000000,0.000000,0.000,0.000,Client
2026-05-06 17:38:24,1900-01-00 00:00:00,dlink-615_EXT,40:86:CB:27:D2:0C,-27, WPA2 ,0.000000,0.000000,0.000,0.000,AP
2026-05-06 17:38:24,1900-01-00 00:00:00,,9C:2F:9D:82:20:A3,-29,,0.000000,0.000000,0.000,0.000,Client
2026-05-06 17:38:24,1900-01-00 00:00:00,dlink-615_EXT,40:86:CB:27:D2:0C,-23, WPA2 ,0.000000,0.000000,0.000,0.000,AP
2026-05-06 17:38:24,1900-01-00 00:00:00,,9C:2F:9D:82:20:A3,-31,,0.000000,0.000000,0.000,0.000,Client
2026-05-06 17:38:24,1900-01-00 00:00:00,dlink-615_EXT,40:86:CB:27:D2:0C,-25, WPA2 ,0.000000,0.000000,0.000,0.000,AP
2026-05-06 17:38:24,1900-01-00 00:00:00,dlink-615_EXT,40:86:CB:27:D2:0C,-23, WPA2 ,0.000000,0.000000,0.000,0.000,AP
2026-05-06 17:38:24,1900-01-00 00:00:00,dlink-615_EXT,40:86:CB:27:D2:0C,-25, WPA2 ,0.000000,0.000000,0.000,0.000,AP
2026-05-06 17:38:24,1900-01-00 00:00:00,,9C:2F:9D:82:20:A3,-33,,0.000000,0.000000,0.000,0.000,Client
2026-05-06 17:38:24,1900-01-00 00:00:00,,9C:2F:9D:82:20:A3,-31,,0.000000,0.000000,0.000,0.000,Client
2026-05-06 17:38:24,1900-01-00 00:00:00,,9C:2F:9D:82:20:A3,-33,,0.000000,0.000000,0.000,0.000,Client
2026-05-06 17:38:24,1900-01-00 00:00:00,,9C:2F:9D:82:20:A3,-33,,0.000000,0.000000,0.000,0.000,Client
2026-05-06 17:38:24,1900-01-00 00:00:00,dlink-615_EXT,40:86:CB:27:D2:0C,-25, WPA2 ,0.000000,0.000000,0.000,0.000,AP
2026-05-06 17:38:24,1900-01-00 00:00:00,,9C:2F:9D:82:20:A3,-33,,0.000000,0.000000,0.000,0.000,Client
2026-05-06 17:38:24,1900-01-00 00:00:00,,9C:2F:9D:82:20:A3,-33,,0.000000,0.000000,0.000,0.000,Client
2026-05-06 17:38:24,1900-01-00 00:00:00,dlink-615_EXT,40:86:CB:27:D2:0C,-25, WPA2 ,0.000000,0.000000,0.000,0.000,AP
2026-05-06 17:38:24,1900-01-00 00:00:00,dlink-615_EXT,40:86:CB:27:D2:0C,-25, WPA2 ,0.000000,0.000000,0.000,0.000,AP
2026-05-06 17:38:24,1900-01-00 00:00:00,,9C:2F:9D:82:20:A3,-33,,0.000000,0.000000,0.000,0.000,Client
2026-05-06 17:38:24,1900-01-00 00:00:00,dlink-615_EXT,40:86:CB:27:D2:0C,-25, WPA2 ,0.000000,0.000000,0.000,0.000,AP
2026-05-06 17:38:24,1900-01-00 00:00:00,,D2:6F:12:2F:DE:3D,-20,,0.000000,0.000000,0.000,0.000,Client
2026-05-06 17:38:24,1900-01-00 00:00:00,,D2:6F:12:2F:DE:3D,-21,,0.000000,0.000000,0.000,0.000,Client
2026-05-06 17:38:24,1900-01-00 00:00:00,,D2:6F:12:2F:DE:3D,-18,,0.000000,0.000000,0.000,0.000,Client
2026-05-06 17:38:24,1900-01-00 00:00:00,,D2:6F:12:2F:DE:3D,-22,,0.000000,0.000000,0.000,0.000,Client
2026-05-06 17:38:24,1900-01-00 00:00:00,,D2:6F:12:2F:DE:3D,-21,,0.000000,0.000000,0.000,0.000,Client
2026-05-06 17:38:24,1900-01-00 00:00:00,,D2:6F:12:2F:DE:3D,-19,,0.000000,0.000000,0.000,0.000,Client
2026-05-06 17:38:24,1900-01-00 00:00:00,dlink-615_EXT,40:86:CB:27:D2:0C,-23, WPA2 ,0.000000,0.000000,0.000,0.000,AP
2026-05-06 17:38:25,1900-01-00 00:00:00,dlink-615_EXT,40:86:CB:27:D2:0C,-23, WPA2 ,0.000000,0.000000,0.000,0.000,AP
2026-05-06 17:38:25,1900-01-00 00:00:00,dlink-615_EXT,40:86:CB:27:D2:0C,-23, WPA2 ,0.000000,0.000000,0.000,0.000,AP
2026-05-06 17:38:25,1900-01-00 00:00:00,dlink-615_EXT,40:86:CB:27:D2:0C,-25, WPA2 ,0.000000,0.000000,0.000,0.000,AP
2026-05-06 17:38:25,1900-01-00 00:00:00,dlink-615_EXT,40:86:CB:27:D2:0C,-25, WPA2 ,0.000000,0.000000,0.000,0.000,AP
2026-05-06 17:38:25,1900-01-00 00:00:00,dlink-615_EXT,40:86:CB:27:D2:0C,-25, WPA2 ,0.000000,0.000000,0.000,0.000,AP
2026-05-06 17:38:25,1900-01-00 00:00:00,dlink-615_EXT,40:86:CB:27:D2:0C,-23, WPA2 ,0.000000,0.000000,0.000,0.000,AP
2026-05-06 17:38:25,1900-01-00 00:00:00,dlink-615_EXT,40:86:CB:27:D2:0C,-25, WPA2 ,0.000000,0.000000,0.000,0.000,AP
2026-05-06 17:38:25,1900-01-00 00:00:00,dlink-615_EXT,40:86:CB:27:D2:0C,-25, WPA2 ,0.000000,0.000000,0.000,0.000,AP
2026-05-06 17:38:25,1900-01-00 00:00:00,dlink-615_EXT,40:86:CB:27:D2:0C,-25, WPA2 ,0.000000,0.000000,0.000,0.000,AP
2026-05-06 17:38:25,1900-01-00 00:00:00,,9C:2F:9D:82:20:A3,-35,,0.000000,0.000000,0.000,0.000,Client
2026-05-06 17:38:25,1900-01-00 00:00:00,dlink-615_EXT,40:86:CB:27:D2:0C,-23, WPA2 ,0.000000,0.000000,0.000,0.000,AP
2026-05-06 17:38:25,1900-01-00 00:00:00,,9C:2F:9D:82:20:A3,-33,,0.000000,0.000000,0.000,0.000,Client
2026-05-06 17:38:25,1900-01-00 00:00:00,dlink-615_EXT,40:86:CB:27:D2:0C,-25, WPA2 ,0.000000,0.000000,0.000,0.000,AP
2026-05-06 17:38:25,1900-01-00 00:00:00,dlink-615_EXT,40:86:CB:27:D2:0C,-21, WPA2 ,0.000000,0.000000,0.000,0.000,AP
2026-05-06 17:38:26,1900-01-00 00:00:00,dlink-615_EXT,40:86:CB:27:D2:0C,-23, WPA2 ,0.000000,0.000000,0.000,0.000,AP
2026-05-06 17:38:26,1900-01-00 00:00:00,dlink-615_EXT,40:86:CB:27:D2:0C,-23, WPA2 ,0.000000,0.000000,0.000,0.000,AP
2026-05-06 17:38:26,1900-01-00 00:00:00,dlink-615_EXT,40:86:CB:27:D2:0C,-25, WPA2 ,0.000000,0.000000,0.000,0.000,AP
2026-05-06 17:38:26,1900-01-00 00:00:00,dlink-615_EXT,40:86:CB:27:D2:0C,-25, WPA2 ,0.000000,0.000000,0.000,0.000,AP
2026-05-06 17:38:26,1900-01-00 00:00:00,dlink-615_EXT,40:86:CB:27:D2:0C,-25, WPA2 ,0.000000,0.000000,0.000,0.000,AP
2026-05-06 17:38:26,1900-01-00 00:00:00,dlink-615_EXT,40:86:CB:27:D2:0C,-25, WPA2 ,0.000000,0.000000,0.000,0.000,AP
2026-05-06 17:38:26,1900-01-00 00:00:00,,9C:2F:9D:82:20:A3,-29,,0.000000,0.000000,0.000,0.000,Client
2026-05-06 17:38:26,1900-01-00 00:00:00,dlink-615_EXT,40:86:CB:27:D2:0C,-25, WPA2 ,0.000000,0.000000,0.000,0.000,AP
2026-05-06 17:38:26,1900-01-00 00:00:00,,9C:2F:9D:82:20:A3,-25,,0.000000,0.000000,0.000,0.000,Client
2026-05-06 17:38:26,1900-01-00 00:00:00,dlink-615_EXT,40:86:CB:27:D2:0C,-27, WPA2 ,0.000000,0.000000,0.000,0.000,AP
2026-05-06 17:38:26,1900-01-00 00:00:00,dlink-615_EXT,40:86:CB:27:D2:0C,-27, WPA2 ,0.000000,0.000000,0.000,0.000,AP
2026-05-06 17:38:26,1900-01-00 00:00:00,dlink-615_EXT,40:86:CB:27:D2:0C,-25, WPA2 ,0.000000,0.000000,0.000,0.000,AP
2026-05-06 17:38:27,1900-01-00 00:00:00,,D2:6F:12:2F:DE:3D,-47,,0.000000,0.000000,0.000,0.000,Client
2026-05-06 17:38:27,1900-01-00 00:00:00,dlink-615_EXT,40:86:CB:27:D2:0C,-25, WPA2 ,0.000000,0.000000,0.000,0.000,AP
2026-05-06 17:38:27,1900-01-00 00:00:00,,D2:6F:12:2F:DE:3D,-39,,0.000000,0.000000,0.000,0.000,Client
2026-05-06 17:38:27,1900-01-00 00:00:00,,D2:6F:12:2F:DE:3D,-39,,0.000000,0.000000,0.000,0.000,Client
2026-05-06 17:38:27,1900-01-00 00:00:00,,D2:6F:12:2F:DE:3D,-39,,0.000000,0.000000,0.000,0.000,Client
2026-05-06 17:38:27,1900-01-00 00:00:00,,D2:6F:12:2F:DE:3D,-40,,0.000000,0.000000,0.000,0.000,Client
2026-05-06 17:38:27,1900-01-00 00:00:00,,D2:6F:12:2F:DE:3D,-39,,0.000000,0.000000,0.000,0.000,Client
2026-05-06 17:38:27,1900-01-00 00:00:00,dlink-615_EXT,40:86:CB:27:D2:0C,-27, WPA2 ,0.000000,0.000000,0.000,0.000,AP
2026-05-06 17:38:27,1900-01-00 00:00:00,,D2:6F:12:2F:DE:3D,-39,,0.000000,0.000000,0.000,0.000,Client
2026-05-06 17:38:27,1900-01-00 00:00:00,dlink-615_EXT,40:86:CB:27:D2:0C,-27, WPA2 ,0.000000,0.000000,0.000,0.000,AP
2026-05-06 17:38:27,1900-01-00 00:00:00,,D2:6F:12:2F:DE:3D,-38,,0.000000,0.000000,0.000,0.000,Client
2026-05-06 17:38:27,1900-01-00 00:00:00,,D2:6F:12:2F:DE:3D,-35,,0.000000,0.000000,0.000,0.000,Client
2026-05-06 17:38:27,1900-01-00 00:00:00,dlink-615_EXT,40:86:CB:27:D2:0C,-25, WPA2 ,0.000000,0.000000,0.000,0.000,AP
2026-05-06 17:38:27,1900-01-00 00:00:00,,D2:6F:12:2F:DE:3D,-34,,0.000000,0.000000,0.000,0.000,Client
2026-05-06 17:38:27,1900-01-00 00:00:00,dlink-615_EXT,40:86:CB:27:D2:0C,-25, WPA2 ,0.000000,0.000000,0.000,0.000,AP
2026-05-06 17:38:27,1900-01-00 00:00:00,dlink-615_EXT,40:86:CB:27:D2:0C,-25, WPA2 ,0.000000,0.000000,0.000,0.000,AP
2026-05-06 17:38:27,1900-01-00 00:00:00,,9C:2F:9D:82:20:A3,-27,,0.000000,0.000000,0.000,0.000,Client
2026-05-06 17:38:27,1900-01-00 00:00:00,dlink-615_EXT,40:86:CB:27:D2:0C,-25, WPA2 ,0.000000,0.000000,0.000,0.000,AP
2026-05-06 17:38:27,1900-01-00 00:00:00,,9C:2F:9D:82:20:A3,-27,,0.000000,0.000000,0.000,0.000,Client
2026-05-06 17:38:27,1900-01-00 00:00:00,dlink-615_EXT,40:86:CB:27:D2:0C,-29, WPA2 ,0.000000,0.000000,0.000,0.000,AP
2026-05-06 17:38:27,1900-01-00 00:00:00,dlink-615_EXT,40:86:CB:27:D2:0C,-25, WPA2 ,0.000000,0.000000,0.000,0.000,AP
2026-05-06 17:38:28,1900-01-00 00:00:00,dlink-615_EXT,40:86:CB:27:D2:0C,-27, WPA2 ,0.000000,0.000000,0.000,0.000,AP
2026-05-06 17:38:28,1900-01-00 00:00:00,dlink-615_EXT,40:86:CB:27:D2:0C,-25, WPA2 ,0.000000,0.000000,0.000,0.000,AP
2026-05-06 17:38:28,1900-01-00 00:00:00,dlink-615_EXT,40:86:CB:27:D2:0C,-25, WPA2 ,0.000000,0.000000,0.000,0.000,AP
2026-05-06 17:38:28,1900-01-00 00:00:00,dlink-615_EXT,40:86:CB:27:D2:0C,-25, WPA2 ,0.000000,0.000000,0.000,0.000,AP
2026-05-06 17:38:28,1900-01-00 00:00:00,dlink-615_EXT,40:86:CB:27:D2:0C,-25, WPA2 ,0.000000,0.000000,0.000,0.000,AP
2026-05-06 17:38:28,1900-01-00 00:00:00,dlink-615_EXT,40:86:CB:27:D2:0C,-25, WPA2 ,0.000000,0.000000,0.000,0.000,AP
2026-05-06 17:38:28,1900-01-00 00:00:00,,D2:6F:12:2F:DE:3D,-38,,0.000000,0.000000,0.000,0.000,Client
2026-05-06 17:38:28,1900-01-00 00:00:00,,D2:6F:12:2F:DE:3D,-38,,0.000000,0.000000,0.000,0.000,Client
2026-05-06 17:38:28,1900-01-00 00:00:00,dlink-615_EXT,40:86:CB:27:D2:0C,-27, WPA2 ,0.000000,0.000000,0.000,0.000,AP
2026-05-06 17:38:28,1900-01-00 00:00:00,dlink-615_EXT,40:86:CB:27:D2:0C,-27, WPA2 ,0.000000,0.000000,0.000,0.000,AP
2026-05-06 17:38:28,1900-01-00 00:00:00,,D2:6F:12:2F:DE:3D,-36,,0.000000,0.000000,0.000,0.000,Client
2026-05-06 17:38:28,1900-01-00 00:00:00,,D2:6F:12:2F:DE:3D,-36,,0.000000,0.000000,0.000,0.000,Client
2026-05-06 17:38:28,1900-01-00 00:00:00,,9C:2F:9D:82:20:A3,-29,,0.000000,0.000000,0.000,0.000,Client
2026-05-06 17:38:28,1900-01-00 00:00:00,dlink-615_EXT,40:86:CB:27:D2:0C,-25, WPA2 ,0.000000,0.000000,0.000,0.000,AP
2026-05-06 17:38:28,1900-01-00 00:00:00,,D2:6F:12:2F:DE:3D,-39,,0.000000,0.000000,0.000,0.000,Client
2026-05-06 17:38:28,1900-01-00 00:00:00,,D2:6F:12:2F:DE:3D,-38,,0.000000,0.000000,0.000,0.000,Client
2026-05-06 17:38:28,1900-01-00 00:00:00,,D2:6F:12:2F:DE:3D,-38,,0.000000,0.000000,0.000,0.000,Client
2026-05-06 17:38:28,1900-01-00 00:00:00,dlink-615_EXT,40:86:CB:27:D2:0C,-25, WPA2 ,0.000000,0.000000,0.000,0.000,AP
2026-05-06 17:38:29,1900-01-00 00:00:00,dlink-615_EXT,40:86:CB:27:D2:0C,-25, WPA2 ,0.000000,0.000000,0.000,0.000,AP
2026-05-06 17:38:29,1900-01-00 00:00:00,,D2:6F:12:2F:DE:3D,-39,,0.000000,0.000000,0.000,0.000,Client
2026-05-06 17:38:29,1900-01-00 00:00:00,,D2:6F:12:2F:DE:3D,-39,,0.000000,0.000000,0.000,0.000,Client
2026-05-06 17:38:29,1900-01-00 00:00:00,,D2:6F:12:2F:DE:3D,-39,,0.000000,0.000000,0.000,0.000,Client
2026-05-06 17:38:29,1900-01-00 00:00:00,dlink-615_EXT,40:86:CB:27:D2:0C,-25, WPA2 ,0.000000,0.000000,0.000,0.000,AP
2026-05-06 17:38:29,1900-01-00 00:00:00,,D2:6F:12:2F:DE:3D,-40,,0.000000,0.000000,0.000,0.000,Client
2026-05-06 17:38:29,1900-01-00 00:00:00,dlink-615_EXT,40:86:CB:27:D2:0C,-27, WPA2 ,0.000000,0.000000,0.000,0.000,AP
2026-05-06 17:38:29,1900-01-00 00:00:00,dlink-615_EXT,40:86:CB:27:D2:0C,-27, WPA2 ,0.000000,0.000000,0.000,0.000,AP
2026-05-06 17:38:29,1900-01-00 00:00:00,dlink-615_EXT,40:86:CB:27:D2:0C,-25, WPA2 ,0.000000,0.000000,0.000,0.000,AP
2026-05-06 17:38:29,1900-01-00 00:00:00,dlink-615_EXT,40:86:CB:27:D2:0C,-25, WPA2 ,0.000000,0.000000,0.000,0.000,AP
2026-05-06 17:38:29,1900-01-00 00:00:00,dlink-615_EXT,40:86:CB:27:D2:0C,-25, WPA2 ,0.000000,0.000000,0.000,0.000,AP
2026-05-06 17:38:29,1900-01-00 00:00:00,dlink-615_EXT,40:86:CB:27:D2:0C,-25, WPA2 ,0.000000,0.000000,0.000,0.000,AP
2026-05-06 17:38:29,1900-01-00 00:00:00,,9C:2F:9D:82:20:A3,-29,,0.000000,0.000000,0.000,0.000,Client
2026-05-06 17:38:29,1900-01-00 00:00:00,,9C:2F:9D:82:20:A3,-27,,0.000000,0.000000,0.000,0.000,Client
2026-05-06 17:38:29,1900-01-00 00:00:00,dlink-615_EXT,40:86:CB:27:D2:0C,-23, WPA2 ,0.000000,0.000000,0.000,0.000,AP
2026-05-06 17:38:29,1900-01-00 00:00:00,,9C:2F:9D:82:20:A3,-29,,0.000000,0.000000,0.000,0.000,Client
2026-05-06 17:38:29,1900-01-00 00:00:00,dlink-615_EXT,40:86:CB:27:D2:0C,-25, WPA2 ,0.000000,0.000000,0.000,0.000,AP
2026-05-06 17:38:29,1900-01-00 00:00:00,dlink-615_EXT,40:86:CB:27:D2:0C,-25, WPA2 ,0.000000,0.000000,0.000,0.000,AP
2026-05-06 17:38:30,1900-01-00 00:00:00,dlink-615_EXT,40:86:CB:27:D2:0C,-25, WPA2 ,0.000000,0.000000,0.000,0.000,AP
2026-05-06 17:38:30,1900-01-00 00:00:00,dlink-615_EXT,40:86:CB:27:D2:0C,-25, WPA2 ,0.000000,0.000000,0.000,0.000,AP
2026-05-06 17:38:30,1900-01-00 00:00:00,dlink-615_EXT,40:86:CB:27:D2:0C,-25, WPA2 ,0.000000,0.000000,0.000,0.000,AP
2026-05-06 17:38:30,1900-01-00 00:00:00,,D2:6F:12:2F:DE:3D,-39,,0.000000,0.000000,0.000,0.000,Client
2026-05-06 17:38:30,1900-01-00 00:00:00,,D2:6F:12:2F:DE:3D,-39,,0.000000,0.000000,0.000,0.000,Client
2026-05-06 17:38:30,1900-01-00 00:00:00,dlink-615_EXT,40:86:CB:27:D2:0C,-25, WPA2 ,0.000000,0.000000,0.000,0.000,AP
2026-05-06 17:38:30,1900-01-00 00:00:00,,D2:6F:12:2F:DE:3D,-38,,0.000000,0.000000,0.000,0.000,Client
2026-05-06 17:38:30,1900-01-00 00:00:00,,D2:6F:12:2F:DE:3D,-37,,0.000000,0.000000,0.000,0.000,Client
2026-05-06 17:38:30,1900-01-00 00:00:00,,9C:2F:9D:82:20:A3,-27,,0.000000,0.000000,0.000,0.000,Client
2026-05-06 17:38:30,1900-01-00 00:00:00,dlink-615_EXT,40:86:CB:27:D2:0C,-27, WPA2 ,0.000000,0.000000,0.000,0.000,AP
2026-05-06 17:38:30,1900-01-00 00:00:00,dlink-615_EXT,40:86:CB:27:D2:0C,-25, WPA2 ,0.000000,0.000000,0.000,0.000,AP
2026-05-06 17:38:30,1900-01-00 00:00:00,,9C:2F:9D:82:20:A3,-25,,0.000000,0.000000,0.000,0.000,Client
2026-05-06 17:38:30,1900-01-00 00:00:00,,D2:6F:12:2F:DE:3D,-40,,0.000000,0.000000,0.000,0.000,Client
2026-05-06 17:38:30,1900-01-00 00:00:00,dlink-615_EXT,40:86:CB:27:D2:0C,-23, WPA2 ,0.000000,0.000000,0.000,0.000,AP
2026-05-06 17:38:30,1900-01-00 00:00:00,,D2:6F:12:2F:DE:3D,-43,,0.000000,0.000000,0.000,0.000,Client
2026-05-06 17:38:30,1900-01-00 00:00:00,,D2:6F:12:2F:DE:3D,-43,,0.000000,0.000000,0.000,0.000,Client
2026-05-06 17:38:30,1900-01-00 00:00:00,dlink-615_EXT,40:86:CB:27:D2:0C,-25, WPA2 ,0.000000,0.000000,0.000,0.000,AP
2026-05-06 17:38:31,1900-01-00 00:00:00,dlink-615_EXT,40:86:CB:27:D2:0C,-23, WPA2 ,0.000000,0.000000,0.000,0.000,AP
2026-05-06 17:38:31,1900-01-00 00:00:00,,D2:6F:12:2F:DE:3D,-43,,0.000000,0.000000,0.000,0.000,Client
2026-05-06 17:38:31,1900-01-00 00:00:00,dlink-615_EXT,40:86:CB:27:D2:0C,-23, WPA2 ,0.000000,0.000000,0.000,0.000,AP
2026-05-06 17:38:31,1900-01-00 00:00:00,,D2:6F:12:2F:DE:3D,-48,,0.000000,0.000000,0.000,0.000,Client
2026-05-06 17:38:31,1900-01-00 00:00:00,,D2:6F:12:2F:DE:3D,-44,,0.000000,0.000000,0.000,0.000,Client
2026-05-06 17:38:31,1900-01-00 00:00:00,,D2:6F:12:2F:DE:3D,-43,,0.000000,0.000000,0.000,0.000,Client
2026-05-06 17:38:31,1900-01-00 00:00:00,dlink-615_EXT,40:86:CB:27:D2:0C,-23, WPA2 ,0.000000,0.000000,0.000,0.000,AP
2026-05-06 17:38:31,1900-01-00 00:00:00,,D2:6F:12:2F:DE:3D,-43,,0.000000,0.000000,0.000,0.000,Client
2026-05-06 17:38:31,1900-01-00 00:00:00,dlink-615_EXT,40:86:CB:27:D2:0C,-25, WPA2 ,0.000000,0.000000,0.000,0.000,AP
2026-05-06 17:38:31,1900-01-00 00:00:00,,D2:6F:12:2F:DE:3D,-41,,0.000000,0.000000,0.000,0.000,Client
2026-05-06 17:38:31,1900-01-00 00:00:00,,D2:6F:12:2F:DE:3D,-43,,0.000000,0.000000,0.000,0.000,Client
2026-05-06 17:38:31,1900-01-00 00:00:00,dlink-615_EXT,40:86:CB:27:D2:0C,-27, WPA2 ,0.000000,0.000000,0.000,0.000,AP
2026-05-06 17:38:31,1900-01-00 00:00:00,,D2:6F:12:2F:DE:3D,-42,,0.000000,0.000000,0.000,0.000,Client
2026-05-06 17:38:31,1900-01-00 00:00:00,,D2:6F:12:2F:DE:3D,-45,,0.000000,0.000000,0.000,0.000,Client
2026-05-06 17:38:31,1900-01-00 00:00:00,,D2:6F:12:2F:DE:3D,-44,,0.000000,0.000000,0.000,0.000,Client
2026-05-06 17:38:31,1900-01-00 00:00:00,,D2:6F:12:2F:DE:3D,-45,,0.000000,0.000000,0.000,0.000,Client
2026-05-06 17:38:31,1900-01-00 00:00:00,,9C:2F:9D:82:20:A3,-27,,0.000000,0.000000,0.000,0.000,Client
2026-05-06 17:38:31,1900-01-00 00:00:00,,9C:2F:9D:82:20:A3,-25,,0.000000,0.000000,0.000,0.000,Client
2026-05-06 17:38:31,1900-01-00 00:00:00,dlink-615_EXT,40:86:CB:27:D2:0C,-25, WPA2 ,0.000000,0.000000,0.000,0.000,AP
2026-05-06 17:38:31,1900-01-00 00:00:00,dlink-615_EXT,40:86:CB:27:D2:0C,-25, WPA2 ,0.000000,0.000000,0.000,0.000,AP
2026-05-06 17:38:32,1900-01-00 00:00:00,dlink-615_EXT,40:86:CB:27:D2:0C,-27, WPA2 ,0.000000,0.000000,0.000,0.000,AP
2026-05-06 17:38:32,1900-01-00 00:00:00,,D2:6F:12:2F:DE:3D,-41,,0.000000,0.000000,0.000,0.000,Client
2026-05-06 17:38:32,1900-01-00 00:00:00,,D2:6F:12:2F:DE:3D,-40,,0.000000,0.000000,0.000,0.000,Client
2026-05-06 17:38:32,1900-01-00 00:00:00,,D2:6F:12:2F:DE:3D,-40,,0.000000,0.000000,0.000,0.000,Client
2026-05-06 17:38:32,1900-01-00 00:00:00,,D2:6F:12:2F:DE:3D,-41,,0.000000,0.000000,0.000,0.000,Client
2026-05-06 17:38:32,1900-01-00 00:00:00,dlink-615_EXT,40:86:CB:27:D2:0C,-25, WPA2 ,0.000000,0.000000,0.000,0.000,AP
2026-05-06 17:38:32,1900-01-00 00:00:00,dlink-615_EXT,40:86:CB:27:D2:0C,-27, WPA2 ,0.000000,0.000000,0.000,0.000,AP
2026-05-06 17:38:32,1900-01-00 00:00:00,dlink-615_EXT,40:86:CB:27:D2:0C,-25, WPA2 ,0.000000,0.000000,0.000,0.000,AP
2026-05-06 17:38:32,1900-01-00 00:00:00,,D2:6F:12:2F:DE:3D,-41,,0.000000,0.000000,0.000,0.000,Client
2026-05-06 17:38:32,1900-01-00 00:00:00,,D2:6F:12:2F:DE:3D,-41,,0.000000,0.000000,0.000,0.000,Client
2026-05-06 17:38:32,1900-01-00 00:00:00,,D2:6F:12:2F:DE:3D,-41,,0.000000,0.000000,0.000,0.000,Client
2026-05-06 17:38:32,1900-01-00 00:00:00,,D2:6F:12:2F:DE:3D,-41,,0.000000,0.000000,0.000,0.000,Client
2026-05-06 17:38:32,1900-01-00 00:00:00,dlink-615_EXT,40:86:CB:27:D2:0C,-25, WPA2 ,0.000000,0.000000,0.000,0.000,AP
2026-05-06 17:38:32,1900-01-00 00:00:00,,D2:6F:12:2F:DE:3D,-42,,0.000000,0.000000,0.000,0.000,Client
2026-05-06 17:38:32,1900-01-00 00:00:00,,D2:6F:12:2F:DE:3D,-42,,0.000000,0.000000,0.000,0.000,Client
2026-05-06 17:38:32,1900-01-00 00:00:00,dlink-615_EXT,40:86:CB:27:D2:0C,-25, WPA2 ,0.000000,0.000000,0.000,0.000,AP
2026-05-06 17:38:32,1900-01-00 00:00:00,,9C:2F:9D:82:20:A3,-29,,0.000000,0.000000,0.000,0.000,Client
2026-05-06 17:38:32,1900-01-00 00:00:00,dlink-615_EXT,40:86:CB:27:D2:0C,-25, WPA2 ,0.000000,0.000000,0.000,0.000,AP
2026-05-06 17:38:32,1900-01-00 00:00:00,,9C:2F:9D:82:20:A3,-29,,0.000000,0.000000,0.000,0.000,Client
2026-05-06 17:38:32,1900-01-00 00:00:00,dlink-615_EXT,40:86:CB:27:D2:0C,-25, WPA2 ,0.000000,0.000000,0.000,0.000,AP
2026-05-06 17:38:32,1900-01-00 00:00:00,dlink-615_EXT,40:86:CB:27:D2:0C,-25, WPA2 ,0.000000,0.000000,0.000,0.000,AP
2026-05-06 17:38:33,1900-01-00 00:00:00,dlink-615_EXT,40:86:CB:27:D2:0C,-29, WPA2 ,0.000000,0.000000,0.000,0.000,AP
2026-05-06 17:38:33,1900-01-00 00:00:00,,D2:6F:12:2F:DE:3D,-42,,0.000000,0.000000,0.000,0.000,Client
2026-05-06 17:38:33,1900-01-00 00:00:00,,D2:6F:12:2F:DE:3D,-43,,0.000000,0.000000,0.000,0.000,Client
2026-05-06 17:38:33,1900-01-00 00:00:00,,D2:6F:12:2F:DE:3D,-40,,0.000000,0.000000,0.000,0.000,Client
2026-05-06 17:38:33,1900-01-00 00:00:00,,D2:6F:12:2F:DE:3D,-42,,0.000000,0.000000,0.000,0.000,Client
2026-05-06 17:38:33,1900-01-00 00:00:00,,D2:6F:12:2F:DE:3D,-40,,0.000000,0.000000,0.000,0.000,Client
2026-05-06 17:38:33,1900-01-00 00:00:00,,D2:6F:12:2F:DE:3D,-41,,0.000000,0.000000,0.000,0.000,Client
2026-05-06 17:38:33,1900-01-00 00:00:00,,D2:6F:12:2F:DE:3D,-39,,0.000000,0.000000,0.000,0.000,Client
2026-05-06 17:38:33,1900-01-00 00:00:00,,D2:6F:12:2F:DE:3D,-39,,0.000000,0.000000,0.000,0.000,Client
2026-05-06 17:38:33,1900-01-00 00:00:00,,D2:6F:12:2F:DE:3D,-39,,0.000000,0.000000,0.000,0.000,Client
2026-05-06 17:38:33,1900-01-00 00:00:00,,D2:6F:12:2F:DE:3D,-40,,0.000000,0.000000,0.000,0.000,Client
2026-05-06 17:38:33,1900-01-00 00:00:00,dlink-615_EXT,40:86:CB:27:D2:0C,-27, WPA2 ,0.000000,0.000000,0.000,0.000,AP
2026-05-06 17:38:33,1900-01-00 00:00:00,dlink-615_EXT,40:86:CB:27:D2:0C,-31, WPA2 ,0.000000,0.000000,0.000,0.000,AP
2026-05-06 17:38:33,1900-01-00 00:00:00,dlink-615_EXT,40:86:CB:27:D2:0C,-31, WPA2 ,0.000000,0.000000,0.000,0.000,AP
2026-05-06 17:38:33,1900-01-00 00:00:00,dlink-615_EXT,40:86:CB:27:D2:0C,-27, WPA2 ,0.000000,0.000000,0.000,0.000,AP
2026-05-06 17:38:33,1900-01-00 00:00:00,dlink-615_EXT,40:86:CB:27:D2:0C,-31, WPA2 ,0.000000,0.000000,0.000,0.000,AP
2026-05-06 17:38:33,1900-01-00 00:00:00,dlink-615_EXT,40:86:CB:27:D2:0C,-31, WPA2 ,0.000000,0.000000,0.000,0.000,AP
2026-05-06 17:38:33,1900-01-00 00:00:00,,9C:2F:9D:82:20:A3,-33,,0.000000,0.000000,0.000,0.000,Client
2026-05-06 17:38:33,1900-01-00 00:00:00,dlink-615_EXT,40:86:CB:27:D2:0C,-29, WPA2 ,0.000000,0.000000,0.000,0.000,AP
2026-05-06 17:38:33,1900-01-00 00:00:00,,9C:2F:9D:82:20:A3,-31,,0.000000,0.000000,0.000,0.000,Client
2026-05-06 17:38:33,1900-01-00 00:00:00,dlink-615_EXT,40:86:CB:27:D2:0C,-25, WPA2 ,0.000000,0.000000,0.000,0.000,AP
2026-05-06 17:38:33,1900-01-00 00:00:00,dlink-615_EXT,40:86:CB:27:D2:0C,-27, WPA2 ,0.000000,0.000000,0.000,0.000,AP
2026-05-06 17:38:34,1900-01-00 00:00:00,,D2:6F:12:2F:DE:3D,-41,,0.000000,0.000000,0.000,0.000,Client
2026-05-06 17:38:34,1900-01-00 00:00:00,,D2:6F:12:2F:DE:3D,-41,,0.000000,0.000000,0.000,0.000,Client
2026-05-06 17:38:34,1900-01-00 00:00:00,dlink-615_EXT,40:86:CB:27:D2:0C,-25, WPA2 ,0.000000,0.000000,0.000,0.000,AP
2026-05-06 17:38:34,1900-01-00 00:00:00,,D2:6F:12:2F:DE:3D,-42,,0.000000,0.000000,0.000,0.000,Client
2026-05-06 17:38:34,1900-01-00 00:00:00,,D2:6F:12:2F:DE:3D,-44,,0.000000,0.000000,0.000,0.000,Client
2026-05-06 17:38:34,1900-01-00 00:00:00,,D2:6F:12:2F:DE:3D,-41,,0.000000,0.000000,0.000,0.000,Client
2026-05-06 17:38:34,1900-01-00 00:00:00,,D2:6F:12:2F:DE:3D,-42,,0.000000,0.000000,0.000,0.000,Client
2026-05-06 17:38:34,1900-01-00 00:00:00,,D2:6F:12:2F:DE:3D,-41,,0.000000,0.000000,0.000,0.000,Client
2026-05-06 17:38:34,1900-01-00 00:00:00,dlink-615_EXT,40:86:CB:27:D2:0C,-29, WPA2 ,0.000000,0.000000,0.000,0.000,AP
2026-05-06 17:38:34,1900-01-00 00:00:00,,D2:6F:12:2F:DE:3D,-42,,0.000000,0.000000,0.000,0.000,Client
2026-05-06 17:38:34,1900-01-00 00:00:00,,D2:6F:12:2F:DE:3D,-44,,0.000000,0.000000,0.000,0.000,Client
2026-05-06 17:38:34,1900-01-00 00:00:00,,D2:6F:12:2F:DE:3D,-43,,0.000000,0.000000,0.000,0.000,Client
2026-05-06 17:38:34,1900-01-00 00:00:00,,D2:6F:12:2F:DE:3D,-42,,0.000000,0.000000,0.000,0.000,Client
2026-05-06 17:38:34,1900-01-00 00:00:00,,D2:6F:12:2F:DE:3D,-39,,0.000000,0.000000,0.000,0.000,Client
2026-05-06 17:38:34,1900-01-00 00:00:00,,D2:6F:12:2F:DE:3D,-41,,0.000000,0.000000,0.000,0.000,Client
2026-05-06 17:38:34,1900-01-00 00:00:00,,D2:6F:12:2F:DE:3D,-41,,0.000000,0.000000,0.000,0.000,Client
2026-05-06 17:38:34,1900-01-00 00:00:00,dlink-615_EXT,40:86:CB:27:D2:0C,-25, WPA2 ,0.000000,0.000000,0.000,0.000,AP
2026-05-06 17:38:34,1900-01-00 00:00:00,dlink-615_EXT,40:86:CB:27:D2:0C,-27, WPA2 ,0.000000,0.000000,0.000,0.000,AP
2026-05-06 17:38:34,1900-01-00 00:00:00,dlink-615_EXT,40:86:CB:27:D2:0C,-29, WPA2 ,0.000000,0.000000,0.000,0.000,AP
2026-05-06 17:38:34,1900-01-00 00:00:00,dlink-615_EXT,40:86:CB:27:D2:0C,-29, WPA2 ,0.000000,0.000000,0.000,0.000,AP
2026-05-06 17:38:34,1900-01-00 00:00:00,dlink-615_EXT,40:86:CB:27:D2:0C,-29, WPA2 ,0.000000,0.000000,0.000,0.000,AP
2026-05-06 17:38:34,1900-01-00 00:00:00,,9C:2F:9D:82:20:A3,-29,,0.000000,0.000000,0.000,0.000,Client
2026-05-06 17:38:34,1900-01-00 00:00:00,dlink-615_EXT,40:86:CB:27:D2:0C,-29, WPA2 ,0.000000,0.000000,0.000,0.000,AP
2026-05-06 17:38:34,1900-01-00 00:00:00,dlink-615_EXT,40:86:CB:27:D2:0C,-31, WPA2 ,0.000000,0.000000,0.000,0.000,AP
2026-05-06 17:38:34,1900-01-00 00:00:00,,9C:2F:9D:82:20:A3,-29,,0.000000,0.000000,0.000,0.000,Client
2026-05-06 17:38:34,1900-01-00 00:00:00,dlink-615_EXT,40:86:CB:27:D2:0C,-31, WPA2 ,0.000000,0.000000,0.000,0.000,AP
2026-05-06 17:38:34,1900-01-00 00:00:00,dlink-615_EXT,40:86:CB:27:D2:0C,-31, WPA2 ,0.000000,0.000000,0.000,0.000,AP
2026-05-06 17:38:35,1900-01-00 00:00:00,dlink-615_EXT,40:86:CB:27:D2:0C,-27, WPA2 ,0.000000,0.000000,0.000,0.000,AP
2026-05-06 17:38:35,1900-01-00 00:00:00,,D2:6F:12:2F:DE:3D,-43,,0.000000,0.000000,0.000,0.000,Client
2026-05-06 17:38:35,1900-01-00 00:00:00,,D2:6F:12:2F:DE:3D,-43,,0.000000,0.000000,0.000,0.000,Client
2026-05-06 17:38:35,1900-01-00 00:00:00,dlink-615_EXT,40:86:CB:27:D2:0C,-31, WPA2 ,0.000000,0.000000,0.000,0.000,AP
2026-05-06 17:38:35,1900-01-00 00:00:00,dlink-615_EXT,40:86:CB:27:D2:0C,-27, WPA2 ,0.000000,0.000000,0.000,0.000,AP
2026-05-06 17:38:35,1900-01-00 00:00:00,dlink-615_EXT,40:86:CB:27:D2:0C,-31, WPA2 ,0.000000,0.000000,0.000,0.000,AP
2026-05-06 17:38:35,1900-01-00 00:00:00,,9C:2F:9D:82:20:A3,-33,,0.000000,0.000000,0.000,0.000,Client
2026-05-06 17:38:35,1900-01-00 00:00:00,,9C:2F:9D:82:20:A3,-29,,0.000000,0.000000,0.000,0.000,Client
2026-05-06 17:38:35,1900-01-00 00:00:00,dlink-615_EXT,40:86:CB:27:D2:0C,-25, WPA2 ,0.000000,0.000000,0.000,0.000,AP
2026-05-06 17:38:35,1900-01-00 00:00:00,dlink-615_EXT,40:86:CB:27:D2:0C,-29, WPA2 ,0.000000,0.000000,0.000,0.000,AP
2026-05-06 17:38:36,1900-01-00 00:00:00,dlink-615_EXT,40:86:CB:27:D2:0C,-29, WPA2 ,0.000000,0.000000,0.000,0.000,AP
2026-05-06 17:38:36,1900-01-00 00:00:00,,D2:6F:12:2F:DE:3D,-37,,0.000000,0.000000,0.000,0.000,Client
2026-05-06 17:38:36,1900-01-00 00:00:00,dlink-615_EXT,40:86:CB:27:D2:0C,-27, WPA2 ,0.000000,0.000000,0.000,0.000,AP
2026-05-06 17:38:36,1900-01-00 00:00:00,,D2:6F:12:2F:DE:3D,-37,,0.000000,0.000000,0.000,0.000,Client
2026-05-06 17:38:36,1900-01-00 00:00:00,,D2:6F:12:2F:DE:3D,-35,,0.000000,0.000000,0.000,0.000,Client
2026-05-06 17:38:36,1900-01-00 00:00:00,,D2:6F:12:2F:DE:3D,-36,,0.000000,0.000000,0.000,0.000,Client
2026-05-06 17:38:36,1900-01-00 00:00:00,dlink-615_EXT,40:86:CB:27:D2:0C,-25, WPA2 ,0.000000,0.000000,0.000,0.000,AP
2026-05-06 17:38:36,1900-01-00 00:00:00,,D2:6F:12:2F:DE:3D,-36,,0.000000,0.000000,0.000,0.000,Client
2026-05-06 17:38:36,1900-01-00 00:00:00,dlink-615_EXT,40:86:CB:27:D2:0C,-25, WPA2 ,0.000000,0.000000,0.000,0.000,AP
2026-05-06 17:38:36,1900-01-00 00:00:00,,D2:6F:12:2F:DE:3D,-38,,0.000000,0.000000,0.000,0.000,Client
2026-05-06 17:38:36,1900-01-00 00:00:00,,D2:6F:12:2F:DE:3D,-35,,0.000000,0.000000,0.000,0.000,Client
2026-05-06 17:38:36,1900-01-00 00:00:00,,D2:6F:12:2F:DE:3D,-39,,0.000000,0.000000,0.000,0.000,Client
2026-05-06 17:38:36,1900-01-00 00:00:00,,D2:6F:12:2F:DE:3D,-38,,0.000000,0.000000,0.000,0.000,Client
2026-05-06 17:38:36,1900-01-00 00:00:00,,D2:6F:12:2F:DE:3D,-38,,0.000000,0.000000,0.000,0.000,Client
2026-05-06 17:38:36,1900-01-00 00:00:00,,D2:6F:12:2F:DE:3D,-36,,0.000000,0.000000,0.000,0.000,Client
2026-05-06 17:38:36,1900-01-00 00:00:00,dlink-615_EXT,40:86:CB:27:D2:0C,-25, WPA2 ,0.000000,0.000000,0.000,0.000,AP
2026-05-06 17:38:36,1900-01-00 00:00:00,,D2:6F:12:2F:DE:3D,-36,,0.000000,0.000000,0.000,0.000,Client
2026-05-06 17:38:36,1900-01-00 00:00:00,,D2:6F:12:2F:DE:3D,-38,,0.000000,0.000000,0.000,0.000,Client
2026-05-06 17:38:36,1900-01-00 00:00:00,dlink-615_EXT,40:86:CB:27:D2:0C,-29, WPA2 ,0.000000,0.000000,0.000,0.000,AP
2026-05-06 17:38:36,1900-01-00 00:00:00,,9C:2F:9D:82:20:A3,-29,,0.000000,0.000000,0.000,0.000,Client
2026-05-06 17:38:36,1900-01-00 00:00:00,dlink-615_EXT,40:86:CB:27:D2:0C,-25, WPA2 ,0.000000,0.000000,0.000,0.000,AP
2026-05-06 17:38:36,1900-01-00 00:00:00,,9C:2F:9D:82:20:A3,-29,,0.000000,0.000000,0.000,0.000,Client
2026-05-06 17:38:36,1900-01-00 00:00:00,dlink-615_EXT,40:86:CB:27:D2:0C,-27, WPA2 ,0.000000,0.000000,0.000,0.000,AP
2026-05-06 17:38:36,1900-01-00 00:00:00,dlink-615_EXT,40:86:CB:27:D2:0C,-25, WPA2 ,0.000000,0.000000,0.000,0.000,AP
2026-05-06 17:38:36,1900-01-00 00:00:00,dlink-615_EXT,40:86:CB:27:D2:0C,-25, WPA2 ,0.000000,0.000000,0.000,0.000,AP
2026-05-06 17:38:36,1900-01-00 00:00:00,dlink-615_EXT,40:86:CB:27:D2:0C,-27, WPA2 ,0.000000,0.000000,0.000,0.000,AP
2026-05-06 17:38:37,1900-01-00 00:00:00,dlink-615_EXT,40:86:CB:27:D2:0C,-25, WPA2 ,0.000000,0.000000,0.000,0.000,AP
2026-05-06 17:38:37,1900-01-00 00:00:00,,D2:6F:12:2F:DE:3D,-37,,0.000000,0.000000,0.000,0.000,Client
2026-05-06 17:38:37,1900-01-00 00:00:00,dlink-615_EXT,40:86:CB:27:D2:0C,-25, WPA2 ,0.000000,0.000000,0.000,0.000,AP
2026-05-06 17:38:37,1900-01-00 00:00:00,dlink-615_EXT,40:86:CB:27:D2:0C,-27, WPA2 ,0.000000,0.000000,0.000,0.000,AP
2026-05-06 17:38:37,1900-01-00 00:00:00,dlink-615_EXT,40:86:CB:27:D2:0C,-25, WPA2 ,0.000000,0.000000,0.000,0.000,AP
2026-05-06 17:38:37,1900-01-00 00:00:00,dlink-615_EXT,40:86:CB:27:D2:0C,-25, WPA2 ,0.000000,0.000000,0.000,0.000,AP
2026-05-06 17:38:37,1900-01-00 00:00:00,dlink-615_EXT,40:86:CB:27:D2:0C,-23, WPA2 ,0.000000,0.000000,0.000,0.000,AP
2026-05-06 17:38:37,1900-01-00 00:00:00,dlink-615_EXT,40:86:CB:27:D2:0C,-29, WPA2 ,0.000000,0.000000,0.000,0.000,AP
2026-05-06 17:38:37,1900-01-00 00:00:00,dlink-615_EXT,40:86:CB:27:D2:0C,-25, WPA2 ,0.000000,0.000000,0.000,0.000,AP
2026-05-06 17:38:37,1900-01-00 00:00:00,,9C:2F:9D:82:20:A3,-27,,0.000000,0.000000,0.000,0.000,Client
2026-05-06 17:38:37,1900-01-00 00:00:00,dlink-615_EXT,40:86:CB:27:D2:0C,-25, WPA2 ,0.000000,0.000000,0.000,0.000,AP
2026-05-06 17:38:37,1900-01-00 00:00:00,dlink-615_EXT,40:86:CB:27:D2:0C,-25, WPA2 ,0.000000,0.000000,0.000,0.000,AP
2026-05-06 17:38:38,1900-01-00 00:00:00,dlink-615_EXT,40:86:CB:27:D2:0C,-23, WPA2 ,0.000000,0.000000,0.000,0.000,AP
2026-05-06 17:38:38,1900-01-00 00:00:00,,D2:6F:12:2F:DE:3D,-37,,0.000000,0.000000,0.000,0.000,Client
2026-05-06 17:38:38,1900-01-00 00:00:00,,D2:6F:12:2F:DE:3D,-38,,0.000000,0.000000,0.000,0.000,Client
2026-05-06 17:38:38,1900-01-00 00:00:00,dlink-615_EXT,40:86:CB:27:D2:0C,-27, WPA2 ,0.000000,0.000000,0.000,0.000,AP
2026-05-06 17:38:38,1900-01-00 00:00:00,,D2:6F:12:2F:DE:3D,-40,,0.000000,0.000000,0.000,0.000,Client
2026-05-06 17:38:38,1900-01-00 00:00:00,,D2:6F:12:2F:DE:3D,-39,,0.000000,0.000000,0.000,0.000,Client
2026-05-06 17:38:38,1900-01-00 00:00:00,,D2:6F:12:2F:DE:3D,-37,,0.000000,0.000000,0.000,0.000,Client
2026-05-06 17:38:38,1900-01-00 00:00:00,,D2:6F:12:2F:DE:3D,-39,,0.000000,0.000000,0.000,0.000,Client
2026-05-06 17:38:38,1900-01-00 00:00:00,,D2:6F:12:2F:DE:3D,-37,,0.000000,0.000000,0.000,0.000,Client
2026-05-06 17:38:38,1900-01-00 00:00:00,,D2:6F:12:2F:DE:3D,-38,,0.000000,0.000000,0.000,0.000,Client
2026-05-06 17:38:38,1900-01-00 00:00:00,,D2:6F:12:2F:DE:3D,-37,,0.000000,0.000000,0.000,0.000,Client
2026-05-06 17:38:38,1900-01-00 00:00:00,,D2:6F:12:2F:DE:3D,-37,,0.000000,0.000000,0.000,0.000,Client
2026-05-06 17:38:38,1900-01-00 00:00:00,,D2:6F:12:2F:DE:3D,-37,,0.000000,0.000000,0.000,0.000,Client
2026-05-06 17:38:38,1900-01-00 00:00:00,,D2:6F:12:2F:DE:3D,-39,,0.000000,0.000000,0.000,0.000,Client
2026-05-06 17:38:38,1900-01-00 00:00:00,,D2:6F:12:2F:DE:3D,-39,,0.000000,0.000000,0.000,0.000,Client
2026-05-06 17:38:38,1900-01-00 00:00:00,,D2:6F:12:2F:DE:3D,-37,,0.000000,0.000000,0.000,0.000,Client
2026-05-06 17:38:38,1900-01-00 00:00:00,,D2:6F:12:2F:DE:3D,-39,,0.000000,0.000000,0.000,0.000,Client
2026-05-06 17:38:38,1900-01-00 00:00:00,dlink-615_EXT,40:86:CB:27:D2:0C,-25, WPA2 ,0.000000,0.000000,0.000,0.000,AP
2026-05-06 17:38:38,1900-01-00 00:00:00,,D2:6F:12:2F:DE:3D,-38,,0.000000,0.000000,0.000,0.000,Client
2026-05-06 17:38:38,1900-01-00 00:00:00,,D2:6F:12:2F:DE:3D,-36,,0.000000,0.000000,0.000,0.000,Client
2026-05-06 17:38:38,1900-01-00 00:00:00,dlink-615_EXT,40:86:CB:27:D2:0C,-25, WPA2 ,0.000000,0.000000,0.000,0.000,AP
2026-05-06 17:38:38,1900-01-00 00:00:00,,D2:6F:12:2F:DE:3D,-36,,0.000000,0.000000,0.000,0.000,Client
2026-05-06 17:38:38,1900-01-00 00:00:00,,D2:6F:12:2F:DE:3D,-36,,0.000000,0.000000,0.000,0.000,Client
2026-05-06 17:38:38,1900-01-00 00:00:00,,D2:6F:12:2F:DE:3D,-36,,0.000000,0.000000,0.000,0.000,Client
2026-05-06 17:38:38,1900-01-00 00:00:00,dlink-615_EXT,40:86:CB:27:D2:0C,-23, WPA2 ,0.000000,0.000000,0.000,0.000,AP
2026-05-06 17:38:38,1900-01-00 00:00:00,,9C:2F:9D:82:20:A3,-29,,0.000000,0.000000,0.000,0.000,Client
2026-05-06 17:38:38,1900-01-00 00:00:00,,9C:2F:9D:82:20:A3,-29,,0.000000,0.000000,0.000,0.000,Client
2026-05-06 17:38:38,1900-01-00 00:00:00,dlink-615_EXT,40:86:CB:27:D2:0C,-25, WPA2 ,0.000000,0.000000,0.000,0.000,AP
2026-05-06 17:38:38,1900-01-00 00:00:00,dlink-615_EXT,40:86:CB:27:D2:0C,-29, WPA2 ,0.000000,0.000000,0.000,0.000,AP
2026-05-06 17:38:39,1900-01-00 00:00:00,dlink-615_EXT,40:86:CB:27:D2:0C,-27, WPA2 ,0.000000,0.000000,0.000,0.000,AP
2026-05-06 17:38:39,1900-01-00 00:00:00,,D2:6F:12:2F:DE:3D,-37,,0.000000,0.000000,0.000,0.000,Client
2026-05-06 17:38:39,1900-01-00 00:00:00,,D2:6F:12:2F:DE:3D,-35,,0.000000,0.000000,0.000,0.000,Client
2026-05-06 17:38:39,1900-01-00 00:00:00,,D2:6F:12:2F:DE:3D,-37,,0.000000,0.000000,0.000,0.000,Client
2026-05-06 17:38:39,1900-01-00 00:00:00,dlink-615_EXT,40:86:CB:27:D2:0C,-25, WPA2 ,0.000000,0.000000,0.000,0.000,AP
2026-05-06 17:38:39,1900-01-00 00:00:00,dlink-615_EXT,40:86:CB:27:D2:0C,-29, WPA2 ,0.000000,0.000000,0.000,0.000,AP
2026-05-06 17:38:39,1900-01-00 00:00:00,dlink-615_EXT,40:86:CB:27:D2:0C,-23, WPA2 ,0.000000,0.000000,0.000,0.000,AP
2026-05-06 17:38:39,1900-01-00 00:00:00,dlink-615_EXT,40:86:CB:27:D2:0C,-25, WPA2 ,0.000000,0.000000,0.000,0.000,AP
2026-05-06 17:38:39,1900-01-00 00:00:00,dlink-615_EXT,40:86:CB:27:D2:0C,-25, WPA2 ,0.000000,0.000000,0.000,0.000,AP
2026-05-06 17:38:39,1900-01-00 00:00:00,dlink-615_EXT,40:86:CB:27:D2:0C,-25, WPA2 ,0.000000,0.000000,0.000,0.000,AP
2026-05-06 17:38:39,1900-01-00 00:00:00,,9C:2F:9D:82:20:A3,-29,,0.000000,0.000000,0.000,0.000,Client
2026-05-06 17:38:39,1900-01-00 00:00:00,,9C:2F:9D:82:20:A3,-29,,0.000000,0.000000,0.000,0.000,Client
2026-05-06 17:38:39,1900-01-00 00:00:00,dlink-615_EXT,40:86:CB:27:D2:0C,-25, WPA2 ,0.000000,0.000000,0.000,0.000,AP
2026-05-06 17:38:40,1900-01-00 00:00:00,dlink-615_EXT,40:86:CB:27:D2:0C,-25, WPA2 ,0.000000,0.000000,0.000,0.000,AP
2026-05-06 17:38:40,1900-01-00 00:00:00,,D2:6F:12:2F:DE:3D,-37,,0.000000,0.000000,0.000,0.000,Client
2026-05-06 17:38:40,1900-01-00 00:00:00,,D2:6F:12:2F:DE:3D,-37,,0.000000,0.000000,0.000,0.000,Client
2026-05-06 17:38:40,1900-01-00 00:00:00,,D2:6F:12:2F:DE:3D,-40,,0.000000,0.000000,0.000,0.000,Client
2026-05-06 17:38:40,1900-01-00 00:00:00,dlink-615_EXT,40:86:CB:27:D2:0C,-29, WPA2 ,0.000000,0.000000,0.000,0.000,AP
2026-05-06 17:38:40,1900-01-00 00:00:00,dlink-615_EXT,40:86:CB:27:D2:0C,-27, WPA2 ,0.000000,0.000000,0.000,0.000,AP
2026-05-06 17:38:40,1900-01-00 00:00:00,dlink-615_EXT,40:86:CB:27:D2:0C,-27, WPA2 ,0.000000,0.000000,0.000,0.000,AP
2026-05-06 17:38:40,1900-01-00 00:00:00,dlink-615_EXT,40:86:CB:27:D2:0C,-27, WPA2 ,0.000000,0.000000,0.000,0.000,AP
2026-05-06 17:38:40,1900-01-00 00:00:00,dlink-615_EXT,40:86:CB:27:D2:0C,-25, WPA2 ,0.000000,0.000000,0.000,0.000,AP
2026-05-06 17:38:40,1900-01-00 00:00:00,,9C:2F:9D:82:20:A3,-29,,0.000000,0.000000,0.000,0.000,Client
2026-05-06 17:38:40,1900-01-00 00:00:00,dlink-615_EXT,40:86:CB:27:D2:0C,-27, WPA2 ,0.000000,0.000000,0.000,0.000,AP
2026-05-06 17:38:40,1900-01-00 00:00:00,dlink-615_EXT,40:86:CB:27:D2:0C,-25, WPA2 ,0.000000,0.000000,0.000,0.000,AP
2026-05-06 17:38:40,1900-01-00 00:00:00,dlink-615_EXT,40:86:CB:27:D2:0C,-27, WPA2 ,0.000000,0.000000,0.000,0.000,AP
2026-05-06 17:38:41,1900-01-00 00:00:00,dlink-615_EXT,40:86:CB:27:D2:0C,-25, WPA2 ,0.000000,0.000000,0.000,0.000,AP
2026-05-06 17:38:41,1900-01-00 00:00:00,dlink-615_EXT,40:86:CB:27:D2:0C,-25, WPA2 ,0.000000,0.000000,0.000,0.000,AP
2026-05-06 17:38:41,1900-01-00 00:00:00,dlink-615_EXT,40:86:CB:27:D2:0C,-23, WPA2 ,0.000000,0.000000,0.000,0.000,AP
2026-05-06 17:38:41,1900-01-00 00:00:00,dlink-615_EXT,40:86:CB:27:D2:0C,-25, WPA2 ,0.000000,0.000000,0.000,0.000,AP
2026-05-06 17:38:41,1900-01-00 00:00:00,,9C:2F:9D:82:20:A3,-25,,0.000000,0.000000,0.000,0.000,Client
2026-05-06 17:38:41,1900-01-00 00:00:00,dlink-615_EXT,40:86:CB:27:D2:0C,-25, WPA2 ,0.000000,0.000000,0.000,0.000,AP
2026-05-06 17:38:41,1900-01-00 00:00:00,dlink-615_EXT,40:86:CB:27:D2:0C,-25, WPA2 ,0.000000,0.000000,0.000,0.000,AP
2026-05-06 17:38:41,1900-01-00 00:00:00,dlink-615_EXT,40:86:CB:27:D2:0C,-25, WPA2 ,0.000000,0.000000,0.000,0.000,AP
2026-05-06 17:38:42,1900-01-00 00:00:00,dlink-615_EXT,40:86:CB:27:D2:0C,-25, WPA2 ,0.000000,0.000000,0.000,0.000,AP
2026-05-06 17:38:42,1900-01-00 00:00:00,dlink-615_EXT,40:86:CB:27:D2:0C,-25, WPA2 ,0.000000,0.000000,0.000,0.000,AP
2026-05-06 17:38:42,1900-01-00 00:00:00,dlink-615_EXT,40:86:CB:27:D2:0C,-25, WPA2 ,0.000000,0.000000,0.000,0.000,AP
2026-05-06 17:38:42,1900-01-00 00:00:00,dlink-615_EXT,40:86:CB:27:D2:0C,-25, WPA2 ,0.000000,0.000000,0.000,0.000,AP
2026-05-06 17:38:42,1900-01-00 00:00:00,dlink-615_EXT,40:86:CB:27:D2:0C,-25, WPA2 ,0.000000,0.000000,0.000,0.000,AP
2026-05-06 17:38:42,1900-01-00 00:00:00,dlink-615_EXT,40:86:CB:27:D2:0C,-23, WPA2 ,0.000000,0.000000,0.000,0.000,AP
2026-05-06 17:38:42,1900-01-00 00:00:00,,9C:2F:9D:82:20:A3,-29,,0.000000,0.000000,0.000,0.000,Client
2026-05-06 17:38:42,1900-01-00 00:00:00,dlink-615_EXT,40:86:CB:27:D2:0C,-21, WPA2 ,0.000000,0.000000,0.000,0.000,AP
2026-05-06 17:38:42,1900-01-00 00:00:00,,9C:2F:9D:82:20:A3,-25,,0.000000,0.000000,0.000,0.000,Client
2026-05-06 17:38:42,1900-01-00 00:00:00,dlink-615_EXT,40:86:CB:27:D2:0C,-23, WPA2 ,0.000000,0.000000,0.000,0.000,AP
2026-05-06 17:38:42,1900-01-00 00:00:00,dlink-615_EXT,40:86:CB:27:D2:0C,-25, WPA2 ,0.000000,0.000000,0.000,0.000,AP
2026-05-06 17:38:43,1900-01-00 00:00:00,dlink-615_EXT,40:86:CB:27:D2:0C,-23, WPA2 ,0.000000,0.000000,0.000,0.000,AP
2026-05-06 17:38:43,1900-01-00 00:00:00,dlink-615_EXT,40:86:CB:27:D2:0C,-25, WPA2 ,0.000000,0.000000,0.000,0.000,AP
2026-05-06 17:38:43,1900-01-00 00:00:00,dlink-615_EXT,40:86:CB:27:D2:0C,-23, WPA2 ,0.000000,0.000000,0.000,0.000,AP
2026-05-06 17:38:43,1900-01-00 00:00:00,dlink-615_EXT,40:86:CB:27:D2:0C,-23, WPA2 ,0.000000,0.000000,0.000,0.000,AP
2026-05-06 17:38:43,1900-01-00 00:00:00,dlink-615_EXT,40:86:CB:27:D2:0C,-25, WPA2 ,0.000000,0.000000,0.000,0.000,AP
2026-05-06 17:38:43,1900-01-00 00:00:00,dlink-615_EXT,40:86:CB:27:D2:0C,-25, WPA2 ,0.000000,0.000000,0.000,0.000,AP
2026-05-06 17:38:43,1900-01-00 00:00:00,dlink-615_EXT,40:86:CB:27:D2:0C,-25, WPA2 ,0.000000,0.000000,0.000,0.000,AP
2026-05-06 17:38:43,1900-01-00 00:00:00,dlink-615_EXT,40:86:CB:27:D2:0C,-25, WPA2 ,0.000000,0.000000,0.000,0.000,AP
2026-05-06 17:38:43,1900-01-00 00:00:00,,9C:2F:9D:82:20:A3,-29,,0.000000,0.000000,0.000,0.000,Client
2026-05-06 17:38:43,1900-01-00 00:00:00,dlink-615_EXT,40:86:CB:27:D2:0C,-21, WPA2 ,0.000000,0.000000,0.000,0.000,AP
2026-05-06 17:38:43,1900-01-00 00:00:00,dlink-615_EXT,40:86:CB:27:D2:0C,-25, WPA2 ,0.000000,0.000000,0.000,0.000,AP
2026-05-06 17:38:43,1900-01-00 00:00:00,dlink-615_EXT,40:86:CB:27:D2:0C,-23, WPA2 ,0.000000,0.000000,0.000,0.000,AP
2026-05-06 17:38:44,1900-01-00 00:00:00,,D2:6F:12:2F:DE:3D,-44,,0.000000,0.000000,0.000,0.000,Client
2026-05-06 17:38:44,1900-01-00 00:00:00,dlink-615_EXT,40:86:CB:27:D2:0C,-25, WPA2 ,0.000000,0.000000,0.000,0.000,AP
2026-05-06 17:38:44,1900-01-00 00:00:00,,D2:6F:12:2F:DE:3D,-37,,0.000000,0.000000,0.000,0.000,Client
2026-05-06 17:38:44,1900-01-00 00:00:00,,D2:6F:12:2F:DE:3D,-37,,0.000000,0.000000,0.000,0.000,Client
2026-05-06 17:38:44,1900-01-00 00:00:00,dlink-615_EXT,40:86:CB:27:D2:0C,-23, WPA2 ,0.000000,0.000000,0.000,0.000,AP
2026-05-06 17:38:44,1900-01-00 00:00:00,,D2:6F:12:2F:DE:3D,-45,,0.000000,0.000000,0.000,0.000,Client
2026-05-06 17:38:44,1900-01-00 00:00:00,,D2:6F:12:2F:DE:3D,-42,,0.000000,0.000000,0.000,0.000,Client
2026-05-06 17:38:44,1900-01-00 00:00:00,,D2:6F:12:2F:DE:3D,-40,,0.000000,0.000000,0.000,0.000,Client
2026-05-06 17:38:44,1900-01-00 00:00:00,,D2:6F:12:2F:DE:3D,-42,,0.000000,0.000000,0.000,0.000,Client
2026-05-06 17:38:44,1900-01-00 00:00:00,,D2:6F:12:2F:DE:3D,-40,,0.000000,0.000000,0.000,0.000,Client
2026-05-06 17:38:44,1900-01-00 00:00:00,,D2:6F:12:2F:DE:3D,-42,,0.000000,0.000000,0.000,0.000,Client
2026-05-06 17:38:44,1900-01-00 00:00:00,dlink-615_EXT,40:86:CB:27:D2:0C,-23, WPA2 ,0.000000,0.000000,0.000,0.000,AP
2026-05-06 17:38:44,1900-01-00 00:00:00,,D2:6F:12:2F:DE:3D,-37,,0.000000,0.000000,0.000,0.000,Client
2026-05-06 17:38:44,1900-01-00 00:00:00,dlink-615_EXT,40:86:CB:27:D2:0C,-23, WPA2 ,0.000000,0.000000,0.000,0.000,AP
2026-05-06 17:38:44,1900-01-00 00:00:00,,D2:6F:12:2F:DE:3D,-37,,0.000000,0.000000,0.000,0.000,Client
2026-05-06 17:38:44,1900-01-00 00:00:00,dlink-615_EXT,40:86:CB:27:D2:0C,-25, WPA2 ,0.000000,0.000000,0.000,0.000,AP
2026-05-06 17:38:44,1900-01-00 00:00:00,dlink-615_EXT,40:86:CB:27:D2:0C,-23, WPA2 ,0.000000,0.000000,0.000,0.000,AP
2026-05-06 17:38:44,1900-01-00 00:00:00,,9C:2F:9D:82:20:A3,-31,,0.000000,0.000000,0.000,0.000,Client
2026-05-06 17:38:44,1900-01-00 00:00:00,dlink-615_EXT,40:86:CB:27:D2:0C,-23, WPA2 ,0.000000,0.000000,0.000,0.000,AP
2026-05-06 17:38:44,1900-01-00 00:00:00,,9C:2F:9D:82:20:A3,-33,,0.000000,0.000000,0.000,0.000,Client
2026-05-06 17:38:44,1900-01-00 00:00:00,dlink-615_EXT,40:86:CB:27:D2:0C,-25, WPA2 ,0.000000,0.000000,0.000,0.000,AP
2026-05-06 17:38:44,1900-01-00 00:00:00,dlink-615_EXT,40:86:CB:27:D2:0C,-23, WPA2 ,0.000000,0.000000,0.000,0.000,AP
2026-05-06 17:38:45,1900-01-00 00:00:00,dlink-615_EXT,40:86:CB:27:D2:0C,-23, WPA2 ,0.000000,0.000000,0.000,0.000,AP
2026-05-06 17:38:45,1900-01-00 00:00:00,dlink-615_EXT,40:86:CB:27:D2:0C,-25, WPA2 ,0.000000,0.000000,0.000,0.000,AP
2026-05-06 17:38:45,1900-01-00 00:00:00,dlink-615_EXT,40:86:CB:27:D2:0C,-23, WPA2 ,0.000000,0.000000,0.000,0.000,AP
2026-05-06 17:38:45,1900-01-00 00:00:00,dlink-615_EXT,40:86:CB:27:D2:0C,-25, WPA2 ,0.000000,0.000000,0.000,0.000,AP
2026-05-06 17:38:45,1900-01-00 00:00:00,dlink-615_EXT,40:86:CB:27:D2:0C,-23, WPA2 ,0.000000,0.000000,0.000,0.000,AP
2026-05-06 17:38:45,1900-01-00 00:00:00,,D2:6F:12:2F:DE:3D,-33,,0.000000,0.000000,0.000,0.000,Client
2026-05-06 17:38:45,1900-01-00 00:00:00,dlink-615_EXT,40:86:CB:27:D2:0C,-25, WPA2 ,0.000000,0.000000,0.000,0.000,AP
2026-05-06 17:38:45,1900-01-00 00:00:00,,9C:2F:9D:82:20:A3,-27,,0.000000,0.000000,0.000,0.000,Client
2026-05-06 17:38:45,1900-01-00 00:00:00,dlink-615_EXT,40:86:CB:27:D2:0C,-23, WPA2 ,0.000000,0.000000,0.000,0.000,AP
2026-05-06 17:38:45,1900-01-00 00:00:00,,9C:2F:9D:82:20:A3,-29,,0.000000,0.000000,0.000,0.000,Client
2026-05-06 17:38:45,1900-01-00 00:00:00,dlink-615_EXT,40:86:CB:27:D2:0C,-23, WPA2 ,0.000000,0.000000,0.000,0.000,AP
2026-05-06 17:38:45,1900-01-00 00:00:00,dlink-615_EXT,40:86:CB:27:D2:0C,-23, WPA2 ,0.000000,0.000000,0.000,0.000,AP
2026-05-06 17:38:46,1900-01-00 00:00:00,dlink-615_EXT,40:86:CB:27:D2:0C,-25, WPA2 ,0.000000,0.000000,0.000,0.000,AP
2026-05-06 17:38:46,1900-01-00 00:00:00,dlink-615_EXT,40:86:CB:27:D2:0C,-25, WPA2 ,0.000000,0.000000,0.000,0.000,AP
2026-05-06 17:38:46,1900-01-00 00:00:00,dlink-615_EXT,40:86:CB:27:D2:0C,-25, WPA2 ,0.000000,0.000000,0.000,0.000,AP
2026-05-06 17:38:46,1900-01-00 00:00:00,dlink-615_EXT,40:86:CB:27:D2:0C,-23, WPA2 ,0.000000,0.000000,0.000,0.000,AP
2026-05-06 17:38:46,1900-01-00 00:00:00,dlink-615_EXT,40:86:CB:27:D2:0C,-21, WPA2 ,0.000000,0.000000,0.000,0.000,AP
2026-05-06 17:38:46,1900-01-00 00:00:00,dlink-615_EXT,40:86:CB:27:D2:0C,-23, WPA2 ,0.000000,0.000000,0.000,0.000,AP
2026-05-06 17:38:46,1900-01-00 00:00:00,,9C:2F:9D:82:20:A3,-33,,0.000000,0.000000,0.000,0.000,Client
2026-05-06 17:38:46,1900-01-00 00:00:00,dlink-615_EXT,40:86:CB:27:D2:0C,-23, WPA2 ,0.000000,0.000000,0.000,0.000,AP
2026-05-06 17:38:46,1900-01-00 00:00:00,,9C:2F:9D:82:20:A3,-29,,0.000000,0.000000,0.000,0.000,Client
2026-05-06 17:38:46,1900-01-00 00:00:00,dlink-615_EXT,40:86:CB:27:D2:0C,-23, WPA2 ,0.000000,0.000000,0.000,0.000,AP
2026-05-06 17:38:46,1900-01-00 00:00:00,dlink-615_EXT,40:86:CB:27:D2:0C,-23, WPA2 ,0.000000,0.000000,0.000,0.000,AP
2026-05-06 17:38:47,1900-01-00 00:00:00,dlink-615_EXT,40:86:CB:27:D2:0C,-25, WPA2 ,0.000000,0.000000,0.000,0.000,AP
2026-05-06 17:38:47,1900-01-00 00:00:00,dlink-615_EXT,40:86:CB:27:D2:0C,-25, WPA2 ,0.000000,0.000000,0.000,0.000,AP
2026-05-06 17:38:47,1900-01-00 00:00:00,dlink-615_EXT,40:86:CB:27:D2:0C,-25, WPA2 ,0.000000,0.000000,0.000,0.000,AP
2026-05-06 17:38:47,1900-01-00 00:00:00,dlink-615_EXT,40:86:CB:27:D2:0C,-25, WPA2 ,0.000000,0.000000,0.000,0.000,AP
2026-05-06 17:38:47,1900-01-00 00:00:00,dlink-615_EXT,40:86:CB:27:D2:0C,-25, WPA2 ,0.000000,0.000000,0.000,0.000,AP
2026-05-06 17:38:47,1900-01-00 00:00:00,dlink-615_EXT,40:86:CB:27:D2:0C,-69, WPA2 ,0.000000,0.000000,0.000,0.000,AP
2026-05-06 17:38:47,1900-01-00 00:00:00,,9C:2F:9D:82:20:A3,-33,,0.000000,0.000000,0.000,0.000,Client
2026-05-06 17:38:47,1900-01-00 00:00:00,,9C:2F:9D:82:20:A3,-35,,0.000000,0.000000,0.000,0.000,Client
2026-05-06 17:38:47,1900-01-00 00:00:00,dlink-615_EXT,40:86:CB:27:D2:0C,-25, WPA2 ,0.000000,0.000000,0.000,0.000,AP
2026-05-06 17:38:47,1900-01-00 00:00:00,dlink-615_EXT,40:86:CB:27:D2:0C,-23, WPA2 ,0.000000,0.000000,0.000,0.000,AP
2026-05-06 17:38:48,1900-01-00 00:00:00,dlink-615_EXT,40:86:CB:27:D2:0C,-25, WPA2 ,0.000000,0.000000,0.000,0.000,AP
2026-05-06 17:38:48,1900-01-00 00:00:00,dlink-615_EXT,40:86:CB:27:D2:0C,-25, WPA2 ,0.000000,0.000000,0.000,0.000,AP
2026-05-06 17:38:48,1900-01-00 00:00:00,dlink-615_EXT,40:86:CB:27:D2:0C,-23, WPA2 ,0.000000,0.000000,0.000,0.000,AP
2026-05-06 17:38:48,1900-01-00 00:00:00,dlink-615_EXT,40:86:CB:27:D2:0C,-27, WPA2 ,0.000000,0.000000,0.000,0.000,AP
2026-05-06 17:38:48,1900-01-00 00:00:00,dlink-615_EXT,40:86:CB:27:D2:0C,-25, WPA2 ,0.000000,0.000000,0.000,0.000,AP
2026-05-06 17:38:48,1900-01-00 00:00:00,,9C:2F:9D:82:20:A3,-27,,0.000000,0.000000,0.000,0.000,Client
2026-05-06 17:38:48,1900-01-00 00:00:00,dlink-615_EXT,40:86:CB:27:D2:0C,-25, WPA2 ,0.000000,0.000000,0.000,0.000,AP
2026-05-06 17:38:48,1900-01-00 00:00:00,,9C:2F:9D:82:20:A3,-25,,0.000000,0.000000,0.000,0.000,Client
2026-05-06 17:38:48,1900-01-00 00:00:00,dlink-615_EXT,40:86:CB:27:D2:0C,-23, WPA2 ,0.000000,0.000000,0.000,0.000,AP
2026-05-06 17:38:49,1900-01-00 00:00:00,dlink-615_EXT,40:86:CB:27:D2:0C,-25, WPA2 ,0.000000,0.000000,0.000,0.000,AP
2026-05-06 17:38:49,1900-01-00 00:00:00,dlink-615_EXT,40:86:CB:27:D2:0C,-23, WPA2 ,0.000000,0.000000,0.000,0.000,AP
2026-05-06 17:38:49,1900-01-00 00:00:00,dlink-615_EXT,40:86:CB:27:D2:0C,-23, WPA2 ,0.000000,0.000000,0.000,0.000,AP
2026-05-06 17:38:49,1900-01-00 00:00:00,dlink-615_EXT,40:86:CB:27:D2:0C,-25, WPA2 ,0.000000,0.000000,0.000,0.000,AP
2026-05-06 17:38:49,1900-01-00 00:00:00,dlink-615_EXT,40:86:CB:27:D2:0C,-25, WPA2 ,0.000000,0.000000,0.000,0.000,AP
2026-05-06 17:38:49,1900-01-00 00:00:00,dlink-615_EXT,40:86:CB:27:D2:0C,-25, WPA2 ,0.000000,0.000000,0.000,0.000,AP
2026-05-06 17:38:49,1900-01-00 00:00:00,dlink-615_EXT,40:86:CB:27:D2:0C,-25, WPA2 ,0.000000,0.000000,0.000,0.000,AP
2026-05-06 17:38:49,1900-01-00 00:00:00,,9C:2F:9D:82:20:A3,-35,,0.000000,0.000000,0.000,0.000,Client
2026-05-06 17:38:49,1900-01-00 00:00:00,dlink-615_EXT,40:86:CB:27:D2:0C,-27, WPA2 ,0.000000,0.000000,0.000,0.000,AP
2026-05-06 17:38:49,1900-01-00 00:00:00,,9C:2F:9D:82:20:A3,-33,,0.000000,0.000000,0.000,0.000,Client
2026-05-06 17:38:49,1900-01-00 00:00:00,dlink-615_EXT,40:86:CB:27:D2:0C,-25, WPA2 ,0.000000,0.000000,0.000,0.000,AP
2026-05-06 17:38:49,1900-01-00 00:00:00,dlink-615_EXT,40:86:CB:27:D2:0C,-25, WPA2 ,0.000000,0.000000,0.000,0.000,AP
2026-05-06 17:38:50,1900-01-00 00:00:00,dlink-615_EXT,40:86:CB:27:D2:0C,-23, WPA2 ,0.000000,0.000000,0.000,0.000,AP
2026-05-06 17:38:50,1900-01-00 00:00:00,dlink-615_EXT,40:86:CB:27:D2:0C,-25, WPA2 ,0.000000,0.000000,0.000,0.000,AP
2026-05-06 17:38:50,1900-01-00 00:00:00,dlink-615_EXT,40:86:CB:27:D2:0C,-25, WPA2 ,0.000000,0.000000,0.000,0.000,AP
2026-05-06 17:38:50,1900-01-00 00:00:00,dlink-615_EXT,40:86:CB:27:D2:0C,-23, WPA2 ,0.000000,0.000000,0.000,0.000,AP
2026-05-06 17:38:50,1900-01-00 00:00:00,dlink-615_EXT,40:86:CB:27:D2:0C,-25, WPA2 ,0.000000,0.000000,0.000,0.000,AP
2026-05-06 17:38:50,1900-01-00 00:00:00,dlink-615_EXT,40:86:CB:27:D2:0C,-21, WPA2 ,0.000000,0.000000,0.000,0.000,AP
2026-05-06 17:38:50,1900-01-00 00:00:00,,9C:2F:9D:82:20:A3,-29,,0.000000,0.000000,0.000,0.000,Client
2026-05-06 17:38:50,1900-01-00 00:00:00,dlink-615_EXT,40:86:CB:27:D2:0C,-23, WPA2 ,0.000000,0.000000,0.000,0.000,AP
2026-05-06 17:38:50,1900-01-00 00:00:00,,9C:2F:9D:82:20:A3,-27,,0.000000,0.000000,0.000,0.000,Client
2026-05-06 17:38:50,1900-01-00 00:00:00,dlink-615_EXT,40:86:CB:27:D2:0C,-23, WPA2 ,0.000000,0.000000,0.000,0.000,AP
2026-05-06 17:38:50,1900-01-00 00:00:00,dlink-615_EXT,40:86:CB:27:D2:0C,-25, WPA2 ,0.000000,0.000000,0.000,0.000,AP
2026-05-06 17:38:51,1900-01-00 00:00:00,dlink-615_EXT,40:86:CB:27:D2:0C,-21, WPA2 ,0.000000,0.000000,0.000,0.000,AP
2026-05-06 17:38:51,1900-01-00 00:00:00,dlink-615_EXT,40:86:CB:27:D2:0C,-25, WPA2 ,0.000000,0.000000,0.000,0.000,AP
2026-05-06 17:38:51,1900-01-00 00:00:00,dlink-615_EXT,40:86:CB:27:D2:0C,-23, WPA2 ,0.000000,0.000000,0.000,0.000,AP
2026-05-06 17:38:51,1900-01-00 00:00:00,dlink-615_EXT,40:86:CB:27:D2:0C,-25, WPA2 ,0.000000,0.000000,0.000,0.000,AP
2026-05-06 17:38:51,1900-01-00 00:00:00,dlink-615_EXT,40:86:CB:27:D2:0C,-23, WPA2 ,0.000000,0.000000,0.000,0.000,AP
2026-05-06 17:38:51,1900-01-00 00:00:00,dlink-615_EXT,40:86:CB:27:D2:0C,-21, WPA2 ,0.000000,0.000000,0.000,0.000,AP
2026-05-06 17:38:51,1900-01-00 00:00:00,,9C:2F:9D:82:20:A3,-33,,0.000000,0.000000,0.000,0.000,Client
2026-05-06 17:38:51,1900-01-00 00:00:00,dlink-615_EXT,40:86:CB:27:D2:0C,-23, WPA2 ,0.000000,0.000000,0.000,0.000,AP
2026-05-06 17:38:51,1900-01-00 00:00:00,,9C:2F:9D:82:20:A3,-33,,0.000000,0.000000,0.000,0.000,Client
2026-05-06 17:38:51,1900-01-00 00:00:00,dlink-615_EXT,40:86:CB:27:D2:0C,-25, WPA2 ,0.000000,0.000000,0.000,0.000,AP
2026-05-06 17:38:51,1900-01-00 00:00:00,dlink-615_EXT,40:86:CB:27:D2:0C,-25, WPA2 ,0.000000,0.000000,0.000,0.000,AP
2026-05-06 17:38:52,1900-01-00 00:00:00,dlink-615_EXT,40:86:CB:27:D2:0C,-25, WPA2 ,0.000000,0.000000,0.000,0.000,AP
2026-05-06 17:38:52,1900-01-00 00:00:00,dlink-615_EXT,40:86:CB:27:D2:0C,-25, WPA2 ,0.000000,0.000000,0.000,0.000,AP
2026-05-06 17:38:52,1900-01-00 00:00:00,dlink-615_EXT,40:86:CB:27:D2:0C,-25, WPA2 ,0.000000,0.000000,0.000,0.000,AP
2026-05-06 17:38:52,1900-01-00 00:00:00,dlink-615_EXT,40:86:CB:27:D2:0C,-23, WPA2 ,0.000000,0.000000,0.000,0.000,AP
2026-05-06 17:38:52,1900-01-00 00:00:00,dlink-615_EXT,40:86:CB:27:D2:0C,-21, WPA2 ,0.000000,0.000000,0.000,0.000,AP
2026-05-06 17:38:52,1900-01-00 00:00:00,,9C:2F:9D:82:20:A3,-31,,0.000000,0.000000,0.000,0.000,Client
2026-05-06 17:38:52,1900-01-00 00:00:00,dlink-615_EXT,40:86:CB:27:D2:0C,-23, WPA2 ,0.000000,0.000000,0.000,0.000,AP
2026-05-06 17:38:52,1900-01-00 00:00:00,,9C:2F:9D:82:20:A3,-29,,0.000000,0.000000,0.000,0.000,Client
2026-05-06 17:38:52,1900-01-00 00:00:00,dlink-615_EXT,40:86:CB:27:D2:0C,-21, WPA2 ,0.000000,0.000000,0.000,0.000,AP
2026-05-06 17:38:53,1900-01-00 00:00:00,dlink-615_EXT,40:86:CB:27:D2:0C,-23, WPA2 ,0.000000,0.000000,0.000,0.000,AP
2026-05-06 17:38:53,1900-01-00 00:00:00,dlink-615_EXT,40:86:CB:27:D2:0C,-25, WPA2 ,0.000000,0.000000,0.000,0.000,AP
2026-05-06 17:38:53,1900-01-00 00:00:00,dlink-615_EXT,40:86:CB:27:D2:0C,-25, WPA2 ,0.000000,0.000000,0.000,0.000,AP
2026-05-06 17:38:53,1900-01-00 00:00:00,dlink-615_EXT,40:86:CB:27:D2:0C,-25, WPA2 ,0.000000,0.000000,0.000,0.000,AP
2026-05-06 17:38:53,1900-01-00 00:00:00,dlink-615_EXT,40:86:CB:27:D2:0C,-25, WPA2 ,0.000000,0.000000,0.000,0.000,AP
2026-05-06 17:38:53,1900-01-00 00:00:00,dlink-615_EXT,40:86:CB:27:D2:0C,-25, WPA2 ,0.000000,0.000000,0.000,0.000,AP
2026-05-06 17:38:53,1900-01-00 00:00:00,dlink-615_EXT,40:86:CB:27:D2:0C,-25, WPA2 ,0.000000,0.000000,0.000,0.000,AP
2026-05-06 17:38:53,1900-01-00 00:00:00,,9C:2F:9D:82:20:A3,-33,,0.000000,0.000000,0.000,0.000,Client
2026-05-06 17:38:53,1900-01-00 00:00:00,dlink-615_EXT,40:86:CB:27:D2:0C,-21, WPA2 ,0.000000,0.000000,0.000,0.000,AP
2026-05-06 17:38:53,1900-01-00 00:00:00,,9C:2F:9D:82:20:A3,-29,,0.000000,0.000000,0.000,0.000,Client
2026-05-06 17:38:54,1900-01-00 00:00:00,dlink-615_EXT,40:86:CB:27:D2:0C,-21, WPA2 ,0.000000,0.000000,0.000,0.000,AP
