LocalTime, GPSTime, ESSID, BSSID, Power, Security, Latitude, Longitude, Latitude Error, Longitude Error, Type
2026-05-15 08:04:53,1900-01-00 00:00:00,,40:86:CB:27:D2:0C,-55, ,0.000000,0.000000,0.000,0.000,AP
2026-05-15 08:04:53,1900-01-00 00:00:00,,40:86:CB:27:D2:0C,-55, ,0.000000,0.000000,0.000,0.000,AP
2026-05-15 08:06:05,1900-01-00 00:00:00,,60:E9:AA:1D:0F:F3,-29,,0.000000,0.000000,0.000,0.000,Client
2026-05-15 08:06:06,1900-01-00 00:00:00,,60:E9:AA:1D:0F:F3,-25,,0.000000,0.000000,0.000,0.000,Client
2026-05-15 08:06:06,1900-01-00 00:00:00,,60:E9:AA:1D:0F:F3,-25,,0.000000,0.000000,0.000,0.000,Client
2026-05-15 08:06:06,1900-01-00 00:00:00,dlink-615_EXT,40:86:CB:27:D2:0C,-65, ,0.000000,0.000000,0.000,0.000,AP
2026-05-15 08:06:14,1900-01-00 00:00:00,,60:E9:AA:1D:0F:F3,-25,,0.000000,0.000000,0.000,0.000,Client
2026-05-15 08:06:14,1900-01-00 00:00:00,,60:E9:AA:1D:0F:F3,-29,,0.000000,0.000000,0.000,0.000,Client
2026-05-15 08:06:14,1900-01-00 00:00:00,dlink-615_EXT,40:86:CB:27:D2:0C,-15, ,0.000000,0.000000,0.000,0.000,AP
2026-05-15 08:06:14,1900-01-00 00:00:00,,60:E9:AA:1D:0F:F3,-25,,0.000000,0.000000,0.000,0.000,Client
2026-05-15 08:06:14,1900-01-00 00:00:00,dlink-615_EXT,40:86:CB:27:D2:0C,-15, ,0.000000,0.000000,0.000,0.000,AP
2026-05-15 08:06:19,1900-01-00 00:00:00,,60:E9:AA:1D:0F:F3,-23,,0.000000,0.000000,0.000,0.000,Client
2026-05-15 08:06:23,1900-01-00 00:00:00,,60:E9:AA:1D:0F:F3,-29,,0.000000,0.000000,0.000,0.000,Client
2026-05-15 08:06:23,1900-01-00 00:00:00,dlink-615_EXT,40:86:CB:27:D2:0C,-17, ,0.000000,0.000000,0.000,0.000,AP
2026-05-15 08:06:23,1900-01-00 00:00:00,,60:E9:AA:1D:0F:F3,-29,,0.000000,0.000000,0.000,0.000,Client
2026-05-15 08:06:23,1900-01-00 00:00:00,dlink-615_EXT,40:86:CB:27:D2:0C,-15, ,0.000000,0.000000,0.000,0.000,AP
2026-05-15 08:07:39,1900-01-00 00:00:00,dlink-615_EXT,40:86:CB:27:D2:0C,-17, ,0.000000,0.000000,0.000,0.000,AP
2026-05-15 08:07:39,1900-01-00 00:00:00,,9C:2F:9D:82:20:A3,-23,,0.000000,0.000000,0.000,0.000,Client
2026-05-15 08:07:39,1900-01-00 00:00:00,dlink-615_EXT,40:86:CB:27:D2:0C,-19, WPA2 ,0.000000,0.000000,0.000,0.000,AP
2026-05-15 08:07:40,1900-01-00 00:00:00,dlink-615_EXT,40:86:CB:27:D2:0C,-17, WPA2 ,0.000000,0.000000,0.000,0.000,AP
2026-05-15 08:07:40,1900-01-00 00:00:00,dlink-615_EXT,40:86:CB:27:D2:0C,-17, WPA2 ,0.000000,0.000000,0.000,0.000,AP
2026-05-15 08:07:40,1900-01-00 00:00:00,dlink-615_EXT,40:86:CB:27:D2:0C,-17, WPA2 ,0.000000,0.000000,0.000,0.000,AP
2026-05-15 08:07:40,1900-01-00 00:00:00,dlink-615_EXT,40:86:CB:27:D2:0C,-17, WPA2 ,0.000000,0.000000,0.000,0.000,AP
2026-05-15 08:07:40,1900-01-00 00:00:00,dlink-615_EXT,40:86:CB:27:D2:0C,-15, WPA2 ,0.000000,0.000000,0.000,0.000,AP
2026-05-15 08:07:40,1900-01-00 00:00:00,dlink-615_EXT,40:86:CB:27:D2:0C,-19, WPA2 ,0.000000,0.000000,0.000,0.000,AP
2026-05-15 08:07:40,1900-01-00 00:00:00,,9C:2F:9D:82:20:A3,-23,,0.000000,0.000000,0.000,0.000,Client
2026-05-15 08:07:40,1900-01-00 00:00:00,dlink-615_EXT,40:86:CB:27:D2:0C,-15, WPA2 ,0.000000,0.000000,0.000,0.000,AP
2026-05-15 08:07:40,1900-01-00 00:00:00,dlink-615_EXT,40:86:CB:27:D2:0C,-17, WPA2 ,0.000000,0.000000,0.000,0.000,AP
2026-05-15 08:07:40,1900-01-00 00:00:00,dlink-615_EXT,40:86:CB:27:D2:0C,-15, WPA2 ,0.000000,0.000000,0.000,0.000,AP
2026-05-15 08:07:40,1900-01-00 00:00:00,,9C:2F:9D:82:20:A3,-23,,0.000000,0.000000,0.000,0.000,Client
2026-05-15 08:07:40,1900-01-00 00:00:00,dlink-615_EXT,40:86:CB:27:D2:0C,-15, WPA2 ,0.000000,0.000000,0.000,0.000,AP
2026-05-15 08:07:40,1900-01-00 00:00:00,dlink-615_EXT,40:86:CB:27:D2:0C,-17, WPA2 ,0.000000,0.000000,0.000,0.000,AP
2026-05-15 08:07:41,1900-01-00 00:00:00,dlink-615_EXT,40:86:CB:27:D2:0C,-17, WPA2 ,0.000000,0.000000,0.000,0.000,AP
2026-05-15 08:07:41,1900-01-00 00:00:00,dlink-615_EXT,40:86:CB:27:D2:0C,-17, WPA2 ,0.000000,0.000000,0.000,0.000,AP
2026-05-15 08:07:41,1900-01-00 00:00:00,dlink-615_EXT,40:86:CB:27:D2:0C,-17, WPA2 ,0.000000,0.000000,0.000,0.000,AP
2026-05-15 08:07:41,1900-01-00 00:00:00,dlink-615_EXT,40:86:CB:27:D2:0C,-17, WPA2 ,0.000000,0.000000,0.000,0.000,AP
2026-05-15 08:07:41,1900-01-00 00:00:00,dlink-615_EXT,40:86:CB:27:D2:0C,-17, WPA2 ,0.000000,0.000000,0.000,0.000,AP
2026-05-15 08:07:41,1900-01-00 00:00:00,,60:E9:AA:1D:0F:F3,-29,,0.000000,0.000000,0.000,0.000,Client
2026-05-15 08:07:41,1900-01-00 00:00:00,,9C:2F:9D:82:20:A3,-21,,0.000000,0.000000,0.000,0.000,Client
2026-05-15 08:07:41,1900-01-00 00:00:00,dlink-615_EXT,40:86:CB:27:D2:0C,-17, WPA2 ,0.000000,0.000000,0.000,0.000,AP
2026-05-15 08:07:41,1900-01-00 00:00:00,,9C:2F:9D:82:20:A3,-21,,0.000000,0.000000,0.000,0.000,Client
2026-05-15 08:07:41,1900-01-00 00:00:00,dlink-615_EXT,40:86:CB:27:D2:0C,-17, WPA2 ,0.000000,0.000000,0.000,0.000,AP
2026-05-15 08:07:42,1900-01-00 00:00:00,dlink-615_EXT,40:86:CB:27:D2:0C,-19, WPA2 ,0.000000,0.000000,0.000,0.000,AP
2026-05-15 08:07:42,1900-01-00 00:00:00,dlink-615_EXT,40:86:CB:27:D2:0C,-15, WPA2 ,0.000000,0.000000,0.000,0.000,AP
2026-05-15 08:07:42,1900-01-00 00:00:00,dlink-615_EXT,40:86:CB:27:D2:0C,-17, WPA2 ,0.000000,0.000000,0.000,0.000,AP
2026-05-15 08:07:42,1900-01-00 00:00:00,dlink-615_EXT,40:86:CB:27:D2:0C,-17, WPA2 ,0.000000,0.000000,0.000,0.000,AP
2026-05-15 08:07:42,1900-01-00 00:00:00,dlink-615_EXT,40:86:CB:27:D2:0C,-17, WPA2 ,0.000000,0.000000,0.000,0.000,AP
2026-05-15 08:07:42,1900-01-00 00:00:00,dlink-615_EXT,40:86:CB:27:D2:0C,-17, WPA2 ,0.000000,0.000000,0.000,0.000,AP
2026-05-15 08:07:42,1900-01-00 00:00:00,dlink-615_EXT,40:86:CB:27:D2:0C,-19, WPA2 ,0.000000,0.000000,0.000,0.000,AP
2026-05-15 08:07:42,1900-01-00 00:00:00,dlink-615_EXT,40:86:CB:27:D2:0C,-17, WPA2 ,0.000000,0.000000,0.000,0.000,AP
2026-05-15 08:07:42,1900-01-00 00:00:00,,9C:2F:9D:82:20:A3,-21,,0.000000,0.000000,0.000,0.000,Client
2026-05-15 08:07:42,1900-01-00 00:00:00,dlink-615_EXT,40:86:CB:27:D2:0C,-17, WPA2 ,0.000000,0.000000,0.000,0.000,AP
2026-05-15 08:07:42,1900-01-00 00:00:00,,9C:2F:9D:82:20:A3,-21,,0.000000,0.000000,0.000,0.000,Client
2026-05-15 08:07:42,1900-01-00 00:00:00,dlink-615_EXT,40:86:CB:27:D2:0C,-17, WPA2 ,0.000000,0.000000,0.000,0.000,AP
2026-05-15 08:07:43,1900-01-00 00:00:00,dlink-615_EXT,40:86:CB:27:D2:0C,-19, WPA2 ,0.000000,0.000000,0.000,0.000,AP
2026-05-15 08:07:43,1900-01-00 00:00:00,,60:E9:AA:1D:0F:F3,-29,,0.000000,0.000000,0.000,0.000,Client
2026-05-15 08:07:43,1900-01-00 00:00:00,dlink-615_EXT,40:86:CB:27:D2:0C,-17, WPA2 ,0.000000,0.000000,0.000,0.000,AP
2026-05-15 08:07:43,1900-01-00 00:00:00,dlink-615_EXT,40:86:CB:27:D2:0C,-17, WPA2 ,0.000000,0.000000,0.000,0.000,AP
2026-05-15 08:07:43,1900-01-00 00:00:00,dlink-615_EXT,40:86:CB:27:D2:0C,-19, WPA2 ,0.000000,0.000000,0.000,0.000,AP
2026-05-15 08:07:43,1900-01-00 00:00:00,dlink-615_EXT,40:86:CB:27:D2:0C,-17, WPA2 ,0.000000,0.000000,0.000,0.000,AP
2026-05-15 08:07:43,1900-01-00 00:00:00,dlink-615_EXT,40:86:CB:27:D2:0C,-17, WPA2 ,0.000000,0.000000,0.000,0.000,AP
2026-05-15 08:07:43,1900-01-00 00:00:00,dlink-615_EXT,40:86:CB:27:D2:0C,-17, WPA2 ,0.000000,0.000000,0.000,0.000,AP
2026-05-15 08:07:43,1900-01-00 00:00:00,dlink-615_EXT,40:86:CB:27:D2:0C,-15, WPA2 ,0.000000,0.000000,0.000,0.000,AP
2026-05-15 08:07:43,1900-01-00 00:00:00,dlink-615_EXT,40:86:CB:27:D2:0C,-17, WPA2 ,0.000000,0.000000,0.000,0.000,AP
2026-05-15 08:07:43,1900-01-00 00:00:00,,9C:2F:9D:82:20:A3,-21,,0.000000,0.000000,0.000,0.000,Client
2026-05-15 08:07:43,1900-01-00 00:00:00,dlink-615_EXT,40:86:CB:27:D2:0C,-17, WPA2 ,0.000000,0.000000,0.000,0.000,AP
2026-05-15 08:07:44,1900-01-00 00:00:00,dlink-615_EXT,40:86:CB:27:D2:0C,-17, WPA2 ,0.000000,0.000000,0.000,0.000,AP
2026-05-15 08:07:44,1900-01-00 00:00:00,dlink-615_EXT,40:86:CB:27:D2:0C,-15, WPA2 ,0.000000,0.000000,0.000,0.000,AP
2026-05-15 08:07:44,1900-01-00 00:00:00,dlink-615_EXT,40:86:CB:27:D2:0C,-19, WPA2 ,0.000000,0.000000,0.000,0.000,AP
2026-05-15 08:07:44,1900-01-00 00:00:00,dlink-615_EXT,40:86:CB:27:D2:0C,-17, WPA2 ,0.000000,0.000000,0.000,0.000,AP
2026-05-15 08:07:44,1900-01-00 00:00:00,dlink-615_EXT,40:86:CB:27:D2:0C,-17, WPA2 ,0.000000,0.000000,0.000,0.000,AP
2026-05-15 08:07:44,1900-01-00 00:00:00,dlink-615_EXT,40:86:CB:27:D2:0C,-15, WPA2 ,0.000000,0.000000,0.000,0.000,AP
2026-05-15 08:07:44,1900-01-00 00:00:00,,9C:2F:9D:82:20:A3,-23,,0.000000,0.000000,0.000,0.000,Client
2026-05-15 08:07:44,1900-01-00 00:00:00,,9C:2F:9D:82:20:A3,-25,,0.000000,0.000000,0.000,0.000,Client
2026-05-15 08:07:44,1900-01-00 00:00:00,dlink-615_EXT,40:86:CB:27:D2:0C,-19, WPA2 ,0.000000,0.000000,0.000,0.000,AP
2026-05-15 08:07:45,1900-01-00 00:00:00,dlink-615_EXT,40:86:CB:27:D2:0C,-17, WPA2 ,0.000000,0.000000,0.000,0.000,AP
2026-05-15 08:07:45,1900-01-00 00:00:00,dlink-615_EXT,40:86:CB:27:D2:0C,-19, WPA2 ,0.000000,0.000000,0.000,0.000,AP
2026-05-15 08:07:45,1900-01-00 00:00:00,dlink-615_EXT,40:86:CB:27:D2:0C,-17, WPA2 ,0.000000,0.000000,0.000,0.000,AP
2026-05-15 08:07:45,1900-01-00 00:00:00,dlink-615_EXT,40:86:CB:27:D2:0C,-19, WPA2 ,0.000000,0.000000,0.000,0.000,AP
2026-05-15 08:07:45,1900-01-00 00:00:00,dlink-615_EXT,40:86:CB:27:D2:0C,-17, WPA2 ,0.000000,0.000000,0.000,0.000,AP
2026-05-15 08:07:45,1900-01-00 00:00:00,,9C:2F:9D:82:20:A3,-25,,0.000000,0.000000,0.000,0.000,Client
2026-05-15 08:07:45,1900-01-00 00:00:00,dlink-615_EXT,40:86:CB:27:D2:0C,-19, WPA2 ,0.000000,0.000000,0.000,0.000,AP
2026-05-15 08:07:45,1900-01-00 00:00:00,,9C:2F:9D:82:20:A3,-25,,0.000000,0.000000,0.000,0.000,Client
2026-05-15 08:07:45,1900-01-00 00:00:00,dlink-615_EXT,40:86:CB:27:D2:0C,-19, WPA2 ,0.000000,0.000000,0.000,0.000,AP
2026-05-15 08:07:46,1900-01-00 00:00:00,dlink-615_EXT,40:86:CB:27:D2:0C,-17, WPA2 ,0.000000,0.000000,0.000,0.000,AP
2026-05-15 08:07:46,1900-01-00 00:00:00,dlink-615_EXT,40:86:CB:27:D2:0C,-17, WPA2 ,0.000000,0.000000,0.000,0.000,AP
2026-05-15 08:07:46,1900-01-00 00:00:00,dlink-615_EXT,40:86:CB:27:D2:0C,-19, WPA2 ,0.000000,0.000000,0.000,0.000,AP
2026-05-15 08:07:46,1900-01-00 00:00:00,dlink-615_EXT,40:86:CB:27:D2:0C,-15, WPA2 ,0.000000,0.000000,0.000,0.000,AP
2026-05-15 08:07:46,1900-01-00 00:00:00,dlink-615_EXT,40:86:CB:27:D2:0C,-19, WPA2 ,0.000000,0.000000,0.000,0.000,AP
2026-05-15 08:07:46,1900-01-00 00:00:00,,9C:2F:9D:82:20:A3,-21,,0.000000,0.000000,0.000,0.000,Client
2026-05-15 08:07:46,1900-01-00 00:00:00,dlink-615_EXT,40:86:CB:27:D2:0C,-17, WPA2 ,0.000000,0.000000,0.000,0.000,AP
2026-05-15 08:07:46,1900-01-00 00:00:00,,9C:2F:9D:82:20:A3,-21,,0.000000,0.000000,0.000,0.000,Client
2026-05-15 08:07:46,1900-01-00 00:00:00,dlink-615_EXT,40:86:CB:27:D2:0C,-17, WPA2 ,0.000000,0.000000,0.000,0.000,AP
2026-05-15 08:07:47,1900-01-00 00:00:00,dlink-615_EXT,40:86:CB:27:D2:0C,-53, WPA2 ,0.000000,0.000000,0.000,0.000,AP
2026-05-15 08:07:47,1900-01-00 00:00:00,dlink-615_EXT,40:86:CB:27:D2:0C,-53, WPA2 ,0.000000,0.000000,0.000,0.000,AP
2026-05-15 08:07:47,1900-01-00 00:00:00,dlink-615_EXT,40:86:CB:27:D2:0C,-19, WPA2 ,0.000000,0.000000,0.000,0.000,AP
2026-05-15 08:07:47,1900-01-00 00:00:00,dlink-615_EXT,40:86:CB:27:D2:0C,-19, WPA2 ,0.000000,0.000000,0.000,0.000,AP
2026-05-15 08:07:47,1900-01-00 00:00:00,,9C:2F:9D:82:20:A3,-25,,0.000000,0.000000,0.000,0.000,Client
2026-05-15 08:07:48,1900-01-00 00:00:00,dlink-615_EXT,40:86:CB:27:D2:0C,-17, WPA2 ,0.000000,0.000000,0.000,0.000,AP
2026-05-15 08:07:48,1900-01-00 00:00:00,dlink-615_EXT,40:86:CB:27:D2:0C,-17, WPA2 ,0.000000,0.000000,0.000,0.000,AP
2026-05-15 08:07:48,1900-01-00 00:00:00,dlink-615_EXT,40:86:CB:27:D2:0C,-19, WPA2 ,0.000000,0.000000,0.000,0.000,AP
2026-05-15 08:07:48,1900-01-00 00:00:00,,9C:2F:9D:82:20:A3,-25,,0.000000,0.000000,0.000,0.000,Client
2026-05-15 08:07:48,1900-01-00 00:00:00,dlink-615_EXT,40:86:CB:27:D2:0C,-19, WPA2 ,0.000000,0.000000,0.000,0.000,AP
2026-05-15 08:07:49,1900-01-00 00:00:00,dlink-615_EXT,40:86:CB:27:D2:0C,-19, WPA2 ,0.000000,0.000000,0.000,0.000,AP
2026-05-15 08:07:49,1900-01-00 00:00:00,,9C:2F:9D:82:20:A3,-25,,0.000000,0.000000,0.000,0.000,Client
2026-05-15 08:07:49,1900-01-00 00:00:00,dlink-615_EXT,40:86:CB:27:D2:0C,-19, WPA2 ,0.000000,0.000000,0.000,0.000,AP
2026-05-15 08:07:50,1900-01-00 00:00:00,dlink-615_EXT,40:86:CB:27:D2:0C,-17, WPA2 ,0.000000,0.000000,0.000,0.000,AP
2026-05-15 08:07:50,1900-01-00 00:00:00,dlink-615_EXT,40:86:CB:27:D2:0C,-15, WPA2 ,0.000000,0.000000,0.000,0.000,AP
2026-05-15 08:07:50,1900-01-00 00:00:00,dlink-615_EXT,40:86:CB:27:D2:0C,-17, WPA2 ,0.000000,0.000000,0.000,0.000,AP
2026-05-15 08:07:50,1900-01-00 00:00:00,dlink-615_EXT,40:86:CB:27:D2:0C,-17, WPA2 ,0.000000,0.000000,0.000,0.000,AP
2026-05-15 08:07:50,1900-01-00 00:00:00,dlink-615_EXT,40:86:CB:27:D2:0C,-17, WPA2 ,0.000000,0.000000,0.000,0.000,AP
2026-05-15 08:07:50,1900-01-00 00:00:00,dlink-615_EXT,40:86:CB:27:D2:0C,-19, WPA2 ,0.000000,0.000000,0.000,0.000,AP
2026-05-15 08:07:50,1900-01-00 00:00:00,dlink-615_EXT,40:86:CB:27:D2:0C,-53, WPA2 ,0.000000,0.000000,0.000,0.000,AP
2026-05-15 08:07:50,1900-01-00 00:00:00,dlink-615_EXT,40:86:CB:27:D2:0C,-19, WPA2 ,0.000000,0.000000,0.000,0.000,AP
2026-05-15 08:07:51,1900-01-00 00:00:00,dlink-615_EXT,40:86:CB:27:D2:0C,-17, WPA2 ,0.000000,0.000000,0.000,0.000,AP
2026-05-15 08:07:51,1900-01-00 00:00:00,dlink-615_EXT,40:86:CB:27:D2:0C,-17, WPA2 ,0.000000,0.000000,0.000,0.000,AP
2026-05-15 08:07:51,1900-01-00 00:00:00,,9C:2F:9D:82:20:A3,-25,,0.000000,0.000000,0.000,0.000,Client
2026-05-15 08:07:51,1900-01-00 00:00:00,,9C:2F:9D:82:20:A3,-25,,0.000000,0.000000,0.000,0.000,Client
2026-05-15 08:07:51,1900-01-00 00:00:00,dlink-615_EXT,40:86:CB:27:D2:0C,-17, WPA2 ,0.000000,0.000000,0.000,0.000,AP
2026-05-15 08:07:51,1900-01-00 00:00:00,,9C:2F:9D:82:20:A3,-25,,0.000000,0.000000,0.000,0.000,Client
2026-05-15 08:07:51,1900-01-00 00:00:00,dlink-615_EXT,40:86:CB:27:D2:0C,-17, WPA2 ,0.000000,0.000000,0.000,0.000,AP
2026-05-15 08:07:52,1900-01-00 00:00:00,dlink-615_EXT,40:86:CB:27:D2:0C,-21, WPA2 ,0.000000,0.000000,0.000,0.000,AP
2026-05-15 08:07:52,1900-01-00 00:00:00,dlink-615_EXT,40:86:CB:27:D2:0C,-21, WPA2 ,0.000000,0.000000,0.000,0.000,AP
2026-05-15 08:07:52,1900-01-00 00:00:00,dlink-615_EXT,40:86:CB:27:D2:0C,-21, WPA2 ,0.000000,0.000000,0.000,0.000,AP
2026-05-15 08:07:52,1900-01-00 00:00:00,dlink-615_EXT,40:86:CB:27:D2:0C,-19, WPA2 ,0.000000,0.000000,0.000,0.000,AP
2026-05-15 08:07:52,1900-01-00 00:00:00,dlink-615_EXT,40:86:CB:27:D2:0C,-27, WPA2 ,0.000000,0.000000,0.000,0.000,AP
2026-05-15 08:07:53,1900-01-00 00:00:00,dlink-615_EXT,40:86:CB:27:D2:0C,-57, WPA2 ,0.000000,0.000000,0.000,0.000,AP
2026-05-15 08:07:53,1900-01-00 00:00:00,dlink-615_EXT,40:86:CB:27:D2:0C,-17, WPA2 ,0.000000,0.000000,0.000,0.000,AP
2026-05-15 08:07:53,1900-01-00 00:00:00,dlink-615_EXT,40:86:CB:27:D2:0C,-21, WPA2 ,0.000000,0.000000,0.000,0.000,AP
2026-05-15 08:07:53,1900-01-00 00:00:00,dlink-615_EXT,40:86:CB:27:D2:0C,-19, WPA2 ,0.000000,0.000000,0.000,0.000,AP
2026-05-15 08:07:53,1900-01-00 00:00:00,dlink-615_EXT,40:86:CB:27:D2:0C,-19, WPA2 ,0.000000,0.000000,0.000,0.000,AP
2026-05-15 08:07:53,1900-01-00 00:00:00,dlink-615_EXT,40:86:CB:27:D2:0C,-19, WPA2 ,0.000000,0.000000,0.000,0.000,AP
2026-05-15 08:07:53,1900-01-00 00:00:00,dlink-615_EXT,40:86:CB:27:D2:0C,-17, WPA2 ,0.000000,0.000000,0.000,0.000,AP
2026-05-15 08:07:53,1900-01-00 00:00:00,,9C:2F:9D:82:20:A3,-23,,0.000000,0.000000,0.000,0.000,Client
2026-05-15 08:07:53,1900-01-00 00:00:00,dlink-615_EXT,40:86:CB:27:D2:0C,-17, WPA2 ,0.000000,0.000000,0.000,0.000,AP
2026-05-15 08:07:53,1900-01-00 00:00:00,,9C:2F:9D:82:20:A3,-23,,0.000000,0.000000,0.000,0.000,Client
2026-05-15 08:07:54,1900-01-00 00:00:00,dlink-615_EXT,40:86:CB:27:D2:0C,-17, WPA2 ,0.000000,0.000000,0.000,0.000,AP
2026-05-15 08:07:54,1900-01-00 00:00:00,dlink-615_EXT,40:86:CB:27:D2:0C,-17, WPA2 ,0.000000,0.000000,0.000,0.000,AP
2026-05-15 08:07:54,1900-01-00 00:00:00,dlink-615_EXT,40:86:CB:27:D2:0C,-51, WPA2 ,0.000000,0.000000,0.000,0.000,AP
2026-05-15 08:07:54,1900-01-00 00:00:00,dlink-615_EXT,40:86:CB:27:D2:0C,-17, WPA2 ,0.000000,0.000000,0.000,0.000,AP
2026-05-15 08:07:54,1900-01-00 00:00:00,dlink-615_EXT,40:86:CB:27:D2:0C,-17, WPA2 ,0.000000,0.000000,0.000,0.000,AP
2026-05-15 08:07:54,1900-01-00 00:00:00,,9C:2F:9D:82:20:A3,-23,,0.000000,0.000000,0.000,0.000,Client
2026-05-15 08:07:54,1900-01-00 00:00:00,dlink-615_EXT,40:86:CB:27:D2:0C,-17, WPA2 ,0.000000,0.000000,0.000,0.000,AP
2026-05-15 08:07:55,1900-01-00 00:00:00,dlink-615_EXT,40:86:CB:27:D2:0C,-17, WPA2 ,0.000000,0.000000,0.000,0.000,AP
2026-05-15 08:07:55,1900-01-00 00:00:00,dlink-615_EXT,40:86:CB:27:D2:0C,-17, WPA2 ,0.000000,0.000000,0.000,0.000,AP
2026-05-15 08:07:55,1900-01-00 00:00:00,dlink-615_EXT,40:86:CB:27:D2:0C,-17, WPA2 ,0.000000,0.000000,0.000,0.000,AP
2026-05-15 08:07:55,1900-01-00 00:00:00,,9C:2F:9D:82:20:A3,-25,,0.000000,0.000000,0.000,0.000,Client
2026-05-15 08:07:55,1900-01-00 00:00:00,dlink-615_EXT,40:86:CB:27:D2:0C,-15, WPA2 ,0.000000,0.000000,0.000,0.000,AP
2026-05-15 08:07:56,1900-01-00 00:00:00,dlink-615_EXT,40:86:CB:27:D2:0C,-17, WPA2 ,0.000000,0.000000,0.000,0.000,AP
2026-05-15 08:07:56,1900-01-00 00:00:00,dlink-615_EXT,40:86:CB:27:D2:0C,-29, WPA2 ,0.000000,0.000000,0.000,0.000,AP
2026-05-15 08:07:56,1900-01-00 00:00:00,dlink-615_EXT,40:86:CB:27:D2:0C,-17, WPA2 ,0.000000,0.000000,0.000,0.000,AP
2026-05-15 08:07:56,1900-01-00 00:00:00,,9C:2F:9D:82:20:A3,-23,,0.000000,0.000000,0.000,0.000,Client
2026-05-15 08:07:56,1900-01-00 00:00:00,dlink-615_EXT,40:86:CB:27:D2:0C,-17, WPA2 ,0.000000,0.000000,0.000,0.000,AP
2026-05-15 08:07:56,1900-01-00 00:00:00,,9C:2F:9D:82:20:A3,-23,,0.000000,0.000000,0.000,0.000,Client
2026-05-15 08:07:57,1900-01-00 00:00:00,dlink-615_EXT,40:86:CB:27:D2:0C,-21, WPA2 ,0.000000,0.000000,0.000,0.000,AP
2026-05-15 08:07:57,1900-01-00 00:00:00,dlink-615_EXT,40:86:CB:27:D2:0C,-21, WPA2 ,0.000000,0.000000,0.000,0.000,AP
2026-05-15 08:07:57,1900-01-00 00:00:00,dlink-615_EXT,40:86:CB:27:D2:0C,-17, WPA2 ,0.000000,0.000000,0.000,0.000,AP
2026-05-15 08:07:57,1900-01-00 00:00:00,dlink-615_EXT,40:86:CB:27:D2:0C,-17, WPA2 ,0.000000,0.000000,0.000,0.000,AP
2026-05-15 08:07:57,1900-01-00 00:00:00,dlink-615_EXT,40:86:CB:27:D2:0C,-17, WPA2 ,0.000000,0.000000,0.000,0.000,AP
2026-05-15 08:07:57,1900-01-00 00:00:00,dlink-615_EXT,40:86:CB:27:D2:0C,-17, WPA2 ,0.000000,0.000000,0.000,0.000,AP
2026-05-15 08:07:57,1900-01-00 00:00:00,dlink-615_EXT,40:86:CB:27:D2:0C,-17, WPA2 ,0.000000,0.000000,0.000,0.000,AP
2026-05-15 08:07:57,1900-01-00 00:00:00,,9C:2F:9D:82:20:A3,-25,,0.000000,0.000000,0.000,0.000,Client
2026-05-15 08:07:57,1900-01-00 00:00:00,dlink-615_EXT,40:86:CB:27:D2:0C,-17, WPA2 ,0.000000,0.000000,0.000,0.000,AP
2026-05-15 08:07:58,1900-01-00 00:00:00,dlink-615_EXT,40:86:CB:27:D2:0C,-19, WPA2 ,0.000000,0.000000,0.000,0.000,AP
2026-05-15 08:07:58,1900-01-00 00:00:00,dlink-615_EXT,40:86:CB:27:D2:0C,-19, WPA2 ,0.000000,0.000000,0.000,0.000,AP
2026-05-15 08:07:58,1900-01-00 00:00:00,dlink-615_EXT,40:86:CB:27:D2:0C,-17, WPA2 ,0.000000,0.000000,0.000,0.000,AP
2026-05-15 08:07:58,1900-01-00 00:00:00,,9C:2F:9D:82:20:A3,-25,,0.000000,0.000000,0.000,0.000,Client
2026-05-15 08:07:58,1900-01-00 00:00:00,dlink-615_EXT,40:86:CB:27:D2:0C,-19, WPA2 ,0.000000,0.000000,0.000,0.000,AP
2026-05-15 08:07:59,1900-01-00 00:00:00,dlink-615_EXT,40:86:CB:27:D2:0C,-17, WPA2 ,0.000000,0.000000,0.000,0.000,AP
2026-05-15 08:07:59,1900-01-00 00:00:00,dlink-615_EXT,40:86:CB:27:D2:0C,-17, WPA2 ,0.000000,0.000000,0.000,0.000,AP
2026-05-15 08:07:59,1900-01-00 00:00:00,dlink-615_EXT,40:86:CB:27:D2:0C,-19, WPA2 ,0.000000,0.000000,0.000,0.000,AP
2026-05-15 08:07:59,1900-01-00 00:00:00,,9C:2F:9D:82:20:A3,-25,,0.000000,0.000000,0.000,0.000,Client
2026-05-15 08:08:00,1900-01-00 00:00:00,dlink-615_EXT,40:86:CB:27:D2:0C,-19, WPA2 ,0.000000,0.000000,0.000,0.000,AP
2026-05-15 08:08:00,1900-01-00 00:00:00,dlink-615_EXT,40:86:CB:27:D2:0C,-17, WPA2 ,0.000000,0.000000,0.000,0.000,AP
2026-05-15 08:08:00,1900-01-00 00:00:00,dlink-615_EXT,40:86:CB:27:D2:0C,-21, WPA2 ,0.000000,0.000000,0.000,0.000,AP
2026-05-15 08:08:00,1900-01-00 00:00:00,dlink-615_EXT,40:86:CB:27:D2:0C,-21, WPA2 ,0.000000,0.000000,0.000,0.000,AP
2026-05-15 08:08:00,1900-01-00 00:00:00,,9C:2F:9D:82:20:A3,-27,,0.000000,0.000000,0.000,0.000,Client
2026-05-15 08:08:01,1900-01-00 00:00:00,dlink-615_EXT,40:86:CB:27:D2:0C,-17, WPA2 ,0.000000,0.000000,0.000,0.000,AP
2026-05-15 08:08:01,1900-01-00 00:00:00,dlink-615_EXT,40:86:CB:27:D2:0C,-17, WPA2 ,0.000000,0.000000,0.000,0.000,AP
2026-05-15 08:08:01,1900-01-00 00:00:00,dlink-615_EXT,40:86:CB:27:D2:0C,-17, WPA2 ,0.000000,0.000000,0.000,0.000,AP
2026-05-15 08:08:01,1900-01-00 00:00:00,dlink-615_EXT,40:86:CB:27:D2:0C,-17, WPA2 ,0.000000,0.000000,0.000,0.000,AP
2026-05-15 08:08:01,1900-01-00 00:00:00,dlink-615_EXT,40:86:CB:27:D2:0C,-51, WPA2 ,0.000000,0.000000,0.000,0.000,AP
2026-05-15 08:08:01,1900-01-00 00:00:00,dlink-615_EXT,40:86:CB:27:D2:0C,-53, WPA2 ,0.000000,0.000000,0.000,0.000,AP
2026-05-15 08:08:01,1900-01-00 00:00:00,,9C:2F:9D:82:20:A3,-25,,0.000000,0.000000,0.000,0.000,Client
2026-05-15 08:08:01,1900-01-00 00:00:00,dlink-615_EXT,40:86:CB:27:D2:0C,-19, WPA2 ,0.000000,0.000000,0.000,0.000,AP
2026-05-15 08:08:02,1900-01-00 00:00:00,dlink-615_EXT,40:86:CB:27:D2:0C,-17, WPA2 ,0.000000,0.000000,0.000,0.000,AP
2026-05-15 08:08:03,1900-01-00 00:00:00,dlink-615_EXT,40:86:CB:27:D2:0C,-21, WPA2 ,0.000000,0.000000,0.000,0.000,AP
2026-05-15 08:08:03,1900-01-00 00:00:00,dlink-615_EXT,40:86:CB:27:D2:0C,-17, WPA2 ,0.000000,0.000000,0.000,0.000,AP
2026-05-15 08:08:03,1900-01-00 00:00:00,dlink-615_EXT,40:86:CB:27:D2:0C,-17, WPA2 ,0.000000,0.000000,0.000,0.000,AP
2026-05-15 08:08:04,1900-01-00 00:00:00,dlink-615_EXT,40:86:CB:27:D2:0C,-57, WPA2 ,0.000000,0.000000,0.000,0.000,AP
2026-05-15 08:08:04,1900-01-00 00:00:00,dlink-615_EXT,40:86:CB:27:D2:0C,-57, WPA2 ,0.000000,0.000000,0.000,0.000,AP
2026-05-15 08:08:04,1900-01-00 00:00:00,dlink-615_EXT,40:86:CB:27:D2:0C,-59, WPA2 ,0.000000,0.000000,0.000,0.000,AP
2026-05-15 08:08:04,1900-01-00 00:00:00,dlink-615_EXT,40:86:CB:27:D2:0C,-59, WPA2 ,0.000000,0.000000,0.000,0.000,AP
2026-05-15 08:08:04,1900-01-00 00:00:00,dlink-615_EXT,40:86:CB:27:D2:0C,-59, WPA2 ,0.000000,0.000000,0.000,0.000,AP
2026-05-15 08:08:04,1900-01-00 00:00:00,dlink-615_EXT,40:86:CB:27:D2:0C,-21, WPA2 ,0.000000,0.000000,0.000,0.000,AP
2026-05-15 08:08:04,1900-01-00 00:00:00,dlink-615_EXT,40:86:CB:27:D2:0C,-19, WPA2 ,0.000000,0.000000,0.000,0.000,AP
2026-05-15 08:08:04,1900-01-00 00:00:00,dlink-615_EXT,40:86:CB:27:D2:0C,-57, WPA2 ,0.000000,0.000000,0.000,0.000,AP
2026-05-15 08:08:04,1900-01-00 00:00:00,,9C:2F:9D:82:20:A3,-23,,0.000000,0.000000,0.000,0.000,Client
2026-05-15 08:08:04,1900-01-00 00:00:00,dlink-615_EXT,40:86:CB:27:D2:0C,-19, WPA2 ,0.000000,0.000000,0.000,0.000,AP
2026-05-15 08:08:04,1900-01-00 00:00:00,,9C:2F:9D:82:20:A3,-23,,0.000000,0.000000,0.000,0.000,Client
2026-05-15 08:08:04,1900-01-00 00:00:00,dlink-615_EXT,40:86:CB:27:D2:0C,-17, WPA2 ,0.000000,0.000000,0.000,0.000,AP
2026-05-15 08:08:05,1900-01-00 00:00:00,dlink-615_EXT,40:86:CB:27:D2:0C,-17, WPA2 ,0.000000,0.000000,0.000,0.000,AP
2026-05-15 08:08:05,1900-01-00 00:00:00,dlink-615_EXT,40:86:CB:27:D2:0C,-19, WPA2 ,0.000000,0.000000,0.000,0.000,AP
2026-05-15 08:08:05,1900-01-00 00:00:00,dlink-615_EXT,40:86:CB:27:D2:0C,-17, WPA2 ,0.000000,0.000000,0.000,0.000,AP
2026-05-15 08:08:05,1900-01-00 00:00:00,,9C:2F:9D:82:20:A3,-23,,0.000000,0.000000,0.000,0.000,Client
2026-05-15 08:08:05,1900-01-00 00:00:00,dlink-615_EXT,40:86:CB:27:D2:0C,-17, WPA2 ,0.000000,0.000000,0.000,0.000,AP
2026-05-15 08:08:06,1900-01-00 00:00:00,dlink-615_EXT,40:86:CB:27:D2:0C,-49, WPA2 ,0.000000,0.000000,0.000,0.000,AP
2026-05-15 08:08:06,1900-01-00 00:00:00,dlink-615_EXT,40:86:CB:27:D2:0C,-21, WPA2 ,0.000000,0.000000,0.000,0.000,AP
2026-05-15 08:08:07,1900-01-00 00:00:00,dlink-615_EXT,40:86:CB:27:D2:0C,-17, WPA2 ,0.000000,0.000000,0.000,0.000,AP
2026-05-15 08:08:07,1900-01-00 00:00:00,dlink-615_EXT,40:86:CB:27:D2:0C,-17, WPA2 ,0.000000,0.000000,0.000,0.000,AP
2026-05-15 08:08:07,1900-01-00 00:00:00,dlink-615_EXT,40:86:CB:27:D2:0C,-19, WPA2 ,0.000000,0.000000,0.000,0.000,AP
2026-05-15 08:08:07,1900-01-00 00:00:00,dlink-615_EXT,40:86:CB:27:D2:0C,-17, WPA2 ,0.000000,0.000000,0.000,0.000,AP
2026-05-15 08:08:07,1900-01-00 00:00:00,dlink-615_EXT,40:86:CB:27:D2:0C,-57, WPA2 ,0.000000,0.000000,0.000,0.000,AP
2026-05-15 08:08:07,1900-01-00 00:00:00,dlink-615_EXT,40:86:CB:27:D2:0C,-19, WPA2 ,0.000000,0.000000,0.000,0.000,AP
2026-05-15 08:08:07,1900-01-00 00:00:00,,9C:2F:9D:82:20:A3,-25,,0.000000,0.000000,0.000,0.000,Client
2026-05-15 08:08:08,1900-01-00 00:00:00,dlink-615_EXT,40:86:CB:27:D2:0C,-17, WPA2 ,0.000000,0.000000,0.000,0.000,AP
2026-05-15 08:08:08,1900-01-00 00:00:00,dlink-615_EXT,40:86:CB:27:D2:0C,-59, WPA2 ,0.000000,0.000000,0.000,0.000,AP
2026-05-15 08:08:08,1900-01-00 00:00:00,dlink-615_EXT,40:86:CB:27:D2:0C,-17, WPA2 ,0.000000,0.000000,0.000,0.000,AP
2026-05-15 08:08:08,1900-01-00 00:00:00,dlink-615_EXT,40:86:CB:27:D2:0C,-17, WPA2 ,0.000000,0.000000,0.000,0.000,AP
2026-05-15 08:08:08,1900-01-00 00:00:00,dlink-615_EXT,40:86:CB:27:D2:0C,-17, WPA2 ,0.000000,0.000000,0.000,0.000,AP
2026-05-15 08:08:09,1900-01-00 00:00:00,dlink-615_EXT,40:86:CB:27:D2:0C,-55, WPA2 ,0.000000,0.000000,0.000,0.000,AP
2026-05-15 08:08:09,1900-01-00 00:00:00,dlink-615_EXT,40:86:CB:27:D2:0C,-17, WPA2 ,0.000000,0.000000,0.000,0.000,AP
2026-05-15 08:08:09,1900-01-00 00:00:00,dlink-615_EXT,40:86:CB:27:D2:0C,-17, WPA2 ,0.000000,0.000000,0.000,0.000,AP
2026-05-15 08:08:09,1900-01-00 00:00:00,dlink-615_EXT,40:86:CB:27:D2:0C,-19, WPA2 ,0.000000,0.000000,0.000,0.000,AP
2026-05-15 08:08:09,1900-01-00 00:00:00,dlink-615_EXT,40:86:CB:27:D2:0C,-17, WPA2 ,0.000000,0.000000,0.000,0.000,AP
2026-05-15 08:08:09,1900-01-00 00:00:00,dlink-615_EXT,40:86:CB:27:D2:0C,-17, WPA2 ,0.000000,0.000000,0.000,0.000,AP
2026-05-15 08:08:09,1900-01-00 00:00:00,dlink-615_EXT,40:86:CB:27:D2:0C,-17, WPA2 ,0.000000,0.000000,0.000,0.000,AP
2026-05-15 08:08:10,1900-01-00 00:00:00,dlink-615_EXT,40:86:CB:27:D2:0C,-17, WPA2 ,0.000000,0.000000,0.000,0.000,AP
2026-05-15 08:08:10,1900-01-00 00:00:00,dlink-615_EXT,40:86:CB:27:D2:0C,-23, WPA2 ,0.000000,0.000000,0.000,0.000,AP
2026-05-15 08:08:10,1900-01-00 00:00:00,dlink-615_EXT,40:86:CB:27:D2:0C,-23, WPA2 ,0.000000,0.000000,0.000,0.000,AP
2026-05-15 08:08:10,1900-01-00 00:00:00,dlink-615_EXT,40:86:CB:27:D2:0C,-21, WPA2 ,0.000000,0.000000,0.000,0.000,AP
2026-05-15 08:08:10,1900-01-00 00:00:00,dlink-615_EXT,40:86:CB:27:D2:0C,-17, WPA2 ,0.000000,0.000000,0.000,0.000,AP
2026-05-15 08:08:10,1900-01-00 00:00:00,dlink-615_EXT,40:86:CB:27:D2:0C,-59, WPA2 ,0.000000,0.000000,0.000,0.000,AP
2026-05-15 08:08:10,1900-01-00 00:00:00,dlink-615_EXT,40:86:CB:27:D2:0C,-61, WPA2 ,0.000000,0.000000,0.000,0.000,AP
2026-05-15 08:08:10,1900-01-00 00:00:00,dlink-615_EXT,40:86:CB:27:D2:0C,-59, WPA2 ,0.000000,0.000000,0.000,0.000,AP
2026-05-15 08:08:10,1900-01-00 00:00:00,dlink-615_EXT,40:86:CB:27:D2:0C,-61, WPA2 ,0.000000,0.000000,0.000,0.000,AP
2026-05-15 08:08:11,1900-01-00 00:00:00,dlink-615_EXT,40:86:CB:27:D2:0C,-17, WPA2 ,0.000000,0.000000,0.000,0.000,AP
2026-05-15 08:08:11,1900-01-00 00:00:00,dlink-615_EXT,40:86:CB:27:D2:0C,-61, WPA2 ,0.000000,0.000000,0.000,0.000,AP
2026-05-15 08:08:11,1900-01-00 00:00:00,dlink-615_EXT,40:86:CB:27:D2:0C,-61, WPA2 ,0.000000,0.000000,0.000,0.000,AP
2026-05-15 08:08:11,1900-01-00 00:00:00,dlink-615_EXT,40:86:CB:27:D2:0C,-61, WPA2 ,0.000000,0.000000,0.000,0.000,AP
2026-05-15 08:08:11,1900-01-00 00:00:00,dlink-615_EXT,40:86:CB:27:D2:0C,-19, WPA2 ,0.000000,0.000000,0.000,0.000,AP
2026-05-15 08:08:12,1900-01-00 00:00:00,dlink-615_EXT,40:86:CB:27:D2:0C,-17, WPA2 ,0.000000,0.000000,0.000,0.000,AP
2026-05-15 08:08:12,1900-01-00 00:00:00,dlink-615_EXT,40:86:CB:27:D2:0C,-19, WPA2 ,0.000000,0.000000,0.000,0.000,AP
2026-05-15 08:08:12,1900-01-00 00:00:00,,9C:2F:9D:82:20:A3,-25,,0.000000,0.000000,0.000,0.000,Client
2026-05-15 08:08:12,1900-01-00 00:00:00,dlink-615_EXT,40:86:CB:27:D2:0C,-15, WPA2 ,0.000000,0.000000,0.000,0.000,AP
2026-05-15 08:08:12,1900-01-00 00:00:00,dlink-615_EXT,40:86:CB:27:D2:0C,-17, WPA2 ,0.000000,0.000000,0.000,0.000,AP
2026-05-15 08:08:13,1900-01-00 00:00:00,dlink-615_EXT,40:86:CB:27:D2:0C,-15, WPA2 ,0.000000,0.000000,0.000,0.000,AP
2026-05-15 08:08:13,1900-01-00 00:00:00,dlink-615_EXT,40:86:CB:27:D2:0C,-17, WPA2 ,0.000000,0.000000,0.000,0.000,AP
2026-05-15 08:08:14,1900-01-00 00:00:00,dlink-615_EXT,40:86:CB:27:D2:0C,-17, WPA2 ,0.000000,0.000000,0.000,0.000,AP
2026-05-15 08:08:14,1900-01-00 00:00:00,,9C:2F:9D:82:20:A3,-25,,0.000000,0.000000,0.000,0.000,Client
2026-05-15 08:08:15,1900-01-00 00:00:00,dlink-615_EXT,40:86:CB:27:D2:0C,-61, WPA2 ,0.000000,0.000000,0.000,0.000,AP
2026-05-15 08:08:15,1900-01-00 00:00:00,dlink-615_EXT,40:86:CB:27:D2:0C,-61, WPA2 ,0.000000,0.000000,0.000,0.000,AP
2026-05-15 08:08:15,1900-01-00 00:00:00,dlink-615_EXT,40:86:CB:27:D2:0C,-17, WPA2 ,0.000000,0.000000,0.000,0.000,AP
2026-05-15 08:08:15,1900-01-00 00:00:00,dlink-615_EXT,40:86:CB:27:D2:0C,-17, WPA2 ,0.000000,0.000000,0.000,0.000,AP
2026-05-15 08:08:15,1900-01-00 00:00:00,dlink-615_EXT,40:86:CB:27:D2:0C,-21, WPA2 ,0.000000,0.000000,0.000,0.000,AP
2026-05-15 08:08:15,1900-01-00 00:00:00,dlink-615_EXT,40:86:CB:27:D2:0C,-19, WPA2 ,0.000000,0.000000,0.000,0.000,AP
2026-05-15 08:08:15,1900-01-00 00:00:00,dlink-615_EXT,40:86:CB:27:D2:0C,-17, WPA2 ,0.000000,0.000000,0.000,0.000,AP
2026-05-15 08:08:15,1900-01-00 00:00:00,dlink-615_EXT,40:86:CB:27:D2:0C,-17, WPA2 ,0.000000,0.000000,0.000,0.000,AP
2026-05-15 08:08:15,1900-01-00 00:00:00,dlink-615_EXT,40:86:CB:27:D2:0C,-17, WPA2 ,0.000000,0.000000,0.000,0.000,AP
2026-05-15 08:08:15,1900-01-00 00:00:00,,9C:2F:9D:82:20:A3,-23,,0.000000,0.000000,0.000,0.000,Client
2026-05-15 08:08:15,1900-01-00 00:00:00,dlink-615_EXT,40:86:CB:27:D2:0C,-17, WPA2 ,0.000000,0.000000,0.000,0.000,AP
2026-05-15 08:08:15,1900-01-00 00:00:00,dlink-615_EXT,40:86:CB:27:D2:0C,-15, WPA2 ,0.000000,0.000000,0.000,0.000,AP
2026-05-15 08:08:15,1900-01-00 00:00:00,dlink-615_EXT,40:86:CB:27:D2:0C,-17, WPA2 ,0.000000,0.000000,0.000,0.000,AP
2026-05-15 08:08:16,1900-01-00 00:00:00,dlink-615_EXT,40:86:CB:27:D2:0C,-15, WPA2 ,0.000000,0.000000,0.000,0.000,AP
2026-05-15 08:08:16,1900-01-00 00:00:00,dlink-615_EXT,40:86:CB:27:D2:0C,-15, WPA2 ,0.000000,0.000000,0.000,0.000,AP
2026-05-15 08:08:16,1900-01-00 00:00:00,dlink-615_EXT,40:86:CB:27:D2:0C,-15, WPA2 ,0.000000,0.000000,0.000,0.000,AP
2026-05-15 08:08:16,1900-01-00 00:00:00,dlink-615_EXT,40:86:CB:27:D2:0C,-53, WPA2 ,0.000000,0.000000,0.000,0.000,AP
2026-05-15 08:08:16,1900-01-00 00:00:00,dlink-615_EXT,40:86:CB:27:D2:0C,-53, WPA2 ,0.000000,0.000000,0.000,0.000,AP
2026-05-15 08:08:16,1900-01-00 00:00:00,dlink-615_EXT,40:86:CB:27:D2:0C,-15, WPA2 ,0.000000,0.000000,0.000,0.000,AP
2026-05-15 08:08:17,1900-01-00 00:00:00,dlink-615_EXT,40:86:CB:27:D2:0C,-17, WPA2 ,0.000000,0.000000,0.000,0.000,AP
2026-05-15 08:08:17,1900-01-00 00:00:00,dlink-615_EXT,40:86:CB:27:D2:0C,-15, WPA2 ,0.000000,0.000000,0.000,0.000,AP
2026-05-15 08:08:17,1900-01-00 00:00:00,dlink-615_EXT,40:86:CB:27:D2:0C,-21, WPA2 ,0.000000,0.000000,0.000,0.000,AP
2026-05-15 08:08:17,1900-01-00 00:00:00,dlink-615_EXT,40:86:CB:27:D2:0C,-21, WPA2 ,0.000000,0.000000,0.000,0.000,AP
2026-05-15 08:08:18,1900-01-00 00:00:00,dlink-615_EXT,40:86:CB:27:D2:0C,-15, WPA2 ,0.000000,0.000000,0.000,0.000,AP
2026-05-15 08:08:18,1900-01-00 00:00:00,dlink-615_EXT,40:86:CB:27:D2:0C,-15, WPA2 ,0.000000,0.000000,0.000,0.000,AP
2026-05-15 08:08:18,1900-01-00 00:00:00,dlink-615_EXT,40:86:CB:27:D2:0C,-15, WPA2 ,0.000000,0.000000,0.000,0.000,AP
2026-05-15 08:08:18,1900-01-00 00:00:00,dlink-615_EXT,40:86:CB:27:D2:0C,-17, WPA2 ,0.000000,0.000000,0.000,0.000,AP
2026-05-15 08:08:18,1900-01-00 00:00:00,,9C:2F:9D:82:20:A3,-25,,0.000000,0.000000,0.000,0.000,Client
2026-05-15 08:08:18,1900-01-00 00:00:00,dlink-615_EXT,40:86:CB:27:D2:0C,-17, WPA2 ,0.000000,0.000000,0.000,0.000,AP
2026-05-15 08:08:18,1900-01-00 00:00:00,,9C:2F:9D:82:20:A3,-27,,0.000000,0.000000,0.000,0.000,Client
2026-05-15 08:08:18,1900-01-00 00:00:00,dlink-615_EXT,40:86:CB:27:D2:0C,-17, WPA2 ,0.000000,0.000000,0.000,0.000,AP
2026-05-15 08:08:19,1900-01-00 00:00:00,dlink-615_EXT,40:86:CB:27:D2:0C,-21, WPA2 ,0.000000,0.000000,0.000,0.000,AP
2026-05-15 08:08:19,1900-01-00 00:00:00,dlink-615_EXT,40:86:CB:27:D2:0C,-15, WPA2 ,0.000000,0.000000,0.000,0.000,AP
2026-05-15 08:08:19,1900-01-00 00:00:00,dlink-615_EXT,40:86:CB:27:D2:0C,-15, WPA2 ,0.000000,0.000000,0.000,0.000,AP
2026-05-15 08:08:19,1900-01-00 00:00:00,dlink-615_EXT,40:86:CB:27:D2:0C,-17, WPA2 ,0.000000,0.000000,0.000,0.000,AP
2026-05-15 08:08:19,1900-01-00 00:00:00,dlink-615_EXT,40:86:CB:27:D2:0C,-15, WPA2 ,0.000000,0.000000,0.000,0.000,AP
2026-05-15 08:08:19,1900-01-00 00:00:00,dlink-615_EXT,40:86:CB:27:D2:0C,-15, WPA2 ,0.000000,0.000000,0.000,0.000,AP
2026-05-15 08:08:19,1900-01-00 00:00:00,dlink-615_EXT,40:86:CB:27:D2:0C,-15, WPA2 ,0.000000,0.000000,0.000,0.000,AP
2026-05-15 08:08:19,1900-01-00 00:00:00,dlink-615_EXT,40:86:CB:27:D2:0C,-65, WPA2 ,0.000000,0.000000,0.000,0.000,AP
2026-05-15 08:08:20,1900-01-00 00:00:00,dlink-615_EXT,40:86:CB:27:D2:0C,-53, WPA2 ,0.000000,0.000000,0.000,0.000,AP
2026-05-15 08:08:20,1900-01-00 00:00:00,dlink-615_EXT,40:86:CB:27:D2:0C,-15, WPA2 ,0.000000,0.000000,0.000,0.000,AP
2026-05-15 08:08:20,1900-01-00 00:00:00,dlink-615_EXT,40:86:CB:27:D2:0C,-15, WPA2 ,0.000000,0.000000,0.000,0.000,AP
2026-05-15 08:08:20,1900-01-00 00:00:00,dlink-615_EXT,40:86:CB:27:D2:0C,-15, WPA2 ,0.000000,0.000000,0.000,0.000,AP
2026-05-15 08:08:20,1900-01-00 00:00:00,dlink-615_EXT,40:86:CB:27:D2:0C,-17, WPA2 ,0.000000,0.000000,0.000,0.000,AP
2026-05-15 08:08:20,1900-01-00 00:00:00,dlink-615_EXT,40:86:CB:27:D2:0C,-15, WPA2 ,0.000000,0.000000,0.000,0.000,AP
2026-05-15 08:08:20,1900-01-00 00:00:00,,9C:2F:9D:82:20:A3,-25,,0.000000,0.000000,0.000,0.000,Client
2026-05-15 08:08:20,1900-01-00 00:00:00,dlink-615_EXT,40:86:CB:27:D2:0C,-17, WPA2 ,0.000000,0.000000,0.000,0.000,AP
2026-05-15 08:08:20,1900-01-00 00:00:00,dlink-615_EXT,40:86:CB:27:D2:0C,-17, WPA2 ,0.000000,0.000000,0.000,0.000,AP
2026-05-15 08:08:20,1900-01-00 00:00:00,dlink-615_EXT,40:86:CB:27:D2:0C,-15, WPA2 ,0.000000,0.000000,0.000,0.000,AP
2026-05-15 08:08:21,1900-01-00 00:00:00,dlink-615_EXT,40:86:CB:27:D2:0C,-21, WPA2 ,0.000000,0.000000,0.000,0.000,AP
2026-05-15 08:08:21,1900-01-00 00:00:00,dlink-615_EXT,40:86:CB:27:D2:0C,-17, WPA2 ,0.000000,0.000000,0.000,0.000,AP
2026-05-15 08:08:21,1900-01-00 00:00:00,,9C:2F:9D:82:20:A3,-23,,0.000000,0.000000,0.000,0.000,Client
2026-05-15 08:08:21,1900-01-00 00:00:00,dlink-615_EXT,40:86:CB:27:D2:0C,-15, WPA2 ,0.000000,0.000000,0.000,0.000,AP
2026-05-15 08:08:22,1900-01-00 00:00:00,dlink-615_EXT,40:86:CB:27:D2:0C,-15, WPA2 ,0.000000,0.000000,0.000,0.000,AP
2026-05-15 08:08:22,1900-01-00 00:00:00,dlink-615_EXT,40:86:CB:27:D2:0C,-15, WPA2 ,0.000000,0.000000,0.000,0.000,AP
2026-05-15 08:08:22,1900-01-00 00:00:00,dlink-615_EXT,40:86:CB:27:D2:0C,-19, WPA2 ,0.000000,0.000000,0.000,0.000,AP
2026-05-15 08:08:22,1900-01-00 00:00:00,dlink-615_EXT,40:86:CB:27:D2:0C,-17, WPA2 ,0.000000,0.000000,0.000,0.000,AP
2026-05-15 08:08:22,1900-01-00 00:00:00,dlink-615_EXT,40:86:CB:27:D2:0C,-17, WPA2 ,0.000000,0.000000,0.000,0.000,AP
2026-05-15 08:08:22,1900-01-00 00:00:00,,9C:2F:9D:82:20:A3,-25,,0.000000,0.000000,0.000,0.000,Client
2026-05-15 08:08:22,1900-01-00 00:00:00,dlink-615_EXT,40:86:CB:27:D2:0C,-15, WPA2 ,0.000000,0.000000,0.000,0.000,AP
2026-05-15 08:08:22,1900-01-00 00:00:00,,9C:2F:9D:82:20:A3,-25,,0.000000,0.000000,0.000,0.000,Client
2026-05-15 08:08:22,1900-01-00 00:00:00,dlink-615_EXT,40:86:CB:27:D2:0C,-15, WPA2 ,0.000000,0.000000,0.000,0.000,AP
2026-05-15 08:08:23,1900-01-00 00:00:00,dlink-615_EXT,40:86:CB:27:D2:0C,-17, WPA2 ,0.000000,0.000000,0.000,0.000,AP
2026-05-15 08:08:23,1900-01-00 00:00:00,dlink-615_EXT,40:86:CB:27:D2:0C,-17, WPA2 ,0.000000,0.000000,0.000,0.000,AP
2026-05-15 08:08:23,1900-01-00 00:00:00,dlink-615_EXT,40:86:CB:27:D2:0C,-15, WPA2 ,0.000000,0.000000,0.000,0.000,AP
2026-05-15 08:08:23,1900-01-00 00:00:00,dlink-615_EXT,40:86:CB:27:D2:0C,-15, WPA2 ,0.000000,0.000000,0.000,0.000,AP
2026-05-15 08:08:23,1900-01-00 00:00:00,dlink-615_EXT,40:86:CB:27:D2:0C,-17, WPA2 ,0.000000,0.000000,0.000,0.000,AP
2026-05-15 08:08:23,1900-01-00 00:00:00,dlink-615_EXT,40:86:CB:27:D2:0C,-15, WPA2 ,0.000000,0.000000,0.000,0.000,AP
2026-05-15 08:08:23,1900-01-00 00:00:00,dlink-615_EXT,40:86:CB:27:D2:0C,-53, WPA2 ,0.000000,0.000000,0.000,0.000,AP
2026-05-15 08:08:23,1900-01-00 00:00:00,,9C:2F:9D:82:20:A3,-25,,0.000000,0.000000,0.000,0.000,Client
2026-05-15 08:08:23,1900-01-00 00:00:00,,9C:2F:9D:82:20:A3,-25,,0.000000,0.000000,0.000,0.000,Client
2026-05-15 08:08:24,1900-01-00 00:00:00,dlink-615_EXT,40:86:CB:27:D2:0C,-21, WPA2 ,0.000000,0.000000,0.000,0.000,AP
2026-05-15 08:08:25,1900-01-00 00:00:00,,9C:2F:9D:82:20:A3,-31,,0.000000,0.000000,0.000,0.000,Client
2026-05-15 08:08:25,1900-01-00 00:00:00,,9C:2F:9D:82:20:A3,-29,,0.000000,0.000000,0.000,0.000,Client
2026-05-15 08:08:25,1900-01-00 00:00:00,,9C:2F:9D:82:20:A3,-31,,0.000000,0.000000,0.000,0.000,Client
2026-05-15 08:08:25,1900-01-00 00:00:00,dlink-615_EXT,40:86:CB:27:D2:0C,-23, WPA2 ,0.000000,0.000000,0.000,0.000,AP
2026-05-15 08:08:25,1900-01-00 00:00:00,dlink-615_EXT,40:86:CB:27:D2:0C,-61, WPA2 ,0.000000,0.000000,0.000,0.000,AP
2026-05-15 08:08:25,1900-01-00 00:00:00,dlink-615_EXT,40:86:CB:27:D2:0C,-25, WPA2 ,0.000000,0.000000,0.000,0.000,AP
2026-05-15 08:08:26,1900-01-00 00:00:00,dlink-615_EXT,40:86:CB:27:D2:0C,-59, WPA2 ,0.000000,0.000000,0.000,0.000,AP
2026-05-15 08:08:26,1900-01-00 00:00:00,dlink-615_EXT,40:86:CB:27:D2:0C,-21, WPA2 ,0.000000,0.000000,0.000,0.000,AP
2026-05-15 08:08:26,1900-01-00 00:00:00,dlink-615_EXT,40:86:CB:27:D2:0C,-21, WPA2 ,0.000000,0.000000,0.000,0.000,AP
2026-05-15 08:08:26,1900-01-00 00:00:00,dlink-615_EXT,40:86:CB:27:D2:0C,-59, WPA2 ,0.000000,0.000000,0.000,0.000,AP
2026-05-15 08:08:26,1900-01-00 00:00:00,dlink-615_EXT,40:86:CB:27:D2:0C,-57, WPA2 ,0.000000,0.000000,0.000,0.000,AP
2026-05-15 08:08:26,1900-01-00 00:00:00,dlink-615_EXT,40:86:CB:27:D2:0C,-57, WPA2 ,0.000000,0.000000,0.000,0.000,AP
2026-05-15 08:08:26,1900-01-00 00:00:00,dlink-615_EXT,40:86:CB:27:D2:0C,-57, WPA2 ,0.000000,0.000000,0.000,0.000,AP
2026-05-15 08:08:26,1900-01-00 00:00:00,dlink-615_EXT,40:86:CB:27:D2:0C,-57, WPA2 ,0.000000,0.000000,0.000,0.000,AP
2026-05-15 08:08:26,1900-01-00 00:00:00,dlink-615_EXT,40:86:CB:27:D2:0C,-53, WPA2 ,0.000000,0.000000,0.000,0.000,AP
2026-05-15 08:08:26,1900-01-00 00:00:00,dlink-615_EXT,40:86:CB:27:D2:0C,-17, WPA2 ,0.000000,0.000000,0.000,0.000,AP
2026-05-15 08:08:26,1900-01-00 00:00:00,,9C:2F:9D:82:20:A3,-25,,0.000000,0.000000,0.000,0.000,Client
2026-05-15 08:08:27,1900-01-00 00:00:00,dlink-615_EXT,40:86:CB:27:D2:0C,-17, WPA2 ,0.000000,0.000000,0.000,0.000,AP
2026-05-15 08:08:27,1900-01-00 00:00:00,dlink-615_EXT,40:86:CB:27:D2:0C,-15, WPA2 ,0.000000,0.000000,0.000,0.000,AP
2026-05-15 08:08:27,1900-01-00 00:00:00,dlink-615_EXT,40:86:CB:27:D2:0C,-15, WPA2 ,0.000000,0.000000,0.000,0.000,AP
2026-05-15 08:08:27,1900-01-00 00:00:00,,9C:2F:9D:82:20:A3,-25,,0.000000,0.000000,0.000,0.000,Client
2026-05-15 08:08:28,1900-01-00 00:00:00,dlink-615_EXT,40:86:CB:27:D2:0C,-15, WPA2 ,0.000000,0.000000,0.000,0.000,AP
2026-05-15 08:08:28,1900-01-00 00:00:00,dlink-615_EXT,40:86:CB:27:D2:0C,-17, WPA2 ,0.000000,0.000000,0.000,0.000,AP
2026-05-15 08:08:28,1900-01-00 00:00:00,dlink-615_EXT,40:86:CB:27:D2:0C,-17, WPA2 ,0.000000,0.000000,0.000,0.000,AP
2026-05-15 08:08:28,1900-01-00 00:00:00,dlink-615_EXT,40:86:CB:27:D2:0C,-17, WPA2 ,0.000000,0.000000,0.000,0.000,AP
2026-05-15 08:08:29,1900-01-00 00:00:00,dlink-615_EXT,40:86:CB:27:D2:0C,-17, WPA2 ,0.000000,0.000000,0.000,0.000,AP
2026-05-15 08:08:29,1900-01-00 00:00:00,dlink-615_EXT,40:86:CB:27:D2:0C,-17, WPA2 ,0.000000,0.000000,0.000,0.000,AP
2026-05-15 08:08:29,1900-01-00 00:00:00,dlink-615_EXT,40:86:CB:27:D2:0C,-59, WPA2 ,0.000000,0.000000,0.000,0.000,AP
2026-05-15 08:08:29,1900-01-00 00:00:00,dlink-615_EXT,40:86:CB:27:D2:0C,-59, WPA2 ,0.000000,0.000000,0.000,0.000,AP
2026-05-15 08:08:29,1900-01-00 00:00:00,dlink-615_EXT,40:86:CB:27:D2:0C,-21, WPA2 ,0.000000,0.000000,0.000,0.000,AP
2026-05-15 08:08:29,1900-01-00 00:00:00,,9C:2F:9D:82:20:A3,-25,,0.000000,0.000000,0.000,0.000,Client
2026-05-15 08:08:29,1900-01-00 00:00:00,dlink-615_EXT,40:86:CB:27:D2:0C,-19, WPA2 ,0.000000,0.000000,0.000,0.000,AP
2026-05-15 08:08:29,1900-01-00 00:00:00,,9C:2F:9D:82:20:A3,-23,,0.000000,0.000000,0.000,0.000,Client
2026-05-15 08:08:30,1900-01-00 00:00:00,dlink-615_EXT,40:86:CB:27:D2:0C,-55, WPA2 ,0.000000,0.000000,0.000,0.000,AP
2026-05-15 08:08:30,1900-01-00 00:00:00,dlink-615_EXT,40:86:CB:27:D2:0C,-17, WPA2 ,0.000000,0.000000,0.000,0.000,AP
2026-05-15 08:08:30,1900-01-00 00:00:00,dlink-615_EXT,40:86:CB:27:D2:0C,-21, WPA2 ,0.000000,0.000000,0.000,0.000,AP
2026-05-15 08:08:31,1900-01-00 00:00:00,,9C:2F:9D:82:20:A3,-36,,0.000000,0.000000,0.000,0.000,Client
2026-05-15 08:08:31,1900-01-00 00:00:00,,9C:2F:9D:82:20:A3,-36,,0.000000,0.000000,0.000,0.000,Client
2026-05-15 08:08:31,1900-01-00 00:00:00,dlink-615_EXT,40:86:CB:27:D2:0C,-15, WPA2 ,0.000000,0.000000,0.000,0.000,AP
2026-05-15 08:08:31,1900-01-00 00:00:00,,9C:2F:9D:82:20:A3,-25,,0.000000,0.000000,0.000,0.000,Client
2026-05-15 08:08:31,1900-01-00 00:00:00,dlink-615_EXT,40:86:CB:27:D2:0C,-15, WPA2 ,0.000000,0.000000,0.000,0.000,AP
2026-05-15 08:08:31,1900-01-00 00:00:00,dlink-615_EXT,40:86:CB:27:D2:0C,-15, WPA2 ,0.000000,0.000000,0.000,0.000,AP
2026-05-15 08:08:31,1900-01-00 00:00:00,,9C:2F:9D:82:20:A3,-23,,0.000000,0.000000,0.000,0.000,Client
2026-05-15 08:08:31,1900-01-00 00:00:00,,9C:2F:9D:82:20:A3,-36,,0.000000,0.000000,0.000,0.000,Client
2026-05-15 08:08:31,1900-01-00 00:00:00,dlink-615_EXT,40:86:CB:27:D2:0C,-19, WPA2 ,0.000000,0.000000,0.000,0.000,AP
2026-05-15 08:08:32,1900-01-00 00:00:00,dlink-615_EXT,40:86:CB:27:D2:0C,-17, WPA2 ,0.000000,0.000000,0.000,0.000,AP
2026-05-15 08:08:32,1900-01-00 00:00:00,dlink-615_EXT,40:86:CB:27:D2:0C,-65, WPA2 ,0.000000,0.000000,0.000,0.000,AP
2026-05-15 08:08:32,1900-01-00 00:00:00,dlink-615_EXT,40:86:CB:27:D2:0C,-15, WPA2 ,0.000000,0.000000,0.000,0.000,AP
2026-05-15 08:08:32,1900-01-00 00:00:00,dlink-615_EXT,40:86:CB:27:D2:0C,-53, WPA2 ,0.000000,0.000000,0.000,0.000,AP
2026-05-15 08:08:32,1900-01-00 00:00:00,dlink-615_EXT,40:86:CB:27:D2:0C,-17, WPA2 ,0.000000,0.000000,0.000,0.000,AP
2026-05-15 08:08:32,1900-01-00 00:00:00,dlink-615_EXT,40:86:CB:27:D2:0C,-15, WPA2 ,0.000000,0.000000,0.000,0.000,AP
2026-05-15 08:08:32,1900-01-00 00:00:00,dlink-615_EXT,40:86:CB:27:D2:0C,-17, WPA2 ,0.000000,0.000000,0.000,0.000,AP
2026-05-15 08:08:32,1900-01-00 00:00:00,dlink-615_EXT,40:86:CB:27:D2:0C,-17, WPA2 ,0.000000,0.000000,0.000,0.000,AP
2026-05-15 08:08:32,1900-01-00 00:00:00,,9C:2F:9D:82:20:A3,-36,,0.000000,0.000000,0.000,0.000,Client
2026-05-15 08:08:32,1900-01-00 00:00:00,dlink-615_EXT,40:86:CB:27:D2:0C,-17, WPA2 ,0.000000,0.000000,0.000,0.000,AP
2026-05-15 08:08:33,1900-01-00 00:00:00,dlink-615_EXT,40:86:CB:27:D2:0C,-17, WPA2 ,0.000000,0.000000,0.000,0.000,AP
2026-05-15 08:08:33,1900-01-00 00:00:00,dlink-615_EXT,40:86:CB:27:D2:0C,-17, WPA2 ,0.000000,0.000000,0.000,0.000,AP
2026-05-15 08:08:33,1900-01-00 00:00:00,dlink-615_EXT,40:86:CB:27:D2:0C,-61, WPA2 ,0.000000,0.000000,0.000,0.000,AP
2026-05-15 08:08:33,1900-01-00 00:00:00,dlink-615_EXT,40:86:CB:27:D2:0C,-17, WPA2 ,0.000000,0.000000,0.000,0.000,AP
2026-05-15 08:08:33,1900-01-00 00:00:00,dlink-615_EXT,40:86:CB:27:D2:0C,-15, WPA2 ,0.000000,0.000000,0.000,0.000,AP
2026-05-15 08:08:33,1900-01-00 00:00:00,dlink-615_EXT,40:86:CB:27:D2:0C,-17, WPA2 ,0.000000,0.000000,0.000,0.000,AP
2026-05-15 08:08:33,1900-01-00 00:00:00,,9C:2F:9D:82:20:A3,-21,,0.000000,0.000000,0.000,0.000,Client
2026-05-15 08:08:33,1900-01-00 00:00:00,,9C:2F:9D:82:20:A3,-25,,0.000000,0.000000,0.000,0.000,Client
2026-05-15 08:08:34,1900-01-00 00:00:00,dlink-615_EXT,40:86:CB:27:D2:0C,-19, WPA2 ,0.000000,0.000000,0.000,0.000,AP
2026-05-15 08:08:34,1900-01-00 00:00:00,dlink-615_EXT,40:86:CB:27:D2:0C,-19, WPA2 ,0.000000,0.000000,0.000,0.000,AP
2026-05-15 08:08:34,1900-01-00 00:00:00,dlink-615_EXT,40:86:CB:27:D2:0C,-17, WPA2 ,0.000000,0.000000,0.000,0.000,AP
2026-05-15 08:08:34,1900-01-00 00:00:00,dlink-615_EXT,40:86:CB:27:D2:0C,-17, WPA2 ,0.000000,0.000000,0.000,0.000,AP
2026-05-15 08:08:34,1900-01-00 00:00:00,dlink-615_EXT,40:86:CB:27:D2:0C,-17, WPA2 ,0.000000,0.000000,0.000,0.000,AP
2026-05-15 08:08:34,1900-01-00 00:00:00,dlink-615_EXT,40:86:CB:27:D2:0C,-17, WPA2 ,0.000000,0.000000,0.000,0.000,AP
2026-05-15 08:08:34,1900-01-00 00:00:00,dlink-615_EXT,40:86:CB:27:D2:0C,-17, WPA2 ,0.000000,0.000000,0.000,0.000,AP
2026-05-15 08:08:34,1900-01-00 00:00:00,,9C:2F:9D:82:20:A3,-23,,0.000000,0.000000,0.000,0.000,Client
2026-05-15 08:08:34,1900-01-00 00:00:00,dlink-615_EXT,40:86:CB:27:D2:0C,-15, WPA2 ,0.000000,0.000000,0.000,0.000,AP
2026-05-15 08:08:35,1900-01-00 00:00:00,dlink-615_EXT,40:86:CB:27:D2:0C,-15, WPA2 ,0.000000,0.000000,0.000,0.000,AP
2026-05-15 08:08:35,1900-01-00 00:00:00,dlink-615_EXT,40:86:CB:27:D2:0C,-17, WPA2 ,0.000000,0.000000,0.000,0.000,AP
2026-05-15 08:08:35,1900-01-00 00:00:00,dlink-615_EXT,40:86:CB:27:D2:0C,-17, WPA2 ,0.000000,0.000000,0.000,0.000,AP
2026-05-15 08:08:35,1900-01-00 00:00:00,dlink-615_EXT,40:86:CB:27:D2:0C,-15, WPA2 ,0.000000,0.000000,0.000,0.000,AP
2026-05-15 08:08:35,1900-01-00 00:00:00,dlink-615_EXT,40:86:CB:27:D2:0C,-17, WPA2 ,0.000000,0.000000,0.000,0.000,AP
2026-05-15 08:08:35,1900-01-00 00:00:00,,9C:2F:9D:82:20:A3,-21,,0.000000,0.000000,0.000,0.000,Client
2026-05-15 08:08:35,1900-01-00 00:00:00,dlink-615_EXT,40:86:CB:27:D2:0C,-17, WPA2 ,0.000000,0.000000,0.000,0.000,AP
2026-05-15 08:08:35,1900-01-00 00:00:00,,9C:2F:9D:82:20:A3,-25,,0.000000,0.000000,0.000,0.000,Client
2026-05-15 08:08:35,1900-01-00 00:00:00,dlink-615_EXT,40:86:CB:27:D2:0C,-17, WPA2 ,0.000000,0.000000,0.000,0.000,AP
2026-05-15 08:08:36,1900-01-00 00:00:00,dlink-615_EXT,40:86:CB:27:D2:0C,-19, WPA2 ,0.000000,0.000000,0.000,0.000,AP
2026-05-15 08:08:36,1900-01-00 00:00:00,dlink-615_EXT,40:86:CB:27:D2:0C,-15, WPA2 ,0.000000,0.000000,0.000,0.000,AP
2026-05-15 08:08:36,1900-01-00 00:00:00,dlink-615_EXT,40:86:CB:27:D2:0C,-17, WPA2 ,0.000000,0.000000,0.000,0.000,AP
2026-05-15 08:08:36,1900-01-00 00:00:00,dlink-615_EXT,40:86:CB:27:D2:0C,-15, WPA2 ,0.000000,0.000000,0.000,0.000,AP
2026-05-15 08:08:36,1900-01-00 00:00:00,dlink-615_EXT,40:86:CB:27:D2:0C,-19, WPA2 ,0.000000,0.000000,0.000,0.000,AP
2026-05-15 08:08:36,1900-01-00 00:00:00,dlink-615_EXT,40:86:CB:27:D2:0C,-17, WPA2 ,0.000000,0.000000,0.000,0.000,AP
2026-05-15 08:08:37,1900-01-00 00:00:00,dlink-615_EXT,40:86:CB:27:D2:0C,-19, WPA2 ,0.000000,0.000000,0.000,0.000,AP
2026-05-15 08:08:37,1900-01-00 00:00:00,dlink-615_EXT,40:86:CB:27:D2:0C,-19, WPA2 ,0.000000,0.000000,0.000,0.000,AP
2026-05-15 08:08:37,1900-01-00 00:00:00,dlink-615_EXT,40:86:CB:27:D2:0C,-17, WPA2 ,0.000000,0.000000,0.000,0.000,AP
2026-05-15 08:08:37,1900-01-00 00:00:00,dlink-615_EXT,40:86:CB:27:D2:0C,-17, WPA2 ,0.000000,0.000000,0.000,0.000,AP
2026-05-15 08:08:37,1900-01-00 00:00:00,dlink-615_EXT,40:86:CB:27:D2:0C,-17, WPA2 ,0.000000,0.000000,0.000,0.000,AP
2026-05-15 08:08:37,1900-01-00 00:00:00,dlink-615_EXT,40:86:CB:27:D2:0C,-15, WPA2 ,0.000000,0.000000,0.000,0.000,AP
2026-05-15 08:08:37,1900-01-00 00:00:00,dlink-615_EXT,40:86:CB:27:D2:0C,-17, WPA2 ,0.000000,0.000000,0.000,0.000,AP
2026-05-15 08:08:37,1900-01-00 00:00:00,dlink-615_EXT,40:86:CB:27:D2:0C,-19, WPA2 ,0.000000,0.000000,0.000,0.000,AP
2026-05-15 08:08:38,1900-01-00 00:00:00,dlink-615_EXT,40:86:CB:27:D2:0C,-55, WPA2 ,0.000000,0.000000,0.000,0.000,AP
2026-05-15 08:08:38,1900-01-00 00:00:00,dlink-615_EXT,40:86:CB:27:D2:0C,-17, WPA2 ,0.000000,0.000000,0.000,0.000,AP
2026-05-15 08:08:38,1900-01-00 00:00:00,dlink-615_EXT,40:86:CB:27:D2:0C,-17, WPA2 ,0.000000,0.000000,0.000,0.000,AP
2026-05-15 08:08:38,1900-01-00 00:00:00,dlink-615_EXT,40:86:CB:27:D2:0C,-15, WPA2 ,0.000000,0.000000,0.000,0.000,AP
2026-05-15 08:08:38,1900-01-00 00:00:00,dlink-615_EXT,40:86:CB:27:D2:0C,-49, WPA2 ,0.000000,0.000000,0.000,0.000,AP
2026-05-15 08:08:39,1900-01-00 00:00:00,dlink-615_EXT,40:86:CB:27:D2:0C,-17, WPA2 ,0.000000,0.000000,0.000,0.000,AP
2026-05-15 08:08:39,1900-01-00 00:00:00,dlink-615_EXT,40:86:CB:27:D2:0C,-23, WPA2 ,0.000000,0.000000,0.000,0.000,AP
2026-05-15 08:08:39,1900-01-00 00:00:00,,9C:2F:9D:82:20:A3,-23,,0.000000,0.000000,0.000,0.000,Client
2026-05-15 08:08:39,1900-01-00 00:00:00,dlink-615_EXT,40:86:CB:27:D2:0C,-17, WPA2 ,0.000000,0.000000,0.000,0.000,AP
2026-05-15 08:08:40,1900-01-00 00:00:00,dlink-615_EXT,40:86:CB:27:D2:0C,-29, WPA2 ,0.000000,0.000000,0.000,0.000,AP
2026-05-15 08:08:40,1900-01-00 00:00:00,dlink-615_EXT,40:86:CB:27:D2:0C,-59, WPA2 ,0.000000,0.000000,0.000,0.000,AP
2026-05-15 08:08:40,1900-01-00 00:00:00,dlink-615_EXT,40:86:CB:27:D2:0C,-19, WPA2 ,0.000000,0.000000,0.000,0.000,AP
2026-05-15 08:08:40,1900-01-00 00:00:00,dlink-615_EXT,40:86:CB:27:D2:0C,-21, WPA2 ,0.000000,0.000000,0.000,0.000,AP
2026-05-15 08:08:40,1900-01-00 00:00:00,dlink-615_EXT,40:86:CB:27:D2:0C,-17, WPA2 ,0.000000,0.000000,0.000,0.000,AP
2026-05-15 08:08:40,1900-01-00 00:00:00,dlink-615_EXT,40:86:CB:27:D2:0C,-17, WPA2 ,0.000000,0.000000,0.000,0.000,AP
2026-05-15 08:08:41,1900-01-00 00:00:00,dlink-615_EXT,40:86:CB:27:D2:0C,-17, WPA2 ,0.000000,0.000000,0.000,0.000,AP
2026-05-15 08:08:41,1900-01-00 00:00:00,dlink-615_EXT,40:86:CB:27:D2:0C,-15, WPA2 ,0.000000,0.000000,0.000,0.000,AP
2026-05-15 08:08:41,1900-01-00 00:00:00,dlink-615_EXT,40:86:CB:27:D2:0C,-17, WPA2 ,0.000000,0.000000,0.000,0.000,AP
2026-05-15 08:08:41,1900-01-00 00:00:00,,9C:2F:9D:82:20:A3,-25,,0.000000,0.000000,0.000,0.000,Client
2026-05-15 08:08:42,1900-01-00 00:00:00,dlink-615_EXT,40:86:CB:27:D2:0C,-17, WPA2 ,0.000000,0.000000,0.000,0.000,AP
2026-05-15 08:08:42,1900-01-00 00:00:00,dlink-615_EXT,40:86:CB:27:D2:0C,-15, WPA2 ,0.000000,0.000000,0.000,0.000,AP
2026-05-15 08:08:42,1900-01-00 00:00:00,dlink-615_EXT,40:86:CB:27:D2:0C,-17, WPA2 ,0.000000,0.000000,0.000,0.000,AP
2026-05-15 08:08:42,1900-01-00 00:00:00,dlink-615_EXT,40:86:CB:27:D2:0C,-15, WPA2 ,0.000000,0.000000,0.000,0.000,AP
2026-05-15 08:08:42,1900-01-00 00:00:00,dlink-615_EXT,40:86:CB:27:D2:0C,-15, WPA2 ,0.000000,0.000000,0.000,0.000,AP
2026-05-15 08:08:43,1900-01-00 00:00:00,dlink-615_EXT,40:86:CB:27:D2:0C,-21, WPA2 ,0.000000,0.000000,0.000,0.000,AP
2026-05-15 08:08:43,1900-01-00 00:00:00,dlink-615_EXT,40:86:CB:27:D2:0C,-15, WPA2 ,0.000000,0.000000,0.000,0.000,AP
2026-05-15 08:08:43,1900-01-00 00:00:00,dlink-615_EXT,40:86:CB:27:D2:0C,-17, WPA2 ,0.000000,0.000000,0.000,0.000,AP
2026-05-15 08:08:43,1900-01-00 00:00:00,dlink-615_EXT,40:86:CB:27:D2:0C,-15, WPA2 ,0.000000,0.000000,0.000,0.000,AP
2026-05-15 08:08:44,1900-01-00 00:00:00,dlink-615_EXT,40:86:CB:27:D2:0C,-59, WPA2 ,0.000000,0.000000,0.000,0.000,AP
2026-05-15 08:08:44,1900-01-00 00:00:00,dlink-615_EXT,40:86:CB:27:D2:0C,-63, WPA2 ,0.000000,0.000000,0.000,0.000,AP
2026-05-15 08:08:44,1900-01-00 00:00:00,dlink-615_EXT,40:86:CB:27:D2:0C,-17, WPA2 ,0.000000,0.000000,0.000,0.000,AP
2026-05-15 08:08:44,1900-01-00 00:00:00,dlink-615_EXT,40:86:CB:27:D2:0C,-21, WPA2 ,0.000000,0.000000,0.000,0.000,AP
2026-05-15 08:08:44,1900-01-00 00:00:00,dlink-615_EXT,40:86:CB:27:D2:0C,-21, WPA2 ,0.000000,0.000000,0.000,0.000,AP
2026-05-15 08:08:44,1900-01-00 00:00:00,dlink-615_EXT,40:86:CB:27:D2:0C,-15, WPA2 ,0.000000,0.000000,0.000,0.000,AP
2026-05-15 08:08:44,1900-01-00 00:00:00,,9C:2F:9D:82:20:A3,-65,,0.000000,0.000000,0.000,0.000,Client
2026-05-15 08:08:44,1900-01-00 00:00:00,dlink-615_EXT,40:86:CB:27:D2:0C,-15, WPA2 ,0.000000,0.000000,0.000,0.000,AP
2026-05-15 08:08:44,1900-01-00 00:00:00,,9C:2F:9D:82:20:A3,-27,,0.000000,0.000000,0.000,0.000,Client
2026-05-15 08:08:45,1900-01-00 00:00:00,dlink-615_EXT,40:86:CB:27:D2:0C,-15, WPA2 ,0.000000,0.000000,0.000,0.000,AP
2026-05-15 08:08:45,1900-01-00 00:00:00,dlink-615_EXT,40:86:CB:27:D2:0C,-15, WPA2 ,0.000000,0.000000,0.000,0.000,AP
2026-05-15 08:08:45,1900-01-00 00:00:00,dlink-615_EXT,40:86:CB:27:D2:0C,-15, WPA2 ,0.000000,0.000000,0.000,0.000,AP
2026-05-15 08:08:45,1900-01-00 00:00:00,dlink-615_EXT,40:86:CB:27:D2:0C,-55, WPA2 ,0.000000,0.000000,0.000,0.000,AP
2026-05-15 08:08:45,1900-01-00 00:00:00,dlink-615_EXT,40:86:CB:27:D2:0C,-53, WPA2 ,0.000000,0.000000,0.000,0.000,AP
2026-05-15 08:08:45,1900-01-00 00:00:00,dlink-615_EXT,40:86:CB:27:D2:0C,-15, WPA2 ,0.000000,0.000000,0.000,0.000,AP
2026-05-15 08:08:45,1900-01-00 00:00:00,dlink-615_EXT,40:86:CB:27:D2:0C,-15, WPA2 ,0.000000,0.000000,0.000,0.000,AP
2026-05-15 08:08:46,1900-01-00 00:00:00,dlink-615_EXT,40:86:CB:27:D2:0C,-15, WPA2 ,0.000000,0.000000,0.000,0.000,AP
2026-05-15 08:08:46,1900-01-00 00:00:00,dlink-615_EXT,40:86:CB:27:D2:0C,-23, WPA2 ,0.000000,0.000000,0.000,0.000,AP
2026-05-15 08:08:46,1900-01-00 00:00:00,,9C:2F:9D:82:20:A3,-27,,0.000000,0.000000,0.000,0.000,Client
2026-05-15 08:08:47,1900-01-00 00:00:00,dlink-615_EXT,40:86:CB:27:D2:0C,-57, WPA2 ,0.000000,0.000000,0.000,0.000,AP
2026-05-15 08:08:47,1900-01-00 00:00:00,dlink-615_EXT,40:86:CB:27:D2:0C,-61, WPA2 ,0.000000,0.000000,0.000,0.000,AP
2026-05-15 08:08:48,1900-01-00 00:00:00,,9C:2F:9D:82:20:A3,-29,,0.000000,0.000000,0.000,0.000,Client
2026-05-15 08:08:48,1900-01-00 00:00:00,dlink-615_EXT,40:86:CB:27:D2:0C,-19, WPA2 ,0.000000,0.000000,0.000,0.000,AP
2026-05-15 08:08:48,1900-01-00 00:00:00,dlink-615_EXT,40:86:CB:27:D2:0C,-21, WPA2 ,0.000000,0.000000,0.000,0.000,AP
2026-05-15 08:08:48,1900-01-00 00:00:00,dlink-615_EXT,40:86:CB:27:D2:0C,-59, WPA2 ,0.000000,0.000000,0.000,0.000,AP
2026-05-15 08:08:48,1900-01-00 00:00:00,dlink-615_EXT,40:86:CB:27:D2:0C,-15, WPA2 ,0.000000,0.000000,0.000,0.000,AP
2026-05-15 08:08:48,1900-01-00 00:00:00,dlink-615_EXT,40:86:CB:27:D2:0C,-51, WPA2 ,0.000000,0.000000,0.000,0.000,AP
2026-05-15 08:08:48,1900-01-00 00:00:00,dlink-615_EXT,40:86:CB:27:D2:0C,-15, WPA2 ,0.000000,0.000000,0.000,0.000,AP
2026-05-15 08:08:49,1900-01-00 00:00:00,,9C:2F:9D:82:20:A3,-27,,0.000000,0.000000,0.000,0.000,Client
2026-05-15 08:08:49,1900-01-00 00:00:00,dlink-615_EXT,40:86:CB:27:D2:0C,-53, WPA2 ,0.000000,0.000000,0.000,0.000,AP
2026-05-15 08:08:49,1900-01-00 00:00:00,dlink-615_EXT,40:86:CB:27:D2:0C,-55, WPA2 ,0.000000,0.000000,0.000,0.000,AP
2026-05-15 08:08:49,1900-01-00 00:00:00,dlink-615_EXT,40:86:CB:27:D2:0C,-17, WPA2 ,0.000000,0.000000,0.000,0.000,AP
2026-05-15 08:08:49,1900-01-00 00:00:00,dlink-615_EXT,40:86:CB:27:D2:0C,-15, WPA2 ,0.000000,0.000000,0.000,0.000,AP
2026-05-15 08:08:49,1900-01-00 00:00:00,dlink-615_EXT,40:86:CB:27:D2:0C,-15, WPA2 ,0.000000,0.000000,0.000,0.000,AP
2026-05-15 08:08:49,1900-01-00 00:00:00,dlink-615_EXT,40:86:CB:27:D2:0C,-17, WPA2 ,0.000000,0.000000,0.000,0.000,AP
2026-05-15 08:08:50,1900-01-00 00:00:00,dlink-615_EXT,40:86:CB:27:D2:0C,-17, WPA2 ,0.000000,0.000000,0.000,0.000,AP
2026-05-15 08:08:50,1900-01-00 00:00:00,dlink-615_EXT,40:86:CB:27:D2:0C,-15, WPA2 ,0.000000,0.000000,0.000,0.000,AP
2026-05-15 08:08:50,1900-01-00 00:00:00,dlink-615_EXT,40:86:CB:27:D2:0C,-21, WPA2 ,0.000000,0.000000,0.000,0.000,AP
2026-05-15 08:08:50,1900-01-00 00:00:00,dlink-615_EXT,40:86:CB:27:D2:0C,-21, WPA2 ,0.000000,0.000000,0.000,0.000,AP
2026-05-15 08:08:50,1900-01-00 00:00:00,dlink-615_EXT,40:86:CB:27:D2:0C,-17, WPA2 ,0.000000,0.000000,0.000,0.000,AP
2026-05-15 08:08:50,1900-01-00 00:00:00,dlink-615_EXT,40:86:CB:27:D2:0C,-15, WPA2 ,0.000000,0.000000,0.000,0.000,AP
2026-05-15 08:08:50,1900-01-00 00:00:00,dlink-615_EXT,40:86:CB:27:D2:0C,-61, WPA2 ,0.000000,0.000000,0.000,0.000,AP
2026-05-15 08:08:51,1900-01-00 00:00:00,dlink-615_EXT,40:86:CB:27:D2:0C,-17, WPA2 ,0.000000,0.000000,0.000,0.000,AP
2026-05-15 08:08:51,1900-01-00 00:00:00,dlink-615_EXT,40:86:CB:27:D2:0C,-15, WPA2 ,0.000000,0.000000,0.000,0.000,AP
2026-05-15 08:08:51,1900-01-00 00:00:00,dlink-615_EXT,40:86:CB:27:D2:0C,-17, WPA2 ,0.000000,0.000000,0.000,0.000,AP
2026-05-15 08:08:51,1900-01-00 00:00:00,dlink-615_EXT,40:86:CB:27:D2:0C,-55, WPA2 ,0.000000,0.000000,0.000,0.000,AP
2026-05-15 08:08:52,1900-01-00 00:00:00,dlink-615_EXT,40:86:CB:27:D2:0C,-17, WPA2 ,0.000000,0.000000,0.000,0.000,AP
2026-05-15 08:08:52,1900-01-00 00:00:00,dlink-615_EXT,40:86:CB:27:D2:0C,-17, WPA2 ,0.000000,0.000000,0.000,0.000,AP
2026-05-15 08:08:52,1900-01-00 00:00:00,dlink-615_EXT,40:86:CB:27:D2:0C,-53, WPA2 ,0.000000,0.000000,0.000,0.000,AP
2026-05-15 08:08:52,1900-01-00 00:00:00,dlink-615_EXT,40:86:CB:27:D2:0C,-17, WPA2 ,0.000000,0.000000,0.000,0.000,AP
2026-05-15 08:08:52,1900-01-00 00:00:00,dlink-615_EXT,40:86:CB:27:D2:0C,-19, WPA2 ,0.000000,0.000000,0.000,0.000,AP
2026-05-15 08:08:52,1900-01-00 00:00:00,,9C:2F:9D:82:20:A3,-25,,0.000000,0.000000,0.000,0.000,Client
2026-05-15 08:08:52,1900-01-00 00:00:00,dlink-615_EXT,40:86:CB:27:D2:0C,-17, WPA2 ,0.000000,0.000000,0.000,0.000,AP
2026-05-15 08:08:53,1900-01-00 00:00:00,,9C:2F:9D:82:20:A3,-65,,0.000000,0.000000,0.000,0.000,Client
2026-05-15 08:08:53,1900-01-00 00:00:00,dlink-615_EXT,40:86:CB:27:D2:0C,-17, WPA2 ,0.000000,0.000000,0.000,0.000,AP
2026-05-15 08:08:53,1900-01-00 00:00:00,dlink-615_EXT,40:86:CB:27:D2:0C,-17, WPA2 ,0.000000,0.000000,0.000,0.000,AP
2026-05-15 08:08:53,1900-01-00 00:00:00,dlink-615_EXT,40:86:CB:27:D2:0C,-49, WPA2 ,0.000000,0.000000,0.000,0.000,AP
2026-05-15 08:08:53,1900-01-00 00:00:00,dlink-615_EXT,40:86:CB:27:D2:0C,-49, WPA2 ,0.000000,0.000000,0.000,0.000,AP
2026-05-15 08:08:53,1900-01-00 00:00:00,,9C:2F:9D:82:20:A3,-23,,0.000000,0.000000,0.000,0.000,Client
2026-05-15 08:08:53,1900-01-00 00:00:00,dlink-615_EXT,40:86:CB:27:D2:0C,-17, WPA2 ,0.000000,0.000000,0.000,0.000,AP
2026-05-15 08:08:54,1900-01-00 00:00:00,dlink-615_EXT,40:86:CB:27:D2:0C,-23, WPA2 ,0.000000,0.000000,0.000,0.000,AP
2026-05-15 08:08:54,1900-01-00 00:00:00,dlink-615_EXT,40:86:CB:27:D2:0C,-23, WPA2 ,0.000000,0.000000,0.000,0.000,AP
2026-05-15 08:08:54,1900-01-00 00:00:00,dlink-615_EXT,40:86:CB:27:D2:0C,-17, WPA2 ,0.000000,0.000000,0.000,0.000,AP
2026-05-15 08:08:55,1900-01-00 00:00:00,dlink-615_EXT,40:86:CB:27:D2:0C,-57, WPA2 ,0.000000,0.000000,0.000,0.000,AP
2026-05-15 08:08:55,1900-01-00 00:00:00,dlink-615_EXT,40:86:CB:27:D2:0C,-57, WPA2 ,0.000000,0.000000,0.000,0.000,AP
2026-05-15 08:08:55,1900-01-00 00:00:00,dlink-615_EXT,40:86:CB:27:D2:0C,-19, WPA2 ,0.000000,0.000000,0.000,0.000,AP
2026-05-15 08:08:55,1900-01-00 00:00:00,dlink-615_EXT,40:86:CB:27:D2:0C,-19, WPA2 ,0.000000,0.000000,0.000,0.000,AP
2026-05-15 08:08:55,1900-01-00 00:00:00,dlink-615_EXT,40:86:CB:27:D2:0C,-57, WPA2 ,0.000000,0.000000,0.000,0.000,AP
2026-05-15 08:08:55,1900-01-00 00:00:00,dlink-615_EXT,40:86:CB:27:D2:0C,-17, WPA2 ,0.000000,0.000000,0.000,0.000,AP
2026-05-15 08:08:55,1900-01-00 00:00:00,,9C:2F:9D:82:20:A3,-23,,0.000000,0.000000,0.000,0.000,Client
2026-05-15 08:08:55,1900-01-00 00:00:00,dlink-615_EXT,40:86:CB:27:D2:0C,-17, WPA2 ,0.000000,0.000000,0.000,0.000,AP
2026-05-15 08:08:56,1900-01-00 00:00:00,,9C:2F:9D:82:20:A3,-65,,0.000000,0.000000,0.000,0.000,Client
2026-05-15 08:08:56,1900-01-00 00:00:00,dlink-615_EXT,40:86:CB:27:D2:0C,-53, WPA2 ,0.000000,0.000000,0.000,0.000,AP
2026-05-15 08:08:56,1900-01-00 00:00:00,dlink-615_EXT,40:86:CB:27:D2:0C,-51, WPA2 ,0.000000,0.000000,0.000,0.000,AP
2026-05-15 08:08:56,1900-01-00 00:00:00,dlink-615_EXT,40:86:CB:27:D2:0C,-17, WPA2 ,0.000000,0.000000,0.000,0.000,AP
2026-05-15 08:08:56,1900-01-00 00:00:00,dlink-615_EXT,40:86:CB:27:D2:0C,-15, WPA2 ,0.000000,0.000000,0.000,0.000,AP
2026-05-15 08:08:57,1900-01-00 00:00:00,,9C:2F:9D:82:20:A3,-23,,0.000000,0.000000,0.000,0.000,Client
2026-05-15 08:08:57,1900-01-00 00:00:00,dlink-615_EXT,40:86:CB:27:D2:0C,-17, WPA2 ,0.000000,0.000000,0.000,0.000,AP
2026-05-15 08:08:57,1900-01-00 00:00:00,dlink-615_EXT,40:86:CB:27:D2:0C,-21, WPA2 ,0.000000,0.000000,0.000,0.000,AP
2026-05-15 08:08:57,1900-01-00 00:00:00,dlink-615_EXT,40:86:CB:27:D2:0C,-21, WPA2 ,0.000000,0.000000,0.000,0.000,AP
2026-05-15 08:08:58,1900-01-00 00:00:00,dlink-615_EXT,40:86:CB:27:D2:0C,-17, WPA2 ,0.000000,0.000000,0.000,0.000,AP
2026-05-15 08:08:58,1900-01-00 00:00:00,dlink-615_EXT,40:86:CB:27:D2:0C,-57, WPA2 ,0.000000,0.000000,0.000,0.000,AP
2026-05-15 08:08:59,1900-01-00 00:00:00,,9C:2F:9D:82:20:A3,-27,,0.000000,0.000000,0.000,0.000,Client
2026-05-15 08:08:59,1900-01-00 00:00:00,dlink-615_EXT,40:86:CB:27:D2:0C,-19, WPA2 ,0.000000,0.000000,0.000,0.000,AP
2026-05-15 08:08:59,1900-01-00 00:00:00,dlink-615_EXT,40:86:CB:27:D2:0C,-17, WPA2 ,0.000000,0.000000,0.000,0.000,AP
2026-05-15 08:08:59,1900-01-00 00:00:00,dlink-615_EXT,40:86:CB:27:D2:0C,-55, WPA2 ,0.000000,0.000000,0.000,0.000,AP
2026-05-15 08:08:59,1900-01-00 00:00:00,dlink-615_EXT,40:86:CB:27:D2:0C,-15, WPA2 ,0.000000,0.000000,0.000,0.000,AP
2026-05-15 08:09:00,1900-01-00 00:00:00,dlink-615_EXT,40:86:CB:27:D2:0C,-53, WPA2 ,0.000000,0.000000,0.000,0.000,AP
2026-05-15 08:09:00,1900-01-00 00:00:00,dlink-615_EXT,40:86:CB:27:D2:0C,-53, WPA2 ,0.000000,0.000000,0.000,0.000,AP
2026-05-15 08:09:00,1900-01-00 00:00:00,dlink-615_EXT,40:86:CB:27:D2:0C,-17, WPA2 ,0.000000,0.000000,0.000,0.000,AP
2026-05-15 08:09:00,1900-01-00 00:00:00,dlink-615_EXT,40:86:CB:27:D2:0C,-15, WPA2 ,0.000000,0.000000,0.000,0.000,AP
2026-05-15 08:09:01,1900-01-00 00:00:00,dlink-615_EXT,40:86:CB:27:D2:0C,-21, WPA2 ,0.000000,0.000000,0.000,0.000,AP
2026-05-15 08:09:01,1900-01-00 00:00:00,dlink-615_EXT,40:86:CB:27:D2:0C,-21, WPA2 ,0.000000,0.000000,0.000,0.000,AP
2026-05-15 08:09:01,1900-01-00 00:00:00,dlink-615_EXT,40:86:CB:27:D2:0C,-15, WPA2 ,0.000000,0.000000,0.000,0.000,AP
2026-05-15 08:09:02,1900-01-00 00:00:00,dlink-615_EXT,40:86:CB:27:D2:0C,-59, WPA2 ,0.000000,0.000000,0.000,0.000,AP
2026-05-15 08:09:02,1900-01-00 00:00:00,dlink-615_EXT,40:86:CB:27:D2:0C,-15, WPA2 ,0.000000,0.000000,0.000,0.000,AP
2026-05-15 08:09:02,1900-01-00 00:00:00,dlink-615_EXT,40:86:CB:27:D2:0C,-59, WPA2 ,0.000000,0.000000,0.000,0.000,AP
2026-05-15 08:09:02,1900-01-00 00:00:00,dlink-615_EXT,40:86:CB:27:D2:0C,-61, WPA2 ,0.000000,0.000000,0.000,0.000,AP
2026-05-15 08:09:02,1900-01-00 00:00:00,dlink-615_EXT,40:86:CB:27:D2:0C,-17, WPA2 ,0.000000,0.000000,0.000,0.000,AP
2026-05-15 08:09:02,1900-01-00 00:00:00,dlink-615_EXT,40:86:CB:27:D2:0C,-21, WPA2 ,0.000000,0.000000,0.000,0.000,AP
2026-05-15 08:09:02,1900-01-00 00:00:00,dlink-615_EXT,40:86:CB:27:D2:0C,-21, WPA2 ,0.000000,0.000000,0.000,0.000,AP
2026-05-15 08:09:02,1900-01-00 00:00:00,dlink-615_EXT,40:86:CB:27:D2:0C,-19, WPA2 ,0.000000,0.000000,0.000,0.000,AP
2026-05-15 08:09:03,1900-01-00 00:00:00,dlink-615_EXT,40:86:CB:27:D2:0C,-17, WPA2 ,0.000000,0.000000,0.000,0.000,AP
2026-05-15 08:09:03,1900-01-00 00:00:00,dlink-615_EXT,40:86:CB:27:D2:0C,-15, WPA2 ,0.000000,0.000000,0.000,0.000,AP
2026-05-15 08:09:03,1900-01-00 00:00:00,,9C:2F:9D:82:20:A3,-29,,0.000000,0.000000,0.000,0.000,Client
2026-05-15 08:09:03,1900-01-00 00:00:00,dlink-615_EXT,40:86:CB:27:D2:0C,-17, WPA2 ,0.000000,0.000000,0.000,0.000,AP
2026-05-15 08:09:04,1900-01-00 00:00:00,dlink-615_EXT,40:86:CB:27:D2:0C,-15, WPA2 ,0.000000,0.000000,0.000,0.000,AP
2026-05-15 08:09:04,1900-01-00 00:00:00,,9C:2F:9D:82:20:A3,-29,,0.000000,0.000000,0.000,0.000,Client
2026-05-15 08:09:04,1900-01-00 00:00:00,dlink-615_EXT,40:86:CB:27:D2:0C,-15, WPA2 ,0.000000,0.000000,0.000,0.000,AP
2026-05-15 08:09:04,1900-01-00 00:00:00,dlink-615_EXT,40:86:CB:27:D2:0C,-15, WPA2 ,0.000000,0.000000,0.000,0.000,AP
2026-05-15 08:09:04,1900-01-00 00:00:00,dlink-615_EXT,40:86:CB:27:D2:0C,-15, WPA2 ,0.000000,0.000000,0.000,0.000,AP
2026-05-15 08:09:04,1900-01-00 00:00:00,dlink-615_EXT,40:86:CB:27:D2:0C,-15, WPA2 ,0.000000,0.000000,0.000,0.000,AP
2026-05-15 08:09:04,1900-01-00 00:00:00,dlink-615_EXT,40:86:CB:27:D2:0C,-21, WPA2 ,0.000000,0.000000,0.000,0.000,AP
2026-05-15 08:09:05,1900-01-00 00:00:00,,9C:2F:9D:82:20:A3,-31,,0.000000,0.000000,0.000,0.000,Client
2026-05-15 08:09:05,1900-01-00 00:00:00,dlink-615_EXT,40:86:CB:27:D2:0C,-23, WPA2 ,0.000000,0.000000,0.000,0.000,AP
2026-05-15 08:09:05,1900-01-00 00:00:00,dlink-615_EXT,40:86:CB:27:D2:0C,-23, WPA2 ,0.000000,0.000000,0.000,0.000,AP
2026-05-15 08:09:05,1900-01-00 00:00:00,dlink-615_EXT,40:86:CB:27:D2:0C,-59, WPA2 ,0.000000,0.000000,0.000,0.000,AP
2026-05-15 08:09:05,1900-01-00 00:00:00,dlink-615_EXT,40:86:CB:27:D2:0C,-17, WPA2 ,0.000000,0.000000,0.000,0.000,AP
2026-05-15 08:09:05,1900-01-00 00:00:00,dlink-615_EXT,40:86:CB:27:D2:0C,-59, WPA2 ,0.000000,0.000000,0.000,0.000,AP
2026-05-15 08:09:06,1900-01-00 00:00:00,dlink-615_EXT,40:86:CB:27:D2:0C,-17, WPA2 ,0.000000,0.000000,0.000,0.000,AP
2026-05-15 08:09:06,1900-01-00 00:00:00,dlink-615_EXT,40:86:CB:27:D2:0C,-17, WPA2 ,0.000000,0.000000,0.000,0.000,AP
2026-05-15 08:09:06,1900-01-00 00:00:00,dlink-615_EXT,40:86:CB:27:D2:0C,-19, WPA2 ,0.000000,0.000000,0.000,0.000,AP
2026-05-15 08:09:06,1900-01-00 00:00:00,dlink-615_EXT,40:86:CB:27:D2:0C,-19, WPA2 ,0.000000,0.000000,0.000,0.000,AP
2026-05-15 08:09:06,1900-01-00 00:00:00,,60:E9:AA:1D:0F:F3,-19,,0.000000,0.000000,0.000,0.000,Client
2026-05-15 08:09:06,1900-01-00 00:00:00,dlink-615_EXT,40:86:CB:27:D2:0C,-19, WPA2 ,0.000000,0.000000,0.000,0.000,AP
2026-05-15 08:09:06,1900-01-00 00:00:00,,60:E9:AA:1D:0F:F3,-19,,0.000000,0.000000,0.000,0.000,Client
2026-05-15 08:09:06,1900-01-00 00:00:00,dlink-615_EXT,40:86:CB:27:D2:0C,-19, WPA2 ,0.000000,0.000000,0.000,0.000,AP
2026-05-15 08:09:06,1900-01-00 00:00:00,,60:E9:AA:1D:0F:F3,-19,,0.000000,0.000000,0.000,0.000,Client
2026-05-15 08:09:06,1900-01-00 00:00:00,dlink-615_EXT,40:86:CB:27:D2:0C,-19, WPA2 ,0.000000,0.000000,0.000,0.000,AP
2026-05-15 08:09:06,1900-01-00 00:00:00,,60:E9:AA:1D:0F:F3,-19,,0.000000,0.000000,0.000,0.000,Client
2026-05-15 08:09:06,1900-01-00 00:00:00,dlink-615_EXT,40:86:CB:27:D2:0C,-19, WPA2 ,0.000000,0.000000,0.000,0.000,AP
2026-05-15 08:09:06,1900-01-00 00:00:00,dlink-615_EXT,40:86:CB:27:D2:0C,-21, WPA2 ,0.000000,0.000000,0.000,0.000,AP
2026-05-15 08:09:06,1900-01-00 00:00:00,,60:E9:AA:1D:0F:F3,-21,,0.000000,0.000000,0.000,0.000,Client
2026-05-15 08:09:06,1900-01-00 00:00:00,dlink-615_EXT,40:86:CB:27:D2:0C,-21, WPA2 ,0.000000,0.000000,0.000,0.000,AP
2026-05-15 08:09:06,1900-01-00 00:00:00,,60:E9:AA:1D:0F:F3,-21,,0.000000,0.000000,0.000,0.000,Client
2026-05-15 08:09:06,1900-01-00 00:00:00,dlink-615_EXT,40:86:CB:27:D2:0C,-21, WPA2 ,0.000000,0.000000,0.000,0.000,AP
2026-05-15 08:09:06,1900-01-00 00:00:00,,60:E9:AA:1D:0F:F3,-21,,0.000000,0.000000,0.000,0.000,Client
2026-05-15 08:09:06,1900-01-00 00:00:00,dlink-615_EXT,40:86:CB:27:D2:0C,-21, WPA2 ,0.000000,0.000000,0.000,0.000,AP
2026-05-15 08:09:06,1900-01-00 00:00:00,,60:E9:AA:1D:0F:F3,-21,,0.000000,0.000000,0.000,0.000,Client
2026-05-15 08:09:06,1900-01-00 00:00:00,dlink-615_EXT,40:86:CB:27:D2:0C,-21, WPA2 ,0.000000,0.000000,0.000,0.000,AP
2026-05-15 08:09:06,1900-01-00 00:00:00,,60:E9:AA:1D:0F:F3,-21,,0.000000,0.000000,0.000,0.000,Client
2026-05-15 08:09:06,1900-01-00 00:00:00,dlink-615_EXT,40:86:CB:27:D2:0C,-21, WPA2 ,0.000000,0.000000,0.000,0.000,AP
2026-05-15 08:09:06,1900-01-00 00:00:00,,60:E9:AA:1D:0F:F3,-21,,0.000000,0.000000,0.000,0.000,Client
2026-05-15 08:09:06,1900-01-00 00:00:00,dlink-615_EXT,40:86:CB:27:D2:0C,-21, WPA2 ,0.000000,0.000000,0.000,0.000,AP
2026-05-15 08:09:06,1900-01-00 00:00:00,,60:E9:AA:1D:0F:F3,-21,,0.000000,0.000000,0.000,0.000,Client
2026-05-15 08:09:06,1900-01-00 00:00:00,dlink-615_EXT,40:86:CB:27:D2:0C,-21, WPA2 ,0.000000,0.000000,0.000,0.000,AP
2026-05-15 08:09:06,1900-01-00 00:00:00,,60:E9:AA:1D:0F:F3,-21,,0.000000,0.000000,0.000,0.000,Client
2026-05-15 08:09:06,1900-01-00 00:00:00,dlink-615_EXT,40:86:CB:27:D2:0C,-21, WPA2 ,0.000000,0.000000,0.000,0.000,AP
2026-05-15 08:09:06,1900-01-00 00:00:00,,60:E9:AA:1D:0F:F3,-21,,0.000000,0.000000,0.000,0.000,Client
2026-05-15 08:09:06,1900-01-00 00:00:00,dlink-615_EXT,40:86:CB:27:D2:0C,-21, WPA2 ,0.000000,0.000000,0.000,0.000,AP
2026-05-15 08:09:06,1900-01-00 00:00:00,,60:E9:AA:1D:0F:F3,-21,,0.000000,0.000000,0.000,0.000,Client
2026-05-15 08:09:06,1900-01-00 00:00:00,dlink-615_EXT,40:86:CB:27:D2:0C,-21, WPA2 ,0.000000,0.000000,0.000,0.000,AP
2026-05-15 08:09:06,1900-01-00 00:00:00,,60:E9:AA:1D:0F:F3,-21,,0.000000,0.000000,0.000,0.000,Client
2026-05-15 08:09:06,1900-01-00 00:00:00,dlink-615_EXT,40:86:CB:27:D2:0C,-21, WPA2 ,0.000000,0.000000,0.000,0.000,AP
2026-05-15 08:09:06,1900-01-00 00:00:00,,60:E9:AA:1D:0F:F3,-21,,0.000000,0.000000,0.000,0.000,Client
2026-05-15 08:09:06,1900-01-00 00:00:00,dlink-615_EXT,40:86:CB:27:D2:0C,-21, WPA2 ,0.000000,0.000000,0.000,0.000,AP
2026-05-15 08:09:06,1900-01-00 00:00:00,,60:E9:AA:1D:0F:F3,-21,,0.000000,0.000000,0.000,0.000,Client
2026-05-15 08:09:06,1900-01-00 00:00:00,dlink-615_EXT,40:86:CB:27:D2:0C,-21, WPA2 ,0.000000,0.000000,0.000,0.000,AP
2026-05-15 08:09:06,1900-01-00 00:00:00,,60:E9:AA:1D:0F:F3,-21,,0.000000,0.000000,0.000,0.000,Client
2026-05-15 08:09:06,1900-01-00 00:00:00,dlink-615_EXT,40:86:CB:27:D2:0C,-21, WPA2 ,0.000000,0.000000,0.000,0.000,AP
2026-05-15 08:09:06,1900-01-00 00:00:00,,60:E9:AA:1D:0F:F3,-21,,0.000000,0.000000,0.000,0.000,Client
2026-05-15 08:09:06,1900-01-00 00:00:00,dlink-615_EXT,40:86:CB:27:D2:0C,-21, WPA2 ,0.000000,0.000000,0.000,0.000,AP
2026-05-15 08:09:06,1900-01-00 00:00:00,,60:E9:AA:1D:0F:F3,-21,,0.000000,0.000000,0.000,0.000,Client
2026-05-15 08:09:06,1900-01-00 00:00:00,dlink-615_EXT,40:86:CB:27:D2:0C,-21, WPA2 ,0.000000,0.000000,0.000,0.000,AP
2026-05-15 08:09:06,1900-01-00 00:00:00,,60:E9:AA:1D:0F:F3,-29,,0.000000,0.000000,0.000,0.000,Client
2026-05-15 08:09:06,1900-01-00 00:00:00,dlink-615_EXT,40:86:CB:27:D2:0C,-15, WPA2 ,0.000000,0.000000,0.000,0.000,AP
2026-05-15 08:09:06,1900-01-00 00:00:00,dlink-615_EXT,40:86:CB:27:D2:0C,-15, WPA2 ,0.000000,0.000000,0.000,0.000,AP
2026-05-15 08:09:06,1900-01-00 00:00:00,,60:E9:AA:1D:0F:F3,-15,,0.000000,0.000000,0.000,0.000,Client
2026-05-15 08:09:06,1900-01-00 00:00:00,dlink-615_EXT,40:86:CB:27:D2:0C,-15, WPA2 ,0.000000,0.000000,0.000,0.000,AP
2026-05-15 08:09:06,1900-01-00 00:00:00,,60:E9:AA:1D:0F:F3,-15,,0.000000,0.000000,0.000,0.000,Client
2026-05-15 08:09:06,1900-01-00 00:00:00,dlink-615_EXT,40:86:CB:27:D2:0C,-15, WPA2 ,0.000000,0.000000,0.000,0.000,AP
2026-05-15 08:09:06,1900-01-00 00:00:00,,60:E9:AA:1D:0F:F3,-15,,0.000000,0.000000,0.000,0.000,Client
2026-05-15 08:09:06,1900-01-00 00:00:00,dlink-615_EXT,40:86:CB:27:D2:0C,-15, WPA2 ,0.000000,0.000000,0.000,0.000,AP
2026-05-15 08:09:06,1900-01-00 00:00:00,,60:E9:AA:1D:0F:F3,-15,,0.000000,0.000000,0.000,0.000,Client
2026-05-15 08:09:06,1900-01-00 00:00:00,dlink-615_EXT,40:86:CB:27:D2:0C,-15, WPA2 ,0.000000,0.000000,0.000,0.000,AP
2026-05-15 08:09:06,1900-01-00 00:00:00,,60:E9:AA:1D:0F:F3,-15,,0.000000,0.000000,0.000,0.000,Client
2026-05-15 08:09:06,1900-01-00 00:00:00,dlink-615_EXT,40:86:CB:27:D2:0C,-15, WPA2 ,0.000000,0.000000,0.000,0.000,AP
2026-05-15 08:09:06,1900-01-00 00:00:00,,60:E9:AA:1D:0F:F3,-15,,0.000000,0.000000,0.000,0.000,Client
2026-05-15 08:09:06,1900-01-00 00:00:00,dlink-615_EXT,40:86:CB:27:D2:0C,-27, WPA2 ,0.000000,0.000000,0.000,0.000,AP
2026-05-15 08:09:06,1900-01-00 00:00:00,,60:E9:AA:1D:0F:F3,-27,,0.000000,0.000000,0.000,0.000,Client
2026-05-15 08:09:06,1900-01-00 00:00:00,dlink-615_EXT,40:86:CB:27:D2:0C,-27, WPA2 ,0.000000,0.000000,0.000,0.000,AP
2026-05-15 08:09:06,1900-01-00 00:00:00,,60:E9:AA:1D:0F:F3,-27,,0.000000,0.000000,0.000,0.000,Client
2026-05-15 08:09:06,1900-01-00 00:00:00,dlink-615_EXT,40:86:CB:27:D2:0C,-27, WPA2 ,0.000000,0.000000,0.000,0.000,AP
2026-05-15 08:09:06,1900-01-00 00:00:00,,60:E9:AA:1D:0F:F3,-27,,0.000000,0.000000,0.000,0.000,Client
2026-05-15 08:09:06,1900-01-00 00:00:00,dlink-615_EXT,40:86:CB:27:D2:0C,-27, WPA2 ,0.000000,0.000000,0.000,0.000,AP
2026-05-15 08:09:06,1900-01-00 00:00:00,,60:E9:AA:1D:0F:F3,-27,,0.000000,0.000000,0.000,0.000,Client
2026-05-15 08:09:06,1900-01-00 00:00:00,dlink-615_EXT,40:86:CB:27:D2:0C,-27, WPA2 ,0.000000,0.000000,0.000,0.000,AP
2026-05-15 08:09:06,1900-01-00 00:00:00,,60:E9:AA:1D:0F:F3,-27,,0.000000,0.000000,0.000,0.000,Client
2026-05-15 08:09:06,1900-01-00 00:00:00,dlink-615_EXT,40:86:CB:27:D2:0C,-27, WPA2 ,0.000000,0.000000,0.000,0.000,AP
2026-05-15 08:09:06,1900-01-00 00:00:00,,60:E9:AA:1D:0F:F3,-27,,0.000000,0.000000,0.000,0.000,Client
2026-05-15 08:09:06,1900-01-00 00:00:00,dlink-615_EXT,40:86:CB:27:D2:0C,-27, WPA2 ,0.000000,0.000000,0.000,0.000,AP
2026-05-15 08:09:06,1900-01-00 00:00:00,,60:E9:AA:1D:0F:F3,-27,,0.000000,0.000000,0.000,0.000,Client
2026-05-15 08:09:06,1900-01-00 00:00:00,dlink-615_EXT,40:86:CB:27:D2:0C,-27, WPA2 ,0.000000,0.000000,0.000,0.000,AP
2026-05-15 08:09:06,1900-01-00 00:00:00,,60:E9:AA:1D:0F:F3,-27,,0.000000,0.000000,0.000,0.000,Client
2026-05-15 08:09:06,1900-01-00 00:00:00,dlink-615_EXT,40:86:CB:27:D2:0C,-27, WPA2 ,0.000000,0.000000,0.000,0.000,AP
2026-05-15 08:09:06,1900-01-00 00:00:00,,60:E9:AA:1D:0F:F3,-27,,0.000000,0.000000,0.000,0.000,Client
2026-05-15 08:09:06,1900-01-00 00:00:00,dlink-615_EXT,40:86:CB:27:D2:0C,-27, WPA2 ,0.000000,0.000000,0.000,0.000,AP
2026-05-15 08:09:06,1900-01-00 00:00:00,,60:E9:AA:1D:0F:F3,-27,,0.000000,0.000000,0.000,0.000,Client
2026-05-15 08:09:06,1900-01-00 00:00:00,dlink-615_EXT,40:86:CB:27:D2:0C,-27, WPA2 ,0.000000,0.000000,0.000,0.000,AP
2026-05-15 08:09:06,1900-01-00 00:00:00,,60:E9:AA:1D:0F:F3,-27,,0.000000,0.000000,0.000,0.000,Client
2026-05-15 08:09:06,1900-01-00 00:00:00,dlink-615_EXT,40:86:CB:27:D2:0C,-27, WPA2 ,0.000000,0.000000,0.000,0.000,AP
2026-05-15 08:09:06,1900-01-00 00:00:00,,60:E9:AA:1D:0F:F3,-27,,0.000000,0.000000,0.000,0.000,Client
2026-05-15 08:09:06,1900-01-00 00:00:00,dlink-615_EXT,40:86:CB:27:D2:0C,-27, WPA2 ,0.000000,0.000000,0.000,0.000,AP
2026-05-15 08:09:06,1900-01-00 00:00:00,,60:E9:AA:1D:0F:F3,-27,,0.000000,0.000000,0.000,0.000,Client
2026-05-15 08:09:06,1900-01-00 00:00:00,dlink-615_EXT,40:86:CB:27:D2:0C,-27, WPA2 ,0.000000,0.000000,0.000,0.000,AP
2026-05-15 08:09:06,1900-01-00 00:00:00,,60:E9:AA:1D:0F:F3,-27,,0.000000,0.000000,0.000,0.000,Client
2026-05-15 08:09:06,1900-01-00 00:00:00,dlink-615_EXT,40:86:CB:27:D2:0C,-27, WPA2 ,0.000000,0.000000,0.000,0.000,AP
2026-05-15 08:09:06,1900-01-00 00:00:00,,60:E9:AA:1D:0F:F3,-27,,0.000000,0.000000,0.000,0.000,Client
2026-05-15 08:09:06,1900-01-00 00:00:00,dlink-615_EXT,40:86:CB:27:D2:0C,-27, WPA2 ,0.000000,0.000000,0.000,0.000,AP
2026-05-15 08:09:06,1900-01-00 00:00:00,,60:E9:AA:1D:0F:F3,-27,,0.000000,0.000000,0.000,0.000,Client
2026-05-15 08:09:06,1900-01-00 00:00:00,dlink-615_EXT,40:86:CB:27:D2:0C,-27, WPA2 ,0.000000,0.000000,0.000,0.000,AP
2026-05-15 08:09:06,1900-01-00 00:00:00,,60:E9:AA:1D:0F:F3,-27,,0.000000,0.000000,0.000,0.000,Client
2026-05-15 08:09:06,1900-01-00 00:00:00,dlink-615_EXT,40:86:CB:27:D2:0C,-29, WPA2 ,0.000000,0.000000,0.000,0.000,AP
2026-05-15 08:09:06,1900-01-00 00:00:00,,60:E9:AA:1D:0F:F3,-29,,0.000000,0.000000,0.000,0.000,Client
2026-05-15 08:09:06,1900-01-00 00:00:00,dlink-615_EXT,40:86:CB:27:D2:0C,-29, WPA2 ,0.000000,0.000000,0.000,0.000,AP
2026-05-15 08:09:06,1900-01-00 00:00:00,,60:E9:AA:1D:0F:F3,-29,,0.000000,0.000000,0.000,0.000,Client
2026-05-15 08:09:06,1900-01-00 00:00:00,dlink-615_EXT,40:86:CB:27:D2:0C,-29, WPA2 ,0.000000,0.000000,0.000,0.000,AP
2026-05-15 08:09:06,1900-01-00 00:00:00,,60:E9:AA:1D:0F:F3,-29,,0.000000,0.000000,0.000,0.000,Client
2026-05-15 08:09:06,1900-01-00 00:00:00,dlink-615_EXT,40:86:CB:27:D2:0C,-29, WPA2 ,0.000000,0.000000,0.000,0.000,AP
2026-05-15 08:09:06,1900-01-00 00:00:00,dlink-615_EXT,40:86:CB:27:D2:0C,-57, WPA2 ,0.000000,0.000000,0.000,0.000,AP
2026-05-15 08:09:06,1900-01-00 00:00:00,,60:E9:AA:1D:0F:F3,-57,,0.000000,0.000000,0.000,0.000,Client
2026-05-15 08:09:06,1900-01-00 00:00:00,dlink-615_EXT,40:86:CB:27:D2:0C,-57, WPA2 ,0.000000,0.000000,0.000,0.000,AP
2026-05-15 08:09:06,1900-01-00 00:00:00,,60:E9:AA:1D:0F:F3,-57,,0.000000,0.000000,0.000,0.000,Client
2026-05-15 08:09:06,1900-01-00 00:00:00,dlink-615_EXT,40:86:CB:27:D2:0C,-57, WPA2 ,0.000000,0.000000,0.000,0.000,AP
2026-05-15 08:09:06,1900-01-00 00:00:00,,60:E9:AA:1D:0F:F3,-57,,0.000000,0.000000,0.000,0.000,Client
2026-05-15 08:09:06,1900-01-00 00:00:00,dlink-615_EXT,40:86:CB:27:D2:0C,-57, WPA2 ,0.000000,0.000000,0.000,0.000,AP
2026-05-15 08:09:06,1900-01-00 00:00:00,,60:E9:AA:1D:0F:F3,-57,,0.000000,0.000000,0.000,0.000,Client
2026-05-15 08:09:06,1900-01-00 00:00:00,dlink-615_EXT,40:86:CB:27:D2:0C,-57, WPA2 ,0.000000,0.000000,0.000,0.000,AP
2026-05-15 08:09:06,1900-01-00 00:00:00,,60:E9:AA:1D:0F:F3,-57,,0.000000,0.000000,0.000,0.000,Client
2026-05-15 08:09:06,1900-01-00 00:00:00,dlink-615_EXT,40:86:CB:27:D2:0C,-57, WPA2 ,0.000000,0.000000,0.000,0.000,AP
2026-05-15 08:09:06,1900-01-00 00:00:00,,60:E9:AA:1D:0F:F3,-57,,0.000000,0.000000,0.000,0.000,Client
2026-05-15 08:09:06,1900-01-00 00:00:00,dlink-615_EXT,40:86:CB:27:D2:0C,-57, WPA2 ,0.000000,0.000000,0.000,0.000,AP
2026-05-15 08:09:06,1900-01-00 00:00:00,,60:E9:AA:1D:0F:F3,-57,,0.000000,0.000000,0.000,0.000,Client
2026-05-15 08:09:06,1900-01-00 00:00:00,dlink-615_EXT,40:86:CB:27:D2:0C,-57, WPA2 ,0.000000,0.000000,0.000,0.000,AP
2026-05-15 08:09:06,1900-01-00 00:00:00,,60:E9:AA:1D:0F:F3,-57,,0.000000,0.000000,0.000,0.000,Client
2026-05-15 08:09:06,1900-01-00 00:00:00,dlink-615_EXT,40:86:CB:27:D2:0C,-57, WPA2 ,0.000000,0.000000,0.000,0.000,AP
2026-05-15 08:09:06,1900-01-00 00:00:00,,60:E9:AA:1D:0F:F3,-57,,0.000000,0.000000,0.000,0.000,Client
2026-05-15 08:09:06,1900-01-00 00:00:00,dlink-615_EXT,40:86:CB:27:D2:0C,-57, WPA2 ,0.000000,0.000000,0.000,0.000,AP
2026-05-15 08:09:06,1900-01-00 00:00:00,,60:E9:AA:1D:0F:F3,-57,,0.000000,0.000000,0.000,0.000,Client
2026-05-15 08:09:06,1900-01-00 00:00:00,dlink-615_EXT,40:86:CB:27:D2:0C,-59, WPA2 ,0.000000,0.000000,0.000,0.000,AP
2026-05-15 08:09:06,1900-01-00 00:00:00,,60:E9:AA:1D:0F:F3,-59,,0.000000,0.000000,0.000,0.000,Client
2026-05-15 08:09:06,1900-01-00 00:00:00,dlink-615_EXT,40:86:CB:27:D2:0C,-59, WPA2 ,0.000000,0.000000,0.000,0.000,AP
2026-05-15 08:09:06,1900-01-00 00:00:00,,60:E9:AA:1D:0F:F3,-59,,0.000000,0.000000,0.000,0.000,Client
2026-05-15 08:09:06,1900-01-00 00:00:00,dlink-615_EXT,40:86:CB:27:D2:0C,-59, WPA2 ,0.000000,0.000000,0.000,0.000,AP
2026-05-15 08:09:06,1900-01-00 00:00:00,,60:E9:AA:1D:0F:F3,-29,,0.000000,0.000000,0.000,0.000,Client
2026-05-15 08:09:06,1900-01-00 00:00:00,dlink-615_EXT,40:86:CB:27:D2:0C,-29, WPA2 ,0.000000,0.000000,0.000,0.000,AP
2026-05-15 08:09:06,1900-01-00 00:00:00,,60:E9:AA:1D:0F:F3,-29,,0.000000,0.000000,0.000,0.000,Client
2026-05-15 08:09:06,1900-01-00 00:00:00,dlink-615_EXT,40:86:CB:27:D2:0C,-29, WPA2 ,0.000000,0.000000,0.000,0.000,AP
2026-05-15 08:09:06,1900-01-00 00:00:00,,60:E9:AA:1D:0F:F3,-29,,0.000000,0.000000,0.000,0.000,Client
2026-05-15 08:09:06,1900-01-00 00:00:00,dlink-615_EXT,40:86:CB:27:D2:0C,-29, WPA2 ,0.000000,0.000000,0.000,0.000,AP
2026-05-15 08:09:06,1900-01-00 00:00:00,,60:E9:AA:1D:0F:F3,-29,,0.000000,0.000000,0.000,0.000,Client
2026-05-15 08:09:06,1900-01-00 00:00:00,dlink-615_EXT,40:86:CB:27:D2:0C,-29, WPA2 ,0.000000,0.000000,0.000,0.000,AP
2026-05-15 08:09:06,1900-01-00 00:00:00,,60:E9:AA:1D:0F:F3,-29,,0.000000,0.000000,0.000,0.000,Client
2026-05-15 08:09:06,1900-01-00 00:00:00,dlink-615_EXT,40:86:CB:27:D2:0C,-17, WPA2 ,0.000000,0.000000,0.000,0.000,AP
2026-05-15 08:09:06,1900-01-00 00:00:00,,60:E9:AA:1D:0F:F3,-27,,0.000000,0.000000,0.000,0.000,Client
2026-05-15 08:09:06,1900-01-00 00:00:00,dlink-615_EXT,40:86:CB:27:D2:0C,-15, WPA2 ,0.000000,0.000000,0.000,0.000,AP
2026-05-15 08:09:06,1900-01-00 00:00:00,dlink-615_EXT,40:86:CB:27:D2:0C,-17, WPA2 ,0.000000,0.000000,0.000,0.000,AP
2026-05-15 08:09:06,1900-01-00 00:00:00,,9C:2F:9D:82:20:A3,-25,,0.000000,0.000000,0.000,0.000,Client
2026-05-15 08:09:06,1900-01-00 00:00:00,,60:E9:AA:1D:0F:F3,-27,,0.000000,0.000000,0.000,0.000,Client
2026-05-15 08:09:06,1900-01-00 00:00:00,dlink-615_EXT,40:86:CB:27:D2:0C,-17, WPA2 ,0.000000,0.000000,0.000,0.000,AP
2026-05-15 08:09:06,1900-01-00 00:00:00,,60:E9:AA:1D:0F:F3,-27,,0.000000,0.000000,0.000,0.000,Client
2026-05-15 08:09:06,1900-01-00 00:00:00,dlink-615_EXT,40:86:CB:27:D2:0C,-15, WPA2 ,0.000000,0.000000,0.000,0.000,AP
2026-05-15 08:09:06,1900-01-00 00:00:00,,60:E9:AA:1D:0F:F3,-15,,0.000000,0.000000,0.000,0.000,Client
2026-05-15 08:09:06,1900-01-00 00:00:00,,60:E9:AA:1D:0F:F3,-27,,0.000000,0.000000,0.000,0.000,Client
2026-05-15 08:09:06,1900-01-00 00:00:00,dlink-615_EXT,40:86:CB:27:D2:0C,-15, WPA2 ,0.000000,0.000000,0.000,0.000,AP
2026-05-15 08:09:06,1900-01-00 00:00:00,dlink-615_EXT,40:86:CB:27:D2:0C,-17, WPA2 ,0.000000,0.000000,0.000,0.000,AP
2026-05-15 08:09:06,1900-01-00 00:00:00,dlink-615_EXT,40:86:CB:27:D2:0C,-15, WPA2 ,0.000000,0.000000,0.000,0.000,AP
2026-05-15 08:09:06,1900-01-00 00:00:00,,60:E9:AA:1D:0F:F3,-27,,0.000000,0.000000,0.000,0.000,Client
2026-05-15 08:09:06,1900-01-00 00:00:00,dlink-615_EXT,40:86:CB:27:D2:0C,-27, WPA2 ,0.000000,0.000000,0.000,0.000,AP
2026-05-15 08:09:06,1900-01-00 00:00:00,,60:E9:AA:1D:0F:F3,-27,,0.000000,0.000000,0.000,0.000,Client
2026-05-15 08:09:06,1900-01-00 00:00:00,dlink-615_EXT,40:86:CB:27:D2:0C,-27, WPA2 ,0.000000,0.000000,0.000,0.000,AP
2026-05-15 08:09:06,1900-01-00 00:00:00,,60:E9:AA:1D:0F:F3,-27,,0.000000,0.000000,0.000,0.000,Client
2026-05-15 08:09:06,1900-01-00 00:00:00,dlink-615_EXT,40:86:CB:27:D2:0C,-15, WPA2 ,0.000000,0.000000,0.000,0.000,AP
2026-05-15 08:09:06,1900-01-00 00:00:00,,60:E9:AA:1D:0F:F3,-15,,0.000000,0.000000,0.000,0.000,Client
2026-05-15 08:09:06,1900-01-00 00:00:00,,60:E9:AA:1D:0F:F3,-27,,0.000000,0.000000,0.000,0.000,Client
2026-05-15 08:09:06,1900-01-00 00:00:00,dlink-615_EXT,40:86:CB:27:D2:0C,-27, WPA2 ,0.000000,0.000000,0.000,0.000,AP
2026-05-15 08:09:06,1900-01-00 00:00:00,,60:E9:AA:1D:0F:F3,-27,,0.000000,0.000000,0.000,0.000,Client
2026-05-15 08:09:06,1900-01-00 00:00:00,,60:E9:AA:1D:0F:F3,-17,,0.000000,0.000000,0.000,0.000,Client
2026-05-15 08:09:06,1900-01-00 00:00:00,dlink-615_EXT,40:86:CB:27:D2:0C,-17, WPA2 ,0.000000,0.000000,0.000,0.000,AP
2026-05-15 08:09:06,1900-01-00 00:00:00,,60:E9:AA:1D:0F:F3,-17,,0.000000,0.000000,0.000,0.000,Client
2026-05-15 08:09:06,1900-01-00 00:00:00,dlink-615_EXT,40:86:CB:27:D2:0C,-17, WPA2 ,0.000000,0.000000,0.000,0.000,AP
2026-05-15 08:09:06,1900-01-00 00:00:00,,60:E9:AA:1D:0F:F3,-17,,0.000000,0.000000,0.000,0.000,Client
2026-05-15 08:09:07,1900-01-00 00:00:00,dlink-615_EXT,40:86:CB:27:D2:0C,-17, WPA2 ,0.000000,0.000000,0.000,0.000,AP
2026-05-15 08:09:07,1900-01-00 00:00:00,,60:E9:AA:1D:0F:F3,-17,,0.000000,0.000000,0.000,0.000,Client
2026-05-15 08:09:07,1900-01-00 00:00:00,dlink-615_EXT,40:86:CB:27:D2:0C,-17, WPA2 ,0.000000,0.000000,0.000,0.000,AP
2026-05-15 08:09:07,1900-01-00 00:00:00,,60:E9:AA:1D:0F:F3,-17,,0.000000,0.000000,0.000,0.000,Client
2026-05-15 08:09:07,1900-01-00 00:00:00,dlink-615_EXT,40:86:CB:27:D2:0C,-29, WPA2 ,0.000000,0.000000,0.000,0.000,AP
2026-05-15 08:09:07,1900-01-00 00:00:00,,60:E9:AA:1D:0F:F3,-17,,0.000000,0.000000,0.000,0.000,Client
2026-05-15 08:09:07,1900-01-00 00:00:00,dlink-615_EXT,40:86:CB:27:D2:0C,-17, WPA2 ,0.000000,0.000000,0.000,0.000,AP
2026-05-15 08:09:07,1900-01-00 00:00:00,,60:E9:AA:1D:0F:F3,-17,,0.000000,0.000000,0.000,0.000,Client
2026-05-15 08:09:07,1900-01-00 00:00:00,dlink-615_EXT,40:86:CB:27:D2:0C,-17, WPA2 ,0.000000,0.000000,0.000,0.000,AP
2026-05-15 08:09:07,1900-01-00 00:00:00,dlink-615_EXT,40:86:CB:27:D2:0C,-17, WPA2 ,0.000000,0.000000,0.000,0.000,AP
2026-05-15 08:09:07,1900-01-00 00:00:00,,60:E9:AA:1D:0F:F3,-17,,0.000000,0.000000,0.000,0.000,Client
2026-05-15 08:09:07,1900-01-00 00:00:00,dlink-615_EXT,40:86:CB:27:D2:0C,-17, WPA2 ,0.000000,0.000000,0.000,0.000,AP
2026-05-15 08:09:07,1900-01-00 00:00:00,,9C:2F:9D:82:20:A3,-25,,0.000000,0.000000,0.000,0.000,Client
2026-05-15 08:09:07,1900-01-00 00:00:00,,60:E9:AA:1D:0F:F3,-17,,0.000000,0.000000,0.000,0.000,Client
2026-05-15 08:09:07,1900-01-00 00:00:00,dlink-615_EXT,40:86:CB:27:D2:0C,-17, WPA2 ,0.000000,0.000000,0.000,0.000,AP
2026-05-15 08:09:07,1900-01-00 00:00:00,,60:E9:AA:1D:0F:F3,-17,,0.000000,0.000000,0.000,0.000,Client
2026-05-15 08:09:07,1900-01-00 00:00:00,dlink-615_EXT,40:86:CB:27:D2:0C,-17, WPA2 ,0.000000,0.000000,0.000,0.000,AP
2026-05-15 08:09:07,1900-01-00 00:00:00,,60:E9:AA:1D:0F:F3,-17,,0.000000,0.000000,0.000,0.000,Client
2026-05-15 08:09:07,1900-01-00 00:00:00,dlink-615_EXT,40:86:CB:27:D2:0C,-17, WPA2 ,0.000000,0.000000,0.000,0.000,AP
2026-05-15 08:09:07,1900-01-00 00:00:00,,60:E9:AA:1D:0F:F3,-17,,0.000000,0.000000,0.000,0.000,Client
2026-05-15 08:09:07,1900-01-00 00:00:00,dlink-615_EXT,40:86:CB:27:D2:0C,-17, WPA2 ,0.000000,0.000000,0.000,0.000,AP
2026-05-15 08:09:07,1900-01-00 00:00:00,,60:E9:AA:1D:0F:F3,-17,,0.000000,0.000000,0.000,0.000,Client
2026-05-15 08:09:07,1900-01-00 00:00:00,dlink-615_EXT,40:86:CB:27:D2:0C,-17, WPA2 ,0.000000,0.000000,0.000,0.000,AP
2026-05-15 08:09:07,1900-01-00 00:00:00,,60:E9:AA:1D:0F:F3,-17,,0.000000,0.000000,0.000,0.000,Client
2026-05-15 08:09:07,1900-01-00 00:00:00,dlink-615_EXT,40:86:CB:27:D2:0C,-17, WPA2 ,0.000000,0.000000,0.000,0.000,AP
2026-05-15 08:09:07,1900-01-00 00:00:00,,60:E9:AA:1D:0F:F3,-17,,0.000000,0.000000,0.000,0.000,Client
2026-05-15 08:09:07,1900-01-00 00:00:00,dlink-615_EXT,40:86:CB:27:D2:0C,-17, WPA2 ,0.000000,0.000000,0.000,0.000,AP
2026-05-15 08:09:07,1900-01-00 00:00:00,,60:E9:AA:1D:0F:F3,-17,,0.000000,0.000000,0.000,0.000,Client
2026-05-15 08:09:07,1900-01-00 00:00:00,dlink-615_EXT,40:86:CB:27:D2:0C,-17, WPA2 ,0.000000,0.000000,0.000,0.000,AP
2026-05-15 08:09:07,1900-01-00 00:00:00,,60:E9:AA:1D:0F:F3,-17,,0.000000,0.000000,0.000,0.000,Client
2026-05-15 08:09:07,1900-01-00 00:00:00,dlink-615_EXT,40:86:CB:27:D2:0C,-17, WPA2 ,0.000000,0.000000,0.000,0.000,AP
2026-05-15 08:09:07,1900-01-00 00:00:00,,60:E9:AA:1D:0F:F3,-17,,0.000000,0.000000,0.000,0.000,Client
2026-05-15 08:09:07,1900-01-00 00:00:00,dlink-615_EXT,40:86:CB:27:D2:0C,-17, WPA2 ,0.000000,0.000000,0.000,0.000,AP
2026-05-15 08:09:07,1900-01-00 00:00:00,,60:E9:AA:1D:0F:F3,-17,,0.000000,0.000000,0.000,0.000,Client
2026-05-15 08:09:07,1900-01-00 00:00:00,dlink-615_EXT,40:86:CB:27:D2:0C,-17, WPA2 ,0.000000,0.000000,0.000,0.000,AP
2026-05-15 08:09:07,1900-01-00 00:00:00,,60:E9:AA:1D:0F:F3,-17,,0.000000,0.000000,0.000,0.000,Client
2026-05-15 08:09:07,1900-01-00 00:00:00,dlink-615_EXT,40:86:CB:27:D2:0C,-17, WPA2 ,0.000000,0.000000,0.000,0.000,AP
2026-05-15 08:09:07,1900-01-00 00:00:00,,60:E9:AA:1D:0F:F3,-61,,0.000000,0.000000,0.000,0.000,Client
2026-05-15 08:09:07,1900-01-00 00:00:00,dlink-615_EXT,40:86:CB:27:D2:0C,-61, WPA2 ,0.000000,0.000000,0.000,0.000,AP
2026-05-15 08:09:07,1900-01-00 00:00:00,,60:E9:AA:1D:0F:F3,-61,,0.000000,0.000000,0.000,0.000,Client
2026-05-15 08:09:07,1900-01-00 00:00:00,dlink-615_EXT,40:86:CB:27:D2:0C,-61, WPA2 ,0.000000,0.000000,0.000,0.000,AP
2026-05-15 08:09:07,1900-01-00 00:00:00,,60:E9:AA:1D:0F:F3,-61,,0.000000,0.000000,0.000,0.000,Client
2026-05-15 08:09:07,1900-01-00 00:00:00,dlink-615_EXT,40:86:CB:27:D2:0C,-61, WPA2 ,0.000000,0.000000,0.000,0.000,AP
2026-05-15 08:09:07,1900-01-00 00:00:00,,60:E9:AA:1D:0F:F3,-61,,0.000000,0.000000,0.000,0.000,Client
2026-05-15 08:09:07,1900-01-00 00:00:00,dlink-615_EXT,40:86:CB:27:D2:0C,-61, WPA2 ,0.000000,0.000000,0.000,0.000,AP
2026-05-15 08:09:07,1900-01-00 00:00:00,,60:E9:AA:1D:0F:F3,-61,,0.000000,0.000000,0.000,0.000,Client
2026-05-15 08:09:07,1900-01-00 00:00:00,dlink-615_EXT,40:86:CB:27:D2:0C,-61, WPA2 ,0.000000,0.000000,0.000,0.000,AP
2026-05-15 08:09:07,1900-01-00 00:00:00,,60:E9:AA:1D:0F:F3,-61,,0.000000,0.000000,0.000,0.000,Client
2026-05-15 08:09:07,1900-01-00 00:00:00,dlink-615_EXT,40:86:CB:27:D2:0C,-61, WPA2 ,0.000000,0.000000,0.000,0.000,AP
2026-05-15 08:09:07,1900-01-00 00:00:00,,60:E9:AA:1D:0F:F3,-61,,0.000000,0.000000,0.000,0.000,Client
2026-05-15 08:09:07,1900-01-00 00:00:00,dlink-615_EXT,40:86:CB:27:D2:0C,-61, WPA2 ,0.000000,0.000000,0.000,0.000,AP
2026-05-15 08:09:07,1900-01-00 00:00:00,,60:E9:AA:1D:0F:F3,-61,,0.000000,0.000000,0.000,0.000,Client
2026-05-15 08:09:07,1900-01-00 00:00:00,dlink-615_EXT,40:86:CB:27:D2:0C,-61, WPA2 ,0.000000,0.000000,0.000,0.000,AP
2026-05-15 08:09:07,1900-01-00 00:00:00,,60:E9:AA:1D:0F:F3,-61,,0.000000,0.000000,0.000,0.000,Client
2026-05-15 08:09:07,1900-01-00 00:00:00,dlink-615_EXT,40:86:CB:27:D2:0C,-61, WPA2 ,0.000000,0.000000,0.000,0.000,AP
2026-05-15 08:09:07,1900-01-00 00:00:00,,60:E9:AA:1D:0F:F3,-61,,0.000000,0.000000,0.000,0.000,Client
2026-05-15 08:09:07,1900-01-00 00:00:00,dlink-615_EXT,40:86:CB:27:D2:0C,-61, WPA2 ,0.000000,0.000000,0.000,0.000,AP
2026-05-15 08:09:07,1900-01-00 00:00:00,,60:E9:AA:1D:0F:F3,-61,,0.000000,0.000000,0.000,0.000,Client
2026-05-15 08:09:07,1900-01-00 00:00:00,dlink-615_EXT,40:86:CB:27:D2:0C,-61, WPA2 ,0.000000,0.000000,0.000,0.000,AP
2026-05-15 08:09:07,1900-01-00 00:00:00,,60:E9:AA:1D:0F:F3,-61,,0.000000,0.000000,0.000,0.000,Client
2026-05-15 08:09:07,1900-01-00 00:00:00,dlink-615_EXT,40:86:CB:27:D2:0C,-61, WPA2 ,0.000000,0.000000,0.000,0.000,AP
2026-05-15 08:09:07,1900-01-00 00:00:00,,60:E9:AA:1D:0F:F3,-61,,0.000000,0.000000,0.000,0.000,Client
2026-05-15 08:09:07,1900-01-00 00:00:00,dlink-615_EXT,40:86:CB:27:D2:0C,-61, WPA2 ,0.000000,0.000000,0.000,0.000,AP
2026-05-15 08:09:07,1900-01-00 00:00:00,,60:E9:AA:1D:0F:F3,-61,,0.000000,0.000000,0.000,0.000,Client
2026-05-15 08:09:07,1900-01-00 00:00:00,dlink-615_EXT,40:86:CB:27:D2:0C,-61, WPA2 ,0.000000,0.000000,0.000,0.000,AP
2026-05-15 08:09:07,1900-01-00 00:00:00,,60:E9:AA:1D:0F:F3,-61,,0.000000,0.000000,0.000,0.000,Client
2026-05-15 08:09:07,1900-01-00 00:00:00,dlink-615_EXT,40:86:CB:27:D2:0C,-61, WPA2 ,0.000000,0.000000,0.000,0.000,AP
2026-05-15 08:09:07,1900-01-00 00:00:00,,60:E9:AA:1D:0F:F3,-61,,0.000000,0.000000,0.000,0.000,Client
2026-05-15 08:09:07,1900-01-00 00:00:00,dlink-615_EXT,40:86:CB:27:D2:0C,-61, WPA2 ,0.000000,0.000000,0.000,0.000,AP
2026-05-15 08:09:07,1900-01-00 00:00:00,,60:E9:AA:1D:0F:F3,-61,,0.000000,0.000000,0.000,0.000,Client
2026-05-15 08:09:07,1900-01-00 00:00:00,dlink-615_EXT,40:86:CB:27:D2:0C,-61, WPA2 ,0.000000,0.000000,0.000,0.000,AP
2026-05-15 08:09:07,1900-01-00 00:00:00,,60:E9:AA:1D:0F:F3,-61,,0.000000,0.000000,0.000,0.000,Client
2026-05-15 08:09:07,1900-01-00 00:00:00,dlink-615_EXT,40:86:CB:27:D2:0C,-63, WPA2 ,0.000000,0.000000,0.000,0.000,AP
2026-05-15 08:09:07,1900-01-00 00:00:00,,60:E9:AA:1D:0F:F3,-63,,0.000000,0.000000,0.000,0.000,Client
2026-05-15 08:09:07,1900-01-00 00:00:00,dlink-615_EXT,40:86:CB:27:D2:0C,-63, WPA2 ,0.000000,0.000000,0.000,0.000,AP
2026-05-15 08:09:07,1900-01-00 00:00:00,,60:E9:AA:1D:0F:F3,-63,,0.000000,0.000000,0.000,0.000,Client
2026-05-15 08:09:07,1900-01-00 00:00:00,dlink-615_EXT,40:86:CB:27:D2:0C,-63, WPA2 ,0.000000,0.000000,0.000,0.000,AP
2026-05-15 08:09:07,1900-01-00 00:00:00,,60:E9:AA:1D:0F:F3,-63,,0.000000,0.000000,0.000,0.000,Client
2026-05-15 08:09:07,1900-01-00 00:00:00,dlink-615_EXT,40:86:CB:27:D2:0C,-63, WPA2 ,0.000000,0.000000,0.000,0.000,AP
2026-05-15 08:09:07,1900-01-00 00:00:00,,60:E9:AA:1D:0F:F3,-63,,0.000000,0.000000,0.000,0.000,Client
2026-05-15 08:09:07,1900-01-00 00:00:00,dlink-615_EXT,40:86:CB:27:D2:0C,-63, WPA2 ,0.000000,0.000000,0.000,0.000,AP
2026-05-15 08:09:07,1900-01-00 00:00:00,,60:E9:AA:1D:0F:F3,-63,,0.000000,0.000000,0.000,0.000,Client
2026-05-15 08:09:07,1900-01-00 00:00:00,dlink-615_EXT,40:86:CB:27:D2:0C,-63, WPA2 ,0.000000,0.000000,0.000,0.000,AP
2026-05-15 08:09:07,1900-01-00 00:00:00,,60:E9:AA:1D:0F:F3,-63,,0.000000,0.000000,0.000,0.000,Client
2026-05-15 08:09:07,1900-01-00 00:00:00,dlink-615_EXT,40:86:CB:27:D2:0C,-63, WPA2 ,0.000000,0.000000,0.000,0.000,AP
2026-05-15 08:09:07,1900-01-00 00:00:00,,60:E9:AA:1D:0F:F3,-63,,0.000000,0.000000,0.000,0.000,Client
2026-05-15 08:09:07,1900-01-00 00:00:00,dlink-615_EXT,40:86:CB:27:D2:0C,-63, WPA2 ,0.000000,0.000000,0.000,0.000,AP
2026-05-15 08:09:07,1900-01-00 00:00:00,,60:E9:AA:1D:0F:F3,-63,,0.000000,0.000000,0.000,0.000,Client
2026-05-15 08:09:07,1900-01-00 00:00:00,dlink-615_EXT,40:86:CB:27:D2:0C,-63, WPA2 ,0.000000,0.000000,0.000,0.000,AP
2026-05-15 08:09:07,1900-01-00 00:00:00,,60:E9:AA:1D:0F:F3,-63,,0.000000,0.000000,0.000,0.000,Client
2026-05-15 08:09:07,1900-01-00 00:00:00,dlink-615_EXT,40:86:CB:27:D2:0C,-63, WPA2 ,0.000000,0.000000,0.000,0.000,AP
2026-05-15 08:09:07,1900-01-00 00:00:00,,60:E9:AA:1D:0F:F3,-63,,0.000000,0.000000,0.000,0.000,Client
2026-05-15 08:09:07,1900-01-00 00:00:00,dlink-615_EXT,40:86:CB:27:D2:0C,-63, WPA2 ,0.000000,0.000000,0.000,0.000,AP
2026-05-15 08:09:07,1900-01-00 00:00:00,,60:E9:AA:1D:0F:F3,-63,,0.000000,0.000000,0.000,0.000,Client
2026-05-15 08:09:07,1900-01-00 00:00:00,dlink-615_EXT,40:86:CB:27:D2:0C,-63, WPA2 ,0.000000,0.000000,0.000,0.000,AP
2026-05-15 08:09:07,1900-01-00 00:00:00,,60:E9:AA:1D:0F:F3,-63,,0.000000,0.000000,0.000,0.000,Client
2026-05-15 08:09:07,1900-01-00 00:00:00,dlink-615_EXT,40:86:CB:27:D2:0C,-63, WPA2 ,0.000000,0.000000,0.000,0.000,AP
2026-05-15 08:09:07,1900-01-00 00:00:00,,60:E9:AA:1D:0F:F3,-63,,0.000000,0.000000,0.000,0.000,Client
2026-05-15 08:09:07,1900-01-00 00:00:00,dlink-615_EXT,40:86:CB:27:D2:0C,-63, WPA2 ,0.000000,0.000000,0.000,0.000,AP
2026-05-15 08:09:07,1900-01-00 00:00:00,,60:E9:AA:1D:0F:F3,-63,,0.000000,0.000000,0.000,0.000,Client
2026-05-15 08:09:07,1900-01-00 00:00:00,dlink-615_EXT,40:86:CB:27:D2:0C,-63, WPA2 ,0.000000,0.000000,0.000,0.000,AP
2026-05-15 08:09:07,1900-01-00 00:00:00,,60:E9:AA:1D:0F:F3,-63,,0.000000,0.000000,0.000,0.000,Client
2026-05-15 08:09:07,1900-01-00 00:00:00,dlink-615_EXT,40:86:CB:27:D2:0C,-63, WPA2 ,0.000000,0.000000,0.000,0.000,AP
2026-05-15 08:09:07,1900-01-00 00:00:00,,60:E9:AA:1D:0F:F3,-63,,0.000000,0.000000,0.000,0.000,Client
2026-05-15 08:09:07,1900-01-00 00:00:00,dlink-615_EXT,40:86:CB:27:D2:0C,-63, WPA2 ,0.000000,0.000000,0.000,0.000,AP
2026-05-15 08:09:07,1900-01-00 00:00:00,,60:E9:AA:1D:0F:F3,-63,,0.000000,0.000000,0.000,0.000,Client
2026-05-15 08:09:07,1900-01-00 00:00:00,dlink-615_EXT,40:86:CB:27:D2:0C,-63, WPA2 ,0.000000,0.000000,0.000,0.000,AP
2026-05-15 08:09:07,1900-01-00 00:00:00,,60:E9:AA:1D:0F:F3,-63,,0.000000,0.000000,0.000,0.000,Client
2026-05-15 08:09:07,1900-01-00 00:00:00,dlink-615_EXT,40:86:CB:27:D2:0C,-63, WPA2 ,0.000000,0.000000,0.000,0.000,AP
2026-05-15 08:09:07,1900-01-00 00:00:00,,60:E9:AA:1D:0F:F3,-63,,0.000000,0.000000,0.000,0.000,Client
2026-05-15 08:09:07,1900-01-00 00:00:00,dlink-615_EXT,40:86:CB:27:D2:0C,-63, WPA2 ,0.000000,0.000000,0.000,0.000,AP
2026-05-15 08:09:07,1900-01-00 00:00:00,,60:E9:AA:1D:0F:F3,-63,,0.000000,0.000000,0.000,0.000,Client
2026-05-15 08:09:07,1900-01-00 00:00:00,dlink-615_EXT,40:86:CB:27:D2:0C,-63, WPA2 ,0.000000,0.000000,0.000,0.000,AP
2026-05-15 08:09:07,1900-01-00 00:00:00,,60:E9:AA:1D:0F:F3,-63,,0.000000,0.000000,0.000,0.000,Client
2026-05-15 08:09:07,1900-01-00 00:00:00,dlink-615_EXT,40:86:CB:27:D2:0C,-55, WPA2 ,0.000000,0.000000,0.000,0.000,AP
2026-05-15 08:09:07,1900-01-00 00:00:00,dlink-615_EXT,40:86:CB:27:D2:0C,-27, WPA2 ,0.000000,0.000000,0.000,0.000,AP
2026-05-15 08:09:07,1900-01-00 00:00:00,,60:E9:AA:1D:0F:F3,-27,,0.000000,0.000000,0.000,0.000,Client
2026-05-15 08:09:07,1900-01-00 00:00:00,dlink-615_EXT,40:86:CB:27:D2:0C,-27, WPA2 ,0.000000,0.000000,0.000,0.000,AP
2026-05-15 08:09:07,1900-01-00 00:00:00,,60:E9:AA:1D:0F:F3,-27,,0.000000,0.000000,0.000,0.000,Client
2026-05-15 08:09:07,1900-01-00 00:00:00,dlink-615_EXT,40:86:CB:27:D2:0C,-29, WPA2 ,0.000000,0.000000,0.000,0.000,AP
2026-05-15 08:09:07,1900-01-00 00:00:00,,60:E9:AA:1D:0F:F3,-25,,0.000000,0.000000,0.000,0.000,Client
2026-05-15 08:09:07,1900-01-00 00:00:00,dlink-615_EXT,40:86:CB:27:D2:0C,-19, WPA2 ,0.000000,0.000000,0.000,0.000,AP
2026-05-15 08:09:07,1900-01-00 00:00:00,,60:E9:AA:1D:0F:F3,-19,,0.000000,0.000000,0.000,0.000,Client
2026-05-15 08:09:07,1900-01-00 00:00:00,dlink-615_EXT,40:86:CB:27:D2:0C,-19, WPA2 ,0.000000,0.000000,0.000,0.000,AP
2026-05-15 08:09:07,1900-01-00 00:00:00,dlink-615_EXT,40:86:CB:27:D2:0C,-17, WPA2 ,0.000000,0.000000,0.000,0.000,AP
2026-05-15 08:09:07,1900-01-00 00:00:00,,60:E9:AA:1D:0F:F3,-17,,0.000000,0.000000,0.000,0.000,Client
2026-05-15 08:09:07,1900-01-00 00:00:00,dlink-615_EXT,40:86:CB:27:D2:0C,-17, WPA2 ,0.000000,0.000000,0.000,0.000,AP
2026-05-15 08:09:07,1900-01-00 00:00:00,,60:E9:AA:1D:0F:F3,-15,,0.000000,0.000000,0.000,0.000,Client
2026-05-15 08:09:07,1900-01-00 00:00:00,dlink-615_EXT,40:86:CB:27:D2:0C,-17, WPA2 ,0.000000,0.000000,0.000,0.000,AP
2026-05-15 08:09:07,1900-01-00 00:00:00,,60:E9:AA:1D:0F:F3,-17,,0.000000,0.000000,0.000,0.000,Client
2026-05-15 08:09:07,1900-01-00 00:00:00,dlink-615_EXT,40:86:CB:27:D2:0C,-17, WPA2 ,0.000000,0.000000,0.000,0.000,AP
2026-05-15 08:09:07,1900-01-00 00:00:00,,60:E9:AA:1D:0F:F3,-17,,0.000000,0.000000,0.000,0.000,Client
2026-05-15 08:09:07,1900-01-00 00:00:00,dlink-615_EXT,40:86:CB:27:D2:0C,-17, WPA2 ,0.000000,0.000000,0.000,0.000,AP
2026-05-15 08:09:07,1900-01-00 00:00:00,,60:E9:AA:1D:0F:F3,-17,,0.000000,0.000000,0.000,0.000,Client
2026-05-15 08:09:07,1900-01-00 00:00:00,dlink-615_EXT,40:86:CB:27:D2:0C,-17, WPA2 ,0.000000,0.000000,0.000,0.000,AP
2026-05-15 08:09:07,1900-01-00 00:00:00,,60:E9:AA:1D:0F:F3,-17,,0.000000,0.000000,0.000,0.000,Client
2026-05-15 08:09:07,1900-01-00 00:00:00,dlink-615_EXT,40:86:CB:27:D2:0C,-17, WPA2 ,0.000000,0.000000,0.000,0.000,AP
2026-05-15 08:09:07,1900-01-00 00:00:00,,60:E9:AA:1D:0F:F3,-17,,0.000000,0.000000,0.000,0.000,Client
2026-05-15 08:09:07,1900-01-00 00:00:00,dlink-615_EXT,40:86:CB:27:D2:0C,-15, WPA2 ,0.000000,0.000000,0.000,0.000,AP
2026-05-15 08:09:07,1900-01-00 00:00:00,,60:E9:AA:1D:0F:F3,-15,,0.000000,0.000000,0.000,0.000,Client
2026-05-15 08:09:07,1900-01-00 00:00:00,dlink-615_EXT,40:86:CB:27:D2:0C,-15, WPA2 ,0.000000,0.000000,0.000,0.000,AP
2026-05-15 08:09:07,1900-01-00 00:00:00,,60:E9:AA:1D:0F:F3,-15,,0.000000,0.000000,0.000,0.000,Client
2026-05-15 08:09:07,1900-01-00 00:00:00,dlink-615_EXT,40:86:CB:27:D2:0C,-15, WPA2 ,0.000000,0.000000,0.000,0.000,AP
2026-05-15 08:09:07,1900-01-00 00:00:00,,60:E9:AA:1D:0F:F3,-15,,0.000000,0.000000,0.000,0.000,Client
2026-05-15 08:09:07,1900-01-00 00:00:00,dlink-615_EXT,40:86:CB:27:D2:0C,-15, WPA2 ,0.000000,0.000000,0.000,0.000,AP
2026-05-15 08:09:07,1900-01-00 00:00:00,,60:E9:AA:1D:0F:F3,-17,,0.000000,0.000000,0.000,0.000,Client
2026-05-15 08:09:07,1900-01-00 00:00:00,dlink-615_EXT,40:86:CB:27:D2:0C,-17, WPA2 ,0.000000,0.000000,0.000,0.000,AP
2026-05-15 08:09:07,1900-01-00 00:00:00,,60:E9:AA:1D:0F:F3,-17,,0.000000,0.000000,0.000,0.000,Client
2026-05-15 08:09:07,1900-01-00 00:00:00,dlink-615_EXT,40:86:CB:27:D2:0C,-17, WPA2 ,0.000000,0.000000,0.000,0.000,AP
2026-05-15 08:09:07,1900-01-00 00:00:00,,60:E9:AA:1D:0F:F3,-17,,0.000000,0.000000,0.000,0.000,Client
2026-05-15 08:09:07,1900-01-00 00:00:00,dlink-615_EXT,40:86:CB:27:D2:0C,-17, WPA2 ,0.000000,0.000000,0.000,0.000,AP
2026-05-15 08:09:07,1900-01-00 00:00:00,,60:E9:AA:1D:0F:F3,-17,,0.000000,0.000000,0.000,0.000,Client
2026-05-15 08:09:07,1900-01-00 00:00:00,dlink-615_EXT,40:86:CB:27:D2:0C,-17, WPA2 ,0.000000,0.000000,0.000,0.000,AP
2026-05-15 08:09:07,1900-01-00 00:00:00,,60:E9:AA:1D:0F:F3,-17,,0.000000,0.000000,0.000,0.000,Client
2026-05-15 08:09:07,1900-01-00 00:00:00,dlink-615_EXT,40:86:CB:27:D2:0C,-17, WPA2 ,0.000000,0.000000,0.000,0.000,AP
2026-05-15 08:09:07,1900-01-00 00:00:00,,60:E9:AA:1D:0F:F3,-17,,0.000000,0.000000,0.000,0.000,Client
2026-05-15 08:09:07,1900-01-00 00:00:00,,60:E9:AA:1D:0F:F3,-25,,0.000000,0.000000,0.000,0.000,Client
2026-05-15 08:09:07,1900-01-00 00:00:00,dlink-615_EXT,40:86:CB:27:D2:0C,-17, WPA2 ,0.000000,0.000000,0.000,0.000,AP
2026-05-15 08:09:07,1900-01-00 00:00:00,dlink-615_EXT,40:86:CB:27:D2:0C,-15, WPA2 ,0.000000,0.000000,0.000,0.000,AP
2026-05-15 08:09:07,1900-01-00 00:00:00,,60:E9:AA:1D:0F:F3,-25,,0.000000,0.000000,0.000,0.000,Client
2026-05-15 08:09:07,1900-01-00 00:00:00,dlink-615_EXT,40:86:CB:27:D2:0C,-25, WPA2 ,0.000000,0.000000,0.000,0.000,AP
2026-05-15 08:09:07,1900-01-00 00:00:00,,60:E9:AA:1D:0F:F3,-19,,0.000000,0.000000,0.000,0.000,Client
2026-05-15 08:09:07,1900-01-00 00:00:00,dlink-615_EXT,40:86:CB:27:D2:0C,-17, WPA2 ,0.000000,0.000000,0.000,0.000,AP
2026-05-15 08:09:07,1900-01-00 00:00:00,,60:E9:AA:1D:0F:F3,-17,,0.000000,0.000000,0.000,0.000,Client
2026-05-15 08:09:07,1900-01-00 00:00:00,dlink-615_EXT,40:86:CB:27:D2:0C,-15, WPA2 ,0.000000,0.000000,0.000,0.000,AP
2026-05-15 08:09:07,1900-01-00 00:00:00,,60:E9:AA:1D:0F:F3,-15,,0.000000,0.000000,0.000,0.000,Client
2026-05-15 08:09:07,1900-01-00 00:00:00,dlink-615_EXT,40:86:CB:27:D2:0C,-15, WPA2 ,0.000000,0.000000,0.000,0.000,AP
2026-05-15 08:09:07,1900-01-00 00:00:00,,60:E9:AA:1D:0F:F3,-17,,0.000000,0.000000,0.000,0.000,Client
2026-05-15 08:09:07,1900-01-00 00:00:00,dlink-615_EXT,40:86:CB:27:D2:0C,-15, WPA2 ,0.000000,0.000000,0.000,0.000,AP
2026-05-15 08:09:07,1900-01-00 00:00:00,,60:E9:AA:1D:0F:F3,-15,,0.000000,0.000000,0.000,0.000,Client
2026-05-15 08:09:07,1900-01-00 00:00:00,dlink-615_EXT,40:86:CB:27:D2:0C,-15, WPA2 ,0.000000,0.000000,0.000,0.000,AP
2026-05-15 08:09:07,1900-01-00 00:00:00,,60:E9:AA:1D:0F:F3,-15,,0.000000,0.000000,0.000,0.000,Client
2026-05-15 08:09:07,1900-01-00 00:00:00,dlink-615_EXT,40:86:CB:27:D2:0C,-15, WPA2 ,0.000000,0.000000,0.000,0.000,AP
2026-05-15 08:09:07,1900-01-00 00:00:00,,60:E9:AA:1D:0F:F3,-15,,0.000000,0.000000,0.000,0.000,Client
2026-05-15 08:09:07,1900-01-00 00:00:00,dlink-615_EXT,40:86:CB:27:D2:0C,-17, WPA2 ,0.000000,0.000000,0.000,0.000,AP
2026-05-15 08:09:07,1900-01-00 00:00:00,,60:E9:AA:1D:0F:F3,-17,,0.000000,0.000000,0.000,0.000,Client
2026-05-15 08:09:07,1900-01-00 00:00:00,dlink-615_EXT,40:86:CB:27:D2:0C,-15, WPA2 ,0.000000,0.000000,0.000,0.000,AP
2026-05-15 08:09:07,1900-01-00 00:00:00,,60:E9:AA:1D:0F:F3,-15,,0.000000,0.000000,0.000,0.000,Client
2026-05-15 08:09:07,1900-01-00 00:00:00,dlink-615_EXT,40:86:CB:27:D2:0C,-15, WPA2 ,0.000000,0.000000,0.000,0.000,AP
2026-05-15 08:09:07,1900-01-00 00:00:00,,60:E9:AA:1D:0F:F3,-15,,0.000000,0.000000,0.000,0.000,Client
2026-05-15 08:09:07,1900-01-00 00:00:00,dlink-615_EXT,40:86:CB:27:D2:0C,-15, WPA2 ,0.000000,0.000000,0.000,0.000,AP
2026-05-15 08:09:07,1900-01-00 00:00:00,,60:E9:AA:1D:0F:F3,-15,,0.000000,0.000000,0.000,0.000,Client
2026-05-15 08:09:07,1900-01-00 00:00:00,dlink-615_EXT,40:86:CB:27:D2:0C,-15, WPA2 ,0.000000,0.000000,0.000,0.000,AP
2026-05-15 08:09:07,1900-01-00 00:00:00,,60:E9:AA:1D:0F:F3,-17,,0.000000,0.000000,0.000,0.000,Client
2026-05-15 08:09:07,1900-01-00 00:00:00,dlink-615_EXT,40:86:CB:27:D2:0C,-17, WPA2 ,0.000000,0.000000,0.000,0.000,AP
2026-05-15 08:09:07,1900-01-00 00:00:00,,60:E9:AA:1D:0F:F3,-17,,0.000000,0.000000,0.000,0.000,Client
2026-05-15 08:09:07,1900-01-00 00:00:00,dlink-615_EXT,40:86:CB:27:D2:0C,-15, WPA2 ,0.000000,0.000000,0.000,0.000,AP
2026-05-15 08:09:07,1900-01-00 00:00:00,,60:E9:AA:1D:0F:F3,-15,,0.000000,0.000000,0.000,0.000,Client
2026-05-15 08:09:07,1900-01-00 00:00:00,dlink-615_EXT,40:86:CB:27:D2:0C,-15, WPA2 ,0.000000,0.000000,0.000,0.000,AP
2026-05-15 08:09:07,1900-01-00 00:00:00,,60:E9:AA:1D:0F:F3,-15,,0.000000,0.000000,0.000,0.000,Client
2026-05-15 08:09:07,1900-01-00 00:00:00,dlink-615_EXT,40:86:CB:27:D2:0C,-25, WPA2 ,0.000000,0.000000,0.000,0.000,AP
2026-05-15 08:09:07,1900-01-00 00:00:00,,60:E9:AA:1D:0F:F3,-29,,0.000000,0.000000,0.000,0.000,Client
2026-05-15 08:09:07,1900-01-00 00:00:00,dlink-615_EXT,40:86:CB:27:D2:0C,-29, WPA2 ,0.000000,0.000000,0.000,0.000,AP
2026-05-15 08:09:07,1900-01-00 00:00:00,,60:E9:AA:1D:0F:F3,-17,,0.000000,0.000000,0.000,0.000,Client
2026-05-15 08:09:07,1900-01-00 00:00:00,dlink-615_EXT,40:86:CB:27:D2:0C,-15, WPA2 ,0.000000,0.000000,0.000,0.000,AP
2026-05-15 08:09:07,1900-01-00 00:00:00,dlink-615_EXT,40:86:CB:27:D2:0C,-27, WPA2 ,0.000000,0.000000,0.000,0.000,AP
2026-05-15 08:09:07,1900-01-00 00:00:00,,60:E9:AA:1D:0F:F3,-15,,0.000000,0.000000,0.000,0.000,Client
2026-05-15 08:09:07,1900-01-00 00:00:00,dlink-615_EXT,40:86:CB:27:D2:0C,-25, WPA2 ,0.000000,0.000000,0.000,0.000,AP
2026-05-15 08:09:07,1900-01-00 00:00:00,,60:E9:AA:1D:0F:F3,-17,,0.000000,0.000000,0.000,0.000,Client
2026-05-15 08:09:07,1900-01-00 00:00:00,dlink-615_EXT,40:86:CB:27:D2:0C,-25, WPA2 ,0.000000,0.000000,0.000,0.000,AP
2026-05-15 08:09:07,1900-01-00 00:00:00,,60:E9:AA:1D:0F:F3,-25,,0.000000,0.000000,0.000,0.000,Client
2026-05-15 08:09:07,1900-01-00 00:00:00,dlink-615_EXT,40:86:CB:27:D2:0C,-15, WPA2 ,0.000000,0.000000,0.000,0.000,AP
2026-05-15 08:09:07,1900-01-00 00:00:00,,60:E9:AA:1D:0F:F3,-15,,0.000000,0.000000,0.000,0.000,Client
2026-05-15 08:09:07,1900-01-00 00:00:00,dlink-615_EXT,40:86:CB:27:D2:0C,-15, WPA2 ,0.000000,0.000000,0.000,0.000,AP
2026-05-15 08:09:07,1900-01-00 00:00:00,,60:E9:AA:1D:0F:F3,-15,,0.000000,0.000000,0.000,0.000,Client
2026-05-15 08:09:07,1900-01-00 00:00:00,dlink-615_EXT,40:86:CB:27:D2:0C,-15, WPA2 ,0.000000,0.000000,0.000,0.000,AP
2026-05-15 08:09:07,1900-01-00 00:00:00,,60:E9:AA:1D:0F:F3,-25,,0.000000,0.000000,0.000,0.000,Client
2026-05-15 08:09:07,1900-01-00 00:00:00,dlink-615_EXT,40:86:CB:27:D2:0C,-15, WPA2 ,0.000000,0.000000,0.000,0.000,AP
2026-05-15 08:09:07,1900-01-00 00:00:00,,60:E9:AA:1D:0F:F3,-15,,0.000000,0.000000,0.000,0.000,Client
2026-05-15 08:09:07,1900-01-00 00:00:00,dlink-615_EXT,40:86:CB:27:D2:0C,-15, WPA2 ,0.000000,0.000000,0.000,0.000,AP
2026-05-15 08:09:07,1900-01-00 00:00:00,,60:E9:AA:1D:0F:F3,-15,,0.000000,0.000000,0.000,0.000,Client
2026-05-15 08:09:07,1900-01-00 00:00:00,dlink-615_EXT,40:86:CB:27:D2:0C,-15, WPA2 ,0.000000,0.000000,0.000,0.000,AP
2026-05-15 08:09:07,1900-01-00 00:00:00,,60:E9:AA:1D:0F:F3,-15,,0.000000,0.000000,0.000,0.000,Client
2026-05-15 08:09:07,1900-01-00 00:00:00,dlink-615_EXT,40:86:CB:27:D2:0C,-17, WPA2 ,0.000000,0.000000,0.000,0.000,AP
2026-05-15 08:09:07,1900-01-00 00:00:00,,60:E9:AA:1D:0F:F3,-17,,0.000000,0.000000,0.000,0.000,Client
2026-05-15 08:09:07,1900-01-00 00:00:00,dlink-615_EXT,40:86:CB:27:D2:0C,-17, WPA2 ,0.000000,0.000000,0.000,0.000,AP
2026-05-15 08:09:07,1900-01-00 00:00:00,,60:E9:AA:1D:0F:F3,-17,,0.000000,0.000000,0.000,0.000,Client
2026-05-15 08:09:07,1900-01-00 00:00:00,dlink-615_EXT,40:86:CB:27:D2:0C,-17, WPA2 ,0.000000,0.000000,0.000,0.000,AP
2026-05-15 08:09:07,1900-01-00 00:00:00,,60:E9:AA:1D:0F:F3,-17,,0.000000,0.000000,0.000,0.000,Client
2026-05-15 08:09:07,1900-01-00 00:00:00,dlink-615_EXT,40:86:CB:27:D2:0C,-17, WPA2 ,0.000000,0.000000,0.000,0.000,AP
2026-05-15 08:09:07,1900-01-00 00:00:00,,60:E9:AA:1D:0F:F3,-17,,0.000000,0.000000,0.000,0.000,Client
2026-05-15 08:09:07,1900-01-00 00:00:00,dlink-615_EXT,40:86:CB:27:D2:0C,-17, WPA2 ,0.000000,0.000000,0.000,0.000,AP
2026-05-15 08:09:07,1900-01-00 00:00:00,,60:E9:AA:1D:0F:F3,-17,,0.000000,0.000000,0.000,0.000,Client
2026-05-15 08:09:07,1900-01-00 00:00:00,dlink-615_EXT,40:86:CB:27:D2:0C,-17, WPA2 ,0.000000,0.000000,0.000,0.000,AP
2026-05-15 08:09:07,1900-01-00 00:00:00,,60:E9:AA:1D:0F:F3,-17,,0.000000,0.000000,0.000,0.000,Client
2026-05-15 08:09:07,1900-01-00 00:00:00,dlink-615_EXT,40:86:CB:27:D2:0C,-17, WPA2 ,0.000000,0.000000,0.000,0.000,AP
2026-05-15 08:09:07,1900-01-00 00:00:00,,60:E9:AA:1D:0F:F3,-17,,0.000000,0.000000,0.000,0.000,Client
2026-05-15 08:09:07,1900-01-00 00:00:00,dlink-615_EXT,40:86:CB:27:D2:0C,-17, WPA2 ,0.000000,0.000000,0.000,0.000,AP
2026-05-15 08:09:07,1900-01-00 00:00:00,,60:E9:AA:1D:0F:F3,-17,,0.000000,0.000000,0.000,0.000,Client
2026-05-15 08:09:07,1900-01-00 00:00:00,dlink-615_EXT,40:86:CB:27:D2:0C,-17, WPA2 ,0.000000,0.000000,0.000,0.000,AP
2026-05-15 08:09:07,1900-01-00 00:00:00,,60:E9:AA:1D:0F:F3,-17,,0.000000,0.000000,0.000,0.000,Client
2026-05-15 08:09:07,1900-01-00 00:00:00,dlink-615_EXT,40:86:CB:27:D2:0C,-17, WPA2 ,0.000000,0.000000,0.000,0.000,AP
2026-05-15 08:09:07,1900-01-00 00:00:00,,60:E9:AA:1D:0F:F3,-17,,0.000000,0.000000,0.000,0.000,Client
2026-05-15 08:09:07,1900-01-00 00:00:00,dlink-615_EXT,40:86:CB:27:D2:0C,-17, WPA2 ,0.000000,0.000000,0.000,0.000,AP
2026-05-15 08:09:07,1900-01-00 00:00:00,,60:E9:AA:1D:0F:F3,-17,,0.000000,0.000000,0.000,0.000,Client
2026-05-15 08:09:07,1900-01-00 00:00:00,dlink-615_EXT,40:86:CB:27:D2:0C,-17, WPA2 ,0.000000,0.000000,0.000,0.000,AP
2026-05-15 08:09:07,1900-01-00 00:00:00,,60:E9:AA:1D:0F:F3,-17,,0.000000,0.000000,0.000,0.000,Client
2026-05-15 08:09:07,1900-01-00 00:00:00,dlink-615_EXT,40:86:CB:27:D2:0C,-17, WPA2 ,0.000000,0.000000,0.000,0.000,AP
2026-05-15 08:09:07,1900-01-00 00:00:00,,60:E9:AA:1D:0F:F3,-17,,0.000000,0.000000,0.000,0.000,Client
2026-05-15 08:09:07,1900-01-00 00:00:00,dlink-615_EXT,40:86:CB:27:D2:0C,-17, WPA2 ,0.000000,0.000000,0.000,0.000,AP
2026-05-15 08:09:07,1900-01-00 00:00:00,,60:E9:AA:1D:0F:F3,-17,,0.000000,0.000000,0.000,0.000,Client
2026-05-15 08:09:07,1900-01-00 00:00:00,dlink-615_EXT,40:86:CB:27:D2:0C,-17, WPA2 ,0.000000,0.000000,0.000,0.000,AP
2026-05-15 08:09:07,1900-01-00 00:00:00,,60:E9:AA:1D:0F:F3,-17,,0.000000,0.000000,0.000,0.000,Client
2026-05-15 08:09:07,1900-01-00 00:00:00,dlink-615_EXT,40:86:CB:27:D2:0C,-17, WPA2 ,0.000000,0.000000,0.000,0.000,AP
2026-05-15 08:09:07,1900-01-00 00:00:00,,60:E9:AA:1D:0F:F3,-17,,0.000000,0.000000,0.000,0.000,Client
2026-05-15 08:09:07,1900-01-00 00:00:00,dlink-615_EXT,40:86:CB:27:D2:0C,-17, WPA2 ,0.000000,0.000000,0.000,0.000,AP
2026-05-15 08:09:07,1900-01-00 00:00:00,,60:E9:AA:1D:0F:F3,-17,,0.000000,0.000000,0.000,0.000,Client
2026-05-15 08:09:08,1900-01-00 00:00:00,dlink-615_EXT,40:86:CB:27:D2:0C,-17, WPA2 ,0.000000,0.000000,0.000,0.000,AP
2026-05-15 08:09:08,1900-01-00 00:00:00,,60:E9:AA:1D:0F:F3,-17,,0.000000,0.000000,0.000,0.000,Client
2026-05-15 08:09:08,1900-01-00 00:00:00,dlink-615_EXT,40:86:CB:27:D2:0C,-17, WPA2 ,0.000000,0.000000,0.000,0.000,AP
2026-05-15 08:09:08,1900-01-00 00:00:00,,60:E9:AA:1D:0F:F3,-17,,0.000000,0.000000,0.000,0.000,Client
2026-05-15 08:09:08,1900-01-00 00:00:00,dlink-615_EXT,40:86:CB:27:D2:0C,-17, WPA2 ,0.000000,0.000000,0.000,0.000,AP
2026-05-15 08:09:08,1900-01-00 00:00:00,,60:E9:AA:1D:0F:F3,-17,,0.000000,0.000000,0.000,0.000,Client
2026-05-15 08:09:08,1900-01-00 00:00:00,dlink-615_EXT,40:86:CB:27:D2:0C,-17, WPA2 ,0.000000,0.000000,0.000,0.000,AP
2026-05-15 08:09:08,1900-01-00 00:00:00,,60:E9:AA:1D:0F:F3,-17,,0.000000,0.000000,0.000,0.000,Client
2026-05-15 08:09:08,1900-01-00 00:00:00,dlink-615_EXT,40:86:CB:27:D2:0C,-25, WPA2 ,0.000000,0.000000,0.000,0.000,AP
2026-05-15 08:09:08,1900-01-00 00:00:00,,60:E9:AA:1D:0F:F3,-15,,0.000000,0.000000,0.000,0.000,Client
2026-05-15 08:09:08,1900-01-00 00:00:00,dlink-615_EXT,40:86:CB:27:D2:0C,-15, WPA2 ,0.000000,0.000000,0.000,0.000,AP
2026-05-15 08:09:08,1900-01-00 00:00:00,,60:E9:AA:1D:0F:F3,-15,,0.000000,0.000000,0.000,0.000,Client
2026-05-15 08:09:08,1900-01-00 00:00:00,dlink-615_EXT,40:86:CB:27:D2:0C,-15, WPA2 ,0.000000,0.000000,0.000,0.000,AP
2026-05-15 08:09:08,1900-01-00 00:00:00,,60:E9:AA:1D:0F:F3,-15,,0.000000,0.000000,0.000,0.000,Client
2026-05-15 08:09:08,1900-01-00 00:00:00,dlink-615_EXT,40:86:CB:27:D2:0C,-19, WPA2 ,0.000000,0.000000,0.000,0.000,AP
2026-05-15 08:09:08,1900-01-00 00:00:00,,60:E9:AA:1D:0F:F3,-15,,0.000000,0.000000,0.000,0.000,Client
2026-05-15 08:09:08,1900-01-00 00:00:00,dlink-615_EXT,40:86:CB:27:D2:0C,-15, WPA2 ,0.000000,0.000000,0.000,0.000,AP
2026-05-15 08:09:08,1900-01-00 00:00:00,,60:E9:AA:1D:0F:F3,-15,,0.000000,0.000000,0.000,0.000,Client
2026-05-15 08:09:08,1900-01-00 00:00:00,dlink-615_EXT,40:86:CB:27:D2:0C,-15, WPA2 ,0.000000,0.000000,0.000,0.000,AP
2026-05-15 08:09:08,1900-01-00 00:00:00,,60:E9:AA:1D:0F:F3,-17,,0.000000,0.000000,0.000,0.000,Client
2026-05-15 08:09:08,1900-01-00 00:00:00,dlink-615_EXT,40:86:CB:27:D2:0C,-17, WPA2 ,0.000000,0.000000,0.000,0.000,AP
2026-05-15 08:09:08,1900-01-00 00:00:00,,60:E9:AA:1D:0F:F3,-17,,0.000000,0.000000,0.000,0.000,Client
2026-05-15 08:09:08,1900-01-00 00:00:00,dlink-615_EXT,40:86:CB:27:D2:0C,-17, WPA2 ,0.000000,0.000000,0.000,0.000,AP
2026-05-15 08:09:08,1900-01-00 00:00:00,,60:E9:AA:1D:0F:F3,-17,,0.000000,0.000000,0.000,0.000,Client
2026-05-15 08:09:08,1900-01-00 00:00:00,dlink-615_EXT,40:86:CB:27:D2:0C,-17, WPA2 ,0.000000,0.000000,0.000,0.000,AP
2026-05-15 08:09:08,1900-01-00 00:00:00,,60:E9:AA:1D:0F:F3,-17,,0.000000,0.000000,0.000,0.000,Client
2026-05-15 08:09:08,1900-01-00 00:00:00,dlink-615_EXT,40:86:CB:27:D2:0C,-17, WPA2 ,0.000000,0.000000,0.000,0.000,AP
2026-05-15 08:09:08,1900-01-00 00:00:00,,60:E9:AA:1D:0F:F3,-17,,0.000000,0.000000,0.000,0.000,Client
2026-05-15 08:09:08,1900-01-00 00:00:00,dlink-615_EXT,40:86:CB:27:D2:0C,-17, WPA2 ,0.000000,0.000000,0.000,0.000,AP
2026-05-15 08:09:08,1900-01-00 00:00:00,,60:E9:AA:1D:0F:F3,-17,,0.000000,0.000000,0.000,0.000,Client
2026-05-15 08:09:08,1900-01-00 00:00:00,dlink-615_EXT,40:86:CB:27:D2:0C,-15, WPA2 ,0.000000,0.000000,0.000,0.000,AP
2026-05-15 08:09:08,1900-01-00 00:00:00,,60:E9:AA:1D:0F:F3,-15,,0.000000,0.000000,0.000,0.000,Client
2026-05-15 08:09:08,1900-01-00 00:00:00,dlink-615_EXT,40:86:CB:27:D2:0C,-15, WPA2 ,0.000000,0.000000,0.000,0.000,AP
2026-05-15 08:09:08,1900-01-00 00:00:00,,60:E9:AA:1D:0F:F3,-15,,0.000000,0.000000,0.000,0.000,Client
2026-05-15 08:09:08,1900-01-00 00:00:00,dlink-615_EXT,40:86:CB:27:D2:0C,-15, WPA2 ,0.000000,0.000000,0.000,0.000,AP
2026-05-15 08:09:08,1900-01-00 00:00:00,,60:E9:AA:1D:0F:F3,-15,,0.000000,0.000000,0.000,0.000,Client
2026-05-15 08:09:08,1900-01-00 00:00:00,dlink-615_EXT,40:86:CB:27:D2:0C,-17, WPA2 ,0.000000,0.000000,0.000,0.000,AP
2026-05-15 08:09:08,1900-01-00 00:00:00,,60:E9:AA:1D:0F:F3,-17,,0.000000,0.000000,0.000,0.000,Client
2026-05-15 08:09:08,1900-01-00 00:00:00,dlink-615_EXT,40:86:CB:27:D2:0C,-17, WPA2 ,0.000000,0.000000,0.000,0.000,AP
2026-05-15 08:09:08,1900-01-00 00:00:00,,60:E9:AA:1D:0F:F3,-17,,0.000000,0.000000,0.000,0.000,Client
2026-05-15 08:09:08,1900-01-00 00:00:00,dlink-615_EXT,40:86:CB:27:D2:0C,-15, WPA2 ,0.000000,0.000000,0.000,0.000,AP
2026-05-15 08:09:08,1900-01-00 00:00:00,,60:E9:AA:1D:0F:F3,-15,,0.000000,0.000000,0.000,0.000,Client
2026-05-15 08:09:08,1900-01-00 00:00:00,dlink-615_EXT,40:86:CB:27:D2:0C,-15, WPA2 ,0.000000,0.000000,0.000,0.000,AP
2026-05-15 08:09:08,1900-01-00 00:00:00,,60:E9:AA:1D:0F:F3,-15,,0.000000,0.000000,0.000,0.000,Client
2026-05-15 08:09:08,1900-01-00 00:00:00,dlink-615_EXT,40:86:CB:27:D2:0C,-15, WPA2 ,0.000000,0.000000,0.000,0.000,AP
2026-05-15 08:09:08,1900-01-00 00:00:00,,60:E9:AA:1D:0F:F3,-15,,0.000000,0.000000,0.000,0.000,Client
2026-05-15 08:09:08,1900-01-00 00:00:00,dlink-615_EXT,40:86:CB:27:D2:0C,-29, WPA2 ,0.000000,0.000000,0.000,0.000,AP
2026-05-15 08:09:08,1900-01-00 00:00:00,,60:E9:AA:1D:0F:F3,-29,,0.000000,0.000000,0.000,0.000,Client
2026-05-15 08:09:08,1900-01-00 00:00:00,dlink-615_EXT,40:86:CB:27:D2:0C,-17, WPA2 ,0.000000,0.000000,0.000,0.000,AP
2026-05-15 08:09:08,1900-01-00 00:00:00,dlink-615_EXT,40:86:CB:27:D2:0C,-29, WPA2 ,0.000000,0.000000,0.000,0.000,AP
2026-05-15 08:09:08,1900-01-00 00:00:00,,60:E9:AA:1D:0F:F3,-29,,0.000000,0.000000,0.000,0.000,Client
2026-05-15 08:09:08,1900-01-00 00:00:00,dlink-615_EXT,40:86:CB:27:D2:0C,-15, WPA2 ,0.000000,0.000000,0.000,0.000,AP
2026-05-15 08:09:08,1900-01-00 00:00:00,,60:E9:AA:1D:0F:F3,-27,,0.000000,0.000000,0.000,0.000,Client
2026-05-15 08:09:08,1900-01-00 00:00:00,dlink-615_EXT,40:86:CB:27:D2:0C,-15, WPA2 ,0.000000,0.000000,0.000,0.000,AP
2026-05-15 08:09:08,1900-01-00 00:00:00,dlink-615_EXT,40:86:CB:27:D2:0C,-29, WPA2 ,0.000000,0.000000,0.000,0.000,AP
2026-05-15 08:09:08,1900-01-00 00:00:00,dlink-615_EXT,40:86:CB:27:D2:0C,-15, WPA2 ,0.000000,0.000000,0.000,0.000,AP
2026-05-15 08:09:08,1900-01-00 00:00:00,,60:E9:AA:1D:0F:F3,-17,,0.000000,0.000000,0.000,0.000,Client
2026-05-15 08:09:08,1900-01-00 00:00:00,dlink-615_EXT,40:86:CB:27:D2:0C,-27, WPA2 ,0.000000,0.000000,0.000,0.000,AP
2026-05-15 08:09:08,1900-01-00 00:00:00,,60:E9:AA:1D:0F:F3,-27,,0.000000,0.000000,0.000,0.000,Client
2026-05-15 08:09:08,1900-01-00 00:00:00,,60:E9:AA:1D:0F:F3,-27,,0.000000,0.000000,0.000,0.000,Client
2026-05-15 08:09:08,1900-01-00 00:00:00,dlink-615_EXT,40:86:CB:27:D2:0C,-27, WPA2 ,0.000000,0.000000,0.000,0.000,AP
2026-05-15 08:09:08,1900-01-00 00:00:00,,60:E9:AA:1D:0F:F3,-27,,0.000000,0.000000,0.000,0.000,Client
2026-05-15 08:09:08,1900-01-00 00:00:00,dlink-615_EXT,40:86:CB:27:D2:0C,-15, WPA2 ,0.000000,0.000000,0.000,0.000,AP
2026-05-15 08:09:08,1900-01-00 00:00:00,,60:E9:AA:1D:0F:F3,-17,,0.000000,0.000000,0.000,0.000,Client
2026-05-15 08:09:08,1900-01-00 00:00:00,dlink-615_EXT,40:86:CB:27:D2:0C,-17, WPA2 ,0.000000,0.000000,0.000,0.000,AP
2026-05-15 08:09:08,1900-01-00 00:00:00,,60:E9:AA:1D:0F:F3,-17,,0.000000,0.000000,0.000,0.000,Client
2026-05-15 08:09:08,1900-01-00 00:00:00,dlink-615_EXT,40:86:CB:27:D2:0C,-17, WPA2 ,0.000000,0.000000,0.000,0.000,AP
2026-05-15 08:09:08,1900-01-00 00:00:00,dlink-615_EXT,40:86:CB:27:D2:0C,-17, WPA2 ,0.000000,0.000000,0.000,0.000,AP
2026-05-15 08:09:08,1900-01-00 00:00:00,,60:E9:AA:1D:0F:F3,-17,,0.000000,0.000000,0.000,0.000,Client
2026-05-15 08:09:08,1900-01-00 00:00:00,dlink-615_EXT,40:86:CB:27:D2:0C,-17, WPA2 ,0.000000,0.000000,0.000,0.000,AP
2026-05-15 08:09:08,1900-01-00 00:00:00,,60:E9:AA:1D:0F:F3,-17,,0.000000,0.000000,0.000,0.000,Client
2026-05-15 08:09:08,1900-01-00 00:00:00,dlink-615_EXT,40:86:CB:27:D2:0C,-17, WPA2 ,0.000000,0.000000,0.000,0.000,AP
2026-05-15 08:09:08,1900-01-00 00:00:00,,60:E9:AA:1D:0F:F3,-17,,0.000000,0.000000,0.000,0.000,Client
2026-05-15 08:09:08,1900-01-00 00:00:00,dlink-615_EXT,40:86:CB:27:D2:0C,-17, WPA2 ,0.000000,0.000000,0.000,0.000,AP
2026-05-15 08:09:08,1900-01-00 00:00:00,,60:E9:AA:1D:0F:F3,-17,,0.000000,0.000000,0.000,0.000,Client
2026-05-15 08:09:08,1900-01-00 00:00:00,dlink-615_EXT,40:86:CB:27:D2:0C,-19, WPA2 ,0.000000,0.000000,0.000,0.000,AP
2026-05-15 08:09:08,1900-01-00 00:00:00,,60:E9:AA:1D:0F:F3,-19,,0.000000,0.000000,0.000,0.000,Client
2026-05-15 08:09:08,1900-01-00 00:00:00,dlink-615_EXT,40:86:CB:27:D2:0C,-19, WPA2 ,0.000000,0.000000,0.000,0.000,AP
2026-05-15 08:09:08,1900-01-00 00:00:00,,60:E9:AA:1D:0F:F3,-19,,0.000000,0.000000,0.000,0.000,Client
2026-05-15 08:09:08,1900-01-00 00:00:00,dlink-615_EXT,40:86:CB:27:D2:0C,-17, WPA2 ,0.000000,0.000000,0.000,0.000,AP
2026-05-15 08:09:08,1900-01-00 00:00:00,,60:E9:AA:1D:0F:F3,-17,,0.000000,0.000000,0.000,0.000,Client
2026-05-15 08:09:08,1900-01-00 00:00:00,dlink-615_EXT,40:86:CB:27:D2:0C,-17, WPA2 ,0.000000,0.000000,0.000,0.000,AP
2026-05-15 08:09:08,1900-01-00 00:00:00,,60:E9:AA:1D:0F:F3,-17,,0.000000,0.000000,0.000,0.000,Client
2026-05-15 08:09:08,1900-01-00 00:00:00,dlink-615_EXT,40:86:CB:27:D2:0C,-17, WPA2 ,0.000000,0.000000,0.000,0.000,AP
2026-05-15 08:09:08,1900-01-00 00:00:00,,60:E9:AA:1D:0F:F3,-17,,0.000000,0.000000,0.000,0.000,Client
2026-05-15 08:09:08,1900-01-00 00:00:00,dlink-615_EXT,40:86:CB:27:D2:0C,-17, WPA2 ,0.000000,0.000000,0.000,0.000,AP
2026-05-15 08:09:08,1900-01-00 00:00:00,,60:E9:AA:1D:0F:F3,-17,,0.000000,0.000000,0.000,0.000,Client
2026-05-15 08:09:08,1900-01-00 00:00:00,dlink-615_EXT,40:86:CB:27:D2:0C,-17, WPA2 ,0.000000,0.000000,0.000,0.000,AP
2026-05-15 08:09:08,1900-01-00 00:00:00,,60:E9:AA:1D:0F:F3,-17,,0.000000,0.000000,0.000,0.000,Client
2026-05-15 08:09:08,1900-01-00 00:00:00,dlink-615_EXT,40:86:CB:27:D2:0C,-17, WPA2 ,0.000000,0.000000,0.000,0.000,AP
2026-05-15 08:09:08,1900-01-00 00:00:00,,60:E9:AA:1D:0F:F3,-17,,0.000000,0.000000,0.000,0.000,Client
2026-05-15 08:09:08,1900-01-00 00:00:00,dlink-615_EXT,40:86:CB:27:D2:0C,-17, WPA2 ,0.000000,0.000000,0.000,0.000,AP
2026-05-15 08:09:08,1900-01-00 00:00:00,,60:E9:AA:1D:0F:F3,-17,,0.000000,0.000000,0.000,0.000,Client
2026-05-15 08:09:08,1900-01-00 00:00:00,dlink-615_EXT,40:86:CB:27:D2:0C,-17, WPA2 ,0.000000,0.000000,0.000,0.000,AP
2026-05-15 08:09:08,1900-01-00 00:00:00,,60:E9:AA:1D:0F:F3,-17,,0.000000,0.000000,0.000,0.000,Client
2026-05-15 08:09:08,1900-01-00 00:00:00,dlink-615_EXT,40:86:CB:27:D2:0C,-17, WPA2 ,0.000000,0.000000,0.000,0.000,AP
2026-05-15 08:09:08,1900-01-00 00:00:00,,60:E9:AA:1D:0F:F3,-17,,0.000000,0.000000,0.000,0.000,Client
2026-05-15 08:09:08,1900-01-00 00:00:00,dlink-615_EXT,40:86:CB:27:D2:0C,-17, WPA2 ,0.000000,0.000000,0.000,0.000,AP
2026-05-15 08:09:08,1900-01-00 00:00:00,,60:E9:AA:1D:0F:F3,-17,,0.000000,0.000000,0.000,0.000,Client
2026-05-15 08:09:08,1900-01-00 00:00:00,dlink-615_EXT,40:86:CB:27:D2:0C,-17, WPA2 ,0.000000,0.000000,0.000,0.000,AP
2026-05-15 08:09:08,1900-01-00 00:00:00,,60:E9:AA:1D:0F:F3,-17,,0.000000,0.000000,0.000,0.000,Client
2026-05-15 08:09:08,1900-01-00 00:00:00,dlink-615_EXT,40:86:CB:27:D2:0C,-61, WPA2 ,0.000000,0.000000,0.000,0.000,AP
2026-05-15 08:09:08,1900-01-00 00:00:00,,60:E9:AA:1D:0F:F3,-61,,0.000000,0.000000,0.000,0.000,Client
2026-05-15 08:09:08,1900-01-00 00:00:00,dlink-615_EXT,40:86:CB:27:D2:0C,-61, WPA2 ,0.000000,0.000000,0.000,0.000,AP
2026-05-15 08:09:08,1900-01-00 00:00:00,,60:E9:AA:1D:0F:F3,-61,,0.000000,0.000000,0.000,0.000,Client
2026-05-15 08:09:08,1900-01-00 00:00:00,dlink-615_EXT,40:86:CB:27:D2:0C,-61, WPA2 ,0.000000,0.000000,0.000,0.000,AP
2026-05-15 08:09:08,1900-01-00 00:00:00,,60:E9:AA:1D:0F:F3,-61,,0.000000,0.000000,0.000,0.000,Client
2026-05-15 08:09:08,1900-01-00 00:00:00,dlink-615_EXT,40:86:CB:27:D2:0C,-61, WPA2 ,0.000000,0.000000,0.000,0.000,AP
2026-05-15 08:09:08,1900-01-00 00:00:00,,60:E9:AA:1D:0F:F3,-61,,0.000000,0.000000,0.000,0.000,Client
2026-05-15 08:09:08,1900-01-00 00:00:00,dlink-615_EXT,40:86:CB:27:D2:0C,-59, WPA2 ,0.000000,0.000000,0.000,0.000,AP
2026-05-15 08:09:08,1900-01-00 00:00:00,,60:E9:AA:1D:0F:F3,-59,,0.000000,0.000000,0.000,0.000,Client
2026-05-15 08:09:08,1900-01-00 00:00:00,dlink-615_EXT,40:86:CB:27:D2:0C,-59, WPA2 ,0.000000,0.000000,0.000,0.000,AP
2026-05-15 08:09:08,1900-01-00 00:00:00,,60:E9:AA:1D:0F:F3,-59,,0.000000,0.000000,0.000,0.000,Client
2026-05-15 08:09:08,1900-01-00 00:00:00,dlink-615_EXT,40:86:CB:27:D2:0C,-59, WPA2 ,0.000000,0.000000,0.000,0.000,AP
2026-05-15 08:09:08,1900-01-00 00:00:00,,60:E9:AA:1D:0F:F3,-59,,0.000000,0.000000,0.000,0.000,Client
2026-05-15 08:09:08,1900-01-00 00:00:00,dlink-615_EXT,40:86:CB:27:D2:0C,-59, WPA2 ,0.000000,0.000000,0.000,0.000,AP
2026-05-15 08:09:08,1900-01-00 00:00:00,,60:E9:AA:1D:0F:F3,-61,,0.000000,0.000000,0.000,0.000,Client
2026-05-15 08:09:08,1900-01-00 00:00:00,dlink-615_EXT,40:86:CB:27:D2:0C,-61, WPA2 ,0.000000,0.000000,0.000,0.000,AP
2026-05-15 08:09:08,1900-01-00 00:00:00,,60:E9:AA:1D:0F:F3,-61,,0.000000,0.000000,0.000,0.000,Client
2026-05-15 08:09:08,1900-01-00 00:00:00,dlink-615_EXT,40:86:CB:27:D2:0C,-61, WPA2 ,0.000000,0.000000,0.000,0.000,AP
2026-05-15 08:09:08,1900-01-00 00:00:00,,60:E9:AA:1D:0F:F3,-61,,0.000000,0.000000,0.000,0.000,Client
2026-05-15 08:09:08,1900-01-00 00:00:00,dlink-615_EXT,40:86:CB:27:D2:0C,-61, WPA2 ,0.000000,0.000000,0.000,0.000,AP
2026-05-15 08:09:08,1900-01-00 00:00:00,,60:E9:AA:1D:0F:F3,-61,,0.000000,0.000000,0.000,0.000,Client
2026-05-15 08:09:08,1900-01-00 00:00:00,dlink-615_EXT,40:86:CB:27:D2:0C,-61, WPA2 ,0.000000,0.000000,0.000,0.000,AP
2026-05-15 08:09:08,1900-01-00 00:00:00,,60:E9:AA:1D:0F:F3,-61,,0.000000,0.000000,0.000,0.000,Client
2026-05-15 08:09:08,1900-01-00 00:00:00,dlink-615_EXT,40:86:CB:27:D2:0C,-61, WPA2 ,0.000000,0.000000,0.000,0.000,AP
2026-05-15 08:09:08,1900-01-00 00:00:00,,60:E9:AA:1D:0F:F3,-61,,0.000000,0.000000,0.000,0.000,Client
2026-05-15 08:09:08,1900-01-00 00:00:00,dlink-615_EXT,40:86:CB:27:D2:0C,-61, WPA2 ,0.000000,0.000000,0.000,0.000,AP
2026-05-15 08:09:08,1900-01-00 00:00:00,,60:E9:AA:1D:0F:F3,-61,,0.000000,0.000000,0.000,0.000,Client
2026-05-15 08:09:08,1900-01-00 00:00:00,dlink-615_EXT,40:86:CB:27:D2:0C,-61, WPA2 ,0.000000,0.000000,0.000,0.000,AP
2026-05-15 08:09:08,1900-01-00 00:00:00,,60:E9:AA:1D:0F:F3,-61,,0.000000,0.000000,0.000,0.000,Client
2026-05-15 08:09:08,1900-01-00 00:00:00,dlink-615_EXT,40:86:CB:27:D2:0C,-61, WPA2 ,0.000000,0.000000,0.000,0.000,AP
2026-05-15 08:09:08,1900-01-00 00:00:00,,60:E9:AA:1D:0F:F3,-61,,0.000000,0.000000,0.000,0.000,Client
2026-05-15 08:09:08,1900-01-00 00:00:00,dlink-615_EXT,40:86:CB:27:D2:0C,-61, WPA2 ,0.000000,0.000000,0.000,0.000,AP
2026-05-15 08:09:08,1900-01-00 00:00:00,,60:E9:AA:1D:0F:F3,-61,,0.000000,0.000000,0.000,0.000,Client
2026-05-15 08:09:08,1900-01-00 00:00:00,dlink-615_EXT,40:86:CB:27:D2:0C,-61, WPA2 ,0.000000,0.000000,0.000,0.000,AP
2026-05-15 08:09:08,1900-01-00 00:00:00,,60:E9:AA:1D:0F:F3,-61,,0.000000,0.000000,0.000,0.000,Client
2026-05-15 08:09:08,1900-01-00 00:00:00,dlink-615_EXT,40:86:CB:27:D2:0C,-17, WPA2 ,0.000000,0.000000,0.000,0.000,AP
2026-05-15 08:09:08,1900-01-00 00:00:00,,60:E9:AA:1D:0F:F3,-17,,0.000000,0.000000,0.000,0.000,Client
2026-05-15 08:09:08,1900-01-00 00:00:00,dlink-615_EXT,40:86:CB:27:D2:0C,-29, WPA2 ,0.000000,0.000000,0.000,0.000,AP
2026-05-15 08:09:08,1900-01-00 00:00:00,,60:E9:AA:1D:0F:F3,-29,,0.000000,0.000000,0.000,0.000,Client
2026-05-15 08:09:08,1900-01-00 00:00:00,dlink-615_EXT,40:86:CB:27:D2:0C,-15, WPA2 ,0.000000,0.000000,0.000,0.000,AP
2026-05-15 08:09:08,1900-01-00 00:00:00,,60:E9:AA:1D:0F:F3,-15,,0.000000,0.000000,0.000,0.000,Client
2026-05-15 08:09:08,1900-01-00 00:00:00,dlink-615_EXT,40:86:CB:27:D2:0C,-15, WPA2 ,0.000000,0.000000,0.000,0.000,AP
2026-05-15 08:09:08,1900-01-00 00:00:00,,60:E9:AA:1D:0F:F3,-15,,0.000000,0.000000,0.000,0.000,Client
2026-05-15 08:09:08,1900-01-00 00:00:00,dlink-615_EXT,40:86:CB:27:D2:0C,-15, WPA2 ,0.000000,0.000000,0.000,0.000,AP
2026-05-15 08:09:08,1900-01-00 00:00:00,,60:E9:AA:1D:0F:F3,-15,,0.000000,0.000000,0.000,0.000,Client
2026-05-15 08:09:08,1900-01-00 00:00:00,dlink-615_EXT,40:86:CB:27:D2:0C,-15, WPA2 ,0.000000,0.000000,0.000,0.000,AP
2026-05-15 08:09:08,1900-01-00 00:00:00,,60:E9:AA:1D:0F:F3,-15,,0.000000,0.000000,0.000,0.000,Client
2026-05-15 08:09:08,1900-01-00 00:00:00,dlink-615_EXT,40:86:CB:27:D2:0C,-15, WPA2 ,0.000000,0.000000,0.000,0.000,AP
2026-05-15 08:09:08,1900-01-00 00:00:00,,60:E9:AA:1D:0F:F3,-15,,0.000000,0.000000,0.000,0.000,Client
2026-05-15 08:09:08,1900-01-00 00:00:00,dlink-615_EXT,40:86:CB:27:D2:0C,-19, WPA2 ,0.000000,0.000000,0.000,0.000,AP
2026-05-15 08:09:08,1900-01-00 00:00:00,,60:E9:AA:1D:0F:F3,-19,,0.000000,0.000000,0.000,0.000,Client
2026-05-15 08:09:08,1900-01-00 00:00:00,dlink-615_EXT,40:86:CB:27:D2:0C,-19, WPA2 ,0.000000,0.000000,0.000,0.000,AP
2026-05-15 08:09:08,1900-01-00 00:00:00,,60:E9:AA:1D:0F:F3,-19,,0.000000,0.000000,0.000,0.000,Client
2026-05-15 08:09:08,1900-01-00 00:00:00,dlink-615_EXT,40:86:CB:27:D2:0C,-19, WPA2 ,0.000000,0.000000,0.000,0.000,AP
2026-05-15 08:09:08,1900-01-00 00:00:00,,60:E9:AA:1D:0F:F3,-15,,0.000000,0.000000,0.000,0.000,Client
2026-05-15 08:09:08,1900-01-00 00:00:00,dlink-615_EXT,40:86:CB:27:D2:0C,-15, WPA2 ,0.000000,0.000000,0.000,0.000,AP
2026-05-15 08:09:08,1900-01-00 00:00:00,,60:E9:AA:1D:0F:F3,-15,,0.000000,0.000000,0.000,0.000,Client
2026-05-15 08:09:08,1900-01-00 00:00:00,dlink-615_EXT,40:86:CB:27:D2:0C,-15, WPA2 ,0.000000,0.000000,0.000,0.000,AP
2026-05-15 08:09:08,1900-01-00 00:00:00,,60:E9:AA:1D:0F:F3,-15,,0.000000,0.000000,0.000,0.000,Client
2026-05-15 08:09:08,1900-01-00 00:00:00,dlink-615_EXT,40:86:CB:27:D2:0C,-15, WPA2 ,0.000000,0.000000,0.000,0.000,AP
2026-05-15 08:09:08,1900-01-00 00:00:00,,60:E9:AA:1D:0F:F3,-15,,0.000000,0.000000,0.000,0.000,Client
2026-05-15 08:09:08,1900-01-00 00:00:00,dlink-615_EXT,40:86:CB:27:D2:0C,-15, WPA2 ,0.000000,0.000000,0.000,0.000,AP
2026-05-15 08:09:08,1900-01-00 00:00:00,,60:E9:AA:1D:0F:F3,-15,,0.000000,0.000000,0.000,0.000,Client
2026-05-15 08:09:08,1900-01-00 00:00:00,dlink-615_EXT,40:86:CB:27:D2:0C,-15, WPA2 ,0.000000,0.000000,0.000,0.000,AP
2026-05-15 08:09:08,1900-01-00 00:00:00,,60:E9:AA:1D:0F:F3,-15,,0.000000,0.000000,0.000,0.000,Client
2026-05-15 08:09:08,1900-01-00 00:00:00,dlink-615_EXT,40:86:CB:27:D2:0C,-15, WPA2 ,0.000000,0.000000,0.000,0.000,AP
2026-05-15 08:09:08,1900-01-00 00:00:00,,60:E9:AA:1D:0F:F3,-17,,0.000000,0.000000,0.000,0.000,Client
2026-05-15 08:09:08,1900-01-00 00:00:00,dlink-615_EXT,40:86:CB:27:D2:0C,-17, WPA2 ,0.000000,0.000000,0.000,0.000,AP
2026-05-15 08:09:08,1900-01-00 00:00:00,,60:E9:AA:1D:0F:F3,-17,,0.000000,0.000000,0.000,0.000,Client
2026-05-15 08:09:08,1900-01-00 00:00:00,dlink-615_EXT,40:86:CB:27:D2:0C,-17, WPA2 ,0.000000,0.000000,0.000,0.000,AP
2026-05-15 08:09:08,1900-01-00 00:00:00,,60:E9:AA:1D:0F:F3,-17,,0.000000,0.000000,0.000,0.000,Client
2026-05-15 08:09:08,1900-01-00 00:00:00,dlink-615_EXT,40:86:CB:27:D2:0C,-17, WPA2 ,0.000000,0.000000,0.000,0.000,AP
2026-05-15 08:09:08,1900-01-00 00:00:00,,60:E9:AA:1D:0F:F3,-17,,0.000000,0.000000,0.000,0.000,Client
2026-05-15 08:09:08,1900-01-00 00:00:00,dlink-615_EXT,40:86:CB:27:D2:0C,-17, WPA2 ,0.000000,0.000000,0.000,0.000,AP
2026-05-15 08:09:08,1900-01-00 00:00:00,dlink-615_EXT,40:86:CB:27:D2:0C,-15, WPA2 ,0.000000,0.000000,0.000,0.000,AP
2026-05-15 08:09:08,1900-01-00 00:00:00,,60:E9:AA:1D:0F:F3,-29,,0.000000,0.000000,0.000,0.000,Client
2026-05-15 08:09:08,1900-01-00 00:00:00,,60:E9:AA:1D:0F:F3,-17,,0.000000,0.000000,0.000,0.000,Client
2026-05-15 08:09:08,1900-01-00 00:00:00,dlink-615_EXT,40:86:CB:27:D2:0C,-15, WPA2 ,0.000000,0.000000,0.000,0.000,AP
2026-05-15 08:09:08,1900-01-00 00:00:00,,60:E9:AA:1D:0F:F3,-29,,0.000000,0.000000,0.000,0.000,Client
2026-05-15 08:09:08,1900-01-00 00:00:00,dlink-615_EXT,40:86:CB:27:D2:0C,-19, WPA2 ,0.000000,0.000000,0.000,0.000,AP
2026-05-15 08:09:08,1900-01-00 00:00:00,dlink-615_EXT,40:86:CB:27:D2:0C,-29, WPA2 ,0.000000,0.000000,0.000,0.000,AP
2026-05-15 08:09:08,1900-01-00 00:00:00,,60:E9:AA:1D:0F:F3,-29,,0.000000,0.000000,0.000,0.000,Client
2026-05-15 08:09:08,1900-01-00 00:00:00,,60:E9:AA:1D:0F:F3,-29,,0.000000,0.000000,0.000,0.000,Client
2026-05-15 08:09:08,1900-01-00 00:00:00,dlink-615_EXT,40:86:CB:27:D2:0C,-17, WPA2 ,0.000000,0.000000,0.000,0.000,AP
2026-05-15 08:09:08,1900-01-00 00:00:00,dlink-615_EXT,40:86:CB:27:D2:0C,-29, WPA2 ,0.000000,0.000000,0.000,0.000,AP
2026-05-15 08:09:08,1900-01-00 00:00:00,,60:E9:AA:1D:0F:F3,-15,,0.000000,0.000000,0.000,0.000,Client
2026-05-15 08:09:08,1900-01-00 00:00:00,dlink-615_EXT,40:86:CB:27:D2:0C,-15, WPA2 ,0.000000,0.000000,0.000,0.000,AP
2026-05-15 08:09:08,1900-01-00 00:00:00,,60:E9:AA:1D:0F:F3,-15,,0.000000,0.000000,0.000,0.000,Client
2026-05-15 08:09:08,1900-01-00 00:00:00,dlink-615_EXT,40:86:CB:27:D2:0C,-15, WPA2 ,0.000000,0.000000,0.000,0.000,AP
2026-05-15 08:09:08,1900-01-00 00:00:00,,60:E9:AA:1D:0F:F3,-15,,0.000000,0.000000,0.000,0.000,Client
2026-05-15 08:09:08,1900-01-00 00:00:00,dlink-615_EXT,40:86:CB:27:D2:0C,-17, WPA2 ,0.000000,0.000000,0.000,0.000,AP
2026-05-15 08:09:08,1900-01-00 00:00:00,,60:E9:AA:1D:0F:F3,-17,,0.000000,0.000000,0.000,0.000,Client
2026-05-15 08:09:08,1900-01-00 00:00:00,dlink-615_EXT,40:86:CB:27:D2:0C,-17, WPA2 ,0.000000,0.000000,0.000,0.000,AP
2026-05-15 08:09:08,1900-01-00 00:00:00,,60:E9:AA:1D:0F:F3,-17,,0.000000,0.000000,0.000,0.000,Client
2026-05-15 08:09:08,1900-01-00 00:00:00,dlink-615_EXT,40:86:CB:27:D2:0C,-17, WPA2 ,0.000000,0.000000,0.000,0.000,AP
2026-05-15 08:09:08,1900-01-00 00:00:00,,60:E9:AA:1D:0F:F3,-17,,0.000000,0.000000,0.000,0.000,Client
2026-05-15 08:09:08,1900-01-00 00:00:00,dlink-615_EXT,40:86:CB:27:D2:0C,-19, WPA2 ,0.000000,0.000000,0.000,0.000,AP
2026-05-15 08:09:08,1900-01-00 00:00:00,,60:E9:AA:1D:0F:F3,-19,,0.000000,0.000000,0.000,0.000,Client
2026-05-15 08:09:08,1900-01-00 00:00:00,dlink-615_EXT,40:86:CB:27:D2:0C,-19, WPA2 ,0.000000,0.000000,0.000,0.000,AP
2026-05-15 08:09:08,1900-01-00 00:00:00,,60:E9:AA:1D:0F:F3,-19,,0.000000,0.000000,0.000,0.000,Client
2026-05-15 08:09:08,1900-01-00 00:00:00,dlink-615_EXT,40:86:CB:27:D2:0C,-61, WPA2 ,0.000000,0.000000,0.000,0.000,AP
2026-05-15 08:09:08,1900-01-00 00:00:00,dlink-615_EXT,40:86:CB:27:D2:0C,-63, WPA2 ,0.000000,0.000000,0.000,0.000,AP
2026-05-15 08:09:08,1900-01-00 00:00:00,,60:E9:AA:1D:0F:F3,-17,,0.000000,0.000000,0.000,0.000,Client
2026-05-15 08:09:08,1900-01-00 00:00:00,dlink-615_EXT,40:86:CB:27:D2:0C,-17, WPA2 ,0.000000,0.000000,0.000,0.000,AP
2026-05-15 08:09:08,1900-01-00 00:00:00,,60:E9:AA:1D:0F:F3,-17,,0.000000,0.000000,0.000,0.000,Client
2026-05-15 08:09:08,1900-01-00 00:00:00,dlink-615_EXT,40:86:CB:27:D2:0C,-17, WPA2 ,0.000000,0.000000,0.000,0.000,AP
2026-05-15 08:09:08,1900-01-00 00:00:00,,60:E9:AA:1D:0F:F3,-17,,0.000000,0.000000,0.000,0.000,Client
2026-05-15 08:09:08,1900-01-00 00:00:00,dlink-615_EXT,40:86:CB:27:D2:0C,-15, WPA2 ,0.000000,0.000000,0.000,0.000,AP
2026-05-15 08:09:08,1900-01-00 00:00:00,,60:E9:AA:1D:0F:F3,-15,,0.000000,0.000000,0.000,0.000,Client
2026-05-15 08:09:08,1900-01-00 00:00:00,dlink-615_EXT,40:86:CB:27:D2:0C,-15, WPA2 ,0.000000,0.000000,0.000,0.000,AP
2026-05-15 08:09:08,1900-01-00 00:00:00,,60:E9:AA:1D:0F:F3,-15,,0.000000,0.000000,0.000,0.000,Client
2026-05-15 08:09:08,1900-01-00 00:00:00,dlink-615_EXT,40:86:CB:27:D2:0C,-15, WPA2 ,0.000000,0.000000,0.000,0.000,AP
2026-05-15 08:09:08,1900-01-00 00:00:00,,60:E9:AA:1D:0F:F3,-15,,0.000000,0.000000,0.000,0.000,Client
2026-05-15 08:09:08,1900-01-00 00:00:00,dlink-615_EXT,40:86:CB:27:D2:0C,-15, WPA2 ,0.000000,0.000000,0.000,0.000,AP
2026-05-15 08:09:08,1900-01-00 00:00:00,,60:E9:AA:1D:0F:F3,-15,,0.000000,0.000000,0.000,0.000,Client
2026-05-15 08:09:08,1900-01-00 00:00:00,dlink-615_EXT,40:86:CB:27:D2:0C,-15, WPA2 ,0.000000,0.000000,0.000,0.000,AP
2026-05-15 08:09:08,1900-01-00 00:00:00,,60:E9:AA:1D:0F:F3,-15,,0.000000,0.000000,0.000,0.000,Client
2026-05-15 08:09:08,1900-01-00 00:00:00,dlink-615_EXT,40:86:CB:27:D2:0C,-15, WPA2 ,0.000000,0.000000,0.000,0.000,AP
2026-05-15 08:09:08,1900-01-00 00:00:00,,60:E9:AA:1D:0F:F3,-15,,0.000000,0.000000,0.000,0.000,Client
2026-05-15 08:09:08,1900-01-00 00:00:00,dlink-615_EXT,40:86:CB:27:D2:0C,-15, WPA2 ,0.000000,0.000000,0.000,0.000,AP
2026-05-15 08:09:08,1900-01-00 00:00:00,,60:E9:AA:1D:0F:F3,-15,,0.000000,0.000000,0.000,0.000,Client
2026-05-15 08:09:08,1900-01-00 00:00:00,dlink-615_EXT,40:86:CB:27:D2:0C,-15, WPA2 ,0.000000,0.000000,0.000,0.000,AP
2026-05-15 08:09:08,1900-01-00 00:00:00,,60:E9:AA:1D:0F:F3,-15,,0.000000,0.000000,0.000,0.000,Client
2026-05-15 08:09:08,1900-01-00 00:00:00,dlink-615_EXT,40:86:CB:27:D2:0C,-15, WPA2 ,0.000000,0.000000,0.000,0.000,AP
2026-05-15 08:09:08,1900-01-00 00:00:00,,60:E9:AA:1D:0F:F3,-15,,0.000000,0.000000,0.000,0.000,Client
2026-05-15 08:09:08,1900-01-00 00:00:00,dlink-615_EXT,40:86:CB:27:D2:0C,-15, WPA2 ,0.000000,0.000000,0.000,0.000,AP
2026-05-15 08:09:08,1900-01-00 00:00:00,,60:E9:AA:1D:0F:F3,-27,,0.000000,0.000000,0.000,0.000,Client
2026-05-15 08:09:08,1900-01-00 00:00:00,dlink-615_EXT,40:86:CB:27:D2:0C,-27, WPA2 ,0.000000,0.000000,0.000,0.000,AP
2026-05-15 08:09:08,1900-01-00 00:00:00,,60:E9:AA:1D:0F:F3,-27,,0.000000,0.000000,0.000,0.000,Client
2026-05-15 08:09:08,1900-01-00 00:00:00,dlink-615_EXT,40:86:CB:27:D2:0C,-27, WPA2 ,0.000000,0.000000,0.000,0.000,AP
2026-05-15 08:09:08,1900-01-00 00:00:00,,60:E9:AA:1D:0F:F3,-27,,0.000000,0.000000,0.000,0.000,Client
2026-05-15 08:09:08,1900-01-00 00:00:00,dlink-615_EXT,40:86:CB:27:D2:0C,-27, WPA2 ,0.000000,0.000000,0.000,0.000,AP
2026-05-15 08:09:08,1900-01-00 00:00:00,,60:E9:AA:1D:0F:F3,-27,,0.000000,0.000000,0.000,0.000,Client
2026-05-15 08:09:08,1900-01-00 00:00:00,dlink-615_EXT,40:86:CB:27:D2:0C,-27, WPA2 ,0.000000,0.000000,0.000,0.000,AP
2026-05-15 08:09:08,1900-01-00 00:00:00,,60:E9:AA:1D:0F:F3,-27,,0.000000,0.000000,0.000,0.000,Client
2026-05-15 08:09:08,1900-01-00 00:00:00,dlink-615_EXT,40:86:CB:27:D2:0C,-27, WPA2 ,0.000000,0.000000,0.000,0.000,AP
2026-05-15 08:09:08,1900-01-00 00:00:00,,60:E9:AA:1D:0F:F3,-27,,0.000000,0.000000,0.000,0.000,Client
2026-05-15 08:09:08,1900-01-00 00:00:00,dlink-615_EXT,40:86:CB:27:D2:0C,-27, WPA2 ,0.000000,0.000000,0.000,0.000,AP
2026-05-15 08:09:08,1900-01-00 00:00:00,,60:E9:AA:1D:0F:F3,-27,,0.000000,0.000000,0.000,0.000,Client
2026-05-15 08:09:08,1900-01-00 00:00:00,dlink-615_EXT,40:86:CB:27:D2:0C,-27, WPA2 ,0.000000,0.000000,0.000,0.000,AP
2026-05-15 08:09:08,1900-01-00 00:00:00,,60:E9:AA:1D:0F:F3,-27,,0.000000,0.000000,0.000,0.000,Client
2026-05-15 08:09:08,1900-01-00 00:00:00,dlink-615_EXT,40:86:CB:27:D2:0C,-27, WPA2 ,0.000000,0.000000,0.000,0.000,AP
2026-05-15 08:09:08,1900-01-00 00:00:00,,60:E9:AA:1D:0F:F3,-27,,0.000000,0.000000,0.000,0.000,Client
2026-05-15 08:09:08,1900-01-00 00:00:00,dlink-615_EXT,40:86:CB:27:D2:0C,-27, WPA2 ,0.000000,0.000000,0.000,0.000,AP
2026-05-15 08:09:08,1900-01-00 00:00:00,,60:E9:AA:1D:0F:F3,-27,,0.000000,0.000000,0.000,0.000,Client
2026-05-15 08:09:08,1900-01-00 00:00:00,dlink-615_EXT,40:86:CB:27:D2:0C,-27, WPA2 ,0.000000,0.000000,0.000,0.000,AP
2026-05-15 08:09:08,1900-01-00 00:00:00,,60:E9:AA:1D:0F:F3,-27,,0.000000,0.000000,0.000,0.000,Client
2026-05-15 08:09:08,1900-01-00 00:00:00,dlink-615_EXT,40:86:CB:27:D2:0C,-27, WPA2 ,0.000000,0.000000,0.000,0.000,AP
2026-05-15 08:09:08,1900-01-00 00:00:00,,60:E9:AA:1D:0F:F3,-27,,0.000000,0.000000,0.000,0.000,Client
2026-05-15 08:09:08,1900-01-00 00:00:00,dlink-615_EXT,40:86:CB:27:D2:0C,-27, WPA2 ,0.000000,0.000000,0.000,0.000,AP
2026-05-15 08:09:08,1900-01-00 00:00:00,,60:E9:AA:1D:0F:F3,-27,,0.000000,0.000000,0.000,0.000,Client
2026-05-15 08:09:08,1900-01-00 00:00:00,dlink-615_EXT,40:86:CB:27:D2:0C,-27, WPA2 ,0.000000,0.000000,0.000,0.000,AP
2026-05-15 08:09:08,1900-01-00 00:00:00,,60:E9:AA:1D:0F:F3,-27,,0.000000,0.000000,0.000,0.000,Client
2026-05-15 08:09:08,1900-01-00 00:00:00,dlink-615_EXT,40:86:CB:27:D2:0C,-27, WPA2 ,0.000000,0.000000,0.000,0.000,AP
2026-05-15 08:09:08,1900-01-00 00:00:00,,60:E9:AA:1D:0F:F3,-27,,0.000000,0.000000,0.000,0.000,Client
2026-05-15 08:09:08,1900-01-00 00:00:00,dlink-615_EXT,40:86:CB:27:D2:0C,-27, WPA2 ,0.000000,0.000000,0.000,0.000,AP
2026-05-15 08:09:08,1900-01-00 00:00:00,,60:E9:AA:1D:0F:F3,-27,,0.000000,0.000000,0.000,0.000,Client
2026-05-15 08:09:08,1900-01-00 00:00:00,dlink-615_EXT,40:86:CB:27:D2:0C,-27, WPA2 ,0.000000,0.000000,0.000,0.000,AP
2026-05-15 08:09:08,1900-01-00 00:00:00,,60:E9:AA:1D:0F:F3,-27,,0.000000,0.000000,0.000,0.000,Client
2026-05-15 08:09:08,1900-01-00 00:00:00,dlink-615_EXT,40:86:CB:27:D2:0C,-27, WPA2 ,0.000000,0.000000,0.000,0.000,AP
2026-05-15 08:09:08,1900-01-00 00:00:00,,60:E9:AA:1D:0F:F3,-27,,0.000000,0.000000,0.000,0.000,Client
2026-05-15 08:09:09,1900-01-00 00:00:00,dlink-615_EXT,40:86:CB:27:D2:0C,-25, WPA2 ,0.000000,0.000000,0.000,0.000,AP
2026-05-15 08:09:09,1900-01-00 00:00:00,,60:E9:AA:1D:0F:F3,-25,,0.000000,0.000000,0.000,0.000,Client
2026-05-15 08:09:09,1900-01-00 00:00:00,dlink-615_EXT,40:86:CB:27:D2:0C,-25, WPA2 ,0.000000,0.000000,0.000,0.000,AP
2026-05-15 08:09:09,1900-01-00 00:00:00,,60:E9:AA:1D:0F:F3,-25,,0.000000,0.000000,0.000,0.000,Client
2026-05-15 08:09:09,1900-01-00 00:00:00,dlink-615_EXT,40:86:CB:27:D2:0C,-25, WPA2 ,0.000000,0.000000,0.000,0.000,AP
2026-05-15 08:09:09,1900-01-00 00:00:00,,60:E9:AA:1D:0F:F3,-25,,0.000000,0.000000,0.000,0.000,Client
2026-05-15 08:09:09,1900-01-00 00:00:00,dlink-615_EXT,40:86:CB:27:D2:0C,-25, WPA2 ,0.000000,0.000000,0.000,0.000,AP
2026-05-15 08:09:09,1900-01-00 00:00:00,,60:E9:AA:1D:0F:F3,-25,,0.000000,0.000000,0.000,0.000,Client
2026-05-15 08:09:09,1900-01-00 00:00:00,dlink-615_EXT,40:86:CB:27:D2:0C,-79, WPA2 ,0.000000,0.000000,0.000,0.000,AP
2026-05-15 08:09:09,1900-01-00 00:00:00,dlink-615_EXT,40:86:CB:27:D2:0C,-59, WPA2 ,0.000000,0.000000,0.000,0.000,AP
2026-05-15 08:09:09,1900-01-00 00:00:00,dlink-615_EXT,40:86:CB:27:D2:0C,-59, WPA2 ,0.000000,0.000000,0.000,0.000,AP
2026-05-15 08:09:09,1900-01-00 00:00:00,,60:E9:AA:1D:0F:F3,-59,,0.000000,0.000000,0.000,0.000,Client
2026-05-15 08:09:09,1900-01-00 00:00:00,dlink-615_EXT,40:86:CB:27:D2:0C,-17, WPA2 ,0.000000,0.000000,0.000,0.000,AP
2026-05-15 08:09:09,1900-01-00 00:00:00,,60:E9:AA:1D:0F:F3,-17,,0.000000,0.000000,0.000,0.000,Client
2026-05-15 08:09:09,1900-01-00 00:00:00,dlink-615_EXT,40:86:CB:27:D2:0C,-15, WPA2 ,0.000000,0.000000,0.000,0.000,AP
2026-05-15 08:09:09,1900-01-00 00:00:00,,60:E9:AA:1D:0F:F3,-15,,0.000000,0.000000,0.000,0.000,Client
2026-05-15 08:09:09,1900-01-00 00:00:00,dlink-615_EXT,40:86:CB:27:D2:0C,-17, WPA2 ,0.000000,0.000000,0.000,0.000,AP
2026-05-15 08:09:09,1900-01-00 00:00:00,,60:E9:AA:1D:0F:F3,-17,,0.000000,0.000000,0.000,0.000,Client
2026-05-15 08:09:09,1900-01-00 00:00:00,dlink-615_EXT,40:86:CB:27:D2:0C,-17, WPA2 ,0.000000,0.000000,0.000,0.000,AP
2026-05-15 08:09:09,1900-01-00 00:00:00,,60:E9:AA:1D:0F:F3,-17,,0.000000,0.000000,0.000,0.000,Client
2026-05-15 08:09:09,1900-01-00 00:00:00,dlink-615_EXT,40:86:CB:27:D2:0C,-17, WPA2 ,0.000000,0.000000,0.000,0.000,AP
2026-05-15 08:09:09,1900-01-00 00:00:00,,60:E9:AA:1D:0F:F3,-17,,0.000000,0.000000,0.000,0.000,Client
2026-05-15 08:09:09,1900-01-00 00:00:00,dlink-615_EXT,40:86:CB:27:D2:0C,-15, WPA2 ,0.000000,0.000000,0.000,0.000,AP
2026-05-15 08:09:09,1900-01-00 00:00:00,,60:E9:AA:1D:0F:F3,-15,,0.000000,0.000000,0.000,0.000,Client
2026-05-15 08:09:09,1900-01-00 00:00:00,dlink-615_EXT,40:86:CB:27:D2:0C,-17, WPA2 ,0.000000,0.000000,0.000,0.000,AP
2026-05-15 08:09:09,1900-01-00 00:00:00,,60:E9:AA:1D:0F:F3,-17,,0.000000,0.000000,0.000,0.000,Client
2026-05-15 08:09:09,1900-01-00 00:00:00,dlink-615_EXT,40:86:CB:27:D2:0C,-17, WPA2 ,0.000000,0.000000,0.000,0.000,AP
2026-05-15 08:09:09,1900-01-00 00:00:00,,60:E9:AA:1D:0F:F3,-17,,0.000000,0.000000,0.000,0.000,Client
2026-05-15 08:09:09,1900-01-00 00:00:00,dlink-615_EXT,40:86:CB:27:D2:0C,-15, WPA2 ,0.000000,0.000000,0.000,0.000,AP
2026-05-15 08:09:09,1900-01-00 00:00:00,,60:E9:AA:1D:0F:F3,-15,,0.000000,0.000000,0.000,0.000,Client
2026-05-15 08:09:09,1900-01-00 00:00:00,dlink-615_EXT,40:86:CB:27:D2:0C,-15, WPA2 ,0.000000,0.000000,0.000,0.000,AP
2026-05-15 08:09:09,1900-01-00 00:00:00,dlink-615_EXT,40:86:CB:27:D2:0C,-15, WPA2 ,0.000000,0.000000,0.000,0.000,AP
2026-05-15 08:09:09,1900-01-00 00:00:00,,60:E9:AA:1D:0F:F3,-15,,0.000000,0.000000,0.000,0.000,Client
2026-05-15 08:09:09,1900-01-00 00:00:00,dlink-615_EXT,40:86:CB:27:D2:0C,-15, WPA2 ,0.000000,0.000000,0.000,0.000,AP
2026-05-15 08:09:09,1900-01-00 00:00:00,,60:E9:AA:1D:0F:F3,-15,,0.000000,0.000000,0.000,0.000,Client
2026-05-15 08:09:09,1900-01-00 00:00:00,dlink-615_EXT,40:86:CB:27:D2:0C,-17, WPA2 ,0.000000,0.000000,0.000,0.000,AP
2026-05-15 08:09:09,1900-01-00 00:00:00,,60:E9:AA:1D:0F:F3,-15,,0.000000,0.000000,0.000,0.000,Client
2026-05-15 08:09:09,1900-01-00 00:00:00,dlink-615_EXT,40:86:CB:27:D2:0C,-15, WPA2 ,0.000000,0.000000,0.000,0.000,AP
2026-05-15 08:09:09,1900-01-00 00:00:00,,60:E9:AA:1D:0F:F3,-15,,0.000000,0.000000,0.000,0.000,Client
2026-05-15 08:09:09,1900-01-00 00:00:00,dlink-615_EXT,40:86:CB:27:D2:0C,-15, WPA2 ,0.000000,0.000000,0.000,0.000,AP
2026-05-15 08:09:09,1900-01-00 00:00:00,,60:E9:AA:1D:0F:F3,-15,,0.000000,0.000000,0.000,0.000,Client
2026-05-15 08:09:09,1900-01-00 00:00:00,dlink-615_EXT,40:86:CB:27:D2:0C,-15, WPA2 ,0.000000,0.000000,0.000,0.000,AP
2026-05-15 08:09:09,1900-01-00 00:00:00,,60:E9:AA:1D:0F:F3,-15,,0.000000,0.000000,0.000,0.000,Client
2026-05-15 08:09:09,1900-01-00 00:00:00,dlink-615_EXT,40:86:CB:27:D2:0C,-15, WPA2 ,0.000000,0.000000,0.000,0.000,AP
2026-05-15 08:09:09,1900-01-00 00:00:00,,60:E9:AA:1D:0F:F3,-17,,0.000000,0.000000,0.000,0.000,Client
2026-05-15 08:09:09,1900-01-00 00:00:00,dlink-615_EXT,40:86:CB:27:D2:0C,-17, WPA2 ,0.000000,0.000000,0.000,0.000,AP
2026-05-15 08:09:09,1900-01-00 00:00:00,,60:E9:AA:1D:0F:F3,-17,,0.000000,0.000000,0.000,0.000,Client
2026-05-15 08:09:09,1900-01-00 00:00:00,dlink-615_EXT,40:86:CB:27:D2:0C,-17, WPA2 ,0.000000,0.000000,0.000,0.000,AP
2026-05-15 08:09:09,1900-01-00 00:00:00,,60:E9:AA:1D:0F:F3,-15,,0.000000,0.000000,0.000,0.000,Client
2026-05-15 08:09:09,1900-01-00 00:00:00,dlink-615_EXT,40:86:CB:27:D2:0C,-15, WPA2 ,0.000000,0.000000,0.000,0.000,AP
2026-05-15 08:09:09,1900-01-00 00:00:00,,60:E9:AA:1D:0F:F3,-15,,0.000000,0.000000,0.000,0.000,Client
2026-05-15 08:09:09,1900-01-00 00:00:00,dlink-615_EXT,40:86:CB:27:D2:0C,-15, WPA2 ,0.000000,0.000000,0.000,0.000,AP
2026-05-15 08:09:09,1900-01-00 00:00:00,,60:E9:AA:1D:0F:F3,-29,,0.000000,0.000000,0.000,0.000,Client
2026-05-15 08:09:09,1900-01-00 00:00:00,,60:E9:AA:1D:0F:F3,-15,,0.000000,0.000000,0.000,0.000,Client
2026-05-15 08:09:09,1900-01-00 00:00:00,dlink-615_EXT,40:86:CB:27:D2:0C,-15, WPA2 ,0.000000,0.000000,0.000,0.000,AP
2026-05-15 08:09:09,1900-01-00 00:00:00,dlink-615_EXT,40:86:CB:27:D2:0C,-27, WPA2 ,0.000000,0.000000,0.000,0.000,AP
2026-05-15 08:09:09,1900-01-00 00:00:00,,60:E9:AA:1D:0F:F3,-29,,0.000000,0.000000,0.000,0.000,Client
2026-05-15 08:09:09,1900-01-00 00:00:00,,60:E9:AA:1D:0F:F3,-29,,0.000000,0.000000,0.000,0.000,Client
2026-05-15 08:09:09,1900-01-00 00:00:00,dlink-615_EXT,40:86:CB:27:D2:0C,-27, WPA2 ,0.000000,0.000000,0.000,0.000,AP
2026-05-15 08:09:09,1900-01-00 00:00:00,,60:E9:AA:1D:0F:F3,-29,,0.000000,0.000000,0.000,0.000,Client
2026-05-15 08:09:09,1900-01-00 00:00:00,dlink-615_EXT,40:86:CB:27:D2:0C,-17, WPA2 ,0.000000,0.000000,0.000,0.000,AP
2026-05-15 08:09:09,1900-01-00 00:00:00,,60:E9:AA:1D:0F:F3,-17,,0.000000,0.000000,0.000,0.000,Client
2026-05-15 08:09:09,1900-01-00 00:00:00,dlink-615_EXT,40:86:CB:27:D2:0C,-17, WPA2 ,0.000000,0.000000,0.000,0.000,AP
2026-05-15 08:09:09,1900-01-00 00:00:00,,60:E9:AA:1D:0F:F3,-15,,0.000000,0.000000,0.000,0.000,Client
2026-05-15 08:09:09,1900-01-00 00:00:00,dlink-615_EXT,40:86:CB:27:D2:0C,-17, WPA2 ,0.000000,0.000000,0.000,0.000,AP
2026-05-15 08:09:09,1900-01-00 00:00:00,,60:E9:AA:1D:0F:F3,-17,,0.000000,0.000000,0.000,0.000,Client
2026-05-15 08:09:09,1900-01-00 00:00:00,dlink-615_EXT,40:86:CB:27:D2:0C,-17, WPA2 ,0.000000,0.000000,0.000,0.000,AP
2026-05-15 08:09:09,1900-01-00 00:00:00,,60:E9:AA:1D:0F:F3,-17,,0.000000,0.000000,0.000,0.000,Client
2026-05-15 08:09:09,1900-01-00 00:00:00,dlink-615_EXT,40:86:CB:27:D2:0C,-17, WPA2 ,0.000000,0.000000,0.000,0.000,AP
2026-05-15 08:09:09,1900-01-00 00:00:00,,60:E9:AA:1D:0F:F3,-15,,0.000000,0.000000,0.000,0.000,Client
2026-05-15 08:09:09,1900-01-00 00:00:00,dlink-615_EXT,40:86:CB:27:D2:0C,-15, WPA2 ,0.000000,0.000000,0.000,0.000,AP
2026-05-15 08:09:09,1900-01-00 00:00:00,,60:E9:AA:1D:0F:F3,-15,,0.000000,0.000000,0.000,0.000,Client
2026-05-15 08:09:09,1900-01-00 00:00:00,dlink-615_EXT,40:86:CB:27:D2:0C,-15, WPA2 ,0.000000,0.000000,0.000,0.000,AP
2026-05-15 08:09:09,1900-01-00 00:00:00,,60:E9:AA:1D:0F:F3,-15,,0.000000,0.000000,0.000,0.000,Client
2026-05-15 08:09:09,1900-01-00 00:00:00,dlink-615_EXT,40:86:CB:27:D2:0C,-15, WPA2 ,0.000000,0.000000,0.000,0.000,AP
2026-05-15 08:09:09,1900-01-00 00:00:00,,60:E9:AA:1D:0F:F3,-15,,0.000000,0.000000,0.000,0.000,Client
2026-05-15 08:09:09,1900-01-00 00:00:00,dlink-615_EXT,40:86:CB:27:D2:0C,-15, WPA2 ,0.000000,0.000000,0.000,0.000,AP
2026-05-15 08:09:09,1900-01-00 00:00:00,,60:E9:AA:1D:0F:F3,-15,,0.000000,0.000000,0.000,0.000,Client
2026-05-15 08:09:09,1900-01-00 00:00:00,dlink-615_EXT,40:86:CB:27:D2:0C,-15, WPA2 ,0.000000,0.000000,0.000,0.000,AP
2026-05-15 08:09:09,1900-01-00 00:00:00,,60:E9:AA:1D:0F:F3,-15,,0.000000,0.000000,0.000,0.000,Client
2026-05-15 08:09:09,1900-01-00 00:00:00,dlink-615_EXT,40:86:CB:27:D2:0C,-15, WPA2 ,0.000000,0.000000,0.000,0.000,AP
2026-05-15 08:09:09,1900-01-00 00:00:00,,60:E9:AA:1D:0F:F3,-15,,0.000000,0.000000,0.000,0.000,Client
2026-05-15 08:09:09,1900-01-00 00:00:00,dlink-615_EXT,40:86:CB:27:D2:0C,-15, WPA2 ,0.000000,0.000000,0.000,0.000,AP
2026-05-15 08:09:09,1900-01-00 00:00:00,,60:E9:AA:1D:0F:F3,-29,,0.000000,0.000000,0.000,0.000,Client
2026-05-15 08:09:09,1900-01-00 00:00:00,dlink-615_EXT,40:86:CB:27:D2:0C,-29, WPA2 ,0.000000,0.000000,0.000,0.000,AP
2026-05-15 08:09:09,1900-01-00 00:00:00,,60:E9:AA:1D:0F:F3,-29,,0.000000,0.000000,0.000,0.000,Client
2026-05-15 08:09:09,1900-01-00 00:00:00,dlink-615_EXT,40:86:CB:27:D2:0C,-29, WPA2 ,0.000000,0.000000,0.000,0.000,AP
2026-05-15 08:09:09,1900-01-00 00:00:00,,60:E9:AA:1D:0F:F3,-29,,0.000000,0.000000,0.000,0.000,Client
2026-05-15 08:09:09,1900-01-00 00:00:00,dlink-615_EXT,40:86:CB:27:D2:0C,-29, WPA2 ,0.000000,0.000000,0.000,0.000,AP
2026-05-15 08:09:09,1900-01-00 00:00:00,,60:E9:AA:1D:0F:F3,-29,,0.000000,0.000000,0.000,0.000,Client
2026-05-15 08:09:09,1900-01-00 00:00:00,dlink-615_EXT,40:86:CB:27:D2:0C,-29, WPA2 ,0.000000,0.000000,0.000,0.000,AP
2026-05-15 08:09:09,1900-01-00 00:00:00,,60:E9:AA:1D:0F:F3,-29,,0.000000,0.000000,0.000,0.000,Client
2026-05-15 08:09:09,1900-01-00 00:00:00,dlink-615_EXT,40:86:CB:27:D2:0C,-29, WPA2 ,0.000000,0.000000,0.000,0.000,AP
2026-05-15 08:09:09,1900-01-00 00:00:00,,60:E9:AA:1D:0F:F3,-29,,0.000000,0.000000,0.000,0.000,Client
2026-05-15 08:09:09,1900-01-00 00:00:00,dlink-615_EXT,40:86:CB:27:D2:0C,-29, WPA2 ,0.000000,0.000000,0.000,0.000,AP
2026-05-15 08:09:09,1900-01-00 00:00:00,,60:E9:AA:1D:0F:F3,-29,,0.000000,0.000000,0.000,0.000,Client
2026-05-15 08:09:09,1900-01-00 00:00:00,dlink-615_EXT,40:86:CB:27:D2:0C,-29, WPA2 ,0.000000,0.000000,0.000,0.000,AP
2026-05-15 08:09:09,1900-01-00 00:00:00,,60:E9:AA:1D:0F:F3,-29,,0.000000,0.000000,0.000,0.000,Client
2026-05-15 08:09:09,1900-01-00 00:00:00,dlink-615_EXT,40:86:CB:27:D2:0C,-29, WPA2 ,0.000000,0.000000,0.000,0.000,AP
2026-05-15 08:09:09,1900-01-00 00:00:00,,60:E9:AA:1D:0F:F3,-23,,0.000000,0.000000,0.000,0.000,Client
2026-05-15 08:09:09,1900-01-00 00:00:00,dlink-615_EXT,40:86:CB:27:D2:0C,-21, WPA2 ,0.000000,0.000000,0.000,0.000,AP
2026-05-15 08:09:09,1900-01-00 00:00:00,,60:E9:AA:1D:0F:F3,-21,,0.000000,0.000000,0.000,0.000,Client
2026-05-15 08:09:09,1900-01-00 00:00:00,dlink-615_EXT,40:86:CB:27:D2:0C,-21, WPA2 ,0.000000,0.000000,0.000,0.000,AP
2026-05-15 08:09:09,1900-01-00 00:00:00,,60:E9:AA:1D:0F:F3,-21,,0.000000,0.000000,0.000,0.000,Client
2026-05-15 08:09:09,1900-01-00 00:00:00,dlink-615_EXT,40:86:CB:27:D2:0C,-21, WPA2 ,0.000000,0.000000,0.000,0.000,AP
2026-05-15 08:09:09,1900-01-00 00:00:00,,60:E9:AA:1D:0F:F3,-21,,0.000000,0.000000,0.000,0.000,Client
2026-05-15 08:09:09,1900-01-00 00:00:00,dlink-615_EXT,40:86:CB:27:D2:0C,-21, WPA2 ,0.000000,0.000000,0.000,0.000,AP
2026-05-15 08:09:09,1900-01-00 00:00:00,,60:E9:AA:1D:0F:F3,-21,,0.000000,0.000000,0.000,0.000,Client
2026-05-15 08:09:09,1900-01-00 00:00:00,dlink-615_EXT,40:86:CB:27:D2:0C,-21, WPA2 ,0.000000,0.000000,0.000,0.000,AP
2026-05-15 08:09:09,1900-01-00 00:00:00,,60:E9:AA:1D:0F:F3,-21,,0.000000,0.000000,0.000,0.000,Client
2026-05-15 08:09:09,1900-01-00 00:00:00,dlink-615_EXT,40:86:CB:27:D2:0C,-21, WPA2 ,0.000000,0.000000,0.000,0.000,AP
2026-05-15 08:09:09,1900-01-00 00:00:00,,60:E9:AA:1D:0F:F3,-21,,0.000000,0.000000,0.000,0.000,Client
2026-05-15 08:09:09,1900-01-00 00:00:00,dlink-615_EXT,40:86:CB:27:D2:0C,-21, WPA2 ,0.000000,0.000000,0.000,0.000,AP
2026-05-15 08:09:09,1900-01-00 00:00:00,,60:E9:AA:1D:0F:F3,-21,,0.000000,0.000000,0.000,0.000,Client
2026-05-15 08:09:09,1900-01-00 00:00:00,dlink-615_EXT,40:86:CB:27:D2:0C,-21, WPA2 ,0.000000,0.000000,0.000,0.000,AP
2026-05-15 08:09:09,1900-01-00 00:00:00,,60:E9:AA:1D:0F:F3,-21,,0.000000,0.000000,0.000,0.000,Client
2026-05-15 08:09:09,1900-01-00 00:00:00,dlink-615_EXT,40:86:CB:27:D2:0C,-21, WPA2 ,0.000000,0.000000,0.000,0.000,AP
2026-05-15 08:09:09,1900-01-00 00:00:00,,60:E9:AA:1D:0F:F3,-21,,0.000000,0.000000,0.000,0.000,Client
2026-05-15 08:09:09,1900-01-00 00:00:00,dlink-615_EXT,40:86:CB:27:D2:0C,-27, WPA2 ,0.000000,0.000000,0.000,0.000,AP
2026-05-15 08:09:09,1900-01-00 00:00:00,,60:E9:AA:1D:0F:F3,-27,,0.000000,0.000000,0.000,0.000,Client
2026-05-15 08:09:09,1900-01-00 00:00:00,dlink-615_EXT,40:86:CB:27:D2:0C,-21, WPA2 ,0.000000,0.000000,0.000,0.000,AP
2026-05-15 08:09:09,1900-01-00 00:00:00,,60:E9:AA:1D:0F:F3,-21,,0.000000,0.000000,0.000,0.000,Client
2026-05-15 08:09:09,1900-01-00 00:00:00,dlink-615_EXT,40:86:CB:27:D2:0C,-25, WPA2 ,0.000000,0.000000,0.000,0.000,AP
2026-05-15 08:09:09,1900-01-00 00:00:00,dlink-615_EXT,40:86:CB:27:D2:0C,-25, WPA2 ,0.000000,0.000000,0.000,0.000,AP
2026-05-15 08:09:09,1900-01-00 00:00:00,,60:E9:AA:1D:0F:F3,-25,,0.000000,0.000000,0.000,0.000,Client
2026-05-15 08:09:09,1900-01-00 00:00:00,dlink-615_EXT,40:86:CB:27:D2:0C,-25, WPA2 ,0.000000,0.000000,0.000,0.000,AP
2026-05-15 08:09:09,1900-01-00 00:00:00,,60:E9:AA:1D:0F:F3,-25,,0.000000,0.000000,0.000,0.000,Client
2026-05-15 08:09:09,1900-01-00 00:00:00,dlink-615_EXT,40:86:CB:27:D2:0C,-25, WPA2 ,0.000000,0.000000,0.000,0.000,AP
2026-05-15 08:09:09,1900-01-00 00:00:00,,60:E9:AA:1D:0F:F3,-37,,0.000000,0.000000,0.000,0.000,Client
2026-05-15 08:09:09,1900-01-00 00:00:00,dlink-615_EXT,40:86:CB:27:D2:0C,-19, WPA2 ,0.000000,0.000000,0.000,0.000,AP
2026-05-15 08:09:09,1900-01-00 00:00:00,,60:E9:AA:1D:0F:F3,-19,,0.000000,0.000000,0.000,0.000,Client
2026-05-15 08:09:09,1900-01-00 00:00:00,dlink-615_EXT,40:86:CB:27:D2:0C,-19, WPA2 ,0.000000,0.000000,0.000,0.000,AP
2026-05-15 08:09:09,1900-01-00 00:00:00,,60:E9:AA:1D:0F:F3,-19,,0.000000,0.000000,0.000,0.000,Client
2026-05-15 08:09:09,1900-01-00 00:00:00,dlink-615_EXT,40:86:CB:27:D2:0C,-19, WPA2 ,0.000000,0.000000,0.000,0.000,AP
2026-05-15 08:09:09,1900-01-00 00:00:00,,60:E9:AA:1D:0F:F3,-19,,0.000000,0.000000,0.000,0.000,Client
2026-05-15 08:09:09,1900-01-00 00:00:00,dlink-615_EXT,40:86:CB:27:D2:0C,-19, WPA2 ,0.000000,0.000000,0.000,0.000,AP
2026-05-15 08:09:09,1900-01-00 00:00:00,,60:E9:AA:1D:0F:F3,-19,,0.000000,0.000000,0.000,0.000,Client
2026-05-15 08:09:09,1900-01-00 00:00:00,dlink-615_EXT,40:86:CB:27:D2:0C,-23, WPA2 ,0.000000,0.000000,0.000,0.000,AP
2026-05-15 08:09:09,1900-01-00 00:00:00,,60:E9:AA:1D:0F:F3,-23,,0.000000,0.000000,0.000,0.000,Client
2026-05-15 08:09:09,1900-01-00 00:00:00,dlink-615_EXT,40:86:CB:27:D2:0C,-23, WPA2 ,0.000000,0.000000,0.000,0.000,AP
2026-05-15 08:09:09,1900-01-00 00:00:00,,60:E9:AA:1D:0F:F3,-23,,0.000000,0.000000,0.000,0.000,Client
2026-05-15 08:09:09,1900-01-00 00:00:00,dlink-615_EXT,40:86:CB:27:D2:0C,-23, WPA2 ,0.000000,0.000000,0.000,0.000,AP
2026-05-15 08:09:09,1900-01-00 00:00:00,,60:E9:AA:1D:0F:F3,-23,,0.000000,0.000000,0.000,0.000,Client
2026-05-15 08:09:09,1900-01-00 00:00:00,dlink-615_EXT,40:86:CB:27:D2:0C,-61, WPA2 ,0.000000,0.000000,0.000,0.000,AP
2026-05-15 08:09:09,1900-01-00 00:00:00,dlink-615_EXT,40:86:CB:27:D2:0C,-59, WPA2 ,0.000000,0.000000,0.000,0.000,AP
2026-05-15 08:09:09,1900-01-00 00:00:00,dlink-615_EXT,40:86:CB:27:D2:0C,-59, WPA2 ,0.000000,0.000000,0.000,0.000,AP
2026-05-15 08:09:09,1900-01-00 00:00:00,dlink-615_EXT,40:86:CB:27:D2:0C,-59, WPA2 ,0.000000,0.000000,0.000,0.000,AP
2026-05-15 08:09:09,1900-01-00 00:00:00,dlink-615_EXT,40:86:CB:27:D2:0C,-61, WPA2 ,0.000000,0.000000,0.000,0.000,AP
2026-05-15 08:09:09,1900-01-00 00:00:00,dlink-615_EXT,40:86:CB:27:D2:0C,-17, WPA2 ,0.000000,0.000000,0.000,0.000,AP
2026-05-15 08:09:09,1900-01-00 00:00:00,dlink-615_EXT,40:86:CB:27:D2:0C,-19, WPA2 ,0.000000,0.000000,0.000,0.000,AP
2026-05-15 08:09:09,1900-01-00 00:00:00,,60:E9:AA:1D:0F:F3,-19,,0.000000,0.000000,0.000,0.000,Client
2026-05-15 08:09:09,1900-01-00 00:00:00,dlink-615_EXT,40:86:CB:27:D2:0C,-19, WPA2 ,0.000000,0.000000,0.000,0.000,AP
2026-05-15 08:09:09,1900-01-00 00:00:00,,60:E9:AA:1D:0F:F3,-29,,0.000000,0.000000,0.000,0.000,Client
2026-05-15 08:09:09,1900-01-00 00:00:00,dlink-615_EXT,40:86:CB:27:D2:0C,-29, WPA2 ,0.000000,0.000000,0.000,0.000,AP
2026-05-15 08:09:09,1900-01-00 00:00:00,,60:E9:AA:1D:0F:F3,-15,,0.000000,0.000000,0.000,0.000,Client
2026-05-15 08:09:09,1900-01-00 00:00:00,dlink-615_EXT,40:86:CB:27:D2:0C,-15, WPA2 ,0.000000,0.000000,0.000,0.000,AP
2026-05-15 08:09:09,1900-01-00 00:00:00,,60:E9:AA:1D:0F:F3,-15,,0.000000,0.000000,0.000,0.000,Client
2026-05-15 08:09:09,1900-01-00 00:00:00,dlink-615_EXT,40:86:CB:27:D2:0C,-15, WPA2 ,0.000000,0.000000,0.000,0.000,AP
2026-05-15 08:09:09,1900-01-00 00:00:00,,60:E9:AA:1D:0F:F3,-15,,0.000000,0.000000,0.000,0.000,Client
2026-05-15 08:09:09,1900-01-00 00:00:00,dlink-615_EXT,40:86:CB:27:D2:0C,-15, WPA2 ,0.000000,0.000000,0.000,0.000,AP
2026-05-15 08:09:09,1900-01-00 00:00:00,,60:E9:AA:1D:0F:F3,-15,,0.000000,0.000000,0.000,0.000,Client
2026-05-15 08:09:09,1900-01-00 00:00:00,dlink-615_EXT,40:86:CB:27:D2:0C,-17, WPA2 ,0.000000,0.000000,0.000,0.000,AP
2026-05-15 08:09:09,1900-01-00 00:00:00,,60:E9:AA:1D:0F:F3,-17,,0.000000,0.000000,0.000,0.000,Client
2026-05-15 08:09:09,1900-01-00 00:00:00,dlink-615_EXT,40:86:CB:27:D2:0C,-17, WPA2 ,0.000000,0.000000,0.000,0.000,AP
2026-05-15 08:09:09,1900-01-00 00:00:00,,60:E9:AA:1D:0F:F3,-17,,0.000000,0.000000,0.000,0.000,Client
2026-05-15 08:09:09,1900-01-00 00:00:00,dlink-615_EXT,40:86:CB:27:D2:0C,-17, WPA2 ,0.000000,0.000000,0.000,0.000,AP
2026-05-15 08:09:09,1900-01-00 00:00:00,,60:E9:AA:1D:0F:F3,-17,,0.000000,0.000000,0.000,0.000,Client
2026-05-15 08:09:09,1900-01-00 00:00:00,dlink-615_EXT,40:86:CB:27:D2:0C,-17, WPA2 ,0.000000,0.000000,0.000,0.000,AP
2026-05-15 08:09:09,1900-01-00 00:00:00,,60:E9:AA:1D:0F:F3,-17,,0.000000,0.000000,0.000,0.000,Client
2026-05-15 08:09:09,1900-01-00 00:00:00,dlink-615_EXT,40:86:CB:27:D2:0C,-17, WPA2 ,0.000000,0.000000,0.000,0.000,AP
2026-05-15 08:09:09,1900-01-00 00:00:00,,60:E9:AA:1D:0F:F3,-17,,0.000000,0.000000,0.000,0.000,Client
2026-05-15 08:09:09,1900-01-00 00:00:00,dlink-615_EXT,40:86:CB:27:D2:0C,-17, WPA2 ,0.000000,0.000000,0.000,0.000,AP
2026-05-15 08:09:09,1900-01-00 00:00:00,,60:E9:AA:1D:0F:F3,-17,,0.000000,0.000000,0.000,0.000,Client
2026-05-15 08:09:09,1900-01-00 00:00:00,dlink-615_EXT,40:86:CB:27:D2:0C,-17, WPA2 ,0.000000,0.000000,0.000,0.000,AP
2026-05-15 08:09:09,1900-01-00 00:00:00,,60:E9:AA:1D:0F:F3,-17,,0.000000,0.000000,0.000,0.000,Client
2026-05-15 08:09:09,1900-01-00 00:00:00,dlink-615_EXT,40:86:CB:27:D2:0C,-15, WPA2 ,0.000000,0.000000,0.000,0.000,AP
2026-05-15 08:09:09,1900-01-00 00:00:00,,60:E9:AA:1D:0F:F3,-15,,0.000000,0.000000,0.000,0.000,Client
2026-05-15 08:09:09,1900-01-00 00:00:00,dlink-615_EXT,40:86:CB:27:D2:0C,-15, WPA2 ,0.000000,0.000000,0.000,0.000,AP
2026-05-15 08:09:09,1900-01-00 00:00:00,,60:E9:AA:1D:0F:F3,-15,,0.000000,0.000000,0.000,0.000,Client
2026-05-15 08:09:09,1900-01-00 00:00:00,dlink-615_EXT,40:86:CB:27:D2:0C,-15, WPA2 ,0.000000,0.000000,0.000,0.000,AP
2026-05-15 08:09:09,1900-01-00 00:00:00,,60:E9:AA:1D:0F:F3,-17,,0.000000,0.000000,0.000,0.000,Client
2026-05-15 08:09:09,1900-01-00 00:00:00,dlink-615_EXT,40:86:CB:27:D2:0C,-17, WPA2 ,0.000000,0.000000,0.000,0.000,AP
2026-05-15 08:09:09,1900-01-00 00:00:00,,60:E9:AA:1D:0F:F3,-15,,0.000000,0.000000,0.000,0.000,Client
2026-05-15 08:09:09,1900-01-00 00:00:00,dlink-615_EXT,40:86:CB:27:D2:0C,-15, WPA2 ,0.000000,0.000000,0.000,0.000,AP
2026-05-15 08:09:09,1900-01-00 00:00:00,,60:E9:AA:1D:0F:F3,-15,,0.000000,0.000000,0.000,0.000,Client
2026-05-15 08:09:09,1900-01-00 00:00:00,dlink-615_EXT,40:86:CB:27:D2:0C,-15, WPA2 ,0.000000,0.000000,0.000,0.000,AP
2026-05-15 08:09:09,1900-01-00 00:00:00,,60:E9:AA:1D:0F:F3,-15,,0.000000,0.000000,0.000,0.000,Client
2026-05-15 08:09:09,1900-01-00 00:00:00,dlink-615_EXT,40:86:CB:27:D2:0C,-15, WPA2 ,0.000000,0.000000,0.000,0.000,AP
2026-05-15 08:09:09,1900-01-00 00:00:00,,60:E9:AA:1D:0F:F3,-15,,0.000000,0.000000,0.000,0.000,Client
2026-05-15 08:09:09,1900-01-00 00:00:00,dlink-615_EXT,40:86:CB:27:D2:0C,-15, WPA2 ,0.000000,0.000000,0.000,0.000,AP
2026-05-15 08:09:09,1900-01-00 00:00:00,,60:E9:AA:1D:0F:F3,-15,,0.000000,0.000000,0.000,0.000,Client
2026-05-15 08:09:09,1900-01-00 00:00:00,dlink-615_EXT,40:86:CB:27:D2:0C,-17, WPA2 ,0.000000,0.000000,0.000,0.000,AP
2026-05-15 08:09:09,1900-01-00 00:00:00,,60:E9:AA:1D:0F:F3,-29,,0.000000,0.000000,0.000,0.000,Client
2026-05-15 08:09:09,1900-01-00 00:00:00,dlink-615_EXT,40:86:CB:27:D2:0C,-15, WPA2 ,0.000000,0.000000,0.000,0.000,AP
2026-05-15 08:09:09,1900-01-00 00:00:00,dlink-615_EXT,40:86:CB:27:D2:0C,-29, WPA2 ,0.000000,0.000000,0.000,0.000,AP
2026-05-15 08:09:09,1900-01-00 00:00:00,dlink-615_EXT,40:86:CB:27:D2:0C,-15, WPA2 ,0.000000,0.000000,0.000,0.000,AP
2026-05-15 08:09:09,1900-01-00 00:00:00,,60:E9:AA:1D:0F:F3,-15,,0.000000,0.000000,0.000,0.000,Client
2026-05-15 08:09:09,1900-01-00 00:00:00,dlink-615_EXT,40:86:CB:27:D2:0C,-27, WPA2 ,0.000000,0.000000,0.000,0.000,AP
2026-05-15 08:09:09,1900-01-00 00:00:00,,60:E9:AA:1D:0F:F3,-27,,0.000000,0.000000,0.000,0.000,Client
2026-05-15 08:09:09,1900-01-00 00:00:00,dlink-615_EXT,40:86:CB:27:D2:0C,-27, WPA2 ,0.000000,0.000000,0.000,0.000,AP
2026-05-15 08:09:09,1900-01-00 00:00:00,,60:E9:AA:1D:0F:F3,-27,,0.000000,0.000000,0.000,0.000,Client
2026-05-15 08:09:09,1900-01-00 00:00:00,dlink-615_EXT,40:86:CB:27:D2:0C,-27, WPA2 ,0.000000,0.000000,0.000,0.000,AP
2026-05-15 08:09:09,1900-01-00 00:00:00,,60:E9:AA:1D:0F:F3,-27,,0.000000,0.000000,0.000,0.000,Client
2026-05-15 08:09:09,1900-01-00 00:00:00,dlink-615_EXT,40:86:CB:27:D2:0C,-27, WPA2 ,0.000000,0.000000,0.000,0.000,AP
2026-05-15 08:09:09,1900-01-00 00:00:00,,60:E9:AA:1D:0F:F3,-27,,0.000000,0.000000,0.000,0.000,Client
2026-05-15 08:09:09,1900-01-00 00:00:00,dlink-615_EXT,40:86:CB:27:D2:0C,-27, WPA2 ,0.000000,0.000000,0.000,0.000,AP
2026-05-15 08:09:09,1900-01-00 00:00:00,,60:E9:AA:1D:0F:F3,-27,,0.000000,0.000000,0.000,0.000,Client
2026-05-15 08:09:09,1900-01-00 00:00:00,dlink-615_EXT,40:86:CB:27:D2:0C,-27, WPA2 ,0.000000,0.000000,0.000,0.000,AP
2026-05-15 08:09:09,1900-01-00 00:00:00,,60:E9:AA:1D:0F:F3,-27,,0.000000,0.000000,0.000,0.000,Client
2026-05-15 08:09:09,1900-01-00 00:00:00,,9C:2F:9D:82:20:A3,-27,,0.000000,0.000000,0.000,0.000,Client
2026-05-15 08:09:09,1900-01-00 00:00:00,dlink-615_EXT,40:86:CB:27:D2:0C,-19, WPA2 ,0.000000,0.000000,0.000,0.000,AP
2026-05-15 08:09:09,1900-01-00 00:00:00,,9C:2F:9D:82:20:A3,-27,,0.000000,0.000000,0.000,0.000,Client
2026-05-15 08:09:09,1900-01-00 00:00:00,,60:E9:AA:1D:0F:F3,-21,,0.000000,0.000000,0.000,0.000,Client
2026-05-15 08:09:09,1900-01-00 00:00:00,dlink-615_EXT,40:86:CB:27:D2:0C,-21, WPA2 ,0.000000,0.000000,0.000,0.000,AP
2026-05-15 08:09:09,1900-01-00 00:00:00,,60:E9:AA:1D:0F:F3,-21,,0.000000,0.000000,0.000,0.000,Client
2026-05-15 08:09:09,1900-01-00 00:00:00,dlink-615_EXT,40:86:CB:27:D2:0C,-21, WPA2 ,0.000000,0.000000,0.000,0.000,AP
2026-05-15 08:09:09,1900-01-00 00:00:00,,60:E9:AA:1D:0F:F3,-21,,0.000000,0.000000,0.000,0.000,Client
2026-05-15 08:09:09,1900-01-00 00:00:00,dlink-615_EXT,40:86:CB:27:D2:0C,-21, WPA2 ,0.000000,0.000000,0.000,0.000,AP
2026-05-15 08:09:09,1900-01-00 00:00:00,,60:E9:AA:1D:0F:F3,-21,,0.000000,0.000000,0.000,0.000,Client
2026-05-15 08:09:09,1900-01-00 00:00:00,dlink-615_EXT,40:86:CB:27:D2:0C,-21, WPA2 ,0.000000,0.000000,0.000,0.000,AP
2026-05-15 08:09:09,1900-01-00 00:00:00,,60:E9:AA:1D:0F:F3,-21,,0.000000,0.000000,0.000,0.000,Client
2026-05-15 08:09:09,1900-01-00 00:00:00,dlink-615_EXT,40:86:CB:27:D2:0C,-21, WPA2 ,0.000000,0.000000,0.000,0.000,AP
2026-05-15 08:09:09,1900-01-00 00:00:00,,60:E9:AA:1D:0F:F3,-21,,0.000000,0.000000,0.000,0.000,Client
2026-05-15 08:09:09,1900-01-00 00:00:00,dlink-615_EXT,40:86:CB:27:D2:0C,-21, WPA2 ,0.000000,0.000000,0.000,0.000,AP
2026-05-15 08:09:09,1900-01-00 00:00:00,,60:E9:AA:1D:0F:F3,-21,,0.000000,0.000000,0.000,0.000,Client
2026-05-15 08:09:09,1900-01-00 00:00:00,dlink-615_EXT,40:86:CB:27:D2:0C,-21, WPA2 ,0.000000,0.000000,0.000,0.000,AP
2026-05-15 08:09:09,1900-01-00 00:00:00,,60:E9:AA:1D:0F:F3,-21,,0.000000,0.000000,0.000,0.000,Client
2026-05-15 08:09:09,1900-01-00 00:00:00,dlink-615_EXT,40:86:CB:27:D2:0C,-21, WPA2 ,0.000000,0.000000,0.000,0.000,AP
2026-05-15 08:09:09,1900-01-00 00:00:00,,60:E9:AA:1D:0F:F3,-21,,0.000000,0.000000,0.000,0.000,Client
2026-05-15 08:09:09,1900-01-00 00:00:00,dlink-615_EXT,40:86:CB:27:D2:0C,-21, WPA2 ,0.000000,0.000000,0.000,0.000,AP
2026-05-15 08:09:09,1900-01-00 00:00:00,,60:E9:AA:1D:0F:F3,-21,,0.000000,0.000000,0.000,0.000,Client
2026-05-15 08:09:09,1900-01-00 00:00:00,dlink-615_EXT,40:86:CB:27:D2:0C,-21, WPA2 ,0.000000,0.000000,0.000,0.000,AP
2026-05-15 08:09:09,1900-01-00 00:00:00,dlink-615_EXT,40:86:CB:27:D2:0C,-21, WPA2 ,0.000000,0.000000,0.000,0.000,AP
2026-05-15 08:09:09,1900-01-00 00:00:00,,60:E9:AA:1D:0F:F3,-21,,0.000000,0.000000,0.000,0.000,Client
2026-05-15 08:09:09,1900-01-00 00:00:00,dlink-615_EXT,40:86:CB:27:D2:0C,-21, WPA2 ,0.000000,0.000000,0.000,0.000,AP
2026-05-15 08:09:10,1900-01-00 00:00:00,,60:E9:AA:1D:0F:F3,-21,,0.000000,0.000000,0.000,0.000,Client
2026-05-15 08:09:10,1900-01-00 00:00:00,dlink-615_EXT,40:86:CB:27:D2:0C,-21, WPA2 ,0.000000,0.000000,0.000,0.000,AP
2026-05-15 08:09:10,1900-01-00 00:00:00,,60:E9:AA:1D:0F:F3,-21,,0.000000,0.000000,0.000,0.000,Client
2026-05-15 08:09:10,1900-01-00 00:00:00,dlink-615_EXT,40:86:CB:27:D2:0C,-21, WPA2 ,0.000000,0.000000,0.000,0.000,AP
2026-05-15 08:09:10,1900-01-00 00:00:00,,60:E9:AA:1D:0F:F3,-21,,0.000000,0.000000,0.000,0.000,Client
2026-05-15 08:09:10,1900-01-00 00:00:00,dlink-615_EXT,40:86:CB:27:D2:0C,-21, WPA2 ,0.000000,0.000000,0.000,0.000,AP
2026-05-15 08:09:10,1900-01-00 00:00:00,,60:E9:AA:1D:0F:F3,-21,,0.000000,0.000000,0.000,0.000,Client
2026-05-15 08:09:10,1900-01-00 00:00:00,dlink-615_EXT,40:86:CB:27:D2:0C,-21, WPA2 ,0.000000,0.000000,0.000,0.000,AP
2026-05-15 08:09:10,1900-01-00 00:00:00,,60:E9:AA:1D:0F:F3,-21,,0.000000,0.000000,0.000,0.000,Client
2026-05-15 08:09:10,1900-01-00 00:00:00,dlink-615_EXT,40:86:CB:27:D2:0C,-21, WPA2 ,0.000000,0.000000,0.000,0.000,AP
2026-05-15 08:09:10,1900-01-00 00:00:00,,60:E9:AA:1D:0F:F3,-21,,0.000000,0.000000,0.000,0.000,Client
2026-05-15 08:09:10,1900-01-00 00:00:00,dlink-615_EXT,40:86:CB:27:D2:0C,-21, WPA2 ,0.000000,0.000000,0.000,0.000,AP
2026-05-15 08:09:10,1900-01-00 00:00:00,,60:E9:AA:1D:0F:F3,-21,,0.000000,0.000000,0.000,0.000,Client
2026-05-15 08:09:10,1900-01-00 00:00:00,dlink-615_EXT,40:86:CB:27:D2:0C,-19, WPA2 ,0.000000,0.000000,0.000,0.000,AP
2026-05-15 08:09:10,1900-01-00 00:00:00,dlink-615_EXT,40:86:CB:27:D2:0C,-29, WPA2 ,0.000000,0.000000,0.000,0.000,AP
2026-05-15 08:09:10,1900-01-00 00:00:00,,9C:2F:9D:82:20:A3,-27,,0.000000,0.000000,0.000,0.000,Client
2026-05-15 08:09:10,1900-01-00 00:00:00,,60:E9:AA:1D:0F:F3,-21,,0.000000,0.000000,0.000,0.000,Client
2026-05-15 08:09:10,1900-01-00 00:00:00,dlink-615_EXT,40:86:CB:27:D2:0C,-21, WPA2 ,0.000000,0.000000,0.000,0.000,AP
2026-05-15 08:09:10,1900-01-00 00:00:00,,60:E9:AA:1D:0F:F3,-21,,0.000000,0.000000,0.000,0.000,Client
2026-05-15 08:09:10,1900-01-00 00:00:00,dlink-615_EXT,40:86:CB:27:D2:0C,-21, WPA2 ,0.000000,0.000000,0.000,0.000,AP
2026-05-15 08:09:10,1900-01-00 00:00:00,,60:E9:AA:1D:0F:F3,-21,,0.000000,0.000000,0.000,0.000,Client
2026-05-15 08:09:10,1900-01-00 00:00:00,dlink-615_EXT,40:86:CB:27:D2:0C,-21, WPA2 ,0.000000,0.000000,0.000,0.000,AP
2026-05-15 08:09:10,1900-01-00 00:00:00,,60:E9:AA:1D:0F:F3,-21,,0.000000,0.000000,0.000,0.000,Client
2026-05-15 08:09:10,1900-01-00 00:00:00,dlink-615_EXT,40:86:CB:27:D2:0C,-21, WPA2 ,0.000000,0.000000,0.000,0.000,AP
2026-05-15 08:09:10,1900-01-00 00:00:00,,60:E9:AA:1D:0F:F3,-21,,0.000000,0.000000,0.000,0.000,Client
2026-05-15 08:09:10,1900-01-00 00:00:00,dlink-615_EXT,40:86:CB:27:D2:0C,-21, WPA2 ,0.000000,0.000000,0.000,0.000,AP
2026-05-15 08:09:10,1900-01-00 00:00:00,,60:E9:AA:1D:0F:F3,-21,,0.000000,0.000000,0.000,0.000,Client
2026-05-15 08:09:10,1900-01-00 00:00:00,dlink-615_EXT,40:86:CB:27:D2:0C,-21, WPA2 ,0.000000,0.000000,0.000,0.000,AP
2026-05-15 08:09:10,1900-01-00 00:00:00,,60:E9:AA:1D:0F:F3,-21,,0.000000,0.000000,0.000,0.000,Client
2026-05-15 08:09:10,1900-01-00 00:00:00,dlink-615_EXT,40:86:CB:27:D2:0C,-21, WPA2 ,0.000000,0.000000,0.000,0.000,AP
2026-05-15 08:09:10,1900-01-00 00:00:00,,60:E9:AA:1D:0F:F3,-21,,0.000000,0.000000,0.000,0.000,Client
2026-05-15 08:09:10,1900-01-00 00:00:00,dlink-615_EXT,40:86:CB:27:D2:0C,-21, WPA2 ,0.000000,0.000000,0.000,0.000,AP
2026-05-15 08:09:10,1900-01-00 00:00:00,,60:E9:AA:1D:0F:F3,-29,,0.000000,0.000000,0.000,0.000,Client
2026-05-15 08:09:10,1900-01-00 00:00:00,dlink-615_EXT,40:86:CB:27:D2:0C,-19, WPA2 ,0.000000,0.000000,0.000,0.000,AP
2026-05-15 08:09:10,1900-01-00 00:00:00,dlink-615_EXT,40:86:CB:27:D2:0C,-29, WPA2 ,0.000000,0.000000,0.000,0.000,AP
2026-05-15 08:09:10,1900-01-00 00:00:00,,60:E9:AA:1D:0F:F3,-29,,0.000000,0.000000,0.000,0.000,Client
2026-05-15 08:09:10,1900-01-00 00:00:00,dlink-615_EXT,40:86:CB:27:D2:0C,-19, WPA2 ,0.000000,0.000000,0.000,0.000,AP
2026-05-15 08:09:10,1900-01-00 00:00:00,dlink-615_EXT,40:86:CB:27:D2:0C,-19, WPA2 ,0.000000,0.000000,0.000,0.000,AP
2026-05-15 08:09:10,1900-01-00 00:00:00,,60:E9:AA:1D:0F:F3,-19,,0.000000,0.000000,0.000,0.000,Client
2026-05-15 08:09:10,1900-01-00 00:00:00,dlink-615_EXT,40:86:CB:27:D2:0C,-19, WPA2 ,0.000000,0.000000,0.000,0.000,AP
2026-05-15 08:09:10,1900-01-00 00:00:00,,60:E9:AA:1D:0F:F3,-19,,0.000000,0.000000,0.000,0.000,Client
2026-05-15 08:09:10,1900-01-00 00:00:00,dlink-615_EXT,40:86:CB:27:D2:0C,-19, WPA2 ,0.000000,0.000000,0.000,0.000,AP
2026-05-15 08:09:10,1900-01-00 00:00:00,,60:E9:AA:1D:0F:F3,-19,,0.000000,0.000000,0.000,0.000,Client
2026-05-15 08:09:10,1900-01-00 00:00:00,dlink-615_EXT,40:86:CB:27:D2:0C,-19, WPA2 ,0.000000,0.000000,0.000,0.000,AP
2026-05-15 08:09:10,1900-01-00 00:00:00,,60:E9:AA:1D:0F:F3,-19,,0.000000,0.000000,0.000,0.000,Client
2026-05-15 08:09:10,1900-01-00 00:00:00,dlink-615_EXT,40:86:CB:27:D2:0C,-19, WPA2 ,0.000000,0.000000,0.000,0.000,AP
2026-05-15 08:09:10,1900-01-00 00:00:00,,60:E9:AA:1D:0F:F3,-19,,0.000000,0.000000,0.000,0.000,Client
2026-05-15 08:09:10,1900-01-00 00:00:00,dlink-615_EXT,40:86:CB:27:D2:0C,-19, WPA2 ,0.000000,0.000000,0.000,0.000,AP
2026-05-15 08:09:10,1900-01-00 00:00:00,,60:E9:AA:1D:0F:F3,-19,,0.000000,0.000000,0.000,0.000,Client
2026-05-15 08:09:10,1900-01-00 00:00:00,dlink-615_EXT,40:86:CB:27:D2:0C,-19, WPA2 ,0.000000,0.000000,0.000,0.000,AP
2026-05-15 08:09:10,1900-01-00 00:00:00,,60:E9:AA:1D:0F:F3,-19,,0.000000,0.000000,0.000,0.000,Client
2026-05-15 08:09:10,1900-01-00 00:00:00,dlink-615_EXT,40:86:CB:27:D2:0C,-19, WPA2 ,0.000000,0.000000,0.000,0.000,AP
2026-05-15 08:09:10,1900-01-00 00:00:00,,60:E9:AA:1D:0F:F3,-19,,0.000000,0.000000,0.000,0.000,Client
2026-05-15 08:09:10,1900-01-00 00:00:00,dlink-615_EXT,40:86:CB:27:D2:0C,-57, WPA2 ,0.000000,0.000000,0.000,0.000,AP
2026-05-15 08:09:10,1900-01-00 00:00:00,,60:E9:AA:1D:0F:F3,-29,,0.000000,0.000000,0.000,0.000,Client
2026-05-15 08:09:10,1900-01-00 00:00:00,dlink-615_EXT,40:86:CB:27:D2:0C,-15, WPA2 ,0.000000,0.000000,0.000,0.000,AP
2026-05-15 08:09:10,1900-01-00 00:00:00,,60:E9:AA:1D:0F:F3,-29,,0.000000,0.000000,0.000,0.000,Client
2026-05-15 08:09:10,1900-01-00 00:00:00,dlink-615_EXT,40:86:CB:27:D2:0C,-15, WPA2 ,0.000000,0.000000,0.000,0.000,AP
2026-05-15 08:09:10,1900-01-00 00:00:00,dlink-615_EXT,40:86:CB:27:D2:0C,-15, WPA2 ,0.000000,0.000000,0.000,0.000,AP
2026-05-15 08:09:10,1900-01-00 00:00:00,,60:E9:AA:1D:0F:F3,-29,,0.000000,0.000000,0.000,0.000,Client
2026-05-15 08:09:10,1900-01-00 00:00:00,dlink-615_EXT,40:86:CB:27:D2:0C,-29, WPA2 ,0.000000,0.000000,0.000,0.000,AP
2026-05-15 08:09:10,1900-01-00 00:00:00,,60:E9:AA:1D:0F:F3,-25,,0.000000,0.000000,0.000,0.000,Client
2026-05-15 08:09:10,1900-01-00 00:00:00,dlink-615_EXT,40:86:CB:27:D2:0C,-17, WPA2 ,0.000000,0.000000,0.000,0.000,AP
2026-05-15 08:09:10,1900-01-00 00:00:00,,60:E9:AA:1D:0F:F3,-17,,0.000000,0.000000,0.000,0.000,Client
2026-05-15 08:09:10,1900-01-00 00:00:00,dlink-615_EXT,40:86:CB:27:D2:0C,-17, WPA2 ,0.000000,0.000000,0.000,0.000,AP
2026-05-15 08:09:10,1900-01-00 00:00:00,,60:E9:AA:1D:0F:F3,-15,,0.000000,0.000000,0.000,0.000,Client
2026-05-15 08:09:10,1900-01-00 00:00:00,dlink-615_EXT,40:86:CB:27:D2:0C,-15, WPA2 ,0.000000,0.000000,0.000,0.000,AP
2026-05-15 08:09:10,1900-01-00 00:00:00,,60:E9:AA:1D:0F:F3,-15,,0.000000,0.000000,0.000,0.000,Client
2026-05-15 08:09:10,1900-01-00 00:00:00,dlink-615_EXT,40:86:CB:27:D2:0C,-17, WPA2 ,0.000000,0.000000,0.000,0.000,AP
2026-05-15 08:09:10,1900-01-00 00:00:00,,60:E9:AA:1D:0F:F3,-17,,0.000000,0.000000,0.000,0.000,Client
2026-05-15 08:09:10,1900-01-00 00:00:00,dlink-615_EXT,40:86:CB:27:D2:0C,-17, WPA2 ,0.000000,0.000000,0.000,0.000,AP
2026-05-15 08:09:10,1900-01-00 00:00:00,,60:E9:AA:1D:0F:F3,-17,,0.000000,0.000000,0.000,0.000,Client
2026-05-15 08:09:10,1900-01-00 00:00:00,dlink-615_EXT,40:86:CB:27:D2:0C,-17, WPA2 ,0.000000,0.000000,0.000,0.000,AP
2026-05-15 08:09:10,1900-01-00 00:00:00,,60:E9:AA:1D:0F:F3,-17,,0.000000,0.000000,0.000,0.000,Client
2026-05-15 08:09:10,1900-01-00 00:00:00,dlink-615_EXT,40:86:CB:27:D2:0C,-15, WPA2 ,0.000000,0.000000,0.000,0.000,AP
2026-05-15 08:09:10,1900-01-00 00:00:00,,60:E9:AA:1D:0F:F3,-15,,0.000000,0.000000,0.000,0.000,Client
2026-05-15 08:09:10,1900-01-00 00:00:00,dlink-615_EXT,40:86:CB:27:D2:0C,-15, WPA2 ,0.000000,0.000000,0.000,0.000,AP
2026-05-15 08:09:10,1900-01-00 00:00:00,,60:E9:AA:1D:0F:F3,-17,,0.000000,0.000000,0.000,0.000,Client
2026-05-15 08:09:10,1900-01-00 00:00:00,dlink-615_EXT,40:86:CB:27:D2:0C,-17, WPA2 ,0.000000,0.000000,0.000,0.000,AP
2026-05-15 08:09:10,1900-01-00 00:00:00,,60:E9:AA:1D:0F:F3,-17,,0.000000,0.000000,0.000,0.000,Client
2026-05-15 08:09:10,1900-01-00 00:00:00,dlink-615_EXT,40:86:CB:27:D2:0C,-15, WPA2 ,0.000000,0.000000,0.000,0.000,AP
2026-05-15 08:09:10,1900-01-00 00:00:00,,60:E9:AA:1D:0F:F3,-15,,0.000000,0.000000,0.000,0.000,Client
2026-05-15 08:09:10,1900-01-00 00:00:00,dlink-615_EXT,40:86:CB:27:D2:0C,-15, WPA2 ,0.000000,0.000000,0.000,0.000,AP
2026-05-15 08:09:10,1900-01-00 00:00:00,,60:E9:AA:1D:0F:F3,-15,,0.000000,0.000000,0.000,0.000,Client
2026-05-15 08:09:10,1900-01-00 00:00:00,dlink-615_EXT,40:86:CB:27:D2:0C,-15, WPA2 ,0.000000,0.000000,0.000,0.000,AP
2026-05-15 08:09:10,1900-01-00 00:00:00,dlink-615_EXT,40:86:CB:27:D2:0C,-15, WPA2 ,0.000000,0.000000,0.000,0.000,AP
2026-05-15 08:09:10,1900-01-00 00:00:00,,60:E9:AA:1D:0F:F3,-17,,0.000000,0.000000,0.000,0.000,Client
2026-05-15 08:09:10,1900-01-00 00:00:00,dlink-615_EXT,40:86:CB:27:D2:0C,-17, WPA2 ,0.000000,0.000000,0.000,0.000,AP
2026-05-15 08:09:10,1900-01-00 00:00:00,,60:E9:AA:1D:0F:F3,-17,,0.000000,0.000000,0.000,0.000,Client
2026-05-15 08:09:10,1900-01-00 00:00:00,dlink-615_EXT,40:86:CB:27:D2:0C,-17, WPA2 ,0.000000,0.000000,0.000,0.000,AP
2026-05-15 08:09:10,1900-01-00 00:00:00,,60:E9:AA:1D:0F:F3,-17,,0.000000,0.000000,0.000,0.000,Client
2026-05-15 08:09:10,1900-01-00 00:00:00,dlink-615_EXT,40:86:CB:27:D2:0C,-17, WPA2 ,0.000000,0.000000,0.000,0.000,AP
2026-05-15 08:09:10,1900-01-00 00:00:00,,60:E9:AA:1D:0F:F3,-17,,0.000000,0.000000,0.000,0.000,Client
2026-05-15 08:09:10,1900-01-00 00:00:00,dlink-615_EXT,40:86:CB:27:D2:0C,-15, WPA2 ,0.000000,0.000000,0.000,0.000,AP
2026-05-15 08:09:10,1900-01-00 00:00:00,,60:E9:AA:1D:0F:F3,-15,,0.000000,0.000000,0.000,0.000,Client
2026-05-15 08:09:10,1900-01-00 00:00:00,dlink-615_EXT,40:86:CB:27:D2:0C,-17, WPA2 ,0.000000,0.000000,0.000,0.000,AP
2026-05-15 08:09:10,1900-01-00 00:00:00,,60:E9:AA:1D:0F:F3,-17,,0.000000,0.000000,0.000,0.000,Client
2026-05-15 08:09:10,1900-01-00 00:00:00,dlink-615_EXT,40:86:CB:27:D2:0C,-17, WPA2 ,0.000000,0.000000,0.000,0.000,AP
2026-05-15 08:09:10,1900-01-00 00:00:00,,60:E9:AA:1D:0F:F3,-17,,0.000000,0.000000,0.000,0.000,Client
2026-05-15 08:09:10,1900-01-00 00:00:00,dlink-615_EXT,40:86:CB:27:D2:0C,-17, WPA2 ,0.000000,0.000000,0.000,0.000,AP
2026-05-15 08:09:10,1900-01-00 00:00:00,,60:E9:AA:1D:0F:F3,-17,,0.000000,0.000000,0.000,0.000,Client
2026-05-15 08:09:10,1900-01-00 00:00:00,,60:E9:AA:1D:0F:F3,-27,,0.000000,0.000000,0.000,0.000,Client
2026-05-15 08:09:10,1900-01-00 00:00:00,dlink-615_EXT,40:86:CB:27:D2:0C,-17, WPA2 ,0.000000,0.000000,0.000,0.000,AP
2026-05-15 08:09:10,1900-01-00 00:00:00,,60:E9:AA:1D:0F:F3,-17,,0.000000,0.000000,0.000,0.000,Client
2026-05-15 08:09:10,1900-01-00 00:00:00,dlink-615_EXT,40:86:CB:27:D2:0C,-15, WPA2 ,0.000000,0.000000,0.000,0.000,AP
2026-05-15 08:09:10,1900-01-00 00:00:00,,60:E9:AA:1D:0F:F3,-15,,0.000000,0.000000,0.000,0.000,Client
2026-05-15 08:09:10,1900-01-00 00:00:00,dlink-615_EXT,40:86:CB:27:D2:0C,-15, WPA2 ,0.000000,0.000000,0.000,0.000,AP
2026-05-15 08:09:10,1900-01-00 00:00:00,,60:E9:AA:1D:0F:F3,-15,,0.000000,0.000000,0.000,0.000,Client
2026-05-15 08:09:10,1900-01-00 00:00:00,dlink-615_EXT,40:86:CB:27:D2:0C,-15, WPA2 ,0.000000,0.000000,0.000,0.000,AP
2026-05-15 08:09:10,1900-01-00 00:00:00,,60:E9:AA:1D:0F:F3,-15,,0.000000,0.000000,0.000,0.000,Client
2026-05-15 08:09:10,1900-01-00 00:00:00,dlink-615_EXT,40:86:CB:27:D2:0C,-15, WPA2 ,0.000000,0.000000,0.000,0.000,AP
2026-05-15 08:09:10,1900-01-00 00:00:00,,60:E9:AA:1D:0F:F3,-15,,0.000000,0.000000,0.000,0.000,Client
2026-05-15 08:09:10,1900-01-00 00:00:00,dlink-615_EXT,40:86:CB:27:D2:0C,-15, WPA2 ,0.000000,0.000000,0.000,0.000,AP
2026-05-15 08:09:10,1900-01-00 00:00:00,,60:E9:AA:1D:0F:F3,-15,,0.000000,0.000000,0.000,0.000,Client
2026-05-15 08:09:10,1900-01-00 00:00:00,dlink-615_EXT,40:86:CB:27:D2:0C,-17, WPA2 ,0.000000,0.000000,0.000,0.000,AP
2026-05-15 08:09:10,1900-01-00 00:00:00,,60:E9:AA:1D:0F:F3,-17,,0.000000,0.000000,0.000,0.000,Client
2026-05-15 08:09:10,1900-01-00 00:00:00,dlink-615_EXT,40:86:CB:27:D2:0C,-17, WPA2 ,0.000000,0.000000,0.000,0.000,AP
2026-05-15 08:09:10,1900-01-00 00:00:00,,60:E9:AA:1D:0F:F3,-17,,0.000000,0.000000,0.000,0.000,Client
2026-05-15 08:09:10,1900-01-00 00:00:00,dlink-615_EXT,40:86:CB:27:D2:0C,-15, WPA2 ,0.000000,0.000000,0.000,0.000,AP
2026-05-15 08:09:10,1900-01-00 00:00:00,,60:E9:AA:1D:0F:F3,-15,,0.000000,0.000000,0.000,0.000,Client
2026-05-15 08:09:10,1900-01-00 00:00:00,dlink-615_EXT,40:86:CB:27:D2:0C,-15, WPA2 ,0.000000,0.000000,0.000,0.000,AP
2026-05-15 08:09:10,1900-01-00 00:00:00,,60:E9:AA:1D:0F:F3,-27,,0.000000,0.000000,0.000,0.000,Client
2026-05-15 08:09:10,1900-01-00 00:00:00,dlink-615_EXT,40:86:CB:27:D2:0C,-17, WPA2 ,0.000000,0.000000,0.000,0.000,AP
2026-05-15 08:09:10,1900-01-00 00:00:00,,60:E9:AA:1D:0F:F3,-27,,0.000000,0.000000,0.000,0.000,Client
2026-05-15 08:09:10,1900-01-00 00:00:00,dlink-615_EXT,40:86:CB:27:D2:0C,-17, WPA2 ,0.000000,0.000000,0.000,0.000,AP
2026-05-15 08:09:10,1900-01-00 00:00:00,dlink-615_EXT,40:86:CB:27:D2:0C,-15, WPA2 ,0.000000,0.000000,0.000,0.000,AP
2026-05-15 08:09:10,1900-01-00 00:00:00,dlink-615_EXT,40:86:CB:27:D2:0C,-27, WPA2 ,0.000000,0.000000,0.000,0.000,AP
2026-05-15 08:09:10,1900-01-00 00:00:00,,60:E9:AA:1D:0F:F3,-27,,0.000000,0.000000,0.000,0.000,Client
2026-05-15 08:09:10,1900-01-00 00:00:00,,60:E9:AA:1D:0F:F3,-27,,0.000000,0.000000,0.000,0.000,Client
2026-05-15 08:09:10,1900-01-00 00:00:00,dlink-615_EXT,40:86:CB:27:D2:0C,-17, WPA2 ,0.000000,0.000000,0.000,0.000,AP
2026-05-15 08:09:10,1900-01-00 00:00:00,dlink-615_EXT,40:86:CB:27:D2:0C,-17, WPA2 ,0.000000,0.000000,0.000,0.000,AP
2026-05-15 08:09:10,1900-01-00 00:00:00,dlink-615_EXT,40:86:CB:27:D2:0C,-17, WPA2 ,0.000000,0.000000,0.000,0.000,AP
2026-05-15 08:09:10,1900-01-00 00:00:00,dlink-615_EXT,40:86:CB:27:D2:0C,-17, WPA2 ,0.000000,0.000000,0.000,0.000,AP
2026-05-15 08:09:10,1900-01-00 00:00:00,,60:E9:AA:1D:0F:F3,-17,,0.000000,0.000000,0.000,0.000,Client
2026-05-15 08:09:10,1900-01-00 00:00:00,dlink-615_EXT,40:86:CB:27:D2:0C,-17, WPA2 ,0.000000,0.000000,0.000,0.000,AP
2026-05-15 08:09:10,1900-01-00 00:00:00,dlink-615_EXT,40:86:CB:27:D2:0C,-17, WPA2 ,0.000000,0.000000,0.000,0.000,AP
2026-05-15 08:09:10,1900-01-00 00:00:00,dlink-615_EXT,40:86:CB:27:D2:0C,-17, WPA2 ,0.000000,0.000000,0.000,0.000,AP
2026-05-15 08:09:10,1900-01-00 00:00:00,,60:E9:AA:1D:0F:F3,-17,,0.000000,0.000000,0.000,0.000,Client
2026-05-15 08:09:10,1900-01-00 00:00:00,dlink-615_EXT,40:86:CB:27:D2:0C,-17, WPA2 ,0.000000,0.000000,0.000,0.000,AP
2026-05-15 08:09:10,1900-01-00 00:00:00,dlink-615_EXT,40:86:CB:27:D2:0C,-17, WPA2 ,0.000000,0.000000,0.000,0.000,AP
2026-05-15 08:09:10,1900-01-00 00:00:00,dlink-615_EXT,40:86:CB:27:D2:0C,-17, WPA2 ,0.000000,0.000000,0.000,0.000,AP
2026-05-15 08:09:10,1900-01-00 00:00:00,,60:E9:AA:1D:0F:F3,-27,,0.000000,0.000000,0.000,0.000,Client
2026-05-15 08:09:10,1900-01-00 00:00:00,dlink-615_EXT,40:86:CB:27:D2:0C,-15, WPA2 ,0.000000,0.000000,0.000,0.000,AP
2026-05-15 08:09:10,1900-01-00 00:00:00,,60:E9:AA:1D:0F:F3,-15,,0.000000,0.000000,0.000,0.000,Client
2026-05-15 08:09:10,1900-01-00 00:00:00,dlink-615_EXT,40:86:CB:27:D2:0C,-17, WPA2 ,0.000000,0.000000,0.000,0.000,AP
2026-05-15 08:09:10,1900-01-00 00:00:00,dlink-615_EXT,40:86:CB:27:D2:0C,-27, WPA2 ,0.000000,0.000000,0.000,0.000,AP
2026-05-15 08:09:10,1900-01-00 00:00:00,,60:E9:AA:1D:0F:F3,-27,,0.000000,0.000000,0.000,0.000,Client
2026-05-15 08:09:10,1900-01-00 00:00:00,dlink-615_EXT,40:86:CB:27:D2:0C,-27, WPA2 ,0.000000,0.000000,0.000,0.000,AP
2026-05-15 08:09:10,1900-01-00 00:00:00,,60:E9:AA:1D:0F:F3,-27,,0.000000,0.000000,0.000,0.000,Client
2026-05-15 08:09:10,1900-01-00 00:00:00,dlink-615_EXT,40:86:CB:27:D2:0C,-27, WPA2 ,0.000000,0.000000,0.000,0.000,AP
2026-05-15 08:09:10,1900-01-00 00:00:00,,60:E9:AA:1D:0F:F3,-27,,0.000000,0.000000,0.000,0.000,Client
2026-05-15 08:09:10,1900-01-00 00:00:00,dlink-615_EXT,40:86:CB:27:D2:0C,-27, WPA2 ,0.000000,0.000000,0.000,0.000,AP
2026-05-15 08:09:10,1900-01-00 00:00:00,,60:E9:AA:1D:0F:F3,-27,,0.000000,0.000000,0.000,0.000,Client
2026-05-15 08:09:10,1900-01-00 00:00:00,dlink-615_EXT,40:86:CB:27:D2:0C,-15, WPA2 ,0.000000,0.000000,0.000,0.000,AP
2026-05-15 08:09:10,1900-01-00 00:00:00,,60:E9:AA:1D:0F:F3,-15,,0.000000,0.000000,0.000,0.000,Client
2026-05-15 08:09:10,1900-01-00 00:00:00,dlink-615_EXT,40:86:CB:27:D2:0C,-17, WPA2 ,0.000000,0.000000,0.000,0.000,AP
2026-05-15 08:09:10,1900-01-00 00:00:00,,60:E9:AA:1D:0F:F3,-17,,0.000000,0.000000,0.000,0.000,Client
2026-05-15 08:09:10,1900-01-00 00:00:00,dlink-615_EXT,40:86:CB:27:D2:0C,-17, WPA2 ,0.000000,0.000000,0.000,0.000,AP
2026-05-15 08:09:10,1900-01-00 00:00:00,,60:E9:AA:1D:0F:F3,-17,,0.000000,0.000000,0.000,0.000,Client
2026-05-15 08:09:10,1900-01-00 00:00:00,dlink-615_EXT,40:86:CB:27:D2:0C,-17, WPA2 ,0.000000,0.000000,0.000,0.000,AP
2026-05-15 08:09:10,1900-01-00 00:00:00,,60:E9:AA:1D:0F:F3,-17,,0.000000,0.000000,0.000,0.000,Client
2026-05-15 08:09:10,1900-01-00 00:00:00,dlink-615_EXT,40:86:CB:27:D2:0C,-15, WPA2 ,0.000000,0.000000,0.000,0.000,AP
2026-05-15 08:09:10,1900-01-00 00:00:00,,60:E9:AA:1D:0F:F3,-15,,0.000000,0.000000,0.000,0.000,Client
2026-05-15 08:09:10,1900-01-00 00:00:00,dlink-615_EXT,40:86:CB:27:D2:0C,-17, WPA2 ,0.000000,0.000000,0.000,0.000,AP
2026-05-15 08:09:10,1900-01-00 00:00:00,dlink-615_EXT,40:86:CB:27:D2:0C,-17, WPA2 ,0.000000,0.000000,0.000,0.000,AP
2026-05-15 08:09:10,1900-01-00 00:00:00,,60:E9:AA:1D:0F:F3,-17,,0.000000,0.000000,0.000,0.000,Client
2026-05-15 08:09:10,1900-01-00 00:00:00,dlink-615_EXT,40:86:CB:27:D2:0C,-17, WPA2 ,0.000000,0.000000,0.000,0.000,AP
2026-05-15 08:09:10,1900-01-00 00:00:00,,60:E9:AA:1D:0F:F3,-17,,0.000000,0.000000,0.000,0.000,Client
2026-05-15 08:09:10,1900-01-00 00:00:00,dlink-615_EXT,40:86:CB:27:D2:0C,-17, WPA2 ,0.000000,0.000000,0.000,0.000,AP
2026-05-15 08:09:10,1900-01-00 00:00:00,,60:E9:AA:1D:0F:F3,-17,,0.000000,0.000000,0.000,0.000,Client
2026-05-15 08:09:10,1900-01-00 00:00:00,dlink-615_EXT,40:86:CB:27:D2:0C,-17, WPA2 ,0.000000,0.000000,0.000,0.000,AP
2026-05-15 08:09:10,1900-01-00 00:00:00,,60:E9:AA:1D:0F:F3,-17,,0.000000,0.000000,0.000,0.000,Client
2026-05-15 08:09:10,1900-01-00 00:00:00,dlink-615_EXT,40:86:CB:27:D2:0C,-17, WPA2 ,0.000000,0.000000,0.000,0.000,AP
2026-05-15 08:09:10,1900-01-00 00:00:00,,60:E9:AA:1D:0F:F3,-17,,0.000000,0.000000,0.000,0.000,Client
2026-05-15 08:09:10,1900-01-00 00:00:00,dlink-615_EXT,40:86:CB:27:D2:0C,-17, WPA2 ,0.000000,0.000000,0.000,0.000,AP
2026-05-15 08:09:10,1900-01-00 00:00:00,,60:E9:AA:1D:0F:F3,-17,,0.000000,0.000000,0.000,0.000,Client
2026-05-15 08:09:10,1900-01-00 00:00:00,dlink-615_EXT,40:86:CB:27:D2:0C,-17, WPA2 ,0.000000,0.000000,0.000,0.000,AP
2026-05-15 08:09:10,1900-01-00 00:00:00,,60:E9:AA:1D:0F:F3,-17,,0.000000,0.000000,0.000,0.000,Client
2026-05-15 08:09:10,1900-01-00 00:00:00,dlink-615_EXT,40:86:CB:27:D2:0C,-17, WPA2 ,0.000000,0.000000,0.000,0.000,AP
2026-05-15 08:09:10,1900-01-00 00:00:00,,60:E9:AA:1D:0F:F3,-17,,0.000000,0.000000,0.000,0.000,Client
2026-05-15 08:09:10,1900-01-00 00:00:00,dlink-615_EXT,40:86:CB:27:D2:0C,-17, WPA2 ,0.000000,0.000000,0.000,0.000,AP
2026-05-15 08:09:10,1900-01-00 00:00:00,,60:E9:AA:1D:0F:F3,-17,,0.000000,0.000000,0.000,0.000,Client
2026-05-15 08:09:10,1900-01-00 00:00:00,dlink-615_EXT,40:86:CB:27:D2:0C,-17, WPA2 ,0.000000,0.000000,0.000,0.000,AP
2026-05-15 08:09:10,1900-01-00 00:00:00,,60:E9:AA:1D:0F:F3,-17,,0.000000,0.000000,0.000,0.000,Client
2026-05-15 08:09:10,1900-01-00 00:00:00,dlink-615_EXT,40:86:CB:27:D2:0C,-17, WPA2 ,0.000000,0.000000,0.000,0.000,AP
2026-05-15 08:09:10,1900-01-00 00:00:00,,60:E9:AA:1D:0F:F3,-17,,0.000000,0.000000,0.000,0.000,Client
2026-05-15 08:09:10,1900-01-00 00:00:00,dlink-615_EXT,40:86:CB:27:D2:0C,-17, WPA2 ,0.000000,0.000000,0.000,0.000,AP
2026-05-15 08:09:10,1900-01-00 00:00:00,,60:E9:AA:1D:0F:F3,-17,,0.000000,0.000000,0.000,0.000,Client
2026-05-15 08:09:10,1900-01-00 00:00:00,dlink-615_EXT,40:86:CB:27:D2:0C,-17, WPA2 ,0.000000,0.000000,0.000,0.000,AP
2026-05-15 08:09:10,1900-01-00 00:00:00,,60:E9:AA:1D:0F:F3,-17,,0.000000,0.000000,0.000,0.000,Client
2026-05-15 08:09:10,1900-01-00 00:00:00,dlink-615_EXT,40:86:CB:27:D2:0C,-17, WPA2 ,0.000000,0.000000,0.000,0.000,AP
2026-05-15 08:09:10,1900-01-00 00:00:00,,60:E9:AA:1D:0F:F3,-17,,0.000000,0.000000,0.000,0.000,Client
2026-05-15 08:09:10,1900-01-00 00:00:00,dlink-615_EXT,40:86:CB:27:D2:0C,-17, WPA2 ,0.000000,0.000000,0.000,0.000,AP
2026-05-15 08:09:10,1900-01-00 00:00:00,,60:E9:AA:1D:0F:F3,-17,,0.000000,0.000000,0.000,0.000,Client
2026-05-15 08:09:10,1900-01-00 00:00:00,dlink-615_EXT,40:86:CB:27:D2:0C,-17, WPA2 ,0.000000,0.000000,0.000,0.000,AP
2026-05-15 08:09:10,1900-01-00 00:00:00,,60:E9:AA:1D:0F:F3,-17,,0.000000,0.000000,0.000,0.000,Client
2026-05-15 08:09:10,1900-01-00 00:00:00,dlink-615_EXT,40:86:CB:27:D2:0C,-17, WPA2 ,0.000000,0.000000,0.000,0.000,AP
2026-05-15 08:09:10,1900-01-00 00:00:00,,60:E9:AA:1D:0F:F3,-17,,0.000000,0.000000,0.000,0.000,Client
2026-05-15 08:09:10,1900-01-00 00:00:00,dlink-615_EXT,40:86:CB:27:D2:0C,-17, WPA2 ,0.000000,0.000000,0.000,0.000,AP
2026-05-15 08:09:10,1900-01-00 00:00:00,,60:E9:AA:1D:0F:F3,-29,,0.000000,0.000000,0.000,0.000,Client
2026-05-15 08:09:10,1900-01-00 00:00:00,,60:E9:AA:1D:0F:F3,-29,,0.000000,0.000000,0.000,0.000,Client
2026-05-15 08:09:10,1900-01-00 00:00:00,dlink-615_EXT,40:86:CB:27:D2:0C,-17, WPA2 ,0.000000,0.000000,0.000,0.000,AP
2026-05-15 08:09:10,1900-01-00 00:00:00,,60:E9:AA:1D:0F:F3,-29,,0.000000,0.000000,0.000,0.000,Client
2026-05-15 08:09:10,1900-01-00 00:00:00,dlink-615_EXT,40:86:CB:27:D2:0C,-17, WPA2 ,0.000000,0.000000,0.000,0.000,AP
2026-05-15 08:09:10,1900-01-00 00:00:00,,60:E9:AA:1D:0F:F3,-29,,0.000000,0.000000,0.000,0.000,Client
2026-05-15 08:09:10,1900-01-00 00:00:00,dlink-615_EXT,40:86:CB:27:D2:0C,-19, WPA2 ,0.000000,0.000000,0.000,0.000,AP
2026-05-15 08:09:10,1900-01-00 00:00:00,,60:E9:AA:1D:0F:F3,-19,,0.000000,0.000000,0.000,0.000,Client
2026-05-15 08:09:10,1900-01-00 00:00:00,dlink-615_EXT,40:86:CB:27:D2:0C,-17, WPA2 ,0.000000,0.000000,0.000,0.000,AP
2026-05-15 08:09:10,1900-01-00 00:00:00,,60:E9:AA:1D:0F:F3,-29,,0.000000,0.000000,0.000,0.000,Client
2026-05-15 08:09:10,1900-01-00 00:00:00,dlink-615_EXT,40:86:CB:27:D2:0C,-15, WPA2 ,0.000000,0.000000,0.000,0.000,AP
2026-05-15 08:09:10,1900-01-00 00:00:00,dlink-615_EXT,40:86:CB:27:D2:0C,-15, WPA2 ,0.000000,0.000000,0.000,0.000,AP
2026-05-15 08:09:10,1900-01-00 00:00:00,dlink-615_EXT,40:86:CB:27:D2:0C,-17, WPA2 ,0.000000,0.000000,0.000,0.000,AP
2026-05-15 08:09:10,1900-01-00 00:00:00,,60:E9:AA:1D:0F:F3,-29,,0.000000,0.000000,0.000,0.000,Client
2026-05-15 08:09:10,1900-01-00 00:00:00,,60:E9:AA:1D:0F:F3,-29,,0.000000,0.000000,0.000,0.000,Client
2026-05-15 08:09:10,1900-01-00 00:00:00,,60:E9:AA:1D:0F:F3,-25,,0.000000,0.000000,0.000,0.000,Client
2026-05-15 08:09:10,1900-01-00 00:00:00,dlink-615_EXT,40:86:CB:27:D2:0C,-17, WPA2 ,0.000000,0.000000,0.000,0.000,AP
2026-05-15 08:09:10,1900-01-00 00:00:00,dlink-615_EXT,40:86:CB:27:D2:0C,-17, WPA2 ,0.000000,0.000000,0.000,0.000,AP
2026-05-15 08:09:10,1900-01-00 00:00:00,dlink-615_EXT,40:86:CB:27:D2:0C,-17, WPA2 ,0.000000,0.000000,0.000,0.000,AP
2026-05-15 08:09:10,1900-01-00 00:00:00,dlink-615_EXT,40:86:CB:27:D2:0C,-17, WPA2 ,0.000000,0.000000,0.000,0.000,AP
2026-05-15 08:09:10,1900-01-00 00:00:00,dlink-615_EXT,40:86:CB:27:D2:0C,-17, WPA2 ,0.000000,0.000000,0.000,0.000,AP
2026-05-15 08:09:10,1900-01-00 00:00:00,dlink-615_EXT,40:86:CB:27:D2:0C,-15, WPA2 ,0.000000,0.000000,0.000,0.000,AP
2026-05-15 08:09:10,1900-01-00 00:00:00,dlink-615_EXT,40:86:CB:27:D2:0C,-15, WPA2 ,0.000000,0.000000,0.000,0.000,AP
2026-05-15 08:09:10,1900-01-00 00:00:00,dlink-615_EXT,40:86:CB:27:D2:0C,-19, WPA2 ,0.000000,0.000000,0.000,0.000,AP
2026-05-15 08:09:10,1900-01-00 00:00:00,,60:E9:AA:1D:0F:F3,-19,,0.000000,0.000000,0.000,0.000,Client
2026-05-15 08:09:10,1900-01-00 00:00:00,dlink-615_EXT,40:86:CB:27:D2:0C,-17, WPA2 ,0.000000,0.000000,0.000,0.000,AP
2026-05-15 08:09:10,1900-01-00 00:00:00,,60:E9:AA:1D:0F:F3,-29,,0.000000,0.000000,0.000,0.000,Client
2026-05-15 08:09:10,1900-01-00 00:00:00,dlink-615_EXT,40:86:CB:27:D2:0C,-15, WPA2 ,0.000000,0.000000,0.000,0.000,AP
2026-05-15 08:09:10,1900-01-00 00:00:00,,60:E9:AA:1D:0F:F3,-15,,0.000000,0.000000,0.000,0.000,Client
2026-05-15 08:09:10,1900-01-00 00:00:00,,9C:2F:9D:82:20:A3,-29,,0.000000,0.000000,0.000,0.000,Client
2026-05-15 08:09:10,1900-01-00 00:00:00,dlink-615_EXT,40:86:CB:27:D2:0C,-35, WPA2 ,0.000000,0.000000,0.000,0.000,AP
2026-05-15 08:09:10,1900-01-00 00:00:00,,60:E9:AA:1D:0F:F3,-35,,0.000000,0.000000,0.000,0.000,Client
2026-05-15 08:09:10,1900-01-00 00:00:00,dlink-615_EXT,40:86:CB:27:D2:0C,-15, WPA2 ,0.000000,0.000000,0.000,0.000,AP
2026-05-15 08:09:10,1900-01-00 00:00:00,,60:E9:AA:1D:0F:F3,-15,,0.000000,0.000000,0.000,0.000,Client
2026-05-15 08:09:10,1900-01-00 00:00:00,dlink-615_EXT,40:86:CB:27:D2:0C,-15, WPA2 ,0.000000,0.000000,0.000,0.000,AP
2026-05-15 08:09:10,1900-01-00 00:00:00,,60:E9:AA:1D:0F:F3,-15,,0.000000,0.000000,0.000,0.000,Client
2026-05-15 08:09:10,1900-01-00 00:00:00,dlink-615_EXT,40:86:CB:27:D2:0C,-15, WPA2 ,0.000000,0.000000,0.000,0.000,AP
2026-05-15 08:09:10,1900-01-00 00:00:00,,60:E9:AA:1D:0F:F3,-15,,0.000000,0.000000,0.000,0.000,Client
2026-05-15 08:09:10,1900-01-00 00:00:00,dlink-615_EXT,40:86:CB:27:D2:0C,-15, WPA2 ,0.000000,0.000000,0.000,0.000,AP
2026-05-15 08:09:10,1900-01-00 00:00:00,,60:E9:AA:1D:0F:F3,-15,,0.000000,0.000000,0.000,0.000,Client
2026-05-15 08:09:10,1900-01-00 00:00:00,dlink-615_EXT,40:86:CB:27:D2:0C,-15, WPA2 ,0.000000,0.000000,0.000,0.000,AP
2026-05-15 08:09:10,1900-01-00 00:00:00,,60:E9:AA:1D:0F:F3,-15,,0.000000,0.000000,0.000,0.000,Client
2026-05-15 08:09:10,1900-01-00 00:00:00,dlink-615_EXT,40:86:CB:27:D2:0C,-15, WPA2 ,0.000000,0.000000,0.000,0.000,AP
2026-05-15 08:09:10,1900-01-00 00:00:00,,60:E9:AA:1D:0F:F3,-15,,0.000000,0.000000,0.000,0.000,Client
2026-05-15 08:09:10,1900-01-00 00:00:00,dlink-615_EXT,40:86:CB:27:D2:0C,-15, WPA2 ,0.000000,0.000000,0.000,0.000,AP
2026-05-15 08:09:10,1900-01-00 00:00:00,,60:E9:AA:1D:0F:F3,-15,,0.000000,0.000000,0.000,0.000,Client
2026-05-15 08:09:10,1900-01-00 00:00:00,dlink-615_EXT,40:86:CB:27:D2:0C,-15, WPA2 ,0.000000,0.000000,0.000,0.000,AP
2026-05-15 08:09:10,1900-01-00 00:00:00,,60:E9:AA:1D:0F:F3,-15,,0.000000,0.000000,0.000,0.000,Client
2026-05-15 08:09:10,1900-01-00 00:00:00,dlink-615_EXT,40:86:CB:27:D2:0C,-15, WPA2 ,0.000000,0.000000,0.000,0.000,AP
2026-05-15 08:09:10,1900-01-00 00:00:00,,60:E9:AA:1D:0F:F3,-15,,0.000000,0.000000,0.000,0.000,Client
2026-05-15 08:09:10,1900-01-00 00:00:00,dlink-615_EXT,40:86:CB:27:D2:0C,-15, WPA2 ,0.000000,0.000000,0.000,0.000,AP
2026-05-15 08:09:10,1900-01-00 00:00:00,,60:E9:AA:1D:0F:F3,-15,,0.000000,0.000000,0.000,0.000,Client
2026-05-15 08:09:10,1900-01-00 00:00:00,dlink-615_EXT,40:86:CB:27:D2:0C,-15, WPA2 ,0.000000,0.000000,0.000,0.000,AP
2026-05-15 08:09:11,1900-01-00 00:00:00,,60:E9:AA:1D:0F:F3,-15,,0.000000,0.000000,0.000,0.000,Client
2026-05-15 08:09:11,1900-01-00 00:00:00,dlink-615_EXT,40:86:CB:27:D2:0C,-15, WPA2 ,0.000000,0.000000,0.000,0.000,AP
2026-05-15 08:09:11,1900-01-00 00:00:00,,60:E9:AA:1D:0F:F3,-15,,0.000000,0.000000,0.000,0.000,Client
2026-05-15 08:09:11,1900-01-00 00:00:00,dlink-615_EXT,40:86:CB:27:D2:0C,-15, WPA2 ,0.000000,0.000000,0.000,0.000,AP
2026-05-15 08:09:11,1900-01-00 00:00:00,,60:E9:AA:1D:0F:F3,-15,,0.000000,0.000000,0.000,0.000,Client
2026-05-15 08:09:11,1900-01-00 00:00:00,dlink-615_EXT,40:86:CB:27:D2:0C,-15, WPA2 ,0.000000,0.000000,0.000,0.000,AP
2026-05-15 08:09:11,1900-01-00 00:00:00,,60:E9:AA:1D:0F:F3,-15,,0.000000,0.000000,0.000,0.000,Client
2026-05-15 08:09:11,1900-01-00 00:00:00,dlink-615_EXT,40:86:CB:27:D2:0C,-15, WPA2 ,0.000000,0.000000,0.000,0.000,AP
2026-05-15 08:09:11,1900-01-00 00:00:00,,60:E9:AA:1D:0F:F3,-15,,0.000000,0.000000,0.000,0.000,Client
2026-05-15 08:09:11,1900-01-00 00:00:00,dlink-615_EXT,40:86:CB:27:D2:0C,-15, WPA2 ,0.000000,0.000000,0.000,0.000,AP
2026-05-15 08:09:11,1900-01-00 00:00:00,,60:E9:AA:1D:0F:F3,-15,,0.000000,0.000000,0.000,0.000,Client
2026-05-15 08:09:11,1900-01-00 00:00:00,dlink-615_EXT,40:86:CB:27:D2:0C,-15, WPA2 ,0.000000,0.000000,0.000,0.000,AP
2026-05-15 08:09:11,1900-01-00 00:00:00,,60:E9:AA:1D:0F:F3,-15,,0.000000,0.000000,0.000,0.000,Client
2026-05-15 08:09:11,1900-01-00 00:00:00,dlink-615_EXT,40:86:CB:27:D2:0C,-15, WPA2 ,0.000000,0.000000,0.000,0.000,AP
2026-05-15 08:09:11,1900-01-00 00:00:00,,60:E9:AA:1D:0F:F3,-15,,0.000000,0.000000,0.000,0.000,Client
2026-05-15 08:09:11,1900-01-00 00:00:00,dlink-615_EXT,40:86:CB:27:D2:0C,-53, WPA2 ,0.000000,0.000000,0.000,0.000,AP
2026-05-15 08:09:11,1900-01-00 00:00:00,,60:E9:AA:1D:0F:F3,-53,,0.000000,0.000000,0.000,0.000,Client
2026-05-15 08:09:11,1900-01-00 00:00:00,dlink-615_EXT,40:86:CB:27:D2:0C,-25, WPA2 ,0.000000,0.000000,0.000,0.000,AP
2026-05-15 08:09:11,1900-01-00 00:00:00,,60:E9:AA:1D:0F:F3,-25,,0.000000,0.000000,0.000,0.000,Client
2026-05-15 08:09:11,1900-01-00 00:00:00,dlink-615_EXT,40:86:CB:27:D2:0C,-25, WPA2 ,0.000000,0.000000,0.000,0.000,AP
2026-05-15 08:09:11,1900-01-00 00:00:00,dlink-615_EXT,40:86:CB:27:D2:0C,-55, WPA2 ,0.000000,0.000000,0.000,0.000,AP
2026-05-15 08:09:11,1900-01-00 00:00:00,,60:E9:AA:1D:0F:F3,-55,,0.000000,0.000000,0.000,0.000,Client
2026-05-15 08:09:11,1900-01-00 00:00:00,dlink-615_EXT,40:86:CB:27:D2:0C,-55, WPA2 ,0.000000,0.000000,0.000,0.000,AP
2026-05-15 08:09:11,1900-01-00 00:00:00,dlink-615_EXT,40:86:CB:27:D2:0C,-55, WPA2 ,0.000000,0.000000,0.000,0.000,AP
2026-05-15 08:09:11,1900-01-00 00:00:00,,60:E9:AA:1D:0F:F3,-55,,0.000000,0.000000,0.000,0.000,Client
2026-05-15 08:09:11,1900-01-00 00:00:00,dlink-615_EXT,40:86:CB:27:D2:0C,-55, WPA2 ,0.000000,0.000000,0.000,0.000,AP
2026-05-15 08:09:11,1900-01-00 00:00:00,,60:E9:AA:1D:0F:F3,-55,,0.000000,0.000000,0.000,0.000,Client
2026-05-15 08:09:11,1900-01-00 00:00:00,dlink-615_EXT,40:86:CB:27:D2:0C,-55, WPA2 ,0.000000,0.000000,0.000,0.000,AP
2026-05-15 08:09:11,1900-01-00 00:00:00,,60:E9:AA:1D:0F:F3,-55,,0.000000,0.000000,0.000,0.000,Client
2026-05-15 08:09:11,1900-01-00 00:00:00,dlink-615_EXT,40:86:CB:27:D2:0C,-55, WPA2 ,0.000000,0.000000,0.000,0.000,AP
2026-05-15 08:09:11,1900-01-00 00:00:00,,60:E9:AA:1D:0F:F3,-55,,0.000000,0.000000,0.000,0.000,Client
2026-05-15 08:09:11,1900-01-00 00:00:00,dlink-615_EXT,40:86:CB:27:D2:0C,-55, WPA2 ,0.000000,0.000000,0.000,0.000,AP
2026-05-15 08:09:11,1900-01-00 00:00:00,,60:E9:AA:1D:0F:F3,-55,,0.000000,0.000000,0.000,0.000,Client
2026-05-15 08:09:11,1900-01-00 00:00:00,dlink-615_EXT,40:86:CB:27:D2:0C,-55, WPA2 ,0.000000,0.000000,0.000,0.000,AP
2026-05-15 08:09:11,1900-01-00 00:00:00,,60:E9:AA:1D:0F:F3,-55,,0.000000,0.000000,0.000,0.000,Client
2026-05-15 08:09:11,1900-01-00 00:00:00,dlink-615_EXT,40:86:CB:27:D2:0C,-55, WPA2 ,0.000000,0.000000,0.000,0.000,AP
2026-05-15 08:09:11,1900-01-00 00:00:00,,60:E9:AA:1D:0F:F3,-55,,0.000000,0.000000,0.000,0.000,Client
2026-05-15 08:09:11,1900-01-00 00:00:00,dlink-615_EXT,40:86:CB:27:D2:0C,-55, WPA2 ,0.000000,0.000000,0.000,0.000,AP
2026-05-15 08:09:11,1900-01-00 00:00:00,,60:E9:AA:1D:0F:F3,-55,,0.000000,0.000000,0.000,0.000,Client
2026-05-15 08:09:11,1900-01-00 00:00:00,dlink-615_EXT,40:86:CB:27:D2:0C,-55, WPA2 ,0.000000,0.000000,0.000,0.000,AP
2026-05-15 08:09:11,1900-01-00 00:00:00,,60:E9:AA:1D:0F:F3,-55,,0.000000,0.000000,0.000,0.000,Client
2026-05-15 08:09:11,1900-01-00 00:00:00,dlink-615_EXT,40:86:CB:27:D2:0C,-55, WPA2 ,0.000000,0.000000,0.000,0.000,AP
2026-05-15 08:09:11,1900-01-00 00:00:00,,60:E9:AA:1D:0F:F3,-55,,0.000000,0.000000,0.000,0.000,Client
2026-05-15 08:09:11,1900-01-00 00:00:00,dlink-615_EXT,40:86:CB:27:D2:0C,-55, WPA2 ,0.000000,0.000000,0.000,0.000,AP
2026-05-15 08:09:11,1900-01-00 00:00:00,dlink-615_EXT,40:86:CB:27:D2:0C,-55, WPA2 ,0.000000,0.000000,0.000,0.000,AP
2026-05-15 08:09:11,1900-01-00 00:00:00,,60:E9:AA:1D:0F:F3,-55,,0.000000,0.000000,0.000,0.000,Client
2026-05-15 08:09:11,1900-01-00 00:00:00,dlink-615_EXT,40:86:CB:27:D2:0C,-55, WPA2 ,0.000000,0.000000,0.000,0.000,AP
2026-05-15 08:09:11,1900-01-00 00:00:00,,60:E9:AA:1D:0F:F3,-55,,0.000000,0.000000,0.000,0.000,Client
2026-05-15 08:09:11,1900-01-00 00:00:00,dlink-615_EXT,40:86:CB:27:D2:0C,-55, WPA2 ,0.000000,0.000000,0.000,0.000,AP
2026-05-15 08:09:11,1900-01-00 00:00:00,,60:E9:AA:1D:0F:F3,-55,,0.000000,0.000000,0.000,0.000,Client
2026-05-15 08:09:11,1900-01-00 00:00:00,dlink-615_EXT,40:86:CB:27:D2:0C,-55, WPA2 ,0.000000,0.000000,0.000,0.000,AP
2026-05-15 08:09:11,1900-01-00 00:00:00,,60:E9:AA:1D:0F:F3,-55,,0.000000,0.000000,0.000,0.000,Client
2026-05-15 08:09:11,1900-01-00 00:00:00,dlink-615_EXT,40:86:CB:27:D2:0C,-55, WPA2 ,0.000000,0.000000,0.000,0.000,AP
2026-05-15 08:09:11,1900-01-00 00:00:00,,60:E9:AA:1D:0F:F3,-55,,0.000000,0.000000,0.000,0.000,Client
2026-05-15 08:09:11,1900-01-00 00:00:00,dlink-615_EXT,40:86:CB:27:D2:0C,-55, WPA2 ,0.000000,0.000000,0.000,0.000,AP
2026-05-15 08:09:11,1900-01-00 00:00:00,,60:E9:AA:1D:0F:F3,-55,,0.000000,0.000000,0.000,0.000,Client
2026-05-15 08:09:11,1900-01-00 00:00:00,dlink-615_EXT,40:86:CB:27:D2:0C,-55, WPA2 ,0.000000,0.000000,0.000,0.000,AP
2026-05-15 08:09:11,1900-01-00 00:00:00,,60:E9:AA:1D:0F:F3,-25,,0.000000,0.000000,0.000,0.000,Client
2026-05-15 08:09:11,1900-01-00 00:00:00,dlink-615_EXT,40:86:CB:27:D2:0C,-25, WPA2 ,0.000000,0.000000,0.000,0.000,AP
2026-05-15 08:09:11,1900-01-00 00:00:00,,60:E9:AA:1D:0F:F3,-25,,0.000000,0.000000,0.000,0.000,Client
2026-05-15 08:09:11,1900-01-00 00:00:00,dlink-615_EXT,40:86:CB:27:D2:0C,-25, WPA2 ,0.000000,0.000000,0.000,0.000,AP
2026-05-15 08:09:11,1900-01-00 00:00:00,,60:E9:AA:1D:0F:F3,-25,,0.000000,0.000000,0.000,0.000,Client
2026-05-15 08:09:11,1900-01-00 00:00:00,dlink-615_EXT,40:86:CB:27:D2:0C,-25, WPA2 ,0.000000,0.000000,0.000,0.000,AP
2026-05-15 08:09:11,1900-01-00 00:00:00,,60:E9:AA:1D:0F:F3,-25,,0.000000,0.000000,0.000,0.000,Client
2026-05-15 08:09:11,1900-01-00 00:00:00,dlink-615_EXT,40:86:CB:27:D2:0C,-25, WPA2 ,0.000000,0.000000,0.000,0.000,AP
2026-05-15 08:09:11,1900-01-00 00:00:00,,60:E9:AA:1D:0F:F3,-25,,0.000000,0.000000,0.000,0.000,Client
2026-05-15 08:09:11,1900-01-00 00:00:00,dlink-615_EXT,40:86:CB:27:D2:0C,-25, WPA2 ,0.000000,0.000000,0.000,0.000,AP
2026-05-15 08:09:11,1900-01-00 00:00:00,,60:E9:AA:1D:0F:F3,-25,,0.000000,0.000000,0.000,0.000,Client
2026-05-15 08:09:11,1900-01-00 00:00:00,dlink-615_EXT,40:86:CB:27:D2:0C,-25, WPA2 ,0.000000,0.000000,0.000,0.000,AP
2026-05-15 08:09:11,1900-01-00 00:00:00,,60:E9:AA:1D:0F:F3,-25,,0.000000,0.000000,0.000,0.000,Client
2026-05-15 08:09:11,1900-01-00 00:00:00,dlink-615_EXT,40:86:CB:27:D2:0C,-25, WPA2 ,0.000000,0.000000,0.000,0.000,AP
2026-05-15 08:09:11,1900-01-00 00:00:00,,60:E9:AA:1D:0F:F3,-25,,0.000000,0.000000,0.000,0.000,Client
2026-05-15 08:09:11,1900-01-00 00:00:00,dlink-615_EXT,40:86:CB:27:D2:0C,-25, WPA2 ,0.000000,0.000000,0.000,0.000,AP
2026-05-15 08:09:11,1900-01-00 00:00:00,,60:E9:AA:1D:0F:F3,-25,,0.000000,0.000000,0.000,0.000,Client
2026-05-15 08:09:11,1900-01-00 00:00:00,dlink-615_EXT,40:86:CB:27:D2:0C,-25, WPA2 ,0.000000,0.000000,0.000,0.000,AP
2026-05-15 08:09:11,1900-01-00 00:00:00,,60:E9:AA:1D:0F:F3,-25,,0.000000,0.000000,0.000,0.000,Client
2026-05-15 08:09:11,1900-01-00 00:00:00,dlink-615_EXT,40:86:CB:27:D2:0C,-25, WPA2 ,0.000000,0.000000,0.000,0.000,AP
2026-05-15 08:09:11,1900-01-00 00:00:00,,60:E9:AA:1D:0F:F3,-25,,0.000000,0.000000,0.000,0.000,Client
2026-05-15 08:09:11,1900-01-00 00:00:00,dlink-615_EXT,40:86:CB:27:D2:0C,-23, WPA2 ,0.000000,0.000000,0.000,0.000,AP
2026-05-15 08:09:11,1900-01-00 00:00:00,,60:E9:AA:1D:0F:F3,-23,,0.000000,0.000000,0.000,0.000,Client
2026-05-15 08:09:11,1900-01-00 00:00:00,dlink-615_EXT,40:86:CB:27:D2:0C,-23, WPA2 ,0.000000,0.000000,0.000,0.000,AP
2026-05-15 08:09:11,1900-01-00 00:00:00,,60:E9:AA:1D:0F:F3,-27,,0.000000,0.000000,0.000,0.000,Client
2026-05-15 08:09:11,1900-01-00 00:00:00,dlink-615_EXT,40:86:CB:27:D2:0C,-15, WPA2 ,0.000000,0.000000,0.000,0.000,AP
2026-05-15 08:09:11,1900-01-00 00:00:00,,60:E9:AA:1D:0F:F3,-25,,0.000000,0.000000,0.000,0.000,Client
2026-05-15 08:09:11,1900-01-00 00:00:00,dlink-615_EXT,40:86:CB:27:D2:0C,-15, WPA2 ,0.000000,0.000000,0.000,0.000,AP
2026-05-15 08:09:11,1900-01-00 00:00:00,,60:E9:AA:1D:0F:F3,-15,,0.000000,0.000000,0.000,0.000,Client
2026-05-15 08:09:11,1900-01-00 00:00:00,dlink-615_EXT,40:86:CB:27:D2:0C,-15, WPA2 ,0.000000,0.000000,0.000,0.000,AP
2026-05-15 08:09:11,1900-01-00 00:00:00,,60:E9:AA:1D:0F:F3,-17,,0.000000,0.000000,0.000,0.000,Client
2026-05-15 08:09:11,1900-01-00 00:00:00,dlink-615_EXT,40:86:CB:27:D2:0C,-17, WPA2 ,0.000000,0.000000,0.000,0.000,AP
2026-05-15 08:09:11,1900-01-00 00:00:00,,60:E9:AA:1D:0F:F3,-17,,0.000000,0.000000,0.000,0.000,Client
2026-05-15 08:09:11,1900-01-00 00:00:00,dlink-615_EXT,40:86:CB:27:D2:0C,-17, WPA2 ,0.000000,0.000000,0.000,0.000,AP
2026-05-15 08:09:11,1900-01-00 00:00:00,,60:E9:AA:1D:0F:F3,-17,,0.000000,0.000000,0.000,0.000,Client
2026-05-15 08:09:11,1900-01-00 00:00:00,dlink-615_EXT,40:86:CB:27:D2:0C,-17, WPA2 ,0.000000,0.000000,0.000,0.000,AP
2026-05-15 08:09:11,1900-01-00 00:00:00,,60:E9:AA:1D:0F:F3,-17,,0.000000,0.000000,0.000,0.000,Client
2026-05-15 08:09:11,1900-01-00 00:00:00,dlink-615_EXT,40:86:CB:27:D2:0C,-17, WPA2 ,0.000000,0.000000,0.000,0.000,AP
2026-05-15 08:09:11,1900-01-00 00:00:00,,60:E9:AA:1D:0F:F3,-17,,0.000000,0.000000,0.000,0.000,Client
2026-05-15 08:09:11,1900-01-00 00:00:00,dlink-615_EXT,40:86:CB:27:D2:0C,-17, WPA2 ,0.000000,0.000000,0.000,0.000,AP
2026-05-15 08:09:11,1900-01-00 00:00:00,,60:E9:AA:1D:0F:F3,-17,,0.000000,0.000000,0.000,0.000,Client
2026-05-15 08:09:11,1900-01-00 00:00:00,dlink-615_EXT,40:86:CB:27:D2:0C,-17, WPA2 ,0.000000,0.000000,0.000,0.000,AP
2026-05-15 08:09:11,1900-01-00 00:00:00,,60:E9:AA:1D:0F:F3,-17,,0.000000,0.000000,0.000,0.000,Client
2026-05-15 08:09:11,1900-01-00 00:00:00,dlink-615_EXT,40:86:CB:27:D2:0C,-17, WPA2 ,0.000000,0.000000,0.000,0.000,AP
2026-05-15 08:09:11,1900-01-00 00:00:00,,60:E9:AA:1D:0F:F3,-15,,0.000000,0.000000,0.000,0.000,Client
2026-05-15 08:09:11,1900-01-00 00:00:00,,60:E9:AA:1D:0F:F3,-29,,0.000000,0.000000,0.000,0.000,Client
2026-05-15 08:09:11,1900-01-00 00:00:00,dlink-615_EXT,40:86:CB:27:D2:0C,-15, WPA2 ,0.000000,0.000000,0.000,0.000,AP
2026-05-15 08:09:11,1900-01-00 00:00:00,,60:E9:AA:1D:0F:F3,-29,,0.000000,0.000000,0.000,0.000,Client
2026-05-15 08:09:11,1900-01-00 00:00:00,dlink-615_EXT,40:86:CB:27:D2:0C,-17, WPA2 ,0.000000,0.000000,0.000,0.000,AP
2026-05-15 08:09:11,1900-01-00 00:00:00,,60:E9:AA:1D:0F:F3,-29,,0.000000,0.000000,0.000,0.000,Client
2026-05-15 08:09:11,1900-01-00 00:00:00,,60:E9:AA:1D:0F:F3,-25,,0.000000,0.000000,0.000,0.000,Client
2026-05-15 08:09:11,1900-01-00 00:00:00,dlink-615_EXT,40:86:CB:27:D2:0C,-17, WPA2 ,0.000000,0.000000,0.000,0.000,AP
2026-05-15 08:09:11,1900-01-00 00:00:00,,60:E9:AA:1D:0F:F3,-29,,0.000000,0.000000,0.000,0.000,Client
2026-05-15 08:09:11,1900-01-00 00:00:00,dlink-615_EXT,40:86:CB:27:D2:0C,-15, WPA2 ,0.000000,0.000000,0.000,0.000,AP
2026-05-15 08:09:11,1900-01-00 00:00:00,,60:E9:AA:1D:0F:F3,-27,,0.000000,0.000000,0.000,0.000,Client
2026-05-15 08:09:11,1900-01-00 00:00:00,dlink-615_EXT,40:86:CB:27:D2:0C,-17, WPA2 ,0.000000,0.000000,0.000,0.000,AP
2026-05-15 08:09:11,1900-01-00 00:00:00,dlink-615_EXT,40:86:CB:27:D2:0C,-15, WPA2 ,0.000000,0.000000,0.000,0.000,AP
2026-05-15 08:09:11,1900-01-00 00:00:00,dlink-615_EXT,40:86:CB:27:D2:0C,-15, WPA2 ,0.000000,0.000000,0.000,0.000,AP
2026-05-15 08:09:11,1900-01-00 00:00:00,,60:E9:AA:1D:0F:F3,-25,,0.000000,0.000000,0.000,0.000,Client
2026-05-15 08:09:11,1900-01-00 00:00:00,dlink-615_EXT,40:86:CB:27:D2:0C,-25, WPA2 ,0.000000,0.000000,0.000,0.000,AP
2026-05-15 08:09:11,1900-01-00 00:00:00,,60:E9:AA:1D:0F:F3,-25,,0.000000,0.000000,0.000,0.000,Client
2026-05-15 08:09:11,1900-01-00 00:00:00,dlink-615_EXT,40:86:CB:27:D2:0C,-25, WPA2 ,0.000000,0.000000,0.000,0.000,AP
2026-05-15 08:09:11,1900-01-00 00:00:00,,60:E9:AA:1D:0F:F3,-25,,0.000000,0.000000,0.000,0.000,Client
2026-05-15 08:09:11,1900-01-00 00:00:00,dlink-615_EXT,40:86:CB:27:D2:0C,-25, WPA2 ,0.000000,0.000000,0.000,0.000,AP
2026-05-15 08:09:11,1900-01-00 00:00:00,,60:E9:AA:1D:0F:F3,-25,,0.000000,0.000000,0.000,0.000,Client
2026-05-15 08:09:11,1900-01-00 00:00:00,dlink-615_EXT,40:86:CB:27:D2:0C,-25, WPA2 ,0.000000,0.000000,0.000,0.000,AP
2026-05-15 08:09:11,1900-01-00 00:00:00,,60:E9:AA:1D:0F:F3,-25,,0.000000,0.000000,0.000,0.000,Client
2026-05-15 08:09:11,1900-01-00 00:00:00,dlink-615_EXT,40:86:CB:27:D2:0C,-25, WPA2 ,0.000000,0.000000,0.000,0.000,AP
2026-05-15 08:09:11,1900-01-00 00:00:00,,60:E9:AA:1D:0F:F3,-25,,0.000000,0.000000,0.000,0.000,Client
2026-05-15 08:09:11,1900-01-00 00:00:00,dlink-615_EXT,40:86:CB:27:D2:0C,-25, WPA2 ,0.000000,0.000000,0.000,0.000,AP
2026-05-15 08:09:11,1900-01-00 00:00:00,,60:E9:AA:1D:0F:F3,-25,,0.000000,0.000000,0.000,0.000,Client
2026-05-15 08:09:11,1900-01-00 00:00:00,dlink-615_EXT,40:86:CB:27:D2:0C,-25, WPA2 ,0.000000,0.000000,0.000,0.000,AP
2026-05-15 08:09:11,1900-01-00 00:00:00,,60:E9:AA:1D:0F:F3,-25,,0.000000,0.000000,0.000,0.000,Client
2026-05-15 08:09:11,1900-01-00 00:00:00,dlink-615_EXT,40:86:CB:27:D2:0C,-25, WPA2 ,0.000000,0.000000,0.000,0.000,AP
2026-05-15 08:09:11,1900-01-00 00:00:00,,60:E9:AA:1D:0F:F3,-25,,0.000000,0.000000,0.000,0.000,Client
2026-05-15 08:09:11,1900-01-00 00:00:00,dlink-615_EXT,40:86:CB:27:D2:0C,-25, WPA2 ,0.000000,0.000000,0.000,0.000,AP
2026-05-15 08:09:11,1900-01-00 00:00:00,,60:E9:AA:1D:0F:F3,-25,,0.000000,0.000000,0.000,0.000,Client
2026-05-15 08:09:11,1900-01-00 00:00:00,dlink-615_EXT,40:86:CB:27:D2:0C,-25, WPA2 ,0.000000,0.000000,0.000,0.000,AP
2026-05-15 08:09:11,1900-01-00 00:00:00,,60:E9:AA:1D:0F:F3,-25,,0.000000,0.000000,0.000,0.000,Client
2026-05-15 08:09:11,1900-01-00 00:00:00,dlink-615_EXT,40:86:CB:27:D2:0C,-25, WPA2 ,0.000000,0.000000,0.000,0.000,AP
2026-05-15 08:09:11,1900-01-00 00:00:00,,60:E9:AA:1D:0F:F3,-25,,0.000000,0.000000,0.000,0.000,Client
2026-05-15 08:09:11,1900-01-00 00:00:00,dlink-615_EXT,40:86:CB:27:D2:0C,-25, WPA2 ,0.000000,0.000000,0.000,0.000,AP
2026-05-15 08:09:11,1900-01-00 00:00:00,,60:E9:AA:1D:0F:F3,-25,,0.000000,0.000000,0.000,0.000,Client
2026-05-15 08:09:11,1900-01-00 00:00:00,dlink-615_EXT,40:86:CB:27:D2:0C,-25, WPA2 ,0.000000,0.000000,0.000,0.000,AP
2026-05-15 08:09:11,1900-01-00 00:00:00,,60:E9:AA:1D:0F:F3,-25,,0.000000,0.000000,0.000,0.000,Client
2026-05-15 08:09:11,1900-01-00 00:00:00,dlink-615_EXT,40:86:CB:27:D2:0C,-25, WPA2 ,0.000000,0.000000,0.000,0.000,AP
2026-05-15 08:09:11,1900-01-00 00:00:00,,60:E9:AA:1D:0F:F3,-25,,0.000000,0.000000,0.000,0.000,Client
2026-05-15 08:09:11,1900-01-00 00:00:00,dlink-615_EXT,40:86:CB:27:D2:0C,-25, WPA2 ,0.000000,0.000000,0.000,0.000,AP
2026-05-15 08:09:11,1900-01-00 00:00:00,,60:E9:AA:1D:0F:F3,-25,,0.000000,0.000000,0.000,0.000,Client
2026-05-15 08:09:11,1900-01-00 00:00:00,dlink-615_EXT,40:86:CB:27:D2:0C,-25, WPA2 ,0.000000,0.000000,0.000,0.000,AP
2026-05-15 08:09:11,1900-01-00 00:00:00,,60:E9:AA:1D:0F:F3,-25,,0.000000,0.000000,0.000,0.000,Client
2026-05-15 08:09:11,1900-01-00 00:00:00,dlink-615_EXT,40:86:CB:27:D2:0C,-25, WPA2 ,0.000000,0.000000,0.000,0.000,AP
2026-05-15 08:09:11,1900-01-00 00:00:00,,60:E9:AA:1D:0F:F3,-25,,0.000000,0.000000,0.000,0.000,Client
2026-05-15 08:09:11,1900-01-00 00:00:00,dlink-615_EXT,40:86:CB:27:D2:0C,-25, WPA2 ,0.000000,0.000000,0.000,0.000,AP
2026-05-15 08:09:11,1900-01-00 00:00:00,,60:E9:AA:1D:0F:F3,-25,,0.000000,0.000000,0.000,0.000,Client
2026-05-15 08:09:11,1900-01-00 00:00:00,dlink-615_EXT,40:86:CB:27:D2:0C,-25, WPA2 ,0.000000,0.000000,0.000,0.000,AP
2026-05-15 08:09:11,1900-01-00 00:00:00,,60:E9:AA:1D:0F:F3,-25,,0.000000,0.000000,0.000,0.000,Client
2026-05-15 08:09:11,1900-01-00 00:00:00,dlink-615_EXT,40:86:CB:27:D2:0C,-25, WPA2 ,0.000000,0.000000,0.000,0.000,AP
2026-05-15 08:09:11,1900-01-00 00:00:00,,60:E9:AA:1D:0F:F3,-25,,0.000000,0.000000,0.000,0.000,Client
2026-05-15 08:09:11,1900-01-00 00:00:00,dlink-615_EXT,40:86:CB:27:D2:0C,-25, WPA2 ,0.000000,0.000000,0.000,0.000,AP
2026-05-15 08:09:11,1900-01-00 00:00:00,,60:E9:AA:1D:0F:F3,-25,,0.000000,0.000000,0.000,0.000,Client
2026-05-15 08:09:11,1900-01-00 00:00:00,dlink-615_EXT,40:86:CB:27:D2:0C,-25, WPA2 ,0.000000,0.000000,0.000,0.000,AP
2026-05-15 08:09:11,1900-01-00 00:00:00,,60:E9:AA:1D:0F:F3,-25,,0.000000,0.000000,0.000,0.000,Client
2026-05-15 08:09:11,1900-01-00 00:00:00,dlink-615_EXT,40:86:CB:27:D2:0C,-25, WPA2 ,0.000000,0.000000,0.000,0.000,AP
2026-05-15 08:09:11,1900-01-00 00:00:00,,60:E9:AA:1D:0F:F3,-25,,0.000000,0.000000,0.000,0.000,Client
2026-05-15 08:09:11,1900-01-00 00:00:00,dlink-615_EXT,40:86:CB:27:D2:0C,-25, WPA2 ,0.000000,0.000000,0.000,0.000,AP
2026-05-15 08:09:11,1900-01-00 00:00:00,,60:E9:AA:1D:0F:F3,-25,,0.000000,0.000000,0.000,0.000,Client
2026-05-15 08:09:11,1900-01-00 00:00:00,dlink-615_EXT,40:86:CB:27:D2:0C,-25, WPA2 ,0.000000,0.000000,0.000,0.000,AP
2026-05-15 08:09:11,1900-01-00 00:00:00,,60:E9:AA:1D:0F:F3,-25,,0.000000,0.000000,0.000,0.000,Client
2026-05-15 08:09:11,1900-01-00 00:00:00,dlink-615_EXT,40:86:CB:27:D2:0C,-25, WPA2 ,0.000000,0.000000,0.000,0.000,AP
2026-05-15 08:09:11,1900-01-00 00:00:00,,60:E9:AA:1D:0F:F3,-25,,0.000000,0.000000,0.000,0.000,Client
2026-05-15 08:09:11,1900-01-00 00:00:00,dlink-615_EXT,40:86:CB:27:D2:0C,-25, WPA2 ,0.000000,0.000000,0.000,0.000,AP
2026-05-15 08:09:11,1900-01-00 00:00:00,,60:E9:AA:1D:0F:F3,-25,,0.000000,0.000000,0.000,0.000,Client
2026-05-15 08:09:11,1900-01-00 00:00:00,dlink-615_EXT,40:86:CB:27:D2:0C,-25, WPA2 ,0.000000,0.000000,0.000,0.000,AP
2026-05-15 08:09:11,1900-01-00 00:00:00,,60:E9:AA:1D:0F:F3,-25,,0.000000,0.000000,0.000,0.000,Client
2026-05-15 08:09:11,1900-01-00 00:00:00,dlink-615_EXT,40:86:CB:27:D2:0C,-25, WPA2 ,0.000000,0.000000,0.000,0.000,AP
2026-05-15 08:09:11,1900-01-00 00:00:00,,60:E9:AA:1D:0F:F3,-25,,0.000000,0.000000,0.000,0.000,Client
2026-05-15 08:09:11,1900-01-00 00:00:00,dlink-615_EXT,40:86:CB:27:D2:0C,-25, WPA2 ,0.000000,0.000000,0.000,0.000,AP
2026-05-15 08:09:11,1900-01-00 00:00:00,,60:E9:AA:1D:0F:F3,-25,,0.000000,0.000000,0.000,0.000,Client
2026-05-15 08:09:11,1900-01-00 00:00:00,dlink-615_EXT,40:86:CB:27:D2:0C,-25, WPA2 ,0.000000,0.000000,0.000,0.000,AP
2026-05-15 08:09:11,1900-01-00 00:00:00,,60:E9:AA:1D:0F:F3,-25,,0.000000,0.000000,0.000,0.000,Client
2026-05-15 08:09:11,1900-01-00 00:00:00,dlink-615_EXT,40:86:CB:27:D2:0C,-25, WPA2 ,0.000000,0.000000,0.000,0.000,AP
2026-05-15 08:09:11,1900-01-00 00:00:00,,60:E9:AA:1D:0F:F3,-25,,0.000000,0.000000,0.000,0.000,Client
2026-05-15 08:09:11,1900-01-00 00:00:00,dlink-615_EXT,40:86:CB:27:D2:0C,-25, WPA2 ,0.000000,0.000000,0.000,0.000,AP
2026-05-15 08:09:11,1900-01-00 00:00:00,,60:E9:AA:1D:0F:F3,-25,,0.000000,0.000000,0.000,0.000,Client
2026-05-15 08:09:11,1900-01-00 00:00:00,dlink-615_EXT,40:86:CB:27:D2:0C,-25, WPA2 ,0.000000,0.000000,0.000,0.000,AP
2026-05-15 08:09:11,1900-01-00 00:00:00,,60:E9:AA:1D:0F:F3,-25,,0.000000,0.000000,0.000,0.000,Client
2026-05-15 08:09:11,1900-01-00 00:00:00,dlink-615_EXT,40:86:CB:27:D2:0C,-25, WPA2 ,0.000000,0.000000,0.000,0.000,AP
2026-05-15 08:09:11,1900-01-00 00:00:00,,60:E9:AA:1D:0F:F3,-25,,0.000000,0.000000,0.000,0.000,Client
2026-05-15 08:09:11,1900-01-00 00:00:00,dlink-615_EXT,40:86:CB:27:D2:0C,-25, WPA2 ,0.000000,0.000000,0.000,0.000,AP
2026-05-15 08:09:11,1900-01-00 00:00:00,,60:E9:AA:1D:0F:F3,-25,,0.000000,0.000000,0.000,0.000,Client
2026-05-15 08:09:11,1900-01-00 00:00:00,dlink-615_EXT,40:86:CB:27:D2:0C,-25, WPA2 ,0.000000,0.000000,0.000,0.000,AP
2026-05-15 08:09:11,1900-01-00 00:00:00,,60:E9:AA:1D:0F:F3,-25,,0.000000,0.000000,0.000,0.000,Client
2026-05-15 08:09:11,1900-01-00 00:00:00,dlink-615_EXT,40:86:CB:27:D2:0C,-25, WPA2 ,0.000000,0.000000,0.000,0.000,AP
2026-05-15 08:09:11,1900-01-00 00:00:00,,60:E9:AA:1D:0F:F3,-25,,0.000000,0.000000,0.000,0.000,Client
2026-05-15 08:09:11,1900-01-00 00:00:00,dlink-615_EXT,40:86:CB:27:D2:0C,-25, WPA2 ,0.000000,0.000000,0.000,0.000,AP
2026-05-15 08:09:11,1900-01-00 00:00:00,,60:E9:AA:1D:0F:F3,-25,,0.000000,0.000000,0.000,0.000,Client
2026-05-15 08:09:11,1900-01-00 00:00:00,dlink-615_EXT,40:86:CB:27:D2:0C,-25, WPA2 ,0.000000,0.000000,0.000,0.000,AP
2026-05-15 08:09:11,1900-01-00 00:00:00,,60:E9:AA:1D:0F:F3,-25,,0.000000,0.000000,0.000,0.000,Client
2026-05-15 08:09:11,1900-01-00 00:00:00,dlink-615_EXT,40:86:CB:27:D2:0C,-25, WPA2 ,0.000000,0.000000,0.000,0.000,AP
2026-05-15 08:09:11,1900-01-00 00:00:00,,60:E9:AA:1D:0F:F3,-25,,0.000000,0.000000,0.000,0.000,Client
2026-05-15 08:09:11,1900-01-00 00:00:00,dlink-615_EXT,40:86:CB:27:D2:0C,-25, WPA2 ,0.000000,0.000000,0.000,0.000,AP
2026-05-15 08:09:11,1900-01-00 00:00:00,,60:E9:AA:1D:0F:F3,-25,,0.000000,0.000000,0.000,0.000,Client
2026-05-15 08:09:11,1900-01-00 00:00:00,dlink-615_EXT,40:86:CB:27:D2:0C,-25, WPA2 ,0.000000,0.000000,0.000,0.000,AP
2026-05-15 08:09:11,1900-01-00 00:00:00,,60:E9:AA:1D:0F:F3,-29,,0.000000,0.000000,0.000,0.000,Client
2026-05-15 08:09:11,1900-01-00 00:00:00,dlink-615_EXT,40:86:CB:27:D2:0C,-19, WPA2 ,0.000000,0.000000,0.000,0.000,AP
2026-05-15 08:09:11,1900-01-00 00:00:00,,60:E9:AA:1D:0F:F3,-29,,0.000000,0.000000,0.000,0.000,Client
2026-05-15 08:09:11,1900-01-00 00:00:00,dlink-615_EXT,40:86:CB:27:D2:0C,-29, WPA2 ,0.000000,0.000000,0.000,0.000,AP
2026-05-15 08:09:11,1900-01-00 00:00:00,,60:E9:AA:1D:0F:F3,-29,,0.000000,0.000000,0.000,0.000,Client
2026-05-15 08:09:11,1900-01-00 00:00:00,dlink-615_EXT,40:86:CB:27:D2:0C,-29, WPA2 ,0.000000,0.000000,0.000,0.000,AP
2026-05-15 08:09:11,1900-01-00 00:00:00,,60:E9:AA:1D:0F:F3,-29,,0.000000,0.000000,0.000,0.000,Client
2026-05-15 08:09:11,1900-01-00 00:00:00,dlink-615_EXT,40:86:CB:27:D2:0C,-29, WPA2 ,0.000000,0.000000,0.000,0.000,AP
2026-05-15 08:09:11,1900-01-00 00:00:00,,60:E9:AA:1D:0F:F3,-29,,0.000000,0.000000,0.000,0.000,Client
2026-05-15 08:09:11,1900-01-00 00:00:00,dlink-615_EXT,40:86:CB:27:D2:0C,-29, WPA2 ,0.000000,0.000000,0.000,0.000,AP
2026-05-15 08:09:11,1900-01-00 00:00:00,,60:E9:AA:1D:0F:F3,-29,,0.000000,0.000000,0.000,0.000,Client
2026-05-15 08:09:11,1900-01-00 00:00:00,dlink-615_EXT,40:86:CB:27:D2:0C,-29, WPA2 ,0.000000,0.000000,0.000,0.000,AP
2026-05-15 08:09:11,1900-01-00 00:00:00,,60:E9:AA:1D:0F:F3,-29,,0.000000,0.000000,0.000,0.000,Client
2026-05-15 08:09:11,1900-01-00 00:00:00,dlink-615_EXT,40:86:CB:27:D2:0C,-29, WPA2 ,0.000000,0.000000,0.000,0.000,AP
2026-05-15 08:09:11,1900-01-00 00:00:00,,60:E9:AA:1D:0F:F3,-29,,0.000000,0.000000,0.000,0.000,Client
2026-05-15 08:09:11,1900-01-00 00:00:00,dlink-615_EXT,40:86:CB:27:D2:0C,-29, WPA2 ,0.000000,0.000000,0.000,0.000,AP
2026-05-15 08:09:11,1900-01-00 00:00:00,,60:E9:AA:1D:0F:F3,-25,,0.000000,0.000000,0.000,0.000,Client
2026-05-15 08:09:11,1900-01-00 00:00:00,dlink-615_EXT,40:86:CB:27:D2:0C,-25, WPA2 ,0.000000,0.000000,0.000,0.000,AP
2026-05-15 08:09:11,1900-01-00 00:00:00,,60:E9:AA:1D:0F:F3,-25,,0.000000,0.000000,0.000,0.000,Client
2026-05-15 08:09:11,1900-01-00 00:00:00,dlink-615_EXT,40:86:CB:27:D2:0C,-25, WPA2 ,0.000000,0.000000,0.000,0.000,AP
2026-05-15 08:09:11,1900-01-00 00:00:00,,60:E9:AA:1D:0F:F3,-25,,0.000000,0.000000,0.000,0.000,Client
2026-05-15 08:09:11,1900-01-00 00:00:00,dlink-615_EXT,40:86:CB:27:D2:0C,-25, WPA2 ,0.000000,0.000000,0.000,0.000,AP
2026-05-15 08:09:11,1900-01-00 00:00:00,,60:E9:AA:1D:0F:F3,-25,,0.000000,0.000000,0.000,0.000,Client
2026-05-15 08:09:11,1900-01-00 00:00:00,dlink-615_EXT,40:86:CB:27:D2:0C,-25, WPA2 ,0.000000,0.000000,0.000,0.000,AP
2026-05-15 08:09:11,1900-01-00 00:00:00,,60:E9:AA:1D:0F:F3,-25,,0.000000,0.000000,0.000,0.000,Client
2026-05-15 08:09:11,1900-01-00 00:00:00,dlink-615_EXT,40:86:CB:27:D2:0C,-25, WPA2 ,0.000000,0.000000,0.000,0.000,AP
2026-05-15 08:09:11,1900-01-00 00:00:00,,60:E9:AA:1D:0F:F3,-25,,0.000000,0.000000,0.000,0.000,Client
2026-05-15 08:09:11,1900-01-00 00:00:00,dlink-615_EXT,40:86:CB:27:D2:0C,-25, WPA2 ,0.000000,0.000000,0.000,0.000,AP
2026-05-15 08:09:11,1900-01-00 00:00:00,,60:E9:AA:1D:0F:F3,-25,,0.000000,0.000000,0.000,0.000,Client
2026-05-15 08:09:11,1900-01-00 00:00:00,dlink-615_EXT,40:86:CB:27:D2:0C,-25, WPA2 ,0.000000,0.000000,0.000,0.000,AP
2026-05-15 08:09:11,1900-01-00 00:00:00,,60:E9:AA:1D:0F:F3,-25,,0.000000,0.000000,0.000,0.000,Client
2026-05-15 08:09:11,1900-01-00 00:00:00,dlink-615_EXT,40:86:CB:27:D2:0C,-25, WPA2 ,0.000000,0.000000,0.000,0.000,AP
2026-05-15 08:09:11,1900-01-00 00:00:00,,60:E9:AA:1D:0F:F3,-25,,0.000000,0.000000,0.000,0.000,Client
2026-05-15 08:09:11,1900-01-00 00:00:00,dlink-615_EXT,40:86:CB:27:D2:0C,-25, WPA2 ,0.000000,0.000000,0.000,0.000,AP
2026-05-15 08:09:11,1900-01-00 00:00:00,,60:E9:AA:1D:0F:F3,-25,,0.000000,0.000000,0.000,0.000,Client
2026-05-15 08:09:11,1900-01-00 00:00:00,dlink-615_EXT,40:86:CB:27:D2:0C,-25, WPA2 ,0.000000,0.000000,0.000,0.000,AP
2026-05-15 08:09:11,1900-01-00 00:00:00,,60:E9:AA:1D:0F:F3,-25,,0.000000,0.000000,0.000,0.000,Client
2026-05-15 08:09:11,1900-01-00 00:00:00,dlink-615_EXT,40:86:CB:27:D2:0C,-25, WPA2 ,0.000000,0.000000,0.000,0.000,AP
2026-05-15 08:09:11,1900-01-00 00:00:00,,60:E9:AA:1D:0F:F3,-25,,0.000000,0.000000,0.000,0.000,Client
2026-05-15 08:09:11,1900-01-00 00:00:00,dlink-615_EXT,40:86:CB:27:D2:0C,-25, WPA2 ,0.000000,0.000000,0.000,0.000,AP
2026-05-15 08:09:11,1900-01-00 00:00:00,,60:E9:AA:1D:0F:F3,-25,,0.000000,0.000000,0.000,0.000,Client
2026-05-15 08:09:11,1900-01-00 00:00:00,dlink-615_EXT,40:86:CB:27:D2:0C,-47, WPA2 ,0.000000,0.000000,0.000,0.000,AP
2026-05-15 08:09:12,1900-01-00 00:00:00,dlink-615_EXT,40:86:CB:27:D2:0C,-25, WPA2 ,0.000000,0.000000,0.000,0.000,AP
2026-05-15 08:09:12,1900-01-00 00:00:00,,60:E9:AA:1D:0F:F3,-25,,0.000000,0.000000,0.000,0.000,Client
2026-05-15 08:09:12,1900-01-00 00:00:00,dlink-615_EXT,40:86:CB:27:D2:0C,-25, WPA2 ,0.000000,0.000000,0.000,0.000,AP
2026-05-15 08:09:12,1900-01-00 00:00:00,,60:E9:AA:1D:0F:F3,-25,,0.000000,0.000000,0.000,0.000,Client
2026-05-15 08:09:12,1900-01-00 00:00:00,dlink-615_EXT,40:86:CB:27:D2:0C,-25, WPA2 ,0.000000,0.000000,0.000,0.000,AP
2026-05-15 08:09:12,1900-01-00 00:00:00,,60:E9:AA:1D:0F:F3,-25,,0.000000,0.000000,0.000,0.000,Client
2026-05-15 08:09:12,1900-01-00 00:00:00,dlink-615_EXT,40:86:CB:27:D2:0C,-25, WPA2 ,0.000000,0.000000,0.000,0.000,AP
2026-05-15 08:09:12,1900-01-00 00:00:00,,60:E9:AA:1D:0F:F3,-25,,0.000000,0.000000,0.000,0.000,Client
2026-05-15 08:09:12,1900-01-00 00:00:00,dlink-615_EXT,40:86:CB:27:D2:0C,-25, WPA2 ,0.000000,0.000000,0.000,0.000,AP
2026-05-15 08:09:12,1900-01-00 00:00:00,,60:E9:AA:1D:0F:F3,-25,,0.000000,0.000000,0.000,0.000,Client
2026-05-15 08:09:12,1900-01-00 00:00:00,dlink-615_EXT,40:86:CB:27:D2:0C,-25, WPA2 ,0.000000,0.000000,0.000,0.000,AP
2026-05-15 08:09:12,1900-01-00 00:00:00,,60:E9:AA:1D:0F:F3,-25,,0.000000,0.000000,0.000,0.000,Client
2026-05-15 08:09:12,1900-01-00 00:00:00,dlink-615_EXT,40:86:CB:27:D2:0C,-25, WPA2 ,0.000000,0.000000,0.000,0.000,AP
2026-05-15 08:09:12,1900-01-00 00:00:00,,60:E9:AA:1D:0F:F3,-25,,0.000000,0.000000,0.000,0.000,Client
2026-05-15 08:09:12,1900-01-00 00:00:00,dlink-615_EXT,40:86:CB:27:D2:0C,-25, WPA2 ,0.000000,0.000000,0.000,0.000,AP
2026-05-15 08:09:12,1900-01-00 00:00:00,,60:E9:AA:1D:0F:F3,-25,,0.000000,0.000000,0.000,0.000,Client
2026-05-15 08:09:12,1900-01-00 00:00:00,dlink-615_EXT,40:86:CB:27:D2:0C,-25, WPA2 ,0.000000,0.000000,0.000,0.000,AP
2026-05-15 08:09:12,1900-01-00 00:00:00,,60:E9:AA:1D:0F:F3,-25,,0.000000,0.000000,0.000,0.000,Client
2026-05-15 08:09:12,1900-01-00 00:00:00,dlink-615_EXT,40:86:CB:27:D2:0C,-25, WPA2 ,0.000000,0.000000,0.000,0.000,AP
2026-05-15 08:09:12,1900-01-00 00:00:00,,60:E9:AA:1D:0F:F3,-25,,0.000000,0.000000,0.000,0.000,Client
2026-05-15 08:09:12,1900-01-00 00:00:00,dlink-615_EXT,40:86:CB:27:D2:0C,-25, WPA2 ,0.000000,0.000000,0.000,0.000,AP
2026-05-15 08:09:12,1900-01-00 00:00:00,,60:E9:AA:1D:0F:F3,-25,,0.000000,0.000000,0.000,0.000,Client
2026-05-15 08:09:12,1900-01-00 00:00:00,dlink-615_EXT,40:86:CB:27:D2:0C,-25, WPA2 ,0.000000,0.000000,0.000,0.000,AP
2026-05-15 08:09:12,1900-01-00 00:00:00,,60:E9:AA:1D:0F:F3,-25,,0.000000,0.000000,0.000,0.000,Client
2026-05-15 08:09:12,1900-01-00 00:00:00,dlink-615_EXT,40:86:CB:27:D2:0C,-25, WPA2 ,0.000000,0.000000,0.000,0.000,AP
2026-05-15 08:09:12,1900-01-00 00:00:00,,60:E9:AA:1D:0F:F3,-25,,0.000000,0.000000,0.000,0.000,Client
2026-05-15 08:09:12,1900-01-00 00:00:00,dlink-615_EXT,40:86:CB:27:D2:0C,-25, WPA2 ,0.000000,0.000000,0.000,0.000,AP
2026-05-15 08:09:12,1900-01-00 00:00:00,,60:E9:AA:1D:0F:F3,-25,,0.000000,0.000000,0.000,0.000,Client
2026-05-15 08:09:12,1900-01-00 00:00:00,dlink-615_EXT,40:86:CB:27:D2:0C,-25, WPA2 ,0.000000,0.000000,0.000,0.000,AP
2026-05-15 08:09:12,1900-01-00 00:00:00,,60:E9:AA:1D:0F:F3,-25,,0.000000,0.000000,0.000,0.000,Client
2026-05-15 08:09:12,1900-01-00 00:00:00,dlink-615_EXT,40:86:CB:27:D2:0C,-25, WPA2 ,0.000000,0.000000,0.000,0.000,AP
2026-05-15 08:09:12,1900-01-00 00:00:00,,60:E9:AA:1D:0F:F3,-25,,0.000000,0.000000,0.000,0.000,Client
2026-05-15 08:09:12,1900-01-00 00:00:00,dlink-615_EXT,40:86:CB:27:D2:0C,-25, WPA2 ,0.000000,0.000000,0.000,0.000,AP
2026-05-15 08:09:12,1900-01-00 00:00:00,,60:E9:AA:1D:0F:F3,-25,,0.000000,0.000000,0.000,0.000,Client
2026-05-15 08:09:12,1900-01-00 00:00:00,dlink-615_EXT,40:86:CB:27:D2:0C,-25, WPA2 ,0.000000,0.000000,0.000,0.000,AP
2026-05-15 08:09:12,1900-01-00 00:00:00,,60:E9:AA:1D:0F:F3,-25,,0.000000,0.000000,0.000,0.000,Client
2026-05-15 08:09:12,1900-01-00 00:00:00,dlink-615_EXT,40:86:CB:27:D2:0C,-25, WPA2 ,0.000000,0.000000,0.000,0.000,AP
2026-05-15 08:09:12,1900-01-00 00:00:00,,60:E9:AA:1D:0F:F3,-25,,0.000000,0.000000,0.000,0.000,Client
2026-05-15 08:09:12,1900-01-00 00:00:00,dlink-615_EXT,40:86:CB:27:D2:0C,-25, WPA2 ,0.000000,0.000000,0.000,0.000,AP
2026-05-15 08:09:12,1900-01-00 00:00:00,,60:E9:AA:1D:0F:F3,-25,,0.000000,0.000000,0.000,0.000,Client
2026-05-15 08:09:12,1900-01-00 00:00:00,dlink-615_EXT,40:86:CB:27:D2:0C,-25, WPA2 ,0.000000,0.000000,0.000,0.000,AP
2026-05-15 08:09:12,1900-01-00 00:00:00,,60:E9:AA:1D:0F:F3,-25,,0.000000,0.000000,0.000,0.000,Client
2026-05-15 08:09:12,1900-01-00 00:00:00,dlink-615_EXT,40:86:CB:27:D2:0C,-25, WPA2 ,0.000000,0.000000,0.000,0.000,AP
2026-05-15 08:09:12,1900-01-00 00:00:00,,60:E9:AA:1D:0F:F3,-25,,0.000000,0.000000,0.000,0.000,Client
2026-05-15 08:09:12,1900-01-00 00:00:00,dlink-615_EXT,40:86:CB:27:D2:0C,-25, WPA2 ,0.000000,0.000000,0.000,0.000,AP
2026-05-15 08:09:12,1900-01-00 00:00:00,,60:E9:AA:1D:0F:F3,-25,,0.000000,0.000000,0.000,0.000,Client
2026-05-15 08:09:12,1900-01-00 00:00:00,dlink-615_EXT,40:86:CB:27:D2:0C,-25, WPA2 ,0.000000,0.000000,0.000,0.000,AP
2026-05-15 08:09:12,1900-01-00 00:00:00,,60:E9:AA:1D:0F:F3,-25,,0.000000,0.000000,0.000,0.000,Client
2026-05-15 08:09:12,1900-01-00 00:00:00,dlink-615_EXT,40:86:CB:27:D2:0C,-25, WPA2 ,0.000000,0.000000,0.000,0.000,AP
2026-05-15 08:09:12,1900-01-00 00:00:00,,60:E9:AA:1D:0F:F3,-25,,0.000000,0.000000,0.000,0.000,Client
2026-05-15 08:09:12,1900-01-00 00:00:00,dlink-615_EXT,40:86:CB:27:D2:0C,-25, WPA2 ,0.000000,0.000000,0.000,0.000,AP
2026-05-15 08:09:12,1900-01-00 00:00:00,,60:E9:AA:1D:0F:F3,-25,,0.000000,0.000000,0.000,0.000,Client
2026-05-15 08:09:12,1900-01-00 00:00:00,dlink-615_EXT,40:86:CB:27:D2:0C,-25, WPA2 ,0.000000,0.000000,0.000,0.000,AP
2026-05-15 08:09:12,1900-01-00 00:00:00,,60:E9:AA:1D:0F:F3,-25,,0.000000,0.000000,0.000,0.000,Client
2026-05-15 08:09:12,1900-01-00 00:00:00,dlink-615_EXT,40:86:CB:27:D2:0C,-25, WPA2 ,0.000000,0.000000,0.000,0.000,AP
2026-05-15 08:09:12,1900-01-00 00:00:00,,60:E9:AA:1D:0F:F3,-25,,0.000000,0.000000,0.000,0.000,Client
2026-05-15 08:09:12,1900-01-00 00:00:00,dlink-615_EXT,40:86:CB:27:D2:0C,-25, WPA2 ,0.000000,0.000000,0.000,0.000,AP
2026-05-15 08:09:12,1900-01-00 00:00:00,,60:E9:AA:1D:0F:F3,-25,,0.000000,0.000000,0.000,0.000,Client
2026-05-15 08:09:12,1900-01-00 00:00:00,dlink-615_EXT,40:86:CB:27:D2:0C,-25, WPA2 ,0.000000,0.000000,0.000,0.000,AP
2026-05-15 08:09:12,1900-01-00 00:00:00,,60:E9:AA:1D:0F:F3,-25,,0.000000,0.000000,0.000,0.000,Client
2026-05-15 08:09:12,1900-01-00 00:00:00,dlink-615_EXT,40:86:CB:27:D2:0C,-25, WPA2 ,0.000000,0.000000,0.000,0.000,AP
2026-05-15 08:09:12,1900-01-00 00:00:00,,60:E9:AA:1D:0F:F3,-25,,0.000000,0.000000,0.000,0.000,Client
2026-05-15 08:09:12,1900-01-00 00:00:00,dlink-615_EXT,40:86:CB:27:D2:0C,-25, WPA2 ,0.000000,0.000000,0.000,0.000,AP
2026-05-15 08:09:12,1900-01-00 00:00:00,,60:E9:AA:1D:0F:F3,-25,,0.000000,0.000000,0.000,0.000,Client
2026-05-15 08:09:12,1900-01-00 00:00:00,dlink-615_EXT,40:86:CB:27:D2:0C,-25, WPA2 ,0.000000,0.000000,0.000,0.000,AP
2026-05-15 08:09:12,1900-01-00 00:00:00,,60:E9:AA:1D:0F:F3,-25,,0.000000,0.000000,0.000,0.000,Client
2026-05-15 08:09:12,1900-01-00 00:00:00,dlink-615_EXT,40:86:CB:27:D2:0C,-25, WPA2 ,0.000000,0.000000,0.000,0.000,AP
2026-05-15 08:09:12,1900-01-00 00:00:00,,60:E9:AA:1D:0F:F3,-25,,0.000000,0.000000,0.000,0.000,Client
2026-05-15 08:09:12,1900-01-00 00:00:00,dlink-615_EXT,40:86:CB:27:D2:0C,-25, WPA2 ,0.000000,0.000000,0.000,0.000,AP
2026-05-15 08:09:12,1900-01-00 00:00:00,,60:E9:AA:1D:0F:F3,-29,,0.000000,0.000000,0.000,0.000,Client
2026-05-15 08:09:12,1900-01-00 00:00:00,dlink-615_EXT,40:86:CB:27:D2:0C,-29, WPA2 ,0.000000,0.000000,0.000,0.000,AP
2026-05-15 08:09:12,1900-01-00 00:00:00,,60:E9:AA:1D:0F:F3,-17,,0.000000,0.000000,0.000,0.000,Client
2026-05-15 08:09:12,1900-01-00 00:00:00,dlink-615_EXT,40:86:CB:27:D2:0C,-25, WPA2 ,0.000000,0.000000,0.000,0.000,AP
2026-05-15 08:09:12,1900-01-00 00:00:00,,60:E9:AA:1D:0F:F3,-17,,0.000000,0.000000,0.000,0.000,Client
2026-05-15 08:09:12,1900-01-00 00:00:00,dlink-615_EXT,40:86:CB:27:D2:0C,-15, WPA2 ,0.000000,0.000000,0.000,0.000,AP
2026-05-15 08:09:12,1900-01-00 00:00:00,,60:E9:AA:1D:0F:F3,-15,,0.000000,0.000000,0.000,0.000,Client
2026-05-15 08:09:12,1900-01-00 00:00:00,dlink-615_EXT,40:86:CB:27:D2:0C,-15, WPA2 ,0.000000,0.000000,0.000,0.000,AP
2026-05-15 08:09:12,1900-01-00 00:00:00,,60:E9:AA:1D:0F:F3,-15,,0.000000,0.000000,0.000,0.000,Client
2026-05-15 08:09:12,1900-01-00 00:00:00,dlink-615_EXT,40:86:CB:27:D2:0C,-15, WPA2 ,0.000000,0.000000,0.000,0.000,AP
2026-05-15 08:09:12,1900-01-00 00:00:00,,60:E9:AA:1D:0F:F3,-15,,0.000000,0.000000,0.000,0.000,Client
2026-05-15 08:09:12,1900-01-00 00:00:00,dlink-615_EXT,40:86:CB:27:D2:0C,-17, WPA2 ,0.000000,0.000000,0.000,0.000,AP
2026-05-15 08:09:12,1900-01-00 00:00:00,,60:E9:AA:1D:0F:F3,-17,,0.000000,0.000000,0.000,0.000,Client
2026-05-15 08:09:12,1900-01-00 00:00:00,dlink-615_EXT,40:86:CB:27:D2:0C,-17, WPA2 ,0.000000,0.000000,0.000,0.000,AP
2026-05-15 08:09:12,1900-01-00 00:00:00,,60:E9:AA:1D:0F:F3,-17,,0.000000,0.000000,0.000,0.000,Client
2026-05-15 08:09:12,1900-01-00 00:00:00,dlink-615_EXT,40:86:CB:27:D2:0C,-17, WPA2 ,0.000000,0.000000,0.000,0.000,AP
2026-05-15 08:09:12,1900-01-00 00:00:00,,60:E9:AA:1D:0F:F3,-17,,0.000000,0.000000,0.000,0.000,Client
2026-05-15 08:09:12,1900-01-00 00:00:00,dlink-615_EXT,40:86:CB:27:D2:0C,-17, WPA2 ,0.000000,0.000000,0.000,0.000,AP
2026-05-15 08:09:12,1900-01-00 00:00:00,,60:E9:AA:1D:0F:F3,-17,,0.000000,0.000000,0.000,0.000,Client
2026-05-15 08:09:12,1900-01-00 00:00:00,dlink-615_EXT,40:86:CB:27:D2:0C,-17, WPA2 ,0.000000,0.000000,0.000,0.000,AP
2026-05-15 08:09:12,1900-01-00 00:00:00,,60:E9:AA:1D:0F:F3,-17,,0.000000,0.000000,0.000,0.000,Client
2026-05-15 08:09:12,1900-01-00 00:00:00,dlink-615_EXT,40:86:CB:27:D2:0C,-17, WPA2 ,0.000000,0.000000,0.000,0.000,AP
2026-05-15 08:09:12,1900-01-00 00:00:00,,60:E9:AA:1D:0F:F3,-17,,0.000000,0.000000,0.000,0.000,Client
2026-05-15 08:09:12,1900-01-00 00:00:00,dlink-615_EXT,40:86:CB:27:D2:0C,-17, WPA2 ,0.000000,0.000000,0.000,0.000,AP
2026-05-15 08:09:12,1900-01-00 00:00:00,,60:E9:AA:1D:0F:F3,-17,,0.000000,0.000000,0.000,0.000,Client
2026-05-15 08:09:12,1900-01-00 00:00:00,dlink-615_EXT,40:86:CB:27:D2:0C,-17, WPA2 ,0.000000,0.000000,0.000,0.000,AP
2026-05-15 08:09:12,1900-01-00 00:00:00,,60:E9:AA:1D:0F:F3,-17,,0.000000,0.000000,0.000,0.000,Client
2026-05-15 08:09:12,1900-01-00 00:00:00,dlink-615_EXT,40:86:CB:27:D2:0C,-17, WPA2 ,0.000000,0.000000,0.000,0.000,AP
2026-05-15 08:09:12,1900-01-00 00:00:00,,60:E9:AA:1D:0F:F3,-17,,0.000000,0.000000,0.000,0.000,Client
2026-05-15 08:09:12,1900-01-00 00:00:00,dlink-615_EXT,40:86:CB:27:D2:0C,-17, WPA2 ,0.000000,0.000000,0.000,0.000,AP
2026-05-15 08:09:12,1900-01-00 00:00:00,,60:E9:AA:1D:0F:F3,-17,,0.000000,0.000000,0.000,0.000,Client
2026-05-15 08:09:12,1900-01-00 00:00:00,dlink-615_EXT,40:86:CB:27:D2:0C,-17, WPA2 ,0.000000,0.000000,0.000,0.000,AP
2026-05-15 08:09:12,1900-01-00 00:00:00,,60:E9:AA:1D:0F:F3,-17,,0.000000,0.000000,0.000,0.000,Client
2026-05-15 08:09:12,1900-01-00 00:00:00,dlink-615_EXT,40:86:CB:27:D2:0C,-17, WPA2 ,0.000000,0.000000,0.000,0.000,AP
2026-05-15 08:09:12,1900-01-00 00:00:00,,60:E9:AA:1D:0F:F3,-17,,0.000000,0.000000,0.000,0.000,Client
2026-05-15 08:09:12,1900-01-00 00:00:00,dlink-615_EXT,40:86:CB:27:D2:0C,-17, WPA2 ,0.000000,0.000000,0.000,0.000,AP
2026-05-15 08:09:12,1900-01-00 00:00:00,,60:E9:AA:1D:0F:F3,-17,,0.000000,0.000000,0.000,0.000,Client
2026-05-15 08:09:12,1900-01-00 00:00:00,dlink-615_EXT,40:86:CB:27:D2:0C,-23, WPA2 ,0.000000,0.000000,0.000,0.000,AP
2026-05-15 08:09:12,1900-01-00 00:00:00,dlink-615_EXT,40:86:CB:27:D2:0C,-23, WPA2 ,0.000000,0.000000,0.000,0.000,AP
2026-05-15 08:09:12,1900-01-00 00:00:00,,60:E9:AA:1D:0F:F3,-23,,0.000000,0.000000,0.000,0.000,Client
2026-05-15 08:09:12,1900-01-00 00:00:00,dlink-615_EXT,40:86:CB:27:D2:0C,-65, WPA2 ,0.000000,0.000000,0.000,0.000,AP
2026-05-15 08:09:12,1900-01-00 00:00:00,dlink-615_EXT,40:86:CB:27:D2:0C,-23, WPA2 ,0.000000,0.000000,0.000,0.000,AP
2026-05-15 08:09:12,1900-01-00 00:00:00,,60:E9:AA:1D:0F:F3,-69,,0.000000,0.000000,0.000,0.000,Client
2026-05-15 08:09:12,1900-01-00 00:00:00,dlink-615_EXT,40:86:CB:27:D2:0C,-21, WPA2 ,0.000000,0.000000,0.000,0.000,AP
2026-05-15 08:09:12,1900-01-00 00:00:00,dlink-615_EXT,40:86:CB:27:D2:0C,-21, WPA2 ,0.000000,0.000000,0.000,0.000,AP
2026-05-15 08:09:12,1900-01-00 00:00:00,,60:E9:AA:1D:0F:F3,-21,,0.000000,0.000000,0.000,0.000,Client
2026-05-15 08:09:12,1900-01-00 00:00:00,dlink-615_EXT,40:86:CB:27:D2:0C,-21, WPA2 ,0.000000,0.000000,0.000,0.000,AP
2026-05-15 08:09:12,1900-01-00 00:00:00,,60:E9:AA:1D:0F:F3,-21,,0.000000,0.000000,0.000,0.000,Client
2026-05-15 08:09:12,1900-01-00 00:00:00,dlink-615_EXT,40:86:CB:27:D2:0C,-21, WPA2 ,0.000000,0.000000,0.000,0.000,AP
2026-05-15 08:09:12,1900-01-00 00:00:00,,60:E9:AA:1D:0F:F3,-21,,0.000000,0.000000,0.000,0.000,Client
2026-05-15 08:09:12,1900-01-00 00:00:00,dlink-615_EXT,40:86:CB:27:D2:0C,-21, WPA2 ,0.000000,0.000000,0.000,0.000,AP
2026-05-15 08:09:12,1900-01-00 00:00:00,,60:E9:AA:1D:0F:F3,-21,,0.000000,0.000000,0.000,0.000,Client
2026-05-15 08:09:12,1900-01-00 00:00:00,dlink-615_EXT,40:86:CB:27:D2:0C,-23, WPA2 ,0.000000,0.000000,0.000,0.000,AP
2026-05-15 08:09:12,1900-01-00 00:00:00,dlink-615_EXT,40:86:CB:27:D2:0C,-23, WPA2 ,0.000000,0.000000,0.000,0.000,AP
2026-05-15 08:09:12,1900-01-00 00:00:00,,60:E9:AA:1D:0F:F3,-23,,0.000000,0.000000,0.000,0.000,Client
2026-05-15 08:09:12,1900-01-00 00:00:00,dlink-615_EXT,40:86:CB:27:D2:0C,-69, WPA2 ,0.000000,0.000000,0.000,0.000,AP
2026-05-15 08:09:12,1900-01-00 00:00:00,,60:E9:AA:1D:0F:F3,-69,,0.000000,0.000000,0.000,0.000,Client
2026-05-15 08:09:12,1900-01-00 00:00:00,dlink-615_EXT,40:86:CB:27:D2:0C,-21, WPA2 ,0.000000,0.000000,0.000,0.000,AP
2026-05-15 08:09:12,1900-01-00 00:00:00,dlink-615_EXT,40:86:CB:27:D2:0C,-21, WPA2 ,0.000000,0.000000,0.000,0.000,AP
2026-05-15 08:09:12,1900-01-00 00:00:00,dlink-615_EXT,40:86:CB:27:D2:0C,-23, WPA2 ,0.000000,0.000000,0.000,0.000,AP
2026-05-15 08:09:12,1900-01-00 00:00:00,,60:E9:AA:1D:0F:F3,-23,,0.000000,0.000000,0.000,0.000,Client
2026-05-15 08:09:12,1900-01-00 00:00:00,dlink-615_EXT,40:86:CB:27:D2:0C,-21, WPA2 ,0.000000,0.000000,0.000,0.000,AP
2026-05-15 08:09:12,1900-01-00 00:00:00,,60:E9:AA:1D:0F:F3,-69,,0.000000,0.000000,0.000,0.000,Client
2026-05-15 08:09:12,1900-01-00 00:00:00,dlink-615_EXT,40:86:CB:27:D2:0C,-69, WPA2 ,0.000000,0.000000,0.000,0.000,AP
2026-05-15 08:09:12,1900-01-00 00:00:00,,60:E9:AA:1D:0F:F3,-69,,0.000000,0.000000,0.000,0.000,Client
2026-05-15 08:09:12,1900-01-00 00:00:00,dlink-615_EXT,40:86:CB:27:D2:0C,-21, WPA2 ,0.000000,0.000000,0.000,0.000,AP
2026-05-15 08:09:12,1900-01-00 00:00:00,dlink-615_EXT,40:86:CB:27:D2:0C,-21, WPA2 ,0.000000,0.000000,0.000,0.000,AP
2026-05-15 08:09:12,1900-01-00 00:00:00,dlink-615_EXT,40:86:CB:27:D2:0C,-25, WPA2 ,0.000000,0.000000,0.000,0.000,AP
2026-05-15 08:09:12,1900-01-00 00:00:00,,60:E9:AA:1D:0F:F3,-25,,0.000000,0.000000,0.000,0.000,Client
2026-05-15 08:09:12,1900-01-00 00:00:00,dlink-615_EXT,40:86:CB:27:D2:0C,-25, WPA2 ,0.000000,0.000000,0.000,0.000,AP
2026-05-15 08:09:12,1900-01-00 00:00:00,,60:E9:AA:1D:0F:F3,-25,,0.000000,0.000000,0.000,0.000,Client
2026-05-15 08:09:12,1900-01-00 00:00:00,dlink-615_EXT,40:86:CB:27:D2:0C,-25, WPA2 ,0.000000,0.000000,0.000,0.000,AP
2026-05-15 08:09:12,1900-01-00 00:00:00,,60:E9:AA:1D:0F:F3,-25,,0.000000,0.000000,0.000,0.000,Client
2026-05-15 08:09:12,1900-01-00 00:00:00,dlink-615_EXT,40:86:CB:27:D2:0C,-25, WPA2 ,0.000000,0.000000,0.000,0.000,AP
2026-05-15 08:09:12,1900-01-00 00:00:00,,60:E9:AA:1D:0F:F3,-25,,0.000000,0.000000,0.000,0.000,Client
2026-05-15 08:09:12,1900-01-00 00:00:00,dlink-615_EXT,40:86:CB:27:D2:0C,-25, WPA2 ,0.000000,0.000000,0.000,0.000,AP
2026-05-15 08:09:12,1900-01-00 00:00:00,,60:E9:AA:1D:0F:F3,-25,,0.000000,0.000000,0.000,0.000,Client
2026-05-15 08:09:12,1900-01-00 00:00:00,dlink-615_EXT,40:86:CB:27:D2:0C,-25, WPA2 ,0.000000,0.000000,0.000,0.000,AP
2026-05-15 08:09:12,1900-01-00 00:00:00,,60:E9:AA:1D:0F:F3,-25,,0.000000,0.000000,0.000,0.000,Client
2026-05-15 08:09:12,1900-01-00 00:00:00,dlink-615_EXT,40:86:CB:27:D2:0C,-25, WPA2 ,0.000000,0.000000,0.000,0.000,AP
2026-05-15 08:09:12,1900-01-00 00:00:00,,60:E9:AA:1D:0F:F3,-25,,0.000000,0.000000,0.000,0.000,Client
2026-05-15 08:09:12,1900-01-00 00:00:00,dlink-615_EXT,40:86:CB:27:D2:0C,-25, WPA2 ,0.000000,0.000000,0.000,0.000,AP
2026-05-15 08:09:12,1900-01-00 00:00:00,,60:E9:AA:1D:0F:F3,-25,,0.000000,0.000000,0.000,0.000,Client
2026-05-15 08:09:12,1900-01-00 00:00:00,dlink-615_EXT,40:86:CB:27:D2:0C,-25, WPA2 ,0.000000,0.000000,0.000,0.000,AP
2026-05-15 08:09:12,1900-01-00 00:00:00,,60:E9:AA:1D:0F:F3,-25,,0.000000,0.000000,0.000,0.000,Client
2026-05-15 08:09:12,1900-01-00 00:00:00,dlink-615_EXT,40:86:CB:27:D2:0C,-25, WPA2 ,0.000000,0.000000,0.000,0.000,AP
2026-05-15 08:09:12,1900-01-00 00:00:00,,60:E9:AA:1D:0F:F3,-25,,0.000000,0.000000,0.000,0.000,Client
2026-05-15 08:09:12,1900-01-00 00:00:00,dlink-615_EXT,40:86:CB:27:D2:0C,-25, WPA2 ,0.000000,0.000000,0.000,0.000,AP
2026-05-15 08:09:12,1900-01-00 00:00:00,,60:E9:AA:1D:0F:F3,-25,,0.000000,0.000000,0.000,0.000,Client
2026-05-15 08:09:12,1900-01-00 00:00:00,dlink-615_EXT,40:86:CB:27:D2:0C,-25, WPA2 ,0.000000,0.000000,0.000,0.000,AP
2026-05-15 08:09:12,1900-01-00 00:00:00,,60:E9:AA:1D:0F:F3,-25,,0.000000,0.000000,0.000,0.000,Client
2026-05-15 08:09:12,1900-01-00 00:00:00,dlink-615_EXT,40:86:CB:27:D2:0C,-25, WPA2 ,0.000000,0.000000,0.000,0.000,AP
2026-05-15 08:09:12,1900-01-00 00:00:00,,60:E9:AA:1D:0F:F3,-25,,0.000000,0.000000,0.000,0.000,Client
2026-05-15 08:09:12,1900-01-00 00:00:00,dlink-615_EXT,40:86:CB:27:D2:0C,-25, WPA2 ,0.000000,0.000000,0.000,0.000,AP
2026-05-15 08:09:12,1900-01-00 00:00:00,,60:E9:AA:1D:0F:F3,-25,,0.000000,0.000000,0.000,0.000,Client
2026-05-15 08:09:12,1900-01-00 00:00:00,dlink-615_EXT,40:86:CB:27:D2:0C,-25, WPA2 ,0.000000,0.000000,0.000,0.000,AP
2026-05-15 08:09:12,1900-01-00 00:00:00,,60:E9:AA:1D:0F:F3,-25,,0.000000,0.000000,0.000,0.000,Client
2026-05-15 08:09:12,1900-01-00 00:00:00,dlink-615_EXT,40:86:CB:27:D2:0C,-25, WPA2 ,0.000000,0.000000,0.000,0.000,AP
2026-05-15 08:09:12,1900-01-00 00:00:00,,60:E9:AA:1D:0F:F3,-25,,0.000000,0.000000,0.000,0.000,Client
2026-05-15 08:09:12,1900-01-00 00:00:00,dlink-615_EXT,40:86:CB:27:D2:0C,-25, WPA2 ,0.000000,0.000000,0.000,0.000,AP
2026-05-15 08:09:12,1900-01-00 00:00:00,,60:E9:AA:1D:0F:F3,-25,,0.000000,0.000000,0.000,0.000,Client
2026-05-15 08:09:12,1900-01-00 00:00:00,dlink-615_EXT,40:86:CB:27:D2:0C,-25, WPA2 ,0.000000,0.000000,0.000,0.000,AP
2026-05-15 08:09:12,1900-01-00 00:00:00,,60:E9:AA:1D:0F:F3,-25,,0.000000,0.000000,0.000,0.000,Client
2026-05-15 08:09:12,1900-01-00 00:00:00,dlink-615_EXT,40:86:CB:27:D2:0C,-25, WPA2 ,0.000000,0.000000,0.000,0.000,AP
2026-05-15 08:09:12,1900-01-00 00:00:00,,60:E9:AA:1D:0F:F3,-27,,0.000000,0.000000,0.000,0.000,Client
2026-05-15 08:09:12,1900-01-00 00:00:00,dlink-615_EXT,40:86:CB:27:D2:0C,-27, WPA2 ,0.000000,0.000000,0.000,0.000,AP
2026-05-15 08:09:12,1900-01-00 00:00:00,,60:E9:AA:1D:0F:F3,-27,,0.000000,0.000000,0.000,0.000,Client
2026-05-15 08:09:12,1900-01-00 00:00:00,dlink-615_EXT,40:86:CB:27:D2:0C,-27, WPA2 ,0.000000,0.000000,0.000,0.000,AP
2026-05-15 08:09:12,1900-01-00 00:00:00,,60:E9:AA:1D:0F:F3,-27,,0.000000,0.000000,0.000,0.000,Client
2026-05-15 08:09:12,1900-01-00 00:00:00,dlink-615_EXT,40:86:CB:27:D2:0C,-27, WPA2 ,0.000000,0.000000,0.000,0.000,AP
2026-05-15 08:09:12,1900-01-00 00:00:00,,60:E9:AA:1D:0F:F3,-27,,0.000000,0.000000,0.000,0.000,Client
2026-05-15 08:09:12,1900-01-00 00:00:00,dlink-615_EXT,40:86:CB:27:D2:0C,-27, WPA2 ,0.000000,0.000000,0.000,0.000,AP
2026-05-15 08:09:12,1900-01-00 00:00:00,,60:E9:AA:1D:0F:F3,-27,,0.000000,0.000000,0.000,0.000,Client
2026-05-15 08:09:12,1900-01-00 00:00:00,dlink-615_EXT,40:86:CB:27:D2:0C,-27, WPA2 ,0.000000,0.000000,0.000,0.000,AP
2026-05-15 08:09:12,1900-01-00 00:00:00,,60:E9:AA:1D:0F:F3,-27,,0.000000,0.000000,0.000,0.000,Client
2026-05-15 08:09:12,1900-01-00 00:00:00,dlink-615_EXT,40:86:CB:27:D2:0C,-29, WPA2 ,0.000000,0.000000,0.000,0.000,AP
2026-05-15 08:09:12,1900-01-00 00:00:00,,60:E9:AA:1D:0F:F3,-29,,0.000000,0.000000,0.000,0.000,Client
2026-05-15 08:09:12,1900-01-00 00:00:00,dlink-615_EXT,40:86:CB:27:D2:0C,-17, WPA2 ,0.000000,0.000000,0.000,0.000,AP
2026-05-15 08:09:12,1900-01-00 00:00:00,,60:E9:AA:1D:0F:F3,-17,,0.000000,0.000000,0.000,0.000,Client
2026-05-15 08:09:12,1900-01-00 00:00:00,dlink-615_EXT,40:86:CB:27:D2:0C,-17, WPA2 ,0.000000,0.000000,0.000,0.000,AP
2026-05-15 08:09:12,1900-01-00 00:00:00,,60:E9:AA:1D:0F:F3,-17,,0.000000,0.000000,0.000,0.000,Client
2026-05-15 08:09:12,1900-01-00 00:00:00,dlink-615_EXT,40:86:CB:27:D2:0C,-17, WPA2 ,0.000000,0.000000,0.000,0.000,AP
2026-05-15 08:09:12,1900-01-00 00:00:00,,60:E9:AA:1D:0F:F3,-17,,0.000000,0.000000,0.000,0.000,Client
2026-05-15 08:09:12,1900-01-00 00:00:00,dlink-615_EXT,40:86:CB:27:D2:0C,-15, WPA2 ,0.000000,0.000000,0.000,0.000,AP
2026-05-15 08:09:12,1900-01-00 00:00:00,,60:E9:AA:1D:0F:F3,-19,,0.000000,0.000000,0.000,0.000,Client
2026-05-15 08:09:12,1900-01-00 00:00:00,dlink-615_EXT,40:86:CB:27:D2:0C,-19, WPA2 ,0.000000,0.000000,0.000,0.000,AP
2026-05-15 08:09:12,1900-01-00 00:00:00,,60:E9:AA:1D:0F:F3,-19,,0.000000,0.000000,0.000,0.000,Client
2026-05-15 08:09:12,1900-01-00 00:00:00,dlink-615_EXT,40:86:CB:27:D2:0C,-19, WPA2 ,0.000000,0.000000,0.000,0.000,AP
2026-05-15 08:09:12,1900-01-00 00:00:00,,60:E9:AA:1D:0F:F3,-19,,0.000000,0.000000,0.000,0.000,Client
2026-05-15 08:09:12,1900-01-00 00:00:00,dlink-615_EXT,40:86:CB:27:D2:0C,-17, WPA2 ,0.000000,0.000000,0.000,0.000,AP
2026-05-15 08:09:12,1900-01-00 00:00:00,,60:E9:AA:1D:0F:F3,-17,,0.000000,0.000000,0.000,0.000,Client
2026-05-15 08:09:12,1900-01-00 00:00:00,dlink-615_EXT,40:86:CB:27:D2:0C,-17, WPA2 ,0.000000,0.000000,0.000,0.000,AP
2026-05-15 08:09:12,1900-01-00 00:00:00,,60:E9:AA:1D:0F:F3,-17,,0.000000,0.000000,0.000,0.000,Client
2026-05-15 08:09:12,1900-01-00 00:00:00,dlink-615_EXT,40:86:CB:27:D2:0C,-17, WPA2 ,0.000000,0.000000,0.000,0.000,AP
2026-05-15 08:09:12,1900-01-00 00:00:00,,60:E9:AA:1D:0F:F3,-17,,0.000000,0.000000,0.000,0.000,Client
2026-05-15 08:09:12,1900-01-00 00:00:00,dlink-615_EXT,40:86:CB:27:D2:0C,-19, WPA2 ,0.000000,0.000000,0.000,0.000,AP
2026-05-15 08:09:12,1900-01-00 00:00:00,,60:E9:AA:1D:0F:F3,-15,,0.000000,0.000000,0.000,0.000,Client
2026-05-15 08:09:12,1900-01-00 00:00:00,dlink-615_EXT,40:86:CB:27:D2:0C,-15, WPA2 ,0.000000,0.000000,0.000,0.000,AP
2026-05-15 08:09:12,1900-01-00 00:00:00,,60:E9:AA:1D:0F:F3,-15,,0.000000,0.000000,0.000,0.000,Client
2026-05-15 08:09:12,1900-01-00 00:00:00,dlink-615_EXT,40:86:CB:27:D2:0C,-15, WPA2 ,0.000000,0.000000,0.000,0.000,AP
2026-05-15 08:09:12,1900-01-00 00:00:00,,60:E9:AA:1D:0F:F3,-15,,0.000000,0.000000,0.000,0.000,Client
2026-05-15 08:09:12,1900-01-00 00:00:00,dlink-615_EXT,40:86:CB:27:D2:0C,-15, WPA2 ,0.000000,0.000000,0.000,0.000,AP
2026-05-15 08:09:12,1900-01-00 00:00:00,,60:E9:AA:1D:0F:F3,-15,,0.000000,0.000000,0.000,0.000,Client
2026-05-15 08:09:12,1900-01-00 00:00:00,dlink-615_EXT,40:86:CB:27:D2:0C,-15, WPA2 ,0.000000,0.000000,0.000,0.000,AP
2026-05-15 08:09:12,1900-01-00 00:00:00,,60:E9:AA:1D:0F:F3,-15,,0.000000,0.000000,0.000,0.000,Client
2026-05-15 08:09:12,1900-01-00 00:00:00,dlink-615_EXT,40:86:CB:27:D2:0C,-15, WPA2 ,0.000000,0.000000,0.000,0.000,AP
2026-05-15 08:09:12,1900-01-00 00:00:00,,60:E9:AA:1D:0F:F3,-15,,0.000000,0.000000,0.000,0.000,Client
2026-05-15 08:09:12,1900-01-00 00:00:00,dlink-615_EXT,40:86:CB:27:D2:0C,-15, WPA2 ,0.000000,0.000000,0.000,0.000,AP
2026-05-15 08:09:12,1900-01-00 00:00:00,,60:E9:AA:1D:0F:F3,-15,,0.000000,0.000000,0.000,0.000,Client
2026-05-15 08:09:12,1900-01-00 00:00:00,dlink-615_EXT,40:86:CB:27:D2:0C,-15, WPA2 ,0.000000,0.000000,0.000,0.000,AP
2026-05-15 08:09:12,1900-01-00 00:00:00,,60:E9:AA:1D:0F:F3,-15,,0.000000,0.000000,0.000,0.000,Client
2026-05-15 08:09:12,1900-01-00 00:00:00,dlink-615_EXT,40:86:CB:27:D2:0C,-15, WPA2 ,0.000000,0.000000,0.000,0.000,AP
2026-05-15 08:09:12,1900-01-00 00:00:00,,60:E9:AA:1D:0F:F3,-15,,0.000000,0.000000,0.000,0.000,Client
2026-05-15 08:09:12,1900-01-00 00:00:00,dlink-615_EXT,40:86:CB:27:D2:0C,-15, WPA2 ,0.000000,0.000000,0.000,0.000,AP
2026-05-15 08:09:12,1900-01-00 00:00:00,,60:E9:AA:1D:0F:F3,-61,,0.000000,0.000000,0.000,0.000,Client
2026-05-15 08:09:12,1900-01-00 00:00:00,dlink-615_EXT,40:86:CB:27:D2:0C,-61, WPA2 ,0.000000,0.000000,0.000,0.000,AP
2026-05-15 08:09:12,1900-01-00 00:00:00,,60:E9:AA:1D:0F:F3,-61,,0.000000,0.000000,0.000,0.000,Client
2026-05-15 08:09:12,1900-01-00 00:00:00,dlink-615_EXT,40:86:CB:27:D2:0C,-61, WPA2 ,0.000000,0.000000,0.000,0.000,AP
2026-05-15 08:09:12,1900-01-00 00:00:00,,60:E9:AA:1D:0F:F3,-61,,0.000000,0.000000,0.000,0.000,Client
2026-05-15 08:09:12,1900-01-00 00:00:00,dlink-615_EXT,40:86:CB:27:D2:0C,-59, WPA2 ,0.000000,0.000000,0.000,0.000,AP
2026-05-15 08:09:12,1900-01-00 00:00:00,dlink-615_EXT,40:86:CB:27:D2:0C,-63, WPA2 ,0.000000,0.000000,0.000,0.000,AP
2026-05-15 08:09:12,1900-01-00 00:00:00,dlink-615_EXT,40:86:CB:27:D2:0C,-63, WPA2 ,0.000000,0.000000,0.000,0.000,AP
2026-05-15 08:09:12,1900-01-00 00:00:00,,60:E9:AA:1D:0F:F3,-63,,0.000000,0.000000,0.000,0.000,Client
2026-05-15 08:09:12,1900-01-00 00:00:00,dlink-615_EXT,40:86:CB:27:D2:0C,-61, WPA2 ,0.000000,0.000000,0.000,0.000,AP
2026-05-15 08:09:12,1900-01-00 00:00:00,,60:E9:AA:1D:0F:F3,-61,,0.000000,0.000000,0.000,0.000,Client
2026-05-15 08:09:12,1900-01-00 00:00:00,dlink-615_EXT,40:86:CB:27:D2:0C,-61, WPA2 ,0.000000,0.000000,0.000,0.000,AP
2026-05-15 08:09:12,1900-01-00 00:00:00,,60:E9:AA:1D:0F:F3,-61,,0.000000,0.000000,0.000,0.000,Client
2026-05-15 08:09:12,1900-01-00 00:00:00,dlink-615_EXT,40:86:CB:27:D2:0C,-61, WPA2 ,0.000000,0.000000,0.000,0.000,AP
2026-05-15 08:09:12,1900-01-00 00:00:00,,60:E9:AA:1D:0F:F3,-61,,0.000000,0.000000,0.000,0.000,Client
2026-05-15 08:09:12,1900-01-00 00:00:00,dlink-615_EXT,40:86:CB:27:D2:0C,-61, WPA2 ,0.000000,0.000000,0.000,0.000,AP
2026-05-15 08:09:12,1900-01-00 00:00:00,,60:E9:AA:1D:0F:F3,-61,,0.000000,0.000000,0.000,0.000,Client
2026-05-15 08:09:12,1900-01-00 00:00:00,dlink-615_EXT,40:86:CB:27:D2:0C,-61, WPA2 ,0.000000,0.000000,0.000,0.000,AP
2026-05-15 08:09:12,1900-01-00 00:00:00,,60:E9:AA:1D:0F:F3,-61,,0.000000,0.000000,0.000,0.000,Client
2026-05-15 08:09:12,1900-01-00 00:00:00,dlink-615_EXT,40:86:CB:27:D2:0C,-61, WPA2 ,0.000000,0.000000,0.000,0.000,AP
2026-05-15 08:09:12,1900-01-00 00:00:00,,60:E9:AA:1D:0F:F3,-61,,0.000000,0.000000,0.000,0.000,Client
2026-05-15 08:09:12,1900-01-00 00:00:00,dlink-615_EXT,40:86:CB:27:D2:0C,-61, WPA2 ,0.000000,0.000000,0.000,0.000,AP
2026-05-15 08:09:12,1900-01-00 00:00:00,,60:E9:AA:1D:0F:F3,-61,,0.000000,0.000000,0.000,0.000,Client
2026-05-15 08:09:12,1900-01-00 00:00:00,dlink-615_EXT,40:86:CB:27:D2:0C,-61, WPA2 ,0.000000,0.000000,0.000,0.000,AP
2026-05-15 08:09:12,1900-01-00 00:00:00,,60:E9:AA:1D:0F:F3,-61,,0.000000,0.000000,0.000,0.000,Client
2026-05-15 08:09:12,1900-01-00 00:00:00,dlink-615_EXT,40:86:CB:27:D2:0C,-61, WPA2 ,0.000000,0.000000,0.000,0.000,AP
2026-05-15 08:09:12,1900-01-00 00:00:00,,60:E9:AA:1D:0F:F3,-61,,0.000000,0.000000,0.000,0.000,Client
2026-05-15 08:09:12,1900-01-00 00:00:00,dlink-615_EXT,40:86:CB:27:D2:0C,-61, WPA2 ,0.000000,0.000000,0.000,0.000,AP
2026-05-15 08:09:12,1900-01-00 00:00:00,,60:E9:AA:1D:0F:F3,-61,,0.000000,0.000000,0.000,0.000,Client
2026-05-15 08:09:12,1900-01-00 00:00:00,dlink-615_EXT,40:86:CB:27:D2:0C,-61, WPA2 ,0.000000,0.000000,0.000,0.000,AP
2026-05-15 08:09:12,1900-01-00 00:00:00,,60:E9:AA:1D:0F:F3,-61,,0.000000,0.000000,0.000,0.000,Client
2026-05-15 08:09:12,1900-01-00 00:00:00,dlink-615_EXT,40:86:CB:27:D2:0C,-63, WPA2 ,0.000000,0.000000,0.000,0.000,AP
2026-05-15 08:09:12,1900-01-00 00:00:00,,60:E9:AA:1D:0F:F3,-63,,0.000000,0.000000,0.000,0.000,Client
2026-05-15 08:09:12,1900-01-00 00:00:00,dlink-615_EXT,40:86:CB:27:D2:0C,-63, WPA2 ,0.000000,0.000000,0.000,0.000,AP
2026-05-15 08:09:12,1900-01-00 00:00:00,,60:E9:AA:1D:0F:F3,-63,,0.000000,0.000000,0.000,0.000,Client
2026-05-15 08:09:12,1900-01-00 00:00:00,dlink-615_EXT,40:86:CB:27:D2:0C,-63, WPA2 ,0.000000,0.000000,0.000,0.000,AP
2026-05-15 08:09:12,1900-01-00 00:00:00,,60:E9:AA:1D:0F:F3,-63,,0.000000,0.000000,0.000,0.000,Client
2026-05-15 08:09:12,1900-01-00 00:00:00,dlink-615_EXT,40:86:CB:27:D2:0C,-63, WPA2 ,0.000000,0.000000,0.000,0.000,AP
2026-05-15 08:09:12,1900-01-00 00:00:00,,60:E9:AA:1D:0F:F3,-63,,0.000000,0.000000,0.000,0.000,Client
2026-05-15 08:09:12,1900-01-00 00:00:00,dlink-615_EXT,40:86:CB:27:D2:0C,-63, WPA2 ,0.000000,0.000000,0.000,0.000,AP
2026-05-15 08:09:12,1900-01-00 00:00:00,,60:E9:AA:1D:0F:F3,-63,,0.000000,0.000000,0.000,0.000,Client
2026-05-15 08:09:12,1900-01-00 00:00:00,dlink-615_EXT,40:86:CB:27:D2:0C,-63, WPA2 ,0.000000,0.000000,0.000,0.000,AP
2026-05-15 08:09:12,1900-01-00 00:00:00,,60:E9:AA:1D:0F:F3,-63,,0.000000,0.000000,0.000,0.000,Client
2026-05-15 08:09:13,1900-01-00 00:00:00,dlink-615_EXT,40:86:CB:27:D2:0C,-27, WPA2 ,0.000000,0.000000,0.000,0.000,AP
2026-05-15 08:09:13,1900-01-00 00:00:00,,60:E9:AA:1D:0F:F3,-27,,0.000000,0.000000,0.000,0.000,Client
2026-05-15 08:09:13,1900-01-00 00:00:00,dlink-615_EXT,40:86:CB:27:D2:0C,-27, WPA2 ,0.000000,0.000000,0.000,0.000,AP
2026-05-15 08:09:13,1900-01-00 00:00:00,,60:E9:AA:1D:0F:F3,-27,,0.000000,0.000000,0.000,0.000,Client
2026-05-15 08:09:13,1900-01-00 00:00:00,dlink-615_EXT,40:86:CB:27:D2:0C,-27, WPA2 ,0.000000,0.000000,0.000,0.000,AP
2026-05-15 08:09:13,1900-01-00 00:00:00,,60:E9:AA:1D:0F:F3,-27,,0.000000,0.000000,0.000,0.000,Client
2026-05-15 08:09:13,1900-01-00 00:00:00,dlink-615_EXT,40:86:CB:27:D2:0C,-27, WPA2 ,0.000000,0.000000,0.000,0.000,AP
2026-05-15 08:09:13,1900-01-00 00:00:00,,60:E9:AA:1D:0F:F3,-27,,0.000000,0.000000,0.000,0.000,Client
2026-05-15 08:09:13,1900-01-00 00:00:00,dlink-615_EXT,40:86:CB:27:D2:0C,-27, WPA2 ,0.000000,0.000000,0.000,0.000,AP
2026-05-15 08:09:13,1900-01-00 00:00:00,,60:E9:AA:1D:0F:F3,-27,,0.000000,0.000000,0.000,0.000,Client
2026-05-15 08:09:13,1900-01-00 00:00:00,dlink-615_EXT,40:86:CB:27:D2:0C,-27, WPA2 ,0.000000,0.000000,0.000,0.000,AP
2026-05-15 08:09:13,1900-01-00 00:00:00,,60:E9:AA:1D:0F:F3,-27,,0.000000,0.000000,0.000,0.000,Client
2026-05-15 08:09:13,1900-01-00 00:00:00,dlink-615_EXT,40:86:CB:27:D2:0C,-27, WPA2 ,0.000000,0.000000,0.000,0.000,AP
2026-05-15 08:09:13,1900-01-00 00:00:00,,60:E9:AA:1D:0F:F3,-27,,0.000000,0.000000,0.000,0.000,Client
2026-05-15 08:09:13,1900-01-00 00:00:00,dlink-615_EXT,40:86:CB:27:D2:0C,-69, WPA2 ,0.000000,0.000000,0.000,0.000,AP
2026-05-15 08:09:13,1900-01-00 00:00:00,,60:E9:AA:1D:0F:F3,-69,,0.000000,0.000000,0.000,0.000,Client
2026-05-15 08:09:13,1900-01-00 00:00:00,dlink-615_EXT,40:86:CB:27:D2:0C,-29, WPA2 ,0.000000,0.000000,0.000,0.000,AP
2026-05-15 08:09:13,1900-01-00 00:00:00,,60:E9:AA:1D:0F:F3,-29,,0.000000,0.000000,0.000,0.000,Client
2026-05-15 08:09:13,1900-01-00 00:00:00,dlink-615_EXT,40:86:CB:27:D2:0C,-29, WPA2 ,0.000000,0.000000,0.000,0.000,AP
2026-05-15 08:09:13,1900-01-00 00:00:00,,60:E9:AA:1D:0F:F3,-29,,0.000000,0.000000,0.000,0.000,Client
2026-05-15 08:09:13,1900-01-00 00:00:00,dlink-615_EXT,40:86:CB:27:D2:0C,-29, WPA2 ,0.000000,0.000000,0.000,0.000,AP
2026-05-15 08:09:13,1900-01-00 00:00:00,,60:E9:AA:1D:0F:F3,-29,,0.000000,0.000000,0.000,0.000,Client
2026-05-15 08:09:13,1900-01-00 00:00:00,dlink-615_EXT,40:86:CB:27:D2:0C,-29, WPA2 ,0.000000,0.000000,0.000,0.000,AP
2026-05-15 08:09:13,1900-01-00 00:00:00,,60:E9:AA:1D:0F:F3,-29,,0.000000,0.000000,0.000,0.000,Client
2026-05-15 08:09:13,1900-01-00 00:00:00,dlink-615_EXT,40:86:CB:27:D2:0C,-29, WPA2 ,0.000000,0.000000,0.000,0.000,AP
2026-05-15 08:09:13,1900-01-00 00:00:00,,60:E9:AA:1D:0F:F3,-15,,0.000000,0.000000,0.000,0.000,Client
2026-05-15 08:09:13,1900-01-00 00:00:00,dlink-615_EXT,40:86:CB:27:D2:0C,-15, WPA2 ,0.000000,0.000000,0.000,0.000,AP
2026-05-15 08:09:13,1900-01-00 00:00:00,,60:E9:AA:1D:0F:F3,-15,,0.000000,0.000000,0.000,0.000,Client
2026-05-15 08:09:13,1900-01-00 00:00:00,dlink-615_EXT,40:86:CB:27:D2:0C,-15, WPA2 ,0.000000,0.000000,0.000,0.000,AP
2026-05-15 08:09:13,1900-01-00 00:00:00,,60:E9:AA:1D:0F:F3,-15,,0.000000,0.000000,0.000,0.000,Client
2026-05-15 08:09:13,1900-01-00 00:00:00,dlink-615_EXT,40:86:CB:27:D2:0C,-15, WPA2 ,0.000000,0.000000,0.000,0.000,AP
2026-05-15 08:09:13,1900-01-00 00:00:00,,60:E9:AA:1D:0F:F3,-15,,0.000000,0.000000,0.000,0.000,Client
2026-05-15 08:09:13,1900-01-00 00:00:00,dlink-615_EXT,40:86:CB:27:D2:0C,-15, WPA2 ,0.000000,0.000000,0.000,0.000,AP
2026-05-15 08:09:13,1900-01-00 00:00:00,,60:E9:AA:1D:0F:F3,-15,,0.000000,0.000000,0.000,0.000,Client
2026-05-15 08:09:13,1900-01-00 00:00:00,dlink-615_EXT,40:86:CB:27:D2:0C,-15, WPA2 ,0.000000,0.000000,0.000,0.000,AP
2026-05-15 08:09:13,1900-01-00 00:00:00,,60:E9:AA:1D:0F:F3,-15,,0.000000,0.000000,0.000,0.000,Client
2026-05-15 08:09:13,1900-01-00 00:00:00,dlink-615_EXT,40:86:CB:27:D2:0C,-21, WPA2 ,0.000000,0.000000,0.000,0.000,AP
2026-05-15 08:09:13,1900-01-00 00:00:00,,60:E9:AA:1D:0F:F3,-21,,0.000000,0.000000,0.000,0.000,Client
2026-05-15 08:09:13,1900-01-00 00:00:00,dlink-615_EXT,40:86:CB:27:D2:0C,-21, WPA2 ,0.000000,0.000000,0.000,0.000,AP
2026-05-15 08:09:13,1900-01-00 00:00:00,,60:E9:AA:1D:0F:F3,-21,,0.000000,0.000000,0.000,0.000,Client
2026-05-15 08:09:13,1900-01-00 00:00:00,dlink-615_EXT,40:86:CB:27:D2:0C,-15, WPA2 ,0.000000,0.000000,0.000,0.000,AP
2026-05-15 08:09:13,1900-01-00 00:00:00,dlink-615_EXT,40:86:CB:27:D2:0C,-15, WPA2 ,0.000000,0.000000,0.000,0.000,AP
2026-05-15 08:09:13,1900-01-00 00:00:00,,60:E9:AA:1D:0F:F3,-15,,0.000000,0.000000,0.000,0.000,Client
2026-05-15 08:09:13,1900-01-00 00:00:00,dlink-615_EXT,40:86:CB:27:D2:0C,-17, WPA2 ,0.000000,0.000000,0.000,0.000,AP
2026-05-15 08:09:13,1900-01-00 00:00:00,,60:E9:AA:1D:0F:F3,-17,,0.000000,0.000000,0.000,0.000,Client
2026-05-15 08:09:13,1900-01-00 00:00:00,dlink-615_EXT,40:86:CB:27:D2:0C,-17, WPA2 ,0.000000,0.000000,0.000,0.000,AP
2026-05-15 08:09:13,1900-01-00 00:00:00,,60:E9:AA:1D:0F:F3,-17,,0.000000,0.000000,0.000,0.000,Client
2026-05-15 08:09:13,1900-01-00 00:00:00,dlink-615_EXT,40:86:CB:27:D2:0C,-15, WPA2 ,0.000000,0.000000,0.000,0.000,AP
2026-05-15 08:09:13,1900-01-00 00:00:00,,60:E9:AA:1D:0F:F3,-17,,0.000000,0.000000,0.000,0.000,Client
2026-05-15 08:09:13,1900-01-00 00:00:00,dlink-615_EXT,40:86:CB:27:D2:0C,-17, WPA2 ,0.000000,0.000000,0.000,0.000,AP
2026-05-15 08:09:13,1900-01-00 00:00:00,,60:E9:AA:1D:0F:F3,-17,,0.000000,0.000000,0.000,0.000,Client
2026-05-15 08:09:13,1900-01-00 00:00:00,dlink-615_EXT,40:86:CB:27:D2:0C,-17, WPA2 ,0.000000,0.000000,0.000,0.000,AP
2026-05-15 08:09:13,1900-01-00 00:00:00,,60:E9:AA:1D:0F:F3,-17,,0.000000,0.000000,0.000,0.000,Client
2026-05-15 08:09:13,1900-01-00 00:00:00,dlink-615_EXT,40:86:CB:27:D2:0C,-15, WPA2 ,0.000000,0.000000,0.000,0.000,AP
2026-05-15 08:09:13,1900-01-00 00:00:00,,60:E9:AA:1D:0F:F3,-15,,0.000000,0.000000,0.000,0.000,Client
2026-05-15 08:09:13,1900-01-00 00:00:00,dlink-615_EXT,40:86:CB:27:D2:0C,-15, WPA2 ,0.000000,0.000000,0.000,0.000,AP
2026-05-15 08:09:13,1900-01-00 00:00:00,,60:E9:AA:1D:0F:F3,-15,,0.000000,0.000000,0.000,0.000,Client
2026-05-15 08:09:13,1900-01-00 00:00:00,dlink-615_EXT,40:86:CB:27:D2:0C,-15, WPA2 ,0.000000,0.000000,0.000,0.000,AP
2026-05-15 08:09:13,1900-01-00 00:00:00,,60:E9:AA:1D:0F:F3,-15,,0.000000,0.000000,0.000,0.000,Client
2026-05-15 08:09:13,1900-01-00 00:00:00,dlink-615_EXT,40:86:CB:27:D2:0C,-15, WPA2 ,0.000000,0.000000,0.000,0.000,AP
2026-05-15 08:09:13,1900-01-00 00:00:00,,60:E9:AA:1D:0F:F3,-15,,0.000000,0.000000,0.000,0.000,Client
2026-05-15 08:09:13,1900-01-00 00:00:00,dlink-615_EXT,40:86:CB:27:D2:0C,-15, WPA2 ,0.000000,0.000000,0.000,0.000,AP
2026-05-15 08:09:13,1900-01-00 00:00:00,,60:E9:AA:1D:0F:F3,-15,,0.000000,0.000000,0.000,0.000,Client
2026-05-15 08:09:13,1900-01-00 00:00:00,dlink-615_EXT,40:86:CB:27:D2:0C,-15, WPA2 ,0.000000,0.000000,0.000,0.000,AP
2026-05-15 08:09:13,1900-01-00 00:00:00,,60:E9:AA:1D:0F:F3,-61,,0.000000,0.000000,0.000,0.000,Client
2026-05-15 08:09:13,1900-01-00 00:00:00,dlink-615_EXT,40:86:CB:27:D2:0C,-61, WPA2 ,0.000000,0.000000,0.000,0.000,AP
2026-05-15 08:09:13,1900-01-00 00:00:00,dlink-615_EXT,40:86:CB:27:D2:0C,-61, WPA2 ,0.000000,0.000000,0.000,0.000,AP
2026-05-15 08:09:13,1900-01-00 00:00:00,,60:E9:AA:1D:0F:F3,-61,,0.000000,0.000000,0.000,0.000,Client
2026-05-15 08:09:13,1900-01-00 00:00:00,dlink-615_EXT,40:86:CB:27:D2:0C,-59, WPA2 ,0.000000,0.000000,0.000,0.000,AP
2026-05-15 08:09:13,1900-01-00 00:00:00,dlink-615_EXT,40:86:CB:27:D2:0C,-59, WPA2 ,0.000000,0.000000,0.000,0.000,AP
2026-05-15 08:09:13,1900-01-00 00:00:00,,60:E9:AA:1D:0F:F3,-59,,0.000000,0.000000,0.000,0.000,Client
2026-05-15 08:09:13,1900-01-00 00:00:00,dlink-615_EXT,40:86:CB:27:D2:0C,-61, WPA2 ,0.000000,0.000000,0.000,0.000,AP
2026-05-15 08:09:13,1900-01-00 00:00:00,dlink-615_EXT,40:86:CB:27:D2:0C,-61, WPA2 ,0.000000,0.000000,0.000,0.000,AP
2026-05-15 08:09:13,1900-01-00 00:00:00,,60:E9:AA:1D:0F:F3,-61,,0.000000,0.000000,0.000,0.000,Client
2026-05-15 08:09:13,1900-01-00 00:00:00,dlink-615_EXT,40:86:CB:27:D2:0C,-61, WPA2 ,0.000000,0.000000,0.000,0.000,AP
2026-05-15 08:09:13,1900-01-00 00:00:00,,60:E9:AA:1D:0F:F3,-61,,0.000000,0.000000,0.000,0.000,Client
2026-05-15 08:09:13,1900-01-00 00:00:00,dlink-615_EXT,40:86:CB:27:D2:0C,-57, WPA2 ,0.000000,0.000000,0.000,0.000,AP
2026-05-15 08:09:13,1900-01-00 00:00:00,,60:E9:AA:1D:0F:F3,-57,,0.000000,0.000000,0.000,0.000,Client
2026-05-15 08:09:13,1900-01-00 00:00:00,dlink-615_EXT,40:86:CB:27:D2:0C,-57, WPA2 ,0.000000,0.000000,0.000,0.000,AP
2026-05-15 08:09:13,1900-01-00 00:00:00,,60:E9:AA:1D:0F:F3,-57,,0.000000,0.000000,0.000,0.000,Client
2026-05-15 08:09:13,1900-01-00 00:00:00,dlink-615_EXT,40:86:CB:27:D2:0C,-57, WPA2 ,0.000000,0.000000,0.000,0.000,AP
2026-05-15 08:09:13,1900-01-00 00:00:00,,60:E9:AA:1D:0F:F3,-57,,0.000000,0.000000,0.000,0.000,Client
2026-05-15 08:09:13,1900-01-00 00:00:00,dlink-615_EXT,40:86:CB:27:D2:0C,-57, WPA2 ,0.000000,0.000000,0.000,0.000,AP
2026-05-15 08:09:13,1900-01-00 00:00:00,,60:E9:AA:1D:0F:F3,-57,,0.000000,0.000000,0.000,0.000,Client
2026-05-15 08:09:13,1900-01-00 00:00:00,dlink-615_EXT,40:86:CB:27:D2:0C,-59, WPA2 ,0.000000,0.000000,0.000,0.000,AP
2026-05-15 08:09:13,1900-01-00 00:00:00,dlink-615_EXT,40:86:CB:27:D2:0C,-59, WPA2 ,0.000000,0.000000,0.000,0.000,AP
2026-05-15 08:09:13,1900-01-00 00:00:00,,60:E9:AA:1D:0F:F3,-59,,0.000000,0.000000,0.000,0.000,Client
2026-05-15 08:09:13,1900-01-00 00:00:00,dlink-615_EXT,40:86:CB:27:D2:0C,-59, WPA2 ,0.000000,0.000000,0.000,0.000,AP
2026-05-15 08:09:13,1900-01-00 00:00:00,,60:E9:AA:1D:0F:F3,-59,,0.000000,0.000000,0.000,0.000,Client
2026-05-15 08:09:13,1900-01-00 00:00:00,dlink-615_EXT,40:86:CB:27:D2:0C,-59, WPA2 ,0.000000,0.000000,0.000,0.000,AP
2026-05-15 08:09:13,1900-01-00 00:00:00,,60:E9:AA:1D:0F:F3,-59,,0.000000,0.000000,0.000,0.000,Client
2026-05-15 08:09:13,1900-01-00 00:00:00,dlink-615_EXT,40:86:CB:27:D2:0C,-59, WPA2 ,0.000000,0.000000,0.000,0.000,AP
2026-05-15 08:09:13,1900-01-00 00:00:00,,60:E9:AA:1D:0F:F3,-59,,0.000000,0.000000,0.000,0.000,Client
2026-05-15 08:09:13,1900-01-00 00:00:00,dlink-615_EXT,40:86:CB:27:D2:0C,-59, WPA2 ,0.000000,0.000000,0.000,0.000,AP
2026-05-15 08:09:13,1900-01-00 00:00:00,,60:E9:AA:1D:0F:F3,-59,,0.000000,0.000000,0.000,0.000,Client
2026-05-15 08:09:13,1900-01-00 00:00:00,dlink-615_EXT,40:86:CB:27:D2:0C,-59, WPA2 ,0.000000,0.000000,0.000,0.000,AP
2026-05-15 08:09:13,1900-01-00 00:00:00,,60:E9:AA:1D:0F:F3,-59,,0.000000,0.000000,0.000,0.000,Client
2026-05-15 08:09:13,1900-01-00 00:00:00,dlink-615_EXT,40:86:CB:27:D2:0C,-59, WPA2 ,0.000000,0.000000,0.000,0.000,AP
2026-05-15 08:09:13,1900-01-00 00:00:00,,60:E9:AA:1D:0F:F3,-59,,0.000000,0.000000,0.000,0.000,Client
2026-05-15 08:09:13,1900-01-00 00:00:00,dlink-615_EXT,40:86:CB:27:D2:0C,-59, WPA2 ,0.000000,0.000000,0.000,0.000,AP
2026-05-15 08:09:13,1900-01-00 00:00:00,,60:E9:AA:1D:0F:F3,-59,,0.000000,0.000000,0.000,0.000,Client
2026-05-15 08:09:13,1900-01-00 00:00:00,dlink-615_EXT,40:86:CB:27:D2:0C,-59, WPA2 ,0.000000,0.000000,0.000,0.000,AP
2026-05-15 08:09:13,1900-01-00 00:00:00,,60:E9:AA:1D:0F:F3,-59,,0.000000,0.000000,0.000,0.000,Client
2026-05-15 08:09:13,1900-01-00 00:00:00,dlink-615_EXT,40:86:CB:27:D2:0C,-59, WPA2 ,0.000000,0.000000,0.000,0.000,AP
2026-05-15 08:09:13,1900-01-00 00:00:00,,60:E9:AA:1D:0F:F3,-59,,0.000000,0.000000,0.000,0.000,Client
2026-05-15 08:09:13,1900-01-00 00:00:00,dlink-615_EXT,40:86:CB:27:D2:0C,-59, WPA2 ,0.000000,0.000000,0.000,0.000,AP
2026-05-15 08:09:13,1900-01-00 00:00:00,,60:E9:AA:1D:0F:F3,-59,,0.000000,0.000000,0.000,0.000,Client
2026-05-15 08:09:13,1900-01-00 00:00:00,dlink-615_EXT,40:86:CB:27:D2:0C,-59, WPA2 ,0.000000,0.000000,0.000,0.000,AP
2026-05-15 08:09:13,1900-01-00 00:00:00,,60:E9:AA:1D:0F:F3,-59,,0.000000,0.000000,0.000,0.000,Client
2026-05-15 08:09:13,1900-01-00 00:00:00,dlink-615_EXT,40:86:CB:27:D2:0C,-59, WPA2 ,0.000000,0.000000,0.000,0.000,AP
2026-05-15 08:09:13,1900-01-00 00:00:00,,60:E9:AA:1D:0F:F3,-59,,0.000000,0.000000,0.000,0.000,Client
2026-05-15 08:09:13,1900-01-00 00:00:00,dlink-615_EXT,40:86:CB:27:D2:0C,-59, WPA2 ,0.000000,0.000000,0.000,0.000,AP
2026-05-15 08:09:13,1900-01-00 00:00:00,,60:E9:AA:1D:0F:F3,-59,,0.000000,0.000000,0.000,0.000,Client
2026-05-15 08:09:13,1900-01-00 00:00:00,dlink-615_EXT,40:86:CB:27:D2:0C,-59, WPA2 ,0.000000,0.000000,0.000,0.000,AP
2026-05-15 08:09:13,1900-01-00 00:00:00,,60:E9:AA:1D:0F:F3,-59,,0.000000,0.000000,0.000,0.000,Client
2026-05-15 08:09:13,1900-01-00 00:00:00,dlink-615_EXT,40:86:CB:27:D2:0C,-59, WPA2 ,0.000000,0.000000,0.000,0.000,AP
2026-05-15 08:09:13,1900-01-00 00:00:00,,60:E9:AA:1D:0F:F3,-59,,0.000000,0.000000,0.000,0.000,Client
2026-05-15 08:09:13,1900-01-00 00:00:00,dlink-615_EXT,40:86:CB:27:D2:0C,-59, WPA2 ,0.000000,0.000000,0.000,0.000,AP
2026-05-15 08:09:13,1900-01-00 00:00:00,,60:E9:AA:1D:0F:F3,-59,,0.000000,0.000000,0.000,0.000,Client
2026-05-15 08:09:13,1900-01-00 00:00:00,dlink-615_EXT,40:86:CB:27:D2:0C,-59, WPA2 ,0.000000,0.000000,0.000,0.000,AP
2026-05-15 08:09:13,1900-01-00 00:00:00,,60:E9:AA:1D:0F:F3,-59,,0.000000,0.000000,0.000,0.000,Client
2026-05-15 08:09:13,1900-01-00 00:00:00,dlink-615_EXT,40:86:CB:27:D2:0C,-59, WPA2 ,0.000000,0.000000,0.000,0.000,AP
2026-05-15 08:09:13,1900-01-00 00:00:00,,60:E9:AA:1D:0F:F3,-59,,0.000000,0.000000,0.000,0.000,Client
2026-05-15 08:09:13,1900-01-00 00:00:00,dlink-615_EXT,40:86:CB:27:D2:0C,-59, WPA2 ,0.000000,0.000000,0.000,0.000,AP
2026-05-15 08:09:13,1900-01-00 00:00:00,,60:E9:AA:1D:0F:F3,-59,,0.000000,0.000000,0.000,0.000,Client
2026-05-15 08:09:13,1900-01-00 00:00:00,dlink-615_EXT,40:86:CB:27:D2:0C,-59, WPA2 ,0.000000,0.000000,0.000,0.000,AP
2026-05-15 08:09:13,1900-01-00 00:00:00,,60:E9:AA:1D:0F:F3,-59,,0.000000,0.000000,0.000,0.000,Client
2026-05-15 08:09:13,1900-01-00 00:00:00,dlink-615_EXT,40:86:CB:27:D2:0C,-59, WPA2 ,0.000000,0.000000,0.000,0.000,AP
2026-05-15 08:09:13,1900-01-00 00:00:00,,60:E9:AA:1D:0F:F3,-59,,0.000000,0.000000,0.000,0.000,Client
2026-05-15 08:09:13,1900-01-00 00:00:00,dlink-615_EXT,40:86:CB:27:D2:0C,-59, WPA2 ,0.000000,0.000000,0.000,0.000,AP
2026-05-15 08:09:13,1900-01-00 00:00:00,,60:E9:AA:1D:0F:F3,-59,,0.000000,0.000000,0.000,0.000,Client
2026-05-15 08:09:13,1900-01-00 00:00:00,dlink-615_EXT,40:86:CB:27:D2:0C,-59, WPA2 ,0.000000,0.000000,0.000,0.000,AP
2026-05-15 08:09:13,1900-01-00 00:00:00,,60:E9:AA:1D:0F:F3,-59,,0.000000,0.000000,0.000,0.000,Client
2026-05-15 08:09:13,1900-01-00 00:00:00,dlink-615_EXT,40:86:CB:27:D2:0C,-21, WPA2 ,0.000000,0.000000,0.000,0.000,AP
2026-05-15 08:09:13,1900-01-00 00:00:00,dlink-615_EXT,40:86:CB:27:D2:0C,-21, WPA2 ,0.000000,0.000000,0.000,0.000,AP
2026-05-15 08:09:13,1900-01-00 00:00:00,dlink-615_EXT,40:86:CB:27:D2:0C,-21, WPA2 ,0.000000,0.000000,0.000,0.000,AP
2026-05-15 08:09:13,1900-01-00 00:00:00,,60:E9:AA:1D:0F:F3,-21,,0.000000,0.000000,0.000,0.000,Client
2026-05-15 08:09:13,1900-01-00 00:00:00,dlink-615_EXT,40:86:CB:27:D2:0C,-21, WPA2 ,0.000000,0.000000,0.000,0.000,AP
2026-05-15 08:09:13,1900-01-00 00:00:00,,60:E9:AA:1D:0F:F3,-21,,0.000000,0.000000,0.000,0.000,Client
2026-05-15 08:09:13,1900-01-00 00:00:00,dlink-615_EXT,40:86:CB:27:D2:0C,-21, WPA2 ,0.000000,0.000000,0.000,0.000,AP
2026-05-15 08:09:13,1900-01-00 00:00:00,,60:E9:AA:1D:0F:F3,-21,,0.000000,0.000000,0.000,0.000,Client
2026-05-15 08:09:13,1900-01-00 00:00:00,dlink-615_EXT,40:86:CB:27:D2:0C,-21, WPA2 ,0.000000,0.000000,0.000,0.000,AP
2026-05-15 08:09:13,1900-01-00 00:00:00,,60:E9:AA:1D:0F:F3,-29,,0.000000,0.000000,0.000,0.000,Client
2026-05-15 08:09:13,1900-01-00 00:00:00,dlink-615_EXT,40:86:CB:27:D2:0C,-29, WPA2 ,0.000000,0.000000,0.000,0.000,AP
2026-05-15 08:09:13,1900-01-00 00:00:00,,60:E9:AA:1D:0F:F3,-29,,0.000000,0.000000,0.000,0.000,Client
2026-05-15 08:09:13,1900-01-00 00:00:00,dlink-615_EXT,40:86:CB:27:D2:0C,-29, WPA2 ,0.000000,0.000000,0.000,0.000,AP
2026-05-15 08:09:13,1900-01-00 00:00:00,,60:E9:AA:1D:0F:F3,-29,,0.000000,0.000000,0.000,0.000,Client
2026-05-15 08:09:13,1900-01-00 00:00:00,dlink-615_EXT,40:86:CB:27:D2:0C,-29, WPA2 ,0.000000,0.000000,0.000,0.000,AP
2026-05-15 08:09:13,1900-01-00 00:00:00,,60:E9:AA:1D:0F:F3,-29,,0.000000,0.000000,0.000,0.000,Client
2026-05-15 08:09:13,1900-01-00 00:00:00,dlink-615_EXT,40:86:CB:27:D2:0C,-17, WPA2 ,0.000000,0.000000,0.000,0.000,AP
2026-05-15 08:09:13,1900-01-00 00:00:00,,60:E9:AA:1D:0F:F3,-17,,0.000000,0.000000,0.000,0.000,Client
2026-05-15 08:09:13,1900-01-00 00:00:00,dlink-615_EXT,40:86:CB:27:D2:0C,-17, WPA2 ,0.000000,0.000000,0.000,0.000,AP
2026-05-15 08:09:13,1900-01-00 00:00:00,,60:E9:AA:1D:0F:F3,-17,,0.000000,0.000000,0.000,0.000,Client
2026-05-15 08:09:13,1900-01-00 00:00:00,dlink-615_EXT,40:86:CB:27:D2:0C,-17, WPA2 ,0.000000,0.000000,0.000,0.000,AP
2026-05-15 08:09:13,1900-01-00 00:00:00,,60:E9:AA:1D:0F:F3,-17,,0.000000,0.000000,0.000,0.000,Client
2026-05-15 08:09:13,1900-01-00 00:00:00,dlink-615_EXT,40:86:CB:27:D2:0C,-17, WPA2 ,0.000000,0.000000,0.000,0.000,AP
2026-05-15 08:09:13,1900-01-00 00:00:00,,60:E9:AA:1D:0F:F3,-17,,0.000000,0.000000,0.000,0.000,Client
2026-05-15 08:09:13,1900-01-00 00:00:00,dlink-615_EXT,40:86:CB:27:D2:0C,-17, WPA2 ,0.000000,0.000000,0.000,0.000,AP
2026-05-15 08:09:13,1900-01-00 00:00:00,,60:E9:AA:1D:0F:F3,-17,,0.000000,0.000000,0.000,0.000,Client
2026-05-15 08:09:13,1900-01-00 00:00:00,dlink-615_EXT,40:86:CB:27:D2:0C,-17, WPA2 ,0.000000,0.000000,0.000,0.000,AP
2026-05-15 08:09:13,1900-01-00 00:00:00,,60:E9:AA:1D:0F:F3,-15,,0.000000,0.000000,0.000,0.000,Client
2026-05-15 08:09:13,1900-01-00 00:00:00,dlink-615_EXT,40:86:CB:27:D2:0C,-17, WPA2 ,0.000000,0.000000,0.000,0.000,AP
2026-05-15 08:09:13,1900-01-00 00:00:00,,60:E9:AA:1D:0F:F3,-17,,0.000000,0.000000,0.000,0.000,Client
2026-05-15 08:09:13,1900-01-00 00:00:00,dlink-615_EXT,40:86:CB:27:D2:0C,-15, WPA2 ,0.000000,0.000000,0.000,0.000,AP
2026-05-15 08:09:13,1900-01-00 00:00:00,dlink-615_EXT,40:86:CB:27:D2:0C,-15, WPA2 ,0.000000,0.000000,0.000,0.000,AP
2026-05-15 08:09:13,1900-01-00 00:00:00,,60:E9:AA:1D:0F:F3,-15,,0.000000,0.000000,0.000,0.000,Client
2026-05-15 08:09:13,1900-01-00 00:00:00,dlink-615_EXT,40:86:CB:27:D2:0C,-15, WPA2 ,0.000000,0.000000,0.000,0.000,AP
2026-05-15 08:09:13,1900-01-00 00:00:00,,60:E9:AA:1D:0F:F3,-15,,0.000000,0.000000,0.000,0.000,Client
2026-05-15 08:09:13,1900-01-00 00:00:00,dlink-615_EXT,40:86:CB:27:D2:0C,-15, WPA2 ,0.000000,0.000000,0.000,0.000,AP
2026-05-15 08:09:13,1900-01-00 00:00:00,,60:E9:AA:1D:0F:F3,-15,,0.000000,0.000000,0.000,0.000,Client
2026-05-15 08:09:13,1900-01-00 00:00:00,dlink-615_EXT,40:86:CB:27:D2:0C,-15, WPA2 ,0.000000,0.000000,0.000,0.000,AP
2026-05-15 08:09:13,1900-01-00 00:00:00,,60:E9:AA:1D:0F:F3,-15,,0.000000,0.000000,0.000,0.000,Client
2026-05-15 08:09:13,1900-01-00 00:00:00,dlink-615_EXT,40:86:CB:27:D2:0C,-15, WPA2 ,0.000000,0.000000,0.000,0.000,AP
2026-05-15 08:09:13,1900-01-00 00:00:00,,60:E9:AA:1D:0F:F3,-15,,0.000000,0.000000,0.000,0.000,Client
2026-05-15 08:09:13,1900-01-00 00:00:00,dlink-615_EXT,40:86:CB:27:D2:0C,-17, WPA2 ,0.000000,0.000000,0.000,0.000,AP
2026-05-15 08:09:13,1900-01-00 00:00:00,,60:E9:AA:1D:0F:F3,-17,,0.000000,0.000000,0.000,0.000,Client
2026-05-15 08:09:13,1900-01-00 00:00:00,dlink-615_EXT,40:86:CB:27:D2:0C,-17, WPA2 ,0.000000,0.000000,0.000,0.000,AP
2026-05-15 08:09:13,1900-01-00 00:00:00,,60:E9:AA:1D:0F:F3,-17,,0.000000,0.000000,0.000,0.000,Client
2026-05-15 08:09:13,1900-01-00 00:00:00,dlink-615_EXT,40:86:CB:27:D2:0C,-15, WPA2 ,0.000000,0.000000,0.000,0.000,AP
2026-05-15 08:09:13,1900-01-00 00:00:00,,60:E9:AA:1D:0F:F3,-15,,0.000000,0.000000,0.000,0.000,Client
2026-05-15 08:09:13,1900-01-00 00:00:00,dlink-615_EXT,40:86:CB:27:D2:0C,-15, WPA2 ,0.000000,0.000000,0.000,0.000,AP
2026-05-15 08:09:13,1900-01-00 00:00:00,,60:E9:AA:1D:0F:F3,-15,,0.000000,0.000000,0.000,0.000,Client
2026-05-15 08:09:13,1900-01-00 00:00:00,dlink-615_EXT,40:86:CB:27:D2:0C,-15, WPA2 ,0.000000,0.000000,0.000,0.000,AP
2026-05-15 08:09:13,1900-01-00 00:00:00,,60:E9:AA:1D:0F:F3,-15,,0.000000,0.000000,0.000,0.000,Client
2026-05-15 08:09:13,1900-01-00 00:00:00,dlink-615_EXT,40:86:CB:27:D2:0C,-59, WPA2 ,0.000000,0.000000,0.000,0.000,AP
2026-05-15 08:09:13,1900-01-00 00:00:00,dlink-615_EXT,40:86:CB:27:D2:0C,-59, WPA2 ,0.000000,0.000000,0.000,0.000,AP
2026-05-15 08:09:13,1900-01-00 00:00:00,,60:E9:AA:1D:0F:F3,-59,,0.000000,0.000000,0.000,0.000,Client
2026-05-15 08:09:13,1900-01-00 00:00:00,dlink-615_EXT,40:86:CB:27:D2:0C,-57, WPA2 ,0.000000,0.000000,0.000,0.000,AP
2026-05-15 08:09:13,1900-01-00 00:00:00,,60:E9:AA:1D:0F:F3,-57,,0.000000,0.000000,0.000,0.000,Client
2026-05-15 08:09:13,1900-01-00 00:00:00,dlink-615_EXT,40:86:CB:27:D2:0C,-57, WPA2 ,0.000000,0.000000,0.000,0.000,AP
2026-05-15 08:09:13,1900-01-00 00:00:00,,60:E9:AA:1D:0F:F3,-57,,0.000000,0.000000,0.000,0.000,Client
2026-05-15 08:09:13,1900-01-00 00:00:00,dlink-615_EXT,40:86:CB:27:D2:0C,-57, WPA2 ,0.000000,0.000000,0.000,0.000,AP
2026-05-15 08:09:13,1900-01-00 00:00:00,,60:E9:AA:1D:0F:F3,-57,,0.000000,0.000000,0.000,0.000,Client
2026-05-15 08:09:13,1900-01-00 00:00:00,dlink-615_EXT,40:86:CB:27:D2:0C,-57, WPA2 ,0.000000,0.000000,0.000,0.000,AP
2026-05-15 08:09:13,1900-01-00 00:00:00,,60:E9:AA:1D:0F:F3,-57,,0.000000,0.000000,0.000,0.000,Client
2026-05-15 08:09:13,1900-01-00 00:00:00,dlink-615_EXT,40:86:CB:27:D2:0C,-57, WPA2 ,0.000000,0.000000,0.000,0.000,AP
2026-05-15 08:09:13,1900-01-00 00:00:00,dlink-615_EXT,40:86:CB:27:D2:0C,-55, WPA2 ,0.000000,0.000000,0.000,0.000,AP
2026-05-15 08:09:13,1900-01-00 00:00:00,,60:E9:AA:1D:0F:F3,-55,,0.000000,0.000000,0.000,0.000,Client
2026-05-15 08:09:13,1900-01-00 00:00:00,dlink-615_EXT,40:86:CB:27:D2:0C,-55, WPA2 ,0.000000,0.000000,0.000,0.000,AP
2026-05-15 08:09:13,1900-01-00 00:00:00,,60:E9:AA:1D:0F:F3,-55,,0.000000,0.000000,0.000,0.000,Client
2026-05-15 08:09:13,1900-01-00 00:00:00,dlink-615_EXT,40:86:CB:27:D2:0C,-55, WPA2 ,0.000000,0.000000,0.000,0.000,AP
2026-05-15 08:09:13,1900-01-00 00:00:00,dlink-615_EXT,40:86:CB:27:D2:0C,-57, WPA2 ,0.000000,0.000000,0.000,0.000,AP
2026-05-15 08:09:13,1900-01-00 00:00:00,dlink-615_EXT,40:86:CB:27:D2:0C,-57, WPA2 ,0.000000,0.000000,0.000,0.000,AP
2026-05-15 08:09:13,1900-01-00 00:00:00,,60:E9:AA:1D:0F:F3,-57,,0.000000,0.000000,0.000,0.000,Client
2026-05-15 08:09:13,1900-01-00 00:00:00,dlink-615_EXT,40:86:CB:27:D2:0C,-57, WPA2 ,0.000000,0.000000,0.000,0.000,AP
2026-05-15 08:09:13,1900-01-00 00:00:00,,60:E9:AA:1D:0F:F3,-57,,0.000000,0.000000,0.000,0.000,Client
2026-05-15 08:09:13,1900-01-00 00:00:00,dlink-615_EXT,40:86:CB:27:D2:0C,-59, WPA2 ,0.000000,0.000000,0.000,0.000,AP
2026-05-15 08:09:13,1900-01-00 00:00:00,,60:E9:AA:1D:0F:F3,-59,,0.000000,0.000000,0.000,0.000,Client
2026-05-15 08:09:13,1900-01-00 00:00:00,dlink-615_EXT,40:86:CB:27:D2:0C,-59, WPA2 ,0.000000,0.000000,0.000,0.000,AP
2026-05-15 08:09:13,1900-01-00 00:00:00,,60:E9:AA:1D:0F:F3,-59,,0.000000,0.000000,0.000,0.000,Client
2026-05-15 08:09:13,1900-01-00 00:00:00,dlink-615_EXT,40:86:CB:27:D2:0C,-59, WPA2 ,0.000000,0.000000,0.000,0.000,AP
2026-05-15 08:09:13,1900-01-00 00:00:00,,60:E9:AA:1D:0F:F3,-59,,0.000000,0.000000,0.000,0.000,Client
2026-05-15 08:09:13,1900-01-00 00:00:00,dlink-615_EXT,40:86:CB:27:D2:0C,-27, WPA2 ,0.000000,0.000000,0.000,0.000,AP
2026-05-15 08:09:13,1900-01-00 00:00:00,,60:E9:AA:1D:0F:F3,-27,,0.000000,0.000000,0.000,0.000,Client
2026-05-15 08:09:13,1900-01-00 00:00:00,dlink-615_EXT,40:86:CB:27:D2:0C,-27, WPA2 ,0.000000,0.000000,0.000,0.000,AP
2026-05-15 08:09:13,1900-01-00 00:00:00,,60:E9:AA:1D:0F:F3,-27,,0.000000,0.000000,0.000,0.000,Client
2026-05-15 08:09:13,1900-01-00 00:00:00,dlink-615_EXT,40:86:CB:27:D2:0C,-27, WPA2 ,0.000000,0.000000,0.000,0.000,AP
2026-05-15 08:09:13,1900-01-00 00:00:00,,60:E9:AA:1D:0F:F3,-27,,0.000000,0.000000,0.000,0.000,Client
2026-05-15 08:09:13,1900-01-00 00:00:00,dlink-615_EXT,40:86:CB:27:D2:0C,-27, WPA2 ,0.000000,0.000000,0.000,0.000,AP
2026-05-15 08:09:13,1900-01-00 00:00:00,,60:E9:AA:1D:0F:F3,-27,,0.000000,0.000000,0.000,0.000,Client
2026-05-15 08:09:13,1900-01-00 00:00:00,dlink-615_EXT,40:86:CB:27:D2:0C,-27, WPA2 ,0.000000,0.000000,0.000,0.000,AP
2026-05-15 08:09:13,1900-01-00 00:00:00,,60:E9:AA:1D:0F:F3,-27,,0.000000,0.000000,0.000,0.000,Client
2026-05-15 08:09:13,1900-01-00 00:00:00,dlink-615_EXT,40:86:CB:27:D2:0C,-27, WPA2 ,0.000000,0.000000,0.000,0.000,AP
2026-05-15 08:09:13,1900-01-00 00:00:00,,60:E9:AA:1D:0F:F3,-27,,0.000000,0.000000,0.000,0.000,Client
2026-05-15 08:09:13,1900-01-00 00:00:00,dlink-615_EXT,40:86:CB:27:D2:0C,-27, WPA2 ,0.000000,0.000000,0.000,0.000,AP
2026-05-15 08:09:13,1900-01-00 00:00:00,,60:E9:AA:1D:0F:F3,-27,,0.000000,0.000000,0.000,0.000,Client
2026-05-15 08:09:13,1900-01-00 00:00:00,dlink-615_EXT,40:86:CB:27:D2:0C,-27, WPA2 ,0.000000,0.000000,0.000,0.000,AP
2026-05-15 08:09:13,1900-01-00 00:00:00,,60:E9:AA:1D:0F:F3,-27,,0.000000,0.000000,0.000,0.000,Client
2026-05-15 08:09:13,1900-01-00 00:00:00,dlink-615_EXT,40:86:CB:27:D2:0C,-27, WPA2 ,0.000000,0.000000,0.000,0.000,AP
2026-05-15 08:09:13,1900-01-00 00:00:00,,60:E9:AA:1D:0F:F3,-27,,0.000000,0.000000,0.000,0.000,Client
2026-05-15 08:09:13,1900-01-00 00:00:00,dlink-615_EXT,40:86:CB:27:D2:0C,-27, WPA2 ,0.000000,0.000000,0.000,0.000,AP
2026-05-15 08:09:13,1900-01-00 00:00:00,,60:E9:AA:1D:0F:F3,-27,,0.000000,0.000000,0.000,0.000,Client
2026-05-15 08:09:13,1900-01-00 00:00:00,dlink-615_EXT,40:86:CB:27:D2:0C,-27, WPA2 ,0.000000,0.000000,0.000,0.000,AP
2026-05-15 08:09:13,1900-01-00 00:00:00,,60:E9:AA:1D:0F:F3,-27,,0.000000,0.000000,0.000,0.000,Client
2026-05-15 08:09:13,1900-01-00 00:00:00,dlink-615_EXT,40:86:CB:27:D2:0C,-27, WPA2 ,0.000000,0.000000,0.000,0.000,AP
2026-05-15 08:09:13,1900-01-00 00:00:00,,60:E9:AA:1D:0F:F3,-27,,0.000000,0.000000,0.000,0.000,Client
2026-05-15 08:09:13,1900-01-00 00:00:00,dlink-615_EXT,40:86:CB:27:D2:0C,-27, WPA2 ,0.000000,0.000000,0.000,0.000,AP
2026-05-15 08:09:13,1900-01-00 00:00:00,,60:E9:AA:1D:0F:F3,-27,,0.000000,0.000000,0.000,0.000,Client
2026-05-15 08:09:13,1900-01-00 00:00:00,dlink-615_EXT,40:86:CB:27:D2:0C,-27, WPA2 ,0.000000,0.000000,0.000,0.000,AP
2026-05-15 08:09:13,1900-01-00 00:00:00,,60:E9:AA:1D:0F:F3,-27,,0.000000,0.000000,0.000,0.000,Client
2026-05-15 08:09:13,1900-01-00 00:00:00,dlink-615_EXT,40:86:CB:27:D2:0C,-27, WPA2 ,0.000000,0.000000,0.000,0.000,AP
2026-05-15 08:09:13,1900-01-00 00:00:00,,60:E9:AA:1D:0F:F3,-27,,0.000000,0.000000,0.000,0.000,Client
2026-05-15 08:09:14,1900-01-00 00:00:00,dlink-615_EXT,40:86:CB:27:D2:0C,-27, WPA2 ,0.000000,0.000000,0.000,0.000,AP
2026-05-15 08:09:14,1900-01-00 00:00:00,,60:E9:AA:1D:0F:F3,-27,,0.000000,0.000000,0.000,0.000,Client
2026-05-15 08:09:14,1900-01-00 00:00:00,dlink-615_EXT,40:86:CB:27:D2:0C,-27, WPA2 ,0.000000,0.000000,0.000,0.000,AP
2026-05-15 08:09:14,1900-01-00 00:00:00,,60:E9:AA:1D:0F:F3,-27,,0.000000,0.000000,0.000,0.000,Client
2026-05-15 08:09:14,1900-01-00 00:00:00,dlink-615_EXT,40:86:CB:27:D2:0C,-27, WPA2 ,0.000000,0.000000,0.000,0.000,AP
2026-05-15 08:09:14,1900-01-00 00:00:00,,60:E9:AA:1D:0F:F3,-27,,0.000000,0.000000,0.000,0.000,Client
2026-05-15 08:09:14,1900-01-00 00:00:00,dlink-615_EXT,40:86:CB:27:D2:0C,-27, WPA2 ,0.000000,0.000000,0.000,0.000,AP
2026-05-15 08:09:14,1900-01-00 00:00:00,,60:E9:AA:1D:0F:F3,-27,,0.000000,0.000000,0.000,0.000,Client
2026-05-15 08:09:14,1900-01-00 00:00:00,dlink-615_EXT,40:86:CB:27:D2:0C,-27, WPA2 ,0.000000,0.000000,0.000,0.000,AP
2026-05-15 08:09:14,1900-01-00 00:00:00,,60:E9:AA:1D:0F:F3,-27,,0.000000,0.000000,0.000,0.000,Client
2026-05-15 08:09:14,1900-01-00 00:00:00,dlink-615_EXT,40:86:CB:27:D2:0C,-27, WPA2 ,0.000000,0.000000,0.000,0.000,AP
2026-05-15 08:09:14,1900-01-00 00:00:00,,60:E9:AA:1D:0F:F3,-27,,0.000000,0.000000,0.000,0.000,Client
2026-05-15 08:09:14,1900-01-00 00:00:00,dlink-615_EXT,40:86:CB:27:D2:0C,-27, WPA2 ,0.000000,0.000000,0.000,0.000,AP
2026-05-15 08:09:14,1900-01-00 00:00:00,,60:E9:AA:1D:0F:F3,-27,,0.000000,0.000000,0.000,0.000,Client
2026-05-15 08:09:14,1900-01-00 00:00:00,dlink-615_EXT,40:86:CB:27:D2:0C,-27, WPA2 ,0.000000,0.000000,0.000,0.000,AP
2026-05-15 08:09:14,1900-01-00 00:00:00,,60:E9:AA:1D:0F:F3,-27,,0.000000,0.000000,0.000,0.000,Client
2026-05-15 08:09:14,1900-01-00 00:00:00,dlink-615_EXT,40:86:CB:27:D2:0C,-57, WPA2 ,0.000000,0.000000,0.000,0.000,AP
2026-05-15 08:09:14,1900-01-00 00:00:00,,60:E9:AA:1D:0F:F3,-57,,0.000000,0.000000,0.000,0.000,Client
2026-05-15 08:09:14,1900-01-00 00:00:00,dlink-615_EXT,40:86:CB:27:D2:0C,-57, WPA2 ,0.000000,0.000000,0.000,0.000,AP
2026-05-15 08:09:14,1900-01-00 00:00:00,,60:E9:AA:1D:0F:F3,-57,,0.000000,0.000000,0.000,0.000,Client
2026-05-15 08:09:14,1900-01-00 00:00:00,dlink-615_EXT,40:86:CB:27:D2:0C,-57, WPA2 ,0.000000,0.000000,0.000,0.000,AP
2026-05-15 08:09:14,1900-01-00 00:00:00,,60:E9:AA:1D:0F:F3,-57,,0.000000,0.000000,0.000,0.000,Client
2026-05-15 08:09:14,1900-01-00 00:00:00,dlink-615_EXT,40:86:CB:27:D2:0C,-57, WPA2 ,0.000000,0.000000,0.000,0.000,AP
2026-05-15 08:09:14,1900-01-00 00:00:00,,60:E9:AA:1D:0F:F3,-57,,0.000000,0.000000,0.000,0.000,Client
2026-05-15 08:09:14,1900-01-00 00:00:00,dlink-615_EXT,40:86:CB:27:D2:0C,-57, WPA2 ,0.000000,0.000000,0.000,0.000,AP
2026-05-15 08:09:14,1900-01-00 00:00:00,,60:E9:AA:1D:0F:F3,-57,,0.000000,0.000000,0.000,0.000,Client
2026-05-15 08:09:14,1900-01-00 00:00:00,dlink-615_EXT,40:86:CB:27:D2:0C,-17, WPA2 ,0.000000,0.000000,0.000,0.000,AP
2026-05-15 08:09:14,1900-01-00 00:00:00,dlink-615_EXT,40:86:CB:27:D2:0C,-17, WPA2 ,0.000000,0.000000,0.000,0.000,AP
2026-05-15 08:09:14,1900-01-00 00:00:00,,60:E9:AA:1D:0F:F3,-17,,0.000000,0.000000,0.000,0.000,Client
2026-05-15 08:09:14,1900-01-00 00:00:00,dlink-615_EXT,40:86:CB:27:D2:0C,-15, WPA2 ,0.000000,0.000000,0.000,0.000,AP
2026-05-15 08:09:14,1900-01-00 00:00:00,,60:E9:AA:1D:0F:F3,-15,,0.000000,0.000000,0.000,0.000,Client
2026-05-15 08:09:14,1900-01-00 00:00:00,dlink-615_EXT,40:86:CB:27:D2:0C,-15, WPA2 ,0.000000,0.000000,0.000,0.000,AP
2026-05-15 08:09:14,1900-01-00 00:00:00,,60:E9:AA:1D:0F:F3,-29,,0.000000,0.000000,0.000,0.000,Client
2026-05-15 08:09:14,1900-01-00 00:00:00,dlink-615_EXT,40:86:CB:27:D2:0C,-17, WPA2 ,0.000000,0.000000,0.000,0.000,AP
2026-05-15 08:09:14,1900-01-00 00:00:00,,60:E9:AA:1D:0F:F3,-17,,0.000000,0.000000,0.000,0.000,Client
2026-05-15 08:09:14,1900-01-00 00:00:00,dlink-615_EXT,40:86:CB:27:D2:0C,-15, WPA2 ,0.000000,0.000000,0.000,0.000,AP
2026-05-15 08:09:14,1900-01-00 00:00:00,,60:E9:AA:1D:0F:F3,-15,,0.000000,0.000000,0.000,0.000,Client
2026-05-15 08:09:14,1900-01-00 00:00:00,dlink-615_EXT,40:86:CB:27:D2:0C,-15, WPA2 ,0.000000,0.000000,0.000,0.000,AP
2026-05-15 08:09:14,1900-01-00 00:00:00,,60:E9:AA:1D:0F:F3,-15,,0.000000,0.000000,0.000,0.000,Client
2026-05-15 08:09:14,1900-01-00 00:00:00,dlink-615_EXT,40:86:CB:27:D2:0C,-15, WPA2 ,0.000000,0.000000,0.000,0.000,AP
2026-05-15 08:09:14,1900-01-00 00:00:00,,60:E9:AA:1D:0F:F3,-15,,0.000000,0.000000,0.000,0.000,Client
2026-05-15 08:09:14,1900-01-00 00:00:00,dlink-615_EXT,40:86:CB:27:D2:0C,-15, WPA2 ,0.000000,0.000000,0.000,0.000,AP
2026-05-15 08:09:14,1900-01-00 00:00:00,,60:E9:AA:1D:0F:F3,-15,,0.000000,0.000000,0.000,0.000,Client
2026-05-15 08:09:14,1900-01-00 00:00:00,dlink-615_EXT,40:86:CB:27:D2:0C,-17, WPA2 ,0.000000,0.000000,0.000,0.000,AP
2026-05-15 08:09:14,1900-01-00 00:00:00,,60:E9:AA:1D:0F:F3,-17,,0.000000,0.000000,0.000,0.000,Client
2026-05-15 08:09:14,1900-01-00 00:00:00,dlink-615_EXT,40:86:CB:27:D2:0C,-17, WPA2 ,0.000000,0.000000,0.000,0.000,AP
2026-05-15 08:09:14,1900-01-00 00:00:00,,60:E9:AA:1D:0F:F3,-15,,0.000000,0.000000,0.000,0.000,Client
2026-05-15 08:09:14,1900-01-00 00:00:00,dlink-615_EXT,40:86:CB:27:D2:0C,-15, WPA2 ,0.000000,0.000000,0.000,0.000,AP
2026-05-15 08:09:14,1900-01-00 00:00:00,,60:E9:AA:1D:0F:F3,-15,,0.000000,0.000000,0.000,0.000,Client
2026-05-15 08:09:14,1900-01-00 00:00:00,dlink-615_EXT,40:86:CB:27:D2:0C,-15, WPA2 ,0.000000,0.000000,0.000,0.000,AP
2026-05-15 08:09:14,1900-01-00 00:00:00,,60:E9:AA:1D:0F:F3,-15,,0.000000,0.000000,0.000,0.000,Client
2026-05-15 08:09:14,1900-01-00 00:00:00,dlink-615_EXT,40:86:CB:27:D2:0C,-19, WPA2 ,0.000000,0.000000,0.000,0.000,AP
2026-05-15 08:09:14,1900-01-00 00:00:00,,60:E9:AA:1D:0F:F3,-19,,0.000000,0.000000,0.000,0.000,Client
2026-05-15 08:09:14,1900-01-00 00:00:00,dlink-615_EXT,40:86:CB:27:D2:0C,-19, WPA2 ,0.000000,0.000000,0.000,0.000,AP
2026-05-15 08:09:14,1900-01-00 00:00:00,,60:E9:AA:1D:0F:F3,-15,,0.000000,0.000000,0.000,0.000,Client
2026-05-15 08:09:14,1900-01-00 00:00:00,dlink-615_EXT,40:86:CB:27:D2:0C,-15, WPA2 ,0.000000,0.000000,0.000,0.000,AP
2026-05-15 08:09:14,1900-01-00 00:00:00,,60:E9:AA:1D:0F:F3,-15,,0.000000,0.000000,0.000,0.000,Client
2026-05-15 08:09:14,1900-01-00 00:00:00,dlink-615_EXT,40:86:CB:27:D2:0C,-15, WPA2 ,0.000000,0.000000,0.000,0.000,AP
2026-05-15 08:09:14,1900-01-00 00:00:00,,60:E9:AA:1D:0F:F3,-15,,0.000000,0.000000,0.000,0.000,Client
2026-05-15 08:09:14,1900-01-00 00:00:00,dlink-615_EXT,40:86:CB:27:D2:0C,-15, WPA2 ,0.000000,0.000000,0.000,0.000,AP
2026-05-15 08:09:14,1900-01-00 00:00:00,,60:E9:AA:1D:0F:F3,-15,,0.000000,0.000000,0.000,0.000,Client
2026-05-15 08:09:14,1900-01-00 00:00:00,dlink-615_EXT,40:86:CB:27:D2:0C,-15, WPA2 ,0.000000,0.000000,0.000,0.000,AP
2026-05-15 08:09:14,1900-01-00 00:00:00,,60:E9:AA:1D:0F:F3,-15,,0.000000,0.000000,0.000,0.000,Client
2026-05-15 08:09:14,1900-01-00 00:00:00,dlink-615_EXT,40:86:CB:27:D2:0C,-15, WPA2 ,0.000000,0.000000,0.000,0.000,AP
2026-05-15 08:09:14,1900-01-00 00:00:00,,60:E9:AA:1D:0F:F3,-15,,0.000000,0.000000,0.000,0.000,Client
2026-05-15 08:09:14,1900-01-00 00:00:00,dlink-615_EXT,40:86:CB:27:D2:0C,-61, WPA2 ,0.000000,0.000000,0.000,0.000,AP
2026-05-15 08:09:14,1900-01-00 00:00:00,,60:E9:AA:1D:0F:F3,-61,,0.000000,0.000000,0.000,0.000,Client
2026-05-15 08:09:14,1900-01-00 00:00:00,dlink-615_EXT,40:86:CB:27:D2:0C,-61, WPA2 ,0.000000,0.000000,0.000,0.000,AP
2026-05-15 08:09:14,1900-01-00 00:00:00,,60:E9:AA:1D:0F:F3,-61,,0.000000,0.000000,0.000,0.000,Client
2026-05-15 08:09:14,1900-01-00 00:00:00,dlink-615_EXT,40:86:CB:27:D2:0C,-61, WPA2 ,0.000000,0.000000,0.000,0.000,AP
2026-05-15 08:09:14,1900-01-00 00:00:00,,60:E9:AA:1D:0F:F3,-61,,0.000000,0.000000,0.000,0.000,Client
2026-05-15 08:09:14,1900-01-00 00:00:00,dlink-615_EXT,40:86:CB:27:D2:0C,-61, WPA2 ,0.000000,0.000000,0.000,0.000,AP
2026-05-15 08:09:14,1900-01-00 00:00:00,,60:E9:AA:1D:0F:F3,-61,,0.000000,0.000000,0.000,0.000,Client
2026-05-15 08:09:14,1900-01-00 00:00:00,dlink-615_EXT,40:86:CB:27:D2:0C,-61, WPA2 ,0.000000,0.000000,0.000,0.000,AP
2026-05-15 08:09:14,1900-01-00 00:00:00,,60:E9:AA:1D:0F:F3,-61,,0.000000,0.000000,0.000,0.000,Client
2026-05-15 08:09:14,1900-01-00 00:00:00,dlink-615_EXT,40:86:CB:27:D2:0C,-61, WPA2 ,0.000000,0.000000,0.000,0.000,AP
2026-05-15 08:09:14,1900-01-00 00:00:00,,60:E9:AA:1D:0F:F3,-61,,0.000000,0.000000,0.000,0.000,Client
2026-05-15 08:09:14,1900-01-00 00:00:00,dlink-615_EXT,40:86:CB:27:D2:0C,-61, WPA2 ,0.000000,0.000000,0.000,0.000,AP
2026-05-15 08:09:14,1900-01-00 00:00:00,,60:E9:AA:1D:0F:F3,-61,,0.000000,0.000000,0.000,0.000,Client
2026-05-15 08:09:14,1900-01-00 00:00:00,dlink-615_EXT,40:86:CB:27:D2:0C,-61, WPA2 ,0.000000,0.000000,0.000,0.000,AP
2026-05-15 08:09:14,1900-01-00 00:00:00,,60:E9:AA:1D:0F:F3,-61,,0.000000,0.000000,0.000,0.000,Client
2026-05-15 08:09:14,1900-01-00 00:00:00,dlink-615_EXT,40:86:CB:27:D2:0C,-61, WPA2 ,0.000000,0.000000,0.000,0.000,AP
2026-05-15 08:09:14,1900-01-00 00:00:00,,60:E9:AA:1D:0F:F3,-61,,0.000000,0.000000,0.000,0.000,Client
2026-05-15 08:09:14,1900-01-00 00:00:00,dlink-615_EXT,40:86:CB:27:D2:0C,-61, WPA2 ,0.000000,0.000000,0.000,0.000,AP
2026-05-15 08:09:14,1900-01-00 00:00:00,,60:E9:AA:1D:0F:F3,-61,,0.000000,0.000000,0.000,0.000,Client
2026-05-15 08:09:14,1900-01-00 00:00:00,dlink-615_EXT,40:86:CB:27:D2:0C,-61, WPA2 ,0.000000,0.000000,0.000,0.000,AP
2026-05-15 08:09:14,1900-01-00 00:00:00,,60:E9:AA:1D:0F:F3,-61,,0.000000,0.000000,0.000,0.000,Client
2026-05-15 08:09:14,1900-01-00 00:00:00,dlink-615_EXT,40:86:CB:27:D2:0C,-61, WPA2 ,0.000000,0.000000,0.000,0.000,AP
2026-05-15 08:09:14,1900-01-00 00:00:00,,60:E9:AA:1D:0F:F3,-61,,0.000000,0.000000,0.000,0.000,Client
2026-05-15 08:09:14,1900-01-00 00:00:00,dlink-615_EXT,40:86:CB:27:D2:0C,-61, WPA2 ,0.000000,0.000000,0.000,0.000,AP
2026-05-15 08:09:14,1900-01-00 00:00:00,,60:E9:AA:1D:0F:F3,-61,,0.000000,0.000000,0.000,0.000,Client
2026-05-15 08:09:14,1900-01-00 00:00:00,dlink-615_EXT,40:86:CB:27:D2:0C,-61, WPA2 ,0.000000,0.000000,0.000,0.000,AP
2026-05-15 08:09:14,1900-01-00 00:00:00,,60:E9:AA:1D:0F:F3,-61,,0.000000,0.000000,0.000,0.000,Client
2026-05-15 08:09:14,1900-01-00 00:00:00,dlink-615_EXT,40:86:CB:27:D2:0C,-61, WPA2 ,0.000000,0.000000,0.000,0.000,AP
2026-05-15 08:09:14,1900-01-00 00:00:00,,60:E9:AA:1D:0F:F3,-61,,0.000000,0.000000,0.000,0.000,Client
2026-05-15 08:09:14,1900-01-00 00:00:00,dlink-615_EXT,40:86:CB:27:D2:0C,-61, WPA2 ,0.000000,0.000000,0.000,0.000,AP
2026-05-15 08:09:14,1900-01-00 00:00:00,,60:E9:AA:1D:0F:F3,-61,,0.000000,0.000000,0.000,0.000,Client
2026-05-15 08:09:14,1900-01-00 00:00:00,dlink-615_EXT,40:86:CB:27:D2:0C,-61, WPA2 ,0.000000,0.000000,0.000,0.000,AP
2026-05-15 08:09:14,1900-01-00 00:00:00,,60:E9:AA:1D:0F:F3,-61,,0.000000,0.000000,0.000,0.000,Client
2026-05-15 08:09:14,1900-01-00 00:00:00,dlink-615_EXT,40:86:CB:27:D2:0C,-61, WPA2 ,0.000000,0.000000,0.000,0.000,AP
2026-05-15 08:09:14,1900-01-00 00:00:00,,60:E9:AA:1D:0F:F3,-63,,0.000000,0.000000,0.000,0.000,Client
2026-05-15 08:09:14,1900-01-00 00:00:00,dlink-615_EXT,40:86:CB:27:D2:0C,-63, WPA2 ,0.000000,0.000000,0.000,0.000,AP
2026-05-15 08:09:14,1900-01-00 00:00:00,,60:E9:AA:1D:0F:F3,-63,,0.000000,0.000000,0.000,0.000,Client
2026-05-15 08:09:14,1900-01-00 00:00:00,dlink-615_EXT,40:86:CB:27:D2:0C,-63, WPA2 ,0.000000,0.000000,0.000,0.000,AP
2026-05-15 08:09:14,1900-01-00 00:00:00,,60:E9:AA:1D:0F:F3,-63,,0.000000,0.000000,0.000,0.000,Client
2026-05-15 08:09:14,1900-01-00 00:00:00,dlink-615_EXT,40:86:CB:27:D2:0C,-63, WPA2 ,0.000000,0.000000,0.000,0.000,AP
2026-05-15 08:09:14,1900-01-00 00:00:00,,60:E9:AA:1D:0F:F3,-63,,0.000000,0.000000,0.000,0.000,Client
2026-05-15 08:09:14,1900-01-00 00:00:00,dlink-615_EXT,40:86:CB:27:D2:0C,-63, WPA2 ,0.000000,0.000000,0.000,0.000,AP
2026-05-15 08:09:14,1900-01-00 00:00:00,,60:E9:AA:1D:0F:F3,-63,,0.000000,0.000000,0.000,0.000,Client
2026-05-15 08:09:14,1900-01-00 00:00:00,dlink-615_EXT,40:86:CB:27:D2:0C,-63, WPA2 ,0.000000,0.000000,0.000,0.000,AP
2026-05-15 08:09:14,1900-01-00 00:00:00,,60:E9:AA:1D:0F:F3,-63,,0.000000,0.000000,0.000,0.000,Client
2026-05-15 08:09:14,1900-01-00 00:00:00,dlink-615_EXT,40:86:CB:27:D2:0C,-63, WPA2 ,0.000000,0.000000,0.000,0.000,AP
2026-05-15 08:09:14,1900-01-00 00:00:00,,60:E9:AA:1D:0F:F3,-63,,0.000000,0.000000,0.000,0.000,Client
2026-05-15 08:09:14,1900-01-00 00:00:00,dlink-615_EXT,40:86:CB:27:D2:0C,-63, WPA2 ,0.000000,0.000000,0.000,0.000,AP
2026-05-15 08:09:14,1900-01-00 00:00:00,,60:E9:AA:1D:0F:F3,-63,,0.000000,0.000000,0.000,0.000,Client
2026-05-15 08:09:14,1900-01-00 00:00:00,dlink-615_EXT,40:86:CB:27:D2:0C,-63, WPA2 ,0.000000,0.000000,0.000,0.000,AP
2026-05-15 08:09:14,1900-01-00 00:00:00,,60:E9:AA:1D:0F:F3,-63,,0.000000,0.000000,0.000,0.000,Client
2026-05-15 08:09:14,1900-01-00 00:00:00,dlink-615_EXT,40:86:CB:27:D2:0C,-63, WPA2 ,0.000000,0.000000,0.000,0.000,AP
2026-05-15 08:09:14,1900-01-00 00:00:00,,60:E9:AA:1D:0F:F3,-63,,0.000000,0.000000,0.000,0.000,Client
2026-05-15 08:09:14,1900-01-00 00:00:00,dlink-615_EXT,40:86:CB:27:D2:0C,-63, WPA2 ,0.000000,0.000000,0.000,0.000,AP
2026-05-15 08:09:14,1900-01-00 00:00:00,,60:E9:AA:1D:0F:F3,-63,,0.000000,0.000000,0.000,0.000,Client
2026-05-15 08:09:14,1900-01-00 00:00:00,dlink-615_EXT,40:86:CB:27:D2:0C,-63, WPA2 ,0.000000,0.000000,0.000,0.000,AP
2026-05-15 08:09:14,1900-01-00 00:00:00,,60:E9:AA:1D:0F:F3,-63,,0.000000,0.000000,0.000,0.000,Client
2026-05-15 08:09:14,1900-01-00 00:00:00,dlink-615_EXT,40:86:CB:27:D2:0C,-63, WPA2 ,0.000000,0.000000,0.000,0.000,AP
2026-05-15 08:09:14,1900-01-00 00:00:00,,60:E9:AA:1D:0F:F3,-63,,0.000000,0.000000,0.000,0.000,Client
2026-05-15 08:09:14,1900-01-00 00:00:00,dlink-615_EXT,40:86:CB:27:D2:0C,-63, WPA2 ,0.000000,0.000000,0.000,0.000,AP
2026-05-15 08:09:14,1900-01-00 00:00:00,,60:E9:AA:1D:0F:F3,-63,,0.000000,0.000000,0.000,0.000,Client
2026-05-15 08:09:14,1900-01-00 00:00:00,dlink-615_EXT,40:86:CB:27:D2:0C,-63, WPA2 ,0.000000,0.000000,0.000,0.000,AP
2026-05-15 08:09:14,1900-01-00 00:00:00,,60:E9:AA:1D:0F:F3,-63,,0.000000,0.000000,0.000,0.000,Client
2026-05-15 08:09:14,1900-01-00 00:00:00,dlink-615_EXT,40:86:CB:27:D2:0C,-63, WPA2 ,0.000000,0.000000,0.000,0.000,AP
2026-05-15 08:09:14,1900-01-00 00:00:00,,60:E9:AA:1D:0F:F3,-63,,0.000000,0.000000,0.000,0.000,Client
2026-05-15 08:09:14,1900-01-00 00:00:00,dlink-615_EXT,40:86:CB:27:D2:0C,-63, WPA2 ,0.000000,0.000000,0.000,0.000,AP
2026-05-15 08:09:14,1900-01-00 00:00:00,,60:E9:AA:1D:0F:F3,-63,,0.000000,0.000000,0.000,0.000,Client
2026-05-15 08:09:14,1900-01-00 00:00:00,dlink-615_EXT,40:86:CB:27:D2:0C,-63, WPA2 ,0.000000,0.000000,0.000,0.000,AP
2026-05-15 08:09:14,1900-01-00 00:00:00,,60:E9:AA:1D:0F:F3,-63,,0.000000,0.000000,0.000,0.000,Client
2026-05-15 08:09:14,1900-01-00 00:00:00,dlink-615_EXT,40:86:CB:27:D2:0C,-63, WPA2 ,0.000000,0.000000,0.000,0.000,AP
2026-05-15 08:09:14,1900-01-00 00:00:00,,60:E9:AA:1D:0F:F3,-61,,0.000000,0.000000,0.000,0.000,Client
2026-05-15 08:09:14,1900-01-00 00:00:00,dlink-615_EXT,40:86:CB:27:D2:0C,-61, WPA2 ,0.000000,0.000000,0.000,0.000,AP
2026-05-15 08:09:14,1900-01-00 00:00:00,,60:E9:AA:1D:0F:F3,-61,,0.000000,0.000000,0.000,0.000,Client
2026-05-15 08:09:14,1900-01-00 00:00:00,dlink-615_EXT,40:86:CB:27:D2:0C,-61, WPA2 ,0.000000,0.000000,0.000,0.000,AP
2026-05-15 08:09:14,1900-01-00 00:00:00,,60:E9:AA:1D:0F:F3,-61,,0.000000,0.000000,0.000,0.000,Client
2026-05-15 08:09:14,1900-01-00 00:00:00,dlink-615_EXT,40:86:CB:27:D2:0C,-61, WPA2 ,0.000000,0.000000,0.000,0.000,AP
2026-05-15 08:09:14,1900-01-00 00:00:00,,60:E9:AA:1D:0F:F3,-61,,0.000000,0.000000,0.000,0.000,Client
2026-05-15 08:09:14,1900-01-00 00:00:00,dlink-615_EXT,40:86:CB:27:D2:0C,-61, WPA2 ,0.000000,0.000000,0.000,0.000,AP
2026-05-15 08:09:14,1900-01-00 00:00:00,,60:E9:AA:1D:0F:F3,-61,,0.000000,0.000000,0.000,0.000,Client
2026-05-15 08:09:14,1900-01-00 00:00:00,dlink-615_EXT,40:86:CB:27:D2:0C,-61, WPA2 ,0.000000,0.000000,0.000,0.000,AP
2026-05-15 08:09:14,1900-01-00 00:00:00,,60:E9:AA:1D:0F:F3,-61,,0.000000,0.000000,0.000,0.000,Client
2026-05-15 08:09:14,1900-01-00 00:00:00,dlink-615_EXT,40:86:CB:27:D2:0C,-61, WPA2 ,0.000000,0.000000,0.000,0.000,AP
2026-05-15 08:09:14,1900-01-00 00:00:00,,60:E9:AA:1D:0F:F3,-61,,0.000000,0.000000,0.000,0.000,Client
2026-05-15 08:09:14,1900-01-00 00:00:00,dlink-615_EXT,40:86:CB:27:D2:0C,-61, WPA2 ,0.000000,0.000000,0.000,0.000,AP
2026-05-15 08:09:14,1900-01-00 00:00:00,,60:E9:AA:1D:0F:F3,-61,,0.000000,0.000000,0.000,0.000,Client
2026-05-15 08:09:14,1900-01-00 00:00:00,dlink-615_EXT,40:86:CB:27:D2:0C,-61, WPA2 ,0.000000,0.000000,0.000,0.000,AP
2026-05-15 08:09:14,1900-01-00 00:00:00,,60:E9:AA:1D:0F:F3,-61,,0.000000,0.000000,0.000,0.000,Client
2026-05-15 08:09:14,1900-01-00 00:00:00,dlink-615_EXT,40:86:CB:27:D2:0C,-61, WPA2 ,0.000000,0.000000,0.000,0.000,AP
2026-05-15 08:09:14,1900-01-00 00:00:00,,60:E9:AA:1D:0F:F3,-61,,0.000000,0.000000,0.000,0.000,Client
2026-05-15 08:09:14,1900-01-00 00:00:00,dlink-615_EXT,40:86:CB:27:D2:0C,-27, WPA2 ,0.000000,0.000000,0.000,0.000,AP
2026-05-15 08:09:14,1900-01-00 00:00:00,,60:E9:AA:1D:0F:F3,-27,,0.000000,0.000000,0.000,0.000,Client
2026-05-15 08:09:14,1900-01-00 00:00:00,dlink-615_EXT,40:86:CB:27:D2:0C,-15, WPA2 ,0.000000,0.000000,0.000,0.000,AP
2026-05-15 08:09:14,1900-01-00 00:00:00,,60:E9:AA:1D:0F:F3,-31,,0.000000,0.000000,0.000,0.000,Client
2026-05-15 08:09:14,1900-01-00 00:00:00,,60:E9:AA:1D:0F:F3,-29,,0.000000,0.000000,0.000,0.000,Client
2026-05-15 08:09:14,1900-01-00 00:00:00,dlink-615_EXT,40:86:CB:27:D2:0C,-17, WPA2 ,0.000000,0.000000,0.000,0.000,AP
2026-05-15 08:09:14,1900-01-00 00:00:00,,60:E9:AA:1D:0F:F3,-17,,0.000000,0.000000,0.000,0.000,Client
2026-05-15 08:09:14,1900-01-00 00:00:00,dlink-615_EXT,40:86:CB:27:D2:0C,-17, WPA2 ,0.000000,0.000000,0.000,0.000,AP
2026-05-15 08:09:14,1900-01-00 00:00:00,,60:E9:AA:1D:0F:F3,-17,,0.000000,0.000000,0.000,0.000,Client
2026-05-15 08:09:14,1900-01-00 00:00:00,dlink-615_EXT,40:86:CB:27:D2:0C,-17, WPA2 ,0.000000,0.000000,0.000,0.000,AP
2026-05-15 08:09:14,1900-01-00 00:00:00,,60:E9:AA:1D:0F:F3,-17,,0.000000,0.000000,0.000,0.000,Client
2026-05-15 08:09:14,1900-01-00 00:00:00,dlink-615_EXT,40:86:CB:27:D2:0C,-17, WPA2 ,0.000000,0.000000,0.000,0.000,AP
2026-05-15 08:09:14,1900-01-00 00:00:00,,60:E9:AA:1D:0F:F3,-17,,0.000000,0.000000,0.000,0.000,Client
2026-05-15 08:09:14,1900-01-00 00:00:00,dlink-615_EXT,40:86:CB:27:D2:0C,-15, WPA2 ,0.000000,0.000000,0.000,0.000,AP
2026-05-15 08:09:14,1900-01-00 00:00:00,,60:E9:AA:1D:0F:F3,-15,,0.000000,0.000000,0.000,0.000,Client
2026-05-15 08:09:14,1900-01-00 00:00:00,dlink-615_EXT,40:86:CB:27:D2:0C,-15, WPA2 ,0.000000,0.000000,0.000,0.000,AP
2026-05-15 08:09:14,1900-01-00 00:00:00,,60:E9:AA:1D:0F:F3,-15,,0.000000,0.000000,0.000,0.000,Client
2026-05-15 08:09:14,1900-01-00 00:00:00,dlink-615_EXT,40:86:CB:27:D2:0C,-17, WPA2 ,0.000000,0.000000,0.000,0.000,AP
2026-05-15 08:09:14,1900-01-00 00:00:00,,60:E9:AA:1D:0F:F3,-17,,0.000000,0.000000,0.000,0.000,Client
2026-05-15 08:09:14,1900-01-00 00:00:00,dlink-615_EXT,40:86:CB:27:D2:0C,-15, WPA2 ,0.000000,0.000000,0.000,0.000,AP
2026-05-15 08:09:14,1900-01-00 00:00:00,,60:E9:AA:1D:0F:F3,-15,,0.000000,0.000000,0.000,0.000,Client
2026-05-15 08:09:14,1900-01-00 00:00:00,dlink-615_EXT,40:86:CB:27:D2:0C,-17, WPA2 ,0.000000,0.000000,0.000,0.000,AP
2026-05-15 08:09:14,1900-01-00 00:00:00,,60:E9:AA:1D:0F:F3,-17,,0.000000,0.000000,0.000,0.000,Client
2026-05-15 08:09:14,1900-01-00 00:00:00,dlink-615_EXT,40:86:CB:27:D2:0C,-17, WPA2 ,0.000000,0.000000,0.000,0.000,AP
2026-05-15 08:09:14,1900-01-00 00:00:00,,60:E9:AA:1D:0F:F3,-17,,0.000000,0.000000,0.000,0.000,Client
2026-05-15 08:09:14,1900-01-00 00:00:00,dlink-615_EXT,40:86:CB:27:D2:0C,-17, WPA2 ,0.000000,0.000000,0.000,0.000,AP
2026-05-15 08:09:14,1900-01-00 00:00:00,,60:E9:AA:1D:0F:F3,-17,,0.000000,0.000000,0.000,0.000,Client
2026-05-15 08:09:14,1900-01-00 00:00:00,dlink-615_EXT,40:86:CB:27:D2:0C,-17, WPA2 ,0.000000,0.000000,0.000,0.000,AP
2026-05-15 08:09:14,1900-01-00 00:00:00,,60:E9:AA:1D:0F:F3,-17,,0.000000,0.000000,0.000,0.000,Client
2026-05-15 08:09:14,1900-01-00 00:00:00,dlink-615_EXT,40:86:CB:27:D2:0C,-17, WPA2 ,0.000000,0.000000,0.000,0.000,AP
2026-05-15 08:09:14,1900-01-00 00:00:00,,60:E9:AA:1D:0F:F3,-19,,0.000000,0.000000,0.000,0.000,Client
2026-05-15 08:09:14,1900-01-00 00:00:00,dlink-615_EXT,40:86:CB:27:D2:0C,-17, WPA2 ,0.000000,0.000000,0.000,0.000,AP
2026-05-15 08:09:14,1900-01-00 00:00:00,dlink-615_EXT,40:86:CB:27:D2:0C,-17, WPA2 ,0.000000,0.000000,0.000,0.000,AP
2026-05-15 08:09:14,1900-01-00 00:00:00,,60:E9:AA:1D:0F:F3,-17,,0.000000,0.000000,0.000,0.000,Client
2026-05-15 08:09:14,1900-01-00 00:00:00,dlink-615_EXT,40:86:CB:27:D2:0C,-17, WPA2 ,0.000000,0.000000,0.000,0.000,AP
2026-05-15 08:09:14,1900-01-00 00:00:00,,60:E9:AA:1D:0F:F3,-17,,0.000000,0.000000,0.000,0.000,Client
2026-05-15 08:09:14,1900-01-00 00:00:00,dlink-615_EXT,40:86:CB:27:D2:0C,-17, WPA2 ,0.000000,0.000000,0.000,0.000,AP
2026-05-15 08:09:14,1900-01-00 00:00:00,,60:E9:AA:1D:0F:F3,-17,,0.000000,0.000000,0.000,0.000,Client
2026-05-15 08:09:14,1900-01-00 00:00:00,dlink-615_EXT,40:86:CB:27:D2:0C,-19, WPA2 ,0.000000,0.000000,0.000,0.000,AP
2026-05-15 08:09:14,1900-01-00 00:00:00,,60:E9:AA:1D:0F:F3,-19,,0.000000,0.000000,0.000,0.000,Client
2026-05-15 08:09:14,1900-01-00 00:00:00,dlink-615_EXT,40:86:CB:27:D2:0C,-17, WPA2 ,0.000000,0.000000,0.000,0.000,AP
2026-05-15 08:09:14,1900-01-00 00:00:00,,60:E9:AA:1D:0F:F3,-17,,0.000000,0.000000,0.000,0.000,Client
2026-05-15 08:09:14,1900-01-00 00:00:00,dlink-615_EXT,40:86:CB:27:D2:0C,-17, WPA2 ,0.000000,0.000000,0.000,0.000,AP
2026-05-15 08:09:14,1900-01-00 00:00:00,,60:E9:AA:1D:0F:F3,-17,,0.000000,0.000000,0.000,0.000,Client
2026-05-15 08:09:14,1900-01-00 00:00:00,dlink-615_EXT,40:86:CB:27:D2:0C,-15, WPA2 ,0.000000,0.000000,0.000,0.000,AP
2026-05-15 08:09:14,1900-01-00 00:00:00,,9C:2F:9D:82:20:A3,-25,,0.000000,0.000000,0.000,0.000,Client
2026-05-15 08:09:14,1900-01-00 00:00:00,,60:E9:AA:1D:0F:F3,-33,,0.000000,0.000000,0.000,0.000,Client
2026-05-15 08:09:14,1900-01-00 00:00:00,,60:E9:AA:1D:0F:F3,-31,,0.000000,0.000000,0.000,0.000,Client
2026-05-15 08:09:14,1900-01-00 00:00:00,dlink-615_EXT,40:86:CB:27:D2:0C,-17, WPA2 ,0.000000,0.000000,0.000,0.000,AP
2026-05-15 08:09:14,1900-01-00 00:00:00,dlink-615_EXT,40:86:CB:27:D2:0C,-15, WPA2 ,0.000000,0.000000,0.000,0.000,AP
2026-05-15 08:09:14,1900-01-00 00:00:00,,60:E9:AA:1D:0F:F3,-15,,0.000000,0.000000,0.000,0.000,Client
2026-05-15 08:09:14,1900-01-00 00:00:00,,60:E9:AA:1D:0F:F3,-29,,0.000000,0.000000,0.000,0.000,Client
2026-05-15 08:09:14,1900-01-00 00:00:00,dlink-615_EXT,40:86:CB:27:D2:0C,-17, WPA2 ,0.000000,0.000000,0.000,0.000,AP
2026-05-15 08:09:14,1900-01-00 00:00:00,dlink-615_EXT,40:86:CB:27:D2:0C,-33, WPA2 ,0.000000,0.000000,0.000,0.000,AP
2026-05-15 08:09:14,1900-01-00 00:00:00,,60:E9:AA:1D:0F:F3,-29,,0.000000,0.000000,0.000,0.000,Client
2026-05-15 08:09:14,1900-01-00 00:00:00,,60:E9:AA:1D:0F:F3,-19,,0.000000,0.000000,0.000,0.000,Client
2026-05-15 08:09:14,1900-01-00 00:00:00,dlink-615_EXT,40:86:CB:27:D2:0C,-17, WPA2 ,0.000000,0.000000,0.000,0.000,AP
2026-05-15 08:09:14,1900-01-00 00:00:00,dlink-615_EXT,40:86:CB:27:D2:0C,-29, WPA2 ,0.000000,0.000000,0.000,0.000,AP
2026-05-15 08:09:14,1900-01-00 00:00:00,dlink-615_EXT,40:86:CB:27:D2:0C,-17, WPA2 ,0.000000,0.000000,0.000,0.000,AP
2026-05-15 08:09:14,1900-01-00 00:00:00,,60:E9:AA:1D:0F:F3,-28,,0.000000,0.000000,0.000,0.000,Client
2026-05-15 08:09:14,1900-01-00 00:00:00,dlink-615_EXT,40:86:CB:27:D2:0C,-17, WPA2 ,0.000000,0.000000,0.000,0.000,AP
2026-05-15 08:09:14,1900-01-00 00:00:00,,60:E9:AA:1D:0F:F3,-15,,0.000000,0.000000,0.000,0.000,Client
2026-05-15 08:09:14,1900-01-00 00:00:00,dlink-615_EXT,40:86:CB:27:D2:0C,-17, WPA2 ,0.000000,0.000000,0.000,0.000,AP
2026-05-15 08:09:14,1900-01-00 00:00:00,,60:E9:AA:1D:0F:F3,-17,,0.000000,0.000000,0.000,0.000,Client
2026-05-15 08:09:14,1900-01-00 00:00:00,dlink-615_EXT,40:86:CB:27:D2:0C,-17, WPA2 ,0.000000,0.000000,0.000,0.000,AP
2026-05-15 08:09:14,1900-01-00 00:00:00,,60:E9:AA:1D:0F:F3,-17,,0.000000,0.000000,0.000,0.000,Client
2026-05-15 08:09:14,1900-01-00 00:00:00,dlink-615_EXT,40:86:CB:27:D2:0C,-17, WPA2 ,0.000000,0.000000,0.000,0.000,AP
2026-05-15 08:09:14,1900-01-00 00:00:00,,60:E9:AA:1D:0F:F3,-15,,0.000000,0.000000,0.000,0.000,Client
2026-05-15 08:09:14,1900-01-00 00:00:00,dlink-615_EXT,40:86:CB:27:D2:0C,-17, WPA2 ,0.000000,0.000000,0.000,0.000,AP
2026-05-15 08:09:14,1900-01-00 00:00:00,,60:E9:AA:1D:0F:F3,-17,,0.000000,0.000000,0.000,0.000,Client
2026-05-15 08:09:14,1900-01-00 00:00:00,dlink-615_EXT,40:86:CB:27:D2:0C,-17, WPA2 ,0.000000,0.000000,0.000,0.000,AP
2026-05-15 08:09:14,1900-01-00 00:00:00,,60:E9:AA:1D:0F:F3,-17,,0.000000,0.000000,0.000,0.000,Client
2026-05-15 08:09:15,1900-01-00 00:00:00,dlink-615_EXT,40:86:CB:27:D2:0C,-17, WPA2 ,0.000000,0.000000,0.000,0.000,AP
2026-05-15 08:09:15,1900-01-00 00:00:00,,60:E9:AA:1D:0F:F3,-17,,0.000000,0.000000,0.000,0.000,Client
2026-05-15 08:09:15,1900-01-00 00:00:00,dlink-615_EXT,40:86:CB:27:D2:0C,-17, WPA2 ,0.000000,0.000000,0.000,0.000,AP
2026-05-15 08:09:15,1900-01-00 00:00:00,dlink-615_EXT,40:86:CB:27:D2:0C,-21, WPA2 ,0.000000,0.000000,0.000,0.000,AP
2026-05-15 08:09:15,1900-01-00 00:00:00,,60:E9:AA:1D:0F:F3,-21,,0.000000,0.000000,0.000,0.000,Client
2026-05-15 08:09:15,1900-01-00 00:00:00,dlink-615_EXT,40:86:CB:27:D2:0C,-15, WPA2 ,0.000000,0.000000,0.000,0.000,AP
2026-05-15 08:09:15,1900-01-00 00:00:00,,60:E9:AA:1D:0F:F3,-15,,0.000000,0.000000,0.000,0.000,Client
2026-05-15 08:09:15,1900-01-00 00:00:00,dlink-615_EXT,40:86:CB:27:D2:0C,-15, WPA2 ,0.000000,0.000000,0.000,0.000,AP
2026-05-15 08:09:15,1900-01-00 00:00:00,,60:E9:AA:1D:0F:F3,-15,,0.000000,0.000000,0.000,0.000,Client
2026-05-15 08:09:15,1900-01-00 00:00:00,dlink-615_EXT,40:86:CB:27:D2:0C,-15, WPA2 ,0.000000,0.000000,0.000,0.000,AP
2026-05-15 08:09:15,1900-01-00 00:00:00,,60:E9:AA:1D:0F:F3,-15,,0.000000,0.000000,0.000,0.000,Client
2026-05-15 08:09:15,1900-01-00 00:00:00,dlink-615_EXT,40:86:CB:27:D2:0C,-15, WPA2 ,0.000000,0.000000,0.000,0.000,AP
2026-05-15 08:09:15,1900-01-00 00:00:00,,60:E9:AA:1D:0F:F3,-17,,0.000000,0.000000,0.000,0.000,Client
2026-05-15 08:09:15,1900-01-00 00:00:00,dlink-615_EXT,40:86:CB:27:D2:0C,-17, WPA2 ,0.000000,0.000000,0.000,0.000,AP
2026-05-15 08:09:15,1900-01-00 00:00:00,,60:E9:AA:1D:0F:F3,-17,,0.000000,0.000000,0.000,0.000,Client
2026-05-15 08:09:15,1900-01-00 00:00:00,dlink-615_EXT,40:86:CB:27:D2:0C,-15, WPA2 ,0.000000,0.000000,0.000,0.000,AP
2026-05-15 08:09:15,1900-01-00 00:00:00,,9C:2F:9D:82:20:A3,-29,,0.000000,0.000000,0.000,0.000,Client
2026-05-15 08:09:15,1900-01-00 00:00:00,,9C:2F:9D:82:20:A3,-29,,0.000000,0.000000,0.000,0.000,Client
2026-05-15 08:09:15,1900-01-00 00:00:00,,9C:2F:9D:82:20:A3,-25,,0.000000,0.000000,0.000,0.000,Client
2026-05-15 08:09:15,1900-01-00 00:00:00,,60:E9:AA:1D:0F:F3,-15,,0.000000,0.000000,0.000,0.000,Client
2026-05-15 08:09:15,1900-01-00 00:00:00,dlink-615_EXT,40:86:CB:27:D2:0C,-17, WPA2 ,0.000000,0.000000,0.000,0.000,AP
2026-05-15 08:09:15,1900-01-00 00:00:00,,60:E9:AA:1D:0F:F3,-17,,0.000000,0.000000,0.000,0.000,Client
2026-05-15 08:09:15,1900-01-00 00:00:00,dlink-615_EXT,40:86:CB:27:D2:0C,-15, WPA2 ,0.000000,0.000000,0.000,0.000,AP
2026-05-15 08:09:15,1900-01-00 00:00:00,,60:E9:AA:1D:0F:F3,-29,,0.000000,0.000000,0.000,0.000,Client
2026-05-15 08:09:15,1900-01-00 00:00:00,dlink-615_EXT,40:86:CB:27:D2:0C,-29, WPA2 ,0.000000,0.000000,0.000,0.000,AP
2026-05-15 08:09:15,1900-01-00 00:00:00,,60:E9:AA:1D:0F:F3,-29,,0.000000,0.000000,0.000,0.000,Client
2026-05-15 08:09:15,1900-01-00 00:00:00,dlink-615_EXT,40:86:CB:27:D2:0C,-33, WPA2 ,0.000000,0.000000,0.000,0.000,AP
2026-05-15 08:09:15,1900-01-00 00:00:00,,60:E9:AA:1D:0F:F3,-29,,0.000000,0.000000,0.000,0.000,Client
2026-05-15 08:09:15,1900-01-00 00:00:00,dlink-615_EXT,40:86:CB:27:D2:0C,-15, WPA2 ,0.000000,0.000000,0.000,0.000,AP
2026-05-15 08:09:15,1900-01-00 00:00:00,,60:E9:AA:1D:0F:F3,-29,,0.000000,0.000000,0.000,0.000,Client
2026-05-15 08:09:15,1900-01-00 00:00:00,dlink-615_EXT,40:86:CB:27:D2:0C,-15, WPA2 ,0.000000,0.000000,0.000,0.000,AP
2026-05-15 08:09:15,1900-01-00 00:00:00,,60:E9:AA:1D:0F:F3,-15,,0.000000,0.000000,0.000,0.000,Client
2026-05-15 08:09:15,1900-01-00 00:00:00,dlink-615_EXT,40:86:CB:27:D2:0C,-17, WPA2 ,0.000000,0.000000,0.000,0.000,AP
2026-05-15 08:09:15,1900-01-00 00:00:00,,60:E9:AA:1D:0F:F3,-17,,0.000000,0.000000,0.000,0.000,Client
2026-05-15 08:09:15,1900-01-00 00:00:00,dlink-615_EXT,40:86:CB:27:D2:0C,-17, WPA2 ,0.000000,0.000000,0.000,0.000,AP
2026-05-15 08:09:15,1900-01-00 00:00:00,,60:E9:AA:1D:0F:F3,-17,,0.000000,0.000000,0.000,0.000,Client
2026-05-15 08:09:15,1900-01-00 00:00:00,dlink-615_EXT,40:86:CB:27:D2:0C,-17, WPA2 ,0.000000,0.000000,0.000,0.000,AP
2026-05-15 08:09:15,1900-01-00 00:00:00,,60:E9:AA:1D:0F:F3,-29,,0.000000,0.000000,0.000,0.000,Client
2026-05-15 08:09:15,1900-01-00 00:00:00,dlink-615_EXT,40:86:CB:27:D2:0C,-15, WPA2 ,0.000000,0.000000,0.000,0.000,AP
2026-05-15 08:09:15,1900-01-00 00:00:00,,60:E9:AA:1D:0F:F3,-27,,0.000000,0.000000,0.000,0.000,Client
2026-05-15 08:09:15,1900-01-00 00:00:00,dlink-615_EXT,40:86:CB:27:D2:0C,-27, WPA2 ,0.000000,0.000000,0.000,0.000,AP
2026-05-15 08:09:15,1900-01-00 00:00:00,,60:E9:AA:1D:0F:F3,-23,,0.000000,0.000000,0.000,0.000,Client
2026-05-15 08:09:15,1900-01-00 00:00:00,dlink-615_EXT,40:86:CB:27:D2:0C,-23, WPA2 ,0.000000,0.000000,0.000,0.000,AP
2026-05-15 08:09:15,1900-01-00 00:00:00,,60:E9:AA:1D:0F:F3,-29,,0.000000,0.000000,0.000,0.000,Client
2026-05-15 08:09:15,1900-01-00 00:00:00,dlink-615_EXT,40:86:CB:27:D2:0C,-29, WPA2 ,0.000000,0.000000,0.000,0.000,AP
2026-05-15 08:09:15,1900-01-00 00:00:00,,60:E9:AA:1D:0F:F3,-29,,0.000000,0.000000,0.000,0.000,Client
2026-05-15 08:09:15,1900-01-00 00:00:00,dlink-615_EXT,40:86:CB:27:D2:0C,-29, WPA2 ,0.000000,0.000000,0.000,0.000,AP
2026-05-15 08:09:15,1900-01-00 00:00:00,,60:E9:AA:1D:0F:F3,-29,,0.000000,0.000000,0.000,0.000,Client
2026-05-15 08:09:15,1900-01-00 00:00:00,dlink-615_EXT,40:86:CB:27:D2:0C,-29, WPA2 ,0.000000,0.000000,0.000,0.000,AP
2026-05-15 08:09:15,1900-01-00 00:00:00,,60:E9:AA:1D:0F:F3,-57,,0.000000,0.000000,0.000,0.000,Client
2026-05-15 08:09:15,1900-01-00 00:00:00,dlink-615_EXT,40:86:CB:27:D2:0C,-57, WPA2 ,0.000000,0.000000,0.000,0.000,AP
2026-05-15 08:09:15,1900-01-00 00:00:00,,60:E9:AA:1D:0F:F3,-57,,0.000000,0.000000,0.000,0.000,Client
2026-05-15 08:09:15,1900-01-00 00:00:00,dlink-615_EXT,40:86:CB:27:D2:0C,-57, WPA2 ,0.000000,0.000000,0.000,0.000,AP
2026-05-15 08:09:15,1900-01-00 00:00:00,,60:E9:AA:1D:0F:F3,-57,,0.000000,0.000000,0.000,0.000,Client
2026-05-15 08:09:15,1900-01-00 00:00:00,dlink-615_EXT,40:86:CB:27:D2:0C,-57, WPA2 ,0.000000,0.000000,0.000,0.000,AP
2026-05-15 08:09:15,1900-01-00 00:00:00,,60:E9:AA:1D:0F:F3,-57,,0.000000,0.000000,0.000,0.000,Client
2026-05-15 08:09:15,1900-01-00 00:00:00,dlink-615_EXT,40:86:CB:27:D2:0C,-57, WPA2 ,0.000000,0.000000,0.000,0.000,AP
2026-05-15 08:09:15,1900-01-00 00:00:00,,60:E9:AA:1D:0F:F3,-57,,0.000000,0.000000,0.000,0.000,Client
2026-05-15 08:09:15,1900-01-00 00:00:00,dlink-615_EXT,40:86:CB:27:D2:0C,-57, WPA2 ,0.000000,0.000000,0.000,0.000,AP
2026-05-15 08:09:15,1900-01-00 00:00:00,,60:E9:AA:1D:0F:F3,-57,,0.000000,0.000000,0.000,0.000,Client
2026-05-15 08:09:15,1900-01-00 00:00:00,dlink-615_EXT,40:86:CB:27:D2:0C,-57, WPA2 ,0.000000,0.000000,0.000,0.000,AP
2026-05-15 08:09:15,1900-01-00 00:00:00,,60:E9:AA:1D:0F:F3,-57,,0.000000,0.000000,0.000,0.000,Client
2026-05-15 08:09:15,1900-01-00 00:00:00,dlink-615_EXT,40:86:CB:27:D2:0C,-57, WPA2 ,0.000000,0.000000,0.000,0.000,AP
2026-05-15 08:09:15,1900-01-00 00:00:00,,60:E9:AA:1D:0F:F3,-57,,0.000000,0.000000,0.000,0.000,Client
2026-05-15 08:09:15,1900-01-00 00:00:00,dlink-615_EXT,40:86:CB:27:D2:0C,-57, WPA2 ,0.000000,0.000000,0.000,0.000,AP
2026-05-15 08:09:15,1900-01-00 00:00:00,,60:E9:AA:1D:0F:F3,-57,,0.000000,0.000000,0.000,0.000,Client
2026-05-15 08:09:15,1900-01-00 00:00:00,dlink-615_EXT,40:86:CB:27:D2:0C,-57, WPA2 ,0.000000,0.000000,0.000,0.000,AP
2026-05-15 08:09:15,1900-01-00 00:00:00,,60:E9:AA:1D:0F:F3,-57,,0.000000,0.000000,0.000,0.000,Client
2026-05-15 08:09:15,1900-01-00 00:00:00,dlink-615_EXT,40:86:CB:27:D2:0C,-57, WPA2 ,0.000000,0.000000,0.000,0.000,AP
2026-05-15 08:09:15,1900-01-00 00:00:00,,60:E9:AA:1D:0F:F3,-57,,0.000000,0.000000,0.000,0.000,Client
2026-05-15 08:09:15,1900-01-00 00:00:00,dlink-615_EXT,40:86:CB:27:D2:0C,-57, WPA2 ,0.000000,0.000000,0.000,0.000,AP
2026-05-15 08:09:15,1900-01-00 00:00:00,,60:E9:AA:1D:0F:F3,-57,,0.000000,0.000000,0.000,0.000,Client
2026-05-15 08:09:15,1900-01-00 00:00:00,dlink-615_EXT,40:86:CB:27:D2:0C,-57, WPA2 ,0.000000,0.000000,0.000,0.000,AP
2026-05-15 08:09:15,1900-01-00 00:00:00,,60:E9:AA:1D:0F:F3,-33,,0.000000,0.000000,0.000,0.000,Client
2026-05-15 08:09:15,1900-01-00 00:00:00,dlink-615_EXT,40:86:CB:27:D2:0C,-33, WPA2 ,0.000000,0.000000,0.000,0.000,AP
2026-05-15 08:09:15,1900-01-00 00:00:00,,60:E9:AA:1D:0F:F3,-33,,0.000000,0.000000,0.000,0.000,Client
2026-05-15 08:09:15,1900-01-00 00:00:00,dlink-615_EXT,40:86:CB:27:D2:0C,-33, WPA2 ,0.000000,0.000000,0.000,0.000,AP
2026-05-15 08:09:15,1900-01-00 00:00:00,,60:E9:AA:1D:0F:F3,-33,,0.000000,0.000000,0.000,0.000,Client
2026-05-15 08:09:15,1900-01-00 00:00:00,dlink-615_EXT,40:86:CB:27:D2:0C,-33, WPA2 ,0.000000,0.000000,0.000,0.000,AP
2026-05-15 08:09:15,1900-01-00 00:00:00,,60:E9:AA:1D:0F:F3,-33,,0.000000,0.000000,0.000,0.000,Client
2026-05-15 08:09:15,1900-01-00 00:00:00,dlink-615_EXT,40:86:CB:27:D2:0C,-33, WPA2 ,0.000000,0.000000,0.000,0.000,AP
2026-05-15 08:09:15,1900-01-00 00:00:00,,60:E9:AA:1D:0F:F3,-33,,0.000000,0.000000,0.000,0.000,Client
2026-05-15 08:09:15,1900-01-00 00:00:00,dlink-615_EXT,40:86:CB:27:D2:0C,-33, WPA2 ,0.000000,0.000000,0.000,0.000,AP
2026-05-15 08:09:15,1900-01-00 00:00:00,,60:E9:AA:1D:0F:F3,-33,,0.000000,0.000000,0.000,0.000,Client
2026-05-15 08:09:15,1900-01-00 00:00:00,dlink-615_EXT,40:86:CB:27:D2:0C,-33, WPA2 ,0.000000,0.000000,0.000,0.000,AP
2026-05-15 08:09:15,1900-01-00 00:00:00,,60:E9:AA:1D:0F:F3,-33,,0.000000,0.000000,0.000,0.000,Client
2026-05-15 08:09:15,1900-01-00 00:00:00,dlink-615_EXT,40:86:CB:27:D2:0C,-33, WPA2 ,0.000000,0.000000,0.000,0.000,AP
2026-05-15 08:09:15,1900-01-00 00:00:00,,60:E9:AA:1D:0F:F3,-33,,0.000000,0.000000,0.000,0.000,Client
2026-05-15 08:09:15,1900-01-00 00:00:00,dlink-615_EXT,40:86:CB:27:D2:0C,-33, WPA2 ,0.000000,0.000000,0.000,0.000,AP
2026-05-15 08:09:15,1900-01-00 00:00:00,,60:E9:AA:1D:0F:F3,-33,,0.000000,0.000000,0.000,0.000,Client
2026-05-15 08:09:15,1900-01-00 00:00:00,dlink-615_EXT,40:86:CB:27:D2:0C,-33, WPA2 ,0.000000,0.000000,0.000,0.000,AP
2026-05-15 08:09:15,1900-01-00 00:00:00,,60:E9:AA:1D:0F:F3,-33,,0.000000,0.000000,0.000,0.000,Client
2026-05-15 08:09:15,1900-01-00 00:00:00,dlink-615_EXT,40:86:CB:27:D2:0C,-25, WPA2 ,0.000000,0.000000,0.000,0.000,AP
2026-05-15 08:09:15,1900-01-00 00:00:00,,60:E9:AA:1D:0F:F3,-25,,0.000000,0.000000,0.000,0.000,Client
2026-05-15 08:09:15,1900-01-00 00:00:00,dlink-615_EXT,40:86:CB:27:D2:0C,-25, WPA2 ,0.000000,0.000000,0.000,0.000,AP
2026-05-15 08:09:15,1900-01-00 00:00:00,,60:E9:AA:1D:0F:F3,-25,,0.000000,0.000000,0.000,0.000,Client
2026-05-15 08:09:15,1900-01-00 00:00:00,dlink-615_EXT,40:86:CB:27:D2:0C,-25, WPA2 ,0.000000,0.000000,0.000,0.000,AP
2026-05-15 08:09:15,1900-01-00 00:00:00,,60:E9:AA:1D:0F:F3,-25,,0.000000,0.000000,0.000,0.000,Client
2026-05-15 08:09:15,1900-01-00 00:00:00,dlink-615_EXT,40:86:CB:27:D2:0C,-25, WPA2 ,0.000000,0.000000,0.000,0.000,AP
2026-05-15 08:09:15,1900-01-00 00:00:00,,60:E9:AA:1D:0F:F3,-25,,0.000000,0.000000,0.000,0.000,Client
2026-05-15 08:09:15,1900-01-00 00:00:00,dlink-615_EXT,40:86:CB:27:D2:0C,-25, WPA2 ,0.000000,0.000000,0.000,0.000,AP
2026-05-15 08:09:15,1900-01-00 00:00:00,,60:E9:AA:1D:0F:F3,-25,,0.000000,0.000000,0.000,0.000,Client
2026-05-15 08:09:15,1900-01-00 00:00:00,dlink-615_EXT,40:86:CB:27:D2:0C,-25, WPA2 ,0.000000,0.000000,0.000,0.000,AP
2026-05-15 08:09:15,1900-01-00 00:00:00,,60:E9:AA:1D:0F:F3,-25,,0.000000,0.000000,0.000,0.000,Client
2026-05-15 08:09:15,1900-01-00 00:00:00,dlink-615_EXT,40:86:CB:27:D2:0C,-25, WPA2 ,0.000000,0.000000,0.000,0.000,AP
2026-05-15 08:09:15,1900-01-00 00:00:00,,60:E9:AA:1D:0F:F3,-25,,0.000000,0.000000,0.000,0.000,Client
2026-05-15 08:09:15,1900-01-00 00:00:00,dlink-615_EXT,40:86:CB:27:D2:0C,-25, WPA2 ,0.000000,0.000000,0.000,0.000,AP
2026-05-15 08:09:15,1900-01-00 00:00:00,,60:E9:AA:1D:0F:F3,-25,,0.000000,0.000000,0.000,0.000,Client
2026-05-15 08:09:15,1900-01-00 00:00:00,dlink-615_EXT,40:86:CB:27:D2:0C,-25, WPA2 ,0.000000,0.000000,0.000,0.000,AP
2026-05-15 08:09:15,1900-01-00 00:00:00,,60:E9:AA:1D:0F:F3,-25,,0.000000,0.000000,0.000,0.000,Client
2026-05-15 08:09:15,1900-01-00 00:00:00,dlink-615_EXT,40:86:CB:27:D2:0C,-25, WPA2 ,0.000000,0.000000,0.000,0.000,AP
2026-05-15 08:09:15,1900-01-00 00:00:00,,60:E9:AA:1D:0F:F3,-25,,0.000000,0.000000,0.000,0.000,Client
2026-05-15 08:09:15,1900-01-00 00:00:00,dlink-615_EXT,40:86:CB:27:D2:0C,-25, WPA2 ,0.000000,0.000000,0.000,0.000,AP
2026-05-15 08:09:15,1900-01-00 00:00:00,,60:E9:AA:1D:0F:F3,-25,,0.000000,0.000000,0.000,0.000,Client
2026-05-15 08:09:15,1900-01-00 00:00:00,dlink-615_EXT,40:86:CB:27:D2:0C,-25, WPA2 ,0.000000,0.000000,0.000,0.000,AP
2026-05-15 08:09:15,1900-01-00 00:00:00,,60:E9:AA:1D:0F:F3,-25,,0.000000,0.000000,0.000,0.000,Client
2026-05-15 08:09:15,1900-01-00 00:00:00,dlink-615_EXT,40:86:CB:27:D2:0C,-25, WPA2 ,0.000000,0.000000,0.000,0.000,AP
2026-05-15 08:09:15,1900-01-00 00:00:00,,60:E9:AA:1D:0F:F3,-25,,0.000000,0.000000,0.000,0.000,Client
2026-05-15 08:09:15,1900-01-00 00:00:00,dlink-615_EXT,40:86:CB:27:D2:0C,-25, WPA2 ,0.000000,0.000000,0.000,0.000,AP
2026-05-15 08:09:15,1900-01-00 00:00:00,,60:E9:AA:1D:0F:F3,-25,,0.000000,0.000000,0.000,0.000,Client
2026-05-15 08:09:15,1900-01-00 00:00:00,dlink-615_EXT,40:86:CB:27:D2:0C,-25, WPA2 ,0.000000,0.000000,0.000,0.000,AP
2026-05-15 08:09:15,1900-01-00 00:00:00,,60:E9:AA:1D:0F:F3,-25,,0.000000,0.000000,0.000,0.000,Client
2026-05-15 08:09:15,1900-01-00 00:00:00,dlink-615_EXT,40:86:CB:27:D2:0C,-25, WPA2 ,0.000000,0.000000,0.000,0.000,AP
2026-05-15 08:09:15,1900-01-00 00:00:00,,60:E9:AA:1D:0F:F3,-25,,0.000000,0.000000,0.000,0.000,Client
2026-05-15 08:09:15,1900-01-00 00:00:00,dlink-615_EXT,40:86:CB:27:D2:0C,-25, WPA2 ,0.000000,0.000000,0.000,0.000,AP
2026-05-15 08:09:15,1900-01-00 00:00:00,,60:E9:AA:1D:0F:F3,-25,,0.000000,0.000000,0.000,0.000,Client
2026-05-15 08:09:15,1900-01-00 00:00:00,dlink-615_EXT,40:86:CB:27:D2:0C,-25, WPA2 ,0.000000,0.000000,0.000,0.000,AP
2026-05-15 08:09:15,1900-01-00 00:00:00,,60:E9:AA:1D:0F:F3,-25,,0.000000,0.000000,0.000,0.000,Client
2026-05-15 08:09:15,1900-01-00 00:00:00,dlink-615_EXT,40:86:CB:27:D2:0C,-23, WPA2 ,0.000000,0.000000,0.000,0.000,AP
2026-05-15 08:09:15,1900-01-00 00:00:00,,60:E9:AA:1D:0F:F3,-23,,0.000000,0.000000,0.000,0.000,Client
2026-05-15 08:09:15,1900-01-00 00:00:00,dlink-615_EXT,40:86:CB:27:D2:0C,-23, WPA2 ,0.000000,0.000000,0.000,0.000,AP
2026-05-15 08:09:15,1900-01-00 00:00:00,,60:E9:AA:1D:0F:F3,-23,,0.000000,0.000000,0.000,0.000,Client
2026-05-15 08:09:15,1900-01-00 00:00:00,dlink-615_EXT,40:86:CB:27:D2:0C,-23, WPA2 ,0.000000,0.000000,0.000,0.000,AP
2026-05-15 08:09:15,1900-01-00 00:00:00,,60:E9:AA:1D:0F:F3,-23,,0.000000,0.000000,0.000,0.000,Client
2026-05-15 08:09:15,1900-01-00 00:00:00,dlink-615_EXT,40:86:CB:27:D2:0C,-23, WPA2 ,0.000000,0.000000,0.000,0.000,AP
2026-05-15 08:09:15,1900-01-00 00:00:00,,60:E9:AA:1D:0F:F3,-23,,0.000000,0.000000,0.000,0.000,Client
2026-05-15 08:09:15,1900-01-00 00:00:00,dlink-615_EXT,40:86:CB:27:D2:0C,-23, WPA2 ,0.000000,0.000000,0.000,0.000,AP
2026-05-15 08:09:15,1900-01-00 00:00:00,,60:E9:AA:1D:0F:F3,-23,,0.000000,0.000000,0.000,0.000,Client
2026-05-15 08:09:15,1900-01-00 00:00:00,dlink-615_EXT,40:86:CB:27:D2:0C,-23, WPA2 ,0.000000,0.000000,0.000,0.000,AP
2026-05-15 08:09:15,1900-01-00 00:00:00,,60:E9:AA:1D:0F:F3,-23,,0.000000,0.000000,0.000,0.000,Client
2026-05-15 08:09:15,1900-01-00 00:00:00,dlink-615_EXT,40:86:CB:27:D2:0C,-23, WPA2 ,0.000000,0.000000,0.000,0.000,AP
2026-05-15 08:09:15,1900-01-00 00:00:00,,60:E9:AA:1D:0F:F3,-23,,0.000000,0.000000,0.000,0.000,Client
2026-05-15 08:09:15,1900-01-00 00:00:00,dlink-615_EXT,40:86:CB:27:D2:0C,-23, WPA2 ,0.000000,0.000000,0.000,0.000,AP
2026-05-15 08:09:15,1900-01-00 00:00:00,,60:E9:AA:1D:0F:F3,-23,,0.000000,0.000000,0.000,0.000,Client
2026-05-15 08:09:15,1900-01-00 00:00:00,dlink-615_EXT,40:86:CB:27:D2:0C,-23, WPA2 ,0.000000,0.000000,0.000,0.000,AP
2026-05-15 08:09:15,1900-01-00 00:00:00,,60:E9:AA:1D:0F:F3,-23,,0.000000,0.000000,0.000,0.000,Client
2026-05-15 08:09:15,1900-01-00 00:00:00,dlink-615_EXT,40:86:CB:27:D2:0C,-23, WPA2 ,0.000000,0.000000,0.000,0.000,AP
2026-05-15 08:09:15,1900-01-00 00:00:00,,60:E9:AA:1D:0F:F3,-23,,0.000000,0.000000,0.000,0.000,Client
2026-05-15 08:09:15,1900-01-00 00:00:00,dlink-615_EXT,40:86:CB:27:D2:0C,-23, WPA2 ,0.000000,0.000000,0.000,0.000,AP
2026-05-15 08:09:15,1900-01-00 00:00:00,,60:E9:AA:1D:0F:F3,-23,,0.000000,0.000000,0.000,0.000,Client
2026-05-15 08:09:15,1900-01-00 00:00:00,dlink-615_EXT,40:86:CB:27:D2:0C,-23, WPA2 ,0.000000,0.000000,0.000,0.000,AP
2026-05-15 08:09:15,1900-01-00 00:00:00,,60:E9:AA:1D:0F:F3,-23,,0.000000,0.000000,0.000,0.000,Client
2026-05-15 08:09:15,1900-01-00 00:00:00,dlink-615_EXT,40:86:CB:27:D2:0C,-23, WPA2 ,0.000000,0.000000,0.000,0.000,AP
2026-05-15 08:09:15,1900-01-00 00:00:00,,60:E9:AA:1D:0F:F3,-23,,0.000000,0.000000,0.000,0.000,Client
2026-05-15 08:09:15,1900-01-00 00:00:00,dlink-615_EXT,40:86:CB:27:D2:0C,-23, WPA2 ,0.000000,0.000000,0.000,0.000,AP
2026-05-15 08:09:15,1900-01-00 00:00:00,,60:E9:AA:1D:0F:F3,-23,,0.000000,0.000000,0.000,0.000,Client
2026-05-15 08:09:15,1900-01-00 00:00:00,dlink-615_EXT,40:86:CB:27:D2:0C,-23, WPA2 ,0.000000,0.000000,0.000,0.000,AP
2026-05-15 08:09:15,1900-01-00 00:00:00,,60:E9:AA:1D:0F:F3,-23,,0.000000,0.000000,0.000,0.000,Client
2026-05-15 08:09:15,1900-01-00 00:00:00,dlink-615_EXT,40:86:CB:27:D2:0C,-23, WPA2 ,0.000000,0.000000,0.000,0.000,AP
2026-05-15 08:09:15,1900-01-00 00:00:00,,60:E9:AA:1D:0F:F3,-23,,0.000000,0.000000,0.000,0.000,Client
2026-05-15 08:09:15,1900-01-00 00:00:00,dlink-615_EXT,40:86:CB:27:D2:0C,-23, WPA2 ,0.000000,0.000000,0.000,0.000,AP
2026-05-15 08:09:15,1900-01-00 00:00:00,,60:E9:AA:1D:0F:F3,-23,,0.000000,0.000000,0.000,0.000,Client
2026-05-15 08:09:15,1900-01-00 00:00:00,dlink-615_EXT,40:86:CB:27:D2:0C,-23, WPA2 ,0.000000,0.000000,0.000,0.000,AP
2026-05-15 08:09:15,1900-01-00 00:00:00,,60:E9:AA:1D:0F:F3,-23,,0.000000,0.000000,0.000,0.000,Client
2026-05-15 08:09:15,1900-01-00 00:00:00,dlink-615_EXT,40:86:CB:27:D2:0C,-25, WPA2 ,0.000000,0.000000,0.000,0.000,AP
2026-05-15 08:09:15,1900-01-00 00:00:00,,60:E9:AA:1D:0F:F3,-25,,0.000000,0.000000,0.000,0.000,Client
2026-05-15 08:09:15,1900-01-00 00:00:00,dlink-615_EXT,40:86:CB:27:D2:0C,-25, WPA2 ,0.000000,0.000000,0.000,0.000,AP
2026-05-15 08:09:15,1900-01-00 00:00:00,,60:E9:AA:1D:0F:F3,-25,,0.000000,0.000000,0.000,0.000,Client
2026-05-15 08:09:15,1900-01-00 00:00:00,dlink-615_EXT,40:86:CB:27:D2:0C,-25, WPA2 ,0.000000,0.000000,0.000,0.000,AP
2026-05-15 08:09:15,1900-01-00 00:00:00,,60:E9:AA:1D:0F:F3,-25,,0.000000,0.000000,0.000,0.000,Client
2026-05-15 08:09:15,1900-01-00 00:00:00,dlink-615_EXT,40:86:CB:27:D2:0C,-25, WPA2 ,0.000000,0.000000,0.000,0.000,AP
2026-05-15 08:09:15,1900-01-00 00:00:00,,60:E9:AA:1D:0F:F3,-25,,0.000000,0.000000,0.000,0.000,Client
2026-05-15 08:09:15,1900-01-00 00:00:00,dlink-615_EXT,40:86:CB:27:D2:0C,-25, WPA2 ,0.000000,0.000000,0.000,0.000,AP
2026-05-15 08:09:15,1900-01-00 00:00:00,,60:E9:AA:1D:0F:F3,-25,,0.000000,0.000000,0.000,0.000,Client
2026-05-15 08:09:15,1900-01-00 00:00:00,dlink-615_EXT,40:86:CB:27:D2:0C,-25, WPA2 ,0.000000,0.000000,0.000,0.000,AP
2026-05-15 08:09:15,1900-01-00 00:00:00,,60:E9:AA:1D:0F:F3,-25,,0.000000,0.000000,0.000,0.000,Client
2026-05-15 08:09:15,1900-01-00 00:00:00,dlink-615_EXT,40:86:CB:27:D2:0C,-25, WPA2 ,0.000000,0.000000,0.000,0.000,AP
2026-05-15 08:09:15,1900-01-00 00:00:00,,60:E9:AA:1D:0F:F3,-25,,0.000000,0.000000,0.000,0.000,Client
2026-05-15 08:09:15,1900-01-00 00:00:00,dlink-615_EXT,40:86:CB:27:D2:0C,-25, WPA2 ,0.000000,0.000000,0.000,0.000,AP
2026-05-15 08:09:15,1900-01-00 00:00:00,,60:E9:AA:1D:0F:F3,-25,,0.000000,0.000000,0.000,0.000,Client
2026-05-15 08:09:15,1900-01-00 00:00:00,dlink-615_EXT,40:86:CB:27:D2:0C,-25, WPA2 ,0.000000,0.000000,0.000,0.000,AP
2026-05-15 08:09:15,1900-01-00 00:00:00,,60:E9:AA:1D:0F:F3,-25,,0.000000,0.000000,0.000,0.000,Client
2026-05-15 08:09:15,1900-01-00 00:00:00,dlink-615_EXT,40:86:CB:27:D2:0C,-25, WPA2 ,0.000000,0.000000,0.000,0.000,AP
2026-05-15 08:09:15,1900-01-00 00:00:00,,60:E9:AA:1D:0F:F3,-25,,0.000000,0.000000,0.000,0.000,Client
2026-05-15 08:09:15,1900-01-00 00:00:00,dlink-615_EXT,40:86:CB:27:D2:0C,-25, WPA2 ,0.000000,0.000000,0.000,0.000,AP
2026-05-15 08:09:15,1900-01-00 00:00:00,,60:E9:AA:1D:0F:F3,-25,,0.000000,0.000000,0.000,0.000,Client
2026-05-15 08:09:15,1900-01-00 00:00:00,dlink-615_EXT,40:86:CB:27:D2:0C,-25, WPA2 ,0.000000,0.000000,0.000,0.000,AP
2026-05-15 08:09:15,1900-01-00 00:00:00,,60:E9:AA:1D:0F:F3,-25,,0.000000,0.000000,0.000,0.000,Client
2026-05-15 08:09:15,1900-01-00 00:00:00,dlink-615_EXT,40:86:CB:27:D2:0C,-25, WPA2 ,0.000000,0.000000,0.000,0.000,AP
2026-05-15 08:09:15,1900-01-00 00:00:00,,60:E9:AA:1D:0F:F3,-25,,0.000000,0.000000,0.000,0.000,Client
2026-05-15 08:09:15,1900-01-00 00:00:00,dlink-615_EXT,40:86:CB:27:D2:0C,-25, WPA2 ,0.000000,0.000000,0.000,0.000,AP
2026-05-15 08:09:15,1900-01-00 00:00:00,,60:E9:AA:1D:0F:F3,-25,,0.000000,0.000000,0.000,0.000,Client
2026-05-15 08:09:15,1900-01-00 00:00:00,dlink-615_EXT,40:86:CB:27:D2:0C,-25, WPA2 ,0.000000,0.000000,0.000,0.000,AP
2026-05-15 08:09:15,1900-01-00 00:00:00,,60:E9:AA:1D:0F:F3,-25,,0.000000,0.000000,0.000,0.000,Client
2026-05-15 08:09:15,1900-01-00 00:00:00,dlink-615_EXT,40:86:CB:27:D2:0C,-25, WPA2 ,0.000000,0.000000,0.000,0.000,AP
2026-05-15 08:09:15,1900-01-00 00:00:00,,60:E9:AA:1D:0F:F3,-25,,0.000000,0.000000,0.000,0.000,Client
2026-05-15 08:09:15,1900-01-00 00:00:00,dlink-615_EXT,40:86:CB:27:D2:0C,-25, WPA2 ,0.000000,0.000000,0.000,0.000,AP
2026-05-15 08:09:15,1900-01-00 00:00:00,,60:E9:AA:1D:0F:F3,-25,,0.000000,0.000000,0.000,0.000,Client
2026-05-15 08:09:15,1900-01-00 00:00:00,dlink-615_EXT,40:86:CB:27:D2:0C,-19, WPA2 ,0.000000,0.000000,0.000,0.000,AP
2026-05-15 08:09:15,1900-01-00 00:00:00,dlink-615_EXT,40:86:CB:27:D2:0C,-19, WPA2 ,0.000000,0.000000,0.000,0.000,AP
2026-05-15 08:09:15,1900-01-00 00:00:00,dlink-615_EXT,40:86:CB:27:D2:0C,-19, WPA2 ,0.000000,0.000000,0.000,0.000,AP
2026-05-15 08:09:15,1900-01-00 00:00:00,,60:E9:AA:1D:0F:F3,-19,,0.000000,0.000000,0.000,0.000,Client
2026-05-15 08:09:15,1900-01-00 00:00:00,,9C:2F:9D:82:20:A3,-25,,0.000000,0.000000,0.000,0.000,Client
2026-05-15 08:09:15,1900-01-00 00:00:00,dlink-615_EXT,40:86:CB:27:D2:0C,-29, WPA2 ,0.000000,0.000000,0.000,0.000,AP
2026-05-15 08:09:15,1900-01-00 00:00:00,,60:E9:AA:1D:0F:F3,-29,,0.000000,0.000000,0.000,0.000,Client
2026-05-15 08:09:15,1900-01-00 00:00:00,dlink-615_EXT,40:86:CB:27:D2:0C,-17, WPA2 ,0.000000,0.000000,0.000,0.000,AP
2026-05-15 08:09:15,1900-01-00 00:00:00,,60:E9:AA:1D:0F:F3,-17,,0.000000,0.000000,0.000,0.000,Client
2026-05-15 08:09:15,1900-01-00 00:00:00,dlink-615_EXT,40:86:CB:27:D2:0C,-17, WPA2 ,0.000000,0.000000,0.000,0.000,AP
2026-05-15 08:09:15,1900-01-00 00:00:00,,60:E9:AA:1D:0F:F3,-17,,0.000000,0.000000,0.000,0.000,Client
2026-05-15 08:09:15,1900-01-00 00:00:00,dlink-615_EXT,40:86:CB:27:D2:0C,-17, WPA2 ,0.000000,0.000000,0.000,0.000,AP
2026-05-15 08:09:15,1900-01-00 00:00:00,,60:E9:AA:1D:0F:F3,-17,,0.000000,0.000000,0.000,0.000,Client
2026-05-15 08:09:15,1900-01-00 00:00:00,dlink-615_EXT,40:86:CB:27:D2:0C,-17, WPA2 ,0.000000,0.000000,0.000,0.000,AP
2026-05-15 08:09:15,1900-01-00 00:00:00,,60:E9:AA:1D:0F:F3,-17,,0.000000,0.000000,0.000,0.000,Client
2026-05-15 08:09:15,1900-01-00 00:00:00,dlink-615_EXT,40:86:CB:27:D2:0C,-15, WPA2 ,0.000000,0.000000,0.000,0.000,AP
2026-05-15 08:09:15,1900-01-00 00:00:00,,60:E9:AA:1D:0F:F3,-17,,0.000000,0.000000,0.000,0.000,Client
2026-05-15 08:09:15,1900-01-00 00:00:00,dlink-615_EXT,40:86:CB:27:D2:0C,-15, WPA2 ,0.000000,0.000000,0.000,0.000,AP
2026-05-15 08:09:15,1900-01-00 00:00:00,,60:E9:AA:1D:0F:F3,-15,,0.000000,0.000000,0.000,0.000,Client
2026-05-15 08:09:15,1900-01-00 00:00:00,dlink-615_EXT,40:86:CB:27:D2:0C,-15, WPA2 ,0.000000,0.000000,0.000,0.000,AP
2026-05-15 08:09:15,1900-01-00 00:00:00,,60:E9:AA:1D:0F:F3,-15,,0.000000,0.000000,0.000,0.000,Client
2026-05-15 08:09:15,1900-01-00 00:00:00,dlink-615_EXT,40:86:CB:27:D2:0C,-15, WPA2 ,0.000000,0.000000,0.000,0.000,AP
2026-05-15 08:09:15,1900-01-00 00:00:00,,60:E9:AA:1D:0F:F3,-15,,0.000000,0.000000,0.000,0.000,Client
2026-05-15 08:09:15,1900-01-00 00:00:00,dlink-615_EXT,40:86:CB:27:D2:0C,-17, WPA2 ,0.000000,0.000000,0.000,0.000,AP
2026-05-15 08:09:15,1900-01-00 00:00:00,,60:E9:AA:1D:0F:F3,-17,,0.000000,0.000000,0.000,0.000,Client
2026-05-15 08:09:15,1900-01-00 00:00:00,dlink-615_EXT,40:86:CB:27:D2:0C,-17, WPA2 ,0.000000,0.000000,0.000,0.000,AP
2026-05-15 08:09:16,1900-01-00 00:00:00,,60:E9:AA:1D:0F:F3,-17,,0.000000,0.000000,0.000,0.000,Client
2026-05-15 08:09:16,1900-01-00 00:00:00,dlink-615_EXT,40:86:CB:27:D2:0C,-15, WPA2 ,0.000000,0.000000,0.000,0.000,AP
2026-05-15 08:09:16,1900-01-00 00:00:00,,60:E9:AA:1D:0F:F3,-17,,0.000000,0.000000,0.000,0.000,Client
2026-05-15 08:09:16,1900-01-00 00:00:00,dlink-615_EXT,40:86:CB:27:D2:0C,-15, WPA2 ,0.000000,0.000000,0.000,0.000,AP
2026-05-15 08:09:16,1900-01-00 00:00:00,,60:E9:AA:1D:0F:F3,-15,,0.000000,0.000000,0.000,0.000,Client
2026-05-15 08:09:16,1900-01-00 00:00:00,dlink-615_EXT,40:86:CB:27:D2:0C,-15, WPA2 ,0.000000,0.000000,0.000,0.000,AP
2026-05-15 08:09:16,1900-01-00 00:00:00,,60:E9:AA:1D:0F:F3,-15,,0.000000,0.000000,0.000,0.000,Client
2026-05-15 08:09:16,1900-01-00 00:00:00,dlink-615_EXT,40:86:CB:27:D2:0C,-17, WPA2 ,0.000000,0.000000,0.000,0.000,AP
2026-05-15 08:09:16,1900-01-00 00:00:00,,60:E9:AA:1D:0F:F3,-17,,0.000000,0.000000,0.000,0.000,Client
2026-05-15 08:09:16,1900-01-00 00:00:00,dlink-615_EXT,40:86:CB:27:D2:0C,-17, WPA2 ,0.000000,0.000000,0.000,0.000,AP
2026-05-15 08:09:16,1900-01-00 00:00:00,,60:E9:AA:1D:0F:F3,-17,,0.000000,0.000000,0.000,0.000,Client
2026-05-15 08:09:16,1900-01-00 00:00:00,dlink-615_EXT,40:86:CB:27:D2:0C,-15, WPA2 ,0.000000,0.000000,0.000,0.000,AP
2026-05-15 08:09:16,1900-01-00 00:00:00,dlink-615_EXT,40:86:CB:27:D2:0C,-15, WPA2 ,0.000000,0.000000,0.000,0.000,AP
2026-05-15 08:09:16,1900-01-00 00:00:00,,60:E9:AA:1D:0F:F3,-15,,0.000000,0.000000,0.000,0.000,Client
2026-05-15 08:09:16,1900-01-00 00:00:00,dlink-615_EXT,40:86:CB:27:D2:0C,-17, WPA2 ,0.000000,0.000000,0.000,0.000,AP
2026-05-15 08:09:16,1900-01-00 00:00:00,,60:E9:AA:1D:0F:F3,-17,,0.000000,0.000000,0.000,0.000,Client
2026-05-15 08:09:16,1900-01-00 00:00:00,,9C:2F:9D:82:20:A3,-25,,0.000000,0.000000,0.000,0.000,Client
2026-05-15 08:09:16,1900-01-00 00:00:00,dlink-615_EXT,40:86:CB:27:D2:0C,-17, WPA2 ,0.000000,0.000000,0.000,0.000,AP
2026-05-15 08:09:16,1900-01-00 00:00:00,,60:E9:AA:1D:0F:F3,-29,,0.000000,0.000000,0.000,0.000,Client
2026-05-15 08:09:16,1900-01-00 00:00:00,,60:E9:AA:1D:0F:F3,-15,,0.000000,0.000000,0.000,0.000,Client
2026-05-15 08:09:16,1900-01-00 00:00:00,dlink-615_EXT,40:86:CB:27:D2:0C,-19, WPA2 ,0.000000,0.000000,0.000,0.000,AP
2026-05-15 08:09:16,1900-01-00 00:00:00,,60:E9:AA:1D:0F:F3,-29,,0.000000,0.000000,0.000,0.000,Client
2026-05-15 08:09:16,1900-01-00 00:00:00,dlink-615_EXT,40:86:CB:27:D2:0C,-17, WPA2 ,0.000000,0.000000,0.000,0.000,AP
2026-05-15 08:09:16,1900-01-00 00:00:00,dlink-615_EXT,40:86:CB:27:D2:0C,-29, WPA2 ,0.000000,0.000000,0.000,0.000,AP
2026-05-15 08:09:16,1900-01-00 00:00:00,,60:E9:AA:1D:0F:F3,-27,,0.000000,0.000000,0.000,0.000,Client
2026-05-15 08:09:16,1900-01-00 00:00:00,dlink-615_EXT,40:86:CB:27:D2:0C,-27, WPA2 ,0.000000,0.000000,0.000,0.000,AP
2026-05-15 08:09:16,1900-01-00 00:00:00,,60:E9:AA:1D:0F:F3,-27,,0.000000,0.000000,0.000,0.000,Client
2026-05-15 08:09:16,1900-01-00 00:00:00,dlink-615_EXT,40:86:CB:27:D2:0C,-17, WPA2 ,0.000000,0.000000,0.000,0.000,AP
2026-05-15 08:09:16,1900-01-00 00:00:00,,60:E9:AA:1D:0F:F3,-17,,0.000000,0.000000,0.000,0.000,Client
2026-05-15 08:09:16,1900-01-00 00:00:00,dlink-615_EXT,40:86:CB:27:D2:0C,-15, WPA2 ,0.000000,0.000000,0.000,0.000,AP
2026-05-15 08:09:16,1900-01-00 00:00:00,,60:E9:AA:1D:0F:F3,-15,,0.000000,0.000000,0.000,0.000,Client
2026-05-15 08:09:16,1900-01-00 00:00:00,dlink-615_EXT,40:86:CB:27:D2:0C,-15, WPA2 ,0.000000,0.000000,0.000,0.000,AP
2026-05-15 08:09:16,1900-01-00 00:00:00,,60:E9:AA:1D:0F:F3,-15,,0.000000,0.000000,0.000,0.000,Client
2026-05-15 08:09:16,1900-01-00 00:00:00,dlink-615_EXT,40:86:CB:27:D2:0C,-15, WPA2 ,0.000000,0.000000,0.000,0.000,AP
2026-05-15 08:09:16,1900-01-00 00:00:00,,60:E9:AA:1D:0F:F3,-17,,0.000000,0.000000,0.000,0.000,Client
2026-05-15 08:09:16,1900-01-00 00:00:00,dlink-615_EXT,40:86:CB:27:D2:0C,-15, WPA2 ,0.000000,0.000000,0.000,0.000,AP
2026-05-15 08:09:16,1900-01-00 00:00:00,,60:E9:AA:1D:0F:F3,-15,,0.000000,0.000000,0.000,0.000,Client
2026-05-15 08:09:16,1900-01-00 00:00:00,dlink-615_EXT,40:86:CB:27:D2:0C,-15, WPA2 ,0.000000,0.000000,0.000,0.000,AP
2026-05-15 08:09:16,1900-01-00 00:00:00,,60:E9:AA:1D:0F:F3,-15,,0.000000,0.000000,0.000,0.000,Client
2026-05-15 08:09:16,1900-01-00 00:00:00,dlink-615_EXT,40:86:CB:27:D2:0C,-15, WPA2 ,0.000000,0.000000,0.000,0.000,AP
2026-05-15 08:09:16,1900-01-00 00:00:00,,60:E9:AA:1D:0F:F3,-15,,0.000000,0.000000,0.000,0.000,Client
2026-05-15 08:09:16,1900-01-00 00:00:00,dlink-615_EXT,40:86:CB:27:D2:0C,-15, WPA2 ,0.000000,0.000000,0.000,0.000,AP
2026-05-15 08:09:16,1900-01-00 00:00:00,,60:E9:AA:1D:0F:F3,-15,,0.000000,0.000000,0.000,0.000,Client
2026-05-15 08:09:16,1900-01-00 00:00:00,dlink-615_EXT,40:86:CB:27:D2:0C,-15, WPA2 ,0.000000,0.000000,0.000,0.000,AP
2026-05-15 08:09:16,1900-01-00 00:00:00,,60:E9:AA:1D:0F:F3,-17,,0.000000,0.000000,0.000,0.000,Client
2026-05-15 08:09:16,1900-01-00 00:00:00,dlink-615_EXT,40:86:CB:27:D2:0C,-15, WPA2 ,0.000000,0.000000,0.000,0.000,AP
2026-05-15 08:09:16,1900-01-00 00:00:00,,60:E9:AA:1D:0F:F3,-15,,0.000000,0.000000,0.000,0.000,Client
2026-05-15 08:09:16,1900-01-00 00:00:00,dlink-615_EXT,40:86:CB:27:D2:0C,-15, WPA2 ,0.000000,0.000000,0.000,0.000,AP
2026-05-15 08:09:16,1900-01-00 00:00:00,,60:E9:AA:1D:0F:F3,-15,,0.000000,0.000000,0.000,0.000,Client
2026-05-15 08:09:16,1900-01-00 00:00:00,dlink-615_EXT,40:86:CB:27:D2:0C,-17, WPA2 ,0.000000,0.000000,0.000,0.000,AP
2026-05-15 08:09:16,1900-01-00 00:00:00,dlink-615_EXT,40:86:CB:27:D2:0C,-17, WPA2 ,0.000000,0.000000,0.000,0.000,AP
2026-05-15 08:09:16,1900-01-00 00:00:00,,60:E9:AA:1D:0F:F3,-17,,0.000000,0.000000,0.000,0.000,Client
2026-05-15 08:09:16,1900-01-00 00:00:00,dlink-615_EXT,40:86:CB:27:D2:0C,-17, WPA2 ,0.000000,0.000000,0.000,0.000,AP
2026-05-15 08:09:16,1900-01-00 00:00:00,,60:E9:AA:1D:0F:F3,-17,,0.000000,0.000000,0.000,0.000,Client
2026-05-15 08:09:16,1900-01-00 00:00:00,dlink-615_EXT,40:86:CB:27:D2:0C,-17, WPA2 ,0.000000,0.000000,0.000,0.000,AP
2026-05-15 08:09:16,1900-01-00 00:00:00,,60:E9:AA:1D:0F:F3,-17,,0.000000,0.000000,0.000,0.000,Client
2026-05-15 08:09:16,1900-01-00 00:00:00,dlink-615_EXT,40:86:CB:27:D2:0C,-25, WPA2 ,0.000000,0.000000,0.000,0.000,AP
2026-05-15 08:09:16,1900-01-00 00:00:00,,60:E9:AA:1D:0F:F3,-17,,0.000000,0.000000,0.000,0.000,Client
2026-05-15 08:09:16,1900-01-00 00:00:00,dlink-615_EXT,40:86:CB:27:D2:0C,-25, WPA2 ,0.000000,0.000000,0.000,0.000,AP
2026-05-15 08:09:16,1900-01-00 00:00:00,,60:E9:AA:1D:0F:F3,-25,,0.000000,0.000000,0.000,0.000,Client
2026-05-15 08:09:16,1900-01-00 00:00:00,dlink-615_EXT,40:86:CB:27:D2:0C,-25, WPA2 ,0.000000,0.000000,0.000,0.000,AP
2026-05-15 08:09:16,1900-01-00 00:00:00,,60:E9:AA:1D:0F:F3,-25,,0.000000,0.000000,0.000,0.000,Client
2026-05-15 08:09:16,1900-01-00 00:00:00,dlink-615_EXT,40:86:CB:27:D2:0C,-15, WPA2 ,0.000000,0.000000,0.000,0.000,AP
2026-05-15 08:09:16,1900-01-00 00:00:00,,60:E9:AA:1D:0F:F3,-29,,0.000000,0.000000,0.000,0.000,Client
2026-05-15 08:09:16,1900-01-00 00:00:00,dlink-615_EXT,40:86:CB:27:D2:0C,-15, WPA2 ,0.000000,0.000000,0.000,0.000,AP
2026-05-15 08:09:16,1900-01-00 00:00:00,,60:E9:AA:1D:0F:F3,-15,,0.000000,0.000000,0.000,0.000,Client
2026-05-15 08:09:16,1900-01-00 00:00:00,dlink-615_EXT,40:86:CB:27:D2:0C,-15, WPA2 ,0.000000,0.000000,0.000,0.000,AP
2026-05-15 08:09:16,1900-01-00 00:00:00,,60:E9:AA:1D:0F:F3,-15,,0.000000,0.000000,0.000,0.000,Client
2026-05-15 08:09:16,1900-01-00 00:00:00,dlink-615_EXT,40:86:CB:27:D2:0C,-15, WPA2 ,0.000000,0.000000,0.000,0.000,AP
2026-05-15 08:09:16,1900-01-00 00:00:00,,60:E9:AA:1D:0F:F3,-15,,0.000000,0.000000,0.000,0.000,Client
2026-05-15 08:09:16,1900-01-00 00:00:00,dlink-615_EXT,40:86:CB:27:D2:0C,-15, WPA2 ,0.000000,0.000000,0.000,0.000,AP
2026-05-15 08:09:16,1900-01-00 00:00:00,,60:E9:AA:1D:0F:F3,-15,,0.000000,0.000000,0.000,0.000,Client
2026-05-15 08:09:16,1900-01-00 00:00:00,dlink-615_EXT,40:86:CB:27:D2:0C,-15, WPA2 ,0.000000,0.000000,0.000,0.000,AP
2026-05-15 08:09:16,1900-01-00 00:00:00,,60:E9:AA:1D:0F:F3,-15,,0.000000,0.000000,0.000,0.000,Client
2026-05-15 08:09:16,1900-01-00 00:00:00,dlink-615_EXT,40:86:CB:27:D2:0C,-15, WPA2 ,0.000000,0.000000,0.000,0.000,AP
2026-05-15 08:09:16,1900-01-00 00:00:00,,60:E9:AA:1D:0F:F3,-15,,0.000000,0.000000,0.000,0.000,Client
2026-05-15 08:09:16,1900-01-00 00:00:00,dlink-615_EXT,40:86:CB:27:D2:0C,-15, WPA2 ,0.000000,0.000000,0.000,0.000,AP
2026-05-15 08:09:16,1900-01-00 00:00:00,,60:E9:AA:1D:0F:F3,-15,,0.000000,0.000000,0.000,0.000,Client
2026-05-15 08:09:16,1900-01-00 00:00:00,dlink-615_EXT,40:86:CB:27:D2:0C,-15, WPA2 ,0.000000,0.000000,0.000,0.000,AP
2026-05-15 08:09:16,1900-01-00 00:00:00,,60:E9:AA:1D:0F:F3,-15,,0.000000,0.000000,0.000,0.000,Client
2026-05-15 08:09:16,1900-01-00 00:00:00,dlink-615_EXT,40:86:CB:27:D2:0C,-15, WPA2 ,0.000000,0.000000,0.000,0.000,AP
2026-05-15 08:09:16,1900-01-00 00:00:00,,60:E9:AA:1D:0F:F3,-15,,0.000000,0.000000,0.000,0.000,Client
2026-05-15 08:09:16,1900-01-00 00:00:00,dlink-615_EXT,40:86:CB:27:D2:0C,-15, WPA2 ,0.000000,0.000000,0.000,0.000,AP
2026-05-15 08:09:16,1900-01-00 00:00:00,,60:E9:AA:1D:0F:F3,-15,,0.000000,0.000000,0.000,0.000,Client
2026-05-15 08:09:16,1900-01-00 00:00:00,dlink-615_EXT,40:86:CB:27:D2:0C,-15, WPA2 ,0.000000,0.000000,0.000,0.000,AP
2026-05-15 08:09:16,1900-01-00 00:00:00,,60:E9:AA:1D:0F:F3,-15,,0.000000,0.000000,0.000,0.000,Client
2026-05-15 08:09:16,1900-01-00 00:00:00,dlink-615_EXT,40:86:CB:27:D2:0C,-15, WPA2 ,0.000000,0.000000,0.000,0.000,AP
2026-05-15 08:09:16,1900-01-00 00:00:00,,60:E9:AA:1D:0F:F3,-15,,0.000000,0.000000,0.000,0.000,Client
2026-05-15 08:09:16,1900-01-00 00:00:00,dlink-615_EXT,40:86:CB:27:D2:0C,-15, WPA2 ,0.000000,0.000000,0.000,0.000,AP
2026-05-15 08:09:16,1900-01-00 00:00:00,,60:E9:AA:1D:0F:F3,-15,,0.000000,0.000000,0.000,0.000,Client
2026-05-15 08:09:16,1900-01-00 00:00:00,dlink-615_EXT,40:86:CB:27:D2:0C,-15, WPA2 ,0.000000,0.000000,0.000,0.000,AP
2026-05-15 08:09:16,1900-01-00 00:00:00,,60:E9:AA:1D:0F:F3,-15,,0.000000,0.000000,0.000,0.000,Client
2026-05-15 08:09:16,1900-01-00 00:00:00,dlink-615_EXT,40:86:CB:27:D2:0C,-15, WPA2 ,0.000000,0.000000,0.000,0.000,AP
2026-05-15 08:09:16,1900-01-00 00:00:00,,60:E9:AA:1D:0F:F3,-15,,0.000000,0.000000,0.000,0.000,Client
2026-05-15 08:09:16,1900-01-00 00:00:00,dlink-615_EXT,40:86:CB:27:D2:0C,-15, WPA2 ,0.000000,0.000000,0.000,0.000,AP
2026-05-15 08:09:16,1900-01-00 00:00:00,,60:E9:AA:1D:0F:F3,-25,,0.000000,0.000000,0.000,0.000,Client
2026-05-15 08:09:16,1900-01-00 00:00:00,dlink-615_EXT,40:86:CB:27:D2:0C,-25, WPA2 ,0.000000,0.000000,0.000,0.000,AP
2026-05-15 08:09:16,1900-01-00 00:00:00,,60:E9:AA:1D:0F:F3,-25,,0.000000,0.000000,0.000,0.000,Client
2026-05-15 08:09:16,1900-01-00 00:00:00,dlink-615_EXT,40:86:CB:27:D2:0C,-25, WPA2 ,0.000000,0.000000,0.000,0.000,AP
2026-05-15 08:09:16,1900-01-00 00:00:00,,60:E9:AA:1D:0F:F3,-25,,0.000000,0.000000,0.000,0.000,Client
2026-05-15 08:09:16,1900-01-00 00:00:00,dlink-615_EXT,40:86:CB:27:D2:0C,-25, WPA2 ,0.000000,0.000000,0.000,0.000,AP
2026-05-15 08:09:16,1900-01-00 00:00:00,,60:E9:AA:1D:0F:F3,-25,,0.000000,0.000000,0.000,0.000,Client
2026-05-15 08:09:16,1900-01-00 00:00:00,dlink-615_EXT,40:86:CB:27:D2:0C,-25, WPA2 ,0.000000,0.000000,0.000,0.000,AP
2026-05-15 08:09:16,1900-01-00 00:00:00,,60:E9:AA:1D:0F:F3,-25,,0.000000,0.000000,0.000,0.000,Client
2026-05-15 08:09:16,1900-01-00 00:00:00,dlink-615_EXT,40:86:CB:27:D2:0C,-25, WPA2 ,0.000000,0.000000,0.000,0.000,AP
2026-05-15 08:09:16,1900-01-00 00:00:00,,60:E9:AA:1D:0F:F3,-25,,0.000000,0.000000,0.000,0.000,Client
2026-05-15 08:09:16,1900-01-00 00:00:00,dlink-615_EXT,40:86:CB:27:D2:0C,-25, WPA2 ,0.000000,0.000000,0.000,0.000,AP
2026-05-15 08:09:16,1900-01-00 00:00:00,,60:E9:AA:1D:0F:F3,-25,,0.000000,0.000000,0.000,0.000,Client
2026-05-15 08:09:16,1900-01-00 00:00:00,dlink-615_EXT,40:86:CB:27:D2:0C,-25, WPA2 ,0.000000,0.000000,0.000,0.000,AP
2026-05-15 08:09:16,1900-01-00 00:00:00,,60:E9:AA:1D:0F:F3,-25,,0.000000,0.000000,0.000,0.000,Client
2026-05-15 08:09:16,1900-01-00 00:00:00,dlink-615_EXT,40:86:CB:27:D2:0C,-25, WPA2 ,0.000000,0.000000,0.000,0.000,AP
2026-05-15 08:09:16,1900-01-00 00:00:00,,60:E9:AA:1D:0F:F3,-25,,0.000000,0.000000,0.000,0.000,Client
2026-05-15 08:09:16,1900-01-00 00:00:00,dlink-615_EXT,40:86:CB:27:D2:0C,-23, WPA2 ,0.000000,0.000000,0.000,0.000,AP
2026-05-15 08:09:16,1900-01-00 00:00:00,,60:E9:AA:1D:0F:F3,-23,,0.000000,0.000000,0.000,0.000,Client
2026-05-15 08:09:16,1900-01-00 00:00:00,dlink-615_EXT,40:86:CB:27:D2:0C,-23, WPA2 ,0.000000,0.000000,0.000,0.000,AP
2026-05-15 08:09:16,1900-01-00 00:00:00,,60:E9:AA:1D:0F:F3,-29,,0.000000,0.000000,0.000,0.000,Client
2026-05-15 08:09:16,1900-01-00 00:00:00,dlink-615_EXT,40:86:CB:27:D2:0C,-29, WPA2 ,0.000000,0.000000,0.000,0.000,AP
2026-05-15 08:09:16,1900-01-00 00:00:00,,60:E9:AA:1D:0F:F3,-17,,0.000000,0.000000,0.000,0.000,Client
2026-05-15 08:09:16,1900-01-00 00:00:00,dlink-615_EXT,40:86:CB:27:D2:0C,-29, WPA2 ,0.000000,0.000000,0.000,0.000,AP
2026-05-15 08:09:16,1900-01-00 00:00:00,,60:E9:AA:1D:0F:F3,-29,,0.000000,0.000000,0.000,0.000,Client
2026-05-15 08:09:16,1900-01-00 00:00:00,dlink-615_EXT,40:86:CB:27:D2:0C,-29, WPA2 ,0.000000,0.000000,0.000,0.000,AP
2026-05-15 08:09:16,1900-01-00 00:00:00,,60:E9:AA:1D:0F:F3,-29,,0.000000,0.000000,0.000,0.000,Client
2026-05-15 08:09:16,1900-01-00 00:00:00,dlink-615_EXT,40:86:CB:27:D2:0C,-29, WPA2 ,0.000000,0.000000,0.000,0.000,AP
2026-05-15 08:09:16,1900-01-00 00:00:00,,60:E9:AA:1D:0F:F3,-17,,0.000000,0.000000,0.000,0.000,Client
2026-05-15 08:09:16,1900-01-00 00:00:00,dlink-615_EXT,40:86:CB:27:D2:0C,-17, WPA2 ,0.000000,0.000000,0.000,0.000,AP
2026-05-15 08:09:16,1900-01-00 00:00:00,,60:E9:AA:1D:0F:F3,-17,,0.000000,0.000000,0.000,0.000,Client
2026-05-15 08:09:16,1900-01-00 00:00:00,dlink-615_EXT,40:86:CB:27:D2:0C,-17, WPA2 ,0.000000,0.000000,0.000,0.000,AP
2026-05-15 08:09:16,1900-01-00 00:00:00,,60:E9:AA:1D:0F:F3,-17,,0.000000,0.000000,0.000,0.000,Client
2026-05-15 08:09:16,1900-01-00 00:00:00,dlink-615_EXT,40:86:CB:27:D2:0C,-17, WPA2 ,0.000000,0.000000,0.000,0.000,AP
2026-05-15 08:09:16,1900-01-00 00:00:00,,60:E9:AA:1D:0F:F3,-17,,0.000000,0.000000,0.000,0.000,Client
2026-05-15 08:09:16,1900-01-00 00:00:00,dlink-615_EXT,40:86:CB:27:D2:0C,-17, WPA2 ,0.000000,0.000000,0.000,0.000,AP
2026-05-15 08:09:16,1900-01-00 00:00:00,,60:E9:AA:1D:0F:F3,-17,,0.000000,0.000000,0.000,0.000,Client
2026-05-15 08:09:16,1900-01-00 00:00:00,dlink-615_EXT,40:86:CB:27:D2:0C,-17, WPA2 ,0.000000,0.000000,0.000,0.000,AP
2026-05-15 08:09:16,1900-01-00 00:00:00,,60:E9:AA:1D:0F:F3,-17,,0.000000,0.000000,0.000,0.000,Client
2026-05-15 08:09:16,1900-01-00 00:00:00,dlink-615_EXT,40:86:CB:27:D2:0C,-17, WPA2 ,0.000000,0.000000,0.000,0.000,AP
2026-05-15 08:09:16,1900-01-00 00:00:00,,60:E9:AA:1D:0F:F3,-17,,0.000000,0.000000,0.000,0.000,Client
2026-05-15 08:09:16,1900-01-00 00:00:00,dlink-615_EXT,40:86:CB:27:D2:0C,-17, WPA2 ,0.000000,0.000000,0.000,0.000,AP
2026-05-15 08:09:16,1900-01-00 00:00:00,,60:E9:AA:1D:0F:F3,-17,,0.000000,0.000000,0.000,0.000,Client
2026-05-15 08:09:16,1900-01-00 00:00:00,dlink-615_EXT,40:86:CB:27:D2:0C,-17, WPA2 ,0.000000,0.000000,0.000,0.000,AP
2026-05-15 08:09:16,1900-01-00 00:00:00,,60:E9:AA:1D:0F:F3,-17,,0.000000,0.000000,0.000,0.000,Client
2026-05-15 08:09:16,1900-01-00 00:00:00,dlink-615_EXT,40:86:CB:27:D2:0C,-17, WPA2 ,0.000000,0.000000,0.000,0.000,AP
2026-05-15 08:09:16,1900-01-00 00:00:00,,60:E9:AA:1D:0F:F3,-17,,0.000000,0.000000,0.000,0.000,Client
2026-05-15 08:09:16,1900-01-00 00:00:00,dlink-615_EXT,40:86:CB:27:D2:0C,-17, WPA2 ,0.000000,0.000000,0.000,0.000,AP
2026-05-15 08:09:16,1900-01-00 00:00:00,,60:E9:AA:1D:0F:F3,-17,,0.000000,0.000000,0.000,0.000,Client
2026-05-15 08:09:16,1900-01-00 00:00:00,dlink-615_EXT,40:86:CB:27:D2:0C,-17, WPA2 ,0.000000,0.000000,0.000,0.000,AP
2026-05-15 08:09:16,1900-01-00 00:00:00,,60:E9:AA:1D:0F:F3,-15,,0.000000,0.000000,0.000,0.000,Client
2026-05-15 08:09:16,1900-01-00 00:00:00,dlink-615_EXT,40:86:CB:27:D2:0C,-15, WPA2 ,0.000000,0.000000,0.000,0.000,AP
2026-05-15 08:09:16,1900-01-00 00:00:00,,60:E9:AA:1D:0F:F3,-15,,0.000000,0.000000,0.000,0.000,Client
2026-05-15 08:09:16,1900-01-00 00:00:00,dlink-615_EXT,40:86:CB:27:D2:0C,-19, WPA2 ,0.000000,0.000000,0.000,0.000,AP
2026-05-15 08:09:16,1900-01-00 00:00:00,,60:E9:AA:1D:0F:F3,-19,,0.000000,0.000000,0.000,0.000,Client
2026-05-15 08:09:16,1900-01-00 00:00:00,dlink-615_EXT,40:86:CB:27:D2:0C,-17, WPA2 ,0.000000,0.000000,0.000,0.000,AP
2026-05-15 08:09:16,1900-01-00 00:00:00,,60:E9:AA:1D:0F:F3,-17,,0.000000,0.000000,0.000,0.000,Client
2026-05-15 08:09:16,1900-01-00 00:00:00,dlink-615_EXT,40:86:CB:27:D2:0C,-17, WPA2 ,0.000000,0.000000,0.000,0.000,AP
2026-05-15 08:09:16,1900-01-00 00:00:00,,60:E9:AA:1D:0F:F3,-17,,0.000000,0.000000,0.000,0.000,Client
2026-05-15 08:09:16,1900-01-00 00:00:00,dlink-615_EXT,40:86:CB:27:D2:0C,-17, WPA2 ,0.000000,0.000000,0.000,0.000,AP
2026-05-15 08:09:16,1900-01-00 00:00:00,dlink-615_EXT,40:86:CB:27:D2:0C,-19, WPA2 ,0.000000,0.000000,0.000,0.000,AP
2026-05-15 08:09:16,1900-01-00 00:00:00,,60:E9:AA:1D:0F:F3,-25,,0.000000,0.000000,0.000,0.000,Client
2026-05-15 08:09:16,1900-01-00 00:00:00,dlink-615_EXT,40:86:CB:27:D2:0C,-15, WPA2 ,0.000000,0.000000,0.000,0.000,AP
2026-05-15 08:09:16,1900-01-00 00:00:00,,60:E9:AA:1D:0F:F3,-15,,0.000000,0.000000,0.000,0.000,Client
2026-05-15 08:09:16,1900-01-00 00:00:00,dlink-615_EXT,40:86:CB:27:D2:0C,-15, WPA2 ,0.000000,0.000000,0.000,0.000,AP
2026-05-15 08:09:16,1900-01-00 00:00:00,dlink-615_EXT,40:86:CB:27:D2:0C,-15, WPA2 ,0.000000,0.000000,0.000,0.000,AP
2026-05-15 08:09:16,1900-01-00 00:00:00,,60:E9:AA:1D:0F:F3,-15,,0.000000,0.000000,0.000,0.000,Client
2026-05-15 08:09:16,1900-01-00 00:00:00,dlink-615_EXT,40:86:CB:27:D2:0C,-15, WPA2 ,0.000000,0.000000,0.000,0.000,AP
2026-05-15 08:09:16,1900-01-00 00:00:00,,60:E9:AA:1D:0F:F3,-17,,0.000000,0.000000,0.000,0.000,Client
2026-05-15 08:09:16,1900-01-00 00:00:00,dlink-615_EXT,40:86:CB:27:D2:0C,-17, WPA2 ,0.000000,0.000000,0.000,0.000,AP
2026-05-15 08:09:16,1900-01-00 00:00:00,,60:E9:AA:1D:0F:F3,-17,,0.000000,0.000000,0.000,0.000,Client
2026-05-15 08:09:16,1900-01-00 00:00:00,dlink-615_EXT,40:86:CB:27:D2:0C,-17, WPA2 ,0.000000,0.000000,0.000,0.000,AP
2026-05-15 08:09:16,1900-01-00 00:00:00,,60:E9:AA:1D:0F:F3,-17,,0.000000,0.000000,0.000,0.000,Client
2026-05-15 08:09:16,1900-01-00 00:00:00,dlink-615_EXT,40:86:CB:27:D2:0C,-17, WPA2 ,0.000000,0.000000,0.000,0.000,AP
2026-05-15 08:09:16,1900-01-00 00:00:00,,60:E9:AA:1D:0F:F3,-15,,0.000000,0.000000,0.000,0.000,Client
2026-05-15 08:09:16,1900-01-00 00:00:00,dlink-615_EXT,40:86:CB:27:D2:0C,-15, WPA2 ,0.000000,0.000000,0.000,0.000,AP
2026-05-15 08:09:16,1900-01-00 00:00:00,,60:E9:AA:1D:0F:F3,-15,,0.000000,0.000000,0.000,0.000,Client
2026-05-15 08:09:16,1900-01-00 00:00:00,dlink-615_EXT,40:86:CB:27:D2:0C,-15, WPA2 ,0.000000,0.000000,0.000,0.000,AP
2026-05-15 08:09:16,1900-01-00 00:00:00,,60:E9:AA:1D:0F:F3,-15,,0.000000,0.000000,0.000,0.000,Client
2026-05-15 08:09:16,1900-01-00 00:00:00,dlink-615_EXT,40:86:CB:27:D2:0C,-15, WPA2 ,0.000000,0.000000,0.000,0.000,AP
2026-05-15 08:09:16,1900-01-00 00:00:00,,60:E9:AA:1D:0F:F3,-17,,0.000000,0.000000,0.000,0.000,Client
2026-05-15 08:09:16,1900-01-00 00:00:00,dlink-615_EXT,40:86:CB:27:D2:0C,-17, WPA2 ,0.000000,0.000000,0.000,0.000,AP
2026-05-15 08:09:16,1900-01-00 00:00:00,,60:E9:AA:1D:0F:F3,-17,,0.000000,0.000000,0.000,0.000,Client
2026-05-15 08:09:16,1900-01-00 00:00:00,dlink-615_EXT,40:86:CB:27:D2:0C,-17, WPA2 ,0.000000,0.000000,0.000,0.000,AP
2026-05-15 08:09:16,1900-01-00 00:00:00,,60:E9:AA:1D:0F:F3,-17,,0.000000,0.000000,0.000,0.000,Client
2026-05-15 08:09:16,1900-01-00 00:00:00,dlink-615_EXT,40:86:CB:27:D2:0C,-17, WPA2 ,0.000000,0.000000,0.000,0.000,AP
2026-05-15 08:09:16,1900-01-00 00:00:00,,60:E9:AA:1D:0F:F3,-17,,0.000000,0.000000,0.000,0.000,Client
2026-05-15 08:09:16,1900-01-00 00:00:00,dlink-615_EXT,40:86:CB:27:D2:0C,-17, WPA2 ,0.000000,0.000000,0.000,0.000,AP
2026-05-15 08:09:16,1900-01-00 00:00:00,,60:E9:AA:1D:0F:F3,-17,,0.000000,0.000000,0.000,0.000,Client
2026-05-15 08:09:16,1900-01-00 00:00:00,dlink-615_EXT,40:86:CB:27:D2:0C,-17, WPA2 ,0.000000,0.000000,0.000,0.000,AP
2026-05-15 08:09:16,1900-01-00 00:00:00,,60:E9:AA:1D:0F:F3,-17,,0.000000,0.000000,0.000,0.000,Client
2026-05-15 08:09:16,1900-01-00 00:00:00,dlink-615_EXT,40:86:CB:27:D2:0C,-17, WPA2 ,0.000000,0.000000,0.000,0.000,AP
2026-05-15 08:09:16,1900-01-00 00:00:00,,60:E9:AA:1D:0F:F3,-17,,0.000000,0.000000,0.000,0.000,Client
2026-05-15 08:09:16,1900-01-00 00:00:00,dlink-615_EXT,40:86:CB:27:D2:0C,-17, WPA2 ,0.000000,0.000000,0.000,0.000,AP
2026-05-15 08:09:16,1900-01-00 00:00:00,,60:E9:AA:1D:0F:F3,-17,,0.000000,0.000000,0.000,0.000,Client
2026-05-15 08:09:16,1900-01-00 00:00:00,dlink-615_EXT,40:86:CB:27:D2:0C,-17, WPA2 ,0.000000,0.000000,0.000,0.000,AP
2026-05-15 08:09:16,1900-01-00 00:00:00,,60:E9:AA:1D:0F:F3,-17,,0.000000,0.000000,0.000,0.000,Client
2026-05-15 08:09:16,1900-01-00 00:00:00,dlink-615_EXT,40:86:CB:27:D2:0C,-17, WPA2 ,0.000000,0.000000,0.000,0.000,AP
2026-05-15 08:09:16,1900-01-00 00:00:00,,60:E9:AA:1D:0F:F3,-17,,0.000000,0.000000,0.000,0.000,Client
2026-05-15 08:09:16,1900-01-00 00:00:00,dlink-615_EXT,40:86:CB:27:D2:0C,-17, WPA2 ,0.000000,0.000000,0.000,0.000,AP
2026-05-15 08:09:16,1900-01-00 00:00:00,,60:E9:AA:1D:0F:F3,-17,,0.000000,0.000000,0.000,0.000,Client
2026-05-15 08:09:16,1900-01-00 00:00:00,dlink-615_EXT,40:86:CB:27:D2:0C,-17, WPA2 ,0.000000,0.000000,0.000,0.000,AP
2026-05-15 08:09:16,1900-01-00 00:00:00,,60:E9:AA:1D:0F:F3,-17,,0.000000,0.000000,0.000,0.000,Client
2026-05-15 08:09:16,1900-01-00 00:00:00,dlink-615_EXT,40:86:CB:27:D2:0C,-17, WPA2 ,0.000000,0.000000,0.000,0.000,AP
2026-05-15 08:09:16,1900-01-00 00:00:00,,60:E9:AA:1D:0F:F3,-17,,0.000000,0.000000,0.000,0.000,Client
2026-05-15 08:09:16,1900-01-00 00:00:00,dlink-615_EXT,40:86:CB:27:D2:0C,-17, WPA2 ,0.000000,0.000000,0.000,0.000,AP
2026-05-15 08:09:16,1900-01-00 00:00:00,,60:E9:AA:1D:0F:F3,-17,,0.000000,0.000000,0.000,0.000,Client
2026-05-15 08:09:16,1900-01-00 00:00:00,dlink-615_EXT,40:86:CB:27:D2:0C,-17, WPA2 ,0.000000,0.000000,0.000,0.000,AP
2026-05-15 08:09:16,1900-01-00 00:00:00,,60:E9:AA:1D:0F:F3,-17,,0.000000,0.000000,0.000,0.000,Client
2026-05-15 08:09:16,1900-01-00 00:00:00,dlink-615_EXT,40:86:CB:27:D2:0C,-17, WPA2 ,0.000000,0.000000,0.000,0.000,AP
2026-05-15 08:09:16,1900-01-00 00:00:00,,60:E9:AA:1D:0F:F3,-17,,0.000000,0.000000,0.000,0.000,Client
2026-05-15 08:09:16,1900-01-00 00:00:00,dlink-615_EXT,40:86:CB:27:D2:0C,-17, WPA2 ,0.000000,0.000000,0.000,0.000,AP
2026-05-15 08:09:16,1900-01-00 00:00:00,,60:E9:AA:1D:0F:F3,-17,,0.000000,0.000000,0.000,0.000,Client
2026-05-15 08:09:16,1900-01-00 00:00:00,dlink-615_EXT,40:86:CB:27:D2:0C,-17, WPA2 ,0.000000,0.000000,0.000,0.000,AP
2026-05-15 08:09:16,1900-01-00 00:00:00,,60:E9:AA:1D:0F:F3,-27,,0.000000,0.000000,0.000,0.000,Client
2026-05-15 08:09:16,1900-01-00 00:00:00,dlink-615_EXT,40:86:CB:27:D2:0C,-27, WPA2 ,0.000000,0.000000,0.000,0.000,AP
2026-05-15 08:09:16,1900-01-00 00:00:00,,60:E9:AA:1D:0F:F3,-57,,0.000000,0.000000,0.000,0.000,Client
2026-05-15 08:09:16,1900-01-00 00:00:00,dlink-615_EXT,40:86:CB:27:D2:0C,-57, WPA2 ,0.000000,0.000000,0.000,0.000,AP
2026-05-15 08:09:16,1900-01-00 00:00:00,,60:E9:AA:1D:0F:F3,-57,,0.000000,0.000000,0.000,0.000,Client
2026-05-15 08:09:16,1900-01-00 00:00:00,dlink-615_EXT,40:86:CB:27:D2:0C,-57, WPA2 ,0.000000,0.000000,0.000,0.000,AP
2026-05-15 08:09:16,1900-01-00 00:00:00,,60:E9:AA:1D:0F:F3,-57,,0.000000,0.000000,0.000,0.000,Client
2026-05-15 08:09:16,1900-01-00 00:00:00,dlink-615_EXT,40:86:CB:27:D2:0C,-57, WPA2 ,0.000000,0.000000,0.000,0.000,AP
2026-05-15 08:09:16,1900-01-00 00:00:00,,60:E9:AA:1D:0F:F3,-57,,0.000000,0.000000,0.000,0.000,Client
2026-05-15 08:09:16,1900-01-00 00:00:00,dlink-615_EXT,40:86:CB:27:D2:0C,-57, WPA2 ,0.000000,0.000000,0.000,0.000,AP
2026-05-15 08:09:16,1900-01-00 00:00:00,,60:E9:AA:1D:0F:F3,-57,,0.000000,0.000000,0.000,0.000,Client
2026-05-15 08:09:16,1900-01-00 00:00:00,dlink-615_EXT,40:86:CB:27:D2:0C,-57, WPA2 ,0.000000,0.000000,0.000,0.000,AP
2026-05-15 08:09:16,1900-01-00 00:00:00,,60:E9:AA:1D:0F:F3,-53,,0.000000,0.000000,0.000,0.000,Client
2026-05-15 08:09:16,1900-01-00 00:00:00,dlink-615_EXT,40:86:CB:27:D2:0C,-53, WPA2 ,0.000000,0.000000,0.000,0.000,AP
2026-05-15 08:09:16,1900-01-00 00:00:00,,60:E9:AA:1D:0F:F3,-53,,0.000000,0.000000,0.000,0.000,Client
2026-05-15 08:09:16,1900-01-00 00:00:00,dlink-615_EXT,40:86:CB:27:D2:0C,-53, WPA2 ,0.000000,0.000000,0.000,0.000,AP
2026-05-15 08:09:16,1900-01-00 00:00:00,,60:E9:AA:1D:0F:F3,-53,,0.000000,0.000000,0.000,0.000,Client
2026-05-15 08:09:16,1900-01-00 00:00:00,dlink-615_EXT,40:86:CB:27:D2:0C,-53, WPA2 ,0.000000,0.000000,0.000,0.000,AP
2026-05-15 08:09:16,1900-01-00 00:00:00,,60:E9:AA:1D:0F:F3,-53,,0.000000,0.000000,0.000,0.000,Client
2026-05-15 08:09:16,1900-01-00 00:00:00,dlink-615_EXT,40:86:CB:27:D2:0C,-53, WPA2 ,0.000000,0.000000,0.000,0.000,AP
2026-05-15 08:09:16,1900-01-00 00:00:00,,60:E9:AA:1D:0F:F3,-53,,0.000000,0.000000,0.000,0.000,Client
2026-05-15 08:09:16,1900-01-00 00:00:00,dlink-615_EXT,40:86:CB:27:D2:0C,-53, WPA2 ,0.000000,0.000000,0.000,0.000,AP
2026-05-15 08:09:16,1900-01-00 00:00:00,dlink-615_EXT,40:86:CB:27:D2:0C,-25, WPA2 ,0.000000,0.000000,0.000,0.000,AP
2026-05-15 08:09:16,1900-01-00 00:00:00,,60:E9:AA:1D:0F:F3,-25,,0.000000,0.000000,0.000,0.000,Client
2026-05-15 08:09:16,1900-01-00 00:00:00,dlink-615_EXT,40:86:CB:27:D2:0C,-25, WPA2 ,0.000000,0.000000,0.000,0.000,AP
2026-05-15 08:09:16,1900-01-00 00:00:00,,60:E9:AA:1D:0F:F3,-25,,0.000000,0.000000,0.000,0.000,Client
2026-05-15 08:09:16,1900-01-00 00:00:00,dlink-615_EXT,40:86:CB:27:D2:0C,-25, WPA2 ,0.000000,0.000000,0.000,0.000,AP
2026-05-15 08:09:16,1900-01-00 00:00:00,,60:E9:AA:1D:0F:F3,-25,,0.000000,0.000000,0.000,0.000,Client
2026-05-15 08:09:16,1900-01-00 00:00:00,dlink-615_EXT,40:86:CB:27:D2:0C,-25, WPA2 ,0.000000,0.000000,0.000,0.000,AP
2026-05-15 08:09:16,1900-01-00 00:00:00,,60:E9:AA:1D:0F:F3,-25,,0.000000,0.000000,0.000,0.000,Client
2026-05-15 08:09:16,1900-01-00 00:00:00,dlink-615_EXT,40:86:CB:27:D2:0C,-25, WPA2 ,0.000000,0.000000,0.000,0.000,AP
2026-05-15 08:09:16,1900-01-00 00:00:00,,60:E9:AA:1D:0F:F3,-25,,0.000000,0.000000,0.000,0.000,Client
2026-05-15 08:09:16,1900-01-00 00:00:00,dlink-615_EXT,40:86:CB:27:D2:0C,-25, WPA2 ,0.000000,0.000000,0.000,0.000,AP
2026-05-15 08:09:16,1900-01-00 00:00:00,,60:E9:AA:1D:0F:F3,-25,,0.000000,0.000000,0.000,0.000,Client
2026-05-15 08:09:17,1900-01-00 00:00:00,,9C:2F:9D:82:20:A3,-23,,0.000000,0.000000,0.000,0.000,Client
2026-05-15 08:09:17,1900-01-00 00:00:00,dlink-615_EXT,40:86:CB:27:D2:0C,-17, WPA2 ,0.000000,0.000000,0.000,0.000,AP
2026-05-15 08:09:17,1900-01-00 00:00:00,dlink-615_EXT,40:86:CB:27:D2:0C,-17, WPA2 ,0.000000,0.000000,0.000,0.000,AP
2026-05-15 08:09:17,1900-01-00 00:00:00,,60:E9:AA:1D:0F:F3,-17,,0.000000,0.000000,0.000,0.000,Client
2026-05-15 08:09:17,1900-01-00 00:00:00,dlink-615_EXT,40:86:CB:27:D2:0C,-17, WPA2 ,0.000000,0.000000,0.000,0.000,AP
2026-05-15 08:09:17,1900-01-00 00:00:00,,60:E9:AA:1D:0F:F3,-17,,0.000000,0.000000,0.000,0.000,Client
2026-05-15 08:09:17,1900-01-00 00:00:00,dlink-615_EXT,40:86:CB:27:D2:0C,-29, WPA2 ,0.000000,0.000000,0.000,0.000,AP
2026-05-15 08:09:17,1900-01-00 00:00:00,,60:E9:AA:1D:0F:F3,-29,,0.000000,0.000000,0.000,0.000,Client
2026-05-15 08:09:17,1900-01-00 00:00:00,dlink-615_EXT,40:86:CB:27:D2:0C,-15, WPA2 ,0.000000,0.000000,0.000,0.000,AP
2026-05-15 08:09:17,1900-01-00 00:00:00,,60:E9:AA:1D:0F:F3,-15,,0.000000,0.000000,0.000,0.000,Client
2026-05-15 08:09:17,1900-01-00 00:00:00,dlink-615_EXT,40:86:CB:27:D2:0C,-15, WPA2 ,0.000000,0.000000,0.000,0.000,AP
2026-05-15 08:09:17,1900-01-00 00:00:00,,60:E9:AA:1D:0F:F3,-15,,0.000000,0.000000,0.000,0.000,Client
2026-05-15 08:09:17,1900-01-00 00:00:00,dlink-615_EXT,40:86:CB:27:D2:0C,-15, WPA2 ,0.000000,0.000000,0.000,0.000,AP
2026-05-15 08:09:17,1900-01-00 00:00:00,,60:E9:AA:1D:0F:F3,-15,,0.000000,0.000000,0.000,0.000,Client
2026-05-15 08:09:17,1900-01-00 00:00:00,dlink-615_EXT,40:86:CB:27:D2:0C,-15, WPA2 ,0.000000,0.000000,0.000,0.000,AP
2026-05-15 08:09:17,1900-01-00 00:00:00,,60:E9:AA:1D:0F:F3,-15,,0.000000,0.000000,0.000,0.000,Client
2026-05-15 08:09:17,1900-01-00 00:00:00,dlink-615_EXT,40:86:CB:27:D2:0C,-15, WPA2 ,0.000000,0.000000,0.000,0.000,AP
2026-05-15 08:09:17,1900-01-00 00:00:00,,60:E9:AA:1D:0F:F3,-15,,0.000000,0.000000,0.000,0.000,Client
2026-05-15 08:09:17,1900-01-00 00:00:00,dlink-615_EXT,40:86:CB:27:D2:0C,-15, WPA2 ,0.000000,0.000000,0.000,0.000,AP
2026-05-15 08:09:17,1900-01-00 00:00:00,,60:E9:AA:1D:0F:F3,-17,,0.000000,0.000000,0.000,0.000,Client
2026-05-15 08:09:17,1900-01-00 00:00:00,dlink-615_EXT,40:86:CB:27:D2:0C,-17, WPA2 ,0.000000,0.000000,0.000,0.000,AP
2026-05-15 08:09:17,1900-01-00 00:00:00,,60:E9:AA:1D:0F:F3,-17,,0.000000,0.000000,0.000,0.000,Client
2026-05-15 08:09:17,1900-01-00 00:00:00,dlink-615_EXT,40:86:CB:27:D2:0C,-17, WPA2 ,0.000000,0.000000,0.000,0.000,AP
2026-05-15 08:09:17,1900-01-00 00:00:00,,60:E9:AA:1D:0F:F3,-17,,0.000000,0.000000,0.000,0.000,Client
2026-05-15 08:09:17,1900-01-00 00:00:00,dlink-615_EXT,40:86:CB:27:D2:0C,-17, WPA2 ,0.000000,0.000000,0.000,0.000,AP
2026-05-15 08:09:17,1900-01-00 00:00:00,,60:E9:AA:1D:0F:F3,-17,,0.000000,0.000000,0.000,0.000,Client
2026-05-15 08:09:17,1900-01-00 00:00:00,dlink-615_EXT,40:86:CB:27:D2:0C,-17, WPA2 ,0.000000,0.000000,0.000,0.000,AP
2026-05-15 08:09:17,1900-01-00 00:00:00,,60:E9:AA:1D:0F:F3,-17,,0.000000,0.000000,0.000,0.000,Client
2026-05-15 08:09:17,1900-01-00 00:00:00,dlink-615_EXT,40:86:CB:27:D2:0C,-17, WPA2 ,0.000000,0.000000,0.000,0.000,AP
2026-05-15 08:09:17,1900-01-00 00:00:00,,60:E9:AA:1D:0F:F3,-17,,0.000000,0.000000,0.000,0.000,Client
2026-05-15 08:09:17,1900-01-00 00:00:00,dlink-615_EXT,40:86:CB:27:D2:0C,-19, WPA2 ,0.000000,0.000000,0.000,0.000,AP
2026-05-15 08:09:17,1900-01-00 00:00:00,dlink-615_EXT,40:86:CB:27:D2:0C,-17, WPA2 ,0.000000,0.000000,0.000,0.000,AP
2026-05-15 08:09:17,1900-01-00 00:00:00,,60:E9:AA:1D:0F:F3,-17,,0.000000,0.000000,0.000,0.000,Client
2026-05-15 08:09:17,1900-01-00 00:00:00,dlink-615_EXT,40:86:CB:27:D2:0C,-17, WPA2 ,0.000000,0.000000,0.000,0.000,AP
2026-05-15 08:09:17,1900-01-00 00:00:00,,60:E9:AA:1D:0F:F3,-17,,0.000000,0.000000,0.000,0.000,Client
2026-05-15 08:09:17,1900-01-00 00:00:00,dlink-615_EXT,40:86:CB:27:D2:0C,-17, WPA2 ,0.000000,0.000000,0.000,0.000,AP
2026-05-15 08:09:17,1900-01-00 00:00:00,,60:E9:AA:1D:0F:F3,-17,,0.000000,0.000000,0.000,0.000,Client
2026-05-15 08:09:17,1900-01-00 00:00:00,dlink-615_EXT,40:86:CB:27:D2:0C,-17, WPA2 ,0.000000,0.000000,0.000,0.000,AP
2026-05-15 08:09:17,1900-01-00 00:00:00,,60:E9:AA:1D:0F:F3,-15,,0.000000,0.000000,0.000,0.000,Client
2026-05-15 08:09:17,1900-01-00 00:00:00,dlink-615_EXT,40:86:CB:27:D2:0C,-15, WPA2 ,0.000000,0.000000,0.000,0.000,AP
2026-05-15 08:09:17,1900-01-00 00:00:00,,60:E9:AA:1D:0F:F3,-15,,0.000000,0.000000,0.000,0.000,Client
2026-05-15 08:09:17,1900-01-00 00:00:00,dlink-615_EXT,40:86:CB:27:D2:0C,-15, WPA2 ,0.000000,0.000000,0.000,0.000,AP
2026-05-15 08:09:17,1900-01-00 00:00:00,,60:E9:AA:1D:0F:F3,-17,,0.000000,0.000000,0.000,0.000,Client
2026-05-15 08:09:17,1900-01-00 00:00:00,dlink-615_EXT,40:86:CB:27:D2:0C,-29, WPA2 ,0.000000,0.000000,0.000,0.000,AP
2026-05-15 08:09:17,1900-01-00 00:00:00,,60:E9:AA:1D:0F:F3,-29,,0.000000,0.000000,0.000,0.000,Client
2026-05-15 08:09:17,1900-01-00 00:00:00,,60:E9:AA:1D:0F:F3,-17,,0.000000,0.000000,0.000,0.000,Client
2026-05-15 08:09:17,1900-01-00 00:00:00,,60:E9:AA:1D:0F:F3,-29,,0.000000,0.000000,0.000,0.000,Client
2026-05-15 08:09:17,1900-01-00 00:00:00,dlink-615_EXT,40:86:CB:27:D2:0C,-17, WPA2 ,0.000000,0.000000,0.000,0.000,AP
2026-05-15 08:09:17,1900-01-00 00:00:00,dlink-615_EXT,40:86:CB:27:D2:0C,-27, WPA2 ,0.000000,0.000000,0.000,0.000,AP
2026-05-15 08:09:17,1900-01-00 00:00:00,,60:E9:AA:1D:0F:F3,-29,,0.000000,0.000000,0.000,0.000,Client
2026-05-15 08:09:17,1900-01-00 00:00:00,,60:E9:AA:1D:0F:F3,-15,,0.000000,0.000000,0.000,0.000,Client
2026-05-15 08:09:17,1900-01-00 00:00:00,dlink-615_EXT,40:86:CB:27:D2:0C,-27, WPA2 ,0.000000,0.000000,0.000,0.000,AP
2026-05-15 08:09:17,1900-01-00 00:00:00,dlink-615_EXT,40:86:CB:27:D2:0C,-15, WPA2 ,0.000000,0.000000,0.000,0.000,AP
2026-05-15 08:09:17,1900-01-00 00:00:00,,60:E9:AA:1D:0F:F3,-29,,0.000000,0.000000,0.000,0.000,Client
2026-05-15 08:09:17,1900-01-00 00:00:00,dlink-615_EXT,40:86:CB:27:D2:0C,-17, WPA2 ,0.000000,0.000000,0.000,0.000,AP
2026-05-15 08:09:17,1900-01-00 00:00:00,,60:E9:AA:1D:0F:F3,-17,,0.000000,0.000000,0.000,0.000,Client
2026-05-15 08:09:17,1900-01-00 00:00:00,dlink-615_EXT,40:86:CB:27:D2:0C,-15, WPA2 ,0.000000,0.000000,0.000,0.000,AP
2026-05-15 08:09:17,1900-01-00 00:00:00,,60:E9:AA:1D:0F:F3,-15,,0.000000,0.000000,0.000,0.000,Client
2026-05-15 08:09:17,1900-01-00 00:00:00,dlink-615_EXT,40:86:CB:27:D2:0C,-19, WPA2 ,0.000000,0.000000,0.000,0.000,AP
2026-05-15 08:09:17,1900-01-00 00:00:00,,60:E9:AA:1D:0F:F3,-19,,0.000000,0.000000,0.000,0.000,Client
2026-05-15 08:09:17,1900-01-00 00:00:00,dlink-615_EXT,40:86:CB:27:D2:0C,-19, WPA2 ,0.000000,0.000000,0.000,0.000,AP
2026-05-15 08:09:17,1900-01-00 00:00:00,,60:E9:AA:1D:0F:F3,-19,,0.000000,0.000000,0.000,0.000,Client
2026-05-15 08:09:17,1900-01-00 00:00:00,dlink-615_EXT,40:86:CB:27:D2:0C,-19, WPA2 ,0.000000,0.000000,0.000,0.000,AP
2026-05-15 08:09:17,1900-01-00 00:00:00,,60:E9:AA:1D:0F:F3,-19,,0.000000,0.000000,0.000,0.000,Client
2026-05-15 08:09:17,1900-01-00 00:00:00,dlink-615_EXT,40:86:CB:27:D2:0C,-19, WPA2 ,0.000000,0.000000,0.000,0.000,AP
2026-05-15 08:09:17,1900-01-00 00:00:00,,60:E9:AA:1D:0F:F3,-19,,0.000000,0.000000,0.000,0.000,Client
2026-05-15 08:09:17,1900-01-00 00:00:00,dlink-615_EXT,40:86:CB:27:D2:0C,-19, WPA2 ,0.000000,0.000000,0.000,0.000,AP
2026-05-15 08:09:17,1900-01-00 00:00:00,,60:E9:AA:1D:0F:F3,-19,,0.000000,0.000000,0.000,0.000,Client
2026-05-15 08:09:17,1900-01-00 00:00:00,dlink-615_EXT,40:86:CB:27:D2:0C,-19, WPA2 ,0.000000,0.000000,0.000,0.000,AP
2026-05-15 08:09:17,1900-01-00 00:00:00,,60:E9:AA:1D:0F:F3,-19,,0.000000,0.000000,0.000,0.000,Client
2026-05-15 08:09:17,1900-01-00 00:00:00,dlink-615_EXT,40:86:CB:27:D2:0C,-19, WPA2 ,0.000000,0.000000,0.000,0.000,AP
2026-05-15 08:09:17,1900-01-00 00:00:00,,60:E9:AA:1D:0F:F3,-19,,0.000000,0.000000,0.000,0.000,Client
2026-05-15 08:09:17,1900-01-00 00:00:00,dlink-615_EXT,40:86:CB:27:D2:0C,-21, WPA2 ,0.000000,0.000000,0.000,0.000,AP
2026-05-15 08:09:17,1900-01-00 00:00:00,dlink-615_EXT,40:86:CB:27:D2:0C,-21, WPA2 ,0.000000,0.000000,0.000,0.000,AP
2026-05-15 08:09:17,1900-01-00 00:00:00,,60:E9:AA:1D:0F:F3,-21,,0.000000,0.000000,0.000,0.000,Client
2026-05-15 08:09:17,1900-01-00 00:00:00,dlink-615_EXT,40:86:CB:27:D2:0C,-21, WPA2 ,0.000000,0.000000,0.000,0.000,AP
2026-05-15 08:09:17,1900-01-00 00:00:00,,60:E9:AA:1D:0F:F3,-21,,0.000000,0.000000,0.000,0.000,Client
2026-05-15 08:09:17,1900-01-00 00:00:00,dlink-615_EXT,40:86:CB:27:D2:0C,-21, WPA2 ,0.000000,0.000000,0.000,0.000,AP
2026-05-15 08:09:17,1900-01-00 00:00:00,,60:E9:AA:1D:0F:F3,-21,,0.000000,0.000000,0.000,0.000,Client
2026-05-15 08:09:17,1900-01-00 00:00:00,dlink-615_EXT,40:86:CB:27:D2:0C,-21, WPA2 ,0.000000,0.000000,0.000,0.000,AP
2026-05-15 08:09:17,1900-01-00 00:00:00,,60:E9:AA:1D:0F:F3,-21,,0.000000,0.000000,0.000,0.000,Client
2026-05-15 08:09:17,1900-01-00 00:00:00,dlink-615_EXT,40:86:CB:27:D2:0C,-21, WPA2 ,0.000000,0.000000,0.000,0.000,AP
2026-05-15 08:09:17,1900-01-00 00:00:00,,60:E9:AA:1D:0F:F3,-21,,0.000000,0.000000,0.000,0.000,Client
2026-05-15 08:09:17,1900-01-00 00:00:00,dlink-615_EXT,40:86:CB:27:D2:0C,-21, WPA2 ,0.000000,0.000000,0.000,0.000,AP
2026-05-15 08:09:17,1900-01-00 00:00:00,,60:E9:AA:1D:0F:F3,-21,,0.000000,0.000000,0.000,0.000,Client
2026-05-15 08:09:17,1900-01-00 00:00:00,dlink-615_EXT,40:86:CB:27:D2:0C,-21, WPA2 ,0.000000,0.000000,0.000,0.000,AP
2026-05-15 08:09:17,1900-01-00 00:00:00,,60:E9:AA:1D:0F:F3,-21,,0.000000,0.000000,0.000,0.000,Client
2026-05-15 08:09:17,1900-01-00 00:00:00,dlink-615_EXT,40:86:CB:27:D2:0C,-21, WPA2 ,0.000000,0.000000,0.000,0.000,AP
2026-05-15 08:09:17,1900-01-00 00:00:00,,60:E9:AA:1D:0F:F3,-21,,0.000000,0.000000,0.000,0.000,Client
2026-05-15 08:09:17,1900-01-00 00:00:00,dlink-615_EXT,40:86:CB:27:D2:0C,-21, WPA2 ,0.000000,0.000000,0.000,0.000,AP
2026-05-15 08:09:17,1900-01-00 00:00:00,,60:E9:AA:1D:0F:F3,-21,,0.000000,0.000000,0.000,0.000,Client
2026-05-15 08:09:17,1900-01-00 00:00:00,dlink-615_EXT,40:86:CB:27:D2:0C,-21, WPA2 ,0.000000,0.000000,0.000,0.000,AP
2026-05-15 08:09:17,1900-01-00 00:00:00,,60:E9:AA:1D:0F:F3,-21,,0.000000,0.000000,0.000,0.000,Client
2026-05-15 08:09:17,1900-01-00 00:00:00,dlink-615_EXT,40:86:CB:27:D2:0C,-21, WPA2 ,0.000000,0.000000,0.000,0.000,AP
2026-05-15 08:09:17,1900-01-00 00:00:00,,60:E9:AA:1D:0F:F3,-21,,0.000000,0.000000,0.000,0.000,Client
2026-05-15 08:09:17,1900-01-00 00:00:00,dlink-615_EXT,40:86:CB:27:D2:0C,-21, WPA2 ,0.000000,0.000000,0.000,0.000,AP
2026-05-15 08:09:17,1900-01-00 00:00:00,,60:E9:AA:1D:0F:F3,-21,,0.000000,0.000000,0.000,0.000,Client
2026-05-15 08:09:17,1900-01-00 00:00:00,dlink-615_EXT,40:86:CB:27:D2:0C,-21, WPA2 ,0.000000,0.000000,0.000,0.000,AP
2026-05-15 08:09:17,1900-01-00 00:00:00,,60:E9:AA:1D:0F:F3,-21,,0.000000,0.000000,0.000,0.000,Client
2026-05-15 08:09:17,1900-01-00 00:00:00,dlink-615_EXT,40:86:CB:27:D2:0C,-21, WPA2 ,0.000000,0.000000,0.000,0.000,AP
2026-05-15 08:09:17,1900-01-00 00:00:00,,60:E9:AA:1D:0F:F3,-21,,0.000000,0.000000,0.000,0.000,Client
2026-05-15 08:09:17,1900-01-00 00:00:00,,60:E9:AA:1D:0F:F3,-31,,0.000000,0.000000,0.000,0.000,Client
2026-05-15 08:09:17,1900-01-00 00:00:00,dlink-615_EXT,40:86:CB:27:D2:0C,-19, WPA2 ,0.000000,0.000000,0.000,0.000,AP
2026-05-15 08:09:17,1900-01-00 00:00:00,dlink-615_EXT,40:86:CB:27:D2:0C,-19, WPA2 ,0.000000,0.000000,0.000,0.000,AP
2026-05-15 08:09:17,1900-01-00 00:00:00,,60:E9:AA:1D:0F:F3,-31,,0.000000,0.000000,0.000,0.000,Client
2026-05-15 08:09:17,1900-01-00 00:00:00,dlink-615_EXT,40:86:CB:27:D2:0C,-31, WPA2 ,0.000000,0.000000,0.000,0.000,AP
2026-05-15 08:09:17,1900-01-00 00:00:00,,60:E9:AA:1D:0F:F3,-31,,0.000000,0.000000,0.000,0.000,Client
2026-05-15 08:09:17,1900-01-00 00:00:00,dlink-615_EXT,40:86:CB:27:D2:0C,-31, WPA2 ,0.000000,0.000000,0.000,0.000,AP
2026-05-15 08:09:17,1900-01-00 00:00:00,,60:E9:AA:1D:0F:F3,-31,,0.000000,0.000000,0.000,0.000,Client
2026-05-15 08:09:17,1900-01-00 00:00:00,dlink-615_EXT,40:86:CB:27:D2:0C,-31, WPA2 ,0.000000,0.000000,0.000,0.000,AP
2026-05-15 08:09:17,1900-01-00 00:00:00,dlink-615_EXT,40:86:CB:27:D2:0C,-19, WPA2 ,0.000000,0.000000,0.000,0.000,AP
2026-05-15 08:09:17,1900-01-00 00:00:00,,60:E9:AA:1D:0F:F3,-19,,0.000000,0.000000,0.000,0.000,Client
2026-05-15 08:09:17,1900-01-00 00:00:00,dlink-615_EXT,40:86:CB:27:D2:0C,-19, WPA2 ,0.000000,0.000000,0.000,0.000,AP
2026-05-15 08:09:17,1900-01-00 00:00:00,,60:E9:AA:1D:0F:F3,-19,,0.000000,0.000000,0.000,0.000,Client
2026-05-15 08:09:17,1900-01-00 00:00:00,dlink-615_EXT,40:86:CB:27:D2:0C,-19, WPA2 ,0.000000,0.000000,0.000,0.000,AP
2026-05-15 08:09:17,1900-01-00 00:00:00,,60:E9:AA:1D:0F:F3,-19,,0.000000,0.000000,0.000,0.000,Client
2026-05-15 08:09:17,1900-01-00 00:00:00,dlink-615_EXT,40:86:CB:27:D2:0C,-19, WPA2 ,0.000000,0.000000,0.000,0.000,AP
2026-05-15 08:09:17,1900-01-00 00:00:00,,60:E9:AA:1D:0F:F3,-19,,0.000000,0.000000,0.000,0.000,Client
2026-05-15 08:09:17,1900-01-00 00:00:00,dlink-615_EXT,40:86:CB:27:D2:0C,-19, WPA2 ,0.000000,0.000000,0.000,0.000,AP
2026-05-15 08:09:17,1900-01-00 00:00:00,,60:E9:AA:1D:0F:F3,-19,,0.000000,0.000000,0.000,0.000,Client
2026-05-15 08:09:17,1900-01-00 00:00:00,dlink-615_EXT,40:86:CB:27:D2:0C,-19, WPA2 ,0.000000,0.000000,0.000,0.000,AP
2026-05-15 08:09:17,1900-01-00 00:00:00,,60:E9:AA:1D:0F:F3,-19,,0.000000,0.000000,0.000,0.000,Client
2026-05-15 08:09:17,1900-01-00 00:00:00,dlink-615_EXT,40:86:CB:27:D2:0C,-19, WPA2 ,0.000000,0.000000,0.000,0.000,AP
2026-05-15 08:09:17,1900-01-00 00:00:00,,60:E9:AA:1D:0F:F3,-19,,0.000000,0.000000,0.000,0.000,Client
2026-05-15 08:09:17,1900-01-00 00:00:00,dlink-615_EXT,40:86:CB:27:D2:0C,-19, WPA2 ,0.000000,0.000000,0.000,0.000,AP
2026-05-15 08:09:17,1900-01-00 00:00:00,,60:E9:AA:1D:0F:F3,-19,,0.000000,0.000000,0.000,0.000,Client
2026-05-15 08:09:17,1900-01-00 00:00:00,dlink-615_EXT,40:86:CB:27:D2:0C,-19, WPA2 ,0.000000,0.000000,0.000,0.000,AP
2026-05-15 08:09:17,1900-01-00 00:00:00,,60:E9:AA:1D:0F:F3,-19,,0.000000,0.000000,0.000,0.000,Client
2026-05-15 08:09:17,1900-01-00 00:00:00,dlink-615_EXT,40:86:CB:27:D2:0C,-19, WPA2 ,0.000000,0.000000,0.000,0.000,AP
2026-05-15 08:09:17,1900-01-00 00:00:00,,60:E9:AA:1D:0F:F3,-19,,0.000000,0.000000,0.000,0.000,Client
2026-05-15 08:09:17,1900-01-00 00:00:00,dlink-615_EXT,40:86:CB:27:D2:0C,-19, WPA2 ,0.000000,0.000000,0.000,0.000,AP
2026-05-15 08:09:17,1900-01-00 00:00:00,,60:E9:AA:1D:0F:F3,-19,,0.000000,0.000000,0.000,0.000,Client
2026-05-15 08:09:17,1900-01-00 00:00:00,dlink-615_EXT,40:86:CB:27:D2:0C,-19, WPA2 ,0.000000,0.000000,0.000,0.000,AP
2026-05-15 08:09:17,1900-01-00 00:00:00,,60:E9:AA:1D:0F:F3,-19,,0.000000,0.000000,0.000,0.000,Client
2026-05-15 08:09:17,1900-01-00 00:00:00,dlink-615_EXT,40:86:CB:27:D2:0C,-19, WPA2 ,0.000000,0.000000,0.000,0.000,AP
2026-05-15 08:09:17,1900-01-00 00:00:00,,60:E9:AA:1D:0F:F3,-19,,0.000000,0.000000,0.000,0.000,Client
2026-05-15 08:09:17,1900-01-00 00:00:00,dlink-615_EXT,40:86:CB:27:D2:0C,-19, WPA2 ,0.000000,0.000000,0.000,0.000,AP
2026-05-15 08:09:17,1900-01-00 00:00:00,,60:E9:AA:1D:0F:F3,-19,,0.000000,0.000000,0.000,0.000,Client
2026-05-15 08:09:17,1900-01-00 00:00:00,dlink-615_EXT,40:86:CB:27:D2:0C,-19, WPA2 ,0.000000,0.000000,0.000,0.000,AP
2026-05-15 08:09:17,1900-01-00 00:00:00,,60:E9:AA:1D:0F:F3,-19,,0.000000,0.000000,0.000,0.000,Client
2026-05-15 08:09:17,1900-01-00 00:00:00,dlink-615_EXT,40:86:CB:27:D2:0C,-19, WPA2 ,0.000000,0.000000,0.000,0.000,AP
2026-05-15 08:09:17,1900-01-00 00:00:00,dlink-615_EXT,40:86:CB:27:D2:0C,-21, WPA2 ,0.000000,0.000000,0.000,0.000,AP
2026-05-15 08:09:17,1900-01-00 00:00:00,dlink-615_EXT,40:86:CB:27:D2:0C,-17, WPA2 ,0.000000,0.000000,0.000,0.000,AP
2026-05-15 08:09:17,1900-01-00 00:00:00,,60:E9:AA:1D:0F:F3,-29,,0.000000,0.000000,0.000,0.000,Client
2026-05-15 08:09:17,1900-01-00 00:00:00,dlink-615_EXT,40:86:CB:27:D2:0C,-17, WPA2 ,0.000000,0.000000,0.000,0.000,AP
2026-05-15 08:09:17,1900-01-00 00:00:00,,60:E9:AA:1D:0F:F3,-29,,0.000000,0.000000,0.000,0.000,Client
2026-05-15 08:09:17,1900-01-00 00:00:00,dlink-615_EXT,40:86:CB:27:D2:0C,-21, WPA2 ,0.000000,0.000000,0.000,0.000,AP
2026-05-15 08:09:17,1900-01-00 00:00:00,,60:E9:AA:1D:0F:F3,-29,,0.000000,0.000000,0.000,0.000,Client
2026-05-15 08:09:17,1900-01-00 00:00:00,dlink-615_EXT,40:86:CB:27:D2:0C,-17, WPA2 ,0.000000,0.000000,0.000,0.000,AP
2026-05-15 08:09:17,1900-01-00 00:00:00,dlink-615_EXT,40:86:CB:27:D2:0C,-17, WPA2 ,0.000000,0.000000,0.000,0.000,AP
2026-05-15 08:09:17,1900-01-00 00:00:00,dlink-615_EXT,40:86:CB:27:D2:0C,-28, WPA2 ,0.000000,0.000000,0.000,0.000,AP
2026-05-15 08:09:17,1900-01-00 00:00:00,,60:E9:AA:1D:0F:F3,-28,,0.000000,0.000000,0.000,0.000,Client
2026-05-15 08:09:17,1900-01-00 00:00:00,dlink-615_EXT,40:86:CB:27:D2:0C,-28, WPA2 ,0.000000,0.000000,0.000,0.000,AP
2026-05-15 08:09:17,1900-01-00 00:00:00,dlink-615_EXT,40:86:CB:27:D2:0C,-17, WPA2 ,0.000000,0.000000,0.000,0.000,AP
2026-05-15 08:09:17,1900-01-00 00:00:00,,60:E9:AA:1D:0F:F3,-28,,0.000000,0.000000,0.000,0.000,Client
2026-05-15 08:09:17,1900-01-00 00:00:00,dlink-615_EXT,40:86:CB:27:D2:0C,-28, WPA2 ,0.000000,0.000000,0.000,0.000,AP
2026-05-15 08:09:17,1900-01-00 00:00:00,,60:E9:AA:1D:0F:F3,-29,,0.000000,0.000000,0.000,0.000,Client
2026-05-15 08:09:17,1900-01-00 00:00:00,,60:E9:AA:1D:0F:F3,-15,,0.000000,0.000000,0.000,0.000,Client
2026-05-15 08:09:17,1900-01-00 00:00:00,dlink-615_EXT,40:86:CB:27:D2:0C,-17, WPA2 ,0.000000,0.000000,0.000,0.000,AP
2026-05-15 08:09:17,1900-01-00 00:00:00,,60:E9:AA:1D:0F:F3,-17,,0.000000,0.000000,0.000,0.000,Client
2026-05-15 08:09:17,1900-01-00 00:00:00,dlink-615_EXT,40:86:CB:27:D2:0C,-17, WPA2 ,0.000000,0.000000,0.000,0.000,AP
2026-05-15 08:09:17,1900-01-00 00:00:00,,60:E9:AA:1D:0F:F3,-17,,0.000000,0.000000,0.000,0.000,Client
2026-05-15 08:09:17,1900-01-00 00:00:00,dlink-615_EXT,40:86:CB:27:D2:0C,-29, WPA2 ,0.000000,0.000000,0.000,0.000,AP
2026-05-15 08:09:17,1900-01-00 00:00:00,,60:E9:AA:1D:0F:F3,-29,,0.000000,0.000000,0.000,0.000,Client
2026-05-15 08:09:17,1900-01-00 00:00:00,dlink-615_EXT,40:86:CB:27:D2:0C,-29, WPA2 ,0.000000,0.000000,0.000,0.000,AP
2026-05-15 08:09:17,1900-01-00 00:00:00,,60:E9:AA:1D:0F:F3,-29,,0.000000,0.000000,0.000,0.000,Client
2026-05-15 08:09:17,1900-01-00 00:00:00,dlink-615_EXT,40:86:CB:27:D2:0C,-29, WPA2 ,0.000000,0.000000,0.000,0.000,AP
2026-05-15 08:09:17,1900-01-00 00:00:00,,60:E9:AA:1D:0F:F3,-15,,0.000000,0.000000,0.000,0.000,Client
2026-05-15 08:09:17,1900-01-00 00:00:00,dlink-615_EXT,40:86:CB:27:D2:0C,-17, WPA2 ,0.000000,0.000000,0.000,0.000,AP
2026-05-15 08:09:17,1900-01-00 00:00:00,dlink-615_EXT,40:86:CB:27:D2:0C,-17, WPA2 ,0.000000,0.000000,0.000,0.000,AP
2026-05-15 08:09:17,1900-01-00 00:00:00,,60:E9:AA:1D:0F:F3,-17,,0.000000,0.000000,0.000,0.000,Client
2026-05-15 08:09:17,1900-01-00 00:00:00,dlink-615_EXT,40:86:CB:27:D2:0C,-17, WPA2 ,0.000000,0.000000,0.000,0.000,AP
2026-05-15 08:09:17,1900-01-00 00:00:00,,60:E9:AA:1D:0F:F3,-17,,0.000000,0.000000,0.000,0.000,Client
2026-05-15 08:09:17,1900-01-00 00:00:00,dlink-615_EXT,40:86:CB:27:D2:0C,-17, WPA2 ,0.000000,0.000000,0.000,0.000,AP
2026-05-15 08:09:17,1900-01-00 00:00:00,,60:E9:AA:1D:0F:F3,-17,,0.000000,0.000000,0.000,0.000,Client
2026-05-15 08:09:17,1900-01-00 00:00:00,dlink-615_EXT,40:86:CB:27:D2:0C,-15, WPA2 ,0.000000,0.000000,0.000,0.000,AP
2026-05-15 08:09:17,1900-01-00 00:00:00,,60:E9:AA:1D:0F:F3,-15,,0.000000,0.000000,0.000,0.000,Client
2026-05-15 08:09:17,1900-01-00 00:00:00,dlink-615_EXT,40:86:CB:27:D2:0C,-15, WPA2 ,0.000000,0.000000,0.000,0.000,AP
2026-05-15 08:09:17,1900-01-00 00:00:00,,60:E9:AA:1D:0F:F3,-15,,0.000000,0.000000,0.000,0.000,Client
2026-05-15 08:09:17,1900-01-00 00:00:00,dlink-615_EXT,40:86:CB:27:D2:0C,-15, WPA2 ,0.000000,0.000000,0.000,0.000,AP
2026-05-15 08:09:17,1900-01-00 00:00:00,,60:E9:AA:1D:0F:F3,-19,,0.000000,0.000000,0.000,0.000,Client
2026-05-15 08:09:17,1900-01-00 00:00:00,dlink-615_EXT,40:86:CB:27:D2:0C,-19, WPA2 ,0.000000,0.000000,0.000,0.000,AP
2026-05-15 08:09:17,1900-01-00 00:00:00,,60:E9:AA:1D:0F:F3,-19,,0.000000,0.000000,0.000,0.000,Client
2026-05-15 08:09:17,1900-01-00 00:00:00,dlink-615_EXT,40:86:CB:27:D2:0C,-19, WPA2 ,0.000000,0.000000,0.000,0.000,AP
2026-05-15 08:09:17,1900-01-00 00:00:00,,60:E9:AA:1D:0F:F3,-19,,0.000000,0.000000,0.000,0.000,Client
2026-05-15 08:09:17,1900-01-00 00:00:00,dlink-615_EXT,40:86:CB:27:D2:0C,-19, WPA2 ,0.000000,0.000000,0.000,0.000,AP
2026-05-15 08:09:17,1900-01-00 00:00:00,,60:E9:AA:1D:0F:F3,-15,,0.000000,0.000000,0.000,0.000,Client
2026-05-15 08:09:17,1900-01-00 00:00:00,dlink-615_EXT,40:86:CB:27:D2:0C,-17, WPA2 ,0.000000,0.000000,0.000,0.000,AP
2026-05-15 08:09:17,1900-01-00 00:00:00,,60:E9:AA:1D:0F:F3,-17,,0.000000,0.000000,0.000,0.000,Client
2026-05-15 08:09:17,1900-01-00 00:00:00,dlink-615_EXT,40:86:CB:27:D2:0C,-17, WPA2 ,0.000000,0.000000,0.000,0.000,AP
2026-05-15 08:09:17,1900-01-00 00:00:00,,60:E9:AA:1D:0F:F3,-17,,0.000000,0.000000,0.000,0.000,Client
2026-05-15 08:09:17,1900-01-00 00:00:00,dlink-615_EXT,40:86:CB:27:D2:0C,-19, WPA2 ,0.000000,0.000000,0.000,0.000,AP
2026-05-15 08:09:17,1900-01-00 00:00:00,,60:E9:AA:1D:0F:F3,-15,,0.000000,0.000000,0.000,0.000,Client
2026-05-15 08:09:17,1900-01-00 00:00:00,dlink-615_EXT,40:86:CB:27:D2:0C,-15, WPA2 ,0.000000,0.000000,0.000,0.000,AP
2026-05-15 08:09:17,1900-01-00 00:00:00,,60:E9:AA:1D:0F:F3,-15,,0.000000,0.000000,0.000,0.000,Client
2026-05-15 08:09:17,1900-01-00 00:00:00,dlink-615_EXT,40:86:CB:27:D2:0C,-15, WPA2 ,0.000000,0.000000,0.000,0.000,AP
2026-05-15 08:09:17,1900-01-00 00:00:00,,60:E9:AA:1D:0F:F3,-17,,0.000000,0.000000,0.000,0.000,Client
2026-05-15 08:09:17,1900-01-00 00:00:00,dlink-615_EXT,40:86:CB:27:D2:0C,-17, WPA2 ,0.000000,0.000000,0.000,0.000,AP
2026-05-15 08:09:17,1900-01-00 00:00:00,,60:E9:AA:1D:0F:F3,-17,,0.000000,0.000000,0.000,0.000,Client
2026-05-15 08:09:17,1900-01-00 00:00:00,dlink-615_EXT,40:86:CB:27:D2:0C,-17, WPA2 ,0.000000,0.000000,0.000,0.000,AP
2026-05-15 08:09:17,1900-01-00 00:00:00,,60:E9:AA:1D:0F:F3,-31,,0.000000,0.000000,0.000,0.000,Client
2026-05-15 08:09:17,1900-01-00 00:00:00,,60:E9:AA:1D:0F:F3,-17,,0.000000,0.000000,0.000,0.000,Client
2026-05-15 08:09:17,1900-01-00 00:00:00,dlink-615_EXT,40:86:CB:27:D2:0C,-17, WPA2 ,0.000000,0.000000,0.000,0.000,AP
2026-05-15 08:09:17,1900-01-00 00:00:00,,60:E9:AA:1D:0F:F3,-29,,0.000000,0.000000,0.000,0.000,Client
2026-05-15 08:09:17,1900-01-00 00:00:00,dlink-615_EXT,40:86:CB:27:D2:0C,-17, WPA2 ,0.000000,0.000000,0.000,0.000,AP
2026-05-15 08:09:17,1900-01-00 00:00:00,dlink-615_EXT,40:86:CB:27:D2:0C,-27, WPA2 ,0.000000,0.000000,0.000,0.000,AP
2026-05-15 08:09:17,1900-01-00 00:00:00,dlink-615_EXT,40:86:CB:27:D2:0C,-17, WPA2 ,0.000000,0.000000,0.000,0.000,AP
2026-05-15 08:09:17,1900-01-00 00:00:00,,60:E9:AA:1D:0F:F3,-17,,0.000000,0.000000,0.000,0.000,Client
2026-05-15 08:09:17,1900-01-00 00:00:00,,60:E9:AA:1D:0F:F3,-27,,0.000000,0.000000,0.000,0.000,Client
2026-05-15 08:09:17,1900-01-00 00:00:00,dlink-615_EXT,40:86:CB:27:D2:0C,-17, WPA2 ,0.000000,0.000000,0.000,0.000,AP
2026-05-15 08:09:17,1900-01-00 00:00:00,dlink-615_EXT,40:86:CB:27:D2:0C,-27, WPA2 ,0.000000,0.000000,0.000,0.000,AP
2026-05-15 08:09:17,1900-01-00 00:00:00,dlink-615_EXT,40:86:CB:27:D2:0C,-17, WPA2 ,0.000000,0.000000,0.000,0.000,AP
2026-05-15 08:09:17,1900-01-00 00:00:00,,60:E9:AA:1D:0F:F3,-27,,0.000000,0.000000,0.000,0.000,Client
2026-05-15 08:09:17,1900-01-00 00:00:00,dlink-615_EXT,40:86:CB:27:D2:0C,-17, WPA2 ,0.000000,0.000000,0.000,0.000,AP
2026-05-15 08:09:17,1900-01-00 00:00:00,,60:E9:AA:1D:0F:F3,-17,,0.000000,0.000000,0.000,0.000,Client
2026-05-15 08:09:17,1900-01-00 00:00:00,dlink-615_EXT,40:86:CB:27:D2:0C,-17, WPA2 ,0.000000,0.000000,0.000,0.000,AP
2026-05-15 08:09:17,1900-01-00 00:00:00,,60:E9:AA:1D:0F:F3,-17,,0.000000,0.000000,0.000,0.000,Client
2026-05-15 08:09:17,1900-01-00 00:00:00,dlink-615_EXT,40:86:CB:27:D2:0C,-17, WPA2 ,0.000000,0.000000,0.000,0.000,AP
2026-05-15 08:09:17,1900-01-00 00:00:00,,60:E9:AA:1D:0F:F3,-17,,0.000000,0.000000,0.000,0.000,Client
2026-05-15 08:09:17,1900-01-00 00:00:00,,60:E9:AA:1D:0F:F3,-27,,0.000000,0.000000,0.000,0.000,Client
2026-05-15 08:09:17,1900-01-00 00:00:00,dlink-615_EXT,40:86:CB:27:D2:0C,-17, WPA2 ,0.000000,0.000000,0.000,0.000,AP
2026-05-15 08:09:17,1900-01-00 00:00:00,dlink-615_EXT,40:86:CB:27:D2:0C,-27, WPA2 ,0.000000,0.000000,0.000,0.000,AP
2026-05-15 08:09:17,1900-01-00 00:00:00,,60:E9:AA:1D:0F:F3,-27,,0.000000,0.000000,0.000,0.000,Client
2026-05-15 08:09:17,1900-01-00 00:00:00,dlink-615_EXT,40:86:CB:27:D2:0C,-27, WPA2 ,0.000000,0.000000,0.000,0.000,AP
2026-05-15 08:09:17,1900-01-00 00:00:00,,60:E9:AA:1D:0F:F3,-27,,0.000000,0.000000,0.000,0.000,Client
2026-05-15 08:09:17,1900-01-00 00:00:00,dlink-615_EXT,40:86:CB:27:D2:0C,-17, WPA2 ,0.000000,0.000000,0.000,0.000,AP
2026-05-15 08:09:17,1900-01-00 00:00:00,,60:E9:AA:1D:0F:F3,-17,,0.000000,0.000000,0.000,0.000,Client
2026-05-15 08:09:17,1900-01-00 00:00:00,dlink-615_EXT,40:86:CB:27:D2:0C,-17, WPA2 ,0.000000,0.000000,0.000,0.000,AP
2026-05-15 08:09:17,1900-01-00 00:00:00,,60:E9:AA:1D:0F:F3,-17,,0.000000,0.000000,0.000,0.000,Client
2026-05-15 08:09:17,1900-01-00 00:00:00,dlink-615_EXT,40:86:CB:27:D2:0C,-17, WPA2 ,0.000000,0.000000,0.000,0.000,AP
2026-05-15 08:09:17,1900-01-00 00:00:00,,60:E9:AA:1D:0F:F3,-17,,0.000000,0.000000,0.000,0.000,Client
2026-05-15 08:09:17,1900-01-00 00:00:00,dlink-615_EXT,40:86:CB:27:D2:0C,-17, WPA2 ,0.000000,0.000000,0.000,0.000,AP
2026-05-15 08:09:17,1900-01-00 00:00:00,,60:E9:AA:1D:0F:F3,-17,,0.000000,0.000000,0.000,0.000,Client
2026-05-15 08:09:17,1900-01-00 00:00:00,dlink-615_EXT,40:86:CB:27:D2:0C,-17, WPA2 ,0.000000,0.000000,0.000,0.000,AP
2026-05-15 08:09:17,1900-01-00 00:00:00,,60:E9:AA:1D:0F:F3,-17,,0.000000,0.000000,0.000,0.000,Client
2026-05-15 08:09:17,1900-01-00 00:00:00,dlink-615_EXT,40:86:CB:27:D2:0C,-17, WPA2 ,0.000000,0.000000,0.000,0.000,AP
2026-05-15 08:09:17,1900-01-00 00:00:00,,60:E9:AA:1D:0F:F3,-17,,0.000000,0.000000,0.000,0.000,Client
2026-05-15 08:09:17,1900-01-00 00:00:00,dlink-615_EXT,40:86:CB:27:D2:0C,-17, WPA2 ,0.000000,0.000000,0.000,0.000,AP
2026-05-15 08:09:17,1900-01-00 00:00:00,,60:E9:AA:1D:0F:F3,-17,,0.000000,0.000000,0.000,0.000,Client
2026-05-15 08:09:17,1900-01-00 00:00:00,dlink-615_EXT,40:86:CB:27:D2:0C,-17, WPA2 ,0.000000,0.000000,0.000,0.000,AP
2026-05-15 08:09:17,1900-01-00 00:00:00,,60:E9:AA:1D:0F:F3,-17,,0.000000,0.000000,0.000,0.000,Client
2026-05-15 08:09:17,1900-01-00 00:00:00,dlink-615_EXT,40:86:CB:27:D2:0C,-17, WPA2 ,0.000000,0.000000,0.000,0.000,AP
2026-05-15 08:09:17,1900-01-00 00:00:00,,60:E9:AA:1D:0F:F3,-17,,0.000000,0.000000,0.000,0.000,Client
2026-05-15 08:09:17,1900-01-00 00:00:00,dlink-615_EXT,40:86:CB:27:D2:0C,-17, WPA2 ,0.000000,0.000000,0.000,0.000,AP
2026-05-15 08:09:17,1900-01-00 00:00:00,dlink-615_EXT,40:86:CB:27:D2:0C,-17, WPA2 ,0.000000,0.000000,0.000,0.000,AP
2026-05-15 08:09:17,1900-01-00 00:00:00,,60:E9:AA:1D:0F:F3,-17,,0.000000,0.000000,0.000,0.000,Client
2026-05-15 08:09:17,1900-01-00 00:00:00,dlink-615_EXT,40:86:CB:27:D2:0C,-17, WPA2 ,0.000000,0.000000,0.000,0.000,AP
2026-05-15 08:09:17,1900-01-00 00:00:00,,60:E9:AA:1D:0F:F3,-17,,0.000000,0.000000,0.000,0.000,Client
2026-05-15 08:09:17,1900-01-00 00:00:00,dlink-615_EXT,40:86:CB:27:D2:0C,-17, WPA2 ,0.000000,0.000000,0.000,0.000,AP
2026-05-15 08:09:17,1900-01-00 00:00:00,,60:E9:AA:1D:0F:F3,-17,,0.000000,0.000000,0.000,0.000,Client
2026-05-15 08:09:17,1900-01-00 00:00:00,dlink-615_EXT,40:86:CB:27:D2:0C,-17, WPA2 ,0.000000,0.000000,0.000,0.000,AP
2026-05-15 08:09:17,1900-01-00 00:00:00,,60:E9:AA:1D:0F:F3,-17,,0.000000,0.000000,0.000,0.000,Client
2026-05-15 08:09:17,1900-01-00 00:00:00,dlink-615_EXT,40:86:CB:27:D2:0C,-17, WPA2 ,0.000000,0.000000,0.000,0.000,AP
2026-05-15 08:09:17,1900-01-00 00:00:00,,60:E9:AA:1D:0F:F3,-27,,0.000000,0.000000,0.000,0.000,Client
2026-05-15 08:09:17,1900-01-00 00:00:00,dlink-615_EXT,40:86:CB:27:D2:0C,-15, WPA2 ,0.000000,0.000000,0.000,0.000,AP
2026-05-15 08:09:17,1900-01-00 00:00:00,,60:E9:AA:1D:0F:F3,-15,,0.000000,0.000000,0.000,0.000,Client
2026-05-15 08:09:17,1900-01-00 00:00:00,,60:E9:AA:1D:0F:F3,-27,,0.000000,0.000000,0.000,0.000,Client
2026-05-15 08:09:17,1900-01-00 00:00:00,dlink-615_EXT,40:86:CB:27:D2:0C,-27, WPA2 ,0.000000,0.000000,0.000,0.000,AP
2026-05-15 08:09:17,1900-01-00 00:00:00,dlink-615_EXT,40:86:CB:27:D2:0C,-17, WPA2 ,0.000000,0.000000,0.000,0.000,AP
2026-05-15 08:09:17,1900-01-00 00:00:00,,60:E9:AA:1D:0F:F3,-27,,0.000000,0.000000,0.000,0.000,Client
2026-05-15 08:09:17,1900-01-00 00:00:00,dlink-615_EXT,40:86:CB:27:D2:0C,-17, WPA2 ,0.000000,0.000000,0.000,0.000,AP
2026-05-15 08:09:17,1900-01-00 00:00:00,,60:E9:AA:1D:0F:F3,-17,,0.000000,0.000000,0.000,0.000,Client
2026-05-15 08:09:17,1900-01-00 00:00:00,dlink-615_EXT,40:86:CB:27:D2:0C,-17, WPA2 ,0.000000,0.000000,0.000,0.000,AP
2026-05-15 08:09:17,1900-01-00 00:00:00,,60:E9:AA:1D:0F:F3,-17,,0.000000,0.000000,0.000,0.000,Client
2026-05-15 08:09:17,1900-01-00 00:00:00,dlink-615_EXT,40:86:CB:27:D2:0C,-17, WPA2 ,0.000000,0.000000,0.000,0.000,AP
2026-05-15 08:09:17,1900-01-00 00:00:00,,60:E9:AA:1D:0F:F3,-27,,0.000000,0.000000,0.000,0.000,Client
2026-05-15 08:09:17,1900-01-00 00:00:00,,60:E9:AA:1D:0F:F3,-15,,0.000000,0.000000,0.000,0.000,Client
2026-05-15 08:09:17,1900-01-00 00:00:00,dlink-615_EXT,40:86:CB:27:D2:0C,-17, WPA2 ,0.000000,0.000000,0.000,0.000,AP
2026-05-15 08:09:17,1900-01-00 00:00:00,,60:E9:AA:1D:0F:F3,-17,,0.000000,0.000000,0.000,0.000,Client
2026-05-15 08:09:17,1900-01-00 00:00:00,dlink-615_EXT,40:86:CB:27:D2:0C,-17, WPA2 ,0.000000,0.000000,0.000,0.000,AP
2026-05-15 08:09:17,1900-01-00 00:00:00,,60:E9:AA:1D:0F:F3,-17,,0.000000,0.000000,0.000,0.000,Client
2026-05-15 08:09:17,1900-01-00 00:00:00,,9C:2F:9D:82:20:A3,-23,,0.000000,0.000000,0.000,0.000,Client
2026-05-15 08:09:17,1900-01-00 00:00:00,dlink-615_EXT,40:86:CB:27:D2:0C,-17, WPA2 ,0.000000,0.000000,0.000,0.000,AP
2026-05-15 08:09:17,1900-01-00 00:00:00,,60:E9:AA:1D:0F:F3,-17,,0.000000,0.000000,0.000,0.000,Client
2026-05-15 08:09:17,1900-01-00 00:00:00,dlink-615_EXT,40:86:CB:27:D2:0C,-17, WPA2 ,0.000000,0.000000,0.000,0.000,AP
2026-05-15 08:09:17,1900-01-00 00:00:00,,60:E9:AA:1D:0F:F3,-17,,0.000000,0.000000,0.000,0.000,Client
2026-05-15 08:09:17,1900-01-00 00:00:00,dlink-615_EXT,40:86:CB:27:D2:0C,-17, WPA2 ,0.000000,0.000000,0.000,0.000,AP
2026-05-15 08:09:17,1900-01-00 00:00:00,,60:E9:AA:1D:0F:F3,-17,,0.000000,0.000000,0.000,0.000,Client
2026-05-15 08:09:17,1900-01-00 00:00:00,dlink-615_EXT,40:86:CB:27:D2:0C,-17, WPA2 ,0.000000,0.000000,0.000,0.000,AP
2026-05-15 08:09:17,1900-01-00 00:00:00,,60:E9:AA:1D:0F:F3,-17,,0.000000,0.000000,0.000,0.000,Client
2026-05-15 08:09:17,1900-01-00 00:00:00,dlink-615_EXT,40:86:CB:27:D2:0C,-17, WPA2 ,0.000000,0.000000,0.000,0.000,AP
2026-05-15 08:09:17,1900-01-00 00:00:00,,60:E9:AA:1D:0F:F3,-17,,0.000000,0.000000,0.000,0.000,Client
2026-05-15 08:09:17,1900-01-00 00:00:00,dlink-615_EXT,40:86:CB:27:D2:0C,-17, WPA2 ,0.000000,0.000000,0.000,0.000,AP
2026-05-15 08:09:17,1900-01-00 00:00:00,,60:E9:AA:1D:0F:F3,-17,,0.000000,0.000000,0.000,0.000,Client
2026-05-15 08:09:17,1900-01-00 00:00:00,dlink-615_EXT,40:86:CB:27:D2:0C,-17, WPA2 ,0.000000,0.000000,0.000,0.000,AP
2026-05-15 08:09:17,1900-01-00 00:00:00,dlink-615_EXT,40:86:CB:27:D2:0C,-17, WPA2 ,0.000000,0.000000,0.000,0.000,AP
2026-05-15 08:09:17,1900-01-00 00:00:00,,60:E9:AA:1D:0F:F3,-17,,0.000000,0.000000,0.000,0.000,Client
2026-05-15 08:09:17,1900-01-00 00:00:00,dlink-615_EXT,40:86:CB:27:D2:0C,-17, WPA2 ,0.000000,0.000000,0.000,0.000,AP
2026-05-15 08:09:17,1900-01-00 00:00:00,,60:E9:AA:1D:0F:F3,-17,,0.000000,0.000000,0.000,0.000,Client
2026-05-15 08:09:17,1900-01-00 00:00:00,dlink-615_EXT,40:86:CB:27:D2:0C,-17, WPA2 ,0.000000,0.000000,0.000,0.000,AP
2026-05-15 08:09:17,1900-01-00 00:00:00,,60:E9:AA:1D:0F:F3,-17,,0.000000,0.000000,0.000,0.000,Client
2026-05-15 08:09:17,1900-01-00 00:00:00,dlink-615_EXT,40:86:CB:27:D2:0C,-17, WPA2 ,0.000000,0.000000,0.000,0.000,AP
2026-05-15 08:09:18,1900-01-00 00:00:00,,60:E9:AA:1D:0F:F3,-17,,0.000000,0.000000,0.000,0.000,Client
2026-05-15 08:09:18,1900-01-00 00:00:00,dlink-615_EXT,40:86:CB:27:D2:0C,-17, WPA2 ,0.000000,0.000000,0.000,0.000,AP
2026-05-15 08:09:18,1900-01-00 00:00:00,,60:E9:AA:1D:0F:F3,-29,,0.000000,0.000000,0.000,0.000,Client
2026-05-15 08:09:18,1900-01-00 00:00:00,dlink-615_EXT,40:86:CB:27:D2:0C,-17, WPA2 ,0.000000,0.000000,0.000,0.000,AP
2026-05-15 08:09:18,1900-01-00 00:00:00,,60:E9:AA:1D:0F:F3,-17,,0.000000,0.000000,0.000,0.000,Client
2026-05-15 08:09:18,1900-01-00 00:00:00,dlink-615_EXT,40:86:CB:27:D2:0C,-17, WPA2 ,0.000000,0.000000,0.000,0.000,AP
2026-05-15 08:09:18,1900-01-00 00:00:00,,60:E9:AA:1D:0F:F3,-17,,0.000000,0.000000,0.000,0.000,Client
2026-05-15 08:09:18,1900-01-00 00:00:00,dlink-615_EXT,40:86:CB:27:D2:0C,-63, WPA2 ,0.000000,0.000000,0.000,0.000,AP
2026-05-15 08:09:18,1900-01-00 00:00:00,,60:E9:AA:1D:0F:F3,-63,,0.000000,0.000000,0.000,0.000,Client
2026-05-15 08:09:18,1900-01-00 00:00:00,dlink-615_EXT,40:86:CB:27:D2:0C,-63, WPA2 ,0.000000,0.000000,0.000,0.000,AP
2026-05-15 08:09:18,1900-01-00 00:00:00,,60:E9:AA:1D:0F:F3,-63,,0.000000,0.000000,0.000,0.000,Client
2026-05-15 08:09:18,1900-01-00 00:00:00,dlink-615_EXT,40:86:CB:27:D2:0C,-63, WPA2 ,0.000000,0.000000,0.000,0.000,AP
2026-05-15 08:09:18,1900-01-00 00:00:00,,60:E9:AA:1D:0F:F3,-63,,0.000000,0.000000,0.000,0.000,Client
2026-05-15 08:09:18,1900-01-00 00:00:00,dlink-615_EXT,40:86:CB:27:D2:0C,-63, WPA2 ,0.000000,0.000000,0.000,0.000,AP
2026-05-15 08:09:18,1900-01-00 00:00:00,,60:E9:AA:1D:0F:F3,-63,,0.000000,0.000000,0.000,0.000,Client
2026-05-15 08:09:18,1900-01-00 00:00:00,dlink-615_EXT,40:86:CB:27:D2:0C,-63, WPA2 ,0.000000,0.000000,0.000,0.000,AP
2026-05-15 08:09:18,1900-01-00 00:00:00,,60:E9:AA:1D:0F:F3,-63,,0.000000,0.000000,0.000,0.000,Client
2026-05-15 08:09:18,1900-01-00 00:00:00,dlink-615_EXT,40:86:CB:27:D2:0C,-63, WPA2 ,0.000000,0.000000,0.000,0.000,AP
2026-05-15 08:09:18,1900-01-00 00:00:00,,60:E9:AA:1D:0F:F3,-63,,0.000000,0.000000,0.000,0.000,Client
2026-05-15 08:09:18,1900-01-00 00:00:00,dlink-615_EXT,40:86:CB:27:D2:0C,-63, WPA2 ,0.000000,0.000000,0.000,0.000,AP
2026-05-15 08:09:18,1900-01-00 00:00:00,,60:E9:AA:1D:0F:F3,-63,,0.000000,0.000000,0.000,0.000,Client
2026-05-15 08:09:18,1900-01-00 00:00:00,dlink-615_EXT,40:86:CB:27:D2:0C,-63, WPA2 ,0.000000,0.000000,0.000,0.000,AP
2026-05-15 08:09:18,1900-01-00 00:00:00,,60:E9:AA:1D:0F:F3,-63,,0.000000,0.000000,0.000,0.000,Client
2026-05-15 08:09:18,1900-01-00 00:00:00,dlink-615_EXT,40:86:CB:27:D2:0C,-63, WPA2 ,0.000000,0.000000,0.000,0.000,AP
2026-05-15 08:09:18,1900-01-00 00:00:00,,60:E9:AA:1D:0F:F3,-63,,0.000000,0.000000,0.000,0.000,Client
2026-05-15 08:09:18,1900-01-00 00:00:00,dlink-615_EXT,40:86:CB:27:D2:0C,-63, WPA2 ,0.000000,0.000000,0.000,0.000,AP
2026-05-15 08:09:18,1900-01-00 00:00:00,,60:E9:AA:1D:0F:F3,-63,,0.000000,0.000000,0.000,0.000,Client
2026-05-15 08:09:18,1900-01-00 00:00:00,dlink-615_EXT,40:86:CB:27:D2:0C,-63, WPA2 ,0.000000,0.000000,0.000,0.000,AP
2026-05-15 08:09:18,1900-01-00 00:00:00,,60:E9:AA:1D:0F:F3,-63,,0.000000,0.000000,0.000,0.000,Client
2026-05-15 08:09:18,1900-01-00 00:00:00,dlink-615_EXT,40:86:CB:27:D2:0C,-63, WPA2 ,0.000000,0.000000,0.000,0.000,AP
2026-05-15 08:09:18,1900-01-00 00:00:00,,60:E9:AA:1D:0F:F3,-63,,0.000000,0.000000,0.000,0.000,Client
2026-05-15 08:09:18,1900-01-00 00:00:00,dlink-615_EXT,40:86:CB:27:D2:0C,-63, WPA2 ,0.000000,0.000000,0.000,0.000,AP
2026-05-15 08:09:18,1900-01-00 00:00:00,,60:E9:AA:1D:0F:F3,-63,,0.000000,0.000000,0.000,0.000,Client
2026-05-15 08:09:18,1900-01-00 00:00:00,dlink-615_EXT,40:86:CB:27:D2:0C,-63, WPA2 ,0.000000,0.000000,0.000,0.000,AP
2026-05-15 08:09:18,1900-01-00 00:00:00,,60:E9:AA:1D:0F:F3,-63,,0.000000,0.000000,0.000,0.000,Client
2026-05-15 08:09:18,1900-01-00 00:00:00,dlink-615_EXT,40:86:CB:27:D2:0C,-63, WPA2 ,0.000000,0.000000,0.000,0.000,AP
2026-05-15 08:09:18,1900-01-00 00:00:00,,60:E9:AA:1D:0F:F3,-63,,0.000000,0.000000,0.000,0.000,Client
2026-05-15 08:09:18,1900-01-00 00:00:00,dlink-615_EXT,40:86:CB:27:D2:0C,-63, WPA2 ,0.000000,0.000000,0.000,0.000,AP
2026-05-15 08:09:18,1900-01-00 00:00:00,,60:E9:AA:1D:0F:F3,-63,,0.000000,0.000000,0.000,0.000,Client
2026-05-15 08:09:18,1900-01-00 00:00:00,dlink-615_EXT,40:86:CB:27:D2:0C,-63, WPA2 ,0.000000,0.000000,0.000,0.000,AP
2026-05-15 08:09:18,1900-01-00 00:00:00,,60:E9:AA:1D:0F:F3,-63,,0.000000,0.000000,0.000,0.000,Client
2026-05-15 08:09:18,1900-01-00 00:00:00,dlink-615_EXT,40:86:CB:27:D2:0C,-63, WPA2 ,0.000000,0.000000,0.000,0.000,AP
2026-05-15 08:09:18,1900-01-00 00:00:00,,60:E9:AA:1D:0F:F3,-63,,0.000000,0.000000,0.000,0.000,Client
2026-05-15 08:09:18,1900-01-00 00:00:00,dlink-615_EXT,40:86:CB:27:D2:0C,-63, WPA2 ,0.000000,0.000000,0.000,0.000,AP
2026-05-15 08:09:18,1900-01-00 00:00:00,,60:E9:AA:1D:0F:F3,-63,,0.000000,0.000000,0.000,0.000,Client
2026-05-15 08:09:18,1900-01-00 00:00:00,dlink-615_EXT,40:86:CB:27:D2:0C,-63, WPA2 ,0.000000,0.000000,0.000,0.000,AP
2026-05-15 08:09:18,1900-01-00 00:00:00,,60:E9:AA:1D:0F:F3,-63,,0.000000,0.000000,0.000,0.000,Client
2026-05-15 08:09:18,1900-01-00 00:00:00,dlink-615_EXT,40:86:CB:27:D2:0C,-63, WPA2 ,0.000000,0.000000,0.000,0.000,AP
2026-05-15 08:09:18,1900-01-00 00:00:00,,60:E9:AA:1D:0F:F3,-63,,0.000000,0.000000,0.000,0.000,Client
2026-05-15 08:09:18,1900-01-00 00:00:00,dlink-615_EXT,40:86:CB:27:D2:0C,-63, WPA2 ,0.000000,0.000000,0.000,0.000,AP
2026-05-15 08:09:18,1900-01-00 00:00:00,,60:E9:AA:1D:0F:F3,-25,,0.000000,0.000000,0.000,0.000,Client
2026-05-15 08:09:18,1900-01-00 00:00:00,dlink-615_EXT,40:86:CB:27:D2:0C,-25, WPA2 ,0.000000,0.000000,0.000,0.000,AP
2026-05-15 08:09:18,1900-01-00 00:00:00,,60:E9:AA:1D:0F:F3,-25,,0.000000,0.000000,0.000,0.000,Client
2026-05-15 08:09:18,1900-01-00 00:00:00,dlink-615_EXT,40:86:CB:27:D2:0C,-25, WPA2 ,0.000000,0.000000,0.000,0.000,AP
2026-05-15 08:09:18,1900-01-00 00:00:00,,60:E9:AA:1D:0F:F3,-25,,0.000000,0.000000,0.000,0.000,Client
2026-05-15 08:09:18,1900-01-00 00:00:00,dlink-615_EXT,40:86:CB:27:D2:0C,-55, WPA2 ,0.000000,0.000000,0.000,0.000,AP
2026-05-15 08:09:18,1900-01-00 00:00:00,,60:E9:AA:1D:0F:F3,-55,,0.000000,0.000000,0.000,0.000,Client
2026-05-15 08:09:18,1900-01-00 00:00:00,dlink-615_EXT,40:86:CB:27:D2:0C,-55, WPA2 ,0.000000,0.000000,0.000,0.000,AP
2026-05-15 08:09:18,1900-01-00 00:00:00,,60:E9:AA:1D:0F:F3,-55,,0.000000,0.000000,0.000,0.000,Client
2026-05-15 08:09:18,1900-01-00 00:00:00,dlink-615_EXT,40:86:CB:27:D2:0C,-55, WPA2 ,0.000000,0.000000,0.000,0.000,AP
2026-05-15 08:09:18,1900-01-00 00:00:00,,60:E9:AA:1D:0F:F3,-55,,0.000000,0.000000,0.000,0.000,Client
2026-05-15 08:09:18,1900-01-00 00:00:00,dlink-615_EXT,40:86:CB:27:D2:0C,-55, WPA2 ,0.000000,0.000000,0.000,0.000,AP
2026-05-15 08:09:18,1900-01-00 00:00:00,,60:E9:AA:1D:0F:F3,-55,,0.000000,0.000000,0.000,0.000,Client
2026-05-15 08:09:18,1900-01-00 00:00:00,dlink-615_EXT,40:86:CB:27:D2:0C,-55, WPA2 ,0.000000,0.000000,0.000,0.000,AP
2026-05-15 08:09:18,1900-01-00 00:00:00,,60:E9:AA:1D:0F:F3,-55,,0.000000,0.000000,0.000,0.000,Client
2026-05-15 08:09:18,1900-01-00 00:00:00,dlink-615_EXT,40:86:CB:27:D2:0C,-55, WPA2 ,0.000000,0.000000,0.000,0.000,AP
2026-05-15 08:09:18,1900-01-00 00:00:00,,60:E9:AA:1D:0F:F3,-55,,0.000000,0.000000,0.000,0.000,Client
2026-05-15 08:09:18,1900-01-00 00:00:00,dlink-615_EXT,40:86:CB:27:D2:0C,-55, WPA2 ,0.000000,0.000000,0.000,0.000,AP
2026-05-15 08:09:18,1900-01-00 00:00:00,,60:E9:AA:1D:0F:F3,-55,,0.000000,0.000000,0.000,0.000,Client
2026-05-15 08:09:18,1900-01-00 00:00:00,dlink-615_EXT,40:86:CB:27:D2:0C,-55, WPA2 ,0.000000,0.000000,0.000,0.000,AP
2026-05-15 08:09:18,1900-01-00 00:00:00,,60:E9:AA:1D:0F:F3,-55,,0.000000,0.000000,0.000,0.000,Client
2026-05-15 08:09:18,1900-01-00 00:00:00,dlink-615_EXT,40:86:CB:27:D2:0C,-55, WPA2 ,0.000000,0.000000,0.000,0.000,AP
2026-05-15 08:09:18,1900-01-00 00:00:00,,60:E9:AA:1D:0F:F3,-55,,0.000000,0.000000,0.000,0.000,Client
2026-05-15 08:09:18,1900-01-00 00:00:00,dlink-615_EXT,40:86:CB:27:D2:0C,-55, WPA2 ,0.000000,0.000000,0.000,0.000,AP
2026-05-15 08:09:18,1900-01-00 00:00:00,dlink-615_EXT,40:86:CB:27:D2:0C,-51, WPA2 ,0.000000,0.000000,0.000,0.000,AP
2026-05-15 08:09:18,1900-01-00 00:00:00,,60:E9:AA:1D:0F:F3,-51,,0.000000,0.000000,0.000,0.000,Client
2026-05-15 08:09:18,1900-01-00 00:00:00,dlink-615_EXT,40:86:CB:27:D2:0C,-51, WPA2 ,0.000000,0.000000,0.000,0.000,AP
2026-05-15 08:09:18,1900-01-00 00:00:00,,60:E9:AA:1D:0F:F3,-51,,0.000000,0.000000,0.000,0.000,Client
2026-05-15 08:09:18,1900-01-00 00:00:00,dlink-615_EXT,40:86:CB:27:D2:0C,-51, WPA2 ,0.000000,0.000000,0.000,0.000,AP
2026-05-15 08:09:18,1900-01-00 00:00:00,,60:E9:AA:1D:0F:F3,-51,,0.000000,0.000000,0.000,0.000,Client
2026-05-15 08:09:18,1900-01-00 00:00:00,dlink-615_EXT,40:86:CB:27:D2:0C,-51, WPA2 ,0.000000,0.000000,0.000,0.000,AP
2026-05-15 08:09:18,1900-01-00 00:00:00,,60:E9:AA:1D:0F:F3,-51,,0.000000,0.000000,0.000,0.000,Client
2026-05-15 08:09:18,1900-01-00 00:00:00,dlink-615_EXT,40:86:CB:27:D2:0C,-51, WPA2 ,0.000000,0.000000,0.000,0.000,AP
2026-05-15 08:09:18,1900-01-00 00:00:00,,60:E9:AA:1D:0F:F3,-51,,0.000000,0.000000,0.000,0.000,Client
2026-05-15 08:09:18,1900-01-00 00:00:00,dlink-615_EXT,40:86:CB:27:D2:0C,-51, WPA2 ,0.000000,0.000000,0.000,0.000,AP
2026-05-15 08:09:18,1900-01-00 00:00:00,,60:E9:AA:1D:0F:F3,-51,,0.000000,0.000000,0.000,0.000,Client
2026-05-15 08:09:18,1900-01-00 00:00:00,dlink-615_EXT,40:86:CB:27:D2:0C,-51, WPA2 ,0.000000,0.000000,0.000,0.000,AP
2026-05-15 08:09:18,1900-01-00 00:00:00,,60:E9:AA:1D:0F:F3,-51,,0.000000,0.000000,0.000,0.000,Client
2026-05-15 08:09:18,1900-01-00 00:00:00,dlink-615_EXT,40:86:CB:27:D2:0C,-51, WPA2 ,0.000000,0.000000,0.000,0.000,AP
2026-05-15 08:09:18,1900-01-00 00:00:00,,60:E9:AA:1D:0F:F3,-51,,0.000000,0.000000,0.000,0.000,Client
2026-05-15 08:09:18,1900-01-00 00:00:00,dlink-615_EXT,40:86:CB:27:D2:0C,-51, WPA2 ,0.000000,0.000000,0.000,0.000,AP
2026-05-15 08:09:18,1900-01-00 00:00:00,,60:E9:AA:1D:0F:F3,-51,,0.000000,0.000000,0.000,0.000,Client
2026-05-15 08:09:18,1900-01-00 00:00:00,dlink-615_EXT,40:86:CB:27:D2:0C,-51, WPA2 ,0.000000,0.000000,0.000,0.000,AP
2026-05-15 08:09:18,1900-01-00 00:00:00,,60:E9:AA:1D:0F:F3,-51,,0.000000,0.000000,0.000,0.000,Client
2026-05-15 08:09:18,1900-01-00 00:00:00,dlink-615_EXT,40:86:CB:27:D2:0C,-51, WPA2 ,0.000000,0.000000,0.000,0.000,AP
2026-05-15 08:09:18,1900-01-00 00:00:00,,60:E9:AA:1D:0F:F3,-51,,0.000000,0.000000,0.000,0.000,Client
2026-05-15 08:09:18,1900-01-00 00:00:00,dlink-615_EXT,40:86:CB:27:D2:0C,-51, WPA2 ,0.000000,0.000000,0.000,0.000,AP
2026-05-15 08:09:18,1900-01-00 00:00:00,,60:E9:AA:1D:0F:F3,-51,,0.000000,0.000000,0.000,0.000,Client
2026-05-15 08:09:18,1900-01-00 00:00:00,dlink-615_EXT,40:86:CB:27:D2:0C,-51, WPA2 ,0.000000,0.000000,0.000,0.000,AP
2026-05-15 08:09:18,1900-01-00 00:00:00,,60:E9:AA:1D:0F:F3,-51,,0.000000,0.000000,0.000,0.000,Client
2026-05-15 08:09:18,1900-01-00 00:00:00,dlink-615_EXT,40:86:CB:27:D2:0C,-51, WPA2 ,0.000000,0.000000,0.000,0.000,AP
2026-05-15 08:09:18,1900-01-00 00:00:00,,60:E9:AA:1D:0F:F3,-51,,0.000000,0.000000,0.000,0.000,Client
2026-05-15 08:09:18,1900-01-00 00:00:00,dlink-615_EXT,40:86:CB:27:D2:0C,-51, WPA2 ,0.000000,0.000000,0.000,0.000,AP
2026-05-15 08:09:18,1900-01-00 00:00:00,,60:E9:AA:1D:0F:F3,-51,,0.000000,0.000000,0.000,0.000,Client
2026-05-15 08:09:18,1900-01-00 00:00:00,dlink-615_EXT,40:86:CB:27:D2:0C,-51, WPA2 ,0.000000,0.000000,0.000,0.000,AP
2026-05-15 08:09:18,1900-01-00 00:00:00,,60:E9:AA:1D:0F:F3,-51,,0.000000,0.000000,0.000,0.000,Client
2026-05-15 08:09:18,1900-01-00 00:00:00,dlink-615_EXT,40:86:CB:27:D2:0C,-51, WPA2 ,0.000000,0.000000,0.000,0.000,AP
2026-05-15 08:09:18,1900-01-00 00:00:00,,60:E9:AA:1D:0F:F3,-51,,0.000000,0.000000,0.000,0.000,Client
2026-05-15 08:09:18,1900-01-00 00:00:00,dlink-615_EXT,40:86:CB:27:D2:0C,-51, WPA2 ,0.000000,0.000000,0.000,0.000,AP
2026-05-15 08:09:18,1900-01-00 00:00:00,,60:E9:AA:1D:0F:F3,-51,,0.000000,0.000000,0.000,0.000,Client
2026-05-15 08:09:18,1900-01-00 00:00:00,dlink-615_EXT,40:86:CB:27:D2:0C,-51, WPA2 ,0.000000,0.000000,0.000,0.000,AP
2026-05-15 08:09:18,1900-01-00 00:00:00,dlink-615_EXT,40:86:CB:27:D2:0C,-51, WPA2 ,0.000000,0.000000,0.000,0.000,AP
2026-05-15 08:09:18,1900-01-00 00:00:00,,60:E9:AA:1D:0F:F3,-51,,0.000000,0.000000,0.000,0.000,Client
2026-05-15 08:09:18,1900-01-00 00:00:00,dlink-615_EXT,40:86:CB:27:D2:0C,-15, WPA2 ,0.000000,0.000000,0.000,0.000,AP
2026-05-15 08:09:18,1900-01-00 00:00:00,,60:E9:AA:1D:0F:F3,-15,,0.000000,0.000000,0.000,0.000,Client
2026-05-15 08:09:18,1900-01-00 00:00:00,dlink-615_EXT,40:86:CB:27:D2:0C,-15, WPA2 ,0.000000,0.000000,0.000,0.000,AP
2026-05-15 08:09:18,1900-01-00 00:00:00,,60:E9:AA:1D:0F:F3,-25,,0.000000,0.000000,0.000,0.000,Client
2026-05-15 08:09:18,1900-01-00 00:00:00,dlink-615_EXT,40:86:CB:27:D2:0C,-25, WPA2 ,0.000000,0.000000,0.000,0.000,AP
2026-05-15 08:09:18,1900-01-00 00:00:00,,60:E9:AA:1D:0F:F3,-25,,0.000000,0.000000,0.000,0.000,Client
2026-05-15 08:09:18,1900-01-00 00:00:00,dlink-615_EXT,40:86:CB:27:D2:0C,-25, WPA2 ,0.000000,0.000000,0.000,0.000,AP
2026-05-15 08:09:18,1900-01-00 00:00:00,,60:E9:AA:1D:0F:F3,-25,,0.000000,0.000000,0.000,0.000,Client
2026-05-15 08:09:18,1900-01-00 00:00:00,dlink-615_EXT,40:86:CB:27:D2:0C,-15, WPA2 ,0.000000,0.000000,0.000,0.000,AP
2026-05-15 08:09:18,1900-01-00 00:00:00,,60:E9:AA:1D:0F:F3,-15,,0.000000,0.000000,0.000,0.000,Client
2026-05-15 08:09:18,1900-01-00 00:00:00,dlink-615_EXT,40:86:CB:27:D2:0C,-15, WPA2 ,0.000000,0.000000,0.000,0.000,AP
2026-05-15 08:09:18,1900-01-00 00:00:00,,60:E9:AA:1D:0F:F3,-15,,0.000000,0.000000,0.000,0.000,Client
2026-05-15 08:09:18,1900-01-00 00:00:00,dlink-615_EXT,40:86:CB:27:D2:0C,-15, WPA2 ,0.000000,0.000000,0.000,0.000,AP
2026-05-15 08:09:18,1900-01-00 00:00:00,,60:E9:AA:1D:0F:F3,-15,,0.000000,0.000000,0.000,0.000,Client
2026-05-15 08:09:18,1900-01-00 00:00:00,dlink-615_EXT,40:86:CB:27:D2:0C,-15, WPA2 ,0.000000,0.000000,0.000,0.000,AP
2026-05-15 08:09:18,1900-01-00 00:00:00,,60:E9:AA:1D:0F:F3,-15,,0.000000,0.000000,0.000,0.000,Client
2026-05-15 08:09:18,1900-01-00 00:00:00,dlink-615_EXT,40:86:CB:27:D2:0C,-15, WPA2 ,0.000000,0.000000,0.000,0.000,AP
2026-05-15 08:09:18,1900-01-00 00:00:00,,60:E9:AA:1D:0F:F3,-15,,0.000000,0.000000,0.000,0.000,Client
2026-05-15 08:09:18,1900-01-00 00:00:00,dlink-615_EXT,40:86:CB:27:D2:0C,-15, WPA2 ,0.000000,0.000000,0.000,0.000,AP
2026-05-15 08:09:18,1900-01-00 00:00:00,,60:E9:AA:1D:0F:F3,-15,,0.000000,0.000000,0.000,0.000,Client
2026-05-15 08:09:18,1900-01-00 00:00:00,dlink-615_EXT,40:86:CB:27:D2:0C,-17, WPA2 ,0.000000,0.000000,0.000,0.000,AP
2026-05-15 08:09:18,1900-01-00 00:00:00,,60:E9:AA:1D:0F:F3,-17,,0.000000,0.000000,0.000,0.000,Client
2026-05-15 08:09:18,1900-01-00 00:00:00,dlink-615_EXT,40:86:CB:27:D2:0C,-15, WPA2 ,0.000000,0.000000,0.000,0.000,AP
2026-05-15 08:09:18,1900-01-00 00:00:00,,60:E9:AA:1D:0F:F3,-15,,0.000000,0.000000,0.000,0.000,Client
2026-05-15 08:09:18,1900-01-00 00:00:00,dlink-615_EXT,40:86:CB:27:D2:0C,-15, WPA2 ,0.000000,0.000000,0.000,0.000,AP
2026-05-15 08:09:18,1900-01-00 00:00:00,,60:E9:AA:1D:0F:F3,-23,,0.000000,0.000000,0.000,0.000,Client
2026-05-15 08:09:18,1900-01-00 00:00:00,dlink-615_EXT,40:86:CB:27:D2:0C,-17, WPA2 ,0.000000,0.000000,0.000,0.000,AP
2026-05-15 08:09:18,1900-01-00 00:00:00,,60:E9:AA:1D:0F:F3,-25,,0.000000,0.000000,0.000,0.000,Client
2026-05-15 08:09:18,1900-01-00 00:00:00,dlink-615_EXT,40:86:CB:27:D2:0C,-17, WPA2 ,0.000000,0.000000,0.000,0.000,AP
2026-05-15 08:09:18,1900-01-00 00:00:00,dlink-615_EXT,40:86:CB:27:D2:0C,-15, WPA2 ,0.000000,0.000000,0.000,0.000,AP
2026-05-15 08:09:18,1900-01-00 00:00:00,dlink-615_EXT,40:86:CB:27:D2:0C,-17, WPA2 ,0.000000,0.000000,0.000,0.000,AP
2026-05-15 08:09:18,1900-01-00 00:00:00,dlink-615_EXT,40:86:CB:27:D2:0C,-17, WPA2 ,0.000000,0.000000,0.000,0.000,AP
2026-05-15 08:09:18,1900-01-00 00:00:00,,60:E9:AA:1D:0F:F3,-29,,0.000000,0.000000,0.000,0.000,Client
2026-05-15 08:09:18,1900-01-00 00:00:00,dlink-615_EXT,40:86:CB:27:D2:0C,-15, WPA2 ,0.000000,0.000000,0.000,0.000,AP
2026-05-15 08:09:18,1900-01-00 00:00:00,,60:E9:AA:1D:0F:F3,-23,,0.000000,0.000000,0.000,0.000,Client
2026-05-15 08:09:18,1900-01-00 00:00:00,dlink-615_EXT,40:86:CB:27:D2:0C,-15, WPA2 ,0.000000,0.000000,0.000,0.000,AP
2026-05-15 08:09:18,1900-01-00 00:00:00,dlink-615_EXT,40:86:CB:27:D2:0C,-15, WPA2 ,0.000000,0.000000,0.000,0.000,AP
2026-05-15 08:09:18,1900-01-00 00:00:00,dlink-615_EXT,40:86:CB:27:D2:0C,-15, WPA2 ,0.000000,0.000000,0.000,0.000,AP
2026-05-15 08:09:18,1900-01-00 00:00:00,,60:E9:AA:1D:0F:F3,-15,,0.000000,0.000000,0.000,0.000,Client
2026-05-15 08:09:18,1900-01-00 00:00:00,dlink-615_EXT,40:86:CB:27:D2:0C,-17, WPA2 ,0.000000,0.000000,0.000,0.000,AP
2026-05-15 08:09:18,1900-01-00 00:00:00,,60:E9:AA:1D:0F:F3,-25,,0.000000,0.000000,0.000,0.000,Client
2026-05-15 08:09:18,1900-01-00 00:00:00,dlink-615_EXT,40:86:CB:27:D2:0C,-15, WPA2 ,0.000000,0.000000,0.000,0.000,AP
2026-05-15 08:09:18,1900-01-00 00:00:00,,60:E9:AA:1D:0F:F3,-15,,0.000000,0.000000,0.000,0.000,Client
2026-05-15 08:09:18,1900-01-00 00:00:00,dlink-615_EXT,40:86:CB:27:D2:0C,-15, WPA2 ,0.000000,0.000000,0.000,0.000,AP
2026-05-15 08:09:18,1900-01-00 00:00:00,,60:E9:AA:1D:0F:F3,-15,,0.000000,0.000000,0.000,0.000,Client
2026-05-15 08:09:18,1900-01-00 00:00:00,dlink-615_EXT,40:86:CB:27:D2:0C,-15, WPA2 ,0.000000,0.000000,0.000,0.000,AP
2026-05-15 08:09:18,1900-01-00 00:00:00,,60:E9:AA:1D:0F:F3,-15,,0.000000,0.000000,0.000,0.000,Client
2026-05-15 08:09:18,1900-01-00 00:00:00,dlink-615_EXT,40:86:CB:27:D2:0C,-15, WPA2 ,0.000000,0.000000,0.000,0.000,AP
2026-05-15 08:09:18,1900-01-00 00:00:00,,60:E9:AA:1D:0F:F3,-15,,0.000000,0.000000,0.000,0.000,Client
2026-05-15 08:09:18,1900-01-00 00:00:00,dlink-615_EXT,40:86:CB:27:D2:0C,-15, WPA2 ,0.000000,0.000000,0.000,0.000,AP
2026-05-15 08:09:18,1900-01-00 00:00:00,,60:E9:AA:1D:0F:F3,-15,,0.000000,0.000000,0.000,0.000,Client
2026-05-15 08:09:18,1900-01-00 00:00:00,dlink-615_EXT,40:86:CB:27:D2:0C,-15, WPA2 ,0.000000,0.000000,0.000,0.000,AP
2026-05-15 08:09:18,1900-01-00 00:00:00,,60:E9:AA:1D:0F:F3,-15,,0.000000,0.000000,0.000,0.000,Client
2026-05-15 08:09:18,1900-01-00 00:00:00,dlink-615_EXT,40:86:CB:27:D2:0C,-15, WPA2 ,0.000000,0.000000,0.000,0.000,AP
2026-05-15 08:09:18,1900-01-00 00:00:00,,60:E9:AA:1D:0F:F3,-15,,0.000000,0.000000,0.000,0.000,Client
2026-05-15 08:09:18,1900-01-00 00:00:00,dlink-615_EXT,40:86:CB:27:D2:0C,-15, WPA2 ,0.000000,0.000000,0.000,0.000,AP
2026-05-15 08:09:18,1900-01-00 00:00:00,,60:E9:AA:1D:0F:F3,-15,,0.000000,0.000000,0.000,0.000,Client
2026-05-15 08:09:18,1900-01-00 00:00:00,dlink-615_EXT,40:86:CB:27:D2:0C,-15, WPA2 ,0.000000,0.000000,0.000,0.000,AP
2026-05-15 08:09:18,1900-01-00 00:00:00,,60:E9:AA:1D:0F:F3,-15,,0.000000,0.000000,0.000,0.000,Client
2026-05-15 08:09:18,1900-01-00 00:00:00,dlink-615_EXT,40:86:CB:27:D2:0C,-15, WPA2 ,0.000000,0.000000,0.000,0.000,AP
2026-05-15 08:09:18,1900-01-00 00:00:00,,60:E9:AA:1D:0F:F3,-15,,0.000000,0.000000,0.000,0.000,Client
2026-05-15 08:09:18,1900-01-00 00:00:00,dlink-615_EXT,40:86:CB:27:D2:0C,-15, WPA2 ,0.000000,0.000000,0.000,0.000,AP
2026-05-15 08:09:18,1900-01-00 00:00:00,,60:E9:AA:1D:0F:F3,-15,,0.000000,0.000000,0.000,0.000,Client
2026-05-15 08:09:18,1900-01-00 00:00:00,dlink-615_EXT,40:86:CB:27:D2:0C,-15, WPA2 ,0.000000,0.000000,0.000,0.000,AP
2026-05-15 08:09:18,1900-01-00 00:00:00,,60:E9:AA:1D:0F:F3,-15,,0.000000,0.000000,0.000,0.000,Client
2026-05-15 08:09:18,1900-01-00 00:00:00,dlink-615_EXT,40:86:CB:27:D2:0C,-15, WPA2 ,0.000000,0.000000,0.000,0.000,AP
2026-05-15 08:09:18,1900-01-00 00:00:00,,60:E9:AA:1D:0F:F3,-15,,0.000000,0.000000,0.000,0.000,Client
2026-05-15 08:09:18,1900-01-00 00:00:00,dlink-615_EXT,40:86:CB:27:D2:0C,-15, WPA2 ,0.000000,0.000000,0.000,0.000,AP
2026-05-15 08:09:18,1900-01-00 00:00:00,,60:E9:AA:1D:0F:F3,-15,,0.000000,0.000000,0.000,0.000,Client
2026-05-15 08:09:18,1900-01-00 00:00:00,dlink-615_EXT,40:86:CB:27:D2:0C,-15, WPA2 ,0.000000,0.000000,0.000,0.000,AP
2026-05-15 08:09:18,1900-01-00 00:00:00,,60:E9:AA:1D:0F:F3,-15,,0.000000,0.000000,0.000,0.000,Client
2026-05-15 08:09:18,1900-01-00 00:00:00,dlink-615_EXT,40:86:CB:27:D2:0C,-15, WPA2 ,0.000000,0.000000,0.000,0.000,AP
2026-05-15 08:09:18,1900-01-00 00:00:00,,60:E9:AA:1D:0F:F3,-15,,0.000000,0.000000,0.000,0.000,Client
2026-05-15 08:09:18,1900-01-00 00:00:00,dlink-615_EXT,40:86:CB:27:D2:0C,-15, WPA2 ,0.000000,0.000000,0.000,0.000,AP
2026-05-15 08:09:18,1900-01-00 00:00:00,,60:E9:AA:1D:0F:F3,-15,,0.000000,0.000000,0.000,0.000,Client
2026-05-15 08:09:18,1900-01-00 00:00:00,dlink-615_EXT,40:86:CB:27:D2:0C,-15, WPA2 ,0.000000,0.000000,0.000,0.000,AP
2026-05-15 08:09:18,1900-01-00 00:00:00,,60:E9:AA:1D:0F:F3,-15,,0.000000,0.000000,0.000,0.000,Client
2026-05-15 08:09:18,1900-01-00 00:00:00,dlink-615_EXT,40:86:CB:27:D2:0C,-15, WPA2 ,0.000000,0.000000,0.000,0.000,AP
2026-05-15 08:09:18,1900-01-00 00:00:00,,60:E9:AA:1D:0F:F3,-15,,0.000000,0.000000,0.000,0.000,Client
2026-05-15 08:09:18,1900-01-00 00:00:00,dlink-615_EXT,40:86:CB:27:D2:0C,-15, WPA2 ,0.000000,0.000000,0.000,0.000,AP
2026-05-15 08:09:18,1900-01-00 00:00:00,,60:E9:AA:1D:0F:F3,-15,,0.000000,0.000000,0.000,0.000,Client
2026-05-15 08:09:18,1900-01-00 00:00:00,dlink-615_EXT,40:86:CB:27:D2:0C,-15, WPA2 ,0.000000,0.000000,0.000,0.000,AP
2026-05-15 08:09:18,1900-01-00 00:00:00,,60:E9:AA:1D:0F:F3,-15,,0.000000,0.000000,0.000,0.000,Client
2026-05-15 08:09:18,1900-01-00 00:00:00,dlink-615_EXT,40:86:CB:27:D2:0C,-15, WPA2 ,0.000000,0.000000,0.000,0.000,AP
2026-05-15 08:09:18,1900-01-00 00:00:00,,60:E9:AA:1D:0F:F3,-15,,0.000000,0.000000,0.000,0.000,Client
2026-05-15 08:09:18,1900-01-00 00:00:00,dlink-615_EXT,40:86:CB:27:D2:0C,-15, WPA2 ,0.000000,0.000000,0.000,0.000,AP
2026-05-15 08:09:18,1900-01-00 00:00:00,,60:E9:AA:1D:0F:F3,-15,,0.000000,0.000000,0.000,0.000,Client
2026-05-15 08:09:18,1900-01-00 00:00:00,dlink-615_EXT,40:86:CB:27:D2:0C,-15, WPA2 ,0.000000,0.000000,0.000,0.000,AP
2026-05-15 08:09:18,1900-01-00 00:00:00,,60:E9:AA:1D:0F:F3,-15,,0.000000,0.000000,0.000,0.000,Client
2026-05-15 08:09:18,1900-01-00 00:00:00,dlink-615_EXT,40:86:CB:27:D2:0C,-15, WPA2 ,0.000000,0.000000,0.000,0.000,AP
2026-05-15 08:09:18,1900-01-00 00:00:00,,60:E9:AA:1D:0F:F3,-15,,0.000000,0.000000,0.000,0.000,Client
2026-05-15 08:09:18,1900-01-00 00:00:00,dlink-615_EXT,40:86:CB:27:D2:0C,-15, WPA2 ,0.000000,0.000000,0.000,0.000,AP
2026-05-15 08:09:18,1900-01-00 00:00:00,,60:E9:AA:1D:0F:F3,-15,,0.000000,0.000000,0.000,0.000,Client
2026-05-15 08:09:18,1900-01-00 00:00:00,dlink-615_EXT,40:86:CB:27:D2:0C,-15, WPA2 ,0.000000,0.000000,0.000,0.000,AP
2026-05-15 08:09:18,1900-01-00 00:00:00,,60:E9:AA:1D:0F:F3,-15,,0.000000,0.000000,0.000,0.000,Client
2026-05-15 08:09:18,1900-01-00 00:00:00,dlink-615_EXT,40:86:CB:27:D2:0C,-15, WPA2 ,0.000000,0.000000,0.000,0.000,AP
2026-05-15 08:09:18,1900-01-00 00:00:00,,60:E9:AA:1D:0F:F3,-15,,0.000000,0.000000,0.000,0.000,Client
2026-05-15 08:09:18,1900-01-00 00:00:00,dlink-615_EXT,40:86:CB:27:D2:0C,-15, WPA2 ,0.000000,0.000000,0.000,0.000,AP
2026-05-15 08:09:18,1900-01-00 00:00:00,,60:E9:AA:1D:0F:F3,-15,,0.000000,0.000000,0.000,0.000,Client
2026-05-15 08:09:18,1900-01-00 00:00:00,dlink-615_EXT,40:86:CB:27:D2:0C,-15, WPA2 ,0.000000,0.000000,0.000,0.000,AP
2026-05-15 08:09:18,1900-01-00 00:00:00,,60:E9:AA:1D:0F:F3,-59,,0.000000,0.000000,0.000,0.000,Client
2026-05-15 08:09:18,1900-01-00 00:00:00,dlink-615_EXT,40:86:CB:27:D2:0C,-59, WPA2 ,0.000000,0.000000,0.000,0.000,AP
2026-05-15 08:09:18,1900-01-00 00:00:00,,60:E9:AA:1D:0F:F3,-59,,0.000000,0.000000,0.000,0.000,Client
2026-05-15 08:09:18,1900-01-00 00:00:00,dlink-615_EXT,40:86:CB:27:D2:0C,-59, WPA2 ,0.000000,0.000000,0.000,0.000,AP
2026-05-15 08:09:18,1900-01-00 00:00:00,,60:E9:AA:1D:0F:F3,-59,,0.000000,0.000000,0.000,0.000,Client
2026-05-15 08:09:18,1900-01-00 00:00:00,dlink-615_EXT,40:86:CB:27:D2:0C,-59, WPA2 ,0.000000,0.000000,0.000,0.000,AP
2026-05-15 08:09:18,1900-01-00 00:00:00,,60:E9:AA:1D:0F:F3,-59,,0.000000,0.000000,0.000,0.000,Client
2026-05-15 08:09:18,1900-01-00 00:00:00,dlink-615_EXT,40:86:CB:27:D2:0C,-59, WPA2 ,0.000000,0.000000,0.000,0.000,AP
2026-05-15 08:09:18,1900-01-00 00:00:00,,60:E9:AA:1D:0F:F3,-59,,0.000000,0.000000,0.000,0.000,Client
2026-05-15 08:09:18,1900-01-00 00:00:00,dlink-615_EXT,40:86:CB:27:D2:0C,-59, WPA2 ,0.000000,0.000000,0.000,0.000,AP
2026-05-15 08:09:18,1900-01-00 00:00:00,,60:E9:AA:1D:0F:F3,-59,,0.000000,0.000000,0.000,0.000,Client
2026-05-15 08:09:18,1900-01-00 00:00:00,dlink-615_EXT,40:86:CB:27:D2:0C,-59, WPA2 ,0.000000,0.000000,0.000,0.000,AP
2026-05-15 08:09:18,1900-01-00 00:00:00,,60:E9:AA:1D:0F:F3,-59,,0.000000,0.000000,0.000,0.000,Client
2026-05-15 08:09:18,1900-01-00 00:00:00,dlink-615_EXT,40:86:CB:27:D2:0C,-59, WPA2 ,0.000000,0.000000,0.000,0.000,AP
2026-05-15 08:09:18,1900-01-00 00:00:00,,60:E9:AA:1D:0F:F3,-59,,0.000000,0.000000,0.000,0.000,Client
2026-05-15 08:09:19,1900-01-00 00:00:00,dlink-615_EXT,40:86:CB:27:D2:0C,-59, WPA2 ,0.000000,0.000000,0.000,0.000,AP
2026-05-15 08:09:19,1900-01-00 00:00:00,,60:E9:AA:1D:0F:F3,-59,,0.000000,0.000000,0.000,0.000,Client
2026-05-15 08:09:19,1900-01-00 00:00:00,dlink-615_EXT,40:86:CB:27:D2:0C,-59, WPA2 ,0.000000,0.000000,0.000,0.000,AP
2026-05-15 08:09:19,1900-01-00 00:00:00,dlink-615_EXT,40:86:CB:27:D2:0C,-15, WPA2 ,0.000000,0.000000,0.000,0.000,AP
2026-05-15 08:09:19,1900-01-00 00:00:00,,60:E9:AA:1D:0F:F3,-15,,0.000000,0.000000,0.000,0.000,Client
2026-05-15 08:09:19,1900-01-00 00:00:00,dlink-615_EXT,40:86:CB:27:D2:0C,-17, WPA2 ,0.000000,0.000000,0.000,0.000,AP
2026-05-15 08:09:19,1900-01-00 00:00:00,,60:E9:AA:1D:0F:F3,-25,,0.000000,0.000000,0.000,0.000,Client
2026-05-15 08:09:19,1900-01-00 00:00:00,dlink-615_EXT,40:86:CB:27:D2:0C,-25, WPA2 ,0.000000,0.000000,0.000,0.000,AP
2026-05-15 08:09:19,1900-01-00 00:00:00,,60:E9:AA:1D:0F:F3,-15,,0.000000,0.000000,0.000,0.000,Client
2026-05-15 08:09:19,1900-01-00 00:00:00,dlink-615_EXT,40:86:CB:27:D2:0C,-25, WPA2 ,0.000000,0.000000,0.000,0.000,AP
2026-05-15 08:09:19,1900-01-00 00:00:00,,60:E9:AA:1D:0F:F3,-25,,0.000000,0.000000,0.000,0.000,Client
2026-05-15 08:09:19,1900-01-00 00:00:00,dlink-615_EXT,40:86:CB:27:D2:0C,-25, WPA2 ,0.000000,0.000000,0.000,0.000,AP
2026-05-15 08:09:19,1900-01-00 00:00:00,dlink-615_EXT,40:86:CB:27:D2:0C,-17, WPA2 ,0.000000,0.000000,0.000,0.000,AP
2026-05-15 08:09:19,1900-01-00 00:00:00,,60:E9:AA:1D:0F:F3,-23,,0.000000,0.000000,0.000,0.000,Client
2026-05-15 08:09:19,1900-01-00 00:00:00,dlink-615_EXT,40:86:CB:27:D2:0C,-15, WPA2 ,0.000000,0.000000,0.000,0.000,AP
2026-05-15 08:09:19,1900-01-00 00:00:00,,60:E9:AA:1D:0F:F3,-15,,0.000000,0.000000,0.000,0.000,Client
2026-05-15 08:09:19,1900-01-00 00:00:00,dlink-615_EXT,40:86:CB:27:D2:0C,-15, WPA2 ,0.000000,0.000000,0.000,0.000,AP
2026-05-15 08:09:19,1900-01-00 00:00:00,,60:E9:AA:1D:0F:F3,-25,,0.000000,0.000000,0.000,0.000,Client
2026-05-15 08:09:19,1900-01-00 00:00:00,dlink-615_EXT,40:86:CB:27:D2:0C,-15, WPA2 ,0.000000,0.000000,0.000,0.000,AP
2026-05-15 08:09:19,1900-01-00 00:00:00,,60:E9:AA:1D:0F:F3,-15,,0.000000,0.000000,0.000,0.000,Client
2026-05-15 08:09:19,1900-01-00 00:00:00,dlink-615_EXT,40:86:CB:27:D2:0C,-15, WPA2 ,0.000000,0.000000,0.000,0.000,AP
2026-05-15 08:09:19,1900-01-00 00:00:00,,60:E9:AA:1D:0F:F3,-15,,0.000000,0.000000,0.000,0.000,Client
2026-05-15 08:09:19,1900-01-00 00:00:00,dlink-615_EXT,40:86:CB:27:D2:0C,-15, WPA2 ,0.000000,0.000000,0.000,0.000,AP
2026-05-15 08:09:19,1900-01-00 00:00:00,,60:E9:AA:1D:0F:F3,-15,,0.000000,0.000000,0.000,0.000,Client
2026-05-15 08:09:19,1900-01-00 00:00:00,dlink-615_EXT,40:86:CB:27:D2:0C,-15, WPA2 ,0.000000,0.000000,0.000,0.000,AP
2026-05-15 08:09:19,1900-01-00 00:00:00,,60:E9:AA:1D:0F:F3,-15,,0.000000,0.000000,0.000,0.000,Client
2026-05-15 08:09:19,1900-01-00 00:00:00,dlink-615_EXT,40:86:CB:27:D2:0C,-15, WPA2 ,0.000000,0.000000,0.000,0.000,AP
2026-05-15 08:09:19,1900-01-00 00:00:00,,60:E9:AA:1D:0F:F3,-15,,0.000000,0.000000,0.000,0.000,Client
2026-05-15 08:09:19,1900-01-00 00:00:00,dlink-615_EXT,40:86:CB:27:D2:0C,-15, WPA2 ,0.000000,0.000000,0.000,0.000,AP
2026-05-15 08:09:19,1900-01-00 00:00:00,,60:E9:AA:1D:0F:F3,-15,,0.000000,0.000000,0.000,0.000,Client
2026-05-15 08:09:19,1900-01-00 00:00:00,dlink-615_EXT,40:86:CB:27:D2:0C,-15, WPA2 ,0.000000,0.000000,0.000,0.000,AP
2026-05-15 08:09:19,1900-01-00 00:00:00,,60:E9:AA:1D:0F:F3,-15,,0.000000,0.000000,0.000,0.000,Client
2026-05-15 08:09:19,1900-01-00 00:00:00,dlink-615_EXT,40:86:CB:27:D2:0C,-15, WPA2 ,0.000000,0.000000,0.000,0.000,AP
2026-05-15 08:09:19,1900-01-00 00:00:00,,60:E9:AA:1D:0F:F3,-15,,0.000000,0.000000,0.000,0.000,Client
2026-05-15 08:09:19,1900-01-00 00:00:00,dlink-615_EXT,40:86:CB:27:D2:0C,-15, WPA2 ,0.000000,0.000000,0.000,0.000,AP
2026-05-15 08:09:19,1900-01-00 00:00:00,,60:E9:AA:1D:0F:F3,-15,,0.000000,0.000000,0.000,0.000,Client
2026-05-15 08:09:19,1900-01-00 00:00:00,dlink-615_EXT,40:86:CB:27:D2:0C,-15, WPA2 ,0.000000,0.000000,0.000,0.000,AP
2026-05-15 08:09:19,1900-01-00 00:00:00,,60:E9:AA:1D:0F:F3,-15,,0.000000,0.000000,0.000,0.000,Client
2026-05-15 08:09:19,1900-01-00 00:00:00,dlink-615_EXT,40:86:CB:27:D2:0C,-15, WPA2 ,0.000000,0.000000,0.000,0.000,AP
2026-05-15 08:09:19,1900-01-00 00:00:00,,60:E9:AA:1D:0F:F3,-15,,0.000000,0.000000,0.000,0.000,Client
2026-05-15 08:09:19,1900-01-00 00:00:00,dlink-615_EXT,40:86:CB:27:D2:0C,-15, WPA2 ,0.000000,0.000000,0.000,0.000,AP
2026-05-15 08:09:19,1900-01-00 00:00:00,,60:E9:AA:1D:0F:F3,-15,,0.000000,0.000000,0.000,0.000,Client
2026-05-15 08:09:19,1900-01-00 00:00:00,dlink-615_EXT,40:86:CB:27:D2:0C,-15, WPA2 ,0.000000,0.000000,0.000,0.000,AP
2026-05-15 08:09:19,1900-01-00 00:00:00,,60:E9:AA:1D:0F:F3,-15,,0.000000,0.000000,0.000,0.000,Client
2026-05-15 08:09:19,1900-01-00 00:00:00,dlink-615_EXT,40:86:CB:27:D2:0C,-15, WPA2 ,0.000000,0.000000,0.000,0.000,AP
2026-05-15 08:09:19,1900-01-00 00:00:00,,60:E9:AA:1D:0F:F3,-15,,0.000000,0.000000,0.000,0.000,Client
2026-05-15 08:09:19,1900-01-00 00:00:00,dlink-615_EXT,40:86:CB:27:D2:0C,-15, WPA2 ,0.000000,0.000000,0.000,0.000,AP
2026-05-15 08:09:19,1900-01-00 00:00:00,,60:E9:AA:1D:0F:F3,-15,,0.000000,0.000000,0.000,0.000,Client
2026-05-15 08:09:19,1900-01-00 00:00:00,dlink-615_EXT,40:86:CB:27:D2:0C,-15, WPA2 ,0.000000,0.000000,0.000,0.000,AP
2026-05-15 08:09:19,1900-01-00 00:00:00,,60:E9:AA:1D:0F:F3,-29,,0.000000,0.000000,0.000,0.000,Client
2026-05-15 08:09:19,1900-01-00 00:00:00,dlink-615_EXT,40:86:CB:27:D2:0C,-29, WPA2 ,0.000000,0.000000,0.000,0.000,AP
2026-05-15 08:09:19,1900-01-00 00:00:00,,60:E9:AA:1D:0F:F3,-29,,0.000000,0.000000,0.000,0.000,Client
2026-05-15 08:09:19,1900-01-00 00:00:00,dlink-615_EXT,40:86:CB:27:D2:0C,-25, WPA2 ,0.000000,0.000000,0.000,0.000,AP
2026-05-15 08:09:19,1900-01-00 00:00:00,,60:E9:AA:1D:0F:F3,-25,,0.000000,0.000000,0.000,0.000,Client
2026-05-15 08:09:19,1900-01-00 00:00:00,dlink-615_EXT,40:86:CB:27:D2:0C,-25, WPA2 ,0.000000,0.000000,0.000,0.000,AP
2026-05-15 08:09:19,1900-01-00 00:00:00,,60:E9:AA:1D:0F:F3,-25,,0.000000,0.000000,0.000,0.000,Client
2026-05-15 08:09:19,1900-01-00 00:00:00,dlink-615_EXT,40:86:CB:27:D2:0C,-25, WPA2 ,0.000000,0.000000,0.000,0.000,AP
2026-05-15 08:09:19,1900-01-00 00:00:00,,60:E9:AA:1D:0F:F3,-25,,0.000000,0.000000,0.000,0.000,Client
2026-05-15 08:09:19,1900-01-00 00:00:00,dlink-615_EXT,40:86:CB:27:D2:0C,-25, WPA2 ,0.000000,0.000000,0.000,0.000,AP
2026-05-15 08:09:19,1900-01-00 00:00:00,,60:E9:AA:1D:0F:F3,-25,,0.000000,0.000000,0.000,0.000,Client
2026-05-15 08:09:19,1900-01-00 00:00:00,dlink-615_EXT,40:86:CB:27:D2:0C,-25, WPA2 ,0.000000,0.000000,0.000,0.000,AP
2026-05-15 08:09:19,1900-01-00 00:00:00,,60:E9:AA:1D:0F:F3,-25,,0.000000,0.000000,0.000,0.000,Client
2026-05-15 08:09:19,1900-01-00 00:00:00,dlink-615_EXT,40:86:CB:27:D2:0C,-25, WPA2 ,0.000000,0.000000,0.000,0.000,AP
2026-05-15 08:09:19,1900-01-00 00:00:00,,60:E9:AA:1D:0F:F3,-25,,0.000000,0.000000,0.000,0.000,Client
2026-05-15 08:09:19,1900-01-00 00:00:00,dlink-615_EXT,40:86:CB:27:D2:0C,-25, WPA2 ,0.000000,0.000000,0.000,0.000,AP
2026-05-15 08:09:19,1900-01-00 00:00:00,,60:E9:AA:1D:0F:F3,-25,,0.000000,0.000000,0.000,0.000,Client
2026-05-15 08:09:19,1900-01-00 00:00:00,dlink-615_EXT,40:86:CB:27:D2:0C,-25, WPA2 ,0.000000,0.000000,0.000,0.000,AP
2026-05-15 08:09:19,1900-01-00 00:00:00,,60:E9:AA:1D:0F:F3,-25,,0.000000,0.000000,0.000,0.000,Client
2026-05-15 08:09:19,1900-01-00 00:00:00,dlink-615_EXT,40:86:CB:27:D2:0C,-25, WPA2 ,0.000000,0.000000,0.000,0.000,AP
2026-05-15 08:09:19,1900-01-00 00:00:00,,60:E9:AA:1D:0F:F3,-25,,0.000000,0.000000,0.000,0.000,Client
2026-05-15 08:09:19,1900-01-00 00:00:00,dlink-615_EXT,40:86:CB:27:D2:0C,-25, WPA2 ,0.000000,0.000000,0.000,0.000,AP
2026-05-15 08:09:19,1900-01-00 00:00:00,,60:E9:AA:1D:0F:F3,-25,,0.000000,0.000000,0.000,0.000,Client
2026-05-15 08:09:19,1900-01-00 00:00:00,dlink-615_EXT,40:86:CB:27:D2:0C,-25, WPA2 ,0.000000,0.000000,0.000,0.000,AP
2026-05-15 08:09:19,1900-01-00 00:00:00,,60:E9:AA:1D:0F:F3,-25,,0.000000,0.000000,0.000,0.000,Client
2026-05-15 08:09:19,1900-01-00 00:00:00,dlink-615_EXT,40:86:CB:27:D2:0C,-25, WPA2 ,0.000000,0.000000,0.000,0.000,AP
2026-05-15 08:09:19,1900-01-00 00:00:00,,60:E9:AA:1D:0F:F3,-25,,0.000000,0.000000,0.000,0.000,Client
2026-05-15 08:09:19,1900-01-00 00:00:00,dlink-615_EXT,40:86:CB:27:D2:0C,-25, WPA2 ,0.000000,0.000000,0.000,0.000,AP
2026-05-15 08:09:19,1900-01-00 00:00:00,,60:E9:AA:1D:0F:F3,-25,,0.000000,0.000000,0.000,0.000,Client
2026-05-15 08:09:19,1900-01-00 00:00:00,dlink-615_EXT,40:86:CB:27:D2:0C,-25, WPA2 ,0.000000,0.000000,0.000,0.000,AP
2026-05-15 08:09:19,1900-01-00 00:00:00,,60:E9:AA:1D:0F:F3,-25,,0.000000,0.000000,0.000,0.000,Client
2026-05-15 08:09:19,1900-01-00 00:00:00,dlink-615_EXT,40:86:CB:27:D2:0C,-25, WPA2 ,0.000000,0.000000,0.000,0.000,AP
2026-05-15 08:09:19,1900-01-00 00:00:00,,60:E9:AA:1D:0F:F3,-25,,0.000000,0.000000,0.000,0.000,Client
2026-05-15 08:09:19,1900-01-00 00:00:00,dlink-615_EXT,40:86:CB:27:D2:0C,-25, WPA2 ,0.000000,0.000000,0.000,0.000,AP
2026-05-15 08:09:19,1900-01-00 00:00:00,,60:E9:AA:1D:0F:F3,-25,,0.000000,0.000000,0.000,0.000,Client
2026-05-15 08:09:19,1900-01-00 00:00:00,dlink-615_EXT,40:86:CB:27:D2:0C,-25, WPA2 ,0.000000,0.000000,0.000,0.000,AP
2026-05-15 08:09:19,1900-01-00 00:00:00,,60:E9:AA:1D:0F:F3,-25,,0.000000,0.000000,0.000,0.000,Client
2026-05-15 08:09:19,1900-01-00 00:00:00,dlink-615_EXT,40:86:CB:27:D2:0C,-25, WPA2 ,0.000000,0.000000,0.000,0.000,AP
2026-05-15 08:09:19,1900-01-00 00:00:00,,60:E9:AA:1D:0F:F3,-25,,0.000000,0.000000,0.000,0.000,Client
2026-05-15 08:09:19,1900-01-00 00:00:00,dlink-615_EXT,40:86:CB:27:D2:0C,-25, WPA2 ,0.000000,0.000000,0.000,0.000,AP
2026-05-15 08:09:19,1900-01-00 00:00:00,,60:E9:AA:1D:0F:F3,-25,,0.000000,0.000000,0.000,0.000,Client
2026-05-15 08:09:19,1900-01-00 00:00:00,dlink-615_EXT,40:86:CB:27:D2:0C,-25, WPA2 ,0.000000,0.000000,0.000,0.000,AP
2026-05-15 08:09:19,1900-01-00 00:00:00,,60:E9:AA:1D:0F:F3,-25,,0.000000,0.000000,0.000,0.000,Client
2026-05-15 08:09:19,1900-01-00 00:00:00,dlink-615_EXT,40:86:CB:27:D2:0C,-25, WPA2 ,0.000000,0.000000,0.000,0.000,AP
2026-05-15 08:09:19,1900-01-00 00:00:00,,60:E9:AA:1D:0F:F3,-25,,0.000000,0.000000,0.000,0.000,Client
2026-05-15 08:09:19,1900-01-00 00:00:00,dlink-615_EXT,40:86:CB:27:D2:0C,-25, WPA2 ,0.000000,0.000000,0.000,0.000,AP
2026-05-15 08:09:19,1900-01-00 00:00:00,,60:E9:AA:1D:0F:F3,-25,,0.000000,0.000000,0.000,0.000,Client
2026-05-15 08:09:19,1900-01-00 00:00:00,dlink-615_EXT,40:86:CB:27:D2:0C,-25, WPA2 ,0.000000,0.000000,0.000,0.000,AP
2026-05-15 08:09:19,1900-01-00 00:00:00,,60:E9:AA:1D:0F:F3,-25,,0.000000,0.000000,0.000,0.000,Client
2026-05-15 08:09:19,1900-01-00 00:00:00,dlink-615_EXT,40:86:CB:27:D2:0C,-25, WPA2 ,0.000000,0.000000,0.000,0.000,AP
2026-05-15 08:09:19,1900-01-00 00:00:00,,60:E9:AA:1D:0F:F3,-25,,0.000000,0.000000,0.000,0.000,Client
2026-05-15 08:09:19,1900-01-00 00:00:00,dlink-615_EXT,40:86:CB:27:D2:0C,-25, WPA2 ,0.000000,0.000000,0.000,0.000,AP
2026-05-15 08:09:19,1900-01-00 00:00:00,,60:E9:AA:1D:0F:F3,-25,,0.000000,0.000000,0.000,0.000,Client
2026-05-15 08:09:19,1900-01-00 00:00:00,dlink-615_EXT,40:86:CB:27:D2:0C,-25, WPA2 ,0.000000,0.000000,0.000,0.000,AP
2026-05-15 08:09:19,1900-01-00 00:00:00,,60:E9:AA:1D:0F:F3,-25,,0.000000,0.000000,0.000,0.000,Client
2026-05-15 08:09:19,1900-01-00 00:00:00,dlink-615_EXT,40:86:CB:27:D2:0C,-25, WPA2 ,0.000000,0.000000,0.000,0.000,AP
2026-05-15 08:09:19,1900-01-00 00:00:00,,60:E9:AA:1D:0F:F3,-25,,0.000000,0.000000,0.000,0.000,Client
2026-05-15 08:09:19,1900-01-00 00:00:00,dlink-615_EXT,40:86:CB:27:D2:0C,-25, WPA2 ,0.000000,0.000000,0.000,0.000,AP
2026-05-15 08:09:19,1900-01-00 00:00:00,,60:E9:AA:1D:0F:F3,-25,,0.000000,0.000000,0.000,0.000,Client
2026-05-15 08:09:19,1900-01-00 00:00:00,dlink-615_EXT,40:86:CB:27:D2:0C,-25, WPA2 ,0.000000,0.000000,0.000,0.000,AP
2026-05-15 08:09:19,1900-01-00 00:00:00,,60:E9:AA:1D:0F:F3,-25,,0.000000,0.000000,0.000,0.000,Client
2026-05-15 08:09:19,1900-01-00 00:00:00,dlink-615_EXT,40:86:CB:27:D2:0C,-25, WPA2 ,0.000000,0.000000,0.000,0.000,AP
2026-05-15 08:09:19,1900-01-00 00:00:00,,60:E9:AA:1D:0F:F3,-25,,0.000000,0.000000,0.000,0.000,Client
2026-05-15 08:09:19,1900-01-00 00:00:00,dlink-615_EXT,40:86:CB:27:D2:0C,-17, WPA2 ,0.000000,0.000000,0.000,0.000,AP
2026-05-15 08:09:19,1900-01-00 00:00:00,,60:E9:AA:1D:0F:F3,-25,,0.000000,0.000000,0.000,0.000,Client
2026-05-15 08:09:19,1900-01-00 00:00:00,dlink-615_EXT,40:86:CB:27:D2:0C,-25, WPA2 ,0.000000,0.000000,0.000,0.000,AP
2026-05-15 08:09:19,1900-01-00 00:00:00,,60:E9:AA:1D:0F:F3,-25,,0.000000,0.000000,0.000,0.000,Client
2026-05-15 08:09:19,1900-01-00 00:00:00,dlink-615_EXT,40:86:CB:27:D2:0C,-25, WPA2 ,0.000000,0.000000,0.000,0.000,AP
2026-05-15 08:09:19,1900-01-00 00:00:00,,60:E9:AA:1D:0F:F3,-25,,0.000000,0.000000,0.000,0.000,Client
2026-05-15 08:09:19,1900-01-00 00:00:00,dlink-615_EXT,40:86:CB:27:D2:0C,-15, WPA2 ,0.000000,0.000000,0.000,0.000,AP
2026-05-15 08:09:19,1900-01-00 00:00:00,,60:E9:AA:1D:0F:F3,-17,,0.000000,0.000000,0.000,0.000,Client
2026-05-15 08:09:19,1900-01-00 00:00:00,dlink-615_EXT,40:86:CB:27:D2:0C,-17, WPA2 ,0.000000,0.000000,0.000,0.000,AP
2026-05-15 08:09:19,1900-01-00 00:00:00,,60:E9:AA:1D:0F:F3,-17,,0.000000,0.000000,0.000,0.000,Client
2026-05-15 08:09:19,1900-01-00 00:00:00,dlink-615_EXT,40:86:CB:27:D2:0C,-17, WPA2 ,0.000000,0.000000,0.000,0.000,AP
2026-05-15 08:09:19,1900-01-00 00:00:00,,60:E9:AA:1D:0F:F3,-15,,0.000000,0.000000,0.000,0.000,Client
2026-05-15 08:09:19,1900-01-00 00:00:00,dlink-615_EXT,40:86:CB:27:D2:0C,-17, WPA2 ,0.000000,0.000000,0.000,0.000,AP
2026-05-15 08:09:19,1900-01-00 00:00:00,,60:E9:AA:1D:0F:F3,-17,,0.000000,0.000000,0.000,0.000,Client
2026-05-15 08:09:19,1900-01-00 00:00:00,dlink-615_EXT,40:86:CB:27:D2:0C,-17, WPA2 ,0.000000,0.000000,0.000,0.000,AP
2026-05-15 08:09:19,1900-01-00 00:00:00,,60:E9:AA:1D:0F:F3,-17,,0.000000,0.000000,0.000,0.000,Client
2026-05-15 08:09:19,1900-01-00 00:00:00,dlink-615_EXT,40:86:CB:27:D2:0C,-17, WPA2 ,0.000000,0.000000,0.000,0.000,AP
2026-05-15 08:09:19,1900-01-00 00:00:00,,60:E9:AA:1D:0F:F3,-17,,0.000000,0.000000,0.000,0.000,Client
2026-05-15 08:09:19,1900-01-00 00:00:00,dlink-615_EXT,40:86:CB:27:D2:0C,-17, WPA2 ,0.000000,0.000000,0.000,0.000,AP
2026-05-15 08:09:19,1900-01-00 00:00:00,,60:E9:AA:1D:0F:F3,-17,,0.000000,0.000000,0.000,0.000,Client
2026-05-15 08:09:19,1900-01-00 00:00:00,dlink-615_EXT,40:86:CB:27:D2:0C,-17, WPA2 ,0.000000,0.000000,0.000,0.000,AP
2026-05-15 08:09:19,1900-01-00 00:00:00,,60:E9:AA:1D:0F:F3,-17,,0.000000,0.000000,0.000,0.000,Client
2026-05-15 08:09:19,1900-01-00 00:00:00,dlink-615_EXT,40:86:CB:27:D2:0C,-17, WPA2 ,0.000000,0.000000,0.000,0.000,AP
2026-05-15 08:09:19,1900-01-00 00:00:00,,60:E9:AA:1D:0F:F3,-17,,0.000000,0.000000,0.000,0.000,Client
2026-05-15 08:09:19,1900-01-00 00:00:00,dlink-615_EXT,40:86:CB:27:D2:0C,-21, WPA2 ,0.000000,0.000000,0.000,0.000,AP
2026-05-15 08:09:19,1900-01-00 00:00:00,,60:E9:AA:1D:0F:F3,-21,,0.000000,0.000000,0.000,0.000,Client
2026-05-15 08:09:19,1900-01-00 00:00:00,dlink-615_EXT,40:86:CB:27:D2:0C,-21, WPA2 ,0.000000,0.000000,0.000,0.000,AP
2026-05-15 08:09:19,1900-01-00 00:00:00,,60:E9:AA:1D:0F:F3,-21,,0.000000,0.000000,0.000,0.000,Client
2026-05-15 08:09:19,1900-01-00 00:00:00,dlink-615_EXT,40:86:CB:27:D2:0C,-21, WPA2 ,0.000000,0.000000,0.000,0.000,AP
2026-05-15 08:09:19,1900-01-00 00:00:00,,60:E9:AA:1D:0F:F3,-21,,0.000000,0.000000,0.000,0.000,Client
2026-05-15 08:09:19,1900-01-00 00:00:00,dlink-615_EXT,40:86:CB:27:D2:0C,-21, WPA2 ,0.000000,0.000000,0.000,0.000,AP
2026-05-15 08:09:19,1900-01-00 00:00:00,,60:E9:AA:1D:0F:F3,-21,,0.000000,0.000000,0.000,0.000,Client
2026-05-15 08:09:19,1900-01-00 00:00:00,dlink-615_EXT,40:86:CB:27:D2:0C,-21, WPA2 ,0.000000,0.000000,0.000,0.000,AP
2026-05-15 08:09:19,1900-01-00 00:00:00,,60:E9:AA:1D:0F:F3,-21,,0.000000,0.000000,0.000,0.000,Client
2026-05-15 08:09:19,1900-01-00 00:00:00,dlink-615_EXT,40:86:CB:27:D2:0C,-23, WPA2 ,0.000000,0.000000,0.000,0.000,AP
2026-05-15 08:09:19,1900-01-00 00:00:00,,60:E9:AA:1D:0F:F3,-23,,0.000000,0.000000,0.000,0.000,Client
2026-05-15 08:09:19,1900-01-00 00:00:00,dlink-615_EXT,40:86:CB:27:D2:0C,-21, WPA2 ,0.000000,0.000000,0.000,0.000,AP
2026-05-15 08:09:19,1900-01-00 00:00:00,dlink-615_EXT,40:86:CB:27:D2:0C,-23, WPA2 ,0.000000,0.000000,0.000,0.000,AP
2026-05-15 08:09:19,1900-01-00 00:00:00,,60:E9:AA:1D:0F:F3,-81,,0.000000,0.000000,0.000,0.000,Client
2026-05-15 08:09:19,1900-01-00 00:00:00,dlink-615_EXT,40:86:CB:27:D2:0C,-23, WPA2 ,0.000000,0.000000,0.000,0.000,AP
2026-05-15 08:09:19,1900-01-00 00:00:00,dlink-615_EXT,40:86:CB:27:D2:0C,-23, WPA2 ,0.000000,0.000000,0.000,0.000,AP
2026-05-15 08:09:19,1900-01-00 00:00:00,dlink-615_EXT,40:86:CB:27:D2:0C,-21, WPA2 ,0.000000,0.000000,0.000,0.000,AP
2026-05-15 08:09:19,1900-01-00 00:00:00,,60:E9:AA:1D:0F:F3,-21,,0.000000,0.000000,0.000,0.000,Client
2026-05-15 08:09:19,1900-01-00 00:00:00,dlink-615_EXT,40:86:CB:27:D2:0C,-21, WPA2 ,0.000000,0.000000,0.000,0.000,AP
2026-05-15 08:09:19,1900-01-00 00:00:00,dlink-615_EXT,40:86:CB:27:D2:0C,-21, WPA2 ,0.000000,0.000000,0.000,0.000,AP
2026-05-15 08:09:19,1900-01-00 00:00:00,,60:E9:AA:1D:0F:F3,-21,,0.000000,0.000000,0.000,0.000,Client
2026-05-15 08:09:19,1900-01-00 00:00:00,dlink-615_EXT,40:86:CB:27:D2:0C,-21, WPA2 ,0.000000,0.000000,0.000,0.000,AP
2026-05-15 08:09:19,1900-01-00 00:00:00,dlink-615_EXT,40:86:CB:27:D2:0C,-21, WPA2 ,0.000000,0.000000,0.000,0.000,AP
2026-05-15 08:09:19,1900-01-00 00:00:00,,60:E9:AA:1D:0F:F3,-21,,0.000000,0.000000,0.000,0.000,Client
2026-05-15 08:09:19,1900-01-00 00:00:00,dlink-615_EXT,40:86:CB:27:D2:0C,-21, WPA2 ,0.000000,0.000000,0.000,0.000,AP
2026-05-15 08:09:19,1900-01-00 00:00:00,,60:E9:AA:1D:0F:F3,-21,,0.000000,0.000000,0.000,0.000,Client
2026-05-15 08:09:19,1900-01-00 00:00:00,dlink-615_EXT,40:86:CB:27:D2:0C,-21, WPA2 ,0.000000,0.000000,0.000,0.000,AP
2026-05-15 08:09:19,1900-01-00 00:00:00,,60:E9:AA:1D:0F:F3,-21,,0.000000,0.000000,0.000,0.000,Client
2026-05-15 08:09:19,1900-01-00 00:00:00,dlink-615_EXT,40:86:CB:27:D2:0C,-21, WPA2 ,0.000000,0.000000,0.000,0.000,AP
2026-05-15 08:09:19,1900-01-00 00:00:00,,60:E9:AA:1D:0F:F3,-77,,0.000000,0.000000,0.000,0.000,Client
2026-05-15 08:09:19,1900-01-00 00:00:00,dlink-615_EXT,40:86:CB:27:D2:0C,-21, WPA2 ,0.000000,0.000000,0.000,0.000,AP
2026-05-15 08:09:19,1900-01-00 00:00:00,dlink-615_EXT,40:86:CB:27:D2:0C,-21, WPA2 ,0.000000,0.000000,0.000,0.000,AP
2026-05-15 08:09:19,1900-01-00 00:00:00,dlink-615_EXT,40:86:CB:27:D2:0C,-21, WPA2 ,0.000000,0.000000,0.000,0.000,AP
2026-05-15 08:09:19,1900-01-00 00:00:00,,60:E9:AA:1D:0F:F3,-21,,0.000000,0.000000,0.000,0.000,Client
2026-05-15 08:09:19,1900-01-00 00:00:00,dlink-615_EXT,40:86:CB:27:D2:0C,-21, WPA2 ,0.000000,0.000000,0.000,0.000,AP
2026-05-15 08:09:19,1900-01-00 00:00:00,dlink-615_EXT,40:86:CB:27:D2:0C,-21, WPA2 ,0.000000,0.000000,0.000,0.000,AP
2026-05-15 08:09:19,1900-01-00 00:00:00,dlink-615_EXT,40:86:CB:27:D2:0C,-61, WPA2 ,0.000000,0.000000,0.000,0.000,AP
2026-05-15 08:09:19,1900-01-00 00:00:00,dlink-615_EXT,40:86:CB:27:D2:0C,-61, WPA2 ,0.000000,0.000000,0.000,0.000,AP
2026-05-15 08:09:19,1900-01-00 00:00:00,,60:E9:AA:1D:0F:F3,-61,,0.000000,0.000000,0.000,0.000,Client
2026-05-15 08:09:19,1900-01-00 00:00:00,dlink-615_EXT,40:86:CB:27:D2:0C,-61, WPA2 ,0.000000,0.000000,0.000,0.000,AP
2026-05-15 08:09:19,1900-01-00 00:00:00,,60:E9:AA:1D:0F:F3,-61,,0.000000,0.000000,0.000,0.000,Client
2026-05-15 08:09:19,1900-01-00 00:00:00,dlink-615_EXT,40:86:CB:27:D2:0C,-61, WPA2 ,0.000000,0.000000,0.000,0.000,AP
2026-05-15 08:09:19,1900-01-00 00:00:00,,60:E9:AA:1D:0F:F3,-61,,0.000000,0.000000,0.000,0.000,Client
2026-05-15 08:09:19,1900-01-00 00:00:00,dlink-615_EXT,40:86:CB:27:D2:0C,-61, WPA2 ,0.000000,0.000000,0.000,0.000,AP
2026-05-15 08:09:19,1900-01-00 00:00:00,,60:E9:AA:1D:0F:F3,-61,,0.000000,0.000000,0.000,0.000,Client
2026-05-15 08:09:19,1900-01-00 00:00:00,dlink-615_EXT,40:86:CB:27:D2:0C,-61, WPA2 ,0.000000,0.000000,0.000,0.000,AP
2026-05-15 08:09:19,1900-01-00 00:00:00,,60:E9:AA:1D:0F:F3,-65,,0.000000,0.000000,0.000,0.000,Client
2026-05-15 08:09:19,1900-01-00 00:00:00,dlink-615_EXT,40:86:CB:27:D2:0C,-65, WPA2 ,0.000000,0.000000,0.000,0.000,AP
2026-05-15 08:09:19,1900-01-00 00:00:00,,60:E9:AA:1D:0F:F3,-65,,0.000000,0.000000,0.000,0.000,Client
2026-05-15 08:09:19,1900-01-00 00:00:00,dlink-615_EXT,40:86:CB:27:D2:0C,-65, WPA2 ,0.000000,0.000000,0.000,0.000,AP
2026-05-15 08:09:19,1900-01-00 00:00:00,,60:E9:AA:1D:0F:F3,-65,,0.000000,0.000000,0.000,0.000,Client
2026-05-15 08:09:19,1900-01-00 00:00:00,dlink-615_EXT,40:86:CB:27:D2:0C,-65, WPA2 ,0.000000,0.000000,0.000,0.000,AP
2026-05-15 08:09:19,1900-01-00 00:00:00,,60:E9:AA:1D:0F:F3,-65,,0.000000,0.000000,0.000,0.000,Client
2026-05-15 08:09:19,1900-01-00 00:00:00,dlink-615_EXT,40:86:CB:27:D2:0C,-21, WPA2 ,0.000000,0.000000,0.000,0.000,AP
2026-05-15 08:09:19,1900-01-00 00:00:00,dlink-615_EXT,40:86:CB:27:D2:0C,-25, WPA2 ,0.000000,0.000000,0.000,0.000,AP
2026-05-15 08:09:19,1900-01-00 00:00:00,,60:E9:AA:1D:0F:F3,-25,,0.000000,0.000000,0.000,0.000,Client
2026-05-15 08:09:19,1900-01-00 00:00:00,dlink-615_EXT,40:86:CB:27:D2:0C,-25, WPA2 ,0.000000,0.000000,0.000,0.000,AP
2026-05-15 08:09:19,1900-01-00 00:00:00,,60:E9:AA:1D:0F:F3,-25,,0.000000,0.000000,0.000,0.000,Client
2026-05-15 08:09:19,1900-01-00 00:00:00,dlink-615_EXT,40:86:CB:27:D2:0C,-25, WPA2 ,0.000000,0.000000,0.000,0.000,AP
2026-05-15 08:09:19,1900-01-00 00:00:00,,60:E9:AA:1D:0F:F3,-25,,0.000000,0.000000,0.000,0.000,Client
2026-05-15 08:09:19,1900-01-00 00:00:00,dlink-615_EXT,40:86:CB:27:D2:0C,-25, WPA2 ,0.000000,0.000000,0.000,0.000,AP
2026-05-15 08:09:19,1900-01-00 00:00:00,,60:E9:AA:1D:0F:F3,-25,,0.000000,0.000000,0.000,0.000,Client
2026-05-15 08:09:19,1900-01-00 00:00:00,dlink-615_EXT,40:86:CB:27:D2:0C,-25, WPA2 ,0.000000,0.000000,0.000,0.000,AP
2026-05-15 08:09:19,1900-01-00 00:00:00,,60:E9:AA:1D:0F:F3,-25,,0.000000,0.000000,0.000,0.000,Client
2026-05-15 08:09:19,1900-01-00 00:00:00,dlink-615_EXT,40:86:CB:27:D2:0C,-25, WPA2 ,0.000000,0.000000,0.000,0.000,AP
2026-05-15 08:09:19,1900-01-00 00:00:00,,60:E9:AA:1D:0F:F3,-25,,0.000000,0.000000,0.000,0.000,Client
2026-05-15 08:09:19,1900-01-00 00:00:00,dlink-615_EXT,40:86:CB:27:D2:0C,-25, WPA2 ,0.000000,0.000000,0.000,0.000,AP
2026-05-15 08:09:19,1900-01-00 00:00:00,,60:E9:AA:1D:0F:F3,-25,,0.000000,0.000000,0.000,0.000,Client
2026-05-15 08:09:19,1900-01-00 00:00:00,dlink-615_EXT,40:86:CB:27:D2:0C,-25, WPA2 ,0.000000,0.000000,0.000,0.000,AP
2026-05-15 08:09:19,1900-01-00 00:00:00,,60:E9:AA:1D:0F:F3,-25,,0.000000,0.000000,0.000,0.000,Client
2026-05-15 08:09:19,1900-01-00 00:00:00,dlink-615_EXT,40:86:CB:27:D2:0C,-25, WPA2 ,0.000000,0.000000,0.000,0.000,AP
2026-05-15 08:09:19,1900-01-00 00:00:00,,60:E9:AA:1D:0F:F3,-25,,0.000000,0.000000,0.000,0.000,Client
2026-05-15 08:09:19,1900-01-00 00:00:00,dlink-615_EXT,40:86:CB:27:D2:0C,-25, WPA2 ,0.000000,0.000000,0.000,0.000,AP
2026-05-15 08:09:19,1900-01-00 00:00:00,,60:E9:AA:1D:0F:F3,-25,,0.000000,0.000000,0.000,0.000,Client
2026-05-15 08:09:19,1900-01-00 00:00:00,dlink-615_EXT,40:86:CB:27:D2:0C,-25, WPA2 ,0.000000,0.000000,0.000,0.000,AP
2026-05-15 08:09:19,1900-01-00 00:00:00,,60:E9:AA:1D:0F:F3,-25,,0.000000,0.000000,0.000,0.000,Client
2026-05-15 08:09:19,1900-01-00 00:00:00,dlink-615_EXT,40:86:CB:27:D2:0C,-27, WPA2 ,0.000000,0.000000,0.000,0.000,AP
2026-05-15 08:09:19,1900-01-00 00:00:00,,60:E9:AA:1D:0F:F3,-27,,0.000000,0.000000,0.000,0.000,Client
2026-05-15 08:09:19,1900-01-00 00:00:00,dlink-615_EXT,40:86:CB:27:D2:0C,-27, WPA2 ,0.000000,0.000000,0.000,0.000,AP
2026-05-15 08:09:19,1900-01-00 00:00:00,,60:E9:AA:1D:0F:F3,-27,,0.000000,0.000000,0.000,0.000,Client
2026-05-15 08:09:19,1900-01-00 00:00:00,dlink-615_EXT,40:86:CB:27:D2:0C,-27, WPA2 ,0.000000,0.000000,0.000,0.000,AP
2026-05-15 08:09:19,1900-01-00 00:00:00,,60:E9:AA:1D:0F:F3,-27,,0.000000,0.000000,0.000,0.000,Client
2026-05-15 08:09:19,1900-01-00 00:00:00,dlink-615_EXT,40:86:CB:27:D2:0C,-27, WPA2 ,0.000000,0.000000,0.000,0.000,AP
2026-05-15 08:09:19,1900-01-00 00:00:00,,60:E9:AA:1D:0F:F3,-27,,0.000000,0.000000,0.000,0.000,Client
2026-05-15 08:09:19,1900-01-00 00:00:00,dlink-615_EXT,40:86:CB:27:D2:0C,-27, WPA2 ,0.000000,0.000000,0.000,0.000,AP
2026-05-15 08:09:19,1900-01-00 00:00:00,,60:E9:AA:1D:0F:F3,-27,,0.000000,0.000000,0.000,0.000,Client
2026-05-15 08:09:19,1900-01-00 00:00:00,dlink-615_EXT,40:86:CB:27:D2:0C,-27, WPA2 ,0.000000,0.000000,0.000,0.000,AP
2026-05-15 08:09:19,1900-01-00 00:00:00,,60:E9:AA:1D:0F:F3,-27,,0.000000,0.000000,0.000,0.000,Client
2026-05-15 08:09:19,1900-01-00 00:00:00,dlink-615_EXT,40:86:CB:27:D2:0C,-27, WPA2 ,0.000000,0.000000,0.000,0.000,AP
2026-05-15 08:09:20,1900-01-00 00:00:00,,60:E9:AA:1D:0F:F3,-27,,0.000000,0.000000,0.000,0.000,Client
2026-05-15 08:09:20,1900-01-00 00:00:00,dlink-615_EXT,40:86:CB:27:D2:0C,-27, WPA2 ,0.000000,0.000000,0.000,0.000,AP
2026-05-15 08:09:20,1900-01-00 00:00:00,,60:E9:AA:1D:0F:F3,-27,,0.000000,0.000000,0.000,0.000,Client
2026-05-15 08:09:20,1900-01-00 00:00:00,dlink-615_EXT,40:86:CB:27:D2:0C,-17, WPA2 ,0.000000,0.000000,0.000,0.000,AP
2026-05-15 08:09:20,1900-01-00 00:00:00,,60:E9:AA:1D:0F:F3,-17,,0.000000,0.000000,0.000,0.000,Client
2026-05-15 08:09:20,1900-01-00 00:00:00,dlink-615_EXT,40:86:CB:27:D2:0C,-15, WPA2 ,0.000000,0.000000,0.000,0.000,AP
2026-05-15 08:09:20,1900-01-00 00:00:00,dlink-615_EXT,40:86:CB:27:D2:0C,-15, WPA2 ,0.000000,0.000000,0.000,0.000,AP
2026-05-15 08:09:20,1900-01-00 00:00:00,,60:E9:AA:1D:0F:F3,-15,,0.000000,0.000000,0.000,0.000,Client
2026-05-15 08:09:20,1900-01-00 00:00:00,dlink-615_EXT,40:86:CB:27:D2:0C,-15, WPA2 ,0.000000,0.000000,0.000,0.000,AP
2026-05-15 08:09:20,1900-01-00 00:00:00,,60:E9:AA:1D:0F:F3,-15,,0.000000,0.000000,0.000,0.000,Client
2026-05-15 08:09:20,1900-01-00 00:00:00,dlink-615_EXT,40:86:CB:27:D2:0C,-15, WPA2 ,0.000000,0.000000,0.000,0.000,AP
2026-05-15 08:09:20,1900-01-00 00:00:00,dlink-615_EXT,40:86:CB:27:D2:0C,-15, WPA2 ,0.000000,0.000000,0.000,0.000,AP
2026-05-15 08:09:20,1900-01-00 00:00:00,,60:E9:AA:1D:0F:F3,-15,,0.000000,0.000000,0.000,0.000,Client
2026-05-15 08:09:20,1900-01-00 00:00:00,dlink-615_EXT,40:86:CB:27:D2:0C,-17, WPA2 ,0.000000,0.000000,0.000,0.000,AP
2026-05-15 08:09:20,1900-01-00 00:00:00,,60:E9:AA:1D:0F:F3,-17,,0.000000,0.000000,0.000,0.000,Client
2026-05-15 08:09:20,1900-01-00 00:00:00,dlink-615_EXT,40:86:CB:27:D2:0C,-17, WPA2 ,0.000000,0.000000,0.000,0.000,AP
2026-05-15 08:09:20,1900-01-00 00:00:00,,60:E9:AA:1D:0F:F3,-17,,0.000000,0.000000,0.000,0.000,Client
2026-05-15 08:09:20,1900-01-00 00:00:00,dlink-615_EXT,40:86:CB:27:D2:0C,-17, WPA2 ,0.000000,0.000000,0.000,0.000,AP
2026-05-15 08:09:20,1900-01-00 00:00:00,,60:E9:AA:1D:0F:F3,-17,,0.000000,0.000000,0.000,0.000,Client
2026-05-15 08:09:20,1900-01-00 00:00:00,dlink-615_EXT,40:86:CB:27:D2:0C,-25, WPA2 ,0.000000,0.000000,0.000,0.000,AP
2026-05-15 08:09:20,1900-01-00 00:00:00,,60:E9:AA:1D:0F:F3,-15,,0.000000,0.000000,0.000,0.000,Client
2026-05-15 08:09:20,1900-01-00 00:00:00,,9C:2F:9D:82:20:A3,-27,,0.000000,0.000000,0.000,0.000,Client
2026-05-15 08:09:20,1900-01-00 00:00:00,dlink-615_EXT,40:86:CB:27:D2:0C,-17, WPA2 ,0.000000,0.000000,0.000,0.000,AP
2026-05-15 08:09:20,1900-01-00 00:00:00,,60:E9:AA:1D:0F:F3,-17,,0.000000,0.000000,0.000,0.000,Client
2026-05-15 08:09:20,1900-01-00 00:00:00,dlink-615_EXT,40:86:CB:27:D2:0C,-15, WPA2 ,0.000000,0.000000,0.000,0.000,AP
2026-05-15 08:09:20,1900-01-00 00:00:00,,60:E9:AA:1D:0F:F3,-25,,0.000000,0.000000,0.000,0.000,Client
2026-05-15 08:09:20,1900-01-00 00:00:00,dlink-615_EXT,40:86:CB:27:D2:0C,-17, WPA2 ,0.000000,0.000000,0.000,0.000,AP
2026-05-15 08:09:20,1900-01-00 00:00:00,,60:E9:AA:1D:0F:F3,-17,,0.000000,0.000000,0.000,0.000,Client
2026-05-15 08:09:20,1900-01-00 00:00:00,dlink-615_EXT,40:86:CB:27:D2:0C,-17, WPA2 ,0.000000,0.000000,0.000,0.000,AP
2026-05-15 08:09:20,1900-01-00 00:00:00,,60:E9:AA:1D:0F:F3,-29,,0.000000,0.000000,0.000,0.000,Client
2026-05-15 08:09:20,1900-01-00 00:00:00,dlink-615_EXT,40:86:CB:27:D2:0C,-17, WPA2 ,0.000000,0.000000,0.000,0.000,AP
2026-05-15 08:09:20,1900-01-00 00:00:00,,60:E9:AA:1D:0F:F3,-25,,0.000000,0.000000,0.000,0.000,Client
2026-05-15 08:09:20,1900-01-00 00:00:00,dlink-615_EXT,40:86:CB:27:D2:0C,-25, WPA2 ,0.000000,0.000000,0.000,0.000,AP
2026-05-15 08:09:20,1900-01-00 00:00:00,,60:E9:AA:1D:0F:F3,-25,,0.000000,0.000000,0.000,0.000,Client
2026-05-15 08:09:20,1900-01-00 00:00:00,dlink-615_EXT,40:86:CB:27:D2:0C,-25, WPA2 ,0.000000,0.000000,0.000,0.000,AP
2026-05-15 08:09:20,1900-01-00 00:00:00,,60:E9:AA:1D:0F:F3,-25,,0.000000,0.000000,0.000,0.000,Client
2026-05-15 08:09:20,1900-01-00 00:00:00,dlink-615_EXT,40:86:CB:27:D2:0C,-25, WPA2 ,0.000000,0.000000,0.000,0.000,AP
2026-05-15 08:09:20,1900-01-00 00:00:00,,60:E9:AA:1D:0F:F3,-25,,0.000000,0.000000,0.000,0.000,Client
2026-05-15 08:09:20,1900-01-00 00:00:00,dlink-615_EXT,40:86:CB:27:D2:0C,-25, WPA2 ,0.000000,0.000000,0.000,0.000,AP
2026-05-15 08:09:20,1900-01-00 00:00:00,,60:E9:AA:1D:0F:F3,-25,,0.000000,0.000000,0.000,0.000,Client
2026-05-15 08:09:20,1900-01-00 00:00:00,dlink-615_EXT,40:86:CB:27:D2:0C,-25, WPA2 ,0.000000,0.000000,0.000,0.000,AP
2026-05-15 08:09:20,1900-01-00 00:00:00,,60:E9:AA:1D:0F:F3,-25,,0.000000,0.000000,0.000,0.000,Client
2026-05-15 08:09:20,1900-01-00 00:00:00,dlink-615_EXT,40:86:CB:27:D2:0C,-25, WPA2 ,0.000000,0.000000,0.000,0.000,AP
2026-05-15 08:09:20,1900-01-00 00:00:00,,60:E9:AA:1D:0F:F3,-25,,0.000000,0.000000,0.000,0.000,Client
2026-05-15 08:09:20,1900-01-00 00:00:00,dlink-615_EXT,40:86:CB:27:D2:0C,-25, WPA2 ,0.000000,0.000000,0.000,0.000,AP
2026-05-15 08:09:20,1900-01-00 00:00:00,,60:E9:AA:1D:0F:F3,-59,,0.000000,0.000000,0.000,0.000,Client
2026-05-15 08:09:20,1900-01-00 00:00:00,dlink-615_EXT,40:86:CB:27:D2:0C,-59, WPA2 ,0.000000,0.000000,0.000,0.000,AP
2026-05-15 08:09:20,1900-01-00 00:00:00,,60:E9:AA:1D:0F:F3,-59,,0.000000,0.000000,0.000,0.000,Client
2026-05-15 08:09:20,1900-01-00 00:00:00,dlink-615_EXT,40:86:CB:27:D2:0C,-59, WPA2 ,0.000000,0.000000,0.000,0.000,AP
2026-05-15 08:09:20,1900-01-00 00:00:00,,60:E9:AA:1D:0F:F3,-59,,0.000000,0.000000,0.000,0.000,Client
2026-05-15 08:09:20,1900-01-00 00:00:00,dlink-615_EXT,40:86:CB:27:D2:0C,-59, WPA2 ,0.000000,0.000000,0.000,0.000,AP
2026-05-15 08:09:20,1900-01-00 00:00:00,,60:E9:AA:1D:0F:F3,-59,,0.000000,0.000000,0.000,0.000,Client
2026-05-15 08:09:20,1900-01-00 00:00:00,dlink-615_EXT,40:86:CB:27:D2:0C,-59, WPA2 ,0.000000,0.000000,0.000,0.000,AP
2026-05-15 08:09:20,1900-01-00 00:00:00,,60:E9:AA:1D:0F:F3,-59,,0.000000,0.000000,0.000,0.000,Client
2026-05-15 08:09:20,1900-01-00 00:00:00,dlink-615_EXT,40:86:CB:27:D2:0C,-59, WPA2 ,0.000000,0.000000,0.000,0.000,AP
2026-05-15 08:09:20,1900-01-00 00:00:00,,60:E9:AA:1D:0F:F3,-59,,0.000000,0.000000,0.000,0.000,Client
2026-05-15 08:09:20,1900-01-00 00:00:00,dlink-615_EXT,40:86:CB:27:D2:0C,-59, WPA2 ,0.000000,0.000000,0.000,0.000,AP
2026-05-15 08:09:20,1900-01-00 00:00:00,,60:E9:AA:1D:0F:F3,-59,,0.000000,0.000000,0.000,0.000,Client
2026-05-15 08:09:20,1900-01-00 00:00:00,dlink-615_EXT,40:86:CB:27:D2:0C,-59, WPA2 ,0.000000,0.000000,0.000,0.000,AP
2026-05-15 08:09:20,1900-01-00 00:00:00,,60:E9:AA:1D:0F:F3,-59,,0.000000,0.000000,0.000,0.000,Client
2026-05-15 08:09:20,1900-01-00 00:00:00,dlink-615_EXT,40:86:CB:27:D2:0C,-59, WPA2 ,0.000000,0.000000,0.000,0.000,AP
2026-05-15 08:09:20,1900-01-00 00:00:00,,60:E9:AA:1D:0F:F3,-59,,0.000000,0.000000,0.000,0.000,Client
2026-05-15 08:09:20,1900-01-00 00:00:00,dlink-615_EXT,40:86:CB:27:D2:0C,-59, WPA2 ,0.000000,0.000000,0.000,0.000,AP
2026-05-15 08:09:20,1900-01-00 00:00:00,,60:E9:AA:1D:0F:F3,-59,,0.000000,0.000000,0.000,0.000,Client
2026-05-15 08:09:20,1900-01-00 00:00:00,dlink-615_EXT,40:86:CB:27:D2:0C,-59, WPA2 ,0.000000,0.000000,0.000,0.000,AP
2026-05-15 08:09:20,1900-01-00 00:00:00,,60:E9:AA:1D:0F:F3,-59,,0.000000,0.000000,0.000,0.000,Client
2026-05-15 08:09:20,1900-01-00 00:00:00,dlink-615_EXT,40:86:CB:27:D2:0C,-59, WPA2 ,0.000000,0.000000,0.000,0.000,AP
2026-05-15 08:09:20,1900-01-00 00:00:00,,60:E9:AA:1D:0F:F3,-59,,0.000000,0.000000,0.000,0.000,Client
2026-05-15 08:09:20,1900-01-00 00:00:00,dlink-615_EXT,40:86:CB:27:D2:0C,-59, WPA2 ,0.000000,0.000000,0.000,0.000,AP
2026-05-15 08:09:20,1900-01-00 00:00:00,,60:E9:AA:1D:0F:F3,-59,,0.000000,0.000000,0.000,0.000,Client
2026-05-15 08:09:20,1900-01-00 00:00:00,dlink-615_EXT,40:86:CB:27:D2:0C,-59, WPA2 ,0.000000,0.000000,0.000,0.000,AP
2026-05-15 08:09:20,1900-01-00 00:00:00,,60:E9:AA:1D:0F:F3,-59,,0.000000,0.000000,0.000,0.000,Client
2026-05-15 08:09:20,1900-01-00 00:00:00,dlink-615_EXT,40:86:CB:27:D2:0C,-59, WPA2 ,0.000000,0.000000,0.000,0.000,AP
2026-05-15 08:09:20,1900-01-00 00:00:00,,60:E9:AA:1D:0F:F3,-59,,0.000000,0.000000,0.000,0.000,Client
2026-05-15 08:09:20,1900-01-00 00:00:00,dlink-615_EXT,40:86:CB:27:D2:0C,-59, WPA2 ,0.000000,0.000000,0.000,0.000,AP
2026-05-15 08:09:20,1900-01-00 00:00:00,,60:E9:AA:1D:0F:F3,-59,,0.000000,0.000000,0.000,0.000,Client
2026-05-15 08:09:20,1900-01-00 00:00:00,dlink-615_EXT,40:86:CB:27:D2:0C,-59, WPA2 ,0.000000,0.000000,0.000,0.000,AP
2026-05-15 08:09:20,1900-01-00 00:00:00,,60:E9:AA:1D:0F:F3,-59,,0.000000,0.000000,0.000,0.000,Client
2026-05-15 08:09:20,1900-01-00 00:00:00,dlink-615_EXT,40:86:CB:27:D2:0C,-59, WPA2 ,0.000000,0.000000,0.000,0.000,AP
2026-05-15 08:09:20,1900-01-00 00:00:00,,60:E9:AA:1D:0F:F3,-59,,0.000000,0.000000,0.000,0.000,Client
2026-05-15 08:09:20,1900-01-00 00:00:00,dlink-615_EXT,40:86:CB:27:D2:0C,-59, WPA2 ,0.000000,0.000000,0.000,0.000,AP
2026-05-15 08:09:20,1900-01-00 00:00:00,,60:E9:AA:1D:0F:F3,-59,,0.000000,0.000000,0.000,0.000,Client
2026-05-15 08:09:20,1900-01-00 00:00:00,dlink-615_EXT,40:86:CB:27:D2:0C,-59, WPA2 ,0.000000,0.000000,0.000,0.000,AP
2026-05-15 08:09:20,1900-01-00 00:00:00,,60:E9:AA:1D:0F:F3,-59,,0.000000,0.000000,0.000,0.000,Client
2026-05-15 08:09:20,1900-01-00 00:00:00,dlink-615_EXT,40:86:CB:27:D2:0C,-59, WPA2 ,0.000000,0.000000,0.000,0.000,AP
2026-05-15 08:09:20,1900-01-00 00:00:00,,60:E9:AA:1D:0F:F3,-59,,0.000000,0.000000,0.000,0.000,Client
2026-05-15 08:09:20,1900-01-00 00:00:00,dlink-615_EXT,40:86:CB:27:D2:0C,-59, WPA2 ,0.000000,0.000000,0.000,0.000,AP
2026-05-15 08:09:20,1900-01-00 00:00:00,,60:E9:AA:1D:0F:F3,-59,,0.000000,0.000000,0.000,0.000,Client
2026-05-15 08:09:20,1900-01-00 00:00:00,dlink-615_EXT,40:86:CB:27:D2:0C,-59, WPA2 ,0.000000,0.000000,0.000,0.000,AP
2026-05-15 08:09:20,1900-01-00 00:00:00,,60:E9:AA:1D:0F:F3,-59,,0.000000,0.000000,0.000,0.000,Client
2026-05-15 08:09:20,1900-01-00 00:00:00,dlink-615_EXT,40:86:CB:27:D2:0C,-59, WPA2 ,0.000000,0.000000,0.000,0.000,AP
2026-05-15 08:09:20,1900-01-00 00:00:00,,60:E9:AA:1D:0F:F3,-59,,0.000000,0.000000,0.000,0.000,Client
2026-05-15 08:09:20,1900-01-00 00:00:00,dlink-615_EXT,40:86:CB:27:D2:0C,-59, WPA2 ,0.000000,0.000000,0.000,0.000,AP
2026-05-15 08:09:20,1900-01-00 00:00:00,,60:E9:AA:1D:0F:F3,-59,,0.000000,0.000000,0.000,0.000,Client
2026-05-15 08:09:20,1900-01-00 00:00:00,dlink-615_EXT,40:86:CB:27:D2:0C,-59, WPA2 ,0.000000,0.000000,0.000,0.000,AP
2026-05-15 08:09:20,1900-01-00 00:00:00,,60:E9:AA:1D:0F:F3,-59,,0.000000,0.000000,0.000,0.000,Client
2026-05-15 08:09:20,1900-01-00 00:00:00,dlink-615_EXT,40:86:CB:27:D2:0C,-29, WPA2 ,0.000000,0.000000,0.000,0.000,AP
2026-05-15 08:09:20,1900-01-00 00:00:00,dlink-615_EXT,40:86:CB:27:D2:0C,-61, WPA2 ,0.000000,0.000000,0.000,0.000,AP
2026-05-15 08:09:20,1900-01-00 00:00:00,,60:E9:AA:1D:0F:F3,-61,,0.000000,0.000000,0.000,0.000,Client
2026-05-15 08:09:20,1900-01-00 00:00:00,dlink-615_EXT,40:86:CB:27:D2:0C,-61, WPA2 ,0.000000,0.000000,0.000,0.000,AP
2026-05-15 08:09:20,1900-01-00 00:00:00,,60:E9:AA:1D:0F:F3,-61,,0.000000,0.000000,0.000,0.000,Client
2026-05-15 08:09:20,1900-01-00 00:00:00,dlink-615_EXT,40:86:CB:27:D2:0C,-61, WPA2 ,0.000000,0.000000,0.000,0.000,AP
2026-05-15 08:09:20,1900-01-00 00:00:00,,60:E9:AA:1D:0F:F3,-61,,0.000000,0.000000,0.000,0.000,Client
2026-05-15 08:09:20,1900-01-00 00:00:00,dlink-615_EXT,40:86:CB:27:D2:0C,-17, WPA2 ,0.000000,0.000000,0.000,0.000,AP
2026-05-15 08:09:20,1900-01-00 00:00:00,,60:E9:AA:1D:0F:F3,-17,,0.000000,0.000000,0.000,0.000,Client
2026-05-15 08:09:20,1900-01-00 00:00:00,dlink-615_EXT,40:86:CB:27:D2:0C,-15, WPA2 ,0.000000,0.000000,0.000,0.000,AP
2026-05-15 08:09:20,1900-01-00 00:00:00,,60:E9:AA:1D:0F:F3,-15,,0.000000,0.000000,0.000,0.000,Client
2026-05-15 08:09:20,1900-01-00 00:00:00,dlink-615_EXT,40:86:CB:27:D2:0C,-15, WPA2 ,0.000000,0.000000,0.000,0.000,AP
2026-05-15 08:09:20,1900-01-00 00:00:00,,60:E9:AA:1D:0F:F3,-15,,0.000000,0.000000,0.000,0.000,Client
2026-05-15 08:09:20,1900-01-00 00:00:00,dlink-615_EXT,40:86:CB:27:D2:0C,-17, WPA2 ,0.000000,0.000000,0.000,0.000,AP
2026-05-15 08:09:20,1900-01-00 00:00:00,dlink-615_EXT,40:86:CB:27:D2:0C,-17, WPA2 ,0.000000,0.000000,0.000,0.000,AP
2026-05-15 08:09:20,1900-01-00 00:00:00,,60:E9:AA:1D:0F:F3,-17,,0.000000,0.000000,0.000,0.000,Client
2026-05-15 08:09:20,1900-01-00 00:00:00,dlink-615_EXT,40:86:CB:27:D2:0C,-17, WPA2 ,0.000000,0.000000,0.000,0.000,AP
2026-05-15 08:09:20,1900-01-00 00:00:00,,60:E9:AA:1D:0F:F3,-17,,0.000000,0.000000,0.000,0.000,Client
2026-05-15 08:09:20,1900-01-00 00:00:00,dlink-615_EXT,40:86:CB:27:D2:0C,-17, WPA2 ,0.000000,0.000000,0.000,0.000,AP
2026-05-15 08:09:20,1900-01-00 00:00:00,,60:E9:AA:1D:0F:F3,-17,,0.000000,0.000000,0.000,0.000,Client
2026-05-15 08:09:20,1900-01-00 00:00:00,dlink-615_EXT,40:86:CB:27:D2:0C,-17, WPA2 ,0.000000,0.000000,0.000,0.000,AP
2026-05-15 08:09:20,1900-01-00 00:00:00,,60:E9:AA:1D:0F:F3,-17,,0.000000,0.000000,0.000,0.000,Client
2026-05-15 08:09:20,1900-01-00 00:00:00,dlink-615_EXT,40:86:CB:27:D2:0C,-17, WPA2 ,0.000000,0.000000,0.000,0.000,AP
2026-05-15 08:09:20,1900-01-00 00:00:00,,60:E9:AA:1D:0F:F3,-15,,0.000000,0.000000,0.000,0.000,Client
2026-05-15 08:09:20,1900-01-00 00:00:00,dlink-615_EXT,40:86:CB:27:D2:0C,-15, WPA2 ,0.000000,0.000000,0.000,0.000,AP
2026-05-15 08:09:20,1900-01-00 00:00:00,,60:E9:AA:1D:0F:F3,-15,,0.000000,0.000000,0.000,0.000,Client
2026-05-15 08:09:20,1900-01-00 00:00:00,dlink-615_EXT,40:86:CB:27:D2:0C,-17, WPA2 ,0.000000,0.000000,0.000,0.000,AP
2026-05-15 08:09:20,1900-01-00 00:00:00,,60:E9:AA:1D:0F:F3,-17,,0.000000,0.000000,0.000,0.000,Client
2026-05-15 08:09:20,1900-01-00 00:00:00,dlink-615_EXT,40:86:CB:27:D2:0C,-17, WPA2 ,0.000000,0.000000,0.000,0.000,AP
2026-05-15 08:09:20,1900-01-00 00:00:00,,60:E9:AA:1D:0F:F3,-17,,0.000000,0.000000,0.000,0.000,Client
2026-05-15 08:09:20,1900-01-00 00:00:00,dlink-615_EXT,40:86:CB:27:D2:0C,-17, WPA2 ,0.000000,0.000000,0.000,0.000,AP
2026-05-15 08:09:20,1900-01-00 00:00:00,,60:E9:AA:1D:0F:F3,-17,,0.000000,0.000000,0.000,0.000,Client
2026-05-15 08:09:20,1900-01-00 00:00:00,dlink-615_EXT,40:86:CB:27:D2:0C,-17, WPA2 ,0.000000,0.000000,0.000,0.000,AP
2026-05-15 08:09:20,1900-01-00 00:00:00,,60:E9:AA:1D:0F:F3,-17,,0.000000,0.000000,0.000,0.000,Client
2026-05-15 08:09:20,1900-01-00 00:00:00,dlink-615_EXT,40:86:CB:27:D2:0C,-15, WPA2 ,0.000000,0.000000,0.000,0.000,AP
2026-05-15 08:09:20,1900-01-00 00:00:00,,60:E9:AA:1D:0F:F3,-15,,0.000000,0.000000,0.000,0.000,Client
2026-05-15 08:09:20,1900-01-00 00:00:00,dlink-615_EXT,40:86:CB:27:D2:0C,-15, WPA2 ,0.000000,0.000000,0.000,0.000,AP
2026-05-15 08:09:20,1900-01-00 00:00:00,,60:E9:AA:1D:0F:F3,-15,,0.000000,0.000000,0.000,0.000,Client
2026-05-15 08:09:20,1900-01-00 00:00:00,dlink-615_EXT,40:86:CB:27:D2:0C,-15, WPA2 ,0.000000,0.000000,0.000,0.000,AP
2026-05-15 08:09:20,1900-01-00 00:00:00,,60:E9:AA:1D:0F:F3,-15,,0.000000,0.000000,0.000,0.000,Client
2026-05-15 08:09:20,1900-01-00 00:00:00,dlink-615_EXT,40:86:CB:27:D2:0C,-15, WPA2 ,0.000000,0.000000,0.000,0.000,AP
2026-05-15 08:09:20,1900-01-00 00:00:00,,60:E9:AA:1D:0F:F3,-15,,0.000000,0.000000,0.000,0.000,Client
2026-05-15 08:09:20,1900-01-00 00:00:00,dlink-615_EXT,40:86:CB:27:D2:0C,-15, WPA2 ,0.000000,0.000000,0.000,0.000,AP
2026-05-15 08:09:20,1900-01-00 00:00:00,,60:E9:AA:1D:0F:F3,-15,,0.000000,0.000000,0.000,0.000,Client
2026-05-15 08:09:20,1900-01-00 00:00:00,dlink-615_EXT,40:86:CB:27:D2:0C,-21, WPA2 ,0.000000,0.000000,0.000,0.000,AP
2026-05-15 08:09:20,1900-01-00 00:00:00,,60:E9:AA:1D:0F:F3,-21,,0.000000,0.000000,0.000,0.000,Client
2026-05-15 08:09:20,1900-01-00 00:00:00,dlink-615_EXT,40:86:CB:27:D2:0C,-61, WPA2 ,0.000000,0.000000,0.000,0.000,AP
2026-05-15 08:09:20,1900-01-00 00:00:00,dlink-615_EXT,40:86:CB:27:D2:0C,-61, WPA2 ,0.000000,0.000000,0.000,0.000,AP
2026-05-15 08:09:20,1900-01-00 00:00:00,dlink-615_EXT,40:86:CB:27:D2:0C,-57, WPA2 ,0.000000,0.000000,0.000,0.000,AP
2026-05-15 08:09:20,1900-01-00 00:00:00,,60:E9:AA:1D:0F:F3,-57,,0.000000,0.000000,0.000,0.000,Client
2026-05-15 08:09:20,1900-01-00 00:00:00,dlink-615_EXT,40:86:CB:27:D2:0C,-59, WPA2 ,0.000000,0.000000,0.000,0.000,AP
2026-05-15 08:09:20,1900-01-00 00:00:00,,60:E9:AA:1D:0F:F3,-59,,0.000000,0.000000,0.000,0.000,Client
2026-05-15 08:09:20,1900-01-00 00:00:00,dlink-615_EXT,40:86:CB:27:D2:0C,-61, WPA2 ,0.000000,0.000000,0.000,0.000,AP
2026-05-15 08:09:20,1900-01-00 00:00:00,dlink-615_EXT,40:86:CB:27:D2:0C,-61, WPA2 ,0.000000,0.000000,0.000,0.000,AP
2026-05-15 08:09:20,1900-01-00 00:00:00,,60:E9:AA:1D:0F:F3,-21,,0.000000,0.000000,0.000,0.000,Client
2026-05-15 08:09:20,1900-01-00 00:00:00,dlink-615_EXT,40:86:CB:27:D2:0C,-21, WPA2 ,0.000000,0.000000,0.000,0.000,AP
2026-05-15 08:09:20,1900-01-00 00:00:00,,60:E9:AA:1D:0F:F3,-21,,0.000000,0.000000,0.000,0.000,Client
2026-05-15 08:09:20,1900-01-00 00:00:00,dlink-615_EXT,40:86:CB:27:D2:0C,-21, WPA2 ,0.000000,0.000000,0.000,0.000,AP
2026-05-15 08:09:20,1900-01-00 00:00:00,,60:E9:AA:1D:0F:F3,-21,,0.000000,0.000000,0.000,0.000,Client
2026-05-15 08:09:20,1900-01-00 00:00:00,dlink-615_EXT,40:86:CB:27:D2:0C,-21, WPA2 ,0.000000,0.000000,0.000,0.000,AP
2026-05-15 08:09:20,1900-01-00 00:00:00,,60:E9:AA:1D:0F:F3,-21,,0.000000,0.000000,0.000,0.000,Client
2026-05-15 08:09:20,1900-01-00 00:00:00,dlink-615_EXT,40:86:CB:27:D2:0C,-21, WPA2 ,0.000000,0.000000,0.000,0.000,AP
2026-05-15 08:09:20,1900-01-00 00:00:00,,60:E9:AA:1D:0F:F3,-21,,0.000000,0.000000,0.000,0.000,Client
2026-05-15 08:09:20,1900-01-00 00:00:00,dlink-615_EXT,40:86:CB:27:D2:0C,-21, WPA2 ,0.000000,0.000000,0.000,0.000,AP
2026-05-15 08:09:20,1900-01-00 00:00:00,,60:E9:AA:1D:0F:F3,-21,,0.000000,0.000000,0.000,0.000,Client
2026-05-15 08:09:20,1900-01-00 00:00:00,dlink-615_EXT,40:86:CB:27:D2:0C,-61, WPA2 ,0.000000,0.000000,0.000,0.000,AP
2026-05-15 08:09:20,1900-01-00 00:00:00,,60:E9:AA:1D:0F:F3,-61,,0.000000,0.000000,0.000,0.000,Client
2026-05-15 08:09:20,1900-01-00 00:00:00,dlink-615_EXT,40:86:CB:27:D2:0C,-61, WPA2 ,0.000000,0.000000,0.000,0.000,AP
2026-05-15 08:09:20,1900-01-00 00:00:00,,60:E9:AA:1D:0F:F3,-61,,0.000000,0.000000,0.000,0.000,Client
2026-05-15 08:09:20,1900-01-00 00:00:00,dlink-615_EXT,40:86:CB:27:D2:0C,-61, WPA2 ,0.000000,0.000000,0.000,0.000,AP
2026-05-15 08:09:20,1900-01-00 00:00:00,,60:E9:AA:1D:0F:F3,-61,,0.000000,0.000000,0.000,0.000,Client
2026-05-15 08:09:20,1900-01-00 00:00:00,dlink-615_EXT,40:86:CB:27:D2:0C,-61, WPA2 ,0.000000,0.000000,0.000,0.000,AP
2026-05-15 08:09:20,1900-01-00 00:00:00,,60:E9:AA:1D:0F:F3,-61,,0.000000,0.000000,0.000,0.000,Client
2026-05-15 08:09:20,1900-01-00 00:00:00,dlink-615_EXT,40:86:CB:27:D2:0C,-61, WPA2 ,0.000000,0.000000,0.000,0.000,AP
2026-05-15 08:09:20,1900-01-00 00:00:00,,60:E9:AA:1D:0F:F3,-61,,0.000000,0.000000,0.000,0.000,Client
2026-05-15 08:09:20,1900-01-00 00:00:00,dlink-615_EXT,40:86:CB:27:D2:0C,-61, WPA2 ,0.000000,0.000000,0.000,0.000,AP
2026-05-15 08:09:20,1900-01-00 00:00:00,,60:E9:AA:1D:0F:F3,-61,,0.000000,0.000000,0.000,0.000,Client
2026-05-15 08:09:20,1900-01-00 00:00:00,dlink-615_EXT,40:86:CB:27:D2:0C,-61, WPA2 ,0.000000,0.000000,0.000,0.000,AP
2026-05-15 08:09:20,1900-01-00 00:00:00,,60:E9:AA:1D:0F:F3,-61,,0.000000,0.000000,0.000,0.000,Client
2026-05-15 08:09:20,1900-01-00 00:00:00,dlink-615_EXT,40:86:CB:27:D2:0C,-61, WPA2 ,0.000000,0.000000,0.000,0.000,AP
2026-05-15 08:09:20,1900-01-00 00:00:00,,60:E9:AA:1D:0F:F3,-61,,0.000000,0.000000,0.000,0.000,Client
2026-05-15 08:09:20,1900-01-00 00:00:00,dlink-615_EXT,40:86:CB:27:D2:0C,-61, WPA2 ,0.000000,0.000000,0.000,0.000,AP
2026-05-15 08:09:20,1900-01-00 00:00:00,,60:E9:AA:1D:0F:F3,-61,,0.000000,0.000000,0.000,0.000,Client
2026-05-15 08:09:20,1900-01-00 00:00:00,dlink-615_EXT,40:86:CB:27:D2:0C,-61, WPA2 ,0.000000,0.000000,0.000,0.000,AP
2026-05-15 08:09:20,1900-01-00 00:00:00,,60:E9:AA:1D:0F:F3,-61,,0.000000,0.000000,0.000,0.000,Client
2026-05-15 08:09:20,1900-01-00 00:00:00,dlink-615_EXT,40:86:CB:27:D2:0C,-61, WPA2 ,0.000000,0.000000,0.000,0.000,AP
2026-05-15 08:09:20,1900-01-00 00:00:00,,60:E9:AA:1D:0F:F3,-61,,0.000000,0.000000,0.000,0.000,Client
2026-05-15 08:09:20,1900-01-00 00:00:00,dlink-615_EXT,40:86:CB:27:D2:0C,-61, WPA2 ,0.000000,0.000000,0.000,0.000,AP
2026-05-15 08:09:20,1900-01-00 00:00:00,,60:E9:AA:1D:0F:F3,-61,,0.000000,0.000000,0.000,0.000,Client
2026-05-15 08:09:20,1900-01-00 00:00:00,dlink-615_EXT,40:86:CB:27:D2:0C,-61, WPA2 ,0.000000,0.000000,0.000,0.000,AP
2026-05-15 08:09:20,1900-01-00 00:00:00,,60:E9:AA:1D:0F:F3,-61,,0.000000,0.000000,0.000,0.000,Client
2026-05-15 08:09:20,1900-01-00 00:00:00,dlink-615_EXT,40:86:CB:27:D2:0C,-61, WPA2 ,0.000000,0.000000,0.000,0.000,AP
2026-05-15 08:09:20,1900-01-00 00:00:00,,60:E9:AA:1D:0F:F3,-61,,0.000000,0.000000,0.000,0.000,Client
2026-05-15 08:09:20,1900-01-00 00:00:00,dlink-615_EXT,40:86:CB:27:D2:0C,-61, WPA2 ,0.000000,0.000000,0.000,0.000,AP
2026-05-15 08:09:20,1900-01-00 00:00:00,,60:E9:AA:1D:0F:F3,-61,,0.000000,0.000000,0.000,0.000,Client
2026-05-15 08:09:20,1900-01-00 00:00:00,dlink-615_EXT,40:86:CB:27:D2:0C,-61, WPA2 ,0.000000,0.000000,0.000,0.000,AP
2026-05-15 08:09:20,1900-01-00 00:00:00,,60:E9:AA:1D:0F:F3,-61,,0.000000,0.000000,0.000,0.000,Client
2026-05-15 08:09:20,1900-01-00 00:00:00,dlink-615_EXT,40:86:CB:27:D2:0C,-61, WPA2 ,0.000000,0.000000,0.000,0.000,AP
2026-05-15 08:09:20,1900-01-00 00:00:00,,60:E9:AA:1D:0F:F3,-61,,0.000000,0.000000,0.000,0.000,Client
2026-05-15 08:09:20,1900-01-00 00:00:00,dlink-615_EXT,40:86:CB:27:D2:0C,-61, WPA2 ,0.000000,0.000000,0.000,0.000,AP
2026-05-15 08:09:20,1900-01-00 00:00:00,,60:E9:AA:1D:0F:F3,-61,,0.000000,0.000000,0.000,0.000,Client
2026-05-15 08:09:20,1900-01-00 00:00:00,dlink-615_EXT,40:86:CB:27:D2:0C,-61, WPA2 ,0.000000,0.000000,0.000,0.000,AP
2026-05-15 08:09:20,1900-01-00 00:00:00,,60:E9:AA:1D:0F:F3,-61,,0.000000,0.000000,0.000,0.000,Client
2026-05-15 08:09:20,1900-01-00 00:00:00,dlink-615_EXT,40:86:CB:27:D2:0C,-61, WPA2 ,0.000000,0.000000,0.000,0.000,AP
2026-05-15 08:09:20,1900-01-00 00:00:00,,60:E9:AA:1D:0F:F3,-61,,0.000000,0.000000,0.000,0.000,Client
2026-05-15 08:09:20,1900-01-00 00:00:00,dlink-615_EXT,40:86:CB:27:D2:0C,-61, WPA2 ,0.000000,0.000000,0.000,0.000,AP
2026-05-15 08:09:20,1900-01-00 00:00:00,,60:E9:AA:1D:0F:F3,-61,,0.000000,0.000000,0.000,0.000,Client
2026-05-15 08:09:20,1900-01-00 00:00:00,dlink-615_EXT,40:86:CB:27:D2:0C,-61, WPA2 ,0.000000,0.000000,0.000,0.000,AP
2026-05-15 08:09:20,1900-01-00 00:00:00,,60:E9:AA:1D:0F:F3,-61,,0.000000,0.000000,0.000,0.000,Client
2026-05-15 08:09:20,1900-01-00 00:00:00,dlink-615_EXT,40:86:CB:27:D2:0C,-61, WPA2 ,0.000000,0.000000,0.000,0.000,AP
2026-05-15 08:09:20,1900-01-00 00:00:00,,60:E9:AA:1D:0F:F3,-61,,0.000000,0.000000,0.000,0.000,Client
2026-05-15 08:09:20,1900-01-00 00:00:00,dlink-615_EXT,40:86:CB:27:D2:0C,-61, WPA2 ,0.000000,0.000000,0.000,0.000,AP
2026-05-15 08:09:20,1900-01-00 00:00:00,,60:E9:AA:1D:0F:F3,-61,,0.000000,0.000000,0.000,0.000,Client
2026-05-15 08:09:20,1900-01-00 00:00:00,dlink-615_EXT,40:86:CB:27:D2:0C,-61, WPA2 ,0.000000,0.000000,0.000,0.000,AP
2026-05-15 08:09:20,1900-01-00 00:00:00,,60:E9:AA:1D:0F:F3,-61,,0.000000,0.000000,0.000,0.000,Client
2026-05-15 08:09:20,1900-01-00 00:00:00,dlink-615_EXT,40:86:CB:27:D2:0C,-61, WPA2 ,0.000000,0.000000,0.000,0.000,AP
2026-05-15 08:09:20,1900-01-00 00:00:00,,60:E9:AA:1D:0F:F3,-61,,0.000000,0.000000,0.000,0.000,Client
2026-05-15 08:09:20,1900-01-00 00:00:00,dlink-615_EXT,40:86:CB:27:D2:0C,-61, WPA2 ,0.000000,0.000000,0.000,0.000,AP
2026-05-15 08:09:20,1900-01-00 00:00:00,,60:E9:AA:1D:0F:F3,-61,,0.000000,0.000000,0.000,0.000,Client
2026-05-15 08:09:20,1900-01-00 00:00:00,dlink-615_EXT,40:86:CB:27:D2:0C,-61, WPA2 ,0.000000,0.000000,0.000,0.000,AP
2026-05-15 08:09:20,1900-01-00 00:00:00,dlink-615_EXT,40:86:CB:27:D2:0C,-59, WPA2 ,0.000000,0.000000,0.000,0.000,AP
2026-05-15 08:09:20,1900-01-00 00:00:00,,60:E9:AA:1D:0F:F3,-59,,0.000000,0.000000,0.000,0.000,Client
2026-05-15 08:09:20,1900-01-00 00:00:00,dlink-615_EXT,40:86:CB:27:D2:0C,-59, WPA2 ,0.000000,0.000000,0.000,0.000,AP
2026-05-15 08:09:20,1900-01-00 00:00:00,,60:E9:AA:1D:0F:F3,-61,,0.000000,0.000000,0.000,0.000,Client
2026-05-15 08:09:20,1900-01-00 00:00:00,dlink-615_EXT,40:86:CB:27:D2:0C,-57, WPA2 ,0.000000,0.000000,0.000,0.000,AP
2026-05-15 08:09:20,1900-01-00 00:00:00,dlink-615_EXT,40:86:CB:27:D2:0C,-57, WPA2 ,0.000000,0.000000,0.000,0.000,AP
2026-05-15 08:09:20,1900-01-00 00:00:00,dlink-615_EXT,40:86:CB:27:D2:0C,-57, WPA2 ,0.000000,0.000000,0.000,0.000,AP
2026-05-15 08:09:20,1900-01-00 00:00:00,,60:E9:AA:1D:0F:F3,-57,,0.000000,0.000000,0.000,0.000,Client
2026-05-15 08:09:20,1900-01-00 00:00:00,dlink-615_EXT,40:86:CB:27:D2:0C,-57, WPA2 ,0.000000,0.000000,0.000,0.000,AP
2026-05-15 08:09:20,1900-01-00 00:00:00,dlink-615_EXT,40:86:CB:27:D2:0C,-57, WPA2 ,0.000000,0.000000,0.000,0.000,AP
2026-05-15 08:09:20,1900-01-00 00:00:00,,60:E9:AA:1D:0F:F3,-57,,0.000000,0.000000,0.000,0.000,Client
2026-05-15 08:09:20,1900-01-00 00:00:00,dlink-615_EXT,40:86:CB:27:D2:0C,-57, WPA2 ,0.000000,0.000000,0.000,0.000,AP
2026-05-15 08:09:20,1900-01-00 00:00:00,,60:E9:AA:1D:0F:F3,-57,,0.000000,0.000000,0.000,0.000,Client
2026-05-15 08:09:20,1900-01-00 00:00:00,dlink-615_EXT,40:86:CB:27:D2:0C,-57, WPA2 ,0.000000,0.000000,0.000,0.000,AP
2026-05-15 08:09:20,1900-01-00 00:00:00,,60:E9:AA:1D:0F:F3,-57,,0.000000,0.000000,0.000,0.000,Client
2026-05-15 08:09:20,1900-01-00 00:00:00,dlink-615_EXT,40:86:CB:27:D2:0C,-57, WPA2 ,0.000000,0.000000,0.000,0.000,AP
2026-05-15 08:09:20,1900-01-00 00:00:00,,60:E9:AA:1D:0F:F3,-57,,0.000000,0.000000,0.000,0.000,Client
2026-05-15 08:09:20,1900-01-00 00:00:00,,60:E9:AA:1D:0F:F3,-29,,0.000000,0.000000,0.000,0.000,Client
2026-05-15 08:09:20,1900-01-00 00:00:00,dlink-615_EXT,40:86:CB:27:D2:0C,-19, WPA2 ,0.000000,0.000000,0.000,0.000,AP
2026-05-15 08:09:20,1900-01-00 00:00:00,,60:E9:AA:1D:0F:F3,-27,,0.000000,0.000000,0.000,0.000,Client
2026-05-15 08:09:20,1900-01-00 00:00:00,dlink-615_EXT,40:86:CB:27:D2:0C,-19, WPA2 ,0.000000,0.000000,0.000,0.000,AP
2026-05-15 08:09:20,1900-01-00 00:00:00,,60:E9:AA:1D:0F:F3,-27,,0.000000,0.000000,0.000,0.000,Client
2026-05-15 08:09:20,1900-01-00 00:00:00,dlink-615_EXT,40:86:CB:27:D2:0C,-21, WPA2 ,0.000000,0.000000,0.000,0.000,AP
2026-05-15 08:09:20,1900-01-00 00:00:00,,60:E9:AA:1D:0F:F3,-27,,0.000000,0.000000,0.000,0.000,Client
2026-05-15 08:09:20,1900-01-00 00:00:00,dlink-615_EXT,40:86:CB:27:D2:0C,-21, WPA2 ,0.000000,0.000000,0.000,0.000,AP
2026-05-15 08:09:20,1900-01-00 00:00:00,dlink-615_EXT,40:86:CB:27:D2:0C,-19, WPA2 ,0.000000,0.000000,0.000,0.000,AP
2026-05-15 08:09:20,1900-01-00 00:00:00,dlink-615_EXT,40:86:CB:27:D2:0C,-19, WPA2 ,0.000000,0.000000,0.000,0.000,AP
2026-05-15 08:09:21,1900-01-00 00:00:00,dlink-615_EXT,40:86:CB:27:D2:0C,-19, WPA2 ,0.000000,0.000000,0.000,0.000,AP
2026-05-15 08:09:21,1900-01-00 00:00:00,dlink-615_EXT,40:86:CB:27:D2:0C,-15, WPA2 ,0.000000,0.000000,0.000,0.000,AP
2026-05-15 08:09:21,1900-01-00 00:00:00,,60:E9:AA:1D:0F:F3,-25,,0.000000,0.000000,0.000,0.000,Client
2026-05-15 08:09:21,1900-01-00 00:00:00,dlink-615_EXT,40:86:CB:27:D2:0C,-17, WPA2 ,0.000000,0.000000,0.000,0.000,AP
2026-05-15 08:09:21,1900-01-00 00:00:00,,60:E9:AA:1D:0F:F3,-17,,0.000000,0.000000,0.000,0.000,Client
2026-05-15 08:09:21,1900-01-00 00:00:00,dlink-615_EXT,40:86:CB:27:D2:0C,-17, WPA2 ,0.000000,0.000000,0.000,0.000,AP
2026-05-15 08:09:21,1900-01-00 00:00:00,,60:E9:AA:1D:0F:F3,-17,,0.000000,0.000000,0.000,0.000,Client
2026-05-15 08:09:21,1900-01-00 00:00:00,dlink-615_EXT,40:86:CB:27:D2:0C,-17, WPA2 ,0.000000,0.000000,0.000,0.000,AP
2026-05-15 08:09:21,1900-01-00 00:00:00,,60:E9:AA:1D:0F:F3,-15,,0.000000,0.000000,0.000,0.000,Client
2026-05-15 08:09:21,1900-01-00 00:00:00,dlink-615_EXT,40:86:CB:27:D2:0C,-15, WPA2 ,0.000000,0.000000,0.000,0.000,AP
2026-05-15 08:09:21,1900-01-00 00:00:00,,60:E9:AA:1D:0F:F3,-15,,0.000000,0.000000,0.000,0.000,Client
2026-05-15 08:09:21,1900-01-00 00:00:00,dlink-615_EXT,40:86:CB:27:D2:0C,-15, WPA2 ,0.000000,0.000000,0.000,0.000,AP
2026-05-15 08:09:21,1900-01-00 00:00:00,,60:E9:AA:1D:0F:F3,-15,,0.000000,0.000000,0.000,0.000,Client
2026-05-15 08:09:21,1900-01-00 00:00:00,dlink-615_EXT,40:86:CB:27:D2:0C,-15, WPA2 ,0.000000,0.000000,0.000,0.000,AP
2026-05-15 08:09:21,1900-01-00 00:00:00,,60:E9:AA:1D:0F:F3,-15,,0.000000,0.000000,0.000,0.000,Client
2026-05-15 08:09:21,1900-01-00 00:00:00,dlink-615_EXT,40:86:CB:27:D2:0C,-15, WPA2 ,0.000000,0.000000,0.000,0.000,AP
2026-05-15 08:09:21,1900-01-00 00:00:00,,60:E9:AA:1D:0F:F3,-15,,0.000000,0.000000,0.000,0.000,Client
2026-05-15 08:09:21,1900-01-00 00:00:00,dlink-615_EXT,40:86:CB:27:D2:0C,-15, WPA2 ,0.000000,0.000000,0.000,0.000,AP
2026-05-15 08:09:21,1900-01-00 00:00:00,,60:E9:AA:1D:0F:F3,-15,,0.000000,0.000000,0.000,0.000,Client
2026-05-15 08:09:21,1900-01-00 00:00:00,dlink-615_EXT,40:86:CB:27:D2:0C,-15, WPA2 ,0.000000,0.000000,0.000,0.000,AP
2026-05-15 08:09:21,1900-01-00 00:00:00,,60:E9:AA:1D:0F:F3,-15,,0.000000,0.000000,0.000,0.000,Client
2026-05-15 08:09:21,1900-01-00 00:00:00,dlink-615_EXT,40:86:CB:27:D2:0C,-15, WPA2 ,0.000000,0.000000,0.000,0.000,AP
2026-05-15 08:09:21,1900-01-00 00:00:00,,60:E9:AA:1D:0F:F3,-15,,0.000000,0.000000,0.000,0.000,Client
2026-05-15 08:09:21,1900-01-00 00:00:00,dlink-615_EXT,40:86:CB:27:D2:0C,-15, WPA2 ,0.000000,0.000000,0.000,0.000,AP
2026-05-15 08:09:21,1900-01-00 00:00:00,,60:E9:AA:1D:0F:F3,-17,,0.000000,0.000000,0.000,0.000,Client
2026-05-15 08:09:21,1900-01-00 00:00:00,dlink-615_EXT,40:86:CB:27:D2:0C,-17, WPA2 ,0.000000,0.000000,0.000,0.000,AP
2026-05-15 08:09:21,1900-01-00 00:00:00,,60:E9:AA:1D:0F:F3,-17,,0.000000,0.000000,0.000,0.000,Client
2026-05-15 08:09:21,1900-01-00 00:00:00,dlink-615_EXT,40:86:CB:27:D2:0C,-17, WPA2 ,0.000000,0.000000,0.000,0.000,AP
2026-05-15 08:09:21,1900-01-00 00:00:00,,60:E9:AA:1D:0F:F3,-17,,0.000000,0.000000,0.000,0.000,Client
2026-05-15 08:09:21,1900-01-00 00:00:00,dlink-615_EXT,40:86:CB:27:D2:0C,-17, WPA2 ,0.000000,0.000000,0.000,0.000,AP
2026-05-15 08:09:21,1900-01-00 00:00:00,,60:E9:AA:1D:0F:F3,-17,,0.000000,0.000000,0.000,0.000,Client
2026-05-15 08:09:21,1900-01-00 00:00:00,dlink-615_EXT,40:86:CB:27:D2:0C,-17, WPA2 ,0.000000,0.000000,0.000,0.000,AP
2026-05-15 08:09:21,1900-01-00 00:00:00,,60:E9:AA:1D:0F:F3,-17,,0.000000,0.000000,0.000,0.000,Client
2026-05-15 08:09:21,1900-01-00 00:00:00,dlink-615_EXT,40:86:CB:27:D2:0C,-17, WPA2 ,0.000000,0.000000,0.000,0.000,AP
2026-05-15 08:09:21,1900-01-00 00:00:00,,60:E9:AA:1D:0F:F3,-17,,0.000000,0.000000,0.000,0.000,Client
2026-05-15 08:09:21,1900-01-00 00:00:00,dlink-615_EXT,40:86:CB:27:D2:0C,-17, WPA2 ,0.000000,0.000000,0.000,0.000,AP
2026-05-15 08:09:21,1900-01-00 00:00:00,,60:E9:AA:1D:0F:F3,-17,,0.000000,0.000000,0.000,0.000,Client
2026-05-15 08:09:21,1900-01-00 00:00:00,dlink-615_EXT,40:86:CB:27:D2:0C,-17, WPA2 ,0.000000,0.000000,0.000,0.000,AP
2026-05-15 08:09:21,1900-01-00 00:00:00,,60:E9:AA:1D:0F:F3,-17,,0.000000,0.000000,0.000,0.000,Client
2026-05-15 08:09:21,1900-01-00 00:00:00,dlink-615_EXT,40:86:CB:27:D2:0C,-17, WPA2 ,0.000000,0.000000,0.000,0.000,AP
2026-05-15 08:09:21,1900-01-00 00:00:00,,60:E9:AA:1D:0F:F3,-17,,0.000000,0.000000,0.000,0.000,Client
2026-05-15 08:09:21,1900-01-00 00:00:00,dlink-615_EXT,40:86:CB:27:D2:0C,-57, WPA2 ,0.000000,0.000000,0.000,0.000,AP
2026-05-15 08:09:21,1900-01-00 00:00:00,dlink-615_EXT,40:86:CB:27:D2:0C,-57, WPA2 ,0.000000,0.000000,0.000,0.000,AP
2026-05-15 08:09:21,1900-01-00 00:00:00,,60:E9:AA:1D:0F:F3,-57,,0.000000,0.000000,0.000,0.000,Client
2026-05-15 08:09:21,1900-01-00 00:00:00,dlink-615_EXT,40:86:CB:27:D2:0C,-57, WPA2 ,0.000000,0.000000,0.000,0.000,AP
2026-05-15 08:09:21,1900-01-00 00:00:00,,60:E9:AA:1D:0F:F3,-57,,0.000000,0.000000,0.000,0.000,Client
2026-05-15 08:09:21,1900-01-00 00:00:00,dlink-615_EXT,40:86:CB:27:D2:0C,-57, WPA2 ,0.000000,0.000000,0.000,0.000,AP
2026-05-15 08:09:21,1900-01-00 00:00:00,,60:E9:AA:1D:0F:F3,-57,,0.000000,0.000000,0.000,0.000,Client
2026-05-15 08:09:21,1900-01-00 00:00:00,dlink-615_EXT,40:86:CB:27:D2:0C,-57, WPA2 ,0.000000,0.000000,0.000,0.000,AP
2026-05-15 08:09:21,1900-01-00 00:00:00,,60:E9:AA:1D:0F:F3,-59,,0.000000,0.000000,0.000,0.000,Client
2026-05-15 08:09:21,1900-01-00 00:00:00,dlink-615_EXT,40:86:CB:27:D2:0C,-59, WPA2 ,0.000000,0.000000,0.000,0.000,AP
2026-05-15 08:09:21,1900-01-00 00:00:00,dlink-615_EXT,40:86:CB:27:D2:0C,-55, WPA2 ,0.000000,0.000000,0.000,0.000,AP
2026-05-15 08:09:21,1900-01-00 00:00:00,,60:E9:AA:1D:0F:F3,-55,,0.000000,0.000000,0.000,0.000,Client
2026-05-15 08:09:21,1900-01-00 00:00:00,dlink-615_EXT,40:86:CB:27:D2:0C,-55, WPA2 ,0.000000,0.000000,0.000,0.000,AP
2026-05-15 08:09:21,1900-01-00 00:00:00,,60:E9:AA:1D:0F:F3,-55,,0.000000,0.000000,0.000,0.000,Client
2026-05-15 08:09:21,1900-01-00 00:00:00,dlink-615_EXT,40:86:CB:27:D2:0C,-55, WPA2 ,0.000000,0.000000,0.000,0.000,AP
2026-05-15 08:09:21,1900-01-00 00:00:00,,60:E9:AA:1D:0F:F3,-55,,0.000000,0.000000,0.000,0.000,Client
2026-05-15 08:09:21,1900-01-00 00:00:00,dlink-615_EXT,40:86:CB:27:D2:0C,-27, WPA2 ,0.000000,0.000000,0.000,0.000,AP
2026-05-15 08:09:21,1900-01-00 00:00:00,,60:E9:AA:1D:0F:F3,-27,,0.000000,0.000000,0.000,0.000,Client
2026-05-15 08:09:21,1900-01-00 00:00:00,dlink-615_EXT,40:86:CB:27:D2:0C,-27, WPA2 ,0.000000,0.000000,0.000,0.000,AP
2026-05-15 08:09:21,1900-01-00 00:00:00,,60:E9:AA:1D:0F:F3,-27,,0.000000,0.000000,0.000,0.000,Client
2026-05-15 08:09:21,1900-01-00 00:00:00,dlink-615_EXT,40:86:CB:27:D2:0C,-27, WPA2 ,0.000000,0.000000,0.000,0.000,AP
2026-05-15 08:09:21,1900-01-00 00:00:00,,60:E9:AA:1D:0F:F3,-27,,0.000000,0.000000,0.000,0.000,Client
2026-05-15 08:09:21,1900-01-00 00:00:00,dlink-615_EXT,40:86:CB:27:D2:0C,-27, WPA2 ,0.000000,0.000000,0.000,0.000,AP
2026-05-15 08:09:21,1900-01-00 00:00:00,,60:E9:AA:1D:0F:F3,-27,,0.000000,0.000000,0.000,0.000,Client
2026-05-15 08:09:21,1900-01-00 00:00:00,dlink-615_EXT,40:86:CB:27:D2:0C,-57, WPA2 ,0.000000,0.000000,0.000,0.000,AP
2026-05-15 08:09:21,1900-01-00 00:00:00,dlink-615_EXT,40:86:CB:27:D2:0C,-57, WPA2 ,0.000000,0.000000,0.000,0.000,AP
2026-05-15 08:09:21,1900-01-00 00:00:00,,60:E9:AA:1D:0F:F3,-57,,0.000000,0.000000,0.000,0.000,Client
2026-05-15 08:09:21,1900-01-00 00:00:00,dlink-615_EXT,40:86:CB:27:D2:0C,-57, WPA2 ,0.000000,0.000000,0.000,0.000,AP
2026-05-15 08:09:21,1900-01-00 00:00:00,,60:E9:AA:1D:0F:F3,-57,,0.000000,0.000000,0.000,0.000,Client
2026-05-15 08:09:21,1900-01-00 00:00:00,dlink-615_EXT,40:86:CB:27:D2:0C,-57, WPA2 ,0.000000,0.000000,0.000,0.000,AP
2026-05-15 08:09:21,1900-01-00 00:00:00,,60:E9:AA:1D:0F:F3,-57,,0.000000,0.000000,0.000,0.000,Client
2026-05-15 08:09:21,1900-01-00 00:00:00,dlink-615_EXT,40:86:CB:27:D2:0C,-57, WPA2 ,0.000000,0.000000,0.000,0.000,AP
2026-05-15 08:09:21,1900-01-00 00:00:00,,60:E9:AA:1D:0F:F3,-57,,0.000000,0.000000,0.000,0.000,Client
2026-05-15 08:09:21,1900-01-00 00:00:00,dlink-615_EXT,40:86:CB:27:D2:0C,-57, WPA2 ,0.000000,0.000000,0.000,0.000,AP
2026-05-15 08:09:21,1900-01-00 00:00:00,,60:E9:AA:1D:0F:F3,-57,,0.000000,0.000000,0.000,0.000,Client
2026-05-15 08:09:21,1900-01-00 00:00:00,dlink-615_EXT,40:86:CB:27:D2:0C,-57, WPA2 ,0.000000,0.000000,0.000,0.000,AP
2026-05-15 08:09:21,1900-01-00 00:00:00,,60:E9:AA:1D:0F:F3,-57,,0.000000,0.000000,0.000,0.000,Client
2026-05-15 08:09:21,1900-01-00 00:00:00,dlink-615_EXT,40:86:CB:27:D2:0C,-57, WPA2 ,0.000000,0.000000,0.000,0.000,AP
2026-05-15 08:09:21,1900-01-00 00:00:00,,60:E9:AA:1D:0F:F3,-57,,0.000000,0.000000,0.000,0.000,Client
2026-05-15 08:09:21,1900-01-00 00:00:00,dlink-615_EXT,40:86:CB:27:D2:0C,-57, WPA2 ,0.000000,0.000000,0.000,0.000,AP
2026-05-15 08:09:21,1900-01-00 00:00:00,,60:E9:AA:1D:0F:F3,-57,,0.000000,0.000000,0.000,0.000,Client
2026-05-15 08:09:21,1900-01-00 00:00:00,dlink-615_EXT,40:86:CB:27:D2:0C,-57, WPA2 ,0.000000,0.000000,0.000,0.000,AP
2026-05-15 08:09:21,1900-01-00 00:00:00,,60:E9:AA:1D:0F:F3,-57,,0.000000,0.000000,0.000,0.000,Client
2026-05-15 08:09:21,1900-01-00 00:00:00,dlink-615_EXT,40:86:CB:27:D2:0C,-57, WPA2 ,0.000000,0.000000,0.000,0.000,AP
2026-05-15 08:09:21,1900-01-00 00:00:00,,60:E9:AA:1D:0F:F3,-57,,0.000000,0.000000,0.000,0.000,Client
2026-05-15 08:09:21,1900-01-00 00:00:00,dlink-615_EXT,40:86:CB:27:D2:0C,-57, WPA2 ,0.000000,0.000000,0.000,0.000,AP
2026-05-15 08:09:21,1900-01-00 00:00:00,,60:E9:AA:1D:0F:F3,-57,,0.000000,0.000000,0.000,0.000,Client
2026-05-15 08:09:21,1900-01-00 00:00:00,dlink-615_EXT,40:86:CB:27:D2:0C,-57, WPA2 ,0.000000,0.000000,0.000,0.000,AP
2026-05-15 08:09:21,1900-01-00 00:00:00,,60:E9:AA:1D:0F:F3,-57,,0.000000,0.000000,0.000,0.000,Client
2026-05-15 08:09:21,1900-01-00 00:00:00,dlink-615_EXT,40:86:CB:27:D2:0C,-57, WPA2 ,0.000000,0.000000,0.000,0.000,AP
2026-05-15 08:09:21,1900-01-00 00:00:00,,60:E9:AA:1D:0F:F3,-57,,0.000000,0.000000,0.000,0.000,Client
2026-05-15 08:09:21,1900-01-00 00:00:00,dlink-615_EXT,40:86:CB:27:D2:0C,-57, WPA2 ,0.000000,0.000000,0.000,0.000,AP
2026-05-15 08:09:21,1900-01-00 00:00:00,,60:E9:AA:1D:0F:F3,-27,,0.000000,0.000000,0.000,0.000,Client
2026-05-15 08:09:21,1900-01-00 00:00:00,dlink-615_EXT,40:86:CB:27:D2:0C,-27, WPA2 ,0.000000,0.000000,0.000,0.000,AP
2026-05-15 08:09:21,1900-01-00 00:00:00,,60:E9:AA:1D:0F:F3,-27,,0.000000,0.000000,0.000,0.000,Client
2026-05-15 08:09:21,1900-01-00 00:00:00,dlink-615_EXT,40:86:CB:27:D2:0C,-27, WPA2 ,0.000000,0.000000,0.000,0.000,AP
2026-05-15 08:09:21,1900-01-00 00:00:00,,60:E9:AA:1D:0F:F3,-27,,0.000000,0.000000,0.000,0.000,Client
2026-05-15 08:09:21,1900-01-00 00:00:00,dlink-615_EXT,40:86:CB:27:D2:0C,-27, WPA2 ,0.000000,0.000000,0.000,0.000,AP
2026-05-15 08:09:21,1900-01-00 00:00:00,,60:E9:AA:1D:0F:F3,-27,,0.000000,0.000000,0.000,0.000,Client
2026-05-15 08:09:21,1900-01-00 00:00:00,dlink-615_EXT,40:86:CB:27:D2:0C,-27, WPA2 ,0.000000,0.000000,0.000,0.000,AP
2026-05-15 08:09:21,1900-01-00 00:00:00,,60:E9:AA:1D:0F:F3,-27,,0.000000,0.000000,0.000,0.000,Client
2026-05-15 08:09:21,1900-01-00 00:00:00,dlink-615_EXT,40:86:CB:27:D2:0C,-27, WPA2 ,0.000000,0.000000,0.000,0.000,AP
2026-05-15 08:09:21,1900-01-00 00:00:00,,60:E9:AA:1D:0F:F3,-27,,0.000000,0.000000,0.000,0.000,Client
2026-05-15 08:09:21,1900-01-00 00:00:00,dlink-615_EXT,40:86:CB:27:D2:0C,-27, WPA2 ,0.000000,0.000000,0.000,0.000,AP
2026-05-15 08:09:21,1900-01-00 00:00:00,,60:E9:AA:1D:0F:F3,-27,,0.000000,0.000000,0.000,0.000,Client
2026-05-15 08:09:21,1900-01-00 00:00:00,dlink-615_EXT,40:86:CB:27:D2:0C,-27, WPA2 ,0.000000,0.000000,0.000,0.000,AP
2026-05-15 08:09:21,1900-01-00 00:00:00,,60:E9:AA:1D:0F:F3,-27,,0.000000,0.000000,0.000,0.000,Client
2026-05-15 08:09:21,1900-01-00 00:00:00,dlink-615_EXT,40:86:CB:27:D2:0C,-27, WPA2 ,0.000000,0.000000,0.000,0.000,AP
2026-05-15 08:09:21,1900-01-00 00:00:00,,60:E9:AA:1D:0F:F3,-27,,0.000000,0.000000,0.000,0.000,Client
2026-05-15 08:09:21,1900-01-00 00:00:00,dlink-615_EXT,40:86:CB:27:D2:0C,-27, WPA2 ,0.000000,0.000000,0.000,0.000,AP
2026-05-15 08:09:21,1900-01-00 00:00:00,,60:E9:AA:1D:0F:F3,-27,,0.000000,0.000000,0.000,0.000,Client
2026-05-15 08:09:21,1900-01-00 00:00:00,dlink-615_EXT,40:86:CB:27:D2:0C,-27, WPA2 ,0.000000,0.000000,0.000,0.000,AP
2026-05-15 08:09:21,1900-01-00 00:00:00,,60:E9:AA:1D:0F:F3,-27,,0.000000,0.000000,0.000,0.000,Client
2026-05-15 08:09:21,1900-01-00 00:00:00,dlink-615_EXT,40:86:CB:27:D2:0C,-27, WPA2 ,0.000000,0.000000,0.000,0.000,AP
2026-05-15 08:09:21,1900-01-00 00:00:00,,60:E9:AA:1D:0F:F3,-27,,0.000000,0.000000,0.000,0.000,Client
2026-05-15 08:09:21,1900-01-00 00:00:00,dlink-615_EXT,40:86:CB:27:D2:0C,-27, WPA2 ,0.000000,0.000000,0.000,0.000,AP
2026-05-15 08:09:21,1900-01-00 00:00:00,,60:E9:AA:1D:0F:F3,-27,,0.000000,0.000000,0.000,0.000,Client
2026-05-15 08:09:21,1900-01-00 00:00:00,dlink-615_EXT,40:86:CB:27:D2:0C,-27, WPA2 ,0.000000,0.000000,0.000,0.000,AP
2026-05-15 08:09:21,1900-01-00 00:00:00,,60:E9:AA:1D:0F:F3,-27,,0.000000,0.000000,0.000,0.000,Client
2026-05-15 08:09:21,1900-01-00 00:00:00,dlink-615_EXT,40:86:CB:27:D2:0C,-17, WPA2 ,0.000000,0.000000,0.000,0.000,AP
2026-05-15 08:09:21,1900-01-00 00:00:00,,60:E9:AA:1D:0F:F3,-17,,0.000000,0.000000,0.000,0.000,Client
2026-05-15 08:09:21,1900-01-00 00:00:00,dlink-615_EXT,40:86:CB:27:D2:0C,-17, WPA2 ,0.000000,0.000000,0.000,0.000,AP
2026-05-15 08:09:21,1900-01-00 00:00:00,,60:E9:AA:1D:0F:F3,-17,,0.000000,0.000000,0.000,0.000,Client
2026-05-15 08:09:21,1900-01-00 00:00:00,dlink-615_EXT,40:86:CB:27:D2:0C,-17, WPA2 ,0.000000,0.000000,0.000,0.000,AP
2026-05-15 08:09:21,1900-01-00 00:00:00,,60:E9:AA:1D:0F:F3,-17,,0.000000,0.000000,0.000,0.000,Client
2026-05-15 08:09:21,1900-01-00 00:00:00,dlink-615_EXT,40:86:CB:27:D2:0C,-17, WPA2 ,0.000000,0.000000,0.000,0.000,AP
2026-05-15 08:09:21,1900-01-00 00:00:00,,60:E9:AA:1D:0F:F3,-17,,0.000000,0.000000,0.000,0.000,Client
2026-05-15 08:09:21,1900-01-00 00:00:00,dlink-615_EXT,40:86:CB:27:D2:0C,-17, WPA2 ,0.000000,0.000000,0.000,0.000,AP
2026-05-15 08:09:21,1900-01-00 00:00:00,,60:E9:AA:1D:0F:F3,-17,,0.000000,0.000000,0.000,0.000,Client
2026-05-15 08:09:21,1900-01-00 00:00:00,dlink-615_EXT,40:86:CB:27:D2:0C,-17, WPA2 ,0.000000,0.000000,0.000,0.000,AP
2026-05-15 08:09:21,1900-01-00 00:00:00,,60:E9:AA:1D:0F:F3,-17,,0.000000,0.000000,0.000,0.000,Client
2026-05-15 08:09:21,1900-01-00 00:00:00,dlink-615_EXT,40:86:CB:27:D2:0C,-17, WPA2 ,0.000000,0.000000,0.000,0.000,AP
2026-05-15 08:09:21,1900-01-00 00:00:00,dlink-615_EXT,40:86:CB:27:D2:0C,-17, WPA2 ,0.000000,0.000000,0.000,0.000,AP
2026-05-15 08:09:21,1900-01-00 00:00:00,,60:E9:AA:1D:0F:F3,-17,,0.000000,0.000000,0.000,0.000,Client
2026-05-15 08:09:21,1900-01-00 00:00:00,dlink-615_EXT,40:86:CB:27:D2:0C,-17, WPA2 ,0.000000,0.000000,0.000,0.000,AP
2026-05-15 08:09:21,1900-01-00 00:00:00,,60:E9:AA:1D:0F:F3,-17,,0.000000,0.000000,0.000,0.000,Client
2026-05-15 08:09:21,1900-01-00 00:00:00,dlink-615_EXT,40:86:CB:27:D2:0C,-25, WPA2 ,0.000000,0.000000,0.000,0.000,AP
2026-05-15 08:09:21,1900-01-00 00:00:00,,60:E9:AA:1D:0F:F3,-15,,0.000000,0.000000,0.000,0.000,Client
2026-05-15 08:09:21,1900-01-00 00:00:00,dlink-615_EXT,40:86:CB:27:D2:0C,-25, WPA2 ,0.000000,0.000000,0.000,0.000,AP
2026-05-15 08:09:21,1900-01-00 00:00:00,,60:E9:AA:1D:0F:F3,-25,,0.000000,0.000000,0.000,0.000,Client
2026-05-15 08:09:21,1900-01-00 00:00:00,dlink-615_EXT,40:86:CB:27:D2:0C,-25, WPA2 ,0.000000,0.000000,0.000,0.000,AP
2026-05-15 08:09:21,1900-01-00 00:00:00,,60:E9:AA:1D:0F:F3,-25,,0.000000,0.000000,0.000,0.000,Client
2026-05-15 08:09:21,1900-01-00 00:00:00,dlink-615_EXT,40:86:CB:27:D2:0C,-15, WPA2 ,0.000000,0.000000,0.000,0.000,AP
2026-05-15 08:09:21,1900-01-00 00:00:00,,60:E9:AA:1D:0F:F3,-15,,0.000000,0.000000,0.000,0.000,Client
2026-05-15 08:09:21,1900-01-00 00:00:00,dlink-615_EXT,40:86:CB:27:D2:0C,-15, WPA2 ,0.000000,0.000000,0.000,0.000,AP
2026-05-15 08:09:21,1900-01-00 00:00:00,dlink-615_EXT,40:86:CB:27:D2:0C,-17, WPA2 ,0.000000,0.000000,0.000,0.000,AP
2026-05-15 08:09:21,1900-01-00 00:00:00,,60:E9:AA:1D:0F:F3,-17,,0.000000,0.000000,0.000,0.000,Client
2026-05-15 08:09:21,1900-01-00 00:00:00,dlink-615_EXT,40:86:CB:27:D2:0C,-17, WPA2 ,0.000000,0.000000,0.000,0.000,AP
2026-05-15 08:09:21,1900-01-00 00:00:00,,60:E9:AA:1D:0F:F3,-17,,0.000000,0.000000,0.000,0.000,Client
2026-05-15 08:09:21,1900-01-00 00:00:00,dlink-615_EXT,40:86:CB:27:D2:0C,-17, WPA2 ,0.000000,0.000000,0.000,0.000,AP
2026-05-15 08:09:21,1900-01-00 00:00:00,,60:E9:AA:1D:0F:F3,-17,,0.000000,0.000000,0.000,0.000,Client
2026-05-15 08:09:21,1900-01-00 00:00:00,dlink-615_EXT,40:86:CB:27:D2:0C,-17, WPA2 ,0.000000,0.000000,0.000,0.000,AP
2026-05-15 08:09:21,1900-01-00 00:00:00,,60:E9:AA:1D:0F:F3,-17,,0.000000,0.000000,0.000,0.000,Client
2026-05-15 08:09:21,1900-01-00 00:00:00,dlink-615_EXT,40:86:CB:27:D2:0C,-17, WPA2 ,0.000000,0.000000,0.000,0.000,AP
2026-05-15 08:09:21,1900-01-00 00:00:00,,60:E9:AA:1D:0F:F3,-17,,0.000000,0.000000,0.000,0.000,Client
2026-05-15 08:09:21,1900-01-00 00:00:00,dlink-615_EXT,40:86:CB:27:D2:0C,-17, WPA2 ,0.000000,0.000000,0.000,0.000,AP
2026-05-15 08:09:21,1900-01-00 00:00:00,,60:E9:AA:1D:0F:F3,-17,,0.000000,0.000000,0.000,0.000,Client
2026-05-15 08:09:21,1900-01-00 00:00:00,dlink-615_EXT,40:86:CB:27:D2:0C,-17, WPA2 ,0.000000,0.000000,0.000,0.000,AP
2026-05-15 08:09:21,1900-01-00 00:00:00,,60:E9:AA:1D:0F:F3,-17,,0.000000,0.000000,0.000,0.000,Client
2026-05-15 08:09:21,1900-01-00 00:00:00,dlink-615_EXT,40:86:CB:27:D2:0C,-17, WPA2 ,0.000000,0.000000,0.000,0.000,AP
2026-05-15 08:09:21,1900-01-00 00:00:00,,60:E9:AA:1D:0F:F3,-17,,0.000000,0.000000,0.000,0.000,Client
2026-05-15 08:09:21,1900-01-00 00:00:00,dlink-615_EXT,40:86:CB:27:D2:0C,-17, WPA2 ,0.000000,0.000000,0.000,0.000,AP
2026-05-15 08:09:21,1900-01-00 00:00:00,,60:E9:AA:1D:0F:F3,-17,,0.000000,0.000000,0.000,0.000,Client
2026-05-15 08:09:21,1900-01-00 00:00:00,dlink-615_EXT,40:86:CB:27:D2:0C,-17, WPA2 ,0.000000,0.000000,0.000,0.000,AP
2026-05-15 08:09:21,1900-01-00 00:00:00,,60:E9:AA:1D:0F:F3,-17,,0.000000,0.000000,0.000,0.000,Client
2026-05-15 08:09:21,1900-01-00 00:00:00,dlink-615_EXT,40:86:CB:27:D2:0C,-17, WPA2 ,0.000000,0.000000,0.000,0.000,AP
2026-05-15 08:09:21,1900-01-00 00:00:00,,60:E9:AA:1D:0F:F3,-17,,0.000000,0.000000,0.000,0.000,Client
2026-05-15 08:09:21,1900-01-00 00:00:00,dlink-615_EXT,40:86:CB:27:D2:0C,-17, WPA2 ,0.000000,0.000000,0.000,0.000,AP
2026-05-15 08:09:21,1900-01-00 00:00:00,,60:E9:AA:1D:0F:F3,-17,,0.000000,0.000000,0.000,0.000,Client
2026-05-15 08:09:21,1900-01-00 00:00:00,dlink-615_EXT,40:86:CB:27:D2:0C,-17, WPA2 ,0.000000,0.000000,0.000,0.000,AP
2026-05-15 08:09:21,1900-01-00 00:00:00,,60:E9:AA:1D:0F:F3,-17,,0.000000,0.000000,0.000,0.000,Client
2026-05-15 08:09:21,1900-01-00 00:00:00,dlink-615_EXT,40:86:CB:27:D2:0C,-17, WPA2 ,0.000000,0.000000,0.000,0.000,AP
2026-05-15 08:09:21,1900-01-00 00:00:00,,60:E9:AA:1D:0F:F3,-17,,0.000000,0.000000,0.000,0.000,Client
2026-05-15 08:09:21,1900-01-00 00:00:00,dlink-615_EXT,40:86:CB:27:D2:0C,-17, WPA2 ,0.000000,0.000000,0.000,0.000,AP
2026-05-15 08:09:21,1900-01-00 00:00:00,,60:E9:AA:1D:0F:F3,-17,,0.000000,0.000000,0.000,0.000,Client
2026-05-15 08:09:21,1900-01-00 00:00:00,dlink-615_EXT,40:86:CB:27:D2:0C,-65, WPA2 ,0.000000,0.000000,0.000,0.000,AP
2026-05-15 08:09:21,1900-01-00 00:00:00,,60:E9:AA:1D:0F:F3,-63,,0.000000,0.000000,0.000,0.000,Client
2026-05-15 08:09:21,1900-01-00 00:00:00,dlink-615_EXT,40:86:CB:27:D2:0C,-63, WPA2 ,0.000000,0.000000,0.000,0.000,AP
2026-05-15 08:09:21,1900-01-00 00:00:00,,60:E9:AA:1D:0F:F3,-63,,0.000000,0.000000,0.000,0.000,Client
2026-05-15 08:09:21,1900-01-00 00:00:00,dlink-615_EXT,40:86:CB:27:D2:0C,-63, WPA2 ,0.000000,0.000000,0.000,0.000,AP
2026-05-15 08:09:21,1900-01-00 00:00:00,,60:E9:AA:1D:0F:F3,-63,,0.000000,0.000000,0.000,0.000,Client
2026-05-15 08:09:21,1900-01-00 00:00:00,dlink-615_EXT,40:86:CB:27:D2:0C,-63, WPA2 ,0.000000,0.000000,0.000,0.000,AP
2026-05-15 08:09:21,1900-01-00 00:00:00,,60:E9:AA:1D:0F:F3,-63,,0.000000,0.000000,0.000,0.000,Client
2026-05-15 08:09:21,1900-01-00 00:00:00,dlink-615_EXT,40:86:CB:27:D2:0C,-63, WPA2 ,0.000000,0.000000,0.000,0.000,AP
2026-05-15 08:09:21,1900-01-00 00:00:00,,60:E9:AA:1D:0F:F3,-63,,0.000000,0.000000,0.000,0.000,Client
2026-05-15 08:09:21,1900-01-00 00:00:00,dlink-615_EXT,40:86:CB:27:D2:0C,-63, WPA2 ,0.000000,0.000000,0.000,0.000,AP
2026-05-15 08:09:21,1900-01-00 00:00:00,,60:E9:AA:1D:0F:F3,-63,,0.000000,0.000000,0.000,0.000,Client
2026-05-15 08:09:21,1900-01-00 00:00:00,dlink-615_EXT,40:86:CB:27:D2:0C,-63, WPA2 ,0.000000,0.000000,0.000,0.000,AP
2026-05-15 08:09:21,1900-01-00 00:00:00,,60:E9:AA:1D:0F:F3,-63,,0.000000,0.000000,0.000,0.000,Client
2026-05-15 08:09:21,1900-01-00 00:00:00,dlink-615_EXT,40:86:CB:27:D2:0C,-63, WPA2 ,0.000000,0.000000,0.000,0.000,AP
2026-05-15 08:09:21,1900-01-00 00:00:00,,60:E9:AA:1D:0F:F3,-63,,0.000000,0.000000,0.000,0.000,Client
2026-05-15 08:09:21,1900-01-00 00:00:00,dlink-615_EXT,40:86:CB:27:D2:0C,-63, WPA2 ,0.000000,0.000000,0.000,0.000,AP
2026-05-15 08:09:21,1900-01-00 00:00:00,,60:E9:AA:1D:0F:F3,-63,,0.000000,0.000000,0.000,0.000,Client
2026-05-15 08:09:21,1900-01-00 00:00:00,dlink-615_EXT,40:86:CB:27:D2:0C,-63, WPA2 ,0.000000,0.000000,0.000,0.000,AP
2026-05-15 08:09:21,1900-01-00 00:00:00,,60:E9:AA:1D:0F:F3,-63,,0.000000,0.000000,0.000,0.000,Client
2026-05-15 08:09:21,1900-01-00 00:00:00,dlink-615_EXT,40:86:CB:27:D2:0C,-63, WPA2 ,0.000000,0.000000,0.000,0.000,AP
2026-05-15 08:09:21,1900-01-00 00:00:00,,60:E9:AA:1D:0F:F3,-63,,0.000000,0.000000,0.000,0.000,Client
2026-05-15 08:09:21,1900-01-00 00:00:00,dlink-615_EXT,40:86:CB:27:D2:0C,-63, WPA2 ,0.000000,0.000000,0.000,0.000,AP
2026-05-15 08:09:21,1900-01-00 00:00:00,,60:E9:AA:1D:0F:F3,-63,,0.000000,0.000000,0.000,0.000,Client
2026-05-15 08:09:21,1900-01-00 00:00:00,dlink-615_EXT,40:86:CB:27:D2:0C,-63, WPA2 ,0.000000,0.000000,0.000,0.000,AP
2026-05-15 08:09:21,1900-01-00 00:00:00,,60:E9:AA:1D:0F:F3,-63,,0.000000,0.000000,0.000,0.000,Client
2026-05-15 08:09:21,1900-01-00 00:00:00,dlink-615_EXT,40:86:CB:27:D2:0C,-63, WPA2 ,0.000000,0.000000,0.000,0.000,AP
2026-05-15 08:09:21,1900-01-00 00:00:00,,60:E9:AA:1D:0F:F3,-63,,0.000000,0.000000,0.000,0.000,Client
2026-05-15 08:09:21,1900-01-00 00:00:00,dlink-615_EXT,40:86:CB:27:D2:0C,-63, WPA2 ,0.000000,0.000000,0.000,0.000,AP
2026-05-15 08:09:21,1900-01-00 00:00:00,,60:E9:AA:1D:0F:F3,-63,,0.000000,0.000000,0.000,0.000,Client
2026-05-15 08:09:21,1900-01-00 00:00:00,dlink-615_EXT,40:86:CB:27:D2:0C,-63, WPA2 ,0.000000,0.000000,0.000,0.000,AP
2026-05-15 08:09:21,1900-01-00 00:00:00,,60:E9:AA:1D:0F:F3,-59,,0.000000,0.000000,0.000,0.000,Client
2026-05-15 08:09:21,1900-01-00 00:00:00,dlink-615_EXT,40:86:CB:27:D2:0C,-59, WPA2 ,0.000000,0.000000,0.000,0.000,AP
2026-05-15 08:09:21,1900-01-00 00:00:00,,60:E9:AA:1D:0F:F3,-59,,0.000000,0.000000,0.000,0.000,Client
2026-05-15 08:09:21,1900-01-00 00:00:00,dlink-615_EXT,40:86:CB:27:D2:0C,-59, WPA2 ,0.000000,0.000000,0.000,0.000,AP
2026-05-15 08:09:21,1900-01-00 00:00:00,,60:E9:AA:1D:0F:F3,-59,,0.000000,0.000000,0.000,0.000,Client
2026-05-15 08:09:21,1900-01-00 00:00:00,dlink-615_EXT,40:86:CB:27:D2:0C,-59, WPA2 ,0.000000,0.000000,0.000,0.000,AP
2026-05-15 08:09:21,1900-01-00 00:00:00,,60:E9:AA:1D:0F:F3,-59,,0.000000,0.000000,0.000,0.000,Client
2026-05-15 08:09:21,1900-01-00 00:00:00,dlink-615_EXT,40:86:CB:27:D2:0C,-59, WPA2 ,0.000000,0.000000,0.000,0.000,AP
2026-05-15 08:09:21,1900-01-00 00:00:00,,60:E9:AA:1D:0F:F3,-59,,0.000000,0.000000,0.000,0.000,Client
2026-05-15 08:09:21,1900-01-00 00:00:00,dlink-615_EXT,40:86:CB:27:D2:0C,-59, WPA2 ,0.000000,0.000000,0.000,0.000,AP
2026-05-15 08:09:21,1900-01-00 00:00:00,,60:E9:AA:1D:0F:F3,-59,,0.000000,0.000000,0.000,0.000,Client
2026-05-15 08:09:21,1900-01-00 00:00:00,dlink-615_EXT,40:86:CB:27:D2:0C,-59, WPA2 ,0.000000,0.000000,0.000,0.000,AP
2026-05-15 08:09:21,1900-01-00 00:00:00,,60:E9:AA:1D:0F:F3,-59,,0.000000,0.000000,0.000,0.000,Client
2026-05-15 08:09:21,1900-01-00 00:00:00,dlink-615_EXT,40:86:CB:27:D2:0C,-59, WPA2 ,0.000000,0.000000,0.000,0.000,AP
2026-05-15 08:09:21,1900-01-00 00:00:00,,60:E9:AA:1D:0F:F3,-59,,0.000000,0.000000,0.000,0.000,Client
2026-05-15 08:09:21,1900-01-00 00:00:00,dlink-615_EXT,40:86:CB:27:D2:0C,-59, WPA2 ,0.000000,0.000000,0.000,0.000,AP
2026-05-15 08:09:21,1900-01-00 00:00:00,,60:E9:AA:1D:0F:F3,-59,,0.000000,0.000000,0.000,0.000,Client
2026-05-15 08:09:21,1900-01-00 00:00:00,dlink-615_EXT,40:86:CB:27:D2:0C,-59, WPA2 ,0.000000,0.000000,0.000,0.000,AP
2026-05-15 08:09:21,1900-01-00 00:00:00,,60:E9:AA:1D:0F:F3,-59,,0.000000,0.000000,0.000,0.000,Client
2026-05-15 08:09:21,1900-01-00 00:00:00,dlink-615_EXT,40:86:CB:27:D2:0C,-59, WPA2 ,0.000000,0.000000,0.000,0.000,AP
2026-05-15 08:09:21,1900-01-00 00:00:00,,60:E9:AA:1D:0F:F3,-59,,0.000000,0.000000,0.000,0.000,Client
2026-05-15 08:09:21,1900-01-00 00:00:00,dlink-615_EXT,40:86:CB:27:D2:0C,-59, WPA2 ,0.000000,0.000000,0.000,0.000,AP
2026-05-15 08:09:21,1900-01-00 00:00:00,,60:E9:AA:1D:0F:F3,-59,,0.000000,0.000000,0.000,0.000,Client
2026-05-15 08:09:21,1900-01-00 00:00:00,dlink-615_EXT,40:86:CB:27:D2:0C,-59, WPA2 ,0.000000,0.000000,0.000,0.000,AP
2026-05-15 08:09:21,1900-01-00 00:00:00,,60:E9:AA:1D:0F:F3,-59,,0.000000,0.000000,0.000,0.000,Client
2026-05-15 08:09:21,1900-01-00 00:00:00,dlink-615_EXT,40:86:CB:27:D2:0C,-59, WPA2 ,0.000000,0.000000,0.000,0.000,AP
2026-05-15 08:09:21,1900-01-00 00:00:00,,60:E9:AA:1D:0F:F3,-59,,0.000000,0.000000,0.000,0.000,Client
2026-05-15 08:09:21,1900-01-00 00:00:00,dlink-615_EXT,40:86:CB:27:D2:0C,-59, WPA2 ,0.000000,0.000000,0.000,0.000,AP
2026-05-15 08:09:21,1900-01-00 00:00:00,,60:E9:AA:1D:0F:F3,-59,,0.000000,0.000000,0.000,0.000,Client
2026-05-15 08:09:21,1900-01-00 00:00:00,dlink-615_EXT,40:86:CB:27:D2:0C,-59, WPA2 ,0.000000,0.000000,0.000,0.000,AP
2026-05-15 08:09:21,1900-01-00 00:00:00,,60:E9:AA:1D:0F:F3,-59,,0.000000,0.000000,0.000,0.000,Client
2026-05-15 08:09:21,1900-01-00 00:00:00,dlink-615_EXT,40:86:CB:27:D2:0C,-59, WPA2 ,0.000000,0.000000,0.000,0.000,AP
2026-05-15 08:09:21,1900-01-00 00:00:00,,60:E9:AA:1D:0F:F3,-59,,0.000000,0.000000,0.000,0.000,Client
2026-05-15 08:09:21,1900-01-00 00:00:00,dlink-615_EXT,40:86:CB:27:D2:0C,-59, WPA2 ,0.000000,0.000000,0.000,0.000,AP
2026-05-15 08:09:21,1900-01-00 00:00:00,,60:E9:AA:1D:0F:F3,-59,,0.000000,0.000000,0.000,0.000,Client
2026-05-15 08:09:21,1900-01-00 00:00:00,dlink-615_EXT,40:86:CB:27:D2:0C,-55, WPA2 ,0.000000,0.000000,0.000,0.000,AP
2026-05-15 08:09:21,1900-01-00 00:00:00,dlink-615_EXT,40:86:CB:27:D2:0C,-55, WPA2 ,0.000000,0.000000,0.000,0.000,AP
2026-05-15 08:09:21,1900-01-00 00:00:00,dlink-615_EXT,40:86:CB:27:D2:0C,-55, WPA2 ,0.000000,0.000000,0.000,0.000,AP
2026-05-15 08:09:21,1900-01-00 00:00:00,,60:E9:AA:1D:0F:F3,-55,,0.000000,0.000000,0.000,0.000,Client
2026-05-15 08:09:21,1900-01-00 00:00:00,dlink-615_EXT,40:86:CB:27:D2:0C,-55, WPA2 ,0.000000,0.000000,0.000,0.000,AP
2026-05-15 08:09:21,1900-01-00 00:00:00,,60:E9:AA:1D:0F:F3,-55,,0.000000,0.000000,0.000,0.000,Client
2026-05-15 08:09:21,1900-01-00 00:00:00,dlink-615_EXT,40:86:CB:27:D2:0C,-55, WPA2 ,0.000000,0.000000,0.000,0.000,AP
2026-05-15 08:09:21,1900-01-00 00:00:00,,60:E9:AA:1D:0F:F3,-55,,0.000000,0.000000,0.000,0.000,Client
2026-05-15 08:09:21,1900-01-00 00:00:00,dlink-615_EXT,40:86:CB:27:D2:0C,-55, WPA2 ,0.000000,0.000000,0.000,0.000,AP
2026-05-15 08:09:21,1900-01-00 00:00:00,,60:E9:AA:1D:0F:F3,-55,,0.000000,0.000000,0.000,0.000,Client
2026-05-15 08:09:21,1900-01-00 00:00:00,dlink-615_EXT,40:86:CB:27:D2:0C,-55, WPA2 ,0.000000,0.000000,0.000,0.000,AP
2026-05-15 08:09:21,1900-01-00 00:00:00,,60:E9:AA:1D:0F:F3,-55,,0.000000,0.000000,0.000,0.000,Client
2026-05-15 08:09:21,1900-01-00 00:00:00,dlink-615_EXT,40:86:CB:27:D2:0C,-55, WPA2 ,0.000000,0.000000,0.000,0.000,AP
2026-05-15 08:09:22,1900-01-00 00:00:00,,60:E9:AA:1D:0F:F3,-55,,0.000000,0.000000,0.000,0.000,Client
2026-05-15 08:09:22,1900-01-00 00:00:00,dlink-615_EXT,40:86:CB:27:D2:0C,-55, WPA2 ,0.000000,0.000000,0.000,0.000,AP
2026-05-15 08:09:22,1900-01-00 00:00:00,,60:E9:AA:1D:0F:F3,-27,,0.000000,0.000000,0.000,0.000,Client
2026-05-15 08:09:22,1900-01-00 00:00:00,dlink-615_EXT,40:86:CB:27:D2:0C,-27, WPA2 ,0.000000,0.000000,0.000,0.000,AP
2026-05-15 08:09:22,1900-01-00 00:00:00,,60:E9:AA:1D:0F:F3,-27,,0.000000,0.000000,0.000,0.000,Client
2026-05-15 08:09:22,1900-01-00 00:00:00,dlink-615_EXT,40:86:CB:27:D2:0C,-27, WPA2 ,0.000000,0.000000,0.000,0.000,AP
2026-05-15 08:09:22,1900-01-00 00:00:00,,60:E9:AA:1D:0F:F3,-27,,0.000000,0.000000,0.000,0.000,Client
2026-05-15 08:09:22,1900-01-00 00:00:00,dlink-615_EXT,40:86:CB:27:D2:0C,-27, WPA2 ,0.000000,0.000000,0.000,0.000,AP
2026-05-15 08:09:22,1900-01-00 00:00:00,,60:E9:AA:1D:0F:F3,-27,,0.000000,0.000000,0.000,0.000,Client
2026-05-15 08:09:22,1900-01-00 00:00:00,dlink-615_EXT,40:86:CB:27:D2:0C,-53, WPA2 ,0.000000,0.000000,0.000,0.000,AP
2026-05-15 08:09:22,1900-01-00 00:00:00,,60:E9:AA:1D:0F:F3,-29,,0.000000,0.000000,0.000,0.000,Client
2026-05-15 08:09:22,1900-01-00 00:00:00,dlink-615_EXT,40:86:CB:27:D2:0C,-15, WPA2 ,0.000000,0.000000,0.000,0.000,AP
2026-05-15 08:09:22,1900-01-00 00:00:00,,60:E9:AA:1D:0F:F3,-25,,0.000000,0.000000,0.000,0.000,Client
2026-05-15 08:09:22,1900-01-00 00:00:00,dlink-615_EXT,40:86:CB:27:D2:0C,-17, WPA2 ,0.000000,0.000000,0.000,0.000,AP
2026-05-15 08:09:22,1900-01-00 00:00:00,dlink-615_EXT,40:86:CB:27:D2:0C,-17, WPA2 ,0.000000,0.000000,0.000,0.000,AP
2026-05-15 08:09:22,1900-01-00 00:00:00,dlink-615_EXT,40:86:CB:27:D2:0C,-15, WPA2 ,0.000000,0.000000,0.000,0.000,AP
2026-05-15 08:09:22,1900-01-00 00:00:00,,60:E9:AA:1D:0F:F3,-29,,0.000000,0.000000,0.000,0.000,Client
2026-05-15 08:09:22,1900-01-00 00:00:00,,60:E9:AA:1D:0F:F3,-29,,0.000000,0.000000,0.000,0.000,Client
2026-05-15 08:09:22,1900-01-00 00:00:00,dlink-615_EXT,40:86:CB:27:D2:0C,-15, WPA2 ,0.000000,0.000000,0.000,0.000,AP
2026-05-15 08:09:22,1900-01-00 00:00:00,dlink-615_EXT,40:86:CB:27:D2:0C,-17, WPA2 ,0.000000,0.000000,0.000,0.000,AP
2026-05-15 08:09:22,1900-01-00 00:00:00,,60:E9:AA:1D:0F:F3,-27,,0.000000,0.000000,0.000,0.000,Client
2026-05-15 08:09:22,1900-01-00 00:00:00,dlink-615_EXT,40:86:CB:27:D2:0C,-65, WPA2 ,0.000000,0.000000,0.000,0.000,AP
2026-05-15 08:09:22,1900-01-00 00:00:00,,60:E9:AA:1D:0F:F3,-25,,0.000000,0.000000,0.000,0.000,Client
2026-05-15 08:09:22,1900-01-00 00:00:00,,60:E9:AA:1D:0F:F3,-25,,0.000000,0.000000,0.000,0.000,Client
2026-05-15 08:09:22,1900-01-00 00:00:00,dlink-615_EXT,40:86:CB:27:D2:0C,-15, WPA2 ,0.000000,0.000000,0.000,0.000,AP
2026-05-15 08:09:22,1900-01-00 00:00:00,dlink-615_EXT,40:86:CB:27:D2:0C,-17, WPA2 ,0.000000,0.000000,0.000,0.000,AP
2026-05-15 08:09:22,1900-01-00 00:00:00,dlink-615_EXT,40:86:CB:27:D2:0C,-17, WPA2 ,0.000000,0.000000,0.000,0.000,AP
2026-05-15 08:09:22,1900-01-00 00:00:00,,60:E9:AA:1D:0F:F3,-17,,0.000000,0.000000,0.000,0.000,Client
2026-05-15 08:09:22,1900-01-00 00:00:00,dlink-615_EXT,40:86:CB:27:D2:0C,-17, WPA2 ,0.000000,0.000000,0.000,0.000,AP
2026-05-15 08:09:22,1900-01-00 00:00:00,,60:E9:AA:1D:0F:F3,-25,,0.000000,0.000000,0.000,0.000,Client
2026-05-15 08:09:22,1900-01-00 00:00:00,dlink-615_EXT,40:86:CB:27:D2:0C,-17, WPA2 ,0.000000,0.000000,0.000,0.000,AP
2026-05-15 08:09:22,1900-01-00 00:00:00,,60:E9:AA:1D:0F:F3,-17,,0.000000,0.000000,0.000,0.000,Client
2026-05-15 08:09:22,1900-01-00 00:00:00,dlink-615_EXT,40:86:CB:27:D2:0C,-17, WPA2 ,0.000000,0.000000,0.000,0.000,AP
2026-05-15 08:09:22,1900-01-00 00:00:00,,60:E9:AA:1D:0F:F3,-17,,0.000000,0.000000,0.000,0.000,Client
2026-05-15 08:09:22,1900-01-00 00:00:00,dlink-615_EXT,40:86:CB:27:D2:0C,-17, WPA2 ,0.000000,0.000000,0.000,0.000,AP
2026-05-15 08:09:22,1900-01-00 00:00:00,,60:E9:AA:1D:0F:F3,-17,,0.000000,0.000000,0.000,0.000,Client
2026-05-15 08:09:22,1900-01-00 00:00:00,dlink-615_EXT,40:86:CB:27:D2:0C,-15, WPA2 ,0.000000,0.000000,0.000,0.000,AP
2026-05-15 08:09:22,1900-01-00 00:00:00,,60:E9:AA:1D:0F:F3,-15,,0.000000,0.000000,0.000,0.000,Client
2026-05-15 08:09:22,1900-01-00 00:00:00,dlink-615_EXT,40:86:CB:27:D2:0C,-17, WPA2 ,0.000000,0.000000,0.000,0.000,AP
2026-05-15 08:09:22,1900-01-00 00:00:00,,60:E9:AA:1D:0F:F3,-17,,0.000000,0.000000,0.000,0.000,Client
2026-05-15 08:09:22,1900-01-00 00:00:00,dlink-615_EXT,40:86:CB:27:D2:0C,-17, WPA2 ,0.000000,0.000000,0.000,0.000,AP
2026-05-15 08:09:22,1900-01-00 00:00:00,,60:E9:AA:1D:0F:F3,-17,,0.000000,0.000000,0.000,0.000,Client
2026-05-15 08:09:22,1900-01-00 00:00:00,dlink-615_EXT,40:86:CB:27:D2:0C,-17, WPA2 ,0.000000,0.000000,0.000,0.000,AP
2026-05-15 08:09:22,1900-01-00 00:00:00,,60:E9:AA:1D:0F:F3,-17,,0.000000,0.000000,0.000,0.000,Client
2026-05-15 08:09:22,1900-01-00 00:00:00,dlink-615_EXT,40:86:CB:27:D2:0C,-19, WPA2 ,0.000000,0.000000,0.000,0.000,AP
2026-05-15 08:09:22,1900-01-00 00:00:00,,60:E9:AA:1D:0F:F3,-19,,0.000000,0.000000,0.000,0.000,Client
2026-05-15 08:09:22,1900-01-00 00:00:00,dlink-615_EXT,40:86:CB:27:D2:0C,-19, WPA2 ,0.000000,0.000000,0.000,0.000,AP
2026-05-15 08:09:22,1900-01-00 00:00:00,,60:E9:AA:1D:0F:F3,-17,,0.000000,0.000000,0.000,0.000,Client
2026-05-15 08:09:22,1900-01-00 00:00:00,dlink-615_EXT,40:86:CB:27:D2:0C,-15, WPA2 ,0.000000,0.000000,0.000,0.000,AP
2026-05-15 08:09:22,1900-01-00 00:00:00,,60:E9:AA:1D:0F:F3,-15,,0.000000,0.000000,0.000,0.000,Client
2026-05-15 08:09:22,1900-01-00 00:00:00,dlink-615_EXT,40:86:CB:27:D2:0C,-17, WPA2 ,0.000000,0.000000,0.000,0.000,AP
2026-05-15 08:09:22,1900-01-00 00:00:00,,60:E9:AA:1D:0F:F3,-17,,0.000000,0.000000,0.000,0.000,Client
2026-05-15 08:09:22,1900-01-00 00:00:00,dlink-615_EXT,40:86:CB:27:D2:0C,-19, WPA2 ,0.000000,0.000000,0.000,0.000,AP
2026-05-15 08:09:22,1900-01-00 00:00:00,,60:E9:AA:1D:0F:F3,-19,,0.000000,0.000000,0.000,0.000,Client
2026-05-15 08:09:22,1900-01-00 00:00:00,dlink-615_EXT,40:86:CB:27:D2:0C,-17, WPA2 ,0.000000,0.000000,0.000,0.000,AP
2026-05-15 08:09:22,1900-01-00 00:00:00,,60:E9:AA:1D:0F:F3,-17,,0.000000,0.000000,0.000,0.000,Client
2026-05-15 08:09:22,1900-01-00 00:00:00,dlink-615_EXT,40:86:CB:27:D2:0C,-17, WPA2 ,0.000000,0.000000,0.000,0.000,AP
2026-05-15 08:09:22,1900-01-00 00:00:00,,60:E9:AA:1D:0F:F3,-17,,0.000000,0.000000,0.000,0.000,Client
2026-05-15 08:09:22,1900-01-00 00:00:00,dlink-615_EXT,40:86:CB:27:D2:0C,-17, WPA2 ,0.000000,0.000000,0.000,0.000,AP
2026-05-15 08:09:22,1900-01-00 00:00:00,,60:E9:AA:1D:0F:F3,-17,,0.000000,0.000000,0.000,0.000,Client
2026-05-15 08:09:22,1900-01-00 00:00:00,dlink-615_EXT,40:86:CB:27:D2:0C,-17, WPA2 ,0.000000,0.000000,0.000,0.000,AP
2026-05-15 08:09:22,1900-01-00 00:00:00,,60:E9:AA:1D:0F:F3,-17,,0.000000,0.000000,0.000,0.000,Client
2026-05-15 08:09:22,1900-01-00 00:00:00,dlink-615_EXT,40:86:CB:27:D2:0C,-15, WPA2 ,0.000000,0.000000,0.000,0.000,AP
2026-05-15 08:09:22,1900-01-00 00:00:00,,60:E9:AA:1D:0F:F3,-15,,0.000000,0.000000,0.000,0.000,Client
2026-05-15 08:09:22,1900-01-00 00:00:00,dlink-615_EXT,40:86:CB:27:D2:0C,-17, WPA2 ,0.000000,0.000000,0.000,0.000,AP
2026-05-15 08:09:22,1900-01-00 00:00:00,,60:E9:AA:1D:0F:F3,-17,,0.000000,0.000000,0.000,0.000,Client
2026-05-15 08:09:22,1900-01-00 00:00:00,dlink-615_EXT,40:86:CB:27:D2:0C,-17, WPA2 ,0.000000,0.000000,0.000,0.000,AP
2026-05-15 08:09:22,1900-01-00 00:00:00,,60:E9:AA:1D:0F:F3,-17,,0.000000,0.000000,0.000,0.000,Client
2026-05-15 08:09:22,1900-01-00 00:00:00,dlink-615_EXT,40:86:CB:27:D2:0C,-17, WPA2 ,0.000000,0.000000,0.000,0.000,AP
2026-05-15 08:09:22,1900-01-00 00:00:00,dlink-615_EXT,40:86:CB:27:D2:0C,-25, WPA2 ,0.000000,0.000000,0.000,0.000,AP
2026-05-15 08:09:22,1900-01-00 00:00:00,,60:E9:AA:1D:0F:F3,-25,,0.000000,0.000000,0.000,0.000,Client
2026-05-15 08:09:22,1900-01-00 00:00:00,dlink-615_EXT,40:86:CB:27:D2:0C,-17, WPA2 ,0.000000,0.000000,0.000,0.000,AP
2026-05-15 08:09:22,1900-01-00 00:00:00,,60:E9:AA:1D:0F:F3,-25,,0.000000,0.000000,0.000,0.000,Client
2026-05-15 08:09:22,1900-01-00 00:00:00,dlink-615_EXT,40:86:CB:27:D2:0C,-25, WPA2 ,0.000000,0.000000,0.000,0.000,AP
2026-05-15 08:09:22,1900-01-00 00:00:00,,60:E9:AA:1D:0F:F3,-25,,0.000000,0.000000,0.000,0.000,Client
2026-05-15 08:09:22,1900-01-00 00:00:00,dlink-615_EXT,40:86:CB:27:D2:0C,-17, WPA2 ,0.000000,0.000000,0.000,0.000,AP
2026-05-15 08:09:22,1900-01-00 00:00:00,,60:E9:AA:1D:0F:F3,-29,,0.000000,0.000000,0.000,0.000,Client
2026-05-15 08:09:22,1900-01-00 00:00:00,dlink-615_EXT,40:86:CB:27:D2:0C,-25, WPA2 ,0.000000,0.000000,0.000,0.000,AP
2026-05-15 08:09:22,1900-01-00 00:00:00,,60:E9:AA:1D:0F:F3,-17,,0.000000,0.000000,0.000,0.000,Client
2026-05-15 08:09:22,1900-01-00 00:00:00,dlink-615_EXT,40:86:CB:27:D2:0C,-15, WPA2 ,0.000000,0.000000,0.000,0.000,AP
2026-05-15 08:09:22,1900-01-00 00:00:00,,60:E9:AA:1D:0F:F3,-15,,0.000000,0.000000,0.000,0.000,Client
2026-05-15 08:09:22,1900-01-00 00:00:00,dlink-615_EXT,40:86:CB:27:D2:0C,-15, WPA2 ,0.000000,0.000000,0.000,0.000,AP
2026-05-15 08:09:22,1900-01-00 00:00:00,,60:E9:AA:1D:0F:F3,-15,,0.000000,0.000000,0.000,0.000,Client
2026-05-15 08:09:22,1900-01-00 00:00:00,dlink-615_EXT,40:86:CB:27:D2:0C,-15, WPA2 ,0.000000,0.000000,0.000,0.000,AP
2026-05-15 08:09:22,1900-01-00 00:00:00,,60:E9:AA:1D:0F:F3,-17,,0.000000,0.000000,0.000,0.000,Client
2026-05-15 08:09:22,1900-01-00 00:00:00,dlink-615_EXT,40:86:CB:27:D2:0C,-15, WPA2 ,0.000000,0.000000,0.000,0.000,AP
2026-05-15 08:09:22,1900-01-00 00:00:00,,60:E9:AA:1D:0F:F3,-15,,0.000000,0.000000,0.000,0.000,Client
2026-05-15 08:09:22,1900-01-00 00:00:00,dlink-615_EXT,40:86:CB:27:D2:0C,-15, WPA2 ,0.000000,0.000000,0.000,0.000,AP
2026-05-15 08:09:22,1900-01-00 00:00:00,,60:E9:AA:1D:0F:F3,-15,,0.000000,0.000000,0.000,0.000,Client
2026-05-15 08:09:22,1900-01-00 00:00:00,dlink-615_EXT,40:86:CB:27:D2:0C,-17, WPA2 ,0.000000,0.000000,0.000,0.000,AP
2026-05-15 08:09:22,1900-01-00 00:00:00,dlink-615_EXT,40:86:CB:27:D2:0C,-15, WPA2 ,0.000000,0.000000,0.000,0.000,AP
2026-05-15 08:09:22,1900-01-00 00:00:00,,60:E9:AA:1D:0F:F3,-15,,0.000000,0.000000,0.000,0.000,Client
2026-05-15 08:09:22,1900-01-00 00:00:00,dlink-615_EXT,40:86:CB:27:D2:0C,-17, WPA2 ,0.000000,0.000000,0.000,0.000,AP
2026-05-15 08:09:22,1900-01-00 00:00:00,,60:E9:AA:1D:0F:F3,-17,,0.000000,0.000000,0.000,0.000,Client
2026-05-15 08:09:22,1900-01-00 00:00:00,dlink-615_EXT,40:86:CB:27:D2:0C,-17, WPA2 ,0.000000,0.000000,0.000,0.000,AP
2026-05-15 08:09:22,1900-01-00 00:00:00,,60:E9:AA:1D:0F:F3,-17,,0.000000,0.000000,0.000,0.000,Client
2026-05-15 08:09:22,1900-01-00 00:00:00,dlink-615_EXT,40:86:CB:27:D2:0C,-17, WPA2 ,0.000000,0.000000,0.000,0.000,AP
2026-05-15 08:09:22,1900-01-00 00:00:00,,60:E9:AA:1D:0F:F3,-17,,0.000000,0.000000,0.000,0.000,Client
2026-05-15 08:09:22,1900-01-00 00:00:00,dlink-615_EXT,40:86:CB:27:D2:0C,-17, WPA2 ,0.000000,0.000000,0.000,0.000,AP
2026-05-15 08:09:22,1900-01-00 00:00:00,,60:E9:AA:1D:0F:F3,-17,,0.000000,0.000000,0.000,0.000,Client
2026-05-15 08:09:22,1900-01-00 00:00:00,dlink-615_EXT,40:86:CB:27:D2:0C,-15, WPA2 ,0.000000,0.000000,0.000,0.000,AP
2026-05-15 08:09:22,1900-01-00 00:00:00,,60:E9:AA:1D:0F:F3,-15,,0.000000,0.000000,0.000,0.000,Client
2026-05-15 08:09:22,1900-01-00 00:00:00,dlink-615_EXT,40:86:CB:27:D2:0C,-15, WPA2 ,0.000000,0.000000,0.000,0.000,AP
2026-05-15 08:09:22,1900-01-00 00:00:00,,60:E9:AA:1D:0F:F3,-15,,0.000000,0.000000,0.000,0.000,Client
2026-05-15 08:09:22,1900-01-00 00:00:00,dlink-615_EXT,40:86:CB:27:D2:0C,-17, WPA2 ,0.000000,0.000000,0.000,0.000,AP
2026-05-15 08:09:22,1900-01-00 00:00:00,,60:E9:AA:1D:0F:F3,-25,,0.000000,0.000000,0.000,0.000,Client
2026-05-15 08:09:22,1900-01-00 00:00:00,dlink-615_EXT,40:86:CB:27:D2:0C,-15, WPA2 ,0.000000,0.000000,0.000,0.000,AP
2026-05-15 08:09:22,1900-01-00 00:00:00,,60:E9:AA:1D:0F:F3,-15,,0.000000,0.000000,0.000,0.000,Client
2026-05-15 08:09:22,1900-01-00 00:00:00,dlink-615_EXT,40:86:CB:27:D2:0C,-17, WPA2 ,0.000000,0.000000,0.000,0.000,AP
2026-05-15 08:09:22,1900-01-00 00:00:00,,60:E9:AA:1D:0F:F3,-25,,0.000000,0.000000,0.000,0.000,Client
2026-05-15 08:09:22,1900-01-00 00:00:00,dlink-615_EXT,40:86:CB:27:D2:0C,-25, WPA2 ,0.000000,0.000000,0.000,0.000,AP
2026-05-15 08:09:22,1900-01-00 00:00:00,,60:E9:AA:1D:0F:F3,-25,,0.000000,0.000000,0.000,0.000,Client
2026-05-15 08:09:22,1900-01-00 00:00:00,dlink-615_EXT,40:86:CB:27:D2:0C,-25, WPA2 ,0.000000,0.000000,0.000,0.000,AP
2026-05-15 08:09:22,1900-01-00 00:00:00,,60:E9:AA:1D:0F:F3,-25,,0.000000,0.000000,0.000,0.000,Client
2026-05-15 08:09:22,1900-01-00 00:00:00,dlink-615_EXT,40:86:CB:27:D2:0C,-25, WPA2 ,0.000000,0.000000,0.000,0.000,AP
2026-05-15 08:09:22,1900-01-00 00:00:00,,60:E9:AA:1D:0F:F3,-25,,0.000000,0.000000,0.000,0.000,Client
2026-05-15 08:09:22,1900-01-00 00:00:00,dlink-615_EXT,40:86:CB:27:D2:0C,-25, WPA2 ,0.000000,0.000000,0.000,0.000,AP
2026-05-15 08:09:22,1900-01-00 00:00:00,,60:E9:AA:1D:0F:F3,-25,,0.000000,0.000000,0.000,0.000,Client
2026-05-15 08:09:22,1900-01-00 00:00:00,dlink-615_EXT,40:86:CB:27:D2:0C,-25, WPA2 ,0.000000,0.000000,0.000,0.000,AP
2026-05-15 08:09:22,1900-01-00 00:00:00,,60:E9:AA:1D:0F:F3,-25,,0.000000,0.000000,0.000,0.000,Client
2026-05-15 08:09:22,1900-01-00 00:00:00,dlink-615_EXT,40:86:CB:27:D2:0C,-25, WPA2 ,0.000000,0.000000,0.000,0.000,AP
2026-05-15 08:09:22,1900-01-00 00:00:00,,60:E9:AA:1D:0F:F3,-25,,0.000000,0.000000,0.000,0.000,Client
2026-05-15 08:09:22,1900-01-00 00:00:00,dlink-615_EXT,40:86:CB:27:D2:0C,-25, WPA2 ,0.000000,0.000000,0.000,0.000,AP
2026-05-15 08:09:22,1900-01-00 00:00:00,,60:E9:AA:1D:0F:F3,-25,,0.000000,0.000000,0.000,0.000,Client
2026-05-15 08:09:22,1900-01-00 00:00:00,dlink-615_EXT,40:86:CB:27:D2:0C,-25, WPA2 ,0.000000,0.000000,0.000,0.000,AP
2026-05-15 08:09:22,1900-01-00 00:00:00,,60:E9:AA:1D:0F:F3,-25,,0.000000,0.000000,0.000,0.000,Client
2026-05-15 08:09:22,1900-01-00 00:00:00,dlink-615_EXT,40:86:CB:27:D2:0C,-25, WPA2 ,0.000000,0.000000,0.000,0.000,AP
2026-05-15 08:09:22,1900-01-00 00:00:00,,60:E9:AA:1D:0F:F3,-25,,0.000000,0.000000,0.000,0.000,Client
2026-05-15 08:09:22,1900-01-00 00:00:00,dlink-615_EXT,40:86:CB:27:D2:0C,-25, WPA2 ,0.000000,0.000000,0.000,0.000,AP
2026-05-15 08:09:22,1900-01-00 00:00:00,,60:E9:AA:1D:0F:F3,-25,,0.000000,0.000000,0.000,0.000,Client
2026-05-15 08:09:22,1900-01-00 00:00:00,dlink-615_EXT,40:86:CB:27:D2:0C,-25, WPA2 ,0.000000,0.000000,0.000,0.000,AP
2026-05-15 08:09:22,1900-01-00 00:00:00,,60:E9:AA:1D:0F:F3,-25,,0.000000,0.000000,0.000,0.000,Client
2026-05-15 08:09:22,1900-01-00 00:00:00,dlink-615_EXT,40:86:CB:27:D2:0C,-25, WPA2 ,0.000000,0.000000,0.000,0.000,AP
2026-05-15 08:09:22,1900-01-00 00:00:00,,60:E9:AA:1D:0F:F3,-25,,0.000000,0.000000,0.000,0.000,Client
2026-05-15 08:09:22,1900-01-00 00:00:00,dlink-615_EXT,40:86:CB:27:D2:0C,-25, WPA2 ,0.000000,0.000000,0.000,0.000,AP
2026-05-15 08:09:22,1900-01-00 00:00:00,,60:E9:AA:1D:0F:F3,-25,,0.000000,0.000000,0.000,0.000,Client
2026-05-15 08:09:22,1900-01-00 00:00:00,dlink-615_EXT,40:86:CB:27:D2:0C,-25, WPA2 ,0.000000,0.000000,0.000,0.000,AP
2026-05-15 08:09:22,1900-01-00 00:00:00,,60:E9:AA:1D:0F:F3,-25,,0.000000,0.000000,0.000,0.000,Client
2026-05-15 08:09:22,1900-01-00 00:00:00,dlink-615_EXT,40:86:CB:27:D2:0C,-25, WPA2 ,0.000000,0.000000,0.000,0.000,AP
2026-05-15 08:09:22,1900-01-00 00:00:00,,60:E9:AA:1D:0F:F3,-25,,0.000000,0.000000,0.000,0.000,Client
2026-05-15 08:09:22,1900-01-00 00:00:00,dlink-615_EXT,40:86:CB:27:D2:0C,-25, WPA2 ,0.000000,0.000000,0.000,0.000,AP
2026-05-15 08:09:22,1900-01-00 00:00:00,,60:E9:AA:1D:0F:F3,-25,,0.000000,0.000000,0.000,0.000,Client
2026-05-15 08:09:22,1900-01-00 00:00:00,dlink-615_EXT,40:86:CB:27:D2:0C,-25, WPA2 ,0.000000,0.000000,0.000,0.000,AP
2026-05-15 08:09:22,1900-01-00 00:00:00,,60:E9:AA:1D:0F:F3,-25,,0.000000,0.000000,0.000,0.000,Client
2026-05-15 08:09:22,1900-01-00 00:00:00,dlink-615_EXT,40:86:CB:27:D2:0C,-25, WPA2 ,0.000000,0.000000,0.000,0.000,AP
2026-05-15 08:09:22,1900-01-00 00:00:00,,60:E9:AA:1D:0F:F3,-25,,0.000000,0.000000,0.000,0.000,Client
2026-05-15 08:09:22,1900-01-00 00:00:00,dlink-615_EXT,40:86:CB:27:D2:0C,-25, WPA2 ,0.000000,0.000000,0.000,0.000,AP
2026-05-15 08:09:22,1900-01-00 00:00:00,,60:E9:AA:1D:0F:F3,-25,,0.000000,0.000000,0.000,0.000,Client
2026-05-15 08:09:22,1900-01-00 00:00:00,dlink-615_EXT,40:86:CB:27:D2:0C,-25, WPA2 ,0.000000,0.000000,0.000,0.000,AP
2026-05-15 08:09:22,1900-01-00 00:00:00,,60:E9:AA:1D:0F:F3,-25,,0.000000,0.000000,0.000,0.000,Client
2026-05-15 08:09:22,1900-01-00 00:00:00,dlink-615_EXT,40:86:CB:27:D2:0C,-25, WPA2 ,0.000000,0.000000,0.000,0.000,AP
2026-05-15 08:09:22,1900-01-00 00:00:00,,60:E9:AA:1D:0F:F3,-25,,0.000000,0.000000,0.000,0.000,Client
2026-05-15 08:09:22,1900-01-00 00:00:00,dlink-615_EXT,40:86:CB:27:D2:0C,-25, WPA2 ,0.000000,0.000000,0.000,0.000,AP
2026-05-15 08:09:22,1900-01-00 00:00:00,,60:E9:AA:1D:0F:F3,-25,,0.000000,0.000000,0.000,0.000,Client
2026-05-15 08:09:22,1900-01-00 00:00:00,dlink-615_EXT,40:86:CB:27:D2:0C,-25, WPA2 ,0.000000,0.000000,0.000,0.000,AP
2026-05-15 08:09:22,1900-01-00 00:00:00,,60:E9:AA:1D:0F:F3,-25,,0.000000,0.000000,0.000,0.000,Client
2026-05-15 08:09:22,1900-01-00 00:00:00,dlink-615_EXT,40:86:CB:27:D2:0C,-25, WPA2 ,0.000000,0.000000,0.000,0.000,AP
2026-05-15 08:09:22,1900-01-00 00:00:00,,60:E9:AA:1D:0F:F3,-25,,0.000000,0.000000,0.000,0.000,Client
2026-05-15 08:09:22,1900-01-00 00:00:00,dlink-615_EXT,40:86:CB:27:D2:0C,-15, WPA2 ,0.000000,0.000000,0.000,0.000,AP
2026-05-15 08:09:22,1900-01-00 00:00:00,,60:E9:AA:1D:0F:F3,-15,,0.000000,0.000000,0.000,0.000,Client
2026-05-15 08:09:22,1900-01-00 00:00:00,,60:E9:AA:1D:0F:F3,-29,,0.000000,0.000000,0.000,0.000,Client
2026-05-15 08:09:22,1900-01-00 00:00:00,dlink-615_EXT,40:86:CB:27:D2:0C,-19, WPA2 ,0.000000,0.000000,0.000,0.000,AP
2026-05-15 08:09:22,1900-01-00 00:00:00,,60:E9:AA:1D:0F:F3,-25,,0.000000,0.000000,0.000,0.000,Client
2026-05-15 08:09:22,1900-01-00 00:00:00,dlink-615_EXT,40:86:CB:27:D2:0C,-15, WPA2 ,0.000000,0.000000,0.000,0.000,AP
2026-05-15 08:09:22,1900-01-00 00:00:00,,60:E9:AA:1D:0F:F3,-25,,0.000000,0.000000,0.000,0.000,Client
2026-05-15 08:09:22,1900-01-00 00:00:00,dlink-615_EXT,40:86:CB:27:D2:0C,-19, WPA2 ,0.000000,0.000000,0.000,0.000,AP
2026-05-15 08:09:22,1900-01-00 00:00:00,dlink-615_EXT,40:86:CB:27:D2:0C,-17, WPA2 ,0.000000,0.000000,0.000,0.000,AP
2026-05-15 08:09:22,1900-01-00 00:00:00,dlink-615_EXT,40:86:CB:27:D2:0C,-17, WPA2 ,0.000000,0.000000,0.000,0.000,AP
2026-05-15 08:09:22,1900-01-00 00:00:00,,60:E9:AA:1D:0F:F3,-23,,0.000000,0.000000,0.000,0.000,Client
2026-05-15 08:09:22,1900-01-00 00:00:00,dlink-615_EXT,40:86:CB:27:D2:0C,-17, WPA2 ,0.000000,0.000000,0.000,0.000,AP
2026-05-15 08:09:22,1900-01-00 00:00:00,dlink-615_EXT,40:86:CB:27:D2:0C,-17, WPA2 ,0.000000,0.000000,0.000,0.000,AP
2026-05-15 08:09:22,1900-01-00 00:00:00,dlink-615_EXT,40:86:CB:27:D2:0C,-25, WPA2 ,0.000000,0.000000,0.000,0.000,AP
2026-05-15 08:09:22,1900-01-00 00:00:00,,60:E9:AA:1D:0F:F3,-25,,0.000000,0.000000,0.000,0.000,Client
2026-05-15 08:09:22,1900-01-00 00:00:00,dlink-615_EXT,40:86:CB:27:D2:0C,-25, WPA2 ,0.000000,0.000000,0.000,0.000,AP
2026-05-15 08:09:22,1900-01-00 00:00:00,,60:E9:AA:1D:0F:F3,-25,,0.000000,0.000000,0.000,0.000,Client
2026-05-15 08:09:22,1900-01-00 00:00:00,dlink-615_EXT,40:86:CB:27:D2:0C,-23, WPA2 ,0.000000,0.000000,0.000,0.000,AP
2026-05-15 08:09:22,1900-01-00 00:00:00,,60:E9:AA:1D:0F:F3,-23,,0.000000,0.000000,0.000,0.000,Client
2026-05-15 08:09:22,1900-01-00 00:00:00,dlink-615_EXT,40:86:CB:27:D2:0C,-23, WPA2 ,0.000000,0.000000,0.000,0.000,AP
2026-05-15 08:09:22,1900-01-00 00:00:00,,60:E9:AA:1D:0F:F3,-23,,0.000000,0.000000,0.000,0.000,Client
2026-05-15 08:09:22,1900-01-00 00:00:00,dlink-615_EXT,40:86:CB:27:D2:0C,-23, WPA2 ,0.000000,0.000000,0.000,0.000,AP
2026-05-15 08:09:22,1900-01-00 00:00:00,,60:E9:AA:1D:0F:F3,-23,,0.000000,0.000000,0.000,0.000,Client
2026-05-15 08:09:22,1900-01-00 00:00:00,dlink-615_EXT,40:86:CB:27:D2:0C,-23, WPA2 ,0.000000,0.000000,0.000,0.000,AP
2026-05-15 08:09:22,1900-01-00 00:00:00,,60:E9:AA:1D:0F:F3,-23,,0.000000,0.000000,0.000,0.000,Client
2026-05-15 08:09:22,1900-01-00 00:00:00,dlink-615_EXT,40:86:CB:27:D2:0C,-23, WPA2 ,0.000000,0.000000,0.000,0.000,AP
2026-05-15 08:09:22,1900-01-00 00:00:00,,60:E9:AA:1D:0F:F3,-23,,0.000000,0.000000,0.000,0.000,Client
2026-05-15 08:09:22,1900-01-00 00:00:00,dlink-615_EXT,40:86:CB:27:D2:0C,-23, WPA2 ,0.000000,0.000000,0.000,0.000,AP
2026-05-15 08:09:22,1900-01-00 00:00:00,,60:E9:AA:1D:0F:F3,-23,,0.000000,0.000000,0.000,0.000,Client
2026-05-15 08:09:22,1900-01-00 00:00:00,dlink-615_EXT,40:86:CB:27:D2:0C,-23, WPA2 ,0.000000,0.000000,0.000,0.000,AP
2026-05-15 08:09:22,1900-01-00 00:00:00,,60:E9:AA:1D:0F:F3,-23,,0.000000,0.000000,0.000,0.000,Client
2026-05-15 08:09:22,1900-01-00 00:00:00,dlink-615_EXT,40:86:CB:27:D2:0C,-23, WPA2 ,0.000000,0.000000,0.000,0.000,AP
2026-05-15 08:09:22,1900-01-00 00:00:00,,60:E9:AA:1D:0F:F3,-23,,0.000000,0.000000,0.000,0.000,Client
2026-05-15 08:09:22,1900-01-00 00:00:00,dlink-615_EXT,40:86:CB:27:D2:0C,-21, WPA2 ,0.000000,0.000000,0.000,0.000,AP
2026-05-15 08:09:22,1900-01-00 00:00:00,,60:E9:AA:1D:0F:F3,-29,,0.000000,0.000000,0.000,0.000,Client
2026-05-15 08:09:22,1900-01-00 00:00:00,dlink-615_EXT,40:86:CB:27:D2:0C,-29, WPA2 ,0.000000,0.000000,0.000,0.000,AP
2026-05-15 08:09:22,1900-01-00 00:00:00,,60:E9:AA:1D:0F:F3,-29,,0.000000,0.000000,0.000,0.000,Client
2026-05-15 08:09:22,1900-01-00 00:00:00,dlink-615_EXT,40:86:CB:27:D2:0C,-29, WPA2 ,0.000000,0.000000,0.000,0.000,AP
2026-05-15 08:09:22,1900-01-00 00:00:00,,60:E9:AA:1D:0F:F3,-29,,0.000000,0.000000,0.000,0.000,Client
2026-05-15 08:09:22,1900-01-00 00:00:00,dlink-615_EXT,40:86:CB:27:D2:0C,-29, WPA2 ,0.000000,0.000000,0.000,0.000,AP
2026-05-15 08:09:22,1900-01-00 00:00:00,,60:E9:AA:1D:0F:F3,-29,,0.000000,0.000000,0.000,0.000,Client
2026-05-15 08:09:22,1900-01-00 00:00:00,dlink-615_EXT,40:86:CB:27:D2:0C,-29, WPA2 ,0.000000,0.000000,0.000,0.000,AP
2026-05-15 08:09:22,1900-01-00 00:00:00,,60:E9:AA:1D:0F:F3,-29,,0.000000,0.000000,0.000,0.000,Client
2026-05-15 08:09:22,1900-01-00 00:00:00,dlink-615_EXT,40:86:CB:27:D2:0C,-29, WPA2 ,0.000000,0.000000,0.000,0.000,AP
2026-05-15 08:09:22,1900-01-00 00:00:00,,60:E9:AA:1D:0F:F3,-29,,0.000000,0.000000,0.000,0.000,Client
2026-05-15 08:09:22,1900-01-00 00:00:00,dlink-615_EXT,40:86:CB:27:D2:0C,-29, WPA2 ,0.000000,0.000000,0.000,0.000,AP
2026-05-15 08:09:22,1900-01-00 00:00:00,,60:E9:AA:1D:0F:F3,-29,,0.000000,0.000000,0.000,0.000,Client
2026-05-15 08:09:22,1900-01-00 00:00:00,dlink-615_EXT,40:86:CB:27:D2:0C,-29, WPA2 ,0.000000,0.000000,0.000,0.000,AP
2026-05-15 08:09:22,1900-01-00 00:00:00,,60:E9:AA:1D:0F:F3,-29,,0.000000,0.000000,0.000,0.000,Client
2026-05-15 08:09:22,1900-01-00 00:00:00,dlink-615_EXT,40:86:CB:27:D2:0C,-29, WPA2 ,0.000000,0.000000,0.000,0.000,AP
2026-05-15 08:09:22,1900-01-00 00:00:00,,60:E9:AA:1D:0F:F3,-29,,0.000000,0.000000,0.000,0.000,Client
2026-05-15 08:09:22,1900-01-00 00:00:00,dlink-615_EXT,40:86:CB:27:D2:0C,-29, WPA2 ,0.000000,0.000000,0.000,0.000,AP
2026-05-15 08:09:22,1900-01-00 00:00:00,,60:E9:AA:1D:0F:F3,-29,,0.000000,0.000000,0.000,0.000,Client
2026-05-15 08:09:22,1900-01-00 00:00:00,dlink-615_EXT,40:86:CB:27:D2:0C,-29, WPA2 ,0.000000,0.000000,0.000,0.000,AP
2026-05-15 08:09:22,1900-01-00 00:00:00,,60:E9:AA:1D:0F:F3,-29,,0.000000,0.000000,0.000,0.000,Client
2026-05-15 08:09:22,1900-01-00 00:00:00,dlink-615_EXT,40:86:CB:27:D2:0C,-29, WPA2 ,0.000000,0.000000,0.000,0.000,AP
2026-05-15 08:09:22,1900-01-00 00:00:00,,60:E9:AA:1D:0F:F3,-29,,0.000000,0.000000,0.000,0.000,Client
2026-05-15 08:09:22,1900-01-00 00:00:00,dlink-615_EXT,40:86:CB:27:D2:0C,-29, WPA2 ,0.000000,0.000000,0.000,0.000,AP
2026-05-15 08:09:22,1900-01-00 00:00:00,,60:E9:AA:1D:0F:F3,-29,,0.000000,0.000000,0.000,0.000,Client
2026-05-15 08:09:22,1900-01-00 00:00:00,dlink-615_EXT,40:86:CB:27:D2:0C,-29, WPA2 ,0.000000,0.000000,0.000,0.000,AP
2026-05-15 08:09:22,1900-01-00 00:00:00,,60:E9:AA:1D:0F:F3,-29,,0.000000,0.000000,0.000,0.000,Client
2026-05-15 08:09:22,1900-01-00 00:00:00,dlink-615_EXT,40:86:CB:27:D2:0C,-29, WPA2 ,0.000000,0.000000,0.000,0.000,AP
2026-05-15 08:09:22,1900-01-00 00:00:00,,60:E9:AA:1D:0F:F3,-29,,0.000000,0.000000,0.000,0.000,Client
2026-05-15 08:09:22,1900-01-00 00:00:00,dlink-615_EXT,40:86:CB:27:D2:0C,-29, WPA2 ,0.000000,0.000000,0.000,0.000,AP
2026-05-15 08:09:22,1900-01-00 00:00:00,,60:E9:AA:1D:0F:F3,-29,,0.000000,0.000000,0.000,0.000,Client
2026-05-15 08:09:22,1900-01-00 00:00:00,dlink-615_EXT,40:86:CB:27:D2:0C,-29, WPA2 ,0.000000,0.000000,0.000,0.000,AP
2026-05-15 08:09:22,1900-01-00 00:00:00,,60:E9:AA:1D:0F:F3,-29,,0.000000,0.000000,0.000,0.000,Client
2026-05-15 08:09:22,1900-01-00 00:00:00,dlink-615_EXT,40:86:CB:27:D2:0C,-29, WPA2 ,0.000000,0.000000,0.000,0.000,AP
2026-05-15 08:09:22,1900-01-00 00:00:00,,60:E9:AA:1D:0F:F3,-29,,0.000000,0.000000,0.000,0.000,Client
2026-05-15 08:09:22,1900-01-00 00:00:00,dlink-615_EXT,40:86:CB:27:D2:0C,-29, WPA2 ,0.000000,0.000000,0.000,0.000,AP
2026-05-15 08:09:22,1900-01-00 00:00:00,,60:E9:AA:1D:0F:F3,-29,,0.000000,0.000000,0.000,0.000,Client
2026-05-15 08:09:22,1900-01-00 00:00:00,dlink-615_EXT,40:86:CB:27:D2:0C,-29, WPA2 ,0.000000,0.000000,0.000,0.000,AP
2026-05-15 08:09:22,1900-01-00 00:00:00,,60:E9:AA:1D:0F:F3,-29,,0.000000,0.000000,0.000,0.000,Client
2026-05-15 08:09:22,1900-01-00 00:00:00,dlink-615_EXT,40:86:CB:27:D2:0C,-29, WPA2 ,0.000000,0.000000,0.000,0.000,AP
2026-05-15 08:09:22,1900-01-00 00:00:00,,60:E9:AA:1D:0F:F3,-29,,0.000000,0.000000,0.000,0.000,Client
2026-05-15 08:09:22,1900-01-00 00:00:00,dlink-615_EXT,40:86:CB:27:D2:0C,-29, WPA2 ,0.000000,0.000000,0.000,0.000,AP
2026-05-15 08:09:22,1900-01-00 00:00:00,,60:E9:AA:1D:0F:F3,-29,,0.000000,0.000000,0.000,0.000,Client
2026-05-15 08:09:22,1900-01-00 00:00:00,dlink-615_EXT,40:86:CB:27:D2:0C,-29, WPA2 ,0.000000,0.000000,0.000,0.000,AP
2026-05-15 08:09:22,1900-01-00 00:00:00,,60:E9:AA:1D:0F:F3,-29,,0.000000,0.000000,0.000,0.000,Client
2026-05-15 08:09:22,1900-01-00 00:00:00,dlink-615_EXT,40:86:CB:27:D2:0C,-29, WPA2 ,0.000000,0.000000,0.000,0.000,AP
2026-05-15 08:09:22,1900-01-00 00:00:00,,60:E9:AA:1D:0F:F3,-29,,0.000000,0.000000,0.000,0.000,Client
2026-05-15 08:09:22,1900-01-00 00:00:00,dlink-615_EXT,40:86:CB:27:D2:0C,-29, WPA2 ,0.000000,0.000000,0.000,0.000,AP
2026-05-15 08:09:22,1900-01-00 00:00:00,,60:E9:AA:1D:0F:F3,-29,,0.000000,0.000000,0.000,0.000,Client
2026-05-15 08:09:22,1900-01-00 00:00:00,dlink-615_EXT,40:86:CB:27:D2:0C,-29, WPA2 ,0.000000,0.000000,0.000,0.000,AP
2026-05-15 08:09:22,1900-01-00 00:00:00,,60:E9:AA:1D:0F:F3,-29,,0.000000,0.000000,0.000,0.000,Client
2026-05-15 08:09:22,1900-01-00 00:00:00,dlink-615_EXT,40:86:CB:27:D2:0C,-29, WPA2 ,0.000000,0.000000,0.000,0.000,AP
2026-05-15 08:09:22,1900-01-00 00:00:00,,60:E9:AA:1D:0F:F3,-29,,0.000000,0.000000,0.000,0.000,Client
2026-05-15 08:09:22,1900-01-00 00:00:00,dlink-615_EXT,40:86:CB:27:D2:0C,-29, WPA2 ,0.000000,0.000000,0.000,0.000,AP
2026-05-15 08:09:22,1900-01-00 00:00:00,,60:E9:AA:1D:0F:F3,-29,,0.000000,0.000000,0.000,0.000,Client
2026-05-15 08:09:22,1900-01-00 00:00:00,dlink-615_EXT,40:86:CB:27:D2:0C,-29, WPA2 ,0.000000,0.000000,0.000,0.000,AP
2026-05-15 08:09:22,1900-01-00 00:00:00,,60:E9:AA:1D:0F:F3,-29,,0.000000,0.000000,0.000,0.000,Client
2026-05-15 08:09:22,1900-01-00 00:00:00,dlink-615_EXT,40:86:CB:27:D2:0C,-29, WPA2 ,0.000000,0.000000,0.000,0.000,AP
2026-05-15 08:09:22,1900-01-00 00:00:00,,60:E9:AA:1D:0F:F3,-29,,0.000000,0.000000,0.000,0.000,Client
2026-05-15 08:09:22,1900-01-00 00:00:00,dlink-615_EXT,40:86:CB:27:D2:0C,-29, WPA2 ,0.000000,0.000000,0.000,0.000,AP
2026-05-15 08:09:23,1900-01-00 00:00:00,,60:E9:AA:1D:0F:F3,-29,,0.000000,0.000000,0.000,0.000,Client
2026-05-15 08:09:23,1900-01-00 00:00:00,dlink-615_EXT,40:86:CB:27:D2:0C,-29, WPA2 ,0.000000,0.000000,0.000,0.000,AP
2026-05-15 08:09:23,1900-01-00 00:00:00,,60:E9:AA:1D:0F:F3,-29,,0.000000,0.000000,0.000,0.000,Client
2026-05-15 08:09:23,1900-01-00 00:00:00,dlink-615_EXT,40:86:CB:27:D2:0C,-29, WPA2 ,0.000000,0.000000,0.000,0.000,AP
2026-05-15 08:09:23,1900-01-00 00:00:00,,60:E9:AA:1D:0F:F3,-29,,0.000000,0.000000,0.000,0.000,Client
2026-05-15 08:09:23,1900-01-00 00:00:00,dlink-615_EXT,40:86:CB:27:D2:0C,-29, WPA2 ,0.000000,0.000000,0.000,0.000,AP
2026-05-15 08:09:23,1900-01-00 00:00:00,,60:E9:AA:1D:0F:F3,-29,,0.000000,0.000000,0.000,0.000,Client
2026-05-15 08:09:23,1900-01-00 00:00:00,dlink-615_EXT,40:86:CB:27:D2:0C,-29, WPA2 ,0.000000,0.000000,0.000,0.000,AP
2026-05-15 08:09:23,1900-01-00 00:00:00,,60:E9:AA:1D:0F:F3,-29,,0.000000,0.000000,0.000,0.000,Client
2026-05-15 08:09:23,1900-01-00 00:00:00,dlink-615_EXT,40:86:CB:27:D2:0C,-29, WPA2 ,0.000000,0.000000,0.000,0.000,AP
2026-05-15 08:09:23,1900-01-00 00:00:00,,60:E9:AA:1D:0F:F3,-29,,0.000000,0.000000,0.000,0.000,Client
2026-05-15 08:09:23,1900-01-00 00:00:00,dlink-615_EXT,40:86:CB:27:D2:0C,-29, WPA2 ,0.000000,0.000000,0.000,0.000,AP
2026-05-15 08:09:23,1900-01-00 00:00:00,,60:E9:AA:1D:0F:F3,-29,,0.000000,0.000000,0.000,0.000,Client
2026-05-15 08:09:23,1900-01-00 00:00:00,dlink-615_EXT,40:86:CB:27:D2:0C,-29, WPA2 ,0.000000,0.000000,0.000,0.000,AP
2026-05-15 08:09:23,1900-01-00 00:00:00,,60:E9:AA:1D:0F:F3,-29,,0.000000,0.000000,0.000,0.000,Client
2026-05-15 08:09:23,1900-01-00 00:00:00,dlink-615_EXT,40:86:CB:27:D2:0C,-29, WPA2 ,0.000000,0.000000,0.000,0.000,AP
2026-05-15 08:09:23,1900-01-00 00:00:00,,60:E9:AA:1D:0F:F3,-29,,0.000000,0.000000,0.000,0.000,Client
2026-05-15 08:09:23,1900-01-00 00:00:00,dlink-615_EXT,40:86:CB:27:D2:0C,-29, WPA2 ,0.000000,0.000000,0.000,0.000,AP
2026-05-15 08:09:23,1900-01-00 00:00:00,,60:E9:AA:1D:0F:F3,-29,,0.000000,0.000000,0.000,0.000,Client
2026-05-15 08:09:23,1900-01-00 00:00:00,dlink-615_EXT,40:86:CB:27:D2:0C,-29, WPA2 ,0.000000,0.000000,0.000,0.000,AP
2026-05-15 08:09:23,1900-01-00 00:00:00,,60:E9:AA:1D:0F:F3,-29,,0.000000,0.000000,0.000,0.000,Client
2026-05-15 08:09:23,1900-01-00 00:00:00,dlink-615_EXT,40:86:CB:27:D2:0C,-29, WPA2 ,0.000000,0.000000,0.000,0.000,AP
2026-05-15 08:09:23,1900-01-00 00:00:00,,60:E9:AA:1D:0F:F3,-29,,0.000000,0.000000,0.000,0.000,Client
2026-05-15 08:09:23,1900-01-00 00:00:00,dlink-615_EXT,40:86:CB:27:D2:0C,-29, WPA2 ,0.000000,0.000000,0.000,0.000,AP
2026-05-15 08:09:23,1900-01-00 00:00:00,,60:E9:AA:1D:0F:F3,-29,,0.000000,0.000000,0.000,0.000,Client
2026-05-15 08:09:23,1900-01-00 00:00:00,dlink-615_EXT,40:86:CB:27:D2:0C,-29, WPA2 ,0.000000,0.000000,0.000,0.000,AP
2026-05-15 08:09:23,1900-01-00 00:00:00,,60:E9:AA:1D:0F:F3,-29,,0.000000,0.000000,0.000,0.000,Client
2026-05-15 08:09:23,1900-01-00 00:00:00,dlink-615_EXT,40:86:CB:27:D2:0C,-29, WPA2 ,0.000000,0.000000,0.000,0.000,AP
2026-05-15 08:09:23,1900-01-00 00:00:00,,60:E9:AA:1D:0F:F3,-29,,0.000000,0.000000,0.000,0.000,Client
2026-05-15 08:09:23,1900-01-00 00:00:00,dlink-615_EXT,40:86:CB:27:D2:0C,-29, WPA2 ,0.000000,0.000000,0.000,0.000,AP
2026-05-15 08:09:23,1900-01-00 00:00:00,,60:E9:AA:1D:0F:F3,-27,,0.000000,0.000000,0.000,0.000,Client
2026-05-15 08:09:23,1900-01-00 00:00:00,dlink-615_EXT,40:86:CB:27:D2:0C,-17, WPA2 ,0.000000,0.000000,0.000,0.000,AP
2026-05-15 08:09:23,1900-01-00 00:00:00,,60:E9:AA:1D:0F:F3,-25,,0.000000,0.000000,0.000,0.000,Client
2026-05-15 08:09:23,1900-01-00 00:00:00,dlink-615_EXT,40:86:CB:27:D2:0C,-17, WPA2 ,0.000000,0.000000,0.000,0.000,AP
2026-05-15 08:09:23,1900-01-00 00:00:00,,60:E9:AA:1D:0F:F3,-17,,0.000000,0.000000,0.000,0.000,Client
2026-05-15 08:09:23,1900-01-00 00:00:00,dlink-615_EXT,40:86:CB:27:D2:0C,-19, WPA2 ,0.000000,0.000000,0.000,0.000,AP
2026-05-15 08:09:23,1900-01-00 00:00:00,,60:E9:AA:1D:0F:F3,-19,,0.000000,0.000000,0.000,0.000,Client
2026-05-15 08:09:23,1900-01-00 00:00:00,dlink-615_EXT,40:86:CB:27:D2:0C,-17, WPA2 ,0.000000,0.000000,0.000,0.000,AP
2026-05-15 08:09:23,1900-01-00 00:00:00,,60:E9:AA:1D:0F:F3,-17,,0.000000,0.000000,0.000,0.000,Client
2026-05-15 08:09:23,1900-01-00 00:00:00,dlink-615_EXT,40:86:CB:27:D2:0C,-17, WPA2 ,0.000000,0.000000,0.000,0.000,AP
2026-05-15 08:09:23,1900-01-00 00:00:00,,60:E9:AA:1D:0F:F3,-17,,0.000000,0.000000,0.000,0.000,Client
2026-05-15 08:09:23,1900-01-00 00:00:00,dlink-615_EXT,40:86:CB:27:D2:0C,-15, WPA2 ,0.000000,0.000000,0.000,0.000,AP
2026-05-15 08:09:23,1900-01-00 00:00:00,,60:E9:AA:1D:0F:F3,-15,,0.000000,0.000000,0.000,0.000,Client
2026-05-15 08:09:23,1900-01-00 00:00:00,dlink-615_EXT,40:86:CB:27:D2:0C,-15, WPA2 ,0.000000,0.000000,0.000,0.000,AP
2026-05-15 08:09:23,1900-01-00 00:00:00,,60:E9:AA:1D:0F:F3,-15,,0.000000,0.000000,0.000,0.000,Client
2026-05-15 08:09:23,1900-01-00 00:00:00,dlink-615_EXT,40:86:CB:27:D2:0C,-15, WPA2 ,0.000000,0.000000,0.000,0.000,AP
2026-05-15 08:09:23,1900-01-00 00:00:00,,60:E9:AA:1D:0F:F3,-15,,0.000000,0.000000,0.000,0.000,Client
2026-05-15 08:09:23,1900-01-00 00:00:00,dlink-615_EXT,40:86:CB:27:D2:0C,-15, WPA2 ,0.000000,0.000000,0.000,0.000,AP
2026-05-15 08:09:23,1900-01-00 00:00:00,dlink-615_EXT,40:86:CB:27:D2:0C,-21, WPA2 ,0.000000,0.000000,0.000,0.000,AP
2026-05-15 08:09:23,1900-01-00 00:00:00,dlink-615_EXT,40:86:CB:27:D2:0C,-21, WPA2 ,0.000000,0.000000,0.000,0.000,AP
2026-05-15 08:09:23,1900-01-00 00:00:00,dlink-615_EXT,40:86:CB:27:D2:0C,-21, WPA2 ,0.000000,0.000000,0.000,0.000,AP
2026-05-15 08:09:23,1900-01-00 00:00:00,dlink-615_EXT,40:86:CB:27:D2:0C,-21, WPA2 ,0.000000,0.000000,0.000,0.000,AP
2026-05-15 08:09:23,1900-01-00 00:00:00,dlink-615_EXT,40:86:CB:27:D2:0C,-21, WPA2 ,0.000000,0.000000,0.000,0.000,AP
2026-05-15 08:09:23,1900-01-00 00:00:00,dlink-615_EXT,40:86:CB:27:D2:0C,-21, WPA2 ,0.000000,0.000000,0.000,0.000,AP
2026-05-15 08:09:23,1900-01-00 00:00:00,dlink-615_EXT,40:86:CB:27:D2:0C,-21, WPA2 ,0.000000,0.000000,0.000,0.000,AP
2026-05-15 08:09:23,1900-01-00 00:00:00,dlink-615_EXT,40:86:CB:27:D2:0C,-21, WPA2 ,0.000000,0.000000,0.000,0.000,AP
2026-05-15 08:09:23,1900-01-00 00:00:00,dlink-615_EXT,40:86:CB:27:D2:0C,-21, WPA2 ,0.000000,0.000000,0.000,0.000,AP
2026-05-15 08:09:23,1900-01-00 00:00:00,dlink-615_EXT,40:86:CB:27:D2:0C,-23, WPA2 ,0.000000,0.000000,0.000,0.000,AP
2026-05-15 08:09:23,1900-01-00 00:00:00,dlink-615_EXT,40:86:CB:27:D2:0C,-21, WPA2 ,0.000000,0.000000,0.000,0.000,AP
2026-05-15 08:09:23,1900-01-00 00:00:00,dlink-615_EXT,40:86:CB:27:D2:0C,-21, WPA2 ,0.000000,0.000000,0.000,0.000,AP
2026-05-15 08:09:23,1900-01-00 00:00:00,,60:E9:AA:1D:0F:F3,-21,,0.000000,0.000000,0.000,0.000,Client
2026-05-15 08:09:23,1900-01-00 00:00:00,dlink-615_EXT,40:86:CB:27:D2:0C,-21, WPA2 ,0.000000,0.000000,0.000,0.000,AP
2026-05-15 08:09:23,1900-01-00 00:00:00,,60:E9:AA:1D:0F:F3,-21,,0.000000,0.000000,0.000,0.000,Client
2026-05-15 08:09:23,1900-01-00 00:00:00,dlink-615_EXT,40:86:CB:27:D2:0C,-21, WPA2 ,0.000000,0.000000,0.000,0.000,AP
2026-05-15 08:09:23,1900-01-00 00:00:00,,60:E9:AA:1D:0F:F3,-21,,0.000000,0.000000,0.000,0.000,Client
2026-05-15 08:09:23,1900-01-00 00:00:00,dlink-615_EXT,40:86:CB:27:D2:0C,-21, WPA2 ,0.000000,0.000000,0.000,0.000,AP
2026-05-15 08:09:23,1900-01-00 00:00:00,,60:E9:AA:1D:0F:F3,-21,,0.000000,0.000000,0.000,0.000,Client
2026-05-15 08:09:23,1900-01-00 00:00:00,dlink-615_EXT,40:86:CB:27:D2:0C,-21, WPA2 ,0.000000,0.000000,0.000,0.000,AP
2026-05-15 08:09:23,1900-01-00 00:00:00,,60:E9:AA:1D:0F:F3,-21,,0.000000,0.000000,0.000,0.000,Client
2026-05-15 08:09:23,1900-01-00 00:00:00,dlink-615_EXT,40:86:CB:27:D2:0C,-21, WPA2 ,0.000000,0.000000,0.000,0.000,AP
2026-05-15 08:09:23,1900-01-00 00:00:00,,60:E9:AA:1D:0F:F3,-21,,0.000000,0.000000,0.000,0.000,Client
2026-05-15 08:09:23,1900-01-00 00:00:00,dlink-615_EXT,40:86:CB:27:D2:0C,-23, WPA2 ,0.000000,0.000000,0.000,0.000,AP
2026-05-15 08:09:23,1900-01-00 00:00:00,,60:E9:AA:1D:0F:F3,-23,,0.000000,0.000000,0.000,0.000,Client
2026-05-15 08:09:23,1900-01-00 00:00:00,dlink-615_EXT,40:86:CB:27:D2:0C,-23, WPA2 ,0.000000,0.000000,0.000,0.000,AP
2026-05-15 08:09:23,1900-01-00 00:00:00,,60:E9:AA:1D:0F:F3,-23,,0.000000,0.000000,0.000,0.000,Client
2026-05-15 08:09:23,1900-01-00 00:00:00,dlink-615_EXT,40:86:CB:27:D2:0C,-23, WPA2 ,0.000000,0.000000,0.000,0.000,AP
2026-05-15 08:09:23,1900-01-00 00:00:00,,60:E9:AA:1D:0F:F3,-23,,0.000000,0.000000,0.000,0.000,Client
2026-05-15 08:09:23,1900-01-00 00:00:00,dlink-615_EXT,40:86:CB:27:D2:0C,-21, WPA2 ,0.000000,0.000000,0.000,0.000,AP
2026-05-15 08:09:23,1900-01-00 00:00:00,,60:E9:AA:1D:0F:F3,-21,,0.000000,0.000000,0.000,0.000,Client
2026-05-15 08:09:23,1900-01-00 00:00:00,dlink-615_EXT,40:86:CB:27:D2:0C,-21, WPA2 ,0.000000,0.000000,0.000,0.000,AP
2026-05-15 08:09:23,1900-01-00 00:00:00,,60:E9:AA:1D:0F:F3,-21,,0.000000,0.000000,0.000,0.000,Client
2026-05-15 08:09:23,1900-01-00 00:00:00,dlink-615_EXT,40:86:CB:27:D2:0C,-23, WPA2 ,0.000000,0.000000,0.000,0.000,AP
2026-05-15 08:09:23,1900-01-00 00:00:00,,60:E9:AA:1D:0F:F3,-23,,0.000000,0.000000,0.000,0.000,Client
2026-05-15 08:09:23,1900-01-00 00:00:00,dlink-615_EXT,40:86:CB:27:D2:0C,-21, WPA2 ,0.000000,0.000000,0.000,0.000,AP
2026-05-15 08:09:23,1900-01-00 00:00:00,,60:E9:AA:1D:0F:F3,-21,,0.000000,0.000000,0.000,0.000,Client
2026-05-15 08:09:23,1900-01-00 00:00:00,dlink-615_EXT,40:86:CB:27:D2:0C,-21, WPA2 ,0.000000,0.000000,0.000,0.000,AP
2026-05-15 08:09:23,1900-01-00 00:00:00,,60:E9:AA:1D:0F:F3,-21,,0.000000,0.000000,0.000,0.000,Client
2026-05-15 08:09:23,1900-01-00 00:00:00,dlink-615_EXT,40:86:CB:27:D2:0C,-21, WPA2 ,0.000000,0.000000,0.000,0.000,AP
2026-05-15 08:09:23,1900-01-00 00:00:00,,60:E9:AA:1D:0F:F3,-21,,0.000000,0.000000,0.000,0.000,Client
2026-05-15 08:09:23,1900-01-00 00:00:00,dlink-615_EXT,40:86:CB:27:D2:0C,-21, WPA2 ,0.000000,0.000000,0.000,0.000,AP
2026-05-15 08:09:23,1900-01-00 00:00:00,,60:E9:AA:1D:0F:F3,-21,,0.000000,0.000000,0.000,0.000,Client
2026-05-15 08:09:23,1900-01-00 00:00:00,dlink-615_EXT,40:86:CB:27:D2:0C,-21, WPA2 ,0.000000,0.000000,0.000,0.000,AP
2026-05-15 08:09:23,1900-01-00 00:00:00,dlink-615_EXT,40:86:CB:27:D2:0C,-21, WPA2 ,0.000000,0.000000,0.000,0.000,AP
2026-05-15 08:09:23,1900-01-00 00:00:00,,60:E9:AA:1D:0F:F3,-21,,0.000000,0.000000,0.000,0.000,Client
2026-05-15 08:09:23,1900-01-00 00:00:00,dlink-615_EXT,40:86:CB:27:D2:0C,-23, WPA2 ,0.000000,0.000000,0.000,0.000,AP
2026-05-15 08:09:23,1900-01-00 00:00:00,,60:E9:AA:1D:0F:F3,-23,,0.000000,0.000000,0.000,0.000,Client
2026-05-15 08:09:23,1900-01-00 00:00:00,dlink-615_EXT,40:86:CB:27:D2:0C,-23, WPA2 ,0.000000,0.000000,0.000,0.000,AP
2026-05-15 08:09:23,1900-01-00 00:00:00,,60:E9:AA:1D:0F:F3,-23,,0.000000,0.000000,0.000,0.000,Client
2026-05-15 08:09:23,1900-01-00 00:00:00,dlink-615_EXT,40:86:CB:27:D2:0C,-23, WPA2 ,0.000000,0.000000,0.000,0.000,AP
2026-05-15 08:09:23,1900-01-00 00:00:00,,60:E9:AA:1D:0F:F3,-23,,0.000000,0.000000,0.000,0.000,Client
2026-05-15 08:09:23,1900-01-00 00:00:00,dlink-615_EXT,40:86:CB:27:D2:0C,-65, WPA2 ,0.000000,0.000000,0.000,0.000,AP
2026-05-15 08:09:23,1900-01-00 00:00:00,,60:E9:AA:1D:0F:F3,-61,,0.000000,0.000000,0.000,0.000,Client
2026-05-15 08:09:23,1900-01-00 00:00:00,dlink-615_EXT,40:86:CB:27:D2:0C,-21, WPA2 ,0.000000,0.000000,0.000,0.000,AP
2026-05-15 08:09:23,1900-01-00 00:00:00,,60:E9:AA:1D:0F:F3,-21,,0.000000,0.000000,0.000,0.000,Client
2026-05-15 08:09:23,1900-01-00 00:00:00,dlink-615_EXT,40:86:CB:27:D2:0C,-21, WPA2 ,0.000000,0.000000,0.000,0.000,AP
2026-05-15 08:09:23,1900-01-00 00:00:00,,60:E9:AA:1D:0F:F3,-21,,0.000000,0.000000,0.000,0.000,Client
2026-05-15 08:09:23,1900-01-00 00:00:00,dlink-615_EXT,40:86:CB:27:D2:0C,-21, WPA2 ,0.000000,0.000000,0.000,0.000,AP
2026-05-15 08:09:23,1900-01-00 00:00:00,,60:E9:AA:1D:0F:F3,-21,,0.000000,0.000000,0.000,0.000,Client
2026-05-15 08:09:23,1900-01-00 00:00:00,dlink-615_EXT,40:86:CB:27:D2:0C,-21, WPA2 ,0.000000,0.000000,0.000,0.000,AP
2026-05-15 08:09:23,1900-01-00 00:00:00,,60:E9:AA:1D:0F:F3,-21,,0.000000,0.000000,0.000,0.000,Client
2026-05-15 08:09:23,1900-01-00 00:00:00,dlink-615_EXT,40:86:CB:27:D2:0C,-21, WPA2 ,0.000000,0.000000,0.000,0.000,AP
2026-05-15 08:09:23,1900-01-00 00:00:00,,60:E9:AA:1D:0F:F3,-21,,0.000000,0.000000,0.000,0.000,Client
2026-05-15 08:09:23,1900-01-00 00:00:00,dlink-615_EXT,40:86:CB:27:D2:0C,-21, WPA2 ,0.000000,0.000000,0.000,0.000,AP
2026-05-15 08:09:23,1900-01-00 00:00:00,,60:E9:AA:1D:0F:F3,-21,,0.000000,0.000000,0.000,0.000,Client
2026-05-15 08:09:23,1900-01-00 00:00:00,dlink-615_EXT,40:86:CB:27:D2:0C,-21, WPA2 ,0.000000,0.000000,0.000,0.000,AP
2026-05-15 08:09:23,1900-01-00 00:00:00,,60:E9:AA:1D:0F:F3,-21,,0.000000,0.000000,0.000,0.000,Client
2026-05-15 08:09:23,1900-01-00 00:00:00,dlink-615_EXT,40:86:CB:27:D2:0C,-21, WPA2 ,0.000000,0.000000,0.000,0.000,AP
2026-05-15 08:09:23,1900-01-00 00:00:00,,60:E9:AA:1D:0F:F3,-21,,0.000000,0.000000,0.000,0.000,Client
2026-05-15 08:09:23,1900-01-00 00:00:00,dlink-615_EXT,40:86:CB:27:D2:0C,-21, WPA2 ,0.000000,0.000000,0.000,0.000,AP
2026-05-15 08:09:23,1900-01-00 00:00:00,,60:E9:AA:1D:0F:F3,-21,,0.000000,0.000000,0.000,0.000,Client
2026-05-15 08:09:23,1900-01-00 00:00:00,dlink-615_EXT,40:86:CB:27:D2:0C,-21, WPA2 ,0.000000,0.000000,0.000,0.000,AP
2026-05-15 08:09:23,1900-01-00 00:00:00,,60:E9:AA:1D:0F:F3,-21,,0.000000,0.000000,0.000,0.000,Client
2026-05-15 08:09:23,1900-01-00 00:00:00,dlink-615_EXT,40:86:CB:27:D2:0C,-21, WPA2 ,0.000000,0.000000,0.000,0.000,AP
2026-05-15 08:09:23,1900-01-00 00:00:00,,60:E9:AA:1D:0F:F3,-21,,0.000000,0.000000,0.000,0.000,Client
2026-05-15 08:09:23,1900-01-00 00:00:00,dlink-615_EXT,40:86:CB:27:D2:0C,-21, WPA2 ,0.000000,0.000000,0.000,0.000,AP
2026-05-15 08:09:23,1900-01-00 00:00:00,,60:E9:AA:1D:0F:F3,-21,,0.000000,0.000000,0.000,0.000,Client
2026-05-15 08:09:23,1900-01-00 00:00:00,dlink-615_EXT,40:86:CB:27:D2:0C,-21, WPA2 ,0.000000,0.000000,0.000,0.000,AP
2026-05-15 08:09:23,1900-01-00 00:00:00,,60:E9:AA:1D:0F:F3,-21,,0.000000,0.000000,0.000,0.000,Client
2026-05-15 08:09:23,1900-01-00 00:00:00,dlink-615_EXT,40:86:CB:27:D2:0C,-21, WPA2 ,0.000000,0.000000,0.000,0.000,AP
2026-05-15 08:09:23,1900-01-00 00:00:00,,60:E9:AA:1D:0F:F3,-21,,0.000000,0.000000,0.000,0.000,Client
2026-05-15 08:09:23,1900-01-00 00:00:00,dlink-615_EXT,40:86:CB:27:D2:0C,-21, WPA2 ,0.000000,0.000000,0.000,0.000,AP
2026-05-15 08:09:23,1900-01-00 00:00:00,,60:E9:AA:1D:0F:F3,-21,,0.000000,0.000000,0.000,0.000,Client
2026-05-15 08:09:23,1900-01-00 00:00:00,dlink-615_EXT,40:86:CB:27:D2:0C,-21, WPA2 ,0.000000,0.000000,0.000,0.000,AP
2026-05-15 08:09:23,1900-01-00 00:00:00,,60:E9:AA:1D:0F:F3,-21,,0.000000,0.000000,0.000,0.000,Client
2026-05-15 08:09:23,1900-01-00 00:00:00,dlink-615_EXT,40:86:CB:27:D2:0C,-21, WPA2 ,0.000000,0.000000,0.000,0.000,AP
2026-05-15 08:09:23,1900-01-00 00:00:00,,60:E9:AA:1D:0F:F3,-21,,0.000000,0.000000,0.000,0.000,Client
2026-05-15 08:09:23,1900-01-00 00:00:00,dlink-615_EXT,40:86:CB:27:D2:0C,-27, WPA2 ,0.000000,0.000000,0.000,0.000,AP
2026-05-15 08:09:23,1900-01-00 00:00:00,,60:E9:AA:1D:0F:F3,-27,,0.000000,0.000000,0.000,0.000,Client
2026-05-15 08:09:23,1900-01-00 00:00:00,dlink-615_EXT,40:86:CB:27:D2:0C,-27, WPA2 ,0.000000,0.000000,0.000,0.000,AP
2026-05-15 08:09:23,1900-01-00 00:00:00,,60:E9:AA:1D:0F:F3,-27,,0.000000,0.000000,0.000,0.000,Client
2026-05-15 08:09:23,1900-01-00 00:00:00,dlink-615_EXT,40:86:CB:27:D2:0C,-27, WPA2 ,0.000000,0.000000,0.000,0.000,AP
2026-05-15 08:09:23,1900-01-00 00:00:00,,60:E9:AA:1D:0F:F3,-27,,0.000000,0.000000,0.000,0.000,Client
2026-05-15 08:09:23,1900-01-00 00:00:00,dlink-615_EXT,40:86:CB:27:D2:0C,-27, WPA2 ,0.000000,0.000000,0.000,0.000,AP
2026-05-15 08:09:23,1900-01-00 00:00:00,,60:E9:AA:1D:0F:F3,-27,,0.000000,0.000000,0.000,0.000,Client
2026-05-15 08:09:23,1900-01-00 00:00:00,dlink-615_EXT,40:86:CB:27:D2:0C,-27, WPA2 ,0.000000,0.000000,0.000,0.000,AP
2026-05-15 08:09:23,1900-01-00 00:00:00,,60:E9:AA:1D:0F:F3,-27,,0.000000,0.000000,0.000,0.000,Client
2026-05-15 08:09:23,1900-01-00 00:00:00,dlink-615_EXT,40:86:CB:27:D2:0C,-27, WPA2 ,0.000000,0.000000,0.000,0.000,AP
2026-05-15 08:09:23,1900-01-00 00:00:00,,60:E9:AA:1D:0F:F3,-27,,0.000000,0.000000,0.000,0.000,Client
2026-05-15 08:09:23,1900-01-00 00:00:00,dlink-615_EXT,40:86:CB:27:D2:0C,-27, WPA2 ,0.000000,0.000000,0.000,0.000,AP
2026-05-15 08:09:23,1900-01-00 00:00:00,,60:E9:AA:1D:0F:F3,-27,,0.000000,0.000000,0.000,0.000,Client
2026-05-15 08:09:23,1900-01-00 00:00:00,dlink-615_EXT,40:86:CB:27:D2:0C,-27, WPA2 ,0.000000,0.000000,0.000,0.000,AP
2026-05-15 08:09:23,1900-01-00 00:00:00,,60:E9:AA:1D:0F:F3,-27,,0.000000,0.000000,0.000,0.000,Client
2026-05-15 08:09:23,1900-01-00 00:00:00,dlink-615_EXT,40:86:CB:27:D2:0C,-17, WPA2 ,0.000000,0.000000,0.000,0.000,AP
2026-05-15 08:09:23,1900-01-00 00:00:00,,60:E9:AA:1D:0F:F3,-29,,0.000000,0.000000,0.000,0.000,Client
2026-05-15 08:09:23,1900-01-00 00:00:00,dlink-615_EXT,40:86:CB:27:D2:0C,-29, WPA2 ,0.000000,0.000000,0.000,0.000,AP
2026-05-15 08:09:23,1900-01-00 00:00:00,,60:E9:AA:1D:0F:F3,-17,,0.000000,0.000000,0.000,0.000,Client
2026-05-15 08:09:23,1900-01-00 00:00:00,dlink-615_EXT,40:86:CB:27:D2:0C,-17, WPA2 ,0.000000,0.000000,0.000,0.000,AP
2026-05-15 08:09:23,1900-01-00 00:00:00,,60:E9:AA:1D:0F:F3,-15,,0.000000,0.000000,0.000,0.000,Client
2026-05-15 08:09:23,1900-01-00 00:00:00,dlink-615_EXT,40:86:CB:27:D2:0C,-19, WPA2 ,0.000000,0.000000,0.000,0.000,AP
2026-05-15 08:09:23,1900-01-00 00:00:00,,60:E9:AA:1D:0F:F3,-19,,0.000000,0.000000,0.000,0.000,Client
2026-05-15 08:09:23,1900-01-00 00:00:00,dlink-615_EXT,40:86:CB:27:D2:0C,-19, WPA2 ,0.000000,0.000000,0.000,0.000,AP
2026-05-15 08:09:23,1900-01-00 00:00:00,,60:E9:AA:1D:0F:F3,-19,,0.000000,0.000000,0.000,0.000,Client
2026-05-15 08:09:23,1900-01-00 00:00:00,dlink-615_EXT,40:86:CB:27:D2:0C,-15, WPA2 ,0.000000,0.000000,0.000,0.000,AP
2026-05-15 08:09:23,1900-01-00 00:00:00,,60:E9:AA:1D:0F:F3,-15,,0.000000,0.000000,0.000,0.000,Client
2026-05-15 08:09:23,1900-01-00 00:00:00,dlink-615_EXT,40:86:CB:27:D2:0C,-17, WPA2 ,0.000000,0.000000,0.000,0.000,AP
2026-05-15 08:09:23,1900-01-00 00:00:00,,60:E9:AA:1D:0F:F3,-17,,0.000000,0.000000,0.000,0.000,Client
2026-05-15 08:09:23,1900-01-00 00:00:00,dlink-615_EXT,40:86:CB:27:D2:0C,-17, WPA2 ,0.000000,0.000000,0.000,0.000,AP
2026-05-15 08:09:23,1900-01-00 00:00:00,,60:E9:AA:1D:0F:F3,-19,,0.000000,0.000000,0.000,0.000,Client
2026-05-15 08:09:23,1900-01-00 00:00:00,dlink-615_EXT,40:86:CB:27:D2:0C,-19, WPA2 ,0.000000,0.000000,0.000,0.000,AP
2026-05-15 08:09:23,1900-01-00 00:00:00,,60:E9:AA:1D:0F:F3,-17,,0.000000,0.000000,0.000,0.000,Client
2026-05-15 08:09:23,1900-01-00 00:00:00,dlink-615_EXT,40:86:CB:27:D2:0C,-15, WPA2 ,0.000000,0.000000,0.000,0.000,AP
2026-05-15 08:09:23,1900-01-00 00:00:00,,60:E9:AA:1D:0F:F3,-15,,0.000000,0.000000,0.000,0.000,Client
2026-05-15 08:09:23,1900-01-00 00:00:00,dlink-615_EXT,40:86:CB:27:D2:0C,-15, WPA2 ,0.000000,0.000000,0.000,0.000,AP
2026-05-15 08:09:23,1900-01-00 00:00:00,,60:E9:AA:1D:0F:F3,-17,,0.000000,0.000000,0.000,0.000,Client
2026-05-15 08:09:23,1900-01-00 00:00:00,dlink-615_EXT,40:86:CB:27:D2:0C,-17, WPA2 ,0.000000,0.000000,0.000,0.000,AP
2026-05-15 08:09:23,1900-01-00 00:00:00,,60:E9:AA:1D:0F:F3,-17,,0.000000,0.000000,0.000,0.000,Client
2026-05-15 08:09:23,1900-01-00 00:00:00,dlink-615_EXT,40:86:CB:27:D2:0C,-17, WPA2 ,0.000000,0.000000,0.000,0.000,AP
2026-05-15 08:09:23,1900-01-00 00:00:00,,60:E9:AA:1D:0F:F3,-17,,0.000000,0.000000,0.000,0.000,Client
2026-05-15 08:09:23,1900-01-00 00:00:00,dlink-615_EXT,40:86:CB:27:D2:0C,-17, WPA2 ,0.000000,0.000000,0.000,0.000,AP
2026-05-15 08:09:23,1900-01-00 00:00:00,,60:E9:AA:1D:0F:F3,-19,,0.000000,0.000000,0.000,0.000,Client
2026-05-15 08:09:23,1900-01-00 00:00:00,dlink-615_EXT,40:86:CB:27:D2:0C,-15, WPA2 ,0.000000,0.000000,0.000,0.000,AP
2026-05-15 08:09:23,1900-01-00 00:00:00,,60:E9:AA:1D:0F:F3,-15,,0.000000,0.000000,0.000,0.000,Client
2026-05-15 08:09:23,1900-01-00 00:00:00,dlink-615_EXT,40:86:CB:27:D2:0C,-17, WPA2 ,0.000000,0.000000,0.000,0.000,AP
2026-05-15 08:09:23,1900-01-00 00:00:00,,60:E9:AA:1D:0F:F3,-17,,0.000000,0.000000,0.000,0.000,Client
2026-05-15 08:09:23,1900-01-00 00:00:00,dlink-615_EXT,40:86:CB:27:D2:0C,-15, WPA2 ,0.000000,0.000000,0.000,0.000,AP
2026-05-15 08:09:23,1900-01-00 00:00:00,,60:E9:AA:1D:0F:F3,-15,,0.000000,0.000000,0.000,0.000,Client
2026-05-15 08:09:23,1900-01-00 00:00:00,dlink-615_EXT,40:86:CB:27:D2:0C,-17, WPA2 ,0.000000,0.000000,0.000,0.000,AP
2026-05-15 08:09:23,1900-01-00 00:00:00,,60:E9:AA:1D:0F:F3,-17,,0.000000,0.000000,0.000,0.000,Client
2026-05-15 08:09:23,1900-01-00 00:00:00,,60:E9:AA:1D:0F:F3,-29,,0.000000,0.000000,0.000,0.000,Client
2026-05-15 08:09:23,1900-01-00 00:00:00,dlink-615_EXT,40:86:CB:27:D2:0C,-19, WPA2 ,0.000000,0.000000,0.000,0.000,AP
2026-05-15 08:09:23,1900-01-00 00:00:00,,60:E9:AA:1D:0F:F3,-29,,0.000000,0.000000,0.000,0.000,Client
2026-05-15 08:09:23,1900-01-00 00:00:00,,60:E9:AA:1D:0F:F3,-29,,0.000000,0.000000,0.000,0.000,Client
2026-05-15 08:09:23,1900-01-00 00:00:00,dlink-615_EXT,40:86:CB:27:D2:0C,-15, WPA2 ,0.000000,0.000000,0.000,0.000,AP
2026-05-15 08:09:23,1900-01-00 00:00:00,dlink-615_EXT,40:86:CB:27:D2:0C,-19, WPA2 ,0.000000,0.000000,0.000,0.000,AP
2026-05-15 08:09:23,1900-01-00 00:00:00,,60:E9:AA:1D:0F:F3,-29,,0.000000,0.000000,0.000,0.000,Client
2026-05-15 08:09:23,1900-01-00 00:00:00,dlink-615_EXT,40:86:CB:27:D2:0C,-17, WPA2 ,0.000000,0.000000,0.000,0.000,AP
2026-05-15 08:09:23,1900-01-00 00:00:00,,60:E9:AA:1D:0F:F3,-29,,0.000000,0.000000,0.000,0.000,Client
2026-05-15 08:09:23,1900-01-00 00:00:00,dlink-615_EXT,40:86:CB:27:D2:0C,-59, WPA2 ,0.000000,0.000000,0.000,0.000,AP
2026-05-15 08:09:23,1900-01-00 00:00:00,dlink-615_EXT,40:86:CB:27:D2:0C,-59, WPA2 ,0.000000,0.000000,0.000,0.000,AP
2026-05-15 08:09:23,1900-01-00 00:00:00,dlink-615_EXT,40:86:CB:27:D2:0C,-63, WPA2 ,0.000000,0.000000,0.000,0.000,AP
2026-05-15 08:09:23,1900-01-00 00:00:00,,60:E9:AA:1D:0F:F3,-63,,0.000000,0.000000,0.000,0.000,Client
2026-05-15 08:09:23,1900-01-00 00:00:00,dlink-615_EXT,40:86:CB:27:D2:0C,-63, WPA2 ,0.000000,0.000000,0.000,0.000,AP
2026-05-15 08:09:23,1900-01-00 00:00:00,,60:E9:AA:1D:0F:F3,-63,,0.000000,0.000000,0.000,0.000,Client
2026-05-15 08:09:23,1900-01-00 00:00:00,dlink-615_EXT,40:86:CB:27:D2:0C,-63, WPA2 ,0.000000,0.000000,0.000,0.000,AP
2026-05-15 08:09:23,1900-01-00 00:00:00,,60:E9:AA:1D:0F:F3,-63,,0.000000,0.000000,0.000,0.000,Client
2026-05-15 08:09:23,1900-01-00 00:00:00,dlink-615_EXT,40:86:CB:27:D2:0C,-63, WPA2 ,0.000000,0.000000,0.000,0.000,AP
2026-05-15 08:09:23,1900-01-00 00:00:00,,60:E9:AA:1D:0F:F3,-63,,0.000000,0.000000,0.000,0.000,Client
2026-05-15 08:09:23,1900-01-00 00:00:00,dlink-615_EXT,40:86:CB:27:D2:0C,-63, WPA2 ,0.000000,0.000000,0.000,0.000,AP
2026-05-15 08:09:23,1900-01-00 00:00:00,,60:E9:AA:1D:0F:F3,-63,,0.000000,0.000000,0.000,0.000,Client
2026-05-15 08:09:23,1900-01-00 00:00:00,dlink-615_EXT,40:86:CB:27:D2:0C,-63, WPA2 ,0.000000,0.000000,0.000,0.000,AP
2026-05-15 08:09:23,1900-01-00 00:00:00,,60:E9:AA:1D:0F:F3,-63,,0.000000,0.000000,0.000,0.000,Client
2026-05-15 08:09:23,1900-01-00 00:00:00,dlink-615_EXT,40:86:CB:27:D2:0C,-63, WPA2 ,0.000000,0.000000,0.000,0.000,AP
2026-05-15 08:09:23,1900-01-00 00:00:00,,60:E9:AA:1D:0F:F3,-63,,0.000000,0.000000,0.000,0.000,Client
2026-05-15 08:09:23,1900-01-00 00:00:00,dlink-615_EXT,40:86:CB:27:D2:0C,-63, WPA2 ,0.000000,0.000000,0.000,0.000,AP
2026-05-15 08:09:23,1900-01-00 00:00:00,,60:E9:AA:1D:0F:F3,-63,,0.000000,0.000000,0.000,0.000,Client
2026-05-15 08:09:23,1900-01-00 00:00:00,dlink-615_EXT,40:86:CB:27:D2:0C,-63, WPA2 ,0.000000,0.000000,0.000,0.000,AP
2026-05-15 08:09:23,1900-01-00 00:00:00,,60:E9:AA:1D:0F:F3,-63,,0.000000,0.000000,0.000,0.000,Client
2026-05-15 08:09:23,1900-01-00 00:00:00,dlink-615_EXT,40:86:CB:27:D2:0C,-63, WPA2 ,0.000000,0.000000,0.000,0.000,AP
2026-05-15 08:09:23,1900-01-00 00:00:00,,60:E9:AA:1D:0F:F3,-63,,0.000000,0.000000,0.000,0.000,Client
2026-05-15 08:09:23,1900-01-00 00:00:00,dlink-615_EXT,40:86:CB:27:D2:0C,-63, WPA2 ,0.000000,0.000000,0.000,0.000,AP
2026-05-15 08:09:23,1900-01-00 00:00:00,,60:E9:AA:1D:0F:F3,-63,,0.000000,0.000000,0.000,0.000,Client
2026-05-15 08:09:23,1900-01-00 00:00:00,dlink-615_EXT,40:86:CB:27:D2:0C,-63, WPA2 ,0.000000,0.000000,0.000,0.000,AP
2026-05-15 08:09:23,1900-01-00 00:00:00,,60:E9:AA:1D:0F:F3,-63,,0.000000,0.000000,0.000,0.000,Client
2026-05-15 08:09:23,1900-01-00 00:00:00,dlink-615_EXT,40:86:CB:27:D2:0C,-63, WPA2 ,0.000000,0.000000,0.000,0.000,AP
2026-05-15 08:09:23,1900-01-00 00:00:00,,60:E9:AA:1D:0F:F3,-63,,0.000000,0.000000,0.000,0.000,Client
2026-05-15 08:09:23,1900-01-00 00:00:00,dlink-615_EXT,40:86:CB:27:D2:0C,-63, WPA2 ,0.000000,0.000000,0.000,0.000,AP
2026-05-15 08:09:23,1900-01-00 00:00:00,,60:E9:AA:1D:0F:F3,-63,,0.000000,0.000000,0.000,0.000,Client
2026-05-15 08:09:23,1900-01-00 00:00:00,dlink-615_EXT,40:86:CB:27:D2:0C,-63, WPA2 ,0.000000,0.000000,0.000,0.000,AP
2026-05-15 08:09:23,1900-01-00 00:00:00,,60:E9:AA:1D:0F:F3,-63,,0.000000,0.000000,0.000,0.000,Client
2026-05-15 08:09:23,1900-01-00 00:00:00,dlink-615_EXT,40:86:CB:27:D2:0C,-63, WPA2 ,0.000000,0.000000,0.000,0.000,AP
2026-05-15 08:09:23,1900-01-00 00:00:00,,60:E9:AA:1D:0F:F3,-63,,0.000000,0.000000,0.000,0.000,Client
2026-05-15 08:09:23,1900-01-00 00:00:00,dlink-615_EXT,40:86:CB:27:D2:0C,-63, WPA2 ,0.000000,0.000000,0.000,0.000,AP
2026-05-15 08:09:23,1900-01-00 00:00:00,,60:E9:AA:1D:0F:F3,-63,,0.000000,0.000000,0.000,0.000,Client
2026-05-15 08:09:23,1900-01-00 00:00:00,dlink-615_EXT,40:86:CB:27:D2:0C,-63, WPA2 ,0.000000,0.000000,0.000,0.000,AP
2026-05-15 08:09:23,1900-01-00 00:00:00,,60:E9:AA:1D:0F:F3,-63,,0.000000,0.000000,0.000,0.000,Client
2026-05-15 08:09:23,1900-01-00 00:00:00,dlink-615_EXT,40:86:CB:27:D2:0C,-63, WPA2 ,0.000000,0.000000,0.000,0.000,AP
2026-05-15 08:09:23,1900-01-00 00:00:00,,60:E9:AA:1D:0F:F3,-63,,0.000000,0.000000,0.000,0.000,Client
2026-05-15 08:09:23,1900-01-00 00:00:00,dlink-615_EXT,40:86:CB:27:D2:0C,-63, WPA2 ,0.000000,0.000000,0.000,0.000,AP
2026-05-15 08:09:23,1900-01-00 00:00:00,,60:E9:AA:1D:0F:F3,-63,,0.000000,0.000000,0.000,0.000,Client
2026-05-15 08:09:23,1900-01-00 00:00:00,dlink-615_EXT,40:86:CB:27:D2:0C,-63, WPA2 ,0.000000,0.000000,0.000,0.000,AP
2026-05-15 08:09:23,1900-01-00 00:00:00,,60:E9:AA:1D:0F:F3,-63,,0.000000,0.000000,0.000,0.000,Client
2026-05-15 08:09:23,1900-01-00 00:00:00,dlink-615_EXT,40:86:CB:27:D2:0C,-63, WPA2 ,0.000000,0.000000,0.000,0.000,AP
2026-05-15 08:09:23,1900-01-00 00:00:00,,60:E9:AA:1D:0F:F3,-63,,0.000000,0.000000,0.000,0.000,Client
2026-05-15 08:09:24,1900-01-00 00:00:00,dlink-615_EXT,40:86:CB:27:D2:0C,-63, WPA2 ,0.000000,0.000000,0.000,0.000,AP
2026-05-15 08:09:24,1900-01-00 00:00:00,,60:E9:AA:1D:0F:F3,-63,,0.000000,0.000000,0.000,0.000,Client
2026-05-15 08:09:24,1900-01-00 00:00:00,dlink-615_EXT,40:86:CB:27:D2:0C,-63, WPA2 ,0.000000,0.000000,0.000,0.000,AP
2026-05-15 08:09:24,1900-01-00 00:00:00,,60:E9:AA:1D:0F:F3,-63,,0.000000,0.000000,0.000,0.000,Client
2026-05-15 08:09:24,1900-01-00 00:00:00,dlink-615_EXT,40:86:CB:27:D2:0C,-63, WPA2 ,0.000000,0.000000,0.000,0.000,AP
2026-05-15 08:09:24,1900-01-00 00:00:00,,60:E9:AA:1D:0F:F3,-63,,0.000000,0.000000,0.000,0.000,Client
2026-05-15 08:09:24,1900-01-00 00:00:00,dlink-615_EXT,40:86:CB:27:D2:0C,-63, WPA2 ,0.000000,0.000000,0.000,0.000,AP
2026-05-15 08:09:24,1900-01-00 00:00:00,,60:E9:AA:1D:0F:F3,-63,,0.000000,0.000000,0.000,0.000,Client
2026-05-15 08:09:24,1900-01-00 00:00:00,dlink-615_EXT,40:86:CB:27:D2:0C,-63, WPA2 ,0.000000,0.000000,0.000,0.000,AP
2026-05-15 08:09:24,1900-01-00 00:00:00,,60:E9:AA:1D:0F:F3,-69,,0.000000,0.000000,0.000,0.000,Client
2026-05-15 08:09:24,1900-01-00 00:00:00,dlink-615_EXT,40:86:CB:27:D2:0C,-69, WPA2 ,0.000000,0.000000,0.000,0.000,AP
2026-05-15 08:09:24,1900-01-00 00:00:00,,60:E9:AA:1D:0F:F3,-69,,0.000000,0.000000,0.000,0.000,Client
2026-05-15 08:09:24,1900-01-00 00:00:00,dlink-615_EXT,40:86:CB:27:D2:0C,-69, WPA2 ,0.000000,0.000000,0.000,0.000,AP
2026-05-15 08:09:24,1900-01-00 00:00:00,,60:E9:AA:1D:0F:F3,-69,,0.000000,0.000000,0.000,0.000,Client
2026-05-15 08:09:24,1900-01-00 00:00:00,dlink-615_EXT,40:86:CB:27:D2:0C,-69, WPA2 ,0.000000,0.000000,0.000,0.000,AP
2026-05-15 08:09:24,1900-01-00 00:00:00,,60:E9:AA:1D:0F:F3,-69,,0.000000,0.000000,0.000,0.000,Client
2026-05-15 08:09:24,1900-01-00 00:00:00,dlink-615_EXT,40:86:CB:27:D2:0C,-69, WPA2 ,0.000000,0.000000,0.000,0.000,AP
2026-05-15 08:09:24,1900-01-00 00:00:00,,60:E9:AA:1D:0F:F3,-69,,0.000000,0.000000,0.000,0.000,Client
2026-05-15 08:09:24,1900-01-00 00:00:00,dlink-615_EXT,40:86:CB:27:D2:0C,-31, WPA2 ,0.000000,0.000000,0.000,0.000,AP
2026-05-15 08:09:24,1900-01-00 00:00:00,,60:E9:AA:1D:0F:F3,-31,,0.000000,0.000000,0.000,0.000,Client
2026-05-15 08:09:24,1900-01-00 00:00:00,dlink-615_EXT,40:86:CB:27:D2:0C,-31, WPA2 ,0.000000,0.000000,0.000,0.000,AP
2026-05-15 08:09:24,1900-01-00 00:00:00,,60:E9:AA:1D:0F:F3,-31,,0.000000,0.000000,0.000,0.000,Client
2026-05-15 08:09:24,1900-01-00 00:00:00,dlink-615_EXT,40:86:CB:27:D2:0C,-31, WPA2 ,0.000000,0.000000,0.000,0.000,AP
2026-05-15 08:09:24,1900-01-00 00:00:00,,60:E9:AA:1D:0F:F3,-31,,0.000000,0.000000,0.000,0.000,Client
2026-05-15 08:09:24,1900-01-00 00:00:00,dlink-615_EXT,40:86:CB:27:D2:0C,-31, WPA2 ,0.000000,0.000000,0.000,0.000,AP
2026-05-15 08:09:24,1900-01-00 00:00:00,,60:E9:AA:1D:0F:F3,-31,,0.000000,0.000000,0.000,0.000,Client
2026-05-15 08:09:24,1900-01-00 00:00:00,dlink-615_EXT,40:86:CB:27:D2:0C,-31, WPA2 ,0.000000,0.000000,0.000,0.000,AP
2026-05-15 08:09:24,1900-01-00 00:00:00,,60:E9:AA:1D:0F:F3,-31,,0.000000,0.000000,0.000,0.000,Client
2026-05-15 08:09:24,1900-01-00 00:00:00,dlink-615_EXT,40:86:CB:27:D2:0C,-19, WPA2 ,0.000000,0.000000,0.000,0.000,AP
2026-05-15 08:09:24,1900-01-00 00:00:00,,60:E9:AA:1D:0F:F3,-25,,0.000000,0.000000,0.000,0.000,Client
2026-05-15 08:09:24,1900-01-00 00:00:00,dlink-615_EXT,40:86:CB:27:D2:0C,-15, WPA2 ,0.000000,0.000000,0.000,0.000,AP
2026-05-15 08:09:24,1900-01-00 00:00:00,,60:E9:AA:1D:0F:F3,-15,,0.000000,0.000000,0.000,0.000,Client
2026-05-15 08:09:24,1900-01-00 00:00:00,dlink-615_EXT,40:86:CB:27:D2:0C,-15, WPA2 ,0.000000,0.000000,0.000,0.000,AP
2026-05-15 08:09:24,1900-01-00 00:00:00,,60:E9:AA:1D:0F:F3,-15,,0.000000,0.000000,0.000,0.000,Client
2026-05-15 08:09:24,1900-01-00 00:00:00,dlink-615_EXT,40:86:CB:27:D2:0C,-17, WPA2 ,0.000000,0.000000,0.000,0.000,AP
2026-05-15 08:09:24,1900-01-00 00:00:00,,60:E9:AA:1D:0F:F3,-17,,0.000000,0.000000,0.000,0.000,Client
2026-05-15 08:09:24,1900-01-00 00:00:00,dlink-615_EXT,40:86:CB:27:D2:0C,-19, WPA2 ,0.000000,0.000000,0.000,0.000,AP
2026-05-15 08:09:24,1900-01-00 00:00:00,,60:E9:AA:1D:0F:F3,-19,,0.000000,0.000000,0.000,0.000,Client
2026-05-15 08:09:24,1900-01-00 00:00:00,dlink-615_EXT,40:86:CB:27:D2:0C,-17, WPA2 ,0.000000,0.000000,0.000,0.000,AP
2026-05-15 08:09:24,1900-01-00 00:00:00,,60:E9:AA:1D:0F:F3,-17,,0.000000,0.000000,0.000,0.000,Client
2026-05-15 08:09:24,1900-01-00 00:00:00,dlink-615_EXT,40:86:CB:27:D2:0C,-17, WPA2 ,0.000000,0.000000,0.000,0.000,AP
2026-05-15 08:09:24,1900-01-00 00:00:00,dlink-615_EXT,40:86:CB:27:D2:0C,-19, WPA2 ,0.000000,0.000000,0.000,0.000,AP
2026-05-15 08:09:24,1900-01-00 00:00:00,,60:E9:AA:1D:0F:F3,-19,,0.000000,0.000000,0.000,0.000,Client
2026-05-15 08:09:24,1900-01-00 00:00:00,dlink-615_EXT,40:86:CB:27:D2:0C,-19, WPA2 ,0.000000,0.000000,0.000,0.000,AP
2026-05-15 08:09:24,1900-01-00 00:00:00,,60:E9:AA:1D:0F:F3,-19,,0.000000,0.000000,0.000,0.000,Client
2026-05-15 08:09:24,1900-01-00 00:00:00,dlink-615_EXT,40:86:CB:27:D2:0C,-15, WPA2 ,0.000000,0.000000,0.000,0.000,AP
2026-05-15 08:09:24,1900-01-00 00:00:00,,60:E9:AA:1D:0F:F3,-17,,0.000000,0.000000,0.000,0.000,Client
2026-05-15 08:09:24,1900-01-00 00:00:00,dlink-615_EXT,40:86:CB:27:D2:0C,-19, WPA2 ,0.000000,0.000000,0.000,0.000,AP
2026-05-15 08:09:24,1900-01-00 00:00:00,,60:E9:AA:1D:0F:F3,-19,,0.000000,0.000000,0.000,0.000,Client
2026-05-15 08:09:24,1900-01-00 00:00:00,dlink-615_EXT,40:86:CB:27:D2:0C,-19, WPA2 ,0.000000,0.000000,0.000,0.000,AP
2026-05-15 08:09:24,1900-01-00 00:00:00,,60:E9:AA:1D:0F:F3,-19,,0.000000,0.000000,0.000,0.000,Client
2026-05-15 08:09:24,1900-01-00 00:00:00,dlink-615_EXT,40:86:CB:27:D2:0C,-17, WPA2 ,0.000000,0.000000,0.000,0.000,AP
2026-05-15 08:09:24,1900-01-00 00:00:00,,60:E9:AA:1D:0F:F3,-17,,0.000000,0.000000,0.000,0.000,Client
2026-05-15 08:09:24,1900-01-00 00:00:00,dlink-615_EXT,40:86:CB:27:D2:0C,-17, WPA2 ,0.000000,0.000000,0.000,0.000,AP
2026-05-15 08:09:24,1900-01-00 00:00:00,,60:E9:AA:1D:0F:F3,-17,,0.000000,0.000000,0.000,0.000,Client
2026-05-15 08:09:24,1900-01-00 00:00:00,dlink-615_EXT,40:86:CB:27:D2:0C,-17, WPA2 ,0.000000,0.000000,0.000,0.000,AP
2026-05-15 08:09:24,1900-01-00 00:00:00,,60:E9:AA:1D:0F:F3,-17,,0.000000,0.000000,0.000,0.000,Client
2026-05-15 08:09:24,1900-01-00 00:00:00,dlink-615_EXT,40:86:CB:27:D2:0C,-17, WPA2 ,0.000000,0.000000,0.000,0.000,AP
2026-05-15 08:09:24,1900-01-00 00:00:00,,60:E9:AA:1D:0F:F3,-17,,0.000000,0.000000,0.000,0.000,Client
2026-05-15 08:09:24,1900-01-00 00:00:00,dlink-615_EXT,40:86:CB:27:D2:0C,-17, WPA2 ,0.000000,0.000000,0.000,0.000,AP
2026-05-15 08:09:24,1900-01-00 00:00:00,,60:E9:AA:1D:0F:F3,-17,,0.000000,0.000000,0.000,0.000,Client
2026-05-15 08:09:24,1900-01-00 00:00:00,dlink-615_EXT,40:86:CB:27:D2:0C,-17, WPA2 ,0.000000,0.000000,0.000,0.000,AP
2026-05-15 08:09:24,1900-01-00 00:00:00,,60:E9:AA:1D:0F:F3,-17,,0.000000,0.000000,0.000,0.000,Client
2026-05-15 08:09:24,1900-01-00 00:00:00,dlink-615_EXT,40:86:CB:27:D2:0C,-17, WPA2 ,0.000000,0.000000,0.000,0.000,AP
2026-05-15 08:09:24,1900-01-00 00:00:00,,60:E9:AA:1D:0F:F3,-17,,0.000000,0.000000,0.000,0.000,Client
2026-05-15 08:09:24,1900-01-00 00:00:00,dlink-615_EXT,40:86:CB:27:D2:0C,-17, WPA2 ,0.000000,0.000000,0.000,0.000,AP
2026-05-15 08:09:24,1900-01-00 00:00:00,,60:E9:AA:1D:0F:F3,-17,,0.000000,0.000000,0.000,0.000,Client
2026-05-15 08:09:24,1900-01-00 00:00:00,dlink-615_EXT,40:86:CB:27:D2:0C,-17, WPA2 ,0.000000,0.000000,0.000,0.000,AP
2026-05-15 08:09:24,1900-01-00 00:00:00,,60:E9:AA:1D:0F:F3,-17,,0.000000,0.000000,0.000,0.000,Client
2026-05-15 08:09:24,1900-01-00 00:00:00,dlink-615_EXT,40:86:CB:27:D2:0C,-17, WPA2 ,0.000000,0.000000,0.000,0.000,AP
2026-05-15 08:09:24,1900-01-00 00:00:00,,60:E9:AA:1D:0F:F3,-17,,0.000000,0.000000,0.000,0.000,Client
2026-05-15 08:09:24,1900-01-00 00:00:00,dlink-615_EXT,40:86:CB:27:D2:0C,-17, WPA2 ,0.000000,0.000000,0.000,0.000,AP
2026-05-15 08:09:24,1900-01-00 00:00:00,,60:E9:AA:1D:0F:F3,-27,,0.000000,0.000000,0.000,0.000,Client
2026-05-15 08:09:24,1900-01-00 00:00:00,dlink-615_EXT,40:86:CB:27:D2:0C,-19, WPA2 ,0.000000,0.000000,0.000,0.000,AP
2026-05-15 08:09:24,1900-01-00 00:00:00,dlink-615_EXT,40:86:CB:27:D2:0C,-25, WPA2 ,0.000000,0.000000,0.000,0.000,AP
2026-05-15 08:09:24,1900-01-00 00:00:00,,60:E9:AA:1D:0F:F3,-25,,0.000000,0.000000,0.000,0.000,Client
2026-05-15 08:09:24,1900-01-00 00:00:00,dlink-615_EXT,40:86:CB:27:D2:0C,-25, WPA2 ,0.000000,0.000000,0.000,0.000,AP
2026-05-15 08:09:24,1900-01-00 00:00:00,,60:E9:AA:1D:0F:F3,-25,,0.000000,0.000000,0.000,0.000,Client
2026-05-15 08:09:24,1900-01-00 00:00:00,dlink-615_EXT,40:86:CB:27:D2:0C,-17, WPA2 ,0.000000,0.000000,0.000,0.000,AP
2026-05-15 08:09:24,1900-01-00 00:00:00,dlink-615_EXT,40:86:CB:27:D2:0C,-19, WPA2 ,0.000000,0.000000,0.000,0.000,AP
2026-05-15 08:09:24,1900-01-00 00:00:00,,60:E9:AA:1D:0F:F3,-19,,0.000000,0.000000,0.000,0.000,Client
2026-05-15 08:09:24,1900-01-00 00:00:00,dlink-615_EXT,40:86:CB:27:D2:0C,-17, WPA2 ,0.000000,0.000000,0.000,0.000,AP
2026-05-15 08:09:24,1900-01-00 00:00:00,,60:E9:AA:1D:0F:F3,-17,,0.000000,0.000000,0.000,0.000,Client
2026-05-15 08:09:24,1900-01-00 00:00:00,dlink-615_EXT,40:86:CB:27:D2:0C,-17, WPA2 ,0.000000,0.000000,0.000,0.000,AP
2026-05-15 08:09:24,1900-01-00 00:00:00,,60:E9:AA:1D:0F:F3,-17,,0.000000,0.000000,0.000,0.000,Client
2026-05-15 08:09:24,1900-01-00 00:00:00,dlink-615_EXT,40:86:CB:27:D2:0C,-19, WPA2 ,0.000000,0.000000,0.000,0.000,AP
2026-05-15 08:09:24,1900-01-00 00:00:00,,60:E9:AA:1D:0F:F3,-19,,0.000000,0.000000,0.000,0.000,Client
2026-05-15 08:09:24,1900-01-00 00:00:00,dlink-615_EXT,40:86:CB:27:D2:0C,-19, WPA2 ,0.000000,0.000000,0.000,0.000,AP
2026-05-15 08:09:24,1900-01-00 00:00:00,,60:E9:AA:1D:0F:F3,-19,,0.000000,0.000000,0.000,0.000,Client
2026-05-15 08:09:24,1900-01-00 00:00:00,dlink-615_EXT,40:86:CB:27:D2:0C,-59, WPA2 ,0.000000,0.000000,0.000,0.000,AP
2026-05-15 08:09:24,1900-01-00 00:00:00,dlink-615_EXT,40:86:CB:27:D2:0C,-59, WPA2 ,0.000000,0.000000,0.000,0.000,AP
2026-05-15 08:09:24,1900-01-00 00:00:00,,60:E9:AA:1D:0F:F3,-59,,0.000000,0.000000,0.000,0.000,Client
2026-05-15 08:09:24,1900-01-00 00:00:00,dlink-615_EXT,40:86:CB:27:D2:0C,-59, WPA2 ,0.000000,0.000000,0.000,0.000,AP
2026-05-15 08:09:24,1900-01-00 00:00:00,,60:E9:AA:1D:0F:F3,-59,,0.000000,0.000000,0.000,0.000,Client
2026-05-15 08:09:24,1900-01-00 00:00:00,dlink-615_EXT,40:86:CB:27:D2:0C,-59, WPA2 ,0.000000,0.000000,0.000,0.000,AP
2026-05-15 08:09:24,1900-01-00 00:00:00,,60:E9:AA:1D:0F:F3,-59,,0.000000,0.000000,0.000,0.000,Client
2026-05-15 08:09:24,1900-01-00 00:00:00,dlink-615_EXT,40:86:CB:27:D2:0C,-59, WPA2 ,0.000000,0.000000,0.000,0.000,AP
2026-05-15 08:09:24,1900-01-00 00:00:00,,60:E9:AA:1D:0F:F3,-59,,0.000000,0.000000,0.000,0.000,Client
2026-05-15 08:09:24,1900-01-00 00:00:00,dlink-615_EXT,40:86:CB:27:D2:0C,-59, WPA2 ,0.000000,0.000000,0.000,0.000,AP
2026-05-15 08:09:24,1900-01-00 00:00:00,,60:E9:AA:1D:0F:F3,-59,,0.000000,0.000000,0.000,0.000,Client
2026-05-15 08:09:24,1900-01-00 00:00:00,dlink-615_EXT,40:86:CB:27:D2:0C,-59, WPA2 ,0.000000,0.000000,0.000,0.000,AP
2026-05-15 08:09:24,1900-01-00 00:00:00,,60:E9:AA:1D:0F:F3,-59,,0.000000,0.000000,0.000,0.000,Client
2026-05-15 08:09:24,1900-01-00 00:00:00,dlink-615_EXT,40:86:CB:27:D2:0C,-59, WPA2 ,0.000000,0.000000,0.000,0.000,AP
2026-05-15 08:09:24,1900-01-00 00:00:00,dlink-615_EXT,40:86:CB:27:D2:0C,-59, WPA2 ,0.000000,0.000000,0.000,0.000,AP
2026-05-15 08:09:24,1900-01-00 00:00:00,dlink-615_EXT,40:86:CB:27:D2:0C,-61, WPA2 ,0.000000,0.000000,0.000,0.000,AP
2026-05-15 08:09:24,1900-01-00 00:00:00,,60:E9:AA:1D:0F:F3,-61,,0.000000,0.000000,0.000,0.000,Client
2026-05-15 08:09:24,1900-01-00 00:00:00,dlink-615_EXT,40:86:CB:27:D2:0C,-61, WPA2 ,0.000000,0.000000,0.000,0.000,AP
2026-05-15 08:09:24,1900-01-00 00:00:00,,60:E9:AA:1D:0F:F3,-61,,0.000000,0.000000,0.000,0.000,Client
2026-05-15 08:09:24,1900-01-00 00:00:00,dlink-615_EXT,40:86:CB:27:D2:0C,-61, WPA2 ,0.000000,0.000000,0.000,0.000,AP
2026-05-15 08:09:24,1900-01-00 00:00:00,,60:E9:AA:1D:0F:F3,-61,,0.000000,0.000000,0.000,0.000,Client
2026-05-15 08:09:24,1900-01-00 00:00:00,dlink-615_EXT,40:86:CB:27:D2:0C,-61, WPA2 ,0.000000,0.000000,0.000,0.000,AP
2026-05-15 08:09:24,1900-01-00 00:00:00,dlink-615_EXT,40:86:CB:27:D2:0C,-61, WPA2 ,0.000000,0.000000,0.000,0.000,AP
2026-05-15 08:09:24,1900-01-00 00:00:00,,60:E9:AA:1D:0F:F3,-61,,0.000000,0.000000,0.000,0.000,Client
2026-05-15 08:09:24,1900-01-00 00:00:00,dlink-615_EXT,40:86:CB:27:D2:0C,-61, WPA2 ,0.000000,0.000000,0.000,0.000,AP
2026-05-15 08:09:24,1900-01-00 00:00:00,,60:E9:AA:1D:0F:F3,-61,,0.000000,0.000000,0.000,0.000,Client
2026-05-15 08:09:24,1900-01-00 00:00:00,dlink-615_EXT,40:86:CB:27:D2:0C,-61, WPA2 ,0.000000,0.000000,0.000,0.000,AP
2026-05-15 08:09:24,1900-01-00 00:00:00,,60:E9:AA:1D:0F:F3,-61,,0.000000,0.000000,0.000,0.000,Client
2026-05-15 08:09:24,1900-01-00 00:00:00,dlink-615_EXT,40:86:CB:27:D2:0C,-61, WPA2 ,0.000000,0.000000,0.000,0.000,AP
2026-05-15 08:09:24,1900-01-00 00:00:00,,60:E9:AA:1D:0F:F3,-61,,0.000000,0.000000,0.000,0.000,Client
2026-05-15 08:09:24,1900-01-00 00:00:00,dlink-615_EXT,40:86:CB:27:D2:0C,-61, WPA2 ,0.000000,0.000000,0.000,0.000,AP
2026-05-15 08:09:24,1900-01-00 00:00:00,,60:E9:AA:1D:0F:F3,-61,,0.000000,0.000000,0.000,0.000,Client
2026-05-15 08:09:24,1900-01-00 00:00:00,dlink-615_EXT,40:86:CB:27:D2:0C,-61, WPA2 ,0.000000,0.000000,0.000,0.000,AP
2026-05-15 08:09:24,1900-01-00 00:00:00,,60:E9:AA:1D:0F:F3,-61,,0.000000,0.000000,0.000,0.000,Client
2026-05-15 08:09:24,1900-01-00 00:00:00,dlink-615_EXT,40:86:CB:27:D2:0C,-55, WPA2 ,0.000000,0.000000,0.000,0.000,AP
2026-05-15 08:09:24,1900-01-00 00:00:00,dlink-615_EXT,40:86:CB:27:D2:0C,-55, WPA2 ,0.000000,0.000000,0.000,0.000,AP
2026-05-15 08:09:24,1900-01-00 00:00:00,,60:E9:AA:1D:0F:F3,-55,,0.000000,0.000000,0.000,0.000,Client
2026-05-15 08:09:24,1900-01-00 00:00:00,dlink-615_EXT,40:86:CB:27:D2:0C,-55, WPA2 ,0.000000,0.000000,0.000,0.000,AP
2026-05-15 08:09:24,1900-01-00 00:00:00,,60:E9:AA:1D:0F:F3,-55,,0.000000,0.000000,0.000,0.000,Client
2026-05-15 08:09:24,1900-01-00 00:00:00,dlink-615_EXT,40:86:CB:27:D2:0C,-55, WPA2 ,0.000000,0.000000,0.000,0.000,AP
2026-05-15 08:09:24,1900-01-00 00:00:00,,60:E9:AA:1D:0F:F3,-55,,0.000000,0.000000,0.000,0.000,Client
2026-05-15 08:09:24,1900-01-00 00:00:00,dlink-615_EXT,40:86:CB:27:D2:0C,-55, WPA2 ,0.000000,0.000000,0.000,0.000,AP
2026-05-15 08:09:24,1900-01-00 00:00:00,,60:E9:AA:1D:0F:F3,-55,,0.000000,0.000000,0.000,0.000,Client
2026-05-15 08:09:24,1900-01-00 00:00:00,dlink-615_EXT,40:86:CB:27:D2:0C,-55, WPA2 ,0.000000,0.000000,0.000,0.000,AP
2026-05-15 08:09:24,1900-01-00 00:00:00,,60:E9:AA:1D:0F:F3,-55,,0.000000,0.000000,0.000,0.000,Client
2026-05-15 08:09:24,1900-01-00 00:00:00,dlink-615_EXT,40:86:CB:27:D2:0C,-55, WPA2 ,0.000000,0.000000,0.000,0.000,AP
2026-05-15 08:09:24,1900-01-00 00:00:00,,60:E9:AA:1D:0F:F3,-55,,0.000000,0.000000,0.000,0.000,Client
2026-05-15 08:09:24,1900-01-00 00:00:00,dlink-615_EXT,40:86:CB:27:D2:0C,-55, WPA2 ,0.000000,0.000000,0.000,0.000,AP
2026-05-15 08:09:24,1900-01-00 00:00:00,,60:E9:AA:1D:0F:F3,-55,,0.000000,0.000000,0.000,0.000,Client
2026-05-15 08:09:24,1900-01-00 00:00:00,dlink-615_EXT,40:86:CB:27:D2:0C,-55, WPA2 ,0.000000,0.000000,0.000,0.000,AP
2026-05-15 08:09:24,1900-01-00 00:00:00,,60:E9:AA:1D:0F:F3,-55,,0.000000,0.000000,0.000,0.000,Client
2026-05-15 08:09:24,1900-01-00 00:00:00,dlink-615_EXT,40:86:CB:27:D2:0C,-55, WPA2 ,0.000000,0.000000,0.000,0.000,AP
2026-05-15 08:09:24,1900-01-00 00:00:00,,60:E9:AA:1D:0F:F3,-55,,0.000000,0.000000,0.000,0.000,Client
2026-05-15 08:09:24,1900-01-00 00:00:00,dlink-615_EXT,40:86:CB:27:D2:0C,-55, WPA2 ,0.000000,0.000000,0.000,0.000,AP
2026-05-15 08:09:24,1900-01-00 00:00:00,,60:E9:AA:1D:0F:F3,-55,,0.000000,0.000000,0.000,0.000,Client
2026-05-15 08:09:24,1900-01-00 00:00:00,dlink-615_EXT,40:86:CB:27:D2:0C,-17, WPA2 ,0.000000,0.000000,0.000,0.000,AP
2026-05-15 08:09:24,1900-01-00 00:00:00,,60:E9:AA:1D:0F:F3,-17,,0.000000,0.000000,0.000,0.000,Client
2026-05-15 08:09:24,1900-01-00 00:00:00,dlink-615_EXT,40:86:CB:27:D2:0C,-17, WPA2 ,0.000000,0.000000,0.000,0.000,AP
2026-05-15 08:09:24,1900-01-00 00:00:00,,60:E9:AA:1D:0F:F3,-15,,0.000000,0.000000,0.000,0.000,Client
2026-05-15 08:09:24,1900-01-00 00:00:00,dlink-615_EXT,40:86:CB:27:D2:0C,-15, WPA2 ,0.000000,0.000000,0.000,0.000,AP
2026-05-15 08:09:24,1900-01-00 00:00:00,,60:E9:AA:1D:0F:F3,-15,,0.000000,0.000000,0.000,0.000,Client
2026-05-15 08:09:24,1900-01-00 00:00:00,dlink-615_EXT,40:86:CB:27:D2:0C,-19, WPA2 ,0.000000,0.000000,0.000,0.000,AP
2026-05-15 08:09:24,1900-01-00 00:00:00,,60:E9:AA:1D:0F:F3,-25,,0.000000,0.000000,0.000,0.000,Client
2026-05-15 08:09:24,1900-01-00 00:00:00,,60:E9:AA:1D:0F:F3,-17,,0.000000,0.000000,0.000,0.000,Client
2026-05-15 08:09:24,1900-01-00 00:00:00,dlink-615_EXT,40:86:CB:27:D2:0C,-17, WPA2 ,0.000000,0.000000,0.000,0.000,AP
2026-05-15 08:09:24,1900-01-00 00:00:00,,60:E9:AA:1D:0F:F3,-25,,0.000000,0.000000,0.000,0.000,Client
2026-05-15 08:09:24,1900-01-00 00:00:00,dlink-615_EXT,40:86:CB:27:D2:0C,-17, WPA2 ,0.000000,0.000000,0.000,0.000,AP
2026-05-15 08:09:24,1900-01-00 00:00:00,dlink-615_EXT,40:86:CB:27:D2:0C,-25, WPA2 ,0.000000,0.000000,0.000,0.000,AP
2026-05-15 08:09:24,1900-01-00 00:00:00,,60:E9:AA:1D:0F:F3,-25,,0.000000,0.000000,0.000,0.000,Client
2026-05-15 08:09:24,1900-01-00 00:00:00,dlink-615_EXT,40:86:CB:27:D2:0C,-17, WPA2 ,0.000000,0.000000,0.000,0.000,AP
2026-05-15 08:09:24,1900-01-00 00:00:00,dlink-615_EXT,40:86:CB:27:D2:0C,-25, WPA2 ,0.000000,0.000000,0.000,0.000,AP
2026-05-15 08:09:24,1900-01-00 00:00:00,dlink-615_EXT,40:86:CB:27:D2:0C,-15, WPA2 ,0.000000,0.000000,0.000,0.000,AP
2026-05-15 08:09:24,1900-01-00 00:00:00,,60:E9:AA:1D:0F:F3,-25,,0.000000,0.000000,0.000,0.000,Client
2026-05-15 08:09:24,1900-01-00 00:00:00,dlink-615_EXT,40:86:CB:27:D2:0C,-25, WPA2 ,0.000000,0.000000,0.000,0.000,AP
2026-05-15 08:09:24,1900-01-00 00:00:00,,60:E9:AA:1D:0F:F3,-25,,0.000000,0.000000,0.000,0.000,Client
2026-05-15 08:09:24,1900-01-00 00:00:00,,60:E9:AA:1D:0F:F3,-25,,0.000000,0.000000,0.000,0.000,Client
2026-05-15 08:09:24,1900-01-00 00:00:00,dlink-615_EXT,40:86:CB:27:D2:0C,-17, WPA2 ,0.000000,0.000000,0.000,0.000,AP
2026-05-15 08:09:24,1900-01-00 00:00:00,dlink-615_EXT,40:86:CB:27:D2:0C,-17, WPA2 ,0.000000,0.000000,0.000,0.000,AP
2026-05-15 08:09:24,1900-01-00 00:00:00,,60:E9:AA:1D:0F:F3,-17,,0.000000,0.000000,0.000,0.000,Client
2026-05-15 08:09:24,1900-01-00 00:00:00,dlink-615_EXT,40:86:CB:27:D2:0C,-17, WPA2 ,0.000000,0.000000,0.000,0.000,AP
2026-05-15 08:09:24,1900-01-00 00:00:00,,60:E9:AA:1D:0F:F3,-17,,0.000000,0.000000,0.000,0.000,Client
2026-05-15 08:09:24,1900-01-00 00:00:00,dlink-615_EXT,40:86:CB:27:D2:0C,-17, WPA2 ,0.000000,0.000000,0.000,0.000,AP
2026-05-15 08:09:24,1900-01-00 00:00:00,,60:E9:AA:1D:0F:F3,-17,,0.000000,0.000000,0.000,0.000,Client
2026-05-15 08:09:24,1900-01-00 00:00:00,dlink-615_EXT,40:86:CB:27:D2:0C,-17, WPA2 ,0.000000,0.000000,0.000,0.000,AP
2026-05-15 08:09:24,1900-01-00 00:00:00,,60:E9:AA:1D:0F:F3,-17,,0.000000,0.000000,0.000,0.000,Client
2026-05-15 08:09:24,1900-01-00 00:00:00,dlink-615_EXT,40:86:CB:27:D2:0C,-17, WPA2 ,0.000000,0.000000,0.000,0.000,AP
2026-05-15 08:09:24,1900-01-00 00:00:00,,60:E9:AA:1D:0F:F3,-17,,0.000000,0.000000,0.000,0.000,Client
2026-05-15 08:09:24,1900-01-00 00:00:00,dlink-615_EXT,40:86:CB:27:D2:0C,-17, WPA2 ,0.000000,0.000000,0.000,0.000,AP
2026-05-15 08:09:24,1900-01-00 00:00:00,,60:E9:AA:1D:0F:F3,-17,,0.000000,0.000000,0.000,0.000,Client
2026-05-15 08:09:24,1900-01-00 00:00:00,dlink-615_EXT,40:86:CB:27:D2:0C,-17, WPA2 ,0.000000,0.000000,0.000,0.000,AP
2026-05-15 08:09:24,1900-01-00 00:00:00,,60:E9:AA:1D:0F:F3,-17,,0.000000,0.000000,0.000,0.000,Client
2026-05-15 08:09:24,1900-01-00 00:00:00,dlink-615_EXT,40:86:CB:27:D2:0C,-17, WPA2 ,0.000000,0.000000,0.000,0.000,AP
2026-05-15 08:09:24,1900-01-00 00:00:00,,60:E9:AA:1D:0F:F3,-17,,0.000000,0.000000,0.000,0.000,Client
2026-05-15 08:09:24,1900-01-00 00:00:00,dlink-615_EXT,40:86:CB:27:D2:0C,-17, WPA2 ,0.000000,0.000000,0.000,0.000,AP
2026-05-15 08:09:24,1900-01-00 00:00:00,,60:E9:AA:1D:0F:F3,-19,,0.000000,0.000000,0.000,0.000,Client
2026-05-15 08:09:24,1900-01-00 00:00:00,dlink-615_EXT,40:86:CB:27:D2:0C,-19, WPA2 ,0.000000,0.000000,0.000,0.000,AP
2026-05-15 08:09:24,1900-01-00 00:00:00,,60:E9:AA:1D:0F:F3,-19,,0.000000,0.000000,0.000,0.000,Client
2026-05-15 08:09:24,1900-01-00 00:00:00,dlink-615_EXT,40:86:CB:27:D2:0C,-15, WPA2 ,0.000000,0.000000,0.000,0.000,AP
2026-05-15 08:09:24,1900-01-00 00:00:00,,60:E9:AA:1D:0F:F3,-17,,0.000000,0.000000,0.000,0.000,Client
2026-05-15 08:09:24,1900-01-00 00:00:00,dlink-615_EXT,40:86:CB:27:D2:0C,-17, WPA2 ,0.000000,0.000000,0.000,0.000,AP
2026-05-15 08:09:24,1900-01-00 00:00:00,,60:E9:AA:1D:0F:F3,-17,,0.000000,0.000000,0.000,0.000,Client
2026-05-15 08:09:24,1900-01-00 00:00:00,dlink-615_EXT,40:86:CB:27:D2:0C,-17, WPA2 ,0.000000,0.000000,0.000,0.000,AP
2026-05-15 08:09:24,1900-01-00 00:00:00,,60:E9:AA:1D:0F:F3,-17,,0.000000,0.000000,0.000,0.000,Client
2026-05-15 08:09:24,1900-01-00 00:00:00,dlink-615_EXT,40:86:CB:27:D2:0C,-17, WPA2 ,0.000000,0.000000,0.000,0.000,AP
2026-05-15 08:09:24,1900-01-00 00:00:00,,60:E9:AA:1D:0F:F3,-17,,0.000000,0.000000,0.000,0.000,Client
2026-05-15 08:09:24,1900-01-00 00:00:00,dlink-615_EXT,40:86:CB:27:D2:0C,-17, WPA2 ,0.000000,0.000000,0.000,0.000,AP
2026-05-15 08:09:24,1900-01-00 00:00:00,,60:E9:AA:1D:0F:F3,-17,,0.000000,0.000000,0.000,0.000,Client
2026-05-15 08:09:24,1900-01-00 00:00:00,dlink-615_EXT,40:86:CB:27:D2:0C,-17, WPA2 ,0.000000,0.000000,0.000,0.000,AP
2026-05-15 08:09:24,1900-01-00 00:00:00,,60:E9:AA:1D:0F:F3,-17,,0.000000,0.000000,0.000,0.000,Client
2026-05-15 08:09:24,1900-01-00 00:00:00,dlink-615_EXT,40:86:CB:27:D2:0C,-19, WPA2 ,0.000000,0.000000,0.000,0.000,AP
2026-05-15 08:09:24,1900-01-00 00:00:00,,60:E9:AA:1D:0F:F3,-19,,0.000000,0.000000,0.000,0.000,Client
2026-05-15 08:09:24,1900-01-00 00:00:00,dlink-615_EXT,40:86:CB:27:D2:0C,-19, WPA2 ,0.000000,0.000000,0.000,0.000,AP
2026-05-15 08:09:24,1900-01-00 00:00:00,,60:E9:AA:1D:0F:F3,-19,,0.000000,0.000000,0.000,0.000,Client
2026-05-15 08:09:24,1900-01-00 00:00:00,dlink-615_EXT,40:86:CB:27:D2:0C,-17, WPA2 ,0.000000,0.000000,0.000,0.000,AP
2026-05-15 08:09:24,1900-01-00 00:00:00,dlink-615_EXT,40:86:CB:27:D2:0C,-17, WPA2 ,0.000000,0.000000,0.000,0.000,AP
2026-05-15 08:09:24,1900-01-00 00:00:00,,60:E9:AA:1D:0F:F3,-25,,0.000000,0.000000,0.000,0.000,Client
2026-05-15 08:09:24,1900-01-00 00:00:00,,60:E9:AA:1D:0F:F3,-25,,0.000000,0.000000,0.000,0.000,Client
2026-05-15 08:09:24,1900-01-00 00:00:00,dlink-615_EXT,40:86:CB:27:D2:0C,-17, WPA2 ,0.000000,0.000000,0.000,0.000,AP
2026-05-15 08:09:24,1900-01-00 00:00:00,dlink-615_EXT,40:86:CB:27:D2:0C,-17, WPA2 ,0.000000,0.000000,0.000,0.000,AP
2026-05-15 08:09:24,1900-01-00 00:00:00,,60:E9:AA:1D:0F:F3,-25,,0.000000,0.000000,0.000,0.000,Client
2026-05-15 08:09:24,1900-01-00 00:00:00,dlink-615_EXT,40:86:CB:27:D2:0C,-17, WPA2 ,0.000000,0.000000,0.000,0.000,AP
2026-05-15 08:09:24,1900-01-00 00:00:00,dlink-615_EXT,40:86:CB:27:D2:0C,-25, WPA2 ,0.000000,0.000000,0.000,0.000,AP
2026-05-15 08:09:24,1900-01-00 00:00:00,,60:E9:AA:1D:0F:F3,-25,,0.000000,0.000000,0.000,0.000,Client
2026-05-15 08:09:24,1900-01-00 00:00:00,dlink-615_EXT,40:86:CB:27:D2:0C,-15, WPA2 ,0.000000,0.000000,0.000,0.000,AP
2026-05-15 08:09:24,1900-01-00 00:00:00,,60:E9:AA:1D:0F:F3,-17,,0.000000,0.000000,0.000,0.000,Client
2026-05-15 08:09:24,1900-01-00 00:00:00,dlink-615_EXT,40:86:CB:27:D2:0C,-17, WPA2 ,0.000000,0.000000,0.000,0.000,AP
2026-05-15 08:09:24,1900-01-00 00:00:00,,60:E9:AA:1D:0F:F3,-17,,0.000000,0.000000,0.000,0.000,Client
2026-05-15 08:09:24,1900-01-00 00:00:00,dlink-615_EXT,40:86:CB:27:D2:0C,-15, WPA2 ,0.000000,0.000000,0.000,0.000,AP
2026-05-15 08:09:24,1900-01-00 00:00:00,,60:E9:AA:1D:0F:F3,-19,,0.000000,0.000000,0.000,0.000,Client
2026-05-15 08:09:24,1900-01-00 00:00:00,dlink-615_EXT,40:86:CB:27:D2:0C,-15, WPA2 ,0.000000,0.000000,0.000,0.000,AP
2026-05-15 08:09:24,1900-01-00 00:00:00,,60:E9:AA:1D:0F:F3,-15,,0.000000,0.000000,0.000,0.000,Client
2026-05-15 08:09:24,1900-01-00 00:00:00,dlink-615_EXT,40:86:CB:27:D2:0C,-15, WPA2 ,0.000000,0.000000,0.000,0.000,AP
2026-05-15 08:09:24,1900-01-00 00:00:00,,60:E9:AA:1D:0F:F3,-15,,0.000000,0.000000,0.000,0.000,Client
2026-05-15 08:09:24,1900-01-00 00:00:00,dlink-615_EXT,40:86:CB:27:D2:0C,-15, WPA2 ,0.000000,0.000000,0.000,0.000,AP
2026-05-15 08:09:24,1900-01-00 00:00:00,,60:E9:AA:1D:0F:F3,-17,,0.000000,0.000000,0.000,0.000,Client
2026-05-15 08:09:24,1900-01-00 00:00:00,dlink-615_EXT,40:86:CB:27:D2:0C,-17, WPA2 ,0.000000,0.000000,0.000,0.000,AP
2026-05-15 08:09:24,1900-01-00 00:00:00,,60:E9:AA:1D:0F:F3,-17,,0.000000,0.000000,0.000,0.000,Client
2026-05-15 08:09:24,1900-01-00 00:00:00,dlink-615_EXT,40:86:CB:27:D2:0C,-17, WPA2 ,0.000000,0.000000,0.000,0.000,AP
2026-05-15 08:09:24,1900-01-00 00:00:00,,60:E9:AA:1D:0F:F3,-17,,0.000000,0.000000,0.000,0.000,Client
2026-05-15 08:09:24,1900-01-00 00:00:00,dlink-615_EXT,40:86:CB:27:D2:0C,-17, WPA2 ,0.000000,0.000000,0.000,0.000,AP
2026-05-15 08:09:24,1900-01-00 00:00:00,,60:E9:AA:1D:0F:F3,-17,,0.000000,0.000000,0.000,0.000,Client
2026-05-15 08:09:24,1900-01-00 00:00:00,dlink-615_EXT,40:86:CB:27:D2:0C,-17, WPA2 ,0.000000,0.000000,0.000,0.000,AP
2026-05-15 08:09:24,1900-01-00 00:00:00,,60:E9:AA:1D:0F:F3,-17,,0.000000,0.000000,0.000,0.000,Client
2026-05-15 08:09:24,1900-01-00 00:00:00,dlink-615_EXT,40:86:CB:27:D2:0C,-17, WPA2 ,0.000000,0.000000,0.000,0.000,AP
2026-05-15 08:09:24,1900-01-00 00:00:00,,60:E9:AA:1D:0F:F3,-17,,0.000000,0.000000,0.000,0.000,Client
2026-05-15 08:09:24,1900-01-00 00:00:00,dlink-615_EXT,40:86:CB:27:D2:0C,-55, WPA2 ,0.000000,0.000000,0.000,0.000,AP
2026-05-15 08:09:25,1900-01-00 00:00:00,dlink-615_EXT,40:86:CB:27:D2:0C,-31, WPA2 ,0.000000,0.000000,0.000,0.000,AP
2026-05-15 08:09:25,1900-01-00 00:00:00,,60:E9:AA:1D:0F:F3,-31,,0.000000,0.000000,0.000,0.000,Client
2026-05-15 08:09:25,1900-01-00 00:00:00,dlink-615_EXT,40:86:CB:27:D2:0C,-57, WPA2 ,0.000000,0.000000,0.000,0.000,AP
2026-05-15 08:09:25,1900-01-00 00:00:00,dlink-615_EXT,40:86:CB:27:D2:0C,-57, WPA2 ,0.000000,0.000000,0.000,0.000,AP
2026-05-15 08:09:25,1900-01-00 00:00:00,,60:E9:AA:1D:0F:F3,-57,,0.000000,0.000000,0.000,0.000,Client
2026-05-15 08:09:25,1900-01-00 00:00:00,dlink-615_EXT,40:86:CB:27:D2:0C,-57, WPA2 ,0.000000,0.000000,0.000,0.000,AP
2026-05-15 08:09:25,1900-01-00 00:00:00,,60:E9:AA:1D:0F:F3,-57,,0.000000,0.000000,0.000,0.000,Client
2026-05-15 08:09:25,1900-01-00 00:00:00,dlink-615_EXT,40:86:CB:27:D2:0C,-55, WPA2 ,0.000000,0.000000,0.000,0.000,AP
2026-05-15 08:09:25,1900-01-00 00:00:00,dlink-615_EXT,40:86:CB:27:D2:0C,-55, WPA2 ,0.000000,0.000000,0.000,0.000,AP
2026-05-15 08:09:25,1900-01-00 00:00:00,,60:E9:AA:1D:0F:F3,-55,,0.000000,0.000000,0.000,0.000,Client
2026-05-15 08:09:25,1900-01-00 00:00:00,dlink-615_EXT,40:86:CB:27:D2:0C,-55, WPA2 ,0.000000,0.000000,0.000,0.000,AP
2026-05-15 08:09:25,1900-01-00 00:00:00,,60:E9:AA:1D:0F:F3,-55,,0.000000,0.000000,0.000,0.000,Client
2026-05-15 08:09:25,1900-01-00 00:00:00,dlink-615_EXT,40:86:CB:27:D2:0C,-55, WPA2 ,0.000000,0.000000,0.000,0.000,AP
2026-05-15 08:09:25,1900-01-00 00:00:00,,60:E9:AA:1D:0F:F3,-55,,0.000000,0.000000,0.000,0.000,Client
2026-05-15 08:09:25,1900-01-00 00:00:00,dlink-615_EXT,40:86:CB:27:D2:0C,-55, WPA2 ,0.000000,0.000000,0.000,0.000,AP
2026-05-15 08:09:25,1900-01-00 00:00:00,,60:E9:AA:1D:0F:F3,-57,,0.000000,0.000000,0.000,0.000,Client
2026-05-15 08:09:25,1900-01-00 00:00:00,dlink-615_EXT,40:86:CB:27:D2:0C,-57, WPA2 ,0.000000,0.000000,0.000,0.000,AP
2026-05-15 08:09:25,1900-01-00 00:00:00,dlink-615_EXT,40:86:CB:27:D2:0C,-57, WPA2 ,0.000000,0.000000,0.000,0.000,AP
2026-05-15 08:09:25,1900-01-00 00:00:00,,60:E9:AA:1D:0F:F3,-57,,0.000000,0.000000,0.000,0.000,Client
2026-05-15 08:09:25,1900-01-00 00:00:00,dlink-615_EXT,40:86:CB:27:D2:0C,-55, WPA2 ,0.000000,0.000000,0.000,0.000,AP
2026-05-15 08:09:25,1900-01-00 00:00:00,,60:E9:AA:1D:0F:F3,-55,,0.000000,0.000000,0.000,0.000,Client
2026-05-15 08:09:25,1900-01-00 00:00:00,dlink-615_EXT,40:86:CB:27:D2:0C,-55, WPA2 ,0.000000,0.000000,0.000,0.000,AP
2026-05-15 08:09:25,1900-01-00 00:00:00,,9C:2F:9D:82:20:A3,-27,,0.000000,0.000000,0.000,0.000,Client
2026-05-15 08:09:25,1900-01-00 00:00:00,,60:E9:AA:1D:0F:F3,-17,,0.000000,0.000000,0.000,0.000,Client
2026-05-15 08:09:25,1900-01-00 00:00:00,dlink-615_EXT,40:86:CB:27:D2:0C,-17, WPA2 ,0.000000,0.000000,0.000,0.000,AP
2026-05-15 08:09:25,1900-01-00 00:00:00,,60:E9:AA:1D:0F:F3,-17,,0.000000,0.000000,0.000,0.000,Client
2026-05-15 08:09:25,1900-01-00 00:00:00,dlink-615_EXT,40:86:CB:27:D2:0C,-17, WPA2 ,0.000000,0.000000,0.000,0.000,AP
2026-05-15 08:09:25,1900-01-00 00:00:00,,60:E9:AA:1D:0F:F3,-17,,0.000000,0.000000,0.000,0.000,Client
2026-05-15 08:09:25,1900-01-00 00:00:00,dlink-615_EXT,40:86:CB:27:D2:0C,-17, WPA2 ,0.000000,0.000000,0.000,0.000,AP
2026-05-15 08:09:25,1900-01-00 00:00:00,,60:E9:AA:1D:0F:F3,-17,,0.000000,0.000000,0.000,0.000,Client
2026-05-15 08:09:25,1900-01-00 00:00:00,dlink-615_EXT,40:86:CB:27:D2:0C,-17, WPA2 ,0.000000,0.000000,0.000,0.000,AP
2026-05-15 08:09:25,1900-01-00 00:00:00,,60:E9:AA:1D:0F:F3,-17,,0.000000,0.000000,0.000,0.000,Client
2026-05-15 08:09:25,1900-01-00 00:00:00,dlink-615_EXT,40:86:CB:27:D2:0C,-17, WPA2 ,0.000000,0.000000,0.000,0.000,AP
2026-05-15 08:09:25,1900-01-00 00:00:00,,60:E9:AA:1D:0F:F3,-17,,0.000000,0.000000,0.000,0.000,Client
2026-05-15 08:09:25,1900-01-00 00:00:00,dlink-615_EXT,40:86:CB:27:D2:0C,-29, WPA2 ,0.000000,0.000000,0.000,0.000,AP
2026-05-15 08:09:25,1900-01-00 00:00:00,,60:E9:AA:1D:0F:F3,-17,,0.000000,0.000000,0.000,0.000,Client
2026-05-15 08:09:25,1900-01-00 00:00:00,dlink-615_EXT,40:86:CB:27:D2:0C,-17, WPA2 ,0.000000,0.000000,0.000,0.000,AP
2026-05-15 08:09:25,1900-01-00 00:00:00,,60:E9:AA:1D:0F:F3,-17,,0.000000,0.000000,0.000,0.000,Client
2026-05-15 08:09:25,1900-01-00 00:00:00,dlink-615_EXT,40:86:CB:27:D2:0C,-17, WPA2 ,0.000000,0.000000,0.000,0.000,AP
2026-05-15 08:09:25,1900-01-00 00:00:00,,60:E9:AA:1D:0F:F3,-17,,0.000000,0.000000,0.000,0.000,Client
2026-05-15 08:09:25,1900-01-00 00:00:00,dlink-615_EXT,40:86:CB:27:D2:0C,-17, WPA2 ,0.000000,0.000000,0.000,0.000,AP
2026-05-15 08:09:25,1900-01-00 00:00:00,,60:E9:AA:1D:0F:F3,-17,,0.000000,0.000000,0.000,0.000,Client
2026-05-15 08:09:25,1900-01-00 00:00:00,dlink-615_EXT,40:86:CB:27:D2:0C,-15, WPA2 ,0.000000,0.000000,0.000,0.000,AP
2026-05-15 08:09:25,1900-01-00 00:00:00,,60:E9:AA:1D:0F:F3,-15,,0.000000,0.000000,0.000,0.000,Client
2026-05-15 08:09:25,1900-01-00 00:00:00,dlink-615_EXT,40:86:CB:27:D2:0C,-15, WPA2 ,0.000000,0.000000,0.000,0.000,AP
2026-05-15 08:09:25,1900-01-00 00:00:00,,60:E9:AA:1D:0F:F3,-17,,0.000000,0.000000,0.000,0.000,Client
2026-05-15 08:09:25,1900-01-00 00:00:00,dlink-615_EXT,40:86:CB:27:D2:0C,-17, WPA2 ,0.000000,0.000000,0.000,0.000,AP
2026-05-15 08:09:25,1900-01-00 00:00:00,,60:E9:AA:1D:0F:F3,-17,,0.000000,0.000000,0.000,0.000,Client
2026-05-15 08:09:25,1900-01-00 00:00:00,dlink-615_EXT,40:86:CB:27:D2:0C,-17, WPA2 ,0.000000,0.000000,0.000,0.000,AP
2026-05-15 08:09:25,1900-01-00 00:00:00,,60:E9:AA:1D:0F:F3,-17,,0.000000,0.000000,0.000,0.000,Client
2026-05-15 08:09:25,1900-01-00 00:00:00,dlink-615_EXT,40:86:CB:27:D2:0C,-15, WPA2 ,0.000000,0.000000,0.000,0.000,AP
2026-05-15 08:09:25,1900-01-00 00:00:00,dlink-615_EXT,40:86:CB:27:D2:0C,-15, WPA2 ,0.000000,0.000000,0.000,0.000,AP
2026-05-15 08:09:25,1900-01-00 00:00:00,,60:E9:AA:1D:0F:F3,-15,,0.000000,0.000000,0.000,0.000,Client
2026-05-15 08:09:25,1900-01-00 00:00:00,dlink-615_EXT,40:86:CB:27:D2:0C,-17, WPA2 ,0.000000,0.000000,0.000,0.000,AP
2026-05-15 08:09:25,1900-01-00 00:00:00,,60:E9:AA:1D:0F:F3,-17,,0.000000,0.000000,0.000,0.000,Client
2026-05-15 08:09:25,1900-01-00 00:00:00,dlink-615_EXT,40:86:CB:27:D2:0C,-17, WPA2 ,0.000000,0.000000,0.000,0.000,AP
2026-05-15 08:09:25,1900-01-00 00:00:00,,60:E9:AA:1D:0F:F3,-17,,0.000000,0.000000,0.000,0.000,Client
2026-05-15 08:09:25,1900-01-00 00:00:00,dlink-615_EXT,40:86:CB:27:D2:0C,-17, WPA2 ,0.000000,0.000000,0.000,0.000,AP
2026-05-15 08:09:25,1900-01-00 00:00:00,,60:E9:AA:1D:0F:F3,-17,,0.000000,0.000000,0.000,0.000,Client
2026-05-15 08:09:25,1900-01-00 00:00:00,dlink-615_EXT,40:86:CB:27:D2:0C,-17, WPA2 ,0.000000,0.000000,0.000,0.000,AP
2026-05-15 08:09:25,1900-01-00 00:00:00,,60:E9:AA:1D:0F:F3,-17,,0.000000,0.000000,0.000,0.000,Client
2026-05-15 08:09:25,1900-01-00 00:00:00,dlink-615_EXT,40:86:CB:27:D2:0C,-17, WPA2 ,0.000000,0.000000,0.000,0.000,AP
2026-05-15 08:09:25,1900-01-00 00:00:00,,60:E9:AA:1D:0F:F3,-17,,0.000000,0.000000,0.000,0.000,Client
2026-05-15 08:09:25,1900-01-00 00:00:00,dlink-615_EXT,40:86:CB:27:D2:0C,-17, WPA2 ,0.000000,0.000000,0.000,0.000,AP
2026-05-15 08:09:25,1900-01-00 00:00:00,,60:E9:AA:1D:0F:F3,-17,,0.000000,0.000000,0.000,0.000,Client
2026-05-15 08:09:25,1900-01-00 00:00:00,dlink-615_EXT,40:86:CB:27:D2:0C,-17, WPA2 ,0.000000,0.000000,0.000,0.000,AP
2026-05-15 08:09:25,1900-01-00 00:00:00,,60:E9:AA:1D:0F:F3,-17,,0.000000,0.000000,0.000,0.000,Client
2026-05-15 08:09:25,1900-01-00 00:00:00,dlink-615_EXT,40:86:CB:27:D2:0C,-17, WPA2 ,0.000000,0.000000,0.000,0.000,AP
2026-05-15 08:09:25,1900-01-00 00:00:00,,60:E9:AA:1D:0F:F3,-15,,0.000000,0.000000,0.000,0.000,Client
2026-05-15 08:09:25,1900-01-00 00:00:00,dlink-615_EXT,40:86:CB:27:D2:0C,-15, WPA2 ,0.000000,0.000000,0.000,0.000,AP
2026-05-15 08:09:25,1900-01-00 00:00:00,,60:E9:AA:1D:0F:F3,-25,,0.000000,0.000000,0.000,0.000,Client
2026-05-15 08:09:25,1900-01-00 00:00:00,dlink-615_EXT,40:86:CB:27:D2:0C,-25, WPA2 ,0.000000,0.000000,0.000,0.000,AP
2026-05-15 08:09:25,1900-01-00 00:00:00,,60:E9:AA:1D:0F:F3,-29,,0.000000,0.000000,0.000,0.000,Client
2026-05-15 08:09:25,1900-01-00 00:00:00,dlink-615_EXT,40:86:CB:27:D2:0C,-15, WPA2 ,0.000000,0.000000,0.000,0.000,AP
2026-05-15 08:09:25,1900-01-00 00:00:00,,60:E9:AA:1D:0F:F3,-25,,0.000000,0.000000,0.000,0.000,Client
2026-05-15 08:09:25,1900-01-00 00:00:00,,60:E9:AA:1D:0F:F3,-29,,0.000000,0.000000,0.000,0.000,Client
2026-05-15 08:09:25,1900-01-00 00:00:00,dlink-615_EXT,40:86:CB:27:D2:0C,-17, WPA2 ,0.000000,0.000000,0.000,0.000,AP
2026-05-15 08:09:25,1900-01-00 00:00:00,dlink-615_EXT,40:86:CB:27:D2:0C,-29, WPA2 ,0.000000,0.000000,0.000,0.000,AP
2026-05-15 08:09:25,1900-01-00 00:00:00,,60:E9:AA:1D:0F:F3,-25,,0.000000,0.000000,0.000,0.000,Client
2026-05-15 08:09:25,1900-01-00 00:00:00,dlink-615_EXT,40:86:CB:27:D2:0C,-17, WPA2 ,0.000000,0.000000,0.000,0.000,AP
2026-05-15 08:09:25,1900-01-00 00:00:00,,60:E9:AA:1D:0F:F3,-29,,0.000000,0.000000,0.000,0.000,Client
2026-05-15 08:09:25,1900-01-00 00:00:00,dlink-615_EXT,40:86:CB:27:D2:0C,-17, WPA2 ,0.000000,0.000000,0.000,0.000,AP
2026-05-15 08:09:25,1900-01-00 00:00:00,dlink-615_EXT,40:86:CB:27:D2:0C,-25, WPA2 ,0.000000,0.000000,0.000,0.000,AP
2026-05-15 08:09:25,1900-01-00 00:00:00,,60:E9:AA:1D:0F:F3,-17,,0.000000,0.000000,0.000,0.000,Client
2026-05-15 08:09:25,1900-01-00 00:00:00,,60:E9:AA:1D:0F:F3,-25,,0.000000,0.000000,0.000,0.000,Client
2026-05-15 08:09:25,1900-01-00 00:00:00,dlink-615_EXT,40:86:CB:27:D2:0C,-15, WPA2 ,0.000000,0.000000,0.000,0.000,AP
2026-05-15 08:09:25,1900-01-00 00:00:00,,60:E9:AA:1D:0F:F3,-15,,0.000000,0.000000,0.000,0.000,Client
2026-05-15 08:09:25,1900-01-00 00:00:00,dlink-615_EXT,40:86:CB:27:D2:0C,-15, WPA2 ,0.000000,0.000000,0.000,0.000,AP
2026-05-15 08:09:25,1900-01-00 00:00:00,,60:E9:AA:1D:0F:F3,-15,,0.000000,0.000000,0.000,0.000,Client
2026-05-15 08:09:25,1900-01-00 00:00:00,dlink-615_EXT,40:86:CB:27:D2:0C,-17, WPA2 ,0.000000,0.000000,0.000,0.000,AP
2026-05-15 08:09:25,1900-01-00 00:00:00,,60:E9:AA:1D:0F:F3,-17,,0.000000,0.000000,0.000,0.000,Client
2026-05-15 08:09:25,1900-01-00 00:00:00,dlink-615_EXT,40:86:CB:27:D2:0C,-17, WPA2 ,0.000000,0.000000,0.000,0.000,AP
2026-05-15 08:09:25,1900-01-00 00:00:00,dlink-615_EXT,40:86:CB:27:D2:0C,-17, WPA2 ,0.000000,0.000000,0.000,0.000,AP
2026-05-15 08:09:25,1900-01-00 00:00:00,,60:E9:AA:1D:0F:F3,-17,,0.000000,0.000000,0.000,0.000,Client
2026-05-15 08:09:25,1900-01-00 00:00:00,dlink-615_EXT,40:86:CB:27:D2:0C,-17, WPA2 ,0.000000,0.000000,0.000,0.000,AP
2026-05-15 08:09:25,1900-01-00 00:00:00,,60:E9:AA:1D:0F:F3,-17,,0.000000,0.000000,0.000,0.000,Client
2026-05-15 08:09:25,1900-01-00 00:00:00,dlink-615_EXT,40:86:CB:27:D2:0C,-17, WPA2 ,0.000000,0.000000,0.000,0.000,AP
2026-05-15 08:09:25,1900-01-00 00:00:00,,60:E9:AA:1D:0F:F3,-17,,0.000000,0.000000,0.000,0.000,Client
2026-05-15 08:09:25,1900-01-00 00:00:00,dlink-615_EXT,40:86:CB:27:D2:0C,-17, WPA2 ,0.000000,0.000000,0.000,0.000,AP
2026-05-15 08:09:25,1900-01-00 00:00:00,,60:E9:AA:1D:0F:F3,-17,,0.000000,0.000000,0.000,0.000,Client
2026-05-15 08:09:25,1900-01-00 00:00:00,dlink-615_EXT,40:86:CB:27:D2:0C,-17, WPA2 ,0.000000,0.000000,0.000,0.000,AP
2026-05-15 08:09:25,1900-01-00 00:00:00,,60:E9:AA:1D:0F:F3,-15,,0.000000,0.000000,0.000,0.000,Client
2026-05-15 08:09:25,1900-01-00 00:00:00,dlink-615_EXT,40:86:CB:27:D2:0C,-15, WPA2 ,0.000000,0.000000,0.000,0.000,AP
2026-05-15 08:09:25,1900-01-00 00:00:00,,60:E9:AA:1D:0F:F3,-15,,0.000000,0.000000,0.000,0.000,Client
2026-05-15 08:09:25,1900-01-00 00:00:00,dlink-615_EXT,40:86:CB:27:D2:0C,-15, WPA2 ,0.000000,0.000000,0.000,0.000,AP
2026-05-15 08:09:25,1900-01-00 00:00:00,,60:E9:AA:1D:0F:F3,-15,,0.000000,0.000000,0.000,0.000,Client
2026-05-15 08:09:25,1900-01-00 00:00:00,dlink-615_EXT,40:86:CB:27:D2:0C,-17, WPA2 ,0.000000,0.000000,0.000,0.000,AP
2026-05-15 08:09:25,1900-01-00 00:00:00,,60:E9:AA:1D:0F:F3,-15,,0.000000,0.000000,0.000,0.000,Client
2026-05-15 08:09:25,1900-01-00 00:00:00,dlink-615_EXT,40:86:CB:27:D2:0C,-17, WPA2 ,0.000000,0.000000,0.000,0.000,AP
2026-05-15 08:09:25,1900-01-00 00:00:00,,60:E9:AA:1D:0F:F3,-17,,0.000000,0.000000,0.000,0.000,Client
2026-05-15 08:09:25,1900-01-00 00:00:00,dlink-615_EXT,40:86:CB:27:D2:0C,-17, WPA2 ,0.000000,0.000000,0.000,0.000,AP
2026-05-15 08:09:25,1900-01-00 00:00:00,,60:E9:AA:1D:0F:F3,-17,,0.000000,0.000000,0.000,0.000,Client
2026-05-15 08:09:25,1900-01-00 00:00:00,dlink-615_EXT,40:86:CB:27:D2:0C,-15, WPA2 ,0.000000,0.000000,0.000,0.000,AP
2026-05-15 08:09:25,1900-01-00 00:00:00,,60:E9:AA:1D:0F:F3,-15,,0.000000,0.000000,0.000,0.000,Client
2026-05-15 08:09:25,1900-01-00 00:00:00,dlink-615_EXT,40:86:CB:27:D2:0C,-17, WPA2 ,0.000000,0.000000,0.000,0.000,AP
2026-05-15 08:09:25,1900-01-00 00:00:00,,60:E9:AA:1D:0F:F3,-17,,0.000000,0.000000,0.000,0.000,Client
2026-05-15 08:09:25,1900-01-00 00:00:00,dlink-615_EXT,40:86:CB:27:D2:0C,-17, WPA2 ,0.000000,0.000000,0.000,0.000,AP
2026-05-15 08:09:25,1900-01-00 00:00:00,,60:E9:AA:1D:0F:F3,-17,,0.000000,0.000000,0.000,0.000,Client
2026-05-15 08:09:25,1900-01-00 00:00:00,dlink-615_EXT,40:86:CB:27:D2:0C,-17, WPA2 ,0.000000,0.000000,0.000,0.000,AP
2026-05-15 08:09:25,1900-01-00 00:00:00,,60:E9:AA:1D:0F:F3,-63,,0.000000,0.000000,0.000,0.000,Client
2026-05-15 08:09:25,1900-01-00 00:00:00,dlink-615_EXT,40:86:CB:27:D2:0C,-63, WPA2 ,0.000000,0.000000,0.000,0.000,AP
2026-05-15 08:09:25,1900-01-00 00:00:00,,60:E9:AA:1D:0F:F3,-63,,0.000000,0.000000,0.000,0.000,Client
2026-05-15 08:09:25,1900-01-00 00:00:00,dlink-615_EXT,40:86:CB:27:D2:0C,-63, WPA2 ,0.000000,0.000000,0.000,0.000,AP
2026-05-15 08:09:25,1900-01-00 00:00:00,,60:E9:AA:1D:0F:F3,-63,,0.000000,0.000000,0.000,0.000,Client
2026-05-15 08:09:25,1900-01-00 00:00:00,dlink-615_EXT,40:86:CB:27:D2:0C,-63, WPA2 ,0.000000,0.000000,0.000,0.000,AP
2026-05-15 08:09:25,1900-01-00 00:00:00,,60:E9:AA:1D:0F:F3,-63,,0.000000,0.000000,0.000,0.000,Client
2026-05-15 08:09:25,1900-01-00 00:00:00,dlink-615_EXT,40:86:CB:27:D2:0C,-63, WPA2 ,0.000000,0.000000,0.000,0.000,AP
2026-05-15 08:09:25,1900-01-00 00:00:00,,60:E9:AA:1D:0F:F3,-63,,0.000000,0.000000,0.000,0.000,Client
2026-05-15 08:09:25,1900-01-00 00:00:00,dlink-615_EXT,40:86:CB:27:D2:0C,-63, WPA2 ,0.000000,0.000000,0.000,0.000,AP
2026-05-15 08:09:25,1900-01-00 00:00:00,,60:E9:AA:1D:0F:F3,-63,,0.000000,0.000000,0.000,0.000,Client
2026-05-15 08:09:25,1900-01-00 00:00:00,dlink-615_EXT,40:86:CB:27:D2:0C,-63, WPA2 ,0.000000,0.000000,0.000,0.000,AP
2026-05-15 08:09:25,1900-01-00 00:00:00,,60:E9:AA:1D:0F:F3,-63,,0.000000,0.000000,0.000,0.000,Client
2026-05-15 08:09:25,1900-01-00 00:00:00,dlink-615_EXT,40:86:CB:27:D2:0C,-63, WPA2 ,0.000000,0.000000,0.000,0.000,AP
2026-05-15 08:09:25,1900-01-00 00:00:00,,60:E9:AA:1D:0F:F3,-63,,0.000000,0.000000,0.000,0.000,Client
2026-05-15 08:09:25,1900-01-00 00:00:00,dlink-615_EXT,40:86:CB:27:D2:0C,-63, WPA2 ,0.000000,0.000000,0.000,0.000,AP
2026-05-15 08:09:25,1900-01-00 00:00:00,,60:E9:AA:1D:0F:F3,-63,,0.000000,0.000000,0.000,0.000,Client
2026-05-15 08:09:25,1900-01-00 00:00:00,dlink-615_EXT,40:86:CB:27:D2:0C,-63, WPA2 ,0.000000,0.000000,0.000,0.000,AP
2026-05-15 08:09:25,1900-01-00 00:00:00,,60:E9:AA:1D:0F:F3,-63,,0.000000,0.000000,0.000,0.000,Client
2026-05-15 08:09:25,1900-01-00 00:00:00,dlink-615_EXT,40:86:CB:27:D2:0C,-63, WPA2 ,0.000000,0.000000,0.000,0.000,AP
2026-05-15 08:09:25,1900-01-00 00:00:00,,60:E9:AA:1D:0F:F3,-63,,0.000000,0.000000,0.000,0.000,Client
2026-05-15 08:09:25,1900-01-00 00:00:00,dlink-615_EXT,40:86:CB:27:D2:0C,-63, WPA2 ,0.000000,0.000000,0.000,0.000,AP
2026-05-15 08:09:25,1900-01-00 00:00:00,,60:E9:AA:1D:0F:F3,-63,,0.000000,0.000000,0.000,0.000,Client
2026-05-15 08:09:25,1900-01-00 00:00:00,dlink-615_EXT,40:86:CB:27:D2:0C,-63, WPA2 ,0.000000,0.000000,0.000,0.000,AP
2026-05-15 08:09:25,1900-01-00 00:00:00,,60:E9:AA:1D:0F:F3,-63,,0.000000,0.000000,0.000,0.000,Client
2026-05-15 08:09:25,1900-01-00 00:00:00,dlink-615_EXT,40:86:CB:27:D2:0C,-63, WPA2 ,0.000000,0.000000,0.000,0.000,AP
2026-05-15 08:09:25,1900-01-00 00:00:00,,60:E9:AA:1D:0F:F3,-63,,0.000000,0.000000,0.000,0.000,Client
2026-05-15 08:09:25,1900-01-00 00:00:00,dlink-615_EXT,40:86:CB:27:D2:0C,-63, WPA2 ,0.000000,0.000000,0.000,0.000,AP
2026-05-15 08:09:25,1900-01-00 00:00:00,,60:E9:AA:1D:0F:F3,-63,,0.000000,0.000000,0.000,0.000,Client
2026-05-15 08:09:25,1900-01-00 00:00:00,dlink-615_EXT,40:86:CB:27:D2:0C,-63, WPA2 ,0.000000,0.000000,0.000,0.000,AP
2026-05-15 08:09:25,1900-01-00 00:00:00,,60:E9:AA:1D:0F:F3,-63,,0.000000,0.000000,0.000,0.000,Client
2026-05-15 08:09:25,1900-01-00 00:00:00,dlink-615_EXT,40:86:CB:27:D2:0C,-63, WPA2 ,0.000000,0.000000,0.000,0.000,AP
2026-05-15 08:09:25,1900-01-00 00:00:00,,60:E9:AA:1D:0F:F3,-63,,0.000000,0.000000,0.000,0.000,Client
2026-05-15 08:09:25,1900-01-00 00:00:00,dlink-615_EXT,40:86:CB:27:D2:0C,-15, WPA2 ,0.000000,0.000000,0.000,0.000,AP
2026-05-15 08:09:25,1900-01-00 00:00:00,,60:E9:AA:1D:0F:F3,-15,,0.000000,0.000000,0.000,0.000,Client
2026-05-15 08:09:25,1900-01-00 00:00:00,dlink-615_EXT,40:86:CB:27:D2:0C,-17, WPA2 ,0.000000,0.000000,0.000,0.000,AP
2026-05-15 08:09:25,1900-01-00 00:00:00,,60:E9:AA:1D:0F:F3,-17,,0.000000,0.000000,0.000,0.000,Client
2026-05-15 08:09:25,1900-01-00 00:00:00,dlink-615_EXT,40:86:CB:27:D2:0C,-17, WPA2 ,0.000000,0.000000,0.000,0.000,AP
2026-05-15 08:09:25,1900-01-00 00:00:00,,60:E9:AA:1D:0F:F3,-17,,0.000000,0.000000,0.000,0.000,Client
2026-05-15 08:09:25,1900-01-00 00:00:00,dlink-615_EXT,40:86:CB:27:D2:0C,-17, WPA2 ,0.000000,0.000000,0.000,0.000,AP
2026-05-15 08:09:25,1900-01-00 00:00:00,,60:E9:AA:1D:0F:F3,-17,,0.000000,0.000000,0.000,0.000,Client
2026-05-15 08:09:25,1900-01-00 00:00:00,dlink-615_EXT,40:86:CB:27:D2:0C,-17, WPA2 ,0.000000,0.000000,0.000,0.000,AP
2026-05-15 08:09:25,1900-01-00 00:00:00,,60:E9:AA:1D:0F:F3,-17,,0.000000,0.000000,0.000,0.000,Client
2026-05-15 08:09:25,1900-01-00 00:00:00,dlink-615_EXT,40:86:CB:27:D2:0C,-17, WPA2 ,0.000000,0.000000,0.000,0.000,AP
2026-05-15 08:09:25,1900-01-00 00:00:00,,60:E9:AA:1D:0F:F3,-17,,0.000000,0.000000,0.000,0.000,Client
2026-05-15 08:09:25,1900-01-00 00:00:00,dlink-615_EXT,40:86:CB:27:D2:0C,-17, WPA2 ,0.000000,0.000000,0.000,0.000,AP
2026-05-15 08:09:25,1900-01-00 00:00:00,,60:E9:AA:1D:0F:F3,-17,,0.000000,0.000000,0.000,0.000,Client
2026-05-15 08:09:25,1900-01-00 00:00:00,dlink-615_EXT,40:86:CB:27:D2:0C,-17, WPA2 ,0.000000,0.000000,0.000,0.000,AP
2026-05-15 08:09:25,1900-01-00 00:00:00,,60:E9:AA:1D:0F:F3,-19,,0.000000,0.000000,0.000,0.000,Client
2026-05-15 08:09:25,1900-01-00 00:00:00,dlink-615_EXT,40:86:CB:27:D2:0C,-19, WPA2 ,0.000000,0.000000,0.000,0.000,AP
2026-05-15 08:09:25,1900-01-00 00:00:00,,60:E9:AA:1D:0F:F3,-19,,0.000000,0.000000,0.000,0.000,Client
2026-05-15 08:09:25,1900-01-00 00:00:00,dlink-615_EXT,40:86:CB:27:D2:0C,-19, WPA2 ,0.000000,0.000000,0.000,0.000,AP
2026-05-15 08:09:25,1900-01-00 00:00:00,,60:E9:AA:1D:0F:F3,-19,,0.000000,0.000000,0.000,0.000,Client
2026-05-15 08:09:25,1900-01-00 00:00:00,dlink-615_EXT,40:86:CB:27:D2:0C,-19, WPA2 ,0.000000,0.000000,0.000,0.000,AP
2026-05-15 08:09:25,1900-01-00 00:00:00,,60:E9:AA:1D:0F:F3,-19,,0.000000,0.000000,0.000,0.000,Client
2026-05-15 08:09:25,1900-01-00 00:00:00,dlink-615_EXT,40:86:CB:27:D2:0C,-19, WPA2 ,0.000000,0.000000,0.000,0.000,AP
2026-05-15 08:09:25,1900-01-00 00:00:00,,60:E9:AA:1D:0F:F3,-17,,0.000000,0.000000,0.000,0.000,Client
2026-05-15 08:09:25,1900-01-00 00:00:00,dlink-615_EXT,40:86:CB:27:D2:0C,-17, WPA2 ,0.000000,0.000000,0.000,0.000,AP
2026-05-15 08:09:25,1900-01-00 00:00:00,,60:E9:AA:1D:0F:F3,-17,,0.000000,0.000000,0.000,0.000,Client
2026-05-15 08:09:25,1900-01-00 00:00:00,dlink-615_EXT,40:86:CB:27:D2:0C,-17, WPA2 ,0.000000,0.000000,0.000,0.000,AP
2026-05-15 08:09:25,1900-01-00 00:00:00,,60:E9:AA:1D:0F:F3,-17,,0.000000,0.000000,0.000,0.000,Client
2026-05-15 08:09:25,1900-01-00 00:00:00,dlink-615_EXT,40:86:CB:27:D2:0C,-17, WPA2 ,0.000000,0.000000,0.000,0.000,AP
2026-05-15 08:09:25,1900-01-00 00:00:00,,60:E9:AA:1D:0F:F3,-17,,0.000000,0.000000,0.000,0.000,Client
2026-05-15 08:09:25,1900-01-00 00:00:00,dlink-615_EXT,40:86:CB:27:D2:0C,-17, WPA2 ,0.000000,0.000000,0.000,0.000,AP
2026-05-15 08:09:25,1900-01-00 00:00:00,,60:E9:AA:1D:0F:F3,-17,,0.000000,0.000000,0.000,0.000,Client
2026-05-15 08:09:25,1900-01-00 00:00:00,dlink-615_EXT,40:86:CB:27:D2:0C,-17, WPA2 ,0.000000,0.000000,0.000,0.000,AP
2026-05-15 08:09:25,1900-01-00 00:00:00,,60:E9:AA:1D:0F:F3,-17,,0.000000,0.000000,0.000,0.000,Client
2026-05-15 08:09:25,1900-01-00 00:00:00,dlink-615_EXT,40:86:CB:27:D2:0C,-17, WPA2 ,0.000000,0.000000,0.000,0.000,AP
2026-05-15 08:09:25,1900-01-00 00:00:00,,60:E9:AA:1D:0F:F3,-17,,0.000000,0.000000,0.000,0.000,Client
2026-05-15 08:09:25,1900-01-00 00:00:00,dlink-615_EXT,40:86:CB:27:D2:0C,-17, WPA2 ,0.000000,0.000000,0.000,0.000,AP
2026-05-15 08:09:25,1900-01-00 00:00:00,dlink-615_EXT,40:86:CB:27:D2:0C,-29, WPA2 ,0.000000,0.000000,0.000,0.000,AP
2026-05-15 08:09:25,1900-01-00 00:00:00,,60:E9:AA:1D:0F:F3,-29,,0.000000,0.000000,0.000,0.000,Client
2026-05-15 08:09:25,1900-01-00 00:00:00,,60:E9:AA:1D:0F:F3,-29,,0.000000,0.000000,0.000,0.000,Client
2026-05-15 08:09:25,1900-01-00 00:00:00,dlink-615_EXT,40:86:CB:27:D2:0C,-17, WPA2 ,0.000000,0.000000,0.000,0.000,AP
2026-05-15 08:09:25,1900-01-00 00:00:00,dlink-615_EXT,40:86:CB:27:D2:0C,-17, WPA2 ,0.000000,0.000000,0.000,0.000,AP
2026-05-15 08:09:25,1900-01-00 00:00:00,dlink-615_EXT,40:86:CB:27:D2:0C,-27, WPA2 ,0.000000,0.000000,0.000,0.000,AP
2026-05-15 08:09:25,1900-01-00 00:00:00,,60:E9:AA:1D:0F:F3,-17,,0.000000,0.000000,0.000,0.000,Client
2026-05-15 08:09:25,1900-01-00 00:00:00,dlink-615_EXT,40:86:CB:27:D2:0C,-17, WPA2 ,0.000000,0.000000,0.000,0.000,AP
2026-05-15 08:09:25,1900-01-00 00:00:00,,60:E9:AA:1D:0F:F3,-17,,0.000000,0.000000,0.000,0.000,Client
2026-05-15 08:09:25,1900-01-00 00:00:00,dlink-615_EXT,40:86:CB:27:D2:0C,-17, WPA2 ,0.000000,0.000000,0.000,0.000,AP
2026-05-15 08:09:25,1900-01-00 00:00:00,,60:E9:AA:1D:0F:F3,-17,,0.000000,0.000000,0.000,0.000,Client
2026-05-15 08:09:25,1900-01-00 00:00:00,dlink-615_EXT,40:86:CB:27:D2:0C,-17, WPA2 ,0.000000,0.000000,0.000,0.000,AP
2026-05-15 08:09:25,1900-01-00 00:00:00,,60:E9:AA:1D:0F:F3,-17,,0.000000,0.000000,0.000,0.000,Client
2026-05-15 08:09:25,1900-01-00 00:00:00,dlink-615_EXT,40:86:CB:27:D2:0C,-17, WPA2 ,0.000000,0.000000,0.000,0.000,AP
2026-05-15 08:09:25,1900-01-00 00:00:00,,60:E9:AA:1D:0F:F3,-17,,0.000000,0.000000,0.000,0.000,Client
2026-05-15 08:09:25,1900-01-00 00:00:00,dlink-615_EXT,40:86:CB:27:D2:0C,-19, WPA2 ,0.000000,0.000000,0.000,0.000,AP
2026-05-15 08:09:25,1900-01-00 00:00:00,dlink-615_EXT,40:86:CB:27:D2:0C,-17, WPA2 ,0.000000,0.000000,0.000,0.000,AP
2026-05-15 08:09:25,1900-01-00 00:00:00,,60:E9:AA:1D:0F:F3,-17,,0.000000,0.000000,0.000,0.000,Client
2026-05-15 08:09:25,1900-01-00 00:00:00,dlink-615_EXT,40:86:CB:27:D2:0C,-17, WPA2 ,0.000000,0.000000,0.000,0.000,AP
2026-05-15 08:09:25,1900-01-00 00:00:00,,60:E9:AA:1D:0F:F3,-17,,0.000000,0.000000,0.000,0.000,Client
2026-05-15 08:09:25,1900-01-00 00:00:00,dlink-615_EXT,40:86:CB:27:D2:0C,-17, WPA2 ,0.000000,0.000000,0.000,0.000,AP
2026-05-15 08:09:25,1900-01-00 00:00:00,,60:E9:AA:1D:0F:F3,-17,,0.000000,0.000000,0.000,0.000,Client
2026-05-15 08:09:25,1900-01-00 00:00:00,dlink-615_EXT,40:86:CB:27:D2:0C,-17, WPA2 ,0.000000,0.000000,0.000,0.000,AP
2026-05-15 08:09:25,1900-01-00 00:00:00,,60:E9:AA:1D:0F:F3,-17,,0.000000,0.000000,0.000,0.000,Client
2026-05-15 08:09:25,1900-01-00 00:00:00,dlink-615_EXT,40:86:CB:27:D2:0C,-17, WPA2 ,0.000000,0.000000,0.000,0.000,AP
2026-05-15 08:09:25,1900-01-00 00:00:00,,60:E9:AA:1D:0F:F3,-17,,0.000000,0.000000,0.000,0.000,Client
2026-05-15 08:09:25,1900-01-00 00:00:00,dlink-615_EXT,40:86:CB:27:D2:0C,-17, WPA2 ,0.000000,0.000000,0.000,0.000,AP
2026-05-15 08:09:25,1900-01-00 00:00:00,,60:E9:AA:1D:0F:F3,-17,,0.000000,0.000000,0.000,0.000,Client
2026-05-15 08:09:25,1900-01-00 00:00:00,dlink-615_EXT,40:86:CB:27:D2:0C,-17, WPA2 ,0.000000,0.000000,0.000,0.000,AP
2026-05-15 08:09:25,1900-01-00 00:00:00,,60:E9:AA:1D:0F:F3,-17,,0.000000,0.000000,0.000,0.000,Client
2026-05-15 08:09:25,1900-01-00 00:00:00,dlink-615_EXT,40:86:CB:27:D2:0C,-17, WPA2 ,0.000000,0.000000,0.000,0.000,AP
2026-05-15 08:09:25,1900-01-00 00:00:00,,60:E9:AA:1D:0F:F3,-19,,0.000000,0.000000,0.000,0.000,Client
2026-05-15 08:09:25,1900-01-00 00:00:00,dlink-615_EXT,40:86:CB:27:D2:0C,-19, WPA2 ,0.000000,0.000000,0.000,0.000,AP
2026-05-15 08:09:25,1900-01-00 00:00:00,,60:E9:AA:1D:0F:F3,-17,,0.000000,0.000000,0.000,0.000,Client
2026-05-15 08:09:25,1900-01-00 00:00:00,dlink-615_EXT,40:86:CB:27:D2:0C,-17, WPA2 ,0.000000,0.000000,0.000,0.000,AP
2026-05-15 08:09:25,1900-01-00 00:00:00,,60:E9:AA:1D:0F:F3,-17,,0.000000,0.000000,0.000,0.000,Client
2026-05-15 08:09:25,1900-01-00 00:00:00,dlink-615_EXT,40:86:CB:27:D2:0C,-17, WPA2 ,0.000000,0.000000,0.000,0.000,AP
2026-05-15 08:09:25,1900-01-00 00:00:00,,60:E9:AA:1D:0F:F3,-17,,0.000000,0.000000,0.000,0.000,Client
2026-05-15 08:09:25,1900-01-00 00:00:00,dlink-615_EXT,40:86:CB:27:D2:0C,-29, WPA2 ,0.000000,0.000000,0.000,0.000,AP
2026-05-15 08:09:25,1900-01-00 00:00:00,,60:E9:AA:1D:0F:F3,-29,,0.000000,0.000000,0.000,0.000,Client
2026-05-15 08:09:25,1900-01-00 00:00:00,dlink-615_EXT,40:86:CB:27:D2:0C,-17, WPA2 ,0.000000,0.000000,0.000,0.000,AP
2026-05-15 08:09:25,1900-01-00 00:00:00,,60:E9:AA:1D:0F:F3,-17,,0.000000,0.000000,0.000,0.000,Client
2026-05-15 08:09:25,1900-01-00 00:00:00,dlink-615_EXT,40:86:CB:27:D2:0C,-17, WPA2 ,0.000000,0.000000,0.000,0.000,AP
2026-05-15 08:09:25,1900-01-00 00:00:00,,60:E9:AA:1D:0F:F3,-17,,0.000000,0.000000,0.000,0.000,Client
2026-05-15 08:09:25,1900-01-00 00:00:00,dlink-615_EXT,40:86:CB:27:D2:0C,-17, WPA2 ,0.000000,0.000000,0.000,0.000,AP
2026-05-15 08:09:25,1900-01-00 00:00:00,,60:E9:AA:1D:0F:F3,-17,,0.000000,0.000000,0.000,0.000,Client
2026-05-15 08:09:25,1900-01-00 00:00:00,dlink-615_EXT,40:86:CB:27:D2:0C,-29, WPA2 ,0.000000,0.000000,0.000,0.000,AP
2026-05-15 08:09:25,1900-01-00 00:00:00,,60:E9:AA:1D:0F:F3,-29,,0.000000,0.000000,0.000,0.000,Client
2026-05-15 08:09:25,1900-01-00 00:00:00,dlink-615_EXT,40:86:CB:27:D2:0C,-17, WPA2 ,0.000000,0.000000,0.000,0.000,AP
2026-05-15 08:09:25,1900-01-00 00:00:00,dlink-615_EXT,40:86:CB:27:D2:0C,-17, WPA2 ,0.000000,0.000000,0.000,0.000,AP
2026-05-15 08:09:25,1900-01-00 00:00:00,,60:E9:AA:1D:0F:F3,-17,,0.000000,0.000000,0.000,0.000,Client
2026-05-15 08:09:25,1900-01-00 00:00:00,dlink-615_EXT,40:86:CB:27:D2:0C,-17, WPA2 ,0.000000,0.000000,0.000,0.000,AP
2026-05-15 08:09:25,1900-01-00 00:00:00,,60:E9:AA:1D:0F:F3,-17,,0.000000,0.000000,0.000,0.000,Client
2026-05-15 08:09:25,1900-01-00 00:00:00,dlink-615_EXT,40:86:CB:27:D2:0C,-19, WPA2 ,0.000000,0.000000,0.000,0.000,AP
2026-05-15 08:09:25,1900-01-00 00:00:00,,60:E9:AA:1D:0F:F3,-19,,0.000000,0.000000,0.000,0.000,Client
2026-05-15 08:09:25,1900-01-00 00:00:00,dlink-615_EXT,40:86:CB:27:D2:0C,-17, WPA2 ,0.000000,0.000000,0.000,0.000,AP
2026-05-15 08:09:25,1900-01-00 00:00:00,,60:E9:AA:1D:0F:F3,-17,,0.000000,0.000000,0.000,0.000,Client
2026-05-15 08:09:25,1900-01-00 00:00:00,dlink-615_EXT,40:86:CB:27:D2:0C,-17, WPA2 ,0.000000,0.000000,0.000,0.000,AP
2026-05-15 08:09:25,1900-01-00 00:00:00,,60:E9:AA:1D:0F:F3,-29,,0.000000,0.000000,0.000,0.000,Client
2026-05-15 08:09:25,1900-01-00 00:00:00,dlink-615_EXT,40:86:CB:27:D2:0C,-29, WPA2 ,0.000000,0.000000,0.000,0.000,AP
2026-05-15 08:09:25,1900-01-00 00:00:00,,60:E9:AA:1D:0F:F3,-17,,0.000000,0.000000,0.000,0.000,Client
2026-05-15 08:09:25,1900-01-00 00:00:00,dlink-615_EXT,40:86:CB:27:D2:0C,-15, WPA2 ,0.000000,0.000000,0.000,0.000,AP
2026-05-15 08:09:25,1900-01-00 00:00:00,,60:E9:AA:1D:0F:F3,-29,,0.000000,0.000000,0.000,0.000,Client
2026-05-15 08:09:25,1900-01-00 00:00:00,dlink-615_EXT,40:86:CB:27:D2:0C,-29, WPA2 ,0.000000,0.000000,0.000,0.000,AP
2026-05-15 08:09:25,1900-01-00 00:00:00,dlink-615_EXT,40:86:CB:27:D2:0C,-53, WPA2 ,0.000000,0.000000,0.000,0.000,AP
2026-05-15 08:09:25,1900-01-00 00:00:00,,60:E9:AA:1D:0F:F3,-29,,0.000000,0.000000,0.000,0.000,Client
2026-05-15 08:09:25,1900-01-00 00:00:00,dlink-615_EXT,40:86:CB:27:D2:0C,-17, WPA2 ,0.000000,0.000000,0.000,0.000,AP
2026-05-15 08:09:25,1900-01-00 00:00:00,,60:E9:AA:1D:0F:F3,-17,,0.000000,0.000000,0.000,0.000,Client
2026-05-15 08:09:25,1900-01-00 00:00:00,dlink-615_EXT,40:86:CB:27:D2:0C,-17, WPA2 ,0.000000,0.000000,0.000,0.000,AP
2026-05-15 08:09:25,1900-01-00 00:00:00,,60:E9:AA:1D:0F:F3,-17,,0.000000,0.000000,0.000,0.000,Client
2026-05-15 08:09:25,1900-01-00 00:00:00,dlink-615_EXT,40:86:CB:27:D2:0C,-17, WPA2 ,0.000000,0.000000,0.000,0.000,AP
2026-05-15 08:09:25,1900-01-00 00:00:00,,60:E9:AA:1D:0F:F3,-17,,0.000000,0.000000,0.000,0.000,Client
2026-05-15 08:09:25,1900-01-00 00:00:00,dlink-615_EXT,40:86:CB:27:D2:0C,-17, WPA2 ,0.000000,0.000000,0.000,0.000,AP
2026-05-15 08:09:25,1900-01-00 00:00:00,,60:E9:AA:1D:0F:F3,-17,,0.000000,0.000000,0.000,0.000,Client
2026-05-15 08:09:25,1900-01-00 00:00:00,dlink-615_EXT,40:86:CB:27:D2:0C,-17, WPA2 ,0.000000,0.000000,0.000,0.000,AP
2026-05-15 08:09:25,1900-01-00 00:00:00,,60:E9:AA:1D:0F:F3,-17,,0.000000,0.000000,0.000,0.000,Client
2026-05-15 08:09:25,1900-01-00 00:00:00,dlink-615_EXT,40:86:CB:27:D2:0C,-17, WPA2 ,0.000000,0.000000,0.000,0.000,AP
2026-05-15 08:09:25,1900-01-00 00:00:00,,60:E9:AA:1D:0F:F3,-17,,0.000000,0.000000,0.000,0.000,Client
2026-05-15 08:09:25,1900-01-00 00:00:00,,9C:2F:9D:82:20:A3,-25,,0.000000,0.000000,0.000,0.000,Client
2026-05-15 08:09:25,1900-01-00 00:00:00,dlink-615_EXT,40:86:CB:27:D2:0C,-17, WPA2 ,0.000000,0.000000,0.000,0.000,AP
2026-05-15 08:09:25,1900-01-00 00:00:00,,60:E9:AA:1D:0F:F3,-17,,0.000000,0.000000,0.000,0.000,Client
2026-05-15 08:09:25,1900-01-00 00:00:00,dlink-615_EXT,40:86:CB:27:D2:0C,-17, WPA2 ,0.000000,0.000000,0.000,0.000,AP
2026-05-15 08:09:25,1900-01-00 00:00:00,dlink-615_EXT,40:86:CB:27:D2:0C,-17, WPA2 ,0.000000,0.000000,0.000,0.000,AP
2026-05-15 08:09:25,1900-01-00 00:00:00,,60:E9:AA:1D:0F:F3,-17,,0.000000,0.000000,0.000,0.000,Client
2026-05-15 08:09:25,1900-01-00 00:00:00,dlink-615_EXT,40:86:CB:27:D2:0C,-19, WPA2 ,0.000000,0.000000,0.000,0.000,AP
2026-05-15 08:09:25,1900-01-00 00:00:00,,60:E9:AA:1D:0F:F3,-19,,0.000000,0.000000,0.000,0.000,Client
2026-05-15 08:09:25,1900-01-00 00:00:00,dlink-615_EXT,40:86:CB:27:D2:0C,-19, WPA2 ,0.000000,0.000000,0.000,0.000,AP
2026-05-15 08:09:25,1900-01-00 00:00:00,,60:E9:AA:1D:0F:F3,-19,,0.000000,0.000000,0.000,0.000,Client
2026-05-15 08:09:25,1900-01-00 00:00:00,dlink-615_EXT,40:86:CB:27:D2:0C,-19, WPA2 ,0.000000,0.000000,0.000,0.000,AP
2026-05-15 08:09:25,1900-01-00 00:00:00,,60:E9:AA:1D:0F:F3,-19,,0.000000,0.000000,0.000,0.000,Client
2026-05-15 08:09:25,1900-01-00 00:00:00,dlink-615_EXT,40:86:CB:27:D2:0C,-65, WPA2 ,0.000000,0.000000,0.000,0.000,AP
2026-05-15 08:09:25,1900-01-00 00:00:00,,60:E9:AA:1D:0F:F3,-29,,0.000000,0.000000,0.000,0.000,Client
2026-05-15 08:09:25,1900-01-00 00:00:00,dlink-615_EXT,40:86:CB:27:D2:0C,-19, WPA2 ,0.000000,0.000000,0.000,0.000,AP
2026-05-15 08:09:26,1900-01-00 00:00:00,,60:E9:AA:1D:0F:F3,-29,,0.000000,0.000000,0.000,0.000,Client
2026-05-15 08:09:26,1900-01-00 00:00:00,dlink-615_EXT,40:86:CB:27:D2:0C,-17, WPA2 ,0.000000,0.000000,0.000,0.000,AP
2026-05-15 08:09:26,1900-01-00 00:00:00,dlink-615_EXT,40:86:CB:27:D2:0C,-17, WPA2 ,0.000000,0.000000,0.000,0.000,AP
2026-05-15 08:09:26,1900-01-00 00:00:00,,60:E9:AA:1D:0F:F3,-25,,0.000000,0.000000,0.000,0.000,Client
2026-05-15 08:09:26,1900-01-00 00:00:00,dlink-615_EXT,40:86:CB:27:D2:0C,-19, WPA2 ,0.000000,0.000000,0.000,0.000,AP
2026-05-15 08:09:26,1900-01-00 00:00:00,,60:E9:AA:1D:0F:F3,-29,,0.000000,0.000000,0.000,0.000,Client
2026-05-15 08:09:26,1900-01-00 00:00:00,dlink-615_EXT,40:86:CB:27:D2:0C,-19, WPA2 ,0.000000,0.000000,0.000,0.000,AP
2026-05-15 08:09:26,1900-01-00 00:00:00,dlink-615_EXT,40:86:CB:27:D2:0C,-17, WPA2 ,0.000000,0.000000,0.000,0.000,AP
2026-05-15 08:09:26,1900-01-00 00:00:00,dlink-615_EXT,40:86:CB:27:D2:0C,-19, WPA2 ,0.000000,0.000000,0.000,0.000,AP
2026-05-15 08:09:26,1900-01-00 00:00:00,dlink-615_EXT,40:86:CB:27:D2:0C,-19, WPA2 ,0.000000,0.000000,0.000,0.000,AP
2026-05-15 08:09:26,1900-01-00 00:00:00,,60:E9:AA:1D:0F:F3,-29,,0.000000,0.000000,0.000,0.000,Client
2026-05-15 08:09:26,1900-01-00 00:00:00,dlink-615_EXT,40:86:CB:27:D2:0C,-17, WPA2 ,0.000000,0.000000,0.000,0.000,AP
2026-05-15 08:09:26,1900-01-00 00:00:00,,60:E9:AA:1D:0F:F3,-17,,0.000000,0.000000,0.000,0.000,Client
2026-05-15 08:09:26,1900-01-00 00:00:00,dlink-615_EXT,40:86:CB:27:D2:0C,-19, WPA2 ,0.000000,0.000000,0.000,0.000,AP
2026-05-15 08:09:26,1900-01-00 00:00:00,,60:E9:AA:1D:0F:F3,-19,,0.000000,0.000000,0.000,0.000,Client
2026-05-15 08:09:26,1900-01-00 00:00:00,dlink-615_EXT,40:86:CB:27:D2:0C,-17, WPA2 ,0.000000,0.000000,0.000,0.000,AP
2026-05-15 08:09:26,1900-01-00 00:00:00,,60:E9:AA:1D:0F:F3,-17,,0.000000,0.000000,0.000,0.000,Client
2026-05-15 08:09:26,1900-01-00 00:00:00,dlink-615_EXT,40:86:CB:27:D2:0C,-17, WPA2 ,0.000000,0.000000,0.000,0.000,AP
2026-05-15 08:09:26,1900-01-00 00:00:00,,60:E9:AA:1D:0F:F3,-17,,0.000000,0.000000,0.000,0.000,Client
2026-05-15 08:09:26,1900-01-00 00:00:00,dlink-615_EXT,40:86:CB:27:D2:0C,-17, WPA2 ,0.000000,0.000000,0.000,0.000,AP
2026-05-15 08:09:26,1900-01-00 00:00:00,,60:E9:AA:1D:0F:F3,-17,,0.000000,0.000000,0.000,0.000,Client
2026-05-15 08:09:26,1900-01-00 00:00:00,dlink-615_EXT,40:86:CB:27:D2:0C,-19, WPA2 ,0.000000,0.000000,0.000,0.000,AP
2026-05-15 08:09:26,1900-01-00 00:00:00,,60:E9:AA:1D:0F:F3,-19,,0.000000,0.000000,0.000,0.000,Client
2026-05-15 08:09:26,1900-01-00 00:00:00,dlink-615_EXT,40:86:CB:27:D2:0C,-19, WPA2 ,0.000000,0.000000,0.000,0.000,AP
2026-05-15 08:09:26,1900-01-00 00:00:00,,60:E9:AA:1D:0F:F3,-19,,0.000000,0.000000,0.000,0.000,Client
2026-05-15 08:09:26,1900-01-00 00:00:00,dlink-615_EXT,40:86:CB:27:D2:0C,-19, WPA2 ,0.000000,0.000000,0.000,0.000,AP
2026-05-15 08:09:26,1900-01-00 00:00:00,,60:E9:AA:1D:0F:F3,-17,,0.000000,0.000000,0.000,0.000,Client
2026-05-15 08:09:26,1900-01-00 00:00:00,dlink-615_EXT,40:86:CB:27:D2:0C,-17, WPA2 ,0.000000,0.000000,0.000,0.000,AP
2026-05-15 08:09:26,1900-01-00 00:00:00,,60:E9:AA:1D:0F:F3,-17,,0.000000,0.000000,0.000,0.000,Client
2026-05-15 08:09:26,1900-01-00 00:00:00,dlink-615_EXT,40:86:CB:27:D2:0C,-17, WPA2 ,0.000000,0.000000,0.000,0.000,AP
2026-05-15 08:09:26,1900-01-00 00:00:00,,60:E9:AA:1D:0F:F3,-17,,0.000000,0.000000,0.000,0.000,Client
2026-05-15 08:09:26,1900-01-00 00:00:00,dlink-615_EXT,40:86:CB:27:D2:0C,-17, WPA2 ,0.000000,0.000000,0.000,0.000,AP
2026-05-15 08:09:26,1900-01-00 00:00:00,,60:E9:AA:1D:0F:F3,-17,,0.000000,0.000000,0.000,0.000,Client
2026-05-15 08:09:26,1900-01-00 00:00:00,dlink-615_EXT,40:86:CB:27:D2:0C,-17, WPA2 ,0.000000,0.000000,0.000,0.000,AP
2026-05-15 08:09:26,1900-01-00 00:00:00,,60:E9:AA:1D:0F:F3,-17,,0.000000,0.000000,0.000,0.000,Client
2026-05-15 08:09:26,1900-01-00 00:00:00,dlink-615_EXT,40:86:CB:27:D2:0C,-17, WPA2 ,0.000000,0.000000,0.000,0.000,AP
2026-05-15 08:09:26,1900-01-00 00:00:00,,60:E9:AA:1D:0F:F3,-17,,0.000000,0.000000,0.000,0.000,Client
2026-05-15 08:09:26,1900-01-00 00:00:00,dlink-615_EXT,40:86:CB:27:D2:0C,-19, WPA2 ,0.000000,0.000000,0.000,0.000,AP
2026-05-15 08:09:26,1900-01-00 00:00:00,,60:E9:AA:1D:0F:F3,-19,,0.000000,0.000000,0.000,0.000,Client
2026-05-15 08:09:26,1900-01-00 00:00:00,dlink-615_EXT,40:86:CB:27:D2:0C,-19, WPA2 ,0.000000,0.000000,0.000,0.000,AP
2026-05-15 08:09:26,1900-01-00 00:00:00,,60:E9:AA:1D:0F:F3,-19,,0.000000,0.000000,0.000,0.000,Client
2026-05-15 08:09:26,1900-01-00 00:00:00,dlink-615_EXT,40:86:CB:27:D2:0C,-17, WPA2 ,0.000000,0.000000,0.000,0.000,AP
2026-05-15 08:09:26,1900-01-00 00:00:00,,60:E9:AA:1D:0F:F3,-17,,0.000000,0.000000,0.000,0.000,Client
2026-05-15 08:09:26,1900-01-00 00:00:00,dlink-615_EXT,40:86:CB:27:D2:0C,-17, WPA2 ,0.000000,0.000000,0.000,0.000,AP
2026-05-15 08:09:26,1900-01-00 00:00:00,dlink-615_EXT,40:86:CB:27:D2:0C,-17, WPA2 ,0.000000,0.000000,0.000,0.000,AP
2026-05-15 08:09:26,1900-01-00 00:00:00,,60:E9:AA:1D:0F:F3,-17,,0.000000,0.000000,0.000,0.000,Client
2026-05-15 08:09:26,1900-01-00 00:00:00,dlink-615_EXT,40:86:CB:27:D2:0C,-19, WPA2 ,0.000000,0.000000,0.000,0.000,AP
2026-05-15 08:09:26,1900-01-00 00:00:00,,60:E9:AA:1D:0F:F3,-29,,0.000000,0.000000,0.000,0.000,Client
2026-05-15 08:09:26,1900-01-00 00:00:00,dlink-615_EXT,40:86:CB:27:D2:0C,-19, WPA2 ,0.000000,0.000000,0.000,0.000,AP
2026-05-15 08:09:26,1900-01-00 00:00:00,,60:E9:AA:1D:0F:F3,-29,,0.000000,0.000000,0.000,0.000,Client
2026-05-15 08:09:26,1900-01-00 00:00:00,,60:E9:AA:1D:0F:F3,-19,,0.000000,0.000000,0.000,0.000,Client
2026-05-15 08:09:26,1900-01-00 00:00:00,dlink-615_EXT,40:86:CB:27:D2:0C,-17, WPA2 ,0.000000,0.000000,0.000,0.000,AP
2026-05-15 08:09:26,1900-01-00 00:00:00,,60:E9:AA:1D:0F:F3,-29,,0.000000,0.000000,0.000,0.000,Client
2026-05-15 08:09:26,1900-01-00 00:00:00,dlink-615_EXT,40:86:CB:27:D2:0C,-17, WPA2 ,0.000000,0.000000,0.000,0.000,AP
2026-05-15 08:09:26,1900-01-00 00:00:00,,60:E9:AA:1D:0F:F3,-19,,0.000000,0.000000,0.000,0.000,Client
2026-05-15 08:09:26,1900-01-00 00:00:00,dlink-615_EXT,40:86:CB:27:D2:0C,-21, WPA2 ,0.000000,0.000000,0.000,0.000,AP
2026-05-15 08:09:26,1900-01-00 00:00:00,,60:E9:AA:1D:0F:F3,-21,,0.000000,0.000000,0.000,0.000,Client
2026-05-15 08:09:26,1900-01-00 00:00:00,dlink-615_EXT,40:86:CB:27:D2:0C,-19, WPA2 ,0.000000,0.000000,0.000,0.000,AP
2026-05-15 08:09:26,1900-01-00 00:00:00,,60:E9:AA:1D:0F:F3,-19,,0.000000,0.000000,0.000,0.000,Client
2026-05-15 08:09:26,1900-01-00 00:00:00,dlink-615_EXT,40:86:CB:27:D2:0C,-17, WPA2 ,0.000000,0.000000,0.000,0.000,AP
2026-05-15 08:09:26,1900-01-00 00:00:00,,60:E9:AA:1D:0F:F3,-17,,0.000000,0.000000,0.000,0.000,Client
2026-05-15 08:09:26,1900-01-00 00:00:00,dlink-615_EXT,40:86:CB:27:D2:0C,-19, WPA2 ,0.000000,0.000000,0.000,0.000,AP
2026-05-15 08:09:26,1900-01-00 00:00:00,,60:E9:AA:1D:0F:F3,-19,,0.000000,0.000000,0.000,0.000,Client
2026-05-15 08:09:26,1900-01-00 00:00:00,dlink-615_EXT,40:86:CB:27:D2:0C,-17, WPA2 ,0.000000,0.000000,0.000,0.000,AP
2026-05-15 08:09:26,1900-01-00 00:00:00,,60:E9:AA:1D:0F:F3,-17,,0.000000,0.000000,0.000,0.000,Client
2026-05-15 08:09:26,1900-01-00 00:00:00,dlink-615_EXT,40:86:CB:27:D2:0C,-19, WPA2 ,0.000000,0.000000,0.000,0.000,AP
2026-05-15 08:09:26,1900-01-00 00:00:00,,60:E9:AA:1D:0F:F3,-19,,0.000000,0.000000,0.000,0.000,Client
2026-05-15 08:09:26,1900-01-00 00:00:00,dlink-615_EXT,40:86:CB:27:D2:0C,-19, WPA2 ,0.000000,0.000000,0.000,0.000,AP
2026-05-15 08:09:26,1900-01-00 00:00:00,,60:E9:AA:1D:0F:F3,-17,,0.000000,0.000000,0.000,0.000,Client
2026-05-15 08:09:26,1900-01-00 00:00:00,dlink-615_EXT,40:86:CB:27:D2:0C,-17, WPA2 ,0.000000,0.000000,0.000,0.000,AP
2026-05-15 08:09:26,1900-01-00 00:00:00,,60:E9:AA:1D:0F:F3,-17,,0.000000,0.000000,0.000,0.000,Client
2026-05-15 08:09:26,1900-01-00 00:00:00,dlink-615_EXT,40:86:CB:27:D2:0C,-17, WPA2 ,0.000000,0.000000,0.000,0.000,AP
2026-05-15 08:09:26,1900-01-00 00:00:00,,60:E9:AA:1D:0F:F3,-19,,0.000000,0.000000,0.000,0.000,Client
2026-05-15 08:09:26,1900-01-00 00:00:00,dlink-615_EXT,40:86:CB:27:D2:0C,-19, WPA2 ,0.000000,0.000000,0.000,0.000,AP
2026-05-15 08:09:26,1900-01-00 00:00:00,,60:E9:AA:1D:0F:F3,-19,,0.000000,0.000000,0.000,0.000,Client
2026-05-15 08:09:26,1900-01-00 00:00:00,dlink-615_EXT,40:86:CB:27:D2:0C,-19, WPA2 ,0.000000,0.000000,0.000,0.000,AP
2026-05-15 08:09:26,1900-01-00 00:00:00,,60:E9:AA:1D:0F:F3,-19,,0.000000,0.000000,0.000,0.000,Client
2026-05-15 08:09:26,1900-01-00 00:00:00,dlink-615_EXT,40:86:CB:27:D2:0C,-19, WPA2 ,0.000000,0.000000,0.000,0.000,AP
2026-05-15 08:09:26,1900-01-00 00:00:00,,60:E9:AA:1D:0F:F3,-19,,0.000000,0.000000,0.000,0.000,Client
2026-05-15 08:09:26,1900-01-00 00:00:00,dlink-615_EXT,40:86:CB:27:D2:0C,-23, WPA2 ,0.000000,0.000000,0.000,0.000,AP
2026-05-15 08:09:26,1900-01-00 00:00:00,,60:E9:AA:1D:0F:F3,-23,,0.000000,0.000000,0.000,0.000,Client
2026-05-15 08:09:26,1900-01-00 00:00:00,dlink-615_EXT,40:86:CB:27:D2:0C,-23, WPA2 ,0.000000,0.000000,0.000,0.000,AP
2026-05-15 08:09:26,1900-01-00 00:00:00,,60:E9:AA:1D:0F:F3,-23,,0.000000,0.000000,0.000,0.000,Client
2026-05-15 08:09:26,1900-01-00 00:00:00,dlink-615_EXT,40:86:CB:27:D2:0C,-23, WPA2 ,0.000000,0.000000,0.000,0.000,AP
2026-05-15 08:09:26,1900-01-00 00:00:00,,60:E9:AA:1D:0F:F3,-23,,0.000000,0.000000,0.000,0.000,Client
2026-05-15 08:09:26,1900-01-00 00:00:00,dlink-615_EXT,40:86:CB:27:D2:0C,-23, WPA2 ,0.000000,0.000000,0.000,0.000,AP
2026-05-15 08:09:26,1900-01-00 00:00:00,,60:E9:AA:1D:0F:F3,-23,,0.000000,0.000000,0.000,0.000,Client
2026-05-15 08:09:26,1900-01-00 00:00:00,dlink-615_EXT,40:86:CB:27:D2:0C,-23, WPA2 ,0.000000,0.000000,0.000,0.000,AP
2026-05-15 08:09:26,1900-01-00 00:00:00,,60:E9:AA:1D:0F:F3,-23,,0.000000,0.000000,0.000,0.000,Client
2026-05-15 08:09:26,1900-01-00 00:00:00,dlink-615_EXT,40:86:CB:27:D2:0C,-23, WPA2 ,0.000000,0.000000,0.000,0.000,AP
2026-05-15 08:09:26,1900-01-00 00:00:00,,60:E9:AA:1D:0F:F3,-23,,0.000000,0.000000,0.000,0.000,Client
2026-05-15 08:09:26,1900-01-00 00:00:00,dlink-615_EXT,40:86:CB:27:D2:0C,-23, WPA2 ,0.000000,0.000000,0.000,0.000,AP
2026-05-15 08:09:26,1900-01-00 00:00:00,,60:E9:AA:1D:0F:F3,-23,,0.000000,0.000000,0.000,0.000,Client
2026-05-15 08:09:26,1900-01-00 00:00:00,dlink-615_EXT,40:86:CB:27:D2:0C,-23, WPA2 ,0.000000,0.000000,0.000,0.000,AP
2026-05-15 08:09:26,1900-01-00 00:00:00,,60:E9:AA:1D:0F:F3,-29,,0.000000,0.000000,0.000,0.000,Client
2026-05-15 08:09:26,1900-01-00 00:00:00,dlink-615_EXT,40:86:CB:27:D2:0C,-29, WPA2 ,0.000000,0.000000,0.000,0.000,AP
2026-05-15 08:09:26,1900-01-00 00:00:00,,60:E9:AA:1D:0F:F3,-29,,0.000000,0.000000,0.000,0.000,Client
2026-05-15 08:09:26,1900-01-00 00:00:00,dlink-615_EXT,40:86:CB:27:D2:0C,-29, WPA2 ,0.000000,0.000000,0.000,0.000,AP
2026-05-15 08:09:26,1900-01-00 00:00:00,,60:E9:AA:1D:0F:F3,-29,,0.000000,0.000000,0.000,0.000,Client
2026-05-15 08:09:26,1900-01-00 00:00:00,dlink-615_EXT,40:86:CB:27:D2:0C,-29, WPA2 ,0.000000,0.000000,0.000,0.000,AP
2026-05-15 08:09:26,1900-01-00 00:00:00,,60:E9:AA:1D:0F:F3,-29,,0.000000,0.000000,0.000,0.000,Client
2026-05-15 08:09:26,1900-01-00 00:00:00,dlink-615_EXT,40:86:CB:27:D2:0C,-29, WPA2 ,0.000000,0.000000,0.000,0.000,AP
2026-05-15 08:09:26,1900-01-00 00:00:00,,60:E9:AA:1D:0F:F3,-29,,0.000000,0.000000,0.000,0.000,Client
2026-05-15 08:09:26,1900-01-00 00:00:00,dlink-615_EXT,40:86:CB:27:D2:0C,-29, WPA2 ,0.000000,0.000000,0.000,0.000,AP
2026-05-15 08:09:26,1900-01-00 00:00:00,,60:E9:AA:1D:0F:F3,-29,,0.000000,0.000000,0.000,0.000,Client
2026-05-15 08:09:26,1900-01-00 00:00:00,dlink-615_EXT,40:86:CB:27:D2:0C,-29, WPA2 ,0.000000,0.000000,0.000,0.000,AP
2026-05-15 08:09:26,1900-01-00 00:00:00,,60:E9:AA:1D:0F:F3,-29,,0.000000,0.000000,0.000,0.000,Client
2026-05-15 08:09:26,1900-01-00 00:00:00,dlink-615_EXT,40:86:CB:27:D2:0C,-29, WPA2 ,0.000000,0.000000,0.000,0.000,AP
2026-05-15 08:09:26,1900-01-00 00:00:00,,60:E9:AA:1D:0F:F3,-29,,0.000000,0.000000,0.000,0.000,Client
2026-05-15 08:09:26,1900-01-00 00:00:00,dlink-615_EXT,40:86:CB:27:D2:0C,-29, WPA2 ,0.000000,0.000000,0.000,0.000,AP
2026-05-15 08:09:26,1900-01-00 00:00:00,,60:E9:AA:1D:0F:F3,-29,,0.000000,0.000000,0.000,0.000,Client
2026-05-15 08:09:26,1900-01-00 00:00:00,dlink-615_EXT,40:86:CB:27:D2:0C,-29, WPA2 ,0.000000,0.000000,0.000,0.000,AP
2026-05-15 08:09:26,1900-01-00 00:00:00,,60:E9:AA:1D:0F:F3,-29,,0.000000,0.000000,0.000,0.000,Client
2026-05-15 08:09:26,1900-01-00 00:00:00,dlink-615_EXT,40:86:CB:27:D2:0C,-29, WPA2 ,0.000000,0.000000,0.000,0.000,AP
2026-05-15 08:09:26,1900-01-00 00:00:00,,60:E9:AA:1D:0F:F3,-29,,0.000000,0.000000,0.000,0.000,Client
2026-05-15 08:09:26,1900-01-00 00:00:00,dlink-615_EXT,40:86:CB:27:D2:0C,-29, WPA2 ,0.000000,0.000000,0.000,0.000,AP
2026-05-15 08:09:26,1900-01-00 00:00:00,,60:E9:AA:1D:0F:F3,-29,,0.000000,0.000000,0.000,0.000,Client
2026-05-15 08:09:26,1900-01-00 00:00:00,dlink-615_EXT,40:86:CB:27:D2:0C,-29, WPA2 ,0.000000,0.000000,0.000,0.000,AP
2026-05-15 08:09:26,1900-01-00 00:00:00,,60:E9:AA:1D:0F:F3,-29,,0.000000,0.000000,0.000,0.000,Client
2026-05-15 08:09:26,1900-01-00 00:00:00,dlink-615_EXT,40:86:CB:27:D2:0C,-29, WPA2 ,0.000000,0.000000,0.000,0.000,AP
2026-05-15 08:09:26,1900-01-00 00:00:00,,60:E9:AA:1D:0F:F3,-29,,0.000000,0.000000,0.000,0.000,Client
2026-05-15 08:09:26,1900-01-00 00:00:00,dlink-615_EXT,40:86:CB:27:D2:0C,-29, WPA2 ,0.000000,0.000000,0.000,0.000,AP
2026-05-15 08:09:26,1900-01-00 00:00:00,,60:E9:AA:1D:0F:F3,-29,,0.000000,0.000000,0.000,0.000,Client
2026-05-15 08:09:26,1900-01-00 00:00:00,dlink-615_EXT,40:86:CB:27:D2:0C,-29, WPA2 ,0.000000,0.000000,0.000,0.000,AP
2026-05-15 08:09:26,1900-01-00 00:00:00,,60:E9:AA:1D:0F:F3,-29,,0.000000,0.000000,0.000,0.000,Client
2026-05-15 08:09:26,1900-01-00 00:00:00,dlink-615_EXT,40:86:CB:27:D2:0C,-29, WPA2 ,0.000000,0.000000,0.000,0.000,AP
2026-05-15 08:09:26,1900-01-00 00:00:00,,60:E9:AA:1D:0F:F3,-29,,0.000000,0.000000,0.000,0.000,Client
2026-05-15 08:09:26,1900-01-00 00:00:00,dlink-615_EXT,40:86:CB:27:D2:0C,-29, WPA2 ,0.000000,0.000000,0.000,0.000,AP
2026-05-15 08:09:26,1900-01-00 00:00:00,,60:E9:AA:1D:0F:F3,-29,,0.000000,0.000000,0.000,0.000,Client
2026-05-15 08:09:26,1900-01-00 00:00:00,dlink-615_EXT,40:86:CB:27:D2:0C,-29, WPA2 ,0.000000,0.000000,0.000,0.000,AP
2026-05-15 08:09:26,1900-01-00 00:00:00,,60:E9:AA:1D:0F:F3,-29,,0.000000,0.000000,0.000,0.000,Client
2026-05-15 08:09:26,1900-01-00 00:00:00,dlink-615_EXT,40:86:CB:27:D2:0C,-29, WPA2 ,0.000000,0.000000,0.000,0.000,AP
2026-05-15 08:09:26,1900-01-00 00:00:00,,60:E9:AA:1D:0F:F3,-29,,0.000000,0.000000,0.000,0.000,Client
2026-05-15 08:09:26,1900-01-00 00:00:00,dlink-615_EXT,40:86:CB:27:D2:0C,-29, WPA2 ,0.000000,0.000000,0.000,0.000,AP
2026-05-15 08:09:26,1900-01-00 00:00:00,,60:E9:AA:1D:0F:F3,-29,,0.000000,0.000000,0.000,0.000,Client
2026-05-15 08:09:26,1900-01-00 00:00:00,dlink-615_EXT,40:86:CB:27:D2:0C,-29, WPA2 ,0.000000,0.000000,0.000,0.000,AP
2026-05-15 08:09:26,1900-01-00 00:00:00,,60:E9:AA:1D:0F:F3,-29,,0.000000,0.000000,0.000,0.000,Client
2026-05-15 08:09:26,1900-01-00 00:00:00,dlink-615_EXT,40:86:CB:27:D2:0C,-29, WPA2 ,0.000000,0.000000,0.000,0.000,AP
2026-05-15 08:09:26,1900-01-00 00:00:00,,60:E9:AA:1D:0F:F3,-29,,0.000000,0.000000,0.000,0.000,Client
2026-05-15 08:09:26,1900-01-00 00:00:00,dlink-615_EXT,40:86:CB:27:D2:0C,-29, WPA2 ,0.000000,0.000000,0.000,0.000,AP
2026-05-15 08:09:26,1900-01-00 00:00:00,,60:E9:AA:1D:0F:F3,-29,,0.000000,0.000000,0.000,0.000,Client
2026-05-15 08:09:26,1900-01-00 00:00:00,dlink-615_EXT,40:86:CB:27:D2:0C,-51, WPA2 ,0.000000,0.000000,0.000,0.000,AP
2026-05-15 08:09:26,1900-01-00 00:00:00,dlink-615_EXT,40:86:CB:27:D2:0C,-51, WPA2 ,0.000000,0.000000,0.000,0.000,AP
2026-05-15 08:09:26,1900-01-00 00:00:00,dlink-615_EXT,40:86:CB:27:D2:0C,-53, WPA2 ,0.000000,0.000000,0.000,0.000,AP
2026-05-15 08:09:26,1900-01-00 00:00:00,dlink-615_EXT,40:86:CB:27:D2:0C,-53, WPA2 ,0.000000,0.000000,0.000,0.000,AP
2026-05-15 08:09:26,1900-01-00 00:00:00,dlink-615_EXT,40:86:CB:27:D2:0C,-53, WPA2 ,0.000000,0.000000,0.000,0.000,AP
2026-05-15 08:09:26,1900-01-00 00:00:00,,60:E9:AA:1D:0F:F3,-29,,0.000000,0.000000,0.000,0.000,Client
2026-05-15 08:09:26,1900-01-00 00:00:00,dlink-615_EXT,40:86:CB:27:D2:0C,-17, WPA2 ,0.000000,0.000000,0.000,0.000,AP
2026-05-15 08:09:26,1900-01-00 00:00:00,,60:E9:AA:1D:0F:F3,-17,,0.000000,0.000000,0.000,0.000,Client
2026-05-15 08:09:26,1900-01-00 00:00:00,dlink-615_EXT,40:86:CB:27:D2:0C,-29, WPA2 ,0.000000,0.000000,0.000,0.000,AP
2026-05-15 08:09:26,1900-01-00 00:00:00,,60:E9:AA:1D:0F:F3,-17,,0.000000,0.000000,0.000,0.000,Client
2026-05-15 08:09:26,1900-01-00 00:00:00,dlink-615_EXT,40:86:CB:27:D2:0C,-17, WPA2 ,0.000000,0.000000,0.000,0.000,AP
2026-05-15 08:09:26,1900-01-00 00:00:00,,60:E9:AA:1D:0F:F3,-17,,0.000000,0.000000,0.000,0.000,Client
2026-05-15 08:09:26,1900-01-00 00:00:00,dlink-615_EXT,40:86:CB:27:D2:0C,-19, WPA2 ,0.000000,0.000000,0.000,0.000,AP
2026-05-15 08:09:26,1900-01-00 00:00:00,,60:E9:AA:1D:0F:F3,-19,,0.000000,0.000000,0.000,0.000,Client
2026-05-15 08:09:26,1900-01-00 00:00:00,dlink-615_EXT,40:86:CB:27:D2:0C,-19, WPA2 ,0.000000,0.000000,0.000,0.000,AP
2026-05-15 08:09:26,1900-01-00 00:00:00,,60:E9:AA:1D:0F:F3,-19,,0.000000,0.000000,0.000,0.000,Client
2026-05-15 08:09:26,1900-01-00 00:00:00,dlink-615_EXT,40:86:CB:27:D2:0C,-17, WPA2 ,0.000000,0.000000,0.000,0.000,AP
2026-05-15 08:09:26,1900-01-00 00:00:00,,60:E9:AA:1D:0F:F3,-17,,0.000000,0.000000,0.000,0.000,Client
2026-05-15 08:09:26,1900-01-00 00:00:00,dlink-615_EXT,40:86:CB:27:D2:0C,-17, WPA2 ,0.000000,0.000000,0.000,0.000,AP
2026-05-15 08:09:26,1900-01-00 00:00:00,,60:E9:AA:1D:0F:F3,-17,,0.000000,0.000000,0.000,0.000,Client
2026-05-15 08:09:26,1900-01-00 00:00:00,dlink-615_EXT,40:86:CB:27:D2:0C,-17, WPA2 ,0.000000,0.000000,0.000,0.000,AP
2026-05-15 08:09:26,1900-01-00 00:00:00,dlink-615_EXT,40:86:CB:27:D2:0C,-17, WPA2 ,0.000000,0.000000,0.000,0.000,AP
2026-05-15 08:09:26,1900-01-00 00:00:00,,60:E9:AA:1D:0F:F3,-19,,0.000000,0.000000,0.000,0.000,Client
2026-05-15 08:09:26,1900-01-00 00:00:00,dlink-615_EXT,40:86:CB:27:D2:0C,-17, WPA2 ,0.000000,0.000000,0.000,0.000,AP
2026-05-15 08:09:26,1900-01-00 00:00:00,,60:E9:AA:1D:0F:F3,-17,,0.000000,0.000000,0.000,0.000,Client
2026-05-15 08:09:26,1900-01-00 00:00:00,dlink-615_EXT,40:86:CB:27:D2:0C,-19, WPA2 ,0.000000,0.000000,0.000,0.000,AP
2026-05-15 08:09:26,1900-01-00 00:00:00,,60:E9:AA:1D:0F:F3,-19,,0.000000,0.000000,0.000,0.000,Client
2026-05-15 08:09:26,1900-01-00 00:00:00,dlink-615_EXT,40:86:CB:27:D2:0C,-17, WPA2 ,0.000000,0.000000,0.000,0.000,AP
2026-05-15 08:09:26,1900-01-00 00:00:00,,60:E9:AA:1D:0F:F3,-17,,0.000000,0.000000,0.000,0.000,Client
2026-05-15 08:09:26,1900-01-00 00:00:00,dlink-615_EXT,40:86:CB:27:D2:0C,-17, WPA2 ,0.000000,0.000000,0.000,0.000,AP
2026-05-15 08:09:26,1900-01-00 00:00:00,,60:E9:AA:1D:0F:F3,-17,,0.000000,0.000000,0.000,0.000,Client
2026-05-15 08:09:26,1900-01-00 00:00:00,dlink-615_EXT,40:86:CB:27:D2:0C,-17, WPA2 ,0.000000,0.000000,0.000,0.000,AP
2026-05-15 08:09:26,1900-01-00 00:00:00,,60:E9:AA:1D:0F:F3,-17,,0.000000,0.000000,0.000,0.000,Client
2026-05-15 08:09:26,1900-01-00 00:00:00,dlink-615_EXT,40:86:CB:27:D2:0C,-17, WPA2 ,0.000000,0.000000,0.000,0.000,AP
2026-05-15 08:09:26,1900-01-00 00:00:00,,60:E9:AA:1D:0F:F3,-17,,0.000000,0.000000,0.000,0.000,Client
2026-05-15 08:09:26,1900-01-00 00:00:00,dlink-615_EXT,40:86:CB:27:D2:0C,-17, WPA2 ,0.000000,0.000000,0.000,0.000,AP
2026-05-15 08:09:26,1900-01-00 00:00:00,,60:E9:AA:1D:0F:F3,-17,,0.000000,0.000000,0.000,0.000,Client
2026-05-15 08:09:26,1900-01-00 00:00:00,dlink-615_EXT,40:86:CB:27:D2:0C,-17, WPA2 ,0.000000,0.000000,0.000,0.000,AP
2026-05-15 08:09:26,1900-01-00 00:00:00,,60:E9:AA:1D:0F:F3,-17,,0.000000,0.000000,0.000,0.000,Client
2026-05-15 08:09:26,1900-01-00 00:00:00,dlink-615_EXT,40:86:CB:27:D2:0C,-17, WPA2 ,0.000000,0.000000,0.000,0.000,AP
2026-05-15 08:09:26,1900-01-00 00:00:00,,60:E9:AA:1D:0F:F3,-17,,0.000000,0.000000,0.000,0.000,Client
2026-05-15 08:09:26,1900-01-00 00:00:00,dlink-615_EXT,40:86:CB:27:D2:0C,-17, WPA2 ,0.000000,0.000000,0.000,0.000,AP
2026-05-15 08:09:26,1900-01-00 00:00:00,,60:E9:AA:1D:0F:F3,-17,,0.000000,0.000000,0.000,0.000,Client
2026-05-15 08:09:26,1900-01-00 00:00:00,dlink-615_EXT,40:86:CB:27:D2:0C,-17, WPA2 ,0.000000,0.000000,0.000,0.000,AP
2026-05-15 08:09:26,1900-01-00 00:00:00,,60:E9:AA:1D:0F:F3,-17,,0.000000,0.000000,0.000,0.000,Client
2026-05-15 08:09:26,1900-01-00 00:00:00,dlink-615_EXT,40:86:CB:27:D2:0C,-17, WPA2 ,0.000000,0.000000,0.000,0.000,AP
2026-05-15 08:09:26,1900-01-00 00:00:00,,60:E9:AA:1D:0F:F3,-17,,0.000000,0.000000,0.000,0.000,Client
2026-05-15 08:09:26,1900-01-00 00:00:00,dlink-615_EXT,40:86:CB:27:D2:0C,-17, WPA2 ,0.000000,0.000000,0.000,0.000,AP
2026-05-15 08:09:26,1900-01-00 00:00:00,,60:E9:AA:1D:0F:F3,-25,,0.000000,0.000000,0.000,0.000,Client
2026-05-15 08:09:26,1900-01-00 00:00:00,,60:E9:AA:1D:0F:F3,-19,,0.000000,0.000000,0.000,0.000,Client
2026-05-15 08:09:26,1900-01-00 00:00:00,dlink-615_EXT,40:86:CB:27:D2:0C,-17, WPA2 ,0.000000,0.000000,0.000,0.000,AP
2026-05-15 08:09:26,1900-01-00 00:00:00,,60:E9:AA:1D:0F:F3,-25,,0.000000,0.000000,0.000,0.000,Client
2026-05-15 08:09:26,1900-01-00 00:00:00,dlink-615_EXT,40:86:CB:27:D2:0C,-17, WPA2 ,0.000000,0.000000,0.000,0.000,AP
2026-05-15 08:09:26,1900-01-00 00:00:00,dlink-615_EXT,40:86:CB:27:D2:0C,-25, WPA2 ,0.000000,0.000000,0.000,0.000,AP
2026-05-15 08:09:26,1900-01-00 00:00:00,,60:E9:AA:1D:0F:F3,-25,,0.000000,0.000000,0.000,0.000,Client
2026-05-15 08:09:26,1900-01-00 00:00:00,dlink-615_EXT,40:86:CB:27:D2:0C,-25, WPA2 ,0.000000,0.000000,0.000,0.000,AP
2026-05-15 08:09:26,1900-01-00 00:00:00,,60:E9:AA:1D:0F:F3,-25,,0.000000,0.000000,0.000,0.000,Client
2026-05-15 08:09:26,1900-01-00 00:00:00,dlink-615_EXT,40:86:CB:27:D2:0C,-25, WPA2 ,0.000000,0.000000,0.000,0.000,AP
2026-05-15 08:09:26,1900-01-00 00:00:00,,60:E9:AA:1D:0F:F3,-25,,0.000000,0.000000,0.000,0.000,Client
2026-05-15 08:09:26,1900-01-00 00:00:00,dlink-615_EXT,40:86:CB:27:D2:0C,-21, WPA2 ,0.000000,0.000000,0.000,0.000,AP
2026-05-15 08:09:26,1900-01-00 00:00:00,,60:E9:AA:1D:0F:F3,-21,,0.000000,0.000000,0.000,0.000,Client
2026-05-15 08:09:26,1900-01-00 00:00:00,dlink-615_EXT,40:86:CB:27:D2:0C,-23, WPA2 ,0.000000,0.000000,0.000,0.000,AP
2026-05-15 08:09:26,1900-01-00 00:00:00,,60:E9:AA:1D:0F:F3,-23,,0.000000,0.000000,0.000,0.000,Client
2026-05-15 08:09:26,1900-01-00 00:00:00,dlink-615_EXT,40:86:CB:27:D2:0C,-23, WPA2 ,0.000000,0.000000,0.000,0.000,AP
2026-05-15 08:09:26,1900-01-00 00:00:00,,60:E9:AA:1D:0F:F3,-23,,0.000000,0.000000,0.000,0.000,Client
2026-05-15 08:09:26,1900-01-00 00:00:00,dlink-615_EXT,40:86:CB:27:D2:0C,-23, WPA2 ,0.000000,0.000000,0.000,0.000,AP
2026-05-15 08:09:26,1900-01-00 00:00:00,,60:E9:AA:1D:0F:F3,-23,,0.000000,0.000000,0.000,0.000,Client
2026-05-15 08:09:26,1900-01-00 00:00:00,dlink-615_EXT,40:86:CB:27:D2:0C,-23, WPA2 ,0.000000,0.000000,0.000,0.000,AP
2026-05-15 08:09:26,1900-01-00 00:00:00,,60:E9:AA:1D:0F:F3,-23,,0.000000,0.000000,0.000,0.000,Client
2026-05-15 08:09:26,1900-01-00 00:00:00,dlink-615_EXT,40:86:CB:27:D2:0C,-23, WPA2 ,0.000000,0.000000,0.000,0.000,AP
2026-05-15 08:09:26,1900-01-00 00:00:00,,60:E9:AA:1D:0F:F3,-23,,0.000000,0.000000,0.000,0.000,Client
2026-05-15 08:09:26,1900-01-00 00:00:00,dlink-615_EXT,40:86:CB:27:D2:0C,-23, WPA2 ,0.000000,0.000000,0.000,0.000,AP
2026-05-15 08:09:26,1900-01-00 00:00:00,,60:E9:AA:1D:0F:F3,-23,,0.000000,0.000000,0.000,0.000,Client
2026-05-15 08:09:26,1900-01-00 00:00:00,dlink-615_EXT,40:86:CB:27:D2:0C,-21, WPA2 ,0.000000,0.000000,0.000,0.000,AP
2026-05-15 08:09:26,1900-01-00 00:00:00,,60:E9:AA:1D:0F:F3,-21,,0.000000,0.000000,0.000,0.000,Client
2026-05-15 08:09:26,1900-01-00 00:00:00,dlink-615_EXT,40:86:CB:27:D2:0C,-21, WPA2 ,0.000000,0.000000,0.000,0.000,AP
2026-05-15 08:09:26,1900-01-00 00:00:00,,60:E9:AA:1D:0F:F3,-21,,0.000000,0.000000,0.000,0.000,Client
2026-05-15 08:09:26,1900-01-00 00:00:00,dlink-615_EXT,40:86:CB:27:D2:0C,-21, WPA2 ,0.000000,0.000000,0.000,0.000,AP
2026-05-15 08:09:26,1900-01-00 00:00:00,,60:E9:AA:1D:0F:F3,-21,,0.000000,0.000000,0.000,0.000,Client
2026-05-15 08:09:26,1900-01-00 00:00:00,dlink-615_EXT,40:86:CB:27:D2:0C,-21, WPA2 ,0.000000,0.000000,0.000,0.000,AP
2026-05-15 08:09:26,1900-01-00 00:00:00,,60:E9:AA:1D:0F:F3,-21,,0.000000,0.000000,0.000,0.000,Client
2026-05-15 08:09:26,1900-01-00 00:00:00,dlink-615_EXT,40:86:CB:27:D2:0C,-23, WPA2 ,0.000000,0.000000,0.000,0.000,AP
2026-05-15 08:09:26,1900-01-00 00:00:00,,60:E9:AA:1D:0F:F3,-23,,0.000000,0.000000,0.000,0.000,Client
2026-05-15 08:09:26,1900-01-00 00:00:00,dlink-615_EXT,40:86:CB:27:D2:0C,-23, WPA2 ,0.000000,0.000000,0.000,0.000,AP
2026-05-15 08:09:26,1900-01-00 00:00:00,,60:E9:AA:1D:0F:F3,-23,,0.000000,0.000000,0.000,0.000,Client
2026-05-15 08:09:26,1900-01-00 00:00:00,dlink-615_EXT,40:86:CB:27:D2:0C,-21, WPA2 ,0.000000,0.000000,0.000,0.000,AP
2026-05-15 08:09:26,1900-01-00 00:00:00,,60:E9:AA:1D:0F:F3,-21,,0.000000,0.000000,0.000,0.000,Client
2026-05-15 08:09:26,1900-01-00 00:00:00,dlink-615_EXT,40:86:CB:27:D2:0C,-21, WPA2 ,0.000000,0.000000,0.000,0.000,AP
2026-05-15 08:09:26,1900-01-00 00:00:00,,60:E9:AA:1D:0F:F3,-21,,0.000000,0.000000,0.000,0.000,Client
2026-05-15 08:09:26,1900-01-00 00:00:00,dlink-615_EXT,40:86:CB:27:D2:0C,-21, WPA2 ,0.000000,0.000000,0.000,0.000,AP
2026-05-15 08:09:26,1900-01-00 00:00:00,,60:E9:AA:1D:0F:F3,-21,,0.000000,0.000000,0.000,0.000,Client
2026-05-15 08:09:26,1900-01-00 00:00:00,dlink-615_EXT,40:86:CB:27:D2:0C,-21, WPA2 ,0.000000,0.000000,0.000,0.000,AP
2026-05-15 08:09:26,1900-01-00 00:00:00,,60:E9:AA:1D:0F:F3,-21,,0.000000,0.000000,0.000,0.000,Client
2026-05-15 08:09:26,1900-01-00 00:00:00,dlink-615_EXT,40:86:CB:27:D2:0C,-23, WPA2 ,0.000000,0.000000,0.000,0.000,AP
2026-05-15 08:09:26,1900-01-00 00:00:00,,60:E9:AA:1D:0F:F3,-23,,0.000000,0.000000,0.000,0.000,Client
2026-05-15 08:09:26,1900-01-00 00:00:00,dlink-615_EXT,40:86:CB:27:D2:0C,-21, WPA2 ,0.000000,0.000000,0.000,0.000,AP
2026-05-15 08:09:26,1900-01-00 00:00:00,dlink-615_EXT,40:86:CB:27:D2:0C,-21, WPA2 ,0.000000,0.000000,0.000,0.000,AP
2026-05-15 08:09:26,1900-01-00 00:00:00,,60:E9:AA:1D:0F:F3,-21,,0.000000,0.000000,0.000,0.000,Client
2026-05-15 08:09:26,1900-01-00 00:00:00,dlink-615_EXT,40:86:CB:27:D2:0C,-21, WPA2 ,0.000000,0.000000,0.000,0.000,AP
2026-05-15 08:09:26,1900-01-00 00:00:00,,60:E9:AA:1D:0F:F3,-21,,0.000000,0.000000,0.000,0.000,Client
2026-05-15 08:09:27,1900-01-00 00:00:00,dlink-615_EXT,40:86:CB:27:D2:0C,-21, WPA2 ,0.000000,0.000000,0.000,0.000,AP
2026-05-15 08:09:27,1900-01-00 00:00:00,,60:E9:AA:1D:0F:F3,-21,,0.000000,0.000000,0.000,0.000,Client
2026-05-15 08:09:27,1900-01-00 00:00:00,dlink-615_EXT,40:86:CB:27:D2:0C,-21, WPA2 ,0.000000,0.000000,0.000,0.000,AP
2026-05-15 08:09:27,1900-01-00 00:00:00,,60:E9:AA:1D:0F:F3,-21,,0.000000,0.000000,0.000,0.000,Client
2026-05-15 08:09:27,1900-01-00 00:00:00,dlink-615_EXT,40:86:CB:27:D2:0C,-21, WPA2 ,0.000000,0.000000,0.000,0.000,AP
2026-05-15 08:09:27,1900-01-00 00:00:00,,60:E9:AA:1D:0F:F3,-21,,0.000000,0.000000,0.000,0.000,Client
2026-05-15 08:09:27,1900-01-00 00:00:00,dlink-615_EXT,40:86:CB:27:D2:0C,-21, WPA2 ,0.000000,0.000000,0.000,0.000,AP
2026-05-15 08:09:27,1900-01-00 00:00:00,,60:E9:AA:1D:0F:F3,-21,,0.000000,0.000000,0.000,0.000,Client
2026-05-15 08:09:27,1900-01-00 00:00:00,dlink-615_EXT,40:86:CB:27:D2:0C,-21, WPA2 ,0.000000,0.000000,0.000,0.000,AP
2026-05-15 08:09:27,1900-01-00 00:00:00,,60:E9:AA:1D:0F:F3,-21,,0.000000,0.000000,0.000,0.000,Client
2026-05-15 08:09:27,1900-01-00 00:00:00,dlink-615_EXT,40:86:CB:27:D2:0C,-21, WPA2 ,0.000000,0.000000,0.000,0.000,AP
2026-05-15 08:09:27,1900-01-00 00:00:00,,60:E9:AA:1D:0F:F3,-21,,0.000000,0.000000,0.000,0.000,Client
2026-05-15 08:09:27,1900-01-00 00:00:00,dlink-615_EXT,40:86:CB:27:D2:0C,-23, WPA2 ,0.000000,0.000000,0.000,0.000,AP
2026-05-15 08:09:27,1900-01-00 00:00:00,,60:E9:AA:1D:0F:F3,-23,,0.000000,0.000000,0.000,0.000,Client
2026-05-15 08:09:27,1900-01-00 00:00:00,dlink-615_EXT,40:86:CB:27:D2:0C,-23, WPA2 ,0.000000,0.000000,0.000,0.000,AP
2026-05-15 08:09:27,1900-01-00 00:00:00,,60:E9:AA:1D:0F:F3,-23,,0.000000,0.000000,0.000,0.000,Client
2026-05-15 08:09:27,1900-01-00 00:00:00,dlink-615_EXT,40:86:CB:27:D2:0C,-21, WPA2 ,0.000000,0.000000,0.000,0.000,AP
2026-05-15 08:09:27,1900-01-00 00:00:00,,60:E9:AA:1D:0F:F3,-21,,0.000000,0.000000,0.000,0.000,Client
2026-05-15 08:09:27,1900-01-00 00:00:00,dlink-615_EXT,40:86:CB:27:D2:0C,-21, WPA2 ,0.000000,0.000000,0.000,0.000,AP
2026-05-15 08:09:27,1900-01-00 00:00:00,,60:E9:AA:1D:0F:F3,-21,,0.000000,0.000000,0.000,0.000,Client
2026-05-15 08:09:27,1900-01-00 00:00:00,dlink-615_EXT,40:86:CB:27:D2:0C,-61, WPA2 ,0.000000,0.000000,0.000,0.000,AP
2026-05-15 08:09:27,1900-01-00 00:00:00,,60:E9:AA:1D:0F:F3,-61,,0.000000,0.000000,0.000,0.000,Client
2026-05-15 08:09:27,1900-01-00 00:00:00,dlink-615_EXT,40:86:CB:27:D2:0C,-61, WPA2 ,0.000000,0.000000,0.000,0.000,AP
2026-05-15 08:09:27,1900-01-00 00:00:00,,60:E9:AA:1D:0F:F3,-61,,0.000000,0.000000,0.000,0.000,Client
2026-05-15 08:09:27,1900-01-00 00:00:00,dlink-615_EXT,40:86:CB:27:D2:0C,-61, WPA2 ,0.000000,0.000000,0.000,0.000,AP
2026-05-15 08:09:27,1900-01-00 00:00:00,,60:E9:AA:1D:0F:F3,-61,,0.000000,0.000000,0.000,0.000,Client
2026-05-15 08:09:27,1900-01-00 00:00:00,dlink-615_EXT,40:86:CB:27:D2:0C,-61, WPA2 ,0.000000,0.000000,0.000,0.000,AP
2026-05-15 08:09:27,1900-01-00 00:00:00,,60:E9:AA:1D:0F:F3,-61,,0.000000,0.000000,0.000,0.000,Client
2026-05-15 08:09:27,1900-01-00 00:00:00,dlink-615_EXT,40:86:CB:27:D2:0C,-21, WPA2 ,0.000000,0.000000,0.000,0.000,AP
2026-05-15 08:09:27,1900-01-00 00:00:00,dlink-615_EXT,40:86:CB:27:D2:0C,-23, WPA2 ,0.000000,0.000000,0.000,0.000,AP
2026-05-15 08:09:27,1900-01-00 00:00:00,,60:E9:AA:1D:0F:F3,-23,,0.000000,0.000000,0.000,0.000,Client
2026-05-15 08:09:27,1900-01-00 00:00:00,dlink-615_EXT,40:86:CB:27:D2:0C,-23, WPA2 ,0.000000,0.000000,0.000,0.000,AP
2026-05-15 08:09:27,1900-01-00 00:00:00,,60:E9:AA:1D:0F:F3,-23,,0.000000,0.000000,0.000,0.000,Client
2026-05-15 08:09:27,1900-01-00 00:00:00,dlink-615_EXT,40:86:CB:27:D2:0C,-23, WPA2 ,0.000000,0.000000,0.000,0.000,AP
2026-05-15 08:09:27,1900-01-00 00:00:00,,60:E9:AA:1D:0F:F3,-23,,0.000000,0.000000,0.000,0.000,Client
2026-05-15 08:09:27,1900-01-00 00:00:00,dlink-615_EXT,40:86:CB:27:D2:0C,-23, WPA2 ,0.000000,0.000000,0.000,0.000,AP
2026-05-15 08:09:27,1900-01-00 00:00:00,,60:E9:AA:1D:0F:F3,-23,,0.000000,0.000000,0.000,0.000,Client
2026-05-15 08:09:27,1900-01-00 00:00:00,dlink-615_EXT,40:86:CB:27:D2:0C,-23, WPA2 ,0.000000,0.000000,0.000,0.000,AP
2026-05-15 08:09:27,1900-01-00 00:00:00,,60:E9:AA:1D:0F:F3,-23,,0.000000,0.000000,0.000,0.000,Client
2026-05-15 08:09:27,1900-01-00 00:00:00,dlink-615_EXT,40:86:CB:27:D2:0C,-19, WPA2 ,0.000000,0.000000,0.000,0.000,AP
2026-05-15 08:09:27,1900-01-00 00:00:00,dlink-615_EXT,40:86:CB:27:D2:0C,-17, WPA2 ,0.000000,0.000000,0.000,0.000,AP
2026-05-15 08:09:27,1900-01-00 00:00:00,dlink-615_EXT,40:86:CB:27:D2:0C,-17, WPA2 ,0.000000,0.000000,0.000,0.000,AP
2026-05-15 08:09:27,1900-01-00 00:00:00,,60:E9:AA:1D:0F:F3,-17,,0.000000,0.000000,0.000,0.000,Client
2026-05-15 08:09:27,1900-01-00 00:00:00,dlink-615_EXT,40:86:CB:27:D2:0C,-17, WPA2 ,0.000000,0.000000,0.000,0.000,AP
2026-05-15 08:09:27,1900-01-00 00:00:00,,60:E9:AA:1D:0F:F3,-17,,0.000000,0.000000,0.000,0.000,Client
2026-05-15 08:09:27,1900-01-00 00:00:00,dlink-615_EXT,40:86:CB:27:D2:0C,-17, WPA2 ,0.000000,0.000000,0.000,0.000,AP
2026-05-15 08:09:27,1900-01-00 00:00:00,,60:E9:AA:1D:0F:F3,-17,,0.000000,0.000000,0.000,0.000,Client
2026-05-15 08:09:27,1900-01-00 00:00:00,dlink-615_EXT,40:86:CB:27:D2:0C,-17, WPA2 ,0.000000,0.000000,0.000,0.000,AP
2026-05-15 08:09:27,1900-01-00 00:00:00,,60:E9:AA:1D:0F:F3,-17,,0.000000,0.000000,0.000,0.000,Client
2026-05-15 08:09:27,1900-01-00 00:00:00,dlink-615_EXT,40:86:CB:27:D2:0C,-19, WPA2 ,0.000000,0.000000,0.000,0.000,AP
2026-05-15 08:09:27,1900-01-00 00:00:00,,60:E9:AA:1D:0F:F3,-19,,0.000000,0.000000,0.000,0.000,Client
2026-05-15 08:09:27,1900-01-00 00:00:00,dlink-615_EXT,40:86:CB:27:D2:0C,-17, WPA2 ,0.000000,0.000000,0.000,0.000,AP
2026-05-15 08:09:27,1900-01-00 00:00:00,,60:E9:AA:1D:0F:F3,-17,,0.000000,0.000000,0.000,0.000,Client
2026-05-15 08:09:27,1900-01-00 00:00:00,dlink-615_EXT,40:86:CB:27:D2:0C,-17, WPA2 ,0.000000,0.000000,0.000,0.000,AP
2026-05-15 08:09:27,1900-01-00 00:00:00,,60:E9:AA:1D:0F:F3,-17,,0.000000,0.000000,0.000,0.000,Client
2026-05-15 08:09:27,1900-01-00 00:00:00,dlink-615_EXT,40:86:CB:27:D2:0C,-17, WPA2 ,0.000000,0.000000,0.000,0.000,AP
2026-05-15 08:09:27,1900-01-00 00:00:00,,60:E9:AA:1D:0F:F3,-17,,0.000000,0.000000,0.000,0.000,Client
2026-05-15 08:09:27,1900-01-00 00:00:00,dlink-615_EXT,40:86:CB:27:D2:0C,-17, WPA2 ,0.000000,0.000000,0.000,0.000,AP
2026-05-15 08:09:27,1900-01-00 00:00:00,,60:E9:AA:1D:0F:F3,-17,,0.000000,0.000000,0.000,0.000,Client
2026-05-15 08:09:27,1900-01-00 00:00:00,dlink-615_EXT,40:86:CB:27:D2:0C,-17, WPA2 ,0.000000,0.000000,0.000,0.000,AP
2026-05-15 08:09:27,1900-01-00 00:00:00,,60:E9:AA:1D:0F:F3,-17,,0.000000,0.000000,0.000,0.000,Client
2026-05-15 08:09:27,1900-01-00 00:00:00,dlink-615_EXT,40:86:CB:27:D2:0C,-19, WPA2 ,0.000000,0.000000,0.000,0.000,AP
2026-05-15 08:09:27,1900-01-00 00:00:00,,60:E9:AA:1D:0F:F3,-19,,0.000000,0.000000,0.000,0.000,Client
2026-05-15 08:09:27,1900-01-00 00:00:00,dlink-615_EXT,40:86:CB:27:D2:0C,-17, WPA2 ,0.000000,0.000000,0.000,0.000,AP
2026-05-15 08:09:27,1900-01-00 00:00:00,,60:E9:AA:1D:0F:F3,-17,,0.000000,0.000000,0.000,0.000,Client
2026-05-15 08:09:27,1900-01-00 00:00:00,dlink-615_EXT,40:86:CB:27:D2:0C,-17, WPA2 ,0.000000,0.000000,0.000,0.000,AP
2026-05-15 08:09:27,1900-01-00 00:00:00,,60:E9:AA:1D:0F:F3,-17,,0.000000,0.000000,0.000,0.000,Client
2026-05-15 08:09:27,1900-01-00 00:00:00,dlink-615_EXT,40:86:CB:27:D2:0C,-17, WPA2 ,0.000000,0.000000,0.000,0.000,AP
2026-05-15 08:09:27,1900-01-00 00:00:00,,60:E9:AA:1D:0F:F3,-17,,0.000000,0.000000,0.000,0.000,Client
2026-05-15 08:09:27,1900-01-00 00:00:00,dlink-615_EXT,40:86:CB:27:D2:0C,-21, WPA2 ,0.000000,0.000000,0.000,0.000,AP
2026-05-15 08:09:27,1900-01-00 00:00:00,,60:E9:AA:1D:0F:F3,-21,,0.000000,0.000000,0.000,0.000,Client
2026-05-15 08:09:27,1900-01-00 00:00:00,dlink-615_EXT,40:86:CB:27:D2:0C,-17, WPA2 ,0.000000,0.000000,0.000,0.000,AP
2026-05-15 08:09:27,1900-01-00 00:00:00,,60:E9:AA:1D:0F:F3,-17,,0.000000,0.000000,0.000,0.000,Client
2026-05-15 08:09:27,1900-01-00 00:00:00,dlink-615_EXT,40:86:CB:27:D2:0C,-17, WPA2 ,0.000000,0.000000,0.000,0.000,AP
2026-05-15 08:09:27,1900-01-00 00:00:00,,60:E9:AA:1D:0F:F3,-17,,0.000000,0.000000,0.000,0.000,Client
2026-05-15 08:09:27,1900-01-00 00:00:00,dlink-615_EXT,40:86:CB:27:D2:0C,-17, WPA2 ,0.000000,0.000000,0.000,0.000,AP
2026-05-15 08:09:27,1900-01-00 00:00:00,,60:E9:AA:1D:0F:F3,-17,,0.000000,0.000000,0.000,0.000,Client
2026-05-15 08:09:27,1900-01-00 00:00:00,dlink-615_EXT,40:86:CB:27:D2:0C,-17, WPA2 ,0.000000,0.000000,0.000,0.000,AP
2026-05-15 08:09:27,1900-01-00 00:00:00,,60:E9:AA:1D:0F:F3,-17,,0.000000,0.000000,0.000,0.000,Client
2026-05-15 08:09:27,1900-01-00 00:00:00,dlink-615_EXT,40:86:CB:27:D2:0C,-17, WPA2 ,0.000000,0.000000,0.000,0.000,AP
2026-05-15 08:09:27,1900-01-00 00:00:00,,60:E9:AA:1D:0F:F3,-17,,0.000000,0.000000,0.000,0.000,Client
2026-05-15 08:09:27,1900-01-00 00:00:00,dlink-615_EXT,40:86:CB:27:D2:0C,-17, WPA2 ,0.000000,0.000000,0.000,0.000,AP
2026-05-15 08:09:27,1900-01-00 00:00:00,,60:E9:AA:1D:0F:F3,-17,,0.000000,0.000000,0.000,0.000,Client
2026-05-15 08:09:27,1900-01-00 00:00:00,dlink-615_EXT,40:86:CB:27:D2:0C,-17, WPA2 ,0.000000,0.000000,0.000,0.000,AP
2026-05-15 08:09:27,1900-01-00 00:00:00,,60:E9:AA:1D:0F:F3,-17,,0.000000,0.000000,0.000,0.000,Client
2026-05-15 08:09:27,1900-01-00 00:00:00,dlink-615_EXT,40:86:CB:27:D2:0C,-17, WPA2 ,0.000000,0.000000,0.000,0.000,AP
2026-05-15 08:09:27,1900-01-00 00:00:00,,60:E9:AA:1D:0F:F3,-17,,0.000000,0.000000,0.000,0.000,Client
2026-05-15 08:09:27,1900-01-00 00:00:00,dlink-615_EXT,40:86:CB:27:D2:0C,-17, WPA2 ,0.000000,0.000000,0.000,0.000,AP
2026-05-15 08:09:27,1900-01-00 00:00:00,,60:E9:AA:1D:0F:F3,-17,,0.000000,0.000000,0.000,0.000,Client
2026-05-15 08:09:27,1900-01-00 00:00:00,dlink-615_EXT,40:86:CB:27:D2:0C,-17, WPA2 ,0.000000,0.000000,0.000,0.000,AP
2026-05-15 08:09:27,1900-01-00 00:00:00,,60:E9:AA:1D:0F:F3,-17,,0.000000,0.000000,0.000,0.000,Client
2026-05-15 08:09:27,1900-01-00 00:00:00,dlink-615_EXT,40:86:CB:27:D2:0C,-17, WPA2 ,0.000000,0.000000,0.000,0.000,AP
2026-05-15 08:09:27,1900-01-00 00:00:00,,60:E9:AA:1D:0F:F3,-17,,0.000000,0.000000,0.000,0.000,Client
2026-05-15 08:09:27,1900-01-00 00:00:00,dlink-615_EXT,40:86:CB:27:D2:0C,-17, WPA2 ,0.000000,0.000000,0.000,0.000,AP
2026-05-15 08:09:27,1900-01-00 00:00:00,,60:E9:AA:1D:0F:F3,-17,,0.000000,0.000000,0.000,0.000,Client
2026-05-15 08:09:27,1900-01-00 00:00:00,dlink-615_EXT,40:86:CB:27:D2:0C,-17, WPA2 ,0.000000,0.000000,0.000,0.000,AP
2026-05-15 08:09:27,1900-01-00 00:00:00,,60:E9:AA:1D:0F:F3,-17,,0.000000,0.000000,0.000,0.000,Client
2026-05-15 08:09:27,1900-01-00 00:00:00,dlink-615_EXT,40:86:CB:27:D2:0C,-17, WPA2 ,0.000000,0.000000,0.000,0.000,AP
2026-05-15 08:09:27,1900-01-00 00:00:00,,60:E9:AA:1D:0F:F3,-17,,0.000000,0.000000,0.000,0.000,Client
2026-05-15 08:09:27,1900-01-00 00:00:00,dlink-615_EXT,40:86:CB:27:D2:0C,-17, WPA2 ,0.000000,0.000000,0.000,0.000,AP
2026-05-15 08:09:27,1900-01-00 00:00:00,,60:E9:AA:1D:0F:F3,-17,,0.000000,0.000000,0.000,0.000,Client
2026-05-15 08:09:27,1900-01-00 00:00:00,dlink-615_EXT,40:86:CB:27:D2:0C,-17, WPA2 ,0.000000,0.000000,0.000,0.000,AP
2026-05-15 08:09:27,1900-01-00 00:00:00,,60:E9:AA:1D:0F:F3,-17,,0.000000,0.000000,0.000,0.000,Client
2026-05-15 08:09:27,1900-01-00 00:00:00,dlink-615_EXT,40:86:CB:27:D2:0C,-17, WPA2 ,0.000000,0.000000,0.000,0.000,AP
2026-05-15 08:09:27,1900-01-00 00:00:00,,60:E9:AA:1D:0F:F3,-17,,0.000000,0.000000,0.000,0.000,Client
2026-05-15 08:09:27,1900-01-00 00:00:00,dlink-615_EXT,40:86:CB:27:D2:0C,-17, WPA2 ,0.000000,0.000000,0.000,0.000,AP
2026-05-15 08:09:27,1900-01-00 00:00:00,,60:E9:AA:1D:0F:F3,-17,,0.000000,0.000000,0.000,0.000,Client
2026-05-15 08:09:27,1900-01-00 00:00:00,dlink-615_EXT,40:86:CB:27:D2:0C,-17, WPA2 ,0.000000,0.000000,0.000,0.000,AP
2026-05-15 08:09:27,1900-01-00 00:00:00,,60:E9:AA:1D:0F:F3,-17,,0.000000,0.000000,0.000,0.000,Client
2026-05-15 08:09:27,1900-01-00 00:00:00,dlink-615_EXT,40:86:CB:27:D2:0C,-17, WPA2 ,0.000000,0.000000,0.000,0.000,AP
2026-05-15 08:09:27,1900-01-00 00:00:00,,60:E9:AA:1D:0F:F3,-17,,0.000000,0.000000,0.000,0.000,Client
2026-05-15 08:09:27,1900-01-00 00:00:00,dlink-615_EXT,40:86:CB:27:D2:0C,-17, WPA2 ,0.000000,0.000000,0.000,0.000,AP
2026-05-15 08:09:27,1900-01-00 00:00:00,,60:E9:AA:1D:0F:F3,-17,,0.000000,0.000000,0.000,0.000,Client
2026-05-15 08:09:27,1900-01-00 00:00:00,dlink-615_EXT,40:86:CB:27:D2:0C,-17, WPA2 ,0.000000,0.000000,0.000,0.000,AP
2026-05-15 08:09:27,1900-01-00 00:00:00,,60:E9:AA:1D:0F:F3,-17,,0.000000,0.000000,0.000,0.000,Client
2026-05-15 08:09:27,1900-01-00 00:00:00,dlink-615_EXT,40:86:CB:27:D2:0C,-17, WPA2 ,0.000000,0.000000,0.000,0.000,AP
2026-05-15 08:09:27,1900-01-00 00:00:00,,60:E9:AA:1D:0F:F3,-17,,0.000000,0.000000,0.000,0.000,Client
2026-05-15 08:09:27,1900-01-00 00:00:00,dlink-615_EXT,40:86:CB:27:D2:0C,-17, WPA2 ,0.000000,0.000000,0.000,0.000,AP
2026-05-15 08:09:27,1900-01-00 00:00:00,,60:E9:AA:1D:0F:F3,-17,,0.000000,0.000000,0.000,0.000,Client
2026-05-15 08:09:27,1900-01-00 00:00:00,dlink-615_EXT,40:86:CB:27:D2:0C,-17, WPA2 ,0.000000,0.000000,0.000,0.000,AP
2026-05-15 08:09:27,1900-01-00 00:00:00,,60:E9:AA:1D:0F:F3,-17,,0.000000,0.000000,0.000,0.000,Client
2026-05-15 08:09:27,1900-01-00 00:00:00,dlink-615_EXT,40:86:CB:27:D2:0C,-17, WPA2 ,0.000000,0.000000,0.000,0.000,AP
2026-05-15 08:09:27,1900-01-00 00:00:00,,60:E9:AA:1D:0F:F3,-17,,0.000000,0.000000,0.000,0.000,Client
2026-05-15 08:09:27,1900-01-00 00:00:00,dlink-615_EXT,40:86:CB:27:D2:0C,-17, WPA2 ,0.000000,0.000000,0.000,0.000,AP
2026-05-15 08:09:27,1900-01-00 00:00:00,,60:E9:AA:1D:0F:F3,-17,,0.000000,0.000000,0.000,0.000,Client
2026-05-15 08:09:27,1900-01-00 00:00:00,dlink-615_EXT,40:86:CB:27:D2:0C,-17, WPA2 ,0.000000,0.000000,0.000,0.000,AP
2026-05-15 08:09:27,1900-01-00 00:00:00,,60:E9:AA:1D:0F:F3,-17,,0.000000,0.000000,0.000,0.000,Client
2026-05-15 08:09:27,1900-01-00 00:00:00,dlink-615_EXT,40:86:CB:27:D2:0C,-17, WPA2 ,0.000000,0.000000,0.000,0.000,AP
2026-05-15 08:09:27,1900-01-00 00:00:00,,60:E9:AA:1D:0F:F3,-17,,0.000000,0.000000,0.000,0.000,Client
2026-05-15 08:09:27,1900-01-00 00:00:00,dlink-615_EXT,40:86:CB:27:D2:0C,-17, WPA2 ,0.000000,0.000000,0.000,0.000,AP
2026-05-15 08:09:27,1900-01-00 00:00:00,,60:E9:AA:1D:0F:F3,-17,,0.000000,0.000000,0.000,0.000,Client
2026-05-15 08:09:27,1900-01-00 00:00:00,dlink-615_EXT,40:86:CB:27:D2:0C,-17, WPA2 ,0.000000,0.000000,0.000,0.000,AP
2026-05-15 08:09:27,1900-01-00 00:00:00,,60:E9:AA:1D:0F:F3,-17,,0.000000,0.000000,0.000,0.000,Client
2026-05-15 08:09:27,1900-01-00 00:00:00,dlink-615_EXT,40:86:CB:27:D2:0C,-17, WPA2 ,0.000000,0.000000,0.000,0.000,AP
2026-05-15 08:09:27,1900-01-00 00:00:00,,60:E9:AA:1D:0F:F3,-17,,0.000000,0.000000,0.000,0.000,Client
2026-05-15 08:09:27,1900-01-00 00:00:00,dlink-615_EXT,40:86:CB:27:D2:0C,-17, WPA2 ,0.000000,0.000000,0.000,0.000,AP
2026-05-15 08:09:27,1900-01-00 00:00:00,,60:E9:AA:1D:0F:F3,-17,,0.000000,0.000000,0.000,0.000,Client
2026-05-15 08:09:27,1900-01-00 00:00:00,dlink-615_EXT,40:86:CB:27:D2:0C,-17, WPA2 ,0.000000,0.000000,0.000,0.000,AP
2026-05-15 08:09:27,1900-01-00 00:00:00,dlink-615_EXT,40:86:CB:27:D2:0C,-65, WPA2 ,0.000000,0.000000,0.000,0.000,AP
2026-05-15 08:09:27,1900-01-00 00:00:00,,60:E9:AA:1D:0F:F3,-65,,0.000000,0.000000,0.000,0.000,Client
2026-05-15 08:09:27,1900-01-00 00:00:00,dlink-615_EXT,40:86:CB:27:D2:0C,-65, WPA2 ,0.000000,0.000000,0.000,0.000,AP
2026-05-15 08:09:27,1900-01-00 00:00:00,,60:E9:AA:1D:0F:F3,-65,,0.000000,0.000000,0.000,0.000,Client
2026-05-15 08:09:27,1900-01-00 00:00:00,dlink-615_EXT,40:86:CB:27:D2:0C,-65, WPA2 ,0.000000,0.000000,0.000,0.000,AP
2026-05-15 08:09:27,1900-01-00 00:00:00,,60:E9:AA:1D:0F:F3,-65,,0.000000,0.000000,0.000,0.000,Client
2026-05-15 08:09:27,1900-01-00 00:00:00,dlink-615_EXT,40:86:CB:27:D2:0C,-65, WPA2 ,0.000000,0.000000,0.000,0.000,AP
2026-05-15 08:09:27,1900-01-00 00:00:00,,60:E9:AA:1D:0F:F3,-65,,0.000000,0.000000,0.000,0.000,Client
2026-05-15 08:09:27,1900-01-00 00:00:00,dlink-615_EXT,40:86:CB:27:D2:0C,-65, WPA2 ,0.000000,0.000000,0.000,0.000,AP
2026-05-15 08:09:27,1900-01-00 00:00:00,,60:E9:AA:1D:0F:F3,-65,,0.000000,0.000000,0.000,0.000,Client
2026-05-15 08:09:27,1900-01-00 00:00:00,dlink-615_EXT,40:86:CB:27:D2:0C,-65, WPA2 ,0.000000,0.000000,0.000,0.000,AP
2026-05-15 08:09:27,1900-01-00 00:00:00,,60:E9:AA:1D:0F:F3,-65,,0.000000,0.000000,0.000,0.000,Client
2026-05-15 08:09:27,1900-01-00 00:00:00,dlink-615_EXT,40:86:CB:27:D2:0C,-65, WPA2 ,0.000000,0.000000,0.000,0.000,AP
2026-05-15 08:09:27,1900-01-00 00:00:00,,60:E9:AA:1D:0F:F3,-65,,0.000000,0.000000,0.000,0.000,Client
2026-05-15 08:09:27,1900-01-00 00:00:00,dlink-615_EXT,40:86:CB:27:D2:0C,-65, WPA2 ,0.000000,0.000000,0.000,0.000,AP
2026-05-15 08:09:27,1900-01-00 00:00:00,,60:E9:AA:1D:0F:F3,-65,,0.000000,0.000000,0.000,0.000,Client
2026-05-15 08:09:27,1900-01-00 00:00:00,dlink-615_EXT,40:86:CB:27:D2:0C,-65, WPA2 ,0.000000,0.000000,0.000,0.000,AP
2026-05-15 08:09:27,1900-01-00 00:00:00,,60:E9:AA:1D:0F:F3,-65,,0.000000,0.000000,0.000,0.000,Client
2026-05-15 08:09:27,1900-01-00 00:00:00,dlink-615_EXT,40:86:CB:27:D2:0C,-65, WPA2 ,0.000000,0.000000,0.000,0.000,AP
2026-05-15 08:09:27,1900-01-00 00:00:00,,60:E9:AA:1D:0F:F3,-65,,0.000000,0.000000,0.000,0.000,Client
2026-05-15 08:09:27,1900-01-00 00:00:00,dlink-615_EXT,40:86:CB:27:D2:0C,-65, WPA2 ,0.000000,0.000000,0.000,0.000,AP
2026-05-15 08:09:27,1900-01-00 00:00:00,,60:E9:AA:1D:0F:F3,-65,,0.000000,0.000000,0.000,0.000,Client
2026-05-15 08:09:27,1900-01-00 00:00:00,dlink-615_EXT,40:86:CB:27:D2:0C,-65, WPA2 ,0.000000,0.000000,0.000,0.000,AP
2026-05-15 08:09:27,1900-01-00 00:00:00,,60:E9:AA:1D:0F:F3,-65,,0.000000,0.000000,0.000,0.000,Client
2026-05-15 08:09:27,1900-01-00 00:00:00,dlink-615_EXT,40:86:CB:27:D2:0C,-65, WPA2 ,0.000000,0.000000,0.000,0.000,AP
2026-05-15 08:09:27,1900-01-00 00:00:00,,60:E9:AA:1D:0F:F3,-65,,0.000000,0.000000,0.000,0.000,Client
2026-05-15 08:09:27,1900-01-00 00:00:00,dlink-615_EXT,40:86:CB:27:D2:0C,-65, WPA2 ,0.000000,0.000000,0.000,0.000,AP
2026-05-15 08:09:27,1900-01-00 00:00:00,,60:E9:AA:1D:0F:F3,-65,,0.000000,0.000000,0.000,0.000,Client
2026-05-15 08:09:27,1900-01-00 00:00:00,dlink-615_EXT,40:86:CB:27:D2:0C,-65, WPA2 ,0.000000,0.000000,0.000,0.000,AP
2026-05-15 08:09:27,1900-01-00 00:00:00,,60:E9:AA:1D:0F:F3,-65,,0.000000,0.000000,0.000,0.000,Client
2026-05-15 08:09:27,1900-01-00 00:00:00,dlink-615_EXT,40:86:CB:27:D2:0C,-65, WPA2 ,0.000000,0.000000,0.000,0.000,AP
2026-05-15 08:09:27,1900-01-00 00:00:00,,60:E9:AA:1D:0F:F3,-65,,0.000000,0.000000,0.000,0.000,Client
2026-05-15 08:09:27,1900-01-00 00:00:00,dlink-615_EXT,40:86:CB:27:D2:0C,-19, WPA2 ,0.000000,0.000000,0.000,0.000,AP
2026-05-15 08:09:27,1900-01-00 00:00:00,,60:E9:AA:1D:0F:F3,-29,,0.000000,0.000000,0.000,0.000,Client
2026-05-15 08:09:27,1900-01-00 00:00:00,dlink-615_EXT,40:86:CB:27:D2:0C,-15, WPA2 ,0.000000,0.000000,0.000,0.000,AP
2026-05-15 08:09:27,1900-01-00 00:00:00,,60:E9:AA:1D:0F:F3,-29,,0.000000,0.000000,0.000,0.000,Client
2026-05-15 08:09:27,1900-01-00 00:00:00,dlink-615_EXT,40:86:CB:27:D2:0C,-29, WPA2 ,0.000000,0.000000,0.000,0.000,AP
2026-05-15 08:09:27,1900-01-00 00:00:00,,60:E9:AA:1D:0F:F3,-29,,0.000000,0.000000,0.000,0.000,Client
2026-05-15 08:09:27,1900-01-00 00:00:00,dlink-615_EXT,40:86:CB:27:D2:0C,-19, WPA2 ,0.000000,0.000000,0.000,0.000,AP
2026-05-15 08:09:27,1900-01-00 00:00:00,,60:E9:AA:1D:0F:F3,-19,,0.000000,0.000000,0.000,0.000,Client
2026-05-15 08:09:27,1900-01-00 00:00:00,dlink-615_EXT,40:86:CB:27:D2:0C,-15, WPA2 ,0.000000,0.000000,0.000,0.000,AP
2026-05-15 08:09:27,1900-01-00 00:00:00,,60:E9:AA:1D:0F:F3,-15,,0.000000,0.000000,0.000,0.000,Client
2026-05-15 08:09:27,1900-01-00 00:00:00,dlink-615_EXT,40:86:CB:27:D2:0C,-17, WPA2 ,0.000000,0.000000,0.000,0.000,AP
2026-05-15 08:09:27,1900-01-00 00:00:00,,60:E9:AA:1D:0F:F3,-17,,0.000000,0.000000,0.000,0.000,Client
2026-05-15 08:09:27,1900-01-00 00:00:00,dlink-615_EXT,40:86:CB:27:D2:0C,-19, WPA2 ,0.000000,0.000000,0.000,0.000,AP
2026-05-15 08:09:27,1900-01-00 00:00:00,,60:E9:AA:1D:0F:F3,-19,,0.000000,0.000000,0.000,0.000,Client
2026-05-15 08:09:27,1900-01-00 00:00:00,dlink-615_EXT,40:86:CB:27:D2:0C,-17, WPA2 ,0.000000,0.000000,0.000,0.000,AP
2026-05-15 08:09:27,1900-01-00 00:00:00,,60:E9:AA:1D:0F:F3,-17,,0.000000,0.000000,0.000,0.000,Client
2026-05-15 08:09:27,1900-01-00 00:00:00,dlink-615_EXT,40:86:CB:27:D2:0C,-17, WPA2 ,0.000000,0.000000,0.000,0.000,AP
2026-05-15 08:09:27,1900-01-00 00:00:00,dlink-615_EXT,40:86:CB:27:D2:0C,-19, WPA2 ,0.000000,0.000000,0.000,0.000,AP
2026-05-15 08:09:27,1900-01-00 00:00:00,dlink-615_EXT,40:86:CB:27:D2:0C,-19, WPA2 ,0.000000,0.000000,0.000,0.000,AP
2026-05-15 08:09:27,1900-01-00 00:00:00,,60:E9:AA:1D:0F:F3,-17,,0.000000,0.000000,0.000,0.000,Client
2026-05-15 08:09:27,1900-01-00 00:00:00,dlink-615_EXT,40:86:CB:27:D2:0C,-17, WPA2 ,0.000000,0.000000,0.000,0.000,AP
2026-05-15 08:09:27,1900-01-00 00:00:00,,60:E9:AA:1D:0F:F3,-17,,0.000000,0.000000,0.000,0.000,Client
2026-05-15 08:09:27,1900-01-00 00:00:00,dlink-615_EXT,40:86:CB:27:D2:0C,-17, WPA2 ,0.000000,0.000000,0.000,0.000,AP
2026-05-15 08:09:27,1900-01-00 00:00:00,,60:E9:AA:1D:0F:F3,-17,,0.000000,0.000000,0.000,0.000,Client
2026-05-15 08:09:27,1900-01-00 00:00:00,dlink-615_EXT,40:86:CB:27:D2:0C,-17, WPA2 ,0.000000,0.000000,0.000,0.000,AP
2026-05-15 08:09:27,1900-01-00 00:00:00,,60:E9:AA:1D:0F:F3,-17,,0.000000,0.000000,0.000,0.000,Client
2026-05-15 08:09:27,1900-01-00 00:00:00,dlink-615_EXT,40:86:CB:27:D2:0C,-17, WPA2 ,0.000000,0.000000,0.000,0.000,AP
2026-05-15 08:09:27,1900-01-00 00:00:00,,60:E9:AA:1D:0F:F3,-17,,0.000000,0.000000,0.000,0.000,Client
2026-05-15 08:09:27,1900-01-00 00:00:00,dlink-615_EXT,40:86:CB:27:D2:0C,-17, WPA2 ,0.000000,0.000000,0.000,0.000,AP
2026-05-15 08:09:27,1900-01-00 00:00:00,,60:E9:AA:1D:0F:F3,-17,,0.000000,0.000000,0.000,0.000,Client
2026-05-15 08:09:27,1900-01-00 00:00:00,dlink-615_EXT,40:86:CB:27:D2:0C,-17, WPA2 ,0.000000,0.000000,0.000,0.000,AP
2026-05-15 08:09:27,1900-01-00 00:00:00,,60:E9:AA:1D:0F:F3,-17,,0.000000,0.000000,0.000,0.000,Client
2026-05-15 08:09:27,1900-01-00 00:00:00,dlink-615_EXT,40:86:CB:27:D2:0C,-17, WPA2 ,0.000000,0.000000,0.000,0.000,AP
2026-05-15 08:09:27,1900-01-00 00:00:00,,60:E9:AA:1D:0F:F3,-17,,0.000000,0.000000,0.000,0.000,Client
2026-05-15 08:09:27,1900-01-00 00:00:00,dlink-615_EXT,40:86:CB:27:D2:0C,-17, WPA2 ,0.000000,0.000000,0.000,0.000,AP
2026-05-15 08:09:27,1900-01-00 00:00:00,,60:E9:AA:1D:0F:F3,-17,,0.000000,0.000000,0.000,0.000,Client
2026-05-15 08:09:27,1900-01-00 00:00:00,dlink-615_EXT,40:86:CB:27:D2:0C,-61, WPA2 ,0.000000,0.000000,0.000,0.000,AP
2026-05-15 08:09:27,1900-01-00 00:00:00,,60:E9:AA:1D:0F:F3,-61,,0.000000,0.000000,0.000,0.000,Client
2026-05-15 08:09:27,1900-01-00 00:00:00,dlink-615_EXT,40:86:CB:27:D2:0C,-61, WPA2 ,0.000000,0.000000,0.000,0.000,AP
2026-05-15 08:09:27,1900-01-00 00:00:00,,60:E9:AA:1D:0F:F3,-61,,0.000000,0.000000,0.000,0.000,Client
2026-05-15 08:09:27,1900-01-00 00:00:00,dlink-615_EXT,40:86:CB:27:D2:0C,-61, WPA2 ,0.000000,0.000000,0.000,0.000,AP
2026-05-15 08:09:27,1900-01-00 00:00:00,,60:E9:AA:1D:0F:F3,-61,,0.000000,0.000000,0.000,0.000,Client
2026-05-15 08:09:27,1900-01-00 00:00:00,dlink-615_EXT,40:86:CB:27:D2:0C,-61, WPA2 ,0.000000,0.000000,0.000,0.000,AP
2026-05-15 08:09:27,1900-01-00 00:00:00,,60:E9:AA:1D:0F:F3,-61,,0.000000,0.000000,0.000,0.000,Client
2026-05-15 08:09:27,1900-01-00 00:00:00,dlink-615_EXT,40:86:CB:27:D2:0C,-61, WPA2 ,0.000000,0.000000,0.000,0.000,AP
2026-05-15 08:09:27,1900-01-00 00:00:00,dlink-615_EXT,40:86:CB:27:D2:0C,-61, WPA2 ,0.000000,0.000000,0.000,0.000,AP
2026-05-15 08:09:27,1900-01-00 00:00:00,dlink-615_EXT,40:86:CB:27:D2:0C,-61, WPA2 ,0.000000,0.000000,0.000,0.000,AP
2026-05-15 08:09:27,1900-01-00 00:00:00,,60:E9:AA:1D:0F:F3,-61,,0.000000,0.000000,0.000,0.000,Client
2026-05-15 08:09:27,1900-01-00 00:00:00,dlink-615_EXT,40:86:CB:27:D2:0C,-61, WPA2 ,0.000000,0.000000,0.000,0.000,AP
2026-05-15 08:09:27,1900-01-00 00:00:00,,60:E9:AA:1D:0F:F3,-61,,0.000000,0.000000,0.000,0.000,Client
2026-05-15 08:09:27,1900-01-00 00:00:00,dlink-615_EXT,40:86:CB:27:D2:0C,-61, WPA2 ,0.000000,0.000000,0.000,0.000,AP
2026-05-15 08:09:28,1900-01-00 00:00:00,,60:E9:AA:1D:0F:F3,-61,,0.000000,0.000000,0.000,0.000,Client
2026-05-15 08:09:28,1900-01-00 00:00:00,dlink-615_EXT,40:86:CB:27:D2:0C,-61, WPA2 ,0.000000,0.000000,0.000,0.000,AP
2026-05-15 08:09:28,1900-01-00 00:00:00,,60:E9:AA:1D:0F:F3,-61,,0.000000,0.000000,0.000,0.000,Client
2026-05-15 08:09:28,1900-01-00 00:00:00,dlink-615_EXT,40:86:CB:27:D2:0C,-61, WPA2 ,0.000000,0.000000,0.000,0.000,AP
2026-05-15 08:09:28,1900-01-00 00:00:00,,60:E9:AA:1D:0F:F3,-61,,0.000000,0.000000,0.000,0.000,Client
2026-05-15 08:09:28,1900-01-00 00:00:00,dlink-615_EXT,40:86:CB:27:D2:0C,-61, WPA2 ,0.000000,0.000000,0.000,0.000,AP
2026-05-15 08:09:28,1900-01-00 00:00:00,,60:E9:AA:1D:0F:F3,-61,,0.000000,0.000000,0.000,0.000,Client
2026-05-15 08:09:28,1900-01-00 00:00:00,dlink-615_EXT,40:86:CB:27:D2:0C,-61, WPA2 ,0.000000,0.000000,0.000,0.000,AP
2026-05-15 08:09:28,1900-01-00 00:00:00,dlink-615_EXT,40:86:CB:27:D2:0C,-61, WPA2 ,0.000000,0.000000,0.000,0.000,AP
2026-05-15 08:09:28,1900-01-00 00:00:00,,60:E9:AA:1D:0F:F3,-61,,0.000000,0.000000,0.000,0.000,Client
2026-05-15 08:09:28,1900-01-00 00:00:00,dlink-615_EXT,40:86:CB:27:D2:0C,-61, WPA2 ,0.000000,0.000000,0.000,0.000,AP
2026-05-15 08:09:28,1900-01-00 00:00:00,,60:E9:AA:1D:0F:F3,-61,,0.000000,0.000000,0.000,0.000,Client
2026-05-15 08:09:28,1900-01-00 00:00:00,dlink-615_EXT,40:86:CB:27:D2:0C,-57, WPA2 ,0.000000,0.000000,0.000,0.000,AP
2026-05-15 08:09:28,1900-01-00 00:00:00,dlink-615_EXT,40:86:CB:27:D2:0C,-57, WPA2 ,0.000000,0.000000,0.000,0.000,AP
2026-05-15 08:09:28,1900-01-00 00:00:00,,60:E9:AA:1D:0F:F3,-63,,0.000000,0.000000,0.000,0.000,Client
2026-05-15 08:09:28,1900-01-00 00:00:00,dlink-615_EXT,40:86:CB:27:D2:0C,-63, WPA2 ,0.000000,0.000000,0.000,0.000,AP
2026-05-15 08:09:28,1900-01-00 00:00:00,,60:E9:AA:1D:0F:F3,-63,,0.000000,0.000000,0.000,0.000,Client
2026-05-15 08:09:28,1900-01-00 00:00:00,dlink-615_EXT,40:86:CB:27:D2:0C,-63, WPA2 ,0.000000,0.000000,0.000,0.000,AP
2026-05-15 08:09:28,1900-01-00 00:00:00,,60:E9:AA:1D:0F:F3,-63,,0.000000,0.000000,0.000,0.000,Client
2026-05-15 08:09:28,1900-01-00 00:00:00,dlink-615_EXT,40:86:CB:27:D2:0C,-63, WPA2 ,0.000000,0.000000,0.000,0.000,AP
2026-05-15 08:09:28,1900-01-00 00:00:00,,60:E9:AA:1D:0F:F3,-63,,0.000000,0.000000,0.000,0.000,Client
2026-05-15 08:09:28,1900-01-00 00:00:00,dlink-615_EXT,40:86:CB:27:D2:0C,-63, WPA2 ,0.000000,0.000000,0.000,0.000,AP
2026-05-15 08:09:28,1900-01-00 00:00:00,,60:E9:AA:1D:0F:F3,-61,,0.000000,0.000000,0.000,0.000,Client
2026-05-15 08:09:28,1900-01-00 00:00:00,dlink-615_EXT,40:86:CB:27:D2:0C,-61, WPA2 ,0.000000,0.000000,0.000,0.000,AP
2026-05-15 08:09:28,1900-01-00 00:00:00,,60:E9:AA:1D:0F:F3,-61,,0.000000,0.000000,0.000,0.000,Client
2026-05-15 08:09:28,1900-01-00 00:00:00,dlink-615_EXT,40:86:CB:27:D2:0C,-61, WPA2 ,0.000000,0.000000,0.000,0.000,AP
2026-05-15 08:09:28,1900-01-00 00:00:00,,60:E9:AA:1D:0F:F3,-61,,0.000000,0.000000,0.000,0.000,Client
2026-05-15 08:09:28,1900-01-00 00:00:00,dlink-615_EXT,40:86:CB:27:D2:0C,-61, WPA2 ,0.000000,0.000000,0.000,0.000,AP
2026-05-15 08:09:28,1900-01-00 00:00:00,,60:E9:AA:1D:0F:F3,-61,,0.000000,0.000000,0.000,0.000,Client
2026-05-15 08:09:28,1900-01-00 00:00:00,dlink-615_EXT,40:86:CB:27:D2:0C,-61, WPA2 ,0.000000,0.000000,0.000,0.000,AP
2026-05-15 08:09:28,1900-01-00 00:00:00,,60:E9:AA:1D:0F:F3,-61,,0.000000,0.000000,0.000,0.000,Client
2026-05-15 08:09:28,1900-01-00 00:00:00,dlink-615_EXT,40:86:CB:27:D2:0C,-61, WPA2 ,0.000000,0.000000,0.000,0.000,AP
2026-05-15 08:09:28,1900-01-00 00:00:00,,60:E9:AA:1D:0F:F3,-61,,0.000000,0.000000,0.000,0.000,Client
2026-05-15 08:09:28,1900-01-00 00:00:00,dlink-615_EXT,40:86:CB:27:D2:0C,-61, WPA2 ,0.000000,0.000000,0.000,0.000,AP
2026-05-15 08:09:28,1900-01-00 00:00:00,,60:E9:AA:1D:0F:F3,-61,,0.000000,0.000000,0.000,0.000,Client
2026-05-15 08:09:28,1900-01-00 00:00:00,dlink-615_EXT,40:86:CB:27:D2:0C,-61, WPA2 ,0.000000,0.000000,0.000,0.000,AP
2026-05-15 08:09:28,1900-01-00 00:00:00,,60:E9:AA:1D:0F:F3,-61,,0.000000,0.000000,0.000,0.000,Client
2026-05-15 08:09:28,1900-01-00 00:00:00,dlink-615_EXT,40:86:CB:27:D2:0C,-61, WPA2 ,0.000000,0.000000,0.000,0.000,AP
2026-05-15 08:09:28,1900-01-00 00:00:00,,60:E9:AA:1D:0F:F3,-61,,0.000000,0.000000,0.000,0.000,Client
2026-05-15 08:09:28,1900-01-00 00:00:00,dlink-615_EXT,40:86:CB:27:D2:0C,-61, WPA2 ,0.000000,0.000000,0.000,0.000,AP
2026-05-15 08:09:28,1900-01-00 00:00:00,,60:E9:AA:1D:0F:F3,-61,,0.000000,0.000000,0.000,0.000,Client
2026-05-15 08:09:28,1900-01-00 00:00:00,dlink-615_EXT,40:86:CB:27:D2:0C,-61, WPA2 ,0.000000,0.000000,0.000,0.000,AP
2026-05-15 08:09:28,1900-01-00 00:00:00,,60:E9:AA:1D:0F:F3,-61,,0.000000,0.000000,0.000,0.000,Client
2026-05-15 08:09:28,1900-01-00 00:00:00,dlink-615_EXT,40:86:CB:27:D2:0C,-61, WPA2 ,0.000000,0.000000,0.000,0.000,AP
2026-05-15 08:09:28,1900-01-00 00:00:00,,60:E9:AA:1D:0F:F3,-61,,0.000000,0.000000,0.000,0.000,Client
2026-05-15 08:09:28,1900-01-00 00:00:00,dlink-615_EXT,40:86:CB:27:D2:0C,-61, WPA2 ,0.000000,0.000000,0.000,0.000,AP
2026-05-15 08:09:28,1900-01-00 00:00:00,,60:E9:AA:1D:0F:F3,-61,,0.000000,0.000000,0.000,0.000,Client
2026-05-15 08:09:28,1900-01-00 00:00:00,dlink-615_EXT,40:86:CB:27:D2:0C,-61, WPA2 ,0.000000,0.000000,0.000,0.000,AP
2026-05-15 08:09:28,1900-01-00 00:00:00,,60:E9:AA:1D:0F:F3,-61,,0.000000,0.000000,0.000,0.000,Client
2026-05-15 08:09:28,1900-01-00 00:00:00,dlink-615_EXT,40:86:CB:27:D2:0C,-61, WPA2 ,0.000000,0.000000,0.000,0.000,AP
2026-05-15 08:09:28,1900-01-00 00:00:00,,60:E9:AA:1D:0F:F3,-61,,0.000000,0.000000,0.000,0.000,Client
2026-05-15 08:09:28,1900-01-00 00:00:00,dlink-615_EXT,40:86:CB:27:D2:0C,-61, WPA2 ,0.000000,0.000000,0.000,0.000,AP
2026-05-15 08:09:28,1900-01-00 00:00:00,,60:E9:AA:1D:0F:F3,-61,,0.000000,0.000000,0.000,0.000,Client
2026-05-15 08:09:28,1900-01-00 00:00:00,dlink-615_EXT,40:86:CB:27:D2:0C,-61, WPA2 ,0.000000,0.000000,0.000,0.000,AP
2026-05-15 08:09:28,1900-01-00 00:00:00,,60:E9:AA:1D:0F:F3,-61,,0.000000,0.000000,0.000,0.000,Client
2026-05-15 08:09:28,1900-01-00 00:00:00,dlink-615_EXT,40:86:CB:27:D2:0C,-61, WPA2 ,0.000000,0.000000,0.000,0.000,AP
2026-05-15 08:09:28,1900-01-00 00:00:00,,60:E9:AA:1D:0F:F3,-61,,0.000000,0.000000,0.000,0.000,Client
2026-05-15 08:09:28,1900-01-00 00:00:00,dlink-615_EXT,40:86:CB:27:D2:0C,-61, WPA2 ,0.000000,0.000000,0.000,0.000,AP
2026-05-15 08:09:28,1900-01-00 00:00:00,,60:E9:AA:1D:0F:F3,-61,,0.000000,0.000000,0.000,0.000,Client
2026-05-15 08:09:28,1900-01-00 00:00:00,dlink-615_EXT,40:86:CB:27:D2:0C,-61, WPA2 ,0.000000,0.000000,0.000,0.000,AP
2026-05-15 08:09:28,1900-01-00 00:00:00,,60:E9:AA:1D:0F:F3,-61,,0.000000,0.000000,0.000,0.000,Client
2026-05-15 08:09:28,1900-01-00 00:00:00,dlink-615_EXT,40:86:CB:27:D2:0C,-61, WPA2 ,0.000000,0.000000,0.000,0.000,AP
2026-05-15 08:09:28,1900-01-00 00:00:00,,60:E9:AA:1D:0F:F3,-61,,0.000000,0.000000,0.000,0.000,Client
2026-05-15 08:09:28,1900-01-00 00:00:00,dlink-615_EXT,40:86:CB:27:D2:0C,-61, WPA2 ,0.000000,0.000000,0.000,0.000,AP
2026-05-15 08:09:28,1900-01-00 00:00:00,,60:E9:AA:1D:0F:F3,-61,,0.000000,0.000000,0.000,0.000,Client
2026-05-15 08:09:28,1900-01-00 00:00:00,dlink-615_EXT,40:86:CB:27:D2:0C,-61, WPA2 ,0.000000,0.000000,0.000,0.000,AP
2026-05-15 08:09:28,1900-01-00 00:00:00,,60:E9:AA:1D:0F:F3,-61,,0.000000,0.000000,0.000,0.000,Client
2026-05-15 08:09:28,1900-01-00 00:00:00,dlink-615_EXT,40:86:CB:27:D2:0C,-61, WPA2 ,0.000000,0.000000,0.000,0.000,AP
2026-05-15 08:09:28,1900-01-00 00:00:00,,60:E9:AA:1D:0F:F3,-61,,0.000000,0.000000,0.000,0.000,Client
2026-05-15 08:09:28,1900-01-00 00:00:00,dlink-615_EXT,40:86:CB:27:D2:0C,-61, WPA2 ,0.000000,0.000000,0.000,0.000,AP
2026-05-15 08:09:28,1900-01-00 00:00:00,,60:E9:AA:1D:0F:F3,-61,,0.000000,0.000000,0.000,0.000,Client
2026-05-15 08:09:28,1900-01-00 00:00:00,dlink-615_EXT,40:86:CB:27:D2:0C,-61, WPA2 ,0.000000,0.000000,0.000,0.000,AP
2026-05-15 08:09:28,1900-01-00 00:00:00,dlink-615_EXT,40:86:CB:27:D2:0C,-19, WPA2 ,0.000000,0.000000,0.000,0.000,AP
2026-05-15 08:09:28,1900-01-00 00:00:00,,60:E9:AA:1D:0F:F3,-19,,0.000000,0.000000,0.000,0.000,Client
2026-05-15 08:09:28,1900-01-00 00:00:00,dlink-615_EXT,40:86:CB:27:D2:0C,-19, WPA2 ,0.000000,0.000000,0.000,0.000,AP
2026-05-15 08:09:28,1900-01-00 00:00:00,,60:E9:AA:1D:0F:F3,-19,,0.000000,0.000000,0.000,0.000,Client
2026-05-15 08:09:28,1900-01-00 00:00:00,dlink-615_EXT,40:86:CB:27:D2:0C,-19, WPA2 ,0.000000,0.000000,0.000,0.000,AP
2026-05-15 08:09:28,1900-01-00 00:00:00,,60:E9:AA:1D:0F:F3,-19,,0.000000,0.000000,0.000,0.000,Client
2026-05-15 08:09:28,1900-01-00 00:00:00,dlink-615_EXT,40:86:CB:27:D2:0C,-19, WPA2 ,0.000000,0.000000,0.000,0.000,AP
2026-05-15 08:09:28,1900-01-00 00:00:00,,60:E9:AA:1D:0F:F3,-19,,0.000000,0.000000,0.000,0.000,Client
2026-05-15 08:09:28,1900-01-00 00:00:00,dlink-615_EXT,40:86:CB:27:D2:0C,-19, WPA2 ,0.000000,0.000000,0.000,0.000,AP
2026-05-15 08:09:28,1900-01-00 00:00:00,,60:E9:AA:1D:0F:F3,-19,,0.000000,0.000000,0.000,0.000,Client
2026-05-15 08:09:28,1900-01-00 00:00:00,dlink-615_EXT,40:86:CB:27:D2:0C,-17, WPA2 ,0.000000,0.000000,0.000,0.000,AP
2026-05-15 08:09:28,1900-01-00 00:00:00,,60:E9:AA:1D:0F:F3,-17,,0.000000,0.000000,0.000,0.000,Client
2026-05-15 08:09:28,1900-01-00 00:00:00,dlink-615_EXT,40:86:CB:27:D2:0C,-17, WPA2 ,0.000000,0.000000,0.000,0.000,AP
2026-05-15 08:09:28,1900-01-00 00:00:00,,60:E9:AA:1D:0F:F3,-17,,0.000000,0.000000,0.000,0.000,Client
2026-05-15 08:09:28,1900-01-00 00:00:00,dlink-615_EXT,40:86:CB:27:D2:0C,-15, WPA2 ,0.000000,0.000000,0.000,0.000,AP
2026-05-15 08:09:28,1900-01-00 00:00:00,,60:E9:AA:1D:0F:F3,-21,,0.000000,0.000000,0.000,0.000,Client
2026-05-15 08:09:28,1900-01-00 00:00:00,dlink-615_EXT,40:86:CB:27:D2:0C,-17, WPA2 ,0.000000,0.000000,0.000,0.000,AP
2026-05-15 08:09:28,1900-01-00 00:00:00,,60:E9:AA:1D:0F:F3,-23,,0.000000,0.000000,0.000,0.000,Client
2026-05-15 08:09:28,1900-01-00 00:00:00,dlink-615_EXT,40:86:CB:27:D2:0C,-17, WPA2 ,0.000000,0.000000,0.000,0.000,AP
2026-05-15 08:09:28,1900-01-00 00:00:00,dlink-615_EXT,40:86:CB:27:D2:0C,-17, WPA2 ,0.000000,0.000000,0.000,0.000,AP
2026-05-15 08:09:28,1900-01-00 00:00:00,dlink-615_EXT,40:86:CB:27:D2:0C,-19, WPA2 ,0.000000,0.000000,0.000,0.000,AP
2026-05-15 08:09:28,1900-01-00 00:00:00,dlink-615_EXT,40:86:CB:27:D2:0C,-19, WPA2 ,0.000000,0.000000,0.000,0.000,AP
2026-05-15 08:09:28,1900-01-00 00:00:00,,60:E9:AA:1D:0F:F3,-25,,0.000000,0.000000,0.000,0.000,Client
2026-05-15 08:09:28,1900-01-00 00:00:00,,60:E9:AA:1D:0F:F3,-25,,0.000000,0.000000,0.000,0.000,Client
2026-05-15 08:09:28,1900-01-00 00:00:00,dlink-615_EXT,40:86:CB:27:D2:0C,-17, WPA2 ,0.000000,0.000000,0.000,0.000,AP
2026-05-15 08:09:28,1900-01-00 00:00:00,,60:E9:AA:1D:0F:F3,-23,,0.000000,0.000000,0.000,0.000,Client
2026-05-15 08:09:28,1900-01-00 00:00:00,dlink-615_EXT,40:86:CB:27:D2:0C,-17, WPA2 ,0.000000,0.000000,0.000,0.000,AP
2026-05-15 08:09:28,1900-01-00 00:00:00,,60:E9:AA:1D:0F:F3,-23,,0.000000,0.000000,0.000,0.000,Client
2026-05-15 08:09:28,1900-01-00 00:00:00,,60:E9:AA:1D:0F:F3,-23,,0.000000,0.000000,0.000,0.000,Client
2026-05-15 08:09:28,1900-01-00 00:00:00,dlink-615_EXT,40:86:CB:27:D2:0C,-17, WPA2 ,0.000000,0.000000,0.000,0.000,AP
2026-05-15 08:09:28,1900-01-00 00:00:00,dlink-615_EXT,40:86:CB:27:D2:0C,-15, WPA2 ,0.000000,0.000000,0.000,0.000,AP
2026-05-15 08:09:28,1900-01-00 00:00:00,dlink-615_EXT,40:86:CB:27:D2:0C,-17, WPA2 ,0.000000,0.000000,0.000,0.000,AP
2026-05-15 08:09:28,1900-01-00 00:00:00,dlink-615_EXT,40:86:CB:27:D2:0C,-17, WPA2 ,0.000000,0.000000,0.000,0.000,AP
2026-05-15 08:09:28,1900-01-00 00:00:00,,60:E9:AA:1D:0F:F3,-17,,0.000000,0.000000,0.000,0.000,Client
2026-05-15 08:09:28,1900-01-00 00:00:00,dlink-615_EXT,40:86:CB:27:D2:0C,-17, WPA2 ,0.000000,0.000000,0.000,0.000,AP
2026-05-15 08:09:28,1900-01-00 00:00:00,,60:E9:AA:1D:0F:F3,-17,,0.000000,0.000000,0.000,0.000,Client
2026-05-15 08:09:28,1900-01-00 00:00:00,dlink-615_EXT,40:86:CB:27:D2:0C,-17, WPA2 ,0.000000,0.000000,0.000,0.000,AP
2026-05-15 08:09:28,1900-01-00 00:00:00,,60:E9:AA:1D:0F:F3,-29,,0.000000,0.000000,0.000,0.000,Client
2026-05-15 08:09:28,1900-01-00 00:00:00,dlink-615_EXT,40:86:CB:27:D2:0C,-29, WPA2 ,0.000000,0.000000,0.000,0.000,AP
2026-05-15 08:09:28,1900-01-00 00:00:00,,60:E9:AA:1D:0F:F3,-29,,0.000000,0.000000,0.000,0.000,Client
2026-05-15 08:09:28,1900-01-00 00:00:00,dlink-615_EXT,40:86:CB:27:D2:0C,-29, WPA2 ,0.000000,0.000000,0.000,0.000,AP
2026-05-15 08:09:28,1900-01-00 00:00:00,,60:E9:AA:1D:0F:F3,-29,,0.000000,0.000000,0.000,0.000,Client
2026-05-15 08:09:28,1900-01-00 00:00:00,dlink-615_EXT,40:86:CB:27:D2:0C,-29, WPA2 ,0.000000,0.000000,0.000,0.000,AP
2026-05-15 08:09:28,1900-01-00 00:00:00,,60:E9:AA:1D:0F:F3,-29,,0.000000,0.000000,0.000,0.000,Client
2026-05-15 08:09:28,1900-01-00 00:00:00,dlink-615_EXT,40:86:CB:27:D2:0C,-29, WPA2 ,0.000000,0.000000,0.000,0.000,AP
2026-05-15 08:09:28,1900-01-00 00:00:00,,60:E9:AA:1D:0F:F3,-29,,0.000000,0.000000,0.000,0.000,Client
2026-05-15 08:09:28,1900-01-00 00:00:00,dlink-615_EXT,40:86:CB:27:D2:0C,-29, WPA2 ,0.000000,0.000000,0.000,0.000,AP
2026-05-15 08:09:28,1900-01-00 00:00:00,,60:E9:AA:1D:0F:F3,-29,,0.000000,0.000000,0.000,0.000,Client
2026-05-15 08:09:28,1900-01-00 00:00:00,dlink-615_EXT,40:86:CB:27:D2:0C,-29, WPA2 ,0.000000,0.000000,0.000,0.000,AP
2026-05-15 08:09:28,1900-01-00 00:00:00,,60:E9:AA:1D:0F:F3,-29,,0.000000,0.000000,0.000,0.000,Client
2026-05-15 08:09:28,1900-01-00 00:00:00,dlink-615_EXT,40:86:CB:27:D2:0C,-29, WPA2 ,0.000000,0.000000,0.000,0.000,AP
2026-05-15 08:09:28,1900-01-00 00:00:00,,60:E9:AA:1D:0F:F3,-29,,0.000000,0.000000,0.000,0.000,Client
2026-05-15 08:09:28,1900-01-00 00:00:00,dlink-615_EXT,40:86:CB:27:D2:0C,-29, WPA2 ,0.000000,0.000000,0.000,0.000,AP
2026-05-15 08:09:28,1900-01-00 00:00:00,,60:E9:AA:1D:0F:F3,-29,,0.000000,0.000000,0.000,0.000,Client
2026-05-15 08:09:28,1900-01-00 00:00:00,dlink-615_EXT,40:86:CB:27:D2:0C,-29, WPA2 ,0.000000,0.000000,0.000,0.000,AP
2026-05-15 08:09:28,1900-01-00 00:00:00,,60:E9:AA:1D:0F:F3,-29,,0.000000,0.000000,0.000,0.000,Client
2026-05-15 08:09:28,1900-01-00 00:00:00,dlink-615_EXT,40:86:CB:27:D2:0C,-29, WPA2 ,0.000000,0.000000,0.000,0.000,AP
2026-05-15 08:09:28,1900-01-00 00:00:00,,60:E9:AA:1D:0F:F3,-29,,0.000000,0.000000,0.000,0.000,Client
2026-05-15 08:09:28,1900-01-00 00:00:00,dlink-615_EXT,40:86:CB:27:D2:0C,-29, WPA2 ,0.000000,0.000000,0.000,0.000,AP
2026-05-15 08:09:28,1900-01-00 00:00:00,,60:E9:AA:1D:0F:F3,-29,,0.000000,0.000000,0.000,0.000,Client
2026-05-15 08:09:28,1900-01-00 00:00:00,dlink-615_EXT,40:86:CB:27:D2:0C,-29, WPA2 ,0.000000,0.000000,0.000,0.000,AP
2026-05-15 08:09:28,1900-01-00 00:00:00,,60:E9:AA:1D:0F:F3,-29,,0.000000,0.000000,0.000,0.000,Client
2026-05-15 08:09:28,1900-01-00 00:00:00,dlink-615_EXT,40:86:CB:27:D2:0C,-29, WPA2 ,0.000000,0.000000,0.000,0.000,AP
2026-05-15 08:09:28,1900-01-00 00:00:00,,60:E9:AA:1D:0F:F3,-29,,0.000000,0.000000,0.000,0.000,Client
2026-05-15 08:09:28,1900-01-00 00:00:00,dlink-615_EXT,40:86:CB:27:D2:0C,-29, WPA2 ,0.000000,0.000000,0.000,0.000,AP
2026-05-15 08:09:28,1900-01-00 00:00:00,,60:E9:AA:1D:0F:F3,-29,,0.000000,0.000000,0.000,0.000,Client
2026-05-15 08:09:28,1900-01-00 00:00:00,dlink-615_EXT,40:86:CB:27:D2:0C,-29, WPA2 ,0.000000,0.000000,0.000,0.000,AP
2026-05-15 08:09:28,1900-01-00 00:00:00,,60:E9:AA:1D:0F:F3,-29,,0.000000,0.000000,0.000,0.000,Client
2026-05-15 08:09:28,1900-01-00 00:00:00,dlink-615_EXT,40:86:CB:27:D2:0C,-29, WPA2 ,0.000000,0.000000,0.000,0.000,AP
2026-05-15 08:09:28,1900-01-00 00:00:00,,60:E9:AA:1D:0F:F3,-29,,0.000000,0.000000,0.000,0.000,Client
2026-05-15 08:09:28,1900-01-00 00:00:00,dlink-615_EXT,40:86:CB:27:D2:0C,-29, WPA2 ,0.000000,0.000000,0.000,0.000,AP
2026-05-15 08:09:28,1900-01-00 00:00:00,,60:E9:AA:1D:0F:F3,-29,,0.000000,0.000000,0.000,0.000,Client
2026-05-15 08:09:28,1900-01-00 00:00:00,dlink-615_EXT,40:86:CB:27:D2:0C,-29, WPA2 ,0.000000,0.000000,0.000,0.000,AP
2026-05-15 08:09:28,1900-01-00 00:00:00,,60:E9:AA:1D:0F:F3,-29,,0.000000,0.000000,0.000,0.000,Client
2026-05-15 08:09:28,1900-01-00 00:00:00,dlink-615_EXT,40:86:CB:27:D2:0C,-29, WPA2 ,0.000000,0.000000,0.000,0.000,AP
2026-05-15 08:09:28,1900-01-00 00:00:00,,60:E9:AA:1D:0F:F3,-29,,0.000000,0.000000,0.000,0.000,Client
2026-05-15 08:09:28,1900-01-00 00:00:00,dlink-615_EXT,40:86:CB:27:D2:0C,-29, WPA2 ,0.000000,0.000000,0.000,0.000,AP
2026-05-15 08:09:28,1900-01-00 00:00:00,,60:E9:AA:1D:0F:F3,-29,,0.000000,0.000000,0.000,0.000,Client
2026-05-15 08:09:28,1900-01-00 00:00:00,dlink-615_EXT,40:86:CB:27:D2:0C,-29, WPA2 ,0.000000,0.000000,0.000,0.000,AP
2026-05-15 08:09:28,1900-01-00 00:00:00,,60:E9:AA:1D:0F:F3,-29,,0.000000,0.000000,0.000,0.000,Client
2026-05-15 08:09:28,1900-01-00 00:00:00,dlink-615_EXT,40:86:CB:27:D2:0C,-29, WPA2 ,0.000000,0.000000,0.000,0.000,AP
2026-05-15 08:09:28,1900-01-00 00:00:00,,60:E9:AA:1D:0F:F3,-29,,0.000000,0.000000,0.000,0.000,Client
2026-05-15 08:09:28,1900-01-00 00:00:00,dlink-615_EXT,40:86:CB:27:D2:0C,-29, WPA2 ,0.000000,0.000000,0.000,0.000,AP
2026-05-15 08:09:28,1900-01-00 00:00:00,,60:E9:AA:1D:0F:F3,-29,,0.000000,0.000000,0.000,0.000,Client
2026-05-15 08:09:28,1900-01-00 00:00:00,dlink-615_EXT,40:86:CB:27:D2:0C,-29, WPA2 ,0.000000,0.000000,0.000,0.000,AP
2026-05-15 08:09:28,1900-01-00 00:00:00,,60:E9:AA:1D:0F:F3,-29,,0.000000,0.000000,0.000,0.000,Client
2026-05-15 08:09:28,1900-01-00 00:00:00,dlink-615_EXT,40:86:CB:27:D2:0C,-29, WPA2 ,0.000000,0.000000,0.000,0.000,AP
2026-05-15 08:09:28,1900-01-00 00:00:00,,60:E9:AA:1D:0F:F3,-29,,0.000000,0.000000,0.000,0.000,Client
2026-05-15 08:09:28,1900-01-00 00:00:00,dlink-615_EXT,40:86:CB:27:D2:0C,-29, WPA2 ,0.000000,0.000000,0.000,0.000,AP
2026-05-15 08:09:28,1900-01-00 00:00:00,,60:E9:AA:1D:0F:F3,-29,,0.000000,0.000000,0.000,0.000,Client
2026-05-15 08:09:28,1900-01-00 00:00:00,dlink-615_EXT,40:86:CB:27:D2:0C,-29, WPA2 ,0.000000,0.000000,0.000,0.000,AP
2026-05-15 08:09:28,1900-01-00 00:00:00,,60:E9:AA:1D:0F:F3,-29,,0.000000,0.000000,0.000,0.000,Client
2026-05-15 08:09:28,1900-01-00 00:00:00,dlink-615_EXT,40:86:CB:27:D2:0C,-29, WPA2 ,0.000000,0.000000,0.000,0.000,AP
2026-05-15 08:09:28,1900-01-00 00:00:00,,60:E9:AA:1D:0F:F3,-29,,0.000000,0.000000,0.000,0.000,Client
2026-05-15 08:09:28,1900-01-00 00:00:00,dlink-615_EXT,40:86:CB:27:D2:0C,-29, WPA2 ,0.000000,0.000000,0.000,0.000,AP
2026-05-15 08:09:28,1900-01-00 00:00:00,,60:E9:AA:1D:0F:F3,-29,,0.000000,0.000000,0.000,0.000,Client
2026-05-15 08:09:28,1900-01-00 00:00:00,dlink-615_EXT,40:86:CB:27:D2:0C,-29, WPA2 ,0.000000,0.000000,0.000,0.000,AP
2026-05-15 08:09:28,1900-01-00 00:00:00,,60:E9:AA:1D:0F:F3,-29,,0.000000,0.000000,0.000,0.000,Client
2026-05-15 08:09:28,1900-01-00 00:00:00,dlink-615_EXT,40:86:CB:27:D2:0C,-29, WPA2 ,0.000000,0.000000,0.000,0.000,AP
2026-05-15 08:09:28,1900-01-00 00:00:00,,60:E9:AA:1D:0F:F3,-29,,0.000000,0.000000,0.000,0.000,Client
2026-05-15 08:09:28,1900-01-00 00:00:00,dlink-615_EXT,40:86:CB:27:D2:0C,-29, WPA2 ,0.000000,0.000000,0.000,0.000,AP
2026-05-15 08:09:28,1900-01-00 00:00:00,,60:E9:AA:1D:0F:F3,-29,,0.000000,0.000000,0.000,0.000,Client
2026-05-15 08:09:28,1900-01-00 00:00:00,dlink-615_EXT,40:86:CB:27:D2:0C,-29, WPA2 ,0.000000,0.000000,0.000,0.000,AP
2026-05-15 08:09:28,1900-01-00 00:00:00,,60:E9:AA:1D:0F:F3,-29,,0.000000,0.000000,0.000,0.000,Client
2026-05-15 08:09:28,1900-01-00 00:00:00,dlink-615_EXT,40:86:CB:27:D2:0C,-29, WPA2 ,0.000000,0.000000,0.000,0.000,AP
2026-05-15 08:09:28,1900-01-00 00:00:00,,60:E9:AA:1D:0F:F3,-29,,0.000000,0.000000,0.000,0.000,Client
2026-05-15 08:09:28,1900-01-00 00:00:00,dlink-615_EXT,40:86:CB:27:D2:0C,-29, WPA2 ,0.000000,0.000000,0.000,0.000,AP
2026-05-15 08:09:28,1900-01-00 00:00:00,,60:E9:AA:1D:0F:F3,-29,,0.000000,0.000000,0.000,0.000,Client
2026-05-15 08:09:28,1900-01-00 00:00:00,dlink-615_EXT,40:86:CB:27:D2:0C,-29, WPA2 ,0.000000,0.000000,0.000,0.000,AP
2026-05-15 08:09:28,1900-01-00 00:00:00,,60:E9:AA:1D:0F:F3,-29,,0.000000,0.000000,0.000,0.000,Client
2026-05-15 08:09:28,1900-01-00 00:00:00,dlink-615_EXT,40:86:CB:27:D2:0C,-29, WPA2 ,0.000000,0.000000,0.000,0.000,AP
2026-05-15 08:09:28,1900-01-00 00:00:00,,60:E9:AA:1D:0F:F3,-29,,0.000000,0.000000,0.000,0.000,Client
2026-05-15 08:09:28,1900-01-00 00:00:00,dlink-615_EXT,40:86:CB:27:D2:0C,-29, WPA2 ,0.000000,0.000000,0.000,0.000,AP
2026-05-15 08:09:28,1900-01-00 00:00:00,,60:E9:AA:1D:0F:F3,-29,,0.000000,0.000000,0.000,0.000,Client
2026-05-15 08:09:28,1900-01-00 00:00:00,dlink-615_EXT,40:86:CB:27:D2:0C,-29, WPA2 ,0.000000,0.000000,0.000,0.000,AP
2026-05-15 08:09:28,1900-01-00 00:00:00,,60:E9:AA:1D:0F:F3,-29,,0.000000,0.000000,0.000,0.000,Client
2026-05-15 08:09:28,1900-01-00 00:00:00,dlink-615_EXT,40:86:CB:27:D2:0C,-29, WPA2 ,0.000000,0.000000,0.000,0.000,AP
2026-05-15 08:09:28,1900-01-00 00:00:00,,60:E9:AA:1D:0F:F3,-29,,0.000000,0.000000,0.000,0.000,Client
2026-05-15 08:09:28,1900-01-00 00:00:00,dlink-615_EXT,40:86:CB:27:D2:0C,-29, WPA2 ,0.000000,0.000000,0.000,0.000,AP
2026-05-15 08:09:28,1900-01-00 00:00:00,,60:E9:AA:1D:0F:F3,-29,,0.000000,0.000000,0.000,0.000,Client
2026-05-15 08:09:28,1900-01-00 00:00:00,dlink-615_EXT,40:86:CB:27:D2:0C,-29, WPA2 ,0.000000,0.000000,0.000,0.000,AP
2026-05-15 08:09:28,1900-01-00 00:00:00,,60:E9:AA:1D:0F:F3,-29,,0.000000,0.000000,0.000,0.000,Client
2026-05-15 08:09:28,1900-01-00 00:00:00,dlink-615_EXT,40:86:CB:27:D2:0C,-29, WPA2 ,0.000000,0.000000,0.000,0.000,AP
2026-05-15 08:09:28,1900-01-00 00:00:00,,60:E9:AA:1D:0F:F3,-29,,0.000000,0.000000,0.000,0.000,Client
2026-05-15 08:09:28,1900-01-00 00:00:00,dlink-615_EXT,40:86:CB:27:D2:0C,-17, WPA2 ,0.000000,0.000000,0.000,0.000,AP
2026-05-15 08:09:28,1900-01-00 00:00:00,,60:E9:AA:1D:0F:F3,-17,,0.000000,0.000000,0.000,0.000,Client
2026-05-15 08:09:28,1900-01-00 00:00:00,dlink-615_EXT,40:86:CB:27:D2:0C,-17, WPA2 ,0.000000,0.000000,0.000,0.000,AP
2026-05-15 08:09:28,1900-01-00 00:00:00,,60:E9:AA:1D:0F:F3,-17,,0.000000,0.000000,0.000,0.000,Client
2026-05-15 08:09:28,1900-01-00 00:00:00,dlink-615_EXT,40:86:CB:27:D2:0C,-17, WPA2 ,0.000000,0.000000,0.000,0.000,AP
2026-05-15 08:09:28,1900-01-00 00:00:00,,60:E9:AA:1D:0F:F3,-17,,0.000000,0.000000,0.000,0.000,Client
2026-05-15 08:09:28,1900-01-00 00:00:00,dlink-615_EXT,40:86:CB:27:D2:0C,-17, WPA2 ,0.000000,0.000000,0.000,0.000,AP
2026-05-15 08:09:28,1900-01-00 00:00:00,,60:E9:AA:1D:0F:F3,-17,,0.000000,0.000000,0.000,0.000,Client
2026-05-15 08:09:28,1900-01-00 00:00:00,dlink-615_EXT,40:86:CB:27:D2:0C,-17, WPA2 ,0.000000,0.000000,0.000,0.000,AP
2026-05-15 08:09:28,1900-01-00 00:00:00,,60:E9:AA:1D:0F:F3,-17,,0.000000,0.000000,0.000,0.000,Client
2026-05-15 08:09:28,1900-01-00 00:00:00,dlink-615_EXT,40:86:CB:27:D2:0C,-17, WPA2 ,0.000000,0.000000,0.000,0.000,AP
2026-05-15 08:09:28,1900-01-00 00:00:00,,60:E9:AA:1D:0F:F3,-17,,0.000000,0.000000,0.000,0.000,Client
2026-05-15 08:09:28,1900-01-00 00:00:00,dlink-615_EXT,40:86:CB:27:D2:0C,-17, WPA2 ,0.000000,0.000000,0.000,0.000,AP
2026-05-15 08:09:28,1900-01-00 00:00:00,,60:E9:AA:1D:0F:F3,-17,,0.000000,0.000000,0.000,0.000,Client
2026-05-15 08:09:28,1900-01-00 00:00:00,dlink-615_EXT,40:86:CB:27:D2:0C,-17, WPA2 ,0.000000,0.000000,0.000,0.000,AP
2026-05-15 08:09:28,1900-01-00 00:00:00,,60:E9:AA:1D:0F:F3,-17,,0.000000,0.000000,0.000,0.000,Client
2026-05-15 08:09:28,1900-01-00 00:00:00,dlink-615_EXT,40:86:CB:27:D2:0C,-17, WPA2 ,0.000000,0.000000,0.000,0.000,AP
2026-05-15 08:09:28,1900-01-00 00:00:00,,60:E9:AA:1D:0F:F3,-25,,0.000000,0.000000,0.000,0.000,Client
2026-05-15 08:09:28,1900-01-00 00:00:00,dlink-615_EXT,40:86:CB:27:D2:0C,-17, WPA2 ,0.000000,0.000000,0.000,0.000,AP
2026-05-15 08:09:28,1900-01-00 00:00:00,,60:E9:AA:1D:0F:F3,-17,,0.000000,0.000000,0.000,0.000,Client
2026-05-15 08:09:28,1900-01-00 00:00:00,dlink-615_EXT,40:86:CB:27:D2:0C,-17, WPA2 ,0.000000,0.000000,0.000,0.000,AP
2026-05-15 08:09:28,1900-01-00 00:00:00,,60:E9:AA:1D:0F:F3,-17,,0.000000,0.000000,0.000,0.000,Client
2026-05-15 08:09:28,1900-01-00 00:00:00,dlink-615_EXT,40:86:CB:27:D2:0C,-17, WPA2 ,0.000000,0.000000,0.000,0.000,AP
2026-05-15 08:09:28,1900-01-00 00:00:00,,60:E9:AA:1D:0F:F3,-17,,0.000000,0.000000,0.000,0.000,Client
2026-05-15 08:09:28,1900-01-00 00:00:00,dlink-615_EXT,40:86:CB:27:D2:0C,-17, WPA2 ,0.000000,0.000000,0.000,0.000,AP
2026-05-15 08:09:28,1900-01-00 00:00:00,,60:E9:AA:1D:0F:F3,-17,,0.000000,0.000000,0.000,0.000,Client
2026-05-15 08:09:28,1900-01-00 00:00:00,dlink-615_EXT,40:86:CB:27:D2:0C,-17, WPA2 ,0.000000,0.000000,0.000,0.000,AP
2026-05-15 08:09:28,1900-01-00 00:00:00,,60:E9:AA:1D:0F:F3,-17,,0.000000,0.000000,0.000,0.000,Client
2026-05-15 08:09:28,1900-01-00 00:00:00,dlink-615_EXT,40:86:CB:27:D2:0C,-17, WPA2 ,0.000000,0.000000,0.000,0.000,AP
2026-05-15 08:09:28,1900-01-00 00:00:00,,60:E9:AA:1D:0F:F3,-17,,0.000000,0.000000,0.000,0.000,Client
2026-05-15 08:09:28,1900-01-00 00:00:00,dlink-615_EXT,40:86:CB:27:D2:0C,-15, WPA2 ,0.000000,0.000000,0.000,0.000,AP
2026-05-15 08:09:28,1900-01-00 00:00:00,,60:E9:AA:1D:0F:F3,-15,,0.000000,0.000000,0.000,0.000,Client
2026-05-15 08:09:28,1900-01-00 00:00:00,dlink-615_EXT,40:86:CB:27:D2:0C,-15, WPA2 ,0.000000,0.000000,0.000,0.000,AP
2026-05-15 08:09:28,1900-01-00 00:00:00,,60:E9:AA:1D:0F:F3,-15,,0.000000,0.000000,0.000,0.000,Client
2026-05-15 08:09:28,1900-01-00 00:00:00,dlink-615_EXT,40:86:CB:27:D2:0C,-17, WPA2 ,0.000000,0.000000,0.000,0.000,AP
2026-05-15 08:09:28,1900-01-00 00:00:00,,60:E9:AA:1D:0F:F3,-17,,0.000000,0.000000,0.000,0.000,Client
2026-05-15 08:09:28,1900-01-00 00:00:00,dlink-615_EXT,40:86:CB:27:D2:0C,-19, WPA2 ,0.000000,0.000000,0.000,0.000,AP
2026-05-15 08:09:28,1900-01-00 00:00:00,,60:E9:AA:1D:0F:F3,-23,,0.000000,0.000000,0.000,0.000,Client
2026-05-15 08:09:28,1900-01-00 00:00:00,dlink-615_EXT,40:86:CB:27:D2:0C,-17, WPA2 ,0.000000,0.000000,0.000,0.000,AP
2026-05-15 08:09:28,1900-01-00 00:00:00,,60:E9:AA:1D:0F:F3,-23,,0.000000,0.000000,0.000,0.000,Client
2026-05-15 08:09:28,1900-01-00 00:00:00,dlink-615_EXT,40:86:CB:27:D2:0C,-17, WPA2 ,0.000000,0.000000,0.000,0.000,AP
2026-05-15 08:09:28,1900-01-00 00:00:00,dlink-615_EXT,40:86:CB:27:D2:0C,-17, WPA2 ,0.000000,0.000000,0.000,0.000,AP
2026-05-15 08:09:28,1900-01-00 00:00:00,dlink-615_EXT,40:86:CB:27:D2:0C,-15, WPA2 ,0.000000,0.000000,0.000,0.000,AP
2026-05-15 08:09:28,1900-01-00 00:00:00,,60:E9:AA:1D:0F:F3,-25,,0.000000,0.000000,0.000,0.000,Client
2026-05-15 08:09:28,1900-01-00 00:00:00,dlink-615_EXT,40:86:CB:27:D2:0C,-19, WPA2 ,0.000000,0.000000,0.000,0.000,AP
2026-05-15 08:09:28,1900-01-00 00:00:00,,60:E9:AA:1D:0F:F3,-25,,0.000000,0.000000,0.000,0.000,Client
2026-05-15 08:09:28,1900-01-00 00:00:00,,60:E9:AA:1D:0F:F3,-23,,0.000000,0.000000,0.000,0.000,Client
2026-05-15 08:09:28,1900-01-00 00:00:00,dlink-615_EXT,40:86:CB:27:D2:0C,-15, WPA2 ,0.000000,0.000000,0.000,0.000,AP
2026-05-15 08:09:28,1900-01-00 00:00:00,,60:E9:AA:1D:0F:F3,-21,,0.000000,0.000000,0.000,0.000,Client
2026-05-15 08:09:28,1900-01-00 00:00:00,dlink-615_EXT,40:86:CB:27:D2:0C,-15, WPA2 ,0.000000,0.000000,0.000,0.000,AP
2026-05-15 08:09:28,1900-01-00 00:00:00,dlink-615_EXT,40:86:CB:27:D2:0C,-19, WPA2 ,0.000000,0.000000,0.000,0.000,AP
2026-05-15 08:09:28,1900-01-00 00:00:00,,9C:2F:9D:82:20:A3,-25,,0.000000,0.000000,0.000,0.000,Client
2026-05-15 08:09:28,1900-01-00 00:00:00,dlink-615_EXT,40:86:CB:27:D2:0C,-35, WPA2 ,0.000000,0.000000,0.000,0.000,AP
2026-05-15 08:09:28,1900-01-00 00:00:00,,60:E9:AA:1D:0F:F3,-35,,0.000000,0.000000,0.000,0.000,Client
2026-05-15 08:09:29,1900-01-00 00:00:00,dlink-615_EXT,40:86:CB:27:D2:0C,-35, WPA2 ,0.000000,0.000000,0.000,0.000,AP
2026-05-15 08:09:29,1900-01-00 00:00:00,,60:E9:AA:1D:0F:F3,-35,,0.000000,0.000000,0.000,0.000,Client
2026-05-15 08:09:29,1900-01-00 00:00:00,dlink-615_EXT,40:86:CB:27:D2:0C,-35, WPA2 ,0.000000,0.000000,0.000,0.000,AP
2026-05-15 08:09:29,1900-01-00 00:00:00,,60:E9:AA:1D:0F:F3,-35,,0.000000,0.000000,0.000,0.000,Client
2026-05-15 08:09:29,1900-01-00 00:00:00,dlink-615_EXT,40:86:CB:27:D2:0C,-35, WPA2 ,0.000000,0.000000,0.000,0.000,AP
2026-05-15 08:09:29,1900-01-00 00:00:00,,60:E9:AA:1D:0F:F3,-35,,0.000000,0.000000,0.000,0.000,Client
2026-05-15 08:09:29,1900-01-00 00:00:00,dlink-615_EXT,40:86:CB:27:D2:0C,-35, WPA2 ,0.000000,0.000000,0.000,0.000,AP
2026-05-15 08:09:29,1900-01-00 00:00:00,,60:E9:AA:1D:0F:F3,-35,,0.000000,0.000000,0.000,0.000,Client
2026-05-15 08:09:29,1900-01-00 00:00:00,dlink-615_EXT,40:86:CB:27:D2:0C,-35, WPA2 ,0.000000,0.000000,0.000,0.000,AP
2026-05-15 08:09:29,1900-01-00 00:00:00,,60:E9:AA:1D:0F:F3,-35,,0.000000,0.000000,0.000,0.000,Client
2026-05-15 08:09:29,1900-01-00 00:00:00,dlink-615_EXT,40:86:CB:27:D2:0C,-35, WPA2 ,0.000000,0.000000,0.000,0.000,AP
2026-05-15 08:09:29,1900-01-00 00:00:00,,60:E9:AA:1D:0F:F3,-35,,0.000000,0.000000,0.000,0.000,Client
2026-05-15 08:09:29,1900-01-00 00:00:00,dlink-615_EXT,40:86:CB:27:D2:0C,-35, WPA2 ,0.000000,0.000000,0.000,0.000,AP
2026-05-15 08:09:29,1900-01-00 00:00:00,,60:E9:AA:1D:0F:F3,-35,,0.000000,0.000000,0.000,0.000,Client
2026-05-15 08:09:29,1900-01-00 00:00:00,dlink-615_EXT,40:86:CB:27:D2:0C,-35, WPA2 ,0.000000,0.000000,0.000,0.000,AP
2026-05-15 08:09:29,1900-01-00 00:00:00,,60:E9:AA:1D:0F:F3,-35,,0.000000,0.000000,0.000,0.000,Client
2026-05-15 08:09:29,1900-01-00 00:00:00,dlink-615_EXT,40:86:CB:27:D2:0C,-35, WPA2 ,0.000000,0.000000,0.000,0.000,AP
2026-05-15 08:09:29,1900-01-00 00:00:00,,60:E9:AA:1D:0F:F3,-35,,0.000000,0.000000,0.000,0.000,Client
2026-05-15 08:09:29,1900-01-00 00:00:00,dlink-615_EXT,40:86:CB:27:D2:0C,-35, WPA2 ,0.000000,0.000000,0.000,0.000,AP
2026-05-15 08:09:29,1900-01-00 00:00:00,,60:E9:AA:1D:0F:F3,-35,,0.000000,0.000000,0.000,0.000,Client
2026-05-15 08:09:29,1900-01-00 00:00:00,dlink-615_EXT,40:86:CB:27:D2:0C,-35, WPA2 ,0.000000,0.000000,0.000,0.000,AP
2026-05-15 08:09:29,1900-01-00 00:00:00,,60:E9:AA:1D:0F:F3,-35,,0.000000,0.000000,0.000,0.000,Client
2026-05-15 08:09:29,1900-01-00 00:00:00,dlink-615_EXT,40:86:CB:27:D2:0C,-35, WPA2 ,0.000000,0.000000,0.000,0.000,AP
2026-05-15 08:09:29,1900-01-00 00:00:00,,60:E9:AA:1D:0F:F3,-35,,0.000000,0.000000,0.000,0.000,Client
2026-05-15 08:09:29,1900-01-00 00:00:00,dlink-615_EXT,40:86:CB:27:D2:0C,-35, WPA2 ,0.000000,0.000000,0.000,0.000,AP
2026-05-15 08:09:29,1900-01-00 00:00:00,,60:E9:AA:1D:0F:F3,-35,,0.000000,0.000000,0.000,0.000,Client
2026-05-15 08:09:29,1900-01-00 00:00:00,dlink-615_EXT,40:86:CB:27:D2:0C,-35, WPA2 ,0.000000,0.000000,0.000,0.000,AP
2026-05-15 08:09:29,1900-01-00 00:00:00,,60:E9:AA:1D:0F:F3,-35,,0.000000,0.000000,0.000,0.000,Client
2026-05-15 08:09:29,1900-01-00 00:00:00,dlink-615_EXT,40:86:CB:27:D2:0C,-35, WPA2 ,0.000000,0.000000,0.000,0.000,AP
2026-05-15 08:09:29,1900-01-00 00:00:00,,60:E9:AA:1D:0F:F3,-35,,0.000000,0.000000,0.000,0.000,Client
2026-05-15 08:09:29,1900-01-00 00:00:00,dlink-615_EXT,40:86:CB:27:D2:0C,-35, WPA2 ,0.000000,0.000000,0.000,0.000,AP
2026-05-15 08:09:29,1900-01-00 00:00:00,,60:E9:AA:1D:0F:F3,-35,,0.000000,0.000000,0.000,0.000,Client
2026-05-15 08:09:29,1900-01-00 00:00:00,dlink-615_EXT,40:86:CB:27:D2:0C,-35, WPA2 ,0.000000,0.000000,0.000,0.000,AP
2026-05-15 08:09:29,1900-01-00 00:00:00,,60:E9:AA:1D:0F:F3,-35,,0.000000,0.000000,0.000,0.000,Client
2026-05-15 08:09:29,1900-01-00 00:00:00,dlink-615_EXT,40:86:CB:27:D2:0C,-35, WPA2 ,0.000000,0.000000,0.000,0.000,AP
2026-05-15 08:09:29,1900-01-00 00:00:00,,60:E9:AA:1D:0F:F3,-35,,0.000000,0.000000,0.000,0.000,Client
2026-05-15 08:09:29,1900-01-00 00:00:00,dlink-615_EXT,40:86:CB:27:D2:0C,-61, WPA2 ,0.000000,0.000000,0.000,0.000,AP
2026-05-15 08:09:29,1900-01-00 00:00:00,,60:E9:AA:1D:0F:F3,-61,,0.000000,0.000000,0.000,0.000,Client
2026-05-15 08:09:29,1900-01-00 00:00:00,dlink-615_EXT,40:86:CB:27:D2:0C,-61, WPA2 ,0.000000,0.000000,0.000,0.000,AP
2026-05-15 08:09:29,1900-01-00 00:00:00,,60:E9:AA:1D:0F:F3,-61,,0.000000,0.000000,0.000,0.000,Client
2026-05-15 08:09:29,1900-01-00 00:00:00,dlink-615_EXT,40:86:CB:27:D2:0C,-61, WPA2 ,0.000000,0.000000,0.000,0.000,AP
2026-05-15 08:09:29,1900-01-00 00:00:00,,60:E9:AA:1D:0F:F3,-61,,0.000000,0.000000,0.000,0.000,Client
2026-05-15 08:09:29,1900-01-00 00:00:00,dlink-615_EXT,40:86:CB:27:D2:0C,-61, WPA2 ,0.000000,0.000000,0.000,0.000,AP
2026-05-15 08:09:29,1900-01-00 00:00:00,,60:E9:AA:1D:0F:F3,-61,,0.000000,0.000000,0.000,0.000,Client
2026-05-15 08:09:29,1900-01-00 00:00:00,dlink-615_EXT,40:86:CB:27:D2:0C,-61, WPA2 ,0.000000,0.000000,0.000,0.000,AP
2026-05-15 08:09:29,1900-01-00 00:00:00,,60:E9:AA:1D:0F:F3,-61,,0.000000,0.000000,0.000,0.000,Client
2026-05-15 08:09:29,1900-01-00 00:00:00,dlink-615_EXT,40:86:CB:27:D2:0C,-61, WPA2 ,0.000000,0.000000,0.000,0.000,AP
2026-05-15 08:09:29,1900-01-00 00:00:00,,60:E9:AA:1D:0F:F3,-61,,0.000000,0.000000,0.000,0.000,Client
2026-05-15 08:09:29,1900-01-00 00:00:00,dlink-615_EXT,40:86:CB:27:D2:0C,-61, WPA2 ,0.000000,0.000000,0.000,0.000,AP
2026-05-15 08:09:29,1900-01-00 00:00:00,,60:E9:AA:1D:0F:F3,-61,,0.000000,0.000000,0.000,0.000,Client
2026-05-15 08:09:29,1900-01-00 00:00:00,dlink-615_EXT,40:86:CB:27:D2:0C,-67, WPA2 ,0.000000,0.000000,0.000,0.000,AP
2026-05-15 08:09:29,1900-01-00 00:00:00,,60:E9:AA:1D:0F:F3,-67,,0.000000,0.000000,0.000,0.000,Client
2026-05-15 08:09:29,1900-01-00 00:00:00,dlink-615_EXT,40:86:CB:27:D2:0C,-67, WPA2 ,0.000000,0.000000,0.000,0.000,AP
2026-05-15 08:09:29,1900-01-00 00:00:00,,60:E9:AA:1D:0F:F3,-65,,0.000000,0.000000,0.000,0.000,Client
2026-05-15 08:09:29,1900-01-00 00:00:00,dlink-615_EXT,40:86:CB:27:D2:0C,-65, WPA2 ,0.000000,0.000000,0.000,0.000,AP
2026-05-15 08:09:29,1900-01-00 00:00:00,,60:E9:AA:1D:0F:F3,-65,,0.000000,0.000000,0.000,0.000,Client
2026-05-15 08:09:29,1900-01-00 00:00:00,dlink-615_EXT,40:86:CB:27:D2:0C,-65, WPA2 ,0.000000,0.000000,0.000,0.000,AP
2026-05-15 08:09:29,1900-01-00 00:00:00,,60:E9:AA:1D:0F:F3,-65,,0.000000,0.000000,0.000,0.000,Client
2026-05-15 08:09:29,1900-01-00 00:00:00,dlink-615_EXT,40:86:CB:27:D2:0C,-65, WPA2 ,0.000000,0.000000,0.000,0.000,AP
2026-05-15 08:09:29,1900-01-00 00:00:00,,60:E9:AA:1D:0F:F3,-65,,0.000000,0.000000,0.000,0.000,Client
2026-05-15 08:09:29,1900-01-00 00:00:00,dlink-615_EXT,40:86:CB:27:D2:0C,-65, WPA2 ,0.000000,0.000000,0.000,0.000,AP
2026-05-15 08:09:29,1900-01-00 00:00:00,,60:E9:AA:1D:0F:F3,-65,,0.000000,0.000000,0.000,0.000,Client
2026-05-15 08:09:29,1900-01-00 00:00:00,dlink-615_EXT,40:86:CB:27:D2:0C,-65, WPA2 ,0.000000,0.000000,0.000,0.000,AP
2026-05-15 08:09:29,1900-01-00 00:00:00,,60:E9:AA:1D:0F:F3,-65,,0.000000,0.000000,0.000,0.000,Client
2026-05-15 08:09:29,1900-01-00 00:00:00,dlink-615_EXT,40:86:CB:27:D2:0C,-65, WPA2 ,0.000000,0.000000,0.000,0.000,AP
2026-05-15 08:09:29,1900-01-00 00:00:00,,60:E9:AA:1D:0F:F3,-65,,0.000000,0.000000,0.000,0.000,Client
2026-05-15 08:09:29,1900-01-00 00:00:00,dlink-615_EXT,40:86:CB:27:D2:0C,-65, WPA2 ,0.000000,0.000000,0.000,0.000,AP
2026-05-15 08:09:29,1900-01-00 00:00:00,,60:E9:AA:1D:0F:F3,-65,,0.000000,0.000000,0.000,0.000,Client
2026-05-15 08:09:29,1900-01-00 00:00:00,dlink-615_EXT,40:86:CB:27:D2:0C,-65, WPA2 ,0.000000,0.000000,0.000,0.000,AP
2026-05-15 08:09:29,1900-01-00 00:00:00,,60:E9:AA:1D:0F:F3,-65,,0.000000,0.000000,0.000,0.000,Client
2026-05-15 08:09:29,1900-01-00 00:00:00,dlink-615_EXT,40:86:CB:27:D2:0C,-59, WPA2 ,0.000000,0.000000,0.000,0.000,AP
2026-05-15 08:09:29,1900-01-00 00:00:00,,60:E9:AA:1D:0F:F3,-59,,0.000000,0.000000,0.000,0.000,Client
2026-05-15 08:09:29,1900-01-00 00:00:00,dlink-615_EXT,40:86:CB:27:D2:0C,-59, WPA2 ,0.000000,0.000000,0.000,0.000,AP
2026-05-15 08:09:29,1900-01-00 00:00:00,,60:E9:AA:1D:0F:F3,-59,,0.000000,0.000000,0.000,0.000,Client
2026-05-15 08:09:29,1900-01-00 00:00:00,dlink-615_EXT,40:86:CB:27:D2:0C,-59, WPA2 ,0.000000,0.000000,0.000,0.000,AP
2026-05-15 08:09:29,1900-01-00 00:00:00,,60:E9:AA:1D:0F:F3,-59,,0.000000,0.000000,0.000,0.000,Client
2026-05-15 08:09:29,1900-01-00 00:00:00,dlink-615_EXT,40:86:CB:27:D2:0C,-59, WPA2 ,0.000000,0.000000,0.000,0.000,AP
2026-05-15 08:09:29,1900-01-00 00:00:00,,60:E9:AA:1D:0F:F3,-59,,0.000000,0.000000,0.000,0.000,Client
2026-05-15 08:09:29,1900-01-00 00:00:00,dlink-615_EXT,40:86:CB:27:D2:0C,-59, WPA2 ,0.000000,0.000000,0.000,0.000,AP
2026-05-15 08:09:29,1900-01-00 00:00:00,,60:E9:AA:1D:0F:F3,-59,,0.000000,0.000000,0.000,0.000,Client
2026-05-15 08:09:29,1900-01-00 00:00:00,dlink-615_EXT,40:86:CB:27:D2:0C,-59, WPA2 ,0.000000,0.000000,0.000,0.000,AP
2026-05-15 08:09:29,1900-01-00 00:00:00,,60:E9:AA:1D:0F:F3,-59,,0.000000,0.000000,0.000,0.000,Client
2026-05-15 08:09:29,1900-01-00 00:00:00,dlink-615_EXT,40:86:CB:27:D2:0C,-59, WPA2 ,0.000000,0.000000,0.000,0.000,AP
2026-05-15 08:09:29,1900-01-00 00:00:00,,60:E9:AA:1D:0F:F3,-25,,0.000000,0.000000,0.000,0.000,Client
2026-05-15 08:09:29,1900-01-00 00:00:00,dlink-615_EXT,40:86:CB:27:D2:0C,-17, WPA2 ,0.000000,0.000000,0.000,0.000,AP
2026-05-15 08:09:29,1900-01-00 00:00:00,,60:E9:AA:1D:0F:F3,-17,,0.000000,0.000000,0.000,0.000,Client
2026-05-15 08:09:29,1900-01-00 00:00:00,dlink-615_EXT,40:86:CB:27:D2:0C,-25, WPA2 ,0.000000,0.000000,0.000,0.000,AP
2026-05-15 08:09:29,1900-01-00 00:00:00,,60:E9:AA:1D:0F:F3,-25,,0.000000,0.000000,0.000,0.000,Client
2026-05-15 08:09:29,1900-01-00 00:00:00,dlink-615_EXT,40:86:CB:27:D2:0C,-17, WPA2 ,0.000000,0.000000,0.000,0.000,AP
2026-05-15 08:09:29,1900-01-00 00:00:00,,60:E9:AA:1D:0F:F3,-17,,0.000000,0.000000,0.000,0.000,Client
2026-05-15 08:09:29,1900-01-00 00:00:00,dlink-615_EXT,40:86:CB:27:D2:0C,-17, WPA2 ,0.000000,0.000000,0.000,0.000,AP
2026-05-15 08:09:29,1900-01-00 00:00:00,,60:E9:AA:1D:0F:F3,-17,,0.000000,0.000000,0.000,0.000,Client
2026-05-15 08:09:29,1900-01-00 00:00:00,dlink-615_EXT,40:86:CB:27:D2:0C,-17, WPA2 ,0.000000,0.000000,0.000,0.000,AP
2026-05-15 08:09:29,1900-01-00 00:00:00,,60:E9:AA:1D:0F:F3,-17,,0.000000,0.000000,0.000,0.000,Client
2026-05-15 08:09:29,1900-01-00 00:00:00,dlink-615_EXT,40:86:CB:27:D2:0C,-17, WPA2 ,0.000000,0.000000,0.000,0.000,AP
2026-05-15 08:09:29,1900-01-00 00:00:00,,60:E9:AA:1D:0F:F3,-17,,0.000000,0.000000,0.000,0.000,Client
2026-05-15 08:09:29,1900-01-00 00:00:00,dlink-615_EXT,40:86:CB:27:D2:0C,-17, WPA2 ,0.000000,0.000000,0.000,0.000,AP
2026-05-15 08:09:29,1900-01-00 00:00:00,,60:E9:AA:1D:0F:F3,-17,,0.000000,0.000000,0.000,0.000,Client
2026-05-15 08:09:29,1900-01-00 00:00:00,dlink-615_EXT,40:86:CB:27:D2:0C,-17, WPA2 ,0.000000,0.000000,0.000,0.000,AP
2026-05-15 08:09:29,1900-01-00 00:00:00,,60:E9:AA:1D:0F:F3,-17,,0.000000,0.000000,0.000,0.000,Client
2026-05-15 08:09:29,1900-01-00 00:00:00,dlink-615_EXT,40:86:CB:27:D2:0C,-17, WPA2 ,0.000000,0.000000,0.000,0.000,AP
2026-05-15 08:09:29,1900-01-00 00:00:00,,60:E9:AA:1D:0F:F3,-17,,0.000000,0.000000,0.000,0.000,Client
2026-05-15 08:09:29,1900-01-00 00:00:00,dlink-615_EXT,40:86:CB:27:D2:0C,-17, WPA2 ,0.000000,0.000000,0.000,0.000,AP
2026-05-15 08:09:29,1900-01-00 00:00:00,,60:E9:AA:1D:0F:F3,-17,,0.000000,0.000000,0.000,0.000,Client
2026-05-15 08:09:29,1900-01-00 00:00:00,dlink-615_EXT,40:86:CB:27:D2:0C,-17, WPA2 ,0.000000,0.000000,0.000,0.000,AP
2026-05-15 08:09:29,1900-01-00 00:00:00,,60:E9:AA:1D:0F:F3,-17,,0.000000,0.000000,0.000,0.000,Client
2026-05-15 08:09:29,1900-01-00 00:00:00,dlink-615_EXT,40:86:CB:27:D2:0C,-17, WPA2 ,0.000000,0.000000,0.000,0.000,AP
2026-05-15 08:09:29,1900-01-00 00:00:00,,60:E9:AA:1D:0F:F3,-17,,0.000000,0.000000,0.000,0.000,Client
2026-05-15 08:09:29,1900-01-00 00:00:00,dlink-615_EXT,40:86:CB:27:D2:0C,-17, WPA2 ,0.000000,0.000000,0.000,0.000,AP
2026-05-15 08:09:29,1900-01-00 00:00:00,,60:E9:AA:1D:0F:F3,-17,,0.000000,0.000000,0.000,0.000,Client
2026-05-15 08:09:29,1900-01-00 00:00:00,dlink-615_EXT,40:86:CB:27:D2:0C,-19, WPA2 ,0.000000,0.000000,0.000,0.000,AP
2026-05-15 08:09:29,1900-01-00 00:00:00,,60:E9:AA:1D:0F:F3,-19,,0.000000,0.000000,0.000,0.000,Client
2026-05-15 08:09:29,1900-01-00 00:00:00,dlink-615_EXT,40:86:CB:27:D2:0C,-17, WPA2 ,0.000000,0.000000,0.000,0.000,AP
2026-05-15 08:09:29,1900-01-00 00:00:00,,60:E9:AA:1D:0F:F3,-17,,0.000000,0.000000,0.000,0.000,Client
2026-05-15 08:09:29,1900-01-00 00:00:00,dlink-615_EXT,40:86:CB:27:D2:0C,-17, WPA2 ,0.000000,0.000000,0.000,0.000,AP
2026-05-15 08:09:29,1900-01-00 00:00:00,dlink-615_EXT,40:86:CB:27:D2:0C,-17, WPA2 ,0.000000,0.000000,0.000,0.000,AP
2026-05-15 08:09:29,1900-01-00 00:00:00,,60:E9:AA:1D:0F:F3,-17,,0.000000,0.000000,0.000,0.000,Client
2026-05-15 08:09:29,1900-01-00 00:00:00,dlink-615_EXT,40:86:CB:27:D2:0C,-17, WPA2 ,0.000000,0.000000,0.000,0.000,AP
2026-05-15 08:09:29,1900-01-00 00:00:00,,60:E9:AA:1D:0F:F3,-17,,0.000000,0.000000,0.000,0.000,Client
2026-05-15 08:09:29,1900-01-00 00:00:00,dlink-615_EXT,40:86:CB:27:D2:0C,-17, WPA2 ,0.000000,0.000000,0.000,0.000,AP
2026-05-15 08:09:29,1900-01-00 00:00:00,,60:E9:AA:1D:0F:F3,-17,,0.000000,0.000000,0.000,0.000,Client
2026-05-15 08:09:29,1900-01-00 00:00:00,dlink-615_EXT,40:86:CB:27:D2:0C,-17, WPA2 ,0.000000,0.000000,0.000,0.000,AP
2026-05-15 08:09:29,1900-01-00 00:00:00,,60:E9:AA:1D:0F:F3,-19,,0.000000,0.000000,0.000,0.000,Client
2026-05-15 08:09:29,1900-01-00 00:00:00,,60:E9:AA:1D:0F:F3,-23,,0.000000,0.000000,0.000,0.000,Client
2026-05-15 08:09:29,1900-01-00 00:00:00,dlink-615_EXT,40:86:CB:27:D2:0C,-17, WPA2 ,0.000000,0.000000,0.000,0.000,AP
2026-05-15 08:09:29,1900-01-00 00:00:00,dlink-615_EXT,40:86:CB:27:D2:0C,-25, WPA2 ,0.000000,0.000000,0.000,0.000,AP
2026-05-15 08:09:29,1900-01-00 00:00:00,,60:E9:AA:1D:0F:F3,-25,,0.000000,0.000000,0.000,0.000,Client
2026-05-15 08:09:29,1900-01-00 00:00:00,dlink-615_EXT,40:86:CB:27:D2:0C,-17, WPA2 ,0.000000,0.000000,0.000,0.000,AP
2026-05-15 08:09:29,1900-01-00 00:00:00,,60:E9:AA:1D:0F:F3,-25,,0.000000,0.000000,0.000,0.000,Client
2026-05-15 08:09:29,1900-01-00 00:00:00,,60:E9:AA:1D:0F:F3,-23,,0.000000,0.000000,0.000,0.000,Client
2026-05-15 08:09:29,1900-01-00 00:00:00,dlink-615_EXT,40:86:CB:27:D2:0C,-17, WPA2 ,0.000000,0.000000,0.000,0.000,AP
2026-05-15 08:09:29,1900-01-00 00:00:00,,60:E9:AA:1D:0F:F3,-17,,0.000000,0.000000,0.000,0.000,Client
2026-05-15 08:09:29,1900-01-00 00:00:00,dlink-615_EXT,40:86:CB:27:D2:0C,-17, WPA2 ,0.000000,0.000000,0.000,0.000,AP
2026-05-15 08:09:29,1900-01-00 00:00:00,dlink-615_EXT,40:86:CB:27:D2:0C,-19, WPA2 ,0.000000,0.000000,0.000,0.000,AP
2026-05-15 08:09:29,1900-01-00 00:00:00,,60:E9:AA:1D:0F:F3,-25,,0.000000,0.000000,0.000,0.000,Client
2026-05-15 08:09:29,1900-01-00 00:00:00,dlink-615_EXT,40:86:CB:27:D2:0C,-17, WPA2 ,0.000000,0.000000,0.000,0.000,AP
2026-05-15 08:09:29,1900-01-00 00:00:00,,60:E9:AA:1D:0F:F3,-25,,0.000000,0.000000,0.000,0.000,Client
2026-05-15 08:09:29,1900-01-00 00:00:00,dlink-615_EXT,40:86:CB:27:D2:0C,-17, WPA2 ,0.000000,0.000000,0.000,0.000,AP
2026-05-15 08:09:29,1900-01-00 00:00:00,dlink-615_EXT,40:86:CB:27:D2:0C,-17, WPA2 ,0.000000,0.000000,0.000,0.000,AP
2026-05-15 08:09:29,1900-01-00 00:00:00,,60:E9:AA:1D:0F:F3,-25,,0.000000,0.000000,0.000,0.000,Client
2026-05-15 08:09:29,1900-01-00 00:00:00,dlink-615_EXT,40:86:CB:27:D2:0C,-17, WPA2 ,0.000000,0.000000,0.000,0.000,AP
2026-05-15 08:09:29,1900-01-00 00:00:00,,60:E9:AA:1D:0F:F3,-25,,0.000000,0.000000,0.000,0.000,Client
2026-05-15 08:09:29,1900-01-00 00:00:00,dlink-615_EXT,40:86:CB:27:D2:0C,-17, WPA2 ,0.000000,0.000000,0.000,0.000,AP
2026-05-15 08:09:29,1900-01-00 00:00:00,,60:E9:AA:1D:0F:F3,-25,,0.000000,0.000000,0.000,0.000,Client
2026-05-15 08:09:29,1900-01-00 00:00:00,dlink-615_EXT,40:86:CB:27:D2:0C,-17, WPA2 ,0.000000,0.000000,0.000,0.000,AP
2026-05-15 08:09:29,1900-01-00 00:00:00,,60:E9:AA:1D:0F:F3,-17,,0.000000,0.000000,0.000,0.000,Client
2026-05-15 08:09:29,1900-01-00 00:00:00,dlink-615_EXT,40:86:CB:27:D2:0C,-17, WPA2 ,0.000000,0.000000,0.000,0.000,AP
2026-05-15 08:09:29,1900-01-00 00:00:00,,60:E9:AA:1D:0F:F3,-17,,0.000000,0.000000,0.000,0.000,Client
2026-05-15 08:09:29,1900-01-00 00:00:00,dlink-615_EXT,40:86:CB:27:D2:0C,-19, WPA2 ,0.000000,0.000000,0.000,0.000,AP
2026-05-15 08:09:29,1900-01-00 00:00:00,,60:E9:AA:1D:0F:F3,-19,,0.000000,0.000000,0.000,0.000,Client
2026-05-15 08:09:29,1900-01-00 00:00:00,dlink-615_EXT,40:86:CB:27:D2:0C,-17, WPA2 ,0.000000,0.000000,0.000,0.000,AP
2026-05-15 08:09:29,1900-01-00 00:00:00,,60:E9:AA:1D:0F:F3,-17,,0.000000,0.000000,0.000,0.000,Client
2026-05-15 08:09:29,1900-01-00 00:00:00,dlink-615_EXT,40:86:CB:27:D2:0C,-17, WPA2 ,0.000000,0.000000,0.000,0.000,AP
2026-05-15 08:09:29,1900-01-00 00:00:00,,60:E9:AA:1D:0F:F3,-17,,0.000000,0.000000,0.000,0.000,Client
2026-05-15 08:09:29,1900-01-00 00:00:00,dlink-615_EXT,40:86:CB:27:D2:0C,-19, WPA2 ,0.000000,0.000000,0.000,0.000,AP
2026-05-15 08:09:29,1900-01-00 00:00:00,,60:E9:AA:1D:0F:F3,-19,,0.000000,0.000000,0.000,0.000,Client
2026-05-15 08:09:29,1900-01-00 00:00:00,dlink-615_EXT,40:86:CB:27:D2:0C,-19, WPA2 ,0.000000,0.000000,0.000,0.000,AP
2026-05-15 08:09:29,1900-01-00 00:00:00,,60:E9:AA:1D:0F:F3,-19,,0.000000,0.000000,0.000,0.000,Client
2026-05-15 08:09:29,1900-01-00 00:00:00,dlink-615_EXT,40:86:CB:27:D2:0C,-19, WPA2 ,0.000000,0.000000,0.000,0.000,AP
2026-05-15 08:09:29,1900-01-00 00:00:00,,60:E9:AA:1D:0F:F3,-19,,0.000000,0.000000,0.000,0.000,Client
2026-05-15 08:09:29,1900-01-00 00:00:00,dlink-615_EXT,40:86:CB:27:D2:0C,-17, WPA2 ,0.000000,0.000000,0.000,0.000,AP
2026-05-15 08:09:29,1900-01-00 00:00:00,,60:E9:AA:1D:0F:F3,-17,,0.000000,0.000000,0.000,0.000,Client
2026-05-15 08:09:29,1900-01-00 00:00:00,dlink-615_EXT,40:86:CB:27:D2:0C,-17, WPA2 ,0.000000,0.000000,0.000,0.000,AP
2026-05-15 08:09:29,1900-01-00 00:00:00,,60:E9:AA:1D:0F:F3,-17,,0.000000,0.000000,0.000,0.000,Client
2026-05-15 08:09:29,1900-01-00 00:00:00,dlink-615_EXT,40:86:CB:27:D2:0C,-17, WPA2 ,0.000000,0.000000,0.000,0.000,AP
2026-05-15 08:09:29,1900-01-00 00:00:00,,60:E9:AA:1D:0F:F3,-17,,0.000000,0.000000,0.000,0.000,Client
2026-05-15 08:09:29,1900-01-00 00:00:00,dlink-615_EXT,40:86:CB:27:D2:0C,-17, WPA2 ,0.000000,0.000000,0.000,0.000,AP
2026-05-15 08:09:29,1900-01-00 00:00:00,,60:E9:AA:1D:0F:F3,-17,,0.000000,0.000000,0.000,0.000,Client
2026-05-15 08:09:29,1900-01-00 00:00:00,dlink-615_EXT,40:86:CB:27:D2:0C,-15, WPA2 ,0.000000,0.000000,0.000,0.000,AP
2026-05-15 08:09:29,1900-01-00 00:00:00,dlink-615_EXT,40:86:CB:27:D2:0C,-19, WPA2 ,0.000000,0.000000,0.000,0.000,AP
2026-05-15 08:09:29,1900-01-00 00:00:00,,60:E9:AA:1D:0F:F3,-19,,0.000000,0.000000,0.000,0.000,Client
2026-05-15 08:09:29,1900-01-00 00:00:00,dlink-615_EXT,40:86:CB:27:D2:0C,-17, WPA2 ,0.000000,0.000000,0.000,0.000,AP
2026-05-15 08:09:29,1900-01-00 00:00:00,,60:E9:AA:1D:0F:F3,-17,,0.000000,0.000000,0.000,0.000,Client
2026-05-15 08:09:29,1900-01-00 00:00:00,dlink-615_EXT,40:86:CB:27:D2:0C,-17, WPA2 ,0.000000,0.000000,0.000,0.000,AP
2026-05-15 08:09:29,1900-01-00 00:00:00,,60:E9:AA:1D:0F:F3,-17,,0.000000,0.000000,0.000,0.000,Client
2026-05-15 08:09:29,1900-01-00 00:00:00,dlink-615_EXT,40:86:CB:27:D2:0C,-17, WPA2 ,0.000000,0.000000,0.000,0.000,AP
2026-05-15 08:09:29,1900-01-00 00:00:00,,60:E9:AA:1D:0F:F3,-17,,0.000000,0.000000,0.000,0.000,Client
2026-05-15 08:09:29,1900-01-00 00:00:00,dlink-615_EXT,40:86:CB:27:D2:0C,-17, WPA2 ,0.000000,0.000000,0.000,0.000,AP
2026-05-15 08:09:29,1900-01-00 00:00:00,,60:E9:AA:1D:0F:F3,-17,,0.000000,0.000000,0.000,0.000,Client
2026-05-15 08:09:29,1900-01-00 00:00:00,dlink-615_EXT,40:86:CB:27:D2:0C,-19, WPA2 ,0.000000,0.000000,0.000,0.000,AP
2026-05-15 08:09:29,1900-01-00 00:00:00,,60:E9:AA:1D:0F:F3,-23,,0.000000,0.000000,0.000,0.000,Client
2026-05-15 08:09:29,1900-01-00 00:00:00,,60:E9:AA:1D:0F:F3,-29,,0.000000,0.000000,0.000,0.000,Client
2026-05-15 08:09:29,1900-01-00 00:00:00,dlink-615_EXT,40:86:CB:27:D2:0C,-17, WPA2 ,0.000000,0.000000,0.000,0.000,AP
2026-05-15 08:09:29,1900-01-00 00:00:00,dlink-615_EXT,40:86:CB:27:D2:0C,-17, WPA2 ,0.000000,0.000000,0.000,0.000,AP
2026-05-15 08:09:29,1900-01-00 00:00:00,,60:E9:AA:1D:0F:F3,-25,,0.000000,0.000000,0.000,0.000,Client
2026-05-15 08:09:29,1900-01-00 00:00:00,,60:E9:AA:1D:0F:F3,-17,,0.000000,0.000000,0.000,0.000,Client
2026-05-15 08:09:29,1900-01-00 00:00:00,dlink-615_EXT,40:86:CB:27:D2:0C,-17, WPA2 ,0.000000,0.000000,0.000,0.000,AP
2026-05-15 08:09:29,1900-01-00 00:00:00,dlink-615_EXT,40:86:CB:27:D2:0C,-17, WPA2 ,0.000000,0.000000,0.000,0.000,AP
2026-05-15 08:09:29,1900-01-00 00:00:00,,60:E9:AA:1D:0F:F3,-17,,0.000000,0.000000,0.000,0.000,Client
2026-05-15 08:09:29,1900-01-00 00:00:00,dlink-615_EXT,40:86:CB:27:D2:0C,-17, WPA2 ,0.000000,0.000000,0.000,0.000,AP
2026-05-15 08:09:29,1900-01-00 00:00:00,,60:E9:AA:1D:0F:F3,-17,,0.000000,0.000000,0.000,0.000,Client
2026-05-15 08:09:29,1900-01-00 00:00:00,dlink-615_EXT,40:86:CB:27:D2:0C,-17, WPA2 ,0.000000,0.000000,0.000,0.000,AP
2026-05-15 08:09:29,1900-01-00 00:00:00,,60:E9:AA:1D:0F:F3,-17,,0.000000,0.000000,0.000,0.000,Client
2026-05-15 08:09:29,1900-01-00 00:00:00,dlink-615_EXT,40:86:CB:27:D2:0C,-17, WPA2 ,0.000000,0.000000,0.000,0.000,AP
2026-05-15 08:09:29,1900-01-00 00:00:00,,60:E9:AA:1D:0F:F3,-17,,0.000000,0.000000,0.000,0.000,Client
2026-05-15 08:09:29,1900-01-00 00:00:00,dlink-615_EXT,40:86:CB:27:D2:0C,-17, WPA2 ,0.000000,0.000000,0.000,0.000,AP
2026-05-15 08:09:29,1900-01-00 00:00:00,,60:E9:AA:1D:0F:F3,-17,,0.000000,0.000000,0.000,0.000,Client
2026-05-15 08:09:29,1900-01-00 00:00:00,dlink-615_EXT,40:86:CB:27:D2:0C,-17, WPA2 ,0.000000,0.000000,0.000,0.000,AP
2026-05-15 08:09:29,1900-01-00 00:00:00,,60:E9:AA:1D:0F:F3,-17,,0.000000,0.000000,0.000,0.000,Client
2026-05-15 08:09:29,1900-01-00 00:00:00,dlink-615_EXT,40:86:CB:27:D2:0C,-17, WPA2 ,0.000000,0.000000,0.000,0.000,AP
2026-05-15 08:09:29,1900-01-00 00:00:00,,60:E9:AA:1D:0F:F3,-17,,0.000000,0.000000,0.000,0.000,Client
2026-05-15 08:09:29,1900-01-00 00:00:00,dlink-615_EXT,40:86:CB:27:D2:0C,-17, WPA2 ,0.000000,0.000000,0.000,0.000,AP
2026-05-15 08:09:29,1900-01-00 00:00:00,,60:E9:AA:1D:0F:F3,-17,,0.000000,0.000000,0.000,0.000,Client
2026-05-15 08:09:29,1900-01-00 00:00:00,dlink-615_EXT,40:86:CB:27:D2:0C,-17, WPA2 ,0.000000,0.000000,0.000,0.000,AP
2026-05-15 08:09:29,1900-01-00 00:00:00,,60:E9:AA:1D:0F:F3,-17,,0.000000,0.000000,0.000,0.000,Client
2026-05-15 08:09:29,1900-01-00 00:00:00,dlink-615_EXT,40:86:CB:27:D2:0C,-17, WPA2 ,0.000000,0.000000,0.000,0.000,AP
2026-05-15 08:09:29,1900-01-00 00:00:00,,60:E9:AA:1D:0F:F3,-17,,0.000000,0.000000,0.000,0.000,Client
2026-05-15 08:09:29,1900-01-00 00:00:00,dlink-615_EXT,40:86:CB:27:D2:0C,-17, WPA2 ,0.000000,0.000000,0.000,0.000,AP
2026-05-15 08:09:29,1900-01-00 00:00:00,,60:E9:AA:1D:0F:F3,-17,,0.000000,0.000000,0.000,0.000,Client
2026-05-15 08:09:29,1900-01-00 00:00:00,dlink-615_EXT,40:86:CB:27:D2:0C,-17, WPA2 ,0.000000,0.000000,0.000,0.000,AP
2026-05-15 08:09:29,1900-01-00 00:00:00,,60:E9:AA:1D:0F:F3,-17,,0.000000,0.000000,0.000,0.000,Client
2026-05-15 08:09:29,1900-01-00 00:00:00,dlink-615_EXT,40:86:CB:27:D2:0C,-17, WPA2 ,0.000000,0.000000,0.000,0.000,AP
2026-05-15 08:09:29,1900-01-00 00:00:00,,60:E9:AA:1D:0F:F3,-17,,0.000000,0.000000,0.000,0.000,Client
2026-05-15 08:09:29,1900-01-00 00:00:00,dlink-615_EXT,40:86:CB:27:D2:0C,-17, WPA2 ,0.000000,0.000000,0.000,0.000,AP
2026-05-15 08:09:29,1900-01-00 00:00:00,,60:E9:AA:1D:0F:F3,-17,,0.000000,0.000000,0.000,0.000,Client
2026-05-15 08:09:29,1900-01-00 00:00:00,dlink-615_EXT,40:86:CB:27:D2:0C,-17, WPA2 ,0.000000,0.000000,0.000,0.000,AP
2026-05-15 08:09:29,1900-01-00 00:00:00,,60:E9:AA:1D:0F:F3,-29,,0.000000,0.000000,0.000,0.000,Client
2026-05-15 08:09:29,1900-01-00 00:00:00,dlink-615_EXT,40:86:CB:27:D2:0C,-19, WPA2 ,0.000000,0.000000,0.000,0.000,AP
2026-05-15 08:09:29,1900-01-00 00:00:00,,60:E9:AA:1D:0F:F3,-19,,0.000000,0.000000,0.000,0.000,Client
2026-05-15 08:09:29,1900-01-00 00:00:00,dlink-615_EXT,40:86:CB:27:D2:0C,-19, WPA2 ,0.000000,0.000000,0.000,0.000,AP
2026-05-15 08:09:29,1900-01-00 00:00:00,,60:E9:AA:1D:0F:F3,-19,,0.000000,0.000000,0.000,0.000,Client
2026-05-15 08:09:29,1900-01-00 00:00:00,dlink-615_EXT,40:86:CB:27:D2:0C,-17, WPA2 ,0.000000,0.000000,0.000,0.000,AP
2026-05-15 08:09:29,1900-01-00 00:00:00,,60:E9:AA:1D:0F:F3,-25,,0.000000,0.000000,0.000,0.000,Client
2026-05-15 08:09:29,1900-01-00 00:00:00,dlink-615_EXT,40:86:CB:27:D2:0C,-17, WPA2 ,0.000000,0.000000,0.000,0.000,AP
2026-05-15 08:09:29,1900-01-00 00:00:00,,60:E9:AA:1D:0F:F3,-25,,0.000000,0.000000,0.000,0.000,Client
2026-05-15 08:09:29,1900-01-00 00:00:00,dlink-615_EXT,40:86:CB:27:D2:0C,-17, WPA2 ,0.000000,0.000000,0.000,0.000,AP
2026-05-15 08:09:29,1900-01-00 00:00:00,,60:E9:AA:1D:0F:F3,-17,,0.000000,0.000000,0.000,0.000,Client
2026-05-15 08:09:29,1900-01-00 00:00:00,dlink-615_EXT,40:86:CB:27:D2:0C,-17, WPA2 ,0.000000,0.000000,0.000,0.000,AP
2026-05-15 08:09:29,1900-01-00 00:00:00,,60:E9:AA:1D:0F:F3,-25,,0.000000,0.000000,0.000,0.000,Client
2026-05-15 08:09:29,1900-01-00 00:00:00,dlink-615_EXT,40:86:CB:27:D2:0C,-17, WPA2 ,0.000000,0.000000,0.000,0.000,AP
2026-05-15 08:09:29,1900-01-00 00:00:00,,60:E9:AA:1D:0F:F3,-25,,0.000000,0.000000,0.000,0.000,Client
2026-05-15 08:09:29,1900-01-00 00:00:00,dlink-615_EXT,40:86:CB:27:D2:0C,-17, WPA2 ,0.000000,0.000000,0.000,0.000,AP
2026-05-15 08:09:29,1900-01-00 00:00:00,,60:E9:AA:1D:0F:F3,-25,,0.000000,0.000000,0.000,0.000,Client
2026-05-15 08:09:29,1900-01-00 00:00:00,dlink-615_EXT,40:86:CB:27:D2:0C,-17, WPA2 ,0.000000,0.000000,0.000,0.000,AP
2026-05-15 08:09:29,1900-01-00 00:00:00,,60:E9:AA:1D:0F:F3,-25,,0.000000,0.000000,0.000,0.000,Client
2026-05-15 08:09:29,1900-01-00 00:00:00,dlink-615_EXT,40:86:CB:27:D2:0C,-17, WPA2 ,0.000000,0.000000,0.000,0.000,AP
2026-05-15 08:09:29,1900-01-00 00:00:00,,60:E9:AA:1D:0F:F3,-25,,0.000000,0.000000,0.000,0.000,Client
2026-05-15 08:09:29,1900-01-00 00:00:00,dlink-615_EXT,40:86:CB:27:D2:0C,-17, WPA2 ,0.000000,0.000000,0.000,0.000,AP
2026-05-15 08:09:29,1900-01-00 00:00:00,,60:E9:AA:1D:0F:F3,-29,,0.000000,0.000000,0.000,0.000,Client
2026-05-15 08:09:29,1900-01-00 00:00:00,dlink-615_EXT,40:86:CB:27:D2:0C,-21, WPA2 ,0.000000,0.000000,0.000,0.000,AP
2026-05-15 08:09:29,1900-01-00 00:00:00,dlink-615_EXT,40:86:CB:27:D2:0C,-17, WPA2 ,0.000000,0.000000,0.000,0.000,AP
2026-05-15 08:09:29,1900-01-00 00:00:00,,60:E9:AA:1D:0F:F3,-25,,0.000000,0.000000,0.000,0.000,Client
2026-05-15 08:09:29,1900-01-00 00:00:00,dlink-615_EXT,40:86:CB:27:D2:0C,-17, WPA2 ,0.000000,0.000000,0.000,0.000,AP
2026-05-15 08:09:29,1900-01-00 00:00:00,,60:E9:AA:1D:0F:F3,-17,,0.000000,0.000000,0.000,0.000,Client
2026-05-15 08:09:29,1900-01-00 00:00:00,dlink-615_EXT,40:86:CB:27:D2:0C,-17, WPA2 ,0.000000,0.000000,0.000,0.000,AP
2026-05-15 08:09:29,1900-01-00 00:00:00,,60:E9:AA:1D:0F:F3,-25,,0.000000,0.000000,0.000,0.000,Client
2026-05-15 08:09:29,1900-01-00 00:00:00,dlink-615_EXT,40:86:CB:27:D2:0C,-17, WPA2 ,0.000000,0.000000,0.000,0.000,AP
2026-05-15 08:09:29,1900-01-00 00:00:00,,60:E9:AA:1D:0F:F3,-25,,0.000000,0.000000,0.000,0.000,Client
2026-05-15 08:09:29,1900-01-00 00:00:00,dlink-615_EXT,40:86:CB:27:D2:0C,-17, WPA2 ,0.000000,0.000000,0.000,0.000,AP
2026-05-15 08:09:29,1900-01-00 00:00:00,,60:E9:AA:1D:0F:F3,-25,,0.000000,0.000000,0.000,0.000,Client
2026-05-15 08:09:29,1900-01-00 00:00:00,dlink-615_EXT,40:86:CB:27:D2:0C,-17, WPA2 ,0.000000,0.000000,0.000,0.000,AP
2026-05-15 08:09:29,1900-01-00 00:00:00,dlink-615_EXT,40:86:CB:27:D2:0C,-17, WPA2 ,0.000000,0.000000,0.000,0.000,AP
2026-05-15 08:09:29,1900-01-00 00:00:00,,60:E9:AA:1D:0F:F3,-25,,0.000000,0.000000,0.000,0.000,Client
2026-05-15 08:09:29,1900-01-00 00:00:00,dlink-615_EXT,40:86:CB:27:D2:0C,-17, WPA2 ,0.000000,0.000000,0.000,0.000,AP
2026-05-15 08:09:29,1900-01-00 00:00:00,,60:E9:AA:1D:0F:F3,-17,,0.000000,0.000000,0.000,0.000,Client
2026-05-15 08:09:29,1900-01-00 00:00:00,dlink-615_EXT,40:86:CB:27:D2:0C,-19, WPA2 ,0.000000,0.000000,0.000,0.000,AP
2026-05-15 08:09:29,1900-01-00 00:00:00,,60:E9:AA:1D:0F:F3,-19,,0.000000,0.000000,0.000,0.000,Client
2026-05-15 08:09:29,1900-01-00 00:00:00,dlink-615_EXT,40:86:CB:27:D2:0C,-17, WPA2 ,0.000000,0.000000,0.000,0.000,AP
2026-05-15 08:09:29,1900-01-00 00:00:00,,60:E9:AA:1D:0F:F3,-17,,0.000000,0.000000,0.000,0.000,Client
2026-05-15 08:09:29,1900-01-00 00:00:00,dlink-615_EXT,40:86:CB:27:D2:0C,-17, WPA2 ,0.000000,0.000000,0.000,0.000,AP
2026-05-15 08:09:29,1900-01-00 00:00:00,,60:E9:AA:1D:0F:F3,-17,,0.000000,0.000000,0.000,0.000,Client
2026-05-15 08:09:29,1900-01-00 00:00:00,dlink-615_EXT,40:86:CB:27:D2:0C,-19, WPA2 ,0.000000,0.000000,0.000,0.000,AP
2026-05-15 08:09:29,1900-01-00 00:00:00,,60:E9:AA:1D:0F:F3,-19,,0.000000,0.000000,0.000,0.000,Client
2026-05-15 08:09:29,1900-01-00 00:00:00,dlink-615_EXT,40:86:CB:27:D2:0C,-17, WPA2 ,0.000000,0.000000,0.000,0.000,AP
2026-05-15 08:09:29,1900-01-00 00:00:00,,60:E9:AA:1D:0F:F3,-17,,0.000000,0.000000,0.000,0.000,Client
2026-05-15 08:09:29,1900-01-00 00:00:00,dlink-615_EXT,40:86:CB:27:D2:0C,-19, WPA2 ,0.000000,0.000000,0.000,0.000,AP
2026-05-15 08:09:29,1900-01-00 00:00:00,,60:E9:AA:1D:0F:F3,-19,,0.000000,0.000000,0.000,0.000,Client
2026-05-15 08:09:29,1900-01-00 00:00:00,dlink-615_EXT,40:86:CB:27:D2:0C,-17, WPA2 ,0.000000,0.000000,0.000,0.000,AP
2026-05-15 08:09:29,1900-01-00 00:00:00,,60:E9:AA:1D:0F:F3,-17,,0.000000,0.000000,0.000,0.000,Client
2026-05-15 08:09:29,1900-01-00 00:00:00,dlink-615_EXT,40:86:CB:27:D2:0C,-17, WPA2 ,0.000000,0.000000,0.000,0.000,AP
2026-05-15 08:09:29,1900-01-00 00:00:00,,60:E9:AA:1D:0F:F3,-17,,0.000000,0.000000,0.000,0.000,Client
2026-05-15 08:09:29,1900-01-00 00:00:00,dlink-615_EXT,40:86:CB:27:D2:0C,-17, WPA2 ,0.000000,0.000000,0.000,0.000,AP
2026-05-15 08:09:29,1900-01-00 00:00:00,,60:E9:AA:1D:0F:F3,-17,,0.000000,0.000000,0.000,0.000,Client
2026-05-15 08:09:29,1900-01-00 00:00:00,dlink-615_EXT,40:86:CB:27:D2:0C,-17, WPA2 ,0.000000,0.000000,0.000,0.000,AP
2026-05-15 08:09:29,1900-01-00 00:00:00,,60:E9:AA:1D:0F:F3,-17,,0.000000,0.000000,0.000,0.000,Client
2026-05-15 08:09:29,1900-01-00 00:00:00,dlink-615_EXT,40:86:CB:27:D2:0C,-17, WPA2 ,0.000000,0.000000,0.000,0.000,AP
2026-05-15 08:09:29,1900-01-00 00:00:00,dlink-615_EXT,40:86:CB:27:D2:0C,-17, WPA2 ,0.000000,0.000000,0.000,0.000,AP
2026-05-15 08:09:29,1900-01-00 00:00:00,,60:E9:AA:1D:0F:F3,-17,,0.000000,0.000000,0.000,0.000,Client
2026-05-15 08:09:29,1900-01-00 00:00:00,,9C:2F:9D:82:20:A3,-25,,0.000000,0.000000,0.000,0.000,Client
2026-05-15 08:09:29,1900-01-00 00:00:00,,9C:2F:9D:82:20:A3,-37,,0.000000,0.000000,0.000,0.000,Client
2026-05-15 08:09:29,1900-01-00 00:00:00,,60:E9:AA:1D:0F:F3,-23,,0.000000,0.000000,0.000,0.000,Client
2026-05-15 08:09:29,1900-01-00 00:00:00,dlink-615_EXT,40:86:CB:27:D2:0C,-17, WPA2 ,0.000000,0.000000,0.000,0.000,AP
2026-05-15 08:09:29,1900-01-00 00:00:00,,60:E9:AA:1D:0F:F3,-25,,0.000000,0.000000,0.000,0.000,Client
2026-05-15 08:09:29,1900-01-00 00:00:00,,60:E9:AA:1D:0F:F3,-25,,0.000000,0.000000,0.000,0.000,Client
2026-05-15 08:09:29,1900-01-00 00:00:00,dlink-615_EXT,40:86:CB:27:D2:0C,-17, WPA2 ,0.000000,0.000000,0.000,0.000,AP
2026-05-15 08:09:29,1900-01-00 00:00:00,,60:E9:AA:1D:0F:F3,-23,,0.000000,0.000000,0.000,0.000,Client
2026-05-15 08:09:29,1900-01-00 00:00:00,dlink-615_EXT,40:86:CB:27:D2:0C,-17, WPA2 ,0.000000,0.000000,0.000,0.000,AP
2026-05-15 08:09:29,1900-01-00 00:00:00,dlink-615_EXT,40:86:CB:27:D2:0C,-17, WPA2 ,0.000000,0.000000,0.000,0.000,AP
2026-05-15 08:09:29,1900-01-00 00:00:00,,60:E9:AA:1D:0F:F3,-25,,0.000000,0.000000,0.000,0.000,Client
2026-05-15 08:09:29,1900-01-00 00:00:00,dlink-615_EXT,40:86:CB:27:D2:0C,-17, WPA2 ,0.000000,0.000000,0.000,0.000,AP
2026-05-15 08:09:29,1900-01-00 00:00:00,dlink-615_EXT,40:86:CB:27:D2:0C,-17, WPA2 ,0.000000,0.000000,0.000,0.000,AP
2026-05-15 08:09:29,1900-01-00 00:00:00,dlink-615_EXT,40:86:CB:27:D2:0C,-17, WPA2 ,0.000000,0.000000,0.000,0.000,AP
2026-05-15 08:09:30,1900-01-00 00:00:00,dlink-615_EXT,40:86:CB:27:D2:0C,-17, WPA2 ,0.000000,0.000000,0.000,0.000,AP
2026-05-15 08:09:30,1900-01-00 00:00:00,dlink-615_EXT,40:86:CB:27:D2:0C,-17, WPA2 ,0.000000,0.000000,0.000,0.000,AP
2026-05-15 08:09:30,1900-01-00 00:00:00,dlink-615_EXT,40:86:CB:27:D2:0C,-25, WPA2 ,0.000000,0.000000,0.000,0.000,AP
2026-05-15 08:09:30,1900-01-00 00:00:00,,60:E9:AA:1D:0F:F3,-25,,0.000000,0.000000,0.000,0.000,Client
2026-05-15 08:09:30,1900-01-00 00:00:00,dlink-615_EXT,40:86:CB:27:D2:0C,-35, WPA2 ,0.000000,0.000000,0.000,0.000,AP
2026-05-15 08:09:30,1900-01-00 00:00:00,,60:E9:AA:1D:0F:F3,-35,,0.000000,0.000000,0.000,0.000,Client
2026-05-15 08:09:30,1900-01-00 00:00:00,dlink-615_EXT,40:86:CB:27:D2:0C,-35, WPA2 ,0.000000,0.000000,0.000,0.000,AP
2026-05-15 08:09:30,1900-01-00 00:00:00,,60:E9:AA:1D:0F:F3,-35,,0.000000,0.000000,0.000,0.000,Client
2026-05-15 08:09:30,1900-01-00 00:00:00,dlink-615_EXT,40:86:CB:27:D2:0C,-35, WPA2 ,0.000000,0.000000,0.000,0.000,AP
2026-05-15 08:09:30,1900-01-00 00:00:00,,60:E9:AA:1D:0F:F3,-35,,0.000000,0.000000,0.000,0.000,Client
2026-05-15 08:09:30,1900-01-00 00:00:00,dlink-615_EXT,40:86:CB:27:D2:0C,-35, WPA2 ,0.000000,0.000000,0.000,0.000,AP
2026-05-15 08:09:30,1900-01-00 00:00:00,,60:E9:AA:1D:0F:F3,-35,,0.000000,0.000000,0.000,0.000,Client
2026-05-15 08:09:30,1900-01-00 00:00:00,dlink-615_EXT,40:86:CB:27:D2:0C,-35, WPA2 ,0.000000,0.000000,0.000,0.000,AP
2026-05-15 08:09:30,1900-01-00 00:00:00,,60:E9:AA:1D:0F:F3,-35,,0.000000,0.000000,0.000,0.000,Client
2026-05-15 08:09:30,1900-01-00 00:00:00,dlink-615_EXT,40:86:CB:27:D2:0C,-23, WPA2 ,0.000000,0.000000,0.000,0.000,AP
2026-05-15 08:09:30,1900-01-00 00:00:00,,60:E9:AA:1D:0F:F3,-35,,0.000000,0.000000,0.000,0.000,Client
2026-05-15 08:09:30,1900-01-00 00:00:00,dlink-615_EXT,40:86:CB:27:D2:0C,-37, WPA2 ,0.000000,0.000000,0.000,0.000,AP
2026-05-15 08:09:30,1900-01-00 00:00:00,,60:E9:AA:1D:0F:F3,-35,,0.000000,0.000000,0.000,0.000,Client
2026-05-15 08:09:30,1900-01-00 00:00:00,dlink-615_EXT,40:86:CB:27:D2:0C,-35, WPA2 ,0.000000,0.000000,0.000,0.000,AP
2026-05-15 08:09:30,1900-01-00 00:00:00,,60:E9:AA:1D:0F:F3,-29,,0.000000,0.000000,0.000,0.000,Client
2026-05-15 08:09:30,1900-01-00 00:00:00,dlink-615_EXT,40:86:CB:27:D2:0C,-29, WPA2 ,0.000000,0.000000,0.000,0.000,AP
2026-05-15 08:09:30,1900-01-00 00:00:00,,60:E9:AA:1D:0F:F3,-29,,0.000000,0.000000,0.000,0.000,Client
2026-05-15 08:09:30,1900-01-00 00:00:00,dlink-615_EXT,40:86:CB:27:D2:0C,-29, WPA2 ,0.000000,0.000000,0.000,0.000,AP
2026-05-15 08:09:30,1900-01-00 00:00:00,,60:E9:AA:1D:0F:F3,-29,,0.000000,0.000000,0.000,0.000,Client
2026-05-15 08:09:30,1900-01-00 00:00:00,dlink-615_EXT,40:86:CB:27:D2:0C,-24, WPA2 ,0.000000,0.000000,0.000,0.000,AP
2026-05-15 08:09:30,1900-01-00 00:00:00,,60:E9:AA:1D:0F:F3,-37,,0.000000,0.000000,0.000,0.000,Client
2026-05-15 08:09:30,1900-01-00 00:00:00,dlink-615_EXT,40:86:CB:27:D2:0C,-36, WPA2 ,0.000000,0.000000,0.000,0.000,AP
2026-05-15 08:09:30,1900-01-00 00:00:00,,60:E9:AA:1D:0F:F3,-36,,0.000000,0.000000,0.000,0.000,Client
2026-05-15 08:09:30,1900-01-00 00:00:00,dlink-615_EXT,40:86:CB:27:D2:0C,-17, WPA2 ,0.000000,0.000000,0.000,0.000,AP
2026-05-15 08:09:31,1900-01-00 00:00:00,dlink-615_EXT,40:86:CB:27:D2:0C,-15, WPA2 ,0.000000,0.000000,0.000,0.000,AP
2026-05-15 08:09:31,1900-01-00 00:00:00,dlink-615_EXT,40:86:CB:27:D2:0C,-15, WPA2 ,0.000000,0.000000,0.000,0.000,AP
2026-05-15 08:09:31,1900-01-00 00:00:00,,9C:2F:9D:82:20:A3,-25,,0.000000,0.000000,0.000,0.000,Client
2026-05-15 08:09:31,1900-01-00 00:00:00,,9C:2F:9D:82:20:A3,-27,,0.000000,0.000000,0.000,0.000,Client
2026-05-15 08:09:31,1900-01-00 00:00:00,,9C:2F:9D:82:20:A3,-25,,0.000000,0.000000,0.000,0.000,Client
2026-05-15 08:09:31,1900-01-00 00:00:00,,9C:2F:9D:82:20:A3,-25,,0.000000,0.000000,0.000,0.000,Client
2026-05-15 08:09:31,1900-01-00 00:00:00,,9C:2F:9D:82:20:A3,-25,,0.000000,0.000000,0.000,0.000,Client
2026-05-15 08:09:31,1900-01-00 00:00:00,,9C:2F:9D:82:20:A3,-27,,0.000000,0.000000,0.000,0.000,Client
2026-05-15 08:09:31,1900-01-00 00:00:00,,9C:2F:9D:82:20:A3,-25,,0.000000,0.000000,0.000,0.000,Client
2026-05-15 08:09:31,1900-01-00 00:00:00,,9C:2F:9D:82:20:A3,-25,,0.000000,0.000000,0.000,0.000,Client
2026-05-15 08:09:31,1900-01-00 00:00:00,,9C:2F:9D:82:20:A3,-37,,0.000000,0.000000,0.000,0.000,Client
2026-05-15 08:09:31,1900-01-00 00:00:00,,9C:2F:9D:82:20:A3,-25,,0.000000,0.000000,0.000,0.000,Client
2026-05-15 08:09:31,1900-01-00 00:00:00,,9C:2F:9D:82:20:A3,-25,,0.000000,0.000000,0.000,0.000,Client
2026-05-15 08:09:31,1900-01-00 00:00:00,,9C:2F:9D:82:20:A3,-25,,0.000000,0.000000,0.000,0.000,Client
2026-05-15 08:09:31,1900-01-00 00:00:00,,9C:2F:9D:82:20:A3,-25,,0.000000,0.000000,0.000,0.000,Client
2026-05-15 08:09:31,1900-01-00 00:00:00,,9C:2F:9D:82:20:A3,-25,,0.000000,0.000000,0.000,0.000,Client
2026-05-15 08:09:31,1900-01-00 00:00:00,,9C:2F:9D:82:20:A3,-25,,0.000000,0.000000,0.000,0.000,Client
2026-05-15 08:09:31,1900-01-00 00:00:00,,9C:2F:9D:82:20:A3,-25,,0.000000,0.000000,0.000,0.000,Client
2026-05-15 08:09:31,1900-01-00 00:00:00,,9C:2F:9D:82:20:A3,-25,,0.000000,0.000000,0.000,0.000,Client
2026-05-15 08:09:31,1900-01-00 00:00:00,,9C:2F:9D:82:20:A3,-29,,0.000000,0.000000,0.000,0.000,Client
2026-05-15 08:09:31,1900-01-00 00:00:00,,9C:2F:9D:82:20:A3,-25,,0.000000,0.000000,0.000,0.000,Client
2026-05-15 08:09:31,1900-01-00 00:00:00,,9C:2F:9D:82:20:A3,-29,,0.000000,0.000000,0.000,0.000,Client
2026-05-15 08:09:31,1900-01-00 00:00:00,,9C:2F:9D:82:20:A3,-25,,0.000000,0.000000,0.000,0.000,Client
2026-05-15 08:09:31,1900-01-00 00:00:00,,9C:2F:9D:82:20:A3,-25,,0.000000,0.000000,0.000,0.000,Client
2026-05-15 08:09:31,1900-01-00 00:00:00,,9C:2F:9D:82:20:A3,-25,,0.000000,0.000000,0.000,0.000,Client
2026-05-15 08:09:31,1900-01-00 00:00:00,,9C:2F:9D:82:20:A3,-25,,0.000000,0.000000,0.000,0.000,Client
2026-05-15 08:09:31,1900-01-00 00:00:00,,9C:2F:9D:82:20:A3,-25,,0.000000,0.000000,0.000,0.000,Client
2026-05-15 08:09:31,1900-01-00 00:00:00,,9C:2F:9D:82:20:A3,-25,,0.000000,0.000000,0.000,0.000,Client
2026-05-15 08:09:31,1900-01-00 00:00:00,,9C:2F:9D:82:20:A3,-25,,0.000000,0.000000,0.000,0.000,Client
2026-05-15 08:09:31,1900-01-00 00:00:00,,9C:2F:9D:82:20:A3,-25,,0.000000,0.000000,0.000,0.000,Client
2026-05-15 08:09:31,1900-01-00 00:00:00,,9C:2F:9D:82:20:A3,-25,,0.000000,0.000000,0.000,0.000,Client
2026-05-15 08:09:31,1900-01-00 00:00:00,,9C:2F:9D:82:20:A3,-25,,0.000000,0.000000,0.000,0.000,Client
2026-05-15 08:09:31,1900-01-00 00:00:00,,9C:2F:9D:82:20:A3,-25,,0.000000,0.000000,0.000,0.000,Client
2026-05-15 08:09:31,1900-01-00 00:00:00,,9C:2F:9D:82:20:A3,-25,,0.000000,0.000000,0.000,0.000,Client
2026-05-15 08:09:31,1900-01-00 00:00:00,,9C:2F:9D:82:20:A3,-25,,0.000000,0.000000,0.000,0.000,Client
2026-05-15 08:09:31,1900-01-00 00:00:00,,9C:2F:9D:82:20:A3,-25,,0.000000,0.000000,0.000,0.000,Client
2026-05-15 08:09:31,1900-01-00 00:00:00,,9C:2F:9D:82:20:A3,-29,,0.000000,0.000000,0.000,0.000,Client
2026-05-15 08:09:31,1900-01-00 00:00:00,,9C:2F:9D:82:20:A3,-25,,0.000000,0.000000,0.000,0.000,Client
2026-05-15 08:09:31,1900-01-00 00:00:00,,9C:2F:9D:82:20:A3,-25,,0.000000,0.000000,0.000,0.000,Client
2026-05-15 08:09:31,1900-01-00 00:00:00,,9C:2F:9D:82:20:A3,-25,,0.000000,0.000000,0.000,0.000,Client
2026-05-15 08:09:31,1900-01-00 00:00:00,,9C:2F:9D:82:20:A3,-25,,0.000000,0.000000,0.000,0.000,Client
2026-05-15 08:09:31,1900-01-00 00:00:00,,9C:2F:9D:82:20:A3,-25,,0.000000,0.000000,0.000,0.000,Client
2026-05-15 08:09:31,1900-01-00 00:00:00,,9C:2F:9D:82:20:A3,-25,,0.000000,0.000000,0.000,0.000,Client
2026-05-15 08:09:31,1900-01-00 00:00:00,,9C:2F:9D:82:20:A3,-25,,0.000000,0.000000,0.000,0.000,Client
2026-05-15 08:09:31,1900-01-00 00:00:00,,9C:2F:9D:82:20:A3,-25,,0.000000,0.000000,0.000,0.000,Client
2026-05-15 08:09:31,1900-01-00 00:00:00,,9C:2F:9D:82:20:A3,-25,,0.000000,0.000000,0.000,0.000,Client
2026-05-15 08:09:31,1900-01-00 00:00:00,,9C:2F:9D:82:20:A3,-25,,0.000000,0.000000,0.000,0.000,Client
2026-05-15 08:09:31,1900-01-00 00:00:00,,9C:2F:9D:82:20:A3,-25,,0.000000,0.000000,0.000,0.000,Client
2026-05-15 08:09:31,1900-01-00 00:00:00,,9C:2F:9D:82:20:A3,-25,,0.000000,0.000000,0.000,0.000,Client
2026-05-15 08:09:31,1900-01-00 00:00:00,,9C:2F:9D:82:20:A3,-25,,0.000000,0.000000,0.000,0.000,Client
2026-05-15 08:09:31,1900-01-00 00:00:00,,9C:2F:9D:82:20:A3,-25,,0.000000,0.000000,0.000,0.000,Client
2026-05-15 08:09:31,1900-01-00 00:00:00,,9C:2F:9D:82:20:A3,-25,,0.000000,0.000000,0.000,0.000,Client
2026-05-15 08:09:31,1900-01-00 00:00:00,,9C:2F:9D:82:20:A3,-61,,0.000000,0.000000,0.000,0.000,Client
2026-05-15 08:09:31,1900-01-00 00:00:00,,9C:2F:9D:82:20:A3,-27,,0.000000,0.000000,0.000,0.000,Client
2026-05-15 08:09:31,1900-01-00 00:00:00,,9C:2F:9D:82:20:A3,-25,,0.000000,0.000000,0.000,0.000,Client
2026-05-15 08:09:31,1900-01-00 00:00:00,,9C:2F:9D:82:20:A3,-29,,0.000000,0.000000,0.000,0.000,Client
2026-05-15 08:09:31,1900-01-00 00:00:00,,9C:2F:9D:82:20:A3,-25,,0.000000,0.000000,0.000,0.000,Client
2026-05-15 08:09:31,1900-01-00 00:00:00,,9C:2F:9D:82:20:A3,-25,,0.000000,0.000000,0.000,0.000,Client
2026-05-15 08:09:31,1900-01-00 00:00:00,,9C:2F:9D:82:20:A3,-25,,0.000000,0.000000,0.000,0.000,Client
2026-05-15 08:09:31,1900-01-00 00:00:00,,9C:2F:9D:82:20:A3,-25,,0.000000,0.000000,0.000,0.000,Client
2026-05-15 08:09:31,1900-01-00 00:00:00,,9C:2F:9D:82:20:A3,-25,,0.000000,0.000000,0.000,0.000,Client
2026-05-15 08:09:31,1900-01-00 00:00:00,,9C:2F:9D:82:20:A3,-25,,0.000000,0.000000,0.000,0.000,Client
2026-05-15 08:09:31,1900-01-00 00:00:00,,9C:2F:9D:82:20:A3,-25,,0.000000,0.000000,0.000,0.000,Client
2026-05-15 08:09:31,1900-01-00 00:00:00,,9C:2F:9D:82:20:A3,-25,,0.000000,0.000000,0.000,0.000,Client
2026-05-15 08:09:32,1900-01-00 00:00:00,,9C:2F:9D:82:20:A3,-25,,0.000000,0.000000,0.000,0.000,Client
2026-05-15 08:09:32,1900-01-00 00:00:00,,9C:2F:9D:82:20:A3,-25,,0.000000,0.000000,0.000,0.000,Client
2026-05-15 08:09:32,1900-01-00 00:00:00,,9C:2F:9D:82:20:A3,-25,,0.000000,0.000000,0.000,0.000,Client
2026-05-15 08:09:32,1900-01-00 00:00:00,,9C:2F:9D:82:20:A3,-25,,0.000000,0.000000,0.000,0.000,Client
2026-05-15 08:09:32,1900-01-00 00:00:00,,9C:2F:9D:82:20:A3,-25,,0.000000,0.000000,0.000,0.000,Client
2026-05-15 08:09:32,1900-01-00 00:00:00,,9C:2F:9D:82:20:A3,-25,,0.000000,0.000000,0.000,0.000,Client
2026-05-15 08:09:32,1900-01-00 00:00:00,,9C:2F:9D:82:20:A3,-25,,0.000000,0.000000,0.000,0.000,Client
2026-05-15 08:09:32,1900-01-00 00:00:00,,9C:2F:9D:82:20:A3,-25,,0.000000,0.000000,0.000,0.000,Client
2026-05-15 08:09:32,1900-01-00 00:00:00,,9C:2F:9D:82:20:A3,-25,,0.000000,0.000000,0.000,0.000,Client
2026-05-15 08:09:32,1900-01-00 00:00:00,,9C:2F:9D:82:20:A3,-25,,0.000000,0.000000,0.000,0.000,Client
2026-05-15 08:09:32,1900-01-00 00:00:00,,9C:2F:9D:82:20:A3,-25,,0.000000,0.000000,0.000,0.000,Client
2026-05-15 08:09:32,1900-01-00 00:00:00,,9C:2F:9D:82:20:A3,-25,,0.000000,0.000000,0.000,0.000,Client
2026-05-15 08:09:32,1900-01-00 00:00:00,,9C:2F:9D:82:20:A3,-25,,0.000000,0.000000,0.000,0.000,Client
2026-05-15 08:09:32,1900-01-00 00:00:00,,9C:2F:9D:82:20:A3,-29,,0.000000,0.000000,0.000,0.000,Client
2026-05-15 08:09:32,1900-01-00 00:00:00,,9C:2F:9D:82:20:A3,-25,,0.000000,0.000000,0.000,0.000,Client
2026-05-15 08:09:32,1900-01-00 00:00:00,,9C:2F:9D:82:20:A3,-25,,0.000000,0.000000,0.000,0.000,Client
2026-05-15 08:09:32,1900-01-00 00:00:00,,9C:2F:9D:82:20:A3,-25,,0.000000,0.000000,0.000,0.000,Client
2026-05-15 08:09:32,1900-01-00 00:00:00,,9C:2F:9D:82:20:A3,-25,,0.000000,0.000000,0.000,0.000,Client
2026-05-15 08:09:32,1900-01-00 00:00:00,,9C:2F:9D:82:20:A3,-25,,0.000000,0.000000,0.000,0.000,Client
2026-05-15 08:09:32,1900-01-00 00:00:00,,9C:2F:9D:82:20:A3,-25,,0.000000,0.000000,0.000,0.000,Client
2026-05-15 08:09:32,1900-01-00 00:00:00,,9C:2F:9D:82:20:A3,-25,,0.000000,0.000000,0.000,0.000,Client
2026-05-15 08:09:32,1900-01-00 00:00:00,,9C:2F:9D:82:20:A3,-25,,0.000000,0.000000,0.000,0.000,Client
2026-05-15 08:09:32,1900-01-00 00:00:00,,9C:2F:9D:82:20:A3,-25,,0.000000,0.000000,0.000,0.000,Client
2026-05-15 08:09:32,1900-01-00 00:00:00,,9C:2F:9D:82:20:A3,-25,,0.000000,0.000000,0.000,0.000,Client
2026-05-15 08:09:32,1900-01-00 00:00:00,,9C:2F:9D:82:20:A3,-27,,0.000000,0.000000,0.000,0.000,Client
2026-05-15 08:09:32,1900-01-00 00:00:00,,9C:2F:9D:82:20:A3,-25,,0.000000,0.000000,0.000,0.000,Client
2026-05-15 08:09:32,1900-01-00 00:00:00,,9C:2F:9D:82:20:A3,-25,,0.000000,0.000000,0.000,0.000,Client
2026-05-15 08:09:32,1900-01-00 00:00:00,,9C:2F:9D:82:20:A3,-25,,0.000000,0.000000,0.000,0.000,Client
2026-05-15 08:09:32,1900-01-00 00:00:00,,9C:2F:9D:82:20:A3,-25,,0.000000,0.000000,0.000,0.000,Client
2026-05-15 08:09:32,1900-01-00 00:00:00,,9C:2F:9D:82:20:A3,-25,,0.000000,0.000000,0.000,0.000,Client
2026-05-15 08:09:32,1900-01-00 00:00:00,,9C:2F:9D:82:20:A3,-25,,0.000000,0.000000,0.000,0.000,Client
2026-05-15 08:09:32,1900-01-00 00:00:00,,9C:2F:9D:82:20:A3,-25,,0.000000,0.000000,0.000,0.000,Client
2026-05-15 08:09:32,1900-01-00 00:00:00,,9C:2F:9D:82:20:A3,-25,,0.000000,0.000000,0.000,0.000,Client
2026-05-15 08:09:32,1900-01-00 00:00:00,,9C:2F:9D:82:20:A3,-25,,0.000000,0.000000,0.000,0.000,Client
2026-05-15 08:09:32,1900-01-00 00:00:00,,9C:2F:9D:82:20:A3,-25,,0.000000,0.000000,0.000,0.000,Client
2026-05-15 08:09:32,1900-01-00 00:00:00,,9C:2F:9D:82:20:A3,-25,,0.000000,0.000000,0.000,0.000,Client
2026-05-15 08:09:32,1900-01-00 00:00:00,,9C:2F:9D:82:20:A3,-25,,0.000000,0.000000,0.000,0.000,Client
2026-05-15 08:09:32,1900-01-00 00:00:00,,9C:2F:9D:82:20:A3,-25,,0.000000,0.000000,0.000,0.000,Client
2026-05-15 08:09:32,1900-01-00 00:00:00,,9C:2F:9D:82:20:A3,-25,,0.000000,0.000000,0.000,0.000,Client
2026-05-15 08:09:32,1900-01-00 00:00:00,,9C:2F:9D:82:20:A3,-25,,0.000000,0.000000,0.000,0.000,Client
2026-05-15 08:09:32,1900-01-00 00:00:00,,9C:2F:9D:82:20:A3,-25,,0.000000,0.000000,0.000,0.000,Client
2026-05-15 08:09:32,1900-01-00 00:00:00,,9C:2F:9D:82:20:A3,-25,,0.000000,0.000000,0.000,0.000,Client
2026-05-15 08:09:32,1900-01-00 00:00:00,,9C:2F:9D:82:20:A3,-29,,0.000000,0.000000,0.000,0.000,Client
2026-05-15 08:09:32,1900-01-00 00:00:00,,9C:2F:9D:82:20:A3,-25,,0.000000,0.000000,0.000,0.000,Client
2026-05-15 08:09:32,1900-01-00 00:00:00,,9C:2F:9D:82:20:A3,-25,,0.000000,0.000000,0.000,0.000,Client
2026-05-15 08:09:32,1900-01-00 00:00:00,,9C:2F:9D:82:20:A3,-29,,0.000000,0.000000,0.000,0.000,Client
2026-05-15 08:09:32,1900-01-00 00:00:00,,9C:2F:9D:82:20:A3,-25,,0.000000,0.000000,0.000,0.000,Client
2026-05-15 08:09:32,1900-01-00 00:00:00,,9C:2F:9D:82:20:A3,-25,,0.000000,0.000000,0.000,0.000,Client
2026-05-15 08:09:32,1900-01-00 00:00:00,,9C:2F:9D:82:20:A3,-25,,0.000000,0.000000,0.000,0.000,Client
2026-05-15 08:09:32,1900-01-00 00:00:00,,9C:2F:9D:82:20:A3,-25,,0.000000,0.000000,0.000,0.000,Client
2026-05-15 08:09:32,1900-01-00 00:00:00,,9C:2F:9D:82:20:A3,-25,,0.000000,0.000000,0.000,0.000,Client
2026-05-15 08:09:32,1900-01-00 00:00:00,,9C:2F:9D:82:20:A3,-37,,0.000000,0.000000,0.000,0.000,Client
2026-05-15 08:09:32,1900-01-00 00:00:00,,9C:2F:9D:82:20:A3,-25,,0.000000,0.000000,0.000,0.000,Client
2026-05-15 08:09:32,1900-01-00 00:00:00,,9C:2F:9D:82:20:A3,-25,,0.000000,0.000000,0.000,0.000,Client
2026-05-15 08:09:32,1900-01-00 00:00:00,,9C:2F:9D:82:20:A3,-25,,0.000000,0.000000,0.000,0.000,Client
2026-05-15 08:09:32,1900-01-00 00:00:00,,9C:2F:9D:82:20:A3,-25,,0.000000,0.000000,0.000,0.000,Client
2026-05-15 08:09:32,1900-01-00 00:00:00,,9C:2F:9D:82:20:A3,-27,,0.000000,0.000000,0.000,0.000,Client
2026-05-15 08:09:32,1900-01-00 00:00:00,,9C:2F:9D:82:20:A3,-25,,0.000000,0.000000,0.000,0.000,Client
2026-05-15 08:09:32,1900-01-00 00:00:00,,9C:2F:9D:82:20:A3,-25,,0.000000,0.000000,0.000,0.000,Client
2026-05-15 08:09:32,1900-01-00 00:00:00,,9C:2F:9D:82:20:A3,-25,,0.000000,0.000000,0.000,0.000,Client
2026-05-15 08:09:32,1900-01-00 00:00:00,,9C:2F:9D:82:20:A3,-25,,0.000000,0.000000,0.000,0.000,Client
2026-05-15 08:09:32,1900-01-00 00:00:00,,9C:2F:9D:82:20:A3,-25,,0.000000,0.000000,0.000,0.000,Client
2026-05-15 08:09:32,1900-01-00 00:00:00,,9C:2F:9D:82:20:A3,-25,,0.000000,0.000000,0.000,0.000,Client
2026-05-15 08:09:32,1900-01-00 00:00:00,,9C:2F:9D:82:20:A3,-29,,0.000000,0.000000,0.000,0.000,Client
2026-05-15 08:09:32,1900-01-00 00:00:00,,9C:2F:9D:82:20:A3,-25,,0.000000,0.000000,0.000,0.000,Client
2026-05-15 08:09:32,1900-01-00 00:00:00,,9C:2F:9D:82:20:A3,-25,,0.000000,0.000000,0.000,0.000,Client
2026-05-15 08:09:32,1900-01-00 00:00:00,,9C:2F:9D:82:20:A3,-25,,0.000000,0.000000,0.000,0.000,Client
2026-05-15 08:09:32,1900-01-00 00:00:00,,9C:2F:9D:82:20:A3,-25,,0.000000,0.000000,0.000,0.000,Client
2026-05-15 08:09:32,1900-01-00 00:00:00,,9C:2F:9D:82:20:A3,-37,,0.000000,0.000000,0.000,0.000,Client
2026-05-15 08:09:32,1900-01-00 00:00:00,,9C:2F:9D:82:20:A3,-37,,0.000000,0.000000,0.000,0.000,Client
2026-05-15 08:09:32,1900-01-00 00:00:00,,9C:2F:9D:82:20:A3,-37,,0.000000,0.000000,0.000,0.000,Client
2026-05-15 08:09:32,1900-01-00 00:00:00,,9C:2F:9D:82:20:A3,-37,,0.000000,0.000000,0.000,0.000,Client
2026-05-15 08:09:32,1900-01-00 00:00:00,,9C:2F:9D:82:20:A3,-37,,0.000000,0.000000,0.000,0.000,Client
2026-05-15 08:09:32,1900-01-00 00:00:00,,60:E9:AA:1D:0F:F3,-23,,0.000000,0.000000,0.000,0.000,Client
2026-05-15 08:09:32,1900-01-00 00:00:00,,60:E9:AA:1D:0F:F3,-25,,0.000000,0.000000,0.000,0.000,Client
2026-05-15 08:09:32,1900-01-00 00:00:00,,60:E9:AA:1D:0F:F3,-25,,0.000000,0.000000,0.000,0.000,Client
2026-05-15 08:09:33,1900-01-00 00:00:00,dlink-615_EXT,40:86:CB:27:D2:0C,-51, WPA2 ,0.000000,0.000000,0.000,0.000,AP
2026-05-15 08:09:33,1900-01-00 00:00:00,,60:E9:AA:1D:0F:F3,-25,,0.000000,0.000000,0.000,0.000,Client
2026-05-15 08:09:33,1900-01-00 00:00:00,dlink-615_EXT,40:86:CB:27:D2:0C,-17, WPA2 ,0.000000,0.000000,0.000,0.000,AP
2026-05-15 08:09:33,1900-01-00 00:00:00,,9C:2F:9D:82:20:A3,-25,,0.000000,0.000000,0.000,0.000,Client
2026-05-15 08:09:33,1900-01-00 00:00:00,dlink-615_EXT,40:86:CB:27:D2:0C,-15, WPA2 ,0.000000,0.000000,0.000,0.000,AP
2026-05-15 08:09:33,1900-01-00 00:00:00,dlink-615_EXT,40:86:CB:27:D2:0C,-17, WPA2 ,0.000000,0.000000,0.000,0.000,AP
2026-05-15 08:09:33,1900-01-00 00:00:00,dlink-615_EXT,40:86:CB:27:D2:0C,-17, WPA2 ,0.000000,0.000000,0.000,0.000,AP
2026-05-15 08:09:33,1900-01-00 00:00:00,,60:E9:AA:1D:0F:F3,-25,,0.000000,0.000000,0.000,0.000,Client
2026-05-15 08:09:33,1900-01-00 00:00:00,dlink-615_EXT,40:86:CB:27:D2:0C,-17, WPA2 ,0.000000,0.000000,0.000,0.000,AP
2026-05-15 08:09:33,1900-01-00 00:00:00,dlink-615_EXT,40:86:CB:27:D2:0C,-15, WPA2 ,0.000000,0.000000,0.000,0.000,AP
2026-05-15 08:09:33,1900-01-00 00:00:00,dlink-615_EXT,40:86:CB:27:D2:0C,-47, WPA2 ,0.000000,0.000000,0.000,0.000,AP
2026-05-15 08:09:34,1900-01-00 00:00:00,dlink-615_EXT,40:86:CB:27:D2:0C,-15, WPA2 ,0.000000,0.000000,0.000,0.000,AP
2026-05-15 08:09:34,1900-01-00 00:00:00,dlink-615_EXT,40:86:CB:27:D2:0C,-23, WPA2 ,0.000000,0.000000,0.000,0.000,AP
2026-05-15 08:09:34,1900-01-00 00:00:00,dlink-615_EXT,40:86:CB:27:D2:0C,-19, WPA2 ,0.000000,0.000000,0.000,0.000,AP
2026-05-15 08:09:35,1900-01-00 00:00:00,dlink-615_EXT,40:86:CB:27:D2:0C,-55, WPA2 ,0.000000,0.000000,0.000,0.000,AP
2026-05-15 08:09:35,1900-01-00 00:00:00,dlink-615_EXT,40:86:CB:27:D2:0C,-55, WPA2 ,0.000000,0.000000,0.000,0.000,AP
2026-05-15 08:09:35,1900-01-00 00:00:00,dlink-615_EXT,40:86:CB:27:D2:0C,-59, WPA2 ,0.000000,0.000000,0.000,0.000,AP
2026-05-15 08:09:35,1900-01-00 00:00:00,dlink-615_EXT,40:86:CB:27:D2:0C,-17, WPA2 ,0.000000,0.000000,0.000,0.000,AP
2026-05-15 08:09:36,1900-01-00 00:00:00,,9C:2F:9D:82:20:A3,-25,,0.000000,0.000000,0.000,0.000,Client
2026-05-15 08:09:36,1900-01-00 00:00:00,dlink-615_EXT,40:86:CB:27:D2:0C,-17, WPA2 ,0.000000,0.000000,0.000,0.000,AP
2026-05-15 08:09:36,1900-01-00 00:00:00,,9C:2F:9D:82:20:A3,-27,,0.000000,0.000000,0.000,0.000,Client
2026-05-15 08:09:36,1900-01-00 00:00:00,dlink-615_EXT,40:86:CB:27:D2:0C,-17, WPA2 ,0.000000,0.000000,0.000,0.000,AP
2026-05-15 08:09:36,1900-01-00 00:00:00,,9C:2F:9D:82:20:A3,-25,,0.000000,0.000000,0.000,0.000,Client
2026-05-15 08:09:36,1900-01-00 00:00:00,,9C:2F:9D:82:20:A3,-38,,0.000000,0.000000,0.000,0.000,Client
2026-05-15 08:09:37,1900-01-00 00:00:00,,9C:2F:9D:82:20:A3,-33,,0.000000,0.000000,0.000,0.000,Client
2026-05-15 08:09:37,1900-01-00 00:00:00,,9C:2F:9D:82:20:A3,-33,,0.000000,0.000000,0.000,0.000,Client
2026-05-15 08:09:37,1900-01-00 00:00:00,,9C:2F:9D:82:20:A3,-33,,0.000000,0.000000,0.000,0.000,Client
2026-05-15 08:09:38,1900-01-00 00:00:00,,9C:2F:9D:82:20:A3,-33,,0.000000,0.000000,0.000,0.000,Client
2026-05-15 08:09:38,1900-01-00 00:00:00,dlink-615_EXT,40:86:CB:27:D2:0C,-15, WPA2 ,0.000000,0.000000,0.000,0.000,AP
2026-05-15 08:09:38,1900-01-00 00:00:00,,9C:2F:9D:82:20:A3,-25,,0.000000,0.000000,0.000,0.000,Client
2026-05-15 08:09:39,1900-01-00 00:00:00,dlink-615_EXT,40:86:CB:27:D2:0C,-17, WPA2 ,0.000000,0.000000,0.000,0.000,AP
2026-05-15 08:09:39,1900-01-00 00:00:00,,9C:2F:9D:82:20:A3,-25,,0.000000,0.000000,0.000,0.000,Client
2026-05-15 08:09:39,1900-01-00 00:00:00,dlink-615_EXT,40:86:CB:27:D2:0C,-21, WPA2 ,0.000000,0.000000,0.000,0.000,AP
2026-05-15 08:09:39,1900-01-00 00:00:00,dlink-615_EXT,40:86:CB:27:D2:0C,-17, WPA2 ,0.000000,0.000000,0.000,0.000,AP
2026-05-15 08:09:39,1900-01-00 00:00:00,dlink-615_EXT,40:86:CB:27:D2:0C,-17, WPA2 ,0.000000,0.000000,0.000,0.000,AP
2026-05-15 08:09:39,1900-01-00 00:00:00,dlink-615_EXT,40:86:CB:27:D2:0C,-17, WPA2 ,0.000000,0.000000,0.000,0.000,AP
2026-05-15 08:09:39,1900-01-00 00:00:00,dlink-615_EXT,40:86:CB:27:D2:0C,-15, WPA2 ,0.000000,0.000000,0.000,0.000,AP
2026-05-15 08:09:39,1900-01-00 00:00:00,dlink-615_EXT,40:86:CB:27:D2:0C,-17, WPA2 ,0.000000,0.000000,0.000,0.000,AP
2026-05-15 08:09:40,1900-01-00 00:00:00,dlink-615_EXT,40:86:CB:27:D2:0C,-15, WPA2 ,0.000000,0.000000,0.000,0.000,AP
2026-05-15 08:09:40,1900-01-00 00:00:00,,9C:2F:9D:82:20:A3,-27,,0.000000,0.000000,0.000,0.000,Client
2026-05-15 08:09:40,1900-01-00 00:00:00,dlink-615_EXT,40:86:CB:27:D2:0C,-15, WPA2 ,0.000000,0.000000,0.000,0.000,AP
2026-05-15 08:09:40,1900-01-00 00:00:00,dlink-615_EXT,40:86:CB:27:D2:0C,-55, WPA2 ,0.000000,0.000000,0.000,0.000,AP
2026-05-15 08:09:40,1900-01-00 00:00:00,dlink-615_EXT,40:86:CB:27:D2:0C,-51, WPA2 ,0.000000,0.000000,0.000,0.000,AP
2026-05-15 08:09:40,1900-01-00 00:00:00,dlink-615_EXT,40:86:CB:27:D2:0C,-51, WPA2 ,0.000000,0.000000,0.000,0.000,AP
2026-05-15 08:09:40,1900-01-00 00:00:00,dlink-615_EXT,40:86:CB:27:D2:0C,-17, WPA2 ,0.000000,0.000000,0.000,0.000,AP
2026-05-15 08:09:40,1900-01-00 00:00:00,dlink-615_EXT,40:86:CB:27:D2:0C,-17, WPA2 ,0.000000,0.000000,0.000,0.000,AP
2026-05-15 08:09:40,1900-01-00 00:00:00,dlink-615_EXT,40:86:CB:27:D2:0C,-47, WPA2 ,0.000000,0.000000,0.000,0.000,AP
2026-05-15 08:09:41,1900-01-00 00:00:00,dlink-615_EXT,40:86:CB:27:D2:0C,-15, WPA2 ,0.000000,0.000000,0.000,0.000,AP
2026-05-15 08:09:41,1900-01-00 00:00:00,dlink-615_EXT,40:86:CB:27:D2:0C,-19, WPA2 ,0.000000,0.000000,0.000,0.000,AP
2026-05-15 08:09:41,1900-01-00 00:00:00,dlink-615_EXT,40:86:CB:27:D2:0C,-17, WPA2 ,0.000000,0.000000,0.000,0.000,AP
2026-05-15 08:09:41,1900-01-00 00:00:00,dlink-615_EXT,40:86:CB:27:D2:0C,-17, WPA2 ,0.000000,0.000000,0.000,0.000,AP
2026-05-15 08:09:41,1900-01-00 00:00:00,dlink-615_EXT,40:86:CB:27:D2:0C,-17, WPA2 ,0.000000,0.000000,0.000,0.000,AP
2026-05-15 08:09:41,1900-01-00 00:00:00,dlink-615_EXT,40:86:CB:27:D2:0C,-17, WPA2 ,0.000000,0.000000,0.000,0.000,AP
2026-05-15 08:09:41,1900-01-00 00:00:00,dlink-615_EXT,40:86:CB:27:D2:0C,-17, WPA2 ,0.000000,0.000000,0.000,0.000,AP
2026-05-15 08:09:42,1900-01-00 00:00:00,dlink-615_EXT,40:86:CB:27:D2:0C,-17, WPA2 ,0.000000,0.000000,0.000,0.000,AP
2026-05-15 08:09:42,1900-01-00 00:00:00,dlink-615_EXT,40:86:CB:27:D2:0C,-17, WPA2 ,0.000000,0.000000,0.000,0.000,AP
2026-05-15 08:09:42,1900-01-00 00:00:00,dlink-615_EXT,40:86:CB:27:D2:0C,-15, WPA2 ,0.000000,0.000000,0.000,0.000,AP
2026-05-15 08:09:42,1900-01-00 00:00:00,dlink-615_EXT,40:86:CB:27:D2:0C,-17, WPA2 ,0.000000,0.000000,0.000,0.000,AP
2026-05-15 08:09:42,1900-01-00 00:00:00,,9C:2F:9D:82:20:A3,-31,,0.000000,0.000000,0.000,0.000,Client
2026-05-15 08:09:43,1900-01-00 00:00:00,dlink-615_EXT,40:86:CB:27:D2:0C,-15, WPA2 ,0.000000,0.000000,0.000,0.000,AP
2026-05-15 08:09:43,1900-01-00 00:00:00,dlink-615_EXT,40:86:CB:27:D2:0C,-17, WPA2 ,0.000000,0.000000,0.000,0.000,AP
2026-05-15 08:09:43,1900-01-00 00:00:00,dlink-615_EXT,40:86:CB:27:D2:0C,-17, WPA2 ,0.000000,0.000000,0.000,0.000,AP
2026-05-15 08:09:43,1900-01-00 00:00:00,dlink-615_EXT,40:86:CB:27:D2:0C,-17, WPA2 ,0.000000,0.000000,0.000,0.000,AP
2026-05-15 08:09:43,1900-01-00 00:00:00,dlink-615_EXT,40:86:CB:27:D2:0C,-15, WPA2 ,0.000000,0.000000,0.000,0.000,AP
2026-05-15 08:09:43,1900-01-00 00:00:00,dlink-615_EXT,40:86:CB:27:D2:0C,-15, WPA2 ,0.000000,0.000000,0.000,0.000,AP
2026-05-15 08:09:43,1900-01-00 00:00:00,dlink-615_EXT,40:86:CB:27:D2:0C,-17, WPA2 ,0.000000,0.000000,0.000,0.000,AP
2026-05-15 08:09:43,1900-01-00 00:00:00,dlink-615_EXT,40:86:CB:27:D2:0C,-17, WPA2 ,0.000000,0.000000,0.000,0.000,AP
2026-05-15 08:09:43,1900-01-00 00:00:00,dlink-615_EXT,40:86:CB:27:D2:0C,-51, WPA2 ,0.000000,0.000000,0.000,0.000,AP
2026-05-15 08:09:43,1900-01-00 00:00:00,dlink-615_EXT,40:86:CB:27:D2:0C,-53, WPA2 ,0.000000,0.000000,0.000,0.000,AP
2026-05-15 08:09:44,1900-01-00 00:00:00,,9C:2F:9D:82:20:A3,-25,,0.000000,0.000000,0.000,0.000,Client
2026-05-15 08:09:44,1900-01-00 00:00:00,dlink-615_EXT,40:86:CB:27:D2:0C,-15, WPA2 ,0.000000,0.000000,0.000,0.000,AP
2026-05-15 08:09:44,1900-01-00 00:00:00,dlink-615_EXT,40:86:CB:27:D2:0C,-17, WPA2 ,0.000000,0.000000,0.000,0.000,AP
2026-05-15 08:09:45,1900-01-00 00:00:00,dlink-615_EXT,40:86:CB:27:D2:0C,-21, WPA2 ,0.000000,0.000000,0.000,0.000,AP
2026-05-15 08:09:45,1900-01-00 00:00:00,dlink-615_EXT,40:86:CB:27:D2:0C,-19, WPA2 ,0.000000,0.000000,0.000,0.000,AP
2026-05-15 08:09:46,1900-01-00 00:00:00,dlink-615_EXT,40:86:CB:27:D2:0C,-25, WPA2 ,0.000000,0.000000,0.000,0.000,AP
2026-05-15 08:09:46,1900-01-00 00:00:00,dlink-615_EXT,40:86:CB:27:D2:0C,-57, WPA2 ,0.000000,0.000000,0.000,0.000,AP
2026-05-15 08:09:46,1900-01-00 00:00:00,dlink-615_EXT,40:86:CB:27:D2:0C,-59, WPA2 ,0.000000,0.000000,0.000,0.000,AP
2026-05-15 08:09:46,1900-01-00 00:00:00,dlink-615_EXT,40:86:CB:27:D2:0C,-17, WPA2 ,0.000000,0.000000,0.000,0.000,AP
2026-05-15 08:09:46,1900-01-00 00:00:00,dlink-615_EXT,40:86:CB:27:D2:0C,-15, WPA2 ,0.000000,0.000000,0.000,0.000,AP
2026-05-15 08:09:46,1900-01-00 00:00:00,dlink-615_EXT,40:86:CB:27:D2:0C,-15, WPA2 ,0.000000,0.000000,0.000,0.000,AP
2026-05-15 08:09:47,1900-01-00 00:00:00,,9C:2F:9D:82:20:A3,-31,,0.000000,0.000000,0.000,0.000,Client
2026-05-15 08:09:47,1900-01-00 00:00:00,dlink-615_EXT,40:86:CB:27:D2:0C,-15, WPA2 ,0.000000,0.000000,0.000,0.000,AP
2026-05-15 08:09:47,1900-01-00 00:00:00,,9C:2F:9D:82:20:A3,-29,,0.000000,0.000000,0.000,0.000,Client
2026-05-15 08:09:47,1900-01-00 00:00:00,dlink-615_EXT,40:86:CB:27:D2:0C,-15, WPA2 ,0.000000,0.000000,0.000,0.000,AP
2026-05-15 08:09:47,1900-01-00 00:00:00,dlink-615_EXT,40:86:CB:27:D2:0C,-15, WPA2 ,0.000000,0.000000,0.000,0.000,AP
2026-05-15 08:09:47,1900-01-00 00:00:00,dlink-615_EXT,40:86:CB:27:D2:0C,-15, WPA2 ,0.000000,0.000000,0.000,0.000,AP
2026-05-15 08:09:47,1900-01-00 00:00:00,dlink-615_EXT,40:86:CB:27:D2:0C,-15, WPA2 ,0.000000,0.000000,0.000,0.000,AP
2026-05-15 08:09:47,1900-01-00 00:00:00,dlink-615_EXT,40:86:CB:27:D2:0C,-15, WPA2 ,0.000000,0.000000,0.000,0.000,AP
2026-05-15 08:09:47,1900-01-00 00:00:00,,9C:2F:9D:82:20:A3,-25,,0.000000,0.000000,0.000,0.000,Client
2026-05-15 08:09:48,1900-01-00 00:00:00,dlink-615_EXT,40:86:CB:27:D2:0C,-15, WPA2 ,0.000000,0.000000,0.000,0.000,AP
2026-05-15 08:09:48,1900-01-00 00:00:00,dlink-615_EXT,40:86:CB:27:D2:0C,-15, WPA2 ,0.000000,0.000000,0.000,0.000,AP
