LocalTime, GPSTime, ESSID, BSSID, Power, Security, Latitude, Longitude, Latitude Error, Longitude Error, Type
2026-05-15 07:20:48,1900-01-00 00:00:00,,40:86:CB:27:D2:0C,-55, ,0.000000,0.000000,0.000,0.000,AP
2026-05-15 07:20:48,1900-01-00 00:00:00,dlink-615_EXT,40:86:CB:27:D2:0C,-53, WPA2 ,0.000000,0.000000,0.000,0.000,AP
2026-05-15 07:20:48,1900-01-00 00:00:00,dlink-615_EXT,40:86:CB:27:D2:0C,-19, WPA2 ,0.000000,0.000000,0.000,0.000,AP
2026-05-15 07:20:48,1900-01-00 00:00:00,dlink-615_EXT,40:86:CB:27:D2:0C,-17, WPA2 ,0.000000,0.000000,0.000,0.000,AP
2026-05-15 07:20:48,1900-01-00 00:00:00,dlink-615_EXT,40:86:CB:27:D2:0C,-17, WPA2 ,0.000000,0.000000,0.000,0.000,AP
2026-05-15 07:20:48,1900-01-00 00:00:00,dlink-615_EXT,40:86:CB:27:D2:0C,-19, WPA2 ,0.000000,0.000000,0.000,0.000,AP
2026-05-15 07:20:49,1900-01-00 00:00:00,dlink-615_EXT,40:86:CB:27:D2:0C,-17, WPA2 ,0.000000,0.000000,0.000,0.000,AP
2026-05-15 07:20:49,1900-01-00 00:00:00,dlink-615_EXT,40:86:CB:27:D2:0C,-17, WPA2 ,0.000000,0.000000,0.000,0.000,AP
2026-05-15 07:20:49,1900-01-00 00:00:00,,9C:2F:9D:82:20:A3,-17,,0.000000,0.000000,0.000,0.000,Client
2026-05-15 07:20:49,1900-01-00 00:00:00,dlink-615_EXT,40:86:CB:27:D2:0C,-17, WPA2 ,0.000000,0.000000,0.000,0.000,AP
2026-05-15 07:20:49,1900-01-00 00:00:00,,9C:2F:9D:82:20:A3,-17,,0.000000,0.000000,0.000,0.000,Client
2026-05-15 07:20:49,1900-01-00 00:00:00,dlink-615_EXT,40:86:CB:27:D2:0C,-17, WPA2 ,0.000000,0.000000,0.000,0.000,AP
2026-05-15 07:20:49,1900-01-00 00:00:00,,9C:2F:9D:82:20:A3,-17,,0.000000,0.000000,0.000,0.000,Client
2026-05-15 07:20:49,1900-01-00 00:00:00,dlink-615_EXT,40:86:CB:27:D2:0C,-17, WPA2 ,0.000000,0.000000,0.000,0.000,AP
2026-05-15 07:20:49,1900-01-00 00:00:00,,9C:2F:9D:82:20:A3,-17,,0.000000,0.000000,0.000,0.000,Client
2026-05-15 07:20:49,1900-01-00 00:00:00,dlink-615_EXT,40:86:CB:27:D2:0C,-17, WPA2 ,0.000000,0.000000,0.000,0.000,AP
2026-05-15 07:20:49,1900-01-00 00:00:00,,9C:2F:9D:82:20:A3,-17,,0.000000,0.000000,0.000,0.000,Client
2026-05-15 07:20:49,1900-01-00 00:00:00,dlink-615_EXT,40:86:CB:27:D2:0C,-17, WPA2 ,0.000000,0.000000,0.000,0.000,AP
2026-05-15 07:20:49,1900-01-00 00:00:00,,9C:2F:9D:82:20:A3,-17,,0.000000,0.000000,0.000,0.000,Client
2026-05-15 07:20:49,1900-01-00 00:00:00,dlink-615_EXT,40:86:CB:27:D2:0C,-17, WPA2 ,0.000000,0.000000,0.000,0.000,AP
2026-05-15 07:20:49,1900-01-00 00:00:00,,9C:2F:9D:82:20:A3,-17,,0.000000,0.000000,0.000,0.000,Client
2026-05-15 07:20:49,1900-01-00 00:00:00,dlink-615_EXT,40:86:CB:27:D2:0C,-17, WPA2 ,0.000000,0.000000,0.000,0.000,AP
2026-05-15 07:20:49,1900-01-00 00:00:00,,9C:2F:9D:82:20:A3,-17,,0.000000,0.000000,0.000,0.000,Client
2026-05-15 07:20:49,1900-01-00 00:00:00,dlink-615_EXT,40:86:CB:27:D2:0C,-17, WPA2 ,0.000000,0.000000,0.000,0.000,AP
2026-05-15 07:20:49,1900-01-00 00:00:00,,9C:2F:9D:82:20:A3,-17,,0.000000,0.000000,0.000,0.000,Client
2026-05-15 07:20:49,1900-01-00 00:00:00,dlink-615_EXT,40:86:CB:27:D2:0C,-17, WPA2 ,0.000000,0.000000,0.000,0.000,AP
2026-05-15 07:20:49,1900-01-00 00:00:00,,9C:2F:9D:82:20:A3,-17,,0.000000,0.000000,0.000,0.000,Client
2026-05-15 07:20:49,1900-01-00 00:00:00,dlink-615_EXT,40:86:CB:27:D2:0C,-17, WPA2 ,0.000000,0.000000,0.000,0.000,AP
2026-05-15 07:20:49,1900-01-00 00:00:00,,9C:2F:9D:82:20:A3,-17,,0.000000,0.000000,0.000,0.000,Client
2026-05-15 07:20:49,1900-01-00 00:00:00,dlink-615_EXT,40:86:CB:27:D2:0C,-17, WPA2 ,0.000000,0.000000,0.000,0.000,AP
2026-05-15 07:20:49,1900-01-00 00:00:00,,9C:2F:9D:82:20:A3,-17,,0.000000,0.000000,0.000,0.000,Client
2026-05-15 07:20:49,1900-01-00 00:00:00,dlink-615_EXT,40:86:CB:27:D2:0C,-17, WPA2 ,0.000000,0.000000,0.000,0.000,AP
2026-05-15 07:20:49,1900-01-00 00:00:00,,9C:2F:9D:82:20:A3,-17,,0.000000,0.000000,0.000,0.000,Client
2026-05-15 07:20:49,1900-01-00 00:00:00,dlink-615_EXT,40:86:CB:27:D2:0C,-17, WPA2 ,0.000000,0.000000,0.000,0.000,AP
2026-05-15 07:20:49,1900-01-00 00:00:00,,9C:2F:9D:82:20:A3,-17,,0.000000,0.000000,0.000,0.000,Client
2026-05-15 07:20:49,1900-01-00 00:00:00,dlink-615_EXT,40:86:CB:27:D2:0C,-17, WPA2 ,0.000000,0.000000,0.000,0.000,AP
2026-05-15 07:20:49,1900-01-00 00:00:00,,9C:2F:9D:82:20:A3,-17,,0.000000,0.000000,0.000,0.000,Client
2026-05-15 07:20:49,1900-01-00 00:00:00,dlink-615_EXT,40:86:CB:27:D2:0C,-17, WPA2 ,0.000000,0.000000,0.000,0.000,AP
2026-05-15 07:20:49,1900-01-00 00:00:00,,9C:2F:9D:82:20:A3,-17,,0.000000,0.000000,0.000,0.000,Client
2026-05-15 07:20:49,1900-01-00 00:00:00,dlink-615_EXT,40:86:CB:27:D2:0C,-17, WPA2 ,0.000000,0.000000,0.000,0.000,AP
2026-05-15 07:20:49,1900-01-00 00:00:00,,9C:2F:9D:82:20:A3,-17,,0.000000,0.000000,0.000,0.000,Client
2026-05-15 07:20:49,1900-01-00 00:00:00,dlink-615_EXT,40:86:CB:27:D2:0C,-17, WPA2 ,0.000000,0.000000,0.000,0.000,AP
2026-05-15 07:20:49,1900-01-00 00:00:00,,9C:2F:9D:82:20:A3,-17,,0.000000,0.000000,0.000,0.000,Client
2026-05-15 07:20:49,1900-01-00 00:00:00,dlink-615_EXT,40:86:CB:27:D2:0C,-17, WPA2 ,0.000000,0.000000,0.000,0.000,AP
2026-05-15 07:20:49,1900-01-00 00:00:00,,9C:2F:9D:82:20:A3,-17,,0.000000,0.000000,0.000,0.000,Client
2026-05-15 07:20:49,1900-01-00 00:00:00,dlink-615_EXT,40:86:CB:27:D2:0C,-17, WPA2 ,0.000000,0.000000,0.000,0.000,AP
2026-05-15 07:20:49,1900-01-00 00:00:00,,9C:2F:9D:82:20:A3,-17,,0.000000,0.000000,0.000,0.000,Client
2026-05-15 07:20:49,1900-01-00 00:00:00,dlink-615_EXT,40:86:CB:27:D2:0C,-17, WPA2 ,0.000000,0.000000,0.000,0.000,AP
2026-05-15 07:20:49,1900-01-00 00:00:00,,9C:2F:9D:82:20:A3,-17,,0.000000,0.000000,0.000,0.000,Client
2026-05-15 07:20:49,1900-01-00 00:00:00,dlink-615_EXT,40:86:CB:27:D2:0C,-17, WPA2 ,0.000000,0.000000,0.000,0.000,AP
2026-05-15 07:20:49,1900-01-00 00:00:00,,9C:2F:9D:82:20:A3,-17,,0.000000,0.000000,0.000,0.000,Client
2026-05-15 07:20:49,1900-01-00 00:00:00,dlink-615_EXT,40:86:CB:27:D2:0C,-17, WPA2 ,0.000000,0.000000,0.000,0.000,AP
2026-05-15 07:20:49,1900-01-00 00:00:00,,9C:2F:9D:82:20:A3,-17,,0.000000,0.000000,0.000,0.000,Client
2026-05-15 07:20:49,1900-01-00 00:00:00,dlink-615_EXT,40:86:CB:27:D2:0C,-17, WPA2 ,0.000000,0.000000,0.000,0.000,AP
2026-05-15 07:20:49,1900-01-00 00:00:00,,9C:2F:9D:82:20:A3,-17,,0.000000,0.000000,0.000,0.000,Client
2026-05-15 07:20:49,1900-01-00 00:00:00,dlink-615_EXT,40:86:CB:27:D2:0C,-17, WPA2 ,0.000000,0.000000,0.000,0.000,AP
2026-05-15 07:20:49,1900-01-00 00:00:00,,9C:2F:9D:82:20:A3,-17,,0.000000,0.000000,0.000,0.000,Client
2026-05-15 07:20:49,1900-01-00 00:00:00,dlink-615_EXT,40:86:CB:27:D2:0C,-17, WPA2 ,0.000000,0.000000,0.000,0.000,AP
2026-05-15 07:20:49,1900-01-00 00:00:00,,9C:2F:9D:82:20:A3,-17,,0.000000,0.000000,0.000,0.000,Client
2026-05-15 07:20:49,1900-01-00 00:00:00,dlink-615_EXT,40:86:CB:27:D2:0C,-17, WPA2 ,0.000000,0.000000,0.000,0.000,AP
2026-05-15 07:20:49,1900-01-00 00:00:00,,9C:2F:9D:82:20:A3,-17,,0.000000,0.000000,0.000,0.000,Client
2026-05-15 07:20:49,1900-01-00 00:00:00,dlink-615_EXT,40:86:CB:27:D2:0C,-17, WPA2 ,0.000000,0.000000,0.000,0.000,AP
2026-05-15 07:20:49,1900-01-00 00:00:00,,9C:2F:9D:82:20:A3,-17,,0.000000,0.000000,0.000,0.000,Client
2026-05-15 07:20:49,1900-01-00 00:00:00,dlink-615_EXT,40:86:CB:27:D2:0C,-17, WPA2 ,0.000000,0.000000,0.000,0.000,AP
2026-05-15 07:20:49,1900-01-00 00:00:00,,9C:2F:9D:82:20:A3,-17,,0.000000,0.000000,0.000,0.000,Client
2026-05-15 07:20:49,1900-01-00 00:00:00,dlink-615_EXT,40:86:CB:27:D2:0C,-17, WPA2 ,0.000000,0.000000,0.000,0.000,AP
2026-05-15 07:20:49,1900-01-00 00:00:00,,9C:2F:9D:82:20:A3,-17,,0.000000,0.000000,0.000,0.000,Client
2026-05-15 07:20:49,1900-01-00 00:00:00,dlink-615_EXT,40:86:CB:27:D2:0C,-17, WPA2 ,0.000000,0.000000,0.000,0.000,AP
2026-05-15 07:20:49,1900-01-00 00:00:00,,9C:2F:9D:82:20:A3,-17,,0.000000,0.000000,0.000,0.000,Client
2026-05-15 07:20:49,1900-01-00 00:00:00,dlink-615_EXT,40:86:CB:27:D2:0C,-17, WPA2 ,0.000000,0.000000,0.000,0.000,AP
2026-05-15 07:20:49,1900-01-00 00:00:00,,9C:2F:9D:82:20:A3,-17,,0.000000,0.000000,0.000,0.000,Client
2026-05-15 07:20:49,1900-01-00 00:00:00,dlink-615_EXT,40:86:CB:27:D2:0C,-17, WPA2 ,0.000000,0.000000,0.000,0.000,AP
2026-05-15 07:20:49,1900-01-00 00:00:00,,9C:2F:9D:82:20:A3,-17,,0.000000,0.000000,0.000,0.000,Client
2026-05-15 07:20:49,1900-01-00 00:00:00,dlink-615_EXT,40:86:CB:27:D2:0C,-17, WPA2 ,0.000000,0.000000,0.000,0.000,AP
2026-05-15 07:20:49,1900-01-00 00:00:00,,9C:2F:9D:82:20:A3,-17,,0.000000,0.000000,0.000,0.000,Client
2026-05-15 07:20:49,1900-01-00 00:00:00,dlink-615_EXT,40:86:CB:27:D2:0C,-17, WPA2 ,0.000000,0.000000,0.000,0.000,AP
2026-05-15 07:20:49,1900-01-00 00:00:00,,9C:2F:9D:82:20:A3,-17,,0.000000,0.000000,0.000,0.000,Client
2026-05-15 07:20:49,1900-01-00 00:00:00,dlink-615_EXT,40:86:CB:27:D2:0C,-17, WPA2 ,0.000000,0.000000,0.000,0.000,AP
2026-05-15 07:20:49,1900-01-00 00:00:00,,9C:2F:9D:82:20:A3,-17,,0.000000,0.000000,0.000,0.000,Client
2026-05-15 07:20:49,1900-01-00 00:00:00,dlink-615_EXT,40:86:CB:27:D2:0C,-17, WPA2 ,0.000000,0.000000,0.000,0.000,AP
2026-05-15 07:20:49,1900-01-00 00:00:00,,9C:2F:9D:82:20:A3,-17,,0.000000,0.000000,0.000,0.000,Client
2026-05-15 07:20:49,1900-01-00 00:00:00,dlink-615_EXT,40:86:CB:27:D2:0C,-17, WPA2 ,0.000000,0.000000,0.000,0.000,AP
2026-05-15 07:20:49,1900-01-00 00:00:00,,9C:2F:9D:82:20:A3,-17,,0.000000,0.000000,0.000,0.000,Client
2026-05-15 07:20:49,1900-01-00 00:00:00,dlink-615_EXT,40:86:CB:27:D2:0C,-17, WPA2 ,0.000000,0.000000,0.000,0.000,AP
2026-05-15 07:20:49,1900-01-00 00:00:00,,9C:2F:9D:82:20:A3,-17,,0.000000,0.000000,0.000,0.000,Client
2026-05-15 07:20:49,1900-01-00 00:00:00,dlink-615_EXT,40:86:CB:27:D2:0C,-17, WPA2 ,0.000000,0.000000,0.000,0.000,AP
2026-05-15 07:20:49,1900-01-00 00:00:00,,9C:2F:9D:82:20:A3,-17,,0.000000,0.000000,0.000,0.000,Client
2026-05-15 07:20:49,1900-01-00 00:00:00,dlink-615_EXT,40:86:CB:27:D2:0C,-17, WPA2 ,0.000000,0.000000,0.000,0.000,AP
2026-05-15 07:20:49,1900-01-00 00:00:00,,9C:2F:9D:82:20:A3,-17,,0.000000,0.000000,0.000,0.000,Client
2026-05-15 07:20:49,1900-01-00 00:00:00,dlink-615_EXT,40:86:CB:27:D2:0C,-17, WPA2 ,0.000000,0.000000,0.000,0.000,AP
2026-05-15 07:20:49,1900-01-00 00:00:00,,9C:2F:9D:82:20:A3,-17,,0.000000,0.000000,0.000,0.000,Client
2026-05-15 07:20:49,1900-01-00 00:00:00,dlink-615_EXT,40:86:CB:27:D2:0C,-17, WPA2 ,0.000000,0.000000,0.000,0.000,AP
2026-05-15 07:20:49,1900-01-00 00:00:00,,9C:2F:9D:82:20:A3,-17,,0.000000,0.000000,0.000,0.000,Client
2026-05-15 07:20:49,1900-01-00 00:00:00,dlink-615_EXT,40:86:CB:27:D2:0C,-17, WPA2 ,0.000000,0.000000,0.000,0.000,AP
2026-05-15 07:20:49,1900-01-00 00:00:00,,9C:2F:9D:82:20:A3,-17,,0.000000,0.000000,0.000,0.000,Client
2026-05-15 07:20:49,1900-01-00 00:00:00,dlink-615_EXT,40:86:CB:27:D2:0C,-17, WPA2 ,0.000000,0.000000,0.000,0.000,AP
2026-05-15 07:20:49,1900-01-00 00:00:00,,9C:2F:9D:82:20:A3,-17,,0.000000,0.000000,0.000,0.000,Client
2026-05-15 07:20:49,1900-01-00 00:00:00,dlink-615_EXT,40:86:CB:27:D2:0C,-17, WPA2 ,0.000000,0.000000,0.000,0.000,AP
2026-05-15 07:20:49,1900-01-00 00:00:00,,9C:2F:9D:82:20:A3,-17,,0.000000,0.000000,0.000,0.000,Client
2026-05-15 07:20:49,1900-01-00 00:00:00,dlink-615_EXT,40:86:CB:27:D2:0C,-17, WPA2 ,0.000000,0.000000,0.000,0.000,AP
2026-05-15 07:20:49,1900-01-00 00:00:00,,9C:2F:9D:82:20:A3,-17,,0.000000,0.000000,0.000,0.000,Client
2026-05-15 07:20:49,1900-01-00 00:00:00,dlink-615_EXT,40:86:CB:27:D2:0C,-17, WPA2 ,0.000000,0.000000,0.000,0.000,AP
2026-05-15 07:20:49,1900-01-00 00:00:00,,9C:2F:9D:82:20:A3,-17,,0.000000,0.000000,0.000,0.000,Client
2026-05-15 07:20:49,1900-01-00 00:00:00,dlink-615_EXT,40:86:CB:27:D2:0C,-17, WPA2 ,0.000000,0.000000,0.000,0.000,AP
2026-05-15 07:20:49,1900-01-00 00:00:00,,9C:2F:9D:82:20:A3,-17,,0.000000,0.000000,0.000,0.000,Client
2026-05-15 07:20:49,1900-01-00 00:00:00,dlink-615_EXT,40:86:CB:27:D2:0C,-17, WPA2 ,0.000000,0.000000,0.000,0.000,AP
2026-05-15 07:20:49,1900-01-00 00:00:00,,9C:2F:9D:82:20:A3,-17,,0.000000,0.000000,0.000,0.000,Client
2026-05-15 07:20:49,1900-01-00 00:00:00,dlink-615_EXT,40:86:CB:27:D2:0C,-17, WPA2 ,0.000000,0.000000,0.000,0.000,AP
2026-05-15 07:20:49,1900-01-00 00:00:00,,9C:2F:9D:82:20:A3,-17,,0.000000,0.000000,0.000,0.000,Client
2026-05-15 07:20:49,1900-01-00 00:00:00,dlink-615_EXT,40:86:CB:27:D2:0C,-17, WPA2 ,0.000000,0.000000,0.000,0.000,AP
2026-05-15 07:20:49,1900-01-00 00:00:00,,9C:2F:9D:82:20:A3,-17,,0.000000,0.000000,0.000,0.000,Client
2026-05-15 07:20:49,1900-01-00 00:00:00,dlink-615_EXT,40:86:CB:27:D2:0C,-25, WPA2 ,0.000000,0.000000,0.000,0.000,AP
2026-05-15 07:20:49,1900-01-00 00:00:00,,9C:2F:9D:82:20:A3,-25,,0.000000,0.000000,0.000,0.000,Client
2026-05-15 07:20:49,1900-01-00 00:00:00,dlink-615_EXT,40:86:CB:27:D2:0C,-25, WPA2 ,0.000000,0.000000,0.000,0.000,AP
2026-05-15 07:20:49,1900-01-00 00:00:00,,9C:2F:9D:82:20:A3,-15,,0.000000,0.000000,0.000,0.000,Client
2026-05-15 07:20:49,1900-01-00 00:00:00,dlink-615_EXT,40:86:CB:27:D2:0C,-25, WPA2 ,0.000000,0.000000,0.000,0.000,AP
2026-05-15 07:20:49,1900-01-00 00:00:00,,9C:2F:9D:82:20:A3,-25,,0.000000,0.000000,0.000,0.000,Client
2026-05-15 07:20:49,1900-01-00 00:00:00,dlink-615_EXT,40:86:CB:27:D2:0C,-17, WPA2 ,0.000000,0.000000,0.000,0.000,AP
2026-05-15 07:20:49,1900-01-00 00:00:00,,9C:2F:9D:82:20:A3,-25,,0.000000,0.000000,0.000,0.000,Client
2026-05-15 07:20:49,1900-01-00 00:00:00,dlink-615_EXT,40:86:CB:27:D2:0C,-17, WPA2 ,0.000000,0.000000,0.000,0.000,AP
2026-05-15 07:20:49,1900-01-00 00:00:00,,9C:2F:9D:82:20:A3,-17,,0.000000,0.000000,0.000,0.000,Client
2026-05-15 07:20:49,1900-01-00 00:00:00,dlink-615_EXT,40:86:CB:27:D2:0C,-17, WPA2 ,0.000000,0.000000,0.000,0.000,AP
2026-05-15 07:20:49,1900-01-00 00:00:00,,9C:2F:9D:82:20:A3,-17,,0.000000,0.000000,0.000,0.000,Client
2026-05-15 07:20:49,1900-01-00 00:00:00,dlink-615_EXT,40:86:CB:27:D2:0C,-17, WPA2 ,0.000000,0.000000,0.000,0.000,AP
2026-05-15 07:20:49,1900-01-00 00:00:00,,9C:2F:9D:82:20:A3,-17,,0.000000,0.000000,0.000,0.000,Client
2026-05-15 07:20:49,1900-01-00 00:00:00,dlink-615_EXT,40:86:CB:27:D2:0C,-17, WPA2 ,0.000000,0.000000,0.000,0.000,AP
2026-05-15 07:20:49,1900-01-00 00:00:00,,9C:2F:9D:82:20:A3,-17,,0.000000,0.000000,0.000,0.000,Client
2026-05-15 07:20:49,1900-01-00 00:00:00,dlink-615_EXT,40:86:CB:27:D2:0C,-17, WPA2 ,0.000000,0.000000,0.000,0.000,AP
2026-05-15 07:20:49,1900-01-00 00:00:00,,9C:2F:9D:82:20:A3,-17,,0.000000,0.000000,0.000,0.000,Client
2026-05-15 07:20:49,1900-01-00 00:00:00,dlink-615_EXT,40:86:CB:27:D2:0C,-17, WPA2 ,0.000000,0.000000,0.000,0.000,AP
2026-05-15 07:20:49,1900-01-00 00:00:00,,9C:2F:9D:82:20:A3,-17,,0.000000,0.000000,0.000,0.000,Client
2026-05-15 07:20:49,1900-01-00 00:00:00,dlink-615_EXT,40:86:CB:27:D2:0C,-17, WPA2 ,0.000000,0.000000,0.000,0.000,AP
2026-05-15 07:20:49,1900-01-00 00:00:00,,9C:2F:9D:82:20:A3,-17,,0.000000,0.000000,0.000,0.000,Client
2026-05-15 07:20:49,1900-01-00 00:00:00,dlink-615_EXT,40:86:CB:27:D2:0C,-17, WPA2 ,0.000000,0.000000,0.000,0.000,AP
2026-05-15 07:20:49,1900-01-00 00:00:00,,9C:2F:9D:82:20:A3,-17,,0.000000,0.000000,0.000,0.000,Client
2026-05-15 07:20:49,1900-01-00 00:00:00,dlink-615_EXT,40:86:CB:27:D2:0C,-17, WPA2 ,0.000000,0.000000,0.000,0.000,AP
2026-05-15 07:20:49,1900-01-00 00:00:00,,9C:2F:9D:82:20:A3,-17,,0.000000,0.000000,0.000,0.000,Client
2026-05-15 07:20:49,1900-01-00 00:00:00,dlink-615_EXT,40:86:CB:27:D2:0C,-17, WPA2 ,0.000000,0.000000,0.000,0.000,AP
2026-05-15 07:20:49,1900-01-00 00:00:00,,9C:2F:9D:82:20:A3,-17,,0.000000,0.000000,0.000,0.000,Client
2026-05-15 07:20:49,1900-01-00 00:00:00,dlink-615_EXT,40:86:CB:27:D2:0C,-17, WPA2 ,0.000000,0.000000,0.000,0.000,AP
2026-05-15 07:20:49,1900-01-00 00:00:00,,9C:2F:9D:82:20:A3,-17,,0.000000,0.000000,0.000,0.000,Client
2026-05-15 07:20:49,1900-01-00 00:00:00,dlink-615_EXT,40:86:CB:27:D2:0C,-17, WPA2 ,0.000000,0.000000,0.000,0.000,AP
2026-05-15 07:20:49,1900-01-00 00:00:00,,9C:2F:9D:82:20:A3,-17,,0.000000,0.000000,0.000,0.000,Client
2026-05-15 07:20:49,1900-01-00 00:00:00,dlink-615_EXT,40:86:CB:27:D2:0C,-17, WPA2 ,0.000000,0.000000,0.000,0.000,AP
2026-05-15 07:20:49,1900-01-00 00:00:00,,9C:2F:9D:82:20:A3,-17,,0.000000,0.000000,0.000,0.000,Client
2026-05-15 07:20:49,1900-01-00 00:00:00,dlink-615_EXT,40:86:CB:27:D2:0C,-17, WPA2 ,0.000000,0.000000,0.000,0.000,AP
2026-05-15 07:20:49,1900-01-00 00:00:00,,9C:2F:9D:82:20:A3,-17,,0.000000,0.000000,0.000,0.000,Client
2026-05-15 07:20:49,1900-01-00 00:00:00,dlink-615_EXT,40:86:CB:27:D2:0C,-17, WPA2 ,0.000000,0.000000,0.000,0.000,AP
2026-05-15 07:20:49,1900-01-00 00:00:00,,9C:2F:9D:82:20:A3,-17,,0.000000,0.000000,0.000,0.000,Client
2026-05-15 07:20:49,1900-01-00 00:00:00,dlink-615_EXT,40:86:CB:27:D2:0C,-17, WPA2 ,0.000000,0.000000,0.000,0.000,AP
2026-05-15 07:20:49,1900-01-00 00:00:00,,9C:2F:9D:82:20:A3,-17,,0.000000,0.000000,0.000,0.000,Client
2026-05-15 07:20:49,1900-01-00 00:00:00,dlink-615_EXT,40:86:CB:27:D2:0C,-17, WPA2 ,0.000000,0.000000,0.000,0.000,AP
2026-05-15 07:20:49,1900-01-00 00:00:00,,9C:2F:9D:82:20:A3,-17,,0.000000,0.000000,0.000,0.000,Client
2026-05-15 07:20:49,1900-01-00 00:00:00,dlink-615_EXT,40:86:CB:27:D2:0C,-17, WPA2 ,0.000000,0.000000,0.000,0.000,AP
2026-05-15 07:20:49,1900-01-00 00:00:00,,9C:2F:9D:82:20:A3,-17,,0.000000,0.000000,0.000,0.000,Client
2026-05-15 07:20:49,1900-01-00 00:00:00,dlink-615_EXT,40:86:CB:27:D2:0C,-17, WPA2 ,0.000000,0.000000,0.000,0.000,AP
2026-05-15 07:20:49,1900-01-00 00:00:00,,9C:2F:9D:82:20:A3,-17,,0.000000,0.000000,0.000,0.000,Client
2026-05-15 07:20:49,1900-01-00 00:00:00,dlink-615_EXT,40:86:CB:27:D2:0C,-17, WPA2 ,0.000000,0.000000,0.000,0.000,AP
2026-05-15 07:20:49,1900-01-00 00:00:00,,9C:2F:9D:82:20:A3,-17,,0.000000,0.000000,0.000,0.000,Client
2026-05-15 07:20:49,1900-01-00 00:00:00,dlink-615_EXT,40:86:CB:27:D2:0C,-17, WPA2 ,0.000000,0.000000,0.000,0.000,AP
2026-05-15 07:20:49,1900-01-00 00:00:00,,9C:2F:9D:82:20:A3,-17,,0.000000,0.000000,0.000,0.000,Client
2026-05-15 07:20:49,1900-01-00 00:00:00,dlink-615_EXT,40:86:CB:27:D2:0C,-17, WPA2 ,0.000000,0.000000,0.000,0.000,AP
2026-05-15 07:20:49,1900-01-00 00:00:00,,9C:2F:9D:82:20:A3,-17,,0.000000,0.000000,0.000,0.000,Client
2026-05-15 07:20:49,1900-01-00 00:00:00,dlink-615_EXT,40:86:CB:27:D2:0C,-17, WPA2 ,0.000000,0.000000,0.000,0.000,AP
2026-05-15 07:20:49,1900-01-00 00:00:00,,9C:2F:9D:82:20:A3,-17,,0.000000,0.000000,0.000,0.000,Client
2026-05-15 07:20:49,1900-01-00 00:00:00,dlink-615_EXT,40:86:CB:27:D2:0C,-17, WPA2 ,0.000000,0.000000,0.000,0.000,AP
2026-05-15 07:20:49,1900-01-00 00:00:00,,9C:2F:9D:82:20:A3,-17,,0.000000,0.000000,0.000,0.000,Client
2026-05-15 07:20:49,1900-01-00 00:00:00,dlink-615_EXT,40:86:CB:27:D2:0C,-17, WPA2 ,0.000000,0.000000,0.000,0.000,AP
2026-05-15 07:20:49,1900-01-00 00:00:00,,9C:2F:9D:82:20:A3,-17,,0.000000,0.000000,0.000,0.000,Client
2026-05-15 07:20:49,1900-01-00 00:00:00,dlink-615_EXT,40:86:CB:27:D2:0C,-17, WPA2 ,0.000000,0.000000,0.000,0.000,AP
2026-05-15 07:20:49,1900-01-00 00:00:00,,9C:2F:9D:82:20:A3,-17,,0.000000,0.000000,0.000,0.000,Client
2026-05-15 07:20:49,1900-01-00 00:00:00,dlink-615_EXT,40:86:CB:27:D2:0C,-17, WPA2 ,0.000000,0.000000,0.000,0.000,AP
2026-05-15 07:20:49,1900-01-00 00:00:00,,9C:2F:9D:82:20:A3,-17,,0.000000,0.000000,0.000,0.000,Client
2026-05-15 07:20:49,1900-01-00 00:00:00,dlink-615_EXT,40:86:CB:27:D2:0C,-17, WPA2 ,0.000000,0.000000,0.000,0.000,AP
2026-05-15 07:20:49,1900-01-00 00:00:00,,9C:2F:9D:82:20:A3,-17,,0.000000,0.000000,0.000,0.000,Client
2026-05-15 07:20:49,1900-01-00 00:00:00,dlink-615_EXT,40:86:CB:27:D2:0C,-17, WPA2 ,0.000000,0.000000,0.000,0.000,AP
2026-05-15 07:20:49,1900-01-00 00:00:00,,9C:2F:9D:82:20:A3,-17,,0.000000,0.000000,0.000,0.000,Client
2026-05-15 07:20:49,1900-01-00 00:00:00,dlink-615_EXT,40:86:CB:27:D2:0C,-17, WPA2 ,0.000000,0.000000,0.000,0.000,AP
2026-05-15 07:20:49,1900-01-00 00:00:00,,9C:2F:9D:82:20:A3,-17,,0.000000,0.000000,0.000,0.000,Client
2026-05-15 07:20:49,1900-01-00 00:00:00,dlink-615_EXT,40:86:CB:27:D2:0C,-17, WPA2 ,0.000000,0.000000,0.000,0.000,AP
2026-05-15 07:20:49,1900-01-00 00:00:00,,9C:2F:9D:82:20:A3,-17,,0.000000,0.000000,0.000,0.000,Client
2026-05-15 07:20:49,1900-01-00 00:00:00,dlink-615_EXT,40:86:CB:27:D2:0C,-17, WPA2 ,0.000000,0.000000,0.000,0.000,AP
2026-05-15 07:20:49,1900-01-00 00:00:00,,9C:2F:9D:82:20:A3,-17,,0.000000,0.000000,0.000,0.000,Client
2026-05-15 07:20:49,1900-01-00 00:00:00,dlink-615_EXT,40:86:CB:27:D2:0C,-17, WPA2 ,0.000000,0.000000,0.000,0.000,AP
2026-05-15 07:20:49,1900-01-00 00:00:00,,9C:2F:9D:82:20:A3,-17,,0.000000,0.000000,0.000,0.000,Client
2026-05-15 07:20:49,1900-01-00 00:00:00,dlink-615_EXT,40:86:CB:27:D2:0C,-17, WPA2 ,0.000000,0.000000,0.000,0.000,AP
2026-05-15 07:20:49,1900-01-00 00:00:00,,9C:2F:9D:82:20:A3,-17,,0.000000,0.000000,0.000,0.000,Client
2026-05-15 07:20:49,1900-01-00 00:00:00,dlink-615_EXT,40:86:CB:27:D2:0C,-17, WPA2 ,0.000000,0.000000,0.000,0.000,AP
2026-05-15 07:20:49,1900-01-00 00:00:00,,9C:2F:9D:82:20:A3,-17,,0.000000,0.000000,0.000,0.000,Client
2026-05-15 07:20:49,1900-01-00 00:00:00,dlink-615_EXT,40:86:CB:27:D2:0C,-17, WPA2 ,0.000000,0.000000,0.000,0.000,AP
2026-05-15 07:20:49,1900-01-00 00:00:00,,9C:2F:9D:82:20:A3,-17,,0.000000,0.000000,0.000,0.000,Client
2026-05-15 07:20:49,1900-01-00 00:00:00,dlink-615_EXT,40:86:CB:27:D2:0C,-17, WPA2 ,0.000000,0.000000,0.000,0.000,AP
2026-05-15 07:20:49,1900-01-00 00:00:00,,9C:2F:9D:82:20:A3,-17,,0.000000,0.000000,0.000,0.000,Client
2026-05-15 07:20:49,1900-01-00 00:00:00,dlink-615_EXT,40:86:CB:27:D2:0C,-17, WPA2 ,0.000000,0.000000,0.000,0.000,AP
2026-05-15 07:20:49,1900-01-00 00:00:00,,9C:2F:9D:82:20:A3,-17,,0.000000,0.000000,0.000,0.000,Client
2026-05-15 07:20:49,1900-01-00 00:00:00,dlink-615_EXT,40:86:CB:27:D2:0C,-17, WPA2 ,0.000000,0.000000,0.000,0.000,AP
2026-05-15 07:20:49,1900-01-00 00:00:00,,9C:2F:9D:82:20:A3,-17,,0.000000,0.000000,0.000,0.000,Client
2026-05-15 07:20:49,1900-01-00 00:00:00,dlink-615_EXT,40:86:CB:27:D2:0C,-17, WPA2 ,0.000000,0.000000,0.000,0.000,AP
2026-05-15 07:20:49,1900-01-00 00:00:00,,9C:2F:9D:82:20:A3,-17,,0.000000,0.000000,0.000,0.000,Client
2026-05-15 07:20:49,1900-01-00 00:00:00,dlink-615_EXT,40:86:CB:27:D2:0C,-17, WPA2 ,0.000000,0.000000,0.000,0.000,AP
2026-05-15 07:20:49,1900-01-00 00:00:00,,9C:2F:9D:82:20:A3,-17,,0.000000,0.000000,0.000,0.000,Client
2026-05-15 07:20:49,1900-01-00 00:00:00,dlink-615_EXT,40:86:CB:27:D2:0C,-17, WPA2 ,0.000000,0.000000,0.000,0.000,AP
2026-05-15 07:20:49,1900-01-00 00:00:00,,9C:2F:9D:82:20:A3,-17,,0.000000,0.000000,0.000,0.000,Client
2026-05-15 07:20:49,1900-01-00 00:00:00,dlink-615_EXT,40:86:CB:27:D2:0C,-17, WPA2 ,0.000000,0.000000,0.000,0.000,AP
2026-05-15 07:20:49,1900-01-00 00:00:00,,9C:2F:9D:82:20:A3,-17,,0.000000,0.000000,0.000,0.000,Client
2026-05-15 07:20:49,1900-01-00 00:00:00,dlink-615_EXT,40:86:CB:27:D2:0C,-17, WPA2 ,0.000000,0.000000,0.000,0.000,AP
2026-05-15 07:20:49,1900-01-00 00:00:00,,9C:2F:9D:82:20:A3,-17,,0.000000,0.000000,0.000,0.000,Client
2026-05-15 07:20:49,1900-01-00 00:00:00,dlink-615_EXT,40:86:CB:27:D2:0C,-17, WPA2 ,0.000000,0.000000,0.000,0.000,AP
2026-05-15 07:20:49,1900-01-00 00:00:00,,9C:2F:9D:82:20:A3,-17,,0.000000,0.000000,0.000,0.000,Client
2026-05-15 07:20:49,1900-01-00 00:00:00,dlink-615_EXT,40:86:CB:27:D2:0C,-17, WPA2 ,0.000000,0.000000,0.000,0.000,AP
2026-05-15 07:20:49,1900-01-00 00:00:00,,9C:2F:9D:82:20:A3,-17,,0.000000,0.000000,0.000,0.000,Client
2026-05-15 07:20:49,1900-01-00 00:00:00,dlink-615_EXT,40:86:CB:27:D2:0C,-17, WPA2 ,0.000000,0.000000,0.000,0.000,AP
2026-05-15 07:20:49,1900-01-00 00:00:00,,9C:2F:9D:82:20:A3,-17,,0.000000,0.000000,0.000,0.000,Client
2026-05-15 07:20:49,1900-01-00 00:00:00,dlink-615_EXT,40:86:CB:27:D2:0C,-17, WPA2 ,0.000000,0.000000,0.000,0.000,AP
2026-05-15 07:20:49,1900-01-00 00:00:00,,9C:2F:9D:82:20:A3,-17,,0.000000,0.000000,0.000,0.000,Client
2026-05-15 07:20:49,1900-01-00 00:00:00,dlink-615_EXT,40:86:CB:27:D2:0C,-17, WPA2 ,0.000000,0.000000,0.000,0.000,AP
2026-05-15 07:20:49,1900-01-00 00:00:00,,9C:2F:9D:82:20:A3,-17,,0.000000,0.000000,0.000,0.000,Client
2026-05-15 07:20:49,1900-01-00 00:00:00,dlink-615_EXT,40:86:CB:27:D2:0C,-17, WPA2 ,0.000000,0.000000,0.000,0.000,AP
2026-05-15 07:20:49,1900-01-00 00:00:00,,9C:2F:9D:82:20:A3,-17,,0.000000,0.000000,0.000,0.000,Client
2026-05-15 07:20:50,1900-01-00 00:00:00,dlink-615_EXT,40:86:CB:27:D2:0C,-17, WPA2 ,0.000000,0.000000,0.000,0.000,AP
2026-05-15 07:20:50,1900-01-00 00:00:00,,9C:2F:9D:82:20:A3,-17,,0.000000,0.000000,0.000,0.000,Client
2026-05-15 07:20:50,1900-01-00 00:00:00,dlink-615_EXT,40:86:CB:27:D2:0C,-17, WPA2 ,0.000000,0.000000,0.000,0.000,AP
2026-05-15 07:20:50,1900-01-00 00:00:00,,9C:2F:9D:82:20:A3,-17,,0.000000,0.000000,0.000,0.000,Client
2026-05-15 07:20:50,1900-01-00 00:00:00,dlink-615_EXT,40:86:CB:27:D2:0C,-17, WPA2 ,0.000000,0.000000,0.000,0.000,AP
2026-05-15 07:20:50,1900-01-00 00:00:00,,9C:2F:9D:82:20:A3,-17,,0.000000,0.000000,0.000,0.000,Client
2026-05-15 07:20:50,1900-01-00 00:00:00,dlink-615_EXT,40:86:CB:27:D2:0C,-17, WPA2 ,0.000000,0.000000,0.000,0.000,AP
2026-05-15 07:20:50,1900-01-00 00:00:00,,9C:2F:9D:82:20:A3,-19,,0.000000,0.000000,0.000,0.000,Client
2026-05-15 07:20:50,1900-01-00 00:00:00,dlink-615_EXT,40:86:CB:27:D2:0C,-19, WPA2 ,0.000000,0.000000,0.000,0.000,AP
2026-05-15 07:20:50,1900-01-00 00:00:00,,9C:2F:9D:82:20:A3,-19,,0.000000,0.000000,0.000,0.000,Client
2026-05-15 07:20:50,1900-01-00 00:00:00,dlink-615_EXT,40:86:CB:27:D2:0C,-17, WPA2 ,0.000000,0.000000,0.000,0.000,AP
2026-05-15 07:20:50,1900-01-00 00:00:00,,9C:2F:9D:82:20:A3,-17,,0.000000,0.000000,0.000,0.000,Client
2026-05-15 07:20:50,1900-01-00 00:00:00,dlink-615_EXT,40:86:CB:27:D2:0C,-17, WPA2 ,0.000000,0.000000,0.000,0.000,AP
2026-05-15 07:20:50,1900-01-00 00:00:00,,9C:2F:9D:82:20:A3,-17,,0.000000,0.000000,0.000,0.000,Client
2026-05-15 07:20:50,1900-01-00 00:00:00,dlink-615_EXT,40:86:CB:27:D2:0C,-21, WPA2 ,0.000000,0.000000,0.000,0.000,AP
2026-05-15 07:20:50,1900-01-00 00:00:00,,9C:2F:9D:82:20:A3,-21,,0.000000,0.000000,0.000,0.000,Client
2026-05-15 07:20:50,1900-01-00 00:00:00,dlink-615_EXT,40:86:CB:27:D2:0C,-21, WPA2 ,0.000000,0.000000,0.000,0.000,AP
2026-05-15 07:20:50,1900-01-00 00:00:00,,9C:2F:9D:82:20:A3,-21,,0.000000,0.000000,0.000,0.000,Client
2026-05-15 07:20:50,1900-01-00 00:00:00,dlink-615_EXT,40:86:CB:27:D2:0C,-19, WPA2 ,0.000000,0.000000,0.000,0.000,AP
2026-05-15 07:20:50,1900-01-00 00:00:00,,9C:2F:9D:82:20:A3,-19,,0.000000,0.000000,0.000,0.000,Client
2026-05-15 07:20:50,1900-01-00 00:00:00,dlink-615_EXT,40:86:CB:27:D2:0C,-19, WPA2 ,0.000000,0.000000,0.000,0.000,AP
2026-05-15 07:20:50,1900-01-00 00:00:00,,9C:2F:9D:82:20:A3,-17,,0.000000,0.000000,0.000,0.000,Client
2026-05-15 07:20:50,1900-01-00 00:00:00,dlink-615_EXT,40:86:CB:27:D2:0C,-17, WPA2 ,0.000000,0.000000,0.000,0.000,AP
2026-05-15 07:20:50,1900-01-00 00:00:00,,9C:2F:9D:82:20:A3,-17,,0.000000,0.000000,0.000,0.000,Client
2026-05-15 07:20:50,1900-01-00 00:00:00,dlink-615_EXT,40:86:CB:27:D2:0C,-17, WPA2 ,0.000000,0.000000,0.000,0.000,AP
2026-05-15 07:20:50,1900-01-00 00:00:00,,9C:2F:9D:82:20:A3,-17,,0.000000,0.000000,0.000,0.000,Client
2026-05-15 07:20:50,1900-01-00 00:00:00,dlink-615_EXT,40:86:CB:27:D2:0C,-17, WPA2 ,0.000000,0.000000,0.000,0.000,AP
2026-05-15 07:20:50,1900-01-00 00:00:00,,9C:2F:9D:82:20:A3,-15,,0.000000,0.000000,0.000,0.000,Client
2026-05-15 07:20:50,1900-01-00 00:00:00,dlink-615_EXT,40:86:CB:27:D2:0C,-21, WPA2 ,0.000000,0.000000,0.000,0.000,AP
2026-05-15 07:20:50,1900-01-00 00:00:00,dlink-615_EXT,40:86:CB:27:D2:0C,-17, WPA2 ,0.000000,0.000000,0.000,0.000,AP
2026-05-15 07:20:50,1900-01-00 00:00:00,,9C:2F:9D:82:20:A3,-17,,0.000000,0.000000,0.000,0.000,Client
2026-05-15 07:20:50,1900-01-00 00:00:00,dlink-615_EXT,40:86:CB:27:D2:0C,-17, WPA2 ,0.000000,0.000000,0.000,0.000,AP
2026-05-15 07:20:50,1900-01-00 00:00:00,,9C:2F:9D:82:20:A3,-17,,0.000000,0.000000,0.000,0.000,Client
2026-05-15 07:20:50,1900-01-00 00:00:00,dlink-615_EXT,40:86:CB:27:D2:0C,-17, WPA2 ,0.000000,0.000000,0.000,0.000,AP
2026-05-15 07:20:50,1900-01-00 00:00:00,,9C:2F:9D:82:20:A3,-17,,0.000000,0.000000,0.000,0.000,Client
2026-05-15 07:20:50,1900-01-00 00:00:00,dlink-615_EXT,40:86:CB:27:D2:0C,-17, WPA2 ,0.000000,0.000000,0.000,0.000,AP
2026-05-15 07:20:50,1900-01-00 00:00:00,,9C:2F:9D:82:20:A3,-17,,0.000000,0.000000,0.000,0.000,Client
2026-05-15 07:20:50,1900-01-00 00:00:00,dlink-615_EXT,40:86:CB:27:D2:0C,-17, WPA2 ,0.000000,0.000000,0.000,0.000,AP
2026-05-15 07:20:50,1900-01-00 00:00:00,,9C:2F:9D:82:20:A3,-17,,0.000000,0.000000,0.000,0.000,Client
2026-05-15 07:20:50,1900-01-00 00:00:00,dlink-615_EXT,40:86:CB:27:D2:0C,-17, WPA2 ,0.000000,0.000000,0.000,0.000,AP
2026-05-15 07:20:50,1900-01-00 00:00:00,,9C:2F:9D:82:20:A3,-17,,0.000000,0.000000,0.000,0.000,Client
2026-05-15 07:20:50,1900-01-00 00:00:00,dlink-615_EXT,40:86:CB:27:D2:0C,-17, WPA2 ,0.000000,0.000000,0.000,0.000,AP
2026-05-15 07:20:50,1900-01-00 00:00:00,,9C:2F:9D:82:20:A3,-17,,0.000000,0.000000,0.000,0.000,Client
2026-05-15 07:20:50,1900-01-00 00:00:00,dlink-615_EXT,40:86:CB:27:D2:0C,-17, WPA2 ,0.000000,0.000000,0.000,0.000,AP
2026-05-15 07:20:50,1900-01-00 00:00:00,,9C:2F:9D:82:20:A3,-17,,0.000000,0.000000,0.000,0.000,Client
2026-05-15 07:20:50,1900-01-00 00:00:00,dlink-615_EXT,40:86:CB:27:D2:0C,-17, WPA2 ,0.000000,0.000000,0.000,0.000,AP
2026-05-15 07:20:50,1900-01-00 00:00:00,,9C:2F:9D:82:20:A3,-17,,0.000000,0.000000,0.000,0.000,Client
2026-05-15 07:20:50,1900-01-00 00:00:00,dlink-615_EXT,40:86:CB:27:D2:0C,-17, WPA2 ,0.000000,0.000000,0.000,0.000,AP
2026-05-15 07:20:50,1900-01-00 00:00:00,,9C:2F:9D:82:20:A3,-17,,0.000000,0.000000,0.000,0.000,Client
2026-05-15 07:20:50,1900-01-00 00:00:00,dlink-615_EXT,40:86:CB:27:D2:0C,-17, WPA2 ,0.000000,0.000000,0.000,0.000,AP
2026-05-15 07:20:50,1900-01-00 00:00:00,,9C:2F:9D:82:20:A3,-17,,0.000000,0.000000,0.000,0.000,Client
2026-05-15 07:20:50,1900-01-00 00:00:00,dlink-615_EXT,40:86:CB:27:D2:0C,-17, WPA2 ,0.000000,0.000000,0.000,0.000,AP
2026-05-15 07:20:50,1900-01-00 00:00:00,,9C:2F:9D:82:20:A3,-17,,0.000000,0.000000,0.000,0.000,Client
2026-05-15 07:20:50,1900-01-00 00:00:00,dlink-615_EXT,40:86:CB:27:D2:0C,-17, WPA2 ,0.000000,0.000000,0.000,0.000,AP
2026-05-15 07:20:50,1900-01-00 00:00:00,,9C:2F:9D:82:20:A3,-17,,0.000000,0.000000,0.000,0.000,Client
2026-05-15 07:20:50,1900-01-00 00:00:00,dlink-615_EXT,40:86:CB:27:D2:0C,-17, WPA2 ,0.000000,0.000000,0.000,0.000,AP
2026-05-15 07:20:50,1900-01-00 00:00:00,,9C:2F:9D:82:20:A3,-17,,0.000000,0.000000,0.000,0.000,Client
2026-05-15 07:20:50,1900-01-00 00:00:00,dlink-615_EXT,40:86:CB:27:D2:0C,-17, WPA2 ,0.000000,0.000000,0.000,0.000,AP
2026-05-15 07:20:50,1900-01-00 00:00:00,,9C:2F:9D:82:20:A3,-17,,0.000000,0.000000,0.000,0.000,Client
2026-05-15 07:20:50,1900-01-00 00:00:00,dlink-615_EXT,40:86:CB:27:D2:0C,-17, WPA2 ,0.000000,0.000000,0.000,0.000,AP
2026-05-15 07:20:50,1900-01-00 00:00:00,,9C:2F:9D:82:20:A3,-17,,0.000000,0.000000,0.000,0.000,Client
2026-05-15 07:20:50,1900-01-00 00:00:00,dlink-615_EXT,40:86:CB:27:D2:0C,-17, WPA2 ,0.000000,0.000000,0.000,0.000,AP
2026-05-15 07:20:50,1900-01-00 00:00:00,,9C:2F:9D:82:20:A3,-17,,0.000000,0.000000,0.000,0.000,Client
2026-05-15 07:20:50,1900-01-00 00:00:00,dlink-615_EXT,40:86:CB:27:D2:0C,-17, WPA2 ,0.000000,0.000000,0.000,0.000,AP
2026-05-15 07:20:50,1900-01-00 00:00:00,,9C:2F:9D:82:20:A3,-17,,0.000000,0.000000,0.000,0.000,Client
2026-05-15 07:20:50,1900-01-00 00:00:00,dlink-615_EXT,40:86:CB:27:D2:0C,-17, WPA2 ,0.000000,0.000000,0.000,0.000,AP
2026-05-15 07:20:50,1900-01-00 00:00:00,,9C:2F:9D:82:20:A3,-17,,0.000000,0.000000,0.000,0.000,Client
2026-05-15 07:20:50,1900-01-00 00:00:00,dlink-615_EXT,40:86:CB:27:D2:0C,-17, WPA2 ,0.000000,0.000000,0.000,0.000,AP
2026-05-15 07:20:50,1900-01-00 00:00:00,,9C:2F:9D:82:20:A3,-17,,0.000000,0.000000,0.000,0.000,Client
2026-05-15 07:20:50,1900-01-00 00:00:00,dlink-615_EXT,40:86:CB:27:D2:0C,-17, WPA2 ,0.000000,0.000000,0.000,0.000,AP
2026-05-15 07:20:50,1900-01-00 00:00:00,,9C:2F:9D:82:20:A3,-17,,0.000000,0.000000,0.000,0.000,Client
2026-05-15 07:20:50,1900-01-00 00:00:00,dlink-615_EXT,40:86:CB:27:D2:0C,-17, WPA2 ,0.000000,0.000000,0.000,0.000,AP
2026-05-15 07:20:50,1900-01-00 00:00:00,,9C:2F:9D:82:20:A3,-17,,0.000000,0.000000,0.000,0.000,Client
2026-05-15 07:20:50,1900-01-00 00:00:00,dlink-615_EXT,40:86:CB:27:D2:0C,-17, WPA2 ,0.000000,0.000000,0.000,0.000,AP
2026-05-15 07:20:50,1900-01-00 00:00:00,,9C:2F:9D:82:20:A3,-17,,0.000000,0.000000,0.000,0.000,Client
2026-05-15 07:20:50,1900-01-00 00:00:00,dlink-615_EXT,40:86:CB:27:D2:0C,-17, WPA2 ,0.000000,0.000000,0.000,0.000,AP
2026-05-15 07:20:50,1900-01-00 00:00:00,,9C:2F:9D:82:20:A3,-17,,0.000000,0.000000,0.000,0.000,Client
2026-05-15 07:20:50,1900-01-00 00:00:00,dlink-615_EXT,40:86:CB:27:D2:0C,-17, WPA2 ,0.000000,0.000000,0.000,0.000,AP
2026-05-15 07:20:50,1900-01-00 00:00:00,,9C:2F:9D:82:20:A3,-17,,0.000000,0.000000,0.000,0.000,Client
2026-05-15 07:20:50,1900-01-00 00:00:00,dlink-615_EXT,40:86:CB:27:D2:0C,-17, WPA2 ,0.000000,0.000000,0.000,0.000,AP
2026-05-15 07:20:50,1900-01-00 00:00:00,,9C:2F:9D:82:20:A3,-17,,0.000000,0.000000,0.000,0.000,Client
2026-05-15 07:20:50,1900-01-00 00:00:00,dlink-615_EXT,40:86:CB:27:D2:0C,-17, WPA2 ,0.000000,0.000000,0.000,0.000,AP
2026-05-15 07:20:50,1900-01-00 00:00:00,,9C:2F:9D:82:20:A3,-17,,0.000000,0.000000,0.000,0.000,Client
2026-05-15 07:20:50,1900-01-00 00:00:00,dlink-615_EXT,40:86:CB:27:D2:0C,-17, WPA2 ,0.000000,0.000000,0.000,0.000,AP
2026-05-15 07:20:50,1900-01-00 00:00:00,,9C:2F:9D:82:20:A3,-17,,0.000000,0.000000,0.000,0.000,Client
2026-05-15 07:20:50,1900-01-00 00:00:00,dlink-615_EXT,40:86:CB:27:D2:0C,-17, WPA2 ,0.000000,0.000000,0.000,0.000,AP
2026-05-15 07:20:50,1900-01-00 00:00:00,,9C:2F:9D:82:20:A3,-17,,0.000000,0.000000,0.000,0.000,Client
2026-05-15 07:20:50,1900-01-00 00:00:00,dlink-615_EXT,40:86:CB:27:D2:0C,-17, WPA2 ,0.000000,0.000000,0.000,0.000,AP
2026-05-15 07:20:50,1900-01-00 00:00:00,,9C:2F:9D:82:20:A3,-17,,0.000000,0.000000,0.000,0.000,Client
2026-05-15 07:20:50,1900-01-00 00:00:00,dlink-615_EXT,40:86:CB:27:D2:0C,-17, WPA2 ,0.000000,0.000000,0.000,0.000,AP
2026-05-15 07:20:50,1900-01-00 00:00:00,,9C:2F:9D:82:20:A3,-17,,0.000000,0.000000,0.000,0.000,Client
2026-05-15 07:20:50,1900-01-00 00:00:00,dlink-615_EXT,40:86:CB:27:D2:0C,-17, WPA2 ,0.000000,0.000000,0.000,0.000,AP
2026-05-15 07:20:50,1900-01-00 00:00:00,,9C:2F:9D:82:20:A3,-17,,0.000000,0.000000,0.000,0.000,Client
2026-05-15 07:20:50,1900-01-00 00:00:00,dlink-615_EXT,40:86:CB:27:D2:0C,-17, WPA2 ,0.000000,0.000000,0.000,0.000,AP
2026-05-15 07:20:50,1900-01-00 00:00:00,,9C:2F:9D:82:20:A3,-17,,0.000000,0.000000,0.000,0.000,Client
2026-05-15 07:20:50,1900-01-00 00:00:00,dlink-615_EXT,40:86:CB:27:D2:0C,-17, WPA2 ,0.000000,0.000000,0.000,0.000,AP
2026-05-15 07:20:50,1900-01-00 00:00:00,,9C:2F:9D:82:20:A3,-17,,0.000000,0.000000,0.000,0.000,Client
2026-05-15 07:20:50,1900-01-00 00:00:00,dlink-615_EXT,40:86:CB:27:D2:0C,-17, WPA2 ,0.000000,0.000000,0.000,0.000,AP
2026-05-15 07:20:50,1900-01-00 00:00:00,,9C:2F:9D:82:20:A3,-17,,0.000000,0.000000,0.000,0.000,Client
2026-05-15 07:20:50,1900-01-00 00:00:00,dlink-615_EXT,40:86:CB:27:D2:0C,-17, WPA2 ,0.000000,0.000000,0.000,0.000,AP
2026-05-15 07:20:50,1900-01-00 00:00:00,,9C:2F:9D:82:20:A3,-17,,0.000000,0.000000,0.000,0.000,Client
2026-05-15 07:20:50,1900-01-00 00:00:00,dlink-615_EXT,40:86:CB:27:D2:0C,-17, WPA2 ,0.000000,0.000000,0.000,0.000,AP
2026-05-15 07:20:50,1900-01-00 00:00:00,,9C:2F:9D:82:20:A3,-17,,0.000000,0.000000,0.000,0.000,Client
2026-05-15 07:20:50,1900-01-00 00:00:00,dlink-615_EXT,40:86:CB:27:D2:0C,-17, WPA2 ,0.000000,0.000000,0.000,0.000,AP
2026-05-15 07:20:50,1900-01-00 00:00:00,,9C:2F:9D:82:20:A3,-17,,0.000000,0.000000,0.000,0.000,Client
2026-05-15 07:20:50,1900-01-00 00:00:00,dlink-615_EXT,40:86:CB:27:D2:0C,-17, WPA2 ,0.000000,0.000000,0.000,0.000,AP
2026-05-15 07:20:50,1900-01-00 00:00:00,,9C:2F:9D:82:20:A3,-17,,0.000000,0.000000,0.000,0.000,Client
2026-05-15 07:20:50,1900-01-00 00:00:00,dlink-615_EXT,40:86:CB:27:D2:0C,-17, WPA2 ,0.000000,0.000000,0.000,0.000,AP
2026-05-15 07:20:50,1900-01-00 00:00:00,,9C:2F:9D:82:20:A3,-17,,0.000000,0.000000,0.000,0.000,Client
2026-05-15 07:20:50,1900-01-00 00:00:00,dlink-615_EXT,40:86:CB:27:D2:0C,-17, WPA2 ,0.000000,0.000000,0.000,0.000,AP
2026-05-15 07:20:50,1900-01-00 00:00:00,,9C:2F:9D:82:20:A3,-17,,0.000000,0.000000,0.000,0.000,Client
2026-05-15 07:20:50,1900-01-00 00:00:00,dlink-615_EXT,40:86:CB:27:D2:0C,-17, WPA2 ,0.000000,0.000000,0.000,0.000,AP
2026-05-15 07:20:50,1900-01-00 00:00:00,,9C:2F:9D:82:20:A3,-17,,0.000000,0.000000,0.000,0.000,Client
2026-05-15 07:20:50,1900-01-00 00:00:00,dlink-615_EXT,40:86:CB:27:D2:0C,-17, WPA2 ,0.000000,0.000000,0.000,0.000,AP
2026-05-15 07:20:50,1900-01-00 00:00:00,,9C:2F:9D:82:20:A3,-17,,0.000000,0.000000,0.000,0.000,Client
2026-05-15 07:20:50,1900-01-00 00:00:00,dlink-615_EXT,40:86:CB:27:D2:0C,-17, WPA2 ,0.000000,0.000000,0.000,0.000,AP
2026-05-15 07:20:50,1900-01-00 00:00:00,,9C:2F:9D:82:20:A3,-17,,0.000000,0.000000,0.000,0.000,Client
2026-05-15 07:20:50,1900-01-00 00:00:00,dlink-615_EXT,40:86:CB:27:D2:0C,-17, WPA2 ,0.000000,0.000000,0.000,0.000,AP
2026-05-15 07:20:50,1900-01-00 00:00:00,,9C:2F:9D:82:20:A3,-17,,0.000000,0.000000,0.000,0.000,Client
2026-05-15 07:20:50,1900-01-00 00:00:00,dlink-615_EXT,40:86:CB:27:D2:0C,-17, WPA2 ,0.000000,0.000000,0.000,0.000,AP
2026-05-15 07:20:50,1900-01-00 00:00:00,,9C:2F:9D:82:20:A3,-17,,0.000000,0.000000,0.000,0.000,Client
2026-05-15 07:20:50,1900-01-00 00:00:00,dlink-615_EXT,40:86:CB:27:D2:0C,-17, WPA2 ,0.000000,0.000000,0.000,0.000,AP
2026-05-15 07:20:50,1900-01-00 00:00:00,,9C:2F:9D:82:20:A3,-17,,0.000000,0.000000,0.000,0.000,Client
2026-05-15 07:20:50,1900-01-00 00:00:00,dlink-615_EXT,40:86:CB:27:D2:0C,-17, WPA2 ,0.000000,0.000000,0.000,0.000,AP
2026-05-15 07:20:50,1900-01-00 00:00:00,,9C:2F:9D:82:20:A3,-17,,0.000000,0.000000,0.000,0.000,Client
2026-05-15 07:20:50,1900-01-00 00:00:00,dlink-615_EXT,40:86:CB:27:D2:0C,-17, WPA2 ,0.000000,0.000000,0.000,0.000,AP
2026-05-15 07:20:50,1900-01-00 00:00:00,,9C:2F:9D:82:20:A3,-17,,0.000000,0.000000,0.000,0.000,Client
2026-05-15 07:20:50,1900-01-00 00:00:00,dlink-615_EXT,40:86:CB:27:D2:0C,-19, WPA2 ,0.000000,0.000000,0.000,0.000,AP
2026-05-15 07:20:50,1900-01-00 00:00:00,,9C:2F:9D:82:20:A3,-19,,0.000000,0.000000,0.000,0.000,Client
2026-05-15 07:20:50,1900-01-00 00:00:00,dlink-615_EXT,40:86:CB:27:D2:0C,-19, WPA2 ,0.000000,0.000000,0.000,0.000,AP
2026-05-15 07:20:50,1900-01-00 00:00:00,,9C:2F:9D:82:20:A3,-19,,0.000000,0.000000,0.000,0.000,Client
2026-05-15 07:20:50,1900-01-00 00:00:00,dlink-615_EXT,40:86:CB:27:D2:0C,-19, WPA2 ,0.000000,0.000000,0.000,0.000,AP
2026-05-15 07:20:50,1900-01-00 00:00:00,,9C:2F:9D:82:20:A3,-19,,0.000000,0.000000,0.000,0.000,Client
2026-05-15 07:20:50,1900-01-00 00:00:00,dlink-615_EXT,40:86:CB:27:D2:0C,-19, WPA2 ,0.000000,0.000000,0.000,0.000,AP
2026-05-15 07:20:50,1900-01-00 00:00:00,,9C:2F:9D:82:20:A3,-19,,0.000000,0.000000,0.000,0.000,Client
2026-05-15 07:20:50,1900-01-00 00:00:00,dlink-615_EXT,40:86:CB:27:D2:0C,-19, WPA2 ,0.000000,0.000000,0.000,0.000,AP
2026-05-15 07:20:50,1900-01-00 00:00:00,,9C:2F:9D:82:20:A3,-19,,0.000000,0.000000,0.000,0.000,Client
2026-05-15 07:20:50,1900-01-00 00:00:00,dlink-615_EXT,40:86:CB:27:D2:0C,-19, WPA2 ,0.000000,0.000000,0.000,0.000,AP
2026-05-15 07:20:50,1900-01-00 00:00:00,,9C:2F:9D:82:20:A3,-19,,0.000000,0.000000,0.000,0.000,Client
2026-05-15 07:20:50,1900-01-00 00:00:00,dlink-615_EXT,40:86:CB:27:D2:0C,-19, WPA2 ,0.000000,0.000000,0.000,0.000,AP
2026-05-15 07:20:50,1900-01-00 00:00:00,,9C:2F:9D:82:20:A3,-19,,0.000000,0.000000,0.000,0.000,Client
2026-05-15 07:20:50,1900-01-00 00:00:00,dlink-615_EXT,40:86:CB:27:D2:0C,-19, WPA2 ,0.000000,0.000000,0.000,0.000,AP
2026-05-15 07:20:50,1900-01-00 00:00:00,,9C:2F:9D:82:20:A3,-19,,0.000000,0.000000,0.000,0.000,Client
2026-05-15 07:20:50,1900-01-00 00:00:00,dlink-615_EXT,40:86:CB:27:D2:0C,-19, WPA2 ,0.000000,0.000000,0.000,0.000,AP
2026-05-15 07:20:50,1900-01-00 00:00:00,,9C:2F:9D:82:20:A3,-19,,0.000000,0.000000,0.000,0.000,Client
2026-05-15 07:20:50,1900-01-00 00:00:00,dlink-615_EXT,40:86:CB:27:D2:0C,-19, WPA2 ,0.000000,0.000000,0.000,0.000,AP
2026-05-15 07:20:50,1900-01-00 00:00:00,,9C:2F:9D:82:20:A3,-19,,0.000000,0.000000,0.000,0.000,Client
2026-05-15 07:20:50,1900-01-00 00:00:00,dlink-615_EXT,40:86:CB:27:D2:0C,-19, WPA2 ,0.000000,0.000000,0.000,0.000,AP
2026-05-15 07:20:50,1900-01-00 00:00:00,,9C:2F:9D:82:20:A3,-19,,0.000000,0.000000,0.000,0.000,Client
2026-05-15 07:20:50,1900-01-00 00:00:00,dlink-615_EXT,40:86:CB:27:D2:0C,-19, WPA2 ,0.000000,0.000000,0.000,0.000,AP
2026-05-15 07:20:50,1900-01-00 00:00:00,,9C:2F:9D:82:20:A3,-19,,0.000000,0.000000,0.000,0.000,Client
2026-05-15 07:20:50,1900-01-00 00:00:00,dlink-615_EXT,40:86:CB:27:D2:0C,-19, WPA2 ,0.000000,0.000000,0.000,0.000,AP
2026-05-15 07:20:50,1900-01-00 00:00:00,,9C:2F:9D:82:20:A3,-19,,0.000000,0.000000,0.000,0.000,Client
2026-05-15 07:20:50,1900-01-00 00:00:00,dlink-615_EXT,40:86:CB:27:D2:0C,-19, WPA2 ,0.000000,0.000000,0.000,0.000,AP
2026-05-15 07:20:50,1900-01-00 00:00:00,,9C:2F:9D:82:20:A3,-19,,0.000000,0.000000,0.000,0.000,Client
2026-05-15 07:20:50,1900-01-00 00:00:00,dlink-615_EXT,40:86:CB:27:D2:0C,-19, WPA2 ,0.000000,0.000000,0.000,0.000,AP
2026-05-15 07:20:50,1900-01-00 00:00:00,,9C:2F:9D:82:20:A3,-19,,0.000000,0.000000,0.000,0.000,Client
2026-05-15 07:20:50,1900-01-00 00:00:00,dlink-615_EXT,40:86:CB:27:D2:0C,-19, WPA2 ,0.000000,0.000000,0.000,0.000,AP
2026-05-15 07:20:50,1900-01-00 00:00:00,,9C:2F:9D:82:20:A3,-19,,0.000000,0.000000,0.000,0.000,Client
2026-05-15 07:20:50,1900-01-00 00:00:00,dlink-615_EXT,40:86:CB:27:D2:0C,-19, WPA2 ,0.000000,0.000000,0.000,0.000,AP
2026-05-15 07:20:50,1900-01-00 00:00:00,,9C:2F:9D:82:20:A3,-19,,0.000000,0.000000,0.000,0.000,Client
2026-05-15 07:20:50,1900-01-00 00:00:00,dlink-615_EXT,40:86:CB:27:D2:0C,-19, WPA2 ,0.000000,0.000000,0.000,0.000,AP
2026-05-15 07:20:50,1900-01-00 00:00:00,,9C:2F:9D:82:20:A3,-19,,0.000000,0.000000,0.000,0.000,Client
2026-05-15 07:20:50,1900-01-00 00:00:00,dlink-615_EXT,40:86:CB:27:D2:0C,-19, WPA2 ,0.000000,0.000000,0.000,0.000,AP
2026-05-15 07:20:50,1900-01-00 00:00:00,,9C:2F:9D:82:20:A3,-19,,0.000000,0.000000,0.000,0.000,Client
2026-05-15 07:20:50,1900-01-00 00:00:00,dlink-615_EXT,40:86:CB:27:D2:0C,-19, WPA2 ,0.000000,0.000000,0.000,0.000,AP
2026-05-15 07:20:50,1900-01-00 00:00:00,,9C:2F:9D:82:20:A3,-19,,0.000000,0.000000,0.000,0.000,Client
2026-05-15 07:20:50,1900-01-00 00:00:00,dlink-615_EXT,40:86:CB:27:D2:0C,-19, WPA2 ,0.000000,0.000000,0.000,0.000,AP
2026-05-15 07:20:50,1900-01-00 00:00:00,,9C:2F:9D:82:20:A3,-19,,0.000000,0.000000,0.000,0.000,Client
2026-05-15 07:20:50,1900-01-00 00:00:00,dlink-615_EXT,40:86:CB:27:D2:0C,-19, WPA2 ,0.000000,0.000000,0.000,0.000,AP
2026-05-15 07:20:50,1900-01-00 00:00:00,,9C:2F:9D:82:20:A3,-19,,0.000000,0.000000,0.000,0.000,Client
2026-05-15 07:20:50,1900-01-00 00:00:00,dlink-615_EXT,40:86:CB:27:D2:0C,-19, WPA2 ,0.000000,0.000000,0.000,0.000,AP
2026-05-15 07:20:50,1900-01-00 00:00:00,,9C:2F:9D:82:20:A3,-19,,0.000000,0.000000,0.000,0.000,Client
2026-05-15 07:20:50,1900-01-00 00:00:00,dlink-615_EXT,40:86:CB:27:D2:0C,-19, WPA2 ,0.000000,0.000000,0.000,0.000,AP
2026-05-15 07:20:50,1900-01-00 00:00:00,,9C:2F:9D:82:20:A3,-19,,0.000000,0.000000,0.000,0.000,Client
2026-05-15 07:20:50,1900-01-00 00:00:00,dlink-615_EXT,40:86:CB:27:D2:0C,-19, WPA2 ,0.000000,0.000000,0.000,0.000,AP
2026-05-15 07:20:50,1900-01-00 00:00:00,,9C:2F:9D:82:20:A3,-19,,0.000000,0.000000,0.000,0.000,Client
2026-05-15 07:20:50,1900-01-00 00:00:00,dlink-615_EXT,40:86:CB:27:D2:0C,-19, WPA2 ,0.000000,0.000000,0.000,0.000,AP
2026-05-15 07:20:50,1900-01-00 00:00:00,,9C:2F:9D:82:20:A3,-19,,0.000000,0.000000,0.000,0.000,Client
2026-05-15 07:20:50,1900-01-00 00:00:00,dlink-615_EXT,40:86:CB:27:D2:0C,-19, WPA2 ,0.000000,0.000000,0.000,0.000,AP
2026-05-15 07:20:50,1900-01-00 00:00:00,,9C:2F:9D:82:20:A3,-19,,0.000000,0.000000,0.000,0.000,Client
2026-05-15 07:20:50,1900-01-00 00:00:00,dlink-615_EXT,40:86:CB:27:D2:0C,-19, WPA2 ,0.000000,0.000000,0.000,0.000,AP
2026-05-15 07:20:50,1900-01-00 00:00:00,,9C:2F:9D:82:20:A3,-19,,0.000000,0.000000,0.000,0.000,Client
2026-05-15 07:20:50,1900-01-00 00:00:00,dlink-615_EXT,40:86:CB:27:D2:0C,-19, WPA2 ,0.000000,0.000000,0.000,0.000,AP
2026-05-15 07:20:50,1900-01-00 00:00:00,,9C:2F:9D:82:20:A3,-19,,0.000000,0.000000,0.000,0.000,Client
2026-05-15 07:20:50,1900-01-00 00:00:00,dlink-615_EXT,40:86:CB:27:D2:0C,-19, WPA2 ,0.000000,0.000000,0.000,0.000,AP
2026-05-15 07:20:50,1900-01-00 00:00:00,,9C:2F:9D:82:20:A3,-19,,0.000000,0.000000,0.000,0.000,Client
2026-05-15 07:20:50,1900-01-00 00:00:00,dlink-615_EXT,40:86:CB:27:D2:0C,-19, WPA2 ,0.000000,0.000000,0.000,0.000,AP
2026-05-15 07:20:50,1900-01-00 00:00:00,,9C:2F:9D:82:20:A3,-19,,0.000000,0.000000,0.000,0.000,Client
2026-05-15 07:20:50,1900-01-00 00:00:00,dlink-615_EXT,40:86:CB:27:D2:0C,-19, WPA2 ,0.000000,0.000000,0.000,0.000,AP
2026-05-15 07:20:50,1900-01-00 00:00:00,,9C:2F:9D:82:20:A3,-19,,0.000000,0.000000,0.000,0.000,Client
2026-05-15 07:20:50,1900-01-00 00:00:00,dlink-615_EXT,40:86:CB:27:D2:0C,-19, WPA2 ,0.000000,0.000000,0.000,0.000,AP
2026-05-15 07:20:50,1900-01-00 00:00:00,,9C:2F:9D:82:20:A3,-19,,0.000000,0.000000,0.000,0.000,Client
2026-05-15 07:20:50,1900-01-00 00:00:00,dlink-615_EXT,40:86:CB:27:D2:0C,-19, WPA2 ,0.000000,0.000000,0.000,0.000,AP
2026-05-15 07:20:50,1900-01-00 00:00:00,,9C:2F:9D:82:20:A3,-19,,0.000000,0.000000,0.000,0.000,Client
2026-05-15 07:20:50,1900-01-00 00:00:00,dlink-615_EXT,40:86:CB:27:D2:0C,-19, WPA2 ,0.000000,0.000000,0.000,0.000,AP
2026-05-15 07:20:50,1900-01-00 00:00:00,,9C:2F:9D:82:20:A3,-19,,0.000000,0.000000,0.000,0.000,Client
2026-05-15 07:20:50,1900-01-00 00:00:00,dlink-615_EXT,40:86:CB:27:D2:0C,-19, WPA2 ,0.000000,0.000000,0.000,0.000,AP
2026-05-15 07:20:50,1900-01-00 00:00:00,,9C:2F:9D:82:20:A3,-19,,0.000000,0.000000,0.000,0.000,Client
2026-05-15 07:20:50,1900-01-00 00:00:00,dlink-615_EXT,40:86:CB:27:D2:0C,-19, WPA2 ,0.000000,0.000000,0.000,0.000,AP
2026-05-15 07:20:50,1900-01-00 00:00:00,,9C:2F:9D:82:20:A3,-19,,0.000000,0.000000,0.000,0.000,Client
2026-05-15 07:20:50,1900-01-00 00:00:00,dlink-615_EXT,40:86:CB:27:D2:0C,-19, WPA2 ,0.000000,0.000000,0.000,0.000,AP
2026-05-15 07:20:50,1900-01-00 00:00:00,,9C:2F:9D:82:20:A3,-19,,0.000000,0.000000,0.000,0.000,Client
2026-05-15 07:20:50,1900-01-00 00:00:00,dlink-615_EXT,40:86:CB:27:D2:0C,-19, WPA2 ,0.000000,0.000000,0.000,0.000,AP
2026-05-15 07:20:50,1900-01-00 00:00:00,,9C:2F:9D:82:20:A3,-19,,0.000000,0.000000,0.000,0.000,Client
2026-05-15 07:20:50,1900-01-00 00:00:00,dlink-615_EXT,40:86:CB:27:D2:0C,-19, WPA2 ,0.000000,0.000000,0.000,0.000,AP
2026-05-15 07:20:50,1900-01-00 00:00:00,,9C:2F:9D:82:20:A3,-19,,0.000000,0.000000,0.000,0.000,Client
2026-05-15 07:20:50,1900-01-00 00:00:00,dlink-615_EXT,40:86:CB:27:D2:0C,-19, WPA2 ,0.000000,0.000000,0.000,0.000,AP
2026-05-15 07:20:50,1900-01-00 00:00:00,,9C:2F:9D:82:20:A3,-19,,0.000000,0.000000,0.000,0.000,Client
2026-05-15 07:20:50,1900-01-00 00:00:00,dlink-615_EXT,40:86:CB:27:D2:0C,-19, WPA2 ,0.000000,0.000000,0.000,0.000,AP
2026-05-15 07:20:50,1900-01-00 00:00:00,,9C:2F:9D:82:20:A3,-19,,0.000000,0.000000,0.000,0.000,Client
2026-05-15 07:20:50,1900-01-00 00:00:00,dlink-615_EXT,40:86:CB:27:D2:0C,-19, WPA2 ,0.000000,0.000000,0.000,0.000,AP
2026-05-15 07:20:50,1900-01-00 00:00:00,,9C:2F:9D:82:20:A3,-19,,0.000000,0.000000,0.000,0.000,Client
2026-05-15 07:20:50,1900-01-00 00:00:00,dlink-615_EXT,40:86:CB:27:D2:0C,-19, WPA2 ,0.000000,0.000000,0.000,0.000,AP
2026-05-15 07:20:50,1900-01-00 00:00:00,,9C:2F:9D:82:20:A3,-19,,0.000000,0.000000,0.000,0.000,Client
2026-05-15 07:20:50,1900-01-00 00:00:00,dlink-615_EXT,40:86:CB:27:D2:0C,-19, WPA2 ,0.000000,0.000000,0.000,0.000,AP
2026-05-15 07:20:50,1900-01-00 00:00:00,,9C:2F:9D:82:20:A3,-19,,0.000000,0.000000,0.000,0.000,Client
2026-05-15 07:20:50,1900-01-00 00:00:00,dlink-615_EXT,40:86:CB:27:D2:0C,-19, WPA2 ,0.000000,0.000000,0.000,0.000,AP
2026-05-15 07:20:50,1900-01-00 00:00:00,,9C:2F:9D:82:20:A3,-19,,0.000000,0.000000,0.000,0.000,Client
2026-05-15 07:20:50,1900-01-00 00:00:00,dlink-615_EXT,40:86:CB:27:D2:0C,-19, WPA2 ,0.000000,0.000000,0.000,0.000,AP
2026-05-15 07:20:50,1900-01-00 00:00:00,,9C:2F:9D:82:20:A3,-19,,0.000000,0.000000,0.000,0.000,Client
2026-05-15 07:20:50,1900-01-00 00:00:00,dlink-615_EXT,40:86:CB:27:D2:0C,-19, WPA2 ,0.000000,0.000000,0.000,0.000,AP
2026-05-15 07:20:50,1900-01-00 00:00:00,,9C:2F:9D:82:20:A3,-19,,0.000000,0.000000,0.000,0.000,Client
2026-05-15 07:20:50,1900-01-00 00:00:00,dlink-615_EXT,40:86:CB:27:D2:0C,-19, WPA2 ,0.000000,0.000000,0.000,0.000,AP
2026-05-15 07:20:50,1900-01-00 00:00:00,,9C:2F:9D:82:20:A3,-19,,0.000000,0.000000,0.000,0.000,Client
2026-05-15 07:20:50,1900-01-00 00:00:00,dlink-615_EXT,40:86:CB:27:D2:0C,-19, WPA2 ,0.000000,0.000000,0.000,0.000,AP
2026-05-15 07:20:50,1900-01-00 00:00:00,,9C:2F:9D:82:20:A3,-19,,0.000000,0.000000,0.000,0.000,Client
2026-05-15 07:20:50,1900-01-00 00:00:00,dlink-615_EXT,40:86:CB:27:D2:0C,-19, WPA2 ,0.000000,0.000000,0.000,0.000,AP
2026-05-15 07:20:50,1900-01-00 00:00:00,,9C:2F:9D:82:20:A3,-19,,0.000000,0.000000,0.000,0.000,Client
2026-05-15 07:20:50,1900-01-00 00:00:00,dlink-615_EXT,40:86:CB:27:D2:0C,-19, WPA2 ,0.000000,0.000000,0.000,0.000,AP
2026-05-15 07:20:50,1900-01-00 00:00:00,,9C:2F:9D:82:20:A3,-19,,0.000000,0.000000,0.000,0.000,Client
2026-05-15 07:20:50,1900-01-00 00:00:00,dlink-615_EXT,40:86:CB:27:D2:0C,-19, WPA2 ,0.000000,0.000000,0.000,0.000,AP
2026-05-15 07:20:50,1900-01-00 00:00:00,,9C:2F:9D:82:20:A3,-19,,0.000000,0.000000,0.000,0.000,Client
2026-05-15 07:20:50,1900-01-00 00:00:00,dlink-615_EXT,40:86:CB:27:D2:0C,-19, WPA2 ,0.000000,0.000000,0.000,0.000,AP
2026-05-15 07:20:51,1900-01-00 00:00:00,,9C:2F:9D:82:20:A3,-19,,0.000000,0.000000,0.000,0.000,Client
2026-05-15 07:20:51,1900-01-00 00:00:00,dlink-615_EXT,40:86:CB:27:D2:0C,-19, WPA2 ,0.000000,0.000000,0.000,0.000,AP
2026-05-15 07:20:51,1900-01-00 00:00:00,,9C:2F:9D:82:20:A3,-19,,0.000000,0.000000,0.000,0.000,Client
2026-05-15 07:20:51,1900-01-00 00:00:00,dlink-615_EXT,40:86:CB:27:D2:0C,-19, WPA2 ,0.000000,0.000000,0.000,0.000,AP
2026-05-15 07:20:51,1900-01-00 00:00:00,,9C:2F:9D:82:20:A3,-19,,0.000000,0.000000,0.000,0.000,Client
2026-05-15 07:20:51,1900-01-00 00:00:00,dlink-615_EXT,40:86:CB:27:D2:0C,-19, WPA2 ,0.000000,0.000000,0.000,0.000,AP
2026-05-15 07:20:51,1900-01-00 00:00:00,,9C:2F:9D:82:20:A3,-19,,0.000000,0.000000,0.000,0.000,Client
2026-05-15 07:20:51,1900-01-00 00:00:00,dlink-615_EXT,40:86:CB:27:D2:0C,-19, WPA2 ,0.000000,0.000000,0.000,0.000,AP
2026-05-15 07:20:51,1900-01-00 00:00:00,,9C:2F:9D:82:20:A3,-17,,0.000000,0.000000,0.000,0.000,Client
2026-05-15 07:20:51,1900-01-00 00:00:00,dlink-615_EXT,40:86:CB:27:D2:0C,-17, WPA2 ,0.000000,0.000000,0.000,0.000,AP
2026-05-15 07:20:51,1900-01-00 00:00:00,,9C:2F:9D:82:20:A3,-19,,0.000000,0.000000,0.000,0.000,Client
2026-05-15 07:20:51,1900-01-00 00:00:00,dlink-615_EXT,40:86:CB:27:D2:0C,-19, WPA2 ,0.000000,0.000000,0.000,0.000,AP
2026-05-15 07:20:51,1900-01-00 00:00:00,,9C:2F:9D:82:20:A3,-19,,0.000000,0.000000,0.000,0.000,Client
2026-05-15 07:20:51,1900-01-00 00:00:00,dlink-615_EXT,40:86:CB:27:D2:0C,-19, WPA2 ,0.000000,0.000000,0.000,0.000,AP
2026-05-15 07:20:51,1900-01-00 00:00:00,,9C:2F:9D:82:20:A3,-19,,0.000000,0.000000,0.000,0.000,Client
2026-05-15 07:20:51,1900-01-00 00:00:00,dlink-615_EXT,40:86:CB:27:D2:0C,-19, WPA2 ,0.000000,0.000000,0.000,0.000,AP
2026-05-15 07:20:51,1900-01-00 00:00:00,,9C:2F:9D:82:20:A3,-19,,0.000000,0.000000,0.000,0.000,Client
2026-05-15 07:20:51,1900-01-00 00:00:00,dlink-615_EXT,40:86:CB:27:D2:0C,-19, WPA2 ,0.000000,0.000000,0.000,0.000,AP
2026-05-15 07:20:51,1900-01-00 00:00:00,,9C:2F:9D:82:20:A3,-19,,0.000000,0.000000,0.000,0.000,Client
2026-05-15 07:20:51,1900-01-00 00:00:00,dlink-615_EXT,40:86:CB:27:D2:0C,-19, WPA2 ,0.000000,0.000000,0.000,0.000,AP
2026-05-15 07:20:51,1900-01-00 00:00:00,,9C:2F:9D:82:20:A3,-19,,0.000000,0.000000,0.000,0.000,Client
2026-05-15 07:20:51,1900-01-00 00:00:00,dlink-615_EXT,40:86:CB:27:D2:0C,-17, WPA2 ,0.000000,0.000000,0.000,0.000,AP
2026-05-15 07:20:51,1900-01-00 00:00:00,,9C:2F:9D:82:20:A3,-17,,0.000000,0.000000,0.000,0.000,Client
2026-05-15 07:20:51,1900-01-00 00:00:00,dlink-615_EXT,40:86:CB:27:D2:0C,-17, WPA2 ,0.000000,0.000000,0.000,0.000,AP
2026-05-15 07:20:51,1900-01-00 00:00:00,,9C:2F:9D:82:20:A3,-17,,0.000000,0.000000,0.000,0.000,Client
2026-05-15 07:20:51,1900-01-00 00:00:00,dlink-615_EXT,40:86:CB:27:D2:0C,-17, WPA2 ,0.000000,0.000000,0.000,0.000,AP
2026-05-15 07:20:51,1900-01-00 00:00:00,,9C:2F:9D:82:20:A3,-19,,0.000000,0.000000,0.000,0.000,Client
2026-05-15 07:20:51,1900-01-00 00:00:00,dlink-615_EXT,40:86:CB:27:D2:0C,-19, WPA2 ,0.000000,0.000000,0.000,0.000,AP
2026-05-15 07:20:51,1900-01-00 00:00:00,,9C:2F:9D:82:20:A3,-19,,0.000000,0.000000,0.000,0.000,Client
2026-05-15 07:20:51,1900-01-00 00:00:00,dlink-615_EXT,40:86:CB:27:D2:0C,-19, WPA2 ,0.000000,0.000000,0.000,0.000,AP
2026-05-15 07:20:51,1900-01-00 00:00:00,,9C:2F:9D:82:20:A3,-19,,0.000000,0.000000,0.000,0.000,Client
2026-05-15 07:20:51,1900-01-00 00:00:00,dlink-615_EXT,40:86:CB:27:D2:0C,-19, WPA2 ,0.000000,0.000000,0.000,0.000,AP
2026-05-15 07:20:51,1900-01-00 00:00:00,,9C:2F:9D:82:20:A3,-19,,0.000000,0.000000,0.000,0.000,Client
2026-05-15 07:20:51,1900-01-00 00:00:00,dlink-615_EXT,40:86:CB:27:D2:0C,-17, WPA2 ,0.000000,0.000000,0.000,0.000,AP
2026-05-15 07:20:51,1900-01-00 00:00:00,,9C:2F:9D:82:20:A3,-17,,0.000000,0.000000,0.000,0.000,Client
2026-05-15 07:20:51,1900-01-00 00:00:00,dlink-615_EXT,40:86:CB:27:D2:0C,-17, WPA2 ,0.000000,0.000000,0.000,0.000,AP
2026-05-15 07:20:51,1900-01-00 00:00:00,,9C:2F:9D:82:20:A3,-17,,0.000000,0.000000,0.000,0.000,Client
2026-05-15 07:20:51,1900-01-00 00:00:00,dlink-615_EXT,40:86:CB:27:D2:0C,-17, WPA2 ,0.000000,0.000000,0.000,0.000,AP
2026-05-15 07:20:51,1900-01-00 00:00:00,,9C:2F:9D:82:20:A3,-19,,0.000000,0.000000,0.000,0.000,Client
2026-05-15 07:20:51,1900-01-00 00:00:00,dlink-615_EXT,40:86:CB:27:D2:0C,-19, WPA2 ,0.000000,0.000000,0.000,0.000,AP
2026-05-15 07:20:51,1900-01-00 00:00:00,,9C:2F:9D:82:20:A3,-19,,0.000000,0.000000,0.000,0.000,Client
2026-05-15 07:20:51,1900-01-00 00:00:00,dlink-615_EXT,40:86:CB:27:D2:0C,-19, WPA2 ,0.000000,0.000000,0.000,0.000,AP
2026-05-15 07:20:51,1900-01-00 00:00:00,,9C:2F:9D:82:20:A3,-19,,0.000000,0.000000,0.000,0.000,Client
2026-05-15 07:20:51,1900-01-00 00:00:00,dlink-615_EXT,40:86:CB:27:D2:0C,-19, WPA2 ,0.000000,0.000000,0.000,0.000,AP
2026-05-15 07:20:51,1900-01-00 00:00:00,,9C:2F:9D:82:20:A3,-19,,0.000000,0.000000,0.000,0.000,Client
2026-05-15 07:20:51,1900-01-00 00:00:00,dlink-615_EXT,40:86:CB:27:D2:0C,-19, WPA2 ,0.000000,0.000000,0.000,0.000,AP
2026-05-15 07:20:51,1900-01-00 00:00:00,,9C:2F:9D:82:20:A3,-19,,0.000000,0.000000,0.000,0.000,Client
2026-05-15 07:20:51,1900-01-00 00:00:00,dlink-615_EXT,40:86:CB:27:D2:0C,-19, WPA2 ,0.000000,0.000000,0.000,0.000,AP
2026-05-15 07:20:51,1900-01-00 00:00:00,,9C:2F:9D:82:20:A3,-19,,0.000000,0.000000,0.000,0.000,Client
2026-05-15 07:20:51,1900-01-00 00:00:00,dlink-615_EXT,40:86:CB:27:D2:0C,-19, WPA2 ,0.000000,0.000000,0.000,0.000,AP
2026-05-15 07:20:51,1900-01-00 00:00:00,,9C:2F:9D:82:20:A3,-19,,0.000000,0.000000,0.000,0.000,Client
2026-05-15 07:20:51,1900-01-00 00:00:00,dlink-615_EXT,40:86:CB:27:D2:0C,-19, WPA2 ,0.000000,0.000000,0.000,0.000,AP
2026-05-15 07:20:51,1900-01-00 00:00:00,,9C:2F:9D:82:20:A3,-19,,0.000000,0.000000,0.000,0.000,Client
2026-05-15 07:20:51,1900-01-00 00:00:00,dlink-615_EXT,40:86:CB:27:D2:0C,-19, WPA2 ,0.000000,0.000000,0.000,0.000,AP
2026-05-15 07:20:51,1900-01-00 00:00:00,,9C:2F:9D:82:20:A3,-19,,0.000000,0.000000,0.000,0.000,Client
2026-05-15 07:20:51,1900-01-00 00:00:00,dlink-615_EXT,40:86:CB:27:D2:0C,-19, WPA2 ,0.000000,0.000000,0.000,0.000,AP
2026-05-15 07:20:51,1900-01-00 00:00:00,,9C:2F:9D:82:20:A3,-19,,0.000000,0.000000,0.000,0.000,Client
2026-05-15 07:20:51,1900-01-00 00:00:00,dlink-615_EXT,40:86:CB:27:D2:0C,-19, WPA2 ,0.000000,0.000000,0.000,0.000,AP
2026-05-15 07:20:51,1900-01-00 00:00:00,,9C:2F:9D:82:20:A3,-19,,0.000000,0.000000,0.000,0.000,Client
2026-05-15 07:20:51,1900-01-00 00:00:00,dlink-615_EXT,40:86:CB:27:D2:0C,-19, WPA2 ,0.000000,0.000000,0.000,0.000,AP
2026-05-15 07:20:51,1900-01-00 00:00:00,,9C:2F:9D:82:20:A3,-19,,0.000000,0.000000,0.000,0.000,Client
2026-05-15 07:20:51,1900-01-00 00:00:00,dlink-615_EXT,40:86:CB:27:D2:0C,-19, WPA2 ,0.000000,0.000000,0.000,0.000,AP
2026-05-15 07:20:51,1900-01-00 00:00:00,,9C:2F:9D:82:20:A3,-19,,0.000000,0.000000,0.000,0.000,Client
2026-05-15 07:20:51,1900-01-00 00:00:00,dlink-615_EXT,40:86:CB:27:D2:0C,-19, WPA2 ,0.000000,0.000000,0.000,0.000,AP
2026-05-15 07:20:51,1900-01-00 00:00:00,,9C:2F:9D:82:20:A3,-19,,0.000000,0.000000,0.000,0.000,Client
2026-05-15 07:20:51,1900-01-00 00:00:00,dlink-615_EXT,40:86:CB:27:D2:0C,-19, WPA2 ,0.000000,0.000000,0.000,0.000,AP
2026-05-15 07:20:51,1900-01-00 00:00:00,,9C:2F:9D:82:20:A3,-19,,0.000000,0.000000,0.000,0.000,Client
2026-05-15 07:20:51,1900-01-00 00:00:00,dlink-615_EXT,40:86:CB:27:D2:0C,-19, WPA2 ,0.000000,0.000000,0.000,0.000,AP
2026-05-15 07:20:51,1900-01-00 00:00:00,,9C:2F:9D:82:20:A3,-19,,0.000000,0.000000,0.000,0.000,Client
2026-05-15 07:20:51,1900-01-00 00:00:00,dlink-615_EXT,40:86:CB:27:D2:0C,-19, WPA2 ,0.000000,0.000000,0.000,0.000,AP
2026-05-15 07:20:51,1900-01-00 00:00:00,,9C:2F:9D:82:20:A3,-19,,0.000000,0.000000,0.000,0.000,Client
2026-05-15 07:20:51,1900-01-00 00:00:00,dlink-615_EXT,40:86:CB:27:D2:0C,-19, WPA2 ,0.000000,0.000000,0.000,0.000,AP
2026-05-15 07:20:51,1900-01-00 00:00:00,,9C:2F:9D:82:20:A3,-19,,0.000000,0.000000,0.000,0.000,Client
2026-05-15 07:20:51,1900-01-00 00:00:00,dlink-615_EXT,40:86:CB:27:D2:0C,-19, WPA2 ,0.000000,0.000000,0.000,0.000,AP
2026-05-15 07:20:51,1900-01-00 00:00:00,,9C:2F:9D:82:20:A3,-19,,0.000000,0.000000,0.000,0.000,Client
2026-05-15 07:20:51,1900-01-00 00:00:00,dlink-615_EXT,40:86:CB:27:D2:0C,-19, WPA2 ,0.000000,0.000000,0.000,0.000,AP
2026-05-15 07:20:51,1900-01-00 00:00:00,,9C:2F:9D:82:20:A3,-19,,0.000000,0.000000,0.000,0.000,Client
2026-05-15 07:20:51,1900-01-00 00:00:00,dlink-615_EXT,40:86:CB:27:D2:0C,-19, WPA2 ,0.000000,0.000000,0.000,0.000,AP
2026-05-15 07:20:51,1900-01-00 00:00:00,,9C:2F:9D:82:20:A3,-19,,0.000000,0.000000,0.000,0.000,Client
2026-05-15 07:20:51,1900-01-00 00:00:00,dlink-615_EXT,40:86:CB:27:D2:0C,-19, WPA2 ,0.000000,0.000000,0.000,0.000,AP
2026-05-15 07:20:51,1900-01-00 00:00:00,,9C:2F:9D:82:20:A3,-19,,0.000000,0.000000,0.000,0.000,Client
2026-05-15 07:20:51,1900-01-00 00:00:00,dlink-615_EXT,40:86:CB:27:D2:0C,-19, WPA2 ,0.000000,0.000000,0.000,0.000,AP
2026-05-15 07:20:51,1900-01-00 00:00:00,,9C:2F:9D:82:20:A3,-19,,0.000000,0.000000,0.000,0.000,Client
2026-05-15 07:20:51,1900-01-00 00:00:00,dlink-615_EXT,40:86:CB:27:D2:0C,-19, WPA2 ,0.000000,0.000000,0.000,0.000,AP
2026-05-15 07:20:51,1900-01-00 00:00:00,,9C:2F:9D:82:20:A3,-19,,0.000000,0.000000,0.000,0.000,Client
2026-05-15 07:20:51,1900-01-00 00:00:00,dlink-615_EXT,40:86:CB:27:D2:0C,-19, WPA2 ,0.000000,0.000000,0.000,0.000,AP
2026-05-15 07:20:51,1900-01-00 00:00:00,,9C:2F:9D:82:20:A3,-19,,0.000000,0.000000,0.000,0.000,Client
2026-05-15 07:20:51,1900-01-00 00:00:00,dlink-615_EXT,40:86:CB:27:D2:0C,-19, WPA2 ,0.000000,0.000000,0.000,0.000,AP
2026-05-15 07:20:51,1900-01-00 00:00:00,,9C:2F:9D:82:20:A3,-19,,0.000000,0.000000,0.000,0.000,Client
2026-05-15 07:20:51,1900-01-00 00:00:00,dlink-615_EXT,40:86:CB:27:D2:0C,-19, WPA2 ,0.000000,0.000000,0.000,0.000,AP
2026-05-15 07:20:51,1900-01-00 00:00:00,,9C:2F:9D:82:20:A3,-19,,0.000000,0.000000,0.000,0.000,Client
2026-05-15 07:20:51,1900-01-00 00:00:00,dlink-615_EXT,40:86:CB:27:D2:0C,-19, WPA2 ,0.000000,0.000000,0.000,0.000,AP
2026-05-15 07:20:51,1900-01-00 00:00:00,,9C:2F:9D:82:20:A3,-19,,0.000000,0.000000,0.000,0.000,Client
2026-05-15 07:20:51,1900-01-00 00:00:00,dlink-615_EXT,40:86:CB:27:D2:0C,-19, WPA2 ,0.000000,0.000000,0.000,0.000,AP
2026-05-15 07:20:51,1900-01-00 00:00:00,,9C:2F:9D:82:20:A3,-19,,0.000000,0.000000,0.000,0.000,Client
2026-05-15 07:20:51,1900-01-00 00:00:00,dlink-615_EXT,40:86:CB:27:D2:0C,-19, WPA2 ,0.000000,0.000000,0.000,0.000,AP
2026-05-15 07:20:51,1900-01-00 00:00:00,,9C:2F:9D:82:20:A3,-19,,0.000000,0.000000,0.000,0.000,Client
2026-05-15 07:20:51,1900-01-00 00:00:00,dlink-615_EXT,40:86:CB:27:D2:0C,-19, WPA2 ,0.000000,0.000000,0.000,0.000,AP
2026-05-15 07:20:51,1900-01-00 00:00:00,,9C:2F:9D:82:20:A3,-19,,0.000000,0.000000,0.000,0.000,Client
2026-05-15 07:20:51,1900-01-00 00:00:00,dlink-615_EXT,40:86:CB:27:D2:0C,-19, WPA2 ,0.000000,0.000000,0.000,0.000,AP
2026-05-15 07:20:51,1900-01-00 00:00:00,,9C:2F:9D:82:20:A3,-19,,0.000000,0.000000,0.000,0.000,Client
2026-05-15 07:20:51,1900-01-00 00:00:00,dlink-615_EXT,40:86:CB:27:D2:0C,-19, WPA2 ,0.000000,0.000000,0.000,0.000,AP
2026-05-15 07:20:51,1900-01-00 00:00:00,,9C:2F:9D:82:20:A3,-19,,0.000000,0.000000,0.000,0.000,Client
2026-05-15 07:20:51,1900-01-00 00:00:00,dlink-615_EXT,40:86:CB:27:D2:0C,-19, WPA2 ,0.000000,0.000000,0.000,0.000,AP
2026-05-15 07:20:51,1900-01-00 00:00:00,,9C:2F:9D:82:20:A3,-19,,0.000000,0.000000,0.000,0.000,Client
2026-05-15 07:20:51,1900-01-00 00:00:00,dlink-615_EXT,40:86:CB:27:D2:0C,-19, WPA2 ,0.000000,0.000000,0.000,0.000,AP
2026-05-15 07:20:51,1900-01-00 00:00:00,,9C:2F:9D:82:20:A3,-19,,0.000000,0.000000,0.000,0.000,Client
2026-05-15 07:20:51,1900-01-00 00:00:00,dlink-615_EXT,40:86:CB:27:D2:0C,-19, WPA2 ,0.000000,0.000000,0.000,0.000,AP
2026-05-15 07:20:51,1900-01-00 00:00:00,,9C:2F:9D:82:20:A3,-19,,0.000000,0.000000,0.000,0.000,Client
2026-05-15 07:20:51,1900-01-00 00:00:00,dlink-615_EXT,40:86:CB:27:D2:0C,-19, WPA2 ,0.000000,0.000000,0.000,0.000,AP
2026-05-15 07:20:51,1900-01-00 00:00:00,,9C:2F:9D:82:20:A3,-19,,0.000000,0.000000,0.000,0.000,Client
2026-05-15 07:20:51,1900-01-00 00:00:00,dlink-615_EXT,40:86:CB:27:D2:0C,-19, WPA2 ,0.000000,0.000000,0.000,0.000,AP
2026-05-15 07:20:51,1900-01-00 00:00:00,,9C:2F:9D:82:20:A3,-19,,0.000000,0.000000,0.000,0.000,Client
2026-05-15 07:20:51,1900-01-00 00:00:00,dlink-615_EXT,40:86:CB:27:D2:0C,-19, WPA2 ,0.000000,0.000000,0.000,0.000,AP
2026-05-15 07:20:51,1900-01-00 00:00:00,,9C:2F:9D:82:20:A3,-19,,0.000000,0.000000,0.000,0.000,Client
2026-05-15 07:20:51,1900-01-00 00:00:00,dlink-615_EXT,40:86:CB:27:D2:0C,-19, WPA2 ,0.000000,0.000000,0.000,0.000,AP
2026-05-15 07:20:51,1900-01-00 00:00:00,,9C:2F:9D:82:20:A3,-19,,0.000000,0.000000,0.000,0.000,Client
2026-05-15 07:20:51,1900-01-00 00:00:00,dlink-615_EXT,40:86:CB:27:D2:0C,-19, WPA2 ,0.000000,0.000000,0.000,0.000,AP
2026-05-15 07:20:51,1900-01-00 00:00:00,,9C:2F:9D:82:20:A3,-19,,0.000000,0.000000,0.000,0.000,Client
2026-05-15 07:20:51,1900-01-00 00:00:00,dlink-615_EXT,40:86:CB:27:D2:0C,-19, WPA2 ,0.000000,0.000000,0.000,0.000,AP
2026-05-15 07:20:51,1900-01-00 00:00:00,,9C:2F:9D:82:20:A3,-19,,0.000000,0.000000,0.000,0.000,Client
2026-05-15 07:20:51,1900-01-00 00:00:00,dlink-615_EXT,40:86:CB:27:D2:0C,-19, WPA2 ,0.000000,0.000000,0.000,0.000,AP
2026-05-15 07:20:51,1900-01-00 00:00:00,,9C:2F:9D:82:20:A3,-19,,0.000000,0.000000,0.000,0.000,Client
2026-05-15 07:20:51,1900-01-00 00:00:00,dlink-615_EXT,40:86:CB:27:D2:0C,-19, WPA2 ,0.000000,0.000000,0.000,0.000,AP
2026-05-15 07:20:51,1900-01-00 00:00:00,,9C:2F:9D:82:20:A3,-23,,0.000000,0.000000,0.000,0.000,Client
2026-05-15 07:20:51,1900-01-00 00:00:00,dlink-615_EXT,40:86:CB:27:D2:0C,-23, WPA2 ,0.000000,0.000000,0.000,0.000,AP
2026-05-15 07:20:51,1900-01-00 00:00:00,,9C:2F:9D:82:20:A3,-23,,0.000000,0.000000,0.000,0.000,Client
2026-05-15 07:20:51,1900-01-00 00:00:00,dlink-615_EXT,40:86:CB:27:D2:0C,-21, WPA2 ,0.000000,0.000000,0.000,0.000,AP
2026-05-15 07:20:51,1900-01-00 00:00:00,,9C:2F:9D:82:20:A3,-21,,0.000000,0.000000,0.000,0.000,Client
2026-05-15 07:20:51,1900-01-00 00:00:00,dlink-615_EXT,40:86:CB:27:D2:0C,-21, WPA2 ,0.000000,0.000000,0.000,0.000,AP
2026-05-15 07:20:51,1900-01-00 00:00:00,,9C:2F:9D:82:20:A3,-19,,0.000000,0.000000,0.000,0.000,Client
2026-05-15 07:20:51,1900-01-00 00:00:00,dlink-615_EXT,40:86:CB:27:D2:0C,-23, WPA2 ,0.000000,0.000000,0.000,0.000,AP
2026-05-15 07:20:51,1900-01-00 00:00:00,,9C:2F:9D:82:20:A3,-23,,0.000000,0.000000,0.000,0.000,Client
2026-05-15 07:20:51,1900-01-00 00:00:00,dlink-615_EXT,40:86:CB:27:D2:0C,-23, WPA2 ,0.000000,0.000000,0.000,0.000,AP
2026-05-15 07:20:51,1900-01-00 00:00:00,,9C:2F:9D:82:20:A3,-23,,0.000000,0.000000,0.000,0.000,Client
2026-05-15 07:20:51,1900-01-00 00:00:00,dlink-615_EXT,40:86:CB:27:D2:0C,-19, WPA2 ,0.000000,0.000000,0.000,0.000,AP
2026-05-15 07:20:51,1900-01-00 00:00:00,,9C:2F:9D:82:20:A3,-19,,0.000000,0.000000,0.000,0.000,Client
2026-05-15 07:20:51,1900-01-00 00:00:00,dlink-615_EXT,40:86:CB:27:D2:0C,-19, WPA2 ,0.000000,0.000000,0.000,0.000,AP
2026-05-15 07:20:51,1900-01-00 00:00:00,,9C:2F:9D:82:20:A3,-19,,0.000000,0.000000,0.000,0.000,Client
2026-05-15 07:20:51,1900-01-00 00:00:00,dlink-615_EXT,40:86:CB:27:D2:0C,-19, WPA2 ,0.000000,0.000000,0.000,0.000,AP
2026-05-15 07:20:51,1900-01-00 00:00:00,,9C:2F:9D:82:20:A3,-21,,0.000000,0.000000,0.000,0.000,Client
2026-05-15 07:20:51,1900-01-00 00:00:00,dlink-615_EXT,40:86:CB:27:D2:0C,-19, WPA2 ,0.000000,0.000000,0.000,0.000,AP
2026-05-15 07:20:51,1900-01-00 00:00:00,,9C:2F:9D:82:20:A3,-19,,0.000000,0.000000,0.000,0.000,Client
2026-05-15 07:20:51,1900-01-00 00:00:00,dlink-615_EXT,40:86:CB:27:D2:0C,-19, WPA2 ,0.000000,0.000000,0.000,0.000,AP
2026-05-15 07:20:51,1900-01-00 00:00:00,,9C:2F:9D:82:20:A3,-19,,0.000000,0.000000,0.000,0.000,Client
2026-05-15 07:20:51,1900-01-00 00:00:00,dlink-615_EXT,40:86:CB:27:D2:0C,-21, WPA2 ,0.000000,0.000000,0.000,0.000,AP
2026-05-15 07:20:51,1900-01-00 00:00:00,,9C:2F:9D:82:20:A3,-21,,0.000000,0.000000,0.000,0.000,Client
2026-05-15 07:20:51,1900-01-00 00:00:00,dlink-615_EXT,40:86:CB:27:D2:0C,-17, WPA2 ,0.000000,0.000000,0.000,0.000,AP
2026-05-15 07:20:51,1900-01-00 00:00:00,,9C:2F:9D:82:20:A3,-19,,0.000000,0.000000,0.000,0.000,Client
2026-05-15 07:20:51,1900-01-00 00:00:00,dlink-615_EXT,40:86:CB:27:D2:0C,-19, WPA2 ,0.000000,0.000000,0.000,0.000,AP
2026-05-15 07:20:51,1900-01-00 00:00:00,,9C:2F:9D:82:20:A3,-19,,0.000000,0.000000,0.000,0.000,Client
2026-05-15 07:20:51,1900-01-00 00:00:00,dlink-615_EXT,40:86:CB:27:D2:0C,-19, WPA2 ,0.000000,0.000000,0.000,0.000,AP
2026-05-15 07:20:51,1900-01-00 00:00:00,,9C:2F:9D:82:20:A3,-19,,0.000000,0.000000,0.000,0.000,Client
2026-05-15 07:20:51,1900-01-00 00:00:00,dlink-615_EXT,40:86:CB:27:D2:0C,-19, WPA2 ,0.000000,0.000000,0.000,0.000,AP
2026-05-15 07:20:51,1900-01-00 00:00:00,,9C:2F:9D:82:20:A3,-19,,0.000000,0.000000,0.000,0.000,Client
2026-05-15 07:20:51,1900-01-00 00:00:00,dlink-615_EXT,40:86:CB:27:D2:0C,-19, WPA2 ,0.000000,0.000000,0.000,0.000,AP
2026-05-15 07:20:51,1900-01-00 00:00:00,,9C:2F:9D:82:20:A3,-19,,0.000000,0.000000,0.000,0.000,Client
2026-05-15 07:20:51,1900-01-00 00:00:00,dlink-615_EXT,40:86:CB:27:D2:0C,-19, WPA2 ,0.000000,0.000000,0.000,0.000,AP
2026-05-15 07:20:51,1900-01-00 00:00:00,,9C:2F:9D:82:20:A3,-17,,0.000000,0.000000,0.000,0.000,Client
2026-05-15 07:20:51,1900-01-00 00:00:00,dlink-615_EXT,40:86:CB:27:D2:0C,-19, WPA2 ,0.000000,0.000000,0.000,0.000,AP
2026-05-15 07:20:51,1900-01-00 00:00:00,,9C:2F:9D:82:20:A3,-19,,0.000000,0.000000,0.000,0.000,Client
2026-05-15 07:20:51,1900-01-00 00:00:00,dlink-615_EXT,40:86:CB:27:D2:0C,-19, WPA2 ,0.000000,0.000000,0.000,0.000,AP
2026-05-15 07:20:51,1900-01-00 00:00:00,,9C:2F:9D:82:20:A3,-19,,0.000000,0.000000,0.000,0.000,Client
2026-05-15 07:20:51,1900-01-00 00:00:00,dlink-615_EXT,40:86:CB:27:D2:0C,-19, WPA2 ,0.000000,0.000000,0.000,0.000,AP
2026-05-15 07:20:51,1900-01-00 00:00:00,,9C:2F:9D:82:20:A3,-19,,0.000000,0.000000,0.000,0.000,Client
2026-05-15 07:20:51,1900-01-00 00:00:00,dlink-615_EXT,40:86:CB:27:D2:0C,-19, WPA2 ,0.000000,0.000000,0.000,0.000,AP
2026-05-15 07:20:51,1900-01-00 00:00:00,,9C:2F:9D:82:20:A3,-19,,0.000000,0.000000,0.000,0.000,Client
2026-05-15 07:20:51,1900-01-00 00:00:00,dlink-615_EXT,40:86:CB:27:D2:0C,-19, WPA2 ,0.000000,0.000000,0.000,0.000,AP
2026-05-15 07:20:51,1900-01-00 00:00:00,,9C:2F:9D:82:20:A3,-19,,0.000000,0.000000,0.000,0.000,Client
2026-05-15 07:20:51,1900-01-00 00:00:00,dlink-615_EXT,40:86:CB:27:D2:0C,-19, WPA2 ,0.000000,0.000000,0.000,0.000,AP
2026-05-15 07:20:51,1900-01-00 00:00:00,,9C:2F:9D:82:20:A3,-19,,0.000000,0.000000,0.000,0.000,Client
2026-05-15 07:20:51,1900-01-00 00:00:00,dlink-615_EXT,40:86:CB:27:D2:0C,-19, WPA2 ,0.000000,0.000000,0.000,0.000,AP
2026-05-15 07:20:51,1900-01-00 00:00:00,,9C:2F:9D:82:20:A3,-19,,0.000000,0.000000,0.000,0.000,Client
2026-05-15 07:20:51,1900-01-00 00:00:00,dlink-615_EXT,40:86:CB:27:D2:0C,-19, WPA2 ,0.000000,0.000000,0.000,0.000,AP
2026-05-15 07:20:51,1900-01-00 00:00:00,,9C:2F:9D:82:20:A3,-19,,0.000000,0.000000,0.000,0.000,Client
2026-05-15 07:20:51,1900-01-00 00:00:00,dlink-615_EXT,40:86:CB:27:D2:0C,-19, WPA2 ,0.000000,0.000000,0.000,0.000,AP
2026-05-15 07:20:51,1900-01-00 00:00:00,,9C:2F:9D:82:20:A3,-19,,0.000000,0.000000,0.000,0.000,Client
2026-05-15 07:20:51,1900-01-00 00:00:00,dlink-615_EXT,40:86:CB:27:D2:0C,-19, WPA2 ,0.000000,0.000000,0.000,0.000,AP
2026-05-15 07:20:51,1900-01-00 00:00:00,,9C:2F:9D:82:20:A3,-19,,0.000000,0.000000,0.000,0.000,Client
2026-05-15 07:20:51,1900-01-00 00:00:00,dlink-615_EXT,40:86:CB:27:D2:0C,-19, WPA2 ,0.000000,0.000000,0.000,0.000,AP
2026-05-15 07:20:51,1900-01-00 00:00:00,,9C:2F:9D:82:20:A3,-19,,0.000000,0.000000,0.000,0.000,Client
2026-05-15 07:20:51,1900-01-00 00:00:00,dlink-615_EXT,40:86:CB:27:D2:0C,-19, WPA2 ,0.000000,0.000000,0.000,0.000,AP
2026-05-15 07:20:51,1900-01-00 00:00:00,,9C:2F:9D:82:20:A3,-19,,0.000000,0.000000,0.000,0.000,Client
2026-05-15 07:20:51,1900-01-00 00:00:00,dlink-615_EXT,40:86:CB:27:D2:0C,-19, WPA2 ,0.000000,0.000000,0.000,0.000,AP
2026-05-15 07:20:51,1900-01-00 00:00:00,,9C:2F:9D:82:20:A3,-19,,0.000000,0.000000,0.000,0.000,Client
2026-05-15 07:20:51,1900-01-00 00:00:00,dlink-615_EXT,40:86:CB:27:D2:0C,-19, WPA2 ,0.000000,0.000000,0.000,0.000,AP
2026-05-15 07:20:51,1900-01-00 00:00:00,,9C:2F:9D:82:20:A3,-19,,0.000000,0.000000,0.000,0.000,Client
2026-05-15 07:20:51,1900-01-00 00:00:00,dlink-615_EXT,40:86:CB:27:D2:0C,-19, WPA2 ,0.000000,0.000000,0.000,0.000,AP
2026-05-15 07:20:51,1900-01-00 00:00:00,,9C:2F:9D:82:20:A3,-19,,0.000000,0.000000,0.000,0.000,Client
2026-05-15 07:20:51,1900-01-00 00:00:00,dlink-615_EXT,40:86:CB:27:D2:0C,-19, WPA2 ,0.000000,0.000000,0.000,0.000,AP
2026-05-15 07:20:51,1900-01-00 00:00:00,,9C:2F:9D:82:20:A3,-19,,0.000000,0.000000,0.000,0.000,Client
2026-05-15 07:20:51,1900-01-00 00:00:00,dlink-615_EXT,40:86:CB:27:D2:0C,-19, WPA2 ,0.000000,0.000000,0.000,0.000,AP
2026-05-15 07:20:51,1900-01-00 00:00:00,,9C:2F:9D:82:20:A3,-19,,0.000000,0.000000,0.000,0.000,Client
2026-05-15 07:20:51,1900-01-00 00:00:00,dlink-615_EXT,40:86:CB:27:D2:0C,-19, WPA2 ,0.000000,0.000000,0.000,0.000,AP
2026-05-15 07:20:51,1900-01-00 00:00:00,,9C:2F:9D:82:20:A3,-19,,0.000000,0.000000,0.000,0.000,Client
2026-05-15 07:20:51,1900-01-00 00:00:00,dlink-615_EXT,40:86:CB:27:D2:0C,-19, WPA2 ,0.000000,0.000000,0.000,0.000,AP
2026-05-15 07:20:51,1900-01-00 00:00:00,,9C:2F:9D:82:20:A3,-19,,0.000000,0.000000,0.000,0.000,Client
2026-05-15 07:20:51,1900-01-00 00:00:00,dlink-615_EXT,40:86:CB:27:D2:0C,-19, WPA2 ,0.000000,0.000000,0.000,0.000,AP
2026-05-15 07:20:51,1900-01-00 00:00:00,,9C:2F:9D:82:20:A3,-19,,0.000000,0.000000,0.000,0.000,Client
2026-05-15 07:20:51,1900-01-00 00:00:00,dlink-615_EXT,40:86:CB:27:D2:0C,-19, WPA2 ,0.000000,0.000000,0.000,0.000,AP
2026-05-15 07:20:51,1900-01-00 00:00:00,,9C:2F:9D:82:20:A3,-19,,0.000000,0.000000,0.000,0.000,Client
2026-05-15 07:20:51,1900-01-00 00:00:00,dlink-615_EXT,40:86:CB:27:D2:0C,-19, WPA2 ,0.000000,0.000000,0.000,0.000,AP
2026-05-15 07:20:51,1900-01-00 00:00:00,,9C:2F:9D:82:20:A3,-19,,0.000000,0.000000,0.000,0.000,Client
2026-05-15 07:20:51,1900-01-00 00:00:00,dlink-615_EXT,40:86:CB:27:D2:0C,-19, WPA2 ,0.000000,0.000000,0.000,0.000,AP
2026-05-15 07:20:51,1900-01-00 00:00:00,,9C:2F:9D:82:20:A3,-19,,0.000000,0.000000,0.000,0.000,Client
2026-05-15 07:20:51,1900-01-00 00:00:00,dlink-615_EXT,40:86:CB:27:D2:0C,-19, WPA2 ,0.000000,0.000000,0.000,0.000,AP
2026-05-15 07:20:51,1900-01-00 00:00:00,,9C:2F:9D:82:20:A3,-19,,0.000000,0.000000,0.000,0.000,Client
2026-05-15 07:20:51,1900-01-00 00:00:00,dlink-615_EXT,40:86:CB:27:D2:0C,-19, WPA2 ,0.000000,0.000000,0.000,0.000,AP
2026-05-15 07:20:51,1900-01-00 00:00:00,,9C:2F:9D:82:20:A3,-19,,0.000000,0.000000,0.000,0.000,Client
2026-05-15 07:20:51,1900-01-00 00:00:00,dlink-615_EXT,40:86:CB:27:D2:0C,-19, WPA2 ,0.000000,0.000000,0.000,0.000,AP
2026-05-15 07:20:51,1900-01-00 00:00:00,,9C:2F:9D:82:20:A3,-19,,0.000000,0.000000,0.000,0.000,Client
2026-05-15 07:20:51,1900-01-00 00:00:00,dlink-615_EXT,40:86:CB:27:D2:0C,-19, WPA2 ,0.000000,0.000000,0.000,0.000,AP
2026-05-15 07:20:51,1900-01-00 00:00:00,,9C:2F:9D:82:20:A3,-19,,0.000000,0.000000,0.000,0.000,Client
2026-05-15 07:20:51,1900-01-00 00:00:00,dlink-615_EXT,40:86:CB:27:D2:0C,-19, WPA2 ,0.000000,0.000000,0.000,0.000,AP
2026-05-15 07:20:51,1900-01-00 00:00:00,,9C:2F:9D:82:20:A3,-19,,0.000000,0.000000,0.000,0.000,Client
2026-05-15 07:20:51,1900-01-00 00:00:00,dlink-615_EXT,40:86:CB:27:D2:0C,-19, WPA2 ,0.000000,0.000000,0.000,0.000,AP
2026-05-15 07:20:51,1900-01-00 00:00:00,,9C:2F:9D:82:20:A3,-19,,0.000000,0.000000,0.000,0.000,Client
2026-05-15 07:20:51,1900-01-00 00:00:00,dlink-615_EXT,40:86:CB:27:D2:0C,-19, WPA2 ,0.000000,0.000000,0.000,0.000,AP
2026-05-15 07:20:51,1900-01-00 00:00:00,,9C:2F:9D:82:20:A3,-19,,0.000000,0.000000,0.000,0.000,Client
2026-05-15 07:20:51,1900-01-00 00:00:00,dlink-615_EXT,40:86:CB:27:D2:0C,-19, WPA2 ,0.000000,0.000000,0.000,0.000,AP
2026-05-15 07:20:51,1900-01-00 00:00:00,,9C:2F:9D:82:20:A3,-19,,0.000000,0.000000,0.000,0.000,Client
2026-05-15 07:20:51,1900-01-00 00:00:00,dlink-615_EXT,40:86:CB:27:D2:0C,-19, WPA2 ,0.000000,0.000000,0.000,0.000,AP
2026-05-15 07:20:51,1900-01-00 00:00:00,,9C:2F:9D:82:20:A3,-19,,0.000000,0.000000,0.000,0.000,Client
2026-05-15 07:20:51,1900-01-00 00:00:00,dlink-615_EXT,40:86:CB:27:D2:0C,-19, WPA2 ,0.000000,0.000000,0.000,0.000,AP
2026-05-15 07:20:51,1900-01-00 00:00:00,,9C:2F:9D:82:20:A3,-19,,0.000000,0.000000,0.000,0.000,Client
2026-05-15 07:20:51,1900-01-00 00:00:00,dlink-615_EXT,40:86:CB:27:D2:0C,-19, WPA2 ,0.000000,0.000000,0.000,0.000,AP
2026-05-15 07:20:51,1900-01-00 00:00:00,,9C:2F:9D:82:20:A3,-19,,0.000000,0.000000,0.000,0.000,Client
2026-05-15 07:20:51,1900-01-00 00:00:00,dlink-615_EXT,40:86:CB:27:D2:0C,-19, WPA2 ,0.000000,0.000000,0.000,0.000,AP
2026-05-15 07:20:51,1900-01-00 00:00:00,,9C:2F:9D:82:20:A3,-19,,0.000000,0.000000,0.000,0.000,Client
2026-05-15 07:20:51,1900-01-00 00:00:00,dlink-615_EXT,40:86:CB:27:D2:0C,-19, WPA2 ,0.000000,0.000000,0.000,0.000,AP
2026-05-15 07:20:52,1900-01-00 00:00:00,,9C:2F:9D:82:20:A3,-19,,0.000000,0.000000,0.000,0.000,Client
2026-05-15 07:20:52,1900-01-00 00:00:00,dlink-615_EXT,40:86:CB:27:D2:0C,-19, WPA2 ,0.000000,0.000000,0.000,0.000,AP
2026-05-15 07:20:52,1900-01-00 00:00:00,,9C:2F:9D:82:20:A3,-19,,0.000000,0.000000,0.000,0.000,Client
2026-05-15 07:20:52,1900-01-00 00:00:00,dlink-615_EXT,40:86:CB:27:D2:0C,-19, WPA2 ,0.000000,0.000000,0.000,0.000,AP
2026-05-15 07:20:52,1900-01-00 00:00:00,,9C:2F:9D:82:20:A3,-19,,0.000000,0.000000,0.000,0.000,Client
2026-05-15 07:20:52,1900-01-00 00:00:00,dlink-615_EXT,40:86:CB:27:D2:0C,-19, WPA2 ,0.000000,0.000000,0.000,0.000,AP
2026-05-15 07:20:52,1900-01-00 00:00:00,,9C:2F:9D:82:20:A3,-19,,0.000000,0.000000,0.000,0.000,Client
2026-05-15 07:20:52,1900-01-00 00:00:00,dlink-615_EXT,40:86:CB:27:D2:0C,-19, WPA2 ,0.000000,0.000000,0.000,0.000,AP
2026-05-15 07:20:52,1900-01-00 00:00:00,,9C:2F:9D:82:20:A3,-19,,0.000000,0.000000,0.000,0.000,Client
2026-05-15 07:20:52,1900-01-00 00:00:00,dlink-615_EXT,40:86:CB:27:D2:0C,-17, WPA2 ,0.000000,0.000000,0.000,0.000,AP
2026-05-15 07:20:52,1900-01-00 00:00:00,,9C:2F:9D:82:20:A3,-17,,0.000000,0.000000,0.000,0.000,Client
2026-05-15 07:20:52,1900-01-00 00:00:00,dlink-615_EXT,40:86:CB:27:D2:0C,-17, WPA2 ,0.000000,0.000000,0.000,0.000,AP
2026-05-15 07:20:52,1900-01-00 00:00:00,,9C:2F:9D:82:20:A3,-17,,0.000000,0.000000,0.000,0.000,Client
2026-05-15 07:20:52,1900-01-00 00:00:00,dlink-615_EXT,40:86:CB:27:D2:0C,-17, WPA2 ,0.000000,0.000000,0.000,0.000,AP
2026-05-15 07:20:52,1900-01-00 00:00:00,,9C:2F:9D:82:20:A3,-17,,0.000000,0.000000,0.000,0.000,Client
2026-05-15 07:20:52,1900-01-00 00:00:00,dlink-615_EXT,40:86:CB:27:D2:0C,-17, WPA2 ,0.000000,0.000000,0.000,0.000,AP
2026-05-15 07:20:52,1900-01-00 00:00:00,,9C:2F:9D:82:20:A3,-17,,0.000000,0.000000,0.000,0.000,Client
2026-05-15 07:20:52,1900-01-00 00:00:00,dlink-615_EXT,40:86:CB:27:D2:0C,-17, WPA2 ,0.000000,0.000000,0.000,0.000,AP
2026-05-15 07:20:52,1900-01-00 00:00:00,,9C:2F:9D:82:20:A3,-17,,0.000000,0.000000,0.000,0.000,Client
2026-05-15 07:20:52,1900-01-00 00:00:00,dlink-615_EXT,40:86:CB:27:D2:0C,-17, WPA2 ,0.000000,0.000000,0.000,0.000,AP
2026-05-15 07:20:52,1900-01-00 00:00:00,,9C:2F:9D:82:20:A3,-17,,0.000000,0.000000,0.000,0.000,Client
2026-05-15 07:20:52,1900-01-00 00:00:00,dlink-615_EXT,40:86:CB:27:D2:0C,-17, WPA2 ,0.000000,0.000000,0.000,0.000,AP
2026-05-15 07:20:52,1900-01-00 00:00:00,,9C:2F:9D:82:20:A3,-17,,0.000000,0.000000,0.000,0.000,Client
2026-05-15 07:20:52,1900-01-00 00:00:00,dlink-615_EXT,40:86:CB:27:D2:0C,-17, WPA2 ,0.000000,0.000000,0.000,0.000,AP
2026-05-15 07:20:52,1900-01-00 00:00:00,,9C:2F:9D:82:20:A3,-17,,0.000000,0.000000,0.000,0.000,Client
2026-05-15 07:20:52,1900-01-00 00:00:00,dlink-615_EXT,40:86:CB:27:D2:0C,-17, WPA2 ,0.000000,0.000000,0.000,0.000,AP
2026-05-15 07:20:52,1900-01-00 00:00:00,,9C:2F:9D:82:20:A3,-17,,0.000000,0.000000,0.000,0.000,Client
2026-05-15 07:20:52,1900-01-00 00:00:00,dlink-615_EXT,40:86:CB:27:D2:0C,-17, WPA2 ,0.000000,0.000000,0.000,0.000,AP
2026-05-15 07:20:52,1900-01-00 00:00:00,,9C:2F:9D:82:20:A3,-17,,0.000000,0.000000,0.000,0.000,Client
2026-05-15 07:20:52,1900-01-00 00:00:00,dlink-615_EXT,40:86:CB:27:D2:0C,-19, WPA2 ,0.000000,0.000000,0.000,0.000,AP
2026-05-15 07:20:52,1900-01-00 00:00:00,,9C:2F:9D:82:20:A3,-19,,0.000000,0.000000,0.000,0.000,Client
2026-05-15 07:20:52,1900-01-00 00:00:00,dlink-615_EXT,40:86:CB:27:D2:0C,-19, WPA2 ,0.000000,0.000000,0.000,0.000,AP
2026-05-15 07:20:52,1900-01-00 00:00:00,,9C:2F:9D:82:20:A3,-19,,0.000000,0.000000,0.000,0.000,Client
2026-05-15 07:20:52,1900-01-00 00:00:00,dlink-615_EXT,40:86:CB:27:D2:0C,-19, WPA2 ,0.000000,0.000000,0.000,0.000,AP
2026-05-15 07:20:52,1900-01-00 00:00:00,,9C:2F:9D:82:20:A3,-19,,0.000000,0.000000,0.000,0.000,Client
2026-05-15 07:20:52,1900-01-00 00:00:00,dlink-615_EXT,40:86:CB:27:D2:0C,-19, WPA2 ,0.000000,0.000000,0.000,0.000,AP
2026-05-15 07:20:52,1900-01-00 00:00:00,,9C:2F:9D:82:20:A3,-19,,0.000000,0.000000,0.000,0.000,Client
2026-05-15 07:20:52,1900-01-00 00:00:00,dlink-615_EXT,40:86:CB:27:D2:0C,-17, WPA2 ,0.000000,0.000000,0.000,0.000,AP
2026-05-15 07:20:52,1900-01-00 00:00:00,,9C:2F:9D:82:20:A3,-17,,0.000000,0.000000,0.000,0.000,Client
2026-05-15 07:20:52,1900-01-00 00:00:00,dlink-615_EXT,40:86:CB:27:D2:0C,-19, WPA2 ,0.000000,0.000000,0.000,0.000,AP
2026-05-15 07:20:52,1900-01-00 00:00:00,,9C:2F:9D:82:20:A3,-19,,0.000000,0.000000,0.000,0.000,Client
2026-05-15 07:20:52,1900-01-00 00:00:00,dlink-615_EXT,40:86:CB:27:D2:0C,-19, WPA2 ,0.000000,0.000000,0.000,0.000,AP
2026-05-15 07:20:52,1900-01-00 00:00:00,,9C:2F:9D:82:20:A3,-19,,0.000000,0.000000,0.000,0.000,Client
2026-05-15 07:20:52,1900-01-00 00:00:00,dlink-615_EXT,40:86:CB:27:D2:0C,-19, WPA2 ,0.000000,0.000000,0.000,0.000,AP
2026-05-15 07:20:52,1900-01-00 00:00:00,,9C:2F:9D:82:20:A3,-19,,0.000000,0.000000,0.000,0.000,Client
2026-05-15 07:20:52,1900-01-00 00:00:00,dlink-615_EXT,40:86:CB:27:D2:0C,-17, WPA2 ,0.000000,0.000000,0.000,0.000,AP
2026-05-15 07:20:52,1900-01-00 00:00:00,,9C:2F:9D:82:20:A3,-17,,0.000000,0.000000,0.000,0.000,Client
2026-05-15 07:20:52,1900-01-00 00:00:00,dlink-615_EXT,40:86:CB:27:D2:0C,-17, WPA2 ,0.000000,0.000000,0.000,0.000,AP
2026-05-15 07:20:52,1900-01-00 00:00:00,,9C:2F:9D:82:20:A3,-17,,0.000000,0.000000,0.000,0.000,Client
2026-05-15 07:20:52,1900-01-00 00:00:00,dlink-615_EXT,40:86:CB:27:D2:0C,-17, WPA2 ,0.000000,0.000000,0.000,0.000,AP
2026-05-15 07:20:52,1900-01-00 00:00:00,,9C:2F:9D:82:20:A3,-17,,0.000000,0.000000,0.000,0.000,Client
2026-05-15 07:20:52,1900-01-00 00:00:00,dlink-615_EXT,40:86:CB:27:D2:0C,-17, WPA2 ,0.000000,0.000000,0.000,0.000,AP
2026-05-15 07:20:52,1900-01-00 00:00:00,,9C:2F:9D:82:20:A3,-17,,0.000000,0.000000,0.000,0.000,Client
2026-05-15 07:20:52,1900-01-00 00:00:00,dlink-615_EXT,40:86:CB:27:D2:0C,-17, WPA2 ,0.000000,0.000000,0.000,0.000,AP
2026-05-15 07:20:52,1900-01-00 00:00:00,,9C:2F:9D:82:20:A3,-17,,0.000000,0.000000,0.000,0.000,Client
2026-05-15 07:20:52,1900-01-00 00:00:00,dlink-615_EXT,40:86:CB:27:D2:0C,-17, WPA2 ,0.000000,0.000000,0.000,0.000,AP
2026-05-15 07:20:52,1900-01-00 00:00:00,,9C:2F:9D:82:20:A3,-17,,0.000000,0.000000,0.000,0.000,Client
2026-05-15 07:20:52,1900-01-00 00:00:00,dlink-615_EXT,40:86:CB:27:D2:0C,-17, WPA2 ,0.000000,0.000000,0.000,0.000,AP
2026-05-15 07:20:52,1900-01-00 00:00:00,,9C:2F:9D:82:20:A3,-17,,0.000000,0.000000,0.000,0.000,Client
2026-05-15 07:20:52,1900-01-00 00:00:00,dlink-615_EXT,40:86:CB:27:D2:0C,-17, WPA2 ,0.000000,0.000000,0.000,0.000,AP
2026-05-15 07:20:52,1900-01-00 00:00:00,,9C:2F:9D:82:20:A3,-17,,0.000000,0.000000,0.000,0.000,Client
2026-05-15 07:20:52,1900-01-00 00:00:00,dlink-615_EXT,40:86:CB:27:D2:0C,-17, WPA2 ,0.000000,0.000000,0.000,0.000,AP
2026-05-15 07:20:52,1900-01-00 00:00:00,,9C:2F:9D:82:20:A3,-17,,0.000000,0.000000,0.000,0.000,Client
2026-05-15 07:20:52,1900-01-00 00:00:00,dlink-615_EXT,40:86:CB:27:D2:0C,-17, WPA2 ,0.000000,0.000000,0.000,0.000,AP
2026-05-15 07:20:52,1900-01-00 00:00:00,,9C:2F:9D:82:20:A3,-17,,0.000000,0.000000,0.000,0.000,Client
2026-05-15 07:20:52,1900-01-00 00:00:00,dlink-615_EXT,40:86:CB:27:D2:0C,-17, WPA2 ,0.000000,0.000000,0.000,0.000,AP
2026-05-15 07:20:52,1900-01-00 00:00:00,,9C:2F:9D:82:20:A3,-17,,0.000000,0.000000,0.000,0.000,Client
2026-05-15 07:20:52,1900-01-00 00:00:00,dlink-615_EXT,40:86:CB:27:D2:0C,-17, WPA2 ,0.000000,0.000000,0.000,0.000,AP
2026-05-15 07:20:52,1900-01-00 00:00:00,,9C:2F:9D:82:20:A3,-17,,0.000000,0.000000,0.000,0.000,Client
2026-05-15 07:20:52,1900-01-00 00:00:00,dlink-615_EXT,40:86:CB:27:D2:0C,-17, WPA2 ,0.000000,0.000000,0.000,0.000,AP
2026-05-15 07:20:52,1900-01-00 00:00:00,,9C:2F:9D:82:20:A3,-17,,0.000000,0.000000,0.000,0.000,Client
2026-05-15 07:20:52,1900-01-00 00:00:00,dlink-615_EXT,40:86:CB:27:D2:0C,-17, WPA2 ,0.000000,0.000000,0.000,0.000,AP
2026-05-15 07:20:52,1900-01-00 00:00:00,,9C:2F:9D:82:20:A3,-17,,0.000000,0.000000,0.000,0.000,Client
2026-05-15 07:20:52,1900-01-00 00:00:00,dlink-615_EXT,40:86:CB:27:D2:0C,-17, WPA2 ,0.000000,0.000000,0.000,0.000,AP
2026-05-15 07:20:52,1900-01-00 00:00:00,,9C:2F:9D:82:20:A3,-17,,0.000000,0.000000,0.000,0.000,Client
2026-05-15 07:20:52,1900-01-00 00:00:00,dlink-615_EXT,40:86:CB:27:D2:0C,-17, WPA2 ,0.000000,0.000000,0.000,0.000,AP
2026-05-15 07:20:52,1900-01-00 00:00:00,,9C:2F:9D:82:20:A3,-17,,0.000000,0.000000,0.000,0.000,Client
2026-05-15 07:20:52,1900-01-00 00:00:00,dlink-615_EXT,40:86:CB:27:D2:0C,-17, WPA2 ,0.000000,0.000000,0.000,0.000,AP
2026-05-15 07:20:52,1900-01-00 00:00:00,,9C:2F:9D:82:20:A3,-17,,0.000000,0.000000,0.000,0.000,Client
2026-05-15 07:20:52,1900-01-00 00:00:00,dlink-615_EXT,40:86:CB:27:D2:0C,-17, WPA2 ,0.000000,0.000000,0.000,0.000,AP
2026-05-15 07:20:52,1900-01-00 00:00:00,,9C:2F:9D:82:20:A3,-17,,0.000000,0.000000,0.000,0.000,Client
2026-05-15 07:20:52,1900-01-00 00:00:00,dlink-615_EXT,40:86:CB:27:D2:0C,-17, WPA2 ,0.000000,0.000000,0.000,0.000,AP
2026-05-15 07:20:52,1900-01-00 00:00:00,,9C:2F:9D:82:20:A3,-17,,0.000000,0.000000,0.000,0.000,Client
2026-05-15 07:20:52,1900-01-00 00:00:00,dlink-615_EXT,40:86:CB:27:D2:0C,-17, WPA2 ,0.000000,0.000000,0.000,0.000,AP
2026-05-15 07:20:52,1900-01-00 00:00:00,,9C:2F:9D:82:20:A3,-17,,0.000000,0.000000,0.000,0.000,Client
2026-05-15 07:20:52,1900-01-00 00:00:00,dlink-615_EXT,40:86:CB:27:D2:0C,-17, WPA2 ,0.000000,0.000000,0.000,0.000,AP
2026-05-15 07:20:52,1900-01-00 00:00:00,,9C:2F:9D:82:20:A3,-17,,0.000000,0.000000,0.000,0.000,Client
2026-05-15 07:20:52,1900-01-00 00:00:00,dlink-615_EXT,40:86:CB:27:D2:0C,-17, WPA2 ,0.000000,0.000000,0.000,0.000,AP
2026-05-15 07:20:52,1900-01-00 00:00:00,,9C:2F:9D:82:20:A3,-17,,0.000000,0.000000,0.000,0.000,Client
2026-05-15 07:20:52,1900-01-00 00:00:00,dlink-615_EXT,40:86:CB:27:D2:0C,-17, WPA2 ,0.000000,0.000000,0.000,0.000,AP
2026-05-15 07:20:52,1900-01-00 00:00:00,,9C:2F:9D:82:20:A3,-17,,0.000000,0.000000,0.000,0.000,Client
2026-05-15 07:20:52,1900-01-00 00:00:00,dlink-615_EXT,40:86:CB:27:D2:0C,-17, WPA2 ,0.000000,0.000000,0.000,0.000,AP
2026-05-15 07:20:52,1900-01-00 00:00:00,,9C:2F:9D:82:20:A3,-17,,0.000000,0.000000,0.000,0.000,Client
2026-05-15 07:20:52,1900-01-00 00:00:00,dlink-615_EXT,40:86:CB:27:D2:0C,-17, WPA2 ,0.000000,0.000000,0.000,0.000,AP
2026-05-15 07:20:52,1900-01-00 00:00:00,,9C:2F:9D:82:20:A3,-17,,0.000000,0.000000,0.000,0.000,Client
2026-05-15 07:20:52,1900-01-00 00:00:00,dlink-615_EXT,40:86:CB:27:D2:0C,-17, WPA2 ,0.000000,0.000000,0.000,0.000,AP
2026-05-15 07:20:52,1900-01-00 00:00:00,,9C:2F:9D:82:20:A3,-17,,0.000000,0.000000,0.000,0.000,Client
2026-05-15 07:20:52,1900-01-00 00:00:00,dlink-615_EXT,40:86:CB:27:D2:0C,-17, WPA2 ,0.000000,0.000000,0.000,0.000,AP
2026-05-15 07:20:52,1900-01-00 00:00:00,,9C:2F:9D:82:20:A3,-17,,0.000000,0.000000,0.000,0.000,Client
2026-05-15 07:20:52,1900-01-00 00:00:00,dlink-615_EXT,40:86:CB:27:D2:0C,-17, WPA2 ,0.000000,0.000000,0.000,0.000,AP
2026-05-15 07:20:52,1900-01-00 00:00:00,,9C:2F:9D:82:20:A3,-17,,0.000000,0.000000,0.000,0.000,Client
2026-05-15 07:20:52,1900-01-00 00:00:00,dlink-615_EXT,40:86:CB:27:D2:0C,-17, WPA2 ,0.000000,0.000000,0.000,0.000,AP
2026-05-15 07:20:52,1900-01-00 00:00:00,,9C:2F:9D:82:20:A3,-17,,0.000000,0.000000,0.000,0.000,Client
2026-05-15 07:20:52,1900-01-00 00:00:00,dlink-615_EXT,40:86:CB:27:D2:0C,-17, WPA2 ,0.000000,0.000000,0.000,0.000,AP
2026-05-15 07:20:52,1900-01-00 00:00:00,,9C:2F:9D:82:20:A3,-17,,0.000000,0.000000,0.000,0.000,Client
2026-05-15 07:20:52,1900-01-00 00:00:00,dlink-615_EXT,40:86:CB:27:D2:0C,-17, WPA2 ,0.000000,0.000000,0.000,0.000,AP
2026-05-15 07:20:52,1900-01-00 00:00:00,,9C:2F:9D:82:20:A3,-17,,0.000000,0.000000,0.000,0.000,Client
2026-05-15 07:20:52,1900-01-00 00:00:00,dlink-615_EXT,40:86:CB:27:D2:0C,-17, WPA2 ,0.000000,0.000000,0.000,0.000,AP
2026-05-15 07:20:52,1900-01-00 00:00:00,,9C:2F:9D:82:20:A3,-17,,0.000000,0.000000,0.000,0.000,Client
2026-05-15 07:20:52,1900-01-00 00:00:00,dlink-615_EXT,40:86:CB:27:D2:0C,-17, WPA2 ,0.000000,0.000000,0.000,0.000,AP
2026-05-15 07:20:52,1900-01-00 00:00:00,,9C:2F:9D:82:20:A3,-17,,0.000000,0.000000,0.000,0.000,Client
2026-05-15 07:20:52,1900-01-00 00:00:00,dlink-615_EXT,40:86:CB:27:D2:0C,-17, WPA2 ,0.000000,0.000000,0.000,0.000,AP
2026-05-15 07:20:52,1900-01-00 00:00:00,,9C:2F:9D:82:20:A3,-17,,0.000000,0.000000,0.000,0.000,Client
2026-05-15 07:20:52,1900-01-00 00:00:00,dlink-615_EXT,40:86:CB:27:D2:0C,-17, WPA2 ,0.000000,0.000000,0.000,0.000,AP
2026-05-15 07:20:52,1900-01-00 00:00:00,,9C:2F:9D:82:20:A3,-17,,0.000000,0.000000,0.000,0.000,Client
2026-05-15 07:20:52,1900-01-00 00:00:00,dlink-615_EXT,40:86:CB:27:D2:0C,-17, WPA2 ,0.000000,0.000000,0.000,0.000,AP
2026-05-15 07:20:52,1900-01-00 00:00:00,,9C:2F:9D:82:20:A3,-17,,0.000000,0.000000,0.000,0.000,Client
2026-05-15 07:20:52,1900-01-00 00:00:00,dlink-615_EXT,40:86:CB:27:D2:0C,-17, WPA2 ,0.000000,0.000000,0.000,0.000,AP
2026-05-15 07:20:52,1900-01-00 00:00:00,,9C:2F:9D:82:20:A3,-17,,0.000000,0.000000,0.000,0.000,Client
2026-05-15 07:20:52,1900-01-00 00:00:00,dlink-615_EXT,40:86:CB:27:D2:0C,-17, WPA2 ,0.000000,0.000000,0.000,0.000,AP
2026-05-15 07:20:52,1900-01-00 00:00:00,,9C:2F:9D:82:20:A3,-17,,0.000000,0.000000,0.000,0.000,Client
2026-05-15 07:20:52,1900-01-00 00:00:00,dlink-615_EXT,40:86:CB:27:D2:0C,-17, WPA2 ,0.000000,0.000000,0.000,0.000,AP
2026-05-15 07:20:52,1900-01-00 00:00:00,,9C:2F:9D:82:20:A3,-17,,0.000000,0.000000,0.000,0.000,Client
2026-05-15 07:20:52,1900-01-00 00:00:00,dlink-615_EXT,40:86:CB:27:D2:0C,-17, WPA2 ,0.000000,0.000000,0.000,0.000,AP
2026-05-15 07:20:52,1900-01-00 00:00:00,,9C:2F:9D:82:20:A3,-17,,0.000000,0.000000,0.000,0.000,Client
2026-05-15 07:20:52,1900-01-00 00:00:00,dlink-615_EXT,40:86:CB:27:D2:0C,-17, WPA2 ,0.000000,0.000000,0.000,0.000,AP
2026-05-15 07:20:52,1900-01-00 00:00:00,,9C:2F:9D:82:20:A3,-17,,0.000000,0.000000,0.000,0.000,Client
2026-05-15 07:20:52,1900-01-00 00:00:00,,9C:2F:9D:82:20:A3,-23,,0.000000,0.000000,0.000,0.000,Client
2026-05-15 07:20:52,1900-01-00 00:00:00,dlink-615_EXT,40:86:CB:27:D2:0C,-19, WPA2 ,0.000000,0.000000,0.000,0.000,AP
2026-05-15 07:20:52,1900-01-00 00:00:00,,9C:2F:9D:82:20:A3,-19,,0.000000,0.000000,0.000,0.000,Client
2026-05-15 07:20:52,1900-01-00 00:00:00,dlink-615_EXT,40:86:CB:27:D2:0C,-21, WPA2 ,0.000000,0.000000,0.000,0.000,AP
2026-05-15 07:20:52,1900-01-00 00:00:00,,9C:2F:9D:82:20:A3,-17,,0.000000,0.000000,0.000,0.000,Client
2026-05-15 07:20:52,1900-01-00 00:00:00,dlink-615_EXT,40:86:CB:27:D2:0C,-19, WPA2 ,0.000000,0.000000,0.000,0.000,AP
2026-05-15 07:20:52,1900-01-00 00:00:00,,9C:2F:9D:82:20:A3,-19,,0.000000,0.000000,0.000,0.000,Client
2026-05-15 07:20:52,1900-01-00 00:00:00,dlink-615_EXT,40:86:CB:27:D2:0C,-19, WPA2 ,0.000000,0.000000,0.000,0.000,AP
2026-05-15 07:20:52,1900-01-00 00:00:00,,9C:2F:9D:82:20:A3,-19,,0.000000,0.000000,0.000,0.000,Client
2026-05-15 07:20:52,1900-01-00 00:00:00,dlink-615_EXT,40:86:CB:27:D2:0C,-19, WPA2 ,0.000000,0.000000,0.000,0.000,AP
2026-05-15 07:20:52,1900-01-00 00:00:00,,9C:2F:9D:82:20:A3,-21,,0.000000,0.000000,0.000,0.000,Client
2026-05-15 07:20:52,1900-01-00 00:00:00,dlink-615_EXT,40:86:CB:27:D2:0C,-19, WPA2 ,0.000000,0.000000,0.000,0.000,AP
2026-05-15 07:20:52,1900-01-00 00:00:00,,9C:2F:9D:82:20:A3,-19,,0.000000,0.000000,0.000,0.000,Client
2026-05-15 07:20:52,1900-01-00 00:00:00,dlink-615_EXT,40:86:CB:27:D2:0C,-21, WPA2 ,0.000000,0.000000,0.000,0.000,AP
2026-05-15 07:20:52,1900-01-00 00:00:00,,9C:2F:9D:82:20:A3,-21,,0.000000,0.000000,0.000,0.000,Client
2026-05-15 07:20:52,1900-01-00 00:00:00,dlink-615_EXT,40:86:CB:27:D2:0C,-21, WPA2 ,0.000000,0.000000,0.000,0.000,AP
2026-05-15 07:20:52,1900-01-00 00:00:00,,9C:2F:9D:82:20:A3,-21,,0.000000,0.000000,0.000,0.000,Client
2026-05-15 07:20:52,1900-01-00 00:00:00,dlink-615_EXT,40:86:CB:27:D2:0C,-17, WPA2 ,0.000000,0.000000,0.000,0.000,AP
2026-05-15 07:20:52,1900-01-00 00:00:00,,9C:2F:9D:82:20:A3,-17,,0.000000,0.000000,0.000,0.000,Client
2026-05-15 07:20:52,1900-01-00 00:00:00,dlink-615_EXT,40:86:CB:27:D2:0C,-17, WPA2 ,0.000000,0.000000,0.000,0.000,AP
2026-05-15 07:20:52,1900-01-00 00:00:00,,9C:2F:9D:82:20:A3,-17,,0.000000,0.000000,0.000,0.000,Client
2026-05-15 07:20:52,1900-01-00 00:00:00,dlink-615_EXT,40:86:CB:27:D2:0C,-19, WPA2 ,0.000000,0.000000,0.000,0.000,AP
2026-05-15 07:20:52,1900-01-00 00:00:00,,9C:2F:9D:82:20:A3,-17,,0.000000,0.000000,0.000,0.000,Client
2026-05-15 07:20:52,1900-01-00 00:00:00,dlink-615_EXT,40:86:CB:27:D2:0C,-17, WPA2 ,0.000000,0.000000,0.000,0.000,AP
2026-05-15 07:20:52,1900-01-00 00:00:00,,9C:2F:9D:82:20:A3,-19,,0.000000,0.000000,0.000,0.000,Client
2026-05-15 07:20:52,1900-01-00 00:00:00,dlink-615_EXT,40:86:CB:27:D2:0C,-19, WPA2 ,0.000000,0.000000,0.000,0.000,AP
2026-05-15 07:20:52,1900-01-00 00:00:00,,9C:2F:9D:82:20:A3,-19,,0.000000,0.000000,0.000,0.000,Client
2026-05-15 07:20:52,1900-01-00 00:00:00,dlink-615_EXT,40:86:CB:27:D2:0C,-19, WPA2 ,0.000000,0.000000,0.000,0.000,AP
2026-05-15 07:20:52,1900-01-00 00:00:00,,9C:2F:9D:82:20:A3,-19,,0.000000,0.000000,0.000,0.000,Client
2026-05-15 07:20:52,1900-01-00 00:00:00,dlink-615_EXT,40:86:CB:27:D2:0C,-19, WPA2 ,0.000000,0.000000,0.000,0.000,AP
2026-05-15 07:20:52,1900-01-00 00:00:00,,9C:2F:9D:82:20:A3,-19,,0.000000,0.000000,0.000,0.000,Client
2026-05-15 07:20:52,1900-01-00 00:00:00,dlink-615_EXT,40:86:CB:27:D2:0C,-17, WPA2 ,0.000000,0.000000,0.000,0.000,AP
2026-05-15 07:20:52,1900-01-00 00:00:00,,9C:2F:9D:82:20:A3,-17,,0.000000,0.000000,0.000,0.000,Client
2026-05-15 07:20:52,1900-01-00 00:00:00,dlink-615_EXT,40:86:CB:27:D2:0C,-17, WPA2 ,0.000000,0.000000,0.000,0.000,AP
2026-05-15 07:20:52,1900-01-00 00:00:00,,9C:2F:9D:82:20:A3,-17,,0.000000,0.000000,0.000,0.000,Client
2026-05-15 07:20:52,1900-01-00 00:00:00,dlink-615_EXT,40:86:CB:27:D2:0C,-17, WPA2 ,0.000000,0.000000,0.000,0.000,AP
2026-05-15 07:20:52,1900-01-00 00:00:00,,9C:2F:9D:82:20:A3,-17,,0.000000,0.000000,0.000,0.000,Client
2026-05-15 07:20:52,1900-01-00 00:00:00,dlink-615_EXT,40:86:CB:27:D2:0C,-17, WPA2 ,0.000000,0.000000,0.000,0.000,AP
2026-05-15 07:20:52,1900-01-00 00:00:00,,9C:2F:9D:82:20:A3,-17,,0.000000,0.000000,0.000,0.000,Client
2026-05-15 07:20:52,1900-01-00 00:00:00,dlink-615_EXT,40:86:CB:27:D2:0C,-21, WPA2 ,0.000000,0.000000,0.000,0.000,AP
2026-05-15 07:20:52,1900-01-00 00:00:00,,9C:2F:9D:82:20:A3,-21,,0.000000,0.000000,0.000,0.000,Client
2026-05-15 07:20:52,1900-01-00 00:00:00,,9C:2F:9D:82:20:A3,-21,,0.000000,0.000000,0.000,0.000,Client
2026-05-15 07:20:52,1900-01-00 00:00:00,dlink-615_EXT,40:86:CB:27:D2:0C,-19, WPA2 ,0.000000,0.000000,0.000,0.000,AP
2026-05-15 07:20:52,1900-01-00 00:00:00,dlink-615_EXT,40:86:CB:27:D2:0C,-21, WPA2 ,0.000000,0.000000,0.000,0.000,AP
2026-05-15 07:20:52,1900-01-00 00:00:00,,9C:2F:9D:82:20:A3,-21,,0.000000,0.000000,0.000,0.000,Client
2026-05-15 07:20:52,1900-01-00 00:00:00,dlink-615_EXT,40:86:CB:27:D2:0C,-19, WPA2 ,0.000000,0.000000,0.000,0.000,AP
2026-05-15 07:20:52,1900-01-00 00:00:00,,9C:2F:9D:82:20:A3,-19,,0.000000,0.000000,0.000,0.000,Client
2026-05-15 07:20:52,1900-01-00 00:00:00,dlink-615_EXT,40:86:CB:27:D2:0C,-19, WPA2 ,0.000000,0.000000,0.000,0.000,AP
2026-05-15 07:20:52,1900-01-00 00:00:00,,9C:2F:9D:82:20:A3,-19,,0.000000,0.000000,0.000,0.000,Client
2026-05-15 07:20:52,1900-01-00 00:00:00,dlink-615_EXT,40:86:CB:27:D2:0C,-19, WPA2 ,0.000000,0.000000,0.000,0.000,AP
2026-05-15 07:20:52,1900-01-00 00:00:00,,9C:2F:9D:82:20:A3,-19,,0.000000,0.000000,0.000,0.000,Client
2026-05-15 07:20:52,1900-01-00 00:00:00,dlink-615_EXT,40:86:CB:27:D2:0C,-19, WPA2 ,0.000000,0.000000,0.000,0.000,AP
2026-05-15 07:20:52,1900-01-00 00:00:00,,9C:2F:9D:82:20:A3,-19,,0.000000,0.000000,0.000,0.000,Client
2026-05-15 07:20:52,1900-01-00 00:00:00,dlink-615_EXT,40:86:CB:27:D2:0C,-19, WPA2 ,0.000000,0.000000,0.000,0.000,AP
2026-05-15 07:20:52,1900-01-00 00:00:00,,9C:2F:9D:82:20:A3,-19,,0.000000,0.000000,0.000,0.000,Client
2026-05-15 07:20:52,1900-01-00 00:00:00,dlink-615_EXT,40:86:CB:27:D2:0C,-19, WPA2 ,0.000000,0.000000,0.000,0.000,AP
2026-05-15 07:20:52,1900-01-00 00:00:00,,9C:2F:9D:82:20:A3,-19,,0.000000,0.000000,0.000,0.000,Client
2026-05-15 07:20:52,1900-01-00 00:00:00,dlink-615_EXT,40:86:CB:27:D2:0C,-19, WPA2 ,0.000000,0.000000,0.000,0.000,AP
2026-05-15 07:20:52,1900-01-00 00:00:00,,9C:2F:9D:82:20:A3,-19,,0.000000,0.000000,0.000,0.000,Client
2026-05-15 07:20:52,1900-01-00 00:00:00,dlink-615_EXT,40:86:CB:27:D2:0C,-19, WPA2 ,0.000000,0.000000,0.000,0.000,AP
2026-05-15 07:20:52,1900-01-00 00:00:00,,9C:2F:9D:82:20:A3,-19,,0.000000,0.000000,0.000,0.000,Client
2026-05-15 07:20:52,1900-01-00 00:00:00,dlink-615_EXT,40:86:CB:27:D2:0C,-19, WPA2 ,0.000000,0.000000,0.000,0.000,AP
2026-05-15 07:20:52,1900-01-00 00:00:00,,9C:2F:9D:82:20:A3,-19,,0.000000,0.000000,0.000,0.000,Client
2026-05-15 07:20:52,1900-01-00 00:00:00,dlink-615_EXT,40:86:CB:27:D2:0C,-19, WPA2 ,0.000000,0.000000,0.000,0.000,AP
2026-05-15 07:20:52,1900-01-00 00:00:00,,9C:2F:9D:82:20:A3,-19,,0.000000,0.000000,0.000,0.000,Client
2026-05-15 07:20:52,1900-01-00 00:00:00,dlink-615_EXT,40:86:CB:27:D2:0C,-19, WPA2 ,0.000000,0.000000,0.000,0.000,AP
2026-05-15 07:20:52,1900-01-00 00:00:00,,9C:2F:9D:82:20:A3,-19,,0.000000,0.000000,0.000,0.000,Client
2026-05-15 07:20:52,1900-01-00 00:00:00,dlink-615_EXT,40:86:CB:27:D2:0C,-19, WPA2 ,0.000000,0.000000,0.000,0.000,AP
2026-05-15 07:20:52,1900-01-00 00:00:00,,9C:2F:9D:82:20:A3,-19,,0.000000,0.000000,0.000,0.000,Client
2026-05-15 07:20:52,1900-01-00 00:00:00,dlink-615_EXT,40:86:CB:27:D2:0C,-19, WPA2 ,0.000000,0.000000,0.000,0.000,AP
2026-05-15 07:20:52,1900-01-00 00:00:00,,9C:2F:9D:82:20:A3,-19,,0.000000,0.000000,0.000,0.000,Client
2026-05-15 07:20:52,1900-01-00 00:00:00,dlink-615_EXT,40:86:CB:27:D2:0C,-19, WPA2 ,0.000000,0.000000,0.000,0.000,AP
2026-05-15 07:20:52,1900-01-00 00:00:00,,9C:2F:9D:82:20:A3,-19,,0.000000,0.000000,0.000,0.000,Client
2026-05-15 07:20:52,1900-01-00 00:00:00,dlink-615_EXT,40:86:CB:27:D2:0C,-19, WPA2 ,0.000000,0.000000,0.000,0.000,AP
2026-05-15 07:20:52,1900-01-00 00:00:00,,9C:2F:9D:82:20:A3,-19,,0.000000,0.000000,0.000,0.000,Client
2026-05-15 07:20:52,1900-01-00 00:00:00,dlink-615_EXT,40:86:CB:27:D2:0C,-19, WPA2 ,0.000000,0.000000,0.000,0.000,AP
2026-05-15 07:20:52,1900-01-00 00:00:00,,9C:2F:9D:82:20:A3,-19,,0.000000,0.000000,0.000,0.000,Client
2026-05-15 07:20:52,1900-01-00 00:00:00,dlink-615_EXT,40:86:CB:27:D2:0C,-19, WPA2 ,0.000000,0.000000,0.000,0.000,AP
2026-05-15 07:20:52,1900-01-00 00:00:00,,9C:2F:9D:82:20:A3,-19,,0.000000,0.000000,0.000,0.000,Client
2026-05-15 07:20:52,1900-01-00 00:00:00,dlink-615_EXT,40:86:CB:27:D2:0C,-19, WPA2 ,0.000000,0.000000,0.000,0.000,AP
2026-05-15 07:20:52,1900-01-00 00:00:00,,9C:2F:9D:82:20:A3,-19,,0.000000,0.000000,0.000,0.000,Client
2026-05-15 07:20:52,1900-01-00 00:00:00,dlink-615_EXT,40:86:CB:27:D2:0C,-19, WPA2 ,0.000000,0.000000,0.000,0.000,AP
2026-05-15 07:20:52,1900-01-00 00:00:00,,9C:2F:9D:82:20:A3,-19,,0.000000,0.000000,0.000,0.000,Client
2026-05-15 07:20:52,1900-01-00 00:00:00,dlink-615_EXT,40:86:CB:27:D2:0C,-19, WPA2 ,0.000000,0.000000,0.000,0.000,AP
2026-05-15 07:20:52,1900-01-00 00:00:00,,9C:2F:9D:82:20:A3,-19,,0.000000,0.000000,0.000,0.000,Client
2026-05-15 07:20:52,1900-01-00 00:00:00,dlink-615_EXT,40:86:CB:27:D2:0C,-19, WPA2 ,0.000000,0.000000,0.000,0.000,AP
2026-05-15 07:20:52,1900-01-00 00:00:00,,9C:2F:9D:82:20:A3,-19,,0.000000,0.000000,0.000,0.000,Client
2026-05-15 07:20:52,1900-01-00 00:00:00,dlink-615_EXT,40:86:CB:27:D2:0C,-19, WPA2 ,0.000000,0.000000,0.000,0.000,AP
2026-05-15 07:20:52,1900-01-00 00:00:00,,9C:2F:9D:82:20:A3,-19,,0.000000,0.000000,0.000,0.000,Client
2026-05-15 07:20:52,1900-01-00 00:00:00,dlink-615_EXT,40:86:CB:27:D2:0C,-19, WPA2 ,0.000000,0.000000,0.000,0.000,AP
2026-05-15 07:20:52,1900-01-00 00:00:00,,9C:2F:9D:82:20:A3,-19,,0.000000,0.000000,0.000,0.000,Client
2026-05-15 07:20:52,1900-01-00 00:00:00,dlink-615_EXT,40:86:CB:27:D2:0C,-19, WPA2 ,0.000000,0.000000,0.000,0.000,AP
2026-05-15 07:20:52,1900-01-00 00:00:00,,9C:2F:9D:82:20:A3,-19,,0.000000,0.000000,0.000,0.000,Client
2026-05-15 07:20:52,1900-01-00 00:00:00,dlink-615_EXT,40:86:CB:27:D2:0C,-19, WPA2 ,0.000000,0.000000,0.000,0.000,AP
2026-05-15 07:20:52,1900-01-00 00:00:00,,9C:2F:9D:82:20:A3,-19,,0.000000,0.000000,0.000,0.000,Client
2026-05-15 07:20:52,1900-01-00 00:00:00,dlink-615_EXT,40:86:CB:27:D2:0C,-19, WPA2 ,0.000000,0.000000,0.000,0.000,AP
2026-05-15 07:20:52,1900-01-00 00:00:00,,9C:2F:9D:82:20:A3,-19,,0.000000,0.000000,0.000,0.000,Client
2026-05-15 07:20:52,1900-01-00 00:00:00,dlink-615_EXT,40:86:CB:27:D2:0C,-19, WPA2 ,0.000000,0.000000,0.000,0.000,AP
2026-05-15 07:20:52,1900-01-00 00:00:00,,9C:2F:9D:82:20:A3,-19,,0.000000,0.000000,0.000,0.000,Client
2026-05-15 07:20:52,1900-01-00 00:00:00,dlink-615_EXT,40:86:CB:27:D2:0C,-19, WPA2 ,0.000000,0.000000,0.000,0.000,AP
2026-05-15 07:20:52,1900-01-00 00:00:00,,9C:2F:9D:82:20:A3,-19,,0.000000,0.000000,0.000,0.000,Client
2026-05-15 07:20:52,1900-01-00 00:00:00,dlink-615_EXT,40:86:CB:27:D2:0C,-19, WPA2 ,0.000000,0.000000,0.000,0.000,AP
2026-05-15 07:20:52,1900-01-00 00:00:00,,9C:2F:9D:82:20:A3,-19,,0.000000,0.000000,0.000,0.000,Client
2026-05-15 07:20:52,1900-01-00 00:00:00,dlink-615_EXT,40:86:CB:27:D2:0C,-19, WPA2 ,0.000000,0.000000,0.000,0.000,AP
2026-05-15 07:20:52,1900-01-00 00:00:00,,9C:2F:9D:82:20:A3,-19,,0.000000,0.000000,0.000,0.000,Client
2026-05-15 07:20:52,1900-01-00 00:00:00,dlink-615_EXT,40:86:CB:27:D2:0C,-19, WPA2 ,0.000000,0.000000,0.000,0.000,AP
2026-05-15 07:20:52,1900-01-00 00:00:00,,9C:2F:9D:82:20:A3,-19,,0.000000,0.000000,0.000,0.000,Client
2026-05-15 07:20:53,1900-01-00 00:00:00,dlink-615_EXT,40:86:CB:27:D2:0C,-19, WPA2 ,0.000000,0.000000,0.000,0.000,AP
2026-05-15 07:20:53,1900-01-00 00:00:00,,9C:2F:9D:82:20:A3,-19,,0.000000,0.000000,0.000,0.000,Client
2026-05-15 07:20:53,1900-01-00 00:00:00,dlink-615_EXT,40:86:CB:27:D2:0C,-19, WPA2 ,0.000000,0.000000,0.000,0.000,AP
2026-05-15 07:20:53,1900-01-00 00:00:00,,9C:2F:9D:82:20:A3,-19,,0.000000,0.000000,0.000,0.000,Client
2026-05-15 07:20:53,1900-01-00 00:00:00,dlink-615_EXT,40:86:CB:27:D2:0C,-19, WPA2 ,0.000000,0.000000,0.000,0.000,AP
2026-05-15 07:20:53,1900-01-00 00:00:00,,9C:2F:9D:82:20:A3,-19,,0.000000,0.000000,0.000,0.000,Client
2026-05-15 07:20:53,1900-01-00 00:00:00,dlink-615_EXT,40:86:CB:27:D2:0C,-19, WPA2 ,0.000000,0.000000,0.000,0.000,AP
2026-05-15 07:20:53,1900-01-00 00:00:00,,9C:2F:9D:82:20:A3,-19,,0.000000,0.000000,0.000,0.000,Client
2026-05-15 07:20:53,1900-01-00 00:00:00,dlink-615_EXT,40:86:CB:27:D2:0C,-19, WPA2 ,0.000000,0.000000,0.000,0.000,AP
2026-05-15 07:20:53,1900-01-00 00:00:00,,9C:2F:9D:82:20:A3,-21,,0.000000,0.000000,0.000,0.000,Client
2026-05-15 07:20:53,1900-01-00 00:00:00,dlink-615_EXT,40:86:CB:27:D2:0C,-19, WPA2 ,0.000000,0.000000,0.000,0.000,AP
2026-05-15 07:20:53,1900-01-00 00:00:00,,9C:2F:9D:82:20:A3,-19,,0.000000,0.000000,0.000,0.000,Client
2026-05-15 07:20:53,1900-01-00 00:00:00,dlink-615_EXT,40:86:CB:27:D2:0C,-19, WPA2 ,0.000000,0.000000,0.000,0.000,AP
2026-05-15 07:20:53,1900-01-00 00:00:00,,9C:2F:9D:82:20:A3,-21,,0.000000,0.000000,0.000,0.000,Client
2026-05-15 07:20:53,1900-01-00 00:00:00,dlink-615_EXT,40:86:CB:27:D2:0C,-21, WPA2 ,0.000000,0.000000,0.000,0.000,AP
2026-05-15 07:20:53,1900-01-00 00:00:00,,9C:2F:9D:82:20:A3,-17,,0.000000,0.000000,0.000,0.000,Client
2026-05-15 07:20:53,1900-01-00 00:00:00,dlink-615_EXT,40:86:CB:27:D2:0C,-19, WPA2 ,0.000000,0.000000,0.000,0.000,AP
2026-05-15 07:20:53,1900-01-00 00:00:00,,9C:2F:9D:82:20:A3,-19,,0.000000,0.000000,0.000,0.000,Client
2026-05-15 07:20:53,1900-01-00 00:00:00,dlink-615_EXT,40:86:CB:27:D2:0C,-19, WPA2 ,0.000000,0.000000,0.000,0.000,AP
2026-05-15 07:20:53,1900-01-00 00:00:00,,9C:2F:9D:82:20:A3,-19,,0.000000,0.000000,0.000,0.000,Client
2026-05-15 07:20:53,1900-01-00 00:00:00,dlink-615_EXT,40:86:CB:27:D2:0C,-19, WPA2 ,0.000000,0.000000,0.000,0.000,AP
2026-05-15 07:20:53,1900-01-00 00:00:00,,9C:2F:9D:82:20:A3,-21,,0.000000,0.000000,0.000,0.000,Client
2026-05-15 07:20:53,1900-01-00 00:00:00,dlink-615_EXT,40:86:CB:27:D2:0C,-21, WPA2 ,0.000000,0.000000,0.000,0.000,AP
2026-05-15 07:20:53,1900-01-00 00:00:00,,9C:2F:9D:82:20:A3,-19,,0.000000,0.000000,0.000,0.000,Client
2026-05-15 07:20:53,1900-01-00 00:00:00,dlink-615_EXT,40:86:CB:27:D2:0C,-19, WPA2 ,0.000000,0.000000,0.000,0.000,AP
2026-05-15 07:20:53,1900-01-00 00:00:00,,9C:2F:9D:82:20:A3,-19,,0.000000,0.000000,0.000,0.000,Client
2026-05-15 07:20:53,1900-01-00 00:00:00,dlink-615_EXT,40:86:CB:27:D2:0C,-19, WPA2 ,0.000000,0.000000,0.000,0.000,AP
2026-05-15 07:20:53,1900-01-00 00:00:00,,9C:2F:9D:82:20:A3,-19,,0.000000,0.000000,0.000,0.000,Client
2026-05-15 07:20:53,1900-01-00 00:00:00,dlink-615_EXT,40:86:CB:27:D2:0C,-19, WPA2 ,0.000000,0.000000,0.000,0.000,AP
2026-05-15 07:20:53,1900-01-00 00:00:00,,9C:2F:9D:82:20:A3,-19,,0.000000,0.000000,0.000,0.000,Client
2026-05-15 07:20:53,1900-01-00 00:00:00,dlink-615_EXT,40:86:CB:27:D2:0C,-19, WPA2 ,0.000000,0.000000,0.000,0.000,AP
2026-05-15 07:20:53,1900-01-00 00:00:00,,9C:2F:9D:82:20:A3,-19,,0.000000,0.000000,0.000,0.000,Client
2026-05-15 07:20:53,1900-01-00 00:00:00,dlink-615_EXT,40:86:CB:27:D2:0C,-19, WPA2 ,0.000000,0.000000,0.000,0.000,AP
2026-05-15 07:20:53,1900-01-00 00:00:00,,9C:2F:9D:82:20:A3,-19,,0.000000,0.000000,0.000,0.000,Client
2026-05-15 07:20:53,1900-01-00 00:00:00,dlink-615_EXT,40:86:CB:27:D2:0C,-19, WPA2 ,0.000000,0.000000,0.000,0.000,AP
2026-05-15 07:20:53,1900-01-00 00:00:00,,9C:2F:9D:82:20:A3,-19,,0.000000,0.000000,0.000,0.000,Client
2026-05-15 07:20:53,1900-01-00 00:00:00,dlink-615_EXT,40:86:CB:27:D2:0C,-19, WPA2 ,0.000000,0.000000,0.000,0.000,AP
2026-05-15 07:20:53,1900-01-00 00:00:00,,9C:2F:9D:82:20:A3,-19,,0.000000,0.000000,0.000,0.000,Client
2026-05-15 07:20:53,1900-01-00 00:00:00,dlink-615_EXT,40:86:CB:27:D2:0C,-19, WPA2 ,0.000000,0.000000,0.000,0.000,AP
2026-05-15 07:20:53,1900-01-00 00:00:00,,9C:2F:9D:82:20:A3,-19,,0.000000,0.000000,0.000,0.000,Client
2026-05-15 07:20:53,1900-01-00 00:00:00,dlink-615_EXT,40:86:CB:27:D2:0C,-19, WPA2 ,0.000000,0.000000,0.000,0.000,AP
2026-05-15 07:20:53,1900-01-00 00:00:00,,9C:2F:9D:82:20:A3,-19,,0.000000,0.000000,0.000,0.000,Client
2026-05-15 07:20:53,1900-01-00 00:00:00,dlink-615_EXT,40:86:CB:27:D2:0C,-17, WPA2 ,0.000000,0.000000,0.000,0.000,AP
2026-05-15 07:20:53,1900-01-00 00:00:00,,9C:2F:9D:82:20:A3,-17,,0.000000,0.000000,0.000,0.000,Client
2026-05-15 07:20:53,1900-01-00 00:00:00,dlink-615_EXT,40:86:CB:27:D2:0C,-19, WPA2 ,0.000000,0.000000,0.000,0.000,AP
2026-05-15 07:20:53,1900-01-00 00:00:00,,9C:2F:9D:82:20:A3,-19,,0.000000,0.000000,0.000,0.000,Client
2026-05-15 07:20:53,1900-01-00 00:00:00,dlink-615_EXT,40:86:CB:27:D2:0C,-19, WPA2 ,0.000000,0.000000,0.000,0.000,AP
2026-05-15 07:20:53,1900-01-00 00:00:00,,9C:2F:9D:82:20:A3,-19,,0.000000,0.000000,0.000,0.000,Client
2026-05-15 07:20:53,1900-01-00 00:00:00,dlink-615_EXT,40:86:CB:27:D2:0C,-19, WPA2 ,0.000000,0.000000,0.000,0.000,AP
2026-05-15 07:20:53,1900-01-00 00:00:00,,9C:2F:9D:82:20:A3,-17,,0.000000,0.000000,0.000,0.000,Client
2026-05-15 07:20:53,1900-01-00 00:00:00,dlink-615_EXT,40:86:CB:27:D2:0C,-17, WPA2 ,0.000000,0.000000,0.000,0.000,AP
2026-05-15 07:20:53,1900-01-00 00:00:00,,9C:2F:9D:82:20:A3,-17,,0.000000,0.000000,0.000,0.000,Client
2026-05-15 07:20:53,1900-01-00 00:00:00,dlink-615_EXT,40:86:CB:27:D2:0C,-17, WPA2 ,0.000000,0.000000,0.000,0.000,AP
2026-05-15 07:20:53,1900-01-00 00:00:00,,9C:2F:9D:82:20:A3,-17,,0.000000,0.000000,0.000,0.000,Client
2026-05-15 07:20:53,1900-01-00 00:00:00,dlink-615_EXT,40:86:CB:27:D2:0C,-17, WPA2 ,0.000000,0.000000,0.000,0.000,AP
2026-05-15 07:20:53,1900-01-00 00:00:00,,9C:2F:9D:82:20:A3,-19,,0.000000,0.000000,0.000,0.000,Client
2026-05-15 07:20:53,1900-01-00 00:00:00,dlink-615_EXT,40:86:CB:27:D2:0C,-19, WPA2 ,0.000000,0.000000,0.000,0.000,AP
2026-05-15 07:20:53,1900-01-00 00:00:00,,9C:2F:9D:82:20:A3,-19,,0.000000,0.000000,0.000,0.000,Client
2026-05-15 07:20:53,1900-01-00 00:00:00,dlink-615_EXT,40:86:CB:27:D2:0C,-19, WPA2 ,0.000000,0.000000,0.000,0.000,AP
2026-05-15 07:20:53,1900-01-00 00:00:00,,9C:2F:9D:82:20:A3,-19,,0.000000,0.000000,0.000,0.000,Client
2026-05-15 07:20:53,1900-01-00 00:00:00,dlink-615_EXT,40:86:CB:27:D2:0C,-19, WPA2 ,0.000000,0.000000,0.000,0.000,AP
2026-05-15 07:20:53,1900-01-00 00:00:00,,9C:2F:9D:82:20:A3,-19,,0.000000,0.000000,0.000,0.000,Client
2026-05-15 07:20:53,1900-01-00 00:00:00,dlink-615_EXT,40:86:CB:27:D2:0C,-19, WPA2 ,0.000000,0.000000,0.000,0.000,AP
2026-05-15 07:20:53,1900-01-00 00:00:00,,9C:2F:9D:82:20:A3,-19,,0.000000,0.000000,0.000,0.000,Client
2026-05-15 07:20:53,1900-01-00 00:00:00,dlink-615_EXT,40:86:CB:27:D2:0C,-19, WPA2 ,0.000000,0.000000,0.000,0.000,AP
2026-05-15 07:20:53,1900-01-00 00:00:00,,9C:2F:9D:82:20:A3,-19,,0.000000,0.000000,0.000,0.000,Client
2026-05-15 07:20:53,1900-01-00 00:00:00,dlink-615_EXT,40:86:CB:27:D2:0C,-19, WPA2 ,0.000000,0.000000,0.000,0.000,AP
2026-05-15 07:20:53,1900-01-00 00:00:00,,9C:2F:9D:82:20:A3,-19,,0.000000,0.000000,0.000,0.000,Client
2026-05-15 07:20:53,1900-01-00 00:00:00,dlink-615_EXT,40:86:CB:27:D2:0C,-19, WPA2 ,0.000000,0.000000,0.000,0.000,AP
2026-05-15 07:20:53,1900-01-00 00:00:00,,9C:2F:9D:82:20:A3,-19,,0.000000,0.000000,0.000,0.000,Client
2026-05-15 07:20:53,1900-01-00 00:00:00,dlink-615_EXT,40:86:CB:27:D2:0C,-19, WPA2 ,0.000000,0.000000,0.000,0.000,AP
2026-05-15 07:20:53,1900-01-00 00:00:00,,9C:2F:9D:82:20:A3,-19,,0.000000,0.000000,0.000,0.000,Client
2026-05-15 07:20:53,1900-01-00 00:00:00,dlink-615_EXT,40:86:CB:27:D2:0C,-19, WPA2 ,0.000000,0.000000,0.000,0.000,AP
2026-05-15 07:20:53,1900-01-00 00:00:00,,9C:2F:9D:82:20:A3,-19,,0.000000,0.000000,0.000,0.000,Client
2026-05-15 07:20:53,1900-01-00 00:00:00,dlink-615_EXT,40:86:CB:27:D2:0C,-19, WPA2 ,0.000000,0.000000,0.000,0.000,AP
2026-05-15 07:20:53,1900-01-00 00:00:00,,9C:2F:9D:82:20:A3,-19,,0.000000,0.000000,0.000,0.000,Client
2026-05-15 07:20:53,1900-01-00 00:00:00,dlink-615_EXT,40:86:CB:27:D2:0C,-19, WPA2 ,0.000000,0.000000,0.000,0.000,AP
2026-05-15 07:20:53,1900-01-00 00:00:00,,9C:2F:9D:82:20:A3,-19,,0.000000,0.000000,0.000,0.000,Client
2026-05-15 07:20:53,1900-01-00 00:00:00,dlink-615_EXT,40:86:CB:27:D2:0C,-19, WPA2 ,0.000000,0.000000,0.000,0.000,AP
2026-05-15 07:20:53,1900-01-00 00:00:00,,9C:2F:9D:82:20:A3,-19,,0.000000,0.000000,0.000,0.000,Client
2026-05-15 07:20:53,1900-01-00 00:00:00,dlink-615_EXT,40:86:CB:27:D2:0C,-19, WPA2 ,0.000000,0.000000,0.000,0.000,AP
2026-05-15 07:20:53,1900-01-00 00:00:00,,9C:2F:9D:82:20:A3,-19,,0.000000,0.000000,0.000,0.000,Client
2026-05-15 07:20:53,1900-01-00 00:00:00,dlink-615_EXT,40:86:CB:27:D2:0C,-19, WPA2 ,0.000000,0.000000,0.000,0.000,AP
2026-05-15 07:20:53,1900-01-00 00:00:00,,9C:2F:9D:82:20:A3,-19,,0.000000,0.000000,0.000,0.000,Client
2026-05-15 07:20:53,1900-01-00 00:00:00,dlink-615_EXT,40:86:CB:27:D2:0C,-19, WPA2 ,0.000000,0.000000,0.000,0.000,AP
2026-05-15 07:20:53,1900-01-00 00:00:00,,9C:2F:9D:82:20:A3,-19,,0.000000,0.000000,0.000,0.000,Client
2026-05-15 07:20:53,1900-01-00 00:00:00,dlink-615_EXT,40:86:CB:27:D2:0C,-19, WPA2 ,0.000000,0.000000,0.000,0.000,AP
2026-05-15 07:20:53,1900-01-00 00:00:00,,9C:2F:9D:82:20:A3,-19,,0.000000,0.000000,0.000,0.000,Client
2026-05-15 07:20:53,1900-01-00 00:00:00,dlink-615_EXT,40:86:CB:27:D2:0C,-19, WPA2 ,0.000000,0.000000,0.000,0.000,AP
2026-05-15 07:20:53,1900-01-00 00:00:00,,9C:2F:9D:82:20:A3,-19,,0.000000,0.000000,0.000,0.000,Client
2026-05-15 07:20:53,1900-01-00 00:00:00,dlink-615_EXT,40:86:CB:27:D2:0C,-19, WPA2 ,0.000000,0.000000,0.000,0.000,AP
2026-05-15 07:20:53,1900-01-00 00:00:00,,9C:2F:9D:82:20:A3,-19,,0.000000,0.000000,0.000,0.000,Client
2026-05-15 07:20:53,1900-01-00 00:00:00,dlink-615_EXT,40:86:CB:27:D2:0C,-19, WPA2 ,0.000000,0.000000,0.000,0.000,AP
2026-05-15 07:20:53,1900-01-00 00:00:00,,9C:2F:9D:82:20:A3,-19,,0.000000,0.000000,0.000,0.000,Client
2026-05-15 07:20:53,1900-01-00 00:00:00,dlink-615_EXT,40:86:CB:27:D2:0C,-19, WPA2 ,0.000000,0.000000,0.000,0.000,AP
2026-05-15 07:20:53,1900-01-00 00:00:00,,9C:2F:9D:82:20:A3,-19,,0.000000,0.000000,0.000,0.000,Client
2026-05-15 07:20:53,1900-01-00 00:00:00,dlink-615_EXT,40:86:CB:27:D2:0C,-19, WPA2 ,0.000000,0.000000,0.000,0.000,AP
2026-05-15 07:20:53,1900-01-00 00:00:00,,9C:2F:9D:82:20:A3,-19,,0.000000,0.000000,0.000,0.000,Client
2026-05-15 07:20:53,1900-01-00 00:00:00,dlink-615_EXT,40:86:CB:27:D2:0C,-19, WPA2 ,0.000000,0.000000,0.000,0.000,AP
2026-05-15 07:20:53,1900-01-00 00:00:00,,9C:2F:9D:82:20:A3,-19,,0.000000,0.000000,0.000,0.000,Client
2026-05-15 07:20:53,1900-01-00 00:00:00,dlink-615_EXT,40:86:CB:27:D2:0C,-19, WPA2 ,0.000000,0.000000,0.000,0.000,AP
2026-05-15 07:20:53,1900-01-00 00:00:00,,9C:2F:9D:82:20:A3,-19,,0.000000,0.000000,0.000,0.000,Client
2026-05-15 07:20:53,1900-01-00 00:00:00,dlink-615_EXT,40:86:CB:27:D2:0C,-19, WPA2 ,0.000000,0.000000,0.000,0.000,AP
2026-05-15 07:20:53,1900-01-00 00:00:00,,9C:2F:9D:82:20:A3,-19,,0.000000,0.000000,0.000,0.000,Client
2026-05-15 07:20:53,1900-01-00 00:00:00,dlink-615_EXT,40:86:CB:27:D2:0C,-19, WPA2 ,0.000000,0.000000,0.000,0.000,AP
2026-05-15 07:20:53,1900-01-00 00:00:00,,9C:2F:9D:82:20:A3,-19,,0.000000,0.000000,0.000,0.000,Client
2026-05-15 07:20:53,1900-01-00 00:00:00,dlink-615_EXT,40:86:CB:27:D2:0C,-19, WPA2 ,0.000000,0.000000,0.000,0.000,AP
2026-05-15 07:20:53,1900-01-00 00:00:00,,9C:2F:9D:82:20:A3,-19,,0.000000,0.000000,0.000,0.000,Client
2026-05-15 07:20:53,1900-01-00 00:00:00,dlink-615_EXT,40:86:CB:27:D2:0C,-19, WPA2 ,0.000000,0.000000,0.000,0.000,AP
2026-05-15 07:20:53,1900-01-00 00:00:00,,9C:2F:9D:82:20:A3,-19,,0.000000,0.000000,0.000,0.000,Client
2026-05-15 07:20:53,1900-01-00 00:00:00,dlink-615_EXT,40:86:CB:27:D2:0C,-19, WPA2 ,0.000000,0.000000,0.000,0.000,AP
2026-05-15 07:20:53,1900-01-00 00:00:00,,9C:2F:9D:82:20:A3,-19,,0.000000,0.000000,0.000,0.000,Client
2026-05-15 07:20:53,1900-01-00 00:00:00,dlink-615_EXT,40:86:CB:27:D2:0C,-19, WPA2 ,0.000000,0.000000,0.000,0.000,AP
2026-05-15 07:20:53,1900-01-00 00:00:00,,9C:2F:9D:82:20:A3,-19,,0.000000,0.000000,0.000,0.000,Client
2026-05-15 07:20:53,1900-01-00 00:00:00,dlink-615_EXT,40:86:CB:27:D2:0C,-19, WPA2 ,0.000000,0.000000,0.000,0.000,AP
2026-05-15 07:20:53,1900-01-00 00:00:00,,9C:2F:9D:82:20:A3,-19,,0.000000,0.000000,0.000,0.000,Client
2026-05-15 07:20:53,1900-01-00 00:00:00,dlink-615_EXT,40:86:CB:27:D2:0C,-19, WPA2 ,0.000000,0.000000,0.000,0.000,AP
2026-05-15 07:20:53,1900-01-00 00:00:00,,9C:2F:9D:82:20:A3,-19,,0.000000,0.000000,0.000,0.000,Client
2026-05-15 07:20:53,1900-01-00 00:00:00,dlink-615_EXT,40:86:CB:27:D2:0C,-19, WPA2 ,0.000000,0.000000,0.000,0.000,AP
2026-05-15 07:20:53,1900-01-00 00:00:00,,9C:2F:9D:82:20:A3,-19,,0.000000,0.000000,0.000,0.000,Client
2026-05-15 07:20:53,1900-01-00 00:00:00,dlink-615_EXT,40:86:CB:27:D2:0C,-19, WPA2 ,0.000000,0.000000,0.000,0.000,AP
2026-05-15 07:20:53,1900-01-00 00:00:00,,9C:2F:9D:82:20:A3,-19,,0.000000,0.000000,0.000,0.000,Client
2026-05-15 07:20:53,1900-01-00 00:00:00,dlink-615_EXT,40:86:CB:27:D2:0C,-19, WPA2 ,0.000000,0.000000,0.000,0.000,AP
2026-05-15 07:20:53,1900-01-00 00:00:00,,9C:2F:9D:82:20:A3,-19,,0.000000,0.000000,0.000,0.000,Client
2026-05-15 07:20:53,1900-01-00 00:00:00,dlink-615_EXT,40:86:CB:27:D2:0C,-19, WPA2 ,0.000000,0.000000,0.000,0.000,AP
2026-05-15 07:20:53,1900-01-00 00:00:00,,9C:2F:9D:82:20:A3,-19,,0.000000,0.000000,0.000,0.000,Client
2026-05-15 07:20:53,1900-01-00 00:00:00,dlink-615_EXT,40:86:CB:27:D2:0C,-19, WPA2 ,0.000000,0.000000,0.000,0.000,AP
2026-05-15 07:20:53,1900-01-00 00:00:00,,9C:2F:9D:82:20:A3,-19,,0.000000,0.000000,0.000,0.000,Client
2026-05-15 07:20:53,1900-01-00 00:00:00,dlink-615_EXT,40:86:CB:27:D2:0C,-19, WPA2 ,0.000000,0.000000,0.000,0.000,AP
2026-05-15 07:20:53,1900-01-00 00:00:00,,9C:2F:9D:82:20:A3,-19,,0.000000,0.000000,0.000,0.000,Client
2026-05-15 07:20:53,1900-01-00 00:00:00,dlink-615_EXT,40:86:CB:27:D2:0C,-19, WPA2 ,0.000000,0.000000,0.000,0.000,AP
2026-05-15 07:20:53,1900-01-00 00:00:00,,9C:2F:9D:82:20:A3,-19,,0.000000,0.000000,0.000,0.000,Client
2026-05-15 07:20:53,1900-01-00 00:00:00,dlink-615_EXT,40:86:CB:27:D2:0C,-19, WPA2 ,0.000000,0.000000,0.000,0.000,AP
2026-05-15 07:20:53,1900-01-00 00:00:00,,9C:2F:9D:82:20:A3,-35,,0.000000,0.000000,0.000,0.000,Client
2026-05-15 07:20:53,1900-01-00 00:00:00,dlink-615_EXT,40:86:CB:27:D2:0C,-35, WPA2 ,0.000000,0.000000,0.000,0.000,AP
2026-05-15 07:20:53,1900-01-00 00:00:00,,9C:2F:9D:82:20:A3,-35,,0.000000,0.000000,0.000,0.000,Client
2026-05-15 07:20:53,1900-01-00 00:00:00,dlink-615_EXT,40:86:CB:27:D2:0C,-17, WPA2 ,0.000000,0.000000,0.000,0.000,AP
2026-05-15 07:20:53,1900-01-00 00:00:00,,9C:2F:9D:82:20:A3,-17,,0.000000,0.000000,0.000,0.000,Client
2026-05-15 07:20:53,1900-01-00 00:00:00,dlink-615_EXT,40:86:CB:27:D2:0C,-17, WPA2 ,0.000000,0.000000,0.000,0.000,AP
2026-05-15 07:20:53,1900-01-00 00:00:00,,9C:2F:9D:82:20:A3,-17,,0.000000,0.000000,0.000,0.000,Client
2026-05-15 07:20:53,1900-01-00 00:00:00,dlink-615_EXT,40:86:CB:27:D2:0C,-17, WPA2 ,0.000000,0.000000,0.000,0.000,AP
2026-05-15 07:20:53,1900-01-00 00:00:00,,9C:2F:9D:82:20:A3,-17,,0.000000,0.000000,0.000,0.000,Client
2026-05-15 07:20:53,1900-01-00 00:00:00,dlink-615_EXT,40:86:CB:27:D2:0C,-19, WPA2 ,0.000000,0.000000,0.000,0.000,AP
2026-05-15 07:20:53,1900-01-00 00:00:00,,9C:2F:9D:82:20:A3,-19,,0.000000,0.000000,0.000,0.000,Client
2026-05-15 07:20:53,1900-01-00 00:00:00,dlink-615_EXT,40:86:CB:27:D2:0C,-19, WPA2 ,0.000000,0.000000,0.000,0.000,AP
2026-05-15 07:20:53,1900-01-00 00:00:00,,9C:2F:9D:82:20:A3,-19,,0.000000,0.000000,0.000,0.000,Client
2026-05-15 07:20:53,1900-01-00 00:00:00,dlink-615_EXT,40:86:CB:27:D2:0C,-19, WPA2 ,0.000000,0.000000,0.000,0.000,AP
2026-05-15 07:20:53,1900-01-00 00:00:00,,9C:2F:9D:82:20:A3,-19,,0.000000,0.000000,0.000,0.000,Client
2026-05-15 07:20:53,1900-01-00 00:00:00,dlink-615_EXT,40:86:CB:27:D2:0C,-19, WPA2 ,0.000000,0.000000,0.000,0.000,AP
2026-05-15 07:20:53,1900-01-00 00:00:00,,9C:2F:9D:82:20:A3,-17,,0.000000,0.000000,0.000,0.000,Client
2026-05-15 07:20:53,1900-01-00 00:00:00,dlink-615_EXT,40:86:CB:27:D2:0C,-17, WPA2 ,0.000000,0.000000,0.000,0.000,AP
2026-05-15 07:20:53,1900-01-00 00:00:00,,9C:2F:9D:82:20:A3,-17,,0.000000,0.000000,0.000,0.000,Client
2026-05-15 07:20:53,1900-01-00 00:00:00,dlink-615_EXT,40:86:CB:27:D2:0C,-19, WPA2 ,0.000000,0.000000,0.000,0.000,AP
2026-05-15 07:20:53,1900-01-00 00:00:00,,9C:2F:9D:82:20:A3,-17,,0.000000,0.000000,0.000,0.000,Client
2026-05-15 07:20:53,1900-01-00 00:00:00,dlink-615_EXT,40:86:CB:27:D2:0C,-17, WPA2 ,0.000000,0.000000,0.000,0.000,AP
2026-05-15 07:20:53,1900-01-00 00:00:00,,9C:2F:9D:82:20:A3,-17,,0.000000,0.000000,0.000,0.000,Client
2026-05-15 07:20:53,1900-01-00 00:00:00,dlink-615_EXT,40:86:CB:27:D2:0C,-17, WPA2 ,0.000000,0.000000,0.000,0.000,AP
2026-05-15 07:20:53,1900-01-00 00:00:00,,9C:2F:9D:82:20:A3,-17,,0.000000,0.000000,0.000,0.000,Client
2026-05-15 07:20:53,1900-01-00 00:00:00,dlink-615_EXT,40:86:CB:27:D2:0C,-17, WPA2 ,0.000000,0.000000,0.000,0.000,AP
2026-05-15 07:20:53,1900-01-00 00:00:00,,9C:2F:9D:82:20:A3,-19,,0.000000,0.000000,0.000,0.000,Client
2026-05-15 07:20:53,1900-01-00 00:00:00,dlink-615_EXT,40:86:CB:27:D2:0C,-19, WPA2 ,0.000000,0.000000,0.000,0.000,AP
2026-05-15 07:20:53,1900-01-00 00:00:00,,9C:2F:9D:82:20:A3,-17,,0.000000,0.000000,0.000,0.000,Client
2026-05-15 07:20:53,1900-01-00 00:00:00,dlink-615_EXT,40:86:CB:27:D2:0C,-17, WPA2 ,0.000000,0.000000,0.000,0.000,AP
2026-05-15 07:20:53,1900-01-00 00:00:00,,9C:2F:9D:82:20:A3,-17,,0.000000,0.000000,0.000,0.000,Client
2026-05-15 07:20:53,1900-01-00 00:00:00,dlink-615_EXT,40:86:CB:27:D2:0C,-19, WPA2 ,0.000000,0.000000,0.000,0.000,AP
2026-05-15 07:20:53,1900-01-00 00:00:00,,9C:2F:9D:82:20:A3,-19,,0.000000,0.000000,0.000,0.000,Client
2026-05-15 07:20:53,1900-01-00 00:00:00,dlink-615_EXT,40:86:CB:27:D2:0C,-19, WPA2 ,0.000000,0.000000,0.000,0.000,AP
2026-05-15 07:20:53,1900-01-00 00:00:00,,9C:2F:9D:82:20:A3,-17,,0.000000,0.000000,0.000,0.000,Client
2026-05-15 07:20:53,1900-01-00 00:00:00,dlink-615_EXT,40:86:CB:27:D2:0C,-17, WPA2 ,0.000000,0.000000,0.000,0.000,AP
2026-05-15 07:20:53,1900-01-00 00:00:00,,9C:2F:9D:82:20:A3,-19,,0.000000,0.000000,0.000,0.000,Client
2026-05-15 07:20:53,1900-01-00 00:00:00,dlink-615_EXT,40:86:CB:27:D2:0C,-19, WPA2 ,0.000000,0.000000,0.000,0.000,AP
2026-05-15 07:20:53,1900-01-00 00:00:00,,9C:2F:9D:82:20:A3,-17,,0.000000,0.000000,0.000,0.000,Client
2026-05-15 07:20:53,1900-01-00 00:00:00,dlink-615_EXT,40:86:CB:27:D2:0C,-17, WPA2 ,0.000000,0.000000,0.000,0.000,AP
2026-05-15 07:20:53,1900-01-00 00:00:00,,9C:2F:9D:82:20:A3,-17,,0.000000,0.000000,0.000,0.000,Client
2026-05-15 07:20:53,1900-01-00 00:00:00,dlink-615_EXT,40:86:CB:27:D2:0C,-17, WPA2 ,0.000000,0.000000,0.000,0.000,AP
2026-05-15 07:20:53,1900-01-00 00:00:00,,9C:2F:9D:82:20:A3,-17,,0.000000,0.000000,0.000,0.000,Client
2026-05-15 07:20:53,1900-01-00 00:00:00,dlink-615_EXT,40:86:CB:27:D2:0C,-17, WPA2 ,0.000000,0.000000,0.000,0.000,AP
2026-05-15 07:20:53,1900-01-00 00:00:00,,9C:2F:9D:82:20:A3,-17,,0.000000,0.000000,0.000,0.000,Client
2026-05-15 07:20:53,1900-01-00 00:00:00,dlink-615_EXT,40:86:CB:27:D2:0C,-17, WPA2 ,0.000000,0.000000,0.000,0.000,AP
2026-05-15 07:20:53,1900-01-00 00:00:00,,9C:2F:9D:82:20:A3,-17,,0.000000,0.000000,0.000,0.000,Client
2026-05-15 07:20:53,1900-01-00 00:00:00,dlink-615_EXT,40:86:CB:27:D2:0C,-17, WPA2 ,0.000000,0.000000,0.000,0.000,AP
2026-05-15 07:20:53,1900-01-00 00:00:00,,9C:2F:9D:82:20:A3,-17,,0.000000,0.000000,0.000,0.000,Client
2026-05-15 07:20:53,1900-01-00 00:00:00,dlink-615_EXT,40:86:CB:27:D2:0C,-17, WPA2 ,0.000000,0.000000,0.000,0.000,AP
2026-05-15 07:20:53,1900-01-00 00:00:00,,9C:2F:9D:82:20:A3,-19,,0.000000,0.000000,0.000,0.000,Client
2026-05-15 07:20:53,1900-01-00 00:00:00,dlink-615_EXT,40:86:CB:27:D2:0C,-17, WPA2 ,0.000000,0.000000,0.000,0.000,AP
2026-05-15 07:20:53,1900-01-00 00:00:00,,9C:2F:9D:82:20:A3,-17,,0.000000,0.000000,0.000,0.000,Client
2026-05-15 07:20:53,1900-01-00 00:00:00,dlink-615_EXT,40:86:CB:27:D2:0C,-35, WPA2 ,0.000000,0.000000,0.000,0.000,AP
2026-05-15 07:20:53,1900-01-00 00:00:00,,9C:2F:9D:82:20:A3,-35,,0.000000,0.000000,0.000,0.000,Client
2026-05-15 07:20:53,1900-01-00 00:00:00,dlink-615_EXT,40:86:CB:27:D2:0C,-35, WPA2 ,0.000000,0.000000,0.000,0.000,AP
2026-05-15 07:20:53,1900-01-00 00:00:00,,9C:2F:9D:82:20:A3,-19,,0.000000,0.000000,0.000,0.000,Client
2026-05-15 07:20:53,1900-01-00 00:00:00,dlink-615_EXT,40:86:CB:27:D2:0C,-19, WPA2 ,0.000000,0.000000,0.000,0.000,AP
2026-05-15 07:20:53,1900-01-00 00:00:00,,9C:2F:9D:82:20:A3,-19,,0.000000,0.000000,0.000,0.000,Client
2026-05-15 07:20:53,1900-01-00 00:00:00,dlink-615_EXT,40:86:CB:27:D2:0C,-19, WPA2 ,0.000000,0.000000,0.000,0.000,AP
2026-05-15 07:20:53,1900-01-00 00:00:00,,9C:2F:9D:82:20:A3,-19,,0.000000,0.000000,0.000,0.000,Client
2026-05-15 07:20:53,1900-01-00 00:00:00,dlink-615_EXT,40:86:CB:27:D2:0C,-19, WPA2 ,0.000000,0.000000,0.000,0.000,AP
2026-05-15 07:20:53,1900-01-00 00:00:00,,9C:2F:9D:82:20:A3,-19,,0.000000,0.000000,0.000,0.000,Client
2026-05-15 07:20:53,1900-01-00 00:00:00,dlink-615_EXT,40:86:CB:27:D2:0C,-19, WPA2 ,0.000000,0.000000,0.000,0.000,AP
2026-05-15 07:20:53,1900-01-00 00:00:00,,9C:2F:9D:82:20:A3,-19,,0.000000,0.000000,0.000,0.000,Client
2026-05-15 07:20:53,1900-01-00 00:00:00,dlink-615_EXT,40:86:CB:27:D2:0C,-19, WPA2 ,0.000000,0.000000,0.000,0.000,AP
2026-05-15 07:20:53,1900-01-00 00:00:00,,9C:2F:9D:82:20:A3,-19,,0.000000,0.000000,0.000,0.000,Client
2026-05-15 07:20:53,1900-01-00 00:00:00,dlink-615_EXT,40:86:CB:27:D2:0C,-17, WPA2 ,0.000000,0.000000,0.000,0.000,AP
2026-05-15 07:20:53,1900-01-00 00:00:00,,9C:2F:9D:82:20:A3,-19,,0.000000,0.000000,0.000,0.000,Client
2026-05-15 07:20:53,1900-01-00 00:00:00,dlink-615_EXT,40:86:CB:27:D2:0C,-17, WPA2 ,0.000000,0.000000,0.000,0.000,AP
2026-05-15 07:20:53,1900-01-00 00:00:00,,9C:2F:9D:82:20:A3,-17,,0.000000,0.000000,0.000,0.000,Client
2026-05-15 07:20:53,1900-01-00 00:00:00,dlink-615_EXT,40:86:CB:27:D2:0C,-17, WPA2 ,0.000000,0.000000,0.000,0.000,AP
2026-05-15 07:20:53,1900-01-00 00:00:00,,9C:2F:9D:82:20:A3,-17,,0.000000,0.000000,0.000,0.000,Client
2026-05-15 07:20:53,1900-01-00 00:00:00,dlink-615_EXT,40:86:CB:27:D2:0C,-17, WPA2 ,0.000000,0.000000,0.000,0.000,AP
2026-05-15 07:20:53,1900-01-00 00:00:00,,9C:2F:9D:82:20:A3,-17,,0.000000,0.000000,0.000,0.000,Client
2026-05-15 07:20:53,1900-01-00 00:00:00,dlink-615_EXT,40:86:CB:27:D2:0C,-23, WPA2 ,0.000000,0.000000,0.000,0.000,AP
2026-05-15 07:20:53,1900-01-00 00:00:00,,9C:2F:9D:82:20:A3,-23,,0.000000,0.000000,0.000,0.000,Client
2026-05-15 07:20:53,1900-01-00 00:00:00,dlink-615_EXT,40:86:CB:27:D2:0C,-23, WPA2 ,0.000000,0.000000,0.000,0.000,AP
2026-05-15 07:20:53,1900-01-00 00:00:00,,9C:2F:9D:82:20:A3,-17,,0.000000,0.000000,0.000,0.000,Client
2026-05-15 07:20:53,1900-01-00 00:00:00,dlink-615_EXT,40:86:CB:27:D2:0C,-17, WPA2 ,0.000000,0.000000,0.000,0.000,AP
2026-05-15 07:20:53,1900-01-00 00:00:00,,9C:2F:9D:82:20:A3,-23,,0.000000,0.000000,0.000,0.000,Client
2026-05-15 07:20:53,1900-01-00 00:00:00,dlink-615_EXT,40:86:CB:27:D2:0C,-23, WPA2 ,0.000000,0.000000,0.000,0.000,AP
2026-05-15 07:20:53,1900-01-00 00:00:00,,9C:2F:9D:82:20:A3,-23,,0.000000,0.000000,0.000,0.000,Client
2026-05-15 07:20:53,1900-01-00 00:00:00,dlink-615_EXT,40:86:CB:27:D2:0C,-19, WPA2 ,0.000000,0.000000,0.000,0.000,AP
2026-05-15 07:20:53,1900-01-00 00:00:00,,9C:2F:9D:82:20:A3,-23,,0.000000,0.000000,0.000,0.000,Client
2026-05-15 07:20:53,1900-01-00 00:00:00,dlink-615_EXT,40:86:CB:27:D2:0C,-21, WPA2 ,0.000000,0.000000,0.000,0.000,AP
2026-05-15 07:20:53,1900-01-00 00:00:00,,9C:2F:9D:82:20:A3,-19,,0.000000,0.000000,0.000,0.000,Client
2026-05-15 07:20:53,1900-01-00 00:00:00,dlink-615_EXT,40:86:CB:27:D2:0C,-19, WPA2 ,0.000000,0.000000,0.000,0.000,AP
2026-05-15 07:20:53,1900-01-00 00:00:00,,9C:2F:9D:82:20:A3,-23,,0.000000,0.000000,0.000,0.000,Client
2026-05-15 07:20:53,1900-01-00 00:00:00,dlink-615_EXT,40:86:CB:27:D2:0C,-23, WPA2 ,0.000000,0.000000,0.000,0.000,AP
2026-05-15 07:20:53,1900-01-00 00:00:00,,9C:2F:9D:82:20:A3,-23,,0.000000,0.000000,0.000,0.000,Client
2026-05-15 07:20:53,1900-01-00 00:00:00,dlink-615_EXT,40:86:CB:27:D2:0C,-19, WPA2 ,0.000000,0.000000,0.000,0.000,AP
2026-05-15 07:20:53,1900-01-00 00:00:00,,9C:2F:9D:82:20:A3,-19,,0.000000,0.000000,0.000,0.000,Client
2026-05-15 07:20:53,1900-01-00 00:00:00,dlink-615_EXT,40:86:CB:27:D2:0C,-23, WPA2 ,0.000000,0.000000,0.000,0.000,AP
2026-05-15 07:20:53,1900-01-00 00:00:00,,9C:2F:9D:82:20:A3,-23,,0.000000,0.000000,0.000,0.000,Client
2026-05-15 07:20:53,1900-01-00 00:00:00,dlink-615_EXT,40:86:CB:27:D2:0C,-17, WPA2 ,0.000000,0.000000,0.000,0.000,AP
2026-05-15 07:20:53,1900-01-00 00:00:00,,9C:2F:9D:82:20:A3,-23,,0.000000,0.000000,0.000,0.000,Client
2026-05-15 07:20:53,1900-01-00 00:00:00,dlink-615_EXT,40:86:CB:27:D2:0C,-17, WPA2 ,0.000000,0.000000,0.000,0.000,AP
2026-05-15 07:20:53,1900-01-00 00:00:00,,9C:2F:9D:82:20:A3,-17,,0.000000,0.000000,0.000,0.000,Client
2026-05-15 07:20:53,1900-01-00 00:00:00,dlink-615_EXT,40:86:CB:27:D2:0C,-17, WPA2 ,0.000000,0.000000,0.000,0.000,AP
2026-05-15 07:20:53,1900-01-00 00:00:00,,9C:2F:9D:82:20:A3,-17,,0.000000,0.000000,0.000,0.000,Client
2026-05-15 07:20:53,1900-01-00 00:00:00,dlink-615_EXT,40:86:CB:27:D2:0C,-21, WPA2 ,0.000000,0.000000,0.000,0.000,AP
2026-05-15 07:20:53,1900-01-00 00:00:00,,9C:2F:9D:82:20:A3,-17,,0.000000,0.000000,0.000,0.000,Client
2026-05-15 07:20:53,1900-01-00 00:00:00,dlink-615_EXT,40:86:CB:27:D2:0C,-17, WPA2 ,0.000000,0.000000,0.000,0.000,AP
2026-05-15 07:20:53,1900-01-00 00:00:00,,9C:2F:9D:82:20:A3,-23,,0.000000,0.000000,0.000,0.000,Client
2026-05-15 07:20:53,1900-01-00 00:00:00,dlink-615_EXT,40:86:CB:27:D2:0C,-17, WPA2 ,0.000000,0.000000,0.000,0.000,AP
2026-05-15 07:20:53,1900-01-00 00:00:00,,9C:2F:9D:82:20:A3,-17,,0.000000,0.000000,0.000,0.000,Client
2026-05-15 07:20:53,1900-01-00 00:00:00,dlink-615_EXT,40:86:CB:27:D2:0C,-23, WPA2 ,0.000000,0.000000,0.000,0.000,AP
2026-05-15 07:20:53,1900-01-00 00:00:00,,9C:2F:9D:82:20:A3,-23,,0.000000,0.000000,0.000,0.000,Client
2026-05-15 07:20:53,1900-01-00 00:00:00,dlink-615_EXT,40:86:CB:27:D2:0C,-17, WPA2 ,0.000000,0.000000,0.000,0.000,AP
2026-05-15 07:20:53,1900-01-00 00:00:00,,9C:2F:9D:82:20:A3,-17,,0.000000,0.000000,0.000,0.000,Client
2026-05-15 07:20:53,1900-01-00 00:00:00,dlink-615_EXT,40:86:CB:27:D2:0C,-17, WPA2 ,0.000000,0.000000,0.000,0.000,AP
2026-05-15 07:20:53,1900-01-00 00:00:00,,9C:2F:9D:82:20:A3,-17,,0.000000,0.000000,0.000,0.000,Client
2026-05-15 07:20:54,1900-01-00 00:00:00,dlink-615_EXT,40:86:CB:27:D2:0C,-17, WPA2 ,0.000000,0.000000,0.000,0.000,AP
2026-05-15 07:20:54,1900-01-00 00:00:00,,9C:2F:9D:82:20:A3,-17,,0.000000,0.000000,0.000,0.000,Client
2026-05-15 07:20:54,1900-01-00 00:00:00,dlink-615_EXT,40:86:CB:27:D2:0C,-17, WPA2 ,0.000000,0.000000,0.000,0.000,AP
2026-05-15 07:20:54,1900-01-00 00:00:00,,9C:2F:9D:82:20:A3,-17,,0.000000,0.000000,0.000,0.000,Client
2026-05-15 07:20:54,1900-01-00 00:00:00,dlink-615_EXT,40:86:CB:27:D2:0C,-17, WPA2 ,0.000000,0.000000,0.000,0.000,AP
2026-05-15 07:20:54,1900-01-00 00:00:00,,9C:2F:9D:82:20:A3,-17,,0.000000,0.000000,0.000,0.000,Client
2026-05-15 07:20:54,1900-01-00 00:00:00,dlink-615_EXT,40:86:CB:27:D2:0C,-17, WPA2 ,0.000000,0.000000,0.000,0.000,AP
2026-05-15 07:20:54,1900-01-00 00:00:00,,9C:2F:9D:82:20:A3,-17,,0.000000,0.000000,0.000,0.000,Client
2026-05-15 07:20:54,1900-01-00 00:00:00,dlink-615_EXT,40:86:CB:27:D2:0C,-19, WPA2 ,0.000000,0.000000,0.000,0.000,AP
2026-05-15 07:20:54,1900-01-00 00:00:00,,9C:2F:9D:82:20:A3,-19,,0.000000,0.000000,0.000,0.000,Client
2026-05-15 07:20:54,1900-01-00 00:00:00,dlink-615_EXT,40:86:CB:27:D2:0C,-19, WPA2 ,0.000000,0.000000,0.000,0.000,AP
2026-05-15 07:20:54,1900-01-00 00:00:00,,9C:2F:9D:82:20:A3,-19,,0.000000,0.000000,0.000,0.000,Client
2026-05-15 07:20:54,1900-01-00 00:00:00,dlink-615_EXT,40:86:CB:27:D2:0C,-19, WPA2 ,0.000000,0.000000,0.000,0.000,AP
2026-05-15 07:20:54,1900-01-00 00:00:00,,9C:2F:9D:82:20:A3,-19,,0.000000,0.000000,0.000,0.000,Client
2026-05-15 07:20:54,1900-01-00 00:00:00,dlink-615_EXT,40:86:CB:27:D2:0C,-19, WPA2 ,0.000000,0.000000,0.000,0.000,AP
2026-05-15 07:20:54,1900-01-00 00:00:00,,9C:2F:9D:82:20:A3,-19,,0.000000,0.000000,0.000,0.000,Client
2026-05-15 07:20:54,1900-01-00 00:00:00,dlink-615_EXT,40:86:CB:27:D2:0C,-19, WPA2 ,0.000000,0.000000,0.000,0.000,AP
2026-05-15 07:20:54,1900-01-00 00:00:00,,9C:2F:9D:82:20:A3,-19,,0.000000,0.000000,0.000,0.000,Client
2026-05-15 07:20:54,1900-01-00 00:00:00,dlink-615_EXT,40:86:CB:27:D2:0C,-19, WPA2 ,0.000000,0.000000,0.000,0.000,AP
2026-05-15 07:20:54,1900-01-00 00:00:00,,9C:2F:9D:82:20:A3,-19,,0.000000,0.000000,0.000,0.000,Client
2026-05-15 07:20:54,1900-01-00 00:00:00,dlink-615_EXT,40:86:CB:27:D2:0C,-19, WPA2 ,0.000000,0.000000,0.000,0.000,AP
2026-05-15 07:20:54,1900-01-00 00:00:00,,9C:2F:9D:82:20:A3,-19,,0.000000,0.000000,0.000,0.000,Client
2026-05-15 07:20:54,1900-01-00 00:00:00,dlink-615_EXT,40:86:CB:27:D2:0C,-17, WPA2 ,0.000000,0.000000,0.000,0.000,AP
2026-05-15 07:20:54,1900-01-00 00:00:00,,9C:2F:9D:82:20:A3,-17,,0.000000,0.000000,0.000,0.000,Client
2026-05-15 07:20:54,1900-01-00 00:00:00,dlink-615_EXT,40:86:CB:27:D2:0C,-17, WPA2 ,0.000000,0.000000,0.000,0.000,AP
2026-05-15 07:20:54,1900-01-00 00:00:00,,9C:2F:9D:82:20:A3,-17,,0.000000,0.000000,0.000,0.000,Client
2026-05-15 07:20:54,1900-01-00 00:00:00,dlink-615_EXT,40:86:CB:27:D2:0C,-19, WPA2 ,0.000000,0.000000,0.000,0.000,AP
2026-05-15 07:20:54,1900-01-00 00:00:00,,9C:2F:9D:82:20:A3,-17,,0.000000,0.000000,0.000,0.000,Client
2026-05-15 07:20:54,1900-01-00 00:00:00,dlink-615_EXT,40:86:CB:27:D2:0C,-17, WPA2 ,0.000000,0.000000,0.000,0.000,AP
2026-05-15 07:20:54,1900-01-00 00:00:00,,9C:2F:9D:82:20:A3,-17,,0.000000,0.000000,0.000,0.000,Client
2026-05-15 07:20:54,1900-01-00 00:00:00,dlink-615_EXT,40:86:CB:27:D2:0C,-17, WPA2 ,0.000000,0.000000,0.000,0.000,AP
2026-05-15 07:20:54,1900-01-00 00:00:00,,9C:2F:9D:82:20:A3,-17,,0.000000,0.000000,0.000,0.000,Client
2026-05-15 07:20:54,1900-01-00 00:00:00,dlink-615_EXT,40:86:CB:27:D2:0C,-17, WPA2 ,0.000000,0.000000,0.000,0.000,AP
2026-05-15 07:20:54,1900-01-00 00:00:00,,9C:2F:9D:82:20:A3,-17,,0.000000,0.000000,0.000,0.000,Client
2026-05-15 07:20:54,1900-01-00 00:00:00,dlink-615_EXT,40:86:CB:27:D2:0C,-17, WPA2 ,0.000000,0.000000,0.000,0.000,AP
2026-05-15 07:20:54,1900-01-00 00:00:00,,9C:2F:9D:82:20:A3,-17,,0.000000,0.000000,0.000,0.000,Client
2026-05-15 07:20:54,1900-01-00 00:00:00,dlink-615_EXT,40:86:CB:27:D2:0C,-17, WPA2 ,0.000000,0.000000,0.000,0.000,AP
2026-05-15 07:20:54,1900-01-00 00:00:00,,9C:2F:9D:82:20:A3,-17,,0.000000,0.000000,0.000,0.000,Client
2026-05-15 07:20:54,1900-01-00 00:00:00,dlink-615_EXT,40:86:CB:27:D2:0C,-19, WPA2 ,0.000000,0.000000,0.000,0.000,AP
2026-05-15 07:20:54,1900-01-00 00:00:00,,9C:2F:9D:82:20:A3,-19,,0.000000,0.000000,0.000,0.000,Client
2026-05-15 07:20:54,1900-01-00 00:00:00,dlink-615_EXT,40:86:CB:27:D2:0C,-17, WPA2 ,0.000000,0.000000,0.000,0.000,AP
2026-05-15 07:20:54,1900-01-00 00:00:00,,9C:2F:9D:82:20:A3,-17,,0.000000,0.000000,0.000,0.000,Client
2026-05-15 07:20:54,1900-01-00 00:00:00,dlink-615_EXT,40:86:CB:27:D2:0C,-17, WPA2 ,0.000000,0.000000,0.000,0.000,AP
2026-05-15 07:20:54,1900-01-00 00:00:00,,9C:2F:9D:82:20:A3,-17,,0.000000,0.000000,0.000,0.000,Client
2026-05-15 07:20:54,1900-01-00 00:00:00,dlink-615_EXT,40:86:CB:27:D2:0C,-17, WPA2 ,0.000000,0.000000,0.000,0.000,AP
2026-05-15 07:20:54,1900-01-00 00:00:00,,9C:2F:9D:82:20:A3,-17,,0.000000,0.000000,0.000,0.000,Client
2026-05-15 07:20:54,1900-01-00 00:00:00,dlink-615_EXT,40:86:CB:27:D2:0C,-17, WPA2 ,0.000000,0.000000,0.000,0.000,AP
2026-05-15 07:20:54,1900-01-00 00:00:00,,9C:2F:9D:82:20:A3,-17,,0.000000,0.000000,0.000,0.000,Client
2026-05-15 07:20:54,1900-01-00 00:00:00,dlink-615_EXT,40:86:CB:27:D2:0C,-17, WPA2 ,0.000000,0.000000,0.000,0.000,AP
2026-05-15 07:20:54,1900-01-00 00:00:00,,9C:2F:9D:82:20:A3,-17,,0.000000,0.000000,0.000,0.000,Client
2026-05-15 07:20:54,1900-01-00 00:00:00,dlink-615_EXT,40:86:CB:27:D2:0C,-19, WPA2 ,0.000000,0.000000,0.000,0.000,AP
2026-05-15 07:20:54,1900-01-00 00:00:00,,9C:2F:9D:82:20:A3,-17,,0.000000,0.000000,0.000,0.000,Client
2026-05-15 07:20:54,1900-01-00 00:00:00,dlink-615_EXT,40:86:CB:27:D2:0C,-17, WPA2 ,0.000000,0.000000,0.000,0.000,AP
2026-05-15 07:20:54,1900-01-00 00:00:00,,9C:2F:9D:82:20:A3,-17,,0.000000,0.000000,0.000,0.000,Client
2026-05-15 07:20:54,1900-01-00 00:00:00,dlink-615_EXT,40:86:CB:27:D2:0C,-17, WPA2 ,0.000000,0.000000,0.000,0.000,AP
2026-05-15 07:20:54,1900-01-00 00:00:00,,9C:2F:9D:82:20:A3,-17,,0.000000,0.000000,0.000,0.000,Client
2026-05-15 07:20:54,1900-01-00 00:00:00,dlink-615_EXT,40:86:CB:27:D2:0C,-17, WPA2 ,0.000000,0.000000,0.000,0.000,AP
2026-05-15 07:20:54,1900-01-00 00:00:00,,9C:2F:9D:82:20:A3,-19,,0.000000,0.000000,0.000,0.000,Client
2026-05-15 07:20:54,1900-01-00 00:00:00,dlink-615_EXT,40:86:CB:27:D2:0C,-19, WPA2 ,0.000000,0.000000,0.000,0.000,AP
2026-05-15 07:20:54,1900-01-00 00:00:00,,9C:2F:9D:82:20:A3,-19,,0.000000,0.000000,0.000,0.000,Client
2026-05-15 07:20:54,1900-01-00 00:00:00,dlink-615_EXT,40:86:CB:27:D2:0C,-19, WPA2 ,0.000000,0.000000,0.000,0.000,AP
2026-05-15 07:20:54,1900-01-00 00:00:00,,9C:2F:9D:82:20:A3,-19,,0.000000,0.000000,0.000,0.000,Client
2026-05-15 07:20:54,1900-01-00 00:00:00,dlink-615_EXT,40:86:CB:27:D2:0C,-19, WPA2 ,0.000000,0.000000,0.000,0.000,AP
2026-05-15 07:20:54,1900-01-00 00:00:00,,9C:2F:9D:82:20:A3,-19,,0.000000,0.000000,0.000,0.000,Client
2026-05-15 07:20:54,1900-01-00 00:00:00,dlink-615_EXT,40:86:CB:27:D2:0C,-17, WPA2 ,0.000000,0.000000,0.000,0.000,AP
2026-05-15 07:20:54,1900-01-00 00:00:00,,9C:2F:9D:82:20:A3,-17,,0.000000,0.000000,0.000,0.000,Client
2026-05-15 07:20:54,1900-01-00 00:00:00,dlink-615_EXT,40:86:CB:27:D2:0C,-17, WPA2 ,0.000000,0.000000,0.000,0.000,AP
2026-05-15 07:20:54,1900-01-00 00:00:00,,9C:2F:9D:82:20:A3,-17,,0.000000,0.000000,0.000,0.000,Client
2026-05-15 07:20:54,1900-01-00 00:00:00,dlink-615_EXT,40:86:CB:27:D2:0C,-17, WPA2 ,0.000000,0.000000,0.000,0.000,AP
2026-05-15 07:20:54,1900-01-00 00:00:00,,9C:2F:9D:82:20:A3,-17,,0.000000,0.000000,0.000,0.000,Client
2026-05-15 07:20:54,1900-01-00 00:00:00,dlink-615_EXT,40:86:CB:27:D2:0C,-17, WPA2 ,0.000000,0.000000,0.000,0.000,AP
2026-05-15 07:20:54,1900-01-00 00:00:00,,9C:2F:9D:82:20:A3,-17,,0.000000,0.000000,0.000,0.000,Client
2026-05-15 07:20:54,1900-01-00 00:00:00,dlink-615_EXT,40:86:CB:27:D2:0C,-19, WPA2 ,0.000000,0.000000,0.000,0.000,AP
2026-05-15 07:20:54,1900-01-00 00:00:00,,9C:2F:9D:82:20:A3,-17,,0.000000,0.000000,0.000,0.000,Client
2026-05-15 07:20:54,1900-01-00 00:00:00,dlink-615_EXT,40:86:CB:27:D2:0C,-19, WPA2 ,0.000000,0.000000,0.000,0.000,AP
2026-05-15 07:20:54,1900-01-00 00:00:00,,9C:2F:9D:82:20:A3,-19,,0.000000,0.000000,0.000,0.000,Client
2026-05-15 07:20:54,1900-01-00 00:00:00,dlink-615_EXT,40:86:CB:27:D2:0C,-19, WPA2 ,0.000000,0.000000,0.000,0.000,AP
2026-05-15 07:20:54,1900-01-00 00:00:00,,9C:2F:9D:82:20:A3,-19,,0.000000,0.000000,0.000,0.000,Client
2026-05-15 07:20:54,1900-01-00 00:00:00,dlink-615_EXT,40:86:CB:27:D2:0C,-19, WPA2 ,0.000000,0.000000,0.000,0.000,AP
2026-05-15 07:20:54,1900-01-00 00:00:00,,9C:2F:9D:82:20:A3,-19,,0.000000,0.000000,0.000,0.000,Client
2026-05-15 07:20:54,1900-01-00 00:00:00,dlink-615_EXT,40:86:CB:27:D2:0C,-19, WPA2 ,0.000000,0.000000,0.000,0.000,AP
2026-05-15 07:20:54,1900-01-00 00:00:00,,9C:2F:9D:82:20:A3,-19,,0.000000,0.000000,0.000,0.000,Client
2026-05-15 07:20:54,1900-01-00 00:00:00,dlink-615_EXT,40:86:CB:27:D2:0C,-19, WPA2 ,0.000000,0.000000,0.000,0.000,AP
2026-05-15 07:20:54,1900-01-00 00:00:00,,9C:2F:9D:82:20:A3,-19,,0.000000,0.000000,0.000,0.000,Client
2026-05-15 07:20:54,1900-01-00 00:00:00,dlink-615_EXT,40:86:CB:27:D2:0C,-19, WPA2 ,0.000000,0.000000,0.000,0.000,AP
2026-05-15 07:20:54,1900-01-00 00:00:00,,9C:2F:9D:82:20:A3,-17,,0.000000,0.000000,0.000,0.000,Client
2026-05-15 07:20:54,1900-01-00 00:00:00,dlink-615_EXT,40:86:CB:27:D2:0C,-17, WPA2 ,0.000000,0.000000,0.000,0.000,AP
2026-05-15 07:20:54,1900-01-00 00:00:00,,9C:2F:9D:82:20:A3,-17,,0.000000,0.000000,0.000,0.000,Client
2026-05-15 07:20:54,1900-01-00 00:00:00,dlink-615_EXT,40:86:CB:27:D2:0C,-17, WPA2 ,0.000000,0.000000,0.000,0.000,AP
2026-05-15 07:20:54,1900-01-00 00:00:00,,9C:2F:9D:82:20:A3,-17,,0.000000,0.000000,0.000,0.000,Client
2026-05-15 07:20:54,1900-01-00 00:00:00,dlink-615_EXT,40:86:CB:27:D2:0C,-17, WPA2 ,0.000000,0.000000,0.000,0.000,AP
2026-05-15 07:20:54,1900-01-00 00:00:00,,9C:2F:9D:82:20:A3,-19,,0.000000,0.000000,0.000,0.000,Client
2026-05-15 07:20:54,1900-01-00 00:00:00,dlink-615_EXT,40:86:CB:27:D2:0C,-19, WPA2 ,0.000000,0.000000,0.000,0.000,AP
2026-05-15 07:20:54,1900-01-00 00:00:00,,9C:2F:9D:82:20:A3,-19,,0.000000,0.000000,0.000,0.000,Client
2026-05-15 07:20:54,1900-01-00 00:00:00,dlink-615_EXT,40:86:CB:27:D2:0C,-19, WPA2 ,0.000000,0.000000,0.000,0.000,AP
2026-05-15 07:20:54,1900-01-00 00:00:00,,9C:2F:9D:82:20:A3,-17,,0.000000,0.000000,0.000,0.000,Client
2026-05-15 07:20:54,1900-01-00 00:00:00,dlink-615_EXT,40:86:CB:27:D2:0C,-19, WPA2 ,0.000000,0.000000,0.000,0.000,AP
2026-05-15 07:20:54,1900-01-00 00:00:00,,9C:2F:9D:82:20:A3,-19,,0.000000,0.000000,0.000,0.000,Client
2026-05-15 07:20:54,1900-01-00 00:00:00,dlink-615_EXT,40:86:CB:27:D2:0C,-19, WPA2 ,0.000000,0.000000,0.000,0.000,AP
2026-05-15 07:20:54,1900-01-00 00:00:00,,9C:2F:9D:82:20:A3,-19,,0.000000,0.000000,0.000,0.000,Client
2026-05-15 07:20:54,1900-01-00 00:00:00,dlink-615_EXT,40:86:CB:27:D2:0C,-19, WPA2 ,0.000000,0.000000,0.000,0.000,AP
2026-05-15 07:20:54,1900-01-00 00:00:00,,9C:2F:9D:82:20:A3,-17,,0.000000,0.000000,0.000,0.000,Client
2026-05-15 07:20:54,1900-01-00 00:00:00,dlink-615_EXT,40:86:CB:27:D2:0C,-17, WPA2 ,0.000000,0.000000,0.000,0.000,AP
2026-05-15 07:20:54,1900-01-00 00:00:00,,9C:2F:9D:82:20:A3,-17,,0.000000,0.000000,0.000,0.000,Client
2026-05-15 07:20:54,1900-01-00 00:00:00,dlink-615_EXT,40:86:CB:27:D2:0C,-17, WPA2 ,0.000000,0.000000,0.000,0.000,AP
2026-05-15 07:20:54,1900-01-00 00:00:00,,9C:2F:9D:82:20:A3,-17,,0.000000,0.000000,0.000,0.000,Client
2026-05-15 07:20:54,1900-01-00 00:00:00,dlink-615_EXT,40:86:CB:27:D2:0C,-17, WPA2 ,0.000000,0.000000,0.000,0.000,AP
2026-05-15 07:20:54,1900-01-00 00:00:00,,9C:2F:9D:82:20:A3,-17,,0.000000,0.000000,0.000,0.000,Client
2026-05-15 07:20:54,1900-01-00 00:00:00,dlink-615_EXT,40:86:CB:27:D2:0C,-17, WPA2 ,0.000000,0.000000,0.000,0.000,AP
2026-05-15 07:20:54,1900-01-00 00:00:00,,9C:2F:9D:82:20:A3,-19,,0.000000,0.000000,0.000,0.000,Client
2026-05-15 07:20:54,1900-01-00 00:00:00,dlink-615_EXT,40:86:CB:27:D2:0C,-17, WPA2 ,0.000000,0.000000,0.000,0.000,AP
2026-05-15 07:20:54,1900-01-00 00:00:00,,9C:2F:9D:82:20:A3,-17,,0.000000,0.000000,0.000,0.000,Client
2026-05-15 07:20:54,1900-01-00 00:00:00,dlink-615_EXT,40:86:CB:27:D2:0C,-17, WPA2 ,0.000000,0.000000,0.000,0.000,AP
2026-05-15 07:20:54,1900-01-00 00:00:00,,9C:2F:9D:82:20:A3,-17,,0.000000,0.000000,0.000,0.000,Client
2026-05-15 07:20:54,1900-01-00 00:00:00,dlink-615_EXT,40:86:CB:27:D2:0C,-17, WPA2 ,0.000000,0.000000,0.000,0.000,AP
2026-05-15 07:20:54,1900-01-00 00:00:00,,9C:2F:9D:82:20:A3,-19,,0.000000,0.000000,0.000,0.000,Client
2026-05-15 07:20:54,1900-01-00 00:00:00,dlink-615_EXT,40:86:CB:27:D2:0C,-19, WPA2 ,0.000000,0.000000,0.000,0.000,AP
2026-05-15 07:20:54,1900-01-00 00:00:00,,9C:2F:9D:82:20:A3,-19,,0.000000,0.000000,0.000,0.000,Client
2026-05-15 07:20:54,1900-01-00 00:00:00,dlink-615_EXT,40:86:CB:27:D2:0C,-19, WPA2 ,0.000000,0.000000,0.000,0.000,AP
2026-05-15 07:20:54,1900-01-00 00:00:00,,9C:2F:9D:82:20:A3,-19,,0.000000,0.000000,0.000,0.000,Client
2026-05-15 07:20:54,1900-01-00 00:00:00,dlink-615_EXT,40:86:CB:27:D2:0C,-19, WPA2 ,0.000000,0.000000,0.000,0.000,AP
2026-05-15 07:20:54,1900-01-00 00:00:00,,9C:2F:9D:82:20:A3,-19,,0.000000,0.000000,0.000,0.000,Client
2026-05-15 07:20:54,1900-01-00 00:00:00,dlink-615_EXT,40:86:CB:27:D2:0C,-19, WPA2 ,0.000000,0.000000,0.000,0.000,AP
2026-05-15 07:20:54,1900-01-00 00:00:00,,9C:2F:9D:82:20:A3,-19,,0.000000,0.000000,0.000,0.000,Client
2026-05-15 07:20:54,1900-01-00 00:00:00,dlink-615_EXT,40:86:CB:27:D2:0C,-19, WPA2 ,0.000000,0.000000,0.000,0.000,AP
2026-05-15 07:20:54,1900-01-00 00:00:00,,9C:2F:9D:82:20:A3,-19,,0.000000,0.000000,0.000,0.000,Client
2026-05-15 07:20:54,1900-01-00 00:00:00,dlink-615_EXT,40:86:CB:27:D2:0C,-19, WPA2 ,0.000000,0.000000,0.000,0.000,AP
2026-05-15 07:20:54,1900-01-00 00:00:00,,9C:2F:9D:82:20:A3,-17,,0.000000,0.000000,0.000,0.000,Client
2026-05-15 07:20:54,1900-01-00 00:00:00,dlink-615_EXT,40:86:CB:27:D2:0C,-17, WPA2 ,0.000000,0.000000,0.000,0.000,AP
2026-05-15 07:20:54,1900-01-00 00:00:00,,9C:2F:9D:82:20:A3,-17,,0.000000,0.000000,0.000,0.000,Client
2026-05-15 07:20:54,1900-01-00 00:00:00,dlink-615_EXT,40:86:CB:27:D2:0C,-17, WPA2 ,0.000000,0.000000,0.000,0.000,AP
2026-05-15 07:20:54,1900-01-00 00:00:00,,9C:2F:9D:82:20:A3,-17,,0.000000,0.000000,0.000,0.000,Client
2026-05-15 07:20:54,1900-01-00 00:00:00,dlink-615_EXT,40:86:CB:27:D2:0C,-19, WPA2 ,0.000000,0.000000,0.000,0.000,AP
2026-05-15 07:20:54,1900-01-00 00:00:00,,9C:2F:9D:82:20:A3,-19,,0.000000,0.000000,0.000,0.000,Client
2026-05-15 07:20:54,1900-01-00 00:00:00,dlink-615_EXT,40:86:CB:27:D2:0C,-19, WPA2 ,0.000000,0.000000,0.000,0.000,AP
2026-05-15 07:20:54,1900-01-00 00:00:00,,9C:2F:9D:82:20:A3,-19,,0.000000,0.000000,0.000,0.000,Client
2026-05-15 07:20:54,1900-01-00 00:00:00,dlink-615_EXT,40:86:CB:27:D2:0C,-19, WPA2 ,0.000000,0.000000,0.000,0.000,AP
2026-05-15 07:20:54,1900-01-00 00:00:00,,9C:2F:9D:82:20:A3,-19,,0.000000,0.000000,0.000,0.000,Client
2026-05-15 07:20:54,1900-01-00 00:00:00,dlink-615_EXT,40:86:CB:27:D2:0C,-19, WPA2 ,0.000000,0.000000,0.000,0.000,AP
2026-05-15 07:20:54,1900-01-00 00:00:00,,9C:2F:9D:82:20:A3,-17,,0.000000,0.000000,0.000,0.000,Client
2026-05-15 07:20:54,1900-01-00 00:00:00,dlink-615_EXT,40:86:CB:27:D2:0C,-17, WPA2 ,0.000000,0.000000,0.000,0.000,AP
2026-05-15 07:20:54,1900-01-00 00:00:00,,9C:2F:9D:82:20:A3,-17,,0.000000,0.000000,0.000,0.000,Client
2026-05-15 07:20:54,1900-01-00 00:00:00,dlink-615_EXT,40:86:CB:27:D2:0C,-17, WPA2 ,0.000000,0.000000,0.000,0.000,AP
2026-05-15 07:20:54,1900-01-00 00:00:00,,9C:2F:9D:82:20:A3,-17,,0.000000,0.000000,0.000,0.000,Client
2026-05-15 07:20:54,1900-01-00 00:00:00,dlink-615_EXT,40:86:CB:27:D2:0C,-17, WPA2 ,0.000000,0.000000,0.000,0.000,AP
2026-05-15 07:20:54,1900-01-00 00:00:00,,9C:2F:9D:82:20:A3,-17,,0.000000,0.000000,0.000,0.000,Client
2026-05-15 07:20:54,1900-01-00 00:00:00,dlink-615_EXT,40:86:CB:27:D2:0C,-17, WPA2 ,0.000000,0.000000,0.000,0.000,AP
2026-05-15 07:20:54,1900-01-00 00:00:00,,9C:2F:9D:82:20:A3,-17,,0.000000,0.000000,0.000,0.000,Client
2026-05-15 07:20:54,1900-01-00 00:00:00,dlink-615_EXT,40:86:CB:27:D2:0C,-17, WPA2 ,0.000000,0.000000,0.000,0.000,AP
2026-05-15 07:20:54,1900-01-00 00:00:00,,9C:2F:9D:82:20:A3,-17,,0.000000,0.000000,0.000,0.000,Client
2026-05-15 07:20:54,1900-01-00 00:00:00,dlink-615_EXT,40:86:CB:27:D2:0C,-19, WPA2 ,0.000000,0.000000,0.000,0.000,AP
2026-05-15 07:20:54,1900-01-00 00:00:00,,9C:2F:9D:82:20:A3,-19,,0.000000,0.000000,0.000,0.000,Client
2026-05-15 07:20:54,1900-01-00 00:00:00,dlink-615_EXT,40:86:CB:27:D2:0C,-19, WPA2 ,0.000000,0.000000,0.000,0.000,AP
2026-05-15 07:20:54,1900-01-00 00:00:00,,9C:2F:9D:82:20:A3,-19,,0.000000,0.000000,0.000,0.000,Client
2026-05-15 07:20:54,1900-01-00 00:00:00,dlink-615_EXT,40:86:CB:27:D2:0C,-19, WPA2 ,0.000000,0.000000,0.000,0.000,AP
2026-05-15 07:20:54,1900-01-00 00:00:00,,9C:2F:9D:82:20:A3,-19,,0.000000,0.000000,0.000,0.000,Client
2026-05-15 07:20:54,1900-01-00 00:00:00,dlink-615_EXT,40:86:CB:27:D2:0C,-17, WPA2 ,0.000000,0.000000,0.000,0.000,AP
2026-05-15 07:20:54,1900-01-00 00:00:00,,9C:2F:9D:82:20:A3,-17,,0.000000,0.000000,0.000,0.000,Client
2026-05-15 07:20:54,1900-01-00 00:00:00,dlink-615_EXT,40:86:CB:27:D2:0C,-19, WPA2 ,0.000000,0.000000,0.000,0.000,AP
2026-05-15 07:20:54,1900-01-00 00:00:00,,9C:2F:9D:82:20:A3,-19,,0.000000,0.000000,0.000,0.000,Client
2026-05-15 07:20:54,1900-01-00 00:00:00,dlink-615_EXT,40:86:CB:27:D2:0C,-19, WPA2 ,0.000000,0.000000,0.000,0.000,AP
2026-05-15 07:20:54,1900-01-00 00:00:00,,9C:2F:9D:82:20:A3,-19,,0.000000,0.000000,0.000,0.000,Client
2026-05-15 07:20:54,1900-01-00 00:00:00,dlink-615_EXT,40:86:CB:27:D2:0C,-19, WPA2 ,0.000000,0.000000,0.000,0.000,AP
2026-05-15 07:20:54,1900-01-00 00:00:00,,9C:2F:9D:82:20:A3,-17,,0.000000,0.000000,0.000,0.000,Client
2026-05-15 07:20:54,1900-01-00 00:00:00,dlink-615_EXT,40:86:CB:27:D2:0C,-19, WPA2 ,0.000000,0.000000,0.000,0.000,AP
2026-05-15 07:20:54,1900-01-00 00:00:00,,9C:2F:9D:82:20:A3,-19,,0.000000,0.000000,0.000,0.000,Client
2026-05-15 07:20:54,1900-01-00 00:00:00,dlink-615_EXT,40:86:CB:27:D2:0C,-17, WPA2 ,0.000000,0.000000,0.000,0.000,AP
2026-05-15 07:20:54,1900-01-00 00:00:00,,9C:2F:9D:82:20:A3,-17,,0.000000,0.000000,0.000,0.000,Client
2026-05-15 07:20:54,1900-01-00 00:00:00,dlink-615_EXT,40:86:CB:27:D2:0C,-17, WPA2 ,0.000000,0.000000,0.000,0.000,AP
2026-05-15 07:20:54,1900-01-00 00:00:00,,9C:2F:9D:82:20:A3,-17,,0.000000,0.000000,0.000,0.000,Client
2026-05-15 07:20:54,1900-01-00 00:00:00,dlink-615_EXT,40:86:CB:27:D2:0C,-17, WPA2 ,0.000000,0.000000,0.000,0.000,AP
2026-05-15 07:20:54,1900-01-00 00:00:00,,9C:2F:9D:82:20:A3,-17,,0.000000,0.000000,0.000,0.000,Client
2026-05-15 07:20:54,1900-01-00 00:00:00,dlink-615_EXT,40:86:CB:27:D2:0C,-17, WPA2 ,0.000000,0.000000,0.000,0.000,AP
2026-05-15 07:20:54,1900-01-00 00:00:00,,9C:2F:9D:82:20:A3,-17,,0.000000,0.000000,0.000,0.000,Client
2026-05-15 07:20:54,1900-01-00 00:00:00,dlink-615_EXT,40:86:CB:27:D2:0C,-17, WPA2 ,0.000000,0.000000,0.000,0.000,AP
2026-05-15 07:20:54,1900-01-00 00:00:00,,9C:2F:9D:82:20:A3,-17,,0.000000,0.000000,0.000,0.000,Client
2026-05-15 07:20:54,1900-01-00 00:00:00,dlink-615_EXT,40:86:CB:27:D2:0C,-19, WPA2 ,0.000000,0.000000,0.000,0.000,AP
2026-05-15 07:20:54,1900-01-00 00:00:00,,9C:2F:9D:82:20:A3,-19,,0.000000,0.000000,0.000,0.000,Client
2026-05-15 07:20:54,1900-01-00 00:00:00,dlink-615_EXT,40:86:CB:27:D2:0C,-17, WPA2 ,0.000000,0.000000,0.000,0.000,AP
2026-05-15 07:20:54,1900-01-00 00:00:00,,9C:2F:9D:82:20:A3,-17,,0.000000,0.000000,0.000,0.000,Client
2026-05-15 07:20:54,1900-01-00 00:00:00,dlink-615_EXT,40:86:CB:27:D2:0C,-19, WPA2 ,0.000000,0.000000,0.000,0.000,AP
2026-05-15 07:20:54,1900-01-00 00:00:00,,9C:2F:9D:82:20:A3,-19,,0.000000,0.000000,0.000,0.000,Client
2026-05-15 07:20:54,1900-01-00 00:00:00,dlink-615_EXT,40:86:CB:27:D2:0C,-17, WPA2 ,0.000000,0.000000,0.000,0.000,AP
2026-05-15 07:20:54,1900-01-00 00:00:00,,9C:2F:9D:82:20:A3,-17,,0.000000,0.000000,0.000,0.000,Client
2026-05-15 07:20:54,1900-01-00 00:00:00,dlink-615_EXT,40:86:CB:27:D2:0C,-17, WPA2 ,0.000000,0.000000,0.000,0.000,AP
2026-05-15 07:20:54,1900-01-00 00:00:00,,9C:2F:9D:82:20:A3,-17,,0.000000,0.000000,0.000,0.000,Client
2026-05-15 07:20:54,1900-01-00 00:00:00,dlink-615_EXT,40:86:CB:27:D2:0C,-19, WPA2 ,0.000000,0.000000,0.000,0.000,AP
2026-05-15 07:20:54,1900-01-00 00:00:00,,9C:2F:9D:82:20:A3,-19,,0.000000,0.000000,0.000,0.000,Client
2026-05-15 07:20:54,1900-01-00 00:00:00,dlink-615_EXT,40:86:CB:27:D2:0C,-17, WPA2 ,0.000000,0.000000,0.000,0.000,AP
2026-05-15 07:20:54,1900-01-00 00:00:00,,9C:2F:9D:82:20:A3,-17,,0.000000,0.000000,0.000,0.000,Client
2026-05-15 07:20:54,1900-01-00 00:00:00,dlink-615_EXT,40:86:CB:27:D2:0C,-17, WPA2 ,0.000000,0.000000,0.000,0.000,AP
2026-05-15 07:20:54,1900-01-00 00:00:00,,9C:2F:9D:82:20:A3,-19,,0.000000,0.000000,0.000,0.000,Client
2026-05-15 07:20:54,1900-01-00 00:00:00,dlink-615_EXT,40:86:CB:27:D2:0C,-17, WPA2 ,0.000000,0.000000,0.000,0.000,AP
2026-05-15 07:20:54,1900-01-00 00:00:00,,9C:2F:9D:82:20:A3,-17,,0.000000,0.000000,0.000,0.000,Client
2026-05-15 07:20:54,1900-01-00 00:00:00,dlink-615_EXT,40:86:CB:27:D2:0C,-17, WPA2 ,0.000000,0.000000,0.000,0.000,AP
2026-05-15 07:20:54,1900-01-00 00:00:00,,9C:2F:9D:82:20:A3,-17,,0.000000,0.000000,0.000,0.000,Client
2026-05-15 07:20:54,1900-01-00 00:00:00,dlink-615_EXT,40:86:CB:27:D2:0C,-17, WPA2 ,0.000000,0.000000,0.000,0.000,AP
2026-05-15 07:20:54,1900-01-00 00:00:00,,9C:2F:9D:82:20:A3,-17,,0.000000,0.000000,0.000,0.000,Client
2026-05-15 07:20:54,1900-01-00 00:00:00,dlink-615_EXT,40:86:CB:27:D2:0C,-17, WPA2 ,0.000000,0.000000,0.000,0.000,AP
2026-05-15 07:20:54,1900-01-00 00:00:00,,9C:2F:9D:82:20:A3,-17,,0.000000,0.000000,0.000,0.000,Client
2026-05-15 07:20:54,1900-01-00 00:00:00,dlink-615_EXT,40:86:CB:27:D2:0C,-17, WPA2 ,0.000000,0.000000,0.000,0.000,AP
2026-05-15 07:20:54,1900-01-00 00:00:00,,9C:2F:9D:82:20:A3,-17,,0.000000,0.000000,0.000,0.000,Client
2026-05-15 07:20:54,1900-01-00 00:00:00,dlink-615_EXT,40:86:CB:27:D2:0C,-17, WPA2 ,0.000000,0.000000,0.000,0.000,AP
2026-05-15 07:20:54,1900-01-00 00:00:00,,9C:2F:9D:82:20:A3,-17,,0.000000,0.000000,0.000,0.000,Client
2026-05-15 07:20:54,1900-01-00 00:00:00,dlink-615_EXT,40:86:CB:27:D2:0C,-17, WPA2 ,0.000000,0.000000,0.000,0.000,AP
2026-05-15 07:20:54,1900-01-00 00:00:00,,9C:2F:9D:82:20:A3,-17,,0.000000,0.000000,0.000,0.000,Client
2026-05-15 07:20:54,1900-01-00 00:00:00,dlink-615_EXT,40:86:CB:27:D2:0C,-17, WPA2 ,0.000000,0.000000,0.000,0.000,AP
2026-05-15 07:20:54,1900-01-00 00:00:00,,9C:2F:9D:82:20:A3,-17,,0.000000,0.000000,0.000,0.000,Client
2026-05-15 07:20:54,1900-01-00 00:00:00,dlink-615_EXT,40:86:CB:27:D2:0C,-17, WPA2 ,0.000000,0.000000,0.000,0.000,AP
2026-05-15 07:20:54,1900-01-00 00:00:00,,9C:2F:9D:82:20:A3,-17,,0.000000,0.000000,0.000,0.000,Client
2026-05-15 07:20:54,1900-01-00 00:00:00,dlink-615_EXT,40:86:CB:27:D2:0C,-17, WPA2 ,0.000000,0.000000,0.000,0.000,AP
2026-05-15 07:20:54,1900-01-00 00:00:00,,9C:2F:9D:82:20:A3,-17,,0.000000,0.000000,0.000,0.000,Client
2026-05-15 07:20:54,1900-01-00 00:00:00,dlink-615_EXT,40:86:CB:27:D2:0C,-17, WPA2 ,0.000000,0.000000,0.000,0.000,AP
2026-05-15 07:20:54,1900-01-00 00:00:00,,9C:2F:9D:82:20:A3,-17,,0.000000,0.000000,0.000,0.000,Client
2026-05-15 07:20:54,1900-01-00 00:00:00,dlink-615_EXT,40:86:CB:27:D2:0C,-15, WPA2 ,0.000000,0.000000,0.000,0.000,AP
2026-05-15 07:20:54,1900-01-00 00:00:00,,9C:2F:9D:82:20:A3,-17,,0.000000,0.000000,0.000,0.000,Client
2026-05-15 07:20:54,1900-01-00 00:00:00,dlink-615_EXT,40:86:CB:27:D2:0C,-17, WPA2 ,0.000000,0.000000,0.000,0.000,AP
2026-05-15 07:20:54,1900-01-00 00:00:00,,9C:2F:9D:82:20:A3,-17,,0.000000,0.000000,0.000,0.000,Client
2026-05-15 07:20:54,1900-01-00 00:00:00,dlink-615_EXT,40:86:CB:27:D2:0C,-17, WPA2 ,0.000000,0.000000,0.000,0.000,AP
2026-05-15 07:20:54,1900-01-00 00:00:00,,9C:2F:9D:82:20:A3,-17,,0.000000,0.000000,0.000,0.000,Client
2026-05-15 07:20:54,1900-01-00 00:00:00,dlink-615_EXT,40:86:CB:27:D2:0C,-19, WPA2 ,0.000000,0.000000,0.000,0.000,AP
2026-05-15 07:20:54,1900-01-00 00:00:00,,9C:2F:9D:82:20:A3,-17,,0.000000,0.000000,0.000,0.000,Client
2026-05-15 07:20:54,1900-01-00 00:00:00,dlink-615_EXT,40:86:CB:27:D2:0C,-17, WPA2 ,0.000000,0.000000,0.000,0.000,AP
2026-05-15 07:20:54,1900-01-00 00:00:00,,9C:2F:9D:82:20:A3,-19,,0.000000,0.000000,0.000,0.000,Client
2026-05-15 07:20:54,1900-01-00 00:00:00,dlink-615_EXT,40:86:CB:27:D2:0C,-19, WPA2 ,0.000000,0.000000,0.000,0.000,AP
2026-05-15 07:20:54,1900-01-00 00:00:00,,9C:2F:9D:82:20:A3,-19,,0.000000,0.000000,0.000,0.000,Client
2026-05-15 07:20:54,1900-01-00 00:00:00,dlink-615_EXT,40:86:CB:27:D2:0C,-19, WPA2 ,0.000000,0.000000,0.000,0.000,AP
2026-05-15 07:20:54,1900-01-00 00:00:00,,9C:2F:9D:82:20:A3,-19,,0.000000,0.000000,0.000,0.000,Client
2026-05-15 07:20:54,1900-01-00 00:00:00,dlink-615_EXT,40:86:CB:27:D2:0C,-19, WPA2 ,0.000000,0.000000,0.000,0.000,AP
2026-05-15 07:20:54,1900-01-00 00:00:00,,9C:2F:9D:82:20:A3,-19,,0.000000,0.000000,0.000,0.000,Client
2026-05-15 07:20:54,1900-01-00 00:00:00,dlink-615_EXT,40:86:CB:27:D2:0C,-19, WPA2 ,0.000000,0.000000,0.000,0.000,AP
2026-05-15 07:20:54,1900-01-00 00:00:00,,9C:2F:9D:82:20:A3,-17,,0.000000,0.000000,0.000,0.000,Client
2026-05-15 07:20:54,1900-01-00 00:00:00,dlink-615_EXT,40:86:CB:27:D2:0C,-19, WPA2 ,0.000000,0.000000,0.000,0.000,AP
2026-05-15 07:20:54,1900-01-00 00:00:00,,9C:2F:9D:82:20:A3,-17,,0.000000,0.000000,0.000,0.000,Client
2026-05-15 07:20:54,1900-01-00 00:00:00,dlink-615_EXT,40:86:CB:27:D2:0C,-17, WPA2 ,0.000000,0.000000,0.000,0.000,AP
2026-05-15 07:20:54,1900-01-00 00:00:00,,9C:2F:9D:82:20:A3,-17,,0.000000,0.000000,0.000,0.000,Client
2026-05-15 07:20:54,1900-01-00 00:00:00,dlink-615_EXT,40:86:CB:27:D2:0C,-17, WPA2 ,0.000000,0.000000,0.000,0.000,AP
2026-05-15 07:20:54,1900-01-00 00:00:00,,9C:2F:9D:82:20:A3,-17,,0.000000,0.000000,0.000,0.000,Client
2026-05-15 07:20:54,1900-01-00 00:00:00,dlink-615_EXT,40:86:CB:27:D2:0C,-17, WPA2 ,0.000000,0.000000,0.000,0.000,AP
2026-05-15 07:20:54,1900-01-00 00:00:00,,9C:2F:9D:82:20:A3,-17,,0.000000,0.000000,0.000,0.000,Client
2026-05-15 07:20:54,1900-01-00 00:00:00,dlink-615_EXT,40:86:CB:27:D2:0C,-17, WPA2 ,0.000000,0.000000,0.000,0.000,AP
2026-05-15 07:20:54,1900-01-00 00:00:00,,9C:2F:9D:82:20:A3,-17,,0.000000,0.000000,0.000,0.000,Client
2026-05-15 07:20:54,1900-01-00 00:00:00,dlink-615_EXT,40:86:CB:27:D2:0C,-17, WPA2 ,0.000000,0.000000,0.000,0.000,AP
2026-05-15 07:20:54,1900-01-00 00:00:00,,9C:2F:9D:82:20:A3,-17,,0.000000,0.000000,0.000,0.000,Client
2026-05-15 07:20:54,1900-01-00 00:00:00,dlink-615_EXT,40:86:CB:27:D2:0C,-17, WPA2 ,0.000000,0.000000,0.000,0.000,AP
2026-05-15 07:20:54,1900-01-00 00:00:00,,9C:2F:9D:82:20:A3,-17,,0.000000,0.000000,0.000,0.000,Client
2026-05-15 07:20:54,1900-01-00 00:00:00,dlink-615_EXT,40:86:CB:27:D2:0C,-17, WPA2 ,0.000000,0.000000,0.000,0.000,AP
2026-05-15 07:20:54,1900-01-00 00:00:00,,9C:2F:9D:82:20:A3,-17,,0.000000,0.000000,0.000,0.000,Client
2026-05-15 07:20:54,1900-01-00 00:00:00,dlink-615_EXT,40:86:CB:27:D2:0C,-17, WPA2 ,0.000000,0.000000,0.000,0.000,AP
2026-05-15 07:20:54,1900-01-00 00:00:00,,9C:2F:9D:82:20:A3,-17,,0.000000,0.000000,0.000,0.000,Client
2026-05-15 07:20:54,1900-01-00 00:00:00,dlink-615_EXT,40:86:CB:27:D2:0C,-19, WPA2 ,0.000000,0.000000,0.000,0.000,AP
2026-05-15 07:20:54,1900-01-00 00:00:00,,9C:2F:9D:82:20:A3,-17,,0.000000,0.000000,0.000,0.000,Client
2026-05-15 07:20:54,1900-01-00 00:00:00,dlink-615_EXT,40:86:CB:27:D2:0C,-19, WPA2 ,0.000000,0.000000,0.000,0.000,AP
2026-05-15 07:20:54,1900-01-00 00:00:00,,9C:2F:9D:82:20:A3,-19,,0.000000,0.000000,0.000,0.000,Client
2026-05-15 07:20:54,1900-01-00 00:00:00,dlink-615_EXT,40:86:CB:27:D2:0C,-19, WPA2 ,0.000000,0.000000,0.000,0.000,AP
2026-05-15 07:20:54,1900-01-00 00:00:00,,9C:2F:9D:82:20:A3,-19,,0.000000,0.000000,0.000,0.000,Client
2026-05-15 07:20:55,1900-01-00 00:00:00,dlink-615_EXT,40:86:CB:27:D2:0C,-17, WPA2 ,0.000000,0.000000,0.000,0.000,AP
2026-05-15 07:20:55,1900-01-00 00:00:00,,9C:2F:9D:82:20:A3,-17,,0.000000,0.000000,0.000,0.000,Client
2026-05-15 07:20:55,1900-01-00 00:00:00,dlink-615_EXT,40:86:CB:27:D2:0C,-17, WPA2 ,0.000000,0.000000,0.000,0.000,AP
2026-05-15 07:20:55,1900-01-00 00:00:00,,9C:2F:9D:82:20:A3,-17,,0.000000,0.000000,0.000,0.000,Client
2026-05-15 07:20:55,1900-01-00 00:00:00,dlink-615_EXT,40:86:CB:27:D2:0C,-17, WPA2 ,0.000000,0.000000,0.000,0.000,AP
2026-05-15 07:20:55,1900-01-00 00:00:00,,9C:2F:9D:82:20:A3,-17,,0.000000,0.000000,0.000,0.000,Client
2026-05-15 07:20:55,1900-01-00 00:00:00,dlink-615_EXT,40:86:CB:27:D2:0C,-19, WPA2 ,0.000000,0.000000,0.000,0.000,AP
2026-05-15 07:20:55,1900-01-00 00:00:00,,9C:2F:9D:82:20:A3,-19,,0.000000,0.000000,0.000,0.000,Client
2026-05-15 07:20:55,1900-01-00 00:00:00,dlink-615_EXT,40:86:CB:27:D2:0C,-19, WPA2 ,0.000000,0.000000,0.000,0.000,AP
2026-05-15 07:20:55,1900-01-00 00:00:00,,9C:2F:9D:82:20:A3,-19,,0.000000,0.000000,0.000,0.000,Client
2026-05-15 07:20:55,1900-01-00 00:00:00,dlink-615_EXT,40:86:CB:27:D2:0C,-19, WPA2 ,0.000000,0.000000,0.000,0.000,AP
2026-05-15 07:20:55,1900-01-00 00:00:00,,9C:2F:9D:82:20:A3,-19,,0.000000,0.000000,0.000,0.000,Client
2026-05-15 07:20:55,1900-01-00 00:00:00,dlink-615_EXT,40:86:CB:27:D2:0C,-17, WPA2 ,0.000000,0.000000,0.000,0.000,AP
2026-05-15 07:20:55,1900-01-00 00:00:00,,9C:2F:9D:82:20:A3,-17,,0.000000,0.000000,0.000,0.000,Client
2026-05-15 07:20:55,1900-01-00 00:00:00,dlink-615_EXT,40:86:CB:27:D2:0C,-17, WPA2 ,0.000000,0.000000,0.000,0.000,AP
2026-05-15 07:20:55,1900-01-00 00:00:00,,9C:2F:9D:82:20:A3,-17,,0.000000,0.000000,0.000,0.000,Client
2026-05-15 07:20:55,1900-01-00 00:00:00,dlink-615_EXT,40:86:CB:27:D2:0C,-17, WPA2 ,0.000000,0.000000,0.000,0.000,AP
2026-05-15 07:20:55,1900-01-00 00:00:00,,9C:2F:9D:82:20:A3,-19,,0.000000,0.000000,0.000,0.000,Client
2026-05-15 07:20:55,1900-01-00 00:00:00,dlink-615_EXT,40:86:CB:27:D2:0C,-19, WPA2 ,0.000000,0.000000,0.000,0.000,AP
2026-05-15 07:20:55,1900-01-00 00:00:00,,9C:2F:9D:82:20:A3,-19,,0.000000,0.000000,0.000,0.000,Client
2026-05-15 07:20:55,1900-01-00 00:00:00,dlink-615_EXT,40:86:CB:27:D2:0C,-17, WPA2 ,0.000000,0.000000,0.000,0.000,AP
2026-05-15 07:20:55,1900-01-00 00:00:00,,9C:2F:9D:82:20:A3,-17,,0.000000,0.000000,0.000,0.000,Client
2026-05-15 07:20:55,1900-01-00 00:00:00,dlink-615_EXT,40:86:CB:27:D2:0C,-17, WPA2 ,0.000000,0.000000,0.000,0.000,AP
2026-05-15 07:20:55,1900-01-00 00:00:00,,9C:2F:9D:82:20:A3,-19,,0.000000,0.000000,0.000,0.000,Client
2026-05-15 07:20:55,1900-01-00 00:00:00,dlink-615_EXT,40:86:CB:27:D2:0C,-17, WPA2 ,0.000000,0.000000,0.000,0.000,AP
2026-05-15 07:20:55,1900-01-00 00:00:00,,9C:2F:9D:82:20:A3,-17,,0.000000,0.000000,0.000,0.000,Client
2026-05-15 07:20:55,1900-01-00 00:00:00,dlink-615_EXT,40:86:CB:27:D2:0C,-17, WPA2 ,0.000000,0.000000,0.000,0.000,AP
2026-05-15 07:20:55,1900-01-00 00:00:00,,9C:2F:9D:82:20:A3,-17,,0.000000,0.000000,0.000,0.000,Client
2026-05-15 07:20:55,1900-01-00 00:00:00,dlink-615_EXT,40:86:CB:27:D2:0C,-17, WPA2 ,0.000000,0.000000,0.000,0.000,AP
2026-05-15 07:20:55,1900-01-00 00:00:00,,9C:2F:9D:82:20:A3,-17,,0.000000,0.000000,0.000,0.000,Client
2026-05-15 07:20:55,1900-01-00 00:00:00,dlink-615_EXT,40:86:CB:27:D2:0C,-17, WPA2 ,0.000000,0.000000,0.000,0.000,AP
2026-05-15 07:20:55,1900-01-00 00:00:00,,9C:2F:9D:82:20:A3,-19,,0.000000,0.000000,0.000,0.000,Client
2026-05-15 07:20:55,1900-01-00 00:00:00,dlink-615_EXT,40:86:CB:27:D2:0C,-19, WPA2 ,0.000000,0.000000,0.000,0.000,AP
2026-05-15 07:20:55,1900-01-00 00:00:00,,9C:2F:9D:82:20:A3,-19,,0.000000,0.000000,0.000,0.000,Client
2026-05-15 07:20:55,1900-01-00 00:00:00,dlink-615_EXT,40:86:CB:27:D2:0C,-19, WPA2 ,0.000000,0.000000,0.000,0.000,AP
2026-05-15 07:20:55,1900-01-00 00:00:00,,9C:2F:9D:82:20:A3,-19,,0.000000,0.000000,0.000,0.000,Client
2026-05-15 07:20:55,1900-01-00 00:00:00,dlink-615_EXT,40:86:CB:27:D2:0C,-19, WPA2 ,0.000000,0.000000,0.000,0.000,AP
2026-05-15 07:20:55,1900-01-00 00:00:00,,9C:2F:9D:82:20:A3,-17,,0.000000,0.000000,0.000,0.000,Client
2026-05-15 07:20:55,1900-01-00 00:00:00,dlink-615_EXT,40:86:CB:27:D2:0C,-17, WPA2 ,0.000000,0.000000,0.000,0.000,AP
2026-05-15 07:20:55,1900-01-00 00:00:00,,9C:2F:9D:82:20:A3,-17,,0.000000,0.000000,0.000,0.000,Client
2026-05-15 07:20:55,1900-01-00 00:00:00,dlink-615_EXT,40:86:CB:27:D2:0C,-17, WPA2 ,0.000000,0.000000,0.000,0.000,AP
2026-05-15 07:20:55,1900-01-00 00:00:00,,9C:2F:9D:82:20:A3,-17,,0.000000,0.000000,0.000,0.000,Client
2026-05-15 07:20:55,1900-01-00 00:00:00,dlink-615_EXT,40:86:CB:27:D2:0C,-17, WPA2 ,0.000000,0.000000,0.000,0.000,AP
2026-05-15 07:20:55,1900-01-00 00:00:00,,9C:2F:9D:82:20:A3,-17,,0.000000,0.000000,0.000,0.000,Client
2026-05-15 07:20:55,1900-01-00 00:00:00,dlink-615_EXT,40:86:CB:27:D2:0C,-17, WPA2 ,0.000000,0.000000,0.000,0.000,AP
2026-05-15 07:20:55,1900-01-00 00:00:00,,9C:2F:9D:82:20:A3,-17,,0.000000,0.000000,0.000,0.000,Client
2026-05-15 07:20:55,1900-01-00 00:00:00,dlink-615_EXT,40:86:CB:27:D2:0C,-17, WPA2 ,0.000000,0.000000,0.000,0.000,AP
2026-05-15 07:20:55,1900-01-00 00:00:00,,9C:2F:9D:82:20:A3,-17,,0.000000,0.000000,0.000,0.000,Client
2026-05-15 07:20:55,1900-01-00 00:00:00,dlink-615_EXT,40:86:CB:27:D2:0C,-17, WPA2 ,0.000000,0.000000,0.000,0.000,AP
2026-05-15 07:20:55,1900-01-00 00:00:00,,9C:2F:9D:82:20:A3,-17,,0.000000,0.000000,0.000,0.000,Client
2026-05-15 07:20:55,1900-01-00 00:00:00,dlink-615_EXT,40:86:CB:27:D2:0C,-17, WPA2 ,0.000000,0.000000,0.000,0.000,AP
2026-05-15 07:20:55,1900-01-00 00:00:00,,9C:2F:9D:82:20:A3,-17,,0.000000,0.000000,0.000,0.000,Client
2026-05-15 07:20:55,1900-01-00 00:00:00,dlink-615_EXT,40:86:CB:27:D2:0C,-17, WPA2 ,0.000000,0.000000,0.000,0.000,AP
2026-05-15 07:20:55,1900-01-00 00:00:00,,9C:2F:9D:82:20:A3,-17,,0.000000,0.000000,0.000,0.000,Client
2026-05-15 07:20:55,1900-01-00 00:00:00,dlink-615_EXT,40:86:CB:27:D2:0C,-17, WPA2 ,0.000000,0.000000,0.000,0.000,AP
2026-05-15 07:20:55,1900-01-00 00:00:00,,9C:2F:9D:82:20:A3,-17,,0.000000,0.000000,0.000,0.000,Client
2026-05-15 07:20:55,1900-01-00 00:00:00,dlink-615_EXT,40:86:CB:27:D2:0C,-17, WPA2 ,0.000000,0.000000,0.000,0.000,AP
2026-05-15 07:20:55,1900-01-00 00:00:00,,9C:2F:9D:82:20:A3,-17,,0.000000,0.000000,0.000,0.000,Client
2026-05-15 07:20:55,1900-01-00 00:00:00,dlink-615_EXT,40:86:CB:27:D2:0C,-17, WPA2 ,0.000000,0.000000,0.000,0.000,AP
2026-05-15 07:20:55,1900-01-00 00:00:00,,9C:2F:9D:82:20:A3,-17,,0.000000,0.000000,0.000,0.000,Client
2026-05-15 07:20:55,1900-01-00 00:00:00,dlink-615_EXT,40:86:CB:27:D2:0C,-17, WPA2 ,0.000000,0.000000,0.000,0.000,AP
2026-05-15 07:20:55,1900-01-00 00:00:00,,9C:2F:9D:82:20:A3,-17,,0.000000,0.000000,0.000,0.000,Client
2026-05-15 07:20:55,1900-01-00 00:00:00,dlink-615_EXT,40:86:CB:27:D2:0C,-17, WPA2 ,0.000000,0.000000,0.000,0.000,AP
2026-05-15 07:20:55,1900-01-00 00:00:00,,9C:2F:9D:82:20:A3,-17,,0.000000,0.000000,0.000,0.000,Client
2026-05-15 07:20:55,1900-01-00 00:00:00,dlink-615_EXT,40:86:CB:27:D2:0C,-17, WPA2 ,0.000000,0.000000,0.000,0.000,AP
2026-05-15 07:20:55,1900-01-00 00:00:00,,9C:2F:9D:82:20:A3,-17,,0.000000,0.000000,0.000,0.000,Client
2026-05-15 07:20:55,1900-01-00 00:00:00,dlink-615_EXT,40:86:CB:27:D2:0C,-17, WPA2 ,0.000000,0.000000,0.000,0.000,AP
2026-05-15 07:20:55,1900-01-00 00:00:00,,9C:2F:9D:82:20:A3,-17,,0.000000,0.000000,0.000,0.000,Client
2026-05-15 07:20:55,1900-01-00 00:00:00,dlink-615_EXT,40:86:CB:27:D2:0C,-17, WPA2 ,0.000000,0.000000,0.000,0.000,AP
2026-05-15 07:20:55,1900-01-00 00:00:00,,9C:2F:9D:82:20:A3,-17,,0.000000,0.000000,0.000,0.000,Client
2026-05-15 07:20:55,1900-01-00 00:00:00,dlink-615_EXT,40:86:CB:27:D2:0C,-17, WPA2 ,0.000000,0.000000,0.000,0.000,AP
2026-05-15 07:20:55,1900-01-00 00:00:00,,9C:2F:9D:82:20:A3,-17,,0.000000,0.000000,0.000,0.000,Client
2026-05-15 07:20:55,1900-01-00 00:00:00,dlink-615_EXT,40:86:CB:27:D2:0C,-17, WPA2 ,0.000000,0.000000,0.000,0.000,AP
2026-05-15 07:20:55,1900-01-00 00:00:00,,9C:2F:9D:82:20:A3,-17,,0.000000,0.000000,0.000,0.000,Client
2026-05-15 07:20:55,1900-01-00 00:00:00,dlink-615_EXT,40:86:CB:27:D2:0C,-17, WPA2 ,0.000000,0.000000,0.000,0.000,AP
2026-05-15 07:20:55,1900-01-00 00:00:00,,9C:2F:9D:82:20:A3,-17,,0.000000,0.000000,0.000,0.000,Client
2026-05-15 07:20:55,1900-01-00 00:00:00,dlink-615_EXT,40:86:CB:27:D2:0C,-17, WPA2 ,0.000000,0.000000,0.000,0.000,AP
2026-05-15 07:20:55,1900-01-00 00:00:00,,9C:2F:9D:82:20:A3,-17,,0.000000,0.000000,0.000,0.000,Client
2026-05-15 07:20:55,1900-01-00 00:00:00,dlink-615_EXT,40:86:CB:27:D2:0C,-17, WPA2 ,0.000000,0.000000,0.000,0.000,AP
2026-05-15 07:20:55,1900-01-00 00:00:00,,9C:2F:9D:82:20:A3,-17,,0.000000,0.000000,0.000,0.000,Client
2026-05-15 07:20:55,1900-01-00 00:00:00,dlink-615_EXT,40:86:CB:27:D2:0C,-17, WPA2 ,0.000000,0.000000,0.000,0.000,AP
2026-05-15 07:20:55,1900-01-00 00:00:00,,9C:2F:9D:82:20:A3,-17,,0.000000,0.000000,0.000,0.000,Client
2026-05-15 07:20:55,1900-01-00 00:00:00,dlink-615_EXT,40:86:CB:27:D2:0C,-17, WPA2 ,0.000000,0.000000,0.000,0.000,AP
2026-05-15 07:20:55,1900-01-00 00:00:00,,9C:2F:9D:82:20:A3,-17,,0.000000,0.000000,0.000,0.000,Client
2026-05-15 07:20:55,1900-01-00 00:00:00,dlink-615_EXT,40:86:CB:27:D2:0C,-17, WPA2 ,0.000000,0.000000,0.000,0.000,AP
2026-05-15 07:20:55,1900-01-00 00:00:00,,9C:2F:9D:82:20:A3,-17,,0.000000,0.000000,0.000,0.000,Client
2026-05-15 07:20:55,1900-01-00 00:00:00,dlink-615_EXT,40:86:CB:27:D2:0C,-17, WPA2 ,0.000000,0.000000,0.000,0.000,AP
2026-05-15 07:20:55,1900-01-00 00:00:00,,9C:2F:9D:82:20:A3,-17,,0.000000,0.000000,0.000,0.000,Client
2026-05-15 07:20:55,1900-01-00 00:00:00,dlink-615_EXT,40:86:CB:27:D2:0C,-17, WPA2 ,0.000000,0.000000,0.000,0.000,AP
2026-05-15 07:20:55,1900-01-00 00:00:00,,9C:2F:9D:82:20:A3,-17,,0.000000,0.000000,0.000,0.000,Client
2026-05-15 07:20:55,1900-01-00 00:00:00,dlink-615_EXT,40:86:CB:27:D2:0C,-17, WPA2 ,0.000000,0.000000,0.000,0.000,AP
2026-05-15 07:20:55,1900-01-00 00:00:00,,9C:2F:9D:82:20:A3,-17,,0.000000,0.000000,0.000,0.000,Client
2026-05-15 07:20:55,1900-01-00 00:00:00,dlink-615_EXT,40:86:CB:27:D2:0C,-17, WPA2 ,0.000000,0.000000,0.000,0.000,AP
2026-05-15 07:20:55,1900-01-00 00:00:00,,9C:2F:9D:82:20:A3,-17,,0.000000,0.000000,0.000,0.000,Client
2026-05-15 07:20:55,1900-01-00 00:00:00,dlink-615_EXT,40:86:CB:27:D2:0C,-17, WPA2 ,0.000000,0.000000,0.000,0.000,AP
2026-05-15 07:20:55,1900-01-00 00:00:00,,9C:2F:9D:82:20:A3,-17,,0.000000,0.000000,0.000,0.000,Client
2026-05-15 07:20:55,1900-01-00 00:00:00,dlink-615_EXT,40:86:CB:27:D2:0C,-17, WPA2 ,0.000000,0.000000,0.000,0.000,AP
2026-05-15 07:20:55,1900-01-00 00:00:00,,9C:2F:9D:82:20:A3,-17,,0.000000,0.000000,0.000,0.000,Client
2026-05-15 07:20:55,1900-01-00 00:00:00,dlink-615_EXT,40:86:CB:27:D2:0C,-17, WPA2 ,0.000000,0.000000,0.000,0.000,AP
2026-05-15 07:20:55,1900-01-00 00:00:00,,9C:2F:9D:82:20:A3,-17,,0.000000,0.000000,0.000,0.000,Client
2026-05-15 07:20:55,1900-01-00 00:00:00,dlink-615_EXT,40:86:CB:27:D2:0C,-17, WPA2 ,0.000000,0.000000,0.000,0.000,AP
2026-05-15 07:20:55,1900-01-00 00:00:00,,9C:2F:9D:82:20:A3,-17,,0.000000,0.000000,0.000,0.000,Client
2026-05-15 07:20:55,1900-01-00 00:00:00,dlink-615_EXT,40:86:CB:27:D2:0C,-17, WPA2 ,0.000000,0.000000,0.000,0.000,AP
2026-05-15 07:20:55,1900-01-00 00:00:00,,9C:2F:9D:82:20:A3,-17,,0.000000,0.000000,0.000,0.000,Client
2026-05-15 07:20:55,1900-01-00 00:00:00,dlink-615_EXT,40:86:CB:27:D2:0C,-17, WPA2 ,0.000000,0.000000,0.000,0.000,AP
2026-05-15 07:20:55,1900-01-00 00:00:00,,9C:2F:9D:82:20:A3,-17,,0.000000,0.000000,0.000,0.000,Client
2026-05-15 07:20:55,1900-01-00 00:00:00,dlink-615_EXT,40:86:CB:27:D2:0C,-17, WPA2 ,0.000000,0.000000,0.000,0.000,AP
2026-05-15 07:20:55,1900-01-00 00:00:00,,9C:2F:9D:82:20:A3,-17,,0.000000,0.000000,0.000,0.000,Client
2026-05-15 07:20:55,1900-01-00 00:00:00,dlink-615_EXT,40:86:CB:27:D2:0C,-17, WPA2 ,0.000000,0.000000,0.000,0.000,AP
2026-05-15 07:20:55,1900-01-00 00:00:00,,9C:2F:9D:82:20:A3,-17,,0.000000,0.000000,0.000,0.000,Client
2026-05-15 07:20:55,1900-01-00 00:00:00,dlink-615_EXT,40:86:CB:27:D2:0C,-17, WPA2 ,0.000000,0.000000,0.000,0.000,AP
2026-05-15 07:20:55,1900-01-00 00:00:00,,9C:2F:9D:82:20:A3,-17,,0.000000,0.000000,0.000,0.000,Client
2026-05-15 07:20:55,1900-01-00 00:00:00,dlink-615_EXT,40:86:CB:27:D2:0C,-17, WPA2 ,0.000000,0.000000,0.000,0.000,AP
2026-05-15 07:20:55,1900-01-00 00:00:00,,9C:2F:9D:82:20:A3,-17,,0.000000,0.000000,0.000,0.000,Client
2026-05-15 07:20:55,1900-01-00 00:00:00,dlink-615_EXT,40:86:CB:27:D2:0C,-17, WPA2 ,0.000000,0.000000,0.000,0.000,AP
2026-05-15 07:20:55,1900-01-00 00:00:00,,9C:2F:9D:82:20:A3,-17,,0.000000,0.000000,0.000,0.000,Client
2026-05-15 07:20:55,1900-01-00 00:00:00,dlink-615_EXT,40:86:CB:27:D2:0C,-17, WPA2 ,0.000000,0.000000,0.000,0.000,AP
2026-05-15 07:20:55,1900-01-00 00:00:00,,9C:2F:9D:82:20:A3,-17,,0.000000,0.000000,0.000,0.000,Client
2026-05-15 07:20:55,1900-01-00 00:00:00,dlink-615_EXT,40:86:CB:27:D2:0C,-17, WPA2 ,0.000000,0.000000,0.000,0.000,AP
2026-05-15 07:20:55,1900-01-00 00:00:00,,9C:2F:9D:82:20:A3,-17,,0.000000,0.000000,0.000,0.000,Client
2026-05-15 07:20:55,1900-01-00 00:00:00,dlink-615_EXT,40:86:CB:27:D2:0C,-17, WPA2 ,0.000000,0.000000,0.000,0.000,AP
2026-05-15 07:20:55,1900-01-00 00:00:00,,9C:2F:9D:82:20:A3,-17,,0.000000,0.000000,0.000,0.000,Client
2026-05-15 07:20:55,1900-01-00 00:00:00,dlink-615_EXT,40:86:CB:27:D2:0C,-17, WPA2 ,0.000000,0.000000,0.000,0.000,AP
2026-05-15 07:20:55,1900-01-00 00:00:00,,9C:2F:9D:82:20:A3,-17,,0.000000,0.000000,0.000,0.000,Client
2026-05-15 07:20:55,1900-01-00 00:00:00,dlink-615_EXT,40:86:CB:27:D2:0C,-17, WPA2 ,0.000000,0.000000,0.000,0.000,AP
2026-05-15 07:20:55,1900-01-00 00:00:00,,9C:2F:9D:82:20:A3,-17,,0.000000,0.000000,0.000,0.000,Client
2026-05-15 07:20:55,1900-01-00 00:00:00,dlink-615_EXT,40:86:CB:27:D2:0C,-17, WPA2 ,0.000000,0.000000,0.000,0.000,AP
2026-05-15 07:20:55,1900-01-00 00:00:00,,9C:2F:9D:82:20:A3,-17,,0.000000,0.000000,0.000,0.000,Client
2026-05-15 07:20:55,1900-01-00 00:00:00,dlink-615_EXT,40:86:CB:27:D2:0C,-17, WPA2 ,0.000000,0.000000,0.000,0.000,AP
2026-05-15 07:20:55,1900-01-00 00:00:00,,9C:2F:9D:82:20:A3,-17,,0.000000,0.000000,0.000,0.000,Client
2026-05-15 07:20:55,1900-01-00 00:00:00,dlink-615_EXT,40:86:CB:27:D2:0C,-17, WPA2 ,0.000000,0.000000,0.000,0.000,AP
2026-05-15 07:20:55,1900-01-00 00:00:00,,9C:2F:9D:82:20:A3,-17,,0.000000,0.000000,0.000,0.000,Client
2026-05-15 07:20:55,1900-01-00 00:00:00,dlink-615_EXT,40:86:CB:27:D2:0C,-17, WPA2 ,0.000000,0.000000,0.000,0.000,AP
2026-05-15 07:20:55,1900-01-00 00:00:00,,9C:2F:9D:82:20:A3,-17,,0.000000,0.000000,0.000,0.000,Client
2026-05-15 07:20:55,1900-01-00 00:00:00,dlink-615_EXT,40:86:CB:27:D2:0C,-19, WPA2 ,0.000000,0.000000,0.000,0.000,AP
2026-05-15 07:20:55,1900-01-00 00:00:00,,9C:2F:9D:82:20:A3,-19,,0.000000,0.000000,0.000,0.000,Client
2026-05-15 07:20:55,1900-01-00 00:00:00,dlink-615_EXT,40:86:CB:27:D2:0C,-17, WPA2 ,0.000000,0.000000,0.000,0.000,AP
2026-05-15 07:20:55,1900-01-00 00:00:00,,9C:2F:9D:82:20:A3,-17,,0.000000,0.000000,0.000,0.000,Client
2026-05-15 07:20:55,1900-01-00 00:00:00,dlink-615_EXT,40:86:CB:27:D2:0C,-17, WPA2 ,0.000000,0.000000,0.000,0.000,AP
2026-05-15 07:20:55,1900-01-00 00:00:00,,9C:2F:9D:82:20:A3,-17,,0.000000,0.000000,0.000,0.000,Client
2026-05-15 07:20:55,1900-01-00 00:00:00,dlink-615_EXT,40:86:CB:27:D2:0C,-17, WPA2 ,0.000000,0.000000,0.000,0.000,AP
2026-05-15 07:20:55,1900-01-00 00:00:00,,9C:2F:9D:82:20:A3,-17,,0.000000,0.000000,0.000,0.000,Client
2026-05-15 07:20:55,1900-01-00 00:00:00,dlink-615_EXT,40:86:CB:27:D2:0C,-19, WPA2 ,0.000000,0.000000,0.000,0.000,AP
2026-05-15 07:20:55,1900-01-00 00:00:00,,9C:2F:9D:82:20:A3,-19,,0.000000,0.000000,0.000,0.000,Client
2026-05-15 07:20:55,1900-01-00 00:00:00,dlink-615_EXT,40:86:CB:27:D2:0C,-19, WPA2 ,0.000000,0.000000,0.000,0.000,AP
2026-05-15 07:20:55,1900-01-00 00:00:00,,9C:2F:9D:82:20:A3,-19,,0.000000,0.000000,0.000,0.000,Client
2026-05-15 07:20:55,1900-01-00 00:00:00,dlink-615_EXT,40:86:CB:27:D2:0C,-21, WPA2 ,0.000000,0.000000,0.000,0.000,AP
2026-05-15 07:20:55,1900-01-00 00:00:00,,9C:2F:9D:82:20:A3,-21,,0.000000,0.000000,0.000,0.000,Client
2026-05-15 07:20:55,1900-01-00 00:00:00,dlink-615_EXT,40:86:CB:27:D2:0C,-19, WPA2 ,0.000000,0.000000,0.000,0.000,AP
2026-05-15 07:20:55,1900-01-00 00:00:00,,9C:2F:9D:82:20:A3,-19,,0.000000,0.000000,0.000,0.000,Client
2026-05-15 07:20:55,1900-01-00 00:00:00,dlink-615_EXT,40:86:CB:27:D2:0C,-19, WPA2 ,0.000000,0.000000,0.000,0.000,AP
2026-05-15 07:20:55,1900-01-00 00:00:00,,9C:2F:9D:82:20:A3,-19,,0.000000,0.000000,0.000,0.000,Client
2026-05-15 07:20:55,1900-01-00 00:00:00,dlink-615_EXT,40:86:CB:27:D2:0C,-17, WPA2 ,0.000000,0.000000,0.000,0.000,AP
2026-05-15 07:20:55,1900-01-00 00:00:00,,9C:2F:9D:82:20:A3,-17,,0.000000,0.000000,0.000,0.000,Client
2026-05-15 07:20:55,1900-01-00 00:00:00,dlink-615_EXT,40:86:CB:27:D2:0C,-17, WPA2 ,0.000000,0.000000,0.000,0.000,AP
2026-05-15 07:20:55,1900-01-00 00:00:00,,9C:2F:9D:82:20:A3,-17,,0.000000,0.000000,0.000,0.000,Client
2026-05-15 07:20:55,1900-01-00 00:00:00,dlink-615_EXT,40:86:CB:27:D2:0C,-17, WPA2 ,0.000000,0.000000,0.000,0.000,AP
2026-05-15 07:20:55,1900-01-00 00:00:00,,9C:2F:9D:82:20:A3,-17,,0.000000,0.000000,0.000,0.000,Client
2026-05-15 07:20:55,1900-01-00 00:00:00,dlink-615_EXT,40:86:CB:27:D2:0C,-19, WPA2 ,0.000000,0.000000,0.000,0.000,AP
2026-05-15 07:20:55,1900-01-00 00:00:00,,9C:2F:9D:82:20:A3,-19,,0.000000,0.000000,0.000,0.000,Client
2026-05-15 07:20:55,1900-01-00 00:00:00,dlink-615_EXT,40:86:CB:27:D2:0C,-17, WPA2 ,0.000000,0.000000,0.000,0.000,AP
2026-05-15 07:20:55,1900-01-00 00:00:00,,9C:2F:9D:82:20:A3,-17,,0.000000,0.000000,0.000,0.000,Client
2026-05-15 07:20:55,1900-01-00 00:00:00,dlink-615_EXT,40:86:CB:27:D2:0C,-17, WPA2 ,0.000000,0.000000,0.000,0.000,AP
2026-05-15 07:20:55,1900-01-00 00:00:00,,9C:2F:9D:82:20:A3,-17,,0.000000,0.000000,0.000,0.000,Client
2026-05-15 07:20:55,1900-01-00 00:00:00,dlink-615_EXT,40:86:CB:27:D2:0C,-17, WPA2 ,0.000000,0.000000,0.000,0.000,AP
2026-05-15 07:20:55,1900-01-00 00:00:00,,9C:2F:9D:82:20:A3,-17,,0.000000,0.000000,0.000,0.000,Client
2026-05-15 07:20:55,1900-01-00 00:00:00,dlink-615_EXT,40:86:CB:27:D2:0C,-17, WPA2 ,0.000000,0.000000,0.000,0.000,AP
2026-05-15 07:20:55,1900-01-00 00:00:00,,9C:2F:9D:82:20:A3,-17,,0.000000,0.000000,0.000,0.000,Client
2026-05-15 07:20:55,1900-01-00 00:00:00,dlink-615_EXT,40:86:CB:27:D2:0C,-17, WPA2 ,0.000000,0.000000,0.000,0.000,AP
2026-05-15 07:20:55,1900-01-00 00:00:00,,9C:2F:9D:82:20:A3,-17,,0.000000,0.000000,0.000,0.000,Client
2026-05-15 07:20:55,1900-01-00 00:00:00,dlink-615_EXT,40:86:CB:27:D2:0C,-17, WPA2 ,0.000000,0.000000,0.000,0.000,AP
2026-05-15 07:20:55,1900-01-00 00:00:00,,9C:2F:9D:82:20:A3,-17,,0.000000,0.000000,0.000,0.000,Client
2026-05-15 07:20:55,1900-01-00 00:00:00,dlink-615_EXT,40:86:CB:27:D2:0C,-17, WPA2 ,0.000000,0.000000,0.000,0.000,AP
2026-05-15 07:20:55,1900-01-00 00:00:00,,9C:2F:9D:82:20:A3,-17,,0.000000,0.000000,0.000,0.000,Client
2026-05-15 07:20:55,1900-01-00 00:00:00,dlink-615_EXT,40:86:CB:27:D2:0C,-17, WPA2 ,0.000000,0.000000,0.000,0.000,AP
2026-05-15 07:20:55,1900-01-00 00:00:00,,9C:2F:9D:82:20:A3,-17,,0.000000,0.000000,0.000,0.000,Client
2026-05-15 07:20:55,1900-01-00 00:00:00,dlink-615_EXT,40:86:CB:27:D2:0C,-17, WPA2 ,0.000000,0.000000,0.000,0.000,AP
2026-05-15 07:20:55,1900-01-00 00:00:00,,9C:2F:9D:82:20:A3,-17,,0.000000,0.000000,0.000,0.000,Client
2026-05-15 07:20:55,1900-01-00 00:00:00,dlink-615_EXT,40:86:CB:27:D2:0C,-17, WPA2 ,0.000000,0.000000,0.000,0.000,AP
2026-05-15 07:20:55,1900-01-00 00:00:00,,9C:2F:9D:82:20:A3,-17,,0.000000,0.000000,0.000,0.000,Client
2026-05-15 07:20:55,1900-01-00 00:00:00,dlink-615_EXT,40:86:CB:27:D2:0C,-17, WPA2 ,0.000000,0.000000,0.000,0.000,AP
2026-05-15 07:20:55,1900-01-00 00:00:00,,9C:2F:9D:82:20:A3,-17,,0.000000,0.000000,0.000,0.000,Client
2026-05-15 07:20:55,1900-01-00 00:00:00,dlink-615_EXT,40:86:CB:27:D2:0C,-17, WPA2 ,0.000000,0.000000,0.000,0.000,AP
2026-05-15 07:20:55,1900-01-00 00:00:00,,9C:2F:9D:82:20:A3,-17,,0.000000,0.000000,0.000,0.000,Client
2026-05-15 07:20:55,1900-01-00 00:00:00,dlink-615_EXT,40:86:CB:27:D2:0C,-17, WPA2 ,0.000000,0.000000,0.000,0.000,AP
2026-05-15 07:20:55,1900-01-00 00:00:00,,9C:2F:9D:82:20:A3,-17,,0.000000,0.000000,0.000,0.000,Client
2026-05-15 07:20:55,1900-01-00 00:00:00,dlink-615_EXT,40:86:CB:27:D2:0C,-17, WPA2 ,0.000000,0.000000,0.000,0.000,AP
2026-05-15 07:20:55,1900-01-00 00:00:00,,9C:2F:9D:82:20:A3,-17,,0.000000,0.000000,0.000,0.000,Client
2026-05-15 07:20:55,1900-01-00 00:00:00,dlink-615_EXT,40:86:CB:27:D2:0C,-17, WPA2 ,0.000000,0.000000,0.000,0.000,AP
2026-05-15 07:20:55,1900-01-00 00:00:00,,9C:2F:9D:82:20:A3,-17,,0.000000,0.000000,0.000,0.000,Client
2026-05-15 07:20:55,1900-01-00 00:00:00,dlink-615_EXT,40:86:CB:27:D2:0C,-17, WPA2 ,0.000000,0.000000,0.000,0.000,AP
2026-05-15 07:20:55,1900-01-00 00:00:00,,9C:2F:9D:82:20:A3,-17,,0.000000,0.000000,0.000,0.000,Client
2026-05-15 07:20:55,1900-01-00 00:00:00,dlink-615_EXT,40:86:CB:27:D2:0C,-17, WPA2 ,0.000000,0.000000,0.000,0.000,AP
2026-05-15 07:20:55,1900-01-00 00:00:00,,9C:2F:9D:82:20:A3,-17,,0.000000,0.000000,0.000,0.000,Client
2026-05-15 07:20:55,1900-01-00 00:00:00,dlink-615_EXT,40:86:CB:27:D2:0C,-17, WPA2 ,0.000000,0.000000,0.000,0.000,AP
2026-05-15 07:20:55,1900-01-00 00:00:00,,9C:2F:9D:82:20:A3,-17,,0.000000,0.000000,0.000,0.000,Client
2026-05-15 07:20:55,1900-01-00 00:00:00,dlink-615_EXT,40:86:CB:27:D2:0C,-17, WPA2 ,0.000000,0.000000,0.000,0.000,AP
2026-05-15 07:20:55,1900-01-00 00:00:00,,9C:2F:9D:82:20:A3,-17,,0.000000,0.000000,0.000,0.000,Client
2026-05-15 07:20:55,1900-01-00 00:00:00,dlink-615_EXT,40:86:CB:27:D2:0C,-17, WPA2 ,0.000000,0.000000,0.000,0.000,AP
2026-05-15 07:20:55,1900-01-00 00:00:00,,9C:2F:9D:82:20:A3,-17,,0.000000,0.000000,0.000,0.000,Client
2026-05-15 07:20:55,1900-01-00 00:00:00,dlink-615_EXT,40:86:CB:27:D2:0C,-17, WPA2 ,0.000000,0.000000,0.000,0.000,AP
2026-05-15 07:20:55,1900-01-00 00:00:00,,9C:2F:9D:82:20:A3,-17,,0.000000,0.000000,0.000,0.000,Client
2026-05-15 07:20:55,1900-01-00 00:00:00,dlink-615_EXT,40:86:CB:27:D2:0C,-17, WPA2 ,0.000000,0.000000,0.000,0.000,AP
2026-05-15 07:20:55,1900-01-00 00:00:00,,9C:2F:9D:82:20:A3,-17,,0.000000,0.000000,0.000,0.000,Client
2026-05-15 07:20:55,1900-01-00 00:00:00,dlink-615_EXT,40:86:CB:27:D2:0C,-17, WPA2 ,0.000000,0.000000,0.000,0.000,AP
2026-05-15 07:20:55,1900-01-00 00:00:00,,9C:2F:9D:82:20:A3,-17,,0.000000,0.000000,0.000,0.000,Client
2026-05-15 07:20:55,1900-01-00 00:00:00,dlink-615_EXT,40:86:CB:27:D2:0C,-17, WPA2 ,0.000000,0.000000,0.000,0.000,AP
2026-05-15 07:20:55,1900-01-00 00:00:00,,9C:2F:9D:82:20:A3,-17,,0.000000,0.000000,0.000,0.000,Client
2026-05-15 07:20:55,1900-01-00 00:00:00,dlink-615_EXT,40:86:CB:27:D2:0C,-17, WPA2 ,0.000000,0.000000,0.000,0.000,AP
2026-05-15 07:20:55,1900-01-00 00:00:00,,9C:2F:9D:82:20:A3,-17,,0.000000,0.000000,0.000,0.000,Client
2026-05-15 07:20:55,1900-01-00 00:00:00,dlink-615_EXT,40:86:CB:27:D2:0C,-17, WPA2 ,0.000000,0.000000,0.000,0.000,AP
2026-05-15 07:20:55,1900-01-00 00:00:00,,9C:2F:9D:82:20:A3,-17,,0.000000,0.000000,0.000,0.000,Client
2026-05-15 07:20:55,1900-01-00 00:00:00,dlink-615_EXT,40:86:CB:27:D2:0C,-17, WPA2 ,0.000000,0.000000,0.000,0.000,AP
2026-05-15 07:20:55,1900-01-00 00:00:00,,9C:2F:9D:82:20:A3,-17,,0.000000,0.000000,0.000,0.000,Client
2026-05-15 07:20:55,1900-01-00 00:00:00,dlink-615_EXT,40:86:CB:27:D2:0C,-17, WPA2 ,0.000000,0.000000,0.000,0.000,AP
2026-05-15 07:20:55,1900-01-00 00:00:00,,9C:2F:9D:82:20:A3,-17,,0.000000,0.000000,0.000,0.000,Client
2026-05-15 07:20:55,1900-01-00 00:00:00,dlink-615_EXT,40:86:CB:27:D2:0C,-17, WPA2 ,0.000000,0.000000,0.000,0.000,AP
2026-05-15 07:20:55,1900-01-00 00:00:00,,9C:2F:9D:82:20:A3,-17,,0.000000,0.000000,0.000,0.000,Client
2026-05-15 07:20:55,1900-01-00 00:00:00,dlink-615_EXT,40:86:CB:27:D2:0C,-17, WPA2 ,0.000000,0.000000,0.000,0.000,AP
2026-05-15 07:20:55,1900-01-00 00:00:00,,9C:2F:9D:82:20:A3,-17,,0.000000,0.000000,0.000,0.000,Client
2026-05-15 07:20:55,1900-01-00 00:00:00,dlink-615_EXT,40:86:CB:27:D2:0C,-17, WPA2 ,0.000000,0.000000,0.000,0.000,AP
2026-05-15 07:20:55,1900-01-00 00:00:00,,9C:2F:9D:82:20:A3,-17,,0.000000,0.000000,0.000,0.000,Client
2026-05-15 07:20:55,1900-01-00 00:00:00,dlink-615_EXT,40:86:CB:27:D2:0C,-17, WPA2 ,0.000000,0.000000,0.000,0.000,AP
2026-05-15 07:20:55,1900-01-00 00:00:00,,9C:2F:9D:82:20:A3,-17,,0.000000,0.000000,0.000,0.000,Client
2026-05-15 07:20:55,1900-01-00 00:00:00,dlink-615_EXT,40:86:CB:27:D2:0C,-17, WPA2 ,0.000000,0.000000,0.000,0.000,AP
2026-05-15 07:20:55,1900-01-00 00:00:00,,9C:2F:9D:82:20:A3,-17,,0.000000,0.000000,0.000,0.000,Client
2026-05-15 07:20:55,1900-01-00 00:00:00,dlink-615_EXT,40:86:CB:27:D2:0C,-17, WPA2 ,0.000000,0.000000,0.000,0.000,AP
2026-05-15 07:20:55,1900-01-00 00:00:00,,9C:2F:9D:82:20:A3,-17,,0.000000,0.000000,0.000,0.000,Client
2026-05-15 07:20:55,1900-01-00 00:00:00,dlink-615_EXT,40:86:CB:27:D2:0C,-17, WPA2 ,0.000000,0.000000,0.000,0.000,AP
2026-05-15 07:20:55,1900-01-00 00:00:00,,9C:2F:9D:82:20:A3,-17,,0.000000,0.000000,0.000,0.000,Client
2026-05-15 07:20:55,1900-01-00 00:00:00,dlink-615_EXT,40:86:CB:27:D2:0C,-17, WPA2 ,0.000000,0.000000,0.000,0.000,AP
2026-05-15 07:20:55,1900-01-00 00:00:00,,9C:2F:9D:82:20:A3,-17,,0.000000,0.000000,0.000,0.000,Client
2026-05-15 07:20:55,1900-01-00 00:00:00,dlink-615_EXT,40:86:CB:27:D2:0C,-17, WPA2 ,0.000000,0.000000,0.000,0.000,AP
2026-05-15 07:20:55,1900-01-00 00:00:00,,9C:2F:9D:82:20:A3,-17,,0.000000,0.000000,0.000,0.000,Client
2026-05-15 07:20:55,1900-01-00 00:00:00,dlink-615_EXT,40:86:CB:27:D2:0C,-17, WPA2 ,0.000000,0.000000,0.000,0.000,AP
2026-05-15 07:20:55,1900-01-00 00:00:00,,9C:2F:9D:82:20:A3,-17,,0.000000,0.000000,0.000,0.000,Client
2026-05-15 07:20:55,1900-01-00 00:00:00,dlink-615_EXT,40:86:CB:27:D2:0C,-17, WPA2 ,0.000000,0.000000,0.000,0.000,AP
2026-05-15 07:20:55,1900-01-00 00:00:00,,9C:2F:9D:82:20:A3,-17,,0.000000,0.000000,0.000,0.000,Client
2026-05-15 07:20:55,1900-01-00 00:00:00,dlink-615_EXT,40:86:CB:27:D2:0C,-17, WPA2 ,0.000000,0.000000,0.000,0.000,AP
2026-05-15 07:20:55,1900-01-00 00:00:00,,9C:2F:9D:82:20:A3,-17,,0.000000,0.000000,0.000,0.000,Client
2026-05-15 07:20:55,1900-01-00 00:00:00,dlink-615_EXT,40:86:CB:27:D2:0C,-17, WPA2 ,0.000000,0.000000,0.000,0.000,AP
2026-05-15 07:20:55,1900-01-00 00:00:00,,9C:2F:9D:82:20:A3,-17,,0.000000,0.000000,0.000,0.000,Client
2026-05-15 07:20:55,1900-01-00 00:00:00,dlink-615_EXT,40:86:CB:27:D2:0C,-17, WPA2 ,0.000000,0.000000,0.000,0.000,AP
2026-05-15 07:20:55,1900-01-00 00:00:00,,9C:2F:9D:82:20:A3,-17,,0.000000,0.000000,0.000,0.000,Client
2026-05-15 07:20:55,1900-01-00 00:00:00,dlink-615_EXT,40:86:CB:27:D2:0C,-17, WPA2 ,0.000000,0.000000,0.000,0.000,AP
2026-05-15 07:20:55,1900-01-00 00:00:00,,9C:2F:9D:82:20:A3,-17,,0.000000,0.000000,0.000,0.000,Client
2026-05-15 07:20:55,1900-01-00 00:00:00,dlink-615_EXT,40:86:CB:27:D2:0C,-17, WPA2 ,0.000000,0.000000,0.000,0.000,AP
2026-05-15 07:20:55,1900-01-00 00:00:00,,9C:2F:9D:82:20:A3,-17,,0.000000,0.000000,0.000,0.000,Client
2026-05-15 07:20:55,1900-01-00 00:00:00,dlink-615_EXT,40:86:CB:27:D2:0C,-17, WPA2 ,0.000000,0.000000,0.000,0.000,AP
2026-05-15 07:20:56,1900-01-00 00:00:00,,9C:2F:9D:82:20:A3,-17,,0.000000,0.000000,0.000,0.000,Client
2026-05-15 07:20:56,1900-01-00 00:00:00,dlink-615_EXT,40:86:CB:27:D2:0C,-17, WPA2 ,0.000000,0.000000,0.000,0.000,AP
2026-05-15 07:20:56,1900-01-00 00:00:00,,9C:2F:9D:82:20:A3,-17,,0.000000,0.000000,0.000,0.000,Client
2026-05-15 07:20:56,1900-01-00 00:00:00,dlink-615_EXT,40:86:CB:27:D2:0C,-17, WPA2 ,0.000000,0.000000,0.000,0.000,AP
2026-05-15 07:20:56,1900-01-00 00:00:00,,9C:2F:9D:82:20:A3,-17,,0.000000,0.000000,0.000,0.000,Client
2026-05-15 07:20:56,1900-01-00 00:00:00,dlink-615_EXT,40:86:CB:27:D2:0C,-17, WPA2 ,0.000000,0.000000,0.000,0.000,AP
2026-05-15 07:20:56,1900-01-00 00:00:00,,9C:2F:9D:82:20:A3,-17,,0.000000,0.000000,0.000,0.000,Client
2026-05-15 07:20:56,1900-01-00 00:00:00,dlink-615_EXT,40:86:CB:27:D2:0C,-17, WPA2 ,0.000000,0.000000,0.000,0.000,AP
2026-05-15 07:20:56,1900-01-00 00:00:00,,9C:2F:9D:82:20:A3,-17,,0.000000,0.000000,0.000,0.000,Client
2026-05-15 07:20:56,1900-01-00 00:00:00,dlink-615_EXT,40:86:CB:27:D2:0C,-17, WPA2 ,0.000000,0.000000,0.000,0.000,AP
2026-05-15 07:20:56,1900-01-00 00:00:00,,9C:2F:9D:82:20:A3,-17,,0.000000,0.000000,0.000,0.000,Client
2026-05-15 07:20:56,1900-01-00 00:00:00,dlink-615_EXT,40:86:CB:27:D2:0C,-17, WPA2 ,0.000000,0.000000,0.000,0.000,AP
2026-05-15 07:20:56,1900-01-00 00:00:00,,9C:2F:9D:82:20:A3,-17,,0.000000,0.000000,0.000,0.000,Client
2026-05-15 07:20:56,1900-01-00 00:00:00,dlink-615_EXT,40:86:CB:27:D2:0C,-19, WPA2 ,0.000000,0.000000,0.000,0.000,AP
2026-05-15 07:20:56,1900-01-00 00:00:00,,9C:2F:9D:82:20:A3,-19,,0.000000,0.000000,0.000,0.000,Client
2026-05-15 07:20:56,1900-01-00 00:00:00,dlink-615_EXT,40:86:CB:27:D2:0C,-17, WPA2 ,0.000000,0.000000,0.000,0.000,AP
2026-05-15 07:20:56,1900-01-00 00:00:00,,9C:2F:9D:82:20:A3,-17,,0.000000,0.000000,0.000,0.000,Client
2026-05-15 07:20:56,1900-01-00 00:00:00,dlink-615_EXT,40:86:CB:27:D2:0C,-17, WPA2 ,0.000000,0.000000,0.000,0.000,AP
2026-05-15 07:20:56,1900-01-00 00:00:00,,9C:2F:9D:82:20:A3,-17,,0.000000,0.000000,0.000,0.000,Client
2026-05-15 07:20:56,1900-01-00 00:00:00,dlink-615_EXT,40:86:CB:27:D2:0C,-17, WPA2 ,0.000000,0.000000,0.000,0.000,AP
2026-05-15 07:20:56,1900-01-00 00:00:00,,9C:2F:9D:82:20:A3,-17,,0.000000,0.000000,0.000,0.000,Client
2026-05-15 07:20:56,1900-01-00 00:00:00,dlink-615_EXT,40:86:CB:27:D2:0C,-17, WPA2 ,0.000000,0.000000,0.000,0.000,AP
2026-05-15 07:20:56,1900-01-00 00:00:00,,9C:2F:9D:82:20:A3,-17,,0.000000,0.000000,0.000,0.000,Client
2026-05-15 07:20:56,1900-01-00 00:00:00,dlink-615_EXT,40:86:CB:27:D2:0C,-19, WPA2 ,0.000000,0.000000,0.000,0.000,AP
2026-05-15 07:20:56,1900-01-00 00:00:00,,9C:2F:9D:82:20:A3,-19,,0.000000,0.000000,0.000,0.000,Client
2026-05-15 07:20:56,1900-01-00 00:00:00,dlink-615_EXT,40:86:CB:27:D2:0C,-17, WPA2 ,0.000000,0.000000,0.000,0.000,AP
2026-05-15 07:20:56,1900-01-00 00:00:00,,9C:2F:9D:82:20:A3,-17,,0.000000,0.000000,0.000,0.000,Client
2026-05-15 07:20:56,1900-01-00 00:00:00,dlink-615_EXT,40:86:CB:27:D2:0C,-19, WPA2 ,0.000000,0.000000,0.000,0.000,AP
2026-05-15 07:20:56,1900-01-00 00:00:00,,9C:2F:9D:82:20:A3,-19,,0.000000,0.000000,0.000,0.000,Client
2026-05-15 07:20:56,1900-01-00 00:00:00,dlink-615_EXT,40:86:CB:27:D2:0C,-19, WPA2 ,0.000000,0.000000,0.000,0.000,AP
2026-05-15 07:20:56,1900-01-00 00:00:00,,9C:2F:9D:82:20:A3,-19,,0.000000,0.000000,0.000,0.000,Client
2026-05-15 07:20:56,1900-01-00 00:00:00,dlink-615_EXT,40:86:CB:27:D2:0C,-17, WPA2 ,0.000000,0.000000,0.000,0.000,AP
2026-05-15 07:20:56,1900-01-00 00:00:00,,9C:2F:9D:82:20:A3,-17,,0.000000,0.000000,0.000,0.000,Client
2026-05-15 07:20:56,1900-01-00 00:00:00,dlink-615_EXT,40:86:CB:27:D2:0C,-17, WPA2 ,0.000000,0.000000,0.000,0.000,AP
2026-05-15 07:20:56,1900-01-00 00:00:00,,9C:2F:9D:82:20:A3,-17,,0.000000,0.000000,0.000,0.000,Client
2026-05-15 07:20:56,1900-01-00 00:00:00,dlink-615_EXT,40:86:CB:27:D2:0C,-17, WPA2 ,0.000000,0.000000,0.000,0.000,AP
2026-05-15 07:20:56,1900-01-00 00:00:00,,9C:2F:9D:82:20:A3,-17,,0.000000,0.000000,0.000,0.000,Client
2026-05-15 07:20:56,1900-01-00 00:00:00,dlink-615_EXT,40:86:CB:27:D2:0C,-17, WPA2 ,0.000000,0.000000,0.000,0.000,AP
2026-05-15 07:20:56,1900-01-00 00:00:00,,9C:2F:9D:82:20:A3,-17,,0.000000,0.000000,0.000,0.000,Client
2026-05-15 07:20:56,1900-01-00 00:00:00,dlink-615_EXT,40:86:CB:27:D2:0C,-17, WPA2 ,0.000000,0.000000,0.000,0.000,AP
2026-05-15 07:20:56,1900-01-00 00:00:00,,9C:2F:9D:82:20:A3,-17,,0.000000,0.000000,0.000,0.000,Client
2026-05-15 07:20:56,1900-01-00 00:00:00,dlink-615_EXT,40:86:CB:27:D2:0C,-17, WPA2 ,0.000000,0.000000,0.000,0.000,AP
2026-05-15 07:20:56,1900-01-00 00:00:00,,9C:2F:9D:82:20:A3,-17,,0.000000,0.000000,0.000,0.000,Client
2026-05-15 07:20:56,1900-01-00 00:00:00,dlink-615_EXT,40:86:CB:27:D2:0C,-17, WPA2 ,0.000000,0.000000,0.000,0.000,AP
2026-05-15 07:20:56,1900-01-00 00:00:00,,9C:2F:9D:82:20:A3,-17,,0.000000,0.000000,0.000,0.000,Client
2026-05-15 07:20:56,1900-01-00 00:00:00,dlink-615_EXT,40:86:CB:27:D2:0C,-17, WPA2 ,0.000000,0.000000,0.000,0.000,AP
2026-05-15 07:20:56,1900-01-00 00:00:00,,9C:2F:9D:82:20:A3,-17,,0.000000,0.000000,0.000,0.000,Client
2026-05-15 07:20:56,1900-01-00 00:00:00,dlink-615_EXT,40:86:CB:27:D2:0C,-17, WPA2 ,0.000000,0.000000,0.000,0.000,AP
2026-05-15 07:20:56,1900-01-00 00:00:00,,9C:2F:9D:82:20:A3,-17,,0.000000,0.000000,0.000,0.000,Client
2026-05-15 07:20:56,1900-01-00 00:00:00,dlink-615_EXT,40:86:CB:27:D2:0C,-17, WPA2 ,0.000000,0.000000,0.000,0.000,AP
2026-05-15 07:20:56,1900-01-00 00:00:00,,9C:2F:9D:82:20:A3,-17,,0.000000,0.000000,0.000,0.000,Client
2026-05-15 07:20:56,1900-01-00 00:00:00,dlink-615_EXT,40:86:CB:27:D2:0C,-17, WPA2 ,0.000000,0.000000,0.000,0.000,AP
2026-05-15 07:20:56,1900-01-00 00:00:00,,9C:2F:9D:82:20:A3,-17,,0.000000,0.000000,0.000,0.000,Client
2026-05-15 07:20:56,1900-01-00 00:00:00,dlink-615_EXT,40:86:CB:27:D2:0C,-17, WPA2 ,0.000000,0.000000,0.000,0.000,AP
2026-05-15 07:20:56,1900-01-00 00:00:00,,9C:2F:9D:82:20:A3,-17,,0.000000,0.000000,0.000,0.000,Client
2026-05-15 07:20:56,1900-01-00 00:00:00,dlink-615_EXT,40:86:CB:27:D2:0C,-17, WPA2 ,0.000000,0.000000,0.000,0.000,AP
2026-05-15 07:20:56,1900-01-00 00:00:00,,9C:2F:9D:82:20:A3,-17,,0.000000,0.000000,0.000,0.000,Client
2026-05-15 07:20:56,1900-01-00 00:00:00,dlink-615_EXT,40:86:CB:27:D2:0C,-17, WPA2 ,0.000000,0.000000,0.000,0.000,AP
2026-05-15 07:20:56,1900-01-00 00:00:00,,9C:2F:9D:82:20:A3,-17,,0.000000,0.000000,0.000,0.000,Client
2026-05-15 07:20:56,1900-01-00 00:00:00,dlink-615_EXT,40:86:CB:27:D2:0C,-17, WPA2 ,0.000000,0.000000,0.000,0.000,AP
2026-05-15 07:20:56,1900-01-00 00:00:00,,9C:2F:9D:82:20:A3,-17,,0.000000,0.000000,0.000,0.000,Client
2026-05-15 07:20:56,1900-01-00 00:00:00,dlink-615_EXT,40:86:CB:27:D2:0C,-17, WPA2 ,0.000000,0.000000,0.000,0.000,AP
2026-05-15 07:20:56,1900-01-00 00:00:00,,9C:2F:9D:82:20:A3,-17,,0.000000,0.000000,0.000,0.000,Client
2026-05-15 07:20:56,1900-01-00 00:00:00,dlink-615_EXT,40:86:CB:27:D2:0C,-17, WPA2 ,0.000000,0.000000,0.000,0.000,AP
2026-05-15 07:20:56,1900-01-00 00:00:00,,9C:2F:9D:82:20:A3,-17,,0.000000,0.000000,0.000,0.000,Client
2026-05-15 07:20:56,1900-01-00 00:00:00,dlink-615_EXT,40:86:CB:27:D2:0C,-17, WPA2 ,0.000000,0.000000,0.000,0.000,AP
2026-05-15 07:20:56,1900-01-00 00:00:00,,9C:2F:9D:82:20:A3,-17,,0.000000,0.000000,0.000,0.000,Client
2026-05-15 07:20:56,1900-01-00 00:00:00,dlink-615_EXT,40:86:CB:27:D2:0C,-17, WPA2 ,0.000000,0.000000,0.000,0.000,AP
2026-05-15 07:20:56,1900-01-00 00:00:00,,9C:2F:9D:82:20:A3,-17,,0.000000,0.000000,0.000,0.000,Client
2026-05-15 07:20:56,1900-01-00 00:00:00,dlink-615_EXT,40:86:CB:27:D2:0C,-17, WPA2 ,0.000000,0.000000,0.000,0.000,AP
2026-05-15 07:20:56,1900-01-00 00:00:00,,9C:2F:9D:82:20:A3,-17,,0.000000,0.000000,0.000,0.000,Client
2026-05-15 07:20:56,1900-01-00 00:00:00,dlink-615_EXT,40:86:CB:27:D2:0C,-17, WPA2 ,0.000000,0.000000,0.000,0.000,AP
2026-05-15 07:20:56,1900-01-00 00:00:00,,9C:2F:9D:82:20:A3,-17,,0.000000,0.000000,0.000,0.000,Client
2026-05-15 07:20:56,1900-01-00 00:00:00,dlink-615_EXT,40:86:CB:27:D2:0C,-17, WPA2 ,0.000000,0.000000,0.000,0.000,AP
2026-05-15 07:20:56,1900-01-00 00:00:00,,9C:2F:9D:82:20:A3,-17,,0.000000,0.000000,0.000,0.000,Client
2026-05-15 07:20:56,1900-01-00 00:00:00,dlink-615_EXT,40:86:CB:27:D2:0C,-17, WPA2 ,0.000000,0.000000,0.000,0.000,AP
2026-05-15 07:20:56,1900-01-00 00:00:00,,9C:2F:9D:82:20:A3,-17,,0.000000,0.000000,0.000,0.000,Client
2026-05-15 07:20:56,1900-01-00 00:00:00,dlink-615_EXT,40:86:CB:27:D2:0C,-17, WPA2 ,0.000000,0.000000,0.000,0.000,AP
2026-05-15 07:20:56,1900-01-00 00:00:00,,9C:2F:9D:82:20:A3,-17,,0.000000,0.000000,0.000,0.000,Client
2026-05-15 07:20:56,1900-01-00 00:00:00,dlink-615_EXT,40:86:CB:27:D2:0C,-17, WPA2 ,0.000000,0.000000,0.000,0.000,AP
2026-05-15 07:20:56,1900-01-00 00:00:00,,9C:2F:9D:82:20:A3,-17,,0.000000,0.000000,0.000,0.000,Client
2026-05-15 07:20:56,1900-01-00 00:00:00,dlink-615_EXT,40:86:CB:27:D2:0C,-17, WPA2 ,0.000000,0.000000,0.000,0.000,AP
2026-05-15 07:20:56,1900-01-00 00:00:00,,9C:2F:9D:82:20:A3,-17,,0.000000,0.000000,0.000,0.000,Client
2026-05-15 07:20:56,1900-01-00 00:00:00,dlink-615_EXT,40:86:CB:27:D2:0C,-17, WPA2 ,0.000000,0.000000,0.000,0.000,AP
2026-05-15 07:20:56,1900-01-00 00:00:00,,9C:2F:9D:82:20:A3,-17,,0.000000,0.000000,0.000,0.000,Client
2026-05-15 07:20:56,1900-01-00 00:00:00,dlink-615_EXT,40:86:CB:27:D2:0C,-17, WPA2 ,0.000000,0.000000,0.000,0.000,AP
2026-05-15 07:20:56,1900-01-00 00:00:00,,9C:2F:9D:82:20:A3,-17,,0.000000,0.000000,0.000,0.000,Client
2026-05-15 07:20:56,1900-01-00 00:00:00,dlink-615_EXT,40:86:CB:27:D2:0C,-17, WPA2 ,0.000000,0.000000,0.000,0.000,AP
2026-05-15 07:20:56,1900-01-00 00:00:00,,9C:2F:9D:82:20:A3,-17,,0.000000,0.000000,0.000,0.000,Client
2026-05-15 07:20:56,1900-01-00 00:00:00,dlink-615_EXT,40:86:CB:27:D2:0C,-17, WPA2 ,0.000000,0.000000,0.000,0.000,AP
2026-05-15 07:20:56,1900-01-00 00:00:00,,9C:2F:9D:82:20:A3,-17,,0.000000,0.000000,0.000,0.000,Client
2026-05-15 07:20:56,1900-01-00 00:00:00,dlink-615_EXT,40:86:CB:27:D2:0C,-17, WPA2 ,0.000000,0.000000,0.000,0.000,AP
2026-05-15 07:20:56,1900-01-00 00:00:00,,9C:2F:9D:82:20:A3,-17,,0.000000,0.000000,0.000,0.000,Client
2026-05-15 07:20:56,1900-01-00 00:00:00,dlink-615_EXT,40:86:CB:27:D2:0C,-17, WPA2 ,0.000000,0.000000,0.000,0.000,AP
2026-05-15 07:20:56,1900-01-00 00:00:00,,9C:2F:9D:82:20:A3,-17,,0.000000,0.000000,0.000,0.000,Client
2026-05-15 07:20:56,1900-01-00 00:00:00,dlink-615_EXT,40:86:CB:27:D2:0C,-17, WPA2 ,0.000000,0.000000,0.000,0.000,AP
2026-05-15 07:20:56,1900-01-00 00:00:00,,9C:2F:9D:82:20:A3,-17,,0.000000,0.000000,0.000,0.000,Client
2026-05-15 07:20:56,1900-01-00 00:00:00,dlink-615_EXT,40:86:CB:27:D2:0C,-17, WPA2 ,0.000000,0.000000,0.000,0.000,AP
2026-05-15 07:20:56,1900-01-00 00:00:00,,9C:2F:9D:82:20:A3,-17,,0.000000,0.000000,0.000,0.000,Client
2026-05-15 07:20:56,1900-01-00 00:00:00,dlink-615_EXT,40:86:CB:27:D2:0C,-17, WPA2 ,0.000000,0.000000,0.000,0.000,AP
2026-05-15 07:20:56,1900-01-00 00:00:00,,9C:2F:9D:82:20:A3,-17,,0.000000,0.000000,0.000,0.000,Client
2026-05-15 07:20:56,1900-01-00 00:00:00,dlink-615_EXT,40:86:CB:27:D2:0C,-17, WPA2 ,0.000000,0.000000,0.000,0.000,AP
2026-05-15 07:20:56,1900-01-00 00:00:00,,9C:2F:9D:82:20:A3,-17,,0.000000,0.000000,0.000,0.000,Client
2026-05-15 07:20:56,1900-01-00 00:00:00,dlink-615_EXT,40:86:CB:27:D2:0C,-17, WPA2 ,0.000000,0.000000,0.000,0.000,AP
2026-05-15 07:20:56,1900-01-00 00:00:00,,9C:2F:9D:82:20:A3,-17,,0.000000,0.000000,0.000,0.000,Client
2026-05-15 07:20:56,1900-01-00 00:00:00,dlink-615_EXT,40:86:CB:27:D2:0C,-17, WPA2 ,0.000000,0.000000,0.000,0.000,AP
2026-05-15 07:20:56,1900-01-00 00:00:00,,9C:2F:9D:82:20:A3,-17,,0.000000,0.000000,0.000,0.000,Client
2026-05-15 07:20:56,1900-01-00 00:00:00,dlink-615_EXT,40:86:CB:27:D2:0C,-17, WPA2 ,0.000000,0.000000,0.000,0.000,AP
2026-05-15 07:20:56,1900-01-00 00:00:00,,9C:2F:9D:82:20:A3,-17,,0.000000,0.000000,0.000,0.000,Client
2026-05-15 07:20:56,1900-01-00 00:00:00,dlink-615_EXT,40:86:CB:27:D2:0C,-17, WPA2 ,0.000000,0.000000,0.000,0.000,AP
2026-05-15 07:20:56,1900-01-00 00:00:00,,9C:2F:9D:82:20:A3,-17,,0.000000,0.000000,0.000,0.000,Client
2026-05-15 07:20:56,1900-01-00 00:00:00,dlink-615_EXT,40:86:CB:27:D2:0C,-17, WPA2 ,0.000000,0.000000,0.000,0.000,AP
2026-05-15 07:20:56,1900-01-00 00:00:00,,9C:2F:9D:82:20:A3,-17,,0.000000,0.000000,0.000,0.000,Client
2026-05-15 07:20:56,1900-01-00 00:00:00,dlink-615_EXT,40:86:CB:27:D2:0C,-17, WPA2 ,0.000000,0.000000,0.000,0.000,AP
2026-05-15 07:20:56,1900-01-00 00:00:00,,9C:2F:9D:82:20:A3,-17,,0.000000,0.000000,0.000,0.000,Client
2026-05-15 07:20:56,1900-01-00 00:00:00,dlink-615_EXT,40:86:CB:27:D2:0C,-17, WPA2 ,0.000000,0.000000,0.000,0.000,AP
2026-05-15 07:20:56,1900-01-00 00:00:00,,9C:2F:9D:82:20:A3,-17,,0.000000,0.000000,0.000,0.000,Client
2026-05-15 07:20:56,1900-01-00 00:00:00,dlink-615_EXT,40:86:CB:27:D2:0C,-17, WPA2 ,0.000000,0.000000,0.000,0.000,AP
2026-05-15 07:20:56,1900-01-00 00:00:00,,9C:2F:9D:82:20:A3,-17,,0.000000,0.000000,0.000,0.000,Client
2026-05-15 07:20:56,1900-01-00 00:00:00,dlink-615_EXT,40:86:CB:27:D2:0C,-17, WPA2 ,0.000000,0.000000,0.000,0.000,AP
2026-05-15 07:20:56,1900-01-00 00:00:00,,9C:2F:9D:82:20:A3,-17,,0.000000,0.000000,0.000,0.000,Client
2026-05-15 07:20:56,1900-01-00 00:00:00,dlink-615_EXT,40:86:CB:27:D2:0C,-17, WPA2 ,0.000000,0.000000,0.000,0.000,AP
2026-05-15 07:20:56,1900-01-00 00:00:00,,9C:2F:9D:82:20:A3,-17,,0.000000,0.000000,0.000,0.000,Client
2026-05-15 07:20:56,1900-01-00 00:00:00,dlink-615_EXT,40:86:CB:27:D2:0C,-17, WPA2 ,0.000000,0.000000,0.000,0.000,AP
2026-05-15 07:20:56,1900-01-00 00:00:00,,9C:2F:9D:82:20:A3,-17,,0.000000,0.000000,0.000,0.000,Client
2026-05-15 07:20:56,1900-01-00 00:00:00,dlink-615_EXT,40:86:CB:27:D2:0C,-17, WPA2 ,0.000000,0.000000,0.000,0.000,AP
2026-05-15 07:20:56,1900-01-00 00:00:00,,9C:2F:9D:82:20:A3,-17,,0.000000,0.000000,0.000,0.000,Client
2026-05-15 07:20:56,1900-01-00 00:00:00,dlink-615_EXT,40:86:CB:27:D2:0C,-17, WPA2 ,0.000000,0.000000,0.000,0.000,AP
2026-05-15 07:20:56,1900-01-00 00:00:00,,9C:2F:9D:82:20:A3,-17,,0.000000,0.000000,0.000,0.000,Client
2026-05-15 07:20:56,1900-01-00 00:00:00,dlink-615_EXT,40:86:CB:27:D2:0C,-17, WPA2 ,0.000000,0.000000,0.000,0.000,AP
2026-05-15 07:20:56,1900-01-00 00:00:00,,9C:2F:9D:82:20:A3,-17,,0.000000,0.000000,0.000,0.000,Client
2026-05-15 07:20:56,1900-01-00 00:00:00,dlink-615_EXT,40:86:CB:27:D2:0C,-17, WPA2 ,0.000000,0.000000,0.000,0.000,AP
2026-05-15 07:20:56,1900-01-00 00:00:00,,9C:2F:9D:82:20:A3,-17,,0.000000,0.000000,0.000,0.000,Client
2026-05-15 07:20:56,1900-01-00 00:00:00,dlink-615_EXT,40:86:CB:27:D2:0C,-17, WPA2 ,0.000000,0.000000,0.000,0.000,AP
2026-05-15 07:20:56,1900-01-00 00:00:00,,9C:2F:9D:82:20:A3,-17,,0.000000,0.000000,0.000,0.000,Client
2026-05-15 07:20:56,1900-01-00 00:00:00,dlink-615_EXT,40:86:CB:27:D2:0C,-17, WPA2 ,0.000000,0.000000,0.000,0.000,AP
2026-05-15 07:20:56,1900-01-00 00:00:00,,9C:2F:9D:82:20:A3,-17,,0.000000,0.000000,0.000,0.000,Client
2026-05-15 07:20:56,1900-01-00 00:00:00,dlink-615_EXT,40:86:CB:27:D2:0C,-17, WPA2 ,0.000000,0.000000,0.000,0.000,AP
2026-05-15 07:20:56,1900-01-00 00:00:00,,9C:2F:9D:82:20:A3,-17,,0.000000,0.000000,0.000,0.000,Client
2026-05-15 07:20:56,1900-01-00 00:00:00,dlink-615_EXT,40:86:CB:27:D2:0C,-17, WPA2 ,0.000000,0.000000,0.000,0.000,AP
2026-05-15 07:20:56,1900-01-00 00:00:00,,9C:2F:9D:82:20:A3,-19,,0.000000,0.000000,0.000,0.000,Client
2026-05-15 07:20:56,1900-01-00 00:00:00,dlink-615_EXT,40:86:CB:27:D2:0C,-19, WPA2 ,0.000000,0.000000,0.000,0.000,AP
2026-05-15 07:20:56,1900-01-00 00:00:00,,9C:2F:9D:82:20:A3,-19,,0.000000,0.000000,0.000,0.000,Client
2026-05-15 07:20:56,1900-01-00 00:00:00,dlink-615_EXT,40:86:CB:27:D2:0C,-17, WPA2 ,0.000000,0.000000,0.000,0.000,AP
2026-05-15 07:20:56,1900-01-00 00:00:00,,9C:2F:9D:82:20:A3,-17,,0.000000,0.000000,0.000,0.000,Client
2026-05-15 07:20:56,1900-01-00 00:00:00,dlink-615_EXT,40:86:CB:27:D2:0C,-17, WPA2 ,0.000000,0.000000,0.000,0.000,AP
2026-05-15 07:20:56,1900-01-00 00:00:00,,9C:2F:9D:82:20:A3,-17,,0.000000,0.000000,0.000,0.000,Client
2026-05-15 07:20:56,1900-01-00 00:00:00,dlink-615_EXT,40:86:CB:27:D2:0C,-19, WPA2 ,0.000000,0.000000,0.000,0.000,AP
2026-05-15 07:20:56,1900-01-00 00:00:00,,9C:2F:9D:82:20:A3,-19,,0.000000,0.000000,0.000,0.000,Client
2026-05-15 07:20:56,1900-01-00 00:00:00,dlink-615_EXT,40:86:CB:27:D2:0C,-19, WPA2 ,0.000000,0.000000,0.000,0.000,AP
2026-05-15 07:20:56,1900-01-00 00:00:00,,9C:2F:9D:82:20:A3,-19,,0.000000,0.000000,0.000,0.000,Client
2026-05-15 07:20:56,1900-01-00 00:00:00,dlink-615_EXT,40:86:CB:27:D2:0C,-19, WPA2 ,0.000000,0.000000,0.000,0.000,AP
2026-05-15 07:20:56,1900-01-00 00:00:00,,9C:2F:9D:82:20:A3,-17,,0.000000,0.000000,0.000,0.000,Client
2026-05-15 07:20:56,1900-01-00 00:00:00,dlink-615_EXT,40:86:CB:27:D2:0C,-17, WPA2 ,0.000000,0.000000,0.000,0.000,AP
2026-05-15 07:20:56,1900-01-00 00:00:00,,9C:2F:9D:82:20:A3,-19,,0.000000,0.000000,0.000,0.000,Client
2026-05-15 07:20:56,1900-01-00 00:00:00,dlink-615_EXT,40:86:CB:27:D2:0C,-27, WPA2 ,0.000000,0.000000,0.000,0.000,AP
2026-05-15 07:20:56,1900-01-00 00:00:00,,9C:2F:9D:82:20:A3,-27,,0.000000,0.000000,0.000,0.000,Client
2026-05-15 07:20:56,1900-01-00 00:00:00,dlink-615_EXT,40:86:CB:27:D2:0C,-27, WPA2 ,0.000000,0.000000,0.000,0.000,AP
2026-05-15 07:20:56,1900-01-00 00:00:00,,9C:2F:9D:82:20:A3,-27,,0.000000,0.000000,0.000,0.000,Client
2026-05-15 07:20:56,1900-01-00 00:00:00,dlink-615_EXT,40:86:CB:27:D2:0C,-27, WPA2 ,0.000000,0.000000,0.000,0.000,AP
2026-05-15 07:20:56,1900-01-00 00:00:00,,9C:2F:9D:82:20:A3,-27,,0.000000,0.000000,0.000,0.000,Client
2026-05-15 07:20:56,1900-01-00 00:00:00,dlink-615_EXT,40:86:CB:27:D2:0C,-27, WPA2 ,0.000000,0.000000,0.000,0.000,AP
2026-05-15 07:20:56,1900-01-00 00:00:00,,9C:2F:9D:82:20:A3,-27,,0.000000,0.000000,0.000,0.000,Client
2026-05-15 07:20:56,1900-01-00 00:00:00,dlink-615_EXT,40:86:CB:27:D2:0C,-27, WPA2 ,0.000000,0.000000,0.000,0.000,AP
2026-05-15 07:20:56,1900-01-00 00:00:00,,9C:2F:9D:82:20:A3,-27,,0.000000,0.000000,0.000,0.000,Client
2026-05-15 07:20:56,1900-01-00 00:00:00,dlink-615_EXT,40:86:CB:27:D2:0C,-27, WPA2 ,0.000000,0.000000,0.000,0.000,AP
2026-05-15 07:20:56,1900-01-00 00:00:00,,9C:2F:9D:82:20:A3,-27,,0.000000,0.000000,0.000,0.000,Client
2026-05-15 07:20:56,1900-01-00 00:00:00,dlink-615_EXT,40:86:CB:27:D2:0C,-27, WPA2 ,0.000000,0.000000,0.000,0.000,AP
2026-05-15 07:20:56,1900-01-00 00:00:00,,9C:2F:9D:82:20:A3,-27,,0.000000,0.000000,0.000,0.000,Client
2026-05-15 07:20:56,1900-01-00 00:00:00,dlink-615_EXT,40:86:CB:27:D2:0C,-27, WPA2 ,0.000000,0.000000,0.000,0.000,AP
2026-05-15 07:20:56,1900-01-00 00:00:00,,9C:2F:9D:82:20:A3,-27,,0.000000,0.000000,0.000,0.000,Client
2026-05-15 07:20:56,1900-01-00 00:00:00,dlink-615_EXT,40:86:CB:27:D2:0C,-27, WPA2 ,0.000000,0.000000,0.000,0.000,AP
2026-05-15 07:20:56,1900-01-00 00:00:00,,9C:2F:9D:82:20:A3,-27,,0.000000,0.000000,0.000,0.000,Client
2026-05-15 07:20:56,1900-01-00 00:00:00,dlink-615_EXT,40:86:CB:27:D2:0C,-27, WPA2 ,0.000000,0.000000,0.000,0.000,AP
2026-05-15 07:20:56,1900-01-00 00:00:00,,9C:2F:9D:82:20:A3,-27,,0.000000,0.000000,0.000,0.000,Client
2026-05-15 07:20:56,1900-01-00 00:00:00,dlink-615_EXT,40:86:CB:27:D2:0C,-27, WPA2 ,0.000000,0.000000,0.000,0.000,AP
2026-05-15 07:20:56,1900-01-00 00:00:00,,9C:2F:9D:82:20:A3,-27,,0.000000,0.000000,0.000,0.000,Client
2026-05-15 07:20:56,1900-01-00 00:00:00,dlink-615_EXT,40:86:CB:27:D2:0C,-27, WPA2 ,0.000000,0.000000,0.000,0.000,AP
2026-05-15 07:20:56,1900-01-00 00:00:00,,9C:2F:9D:82:20:A3,-27,,0.000000,0.000000,0.000,0.000,Client
2026-05-15 07:20:56,1900-01-00 00:00:00,dlink-615_EXT,40:86:CB:27:D2:0C,-27, WPA2 ,0.000000,0.000000,0.000,0.000,AP
2026-05-15 07:20:56,1900-01-00 00:00:00,,9C:2F:9D:82:20:A3,-27,,0.000000,0.000000,0.000,0.000,Client
2026-05-15 07:20:56,1900-01-00 00:00:00,dlink-615_EXT,40:86:CB:27:D2:0C,-27, WPA2 ,0.000000,0.000000,0.000,0.000,AP
2026-05-15 07:20:56,1900-01-00 00:00:00,,9C:2F:9D:82:20:A3,-27,,0.000000,0.000000,0.000,0.000,Client
2026-05-15 07:20:56,1900-01-00 00:00:00,dlink-615_EXT,40:86:CB:27:D2:0C,-27, WPA2 ,0.000000,0.000000,0.000,0.000,AP
2026-05-15 07:20:56,1900-01-00 00:00:00,,9C:2F:9D:82:20:A3,-27,,0.000000,0.000000,0.000,0.000,Client
2026-05-15 07:20:56,1900-01-00 00:00:00,dlink-615_EXT,40:86:CB:27:D2:0C,-27, WPA2 ,0.000000,0.000000,0.000,0.000,AP
2026-05-15 07:20:56,1900-01-00 00:00:00,,9C:2F:9D:82:20:A3,-27,,0.000000,0.000000,0.000,0.000,Client
2026-05-15 07:20:56,1900-01-00 00:00:00,dlink-615_EXT,40:86:CB:27:D2:0C,-27, WPA2 ,0.000000,0.000000,0.000,0.000,AP
2026-05-15 07:20:56,1900-01-00 00:00:00,,9C:2F:9D:82:20:A3,-27,,0.000000,0.000000,0.000,0.000,Client
2026-05-15 07:20:56,1900-01-00 00:00:00,dlink-615_EXT,40:86:CB:27:D2:0C,-27, WPA2 ,0.000000,0.000000,0.000,0.000,AP
2026-05-15 07:20:56,1900-01-00 00:00:00,,9C:2F:9D:82:20:A3,-27,,0.000000,0.000000,0.000,0.000,Client
2026-05-15 07:20:56,1900-01-00 00:00:00,dlink-615_EXT,40:86:CB:27:D2:0C,-27, WPA2 ,0.000000,0.000000,0.000,0.000,AP
2026-05-15 07:20:56,1900-01-00 00:00:00,,9C:2F:9D:82:20:A3,-27,,0.000000,0.000000,0.000,0.000,Client
2026-05-15 07:20:56,1900-01-00 00:00:00,dlink-615_EXT,40:86:CB:27:D2:0C,-27, WPA2 ,0.000000,0.000000,0.000,0.000,AP
2026-05-15 07:20:56,1900-01-00 00:00:00,,9C:2F:9D:82:20:A3,-27,,0.000000,0.000000,0.000,0.000,Client
2026-05-15 07:20:56,1900-01-00 00:00:00,dlink-615_EXT,40:86:CB:27:D2:0C,-27, WPA2 ,0.000000,0.000000,0.000,0.000,AP
2026-05-15 07:20:56,1900-01-00 00:00:00,,9C:2F:9D:82:20:A3,-27,,0.000000,0.000000,0.000,0.000,Client
2026-05-15 07:20:56,1900-01-00 00:00:00,dlink-615_EXT,40:86:CB:27:D2:0C,-27, WPA2 ,0.000000,0.000000,0.000,0.000,AP
2026-05-15 07:20:56,1900-01-00 00:00:00,,9C:2F:9D:82:20:A3,-27,,0.000000,0.000000,0.000,0.000,Client
2026-05-15 07:20:56,1900-01-00 00:00:00,dlink-615_EXT,40:86:CB:27:D2:0C,-27, WPA2 ,0.000000,0.000000,0.000,0.000,AP
2026-05-15 07:20:56,1900-01-00 00:00:00,,9C:2F:9D:82:20:A3,-27,,0.000000,0.000000,0.000,0.000,Client
2026-05-15 07:20:56,1900-01-00 00:00:00,dlink-615_EXT,40:86:CB:27:D2:0C,-27, WPA2 ,0.000000,0.000000,0.000,0.000,AP
2026-05-15 07:20:56,1900-01-00 00:00:00,,9C:2F:9D:82:20:A3,-27,,0.000000,0.000000,0.000,0.000,Client
2026-05-15 07:20:56,1900-01-00 00:00:00,dlink-615_EXT,40:86:CB:27:D2:0C,-27, WPA2 ,0.000000,0.000000,0.000,0.000,AP
2026-05-15 07:20:56,1900-01-00 00:00:00,,9C:2F:9D:82:20:A3,-27,,0.000000,0.000000,0.000,0.000,Client
2026-05-15 07:20:56,1900-01-00 00:00:00,dlink-615_EXT,40:86:CB:27:D2:0C,-27, WPA2 ,0.000000,0.000000,0.000,0.000,AP
2026-05-15 07:20:56,1900-01-00 00:00:00,,9C:2F:9D:82:20:A3,-27,,0.000000,0.000000,0.000,0.000,Client
2026-05-15 07:20:56,1900-01-00 00:00:00,dlink-615_EXT,40:86:CB:27:D2:0C,-27, WPA2 ,0.000000,0.000000,0.000,0.000,AP
2026-05-15 07:20:56,1900-01-00 00:00:00,,9C:2F:9D:82:20:A3,-27,,0.000000,0.000000,0.000,0.000,Client
2026-05-15 07:20:56,1900-01-00 00:00:00,dlink-615_EXT,40:86:CB:27:D2:0C,-27, WPA2 ,0.000000,0.000000,0.000,0.000,AP
2026-05-15 07:20:56,1900-01-00 00:00:00,,9C:2F:9D:82:20:A3,-27,,0.000000,0.000000,0.000,0.000,Client
2026-05-15 07:20:56,1900-01-00 00:00:00,dlink-615_EXT,40:86:CB:27:D2:0C,-27, WPA2 ,0.000000,0.000000,0.000,0.000,AP
2026-05-15 07:20:56,1900-01-00 00:00:00,,9C:2F:9D:82:20:A3,-27,,0.000000,0.000000,0.000,0.000,Client
2026-05-15 07:20:56,1900-01-00 00:00:00,dlink-615_EXT,40:86:CB:27:D2:0C,-27, WPA2 ,0.000000,0.000000,0.000,0.000,AP
2026-05-15 07:20:56,1900-01-00 00:00:00,,9C:2F:9D:82:20:A3,-27,,0.000000,0.000000,0.000,0.000,Client
2026-05-15 07:20:56,1900-01-00 00:00:00,dlink-615_EXT,40:86:CB:27:D2:0C,-27, WPA2 ,0.000000,0.000000,0.000,0.000,AP
2026-05-15 07:20:56,1900-01-00 00:00:00,,9C:2F:9D:82:20:A3,-27,,0.000000,0.000000,0.000,0.000,Client
2026-05-15 07:20:56,1900-01-00 00:00:00,dlink-615_EXT,40:86:CB:27:D2:0C,-27, WPA2 ,0.000000,0.000000,0.000,0.000,AP
2026-05-15 07:20:56,1900-01-00 00:00:00,,9C:2F:9D:82:20:A3,-27,,0.000000,0.000000,0.000,0.000,Client
2026-05-15 07:20:56,1900-01-00 00:00:00,dlink-615_EXT,40:86:CB:27:D2:0C,-27, WPA2 ,0.000000,0.000000,0.000,0.000,AP
2026-05-15 07:20:56,1900-01-00 00:00:00,,9C:2F:9D:82:20:A3,-27,,0.000000,0.000000,0.000,0.000,Client
2026-05-15 07:20:56,1900-01-00 00:00:00,dlink-615_EXT,40:86:CB:27:D2:0C,-27, WPA2 ,0.000000,0.000000,0.000,0.000,AP
2026-05-15 07:20:56,1900-01-00 00:00:00,,9C:2F:9D:82:20:A3,-27,,0.000000,0.000000,0.000,0.000,Client
2026-05-15 07:20:56,1900-01-00 00:00:00,dlink-615_EXT,40:86:CB:27:D2:0C,-27, WPA2 ,0.000000,0.000000,0.000,0.000,AP
2026-05-15 07:20:56,1900-01-00 00:00:00,,9C:2F:9D:82:20:A3,-27,,0.000000,0.000000,0.000,0.000,Client
2026-05-15 07:20:56,1900-01-00 00:00:00,dlink-615_EXT,40:86:CB:27:D2:0C,-27, WPA2 ,0.000000,0.000000,0.000,0.000,AP
2026-05-15 07:20:56,1900-01-00 00:00:00,,9C:2F:9D:82:20:A3,-27,,0.000000,0.000000,0.000,0.000,Client
2026-05-15 07:20:56,1900-01-00 00:00:00,dlink-615_EXT,40:86:CB:27:D2:0C,-27, WPA2 ,0.000000,0.000000,0.000,0.000,AP
2026-05-15 07:20:56,1900-01-00 00:00:00,,9C:2F:9D:82:20:A3,-27,,0.000000,0.000000,0.000,0.000,Client
2026-05-15 07:20:56,1900-01-00 00:00:00,dlink-615_EXT,40:86:CB:27:D2:0C,-27, WPA2 ,0.000000,0.000000,0.000,0.000,AP
2026-05-15 07:20:56,1900-01-00 00:00:00,,9C:2F:9D:82:20:A3,-27,,0.000000,0.000000,0.000,0.000,Client
2026-05-15 07:20:56,1900-01-00 00:00:00,dlink-615_EXT,40:86:CB:27:D2:0C,-27, WPA2 ,0.000000,0.000000,0.000,0.000,AP
2026-05-15 07:20:56,1900-01-00 00:00:00,,9C:2F:9D:82:20:A3,-27,,0.000000,0.000000,0.000,0.000,Client
2026-05-15 07:20:57,1900-01-00 00:00:00,dlink-615_EXT,40:86:CB:27:D2:0C,-27, WPA2 ,0.000000,0.000000,0.000,0.000,AP
2026-05-15 07:20:57,1900-01-00 00:00:00,,9C:2F:9D:82:20:A3,-27,,0.000000,0.000000,0.000,0.000,Client
2026-05-15 07:20:57,1900-01-00 00:00:00,dlink-615_EXT,40:86:CB:27:D2:0C,-27, WPA2 ,0.000000,0.000000,0.000,0.000,AP
2026-05-15 07:20:57,1900-01-00 00:00:00,,9C:2F:9D:82:20:A3,-27,,0.000000,0.000000,0.000,0.000,Client
2026-05-15 07:20:57,1900-01-00 00:00:00,dlink-615_EXT,40:86:CB:27:D2:0C,-27, WPA2 ,0.000000,0.000000,0.000,0.000,AP
2026-05-15 07:20:57,1900-01-00 00:00:00,,9C:2F:9D:82:20:A3,-27,,0.000000,0.000000,0.000,0.000,Client
2026-05-15 07:20:57,1900-01-00 00:00:00,dlink-615_EXT,40:86:CB:27:D2:0C,-27, WPA2 ,0.000000,0.000000,0.000,0.000,AP
2026-05-15 07:20:57,1900-01-00 00:00:00,,9C:2F:9D:82:20:A3,-27,,0.000000,0.000000,0.000,0.000,Client
2026-05-15 07:20:57,1900-01-00 00:00:00,dlink-615_EXT,40:86:CB:27:D2:0C,-27, WPA2 ,0.000000,0.000000,0.000,0.000,AP
2026-05-15 07:20:57,1900-01-00 00:00:00,,9C:2F:9D:82:20:A3,-27,,0.000000,0.000000,0.000,0.000,Client
2026-05-15 07:20:57,1900-01-00 00:00:00,dlink-615_EXT,40:86:CB:27:D2:0C,-27, WPA2 ,0.000000,0.000000,0.000,0.000,AP
2026-05-15 07:20:57,1900-01-00 00:00:00,,9C:2F:9D:82:20:A3,-27,,0.000000,0.000000,0.000,0.000,Client
2026-05-15 07:20:57,1900-01-00 00:00:00,dlink-615_EXT,40:86:CB:27:D2:0C,-27, WPA2 ,0.000000,0.000000,0.000,0.000,AP
2026-05-15 07:20:57,1900-01-00 00:00:00,,9C:2F:9D:82:20:A3,-27,,0.000000,0.000000,0.000,0.000,Client
2026-05-15 07:20:57,1900-01-00 00:00:00,dlink-615_EXT,40:86:CB:27:D2:0C,-27, WPA2 ,0.000000,0.000000,0.000,0.000,AP
2026-05-15 07:20:57,1900-01-00 00:00:00,,9C:2F:9D:82:20:A3,-27,,0.000000,0.000000,0.000,0.000,Client
2026-05-15 07:20:57,1900-01-00 00:00:00,dlink-615_EXT,40:86:CB:27:D2:0C,-27, WPA2 ,0.000000,0.000000,0.000,0.000,AP
2026-05-15 07:20:57,1900-01-00 00:00:00,,9C:2F:9D:82:20:A3,-27,,0.000000,0.000000,0.000,0.000,Client
2026-05-15 07:20:57,1900-01-00 00:00:00,dlink-615_EXT,40:86:CB:27:D2:0C,-27, WPA2 ,0.000000,0.000000,0.000,0.000,AP
2026-05-15 07:20:57,1900-01-00 00:00:00,,9C:2F:9D:82:20:A3,-27,,0.000000,0.000000,0.000,0.000,Client
2026-05-15 07:20:57,1900-01-00 00:00:00,dlink-615_EXT,40:86:CB:27:D2:0C,-27, WPA2 ,0.000000,0.000000,0.000,0.000,AP
2026-05-15 07:20:57,1900-01-00 00:00:00,,9C:2F:9D:82:20:A3,-27,,0.000000,0.000000,0.000,0.000,Client
2026-05-15 07:20:57,1900-01-00 00:00:00,dlink-615_EXT,40:86:CB:27:D2:0C,-27, WPA2 ,0.000000,0.000000,0.000,0.000,AP
2026-05-15 07:20:57,1900-01-00 00:00:00,,9C:2F:9D:82:20:A3,-27,,0.000000,0.000000,0.000,0.000,Client
2026-05-15 07:20:57,1900-01-00 00:00:00,dlink-615_EXT,40:86:CB:27:D2:0C,-27, WPA2 ,0.000000,0.000000,0.000,0.000,AP
2026-05-15 07:20:57,1900-01-00 00:00:00,,9C:2F:9D:82:20:A3,-27,,0.000000,0.000000,0.000,0.000,Client
2026-05-15 07:20:57,1900-01-00 00:00:00,dlink-615_EXT,40:86:CB:27:D2:0C,-27, WPA2 ,0.000000,0.000000,0.000,0.000,AP
2026-05-15 07:20:57,1900-01-00 00:00:00,,9C:2F:9D:82:20:A3,-27,,0.000000,0.000000,0.000,0.000,Client
2026-05-15 07:20:57,1900-01-00 00:00:00,dlink-615_EXT,40:86:CB:27:D2:0C,-27, WPA2 ,0.000000,0.000000,0.000,0.000,AP
2026-05-15 07:20:57,1900-01-00 00:00:00,,9C:2F:9D:82:20:A3,-27,,0.000000,0.000000,0.000,0.000,Client
2026-05-15 07:20:57,1900-01-00 00:00:00,dlink-615_EXT,40:86:CB:27:D2:0C,-27, WPA2 ,0.000000,0.000000,0.000,0.000,AP
2026-05-15 07:20:57,1900-01-00 00:00:00,,9C:2F:9D:82:20:A3,-27,,0.000000,0.000000,0.000,0.000,Client
2026-05-15 07:20:57,1900-01-00 00:00:00,dlink-615_EXT,40:86:CB:27:D2:0C,-27, WPA2 ,0.000000,0.000000,0.000,0.000,AP
2026-05-15 07:20:57,1900-01-00 00:00:00,,9C:2F:9D:82:20:A3,-27,,0.000000,0.000000,0.000,0.000,Client
2026-05-15 07:20:57,1900-01-00 00:00:00,dlink-615_EXT,40:86:CB:27:D2:0C,-17, WPA2 ,0.000000,0.000000,0.000,0.000,AP
2026-05-15 07:20:57,1900-01-00 00:00:00,,9C:2F:9D:82:20:A3,-17,,0.000000,0.000000,0.000,0.000,Client
2026-05-15 07:20:57,1900-01-00 00:00:00,dlink-615_EXT,40:86:CB:27:D2:0C,-17, WPA2 ,0.000000,0.000000,0.000,0.000,AP
2026-05-15 07:20:57,1900-01-00 00:00:00,,9C:2F:9D:82:20:A3,-17,,0.000000,0.000000,0.000,0.000,Client
2026-05-15 07:20:57,1900-01-00 00:00:00,dlink-615_EXT,40:86:CB:27:D2:0C,-19, WPA2 ,0.000000,0.000000,0.000,0.000,AP
2026-05-15 07:20:57,1900-01-00 00:00:00,,9C:2F:9D:82:20:A3,-19,,0.000000,0.000000,0.000,0.000,Client
2026-05-15 07:20:57,1900-01-00 00:00:00,dlink-615_EXT,40:86:CB:27:D2:0C,-17, WPA2 ,0.000000,0.000000,0.000,0.000,AP
2026-05-15 07:20:57,1900-01-00 00:00:00,,9C:2F:9D:82:20:A3,-17,,0.000000,0.000000,0.000,0.000,Client
2026-05-15 07:20:57,1900-01-00 00:00:00,dlink-615_EXT,40:86:CB:27:D2:0C,-17, WPA2 ,0.000000,0.000000,0.000,0.000,AP
2026-05-15 07:20:57,1900-01-00 00:00:00,,9C:2F:9D:82:20:A3,-19,,0.000000,0.000000,0.000,0.000,Client
2026-05-15 07:20:57,1900-01-00 00:00:00,dlink-615_EXT,40:86:CB:27:D2:0C,-17, WPA2 ,0.000000,0.000000,0.000,0.000,AP
2026-05-15 07:20:57,1900-01-00 00:00:00,,9C:2F:9D:82:20:A3,-17,,0.000000,0.000000,0.000,0.000,Client
2026-05-15 07:20:57,1900-01-00 00:00:00,dlink-615_EXT,40:86:CB:27:D2:0C,-19, WPA2 ,0.000000,0.000000,0.000,0.000,AP
2026-05-15 07:20:57,1900-01-00 00:00:00,,9C:2F:9D:82:20:A3,-19,,0.000000,0.000000,0.000,0.000,Client
2026-05-15 07:20:57,1900-01-00 00:00:00,dlink-615_EXT,40:86:CB:27:D2:0C,-19, WPA2 ,0.000000,0.000000,0.000,0.000,AP
2026-05-15 07:20:57,1900-01-00 00:00:00,,9C:2F:9D:82:20:A3,-19,,0.000000,0.000000,0.000,0.000,Client
2026-05-15 07:20:57,1900-01-00 00:00:00,dlink-615_EXT,40:86:CB:27:D2:0C,-19, WPA2 ,0.000000,0.000000,0.000,0.000,AP
2026-05-15 07:20:57,1900-01-00 00:00:00,,9C:2F:9D:82:20:A3,-19,,0.000000,0.000000,0.000,0.000,Client
2026-05-15 07:20:57,1900-01-00 00:00:00,dlink-615_EXT,40:86:CB:27:D2:0C,-19, WPA2 ,0.000000,0.000000,0.000,0.000,AP
2026-05-15 07:20:57,1900-01-00 00:00:00,,9C:2F:9D:82:20:A3,-19,,0.000000,0.000000,0.000,0.000,Client
2026-05-15 07:20:57,1900-01-00 00:00:00,dlink-615_EXT,40:86:CB:27:D2:0C,-19, WPA2 ,0.000000,0.000000,0.000,0.000,AP
2026-05-15 07:20:57,1900-01-00 00:00:00,,9C:2F:9D:82:20:A3,-19,,0.000000,0.000000,0.000,0.000,Client
2026-05-15 07:20:57,1900-01-00 00:00:00,dlink-615_EXT,40:86:CB:27:D2:0C,-19, WPA2 ,0.000000,0.000000,0.000,0.000,AP
2026-05-15 07:20:57,1900-01-00 00:00:00,,9C:2F:9D:82:20:A3,-19,,0.000000,0.000000,0.000,0.000,Client
2026-05-15 07:20:57,1900-01-00 00:00:00,dlink-615_EXT,40:86:CB:27:D2:0C,-19, WPA2 ,0.000000,0.000000,0.000,0.000,AP
2026-05-15 07:20:57,1900-01-00 00:00:00,,9C:2F:9D:82:20:A3,-19,,0.000000,0.000000,0.000,0.000,Client
2026-05-15 07:20:57,1900-01-00 00:00:00,dlink-615_EXT,40:86:CB:27:D2:0C,-19, WPA2 ,0.000000,0.000000,0.000,0.000,AP
2026-05-15 07:20:57,1900-01-00 00:00:00,,9C:2F:9D:82:20:A3,-19,,0.000000,0.000000,0.000,0.000,Client
2026-05-15 07:20:57,1900-01-00 00:00:00,dlink-615_EXT,40:86:CB:27:D2:0C,-19, WPA2 ,0.000000,0.000000,0.000,0.000,AP
2026-05-15 07:20:57,1900-01-00 00:00:00,,9C:2F:9D:82:20:A3,-19,,0.000000,0.000000,0.000,0.000,Client
2026-05-15 07:20:57,1900-01-00 00:00:00,dlink-615_EXT,40:86:CB:27:D2:0C,-19, WPA2 ,0.000000,0.000000,0.000,0.000,AP
2026-05-15 07:20:57,1900-01-00 00:00:00,,9C:2F:9D:82:20:A3,-19,,0.000000,0.000000,0.000,0.000,Client
2026-05-15 07:20:57,1900-01-00 00:00:00,dlink-615_EXT,40:86:CB:27:D2:0C,-19, WPA2 ,0.000000,0.000000,0.000,0.000,AP
2026-05-15 07:20:57,1900-01-00 00:00:00,,9C:2F:9D:82:20:A3,-19,,0.000000,0.000000,0.000,0.000,Client
2026-05-15 07:20:57,1900-01-00 00:00:00,dlink-615_EXT,40:86:CB:27:D2:0C,-19, WPA2 ,0.000000,0.000000,0.000,0.000,AP
2026-05-15 07:20:57,1900-01-00 00:00:00,,9C:2F:9D:82:20:A3,-19,,0.000000,0.000000,0.000,0.000,Client
2026-05-15 07:20:57,1900-01-00 00:00:00,dlink-615_EXT,40:86:CB:27:D2:0C,-19, WPA2 ,0.000000,0.000000,0.000,0.000,AP
2026-05-15 07:20:57,1900-01-00 00:00:00,,9C:2F:9D:82:20:A3,-19,,0.000000,0.000000,0.000,0.000,Client
2026-05-15 07:20:57,1900-01-00 00:00:00,dlink-615_EXT,40:86:CB:27:D2:0C,-19, WPA2 ,0.000000,0.000000,0.000,0.000,AP
2026-05-15 07:20:57,1900-01-00 00:00:00,,9C:2F:9D:82:20:A3,-19,,0.000000,0.000000,0.000,0.000,Client
2026-05-15 07:20:57,1900-01-00 00:00:00,dlink-615_EXT,40:86:CB:27:D2:0C,-19, WPA2 ,0.000000,0.000000,0.000,0.000,AP
2026-05-15 07:20:57,1900-01-00 00:00:00,,9C:2F:9D:82:20:A3,-19,,0.000000,0.000000,0.000,0.000,Client
2026-05-15 07:20:57,1900-01-00 00:00:00,dlink-615_EXT,40:86:CB:27:D2:0C,-19, WPA2 ,0.000000,0.000000,0.000,0.000,AP
2026-05-15 07:20:57,1900-01-00 00:00:00,,9C:2F:9D:82:20:A3,-19,,0.000000,0.000000,0.000,0.000,Client
2026-05-15 07:20:57,1900-01-00 00:00:00,dlink-615_EXT,40:86:CB:27:D2:0C,-19, WPA2 ,0.000000,0.000000,0.000,0.000,AP
2026-05-15 07:20:57,1900-01-00 00:00:00,,9C:2F:9D:82:20:A3,-19,,0.000000,0.000000,0.000,0.000,Client
2026-05-15 07:20:57,1900-01-00 00:00:00,dlink-615_EXT,40:86:CB:27:D2:0C,-19, WPA2 ,0.000000,0.000000,0.000,0.000,AP
2026-05-15 07:20:57,1900-01-00 00:00:00,,9C:2F:9D:82:20:A3,-19,,0.000000,0.000000,0.000,0.000,Client
2026-05-15 07:20:57,1900-01-00 00:00:00,dlink-615_EXT,40:86:CB:27:D2:0C,-19, WPA2 ,0.000000,0.000000,0.000,0.000,AP
2026-05-15 07:20:57,1900-01-00 00:00:00,,9C:2F:9D:82:20:A3,-19,,0.000000,0.000000,0.000,0.000,Client
2026-05-15 07:20:57,1900-01-00 00:00:00,dlink-615_EXT,40:86:CB:27:D2:0C,-19, WPA2 ,0.000000,0.000000,0.000,0.000,AP
2026-05-15 07:20:57,1900-01-00 00:00:00,,9C:2F:9D:82:20:A3,-19,,0.000000,0.000000,0.000,0.000,Client
2026-05-15 07:20:57,1900-01-00 00:00:00,dlink-615_EXT,40:86:CB:27:D2:0C,-19, WPA2 ,0.000000,0.000000,0.000,0.000,AP
2026-05-15 07:20:57,1900-01-00 00:00:00,,9C:2F:9D:82:20:A3,-19,,0.000000,0.000000,0.000,0.000,Client
2026-05-15 07:20:57,1900-01-00 00:00:00,dlink-615_EXT,40:86:CB:27:D2:0C,-19, WPA2 ,0.000000,0.000000,0.000,0.000,AP
2026-05-15 07:20:57,1900-01-00 00:00:00,,9C:2F:9D:82:20:A3,-19,,0.000000,0.000000,0.000,0.000,Client
2026-05-15 07:20:57,1900-01-00 00:00:00,dlink-615_EXT,40:86:CB:27:D2:0C,-19, WPA2 ,0.000000,0.000000,0.000,0.000,AP
2026-05-15 07:20:57,1900-01-00 00:00:00,,9C:2F:9D:82:20:A3,-19,,0.000000,0.000000,0.000,0.000,Client
2026-05-15 07:20:57,1900-01-00 00:00:00,dlink-615_EXT,40:86:CB:27:D2:0C,-19, WPA2 ,0.000000,0.000000,0.000,0.000,AP
2026-05-15 07:20:57,1900-01-00 00:00:00,,9C:2F:9D:82:20:A3,-19,,0.000000,0.000000,0.000,0.000,Client
2026-05-15 07:20:57,1900-01-00 00:00:00,dlink-615_EXT,40:86:CB:27:D2:0C,-19, WPA2 ,0.000000,0.000000,0.000,0.000,AP
2026-05-15 07:20:57,1900-01-00 00:00:00,,9C:2F:9D:82:20:A3,-19,,0.000000,0.000000,0.000,0.000,Client
2026-05-15 07:20:57,1900-01-00 00:00:00,dlink-615_EXT,40:86:CB:27:D2:0C,-19, WPA2 ,0.000000,0.000000,0.000,0.000,AP
2026-05-15 07:20:57,1900-01-00 00:00:00,,9C:2F:9D:82:20:A3,-19,,0.000000,0.000000,0.000,0.000,Client
2026-05-15 07:20:57,1900-01-00 00:00:00,dlink-615_EXT,40:86:CB:27:D2:0C,-19, WPA2 ,0.000000,0.000000,0.000,0.000,AP
2026-05-15 07:20:57,1900-01-00 00:00:00,,9C:2F:9D:82:20:A3,-19,,0.000000,0.000000,0.000,0.000,Client
2026-05-15 07:20:57,1900-01-00 00:00:00,dlink-615_EXT,40:86:CB:27:D2:0C,-19, WPA2 ,0.000000,0.000000,0.000,0.000,AP
2026-05-15 07:20:57,1900-01-00 00:00:00,,9C:2F:9D:82:20:A3,-19,,0.000000,0.000000,0.000,0.000,Client
2026-05-15 07:20:57,1900-01-00 00:00:00,dlink-615_EXT,40:86:CB:27:D2:0C,-19, WPA2 ,0.000000,0.000000,0.000,0.000,AP
2026-05-15 07:20:57,1900-01-00 00:00:00,,9C:2F:9D:82:20:A3,-19,,0.000000,0.000000,0.000,0.000,Client
2026-05-15 07:20:57,1900-01-00 00:00:00,dlink-615_EXT,40:86:CB:27:D2:0C,-19, WPA2 ,0.000000,0.000000,0.000,0.000,AP
2026-05-15 07:20:57,1900-01-00 00:00:00,,9C:2F:9D:82:20:A3,-19,,0.000000,0.000000,0.000,0.000,Client
2026-05-15 07:20:57,1900-01-00 00:00:00,dlink-615_EXT,40:86:CB:27:D2:0C,-19, WPA2 ,0.000000,0.000000,0.000,0.000,AP
2026-05-15 07:20:57,1900-01-00 00:00:00,,9C:2F:9D:82:20:A3,-19,,0.000000,0.000000,0.000,0.000,Client
2026-05-15 07:20:57,1900-01-00 00:00:00,dlink-615_EXT,40:86:CB:27:D2:0C,-19, WPA2 ,0.000000,0.000000,0.000,0.000,AP
2026-05-15 07:20:57,1900-01-00 00:00:00,,9C:2F:9D:82:20:A3,-19,,0.000000,0.000000,0.000,0.000,Client
2026-05-15 07:20:57,1900-01-00 00:00:00,dlink-615_EXT,40:86:CB:27:D2:0C,-19, WPA2 ,0.000000,0.000000,0.000,0.000,AP
2026-05-15 07:20:57,1900-01-00 00:00:00,,9C:2F:9D:82:20:A3,-19,,0.000000,0.000000,0.000,0.000,Client
2026-05-15 07:20:57,1900-01-00 00:00:00,dlink-615_EXT,40:86:CB:27:D2:0C,-19, WPA2 ,0.000000,0.000000,0.000,0.000,AP
2026-05-15 07:20:57,1900-01-00 00:00:00,,9C:2F:9D:82:20:A3,-19,,0.000000,0.000000,0.000,0.000,Client
2026-05-15 07:20:57,1900-01-00 00:00:00,dlink-615_EXT,40:86:CB:27:D2:0C,-19, WPA2 ,0.000000,0.000000,0.000,0.000,AP
2026-05-15 07:20:57,1900-01-00 00:00:00,,9C:2F:9D:82:20:A3,-19,,0.000000,0.000000,0.000,0.000,Client
2026-05-15 07:20:57,1900-01-00 00:00:00,dlink-615_EXT,40:86:CB:27:D2:0C,-19, WPA2 ,0.000000,0.000000,0.000,0.000,AP
2026-05-15 07:20:57,1900-01-00 00:00:00,,9C:2F:9D:82:20:A3,-19,,0.000000,0.000000,0.000,0.000,Client
2026-05-15 07:20:57,1900-01-00 00:00:00,dlink-615_EXT,40:86:CB:27:D2:0C,-19, WPA2 ,0.000000,0.000000,0.000,0.000,AP
2026-05-15 07:20:57,1900-01-00 00:00:00,,9C:2F:9D:82:20:A3,-19,,0.000000,0.000000,0.000,0.000,Client
2026-05-15 07:20:57,1900-01-00 00:00:00,dlink-615_EXT,40:86:CB:27:D2:0C,-19, WPA2 ,0.000000,0.000000,0.000,0.000,AP
2026-05-15 07:20:57,1900-01-00 00:00:00,,9C:2F:9D:82:20:A3,-19,,0.000000,0.000000,0.000,0.000,Client
2026-05-15 07:20:57,1900-01-00 00:00:00,dlink-615_EXT,40:86:CB:27:D2:0C,-19, WPA2 ,0.000000,0.000000,0.000,0.000,AP
2026-05-15 07:20:57,1900-01-00 00:00:00,,9C:2F:9D:82:20:A3,-19,,0.000000,0.000000,0.000,0.000,Client
2026-05-15 07:20:57,1900-01-00 00:00:00,dlink-615_EXT,40:86:CB:27:D2:0C,-19, WPA2 ,0.000000,0.000000,0.000,0.000,AP
2026-05-15 07:20:57,1900-01-00 00:00:00,,9C:2F:9D:82:20:A3,-19,,0.000000,0.000000,0.000,0.000,Client
2026-05-15 07:20:57,1900-01-00 00:00:00,dlink-615_EXT,40:86:CB:27:D2:0C,-19, WPA2 ,0.000000,0.000000,0.000,0.000,AP
2026-05-15 07:20:57,1900-01-00 00:00:00,,9C:2F:9D:82:20:A3,-19,,0.000000,0.000000,0.000,0.000,Client
2026-05-15 07:20:57,1900-01-00 00:00:00,dlink-615_EXT,40:86:CB:27:D2:0C,-19, WPA2 ,0.000000,0.000000,0.000,0.000,AP
2026-05-15 07:20:57,1900-01-00 00:00:00,,9C:2F:9D:82:20:A3,-19,,0.000000,0.000000,0.000,0.000,Client
2026-05-15 07:20:57,1900-01-00 00:00:00,dlink-615_EXT,40:86:CB:27:D2:0C,-19, WPA2 ,0.000000,0.000000,0.000,0.000,AP
2026-05-15 07:20:57,1900-01-00 00:00:00,,9C:2F:9D:82:20:A3,-19,,0.000000,0.000000,0.000,0.000,Client
2026-05-15 07:20:57,1900-01-00 00:00:00,dlink-615_EXT,40:86:CB:27:D2:0C,-19, WPA2 ,0.000000,0.000000,0.000,0.000,AP
2026-05-15 07:20:57,1900-01-00 00:00:00,,9C:2F:9D:82:20:A3,-19,,0.000000,0.000000,0.000,0.000,Client
2026-05-15 07:20:57,1900-01-00 00:00:00,dlink-615_EXT,40:86:CB:27:D2:0C,-19, WPA2 ,0.000000,0.000000,0.000,0.000,AP
2026-05-15 07:20:57,1900-01-00 00:00:00,,9C:2F:9D:82:20:A3,-19,,0.000000,0.000000,0.000,0.000,Client
2026-05-15 07:20:57,1900-01-00 00:00:00,dlink-615_EXT,40:86:CB:27:D2:0C,-19, WPA2 ,0.000000,0.000000,0.000,0.000,AP
2026-05-15 07:20:57,1900-01-00 00:00:00,,9C:2F:9D:82:20:A3,-19,,0.000000,0.000000,0.000,0.000,Client
2026-05-15 07:20:57,1900-01-00 00:00:00,dlink-615_EXT,40:86:CB:27:D2:0C,-19, WPA2 ,0.000000,0.000000,0.000,0.000,AP
2026-05-15 07:20:57,1900-01-00 00:00:00,,9C:2F:9D:82:20:A3,-19,,0.000000,0.000000,0.000,0.000,Client
2026-05-15 07:20:57,1900-01-00 00:00:00,dlink-615_EXT,40:86:CB:27:D2:0C,-19, WPA2 ,0.000000,0.000000,0.000,0.000,AP
2026-05-15 07:20:57,1900-01-00 00:00:00,,9C:2F:9D:82:20:A3,-19,,0.000000,0.000000,0.000,0.000,Client
2026-05-15 07:20:57,1900-01-00 00:00:00,dlink-615_EXT,40:86:CB:27:D2:0C,-19, WPA2 ,0.000000,0.000000,0.000,0.000,AP
2026-05-15 07:20:57,1900-01-00 00:00:00,,9C:2F:9D:82:20:A3,-19,,0.000000,0.000000,0.000,0.000,Client
2026-05-15 07:20:57,1900-01-00 00:00:00,dlink-615_EXT,40:86:CB:27:D2:0C,-19, WPA2 ,0.000000,0.000000,0.000,0.000,AP
2026-05-15 07:20:57,1900-01-00 00:00:00,,9C:2F:9D:82:20:A3,-19,,0.000000,0.000000,0.000,0.000,Client
2026-05-15 07:20:57,1900-01-00 00:00:00,dlink-615_EXT,40:86:CB:27:D2:0C,-19, WPA2 ,0.000000,0.000000,0.000,0.000,AP
2026-05-15 07:20:57,1900-01-00 00:00:00,,9C:2F:9D:82:20:A3,-19,,0.000000,0.000000,0.000,0.000,Client
2026-05-15 07:20:57,1900-01-00 00:00:00,dlink-615_EXT,40:86:CB:27:D2:0C,-19, WPA2 ,0.000000,0.000000,0.000,0.000,AP
2026-05-15 07:20:57,1900-01-00 00:00:00,,9C:2F:9D:82:20:A3,-19,,0.000000,0.000000,0.000,0.000,Client
2026-05-15 07:20:57,1900-01-00 00:00:00,dlink-615_EXT,40:86:CB:27:D2:0C,-19, WPA2 ,0.000000,0.000000,0.000,0.000,AP
2026-05-15 07:20:57,1900-01-00 00:00:00,,9C:2F:9D:82:20:A3,-19,,0.000000,0.000000,0.000,0.000,Client
2026-05-15 07:20:57,1900-01-00 00:00:00,dlink-615_EXT,40:86:CB:27:D2:0C,-19, WPA2 ,0.000000,0.000000,0.000,0.000,AP
2026-05-15 07:20:57,1900-01-00 00:00:00,,9C:2F:9D:82:20:A3,-19,,0.000000,0.000000,0.000,0.000,Client
2026-05-15 07:20:57,1900-01-00 00:00:00,dlink-615_EXT,40:86:CB:27:D2:0C,-19, WPA2 ,0.000000,0.000000,0.000,0.000,AP
2026-05-15 07:20:57,1900-01-00 00:00:00,,9C:2F:9D:82:20:A3,-19,,0.000000,0.000000,0.000,0.000,Client
2026-05-15 07:20:57,1900-01-00 00:00:00,dlink-615_EXT,40:86:CB:27:D2:0C,-19, WPA2 ,0.000000,0.000000,0.000,0.000,AP
2026-05-15 07:20:57,1900-01-00 00:00:00,,9C:2F:9D:82:20:A3,-19,,0.000000,0.000000,0.000,0.000,Client
2026-05-15 07:20:57,1900-01-00 00:00:00,dlink-615_EXT,40:86:CB:27:D2:0C,-19, WPA2 ,0.000000,0.000000,0.000,0.000,AP
2026-05-15 07:20:57,1900-01-00 00:00:00,,9C:2F:9D:82:20:A3,-19,,0.000000,0.000000,0.000,0.000,Client
2026-05-15 07:20:57,1900-01-00 00:00:00,dlink-615_EXT,40:86:CB:27:D2:0C,-19, WPA2 ,0.000000,0.000000,0.000,0.000,AP
2026-05-15 07:20:57,1900-01-00 00:00:00,,9C:2F:9D:82:20:A3,-19,,0.000000,0.000000,0.000,0.000,Client
2026-05-15 07:20:57,1900-01-00 00:00:00,dlink-615_EXT,40:86:CB:27:D2:0C,-19, WPA2 ,0.000000,0.000000,0.000,0.000,AP
2026-05-15 07:20:57,1900-01-00 00:00:00,,9C:2F:9D:82:20:A3,-19,,0.000000,0.000000,0.000,0.000,Client
2026-05-15 07:20:57,1900-01-00 00:00:00,dlink-615_EXT,40:86:CB:27:D2:0C,-19, WPA2 ,0.000000,0.000000,0.000,0.000,AP
2026-05-15 07:20:57,1900-01-00 00:00:00,,9C:2F:9D:82:20:A3,-19,,0.000000,0.000000,0.000,0.000,Client
2026-05-15 07:20:57,1900-01-00 00:00:00,dlink-615_EXT,40:86:CB:27:D2:0C,-19, WPA2 ,0.000000,0.000000,0.000,0.000,AP
2026-05-15 07:20:57,1900-01-00 00:00:00,,9C:2F:9D:82:20:A3,-19,,0.000000,0.000000,0.000,0.000,Client
2026-05-15 07:20:57,1900-01-00 00:00:00,dlink-615_EXT,40:86:CB:27:D2:0C,-19, WPA2 ,0.000000,0.000000,0.000,0.000,AP
2026-05-15 07:20:57,1900-01-00 00:00:00,,9C:2F:9D:82:20:A3,-19,,0.000000,0.000000,0.000,0.000,Client
2026-05-15 07:20:57,1900-01-00 00:00:00,dlink-615_EXT,40:86:CB:27:D2:0C,-19, WPA2 ,0.000000,0.000000,0.000,0.000,AP
2026-05-15 07:20:57,1900-01-00 00:00:00,,9C:2F:9D:82:20:A3,-19,,0.000000,0.000000,0.000,0.000,Client
2026-05-15 07:20:57,1900-01-00 00:00:00,dlink-615_EXT,40:86:CB:27:D2:0C,-19, WPA2 ,0.000000,0.000000,0.000,0.000,AP
2026-05-15 07:20:57,1900-01-00 00:00:00,,9C:2F:9D:82:20:A3,-19,,0.000000,0.000000,0.000,0.000,Client
2026-05-15 07:20:57,1900-01-00 00:00:00,dlink-615_EXT,40:86:CB:27:D2:0C,-19, WPA2 ,0.000000,0.000000,0.000,0.000,AP
2026-05-15 07:20:57,1900-01-00 00:00:00,,9C:2F:9D:82:20:A3,-19,,0.000000,0.000000,0.000,0.000,Client
2026-05-15 07:20:57,1900-01-00 00:00:00,dlink-615_EXT,40:86:CB:27:D2:0C,-19, WPA2 ,0.000000,0.000000,0.000,0.000,AP
2026-05-15 07:20:57,1900-01-00 00:00:00,,9C:2F:9D:82:20:A3,-19,,0.000000,0.000000,0.000,0.000,Client
2026-05-15 07:20:57,1900-01-00 00:00:00,dlink-615_EXT,40:86:CB:27:D2:0C,-19, WPA2 ,0.000000,0.000000,0.000,0.000,AP
2026-05-15 07:20:57,1900-01-00 00:00:00,,9C:2F:9D:82:20:A3,-19,,0.000000,0.000000,0.000,0.000,Client
2026-05-15 07:20:57,1900-01-00 00:00:00,dlink-615_EXT,40:86:CB:27:D2:0C,-19, WPA2 ,0.000000,0.000000,0.000,0.000,AP
2026-05-15 07:20:57,1900-01-00 00:00:00,,9C:2F:9D:82:20:A3,-19,,0.000000,0.000000,0.000,0.000,Client
2026-05-15 07:20:57,1900-01-00 00:00:00,dlink-615_EXT,40:86:CB:27:D2:0C,-19, WPA2 ,0.000000,0.000000,0.000,0.000,AP
2026-05-15 07:20:57,1900-01-00 00:00:00,,9C:2F:9D:82:20:A3,-19,,0.000000,0.000000,0.000,0.000,Client
2026-05-15 07:20:57,1900-01-00 00:00:00,dlink-615_EXT,40:86:CB:27:D2:0C,-19, WPA2 ,0.000000,0.000000,0.000,0.000,AP
2026-05-15 07:20:57,1900-01-00 00:00:00,,9C:2F:9D:82:20:A3,-19,,0.000000,0.000000,0.000,0.000,Client
2026-05-15 07:20:57,1900-01-00 00:00:00,dlink-615_EXT,40:86:CB:27:D2:0C,-19, WPA2 ,0.000000,0.000000,0.000,0.000,AP
2026-05-15 07:20:57,1900-01-00 00:00:00,,9C:2F:9D:82:20:A3,-19,,0.000000,0.000000,0.000,0.000,Client
2026-05-15 07:20:57,1900-01-00 00:00:00,dlink-615_EXT,40:86:CB:27:D2:0C,-19, WPA2 ,0.000000,0.000000,0.000,0.000,AP
2026-05-15 07:20:57,1900-01-00 00:00:00,,9C:2F:9D:82:20:A3,-19,,0.000000,0.000000,0.000,0.000,Client
2026-05-15 07:20:57,1900-01-00 00:00:00,dlink-615_EXT,40:86:CB:27:D2:0C,-19, WPA2 ,0.000000,0.000000,0.000,0.000,AP
2026-05-15 07:20:57,1900-01-00 00:00:00,,9C:2F:9D:82:20:A3,-19,,0.000000,0.000000,0.000,0.000,Client
2026-05-15 07:20:57,1900-01-00 00:00:00,dlink-615_EXT,40:86:CB:27:D2:0C,-19, WPA2 ,0.000000,0.000000,0.000,0.000,AP
2026-05-15 07:20:57,1900-01-00 00:00:00,,9C:2F:9D:82:20:A3,-19,,0.000000,0.000000,0.000,0.000,Client
2026-05-15 07:20:57,1900-01-00 00:00:00,dlink-615_EXT,40:86:CB:27:D2:0C,-19, WPA2 ,0.000000,0.000000,0.000,0.000,AP
2026-05-15 07:20:57,1900-01-00 00:00:00,,9C:2F:9D:82:20:A3,-19,,0.000000,0.000000,0.000,0.000,Client
2026-05-15 07:20:57,1900-01-00 00:00:00,dlink-615_EXT,40:86:CB:27:D2:0C,-19, WPA2 ,0.000000,0.000000,0.000,0.000,AP
2026-05-15 07:20:57,1900-01-00 00:00:00,,9C:2F:9D:82:20:A3,-19,,0.000000,0.000000,0.000,0.000,Client
2026-05-15 07:20:57,1900-01-00 00:00:00,dlink-615_EXT,40:86:CB:27:D2:0C,-19, WPA2 ,0.000000,0.000000,0.000,0.000,AP
2026-05-15 07:20:57,1900-01-00 00:00:00,,9C:2F:9D:82:20:A3,-19,,0.000000,0.000000,0.000,0.000,Client
2026-05-15 07:20:57,1900-01-00 00:00:00,dlink-615_EXT,40:86:CB:27:D2:0C,-19, WPA2 ,0.000000,0.000000,0.000,0.000,AP
2026-05-15 07:20:57,1900-01-00 00:00:00,,9C:2F:9D:82:20:A3,-19,,0.000000,0.000000,0.000,0.000,Client
2026-05-15 07:20:57,1900-01-00 00:00:00,dlink-615_EXT,40:86:CB:27:D2:0C,-19, WPA2 ,0.000000,0.000000,0.000,0.000,AP
2026-05-15 07:20:57,1900-01-00 00:00:00,,9C:2F:9D:82:20:A3,-19,,0.000000,0.000000,0.000,0.000,Client
2026-05-15 07:20:57,1900-01-00 00:00:00,dlink-615_EXT,40:86:CB:27:D2:0C,-19, WPA2 ,0.000000,0.000000,0.000,0.000,AP
2026-05-15 07:20:57,1900-01-00 00:00:00,,9C:2F:9D:82:20:A3,-19,,0.000000,0.000000,0.000,0.000,Client
2026-05-15 07:20:57,1900-01-00 00:00:00,dlink-615_EXT,40:86:CB:27:D2:0C,-19, WPA2 ,0.000000,0.000000,0.000,0.000,AP
2026-05-15 07:20:57,1900-01-00 00:00:00,,9C:2F:9D:82:20:A3,-19,,0.000000,0.000000,0.000,0.000,Client
2026-05-15 07:20:57,1900-01-00 00:00:00,dlink-615_EXT,40:86:CB:27:D2:0C,-19, WPA2 ,0.000000,0.000000,0.000,0.000,AP
2026-05-15 07:20:57,1900-01-00 00:00:00,,9C:2F:9D:82:20:A3,-19,,0.000000,0.000000,0.000,0.000,Client
2026-05-15 07:20:57,1900-01-00 00:00:00,dlink-615_EXT,40:86:CB:27:D2:0C,-19, WPA2 ,0.000000,0.000000,0.000,0.000,AP
2026-05-15 07:20:57,1900-01-00 00:00:00,,9C:2F:9D:82:20:A3,-19,,0.000000,0.000000,0.000,0.000,Client
2026-05-15 07:20:57,1900-01-00 00:00:00,dlink-615_EXT,40:86:CB:27:D2:0C,-19, WPA2 ,0.000000,0.000000,0.000,0.000,AP
2026-05-15 07:20:57,1900-01-00 00:00:00,,9C:2F:9D:82:20:A3,-19,,0.000000,0.000000,0.000,0.000,Client
2026-05-15 07:20:57,1900-01-00 00:00:00,dlink-615_EXT,40:86:CB:27:D2:0C,-19, WPA2 ,0.000000,0.000000,0.000,0.000,AP
2026-05-15 07:20:57,1900-01-00 00:00:00,,9C:2F:9D:82:20:A3,-19,,0.000000,0.000000,0.000,0.000,Client
2026-05-15 07:20:57,1900-01-00 00:00:00,dlink-615_EXT,40:86:CB:27:D2:0C,-19, WPA2 ,0.000000,0.000000,0.000,0.000,AP
2026-05-15 07:20:57,1900-01-00 00:00:00,,9C:2F:9D:82:20:A3,-19,,0.000000,0.000000,0.000,0.000,Client
2026-05-15 07:20:57,1900-01-00 00:00:00,dlink-615_EXT,40:86:CB:27:D2:0C,-19, WPA2 ,0.000000,0.000000,0.000,0.000,AP
2026-05-15 07:20:57,1900-01-00 00:00:00,,9C:2F:9D:82:20:A3,-19,,0.000000,0.000000,0.000,0.000,Client
2026-05-15 07:20:57,1900-01-00 00:00:00,dlink-615_EXT,40:86:CB:27:D2:0C,-19, WPA2 ,0.000000,0.000000,0.000,0.000,AP
2026-05-15 07:20:57,1900-01-00 00:00:00,dlink-615_EXT,40:86:CB:27:D2:0C,-59, WPA2 ,0.000000,0.000000,0.000,0.000,AP
2026-05-15 07:20:57,1900-01-00 00:00:00,,9C:2F:9D:82:20:A3,-59,,0.000000,0.000000,0.000,0.000,Client
2026-05-15 07:20:57,1900-01-00 00:00:00,dlink-615_EXT,40:86:CB:27:D2:0C,-59, WPA2 ,0.000000,0.000000,0.000,0.000,AP
2026-05-15 07:20:57,1900-01-00 00:00:00,,9C:2F:9D:82:20:A3,-59,,0.000000,0.000000,0.000,0.000,Client
2026-05-15 07:20:57,1900-01-00 00:00:00,dlink-615_EXT,40:86:CB:27:D2:0C,-59, WPA2 ,0.000000,0.000000,0.000,0.000,AP
2026-05-15 07:20:57,1900-01-00 00:00:00,,9C:2F:9D:82:20:A3,-59,,0.000000,0.000000,0.000,0.000,Client
2026-05-15 07:20:57,1900-01-00 00:00:00,dlink-615_EXT,40:86:CB:27:D2:0C,-59, WPA2 ,0.000000,0.000000,0.000,0.000,AP
2026-05-15 07:20:57,1900-01-00 00:00:00,,9C:2F:9D:82:20:A3,-59,,0.000000,0.000000,0.000,0.000,Client
2026-05-15 07:20:57,1900-01-00 00:00:00,dlink-615_EXT,40:86:CB:27:D2:0C,-59, WPA2 ,0.000000,0.000000,0.000,0.000,AP
2026-05-15 07:20:57,1900-01-00 00:00:00,,9C:2F:9D:82:20:A3,-59,,0.000000,0.000000,0.000,0.000,Client
2026-05-15 07:20:57,1900-01-00 00:00:00,dlink-615_EXT,40:86:CB:27:D2:0C,-59, WPA2 ,0.000000,0.000000,0.000,0.000,AP
2026-05-15 07:20:57,1900-01-00 00:00:00,,9C:2F:9D:82:20:A3,-59,,0.000000,0.000000,0.000,0.000,Client
2026-05-15 07:20:57,1900-01-00 00:00:00,dlink-615_EXT,40:86:CB:27:D2:0C,-59, WPA2 ,0.000000,0.000000,0.000,0.000,AP
2026-05-15 07:20:57,1900-01-00 00:00:00,,9C:2F:9D:82:20:A3,-59,,0.000000,0.000000,0.000,0.000,Client
2026-05-15 07:20:58,1900-01-00 00:00:00,dlink-615_EXT,40:86:CB:27:D2:0C,-59, WPA2 ,0.000000,0.000000,0.000,0.000,AP
2026-05-15 07:20:58,1900-01-00 00:00:00,,9C:2F:9D:82:20:A3,-59,,0.000000,0.000000,0.000,0.000,Client
2026-05-15 07:20:58,1900-01-00 00:00:00,dlink-615_EXT,40:86:CB:27:D2:0C,-59, WPA2 ,0.000000,0.000000,0.000,0.000,AP
2026-05-15 07:20:58,1900-01-00 00:00:00,,9C:2F:9D:82:20:A3,-59,,0.000000,0.000000,0.000,0.000,Client
2026-05-15 07:20:58,1900-01-00 00:00:00,dlink-615_EXT,40:86:CB:27:D2:0C,-59, WPA2 ,0.000000,0.000000,0.000,0.000,AP
2026-05-15 07:20:58,1900-01-00 00:00:00,,9C:2F:9D:82:20:A3,-59,,0.000000,0.000000,0.000,0.000,Client
2026-05-15 07:20:58,1900-01-00 00:00:00,dlink-615_EXT,40:86:CB:27:D2:0C,-59, WPA2 ,0.000000,0.000000,0.000,0.000,AP
2026-05-15 07:20:58,1900-01-00 00:00:00,,9C:2F:9D:82:20:A3,-59,,0.000000,0.000000,0.000,0.000,Client
2026-05-15 07:20:58,1900-01-00 00:00:00,dlink-615_EXT,40:86:CB:27:D2:0C,-15, WPA2 ,0.000000,0.000000,0.000,0.000,AP
2026-05-15 07:20:58,1900-01-00 00:00:00,,9C:2F:9D:82:20:A3,-15,,0.000000,0.000000,0.000,0.000,Client
2026-05-15 07:20:58,1900-01-00 00:00:00,dlink-615_EXT,40:86:CB:27:D2:0C,-15, WPA2 ,0.000000,0.000000,0.000,0.000,AP
2026-05-15 07:20:58,1900-01-00 00:00:00,,9C:2F:9D:82:20:A3,-15,,0.000000,0.000000,0.000,0.000,Client
2026-05-15 07:20:58,1900-01-00 00:00:00,dlink-615_EXT,40:86:CB:27:D2:0C,-15, WPA2 ,0.000000,0.000000,0.000,0.000,AP
2026-05-15 07:20:58,1900-01-00 00:00:00,,9C:2F:9D:82:20:A3,-15,,0.000000,0.000000,0.000,0.000,Client
2026-05-15 07:20:58,1900-01-00 00:00:00,dlink-615_EXT,40:86:CB:27:D2:0C,-15, WPA2 ,0.000000,0.000000,0.000,0.000,AP
2026-05-15 07:20:58,1900-01-00 00:00:00,,9C:2F:9D:82:20:A3,-19,,0.000000,0.000000,0.000,0.000,Client
2026-05-15 07:20:58,1900-01-00 00:00:00,dlink-615_EXT,40:86:CB:27:D2:0C,-19, WPA2 ,0.000000,0.000000,0.000,0.000,AP
2026-05-15 07:20:58,1900-01-00 00:00:00,,9C:2F:9D:82:20:A3,-19,,0.000000,0.000000,0.000,0.000,Client
2026-05-15 07:20:58,1900-01-00 00:00:00,dlink-615_EXT,40:86:CB:27:D2:0C,-19, WPA2 ,0.000000,0.000000,0.000,0.000,AP
2026-05-15 07:20:58,1900-01-00 00:00:00,,9C:2F:9D:82:20:A3,-19,,0.000000,0.000000,0.000,0.000,Client
2026-05-15 07:20:58,1900-01-00 00:00:00,dlink-615_EXT,40:86:CB:27:D2:0C,-19, WPA2 ,0.000000,0.000000,0.000,0.000,AP
2026-05-15 07:20:58,1900-01-00 00:00:00,,9C:2F:9D:82:20:A3,-19,,0.000000,0.000000,0.000,0.000,Client
2026-05-15 07:20:58,1900-01-00 00:00:00,dlink-615_EXT,40:86:CB:27:D2:0C,-19, WPA2 ,0.000000,0.000000,0.000,0.000,AP
2026-05-15 07:20:58,1900-01-00 00:00:00,,9C:2F:9D:82:20:A3,-19,,0.000000,0.000000,0.000,0.000,Client
2026-05-15 07:20:58,1900-01-00 00:00:00,dlink-615_EXT,40:86:CB:27:D2:0C,-17, WPA2 ,0.000000,0.000000,0.000,0.000,AP
2026-05-15 07:20:58,1900-01-00 00:00:00,,9C:2F:9D:82:20:A3,-17,,0.000000,0.000000,0.000,0.000,Client
2026-05-15 07:20:58,1900-01-00 00:00:00,dlink-615_EXT,40:86:CB:27:D2:0C,-17, WPA2 ,0.000000,0.000000,0.000,0.000,AP
2026-05-15 07:20:58,1900-01-00 00:00:00,,9C:2F:9D:82:20:A3,-17,,0.000000,0.000000,0.000,0.000,Client
2026-05-15 07:20:58,1900-01-00 00:00:00,dlink-615_EXT,40:86:CB:27:D2:0C,-17, WPA2 ,0.000000,0.000000,0.000,0.000,AP
2026-05-15 07:20:58,1900-01-00 00:00:00,,9C:2F:9D:82:20:A3,-17,,0.000000,0.000000,0.000,0.000,Client
2026-05-15 07:20:58,1900-01-00 00:00:00,dlink-615_EXT,40:86:CB:27:D2:0C,-17, WPA2 ,0.000000,0.000000,0.000,0.000,AP
2026-05-15 07:20:58,1900-01-00 00:00:00,,9C:2F:9D:82:20:A3,-17,,0.000000,0.000000,0.000,0.000,Client
2026-05-15 07:20:58,1900-01-00 00:00:00,dlink-615_EXT,40:86:CB:27:D2:0C,-17, WPA2 ,0.000000,0.000000,0.000,0.000,AP
2026-05-15 07:20:58,1900-01-00 00:00:00,,9C:2F:9D:82:20:A3,-17,,0.000000,0.000000,0.000,0.000,Client
2026-05-15 07:20:58,1900-01-00 00:00:00,dlink-615_EXT,40:86:CB:27:D2:0C,-17, WPA2 ,0.000000,0.000000,0.000,0.000,AP
2026-05-15 07:20:58,1900-01-00 00:00:00,,9C:2F:9D:82:20:A3,-17,,0.000000,0.000000,0.000,0.000,Client
2026-05-15 07:20:58,1900-01-00 00:00:00,dlink-615_EXT,40:86:CB:27:D2:0C,-17, WPA2 ,0.000000,0.000000,0.000,0.000,AP
2026-05-15 07:20:58,1900-01-00 00:00:00,,9C:2F:9D:82:20:A3,-17,,0.000000,0.000000,0.000,0.000,Client
2026-05-15 07:20:58,1900-01-00 00:00:00,dlink-615_EXT,40:86:CB:27:D2:0C,-17, WPA2 ,0.000000,0.000000,0.000,0.000,AP
2026-05-15 07:20:58,1900-01-00 00:00:00,,9C:2F:9D:82:20:A3,-17,,0.000000,0.000000,0.000,0.000,Client
2026-05-15 07:20:58,1900-01-00 00:00:00,dlink-615_EXT,40:86:CB:27:D2:0C,-15, WPA2 ,0.000000,0.000000,0.000,0.000,AP
2026-05-15 07:20:58,1900-01-00 00:00:00,,9C:2F:9D:82:20:A3,-15,,0.000000,0.000000,0.000,0.000,Client
2026-05-15 07:20:58,1900-01-00 00:00:00,dlink-615_EXT,40:86:CB:27:D2:0C,-31, WPA2 ,0.000000,0.000000,0.000,0.000,AP
2026-05-15 07:20:58,1900-01-00 00:00:00,,9C:2F:9D:82:20:A3,-31,,0.000000,0.000000,0.000,0.000,Client
2026-05-15 07:20:58,1900-01-00 00:00:00,dlink-615_EXT,40:86:CB:27:D2:0C,-31, WPA2 ,0.000000,0.000000,0.000,0.000,AP
2026-05-15 07:20:58,1900-01-00 00:00:00,,9C:2F:9D:82:20:A3,-31,,0.000000,0.000000,0.000,0.000,Client
2026-05-15 07:20:58,1900-01-00 00:00:00,dlink-615_EXT,40:86:CB:27:D2:0C,-31, WPA2 ,0.000000,0.000000,0.000,0.000,AP
2026-05-15 07:20:58,1900-01-00 00:00:00,,9C:2F:9D:82:20:A3,-15,,0.000000,0.000000,0.000,0.000,Client
2026-05-15 07:20:58,1900-01-00 00:00:00,dlink-615_EXT,40:86:CB:27:D2:0C,-15, WPA2 ,0.000000,0.000000,0.000,0.000,AP
2026-05-15 07:20:58,1900-01-00 00:00:00,,9C:2F:9D:82:20:A3,-15,,0.000000,0.000000,0.000,0.000,Client
2026-05-15 07:20:58,1900-01-00 00:00:00,dlink-615_EXT,40:86:CB:27:D2:0C,-15, WPA2 ,0.000000,0.000000,0.000,0.000,AP
2026-05-15 07:20:58,1900-01-00 00:00:00,,9C:2F:9D:82:20:A3,-15,,0.000000,0.000000,0.000,0.000,Client
2026-05-15 07:20:58,1900-01-00 00:00:00,dlink-615_EXT,40:86:CB:27:D2:0C,-19, WPA2 ,0.000000,0.000000,0.000,0.000,AP
2026-05-15 07:20:58,1900-01-00 00:00:00,,9C:2F:9D:82:20:A3,-19,,0.000000,0.000000,0.000,0.000,Client
2026-05-15 07:20:58,1900-01-00 00:00:00,dlink-615_EXT,40:86:CB:27:D2:0C,-19, WPA2 ,0.000000,0.000000,0.000,0.000,AP
2026-05-15 07:20:58,1900-01-00 00:00:00,,9C:2F:9D:82:20:A3,-19,,0.000000,0.000000,0.000,0.000,Client
2026-05-15 07:20:58,1900-01-00 00:00:00,dlink-615_EXT,40:86:CB:27:D2:0C,-19, WPA2 ,0.000000,0.000000,0.000,0.000,AP
2026-05-15 07:20:58,1900-01-00 00:00:00,,9C:2F:9D:82:20:A3,-19,,0.000000,0.000000,0.000,0.000,Client
2026-05-15 07:20:58,1900-01-00 00:00:00,dlink-615_EXT,40:86:CB:27:D2:0C,-19, WPA2 ,0.000000,0.000000,0.000,0.000,AP
2026-05-15 07:20:58,1900-01-00 00:00:00,,9C:2F:9D:82:20:A3,-19,,0.000000,0.000000,0.000,0.000,Client
2026-05-15 07:20:58,1900-01-00 00:00:00,dlink-615_EXT,40:86:CB:27:D2:0C,-19, WPA2 ,0.000000,0.000000,0.000,0.000,AP
2026-05-15 07:20:58,1900-01-00 00:00:00,,9C:2F:9D:82:20:A3,-19,,0.000000,0.000000,0.000,0.000,Client
2026-05-15 07:20:58,1900-01-00 00:00:00,dlink-615_EXT,40:86:CB:27:D2:0C,-19, WPA2 ,0.000000,0.000000,0.000,0.000,AP
2026-05-15 07:20:58,1900-01-00 00:00:00,,9C:2F:9D:82:20:A3,-19,,0.000000,0.000000,0.000,0.000,Client
2026-05-15 07:20:58,1900-01-00 00:00:00,dlink-615_EXT,40:86:CB:27:D2:0C,-19, WPA2 ,0.000000,0.000000,0.000,0.000,AP
2026-05-15 07:20:58,1900-01-00 00:00:00,,9C:2F:9D:82:20:A3,-19,,0.000000,0.000000,0.000,0.000,Client
2026-05-15 07:20:58,1900-01-00 00:00:00,dlink-615_EXT,40:86:CB:27:D2:0C,-19, WPA2 ,0.000000,0.000000,0.000,0.000,AP
2026-05-15 07:20:58,1900-01-00 00:00:00,,9C:2F:9D:82:20:A3,-19,,0.000000,0.000000,0.000,0.000,Client
2026-05-15 07:20:58,1900-01-00 00:00:00,dlink-615_EXT,40:86:CB:27:D2:0C,-19, WPA2 ,0.000000,0.000000,0.000,0.000,AP
2026-05-15 07:20:58,1900-01-00 00:00:00,,9C:2F:9D:82:20:A3,-19,,0.000000,0.000000,0.000,0.000,Client
2026-05-15 07:20:58,1900-01-00 00:00:00,dlink-615_EXT,40:86:CB:27:D2:0C,-65, WPA2 ,0.000000,0.000000,0.000,0.000,AP
2026-05-15 07:20:58,1900-01-00 00:00:00,,9C:2F:9D:82:20:A3,-65,,0.000000,0.000000,0.000,0.000,Client
2026-05-15 07:20:58,1900-01-00 00:00:00,dlink-615_EXT,40:86:CB:27:D2:0C,-67, WPA2 ,0.000000,0.000000,0.000,0.000,AP
2026-05-15 07:20:58,1900-01-00 00:00:00,,9C:2F:9D:82:20:A3,-67,,0.000000,0.000000,0.000,0.000,Client
2026-05-15 07:20:58,1900-01-00 00:00:00,dlink-615_EXT,40:86:CB:27:D2:0C,-67, WPA2 ,0.000000,0.000000,0.000,0.000,AP
2026-05-15 07:20:58,1900-01-00 00:00:00,,9C:2F:9D:82:20:A3,-67,,0.000000,0.000000,0.000,0.000,Client
2026-05-15 07:20:58,1900-01-00 00:00:00,dlink-615_EXT,40:86:CB:27:D2:0C,-67, WPA2 ,0.000000,0.000000,0.000,0.000,AP
2026-05-15 07:20:58,1900-01-00 00:00:00,,9C:2F:9D:82:20:A3,-67,,0.000000,0.000000,0.000,0.000,Client
2026-05-15 07:20:58,1900-01-00 00:00:00,dlink-615_EXT,40:86:CB:27:D2:0C,-67, WPA2 ,0.000000,0.000000,0.000,0.000,AP
2026-05-15 07:20:58,1900-01-00 00:00:00,,9C:2F:9D:82:20:A3,-67,,0.000000,0.000000,0.000,0.000,Client
2026-05-15 07:20:58,1900-01-00 00:00:00,dlink-615_EXT,40:86:CB:27:D2:0C,-67, WPA2 ,0.000000,0.000000,0.000,0.000,AP
2026-05-15 07:20:58,1900-01-00 00:00:00,,9C:2F:9D:82:20:A3,-67,,0.000000,0.000000,0.000,0.000,Client
2026-05-15 07:20:58,1900-01-00 00:00:00,dlink-615_EXT,40:86:CB:27:D2:0C,-67, WPA2 ,0.000000,0.000000,0.000,0.000,AP
2026-05-15 07:20:58,1900-01-00 00:00:00,,9C:2F:9D:82:20:A3,-67,,0.000000,0.000000,0.000,0.000,Client
2026-05-15 07:20:58,1900-01-00 00:00:00,dlink-615_EXT,40:86:CB:27:D2:0C,-67, WPA2 ,0.000000,0.000000,0.000,0.000,AP
2026-05-15 07:20:58,1900-01-00 00:00:00,,9C:2F:9D:82:20:A3,-67,,0.000000,0.000000,0.000,0.000,Client
2026-05-15 07:20:58,1900-01-00 00:00:00,dlink-615_EXT,40:86:CB:27:D2:0C,-67, WPA2 ,0.000000,0.000000,0.000,0.000,AP
2026-05-15 07:20:58,1900-01-00 00:00:00,,9C:2F:9D:82:20:A3,-67,,0.000000,0.000000,0.000,0.000,Client
2026-05-15 07:20:58,1900-01-00 00:00:00,dlink-615_EXT,40:86:CB:27:D2:0C,-67, WPA2 ,0.000000,0.000000,0.000,0.000,AP
2026-05-15 07:20:58,1900-01-00 00:00:00,,9C:2F:9D:82:20:A3,-67,,0.000000,0.000000,0.000,0.000,Client
2026-05-15 07:20:58,1900-01-00 00:00:00,dlink-615_EXT,40:86:CB:27:D2:0C,-67, WPA2 ,0.000000,0.000000,0.000,0.000,AP
2026-05-15 07:20:58,1900-01-00 00:00:00,,9C:2F:9D:82:20:A3,-67,,0.000000,0.000000,0.000,0.000,Client
2026-05-15 07:20:58,1900-01-00 00:00:00,dlink-615_EXT,40:86:CB:27:D2:0C,-67, WPA2 ,0.000000,0.000000,0.000,0.000,AP
2026-05-15 07:20:58,1900-01-00 00:00:00,,9C:2F:9D:82:20:A3,-67,,0.000000,0.000000,0.000,0.000,Client
2026-05-15 07:20:58,1900-01-00 00:00:00,dlink-615_EXT,40:86:CB:27:D2:0C,-67, WPA2 ,0.000000,0.000000,0.000,0.000,AP
2026-05-15 07:20:58,1900-01-00 00:00:00,,9C:2F:9D:82:20:A3,-67,,0.000000,0.000000,0.000,0.000,Client
2026-05-15 07:20:58,1900-01-00 00:00:00,dlink-615_EXT,40:86:CB:27:D2:0C,-67, WPA2 ,0.000000,0.000000,0.000,0.000,AP
2026-05-15 07:20:58,1900-01-00 00:00:00,,9C:2F:9D:82:20:A3,-67,,0.000000,0.000000,0.000,0.000,Client
2026-05-15 07:20:58,1900-01-00 00:00:00,dlink-615_EXT,40:86:CB:27:D2:0C,-67, WPA2 ,0.000000,0.000000,0.000,0.000,AP
2026-05-15 07:20:58,1900-01-00 00:00:00,,9C:2F:9D:82:20:A3,-67,,0.000000,0.000000,0.000,0.000,Client
2026-05-15 07:20:58,1900-01-00 00:00:00,dlink-615_EXT,40:86:CB:27:D2:0C,-67, WPA2 ,0.000000,0.000000,0.000,0.000,AP
2026-05-15 07:20:58,1900-01-00 00:00:00,,9C:2F:9D:82:20:A3,-67,,0.000000,0.000000,0.000,0.000,Client
2026-05-15 07:20:58,1900-01-00 00:00:00,dlink-615_EXT,40:86:CB:27:D2:0C,-67, WPA2 ,0.000000,0.000000,0.000,0.000,AP
2026-05-15 07:20:58,1900-01-00 00:00:00,,9C:2F:9D:82:20:A3,-67,,0.000000,0.000000,0.000,0.000,Client
2026-05-15 07:20:58,1900-01-00 00:00:00,dlink-615_EXT,40:86:CB:27:D2:0C,-67, WPA2 ,0.000000,0.000000,0.000,0.000,AP
2026-05-15 07:20:58,1900-01-00 00:00:00,,9C:2F:9D:82:20:A3,-67,,0.000000,0.000000,0.000,0.000,Client
2026-05-15 07:20:58,1900-01-00 00:00:00,dlink-615_EXT,40:86:CB:27:D2:0C,-67, WPA2 ,0.000000,0.000000,0.000,0.000,AP
2026-05-15 07:20:58,1900-01-00 00:00:00,,9C:2F:9D:82:20:A3,-67,,0.000000,0.000000,0.000,0.000,Client
2026-05-15 07:20:58,1900-01-00 00:00:00,dlink-615_EXT,40:86:CB:27:D2:0C,-67, WPA2 ,0.000000,0.000000,0.000,0.000,AP
2026-05-15 07:20:58,1900-01-00 00:00:00,,9C:2F:9D:82:20:A3,-67,,0.000000,0.000000,0.000,0.000,Client
2026-05-15 07:20:58,1900-01-00 00:00:00,dlink-615_EXT,40:86:CB:27:D2:0C,-67, WPA2 ,0.000000,0.000000,0.000,0.000,AP
2026-05-15 07:20:58,1900-01-00 00:00:00,,9C:2F:9D:82:20:A3,-67,,0.000000,0.000000,0.000,0.000,Client
2026-05-15 07:20:58,1900-01-00 00:00:00,dlink-615_EXT,40:86:CB:27:D2:0C,-67, WPA2 ,0.000000,0.000000,0.000,0.000,AP
2026-05-15 07:20:58,1900-01-00 00:00:00,,9C:2F:9D:82:20:A3,-67,,0.000000,0.000000,0.000,0.000,Client
2026-05-15 07:20:58,1900-01-00 00:00:00,dlink-615_EXT,40:86:CB:27:D2:0C,-67, WPA2 ,0.000000,0.000000,0.000,0.000,AP
2026-05-15 07:20:58,1900-01-00 00:00:00,,9C:2F:9D:82:20:A3,-67,,0.000000,0.000000,0.000,0.000,Client
2026-05-15 07:20:58,1900-01-00 00:00:00,dlink-615_EXT,40:86:CB:27:D2:0C,-67, WPA2 ,0.000000,0.000000,0.000,0.000,AP
2026-05-15 07:20:58,1900-01-00 00:00:00,,9C:2F:9D:82:20:A3,-67,,0.000000,0.000000,0.000,0.000,Client
2026-05-15 07:20:58,1900-01-00 00:00:00,dlink-615_EXT,40:86:CB:27:D2:0C,-67, WPA2 ,0.000000,0.000000,0.000,0.000,AP
2026-05-15 07:20:58,1900-01-00 00:00:00,,9C:2F:9D:82:20:A3,-67,,0.000000,0.000000,0.000,0.000,Client
2026-05-15 07:20:58,1900-01-00 00:00:00,dlink-615_EXT,40:86:CB:27:D2:0C,-67, WPA2 ,0.000000,0.000000,0.000,0.000,AP
2026-05-15 07:20:58,1900-01-00 00:00:00,,9C:2F:9D:82:20:A3,-67,,0.000000,0.000000,0.000,0.000,Client
2026-05-15 07:20:58,1900-01-00 00:00:00,dlink-615_EXT,40:86:CB:27:D2:0C,-67, WPA2 ,0.000000,0.000000,0.000,0.000,AP
2026-05-15 07:20:58,1900-01-00 00:00:00,,9C:2F:9D:82:20:A3,-67,,0.000000,0.000000,0.000,0.000,Client
2026-05-15 07:20:58,1900-01-00 00:00:00,dlink-615_EXT,40:86:CB:27:D2:0C,-67, WPA2 ,0.000000,0.000000,0.000,0.000,AP
2026-05-15 07:20:58,1900-01-00 00:00:00,,9C:2F:9D:82:20:A3,-67,,0.000000,0.000000,0.000,0.000,Client
2026-05-15 07:20:58,1900-01-00 00:00:00,dlink-615_EXT,40:86:CB:27:D2:0C,-67, WPA2 ,0.000000,0.000000,0.000,0.000,AP
2026-05-15 07:20:58,1900-01-00 00:00:00,,9C:2F:9D:82:20:A3,-67,,0.000000,0.000000,0.000,0.000,Client
2026-05-15 07:20:58,1900-01-00 00:00:00,dlink-615_EXT,40:86:CB:27:D2:0C,-67, WPA2 ,0.000000,0.000000,0.000,0.000,AP
2026-05-15 07:20:58,1900-01-00 00:00:00,,9C:2F:9D:82:20:A3,-67,,0.000000,0.000000,0.000,0.000,Client
2026-05-15 07:20:58,1900-01-00 00:00:00,dlink-615_EXT,40:86:CB:27:D2:0C,-67, WPA2 ,0.000000,0.000000,0.000,0.000,AP
2026-05-15 07:20:58,1900-01-00 00:00:00,,9C:2F:9D:82:20:A3,-67,,0.000000,0.000000,0.000,0.000,Client
2026-05-15 07:20:58,1900-01-00 00:00:00,dlink-615_EXT,40:86:CB:27:D2:0C,-67, WPA2 ,0.000000,0.000000,0.000,0.000,AP
2026-05-15 07:20:58,1900-01-00 00:00:00,,9C:2F:9D:82:20:A3,-67,,0.000000,0.000000,0.000,0.000,Client
2026-05-15 07:20:58,1900-01-00 00:00:00,dlink-615_EXT,40:86:CB:27:D2:0C,-67, WPA2 ,0.000000,0.000000,0.000,0.000,AP
2026-05-15 07:20:58,1900-01-00 00:00:00,,9C:2F:9D:82:20:A3,-67,,0.000000,0.000000,0.000,0.000,Client
2026-05-15 07:20:58,1900-01-00 00:00:00,dlink-615_EXT,40:86:CB:27:D2:0C,-67, WPA2 ,0.000000,0.000000,0.000,0.000,AP
2026-05-15 07:20:58,1900-01-00 00:00:00,,9C:2F:9D:82:20:A3,-67,,0.000000,0.000000,0.000,0.000,Client
2026-05-15 07:20:58,1900-01-00 00:00:00,dlink-615_EXT,40:86:CB:27:D2:0C,-67, WPA2 ,0.000000,0.000000,0.000,0.000,AP
2026-05-15 07:20:58,1900-01-00 00:00:00,,9C:2F:9D:82:20:A3,-67,,0.000000,0.000000,0.000,0.000,Client
2026-05-15 07:20:58,1900-01-00 00:00:00,dlink-615_EXT,40:86:CB:27:D2:0C,-67, WPA2 ,0.000000,0.000000,0.000,0.000,AP
2026-05-15 07:20:58,1900-01-00 00:00:00,,9C:2F:9D:82:20:A3,-67,,0.000000,0.000000,0.000,0.000,Client
2026-05-15 07:20:58,1900-01-00 00:00:00,dlink-615_EXT,40:86:CB:27:D2:0C,-67, WPA2 ,0.000000,0.000000,0.000,0.000,AP
2026-05-15 07:20:58,1900-01-00 00:00:00,,9C:2F:9D:82:20:A3,-67,,0.000000,0.000000,0.000,0.000,Client
2026-05-15 07:20:58,1900-01-00 00:00:00,dlink-615_EXT,40:86:CB:27:D2:0C,-67, WPA2 ,0.000000,0.000000,0.000,0.000,AP
2026-05-15 07:20:58,1900-01-00 00:00:00,,9C:2F:9D:82:20:A3,-67,,0.000000,0.000000,0.000,0.000,Client
2026-05-15 07:20:58,1900-01-00 00:00:00,dlink-615_EXT,40:86:CB:27:D2:0C,-67, WPA2 ,0.000000,0.000000,0.000,0.000,AP
2026-05-15 07:20:58,1900-01-00 00:00:00,,9C:2F:9D:82:20:A3,-67,,0.000000,0.000000,0.000,0.000,Client
2026-05-15 07:20:58,1900-01-00 00:00:00,dlink-615_EXT,40:86:CB:27:D2:0C,-67, WPA2 ,0.000000,0.000000,0.000,0.000,AP
2026-05-15 07:20:58,1900-01-00 00:00:00,,9C:2F:9D:82:20:A3,-67,,0.000000,0.000000,0.000,0.000,Client
2026-05-15 07:20:58,1900-01-00 00:00:00,dlink-615_EXT,40:86:CB:27:D2:0C,-67, WPA2 ,0.000000,0.000000,0.000,0.000,AP
2026-05-15 07:20:58,1900-01-00 00:00:00,,9C:2F:9D:82:20:A3,-67,,0.000000,0.000000,0.000,0.000,Client
2026-05-15 07:20:58,1900-01-00 00:00:00,dlink-615_EXT,40:86:CB:27:D2:0C,-67, WPA2 ,0.000000,0.000000,0.000,0.000,AP
2026-05-15 07:20:58,1900-01-00 00:00:00,,9C:2F:9D:82:20:A3,-67,,0.000000,0.000000,0.000,0.000,Client
2026-05-15 07:20:58,1900-01-00 00:00:00,dlink-615_EXT,40:86:CB:27:D2:0C,-67, WPA2 ,0.000000,0.000000,0.000,0.000,AP
2026-05-15 07:20:58,1900-01-00 00:00:00,,9C:2F:9D:82:20:A3,-67,,0.000000,0.000000,0.000,0.000,Client
2026-05-15 07:20:58,1900-01-00 00:00:00,dlink-615_EXT,40:86:CB:27:D2:0C,-67, WPA2 ,0.000000,0.000000,0.000,0.000,AP
2026-05-15 07:20:58,1900-01-00 00:00:00,,9C:2F:9D:82:20:A3,-67,,0.000000,0.000000,0.000,0.000,Client
2026-05-15 07:20:58,1900-01-00 00:00:00,dlink-615_EXT,40:86:CB:27:D2:0C,-67, WPA2 ,0.000000,0.000000,0.000,0.000,AP
2026-05-15 07:20:58,1900-01-00 00:00:00,,9C:2F:9D:82:20:A3,-67,,0.000000,0.000000,0.000,0.000,Client
2026-05-15 07:20:58,1900-01-00 00:00:00,dlink-615_EXT,40:86:CB:27:D2:0C,-67, WPA2 ,0.000000,0.000000,0.000,0.000,AP
2026-05-15 07:20:58,1900-01-00 00:00:00,,9C:2F:9D:82:20:A3,-67,,0.000000,0.000000,0.000,0.000,Client
2026-05-15 07:20:58,1900-01-00 00:00:00,dlink-615_EXT,40:86:CB:27:D2:0C,-67, WPA2 ,0.000000,0.000000,0.000,0.000,AP
2026-05-15 07:20:58,1900-01-00 00:00:00,,9C:2F:9D:82:20:A3,-67,,0.000000,0.000000,0.000,0.000,Client
2026-05-15 07:20:58,1900-01-00 00:00:00,dlink-615_EXT,40:86:CB:27:D2:0C,-67, WPA2 ,0.000000,0.000000,0.000,0.000,AP
2026-05-15 07:20:58,1900-01-00 00:00:00,,9C:2F:9D:82:20:A3,-67,,0.000000,0.000000,0.000,0.000,Client
2026-05-15 07:20:58,1900-01-00 00:00:00,dlink-615_EXT,40:86:CB:27:D2:0C,-67, WPA2 ,0.000000,0.000000,0.000,0.000,AP
2026-05-15 07:20:58,1900-01-00 00:00:00,,9C:2F:9D:82:20:A3,-21,,0.000000,0.000000,0.000,0.000,Client
2026-05-15 07:20:58,1900-01-00 00:00:00,dlink-615_EXT,40:86:CB:27:D2:0C,-21, WPA2 ,0.000000,0.000000,0.000,0.000,AP
2026-05-15 07:20:58,1900-01-00 00:00:00,,9C:2F:9D:82:20:A3,-21,,0.000000,0.000000,0.000,0.000,Client
2026-05-15 07:20:58,1900-01-00 00:00:00,dlink-615_EXT,40:86:CB:27:D2:0C,-21, WPA2 ,0.000000,0.000000,0.000,0.000,AP
2026-05-15 07:20:58,1900-01-00 00:00:00,,9C:2F:9D:82:20:A3,-21,,0.000000,0.000000,0.000,0.000,Client
2026-05-15 07:20:58,1900-01-00 00:00:00,dlink-615_EXT,40:86:CB:27:D2:0C,-21, WPA2 ,0.000000,0.000000,0.000,0.000,AP
2026-05-15 07:20:58,1900-01-00 00:00:00,,9C:2F:9D:82:20:A3,-21,,0.000000,0.000000,0.000,0.000,Client
2026-05-15 07:20:58,1900-01-00 00:00:00,dlink-615_EXT,40:86:CB:27:D2:0C,-21, WPA2 ,0.000000,0.000000,0.000,0.000,AP
2026-05-15 07:20:58,1900-01-00 00:00:00,,9C:2F:9D:82:20:A3,-21,,0.000000,0.000000,0.000,0.000,Client
2026-05-15 07:20:58,1900-01-00 00:00:00,dlink-615_EXT,40:86:CB:27:D2:0C,-21, WPA2 ,0.000000,0.000000,0.000,0.000,AP
2026-05-15 07:20:58,1900-01-00 00:00:00,,9C:2F:9D:82:20:A3,-21,,0.000000,0.000000,0.000,0.000,Client
2026-05-15 07:20:58,1900-01-00 00:00:00,dlink-615_EXT,40:86:CB:27:D2:0C,-21, WPA2 ,0.000000,0.000000,0.000,0.000,AP
2026-05-15 07:20:58,1900-01-00 00:00:00,,9C:2F:9D:82:20:A3,-21,,0.000000,0.000000,0.000,0.000,Client
2026-05-15 07:20:58,1900-01-00 00:00:00,dlink-615_EXT,40:86:CB:27:D2:0C,-17, WPA2 ,0.000000,0.000000,0.000,0.000,AP
2026-05-15 07:20:58,1900-01-00 00:00:00,,9C:2F:9D:82:20:A3,-17,,0.000000,0.000000,0.000,0.000,Client
2026-05-15 07:20:58,1900-01-00 00:00:00,dlink-615_EXT,40:86:CB:27:D2:0C,-17, WPA2 ,0.000000,0.000000,0.000,0.000,AP
2026-05-15 07:20:58,1900-01-00 00:00:00,,9C:2F:9D:82:20:A3,-17,,0.000000,0.000000,0.000,0.000,Client
2026-05-15 07:20:58,1900-01-00 00:00:00,dlink-615_EXT,40:86:CB:27:D2:0C,-17, WPA2 ,0.000000,0.000000,0.000,0.000,AP
2026-05-15 07:20:58,1900-01-00 00:00:00,,9C:2F:9D:82:20:A3,-17,,0.000000,0.000000,0.000,0.000,Client
2026-05-15 07:20:58,1900-01-00 00:00:00,dlink-615_EXT,40:86:CB:27:D2:0C,-17, WPA2 ,0.000000,0.000000,0.000,0.000,AP
2026-05-15 07:20:58,1900-01-00 00:00:00,,9C:2F:9D:82:20:A3,-17,,0.000000,0.000000,0.000,0.000,Client
2026-05-15 07:20:58,1900-01-00 00:00:00,dlink-615_EXT,40:86:CB:27:D2:0C,-17, WPA2 ,0.000000,0.000000,0.000,0.000,AP
2026-05-15 07:20:58,1900-01-00 00:00:00,,9C:2F:9D:82:20:A3,-17,,0.000000,0.000000,0.000,0.000,Client
2026-05-15 07:20:58,1900-01-00 00:00:00,dlink-615_EXT,40:86:CB:27:D2:0C,-17, WPA2 ,0.000000,0.000000,0.000,0.000,AP
2026-05-15 07:20:58,1900-01-00 00:00:00,,9C:2F:9D:82:20:A3,-17,,0.000000,0.000000,0.000,0.000,Client
2026-05-15 07:20:58,1900-01-00 00:00:00,dlink-615_EXT,40:86:CB:27:D2:0C,-17, WPA2 ,0.000000,0.000000,0.000,0.000,AP
2026-05-15 07:20:58,1900-01-00 00:00:00,,9C:2F:9D:82:20:A3,-17,,0.000000,0.000000,0.000,0.000,Client
2026-05-15 07:20:58,1900-01-00 00:00:00,dlink-615_EXT,40:86:CB:27:D2:0C,-17, WPA2 ,0.000000,0.000000,0.000,0.000,AP
2026-05-15 07:20:58,1900-01-00 00:00:00,,9C:2F:9D:82:20:A3,-17,,0.000000,0.000000,0.000,0.000,Client
2026-05-15 07:20:58,1900-01-00 00:00:00,dlink-615_EXT,40:86:CB:27:D2:0C,-17, WPA2 ,0.000000,0.000000,0.000,0.000,AP
2026-05-15 07:20:58,1900-01-00 00:00:00,,9C:2F:9D:82:20:A3,-17,,0.000000,0.000000,0.000,0.000,Client
2026-05-15 07:20:58,1900-01-00 00:00:00,dlink-615_EXT,40:86:CB:27:D2:0C,-17, WPA2 ,0.000000,0.000000,0.000,0.000,AP
2026-05-15 07:20:58,1900-01-00 00:00:00,,9C:2F:9D:82:20:A3,-17,,0.000000,0.000000,0.000,0.000,Client
2026-05-15 07:20:58,1900-01-00 00:00:00,dlink-615_EXT,40:86:CB:27:D2:0C,-17, WPA2 ,0.000000,0.000000,0.000,0.000,AP
2026-05-15 07:20:58,1900-01-00 00:00:00,,9C:2F:9D:82:20:A3,-17,,0.000000,0.000000,0.000,0.000,Client
2026-05-15 07:20:58,1900-01-00 00:00:00,dlink-615_EXT,40:86:CB:27:D2:0C,-17, WPA2 ,0.000000,0.000000,0.000,0.000,AP
2026-05-15 07:20:58,1900-01-00 00:00:00,,9C:2F:9D:82:20:A3,-17,,0.000000,0.000000,0.000,0.000,Client
2026-05-15 07:20:58,1900-01-00 00:00:00,dlink-615_EXT,40:86:CB:27:D2:0C,-17, WPA2 ,0.000000,0.000000,0.000,0.000,AP
2026-05-15 07:20:58,1900-01-00 00:00:00,,9C:2F:9D:82:20:A3,-17,,0.000000,0.000000,0.000,0.000,Client
2026-05-15 07:20:58,1900-01-00 00:00:00,dlink-615_EXT,40:86:CB:27:D2:0C,-17, WPA2 ,0.000000,0.000000,0.000,0.000,AP
2026-05-15 07:20:58,1900-01-00 00:00:00,,9C:2F:9D:82:20:A3,-17,,0.000000,0.000000,0.000,0.000,Client
2026-05-15 07:20:58,1900-01-00 00:00:00,dlink-615_EXT,40:86:CB:27:D2:0C,-17, WPA2 ,0.000000,0.000000,0.000,0.000,AP
2026-05-15 07:20:58,1900-01-00 00:00:00,,9C:2F:9D:82:20:A3,-17,,0.000000,0.000000,0.000,0.000,Client
2026-05-15 07:20:58,1900-01-00 00:00:00,dlink-615_EXT,40:86:CB:27:D2:0C,-17, WPA2 ,0.000000,0.000000,0.000,0.000,AP
2026-05-15 07:20:58,1900-01-00 00:00:00,,9C:2F:9D:82:20:A3,-17,,0.000000,0.000000,0.000,0.000,Client
2026-05-15 07:20:58,1900-01-00 00:00:00,dlink-615_EXT,40:86:CB:27:D2:0C,-17, WPA2 ,0.000000,0.000000,0.000,0.000,AP
2026-05-15 07:20:58,1900-01-00 00:00:00,,9C:2F:9D:82:20:A3,-17,,0.000000,0.000000,0.000,0.000,Client
2026-05-15 07:20:58,1900-01-00 00:00:00,dlink-615_EXT,40:86:CB:27:D2:0C,-17, WPA2 ,0.000000,0.000000,0.000,0.000,AP
2026-05-15 07:20:58,1900-01-00 00:00:00,,9C:2F:9D:82:20:A3,-17,,0.000000,0.000000,0.000,0.000,Client
2026-05-15 07:20:58,1900-01-00 00:00:00,dlink-615_EXT,40:86:CB:27:D2:0C,-17, WPA2 ,0.000000,0.000000,0.000,0.000,AP
2026-05-15 07:20:58,1900-01-00 00:00:00,,9C:2F:9D:82:20:A3,-17,,0.000000,0.000000,0.000,0.000,Client
2026-05-15 07:20:58,1900-01-00 00:00:00,dlink-615_EXT,40:86:CB:27:D2:0C,-17, WPA2 ,0.000000,0.000000,0.000,0.000,AP
2026-05-15 07:20:58,1900-01-00 00:00:00,,9C:2F:9D:82:20:A3,-17,,0.000000,0.000000,0.000,0.000,Client
2026-05-15 07:20:58,1900-01-00 00:00:00,dlink-615_EXT,40:86:CB:27:D2:0C,-17, WPA2 ,0.000000,0.000000,0.000,0.000,AP
2026-05-15 07:20:58,1900-01-00 00:00:00,,9C:2F:9D:82:20:A3,-17,,0.000000,0.000000,0.000,0.000,Client
2026-05-15 07:20:58,1900-01-00 00:00:00,dlink-615_EXT,40:86:CB:27:D2:0C,-17, WPA2 ,0.000000,0.000000,0.000,0.000,AP
2026-05-15 07:20:58,1900-01-00 00:00:00,,9C:2F:9D:82:20:A3,-17,,0.000000,0.000000,0.000,0.000,Client
2026-05-15 07:20:58,1900-01-00 00:00:00,dlink-615_EXT,40:86:CB:27:D2:0C,-17, WPA2 ,0.000000,0.000000,0.000,0.000,AP
2026-05-15 07:20:58,1900-01-00 00:00:00,,9C:2F:9D:82:20:A3,-17,,0.000000,0.000000,0.000,0.000,Client
2026-05-15 07:20:58,1900-01-00 00:00:00,dlink-615_EXT,40:86:CB:27:D2:0C,-17, WPA2 ,0.000000,0.000000,0.000,0.000,AP
2026-05-15 07:20:58,1900-01-00 00:00:00,,9C:2F:9D:82:20:A3,-17,,0.000000,0.000000,0.000,0.000,Client
2026-05-15 07:20:58,1900-01-00 00:00:00,dlink-615_EXT,40:86:CB:27:D2:0C,-17, WPA2 ,0.000000,0.000000,0.000,0.000,AP
2026-05-15 07:20:58,1900-01-00 00:00:00,,9C:2F:9D:82:20:A3,-17,,0.000000,0.000000,0.000,0.000,Client
2026-05-15 07:20:58,1900-01-00 00:00:00,dlink-615_EXT,40:86:CB:27:D2:0C,-17, WPA2 ,0.000000,0.000000,0.000,0.000,AP
2026-05-15 07:20:58,1900-01-00 00:00:00,,9C:2F:9D:82:20:A3,-17,,0.000000,0.000000,0.000,0.000,Client
2026-05-15 07:20:58,1900-01-00 00:00:00,dlink-615_EXT,40:86:CB:27:D2:0C,-17, WPA2 ,0.000000,0.000000,0.000,0.000,AP
2026-05-15 07:20:58,1900-01-00 00:00:00,,9C:2F:9D:82:20:A3,-17,,0.000000,0.000000,0.000,0.000,Client
2026-05-15 07:20:59,1900-01-00 00:00:00,dlink-615_EXT,40:86:CB:27:D2:0C,-17, WPA2 ,0.000000,0.000000,0.000,0.000,AP
2026-05-15 07:20:59,1900-01-00 00:00:00,,9C:2F:9D:82:20:A3,-17,,0.000000,0.000000,0.000,0.000,Client
2026-05-15 07:20:59,1900-01-00 00:00:00,dlink-615_EXT,40:86:CB:27:D2:0C,-17, WPA2 ,0.000000,0.000000,0.000,0.000,AP
2026-05-15 07:20:59,1900-01-00 00:00:00,,9C:2F:9D:82:20:A3,-17,,0.000000,0.000000,0.000,0.000,Client
2026-05-15 07:20:59,1900-01-00 00:00:00,dlink-615_EXT,40:86:CB:27:D2:0C,-17, WPA2 ,0.000000,0.000000,0.000,0.000,AP
2026-05-15 07:20:59,1900-01-00 00:00:00,,9C:2F:9D:82:20:A3,-17,,0.000000,0.000000,0.000,0.000,Client
2026-05-15 07:20:59,1900-01-00 00:00:00,dlink-615_EXT,40:86:CB:27:D2:0C,-17, WPA2 ,0.000000,0.000000,0.000,0.000,AP
2026-05-15 07:20:59,1900-01-00 00:00:00,,9C:2F:9D:82:20:A3,-17,,0.000000,0.000000,0.000,0.000,Client
2026-05-15 07:20:59,1900-01-00 00:00:00,dlink-615_EXT,40:86:CB:27:D2:0C,-17, WPA2 ,0.000000,0.000000,0.000,0.000,AP
2026-05-15 07:20:59,1900-01-00 00:00:00,,9C:2F:9D:82:20:A3,-17,,0.000000,0.000000,0.000,0.000,Client
2026-05-15 07:20:59,1900-01-00 00:00:00,dlink-615_EXT,40:86:CB:27:D2:0C,-17, WPA2 ,0.000000,0.000000,0.000,0.000,AP
2026-05-15 07:20:59,1900-01-00 00:00:00,,9C:2F:9D:82:20:A3,-17,,0.000000,0.000000,0.000,0.000,Client
2026-05-15 07:20:59,1900-01-00 00:00:00,dlink-615_EXT,40:86:CB:27:D2:0C,-17, WPA2 ,0.000000,0.000000,0.000,0.000,AP
2026-05-15 07:20:59,1900-01-00 00:00:00,,9C:2F:9D:82:20:A3,-17,,0.000000,0.000000,0.000,0.000,Client
2026-05-15 07:20:59,1900-01-00 00:00:00,dlink-615_EXT,40:86:CB:27:D2:0C,-17, WPA2 ,0.000000,0.000000,0.000,0.000,AP
2026-05-15 07:20:59,1900-01-00 00:00:00,,9C:2F:9D:82:20:A3,-17,,0.000000,0.000000,0.000,0.000,Client
2026-05-15 07:20:59,1900-01-00 00:00:00,dlink-615_EXT,40:86:CB:27:D2:0C,-17, WPA2 ,0.000000,0.000000,0.000,0.000,AP
2026-05-15 07:20:59,1900-01-00 00:00:00,,9C:2F:9D:82:20:A3,-17,,0.000000,0.000000,0.000,0.000,Client
2026-05-15 07:20:59,1900-01-00 00:00:00,dlink-615_EXT,40:86:CB:27:D2:0C,-17, WPA2 ,0.000000,0.000000,0.000,0.000,AP
2026-05-15 07:20:59,1900-01-00 00:00:00,,9C:2F:9D:82:20:A3,-17,,0.000000,0.000000,0.000,0.000,Client
2026-05-15 07:20:59,1900-01-00 00:00:00,dlink-615_EXT,40:86:CB:27:D2:0C,-17, WPA2 ,0.000000,0.000000,0.000,0.000,AP
2026-05-15 07:20:59,1900-01-00 00:00:00,,9C:2F:9D:82:20:A3,-17,,0.000000,0.000000,0.000,0.000,Client
2026-05-15 07:20:59,1900-01-00 00:00:00,dlink-615_EXT,40:86:CB:27:D2:0C,-17, WPA2 ,0.000000,0.000000,0.000,0.000,AP
2026-05-15 07:20:59,1900-01-00 00:00:00,,9C:2F:9D:82:20:A3,-17,,0.000000,0.000000,0.000,0.000,Client
2026-05-15 07:20:59,1900-01-00 00:00:00,dlink-615_EXT,40:86:CB:27:D2:0C,-17, WPA2 ,0.000000,0.000000,0.000,0.000,AP
2026-05-15 07:20:59,1900-01-00 00:00:00,,9C:2F:9D:82:20:A3,-17,,0.000000,0.000000,0.000,0.000,Client
2026-05-15 07:20:59,1900-01-00 00:00:00,dlink-615_EXT,40:86:CB:27:D2:0C,-17, WPA2 ,0.000000,0.000000,0.000,0.000,AP
2026-05-15 07:20:59,1900-01-00 00:00:00,,9C:2F:9D:82:20:A3,-17,,0.000000,0.000000,0.000,0.000,Client
2026-05-15 07:20:59,1900-01-00 00:00:00,dlink-615_EXT,40:86:CB:27:D2:0C,-17, WPA2 ,0.000000,0.000000,0.000,0.000,AP
2026-05-15 07:20:59,1900-01-00 00:00:00,,9C:2F:9D:82:20:A3,-17,,0.000000,0.000000,0.000,0.000,Client
2026-05-15 07:20:59,1900-01-00 00:00:00,dlink-615_EXT,40:86:CB:27:D2:0C,-17, WPA2 ,0.000000,0.000000,0.000,0.000,AP
2026-05-15 07:20:59,1900-01-00 00:00:00,,9C:2F:9D:82:20:A3,-17,,0.000000,0.000000,0.000,0.000,Client
2026-05-15 07:20:59,1900-01-00 00:00:00,dlink-615_EXT,40:86:CB:27:D2:0C,-17, WPA2 ,0.000000,0.000000,0.000,0.000,AP
2026-05-15 07:20:59,1900-01-00 00:00:00,,9C:2F:9D:82:20:A3,-17,,0.000000,0.000000,0.000,0.000,Client
2026-05-15 07:20:59,1900-01-00 00:00:00,dlink-615_EXT,40:86:CB:27:D2:0C,-17, WPA2 ,0.000000,0.000000,0.000,0.000,AP
2026-05-15 07:20:59,1900-01-00 00:00:00,,9C:2F:9D:82:20:A3,-17,,0.000000,0.000000,0.000,0.000,Client
2026-05-15 07:20:59,1900-01-00 00:00:00,dlink-615_EXT,40:86:CB:27:D2:0C,-17, WPA2 ,0.000000,0.000000,0.000,0.000,AP
2026-05-15 07:20:59,1900-01-00 00:00:00,,9C:2F:9D:82:20:A3,-17,,0.000000,0.000000,0.000,0.000,Client
2026-05-15 07:20:59,1900-01-00 00:00:00,dlink-615_EXT,40:86:CB:27:D2:0C,-17, WPA2 ,0.000000,0.000000,0.000,0.000,AP
2026-05-15 07:20:59,1900-01-00 00:00:00,,9C:2F:9D:82:20:A3,-17,,0.000000,0.000000,0.000,0.000,Client
2026-05-15 07:20:59,1900-01-00 00:00:00,dlink-615_EXT,40:86:CB:27:D2:0C,-17, WPA2 ,0.000000,0.000000,0.000,0.000,AP
2026-05-15 07:20:59,1900-01-00 00:00:00,,9C:2F:9D:82:20:A3,-17,,0.000000,0.000000,0.000,0.000,Client
2026-05-15 07:20:59,1900-01-00 00:00:00,dlink-615_EXT,40:86:CB:27:D2:0C,-17, WPA2 ,0.000000,0.000000,0.000,0.000,AP
2026-05-15 07:20:59,1900-01-00 00:00:00,,9C:2F:9D:82:20:A3,-17,,0.000000,0.000000,0.000,0.000,Client
2026-05-15 07:20:59,1900-01-00 00:00:00,dlink-615_EXT,40:86:CB:27:D2:0C,-17, WPA2 ,0.000000,0.000000,0.000,0.000,AP
2026-05-15 07:20:59,1900-01-00 00:00:00,,9C:2F:9D:82:20:A3,-17,,0.000000,0.000000,0.000,0.000,Client
2026-05-15 07:20:59,1900-01-00 00:00:00,dlink-615_EXT,40:86:CB:27:D2:0C,-17, WPA2 ,0.000000,0.000000,0.000,0.000,AP
2026-05-15 07:20:59,1900-01-00 00:00:00,,9C:2F:9D:82:20:A3,-17,,0.000000,0.000000,0.000,0.000,Client
2026-05-15 07:20:59,1900-01-00 00:00:00,dlink-615_EXT,40:86:CB:27:D2:0C,-17, WPA2 ,0.000000,0.000000,0.000,0.000,AP
2026-05-15 07:20:59,1900-01-00 00:00:00,,9C:2F:9D:82:20:A3,-17,,0.000000,0.000000,0.000,0.000,Client
2026-05-15 07:20:59,1900-01-00 00:00:00,dlink-615_EXT,40:86:CB:27:D2:0C,-17, WPA2 ,0.000000,0.000000,0.000,0.000,AP
2026-05-15 07:20:59,1900-01-00 00:00:00,,9C:2F:9D:82:20:A3,-17,,0.000000,0.000000,0.000,0.000,Client
2026-05-15 07:20:59,1900-01-00 00:00:00,dlink-615_EXT,40:86:CB:27:D2:0C,-17, WPA2 ,0.000000,0.000000,0.000,0.000,AP
2026-05-15 07:20:59,1900-01-00 00:00:00,,9C:2F:9D:82:20:A3,-17,,0.000000,0.000000,0.000,0.000,Client
2026-05-15 07:20:59,1900-01-00 00:00:00,dlink-615_EXT,40:86:CB:27:D2:0C,-17, WPA2 ,0.000000,0.000000,0.000,0.000,AP
2026-05-15 07:20:59,1900-01-00 00:00:00,,9C:2F:9D:82:20:A3,-17,,0.000000,0.000000,0.000,0.000,Client
2026-05-15 07:20:59,1900-01-00 00:00:00,dlink-615_EXT,40:86:CB:27:D2:0C,-17, WPA2 ,0.000000,0.000000,0.000,0.000,AP
2026-05-15 07:20:59,1900-01-00 00:00:00,,9C:2F:9D:82:20:A3,-17,,0.000000,0.000000,0.000,0.000,Client
2026-05-15 07:20:59,1900-01-00 00:00:00,dlink-615_EXT,40:86:CB:27:D2:0C,-17, WPA2 ,0.000000,0.000000,0.000,0.000,AP
2026-05-15 07:20:59,1900-01-00 00:00:00,,9C:2F:9D:82:20:A3,-17,,0.000000,0.000000,0.000,0.000,Client
2026-05-15 07:20:59,1900-01-00 00:00:00,dlink-615_EXT,40:86:CB:27:D2:0C,-17, WPA2 ,0.000000,0.000000,0.000,0.000,AP
2026-05-15 07:20:59,1900-01-00 00:00:00,,9C:2F:9D:82:20:A3,-17,,0.000000,0.000000,0.000,0.000,Client
2026-05-15 07:20:59,1900-01-00 00:00:00,dlink-615_EXT,40:86:CB:27:D2:0C,-17, WPA2 ,0.000000,0.000000,0.000,0.000,AP
2026-05-15 07:20:59,1900-01-00 00:00:00,,9C:2F:9D:82:20:A3,-17,,0.000000,0.000000,0.000,0.000,Client
2026-05-15 07:20:59,1900-01-00 00:00:00,dlink-615_EXT,40:86:CB:27:D2:0C,-17, WPA2 ,0.000000,0.000000,0.000,0.000,AP
2026-05-15 07:20:59,1900-01-00 00:00:00,,9C:2F:9D:82:20:A3,-17,,0.000000,0.000000,0.000,0.000,Client
2026-05-15 07:20:59,1900-01-00 00:00:00,dlink-615_EXT,40:86:CB:27:D2:0C,-17, WPA2 ,0.000000,0.000000,0.000,0.000,AP
2026-05-15 07:20:59,1900-01-00 00:00:00,,9C:2F:9D:82:20:A3,-17,,0.000000,0.000000,0.000,0.000,Client
2026-05-15 07:20:59,1900-01-00 00:00:00,dlink-615_EXT,40:86:CB:27:D2:0C,-17, WPA2 ,0.000000,0.000000,0.000,0.000,AP
2026-05-15 07:20:59,1900-01-00 00:00:00,,9C:2F:9D:82:20:A3,-17,,0.000000,0.000000,0.000,0.000,Client
2026-05-15 07:20:59,1900-01-00 00:00:00,dlink-615_EXT,40:86:CB:27:D2:0C,-17, WPA2 ,0.000000,0.000000,0.000,0.000,AP
2026-05-15 07:20:59,1900-01-00 00:00:00,,9C:2F:9D:82:20:A3,-17,,0.000000,0.000000,0.000,0.000,Client
2026-05-15 07:20:59,1900-01-00 00:00:00,dlink-615_EXT,40:86:CB:27:D2:0C,-17, WPA2 ,0.000000,0.000000,0.000,0.000,AP
2026-05-15 07:20:59,1900-01-00 00:00:00,,9C:2F:9D:82:20:A3,-17,,0.000000,0.000000,0.000,0.000,Client
2026-05-15 07:20:59,1900-01-00 00:00:00,dlink-615_EXT,40:86:CB:27:D2:0C,-17, WPA2 ,0.000000,0.000000,0.000,0.000,AP
2026-05-15 07:20:59,1900-01-00 00:00:00,,9C:2F:9D:82:20:A3,-17,,0.000000,0.000000,0.000,0.000,Client
2026-05-15 07:20:59,1900-01-00 00:00:00,dlink-615_EXT,40:86:CB:27:D2:0C,-17, WPA2 ,0.000000,0.000000,0.000,0.000,AP
2026-05-15 07:20:59,1900-01-00 00:00:00,,9C:2F:9D:82:20:A3,-17,,0.000000,0.000000,0.000,0.000,Client
2026-05-15 07:20:59,1900-01-00 00:00:00,dlink-615_EXT,40:86:CB:27:D2:0C,-17, WPA2 ,0.000000,0.000000,0.000,0.000,AP
2026-05-15 07:20:59,1900-01-00 00:00:00,,9C:2F:9D:82:20:A3,-17,,0.000000,0.000000,0.000,0.000,Client
2026-05-15 07:20:59,1900-01-00 00:00:00,dlink-615_EXT,40:86:CB:27:D2:0C,-17, WPA2 ,0.000000,0.000000,0.000,0.000,AP
2026-05-15 07:20:59,1900-01-00 00:00:00,,9C:2F:9D:82:20:A3,-17,,0.000000,0.000000,0.000,0.000,Client
2026-05-15 07:20:59,1900-01-00 00:00:00,dlink-615_EXT,40:86:CB:27:D2:0C,-17, WPA2 ,0.000000,0.000000,0.000,0.000,AP
2026-05-15 07:20:59,1900-01-00 00:00:00,,9C:2F:9D:82:20:A3,-17,,0.000000,0.000000,0.000,0.000,Client
2026-05-15 07:20:59,1900-01-00 00:00:00,dlink-615_EXT,40:86:CB:27:D2:0C,-17, WPA2 ,0.000000,0.000000,0.000,0.000,AP
2026-05-15 07:20:59,1900-01-00 00:00:00,,9C:2F:9D:82:20:A3,-17,,0.000000,0.000000,0.000,0.000,Client
2026-05-15 07:20:59,1900-01-00 00:00:00,dlink-615_EXT,40:86:CB:27:D2:0C,-17, WPA2 ,0.000000,0.000000,0.000,0.000,AP
2026-05-15 07:20:59,1900-01-00 00:00:00,,9C:2F:9D:82:20:A3,-17,,0.000000,0.000000,0.000,0.000,Client
2026-05-15 07:20:59,1900-01-00 00:00:00,dlink-615_EXT,40:86:CB:27:D2:0C,-17, WPA2 ,0.000000,0.000000,0.000,0.000,AP
2026-05-15 07:20:59,1900-01-00 00:00:00,,9C:2F:9D:82:20:A3,-21,,0.000000,0.000000,0.000,0.000,Client
2026-05-15 07:20:59,1900-01-00 00:00:00,dlink-615_EXT,40:86:CB:27:D2:0C,-21, WPA2 ,0.000000,0.000000,0.000,0.000,AP
2026-05-15 07:20:59,1900-01-00 00:00:00,,9C:2F:9D:82:20:A3,-21,,0.000000,0.000000,0.000,0.000,Client
2026-05-15 07:20:59,1900-01-00 00:00:00,dlink-615_EXT,40:86:CB:27:D2:0C,-21, WPA2 ,0.000000,0.000000,0.000,0.000,AP
2026-05-15 07:20:59,1900-01-00 00:00:00,,9C:2F:9D:82:20:A3,-21,,0.000000,0.000000,0.000,0.000,Client
2026-05-15 07:20:59,1900-01-00 00:00:00,dlink-615_EXT,40:86:CB:27:D2:0C,-21, WPA2 ,0.000000,0.000000,0.000,0.000,AP
2026-05-15 07:20:59,1900-01-00 00:00:00,,9C:2F:9D:82:20:A3,-15,,0.000000,0.000000,0.000,0.000,Client
2026-05-15 07:20:59,1900-01-00 00:00:00,dlink-615_EXT,40:86:CB:27:D2:0C,-17, WPA2 ,0.000000,0.000000,0.000,0.000,AP
2026-05-15 07:20:59,1900-01-00 00:00:00,,9C:2F:9D:82:20:A3,-17,,0.000000,0.000000,0.000,0.000,Client
2026-05-15 07:20:59,1900-01-00 00:00:00,dlink-615_EXT,40:86:CB:27:D2:0C,-17, WPA2 ,0.000000,0.000000,0.000,0.000,AP
2026-05-15 07:20:59,1900-01-00 00:00:00,,9C:2F:9D:82:20:A3,-17,,0.000000,0.000000,0.000,0.000,Client
2026-05-15 07:20:59,1900-01-00 00:00:00,dlink-615_EXT,40:86:CB:27:D2:0C,-17, WPA2 ,0.000000,0.000000,0.000,0.000,AP
2026-05-15 07:20:59,1900-01-00 00:00:00,,9C:2F:9D:82:20:A3,-17,,0.000000,0.000000,0.000,0.000,Client
2026-05-15 07:20:59,1900-01-00 00:00:00,dlink-615_EXT,40:86:CB:27:D2:0C,-17, WPA2 ,0.000000,0.000000,0.000,0.000,AP
2026-05-15 07:20:59,1900-01-00 00:00:00,,9C:2F:9D:82:20:A3,-17,,0.000000,0.000000,0.000,0.000,Client
2026-05-15 07:20:59,1900-01-00 00:00:00,dlink-615_EXT,40:86:CB:27:D2:0C,-17, WPA2 ,0.000000,0.000000,0.000,0.000,AP
2026-05-15 07:20:59,1900-01-00 00:00:00,,9C:2F:9D:82:20:A3,-17,,0.000000,0.000000,0.000,0.000,Client
2026-05-15 07:20:59,1900-01-00 00:00:00,dlink-615_EXT,40:86:CB:27:D2:0C,-17, WPA2 ,0.000000,0.000000,0.000,0.000,AP
2026-05-15 07:20:59,1900-01-00 00:00:00,,9C:2F:9D:82:20:A3,-17,,0.000000,0.000000,0.000,0.000,Client
2026-05-15 07:20:59,1900-01-00 00:00:00,dlink-615_EXT,40:86:CB:27:D2:0C,-17, WPA2 ,0.000000,0.000000,0.000,0.000,AP
2026-05-15 07:20:59,1900-01-00 00:00:00,,9C:2F:9D:82:20:A3,-17,,0.000000,0.000000,0.000,0.000,Client
2026-05-15 07:20:59,1900-01-00 00:00:00,dlink-615_EXT,40:86:CB:27:D2:0C,-17, WPA2 ,0.000000,0.000000,0.000,0.000,AP
2026-05-15 07:20:59,1900-01-00 00:00:00,,9C:2F:9D:82:20:A3,-17,,0.000000,0.000000,0.000,0.000,Client
2026-05-15 07:20:59,1900-01-00 00:00:00,dlink-615_EXT,40:86:CB:27:D2:0C,-17, WPA2 ,0.000000,0.000000,0.000,0.000,AP
2026-05-15 07:20:59,1900-01-00 00:00:00,,9C:2F:9D:82:20:A3,-17,,0.000000,0.000000,0.000,0.000,Client
2026-05-15 07:20:59,1900-01-00 00:00:00,dlink-615_EXT,40:86:CB:27:D2:0C,-17, WPA2 ,0.000000,0.000000,0.000,0.000,AP
2026-05-15 07:20:59,1900-01-00 00:00:00,,9C:2F:9D:82:20:A3,-17,,0.000000,0.000000,0.000,0.000,Client
2026-05-15 07:20:59,1900-01-00 00:00:00,dlink-615_EXT,40:86:CB:27:D2:0C,-17, WPA2 ,0.000000,0.000000,0.000,0.000,AP
2026-05-15 07:20:59,1900-01-00 00:00:00,,9C:2F:9D:82:20:A3,-17,,0.000000,0.000000,0.000,0.000,Client
2026-05-15 07:20:59,1900-01-00 00:00:00,dlink-615_EXT,40:86:CB:27:D2:0C,-17, WPA2 ,0.000000,0.000000,0.000,0.000,AP
2026-05-15 07:20:59,1900-01-00 00:00:00,,9C:2F:9D:82:20:A3,-17,,0.000000,0.000000,0.000,0.000,Client
2026-05-15 07:20:59,1900-01-00 00:00:00,dlink-615_EXT,40:86:CB:27:D2:0C,-17, WPA2 ,0.000000,0.000000,0.000,0.000,AP
2026-05-15 07:20:59,1900-01-00 00:00:00,,9C:2F:9D:82:20:A3,-17,,0.000000,0.000000,0.000,0.000,Client
2026-05-15 07:20:59,1900-01-00 00:00:00,dlink-615_EXT,40:86:CB:27:D2:0C,-17, WPA2 ,0.000000,0.000000,0.000,0.000,AP
2026-05-15 07:20:59,1900-01-00 00:00:00,,9C:2F:9D:82:20:A3,-17,,0.000000,0.000000,0.000,0.000,Client
2026-05-15 07:20:59,1900-01-00 00:00:00,dlink-615_EXT,40:86:CB:27:D2:0C,-17, WPA2 ,0.000000,0.000000,0.000,0.000,AP
2026-05-15 07:20:59,1900-01-00 00:00:00,,9C:2F:9D:82:20:A3,-17,,0.000000,0.000000,0.000,0.000,Client
2026-05-15 07:20:59,1900-01-00 00:00:00,dlink-615_EXT,40:86:CB:27:D2:0C,-17, WPA2 ,0.000000,0.000000,0.000,0.000,AP
2026-05-15 07:20:59,1900-01-00 00:00:00,,9C:2F:9D:82:20:A3,-17,,0.000000,0.000000,0.000,0.000,Client
2026-05-15 07:20:59,1900-01-00 00:00:00,dlink-615_EXT,40:86:CB:27:D2:0C,-17, WPA2 ,0.000000,0.000000,0.000,0.000,AP
2026-05-15 07:20:59,1900-01-00 00:00:00,,9C:2F:9D:82:20:A3,-17,,0.000000,0.000000,0.000,0.000,Client
2026-05-15 07:20:59,1900-01-00 00:00:00,dlink-615_EXT,40:86:CB:27:D2:0C,-17, WPA2 ,0.000000,0.000000,0.000,0.000,AP
2026-05-15 07:20:59,1900-01-00 00:00:00,,9C:2F:9D:82:20:A3,-17,,0.000000,0.000000,0.000,0.000,Client
2026-05-15 07:20:59,1900-01-00 00:00:00,dlink-615_EXT,40:86:CB:27:D2:0C,-17, WPA2 ,0.000000,0.000000,0.000,0.000,AP
2026-05-15 07:20:59,1900-01-00 00:00:00,,9C:2F:9D:82:20:A3,-17,,0.000000,0.000000,0.000,0.000,Client
2026-05-15 07:20:59,1900-01-00 00:00:00,dlink-615_EXT,40:86:CB:27:D2:0C,-17, WPA2 ,0.000000,0.000000,0.000,0.000,AP
2026-05-15 07:20:59,1900-01-00 00:00:00,,9C:2F:9D:82:20:A3,-17,,0.000000,0.000000,0.000,0.000,Client
2026-05-15 07:20:59,1900-01-00 00:00:00,dlink-615_EXT,40:86:CB:27:D2:0C,-17, WPA2 ,0.000000,0.000000,0.000,0.000,AP
2026-05-15 07:20:59,1900-01-00 00:00:00,,9C:2F:9D:82:20:A3,-17,,0.000000,0.000000,0.000,0.000,Client
2026-05-15 07:20:59,1900-01-00 00:00:00,dlink-615_EXT,40:86:CB:27:D2:0C,-17, WPA2 ,0.000000,0.000000,0.000,0.000,AP
2026-05-15 07:20:59,1900-01-00 00:00:00,,9C:2F:9D:82:20:A3,-17,,0.000000,0.000000,0.000,0.000,Client
2026-05-15 07:20:59,1900-01-00 00:00:00,dlink-615_EXT,40:86:CB:27:D2:0C,-17, WPA2 ,0.000000,0.000000,0.000,0.000,AP
2026-05-15 07:20:59,1900-01-00 00:00:00,,9C:2F:9D:82:20:A3,-17,,0.000000,0.000000,0.000,0.000,Client
2026-05-15 07:20:59,1900-01-00 00:00:00,dlink-615_EXT,40:86:CB:27:D2:0C,-17, WPA2 ,0.000000,0.000000,0.000,0.000,AP
2026-05-15 07:20:59,1900-01-00 00:00:00,,9C:2F:9D:82:20:A3,-17,,0.000000,0.000000,0.000,0.000,Client
2026-05-15 07:20:59,1900-01-00 00:00:00,dlink-615_EXT,40:86:CB:27:D2:0C,-17, WPA2 ,0.000000,0.000000,0.000,0.000,AP
2026-05-15 07:20:59,1900-01-00 00:00:00,,9C:2F:9D:82:20:A3,-17,,0.000000,0.000000,0.000,0.000,Client
2026-05-15 07:20:59,1900-01-00 00:00:00,dlink-615_EXT,40:86:CB:27:D2:0C,-17, WPA2 ,0.000000,0.000000,0.000,0.000,AP
2026-05-15 07:20:59,1900-01-00 00:00:00,,9C:2F:9D:82:20:A3,-17,,0.000000,0.000000,0.000,0.000,Client
2026-05-15 07:20:59,1900-01-00 00:00:00,dlink-615_EXT,40:86:CB:27:D2:0C,-17, WPA2 ,0.000000,0.000000,0.000,0.000,AP
2026-05-15 07:20:59,1900-01-00 00:00:00,,9C:2F:9D:82:20:A3,-17,,0.000000,0.000000,0.000,0.000,Client
2026-05-15 07:20:59,1900-01-00 00:00:00,dlink-615_EXT,40:86:CB:27:D2:0C,-17, WPA2 ,0.000000,0.000000,0.000,0.000,AP
2026-05-15 07:20:59,1900-01-00 00:00:00,,9C:2F:9D:82:20:A3,-17,,0.000000,0.000000,0.000,0.000,Client
2026-05-15 07:20:59,1900-01-00 00:00:00,dlink-615_EXT,40:86:CB:27:D2:0C,-17, WPA2 ,0.000000,0.000000,0.000,0.000,AP
2026-05-15 07:20:59,1900-01-00 00:00:00,,9C:2F:9D:82:20:A3,-17,,0.000000,0.000000,0.000,0.000,Client
2026-05-15 07:20:59,1900-01-00 00:00:00,dlink-615_EXT,40:86:CB:27:D2:0C,-17, WPA2 ,0.000000,0.000000,0.000,0.000,AP
2026-05-15 07:20:59,1900-01-00 00:00:00,,9C:2F:9D:82:20:A3,-17,,0.000000,0.000000,0.000,0.000,Client
2026-05-15 07:20:59,1900-01-00 00:00:00,dlink-615_EXT,40:86:CB:27:D2:0C,-17, WPA2 ,0.000000,0.000000,0.000,0.000,AP
2026-05-15 07:20:59,1900-01-00 00:00:00,,9C:2F:9D:82:20:A3,-17,,0.000000,0.000000,0.000,0.000,Client
2026-05-15 07:20:59,1900-01-00 00:00:00,dlink-615_EXT,40:86:CB:27:D2:0C,-17, WPA2 ,0.000000,0.000000,0.000,0.000,AP
2026-05-15 07:20:59,1900-01-00 00:00:00,,9C:2F:9D:82:20:A3,-17,,0.000000,0.000000,0.000,0.000,Client
2026-05-15 07:20:59,1900-01-00 00:00:00,dlink-615_EXT,40:86:CB:27:D2:0C,-17, WPA2 ,0.000000,0.000000,0.000,0.000,AP
2026-05-15 07:20:59,1900-01-00 00:00:00,,9C:2F:9D:82:20:A3,-17,,0.000000,0.000000,0.000,0.000,Client
2026-05-15 07:20:59,1900-01-00 00:00:00,dlink-615_EXT,40:86:CB:27:D2:0C,-17, WPA2 ,0.000000,0.000000,0.000,0.000,AP
2026-05-15 07:20:59,1900-01-00 00:00:00,,9C:2F:9D:82:20:A3,-17,,0.000000,0.000000,0.000,0.000,Client
2026-05-15 07:20:59,1900-01-00 00:00:00,dlink-615_EXT,40:86:CB:27:D2:0C,-17, WPA2 ,0.000000,0.000000,0.000,0.000,AP
2026-05-15 07:20:59,1900-01-00 00:00:00,,9C:2F:9D:82:20:A3,-17,,0.000000,0.000000,0.000,0.000,Client
2026-05-15 07:20:59,1900-01-00 00:00:00,dlink-615_EXT,40:86:CB:27:D2:0C,-17, WPA2 ,0.000000,0.000000,0.000,0.000,AP
2026-05-15 07:20:59,1900-01-00 00:00:00,,9C:2F:9D:82:20:A3,-17,,0.000000,0.000000,0.000,0.000,Client
2026-05-15 07:20:59,1900-01-00 00:00:00,dlink-615_EXT,40:86:CB:27:D2:0C,-17, WPA2 ,0.000000,0.000000,0.000,0.000,AP
2026-05-15 07:20:59,1900-01-00 00:00:00,,9C:2F:9D:82:20:A3,-17,,0.000000,0.000000,0.000,0.000,Client
2026-05-15 07:20:59,1900-01-00 00:00:00,dlink-615_EXT,40:86:CB:27:D2:0C,-17, WPA2 ,0.000000,0.000000,0.000,0.000,AP
2026-05-15 07:20:59,1900-01-00 00:00:00,,9C:2F:9D:82:20:A3,-17,,0.000000,0.000000,0.000,0.000,Client
2026-05-15 07:20:59,1900-01-00 00:00:00,dlink-615_EXT,40:86:CB:27:D2:0C,-17, WPA2 ,0.000000,0.000000,0.000,0.000,AP
2026-05-15 07:20:59,1900-01-00 00:00:00,,9C:2F:9D:82:20:A3,-17,,0.000000,0.000000,0.000,0.000,Client
2026-05-15 07:20:59,1900-01-00 00:00:00,dlink-615_EXT,40:86:CB:27:D2:0C,-17, WPA2 ,0.000000,0.000000,0.000,0.000,AP
2026-05-15 07:20:59,1900-01-00 00:00:00,,9C:2F:9D:82:20:A3,-17,,0.000000,0.000000,0.000,0.000,Client
2026-05-15 07:20:59,1900-01-00 00:00:00,dlink-615_EXT,40:86:CB:27:D2:0C,-17, WPA2 ,0.000000,0.000000,0.000,0.000,AP
2026-05-15 07:20:59,1900-01-00 00:00:00,,9C:2F:9D:82:20:A3,-17,,0.000000,0.000000,0.000,0.000,Client
2026-05-15 07:20:59,1900-01-00 00:00:00,dlink-615_EXT,40:86:CB:27:D2:0C,-17, WPA2 ,0.000000,0.000000,0.000,0.000,AP
2026-05-15 07:20:59,1900-01-00 00:00:00,,9C:2F:9D:82:20:A3,-17,,0.000000,0.000000,0.000,0.000,Client
2026-05-15 07:20:59,1900-01-00 00:00:00,dlink-615_EXT,40:86:CB:27:D2:0C,-17, WPA2 ,0.000000,0.000000,0.000,0.000,AP
2026-05-15 07:20:59,1900-01-00 00:00:00,,9C:2F:9D:82:20:A3,-17,,0.000000,0.000000,0.000,0.000,Client
2026-05-15 07:20:59,1900-01-00 00:00:00,dlink-615_EXT,40:86:CB:27:D2:0C,-17, WPA2 ,0.000000,0.000000,0.000,0.000,AP
2026-05-15 07:20:59,1900-01-00 00:00:00,,9C:2F:9D:82:20:A3,-17,,0.000000,0.000000,0.000,0.000,Client
2026-05-15 07:20:59,1900-01-00 00:00:00,dlink-615_EXT,40:86:CB:27:D2:0C,-17, WPA2 ,0.000000,0.000000,0.000,0.000,AP
2026-05-15 07:20:59,1900-01-00 00:00:00,,9C:2F:9D:82:20:A3,-17,,0.000000,0.000000,0.000,0.000,Client
2026-05-15 07:20:59,1900-01-00 00:00:00,dlink-615_EXT,40:86:CB:27:D2:0C,-17, WPA2 ,0.000000,0.000000,0.000,0.000,AP
2026-05-15 07:20:59,1900-01-00 00:00:00,,9C:2F:9D:82:20:A3,-17,,0.000000,0.000000,0.000,0.000,Client
2026-05-15 07:20:59,1900-01-00 00:00:00,dlink-615_EXT,40:86:CB:27:D2:0C,-17, WPA2 ,0.000000,0.000000,0.000,0.000,AP
2026-05-15 07:20:59,1900-01-00 00:00:00,,9C:2F:9D:82:20:A3,-17,,0.000000,0.000000,0.000,0.000,Client
2026-05-15 07:20:59,1900-01-00 00:00:00,dlink-615_EXT,40:86:CB:27:D2:0C,-17, WPA2 ,0.000000,0.000000,0.000,0.000,AP
2026-05-15 07:20:59,1900-01-00 00:00:00,,9C:2F:9D:82:20:A3,-17,,0.000000,0.000000,0.000,0.000,Client
2026-05-15 07:20:59,1900-01-00 00:00:00,dlink-615_EXT,40:86:CB:27:D2:0C,-17, WPA2 ,0.000000,0.000000,0.000,0.000,AP
2026-05-15 07:20:59,1900-01-00 00:00:00,,9C:2F:9D:82:20:A3,-17,,0.000000,0.000000,0.000,0.000,Client
2026-05-15 07:20:59,1900-01-00 00:00:00,dlink-615_EXT,40:86:CB:27:D2:0C,-17, WPA2 ,0.000000,0.000000,0.000,0.000,AP
2026-05-15 07:20:59,1900-01-00 00:00:00,,9C:2F:9D:82:20:A3,-17,,0.000000,0.000000,0.000,0.000,Client
2026-05-15 07:20:59,1900-01-00 00:00:00,dlink-615_EXT,40:86:CB:27:D2:0C,-17, WPA2 ,0.000000,0.000000,0.000,0.000,AP
2026-05-15 07:20:59,1900-01-00 00:00:00,,9C:2F:9D:82:20:A3,-17,,0.000000,0.000000,0.000,0.000,Client
2026-05-15 07:20:59,1900-01-00 00:00:00,dlink-615_EXT,40:86:CB:27:D2:0C,-17, WPA2 ,0.000000,0.000000,0.000,0.000,AP
2026-05-15 07:20:59,1900-01-00 00:00:00,,9C:2F:9D:82:20:A3,-17,,0.000000,0.000000,0.000,0.000,Client
2026-05-15 07:20:59,1900-01-00 00:00:00,dlink-615_EXT,40:86:CB:27:D2:0C,-17, WPA2 ,0.000000,0.000000,0.000,0.000,AP
2026-05-15 07:20:59,1900-01-00 00:00:00,,9C:2F:9D:82:20:A3,-17,,0.000000,0.000000,0.000,0.000,Client
2026-05-15 07:20:59,1900-01-00 00:00:00,dlink-615_EXT,40:86:CB:27:D2:0C,-17, WPA2 ,0.000000,0.000000,0.000,0.000,AP
2026-05-15 07:20:59,1900-01-00 00:00:00,,9C:2F:9D:82:20:A3,-17,,0.000000,0.000000,0.000,0.000,Client
2026-05-15 07:20:59,1900-01-00 00:00:00,dlink-615_EXT,40:86:CB:27:D2:0C,-17, WPA2 ,0.000000,0.000000,0.000,0.000,AP
2026-05-15 07:20:59,1900-01-00 00:00:00,,9C:2F:9D:82:20:A3,-17,,0.000000,0.000000,0.000,0.000,Client
2026-05-15 07:20:59,1900-01-00 00:00:00,dlink-615_EXT,40:86:CB:27:D2:0C,-17, WPA2 ,0.000000,0.000000,0.000,0.000,AP
2026-05-15 07:20:59,1900-01-00 00:00:00,,9C:2F:9D:82:20:A3,-17,,0.000000,0.000000,0.000,0.000,Client
2026-05-15 07:20:59,1900-01-00 00:00:00,dlink-615_EXT,40:86:CB:27:D2:0C,-17, WPA2 ,0.000000,0.000000,0.000,0.000,AP
2026-05-15 07:20:59,1900-01-00 00:00:00,,9C:2F:9D:82:20:A3,-17,,0.000000,0.000000,0.000,0.000,Client
2026-05-15 07:20:59,1900-01-00 00:00:00,dlink-615_EXT,40:86:CB:27:D2:0C,-17, WPA2 ,0.000000,0.000000,0.000,0.000,AP
2026-05-15 07:20:59,1900-01-00 00:00:00,,9C:2F:9D:82:20:A3,-17,,0.000000,0.000000,0.000,0.000,Client
2026-05-15 07:20:59,1900-01-00 00:00:00,dlink-615_EXT,40:86:CB:27:D2:0C,-17, WPA2 ,0.000000,0.000000,0.000,0.000,AP
2026-05-15 07:20:59,1900-01-00 00:00:00,,9C:2F:9D:82:20:A3,-17,,0.000000,0.000000,0.000,0.000,Client
2026-05-15 07:20:59,1900-01-00 00:00:00,dlink-615_EXT,40:86:CB:27:D2:0C,-17, WPA2 ,0.000000,0.000000,0.000,0.000,AP
2026-05-15 07:20:59,1900-01-00 00:00:00,,9C:2F:9D:82:20:A3,-19,,0.000000,0.000000,0.000,0.000,Client
2026-05-15 07:20:59,1900-01-00 00:00:00,dlink-615_EXT,40:86:CB:27:D2:0C,-19, WPA2 ,0.000000,0.000000,0.000,0.000,AP
2026-05-15 07:20:59,1900-01-00 00:00:00,,9C:2F:9D:82:20:A3,-19,,0.000000,0.000000,0.000,0.000,Client
2026-05-15 07:20:59,1900-01-00 00:00:00,dlink-615_EXT,40:86:CB:27:D2:0C,-19, WPA2 ,0.000000,0.000000,0.000,0.000,AP
2026-05-15 07:20:59,1900-01-00 00:00:00,,9C:2F:9D:82:20:A3,-19,,0.000000,0.000000,0.000,0.000,Client
2026-05-15 07:20:59,1900-01-00 00:00:00,dlink-615_EXT,40:86:CB:27:D2:0C,-19, WPA2 ,0.000000,0.000000,0.000,0.000,AP
2026-05-15 07:20:59,1900-01-00 00:00:00,,9C:2F:9D:82:20:A3,-17,,0.000000,0.000000,0.000,0.000,Client
2026-05-15 07:20:59,1900-01-00 00:00:00,dlink-615_EXT,40:86:CB:27:D2:0C,-17, WPA2 ,0.000000,0.000000,0.000,0.000,AP
2026-05-15 07:20:59,1900-01-00 00:00:00,,9C:2F:9D:82:20:A3,-17,,0.000000,0.000000,0.000,0.000,Client
2026-05-15 07:20:59,1900-01-00 00:00:00,dlink-615_EXT,40:86:CB:27:D2:0C,-17, WPA2 ,0.000000,0.000000,0.000,0.000,AP
2026-05-15 07:20:59,1900-01-00 00:00:00,,9C:2F:9D:82:20:A3,-17,,0.000000,0.000000,0.000,0.000,Client
2026-05-15 07:20:59,1900-01-00 00:00:00,dlink-615_EXT,40:86:CB:27:D2:0C,-17, WPA2 ,0.000000,0.000000,0.000,0.000,AP
2026-05-15 07:20:59,1900-01-00 00:00:00,,9C:2F:9D:82:20:A3,-17,,0.000000,0.000000,0.000,0.000,Client
2026-05-15 07:20:59,1900-01-00 00:00:00,dlink-615_EXT,40:86:CB:27:D2:0C,-17, WPA2 ,0.000000,0.000000,0.000,0.000,AP
2026-05-15 07:20:59,1900-01-00 00:00:00,,9C:2F:9D:82:20:A3,-17,,0.000000,0.000000,0.000,0.000,Client
2026-05-15 07:21:00,1900-01-00 00:00:00,dlink-615_EXT,40:86:CB:27:D2:0C,-17, WPA2 ,0.000000,0.000000,0.000,0.000,AP
2026-05-15 07:21:00,1900-01-00 00:00:00,,9C:2F:9D:82:20:A3,-17,,0.000000,0.000000,0.000,0.000,Client
2026-05-15 07:21:00,1900-01-00 00:00:00,dlink-615_EXT,40:86:CB:27:D2:0C,-17, WPA2 ,0.000000,0.000000,0.000,0.000,AP
2026-05-15 07:21:00,1900-01-00 00:00:00,,9C:2F:9D:82:20:A3,-17,,0.000000,0.000000,0.000,0.000,Client
2026-05-15 07:21:00,1900-01-00 00:00:00,dlink-615_EXT,40:86:CB:27:D2:0C,-17, WPA2 ,0.000000,0.000000,0.000,0.000,AP
2026-05-15 07:21:00,1900-01-00 00:00:00,,9C:2F:9D:82:20:A3,-17,,0.000000,0.000000,0.000,0.000,Client
2026-05-15 07:21:00,1900-01-00 00:00:00,dlink-615_EXT,40:86:CB:27:D2:0C,-17, WPA2 ,0.000000,0.000000,0.000,0.000,AP
2026-05-15 07:21:00,1900-01-00 00:00:00,,9C:2F:9D:82:20:A3,-17,,0.000000,0.000000,0.000,0.000,Client
2026-05-15 07:21:00,1900-01-00 00:00:00,dlink-615_EXT,40:86:CB:27:D2:0C,-17, WPA2 ,0.000000,0.000000,0.000,0.000,AP
2026-05-15 07:21:00,1900-01-00 00:00:00,,9C:2F:9D:82:20:A3,-17,,0.000000,0.000000,0.000,0.000,Client
2026-05-15 07:21:00,1900-01-00 00:00:00,dlink-615_EXT,40:86:CB:27:D2:0C,-17, WPA2 ,0.000000,0.000000,0.000,0.000,AP
2026-05-15 07:21:00,1900-01-00 00:00:00,,9C:2F:9D:82:20:A3,-17,,0.000000,0.000000,0.000,0.000,Client
2026-05-15 07:21:00,1900-01-00 00:00:00,dlink-615_EXT,40:86:CB:27:D2:0C,-17, WPA2 ,0.000000,0.000000,0.000,0.000,AP
2026-05-15 07:21:00,1900-01-00 00:00:00,,9C:2F:9D:82:20:A3,-17,,0.000000,0.000000,0.000,0.000,Client
2026-05-15 07:21:00,1900-01-00 00:00:00,dlink-615_EXT,40:86:CB:27:D2:0C,-17, WPA2 ,0.000000,0.000000,0.000,0.000,AP
2026-05-15 07:21:00,1900-01-00 00:00:00,,9C:2F:9D:82:20:A3,-17,,0.000000,0.000000,0.000,0.000,Client
2026-05-15 07:21:00,1900-01-00 00:00:00,dlink-615_EXT,40:86:CB:27:D2:0C,-17, WPA2 ,0.000000,0.000000,0.000,0.000,AP
2026-05-15 07:21:00,1900-01-00 00:00:00,,9C:2F:9D:82:20:A3,-17,,0.000000,0.000000,0.000,0.000,Client
2026-05-15 07:21:00,1900-01-00 00:00:00,dlink-615_EXT,40:86:CB:27:D2:0C,-17, WPA2 ,0.000000,0.000000,0.000,0.000,AP
2026-05-15 07:21:00,1900-01-00 00:00:00,,9C:2F:9D:82:20:A3,-17,,0.000000,0.000000,0.000,0.000,Client
2026-05-15 07:21:00,1900-01-00 00:00:00,dlink-615_EXT,40:86:CB:27:D2:0C,-17, WPA2 ,0.000000,0.000000,0.000,0.000,AP
2026-05-15 07:21:00,1900-01-00 00:00:00,,9C:2F:9D:82:20:A3,-17,,0.000000,0.000000,0.000,0.000,Client
2026-05-15 07:21:00,1900-01-00 00:00:00,dlink-615_EXT,40:86:CB:27:D2:0C,-17, WPA2 ,0.000000,0.000000,0.000,0.000,AP
2026-05-15 07:21:00,1900-01-00 00:00:00,,9C:2F:9D:82:20:A3,-17,,0.000000,0.000000,0.000,0.000,Client
2026-05-15 07:21:00,1900-01-00 00:00:00,dlink-615_EXT,40:86:CB:27:D2:0C,-17, WPA2 ,0.000000,0.000000,0.000,0.000,AP
2026-05-15 07:21:00,1900-01-00 00:00:00,,9C:2F:9D:82:20:A3,-17,,0.000000,0.000000,0.000,0.000,Client
2026-05-15 07:21:00,1900-01-00 00:00:00,dlink-615_EXT,40:86:CB:27:D2:0C,-17, WPA2 ,0.000000,0.000000,0.000,0.000,AP
2026-05-15 07:21:00,1900-01-00 00:00:00,,9C:2F:9D:82:20:A3,-17,,0.000000,0.000000,0.000,0.000,Client
2026-05-15 07:21:00,1900-01-00 00:00:00,dlink-615_EXT,40:86:CB:27:D2:0C,-17, WPA2 ,0.000000,0.000000,0.000,0.000,AP
2026-05-15 07:21:00,1900-01-00 00:00:00,,9C:2F:9D:82:20:A3,-17,,0.000000,0.000000,0.000,0.000,Client
2026-05-15 07:21:00,1900-01-00 00:00:00,dlink-615_EXT,40:86:CB:27:D2:0C,-17, WPA2 ,0.000000,0.000000,0.000,0.000,AP
2026-05-15 07:21:00,1900-01-00 00:00:00,,9C:2F:9D:82:20:A3,-17,,0.000000,0.000000,0.000,0.000,Client
2026-05-15 07:21:00,1900-01-00 00:00:00,dlink-615_EXT,40:86:CB:27:D2:0C,-17, WPA2 ,0.000000,0.000000,0.000,0.000,AP
2026-05-15 07:21:00,1900-01-00 00:00:00,,9C:2F:9D:82:20:A3,-17,,0.000000,0.000000,0.000,0.000,Client
2026-05-15 07:21:00,1900-01-00 00:00:00,dlink-615_EXT,40:86:CB:27:D2:0C,-17, WPA2 ,0.000000,0.000000,0.000,0.000,AP
2026-05-15 07:21:00,1900-01-00 00:00:00,,9C:2F:9D:82:20:A3,-17,,0.000000,0.000000,0.000,0.000,Client
2026-05-15 07:21:00,1900-01-00 00:00:00,dlink-615_EXT,40:86:CB:27:D2:0C,-17, WPA2 ,0.000000,0.000000,0.000,0.000,AP
2026-05-15 07:21:00,1900-01-00 00:00:00,,9C:2F:9D:82:20:A3,-17,,0.000000,0.000000,0.000,0.000,Client
2026-05-15 07:21:00,1900-01-00 00:00:00,dlink-615_EXT,40:86:CB:27:D2:0C,-17, WPA2 ,0.000000,0.000000,0.000,0.000,AP
2026-05-15 07:21:00,1900-01-00 00:00:00,,9C:2F:9D:82:20:A3,-17,,0.000000,0.000000,0.000,0.000,Client
2026-05-15 07:21:00,1900-01-00 00:00:00,dlink-615_EXT,40:86:CB:27:D2:0C,-17, WPA2 ,0.000000,0.000000,0.000,0.000,AP
2026-05-15 07:21:00,1900-01-00 00:00:00,,9C:2F:9D:82:20:A3,-17,,0.000000,0.000000,0.000,0.000,Client
2026-05-15 07:21:00,1900-01-00 00:00:00,dlink-615_EXT,40:86:CB:27:D2:0C,-17, WPA2 ,0.000000,0.000000,0.000,0.000,AP
2026-05-15 07:21:00,1900-01-00 00:00:00,,9C:2F:9D:82:20:A3,-17,,0.000000,0.000000,0.000,0.000,Client
2026-05-15 07:21:00,1900-01-00 00:00:00,dlink-615_EXT,40:86:CB:27:D2:0C,-17, WPA2 ,0.000000,0.000000,0.000,0.000,AP
2026-05-15 07:21:00,1900-01-00 00:00:00,,9C:2F:9D:82:20:A3,-17,,0.000000,0.000000,0.000,0.000,Client
2026-05-15 07:21:00,1900-01-00 00:00:00,dlink-615_EXT,40:86:CB:27:D2:0C,-17, WPA2 ,0.000000,0.000000,0.000,0.000,AP
2026-05-15 07:21:00,1900-01-00 00:00:00,,9C:2F:9D:82:20:A3,-17,,0.000000,0.000000,0.000,0.000,Client
2026-05-15 07:21:00,1900-01-00 00:00:00,dlink-615_EXT,40:86:CB:27:D2:0C,-17, WPA2 ,0.000000,0.000000,0.000,0.000,AP
2026-05-15 07:21:00,1900-01-00 00:00:00,,9C:2F:9D:82:20:A3,-17,,0.000000,0.000000,0.000,0.000,Client
2026-05-15 07:21:00,1900-01-00 00:00:00,dlink-615_EXT,40:86:CB:27:D2:0C,-17, WPA2 ,0.000000,0.000000,0.000,0.000,AP
2026-05-15 07:21:00,1900-01-00 00:00:00,,9C:2F:9D:82:20:A3,-17,,0.000000,0.000000,0.000,0.000,Client
2026-05-15 07:21:00,1900-01-00 00:00:00,dlink-615_EXT,40:86:CB:27:D2:0C,-17, WPA2 ,0.000000,0.000000,0.000,0.000,AP
2026-05-15 07:21:00,1900-01-00 00:00:00,,9C:2F:9D:82:20:A3,-17,,0.000000,0.000000,0.000,0.000,Client
2026-05-15 07:21:00,1900-01-00 00:00:00,dlink-615_EXT,40:86:CB:27:D2:0C,-17, WPA2 ,0.000000,0.000000,0.000,0.000,AP
2026-05-15 07:21:00,1900-01-00 00:00:00,,9C:2F:9D:82:20:A3,-17,,0.000000,0.000000,0.000,0.000,Client
2026-05-15 07:21:00,1900-01-00 00:00:00,dlink-615_EXT,40:86:CB:27:D2:0C,-17, WPA2 ,0.000000,0.000000,0.000,0.000,AP
2026-05-15 07:21:00,1900-01-00 00:00:00,,9C:2F:9D:82:20:A3,-17,,0.000000,0.000000,0.000,0.000,Client
2026-05-15 07:21:00,1900-01-00 00:00:00,dlink-615_EXT,40:86:CB:27:D2:0C,-17, WPA2 ,0.000000,0.000000,0.000,0.000,AP
2026-05-15 07:21:00,1900-01-00 00:00:00,,9C:2F:9D:82:20:A3,-17,,0.000000,0.000000,0.000,0.000,Client
2026-05-15 07:21:00,1900-01-00 00:00:00,dlink-615_EXT,40:86:CB:27:D2:0C,-17, WPA2 ,0.000000,0.000000,0.000,0.000,AP
2026-05-15 07:21:00,1900-01-00 00:00:00,,9C:2F:9D:82:20:A3,-17,,0.000000,0.000000,0.000,0.000,Client
2026-05-15 07:21:00,1900-01-00 00:00:00,dlink-615_EXT,40:86:CB:27:D2:0C,-17, WPA2 ,0.000000,0.000000,0.000,0.000,AP
2026-05-15 07:21:00,1900-01-00 00:00:00,,9C:2F:9D:82:20:A3,-17,,0.000000,0.000000,0.000,0.000,Client
2026-05-15 07:21:00,1900-01-00 00:00:00,dlink-615_EXT,40:86:CB:27:D2:0C,-17, WPA2 ,0.000000,0.000000,0.000,0.000,AP
2026-05-15 07:21:00,1900-01-00 00:00:00,,9C:2F:9D:82:20:A3,-17,,0.000000,0.000000,0.000,0.000,Client
2026-05-15 07:21:00,1900-01-00 00:00:00,dlink-615_EXT,40:86:CB:27:D2:0C,-17, WPA2 ,0.000000,0.000000,0.000,0.000,AP
2026-05-15 07:21:00,1900-01-00 00:00:00,,9C:2F:9D:82:20:A3,-17,,0.000000,0.000000,0.000,0.000,Client
2026-05-15 07:21:00,1900-01-00 00:00:00,dlink-615_EXT,40:86:CB:27:D2:0C,-17, WPA2 ,0.000000,0.000000,0.000,0.000,AP
2026-05-15 07:21:00,1900-01-00 00:00:00,,9C:2F:9D:82:20:A3,-17,,0.000000,0.000000,0.000,0.000,Client
2026-05-15 07:21:00,1900-01-00 00:00:00,dlink-615_EXT,40:86:CB:27:D2:0C,-17, WPA2 ,0.000000,0.000000,0.000,0.000,AP
2026-05-15 07:21:00,1900-01-00 00:00:00,,9C:2F:9D:82:20:A3,-17,,0.000000,0.000000,0.000,0.000,Client
2026-05-15 07:21:00,1900-01-00 00:00:00,dlink-615_EXT,40:86:CB:27:D2:0C,-17, WPA2 ,0.000000,0.000000,0.000,0.000,AP
2026-05-15 07:21:00,1900-01-00 00:00:00,,9C:2F:9D:82:20:A3,-17,,0.000000,0.000000,0.000,0.000,Client
2026-05-15 07:21:00,1900-01-00 00:00:00,dlink-615_EXT,40:86:CB:27:D2:0C,-17, WPA2 ,0.000000,0.000000,0.000,0.000,AP
2026-05-15 07:21:00,1900-01-00 00:00:00,,9C:2F:9D:82:20:A3,-17,,0.000000,0.000000,0.000,0.000,Client
2026-05-15 07:21:00,1900-01-00 00:00:00,dlink-615_EXT,40:86:CB:27:D2:0C,-17, WPA2 ,0.000000,0.000000,0.000,0.000,AP
2026-05-15 07:21:00,1900-01-00 00:00:00,,9C:2F:9D:82:20:A3,-17,,0.000000,0.000000,0.000,0.000,Client
2026-05-15 07:21:00,1900-01-00 00:00:00,dlink-615_EXT,40:86:CB:27:D2:0C,-17, WPA2 ,0.000000,0.000000,0.000,0.000,AP
2026-05-15 07:21:00,1900-01-00 00:00:00,,9C:2F:9D:82:20:A3,-17,,0.000000,0.000000,0.000,0.000,Client
2026-05-15 07:21:00,1900-01-00 00:00:00,dlink-615_EXT,40:86:CB:27:D2:0C,-17, WPA2 ,0.000000,0.000000,0.000,0.000,AP
2026-05-15 07:21:00,1900-01-00 00:00:00,,9C:2F:9D:82:20:A3,-17,,0.000000,0.000000,0.000,0.000,Client
2026-05-15 07:21:00,1900-01-00 00:00:00,dlink-615_EXT,40:86:CB:27:D2:0C,-17, WPA2 ,0.000000,0.000000,0.000,0.000,AP
2026-05-15 07:21:00,1900-01-00 00:00:00,,9C:2F:9D:82:20:A3,-17,,0.000000,0.000000,0.000,0.000,Client
2026-05-15 07:21:00,1900-01-00 00:00:00,dlink-615_EXT,40:86:CB:27:D2:0C,-17, WPA2 ,0.000000,0.000000,0.000,0.000,AP
2026-05-15 07:21:00,1900-01-00 00:00:00,,9C:2F:9D:82:20:A3,-17,,0.000000,0.000000,0.000,0.000,Client
2026-05-15 07:21:00,1900-01-00 00:00:00,dlink-615_EXT,40:86:CB:27:D2:0C,-17, WPA2 ,0.000000,0.000000,0.000,0.000,AP
2026-05-15 07:21:00,1900-01-00 00:00:00,,9C:2F:9D:82:20:A3,-17,,0.000000,0.000000,0.000,0.000,Client
2026-05-15 07:21:00,1900-01-00 00:00:00,dlink-615_EXT,40:86:CB:27:D2:0C,-17, WPA2 ,0.000000,0.000000,0.000,0.000,AP
2026-05-15 07:21:00,1900-01-00 00:00:00,,9C:2F:9D:82:20:A3,-17,,0.000000,0.000000,0.000,0.000,Client
2026-05-15 07:21:00,1900-01-00 00:00:00,dlink-615_EXT,40:86:CB:27:D2:0C,-17, WPA2 ,0.000000,0.000000,0.000,0.000,AP
2026-05-15 07:21:00,1900-01-00 00:00:00,,9C:2F:9D:82:20:A3,-17,,0.000000,0.000000,0.000,0.000,Client
2026-05-15 07:21:00,1900-01-00 00:00:00,dlink-615_EXT,40:86:CB:27:D2:0C,-17, WPA2 ,0.000000,0.000000,0.000,0.000,AP
2026-05-15 07:21:00,1900-01-00 00:00:00,,9C:2F:9D:82:20:A3,-17,,0.000000,0.000000,0.000,0.000,Client
2026-05-15 07:21:00,1900-01-00 00:00:00,dlink-615_EXT,40:86:CB:27:D2:0C,-17, WPA2 ,0.000000,0.000000,0.000,0.000,AP
2026-05-15 07:21:00,1900-01-00 00:00:00,,9C:2F:9D:82:20:A3,-17,,0.000000,0.000000,0.000,0.000,Client
2026-05-15 07:21:00,1900-01-00 00:00:00,dlink-615_EXT,40:86:CB:27:D2:0C,-17, WPA2 ,0.000000,0.000000,0.000,0.000,AP
2026-05-15 07:21:00,1900-01-00 00:00:00,,9C:2F:9D:82:20:A3,-17,,0.000000,0.000000,0.000,0.000,Client
2026-05-15 07:21:00,1900-01-00 00:00:00,dlink-615_EXT,40:86:CB:27:D2:0C,-17, WPA2 ,0.000000,0.000000,0.000,0.000,AP
2026-05-15 07:21:00,1900-01-00 00:00:00,,9C:2F:9D:82:20:A3,-17,,0.000000,0.000000,0.000,0.000,Client
2026-05-15 07:21:00,1900-01-00 00:00:00,dlink-615_EXT,40:86:CB:27:D2:0C,-17, WPA2 ,0.000000,0.000000,0.000,0.000,AP
2026-05-15 07:21:00,1900-01-00 00:00:00,,9C:2F:9D:82:20:A3,-17,,0.000000,0.000000,0.000,0.000,Client
2026-05-15 07:21:00,1900-01-00 00:00:00,dlink-615_EXT,40:86:CB:27:D2:0C,-17, WPA2 ,0.000000,0.000000,0.000,0.000,AP
2026-05-15 07:21:00,1900-01-00 00:00:00,,9C:2F:9D:82:20:A3,-17,,0.000000,0.000000,0.000,0.000,Client
2026-05-15 07:21:00,1900-01-00 00:00:00,dlink-615_EXT,40:86:CB:27:D2:0C,-17, WPA2 ,0.000000,0.000000,0.000,0.000,AP
2026-05-15 07:21:00,1900-01-00 00:00:00,,9C:2F:9D:82:20:A3,-17,,0.000000,0.000000,0.000,0.000,Client
2026-05-15 07:21:00,1900-01-00 00:00:00,dlink-615_EXT,40:86:CB:27:D2:0C,-17, WPA2 ,0.000000,0.000000,0.000,0.000,AP
2026-05-15 07:21:00,1900-01-00 00:00:00,,9C:2F:9D:82:20:A3,-17,,0.000000,0.000000,0.000,0.000,Client
2026-05-15 07:21:00,1900-01-00 00:00:00,dlink-615_EXT,40:86:CB:27:D2:0C,-17, WPA2 ,0.000000,0.000000,0.000,0.000,AP
2026-05-15 07:21:00,1900-01-00 00:00:00,,9C:2F:9D:82:20:A3,-17,,0.000000,0.000000,0.000,0.000,Client
2026-05-15 07:21:00,1900-01-00 00:00:00,dlink-615_EXT,40:86:CB:27:D2:0C,-17, WPA2 ,0.000000,0.000000,0.000,0.000,AP
2026-05-15 07:21:00,1900-01-00 00:00:00,,9C:2F:9D:82:20:A3,-17,,0.000000,0.000000,0.000,0.000,Client
2026-05-15 07:21:00,1900-01-00 00:00:00,dlink-615_EXT,40:86:CB:27:D2:0C,-17, WPA2 ,0.000000,0.000000,0.000,0.000,AP
2026-05-15 07:21:00,1900-01-00 00:00:00,,9C:2F:9D:82:20:A3,-17,,0.000000,0.000000,0.000,0.000,Client
2026-05-15 07:21:00,1900-01-00 00:00:00,dlink-615_EXT,40:86:CB:27:D2:0C,-17, WPA2 ,0.000000,0.000000,0.000,0.000,AP
2026-05-15 07:21:00,1900-01-00 00:00:00,,9C:2F:9D:82:20:A3,-17,,0.000000,0.000000,0.000,0.000,Client
2026-05-15 07:21:00,1900-01-00 00:00:00,dlink-615_EXT,40:86:CB:27:D2:0C,-17, WPA2 ,0.000000,0.000000,0.000,0.000,AP
2026-05-15 07:21:00,1900-01-00 00:00:00,,9C:2F:9D:82:20:A3,-17,,0.000000,0.000000,0.000,0.000,Client
2026-05-15 07:21:00,1900-01-00 00:00:00,dlink-615_EXT,40:86:CB:27:D2:0C,-19, WPA2 ,0.000000,0.000000,0.000,0.000,AP
2026-05-15 07:21:00,1900-01-00 00:00:00,,9C:2F:9D:82:20:A3,-19,,0.000000,0.000000,0.000,0.000,Client
2026-05-15 07:21:00,1900-01-00 00:00:00,dlink-615_EXT,40:86:CB:27:D2:0C,-19, WPA2 ,0.000000,0.000000,0.000,0.000,AP
2026-05-15 07:21:00,1900-01-00 00:00:00,,9C:2F:9D:82:20:A3,-19,,0.000000,0.000000,0.000,0.000,Client
2026-05-15 07:21:00,1900-01-00 00:00:00,dlink-615_EXT,40:86:CB:27:D2:0C,-19, WPA2 ,0.000000,0.000000,0.000,0.000,AP
2026-05-15 07:21:00,1900-01-00 00:00:00,,9C:2F:9D:82:20:A3,-19,,0.000000,0.000000,0.000,0.000,Client
2026-05-15 07:21:00,1900-01-00 00:00:00,dlink-615_EXT,40:86:CB:27:D2:0C,-17, WPA2 ,0.000000,0.000000,0.000,0.000,AP
2026-05-15 07:21:00,1900-01-00 00:00:00,dlink-615_EXT,40:86:CB:27:D2:0C,-17, WPA2 ,0.000000,0.000000,0.000,0.000,AP
2026-05-15 07:21:00,1900-01-00 00:00:00,,9C:2F:9D:82:20:A3,-17,,0.000000,0.000000,0.000,0.000,Client
2026-05-15 07:21:00,1900-01-00 00:00:00,dlink-615_EXT,40:86:CB:27:D2:0C,-17, WPA2 ,0.000000,0.000000,0.000,0.000,AP
2026-05-15 07:21:00,1900-01-00 00:00:00,,9C:2F:9D:82:20:A3,-17,,0.000000,0.000000,0.000,0.000,Client
2026-05-15 07:21:00,1900-01-00 00:00:00,dlink-615_EXT,40:86:CB:27:D2:0C,-17, WPA2 ,0.000000,0.000000,0.000,0.000,AP
2026-05-15 07:21:00,1900-01-00 00:00:00,,9C:2F:9D:82:20:A3,-31,,0.000000,0.000000,0.000,0.000,Client
2026-05-15 07:21:00,1900-01-00 00:00:00,dlink-615_EXT,40:86:CB:27:D2:0C,-18, WPA2 ,0.000000,0.000000,0.000,0.000,AP
2026-05-15 07:21:00,1900-01-00 00:00:00,,9C:2F:9D:82:20:A3,-18,,0.000000,0.000000,0.000,0.000,Client
2026-05-15 07:21:00,1900-01-00 00:00:00,dlink-615_EXT,40:86:CB:27:D2:0C,-18, WPA2 ,0.000000,0.000000,0.000,0.000,AP
2026-05-15 07:21:00,1900-01-00 00:00:00,,9C:2F:9D:82:20:A3,-18,,0.000000,0.000000,0.000,0.000,Client
2026-05-15 07:21:00,1900-01-00 00:00:00,dlink-615_EXT,40:86:CB:27:D2:0C,-18, WPA2 ,0.000000,0.000000,0.000,0.000,AP
2026-05-15 07:21:00,1900-01-00 00:00:00,,9C:2F:9D:82:20:A3,-18,,0.000000,0.000000,0.000,0.000,Client
2026-05-15 07:21:00,1900-01-00 00:00:00,dlink-615_EXT,40:86:CB:27:D2:0C,-18, WPA2 ,0.000000,0.000000,0.000,0.000,AP
2026-05-15 07:21:00,1900-01-00 00:00:00,,9C:2F:9D:82:20:A3,-18,,0.000000,0.000000,0.000,0.000,Client
2026-05-15 07:21:00,1900-01-00 00:00:00,dlink-615_EXT,40:86:CB:27:D2:0C,-18, WPA2 ,0.000000,0.000000,0.000,0.000,AP
2026-05-15 07:21:00,1900-01-00 00:00:00,,9C:2F:9D:82:20:A3,-18,,0.000000,0.000000,0.000,0.000,Client
2026-05-15 07:21:00,1900-01-00 00:00:00,dlink-615_EXT,40:86:CB:27:D2:0C,-18, WPA2 ,0.000000,0.000000,0.000,0.000,AP
2026-05-15 07:21:00,1900-01-00 00:00:00,,9C:2F:9D:82:20:A3,-18,,0.000000,0.000000,0.000,0.000,Client
2026-05-15 07:21:00,1900-01-00 00:00:00,dlink-615_EXT,40:86:CB:27:D2:0C,-18, WPA2 ,0.000000,0.000000,0.000,0.000,AP
2026-05-15 07:21:00,1900-01-00 00:00:00,,9C:2F:9D:82:20:A3,-18,,0.000000,0.000000,0.000,0.000,Client
2026-05-15 07:21:00,1900-01-00 00:00:00,dlink-615_EXT,40:86:CB:27:D2:0C,-18, WPA2 ,0.000000,0.000000,0.000,0.000,AP
2026-05-15 07:21:00,1900-01-00 00:00:00,,9C:2F:9D:82:20:A3,-18,,0.000000,0.000000,0.000,0.000,Client
2026-05-15 07:21:00,1900-01-00 00:00:00,dlink-615_EXT,40:86:CB:27:D2:0C,-18, WPA2 ,0.000000,0.000000,0.000,0.000,AP
2026-05-15 07:21:00,1900-01-00 00:00:00,,9C:2F:9D:82:20:A3,-18,,0.000000,0.000000,0.000,0.000,Client
2026-05-15 07:21:00,1900-01-00 00:00:00,dlink-615_EXT,40:86:CB:27:D2:0C,-18, WPA2 ,0.000000,0.000000,0.000,0.000,AP
2026-05-15 07:21:00,1900-01-00 00:00:00,,9C:2F:9D:82:20:A3,-18,,0.000000,0.000000,0.000,0.000,Client
2026-05-15 07:21:00,1900-01-00 00:00:00,dlink-615_EXT,40:86:CB:27:D2:0C,-18, WPA2 ,0.000000,0.000000,0.000,0.000,AP
2026-05-15 07:21:00,1900-01-00 00:00:00,,9C:2F:9D:82:20:A3,-18,,0.000000,0.000000,0.000,0.000,Client
2026-05-15 07:21:00,1900-01-00 00:00:00,dlink-615_EXT,40:86:CB:27:D2:0C,-18, WPA2 ,0.000000,0.000000,0.000,0.000,AP
2026-05-15 07:21:00,1900-01-00 00:00:00,,9C:2F:9D:82:20:A3,-18,,0.000000,0.000000,0.000,0.000,Client
2026-05-15 07:21:00,1900-01-00 00:00:00,dlink-615_EXT,40:86:CB:27:D2:0C,-18, WPA2 ,0.000000,0.000000,0.000,0.000,AP
2026-05-15 07:21:00,1900-01-00 00:00:00,,9C:2F:9D:82:20:A3,-18,,0.000000,0.000000,0.000,0.000,Client
2026-05-15 07:21:00,1900-01-00 00:00:00,dlink-615_EXT,40:86:CB:27:D2:0C,-18, WPA2 ,0.000000,0.000000,0.000,0.000,AP
2026-05-15 07:21:00,1900-01-00 00:00:00,,9C:2F:9D:82:20:A3,-18,,0.000000,0.000000,0.000,0.000,Client
2026-05-15 07:21:00,1900-01-00 00:00:00,dlink-615_EXT,40:86:CB:27:D2:0C,-18, WPA2 ,0.000000,0.000000,0.000,0.000,AP
2026-05-15 07:21:00,1900-01-00 00:00:00,,9C:2F:9D:82:20:A3,-18,,0.000000,0.000000,0.000,0.000,Client
2026-05-15 07:21:00,1900-01-00 00:00:00,dlink-615_EXT,40:86:CB:27:D2:0C,-18, WPA2 ,0.000000,0.000000,0.000,0.000,AP
2026-05-15 07:21:00,1900-01-00 00:00:00,,9C:2F:9D:82:20:A3,-18,,0.000000,0.000000,0.000,0.000,Client
2026-05-15 07:21:00,1900-01-00 00:00:00,dlink-615_EXT,40:86:CB:27:D2:0C,-18, WPA2 ,0.000000,0.000000,0.000,0.000,AP
2026-05-15 07:21:00,1900-01-00 00:00:00,,9C:2F:9D:82:20:A3,-18,,0.000000,0.000000,0.000,0.000,Client
2026-05-15 07:21:00,1900-01-00 00:00:00,dlink-615_EXT,40:86:CB:27:D2:0C,-18, WPA2 ,0.000000,0.000000,0.000,0.000,AP
2026-05-15 07:21:00,1900-01-00 00:00:00,,9C:2F:9D:82:20:A3,-18,,0.000000,0.000000,0.000,0.000,Client
2026-05-15 07:21:00,1900-01-00 00:00:00,dlink-615_EXT,40:86:CB:27:D2:0C,-18, WPA2 ,0.000000,0.000000,0.000,0.000,AP
2026-05-15 07:21:00,1900-01-00 00:00:00,,9C:2F:9D:82:20:A3,-18,,0.000000,0.000000,0.000,0.000,Client
2026-05-15 07:21:00,1900-01-00 00:00:00,dlink-615_EXT,40:86:CB:27:D2:0C,-18, WPA2 ,0.000000,0.000000,0.000,0.000,AP
2026-05-15 07:21:00,1900-01-00 00:00:00,,9C:2F:9D:82:20:A3,-18,,0.000000,0.000000,0.000,0.000,Client
2026-05-15 07:21:00,1900-01-00 00:00:00,dlink-615_EXT,40:86:CB:27:D2:0C,-18, WPA2 ,0.000000,0.000000,0.000,0.000,AP
2026-05-15 07:21:00,1900-01-00 00:00:00,,9C:2F:9D:82:20:A3,-18,,0.000000,0.000000,0.000,0.000,Client
2026-05-15 07:21:00,1900-01-00 00:00:00,dlink-615_EXT,40:86:CB:27:D2:0C,-18, WPA2 ,0.000000,0.000000,0.000,0.000,AP
2026-05-15 07:21:00,1900-01-00 00:00:00,,9C:2F:9D:82:20:A3,-18,,0.000000,0.000000,0.000,0.000,Client
2026-05-15 07:21:00,1900-01-00 00:00:00,dlink-615_EXT,40:86:CB:27:D2:0C,-18, WPA2 ,0.000000,0.000000,0.000,0.000,AP
2026-05-15 07:21:00,1900-01-00 00:00:00,,9C:2F:9D:82:20:A3,-18,,0.000000,0.000000,0.000,0.000,Client
2026-05-15 07:21:00,1900-01-00 00:00:00,dlink-615_EXT,40:86:CB:27:D2:0C,-18, WPA2 ,0.000000,0.000000,0.000,0.000,AP
2026-05-15 07:21:00,1900-01-00 00:00:00,,9C:2F:9D:82:20:A3,-18,,0.000000,0.000000,0.000,0.000,Client
2026-05-15 07:21:00,1900-01-00 00:00:00,dlink-615_EXT,40:86:CB:27:D2:0C,-18, WPA2 ,0.000000,0.000000,0.000,0.000,AP
2026-05-15 07:21:00,1900-01-00 00:00:00,,9C:2F:9D:82:20:A3,-18,,0.000000,0.000000,0.000,0.000,Client
2026-05-15 07:21:00,1900-01-00 00:00:00,dlink-615_EXT,40:86:CB:27:D2:0C,-18, WPA2 ,0.000000,0.000000,0.000,0.000,AP
2026-05-15 07:21:00,1900-01-00 00:00:00,,9C:2F:9D:82:20:A3,-18,,0.000000,0.000000,0.000,0.000,Client
2026-05-15 07:21:00,1900-01-00 00:00:00,dlink-615_EXT,40:86:CB:27:D2:0C,-18, WPA2 ,0.000000,0.000000,0.000,0.000,AP
2026-05-15 07:21:00,1900-01-00 00:00:00,,9C:2F:9D:82:20:A3,-18,,0.000000,0.000000,0.000,0.000,Client
2026-05-15 07:21:00,1900-01-00 00:00:00,dlink-615_EXT,40:86:CB:27:D2:0C,-18, WPA2 ,0.000000,0.000000,0.000,0.000,AP
2026-05-15 07:21:00,1900-01-00 00:00:00,,9C:2F:9D:82:20:A3,-18,,0.000000,0.000000,0.000,0.000,Client
2026-05-15 07:21:00,1900-01-00 00:00:00,dlink-615_EXT,40:86:CB:27:D2:0C,-18, WPA2 ,0.000000,0.000000,0.000,0.000,AP
2026-05-15 07:21:00,1900-01-00 00:00:00,,9C:2F:9D:82:20:A3,-18,,0.000000,0.000000,0.000,0.000,Client
2026-05-15 07:21:00,1900-01-00 00:00:00,dlink-615_EXT,40:86:CB:27:D2:0C,-18, WPA2 ,0.000000,0.000000,0.000,0.000,AP
2026-05-15 07:21:00,1900-01-00 00:00:00,,9C:2F:9D:82:20:A3,-18,,0.000000,0.000000,0.000,0.000,Client
2026-05-15 07:21:00,1900-01-00 00:00:00,dlink-615_EXT,40:86:CB:27:D2:0C,-18, WPA2 ,0.000000,0.000000,0.000,0.000,AP
2026-05-15 07:21:00,1900-01-00 00:00:00,,9C:2F:9D:82:20:A3,-18,,0.000000,0.000000,0.000,0.000,Client
2026-05-15 07:21:00,1900-01-00 00:00:00,dlink-615_EXT,40:86:CB:27:D2:0C,-18, WPA2 ,0.000000,0.000000,0.000,0.000,AP
2026-05-15 07:21:00,1900-01-00 00:00:00,,9C:2F:9D:82:20:A3,-18,,0.000000,0.000000,0.000,0.000,Client
2026-05-15 07:21:00,1900-01-00 00:00:00,dlink-615_EXT,40:86:CB:27:D2:0C,-18, WPA2 ,0.000000,0.000000,0.000,0.000,AP
2026-05-15 07:21:00,1900-01-00 00:00:00,,9C:2F:9D:82:20:A3,-18,,0.000000,0.000000,0.000,0.000,Client
2026-05-15 07:21:00,1900-01-00 00:00:00,dlink-615_EXT,40:86:CB:27:D2:0C,-18, WPA2 ,0.000000,0.000000,0.000,0.000,AP
2026-05-15 07:21:00,1900-01-00 00:00:00,,9C:2F:9D:82:20:A3,-18,,0.000000,0.000000,0.000,0.000,Client
2026-05-15 07:21:00,1900-01-00 00:00:00,dlink-615_EXT,40:86:CB:27:D2:0C,-18, WPA2 ,0.000000,0.000000,0.000,0.000,AP
2026-05-15 07:21:00,1900-01-00 00:00:00,,9C:2F:9D:82:20:A3,-18,,0.000000,0.000000,0.000,0.000,Client
2026-05-15 07:21:00,1900-01-00 00:00:00,dlink-615_EXT,40:86:CB:27:D2:0C,-18, WPA2 ,0.000000,0.000000,0.000,0.000,AP
2026-05-15 07:21:00,1900-01-00 00:00:00,,9C:2F:9D:82:20:A3,-18,,0.000000,0.000000,0.000,0.000,Client
2026-05-15 07:21:00,1900-01-00 00:00:00,dlink-615_EXT,40:86:CB:27:D2:0C,-18, WPA2 ,0.000000,0.000000,0.000,0.000,AP
2026-05-15 07:21:00,1900-01-00 00:00:00,,9C:2F:9D:82:20:A3,-18,,0.000000,0.000000,0.000,0.000,Client
2026-05-15 07:21:00,1900-01-00 00:00:00,dlink-615_EXT,40:86:CB:27:D2:0C,-18, WPA2 ,0.000000,0.000000,0.000,0.000,AP
2026-05-15 07:21:00,1900-01-00 00:00:00,,9C:2F:9D:82:20:A3,-18,,0.000000,0.000000,0.000,0.000,Client
2026-05-15 07:21:00,1900-01-00 00:00:00,dlink-615_EXT,40:86:CB:27:D2:0C,-18, WPA2 ,0.000000,0.000000,0.000,0.000,AP
2026-05-15 07:21:00,1900-01-00 00:00:00,,9C:2F:9D:82:20:A3,-18,,0.000000,0.000000,0.000,0.000,Client
2026-05-15 07:21:00,1900-01-00 00:00:00,dlink-615_EXT,40:86:CB:27:D2:0C,-18, WPA2 ,0.000000,0.000000,0.000,0.000,AP
2026-05-15 07:21:00,1900-01-00 00:00:00,,9C:2F:9D:82:20:A3,-18,,0.000000,0.000000,0.000,0.000,Client
2026-05-15 07:21:00,1900-01-00 00:00:00,dlink-615_EXT,40:86:CB:27:D2:0C,-18, WPA2 ,0.000000,0.000000,0.000,0.000,AP
2026-05-15 07:21:00,1900-01-00 00:00:00,,9C:2F:9D:82:20:A3,-18,,0.000000,0.000000,0.000,0.000,Client
2026-05-15 07:21:00,1900-01-00 00:00:00,dlink-615_EXT,40:86:CB:27:D2:0C,-18, WPA2 ,0.000000,0.000000,0.000,0.000,AP
2026-05-15 07:21:00,1900-01-00 00:00:00,,9C:2F:9D:82:20:A3,-18,,0.000000,0.000000,0.000,0.000,Client
2026-05-15 07:21:00,1900-01-00 00:00:00,dlink-615_EXT,40:86:CB:27:D2:0C,-18, WPA2 ,0.000000,0.000000,0.000,0.000,AP
2026-05-15 07:21:00,1900-01-00 00:00:00,,9C:2F:9D:82:20:A3,-18,,0.000000,0.000000,0.000,0.000,Client
2026-05-15 07:21:00,1900-01-00 00:00:00,dlink-615_EXT,40:86:CB:27:D2:0C,-18, WPA2 ,0.000000,0.000000,0.000,0.000,AP
2026-05-15 07:21:00,1900-01-00 00:00:00,,9C:2F:9D:82:20:A3,-18,,0.000000,0.000000,0.000,0.000,Client
2026-05-15 07:21:00,1900-01-00 00:00:00,dlink-615_EXT,40:86:CB:27:D2:0C,-18, WPA2 ,0.000000,0.000000,0.000,0.000,AP
2026-05-15 07:21:00,1900-01-00 00:00:00,,9C:2F:9D:82:20:A3,-18,,0.000000,0.000000,0.000,0.000,Client
2026-05-15 07:21:00,1900-01-00 00:00:00,dlink-615_EXT,40:86:CB:27:D2:0C,-18, WPA2 ,0.000000,0.000000,0.000,0.000,AP
2026-05-15 07:21:00,1900-01-00 00:00:00,,9C:2F:9D:82:20:A3,-18,,0.000000,0.000000,0.000,0.000,Client
2026-05-15 07:21:00,1900-01-00 00:00:00,dlink-615_EXT,40:86:CB:27:D2:0C,-18, WPA2 ,0.000000,0.000000,0.000,0.000,AP
2026-05-15 07:21:00,1900-01-00 00:00:00,,9C:2F:9D:82:20:A3,-18,,0.000000,0.000000,0.000,0.000,Client
2026-05-15 07:21:00,1900-01-00 00:00:00,dlink-615_EXT,40:86:CB:27:D2:0C,-18, WPA2 ,0.000000,0.000000,0.000,0.000,AP
2026-05-15 07:21:00,1900-01-00 00:00:00,,9C:2F:9D:82:20:A3,-18,,0.000000,0.000000,0.000,0.000,Client
2026-05-15 07:21:00,1900-01-00 00:00:00,dlink-615_EXT,40:86:CB:27:D2:0C,-18, WPA2 ,0.000000,0.000000,0.000,0.000,AP
2026-05-15 07:21:00,1900-01-00 00:00:00,,9C:2F:9D:82:20:A3,-18,,0.000000,0.000000,0.000,0.000,Client
2026-05-15 07:21:00,1900-01-00 00:00:00,dlink-615_EXT,40:86:CB:27:D2:0C,-18, WPA2 ,0.000000,0.000000,0.000,0.000,AP
2026-05-15 07:21:01,1900-01-00 00:00:00,,9C:2F:9D:82:20:A3,-18,,0.000000,0.000000,0.000,0.000,Client
2026-05-15 07:21:01,1900-01-00 00:00:00,dlink-615_EXT,40:86:CB:27:D2:0C,-18, WPA2 ,0.000000,0.000000,0.000,0.000,AP
2026-05-15 07:21:01,1900-01-00 00:00:00,,9C:2F:9D:82:20:A3,-18,,0.000000,0.000000,0.000,0.000,Client
2026-05-15 07:21:01,1900-01-00 00:00:00,dlink-615_EXT,40:86:CB:27:D2:0C,-18, WPA2 ,0.000000,0.000000,0.000,0.000,AP
2026-05-15 07:21:01,1900-01-00 00:00:00,,9C:2F:9D:82:20:A3,-23,,0.000000,0.000000,0.000,0.000,Client
2026-05-15 07:21:01,1900-01-00 00:00:00,dlink-615_EXT,40:86:CB:27:D2:0C,-17, WPA2 ,0.000000,0.000000,0.000,0.000,AP
2026-05-15 07:21:01,1900-01-00 00:00:00,,9C:2F:9D:82:20:A3,-17,,0.000000,0.000000,0.000,0.000,Client
2026-05-15 07:21:01,1900-01-00 00:00:00,dlink-615_EXT,40:86:CB:27:D2:0C,-17, WPA2 ,0.000000,0.000000,0.000,0.000,AP
2026-05-15 07:21:01,1900-01-00 00:00:00,,9C:2F:9D:82:20:A3,-17,,0.000000,0.000000,0.000,0.000,Client
2026-05-15 07:21:01,1900-01-00 00:00:00,dlink-615_EXT,40:86:CB:27:D2:0C,-37, WPA2 ,0.000000,0.000000,0.000,0.000,AP
2026-05-15 07:21:01,1900-01-00 00:00:00,,9C:2F:9D:82:20:A3,-37,,0.000000,0.000000,0.000,0.000,Client
2026-05-15 07:21:01,1900-01-00 00:00:00,dlink-615_EXT,40:86:CB:27:D2:0C,-17, WPA2 ,0.000000,0.000000,0.000,0.000,AP
2026-05-15 07:21:01,1900-01-00 00:00:00,,9C:2F:9D:82:20:A3,-17,,0.000000,0.000000,0.000,0.000,Client
2026-05-15 07:21:01,1900-01-00 00:00:00,dlink-615_EXT,40:86:CB:27:D2:0C,-17, WPA2 ,0.000000,0.000000,0.000,0.000,AP
2026-05-15 07:21:01,1900-01-00 00:00:00,,9C:2F:9D:82:20:A3,-17,,0.000000,0.000000,0.000,0.000,Client
2026-05-15 07:21:01,1900-01-00 00:00:00,dlink-615_EXT,40:86:CB:27:D2:0C,-17, WPA2 ,0.000000,0.000000,0.000,0.000,AP
2026-05-15 07:21:01,1900-01-00 00:00:00,dlink-615_EXT,40:86:CB:27:D2:0C,-17, WPA2 ,0.000000,0.000000,0.000,0.000,AP
2026-05-15 07:21:01,1900-01-00 00:00:00,,9C:2F:9D:82:20:A3,-29,,0.000000,0.000000,0.000,0.000,Client
2026-05-15 07:21:01,1900-01-00 00:00:00,dlink-615_EXT,40:86:CB:27:D2:0C,-19, WPA2 ,0.000000,0.000000,0.000,0.000,AP
2026-05-15 07:21:01,1900-01-00 00:00:00,,9C:2F:9D:82:20:A3,-17,,0.000000,0.000000,0.000,0.000,Client
2026-05-15 07:21:01,1900-01-00 00:00:00,dlink-615_EXT,40:86:CB:27:D2:0C,-17, WPA2 ,0.000000,0.000000,0.000,0.000,AP
2026-05-15 07:21:01,1900-01-00 00:00:00,,9C:2F:9D:82:20:A3,-17,,0.000000,0.000000,0.000,0.000,Client
2026-05-15 07:21:01,1900-01-00 00:00:00,dlink-615_EXT,40:86:CB:27:D2:0C,-17, WPA2 ,0.000000,0.000000,0.000,0.000,AP
2026-05-15 07:21:01,1900-01-00 00:00:00,,9C:2F:9D:82:20:A3,-17,,0.000000,0.000000,0.000,0.000,Client
2026-05-15 07:21:01,1900-01-00 00:00:00,dlink-615_EXT,40:86:CB:27:D2:0C,-19, WPA2 ,0.000000,0.000000,0.000,0.000,AP
2026-05-15 07:21:01,1900-01-00 00:00:00,,9C:2F:9D:82:20:A3,-19,,0.000000,0.000000,0.000,0.000,Client
2026-05-15 07:21:01,1900-01-00 00:00:00,dlink-615_EXT,40:86:CB:27:D2:0C,-19, WPA2 ,0.000000,0.000000,0.000,0.000,AP
2026-05-15 07:21:01,1900-01-00 00:00:00,,9C:2F:9D:82:20:A3,-19,,0.000000,0.000000,0.000,0.000,Client
2026-05-15 07:21:01,1900-01-00 00:00:00,dlink-615_EXT,40:86:CB:27:D2:0C,-19, WPA2 ,0.000000,0.000000,0.000,0.000,AP
2026-05-15 07:21:01,1900-01-00 00:00:00,,9C:2F:9D:82:20:A3,-19,,0.000000,0.000000,0.000,0.000,Client
2026-05-15 07:21:01,1900-01-00 00:00:00,dlink-615_EXT,40:86:CB:27:D2:0C,-17, WPA2 ,0.000000,0.000000,0.000,0.000,AP
2026-05-15 07:21:01,1900-01-00 00:00:00,,9C:2F:9D:82:20:A3,-17,,0.000000,0.000000,0.000,0.000,Client
2026-05-15 07:21:01,1900-01-00 00:00:00,dlink-615_EXT,40:86:CB:27:D2:0C,-17, WPA2 ,0.000000,0.000000,0.000,0.000,AP
2026-05-15 07:21:01,1900-01-00 00:00:00,,9C:2F:9D:82:20:A3,-17,,0.000000,0.000000,0.000,0.000,Client
2026-05-15 07:21:01,1900-01-00 00:00:00,dlink-615_EXT,40:86:CB:27:D2:0C,-17, WPA2 ,0.000000,0.000000,0.000,0.000,AP
2026-05-15 07:21:01,1900-01-00 00:00:00,,9C:2F:9D:82:20:A3,-17,,0.000000,0.000000,0.000,0.000,Client
2026-05-15 07:21:01,1900-01-00 00:00:00,dlink-615_EXT,40:86:CB:27:D2:0C,-17, WPA2 ,0.000000,0.000000,0.000,0.000,AP
2026-05-15 07:21:01,1900-01-00 00:00:00,,9C:2F:9D:82:20:A3,-17,,0.000000,0.000000,0.000,0.000,Client
2026-05-15 07:21:01,1900-01-00 00:00:00,dlink-615_EXT,40:86:CB:27:D2:0C,-17, WPA2 ,0.000000,0.000000,0.000,0.000,AP
2026-05-15 07:21:01,1900-01-00 00:00:00,,9C:2F:9D:82:20:A3,-33,,0.000000,0.000000,0.000,0.000,Client
2026-05-15 07:21:01,1900-01-00 00:00:00,dlink-615_EXT,40:86:CB:27:D2:0C,-33, WPA2 ,0.000000,0.000000,0.000,0.000,AP
2026-05-15 07:21:01,1900-01-00 00:00:00,,9C:2F:9D:82:20:A3,-33,,0.000000,0.000000,0.000,0.000,Client
2026-05-15 07:21:01,1900-01-00 00:00:00,dlink-615_EXT,40:86:CB:27:D2:0C,-17, WPA2 ,0.000000,0.000000,0.000,0.000,AP
2026-05-15 07:21:01,1900-01-00 00:00:00,,9C:2F:9D:82:20:A3,-17,,0.000000,0.000000,0.000,0.000,Client
2026-05-15 07:21:01,1900-01-00 00:00:00,dlink-615_EXT,40:86:CB:27:D2:0C,-17, WPA2 ,0.000000,0.000000,0.000,0.000,AP
2026-05-15 07:21:01,1900-01-00 00:00:00,,9C:2F:9D:82:20:A3,-17,,0.000000,0.000000,0.000,0.000,Client
2026-05-15 07:21:01,1900-01-00 00:00:00,dlink-615_EXT,40:86:CB:27:D2:0C,-17, WPA2 ,0.000000,0.000000,0.000,0.000,AP
2026-05-15 07:21:01,1900-01-00 00:00:00,,9C:2F:9D:82:20:A3,-17,,0.000000,0.000000,0.000,0.000,Client
2026-05-15 07:21:01,1900-01-00 00:00:00,dlink-615_EXT,40:86:CB:27:D2:0C,-19, WPA2 ,0.000000,0.000000,0.000,0.000,AP
2026-05-15 07:21:01,1900-01-00 00:00:00,,9C:2F:9D:82:20:A3,-17,,0.000000,0.000000,0.000,0.000,Client
2026-05-15 07:21:01,1900-01-00 00:00:00,dlink-615_EXT,40:86:CB:27:D2:0C,-17, WPA2 ,0.000000,0.000000,0.000,0.000,AP
2026-05-15 07:21:01,1900-01-00 00:00:00,,9C:2F:9D:82:20:A3,-17,,0.000000,0.000000,0.000,0.000,Client
2026-05-15 07:21:01,1900-01-00 00:00:00,dlink-615_EXT,40:86:CB:27:D2:0C,-17, WPA2 ,0.000000,0.000000,0.000,0.000,AP
2026-05-15 07:21:01,1900-01-00 00:00:00,,9C:2F:9D:82:20:A3,-17,,0.000000,0.000000,0.000,0.000,Client
2026-05-15 07:21:01,1900-01-00 00:00:00,dlink-615_EXT,40:86:CB:27:D2:0C,-17, WPA2 ,0.000000,0.000000,0.000,0.000,AP
2026-05-15 07:21:01,1900-01-00 00:00:00,,9C:2F:9D:82:20:A3,-17,,0.000000,0.000000,0.000,0.000,Client
2026-05-15 07:21:01,1900-01-00 00:00:00,dlink-615_EXT,40:86:CB:27:D2:0C,-17, WPA2 ,0.000000,0.000000,0.000,0.000,AP
2026-05-15 07:21:01,1900-01-00 00:00:00,,9C:2F:9D:82:20:A3,-17,,0.000000,0.000000,0.000,0.000,Client
2026-05-15 07:21:01,1900-01-00 00:00:00,dlink-615_EXT,40:86:CB:27:D2:0C,-17, WPA2 ,0.000000,0.000000,0.000,0.000,AP
2026-05-15 07:21:01,1900-01-00 00:00:00,,9C:2F:9D:82:20:A3,-17,,0.000000,0.000000,0.000,0.000,Client
2026-05-15 07:21:01,1900-01-00 00:00:00,dlink-615_EXT,40:86:CB:27:D2:0C,-19, WPA2 ,0.000000,0.000000,0.000,0.000,AP
2026-05-15 07:21:01,1900-01-00 00:00:00,,9C:2F:9D:82:20:A3,-17,,0.000000,0.000000,0.000,0.000,Client
2026-05-15 07:21:01,1900-01-00 00:00:00,dlink-615_EXT,40:86:CB:27:D2:0C,-27, WPA2 ,0.000000,0.000000,0.000,0.000,AP
2026-05-15 07:21:01,1900-01-00 00:00:00,,9C:2F:9D:82:20:A3,-27,,0.000000,0.000000,0.000,0.000,Client
2026-05-15 07:21:01,1900-01-00 00:00:00,dlink-615_EXT,40:86:CB:27:D2:0C,-27, WPA2 ,0.000000,0.000000,0.000,0.000,AP
2026-05-15 07:21:01,1900-01-00 00:00:00,,9C:2F:9D:82:20:A3,-27,,0.000000,0.000000,0.000,0.000,Client
2026-05-15 07:21:01,1900-01-00 00:00:00,dlink-615_EXT,40:86:CB:27:D2:0C,-17, WPA2 ,0.000000,0.000000,0.000,0.000,AP
2026-05-15 07:21:01,1900-01-00 00:00:00,,9C:2F:9D:82:20:A3,-17,,0.000000,0.000000,0.000,0.000,Client
2026-05-15 07:21:01,1900-01-00 00:00:00,dlink-615_EXT,40:86:CB:27:D2:0C,-19, WPA2 ,0.000000,0.000000,0.000,0.000,AP
2026-05-15 07:21:01,1900-01-00 00:00:00,,9C:2F:9D:82:20:A3,-19,,0.000000,0.000000,0.000,0.000,Client
2026-05-15 07:21:01,1900-01-00 00:00:00,dlink-615_EXT,40:86:CB:27:D2:0C,-19, WPA2 ,0.000000,0.000000,0.000,0.000,AP
2026-05-15 07:21:01,1900-01-00 00:00:00,,9C:2F:9D:82:20:A3,-19,,0.000000,0.000000,0.000,0.000,Client
2026-05-15 07:21:01,1900-01-00 00:00:00,dlink-615_EXT,40:86:CB:27:D2:0C,-17, WPA2 ,0.000000,0.000000,0.000,0.000,AP
2026-05-15 07:21:01,1900-01-00 00:00:00,,9C:2F:9D:82:20:A3,-17,,0.000000,0.000000,0.000,0.000,Client
2026-05-15 07:21:01,1900-01-00 00:00:00,dlink-615_EXT,40:86:CB:27:D2:0C,-17, WPA2 ,0.000000,0.000000,0.000,0.000,AP
2026-05-15 07:21:01,1900-01-00 00:00:00,,9C:2F:9D:82:20:A3,-17,,0.000000,0.000000,0.000,0.000,Client
2026-05-15 07:21:01,1900-01-00 00:00:00,dlink-615_EXT,40:86:CB:27:D2:0C,-17, WPA2 ,0.000000,0.000000,0.000,0.000,AP
2026-05-15 07:21:01,1900-01-00 00:00:00,,9C:2F:9D:82:20:A3,-19,,0.000000,0.000000,0.000,0.000,Client
2026-05-15 07:21:01,1900-01-00 00:00:00,dlink-615_EXT,40:86:CB:27:D2:0C,-19, WPA2 ,0.000000,0.000000,0.000,0.000,AP
2026-05-15 07:21:01,1900-01-00 00:00:00,,9C:2F:9D:82:20:A3,-19,,0.000000,0.000000,0.000,0.000,Client
2026-05-15 07:21:01,1900-01-00 00:00:00,dlink-615_EXT,40:86:CB:27:D2:0C,-19, WPA2 ,0.000000,0.000000,0.000,0.000,AP
2026-05-15 07:21:01,1900-01-00 00:00:00,,9C:2F:9D:82:20:A3,-19,,0.000000,0.000000,0.000,0.000,Client
2026-05-15 07:21:01,1900-01-00 00:00:00,dlink-615_EXT,40:86:CB:27:D2:0C,-19, WPA2 ,0.000000,0.000000,0.000,0.000,AP
2026-05-15 07:21:01,1900-01-00 00:00:00,,9C:2F:9D:82:20:A3,-19,,0.000000,0.000000,0.000,0.000,Client
2026-05-15 07:21:01,1900-01-00 00:00:00,dlink-615_EXT,40:86:CB:27:D2:0C,-19, WPA2 ,0.000000,0.000000,0.000,0.000,AP
2026-05-15 07:21:01,1900-01-00 00:00:00,,9C:2F:9D:82:20:A3,-19,,0.000000,0.000000,0.000,0.000,Client
2026-05-15 07:21:01,1900-01-00 00:00:00,dlink-615_EXT,40:86:CB:27:D2:0C,-19, WPA2 ,0.000000,0.000000,0.000,0.000,AP
2026-05-15 07:21:01,1900-01-00 00:00:00,,9C:2F:9D:82:20:A3,-19,,0.000000,0.000000,0.000,0.000,Client
2026-05-15 07:21:01,1900-01-00 00:00:00,dlink-615_EXT,40:86:CB:27:D2:0C,-19, WPA2 ,0.000000,0.000000,0.000,0.000,AP
2026-05-15 07:21:01,1900-01-00 00:00:00,,9C:2F:9D:82:20:A3,-19,,0.000000,0.000000,0.000,0.000,Client
2026-05-15 07:21:01,1900-01-00 00:00:00,dlink-615_EXT,40:86:CB:27:D2:0C,-17, WPA2 ,0.000000,0.000000,0.000,0.000,AP
2026-05-15 07:21:01,1900-01-00 00:00:00,,9C:2F:9D:82:20:A3,-17,,0.000000,0.000000,0.000,0.000,Client
2026-05-15 07:21:01,1900-01-00 00:00:00,dlink-615_EXT,40:86:CB:27:D2:0C,-17, WPA2 ,0.000000,0.000000,0.000,0.000,AP
2026-05-15 07:21:01,1900-01-00 00:00:00,,9C:2F:9D:82:20:A3,-17,,0.000000,0.000000,0.000,0.000,Client
2026-05-15 07:21:01,1900-01-00 00:00:00,dlink-615_EXT,40:86:CB:27:D2:0C,-17, WPA2 ,0.000000,0.000000,0.000,0.000,AP
2026-05-15 07:21:01,1900-01-00 00:00:00,,9C:2F:9D:82:20:A3,-17,,0.000000,0.000000,0.000,0.000,Client
2026-05-15 07:21:01,1900-01-00 00:00:00,dlink-615_EXT,40:86:CB:27:D2:0C,-19, WPA2 ,0.000000,0.000000,0.000,0.000,AP
2026-05-15 07:21:01,1900-01-00 00:00:00,,9C:2F:9D:82:20:A3,-19,,0.000000,0.000000,0.000,0.000,Client
2026-05-15 07:21:01,1900-01-00 00:00:00,dlink-615_EXT,40:86:CB:27:D2:0C,-19, WPA2 ,0.000000,0.000000,0.000,0.000,AP
2026-05-15 07:21:01,1900-01-00 00:00:00,,9C:2F:9D:82:20:A3,-19,,0.000000,0.000000,0.000,0.000,Client
2026-05-15 07:21:01,1900-01-00 00:00:00,dlink-615_EXT,40:86:CB:27:D2:0C,-19, WPA2 ,0.000000,0.000000,0.000,0.000,AP
2026-05-15 07:21:01,1900-01-00 00:00:00,,9C:2F:9D:82:20:A3,-19,,0.000000,0.000000,0.000,0.000,Client
2026-05-15 07:21:01,1900-01-00 00:00:00,dlink-615_EXT,40:86:CB:27:D2:0C,-17, WPA2 ,0.000000,0.000000,0.000,0.000,AP
2026-05-15 07:21:01,1900-01-00 00:00:00,,9C:2F:9D:82:20:A3,-19,,0.000000,0.000000,0.000,0.000,Client
2026-05-15 07:21:01,1900-01-00 00:00:00,dlink-615_EXT,40:86:CB:27:D2:0C,-19, WPA2 ,0.000000,0.000000,0.000,0.000,AP
2026-05-15 07:21:01,1900-01-00 00:00:00,,9C:2F:9D:82:20:A3,-17,,0.000000,0.000000,0.000,0.000,Client
2026-05-15 07:21:01,1900-01-00 00:00:00,dlink-615_EXT,40:86:CB:27:D2:0C,-17, WPA2 ,0.000000,0.000000,0.000,0.000,AP
2026-05-15 07:21:01,1900-01-00 00:00:00,,9C:2F:9D:82:20:A3,-17,,0.000000,0.000000,0.000,0.000,Client
2026-05-15 07:21:01,1900-01-00 00:00:00,dlink-615_EXT,40:86:CB:27:D2:0C,-17, WPA2 ,0.000000,0.000000,0.000,0.000,AP
2026-05-15 07:21:01,1900-01-00 00:00:00,,9C:2F:9D:82:20:A3,-17,,0.000000,0.000000,0.000,0.000,Client
2026-05-15 07:21:01,1900-01-00 00:00:00,dlink-615_EXT,40:86:CB:27:D2:0C,-17, WPA2 ,0.000000,0.000000,0.000,0.000,AP
2026-05-15 07:21:01,1900-01-00 00:00:00,,9C:2F:9D:82:20:A3,-17,,0.000000,0.000000,0.000,0.000,Client
2026-05-15 07:21:01,1900-01-00 00:00:00,dlink-615_EXT,40:86:CB:27:D2:0C,-17, WPA2 ,0.000000,0.000000,0.000,0.000,AP
2026-05-15 07:21:01,1900-01-00 00:00:00,,9C:2F:9D:82:20:A3,-17,,0.000000,0.000000,0.000,0.000,Client
2026-05-15 07:21:01,1900-01-00 00:00:00,dlink-615_EXT,40:86:CB:27:D2:0C,-19, WPA2 ,0.000000,0.000000,0.000,0.000,AP
2026-05-15 07:21:01,1900-01-00 00:00:00,,9C:2F:9D:82:20:A3,-19,,0.000000,0.000000,0.000,0.000,Client
2026-05-15 07:21:01,1900-01-00 00:00:00,dlink-615_EXT,40:86:CB:27:D2:0C,-19, WPA2 ,0.000000,0.000000,0.000,0.000,AP
2026-05-15 07:21:01,1900-01-00 00:00:00,,9C:2F:9D:82:20:A3,-19,,0.000000,0.000000,0.000,0.000,Client
2026-05-15 07:21:01,1900-01-00 00:00:00,dlink-615_EXT,40:86:CB:27:D2:0C,-19, WPA2 ,0.000000,0.000000,0.000,0.000,AP
2026-05-15 07:21:01,1900-01-00 00:00:00,,9C:2F:9D:82:20:A3,-17,,0.000000,0.000000,0.000,0.000,Client
2026-05-15 07:21:01,1900-01-00 00:00:00,dlink-615_EXT,40:86:CB:27:D2:0C,-19, WPA2 ,0.000000,0.000000,0.000,0.000,AP
2026-05-15 07:21:01,1900-01-00 00:00:00,,9C:2F:9D:82:20:A3,-19,,0.000000,0.000000,0.000,0.000,Client
2026-05-15 07:21:01,1900-01-00 00:00:00,dlink-615_EXT,40:86:CB:27:D2:0C,-19, WPA2 ,0.000000,0.000000,0.000,0.000,AP
2026-05-15 07:21:01,1900-01-00 00:00:00,,9C:2F:9D:82:20:A3,-19,,0.000000,0.000000,0.000,0.000,Client
2026-05-15 07:21:01,1900-01-00 00:00:00,dlink-615_EXT,40:86:CB:27:D2:0C,-19, WPA2 ,0.000000,0.000000,0.000,0.000,AP
2026-05-15 07:21:01,1900-01-00 00:00:00,,9C:2F:9D:82:20:A3,-19,,0.000000,0.000000,0.000,0.000,Client
2026-05-15 07:21:01,1900-01-00 00:00:00,dlink-615_EXT,40:86:CB:27:D2:0C,-17, WPA2 ,0.000000,0.000000,0.000,0.000,AP
2026-05-15 07:21:01,1900-01-00 00:00:00,,9C:2F:9D:82:20:A3,-17,,0.000000,0.000000,0.000,0.000,Client
2026-05-15 07:21:01,1900-01-00 00:00:00,dlink-615_EXT,40:86:CB:27:D2:0C,-19, WPA2 ,0.000000,0.000000,0.000,0.000,AP
2026-05-15 07:21:01,1900-01-00 00:00:00,,9C:2F:9D:82:20:A3,-19,,0.000000,0.000000,0.000,0.000,Client
2026-05-15 07:21:01,1900-01-00 00:00:00,dlink-615_EXT,40:86:CB:27:D2:0C,-19, WPA2 ,0.000000,0.000000,0.000,0.000,AP
2026-05-15 07:21:01,1900-01-00 00:00:00,,9C:2F:9D:82:20:A3,-19,,0.000000,0.000000,0.000,0.000,Client
2026-05-15 07:21:01,1900-01-00 00:00:00,dlink-615_EXT,40:86:CB:27:D2:0C,-19, WPA2 ,0.000000,0.000000,0.000,0.000,AP
2026-05-15 07:21:01,1900-01-00 00:00:00,,9C:2F:9D:82:20:A3,-19,,0.000000,0.000000,0.000,0.000,Client
2026-05-15 07:21:01,1900-01-00 00:00:00,dlink-615_EXT,40:86:CB:27:D2:0C,-19, WPA2 ,0.000000,0.000000,0.000,0.000,AP
2026-05-15 07:21:01,1900-01-00 00:00:00,,9C:2F:9D:82:20:A3,-19,,0.000000,0.000000,0.000,0.000,Client
2026-05-15 07:21:01,1900-01-00 00:00:00,dlink-615_EXT,40:86:CB:27:D2:0C,-19, WPA2 ,0.000000,0.000000,0.000,0.000,AP
2026-05-15 07:21:01,1900-01-00 00:00:00,,9C:2F:9D:82:20:A3,-19,,0.000000,0.000000,0.000,0.000,Client
2026-05-15 07:21:01,1900-01-00 00:00:00,dlink-615_EXT,40:86:CB:27:D2:0C,-19, WPA2 ,0.000000,0.000000,0.000,0.000,AP
2026-05-15 07:21:01,1900-01-00 00:00:00,,9C:2F:9D:82:20:A3,-19,,0.000000,0.000000,0.000,0.000,Client
2026-05-15 07:21:01,1900-01-00 00:00:00,dlink-615_EXT,40:86:CB:27:D2:0C,-19, WPA2 ,0.000000,0.000000,0.000,0.000,AP
2026-05-15 07:21:01,1900-01-00 00:00:00,,9C:2F:9D:82:20:A3,-19,,0.000000,0.000000,0.000,0.000,Client
2026-05-15 07:21:01,1900-01-00 00:00:00,dlink-615_EXT,40:86:CB:27:D2:0C,-19, WPA2 ,0.000000,0.000000,0.000,0.000,AP
2026-05-15 07:21:01,1900-01-00 00:00:00,,9C:2F:9D:82:20:A3,-19,,0.000000,0.000000,0.000,0.000,Client
2026-05-15 07:21:01,1900-01-00 00:00:00,dlink-615_EXT,40:86:CB:27:D2:0C,-19, WPA2 ,0.000000,0.000000,0.000,0.000,AP
2026-05-15 07:21:01,1900-01-00 00:00:00,,9C:2F:9D:82:20:A3,-19,,0.000000,0.000000,0.000,0.000,Client
2026-05-15 07:21:01,1900-01-00 00:00:00,dlink-615_EXT,40:86:CB:27:D2:0C,-23, WPA2 ,0.000000,0.000000,0.000,0.000,AP
2026-05-15 07:21:01,1900-01-00 00:00:00,,9C:2F:9D:82:20:A3,-23,,0.000000,0.000000,0.000,0.000,Client
2026-05-15 07:21:01,1900-01-00 00:00:00,dlink-615_EXT,40:86:CB:27:D2:0C,-23, WPA2 ,0.000000,0.000000,0.000,0.000,AP
2026-05-15 07:21:01,1900-01-00 00:00:00,,9C:2F:9D:82:20:A3,-23,,0.000000,0.000000,0.000,0.000,Client
2026-05-15 07:21:01,1900-01-00 00:00:00,dlink-615_EXT,40:86:CB:27:D2:0C,-19, WPA2 ,0.000000,0.000000,0.000,0.000,AP
2026-05-15 07:21:01,1900-01-00 00:00:00,,9C:2F:9D:82:20:A3,-19,,0.000000,0.000000,0.000,0.000,Client
2026-05-15 07:21:01,1900-01-00 00:00:00,dlink-615_EXT,40:86:CB:27:D2:0C,-19, WPA2 ,0.000000,0.000000,0.000,0.000,AP
2026-05-15 07:21:01,1900-01-00 00:00:00,,9C:2F:9D:82:20:A3,-19,,0.000000,0.000000,0.000,0.000,Client
2026-05-15 07:21:01,1900-01-00 00:00:00,dlink-615_EXT,40:86:CB:27:D2:0C,-19, WPA2 ,0.000000,0.000000,0.000,0.000,AP
2026-05-15 07:21:01,1900-01-00 00:00:00,,9C:2F:9D:82:20:A3,-19,,0.000000,0.000000,0.000,0.000,Client
2026-05-15 07:21:01,1900-01-00 00:00:00,dlink-615_EXT,40:86:CB:27:D2:0C,-17, WPA2 ,0.000000,0.000000,0.000,0.000,AP
2026-05-15 07:21:01,1900-01-00 00:00:00,,9C:2F:9D:82:20:A3,-17,,0.000000,0.000000,0.000,0.000,Client
2026-05-15 07:21:01,1900-01-00 00:00:00,dlink-615_EXT,40:86:CB:27:D2:0C,-17, WPA2 ,0.000000,0.000000,0.000,0.000,AP
2026-05-15 07:21:01,1900-01-00 00:00:00,,9C:2F:9D:82:20:A3,-19,,0.000000,0.000000,0.000,0.000,Client
2026-05-15 07:21:01,1900-01-00 00:00:00,dlink-615_EXT,40:86:CB:27:D2:0C,-17, WPA2 ,0.000000,0.000000,0.000,0.000,AP
2026-05-15 07:21:01,1900-01-00 00:00:00,,9C:2F:9D:82:20:A3,-17,,0.000000,0.000000,0.000,0.000,Client
2026-05-15 07:21:01,1900-01-00 00:00:00,dlink-615_EXT,40:86:CB:27:D2:0C,-19, WPA2 ,0.000000,0.000000,0.000,0.000,AP
2026-05-15 07:21:01,1900-01-00 00:00:00,,9C:2F:9D:82:20:A3,-19,,0.000000,0.000000,0.000,0.000,Client
2026-05-15 07:21:01,1900-01-00 00:00:00,dlink-615_EXT,40:86:CB:27:D2:0C,-19, WPA2 ,0.000000,0.000000,0.000,0.000,AP
2026-05-15 07:21:01,1900-01-00 00:00:00,,9C:2F:9D:82:20:A3,-19,,0.000000,0.000000,0.000,0.000,Client
2026-05-15 07:21:01,1900-01-00 00:00:00,dlink-615_EXT,40:86:CB:27:D2:0C,-19, WPA2 ,0.000000,0.000000,0.000,0.000,AP
2026-05-15 07:21:01,1900-01-00 00:00:00,,9C:2F:9D:82:20:A3,-19,,0.000000,0.000000,0.000,0.000,Client
2026-05-15 07:21:01,1900-01-00 00:00:00,dlink-615_EXT,40:86:CB:27:D2:0C,-17, WPA2 ,0.000000,0.000000,0.000,0.000,AP
2026-05-15 07:21:01,1900-01-00 00:00:00,,9C:2F:9D:82:20:A3,-17,,0.000000,0.000000,0.000,0.000,Client
2026-05-15 07:21:01,1900-01-00 00:00:00,dlink-615_EXT,40:86:CB:27:D2:0C,-17, WPA2 ,0.000000,0.000000,0.000,0.000,AP
2026-05-15 07:21:01,1900-01-00 00:00:00,,9C:2F:9D:82:20:A3,-17,,0.000000,0.000000,0.000,0.000,Client
2026-05-15 07:21:01,1900-01-00 00:00:00,dlink-615_EXT,40:86:CB:27:D2:0C,-17, WPA2 ,0.000000,0.000000,0.000,0.000,AP
2026-05-15 07:21:01,1900-01-00 00:00:00,,9C:2F:9D:82:20:A3,-17,,0.000000,0.000000,0.000,0.000,Client
2026-05-15 07:21:01,1900-01-00 00:00:00,dlink-615_EXT,40:86:CB:27:D2:0C,-19, WPA2 ,0.000000,0.000000,0.000,0.000,AP
2026-05-15 07:21:01,1900-01-00 00:00:00,,9C:2F:9D:82:20:A3,-19,,0.000000,0.000000,0.000,0.000,Client
2026-05-15 07:21:01,1900-01-00 00:00:00,dlink-615_EXT,40:86:CB:27:D2:0C,-19, WPA2 ,0.000000,0.000000,0.000,0.000,AP
2026-05-15 07:21:01,1900-01-00 00:00:00,,9C:2F:9D:82:20:A3,-19,,0.000000,0.000000,0.000,0.000,Client
2026-05-15 07:21:01,1900-01-00 00:00:00,dlink-615_EXT,40:86:CB:27:D2:0C,-19, WPA2 ,0.000000,0.000000,0.000,0.000,AP
2026-05-15 07:21:01,1900-01-00 00:00:00,,9C:2F:9D:82:20:A3,-19,,0.000000,0.000000,0.000,0.000,Client
2026-05-15 07:21:01,1900-01-00 00:00:00,dlink-615_EXT,40:86:CB:27:D2:0C,-19, WPA2 ,0.000000,0.000000,0.000,0.000,AP
2026-05-15 07:21:01,1900-01-00 00:00:00,,9C:2F:9D:82:20:A3,-19,,0.000000,0.000000,0.000,0.000,Client
2026-05-15 07:21:01,1900-01-00 00:00:00,dlink-615_EXT,40:86:CB:27:D2:0C,-19, WPA2 ,0.000000,0.000000,0.000,0.000,AP
2026-05-15 07:21:01,1900-01-00 00:00:00,,9C:2F:9D:82:20:A3,-19,,0.000000,0.000000,0.000,0.000,Client
2026-05-15 07:21:01,1900-01-00 00:00:00,dlink-615_EXT,40:86:CB:27:D2:0C,-19, WPA2 ,0.000000,0.000000,0.000,0.000,AP
2026-05-15 07:21:01,1900-01-00 00:00:00,,9C:2F:9D:82:20:A3,-19,,0.000000,0.000000,0.000,0.000,Client
2026-05-15 07:21:01,1900-01-00 00:00:00,dlink-615_EXT,40:86:CB:27:D2:0C,-19, WPA2 ,0.000000,0.000000,0.000,0.000,AP
2026-05-15 07:21:01,1900-01-00 00:00:00,,9C:2F:9D:82:20:A3,-19,,0.000000,0.000000,0.000,0.000,Client
2026-05-15 07:21:01,1900-01-00 00:00:00,dlink-615_EXT,40:86:CB:27:D2:0C,-19, WPA2 ,0.000000,0.000000,0.000,0.000,AP
2026-05-15 07:21:01,1900-01-00 00:00:00,,9C:2F:9D:82:20:A3,-19,,0.000000,0.000000,0.000,0.000,Client
2026-05-15 07:21:01,1900-01-00 00:00:00,dlink-615_EXT,40:86:CB:27:D2:0C,-19, WPA2 ,0.000000,0.000000,0.000,0.000,AP
2026-05-15 07:21:01,1900-01-00 00:00:00,,9C:2F:9D:82:20:A3,-19,,0.000000,0.000000,0.000,0.000,Client
2026-05-15 07:21:01,1900-01-00 00:00:00,dlink-615_EXT,40:86:CB:27:D2:0C,-19, WPA2 ,0.000000,0.000000,0.000,0.000,AP
2026-05-15 07:21:01,1900-01-00 00:00:00,,9C:2F:9D:82:20:A3,-19,,0.000000,0.000000,0.000,0.000,Client
2026-05-15 07:21:01,1900-01-00 00:00:00,dlink-615_EXT,40:86:CB:27:D2:0C,-19, WPA2 ,0.000000,0.000000,0.000,0.000,AP
2026-05-15 07:21:01,1900-01-00 00:00:00,,9C:2F:9D:82:20:A3,-19,,0.000000,0.000000,0.000,0.000,Client
2026-05-15 07:21:01,1900-01-00 00:00:00,dlink-615_EXT,40:86:CB:27:D2:0C,-19, WPA2 ,0.000000,0.000000,0.000,0.000,AP
2026-05-15 07:21:01,1900-01-00 00:00:00,,9C:2F:9D:82:20:A3,-19,,0.000000,0.000000,0.000,0.000,Client
2026-05-15 07:21:01,1900-01-00 00:00:00,dlink-615_EXT,40:86:CB:27:D2:0C,-19, WPA2 ,0.000000,0.000000,0.000,0.000,AP
2026-05-15 07:21:01,1900-01-00 00:00:00,,9C:2F:9D:82:20:A3,-19,,0.000000,0.000000,0.000,0.000,Client
2026-05-15 07:21:01,1900-01-00 00:00:00,dlink-615_EXT,40:86:CB:27:D2:0C,-19, WPA2 ,0.000000,0.000000,0.000,0.000,AP
2026-05-15 07:21:01,1900-01-00 00:00:00,,9C:2F:9D:82:20:A3,-19,,0.000000,0.000000,0.000,0.000,Client
2026-05-15 07:21:01,1900-01-00 00:00:00,dlink-615_EXT,40:86:CB:27:D2:0C,-19, WPA2 ,0.000000,0.000000,0.000,0.000,AP
2026-05-15 07:21:01,1900-01-00 00:00:00,,9C:2F:9D:82:20:A3,-19,,0.000000,0.000000,0.000,0.000,Client
2026-05-15 07:21:01,1900-01-00 00:00:00,dlink-615_EXT,40:86:CB:27:D2:0C,-19, WPA2 ,0.000000,0.000000,0.000,0.000,AP
2026-05-15 07:21:01,1900-01-00 00:00:00,,9C:2F:9D:82:20:A3,-19,,0.000000,0.000000,0.000,0.000,Client
2026-05-15 07:21:01,1900-01-00 00:00:00,dlink-615_EXT,40:86:CB:27:D2:0C,-19, WPA2 ,0.000000,0.000000,0.000,0.000,AP
2026-05-15 07:21:01,1900-01-00 00:00:00,,9C:2F:9D:82:20:A3,-19,,0.000000,0.000000,0.000,0.000,Client
2026-05-15 07:21:01,1900-01-00 00:00:00,dlink-615_EXT,40:86:CB:27:D2:0C,-19, WPA2 ,0.000000,0.000000,0.000,0.000,AP
2026-05-15 07:21:01,1900-01-00 00:00:00,,9C:2F:9D:82:20:A3,-19,,0.000000,0.000000,0.000,0.000,Client
2026-05-15 07:21:01,1900-01-00 00:00:00,dlink-615_EXT,40:86:CB:27:D2:0C,-19, WPA2 ,0.000000,0.000000,0.000,0.000,AP
2026-05-15 07:21:01,1900-01-00 00:00:00,,9C:2F:9D:82:20:A3,-19,,0.000000,0.000000,0.000,0.000,Client
2026-05-15 07:21:01,1900-01-00 00:00:00,dlink-615_EXT,40:86:CB:27:D2:0C,-19, WPA2 ,0.000000,0.000000,0.000,0.000,AP
2026-05-15 07:21:01,1900-01-00 00:00:00,,9C:2F:9D:82:20:A3,-19,,0.000000,0.000000,0.000,0.000,Client
2026-05-15 07:21:01,1900-01-00 00:00:00,dlink-615_EXT,40:86:CB:27:D2:0C,-19, WPA2 ,0.000000,0.000000,0.000,0.000,AP
2026-05-15 07:21:01,1900-01-00 00:00:00,,9C:2F:9D:82:20:A3,-19,,0.000000,0.000000,0.000,0.000,Client
2026-05-15 07:21:01,1900-01-00 00:00:00,dlink-615_EXT,40:86:CB:27:D2:0C,-19, WPA2 ,0.000000,0.000000,0.000,0.000,AP
2026-05-15 07:21:01,1900-01-00 00:00:00,,9C:2F:9D:82:20:A3,-19,,0.000000,0.000000,0.000,0.000,Client
2026-05-15 07:21:01,1900-01-00 00:00:00,dlink-615_EXT,40:86:CB:27:D2:0C,-19, WPA2 ,0.000000,0.000000,0.000,0.000,AP
2026-05-15 07:21:01,1900-01-00 00:00:00,,9C:2F:9D:82:20:A3,-19,,0.000000,0.000000,0.000,0.000,Client
2026-05-15 07:21:01,1900-01-00 00:00:00,dlink-615_EXT,40:86:CB:27:D2:0C,-19, WPA2 ,0.000000,0.000000,0.000,0.000,AP
2026-05-15 07:21:01,1900-01-00 00:00:00,,9C:2F:9D:82:20:A3,-19,,0.000000,0.000000,0.000,0.000,Client
2026-05-15 07:21:01,1900-01-00 00:00:00,dlink-615_EXT,40:86:CB:27:D2:0C,-19, WPA2 ,0.000000,0.000000,0.000,0.000,AP
2026-05-15 07:21:01,1900-01-00 00:00:00,,9C:2F:9D:82:20:A3,-19,,0.000000,0.000000,0.000,0.000,Client
2026-05-15 07:21:01,1900-01-00 00:00:00,dlink-615_EXT,40:86:CB:27:D2:0C,-19, WPA2 ,0.000000,0.000000,0.000,0.000,AP
2026-05-15 07:21:01,1900-01-00 00:00:00,,9C:2F:9D:82:20:A3,-19,,0.000000,0.000000,0.000,0.000,Client
2026-05-15 07:21:01,1900-01-00 00:00:00,dlink-615_EXT,40:86:CB:27:D2:0C,-19, WPA2 ,0.000000,0.000000,0.000,0.000,AP
2026-05-15 07:21:01,1900-01-00 00:00:00,,9C:2F:9D:82:20:A3,-19,,0.000000,0.000000,0.000,0.000,Client
2026-05-15 07:21:01,1900-01-00 00:00:00,dlink-615_EXT,40:86:CB:27:D2:0C,-19, WPA2 ,0.000000,0.000000,0.000,0.000,AP
2026-05-15 07:21:01,1900-01-00 00:00:00,,9C:2F:9D:82:20:A3,-19,,0.000000,0.000000,0.000,0.000,Client
2026-05-15 07:21:01,1900-01-00 00:00:00,dlink-615_EXT,40:86:CB:27:D2:0C,-19, WPA2 ,0.000000,0.000000,0.000,0.000,AP
2026-05-15 07:21:01,1900-01-00 00:00:00,,9C:2F:9D:82:20:A3,-19,,0.000000,0.000000,0.000,0.000,Client
2026-05-15 07:21:01,1900-01-00 00:00:00,dlink-615_EXT,40:86:CB:27:D2:0C,-19, WPA2 ,0.000000,0.000000,0.000,0.000,AP
2026-05-15 07:21:01,1900-01-00 00:00:00,,9C:2F:9D:82:20:A3,-19,,0.000000,0.000000,0.000,0.000,Client
2026-05-15 07:21:01,1900-01-00 00:00:00,dlink-615_EXT,40:86:CB:27:D2:0C,-19, WPA2 ,0.000000,0.000000,0.000,0.000,AP
2026-05-15 07:21:01,1900-01-00 00:00:00,,9C:2F:9D:82:20:A3,-19,,0.000000,0.000000,0.000,0.000,Client
2026-05-15 07:21:01,1900-01-00 00:00:00,dlink-615_EXT,40:86:CB:27:D2:0C,-19, WPA2 ,0.000000,0.000000,0.000,0.000,AP
2026-05-15 07:21:01,1900-01-00 00:00:00,,9C:2F:9D:82:20:A3,-19,,0.000000,0.000000,0.000,0.000,Client
2026-05-15 07:21:01,1900-01-00 00:00:00,dlink-615_EXT,40:86:CB:27:D2:0C,-19, WPA2 ,0.000000,0.000000,0.000,0.000,AP
2026-05-15 07:21:01,1900-01-00 00:00:00,,9C:2F:9D:82:20:A3,-19,,0.000000,0.000000,0.000,0.000,Client
2026-05-15 07:21:01,1900-01-00 00:00:00,dlink-615_EXT,40:86:CB:27:D2:0C,-19, WPA2 ,0.000000,0.000000,0.000,0.000,AP
2026-05-15 07:21:01,1900-01-00 00:00:00,,9C:2F:9D:82:20:A3,-19,,0.000000,0.000000,0.000,0.000,Client
2026-05-15 07:21:01,1900-01-00 00:00:00,dlink-615_EXT,40:86:CB:27:D2:0C,-19, WPA2 ,0.000000,0.000000,0.000,0.000,AP
2026-05-15 07:21:01,1900-01-00 00:00:00,,9C:2F:9D:82:20:A3,-19,,0.000000,0.000000,0.000,0.000,Client
2026-05-15 07:21:01,1900-01-00 00:00:00,dlink-615_EXT,40:86:CB:27:D2:0C,-19, WPA2 ,0.000000,0.000000,0.000,0.000,AP
2026-05-15 07:21:01,1900-01-00 00:00:00,,9C:2F:9D:82:20:A3,-19,,0.000000,0.000000,0.000,0.000,Client
2026-05-15 07:21:01,1900-01-00 00:00:00,dlink-615_EXT,40:86:CB:27:D2:0C,-19, WPA2 ,0.000000,0.000000,0.000,0.000,AP
2026-05-15 07:21:01,1900-01-00 00:00:00,,9C:2F:9D:82:20:A3,-19,,0.000000,0.000000,0.000,0.000,Client
2026-05-15 07:21:01,1900-01-00 00:00:00,dlink-615_EXT,40:86:CB:27:D2:0C,-19, WPA2 ,0.000000,0.000000,0.000,0.000,AP
2026-05-15 07:21:01,1900-01-00 00:00:00,,9C:2F:9D:82:20:A3,-19,,0.000000,0.000000,0.000,0.000,Client
2026-05-15 07:21:01,1900-01-00 00:00:00,dlink-615_EXT,40:86:CB:27:D2:0C,-19, WPA2 ,0.000000,0.000000,0.000,0.000,AP
2026-05-15 07:21:01,1900-01-00 00:00:00,,9C:2F:9D:82:20:A3,-19,,0.000000,0.000000,0.000,0.000,Client
2026-05-15 07:21:01,1900-01-00 00:00:00,dlink-615_EXT,40:86:CB:27:D2:0C,-19, WPA2 ,0.000000,0.000000,0.000,0.000,AP
2026-05-15 07:21:01,1900-01-00 00:00:00,,9C:2F:9D:82:20:A3,-19,,0.000000,0.000000,0.000,0.000,Client
2026-05-15 07:21:01,1900-01-00 00:00:00,dlink-615_EXT,40:86:CB:27:D2:0C,-19, WPA2 ,0.000000,0.000000,0.000,0.000,AP
2026-05-15 07:21:01,1900-01-00 00:00:00,,9C:2F:9D:82:20:A3,-19,,0.000000,0.000000,0.000,0.000,Client
2026-05-15 07:21:02,1900-01-00 00:00:00,dlink-615_EXT,40:86:CB:27:D2:0C,-19, WPA2 ,0.000000,0.000000,0.000,0.000,AP
2026-05-15 07:21:02,1900-01-00 00:00:00,,9C:2F:9D:82:20:A3,-19,,0.000000,0.000000,0.000,0.000,Client
2026-05-15 07:21:02,1900-01-00 00:00:00,dlink-615_EXT,40:86:CB:27:D2:0C,-19, WPA2 ,0.000000,0.000000,0.000,0.000,AP
2026-05-15 07:21:02,1900-01-00 00:00:00,,9C:2F:9D:82:20:A3,-19,,0.000000,0.000000,0.000,0.000,Client
2026-05-15 07:21:02,1900-01-00 00:00:00,dlink-615_EXT,40:86:CB:27:D2:0C,-19, WPA2 ,0.000000,0.000000,0.000,0.000,AP
2026-05-15 07:21:02,1900-01-00 00:00:00,,9C:2F:9D:82:20:A3,-19,,0.000000,0.000000,0.000,0.000,Client
2026-05-15 07:21:02,1900-01-00 00:00:00,dlink-615_EXT,40:86:CB:27:D2:0C,-19, WPA2 ,0.000000,0.000000,0.000,0.000,AP
2026-05-15 07:21:02,1900-01-00 00:00:00,,9C:2F:9D:82:20:A3,-19,,0.000000,0.000000,0.000,0.000,Client
2026-05-15 07:21:02,1900-01-00 00:00:00,dlink-615_EXT,40:86:CB:27:D2:0C,-15, WPA2 ,0.000000,0.000000,0.000,0.000,AP
2026-05-15 07:21:02,1900-01-00 00:00:00,,9C:2F:9D:82:20:A3,-19,,0.000000,0.000000,0.000,0.000,Client
2026-05-15 07:21:02,1900-01-00 00:00:00,dlink-615_EXT,40:86:CB:27:D2:0C,-19, WPA2 ,0.000000,0.000000,0.000,0.000,AP
2026-05-15 07:21:02,1900-01-00 00:00:00,,9C:2F:9D:82:20:A3,-23,,0.000000,0.000000,0.000,0.000,Client
2026-05-15 07:21:02,1900-01-00 00:00:00,dlink-615_EXT,40:86:CB:27:D2:0C,-23, WPA2 ,0.000000,0.000000,0.000,0.000,AP
2026-05-15 07:21:02,1900-01-00 00:00:00,,9C:2F:9D:82:20:A3,-23,,0.000000,0.000000,0.000,0.000,Client
2026-05-15 07:21:02,1900-01-00 00:00:00,dlink-615_EXT,40:86:CB:27:D2:0C,-17, WPA2 ,0.000000,0.000000,0.000,0.000,AP
2026-05-15 07:21:02,1900-01-00 00:00:00,,9C:2F:9D:82:20:A3,-17,,0.000000,0.000000,0.000,0.000,Client
2026-05-15 07:21:02,1900-01-00 00:00:00,dlink-615_EXT,40:86:CB:27:D2:0C,-17, WPA2 ,0.000000,0.000000,0.000,0.000,AP
2026-05-15 07:21:02,1900-01-00 00:00:00,,9C:2F:9D:82:20:A3,-17,,0.000000,0.000000,0.000,0.000,Client
2026-05-15 07:21:02,1900-01-00 00:00:00,dlink-615_EXT,40:86:CB:27:D2:0C,-17, WPA2 ,0.000000,0.000000,0.000,0.000,AP
2026-05-15 07:21:02,1900-01-00 00:00:00,,9C:2F:9D:82:20:A3,-17,,0.000000,0.000000,0.000,0.000,Client
2026-05-15 07:21:02,1900-01-00 00:00:00,dlink-615_EXT,40:86:CB:27:D2:0C,-17, WPA2 ,0.000000,0.000000,0.000,0.000,AP
2026-05-15 07:21:02,1900-01-00 00:00:00,,9C:2F:9D:82:20:A3,-17,,0.000000,0.000000,0.000,0.000,Client
2026-05-15 07:21:02,1900-01-00 00:00:00,dlink-615_EXT,40:86:CB:27:D2:0C,-17, WPA2 ,0.000000,0.000000,0.000,0.000,AP
2026-05-15 07:21:02,1900-01-00 00:00:00,,9C:2F:9D:82:20:A3,-17,,0.000000,0.000000,0.000,0.000,Client
2026-05-15 07:21:02,1900-01-00 00:00:00,dlink-615_EXT,40:86:CB:27:D2:0C,-17, WPA2 ,0.000000,0.000000,0.000,0.000,AP
2026-05-15 07:21:02,1900-01-00 00:00:00,,9C:2F:9D:82:20:A3,-17,,0.000000,0.000000,0.000,0.000,Client
2026-05-15 07:21:02,1900-01-00 00:00:00,dlink-615_EXT,40:86:CB:27:D2:0C,-17, WPA2 ,0.000000,0.000000,0.000,0.000,AP
2026-05-15 07:21:02,1900-01-00 00:00:00,,9C:2F:9D:82:20:A3,-17,,0.000000,0.000000,0.000,0.000,Client
2026-05-15 07:21:02,1900-01-00 00:00:00,dlink-615_EXT,40:86:CB:27:D2:0C,-25, WPA2 ,0.000000,0.000000,0.000,0.000,AP
2026-05-15 07:21:02,1900-01-00 00:00:00,,9C:2F:9D:82:20:A3,-25,,0.000000,0.000000,0.000,0.000,Client
2026-05-15 07:21:02,1900-01-00 00:00:00,dlink-615_EXT,40:86:CB:27:D2:0C,-25, WPA2 ,0.000000,0.000000,0.000,0.000,AP
2026-05-15 07:21:02,1900-01-00 00:00:00,,9C:2F:9D:82:20:A3,-19,,0.000000,0.000000,0.000,0.000,Client
2026-05-15 07:21:02,1900-01-00 00:00:00,dlink-615_EXT,40:86:CB:27:D2:0C,-17, WPA2 ,0.000000,0.000000,0.000,0.000,AP
2026-05-15 07:21:02,1900-01-00 00:00:00,,9C:2F:9D:82:20:A3,-17,,0.000000,0.000000,0.000,0.000,Client
2026-05-15 07:21:02,1900-01-00 00:00:00,dlink-615_EXT,40:86:CB:27:D2:0C,-17, WPA2 ,0.000000,0.000000,0.000,0.000,AP
2026-05-15 07:21:02,1900-01-00 00:00:00,,9C:2F:9D:82:20:A3,-17,,0.000000,0.000000,0.000,0.000,Client
2026-05-15 07:21:02,1900-01-00 00:00:00,dlink-615_EXT,40:86:CB:27:D2:0C,-17, WPA2 ,0.000000,0.000000,0.000,0.000,AP
2026-05-15 07:21:02,1900-01-00 00:00:00,,9C:2F:9D:82:20:A3,-17,,0.000000,0.000000,0.000,0.000,Client
2026-05-15 07:21:02,1900-01-00 00:00:00,dlink-615_EXT,40:86:CB:27:D2:0C,-17, WPA2 ,0.000000,0.000000,0.000,0.000,AP
2026-05-15 07:21:02,1900-01-00 00:00:00,,9C:2F:9D:82:20:A3,-17,,0.000000,0.000000,0.000,0.000,Client
2026-05-15 07:21:02,1900-01-00 00:00:00,dlink-615_EXT,40:86:CB:27:D2:0C,-17, WPA2 ,0.000000,0.000000,0.000,0.000,AP
2026-05-15 07:21:02,1900-01-00 00:00:00,,9C:2F:9D:82:20:A3,-17,,0.000000,0.000000,0.000,0.000,Client
2026-05-15 07:21:02,1900-01-00 00:00:00,dlink-615_EXT,40:86:CB:27:D2:0C,-17, WPA2 ,0.000000,0.000000,0.000,0.000,AP
2026-05-15 07:21:02,1900-01-00 00:00:00,,9C:2F:9D:82:20:A3,-17,,0.000000,0.000000,0.000,0.000,Client
2026-05-15 07:21:02,1900-01-00 00:00:00,dlink-615_EXT,40:86:CB:27:D2:0C,-17, WPA2 ,0.000000,0.000000,0.000,0.000,AP
2026-05-15 07:21:02,1900-01-00 00:00:00,,9C:2F:9D:82:20:A3,-17,,0.000000,0.000000,0.000,0.000,Client
2026-05-15 07:21:02,1900-01-00 00:00:00,dlink-615_EXT,40:86:CB:27:D2:0C,-17, WPA2 ,0.000000,0.000000,0.000,0.000,AP
2026-05-15 07:21:02,1900-01-00 00:00:00,,9C:2F:9D:82:20:A3,-17,,0.000000,0.000000,0.000,0.000,Client
2026-05-15 07:21:02,1900-01-00 00:00:00,dlink-615_EXT,40:86:CB:27:D2:0C,-17, WPA2 ,0.000000,0.000000,0.000,0.000,AP
2026-05-15 07:21:02,1900-01-00 00:00:00,,9C:2F:9D:82:20:A3,-17,,0.000000,0.000000,0.000,0.000,Client
2026-05-15 07:21:02,1900-01-00 00:00:00,dlink-615_EXT,40:86:CB:27:D2:0C,-17, WPA2 ,0.000000,0.000000,0.000,0.000,AP
2026-05-15 07:21:02,1900-01-00 00:00:00,,9C:2F:9D:82:20:A3,-17,,0.000000,0.000000,0.000,0.000,Client
2026-05-15 07:21:02,1900-01-00 00:00:00,dlink-615_EXT,40:86:CB:27:D2:0C,-17, WPA2 ,0.000000,0.000000,0.000,0.000,AP
2026-05-15 07:21:02,1900-01-00 00:00:00,,9C:2F:9D:82:20:A3,-17,,0.000000,0.000000,0.000,0.000,Client
2026-05-15 07:21:02,1900-01-00 00:00:00,dlink-615_EXT,40:86:CB:27:D2:0C,-17, WPA2 ,0.000000,0.000000,0.000,0.000,AP
2026-05-15 07:21:02,1900-01-00 00:00:00,,9C:2F:9D:82:20:A3,-17,,0.000000,0.000000,0.000,0.000,Client
2026-05-15 07:21:02,1900-01-00 00:00:00,dlink-615_EXT,40:86:CB:27:D2:0C,-17, WPA2 ,0.000000,0.000000,0.000,0.000,AP
2026-05-15 07:21:02,1900-01-00 00:00:00,,9C:2F:9D:82:20:A3,-17,,0.000000,0.000000,0.000,0.000,Client
2026-05-15 07:21:02,1900-01-00 00:00:00,dlink-615_EXT,40:86:CB:27:D2:0C,-17, WPA2 ,0.000000,0.000000,0.000,0.000,AP
2026-05-15 07:21:02,1900-01-00 00:00:00,,9C:2F:9D:82:20:A3,-17,,0.000000,0.000000,0.000,0.000,Client
2026-05-15 07:21:02,1900-01-00 00:00:00,dlink-615_EXT,40:86:CB:27:D2:0C,-17, WPA2 ,0.000000,0.000000,0.000,0.000,AP
2026-05-15 07:21:02,1900-01-00 00:00:00,,9C:2F:9D:82:20:A3,-17,,0.000000,0.000000,0.000,0.000,Client
2026-05-15 07:21:02,1900-01-00 00:00:00,dlink-615_EXT,40:86:CB:27:D2:0C,-17, WPA2 ,0.000000,0.000000,0.000,0.000,AP
2026-05-15 07:21:02,1900-01-00 00:00:00,,9C:2F:9D:82:20:A3,-17,,0.000000,0.000000,0.000,0.000,Client
2026-05-15 07:21:02,1900-01-00 00:00:00,dlink-615_EXT,40:86:CB:27:D2:0C,-17, WPA2 ,0.000000,0.000000,0.000,0.000,AP
2026-05-15 07:21:02,1900-01-00 00:00:00,,9C:2F:9D:82:20:A3,-17,,0.000000,0.000000,0.000,0.000,Client
2026-05-15 07:21:02,1900-01-00 00:00:00,dlink-615_EXT,40:86:CB:27:D2:0C,-17, WPA2 ,0.000000,0.000000,0.000,0.000,AP
2026-05-15 07:21:02,1900-01-00 00:00:00,,9C:2F:9D:82:20:A3,-17,,0.000000,0.000000,0.000,0.000,Client
2026-05-15 07:21:02,1900-01-00 00:00:00,dlink-615_EXT,40:86:CB:27:D2:0C,-17, WPA2 ,0.000000,0.000000,0.000,0.000,AP
2026-05-15 07:21:02,1900-01-00 00:00:00,,9C:2F:9D:82:20:A3,-17,,0.000000,0.000000,0.000,0.000,Client
2026-05-15 07:21:02,1900-01-00 00:00:00,dlink-615_EXT,40:86:CB:27:D2:0C,-17, WPA2 ,0.000000,0.000000,0.000,0.000,AP
2026-05-15 07:21:02,1900-01-00 00:00:00,,9C:2F:9D:82:20:A3,-17,,0.000000,0.000000,0.000,0.000,Client
2026-05-15 07:21:02,1900-01-00 00:00:00,dlink-615_EXT,40:86:CB:27:D2:0C,-17, WPA2 ,0.000000,0.000000,0.000,0.000,AP
2026-05-15 07:21:02,1900-01-00 00:00:00,,9C:2F:9D:82:20:A3,-17,,0.000000,0.000000,0.000,0.000,Client
2026-05-15 07:21:02,1900-01-00 00:00:00,dlink-615_EXT,40:86:CB:27:D2:0C,-17, WPA2 ,0.000000,0.000000,0.000,0.000,AP
2026-05-15 07:21:02,1900-01-00 00:00:00,,9C:2F:9D:82:20:A3,-17,,0.000000,0.000000,0.000,0.000,Client
2026-05-15 07:21:02,1900-01-00 00:00:00,dlink-615_EXT,40:86:CB:27:D2:0C,-17, WPA2 ,0.000000,0.000000,0.000,0.000,AP
2026-05-15 07:21:02,1900-01-00 00:00:00,,9C:2F:9D:82:20:A3,-17,,0.000000,0.000000,0.000,0.000,Client
2026-05-15 07:21:02,1900-01-00 00:00:00,dlink-615_EXT,40:86:CB:27:D2:0C,-17, WPA2 ,0.000000,0.000000,0.000,0.000,AP
2026-05-15 07:21:02,1900-01-00 00:00:00,,9C:2F:9D:82:20:A3,-17,,0.000000,0.000000,0.000,0.000,Client
2026-05-15 07:21:02,1900-01-00 00:00:00,dlink-615_EXT,40:86:CB:27:D2:0C,-17, WPA2 ,0.000000,0.000000,0.000,0.000,AP
2026-05-15 07:21:02,1900-01-00 00:00:00,,9C:2F:9D:82:20:A3,-17,,0.000000,0.000000,0.000,0.000,Client
2026-05-15 07:21:02,1900-01-00 00:00:00,dlink-615_EXT,40:86:CB:27:D2:0C,-17, WPA2 ,0.000000,0.000000,0.000,0.000,AP
2026-05-15 07:21:02,1900-01-00 00:00:00,,9C:2F:9D:82:20:A3,-17,,0.000000,0.000000,0.000,0.000,Client
2026-05-15 07:21:02,1900-01-00 00:00:00,dlink-615_EXT,40:86:CB:27:D2:0C,-17, WPA2 ,0.000000,0.000000,0.000,0.000,AP
2026-05-15 07:21:02,1900-01-00 00:00:00,,9C:2F:9D:82:20:A3,-17,,0.000000,0.000000,0.000,0.000,Client
2026-05-15 07:21:02,1900-01-00 00:00:00,dlink-615_EXT,40:86:CB:27:D2:0C,-17, WPA2 ,0.000000,0.000000,0.000,0.000,AP
2026-05-15 07:21:02,1900-01-00 00:00:00,,9C:2F:9D:82:20:A3,-17,,0.000000,0.000000,0.000,0.000,Client
2026-05-15 07:21:02,1900-01-00 00:00:00,dlink-615_EXT,40:86:CB:27:D2:0C,-17, WPA2 ,0.000000,0.000000,0.000,0.000,AP
2026-05-15 07:21:02,1900-01-00 00:00:00,,9C:2F:9D:82:20:A3,-17,,0.000000,0.000000,0.000,0.000,Client
2026-05-15 07:21:02,1900-01-00 00:00:00,dlink-615_EXT,40:86:CB:27:D2:0C,-17, WPA2 ,0.000000,0.000000,0.000,0.000,AP
2026-05-15 07:21:02,1900-01-00 00:00:00,,9C:2F:9D:82:20:A3,-17,,0.000000,0.000000,0.000,0.000,Client
2026-05-15 07:21:02,1900-01-00 00:00:00,dlink-615_EXT,40:86:CB:27:D2:0C,-17, WPA2 ,0.000000,0.000000,0.000,0.000,AP
2026-05-15 07:21:02,1900-01-00 00:00:00,,9C:2F:9D:82:20:A3,-17,,0.000000,0.000000,0.000,0.000,Client
2026-05-15 07:21:02,1900-01-00 00:00:00,dlink-615_EXT,40:86:CB:27:D2:0C,-17, WPA2 ,0.000000,0.000000,0.000,0.000,AP
2026-05-15 07:21:02,1900-01-00 00:00:00,,9C:2F:9D:82:20:A3,-17,,0.000000,0.000000,0.000,0.000,Client
2026-05-15 07:21:02,1900-01-00 00:00:00,dlink-615_EXT,40:86:CB:27:D2:0C,-17, WPA2 ,0.000000,0.000000,0.000,0.000,AP
2026-05-15 07:21:02,1900-01-00 00:00:00,,9C:2F:9D:82:20:A3,-17,,0.000000,0.000000,0.000,0.000,Client
2026-05-15 07:21:02,1900-01-00 00:00:00,dlink-615_EXT,40:86:CB:27:D2:0C,-17, WPA2 ,0.000000,0.000000,0.000,0.000,AP
2026-05-15 07:21:02,1900-01-00 00:00:00,,9C:2F:9D:82:20:A3,-17,,0.000000,0.000000,0.000,0.000,Client
2026-05-15 07:21:02,1900-01-00 00:00:00,dlink-615_EXT,40:86:CB:27:D2:0C,-17, WPA2 ,0.000000,0.000000,0.000,0.000,AP
2026-05-15 07:21:02,1900-01-00 00:00:00,,9C:2F:9D:82:20:A3,-17,,0.000000,0.000000,0.000,0.000,Client
2026-05-15 07:21:02,1900-01-00 00:00:00,dlink-615_EXT,40:86:CB:27:D2:0C,-17, WPA2 ,0.000000,0.000000,0.000,0.000,AP
2026-05-15 07:21:02,1900-01-00 00:00:00,,9C:2F:9D:82:20:A3,-17,,0.000000,0.000000,0.000,0.000,Client
2026-05-15 07:21:02,1900-01-00 00:00:00,dlink-615_EXT,40:86:CB:27:D2:0C,-17, WPA2 ,0.000000,0.000000,0.000,0.000,AP
2026-05-15 07:21:02,1900-01-00 00:00:00,,9C:2F:9D:82:20:A3,-17,,0.000000,0.000000,0.000,0.000,Client
2026-05-15 07:21:02,1900-01-00 00:00:00,dlink-615_EXT,40:86:CB:27:D2:0C,-17, WPA2 ,0.000000,0.000000,0.000,0.000,AP
2026-05-15 07:21:02,1900-01-00 00:00:00,,9C:2F:9D:82:20:A3,-17,,0.000000,0.000000,0.000,0.000,Client
2026-05-15 07:21:02,1900-01-00 00:00:00,dlink-615_EXT,40:86:CB:27:D2:0C,-17, WPA2 ,0.000000,0.000000,0.000,0.000,AP
2026-05-15 07:21:02,1900-01-00 00:00:00,,9C:2F:9D:82:20:A3,-17,,0.000000,0.000000,0.000,0.000,Client
2026-05-15 07:21:02,1900-01-00 00:00:00,dlink-615_EXT,40:86:CB:27:D2:0C,-17, WPA2 ,0.000000,0.000000,0.000,0.000,AP
2026-05-15 07:21:02,1900-01-00 00:00:00,,9C:2F:9D:82:20:A3,-17,,0.000000,0.000000,0.000,0.000,Client
2026-05-15 07:21:02,1900-01-00 00:00:00,dlink-615_EXT,40:86:CB:27:D2:0C,-17, WPA2 ,0.000000,0.000000,0.000,0.000,AP
2026-05-15 07:21:02,1900-01-00 00:00:00,,9C:2F:9D:82:20:A3,-17,,0.000000,0.000000,0.000,0.000,Client
2026-05-15 07:21:02,1900-01-00 00:00:00,dlink-615_EXT,40:86:CB:27:D2:0C,-17, WPA2 ,0.000000,0.000000,0.000,0.000,AP
2026-05-15 07:21:02,1900-01-00 00:00:00,,9C:2F:9D:82:20:A3,-17,,0.000000,0.000000,0.000,0.000,Client
2026-05-15 07:21:02,1900-01-00 00:00:00,dlink-615_EXT,40:86:CB:27:D2:0C,-17, WPA2 ,0.000000,0.000000,0.000,0.000,AP
2026-05-15 07:21:02,1900-01-00 00:00:00,,9C:2F:9D:82:20:A3,-17,,0.000000,0.000000,0.000,0.000,Client
2026-05-15 07:21:02,1900-01-00 00:00:00,dlink-615_EXT,40:86:CB:27:D2:0C,-17, WPA2 ,0.000000,0.000000,0.000,0.000,AP
2026-05-15 07:21:02,1900-01-00 00:00:00,,9C:2F:9D:82:20:A3,-17,,0.000000,0.000000,0.000,0.000,Client
2026-05-15 07:21:02,1900-01-00 00:00:00,dlink-615_EXT,40:86:CB:27:D2:0C,-17, WPA2 ,0.000000,0.000000,0.000,0.000,AP
2026-05-15 07:21:02,1900-01-00 00:00:00,,9C:2F:9D:82:20:A3,-17,,0.000000,0.000000,0.000,0.000,Client
2026-05-15 07:21:02,1900-01-00 00:00:00,dlink-615_EXT,40:86:CB:27:D2:0C,-17, WPA2 ,0.000000,0.000000,0.000,0.000,AP
2026-05-15 07:21:02,1900-01-00 00:00:00,,9C:2F:9D:82:20:A3,-17,,0.000000,0.000000,0.000,0.000,Client
2026-05-15 07:21:02,1900-01-00 00:00:00,dlink-615_EXT,40:86:CB:27:D2:0C,-17, WPA2 ,0.000000,0.000000,0.000,0.000,AP
2026-05-15 07:21:02,1900-01-00 00:00:00,,9C:2F:9D:82:20:A3,-17,,0.000000,0.000000,0.000,0.000,Client
2026-05-15 07:21:02,1900-01-00 00:00:00,dlink-615_EXT,40:86:CB:27:D2:0C,-17, WPA2 ,0.000000,0.000000,0.000,0.000,AP
2026-05-15 07:21:02,1900-01-00 00:00:00,,9C:2F:9D:82:20:A3,-17,,0.000000,0.000000,0.000,0.000,Client
2026-05-15 07:21:02,1900-01-00 00:00:00,dlink-615_EXT,40:86:CB:27:D2:0C,-17, WPA2 ,0.000000,0.000000,0.000,0.000,AP
2026-05-15 07:21:02,1900-01-00 00:00:00,,9C:2F:9D:82:20:A3,-17,,0.000000,0.000000,0.000,0.000,Client
2026-05-15 07:21:02,1900-01-00 00:00:00,dlink-615_EXT,40:86:CB:27:D2:0C,-17, WPA2 ,0.000000,0.000000,0.000,0.000,AP
2026-05-15 07:21:02,1900-01-00 00:00:00,,9C:2F:9D:82:20:A3,-17,,0.000000,0.000000,0.000,0.000,Client
2026-05-15 07:21:02,1900-01-00 00:00:00,dlink-615_EXT,40:86:CB:27:D2:0C,-17, WPA2 ,0.000000,0.000000,0.000,0.000,AP
2026-05-15 07:21:02,1900-01-00 00:00:00,,9C:2F:9D:82:20:A3,-15,,0.000000,0.000000,0.000,0.000,Client
2026-05-15 07:21:02,1900-01-00 00:00:00,dlink-615_EXT,40:86:CB:27:D2:0C,-17, WPA2 ,0.000000,0.000000,0.000,0.000,AP
2026-05-15 07:21:02,1900-01-00 00:00:00,,9C:2F:9D:82:20:A3,-17,,0.000000,0.000000,0.000,0.000,Client
2026-05-15 07:21:02,1900-01-00 00:00:00,dlink-615_EXT,40:86:CB:27:D2:0C,-17, WPA2 ,0.000000,0.000000,0.000,0.000,AP
2026-05-15 07:21:02,1900-01-00 00:00:00,,9C:2F:9D:82:20:A3,-17,,0.000000,0.000000,0.000,0.000,Client
2026-05-15 07:21:02,1900-01-00 00:00:00,dlink-615_EXT,40:86:CB:27:D2:0C,-17, WPA2 ,0.000000,0.000000,0.000,0.000,AP
2026-05-15 07:21:02,1900-01-00 00:00:00,,9C:2F:9D:82:20:A3,-19,,0.000000,0.000000,0.000,0.000,Client
2026-05-15 07:21:02,1900-01-00 00:00:00,dlink-615_EXT,40:86:CB:27:D2:0C,-17, WPA2 ,0.000000,0.000000,0.000,0.000,AP
2026-05-15 07:21:02,1900-01-00 00:00:00,,9C:2F:9D:82:20:A3,-17,,0.000000,0.000000,0.000,0.000,Client
2026-05-15 07:21:02,1900-01-00 00:00:00,dlink-615_EXT,40:86:CB:27:D2:0C,-17, WPA2 ,0.000000,0.000000,0.000,0.000,AP
2026-05-15 07:21:02,1900-01-00 00:00:00,,9C:2F:9D:82:20:A3,-17,,0.000000,0.000000,0.000,0.000,Client
2026-05-15 07:21:02,1900-01-00 00:00:00,dlink-615_EXT,40:86:CB:27:D2:0C,-17, WPA2 ,0.000000,0.000000,0.000,0.000,AP
2026-05-15 07:21:02,1900-01-00 00:00:00,,9C:2F:9D:82:20:A3,-17,,0.000000,0.000000,0.000,0.000,Client
2026-05-15 07:21:02,1900-01-00 00:00:00,dlink-615_EXT,40:86:CB:27:D2:0C,-19, WPA2 ,0.000000,0.000000,0.000,0.000,AP
2026-05-15 07:21:02,1900-01-00 00:00:00,,9C:2F:9D:82:20:A3,-19,,0.000000,0.000000,0.000,0.000,Client
2026-05-15 07:21:02,1900-01-00 00:00:00,dlink-615_EXT,40:86:CB:27:D2:0C,-19, WPA2 ,0.000000,0.000000,0.000,0.000,AP
2026-05-15 07:21:02,1900-01-00 00:00:00,,9C:2F:9D:82:20:A3,-19,,0.000000,0.000000,0.000,0.000,Client
2026-05-15 07:21:02,1900-01-00 00:00:00,dlink-615_EXT,40:86:CB:27:D2:0C,-19, WPA2 ,0.000000,0.000000,0.000,0.000,AP
2026-05-15 07:21:02,1900-01-00 00:00:00,,9C:2F:9D:82:20:A3,-19,,0.000000,0.000000,0.000,0.000,Client
2026-05-15 07:21:02,1900-01-00 00:00:00,dlink-615_EXT,40:86:CB:27:D2:0C,-19, WPA2 ,0.000000,0.000000,0.000,0.000,AP
2026-05-15 07:21:02,1900-01-00 00:00:00,,9C:2F:9D:82:20:A3,-19,,0.000000,0.000000,0.000,0.000,Client
2026-05-15 07:21:02,1900-01-00 00:00:00,dlink-615_EXT,40:86:CB:27:D2:0C,-19, WPA2 ,0.000000,0.000000,0.000,0.000,AP
2026-05-15 07:21:02,1900-01-00 00:00:00,,9C:2F:9D:82:20:A3,-19,,0.000000,0.000000,0.000,0.000,Client
2026-05-15 07:21:02,1900-01-00 00:00:00,dlink-615_EXT,40:86:CB:27:D2:0C,-17, WPA2 ,0.000000,0.000000,0.000,0.000,AP
2026-05-15 07:21:02,1900-01-00 00:00:00,,9C:2F:9D:82:20:A3,-17,,0.000000,0.000000,0.000,0.000,Client
2026-05-15 07:21:02,1900-01-00 00:00:00,dlink-615_EXT,40:86:CB:27:D2:0C,-17, WPA2 ,0.000000,0.000000,0.000,0.000,AP
2026-05-15 07:21:02,1900-01-00 00:00:00,,9C:2F:9D:82:20:A3,-17,,0.000000,0.000000,0.000,0.000,Client
2026-05-15 07:21:02,1900-01-00 00:00:00,dlink-615_EXT,40:86:CB:27:D2:0C,-17, WPA2 ,0.000000,0.000000,0.000,0.000,AP
2026-05-15 07:21:02,1900-01-00 00:00:00,,9C:2F:9D:82:20:A3,-17,,0.000000,0.000000,0.000,0.000,Client
2026-05-15 07:21:02,1900-01-00 00:00:00,dlink-615_EXT,40:86:CB:27:D2:0C,-17, WPA2 ,0.000000,0.000000,0.000,0.000,AP
2026-05-15 07:21:02,1900-01-00 00:00:00,,9C:2F:9D:82:20:A3,-17,,0.000000,0.000000,0.000,0.000,Client
2026-05-15 07:21:02,1900-01-00 00:00:00,dlink-615_EXT,40:86:CB:27:D2:0C,-17, WPA2 ,0.000000,0.000000,0.000,0.000,AP
2026-05-15 07:21:02,1900-01-00 00:00:00,,9C:2F:9D:82:20:A3,-17,,0.000000,0.000000,0.000,0.000,Client
2026-05-15 07:21:02,1900-01-00 00:00:00,dlink-615_EXT,40:86:CB:27:D2:0C,-17, WPA2 ,0.000000,0.000000,0.000,0.000,AP
2026-05-15 07:21:02,1900-01-00 00:00:00,,9C:2F:9D:82:20:A3,-17,,0.000000,0.000000,0.000,0.000,Client
2026-05-15 07:21:02,1900-01-00 00:00:00,dlink-615_EXT,40:86:CB:27:D2:0C,-17, WPA2 ,0.000000,0.000000,0.000,0.000,AP
2026-05-15 07:21:02,1900-01-00 00:00:00,,9C:2F:9D:82:20:A3,-17,,0.000000,0.000000,0.000,0.000,Client
2026-05-15 07:21:02,1900-01-00 00:00:00,dlink-615_EXT,40:86:CB:27:D2:0C,-17, WPA2 ,0.000000,0.000000,0.000,0.000,AP
2026-05-15 07:21:02,1900-01-00 00:00:00,,9C:2F:9D:82:20:A3,-17,,0.000000,0.000000,0.000,0.000,Client
2026-05-15 07:21:02,1900-01-00 00:00:00,dlink-615_EXT,40:86:CB:27:D2:0C,-17, WPA2 ,0.000000,0.000000,0.000,0.000,AP
2026-05-15 07:21:02,1900-01-00 00:00:00,,9C:2F:9D:82:20:A3,-17,,0.000000,0.000000,0.000,0.000,Client
2026-05-15 07:21:02,1900-01-00 00:00:00,dlink-615_EXT,40:86:CB:27:D2:0C,-17, WPA2 ,0.000000,0.000000,0.000,0.000,AP
2026-05-15 07:21:02,1900-01-00 00:00:00,,9C:2F:9D:82:20:A3,-17,,0.000000,0.000000,0.000,0.000,Client
2026-05-15 07:21:02,1900-01-00 00:00:00,dlink-615_EXT,40:86:CB:27:D2:0C,-17, WPA2 ,0.000000,0.000000,0.000,0.000,AP
2026-05-15 07:21:02,1900-01-00 00:00:00,,9C:2F:9D:82:20:A3,-17,,0.000000,0.000000,0.000,0.000,Client
2026-05-15 07:21:02,1900-01-00 00:00:00,dlink-615_EXT,40:86:CB:27:D2:0C,-17, WPA2 ,0.000000,0.000000,0.000,0.000,AP
2026-05-15 07:21:02,1900-01-00 00:00:00,,9C:2F:9D:82:20:A3,-17,,0.000000,0.000000,0.000,0.000,Client
2026-05-15 07:21:02,1900-01-00 00:00:00,dlink-615_EXT,40:86:CB:27:D2:0C,-17, WPA2 ,0.000000,0.000000,0.000,0.000,AP
2026-05-15 07:21:02,1900-01-00 00:00:00,,9C:2F:9D:82:20:A3,-17,,0.000000,0.000000,0.000,0.000,Client
2026-05-15 07:21:02,1900-01-00 00:00:00,dlink-615_EXT,40:86:CB:27:D2:0C,-17, WPA2 ,0.000000,0.000000,0.000,0.000,AP
2026-05-15 07:21:02,1900-01-00 00:00:00,,9C:2F:9D:82:20:A3,-17,,0.000000,0.000000,0.000,0.000,Client
2026-05-15 07:21:02,1900-01-00 00:00:00,dlink-615_EXT,40:86:CB:27:D2:0C,-17, WPA2 ,0.000000,0.000000,0.000,0.000,AP
2026-05-15 07:21:02,1900-01-00 00:00:00,,9C:2F:9D:82:20:A3,-17,,0.000000,0.000000,0.000,0.000,Client
2026-05-15 07:21:02,1900-01-00 00:00:00,dlink-615_EXT,40:86:CB:27:D2:0C,-17, WPA2 ,0.000000,0.000000,0.000,0.000,AP
2026-05-15 07:21:02,1900-01-00 00:00:00,,9C:2F:9D:82:20:A3,-17,,0.000000,0.000000,0.000,0.000,Client
2026-05-15 07:21:02,1900-01-00 00:00:00,dlink-615_EXT,40:86:CB:27:D2:0C,-17, WPA2 ,0.000000,0.000000,0.000,0.000,AP
2026-05-15 07:21:02,1900-01-00 00:00:00,,9C:2F:9D:82:20:A3,-17,,0.000000,0.000000,0.000,0.000,Client
2026-05-15 07:21:02,1900-01-00 00:00:00,dlink-615_EXT,40:86:CB:27:D2:0C,-17, WPA2 ,0.000000,0.000000,0.000,0.000,AP
2026-05-15 07:21:02,1900-01-00 00:00:00,,9C:2F:9D:82:20:A3,-17,,0.000000,0.000000,0.000,0.000,Client
2026-05-15 07:21:02,1900-01-00 00:00:00,dlink-615_EXT,40:86:CB:27:D2:0C,-17, WPA2 ,0.000000,0.000000,0.000,0.000,AP
2026-05-15 07:21:02,1900-01-00 00:00:00,,9C:2F:9D:82:20:A3,-17,,0.000000,0.000000,0.000,0.000,Client
2026-05-15 07:21:02,1900-01-00 00:00:00,dlink-615_EXT,40:86:CB:27:D2:0C,-17, WPA2 ,0.000000,0.000000,0.000,0.000,AP
2026-05-15 07:21:02,1900-01-00 00:00:00,,9C:2F:9D:82:20:A3,-17,,0.000000,0.000000,0.000,0.000,Client
2026-05-15 07:21:02,1900-01-00 00:00:00,dlink-615_EXT,40:86:CB:27:D2:0C,-17, WPA2 ,0.000000,0.000000,0.000,0.000,AP
2026-05-15 07:21:02,1900-01-00 00:00:00,,9C:2F:9D:82:20:A3,-17,,0.000000,0.000000,0.000,0.000,Client
2026-05-15 07:21:02,1900-01-00 00:00:00,dlink-615_EXT,40:86:CB:27:D2:0C,-17, WPA2 ,0.000000,0.000000,0.000,0.000,AP
2026-05-15 07:21:02,1900-01-00 00:00:00,,9C:2F:9D:82:20:A3,-17,,0.000000,0.000000,0.000,0.000,Client
2026-05-15 07:21:02,1900-01-00 00:00:00,dlink-615_EXT,40:86:CB:27:D2:0C,-17, WPA2 ,0.000000,0.000000,0.000,0.000,AP
2026-05-15 07:21:02,1900-01-00 00:00:00,,9C:2F:9D:82:20:A3,-17,,0.000000,0.000000,0.000,0.000,Client
2026-05-15 07:21:02,1900-01-00 00:00:00,dlink-615_EXT,40:86:CB:27:D2:0C,-17, WPA2 ,0.000000,0.000000,0.000,0.000,AP
2026-05-15 07:21:02,1900-01-00 00:00:00,,9C:2F:9D:82:20:A3,-17,,0.000000,0.000000,0.000,0.000,Client
2026-05-15 07:21:02,1900-01-00 00:00:00,dlink-615_EXT,40:86:CB:27:D2:0C,-17, WPA2 ,0.000000,0.000000,0.000,0.000,AP
2026-05-15 07:21:02,1900-01-00 00:00:00,,9C:2F:9D:82:20:A3,-17,,0.000000,0.000000,0.000,0.000,Client
2026-05-15 07:21:02,1900-01-00 00:00:00,dlink-615_EXT,40:86:CB:27:D2:0C,-17, WPA2 ,0.000000,0.000000,0.000,0.000,AP
2026-05-15 07:21:02,1900-01-00 00:00:00,,9C:2F:9D:82:20:A3,-17,,0.000000,0.000000,0.000,0.000,Client
2026-05-15 07:21:02,1900-01-00 00:00:00,dlink-615_EXT,40:86:CB:27:D2:0C,-17, WPA2 ,0.000000,0.000000,0.000,0.000,AP
2026-05-15 07:21:02,1900-01-00 00:00:00,,9C:2F:9D:82:20:A3,-17,,0.000000,0.000000,0.000,0.000,Client
2026-05-15 07:21:02,1900-01-00 00:00:00,dlink-615_EXT,40:86:CB:27:D2:0C,-17, WPA2 ,0.000000,0.000000,0.000,0.000,AP
2026-05-15 07:21:02,1900-01-00 00:00:00,,9C:2F:9D:82:20:A3,-17,,0.000000,0.000000,0.000,0.000,Client
2026-05-15 07:21:02,1900-01-00 00:00:00,dlink-615_EXT,40:86:CB:27:D2:0C,-17, WPA2 ,0.000000,0.000000,0.000,0.000,AP
2026-05-15 07:21:02,1900-01-00 00:00:00,,9C:2F:9D:82:20:A3,-17,,0.000000,0.000000,0.000,0.000,Client
2026-05-15 07:21:02,1900-01-00 00:00:00,dlink-615_EXT,40:86:CB:27:D2:0C,-17, WPA2 ,0.000000,0.000000,0.000,0.000,AP
2026-05-15 07:21:02,1900-01-00 00:00:00,,9C:2F:9D:82:20:A3,-17,,0.000000,0.000000,0.000,0.000,Client
2026-05-15 07:21:02,1900-01-00 00:00:00,dlink-615_EXT,40:86:CB:27:D2:0C,-17, WPA2 ,0.000000,0.000000,0.000,0.000,AP
2026-05-15 07:21:02,1900-01-00 00:00:00,,9C:2F:9D:82:20:A3,-17,,0.000000,0.000000,0.000,0.000,Client
2026-05-15 07:21:02,1900-01-00 00:00:00,dlink-615_EXT,40:86:CB:27:D2:0C,-17, WPA2 ,0.000000,0.000000,0.000,0.000,AP
2026-05-15 07:21:02,1900-01-00 00:00:00,,9C:2F:9D:82:20:A3,-17,,0.000000,0.000000,0.000,0.000,Client
2026-05-15 07:21:02,1900-01-00 00:00:00,dlink-615_EXT,40:86:CB:27:D2:0C,-17, WPA2 ,0.000000,0.000000,0.000,0.000,AP
2026-05-15 07:21:02,1900-01-00 00:00:00,,9C:2F:9D:82:20:A3,-17,,0.000000,0.000000,0.000,0.000,Client
2026-05-15 07:21:02,1900-01-00 00:00:00,dlink-615_EXT,40:86:CB:27:D2:0C,-17, WPA2 ,0.000000,0.000000,0.000,0.000,AP
2026-05-15 07:21:02,1900-01-00 00:00:00,,9C:2F:9D:82:20:A3,-17,,0.000000,0.000000,0.000,0.000,Client
2026-05-15 07:21:02,1900-01-00 00:00:00,dlink-615_EXT,40:86:CB:27:D2:0C,-17, WPA2 ,0.000000,0.000000,0.000,0.000,AP
2026-05-15 07:21:02,1900-01-00 00:00:00,,9C:2F:9D:82:20:A3,-17,,0.000000,0.000000,0.000,0.000,Client
2026-05-15 07:21:02,1900-01-00 00:00:00,dlink-615_EXT,40:86:CB:27:D2:0C,-17, WPA2 ,0.000000,0.000000,0.000,0.000,AP
2026-05-15 07:21:02,1900-01-00 00:00:00,,9C:2F:9D:82:20:A3,-17,,0.000000,0.000000,0.000,0.000,Client
2026-05-15 07:21:02,1900-01-00 00:00:00,dlink-615_EXT,40:86:CB:27:D2:0C,-17, WPA2 ,0.000000,0.000000,0.000,0.000,AP
2026-05-15 07:21:02,1900-01-00 00:00:00,,9C:2F:9D:82:20:A3,-17,,0.000000,0.000000,0.000,0.000,Client
2026-05-15 07:21:02,1900-01-00 00:00:00,dlink-615_EXT,40:86:CB:27:D2:0C,-17, WPA2 ,0.000000,0.000000,0.000,0.000,AP
2026-05-15 07:21:02,1900-01-00 00:00:00,,9C:2F:9D:82:20:A3,-17,,0.000000,0.000000,0.000,0.000,Client
2026-05-15 07:21:02,1900-01-00 00:00:00,dlink-615_EXT,40:86:CB:27:D2:0C,-17, WPA2 ,0.000000,0.000000,0.000,0.000,AP
2026-05-15 07:21:02,1900-01-00 00:00:00,,9C:2F:9D:82:20:A3,-17,,0.000000,0.000000,0.000,0.000,Client
2026-05-15 07:21:02,1900-01-00 00:00:00,dlink-615_EXT,40:86:CB:27:D2:0C,-17, WPA2 ,0.000000,0.000000,0.000,0.000,AP
2026-05-15 07:21:02,1900-01-00 00:00:00,,9C:2F:9D:82:20:A3,-17,,0.000000,0.000000,0.000,0.000,Client
2026-05-15 07:21:02,1900-01-00 00:00:00,dlink-615_EXT,40:86:CB:27:D2:0C,-17, WPA2 ,0.000000,0.000000,0.000,0.000,AP
2026-05-15 07:21:02,1900-01-00 00:00:00,,9C:2F:9D:82:20:A3,-17,,0.000000,0.000000,0.000,0.000,Client
2026-05-15 07:21:02,1900-01-00 00:00:00,dlink-615_EXT,40:86:CB:27:D2:0C,-17, WPA2 ,0.000000,0.000000,0.000,0.000,AP
2026-05-15 07:21:02,1900-01-00 00:00:00,,9C:2F:9D:82:20:A3,-17,,0.000000,0.000000,0.000,0.000,Client
2026-05-15 07:21:02,1900-01-00 00:00:00,dlink-615_EXT,40:86:CB:27:D2:0C,-17, WPA2 ,0.000000,0.000000,0.000,0.000,AP
2026-05-15 07:21:02,1900-01-00 00:00:00,,9C:2F:9D:82:20:A3,-17,,0.000000,0.000000,0.000,0.000,Client
2026-05-15 07:21:02,1900-01-00 00:00:00,dlink-615_EXT,40:86:CB:27:D2:0C,-17, WPA2 ,0.000000,0.000000,0.000,0.000,AP
2026-05-15 07:21:02,1900-01-00 00:00:00,,9C:2F:9D:82:20:A3,-17,,0.000000,0.000000,0.000,0.000,Client
2026-05-15 07:21:02,1900-01-00 00:00:00,dlink-615_EXT,40:86:CB:27:D2:0C,-17, WPA2 ,0.000000,0.000000,0.000,0.000,AP
2026-05-15 07:21:02,1900-01-00 00:00:00,,9C:2F:9D:82:20:A3,-17,,0.000000,0.000000,0.000,0.000,Client
2026-05-15 07:21:02,1900-01-00 00:00:00,dlink-615_EXT,40:86:CB:27:D2:0C,-17, WPA2 ,0.000000,0.000000,0.000,0.000,AP
2026-05-15 07:21:02,1900-01-00 00:00:00,,9C:2F:9D:82:20:A3,-17,,0.000000,0.000000,0.000,0.000,Client
2026-05-15 07:21:02,1900-01-00 00:00:00,dlink-615_EXT,40:86:CB:27:D2:0C,-17, WPA2 ,0.000000,0.000000,0.000,0.000,AP
2026-05-15 07:21:02,1900-01-00 00:00:00,,9C:2F:9D:82:20:A3,-17,,0.000000,0.000000,0.000,0.000,Client
2026-05-15 07:21:02,1900-01-00 00:00:00,dlink-615_EXT,40:86:CB:27:D2:0C,-17, WPA2 ,0.000000,0.000000,0.000,0.000,AP
2026-05-15 07:21:02,1900-01-00 00:00:00,,9C:2F:9D:82:20:A3,-17,,0.000000,0.000000,0.000,0.000,Client
2026-05-15 07:21:02,1900-01-00 00:00:00,dlink-615_EXT,40:86:CB:27:D2:0C,-17, WPA2 ,0.000000,0.000000,0.000,0.000,AP
2026-05-15 07:21:02,1900-01-00 00:00:00,,9C:2F:9D:82:20:A3,-17,,0.000000,0.000000,0.000,0.000,Client
2026-05-15 07:21:02,1900-01-00 00:00:00,dlink-615_EXT,40:86:CB:27:D2:0C,-17, WPA2 ,0.000000,0.000000,0.000,0.000,AP
2026-05-15 07:21:02,1900-01-00 00:00:00,,9C:2F:9D:82:20:A3,-17,,0.000000,0.000000,0.000,0.000,Client
2026-05-15 07:21:03,1900-01-00 00:00:00,dlink-615_EXT,40:86:CB:27:D2:0C,-17, WPA2 ,0.000000,0.000000,0.000,0.000,AP
2026-05-15 07:21:03,1900-01-00 00:00:00,,9C:2F:9D:82:20:A3,-17,,0.000000,0.000000,0.000,0.000,Client
2026-05-15 07:21:03,1900-01-00 00:00:00,dlink-615_EXT,40:86:CB:27:D2:0C,-17, WPA2 ,0.000000,0.000000,0.000,0.000,AP
2026-05-15 07:21:03,1900-01-00 00:00:00,,9C:2F:9D:82:20:A3,-17,,0.000000,0.000000,0.000,0.000,Client
2026-05-15 07:21:03,1900-01-00 00:00:00,dlink-615_EXT,40:86:CB:27:D2:0C,-17, WPA2 ,0.000000,0.000000,0.000,0.000,AP
2026-05-15 07:21:03,1900-01-00 00:00:00,,9C:2F:9D:82:20:A3,-17,,0.000000,0.000000,0.000,0.000,Client
2026-05-15 07:21:03,1900-01-00 00:00:00,dlink-615_EXT,40:86:CB:27:D2:0C,-17, WPA2 ,0.000000,0.000000,0.000,0.000,AP
2026-05-15 07:21:03,1900-01-00 00:00:00,,9C:2F:9D:82:20:A3,-17,,0.000000,0.000000,0.000,0.000,Client
2026-05-15 07:21:03,1900-01-00 00:00:00,dlink-615_EXT,40:86:CB:27:D2:0C,-17, WPA2 ,0.000000,0.000000,0.000,0.000,AP
2026-05-15 07:21:03,1900-01-00 00:00:00,,9C:2F:9D:82:20:A3,-17,,0.000000,0.000000,0.000,0.000,Client
2026-05-15 07:21:03,1900-01-00 00:00:00,dlink-615_EXT,40:86:CB:27:D2:0C,-17, WPA2 ,0.000000,0.000000,0.000,0.000,AP
2026-05-15 07:21:03,1900-01-00 00:00:00,,9C:2F:9D:82:20:A3,-17,,0.000000,0.000000,0.000,0.000,Client
2026-05-15 07:21:03,1900-01-00 00:00:00,dlink-615_EXT,40:86:CB:27:D2:0C,-17, WPA2 ,0.000000,0.000000,0.000,0.000,AP
2026-05-15 07:21:03,1900-01-00 00:00:00,,9C:2F:9D:82:20:A3,-17,,0.000000,0.000000,0.000,0.000,Client
2026-05-15 07:21:03,1900-01-00 00:00:00,dlink-615_EXT,40:86:CB:27:D2:0C,-17, WPA2 ,0.000000,0.000000,0.000,0.000,AP
2026-05-15 07:21:03,1900-01-00 00:00:00,,9C:2F:9D:82:20:A3,-17,,0.000000,0.000000,0.000,0.000,Client
2026-05-15 07:21:03,1900-01-00 00:00:00,dlink-615_EXT,40:86:CB:27:D2:0C,-17, WPA2 ,0.000000,0.000000,0.000,0.000,AP
2026-05-15 07:21:03,1900-01-00 00:00:00,,9C:2F:9D:82:20:A3,-17,,0.000000,0.000000,0.000,0.000,Client
2026-05-15 07:21:03,1900-01-00 00:00:00,dlink-615_EXT,40:86:CB:27:D2:0C,-17, WPA2 ,0.000000,0.000000,0.000,0.000,AP
2026-05-15 07:21:03,1900-01-00 00:00:00,,9C:2F:9D:82:20:A3,-17,,0.000000,0.000000,0.000,0.000,Client
2026-05-15 07:21:03,1900-01-00 00:00:00,dlink-615_EXT,40:86:CB:27:D2:0C,-17, WPA2 ,0.000000,0.000000,0.000,0.000,AP
2026-05-15 07:21:03,1900-01-00 00:00:00,,9C:2F:9D:82:20:A3,-17,,0.000000,0.000000,0.000,0.000,Client
2026-05-15 07:21:03,1900-01-00 00:00:00,dlink-615_EXT,40:86:CB:27:D2:0C,-17, WPA2 ,0.000000,0.000000,0.000,0.000,AP
2026-05-15 07:21:03,1900-01-00 00:00:00,,9C:2F:9D:82:20:A3,-17,,0.000000,0.000000,0.000,0.000,Client
2026-05-15 07:21:03,1900-01-00 00:00:00,dlink-615_EXT,40:86:CB:27:D2:0C,-17, WPA2 ,0.000000,0.000000,0.000,0.000,AP
2026-05-15 07:21:03,1900-01-00 00:00:00,,9C:2F:9D:82:20:A3,-17,,0.000000,0.000000,0.000,0.000,Client
2026-05-15 07:21:03,1900-01-00 00:00:00,dlink-615_EXT,40:86:CB:27:D2:0C,-17, WPA2 ,0.000000,0.000000,0.000,0.000,AP
2026-05-15 07:21:03,1900-01-00 00:00:00,,9C:2F:9D:82:20:A3,-17,,0.000000,0.000000,0.000,0.000,Client
2026-05-15 07:21:03,1900-01-00 00:00:00,dlink-615_EXT,40:86:CB:27:D2:0C,-17, WPA2 ,0.000000,0.000000,0.000,0.000,AP
2026-05-15 07:21:03,1900-01-00 00:00:00,,9C:2F:9D:82:20:A3,-17,,0.000000,0.000000,0.000,0.000,Client
2026-05-15 07:21:03,1900-01-00 00:00:00,dlink-615_EXT,40:86:CB:27:D2:0C,-17, WPA2 ,0.000000,0.000000,0.000,0.000,AP
2026-05-15 07:21:03,1900-01-00 00:00:00,,9C:2F:9D:82:20:A3,-17,,0.000000,0.000000,0.000,0.000,Client
2026-05-15 07:21:03,1900-01-00 00:00:00,dlink-615_EXT,40:86:CB:27:D2:0C,-17, WPA2 ,0.000000,0.000000,0.000,0.000,AP
2026-05-15 07:21:03,1900-01-00 00:00:00,,9C:2F:9D:82:20:A3,-17,,0.000000,0.000000,0.000,0.000,Client
2026-05-15 07:21:03,1900-01-00 00:00:00,dlink-615_EXT,40:86:CB:27:D2:0C,-17, WPA2 ,0.000000,0.000000,0.000,0.000,AP
2026-05-15 07:21:03,1900-01-00 00:00:00,,9C:2F:9D:82:20:A3,-17,,0.000000,0.000000,0.000,0.000,Client
2026-05-15 07:21:03,1900-01-00 00:00:00,dlink-615_EXT,40:86:CB:27:D2:0C,-17, WPA2 ,0.000000,0.000000,0.000,0.000,AP
2026-05-15 07:21:03,1900-01-00 00:00:00,,9C:2F:9D:82:20:A3,-17,,0.000000,0.000000,0.000,0.000,Client
2026-05-15 07:21:03,1900-01-00 00:00:00,dlink-615_EXT,40:86:CB:27:D2:0C,-17, WPA2 ,0.000000,0.000000,0.000,0.000,AP
2026-05-15 07:21:03,1900-01-00 00:00:00,,9C:2F:9D:82:20:A3,-17,,0.000000,0.000000,0.000,0.000,Client
2026-05-15 07:21:03,1900-01-00 00:00:00,dlink-615_EXT,40:86:CB:27:D2:0C,-17, WPA2 ,0.000000,0.000000,0.000,0.000,AP
2026-05-15 07:21:03,1900-01-00 00:00:00,,9C:2F:9D:82:20:A3,-17,,0.000000,0.000000,0.000,0.000,Client
2026-05-15 07:21:03,1900-01-00 00:00:00,dlink-615_EXT,40:86:CB:27:D2:0C,-17, WPA2 ,0.000000,0.000000,0.000,0.000,AP
2026-05-15 07:21:03,1900-01-00 00:00:00,,9C:2F:9D:82:20:A3,-17,,0.000000,0.000000,0.000,0.000,Client
2026-05-15 07:21:03,1900-01-00 00:00:00,dlink-615_EXT,40:86:CB:27:D2:0C,-17, WPA2 ,0.000000,0.000000,0.000,0.000,AP
2026-05-15 07:21:03,1900-01-00 00:00:00,,9C:2F:9D:82:20:A3,-17,,0.000000,0.000000,0.000,0.000,Client
2026-05-15 07:21:03,1900-01-00 00:00:00,dlink-615_EXT,40:86:CB:27:D2:0C,-17, WPA2 ,0.000000,0.000000,0.000,0.000,AP
2026-05-15 07:21:03,1900-01-00 00:00:00,,9C:2F:9D:82:20:A3,-17,,0.000000,0.000000,0.000,0.000,Client
2026-05-15 07:21:03,1900-01-00 00:00:00,dlink-615_EXT,40:86:CB:27:D2:0C,-17, WPA2 ,0.000000,0.000000,0.000,0.000,AP
2026-05-15 07:21:03,1900-01-00 00:00:00,,9C:2F:9D:82:20:A3,-17,,0.000000,0.000000,0.000,0.000,Client
2026-05-15 07:21:03,1900-01-00 00:00:00,dlink-615_EXT,40:86:CB:27:D2:0C,-17, WPA2 ,0.000000,0.000000,0.000,0.000,AP
2026-05-15 07:21:03,1900-01-00 00:00:00,,9C:2F:9D:82:20:A3,-17,,0.000000,0.000000,0.000,0.000,Client
2026-05-15 07:21:03,1900-01-00 00:00:00,dlink-615_EXT,40:86:CB:27:D2:0C,-17, WPA2 ,0.000000,0.000000,0.000,0.000,AP
2026-05-15 07:21:03,1900-01-00 00:00:00,,9C:2F:9D:82:20:A3,-17,,0.000000,0.000000,0.000,0.000,Client
2026-05-15 07:21:03,1900-01-00 00:00:00,dlink-615_EXT,40:86:CB:27:D2:0C,-17, WPA2 ,0.000000,0.000000,0.000,0.000,AP
2026-05-15 07:21:03,1900-01-00 00:00:00,,9C:2F:9D:82:20:A3,-17,,0.000000,0.000000,0.000,0.000,Client
2026-05-15 07:21:03,1900-01-00 00:00:00,dlink-615_EXT,40:86:CB:27:D2:0C,-17, WPA2 ,0.000000,0.000000,0.000,0.000,AP
2026-05-15 07:21:03,1900-01-00 00:00:00,,9C:2F:9D:82:20:A3,-17,,0.000000,0.000000,0.000,0.000,Client
2026-05-15 07:21:03,1900-01-00 00:00:00,dlink-615_EXT,40:86:CB:27:D2:0C,-17, WPA2 ,0.000000,0.000000,0.000,0.000,AP
2026-05-15 07:21:03,1900-01-00 00:00:00,,9C:2F:9D:82:20:A3,-17,,0.000000,0.000000,0.000,0.000,Client
2026-05-15 07:21:03,1900-01-00 00:00:00,dlink-615_EXT,40:86:CB:27:D2:0C,-17, WPA2 ,0.000000,0.000000,0.000,0.000,AP
2026-05-15 07:21:03,1900-01-00 00:00:00,,9C:2F:9D:82:20:A3,-17,,0.000000,0.000000,0.000,0.000,Client
2026-05-15 07:21:03,1900-01-00 00:00:00,dlink-615_EXT,40:86:CB:27:D2:0C,-17, WPA2 ,0.000000,0.000000,0.000,0.000,AP
2026-05-15 07:21:03,1900-01-00 00:00:00,,9C:2F:9D:82:20:A3,-17,,0.000000,0.000000,0.000,0.000,Client
2026-05-15 07:21:03,1900-01-00 00:00:00,dlink-615_EXT,40:86:CB:27:D2:0C,-17, WPA2 ,0.000000,0.000000,0.000,0.000,AP
2026-05-15 07:21:03,1900-01-00 00:00:00,,9C:2F:9D:82:20:A3,-17,,0.000000,0.000000,0.000,0.000,Client
2026-05-15 07:21:03,1900-01-00 00:00:00,dlink-615_EXT,40:86:CB:27:D2:0C,-17, WPA2 ,0.000000,0.000000,0.000,0.000,AP
2026-05-15 07:21:03,1900-01-00 00:00:00,,9C:2F:9D:82:20:A3,-17,,0.000000,0.000000,0.000,0.000,Client
2026-05-15 07:21:03,1900-01-00 00:00:00,dlink-615_EXT,40:86:CB:27:D2:0C,-17, WPA2 ,0.000000,0.000000,0.000,0.000,AP
2026-05-15 07:21:03,1900-01-00 00:00:00,,9C:2F:9D:82:20:A3,-17,,0.000000,0.000000,0.000,0.000,Client
2026-05-15 07:21:03,1900-01-00 00:00:00,dlink-615_EXT,40:86:CB:27:D2:0C,-17, WPA2 ,0.000000,0.000000,0.000,0.000,AP
2026-05-15 07:21:03,1900-01-00 00:00:00,,9C:2F:9D:82:20:A3,-17,,0.000000,0.000000,0.000,0.000,Client
2026-05-15 07:21:03,1900-01-00 00:00:00,dlink-615_EXT,40:86:CB:27:D2:0C,-17, WPA2 ,0.000000,0.000000,0.000,0.000,AP
2026-05-15 07:21:03,1900-01-00 00:00:00,,9C:2F:9D:82:20:A3,-17,,0.000000,0.000000,0.000,0.000,Client
2026-05-15 07:21:03,1900-01-00 00:00:00,dlink-615_EXT,40:86:CB:27:D2:0C,-17, WPA2 ,0.000000,0.000000,0.000,0.000,AP
2026-05-15 07:21:03,1900-01-00 00:00:00,,9C:2F:9D:82:20:A3,-17,,0.000000,0.000000,0.000,0.000,Client
2026-05-15 07:21:03,1900-01-00 00:00:00,dlink-615_EXT,40:86:CB:27:D2:0C,-17, WPA2 ,0.000000,0.000000,0.000,0.000,AP
2026-05-15 07:21:03,1900-01-00 00:00:00,,9C:2F:9D:82:20:A3,-17,,0.000000,0.000000,0.000,0.000,Client
2026-05-15 07:21:03,1900-01-00 00:00:00,dlink-615_EXT,40:86:CB:27:D2:0C,-17, WPA2 ,0.000000,0.000000,0.000,0.000,AP
2026-05-15 07:21:03,1900-01-00 00:00:00,,9C:2F:9D:82:20:A3,-17,,0.000000,0.000000,0.000,0.000,Client
2026-05-15 07:21:03,1900-01-00 00:00:00,dlink-615_EXT,40:86:CB:27:D2:0C,-17, WPA2 ,0.000000,0.000000,0.000,0.000,AP
2026-05-15 07:21:03,1900-01-00 00:00:00,,9C:2F:9D:82:20:A3,-17,,0.000000,0.000000,0.000,0.000,Client
2026-05-15 07:21:03,1900-01-00 00:00:00,dlink-615_EXT,40:86:CB:27:D2:0C,-17, WPA2 ,0.000000,0.000000,0.000,0.000,AP
2026-05-15 07:21:03,1900-01-00 00:00:00,,9C:2F:9D:82:20:A3,-17,,0.000000,0.000000,0.000,0.000,Client
2026-05-15 07:21:03,1900-01-00 00:00:00,dlink-615_EXT,40:86:CB:27:D2:0C,-17, WPA2 ,0.000000,0.000000,0.000,0.000,AP
2026-05-15 07:21:03,1900-01-00 00:00:00,,9C:2F:9D:82:20:A3,-17,,0.000000,0.000000,0.000,0.000,Client
2026-05-15 07:21:03,1900-01-00 00:00:00,dlink-615_EXT,40:86:CB:27:D2:0C,-17, WPA2 ,0.000000,0.000000,0.000,0.000,AP
2026-05-15 07:21:03,1900-01-00 00:00:00,,9C:2F:9D:82:20:A3,-17,,0.000000,0.000000,0.000,0.000,Client
2026-05-15 07:21:03,1900-01-00 00:00:00,dlink-615_EXT,40:86:CB:27:D2:0C,-17, WPA2 ,0.000000,0.000000,0.000,0.000,AP
2026-05-15 07:21:03,1900-01-00 00:00:00,,9C:2F:9D:82:20:A3,-17,,0.000000,0.000000,0.000,0.000,Client
2026-05-15 07:21:03,1900-01-00 00:00:00,dlink-615_EXT,40:86:CB:27:D2:0C,-17, WPA2 ,0.000000,0.000000,0.000,0.000,AP
2026-05-15 07:21:03,1900-01-00 00:00:00,,9C:2F:9D:82:20:A3,-17,,0.000000,0.000000,0.000,0.000,Client
2026-05-15 07:21:03,1900-01-00 00:00:00,dlink-615_EXT,40:86:CB:27:D2:0C,-17, WPA2 ,0.000000,0.000000,0.000,0.000,AP
2026-05-15 07:21:03,1900-01-00 00:00:00,,9C:2F:9D:82:20:A3,-17,,0.000000,0.000000,0.000,0.000,Client
2026-05-15 07:21:03,1900-01-00 00:00:00,dlink-615_EXT,40:86:CB:27:D2:0C,-17, WPA2 ,0.000000,0.000000,0.000,0.000,AP
2026-05-15 07:21:03,1900-01-00 00:00:00,,9C:2F:9D:82:20:A3,-17,,0.000000,0.000000,0.000,0.000,Client
2026-05-15 07:21:03,1900-01-00 00:00:00,dlink-615_EXT,40:86:CB:27:D2:0C,-17, WPA2 ,0.000000,0.000000,0.000,0.000,AP
2026-05-15 07:21:03,1900-01-00 00:00:00,,9C:2F:9D:82:20:A3,-17,,0.000000,0.000000,0.000,0.000,Client
2026-05-15 07:21:03,1900-01-00 00:00:00,dlink-615_EXT,40:86:CB:27:D2:0C,-17, WPA2 ,0.000000,0.000000,0.000,0.000,AP
2026-05-15 07:21:03,1900-01-00 00:00:00,,9C:2F:9D:82:20:A3,-17,,0.000000,0.000000,0.000,0.000,Client
2026-05-15 07:21:03,1900-01-00 00:00:00,dlink-615_EXT,40:86:CB:27:D2:0C,-17, WPA2 ,0.000000,0.000000,0.000,0.000,AP
2026-05-15 07:21:03,1900-01-00 00:00:00,,9C:2F:9D:82:20:A3,-17,,0.000000,0.000000,0.000,0.000,Client
2026-05-15 07:21:03,1900-01-00 00:00:00,dlink-615_EXT,40:86:CB:27:D2:0C,-17, WPA2 ,0.000000,0.000000,0.000,0.000,AP
2026-05-15 07:21:03,1900-01-00 00:00:00,,9C:2F:9D:82:20:A3,-17,,0.000000,0.000000,0.000,0.000,Client
2026-05-15 07:21:03,1900-01-00 00:00:00,dlink-615_EXT,40:86:CB:27:D2:0C,-17, WPA2 ,0.000000,0.000000,0.000,0.000,AP
2026-05-15 07:21:03,1900-01-00 00:00:00,,9C:2F:9D:82:20:A3,-17,,0.000000,0.000000,0.000,0.000,Client
2026-05-15 07:21:03,1900-01-00 00:00:00,dlink-615_EXT,40:86:CB:27:D2:0C,-17, WPA2 ,0.000000,0.000000,0.000,0.000,AP
2026-05-15 07:21:03,1900-01-00 00:00:00,,9C:2F:9D:82:20:A3,-17,,0.000000,0.000000,0.000,0.000,Client
2026-05-15 07:21:03,1900-01-00 00:00:00,dlink-615_EXT,40:86:CB:27:D2:0C,-17, WPA2 ,0.000000,0.000000,0.000,0.000,AP
2026-05-15 07:21:03,1900-01-00 00:00:00,,9C:2F:9D:82:20:A3,-17,,0.000000,0.000000,0.000,0.000,Client
2026-05-15 07:21:03,1900-01-00 00:00:00,dlink-615_EXT,40:86:CB:27:D2:0C,-17, WPA2 ,0.000000,0.000000,0.000,0.000,AP
2026-05-15 07:21:03,1900-01-00 00:00:00,,9C:2F:9D:82:20:A3,-17,,0.000000,0.000000,0.000,0.000,Client
2026-05-15 07:21:03,1900-01-00 00:00:00,dlink-615_EXT,40:86:CB:27:D2:0C,-17, WPA2 ,0.000000,0.000000,0.000,0.000,AP
2026-05-15 07:21:03,1900-01-00 00:00:00,,9C:2F:9D:82:20:A3,-17,,0.000000,0.000000,0.000,0.000,Client
2026-05-15 07:21:03,1900-01-00 00:00:00,dlink-615_EXT,40:86:CB:27:D2:0C,-17, WPA2 ,0.000000,0.000000,0.000,0.000,AP
2026-05-15 07:21:03,1900-01-00 00:00:00,,9C:2F:9D:82:20:A3,-17,,0.000000,0.000000,0.000,0.000,Client
2026-05-15 07:21:03,1900-01-00 00:00:00,dlink-615_EXT,40:86:CB:27:D2:0C,-17, WPA2 ,0.000000,0.000000,0.000,0.000,AP
2026-05-15 07:21:03,1900-01-00 00:00:00,,9C:2F:9D:82:20:A3,-17,,0.000000,0.000000,0.000,0.000,Client
2026-05-15 07:21:03,1900-01-00 00:00:00,dlink-615_EXT,40:86:CB:27:D2:0C,-17, WPA2 ,0.000000,0.000000,0.000,0.000,AP
2026-05-15 07:21:03,1900-01-00 00:00:00,,9C:2F:9D:82:20:A3,-17,,0.000000,0.000000,0.000,0.000,Client
2026-05-15 07:21:03,1900-01-00 00:00:00,dlink-615_EXT,40:86:CB:27:D2:0C,-17, WPA2 ,0.000000,0.000000,0.000,0.000,AP
2026-05-15 07:21:03,1900-01-00 00:00:00,,9C:2F:9D:82:20:A3,-17,,0.000000,0.000000,0.000,0.000,Client
2026-05-15 07:21:03,1900-01-00 00:00:00,dlink-615_EXT,40:86:CB:27:D2:0C,-17, WPA2 ,0.000000,0.000000,0.000,0.000,AP
2026-05-15 07:21:03,1900-01-00 00:00:00,,9C:2F:9D:82:20:A3,-17,,0.000000,0.000000,0.000,0.000,Client
2026-05-15 07:21:03,1900-01-00 00:00:00,dlink-615_EXT,40:86:CB:27:D2:0C,-17, WPA2 ,0.000000,0.000000,0.000,0.000,AP
2026-05-15 07:21:03,1900-01-00 00:00:00,,9C:2F:9D:82:20:A3,-17,,0.000000,0.000000,0.000,0.000,Client
2026-05-15 07:21:03,1900-01-00 00:00:00,dlink-615_EXT,40:86:CB:27:D2:0C,-17, WPA2 ,0.000000,0.000000,0.000,0.000,AP
2026-05-15 07:21:03,1900-01-00 00:00:00,,9C:2F:9D:82:20:A3,-17,,0.000000,0.000000,0.000,0.000,Client
2026-05-15 07:21:03,1900-01-00 00:00:00,dlink-615_EXT,40:86:CB:27:D2:0C,-17, WPA2 ,0.000000,0.000000,0.000,0.000,AP
2026-05-15 07:21:03,1900-01-00 00:00:00,,9C:2F:9D:82:20:A3,-17,,0.000000,0.000000,0.000,0.000,Client
2026-05-15 07:21:03,1900-01-00 00:00:00,dlink-615_EXT,40:86:CB:27:D2:0C,-17, WPA2 ,0.000000,0.000000,0.000,0.000,AP
2026-05-15 07:21:03,1900-01-00 00:00:00,,9C:2F:9D:82:20:A3,-17,,0.000000,0.000000,0.000,0.000,Client
2026-05-15 07:21:03,1900-01-00 00:00:00,dlink-615_EXT,40:86:CB:27:D2:0C,-17, WPA2 ,0.000000,0.000000,0.000,0.000,AP
2026-05-15 07:21:03,1900-01-00 00:00:00,,9C:2F:9D:82:20:A3,-17,,0.000000,0.000000,0.000,0.000,Client
2026-05-15 07:21:03,1900-01-00 00:00:00,dlink-615_EXT,40:86:CB:27:D2:0C,-15, WPA2 ,0.000000,0.000000,0.000,0.000,AP
2026-05-15 07:21:03,1900-01-00 00:00:00,,9C:2F:9D:82:20:A3,-15,,0.000000,0.000000,0.000,0.000,Client
2026-05-15 07:21:03,1900-01-00 00:00:00,dlink-615_EXT,40:86:CB:27:D2:0C,-19, WPA2 ,0.000000,0.000000,0.000,0.000,AP
2026-05-15 07:21:03,1900-01-00 00:00:00,,9C:2F:9D:82:20:A3,-19,,0.000000,0.000000,0.000,0.000,Client
2026-05-15 07:21:03,1900-01-00 00:00:00,dlink-615_EXT,40:86:CB:27:D2:0C,-19, WPA2 ,0.000000,0.000000,0.000,0.000,AP
2026-05-15 07:21:03,1900-01-00 00:00:00,,9C:2F:9D:82:20:A3,-19,,0.000000,0.000000,0.000,0.000,Client
2026-05-15 07:21:03,1900-01-00 00:00:00,dlink-615_EXT,40:86:CB:27:D2:0C,-17, WPA2 ,0.000000,0.000000,0.000,0.000,AP
2026-05-15 07:21:03,1900-01-00 00:00:00,,9C:2F:9D:82:20:A3,-19,,0.000000,0.000000,0.000,0.000,Client
2026-05-15 07:21:03,1900-01-00 00:00:00,dlink-615_EXT,40:86:CB:27:D2:0C,-19, WPA2 ,0.000000,0.000000,0.000,0.000,AP
2026-05-15 07:21:03,1900-01-00 00:00:00,,9C:2F:9D:82:20:A3,-17,,0.000000,0.000000,0.000,0.000,Client
2026-05-15 07:21:03,1900-01-00 00:00:00,dlink-615_EXT,40:86:CB:27:D2:0C,-17, WPA2 ,0.000000,0.000000,0.000,0.000,AP
2026-05-15 07:21:03,1900-01-00 00:00:00,,9C:2F:9D:82:20:A3,-17,,0.000000,0.000000,0.000,0.000,Client
2026-05-15 07:21:03,1900-01-00 00:00:00,dlink-615_EXT,40:86:CB:27:D2:0C,-17, WPA2 ,0.000000,0.000000,0.000,0.000,AP
2026-05-15 07:21:03,1900-01-00 00:00:00,,9C:2F:9D:82:20:A3,-17,,0.000000,0.000000,0.000,0.000,Client
2026-05-15 07:21:03,1900-01-00 00:00:00,dlink-615_EXT,40:86:CB:27:D2:0C,-17, WPA2 ,0.000000,0.000000,0.000,0.000,AP
2026-05-15 07:21:03,1900-01-00 00:00:00,,9C:2F:9D:82:20:A3,-17,,0.000000,0.000000,0.000,0.000,Client
2026-05-15 07:21:03,1900-01-00 00:00:00,dlink-615_EXT,40:86:CB:27:D2:0C,-17, WPA2 ,0.000000,0.000000,0.000,0.000,AP
2026-05-15 07:21:03,1900-01-00 00:00:00,,9C:2F:9D:82:20:A3,-17,,0.000000,0.000000,0.000,0.000,Client
2026-05-15 07:21:03,1900-01-00 00:00:00,dlink-615_EXT,40:86:CB:27:D2:0C,-17, WPA2 ,0.000000,0.000000,0.000,0.000,AP
2026-05-15 07:21:03,1900-01-00 00:00:00,,9C:2F:9D:82:20:A3,-17,,0.000000,0.000000,0.000,0.000,Client
2026-05-15 07:21:03,1900-01-00 00:00:00,dlink-615_EXT,40:86:CB:27:D2:0C,-17, WPA2 ,0.000000,0.000000,0.000,0.000,AP
2026-05-15 07:21:03,1900-01-00 00:00:00,,9C:2F:9D:82:20:A3,-17,,0.000000,0.000000,0.000,0.000,Client
2026-05-15 07:21:03,1900-01-00 00:00:00,dlink-615_EXT,40:86:CB:27:D2:0C,-17, WPA2 ,0.000000,0.000000,0.000,0.000,AP
2026-05-15 07:21:03,1900-01-00 00:00:00,,9C:2F:9D:82:20:A3,-17,,0.000000,0.000000,0.000,0.000,Client
2026-05-15 07:21:03,1900-01-00 00:00:00,dlink-615_EXT,40:86:CB:27:D2:0C,-17, WPA2 ,0.000000,0.000000,0.000,0.000,AP
2026-05-15 07:21:03,1900-01-00 00:00:00,,9C:2F:9D:82:20:A3,-17,,0.000000,0.000000,0.000,0.000,Client
2026-05-15 07:21:03,1900-01-00 00:00:00,dlink-615_EXT,40:86:CB:27:D2:0C,-17, WPA2 ,0.000000,0.000000,0.000,0.000,AP
2026-05-15 07:21:03,1900-01-00 00:00:00,,9C:2F:9D:82:20:A3,-17,,0.000000,0.000000,0.000,0.000,Client
2026-05-15 07:21:03,1900-01-00 00:00:00,dlink-615_EXT,40:86:CB:27:D2:0C,-17, WPA2 ,0.000000,0.000000,0.000,0.000,AP
2026-05-15 07:21:03,1900-01-00 00:00:00,,9C:2F:9D:82:20:A3,-17,,0.000000,0.000000,0.000,0.000,Client
2026-05-15 07:21:03,1900-01-00 00:00:00,dlink-615_EXT,40:86:CB:27:D2:0C,-17, WPA2 ,0.000000,0.000000,0.000,0.000,AP
2026-05-15 07:21:03,1900-01-00 00:00:00,,9C:2F:9D:82:20:A3,-17,,0.000000,0.000000,0.000,0.000,Client
2026-05-15 07:21:03,1900-01-00 00:00:00,dlink-615_EXT,40:86:CB:27:D2:0C,-17, WPA2 ,0.000000,0.000000,0.000,0.000,AP
2026-05-15 07:21:03,1900-01-00 00:00:00,,9C:2F:9D:82:20:A3,-17,,0.000000,0.000000,0.000,0.000,Client
2026-05-15 07:21:03,1900-01-00 00:00:00,dlink-615_EXT,40:86:CB:27:D2:0C,-17, WPA2 ,0.000000,0.000000,0.000,0.000,AP
2026-05-15 07:21:03,1900-01-00 00:00:00,,9C:2F:9D:82:20:A3,-17,,0.000000,0.000000,0.000,0.000,Client
2026-05-15 07:21:03,1900-01-00 00:00:00,dlink-615_EXT,40:86:CB:27:D2:0C,-17, WPA2 ,0.000000,0.000000,0.000,0.000,AP
2026-05-15 07:21:03,1900-01-00 00:00:00,,9C:2F:9D:82:20:A3,-17,,0.000000,0.000000,0.000,0.000,Client
2026-05-15 07:21:03,1900-01-00 00:00:00,dlink-615_EXT,40:86:CB:27:D2:0C,-17, WPA2 ,0.000000,0.000000,0.000,0.000,AP
2026-05-15 07:21:03,1900-01-00 00:00:00,,9C:2F:9D:82:20:A3,-17,,0.000000,0.000000,0.000,0.000,Client
2026-05-15 07:21:03,1900-01-00 00:00:00,dlink-615_EXT,40:86:CB:27:D2:0C,-17, WPA2 ,0.000000,0.000000,0.000,0.000,AP
2026-05-15 07:21:03,1900-01-00 00:00:00,,9C:2F:9D:82:20:A3,-17,,0.000000,0.000000,0.000,0.000,Client
2026-05-15 07:21:03,1900-01-00 00:00:00,dlink-615_EXT,40:86:CB:27:D2:0C,-17, WPA2 ,0.000000,0.000000,0.000,0.000,AP
2026-05-15 07:21:03,1900-01-00 00:00:00,,9C:2F:9D:82:20:A3,-17,,0.000000,0.000000,0.000,0.000,Client
2026-05-15 07:21:03,1900-01-00 00:00:00,dlink-615_EXT,40:86:CB:27:D2:0C,-17, WPA2 ,0.000000,0.000000,0.000,0.000,AP
2026-05-15 07:21:03,1900-01-00 00:00:00,,9C:2F:9D:82:20:A3,-17,,0.000000,0.000000,0.000,0.000,Client
2026-05-15 07:21:03,1900-01-00 00:00:00,dlink-615_EXT,40:86:CB:27:D2:0C,-17, WPA2 ,0.000000,0.000000,0.000,0.000,AP
2026-05-15 07:21:03,1900-01-00 00:00:00,,9C:2F:9D:82:20:A3,-17,,0.000000,0.000000,0.000,0.000,Client
2026-05-15 07:21:03,1900-01-00 00:00:00,dlink-615_EXT,40:86:CB:27:D2:0C,-17, WPA2 ,0.000000,0.000000,0.000,0.000,AP
2026-05-15 07:21:03,1900-01-00 00:00:00,,9C:2F:9D:82:20:A3,-17,,0.000000,0.000000,0.000,0.000,Client
2026-05-15 07:21:03,1900-01-00 00:00:00,dlink-615_EXT,40:86:CB:27:D2:0C,-17, WPA2 ,0.000000,0.000000,0.000,0.000,AP
2026-05-15 07:21:03,1900-01-00 00:00:00,,9C:2F:9D:82:20:A3,-17,,0.000000,0.000000,0.000,0.000,Client
2026-05-15 07:21:03,1900-01-00 00:00:00,dlink-615_EXT,40:86:CB:27:D2:0C,-17, WPA2 ,0.000000,0.000000,0.000,0.000,AP
2026-05-15 07:21:03,1900-01-00 00:00:00,,9C:2F:9D:82:20:A3,-17,,0.000000,0.000000,0.000,0.000,Client
2026-05-15 07:21:03,1900-01-00 00:00:00,dlink-615_EXT,40:86:CB:27:D2:0C,-17, WPA2 ,0.000000,0.000000,0.000,0.000,AP
2026-05-15 07:21:03,1900-01-00 00:00:00,,9C:2F:9D:82:20:A3,-17,,0.000000,0.000000,0.000,0.000,Client
2026-05-15 07:21:03,1900-01-00 00:00:00,dlink-615_EXT,40:86:CB:27:D2:0C,-17, WPA2 ,0.000000,0.000000,0.000,0.000,AP
2026-05-15 07:21:03,1900-01-00 00:00:00,,9C:2F:9D:82:20:A3,-17,,0.000000,0.000000,0.000,0.000,Client
2026-05-15 07:21:03,1900-01-00 00:00:00,dlink-615_EXT,40:86:CB:27:D2:0C,-17, WPA2 ,0.000000,0.000000,0.000,0.000,AP
2026-05-15 07:21:03,1900-01-00 00:00:00,,9C:2F:9D:82:20:A3,-17,,0.000000,0.000000,0.000,0.000,Client
2026-05-15 07:21:03,1900-01-00 00:00:00,dlink-615_EXT,40:86:CB:27:D2:0C,-17, WPA2 ,0.000000,0.000000,0.000,0.000,AP
2026-05-15 07:21:03,1900-01-00 00:00:00,,9C:2F:9D:82:20:A3,-17,,0.000000,0.000000,0.000,0.000,Client
2026-05-15 07:21:03,1900-01-00 00:00:00,dlink-615_EXT,40:86:CB:27:D2:0C,-17, WPA2 ,0.000000,0.000000,0.000,0.000,AP
2026-05-15 07:21:03,1900-01-00 00:00:00,,9C:2F:9D:82:20:A3,-17,,0.000000,0.000000,0.000,0.000,Client
2026-05-15 07:21:03,1900-01-00 00:00:00,dlink-615_EXT,40:86:CB:27:D2:0C,-17, WPA2 ,0.000000,0.000000,0.000,0.000,AP
2026-05-15 07:21:03,1900-01-00 00:00:00,,9C:2F:9D:82:20:A3,-17,,0.000000,0.000000,0.000,0.000,Client
2026-05-15 07:21:03,1900-01-00 00:00:00,dlink-615_EXT,40:86:CB:27:D2:0C,-17, WPA2 ,0.000000,0.000000,0.000,0.000,AP
2026-05-15 07:21:03,1900-01-00 00:00:00,,9C:2F:9D:82:20:A3,-17,,0.000000,0.000000,0.000,0.000,Client
2026-05-15 07:21:03,1900-01-00 00:00:00,dlink-615_EXT,40:86:CB:27:D2:0C,-17, WPA2 ,0.000000,0.000000,0.000,0.000,AP
2026-05-15 07:21:03,1900-01-00 00:00:00,,9C:2F:9D:82:20:A3,-17,,0.000000,0.000000,0.000,0.000,Client
2026-05-15 07:21:03,1900-01-00 00:00:00,dlink-615_EXT,40:86:CB:27:D2:0C,-17, WPA2 ,0.000000,0.000000,0.000,0.000,AP
2026-05-15 07:21:03,1900-01-00 00:00:00,,9C:2F:9D:82:20:A3,-17,,0.000000,0.000000,0.000,0.000,Client
2026-05-15 07:21:03,1900-01-00 00:00:00,dlink-615_EXT,40:86:CB:27:D2:0C,-17, WPA2 ,0.000000,0.000000,0.000,0.000,AP
2026-05-15 07:21:03,1900-01-00 00:00:00,,9C:2F:9D:82:20:A3,-17,,0.000000,0.000000,0.000,0.000,Client
2026-05-15 07:21:03,1900-01-00 00:00:00,dlink-615_EXT,40:86:CB:27:D2:0C,-17, WPA2 ,0.000000,0.000000,0.000,0.000,AP
2026-05-15 07:21:03,1900-01-00 00:00:00,,9C:2F:9D:82:20:A3,-17,,0.000000,0.000000,0.000,0.000,Client
2026-05-15 07:21:03,1900-01-00 00:00:00,dlink-615_EXT,40:86:CB:27:D2:0C,-17, WPA2 ,0.000000,0.000000,0.000,0.000,AP
2026-05-15 07:21:03,1900-01-00 00:00:00,,9C:2F:9D:82:20:A3,-17,,0.000000,0.000000,0.000,0.000,Client
2026-05-15 07:21:03,1900-01-00 00:00:00,dlink-615_EXT,40:86:CB:27:D2:0C,-17, WPA2 ,0.000000,0.000000,0.000,0.000,AP
2026-05-15 07:21:03,1900-01-00 00:00:00,,9C:2F:9D:82:20:A3,-17,,0.000000,0.000000,0.000,0.000,Client
2026-05-15 07:21:03,1900-01-00 00:00:00,dlink-615_EXT,40:86:CB:27:D2:0C,-17, WPA2 ,0.000000,0.000000,0.000,0.000,AP
2026-05-15 07:21:03,1900-01-00 00:00:00,,9C:2F:9D:82:20:A3,-17,,0.000000,0.000000,0.000,0.000,Client
2026-05-15 07:21:03,1900-01-00 00:00:00,dlink-615_EXT,40:86:CB:27:D2:0C,-17, WPA2 ,0.000000,0.000000,0.000,0.000,AP
2026-05-15 07:21:03,1900-01-00 00:00:00,,9C:2F:9D:82:20:A3,-17,,0.000000,0.000000,0.000,0.000,Client
2026-05-15 07:21:03,1900-01-00 00:00:00,dlink-615_EXT,40:86:CB:27:D2:0C,-17, WPA2 ,0.000000,0.000000,0.000,0.000,AP
2026-05-15 07:21:03,1900-01-00 00:00:00,,9C:2F:9D:82:20:A3,-17,,0.000000,0.000000,0.000,0.000,Client
2026-05-15 07:21:03,1900-01-00 00:00:00,dlink-615_EXT,40:86:CB:27:D2:0C,-17, WPA2 ,0.000000,0.000000,0.000,0.000,AP
2026-05-15 07:21:03,1900-01-00 00:00:00,,9C:2F:9D:82:20:A3,-17,,0.000000,0.000000,0.000,0.000,Client
2026-05-15 07:21:03,1900-01-00 00:00:00,dlink-615_EXT,40:86:CB:27:D2:0C,-17, WPA2 ,0.000000,0.000000,0.000,0.000,AP
2026-05-15 07:21:03,1900-01-00 00:00:00,,9C:2F:9D:82:20:A3,-17,,0.000000,0.000000,0.000,0.000,Client
2026-05-15 07:21:03,1900-01-00 00:00:00,dlink-615_EXT,40:86:CB:27:D2:0C,-17, WPA2 ,0.000000,0.000000,0.000,0.000,AP
2026-05-15 07:21:03,1900-01-00 00:00:00,,9C:2F:9D:82:20:A3,-17,,0.000000,0.000000,0.000,0.000,Client
2026-05-15 07:21:03,1900-01-00 00:00:00,dlink-615_EXT,40:86:CB:27:D2:0C,-17, WPA2 ,0.000000,0.000000,0.000,0.000,AP
2026-05-15 07:21:03,1900-01-00 00:00:00,,9C:2F:9D:82:20:A3,-17,,0.000000,0.000000,0.000,0.000,Client
2026-05-15 07:21:03,1900-01-00 00:00:00,dlink-615_EXT,40:86:CB:27:D2:0C,-17, WPA2 ,0.000000,0.000000,0.000,0.000,AP
2026-05-15 07:21:03,1900-01-00 00:00:00,,9C:2F:9D:82:20:A3,-17,,0.000000,0.000000,0.000,0.000,Client
2026-05-15 07:21:03,1900-01-00 00:00:00,dlink-615_EXT,40:86:CB:27:D2:0C,-17, WPA2 ,0.000000,0.000000,0.000,0.000,AP
2026-05-15 07:21:03,1900-01-00 00:00:00,,9C:2F:9D:82:20:A3,-17,,0.000000,0.000000,0.000,0.000,Client
2026-05-15 07:21:03,1900-01-00 00:00:00,dlink-615_EXT,40:86:CB:27:D2:0C,-17, WPA2 ,0.000000,0.000000,0.000,0.000,AP
2026-05-15 07:21:03,1900-01-00 00:00:00,,9C:2F:9D:82:20:A3,-17,,0.000000,0.000000,0.000,0.000,Client
2026-05-15 07:21:03,1900-01-00 00:00:00,dlink-615_EXT,40:86:CB:27:D2:0C,-17, WPA2 ,0.000000,0.000000,0.000,0.000,AP
2026-05-15 07:21:03,1900-01-00 00:00:00,,9C:2F:9D:82:20:A3,-17,,0.000000,0.000000,0.000,0.000,Client
2026-05-15 07:21:03,1900-01-00 00:00:00,dlink-615_EXT,40:86:CB:27:D2:0C,-17, WPA2 ,0.000000,0.000000,0.000,0.000,AP
2026-05-15 07:21:03,1900-01-00 00:00:00,,9C:2F:9D:82:20:A3,-17,,0.000000,0.000000,0.000,0.000,Client
2026-05-15 07:21:03,1900-01-00 00:00:00,dlink-615_EXT,40:86:CB:27:D2:0C,-17, WPA2 ,0.000000,0.000000,0.000,0.000,AP
2026-05-15 07:21:03,1900-01-00 00:00:00,,9C:2F:9D:82:20:A3,-17,,0.000000,0.000000,0.000,0.000,Client
2026-05-15 07:21:03,1900-01-00 00:00:00,dlink-615_EXT,40:86:CB:27:D2:0C,-17, WPA2 ,0.000000,0.000000,0.000,0.000,AP
2026-05-15 07:21:03,1900-01-00 00:00:00,,9C:2F:9D:82:20:A3,-17,,0.000000,0.000000,0.000,0.000,Client
2026-05-15 07:21:04,1900-01-00 00:00:00,dlink-615_EXT,40:86:CB:27:D2:0C,-17, WPA2 ,0.000000,0.000000,0.000,0.000,AP
2026-05-15 07:21:04,1900-01-00 00:00:00,,9C:2F:9D:82:20:A3,-17,,0.000000,0.000000,0.000,0.000,Client
2026-05-15 07:21:04,1900-01-00 00:00:00,dlink-615_EXT,40:86:CB:27:D2:0C,-17, WPA2 ,0.000000,0.000000,0.000,0.000,AP
2026-05-15 07:21:04,1900-01-00 00:00:00,,9C:2F:9D:82:20:A3,-17,,0.000000,0.000000,0.000,0.000,Client
2026-05-15 07:21:04,1900-01-00 00:00:00,dlink-615_EXT,40:86:CB:27:D2:0C,-17, WPA2 ,0.000000,0.000000,0.000,0.000,AP
2026-05-15 07:21:04,1900-01-00 00:00:00,,9C:2F:9D:82:20:A3,-17,,0.000000,0.000000,0.000,0.000,Client
2026-05-15 07:21:04,1900-01-00 00:00:00,dlink-615_EXT,40:86:CB:27:D2:0C,-17, WPA2 ,0.000000,0.000000,0.000,0.000,AP
2026-05-15 07:21:04,1900-01-00 00:00:00,,9C:2F:9D:82:20:A3,-17,,0.000000,0.000000,0.000,0.000,Client
2026-05-15 07:21:04,1900-01-00 00:00:00,dlink-615_EXT,40:86:CB:27:D2:0C,-17, WPA2 ,0.000000,0.000000,0.000,0.000,AP
2026-05-15 07:21:04,1900-01-00 00:00:00,,9C:2F:9D:82:20:A3,-17,,0.000000,0.000000,0.000,0.000,Client
2026-05-15 07:21:04,1900-01-00 00:00:00,dlink-615_EXT,40:86:CB:27:D2:0C,-17, WPA2 ,0.000000,0.000000,0.000,0.000,AP
2026-05-15 07:21:04,1900-01-00 00:00:00,,9C:2F:9D:82:20:A3,-17,,0.000000,0.000000,0.000,0.000,Client
2026-05-15 07:21:04,1900-01-00 00:00:00,dlink-615_EXT,40:86:CB:27:D2:0C,-17, WPA2 ,0.000000,0.000000,0.000,0.000,AP
2026-05-15 07:21:04,1900-01-00 00:00:00,,9C:2F:9D:82:20:A3,-17,,0.000000,0.000000,0.000,0.000,Client
2026-05-15 07:21:04,1900-01-00 00:00:00,dlink-615_EXT,40:86:CB:27:D2:0C,-17, WPA2 ,0.000000,0.000000,0.000,0.000,AP
2026-05-15 07:21:04,1900-01-00 00:00:00,,9C:2F:9D:82:20:A3,-17,,0.000000,0.000000,0.000,0.000,Client
2026-05-15 07:21:04,1900-01-00 00:00:00,dlink-615_EXT,40:86:CB:27:D2:0C,-17, WPA2 ,0.000000,0.000000,0.000,0.000,AP
2026-05-15 07:21:04,1900-01-00 00:00:00,,9C:2F:9D:82:20:A3,-17,,0.000000,0.000000,0.000,0.000,Client
2026-05-15 07:21:04,1900-01-00 00:00:00,dlink-615_EXT,40:86:CB:27:D2:0C,-17, WPA2 ,0.000000,0.000000,0.000,0.000,AP
2026-05-15 07:21:04,1900-01-00 00:00:00,,9C:2F:9D:82:20:A3,-17,,0.000000,0.000000,0.000,0.000,Client
2026-05-15 07:21:04,1900-01-00 00:00:00,dlink-615_EXT,40:86:CB:27:D2:0C,-17, WPA2 ,0.000000,0.000000,0.000,0.000,AP
2026-05-15 07:21:04,1900-01-00 00:00:00,,9C:2F:9D:82:20:A3,-17,,0.000000,0.000000,0.000,0.000,Client
2026-05-15 07:21:04,1900-01-00 00:00:00,dlink-615_EXT,40:86:CB:27:D2:0C,-17, WPA2 ,0.000000,0.000000,0.000,0.000,AP
2026-05-15 07:21:04,1900-01-00 00:00:00,,9C:2F:9D:82:20:A3,-17,,0.000000,0.000000,0.000,0.000,Client
2026-05-15 07:21:04,1900-01-00 00:00:00,dlink-615_EXT,40:86:CB:27:D2:0C,-17, WPA2 ,0.000000,0.000000,0.000,0.000,AP
2026-05-15 07:21:04,1900-01-00 00:00:00,,9C:2F:9D:82:20:A3,-17,,0.000000,0.000000,0.000,0.000,Client
2026-05-15 07:21:04,1900-01-00 00:00:00,dlink-615_EXT,40:86:CB:27:D2:0C,-17, WPA2 ,0.000000,0.000000,0.000,0.000,AP
2026-05-15 07:21:04,1900-01-00 00:00:00,,9C:2F:9D:82:20:A3,-17,,0.000000,0.000000,0.000,0.000,Client
2026-05-15 07:21:04,1900-01-00 00:00:00,dlink-615_EXT,40:86:CB:27:D2:0C,-17, WPA2 ,0.000000,0.000000,0.000,0.000,AP
2026-05-15 07:21:04,1900-01-00 00:00:00,,9C:2F:9D:82:20:A3,-17,,0.000000,0.000000,0.000,0.000,Client
2026-05-15 07:21:04,1900-01-00 00:00:00,dlink-615_EXT,40:86:CB:27:D2:0C,-17, WPA2 ,0.000000,0.000000,0.000,0.000,AP
2026-05-15 07:21:04,1900-01-00 00:00:00,,9C:2F:9D:82:20:A3,-17,,0.000000,0.000000,0.000,0.000,Client
2026-05-15 07:21:04,1900-01-00 00:00:00,dlink-615_EXT,40:86:CB:27:D2:0C,-17, WPA2 ,0.000000,0.000000,0.000,0.000,AP
2026-05-15 07:21:04,1900-01-00 00:00:00,,9C:2F:9D:82:20:A3,-17,,0.000000,0.000000,0.000,0.000,Client
2026-05-15 07:21:04,1900-01-00 00:00:00,dlink-615_EXT,40:86:CB:27:D2:0C,-17, WPA2 ,0.000000,0.000000,0.000,0.000,AP
2026-05-15 07:21:04,1900-01-00 00:00:00,,9C:2F:9D:82:20:A3,-17,,0.000000,0.000000,0.000,0.000,Client
2026-05-15 07:21:04,1900-01-00 00:00:00,dlink-615_EXT,40:86:CB:27:D2:0C,-17, WPA2 ,0.000000,0.000000,0.000,0.000,AP
2026-05-15 07:21:04,1900-01-00 00:00:00,,9C:2F:9D:82:20:A3,-17,,0.000000,0.000000,0.000,0.000,Client
2026-05-15 07:21:04,1900-01-00 00:00:00,dlink-615_EXT,40:86:CB:27:D2:0C,-17, WPA2 ,0.000000,0.000000,0.000,0.000,AP
2026-05-15 07:21:04,1900-01-00 00:00:00,,9C:2F:9D:82:20:A3,-17,,0.000000,0.000000,0.000,0.000,Client
2026-05-15 07:21:04,1900-01-00 00:00:00,dlink-615_EXT,40:86:CB:27:D2:0C,-17, WPA2 ,0.000000,0.000000,0.000,0.000,AP
2026-05-15 07:21:04,1900-01-00 00:00:00,,9C:2F:9D:82:20:A3,-17,,0.000000,0.000000,0.000,0.000,Client
2026-05-15 07:21:04,1900-01-00 00:00:00,dlink-615_EXT,40:86:CB:27:D2:0C,-17, WPA2 ,0.000000,0.000000,0.000,0.000,AP
2026-05-15 07:21:04,1900-01-00 00:00:00,,9C:2F:9D:82:20:A3,-17,,0.000000,0.000000,0.000,0.000,Client
2026-05-15 07:21:04,1900-01-00 00:00:00,dlink-615_EXT,40:86:CB:27:D2:0C,-17, WPA2 ,0.000000,0.000000,0.000,0.000,AP
2026-05-15 07:21:04,1900-01-00 00:00:00,,9C:2F:9D:82:20:A3,-17,,0.000000,0.000000,0.000,0.000,Client
2026-05-15 07:21:04,1900-01-00 00:00:00,dlink-615_EXT,40:86:CB:27:D2:0C,-17, WPA2 ,0.000000,0.000000,0.000,0.000,AP
2026-05-15 07:21:04,1900-01-00 00:00:00,,9C:2F:9D:82:20:A3,-17,,0.000000,0.000000,0.000,0.000,Client
2026-05-15 07:21:04,1900-01-00 00:00:00,dlink-615_EXT,40:86:CB:27:D2:0C,-17, WPA2 ,0.000000,0.000000,0.000,0.000,AP
2026-05-15 07:21:04,1900-01-00 00:00:00,,9C:2F:9D:82:20:A3,-17,,0.000000,0.000000,0.000,0.000,Client
2026-05-15 07:21:04,1900-01-00 00:00:00,dlink-615_EXT,40:86:CB:27:D2:0C,-17, WPA2 ,0.000000,0.000000,0.000,0.000,AP
2026-05-15 07:21:04,1900-01-00 00:00:00,,9C:2F:9D:82:20:A3,-17,,0.000000,0.000000,0.000,0.000,Client
2026-05-15 07:21:04,1900-01-00 00:00:00,dlink-615_EXT,40:86:CB:27:D2:0C,-17, WPA2 ,0.000000,0.000000,0.000,0.000,AP
2026-05-15 07:21:04,1900-01-00 00:00:00,,9C:2F:9D:82:20:A3,-17,,0.000000,0.000000,0.000,0.000,Client
2026-05-15 07:21:04,1900-01-00 00:00:00,dlink-615_EXT,40:86:CB:27:D2:0C,-17, WPA2 ,0.000000,0.000000,0.000,0.000,AP
2026-05-15 07:21:04,1900-01-00 00:00:00,,9C:2F:9D:82:20:A3,-17,,0.000000,0.000000,0.000,0.000,Client
2026-05-15 07:21:04,1900-01-00 00:00:00,dlink-615_EXT,40:86:CB:27:D2:0C,-17, WPA2 ,0.000000,0.000000,0.000,0.000,AP
2026-05-15 07:21:04,1900-01-00 00:00:00,,9C:2F:9D:82:20:A3,-17,,0.000000,0.000000,0.000,0.000,Client
2026-05-15 07:21:04,1900-01-00 00:00:00,dlink-615_EXT,40:86:CB:27:D2:0C,-17, WPA2 ,0.000000,0.000000,0.000,0.000,AP
2026-05-15 07:21:04,1900-01-00 00:00:00,,9C:2F:9D:82:20:A3,-17,,0.000000,0.000000,0.000,0.000,Client
2026-05-15 07:21:04,1900-01-00 00:00:00,dlink-615_EXT,40:86:CB:27:D2:0C,-17, WPA2 ,0.000000,0.000000,0.000,0.000,AP
2026-05-15 07:21:04,1900-01-00 00:00:00,,9C:2F:9D:82:20:A3,-17,,0.000000,0.000000,0.000,0.000,Client
2026-05-15 07:21:04,1900-01-00 00:00:00,dlink-615_EXT,40:86:CB:27:D2:0C,-17, WPA2 ,0.000000,0.000000,0.000,0.000,AP
2026-05-15 07:21:04,1900-01-00 00:00:00,,9C:2F:9D:82:20:A3,-17,,0.000000,0.000000,0.000,0.000,Client
2026-05-15 07:21:04,1900-01-00 00:00:00,dlink-615_EXT,40:86:CB:27:D2:0C,-17, WPA2 ,0.000000,0.000000,0.000,0.000,AP
2026-05-15 07:21:04,1900-01-00 00:00:00,,9C:2F:9D:82:20:A3,-17,,0.000000,0.000000,0.000,0.000,Client
2026-05-15 07:21:04,1900-01-00 00:00:00,dlink-615_EXT,40:86:CB:27:D2:0C,-17, WPA2 ,0.000000,0.000000,0.000,0.000,AP
2026-05-15 07:21:04,1900-01-00 00:00:00,,9C:2F:9D:82:20:A3,-17,,0.000000,0.000000,0.000,0.000,Client
2026-05-15 07:21:04,1900-01-00 00:00:00,dlink-615_EXT,40:86:CB:27:D2:0C,-17, WPA2 ,0.000000,0.000000,0.000,0.000,AP
2026-05-15 07:21:04,1900-01-00 00:00:00,,9C:2F:9D:82:20:A3,-17,,0.000000,0.000000,0.000,0.000,Client
2026-05-15 07:21:04,1900-01-00 00:00:00,dlink-615_EXT,40:86:CB:27:D2:0C,-17, WPA2 ,0.000000,0.000000,0.000,0.000,AP
2026-05-15 07:21:04,1900-01-00 00:00:00,,9C:2F:9D:82:20:A3,-17,,0.000000,0.000000,0.000,0.000,Client
2026-05-15 07:21:04,1900-01-00 00:00:00,dlink-615_EXT,40:86:CB:27:D2:0C,-17, WPA2 ,0.000000,0.000000,0.000,0.000,AP
2026-05-15 07:21:04,1900-01-00 00:00:00,,9C:2F:9D:82:20:A3,-17,,0.000000,0.000000,0.000,0.000,Client
2026-05-15 07:21:04,1900-01-00 00:00:00,dlink-615_EXT,40:86:CB:27:D2:0C,-17, WPA2 ,0.000000,0.000000,0.000,0.000,AP
2026-05-15 07:21:04,1900-01-00 00:00:00,,9C:2F:9D:82:20:A3,-17,,0.000000,0.000000,0.000,0.000,Client
2026-05-15 07:21:04,1900-01-00 00:00:00,dlink-615_EXT,40:86:CB:27:D2:0C,-17, WPA2 ,0.000000,0.000000,0.000,0.000,AP
2026-05-15 07:21:04,1900-01-00 00:00:00,,9C:2F:9D:82:20:A3,-17,,0.000000,0.000000,0.000,0.000,Client
2026-05-15 07:21:04,1900-01-00 00:00:00,dlink-615_EXT,40:86:CB:27:D2:0C,-17, WPA2 ,0.000000,0.000000,0.000,0.000,AP
2026-05-15 07:21:04,1900-01-00 00:00:00,,9C:2F:9D:82:20:A3,-17,,0.000000,0.000000,0.000,0.000,Client
2026-05-15 07:21:04,1900-01-00 00:00:00,dlink-615_EXT,40:86:CB:27:D2:0C,-17, WPA2 ,0.000000,0.000000,0.000,0.000,AP
2026-05-15 07:21:04,1900-01-00 00:00:00,,9C:2F:9D:82:20:A3,-17,,0.000000,0.000000,0.000,0.000,Client
2026-05-15 07:21:04,1900-01-00 00:00:00,dlink-615_EXT,40:86:CB:27:D2:0C,-17, WPA2 ,0.000000,0.000000,0.000,0.000,AP
2026-05-15 07:21:04,1900-01-00 00:00:00,,9C:2F:9D:82:20:A3,-17,,0.000000,0.000000,0.000,0.000,Client
2026-05-15 07:21:04,1900-01-00 00:00:00,dlink-615_EXT,40:86:CB:27:D2:0C,-17, WPA2 ,0.000000,0.000000,0.000,0.000,AP
2026-05-15 07:21:04,1900-01-00 00:00:00,,9C:2F:9D:82:20:A3,-17,,0.000000,0.000000,0.000,0.000,Client
2026-05-15 07:21:04,1900-01-00 00:00:00,dlink-615_EXT,40:86:CB:27:D2:0C,-17, WPA2 ,0.000000,0.000000,0.000,0.000,AP
2026-05-15 07:21:04,1900-01-00 00:00:00,,9C:2F:9D:82:20:A3,-17,,0.000000,0.000000,0.000,0.000,Client
2026-05-15 07:21:04,1900-01-00 00:00:00,dlink-615_EXT,40:86:CB:27:D2:0C,-17, WPA2 ,0.000000,0.000000,0.000,0.000,AP
2026-05-15 07:21:04,1900-01-00 00:00:00,,9C:2F:9D:82:20:A3,-17,,0.000000,0.000000,0.000,0.000,Client
2026-05-15 07:21:04,1900-01-00 00:00:00,dlink-615_EXT,40:86:CB:27:D2:0C,-17, WPA2 ,0.000000,0.000000,0.000,0.000,AP
2026-05-15 07:21:04,1900-01-00 00:00:00,,9C:2F:9D:82:20:A3,-17,,0.000000,0.000000,0.000,0.000,Client
2026-05-15 07:21:04,1900-01-00 00:00:00,dlink-615_EXT,40:86:CB:27:D2:0C,-17, WPA2 ,0.000000,0.000000,0.000,0.000,AP
2026-05-15 07:21:04,1900-01-00 00:00:00,,9C:2F:9D:82:20:A3,-17,,0.000000,0.000000,0.000,0.000,Client
2026-05-15 07:21:04,1900-01-00 00:00:00,dlink-615_EXT,40:86:CB:27:D2:0C,-17, WPA2 ,0.000000,0.000000,0.000,0.000,AP
2026-05-15 07:21:04,1900-01-00 00:00:00,,9C:2F:9D:82:20:A3,-17,,0.000000,0.000000,0.000,0.000,Client
2026-05-15 07:21:04,1900-01-00 00:00:00,dlink-615_EXT,40:86:CB:27:D2:0C,-17, WPA2 ,0.000000,0.000000,0.000,0.000,AP
2026-05-15 07:21:04,1900-01-00 00:00:00,,9C:2F:9D:82:20:A3,-17,,0.000000,0.000000,0.000,0.000,Client
2026-05-15 07:21:04,1900-01-00 00:00:00,dlink-615_EXT,40:86:CB:27:D2:0C,-17, WPA2 ,0.000000,0.000000,0.000,0.000,AP
2026-05-15 07:21:04,1900-01-00 00:00:00,,9C:2F:9D:82:20:A3,-17,,0.000000,0.000000,0.000,0.000,Client
2026-05-15 07:21:04,1900-01-00 00:00:00,dlink-615_EXT,40:86:CB:27:D2:0C,-17, WPA2 ,0.000000,0.000000,0.000,0.000,AP
2026-05-15 07:21:04,1900-01-00 00:00:00,,9C:2F:9D:82:20:A3,-17,,0.000000,0.000000,0.000,0.000,Client
2026-05-15 07:21:04,1900-01-00 00:00:00,dlink-615_EXT,40:86:CB:27:D2:0C,-17, WPA2 ,0.000000,0.000000,0.000,0.000,AP
2026-05-15 07:21:04,1900-01-00 00:00:00,,9C:2F:9D:82:20:A3,-17,,0.000000,0.000000,0.000,0.000,Client
2026-05-15 07:21:04,1900-01-00 00:00:00,dlink-615_EXT,40:86:CB:27:D2:0C,-17, WPA2 ,0.000000,0.000000,0.000,0.000,AP
2026-05-15 07:21:04,1900-01-00 00:00:00,,9C:2F:9D:82:20:A3,-17,,0.000000,0.000000,0.000,0.000,Client
2026-05-15 07:21:04,1900-01-00 00:00:00,dlink-615_EXT,40:86:CB:27:D2:0C,-17, WPA2 ,0.000000,0.000000,0.000,0.000,AP
2026-05-15 07:21:04,1900-01-00 00:00:00,,9C:2F:9D:82:20:A3,-17,,0.000000,0.000000,0.000,0.000,Client
2026-05-15 07:21:04,1900-01-00 00:00:00,dlink-615_EXT,40:86:CB:27:D2:0C,-17, WPA2 ,0.000000,0.000000,0.000,0.000,AP
2026-05-15 07:21:04,1900-01-00 00:00:00,,9C:2F:9D:82:20:A3,-17,,0.000000,0.000000,0.000,0.000,Client
2026-05-15 07:21:04,1900-01-00 00:00:00,dlink-615_EXT,40:86:CB:27:D2:0C,-17, WPA2 ,0.000000,0.000000,0.000,0.000,AP
2026-05-15 07:21:04,1900-01-00 00:00:00,,9C:2F:9D:82:20:A3,-17,,0.000000,0.000000,0.000,0.000,Client
2026-05-15 07:21:04,1900-01-00 00:00:00,dlink-615_EXT,40:86:CB:27:D2:0C,-17, WPA2 ,0.000000,0.000000,0.000,0.000,AP
2026-05-15 07:21:04,1900-01-00 00:00:00,,9C:2F:9D:82:20:A3,-17,,0.000000,0.000000,0.000,0.000,Client
2026-05-15 07:21:04,1900-01-00 00:00:00,dlink-615_EXT,40:86:CB:27:D2:0C,-17, WPA2 ,0.000000,0.000000,0.000,0.000,AP
2026-05-15 07:21:04,1900-01-00 00:00:00,,9C:2F:9D:82:20:A3,-17,,0.000000,0.000000,0.000,0.000,Client
2026-05-15 07:21:04,1900-01-00 00:00:00,dlink-615_EXT,40:86:CB:27:D2:0C,-17, WPA2 ,0.000000,0.000000,0.000,0.000,AP
2026-05-15 07:21:04,1900-01-00 00:00:00,,9C:2F:9D:82:20:A3,-17,,0.000000,0.000000,0.000,0.000,Client
2026-05-15 07:21:04,1900-01-00 00:00:00,dlink-615_EXT,40:86:CB:27:D2:0C,-17, WPA2 ,0.000000,0.000000,0.000,0.000,AP
2026-05-15 07:21:04,1900-01-00 00:00:00,,9C:2F:9D:82:20:A3,-17,,0.000000,0.000000,0.000,0.000,Client
2026-05-15 07:21:04,1900-01-00 00:00:00,dlink-615_EXT,40:86:CB:27:D2:0C,-17, WPA2 ,0.000000,0.000000,0.000,0.000,AP
2026-05-15 07:21:04,1900-01-00 00:00:00,,9C:2F:9D:82:20:A3,-17,,0.000000,0.000000,0.000,0.000,Client
2026-05-15 07:21:04,1900-01-00 00:00:00,dlink-615_EXT,40:86:CB:27:D2:0C,-17, WPA2 ,0.000000,0.000000,0.000,0.000,AP
2026-05-15 07:21:04,1900-01-00 00:00:00,,9C:2F:9D:82:20:A3,-17,,0.000000,0.000000,0.000,0.000,Client
2026-05-15 07:21:04,1900-01-00 00:00:00,dlink-615_EXT,40:86:CB:27:D2:0C,-17, WPA2 ,0.000000,0.000000,0.000,0.000,AP
2026-05-15 07:21:04,1900-01-00 00:00:00,,9C:2F:9D:82:20:A3,-17,,0.000000,0.000000,0.000,0.000,Client
2026-05-15 07:21:04,1900-01-00 00:00:00,dlink-615_EXT,40:86:CB:27:D2:0C,-17, WPA2 ,0.000000,0.000000,0.000,0.000,AP
2026-05-15 07:21:04,1900-01-00 00:00:00,,9C:2F:9D:82:20:A3,-17,,0.000000,0.000000,0.000,0.000,Client
