LocalTime, GPSTime, ESSID, BSSID, Power, Security, Latitude, Longitude, Latitude Error, Longitude Error, Type
2025-12-26 17:24:39,1900-01-00 00:00:00,,40:86:CB:27:D2:0C,-35, ,0.000000,0.000000,0.000,0.000,AP
2025-12-26 17:24:39,1900-01-00 00:00:00,dlink-615_EXT,40:86:CB:27:D2:0C,-37, WPA2 ,0.000000,0.000000,0.000,0.000,AP
2025-12-26 17:24:39,1900-01-00 00:00:00,dlink-615_EXT,40:86:CB:27:D2:0C,-37, WPA2 ,0.000000,0.000000,0.000,0.000,AP
2025-12-26 17:24:39,1900-01-00 00:00:00,dlink-615_EXT,40:86:CB:27:D2:0C,-34, WPA2 ,0.000000,0.000000,0.000,0.000,AP
2025-12-26 17:24:39,1900-01-00 00:00:00,dlink-615_EXT,40:86:CB:27:D2:0C,-35, WPA2 ,0.000000,0.000000,0.000,0.000,AP
2025-12-26 17:24:39,1900-01-00 00:00:00,,9C:2F:9D:82:20:A3,-43,,0.000000,0.000000,0.000,0.000,Client
2025-12-26 17:24:39,1900-01-00 00:00:00,dlink-615_EXT,40:86:CB:27:D2:0C,-36, WPA2 ,0.000000,0.000000,0.000,0.000,AP
2025-12-26 17:24:40,1900-01-00 00:00:00,dlink-615_EXT,40:86:CB:27:D2:0C,-35, WPA2 ,0.000000,0.000000,0.000,0.000,AP
2025-12-26 17:24:40,1900-01-00 00:00:00,,DC:A6:32:F8:A7:D6,-19,,0.000000,0.000000,0.000,0.000,Client
2025-12-26 17:24:40,1900-01-00 00:00:00,dlink-615_EXT,40:86:CB:27:D2:0C,-37, WPA2 ,0.000000,0.000000,0.000,0.000,AP
2025-12-26 17:24:40,1900-01-00 00:00:00,dlink-615_EXT,40:86:CB:27:D2:0C,-35, WPA2 ,0.000000,0.000000,0.000,0.000,AP
2025-12-26 17:24:40,1900-01-00 00:00:00,dlink-615_EXT,40:86:CB:27:D2:0C,-34, WPA2 ,0.000000,0.000000,0.000,0.000,AP
2025-12-26 17:24:40,1900-01-00 00:00:00,dlink-615_EXT,40:86:CB:27:D2:0C,-37, WPA2 ,0.000000,0.000000,0.000,0.000,AP
2025-12-26 17:24:40,1900-01-00 00:00:00,dlink-615_EXT,40:86:CB:27:D2:0C,-35, WPA2 ,0.000000,0.000000,0.000,0.000,AP
2025-12-26 17:24:40,1900-01-00 00:00:00,dlink-615_EXT,40:86:CB:27:D2:0C,-34, WPA2 ,0.000000,0.000000,0.000,0.000,AP
2025-12-26 17:24:40,1900-01-00 00:00:00,dlink-615_EXT,40:86:CB:27:D2:0C,-35, WPA2 ,0.000000,0.000000,0.000,0.000,AP
2025-12-26 17:24:40,1900-01-00 00:00:00,,9C:2F:9D:82:20:A3,-39,,0.000000,0.000000,0.000,0.000,Client
2025-12-26 17:24:40,1900-01-00 00:00:00,dlink-615_EXT,40:86:CB:27:D2:0C,-37, WPA2 ,0.000000,0.000000,0.000,0.000,AP
2025-12-26 17:24:40,1900-01-00 00:00:00,dlink-615_EXT,40:86:CB:27:D2:0C,-35, WPA2 ,0.000000,0.000000,0.000,0.000,AP
2025-12-26 17:24:40,1900-01-00 00:00:00,,9C:2F:9D:82:20:A3,-40,,0.000000,0.000000,0.000,0.000,Client
2025-12-26 17:24:40,1900-01-00 00:00:00,dlink-615_EXT,40:86:CB:27:D2:0C,-35, WPA2 ,0.000000,0.000000,0.000,0.000,AP
2025-12-26 17:24:40,1900-01-00 00:00:00,dlink-615_EXT,40:86:CB:27:D2:0C,-35, WPA2 ,0.000000,0.000000,0.000,0.000,AP
2025-12-26 17:24:40,1900-01-00 00:00:00,dlink-615_EXT,40:86:CB:27:D2:0C,-34, WPA2 ,0.000000,0.000000,0.000,0.000,AP
2025-12-26 17:24:40,1900-01-00 00:00:00,dlink-615_EXT,40:86:CB:27:D2:0C,-34, WPA2 ,0.000000,0.000000,0.000,0.000,AP
2025-12-26 17:24:41,1900-01-00 00:00:00,dlink-615_EXT,40:86:CB:27:D2:0C,-37, WPA2 ,0.000000,0.000000,0.000,0.000,AP
2025-12-26 17:24:41,1900-01-00 00:00:00,dlink-615_EXT,40:86:CB:27:D2:0C,-34, WPA2 ,0.000000,0.000000,0.000,0.000,AP
2025-12-26 17:24:41,1900-01-00 00:00:00,,DC:A6:32:F8:A7:D6,-18,,0.000000,0.000000,0.000,0.000,Client
2025-12-26 17:24:41,1900-01-00 00:00:00,dlink-615_EXT,40:86:CB:27:D2:0C,-35, WPA2 ,0.000000,0.000000,0.000,0.000,AP
2025-12-26 17:24:41,1900-01-00 00:00:00,dlink-615_EXT,40:86:CB:27:D2:0C,-34, WPA2 ,0.000000,0.000000,0.000,0.000,AP
2025-12-26 17:24:41,1900-01-00 00:00:00,dlink-615_EXT,40:86:CB:27:D2:0C,-35, WPA2 ,0.000000,0.000000,0.000,0.000,AP
2025-12-26 17:24:41,1900-01-00 00:00:00,dlink-615_EXT,40:86:CB:27:D2:0C,-34, WPA2 ,0.000000,0.000000,0.000,0.000,AP
2025-12-26 17:24:42,1900-01-00 00:00:00,dlink-615_EXT,40:86:CB:27:D2:0C,-33, WPA2 ,0.000000,0.000000,0.000,0.000,AP
2025-12-26 17:24:42,1900-01-00 00:00:00,,DC:A6:32:F8:A7:D6,-21,,0.000000,0.000000,0.000,0.000,Client
2025-12-26 17:24:42,1900-01-00 00:00:00,,9C:2F:9D:82:20:A3,-47,,0.000000,0.000000,0.000,0.000,Client
2025-12-26 17:24:42,1900-01-00 00:00:00,dlink-615_EXT,40:86:CB:27:D2:0C,-34, WPA2 ,0.000000,0.000000,0.000,0.000,AP
2025-12-26 17:24:42,1900-01-00 00:00:00,dlink-615_EXT,40:86:CB:27:D2:0C,-34, WPA2 ,0.000000,0.000000,0.000,0.000,AP
2025-12-26 17:24:42,1900-01-00 00:00:00,,9C:2F:9D:82:20:A3,-46,,0.000000,0.000000,0.000,0.000,Client
2025-12-26 17:24:42,1900-01-00 00:00:00,dlink-615_EXT,40:86:CB:27:D2:0C,-34, WPA2 ,0.000000,0.000000,0.000,0.000,AP
2025-12-26 17:24:42,1900-01-00 00:00:00,dlink-615_EXT,40:86:CB:27:D2:0C,-33, WPA2 ,0.000000,0.000000,0.000,0.000,AP
2025-12-26 17:24:42,1900-01-00 00:00:00,dlink-615_EXT,40:86:CB:27:D2:0C,-34, WPA2 ,0.000000,0.000000,0.000,0.000,AP
2025-12-26 17:24:42,1900-01-00 00:00:00,dlink-615_EXT,40:86:CB:27:D2:0C,-34, WPA2 ,0.000000,0.000000,0.000,0.000,AP
2025-12-26 17:24:42,1900-01-00 00:00:00,,9C:2F:9D:82:20:A3,-45,,0.000000,0.000000,0.000,0.000,Client
2025-12-26 17:24:43,1900-01-00 00:00:00,dlink-615_EXT,40:86:CB:27:D2:0C,-34, WPA2 ,0.000000,0.000000,0.000,0.000,AP
2025-12-26 17:24:43,1900-01-00 00:00:00,,9C:2F:9D:82:20:A3,-45,,0.000000,0.000000,0.000,0.000,Client
2025-12-26 17:24:43,1900-01-00 00:00:00,dlink-615_EXT,40:86:CB:27:D2:0C,-36, WPA2 ,0.000000,0.000000,0.000,0.000,AP
2025-12-26 17:24:43,1900-01-00 00:00:00,dlink-615_EXT,40:86:CB:27:D2:0C,-34, WPA2 ,0.000000,0.000000,0.000,0.000,AP
2025-12-26 17:24:43,1900-01-00 00:00:00,dlink-615_EXT,40:86:CB:27:D2:0C,-35, WPA2 ,0.000000,0.000000,0.000,0.000,AP
2025-12-26 17:24:43,1900-01-00 00:00:00,dlink-615_EXT,40:86:CB:27:D2:0C,-33, WPA2 ,0.000000,0.000000,0.000,0.000,AP
2025-12-26 17:24:43,1900-01-00 00:00:00,dlink-615_EXT,40:86:CB:27:D2:0C,-33, WPA2 ,0.000000,0.000000,0.000,0.000,AP
2025-12-26 17:24:43,1900-01-00 00:00:00,dlink-615_EXT,40:86:CB:27:D2:0C,-34, WPA2 ,0.000000,0.000000,0.000,0.000,AP
2025-12-26 17:24:43,1900-01-00 00:00:00,dlink-615_EXT,40:86:CB:27:D2:0C,-37, WPA2 ,0.000000,0.000000,0.000,0.000,AP
2025-12-26 17:24:43,1900-01-00 00:00:00,dlink-615_EXT,40:86:CB:27:D2:0C,-35, WPA2 ,0.000000,0.000000,0.000,0.000,AP
2025-12-26 17:24:43,1900-01-00 00:00:00,dlink-615_EXT,40:86:CB:27:D2:0C,-33, WPA2 ,0.000000,0.000000,0.000,0.000,AP
2025-12-26 17:24:43,1900-01-00 00:00:00,,DC:A6:32:F8:A7:D6,-17,,0.000000,0.000000,0.000,0.000,Client
2025-12-26 17:24:43,1900-01-00 00:00:00,dlink-615_EXT,40:86:CB:27:D2:0C,-37, WPA2 ,0.000000,0.000000,0.000,0.000,AP
2025-12-26 17:24:43,1900-01-00 00:00:00,,9C:2F:9D:82:20:A3,-44,,0.000000,0.000000,0.000,0.000,Client
2025-12-26 17:24:43,1900-01-00 00:00:00,dlink-615_EXT,40:86:CB:27:D2:0C,-36, WPA2 ,0.000000,0.000000,0.000,0.000,AP
2025-12-26 17:24:43,1900-01-00 00:00:00,dlink-615_EXT,40:86:CB:27:D2:0C,-34, WPA2 ,0.000000,0.000000,0.000,0.000,AP
2025-12-26 17:24:43,1900-01-00 00:00:00,dlink-615_EXT,40:86:CB:27:D2:0C,-34, WPA2 ,0.000000,0.000000,0.000,0.000,AP
2025-12-26 17:24:43,1900-01-00 00:00:00,,9C:2F:9D:82:20:A3,-45,,0.000000,0.000000,0.000,0.000,Client
2025-12-26 17:24:43,1900-01-00 00:00:00,dlink-615_EXT,40:86:CB:27:D2:0C,-33, WPA2 ,0.000000,0.000000,0.000,0.000,AP
2025-12-26 17:24:43,1900-01-00 00:00:00,dlink-615_EXT,40:86:CB:27:D2:0C,-35, WPA2 ,0.000000,0.000000,0.000,0.000,AP
2025-12-26 17:24:43,1900-01-00 00:00:00,dlink-615_EXT,40:86:CB:27:D2:0C,-34, WPA2 ,0.000000,0.000000,0.000,0.000,AP
2025-12-26 17:24:43,1900-01-00 00:00:00,,9C:2F:9D:82:20:A3,-39,,0.000000,0.000000,0.000,0.000,Client
2025-12-26 17:24:43,1900-01-00 00:00:00,dlink-615_EXT,40:86:CB:27:D2:0C,-34, WPA2 ,0.000000,0.000000,0.000,0.000,AP
2025-12-26 17:24:43,1900-01-00 00:00:00,dlink-615_EXT,40:86:CB:27:D2:0C,-33, WPA2 ,0.000000,0.000000,0.000,0.000,AP
2025-12-26 17:24:43,1900-01-00 00:00:00,dlink-615_EXT,40:86:CB:27:D2:0C,-33, WPA2 ,0.000000,0.000000,0.000,0.000,AP
2025-12-26 17:24:44,1900-01-00 00:00:00,,9C:2F:9D:82:20:A3,-40,,0.000000,0.000000,0.000,0.000,Client
2025-12-26 17:24:44,1900-01-00 00:00:00,dlink-615_EXT,40:86:CB:27:D2:0C,-34, WPA2 ,0.000000,0.000000,0.000,0.000,AP
2025-12-26 17:24:44,1900-01-00 00:00:00,dlink-615_EXT,40:86:CB:27:D2:0C,-33, WPA2 ,0.000000,0.000000,0.000,0.000,AP
2025-12-26 17:24:44,1900-01-00 00:00:00,dlink-615_EXT,40:86:CB:27:D2:0C,-34, WPA2 ,0.000000,0.000000,0.000,0.000,AP
2025-12-26 17:24:44,1900-01-00 00:00:00,dlink-615_EXT,40:86:CB:27:D2:0C,-35, WPA2 ,0.000000,0.000000,0.000,0.000,AP
2025-12-26 17:24:44,1900-01-00 00:00:00,dlink-615_EXT,40:86:CB:27:D2:0C,-35, WPA2 ,0.000000,0.000000,0.000,0.000,AP
2025-12-26 17:24:44,1900-01-00 00:00:00,dlink-615_EXT,40:86:CB:27:D2:0C,-34, WPA2 ,0.000000,0.000000,0.000,0.000,AP
2025-12-26 17:24:44,1900-01-00 00:00:00,dlink-615_EXT,40:86:CB:27:D2:0C,-35, WPA2 ,0.000000,0.000000,0.000,0.000,AP
2025-12-26 17:24:44,1900-01-00 00:00:00,dlink-615_EXT,40:86:CB:27:D2:0C,-37, WPA2 ,0.000000,0.000000,0.000,0.000,AP
2025-12-26 17:24:44,1900-01-00 00:00:00,dlink-615_EXT,40:86:CB:27:D2:0C,-33, WPA2 ,0.000000,0.000000,0.000,0.000,AP
2025-12-26 17:24:44,1900-01-00 00:00:00,dlink-615_EXT,40:86:CB:27:D2:0C,-34, WPA2 ,0.000000,0.000000,0.000,0.000,AP
2025-12-26 17:24:44,1900-01-00 00:00:00,dlink-615_EXT,40:86:CB:27:D2:0C,-33, WPA2 ,0.000000,0.000000,0.000,0.000,AP
2025-12-26 17:24:44,1900-01-00 00:00:00,dlink-615_EXT,40:86:CB:27:D2:0C,-34, WPA2 ,0.000000,0.000000,0.000,0.000,AP
2025-12-26 17:24:44,1900-01-00 00:00:00,dlink-615_EXT,40:86:CB:27:D2:0C,-35, WPA2 ,0.000000,0.000000,0.000,0.000,AP
2025-12-26 17:24:44,1900-01-00 00:00:00,dlink-615_EXT,40:86:CB:27:D2:0C,-35, WPA2 ,0.000000,0.000000,0.000,0.000,AP
2025-12-26 17:24:44,1900-01-00 00:00:00,dlink-615_EXT,40:86:CB:27:D2:0C,-37, WPA2 ,0.000000,0.000000,0.000,0.000,AP
2025-12-26 17:24:44,1900-01-00 00:00:00,dlink-615_EXT,40:86:CB:27:D2:0C,-37, WPA2 ,0.000000,0.000000,0.000,0.000,AP
2025-12-26 17:24:44,1900-01-00 00:00:00,dlink-615_EXT,40:86:CB:27:D2:0C,-34, WPA2 ,0.000000,0.000000,0.000,0.000,AP
2025-12-26 17:24:44,1900-01-00 00:00:00,dlink-615_EXT,40:86:CB:27:D2:0C,-34, WPA2 ,0.000000,0.000000,0.000,0.000,AP
2025-12-26 17:24:44,1900-01-00 00:00:00,dlink-615_EXT,40:86:CB:27:D2:0C,-34, WPA2 ,0.000000,0.000000,0.000,0.000,AP
2025-12-26 17:24:44,1900-01-00 00:00:00,dlink-615_EXT,40:86:CB:27:D2:0C,-35, WPA2 ,0.000000,0.000000,0.000,0.000,AP
2025-12-26 17:24:44,1900-01-00 00:00:00,dlink-615_EXT,40:86:CB:27:D2:0C,-37, WPA2 ,0.000000,0.000000,0.000,0.000,AP
2025-12-26 17:24:44,1900-01-00 00:00:00,,9C:2F:9D:82:20:A3,-45,,0.000000,0.000000,0.000,0.000,Client
2025-12-26 17:24:44,1900-01-00 00:00:00,dlink-615_EXT,40:86:CB:27:D2:0C,-34, WPA2 ,0.000000,0.000000,0.000,0.000,AP
2025-12-26 17:24:44,1900-01-00 00:00:00,,9C:2F:9D:82:20:A3,-45,,0.000000,0.000000,0.000,0.000,Client
2025-12-26 17:24:44,1900-01-00 00:00:00,dlink-615_EXT,40:86:CB:27:D2:0C,-35, WPA2 ,0.000000,0.000000,0.000,0.000,AP
2025-12-26 17:24:44,1900-01-00 00:00:00,dlink-615_EXT,40:86:CB:27:D2:0C,-34, WPA2 ,0.000000,0.000000,0.000,0.000,AP
2025-12-26 17:24:44,1900-01-00 00:00:00,dlink-615_EXT,40:86:CB:27:D2:0C,-35, WPA2 ,0.000000,0.000000,0.000,0.000,AP
2025-12-26 17:24:44,1900-01-00 00:00:00,dlink-615_EXT,40:86:CB:27:D2:0C,-34, WPA2 ,0.000000,0.000000,0.000,0.000,AP
2025-12-26 17:24:44,1900-01-00 00:00:00,dlink-615_EXT,40:86:CB:27:D2:0C,-35, WPA2 ,0.000000,0.000000,0.000,0.000,AP
2025-12-26 17:24:44,1900-01-00 00:00:00,dlink-615_EXT,40:86:CB:27:D2:0C,-36, WPA2 ,0.000000,0.000000,0.000,0.000,AP
2025-12-26 17:24:44,1900-01-00 00:00:00,dlink-615_EXT,40:86:CB:27:D2:0C,-35, WPA2 ,0.000000,0.000000,0.000,0.000,AP
2025-12-26 17:24:44,1900-01-00 00:00:00,dlink-615_EXT,40:86:CB:27:D2:0C,-34, WPA2 ,0.000000,0.000000,0.000,0.000,AP
2025-12-26 17:24:45,1900-01-00 00:00:00,dlink-615_EXT,40:86:CB:27:D2:0C,-36, WPA2 ,0.000000,0.000000,0.000,0.000,AP
2025-12-26 17:24:45,1900-01-00 00:00:00,dlink-615_EXT,40:86:CB:27:D2:0C,-33, WPA2 ,0.000000,0.000000,0.000,0.000,AP
2025-12-26 17:24:45,1900-01-00 00:00:00,dlink-615_EXT,40:86:CB:27:D2:0C,-35, WPA2 ,0.000000,0.000000,0.000,0.000,AP
2025-12-26 17:24:45,1900-01-00 00:00:00,dlink-615_EXT,40:86:CB:27:D2:0C,-36, WPA2 ,0.000000,0.000000,0.000,0.000,AP
2025-12-26 17:24:45,1900-01-00 00:00:00,dlink-615_EXT,40:86:CB:27:D2:0C,-35, WPA2 ,0.000000,0.000000,0.000,0.000,AP
2025-12-26 17:24:45,1900-01-00 00:00:00,dlink-615_EXT,40:86:CB:27:D2:0C,-35, WPA2 ,0.000000,0.000000,0.000,0.000,AP
2025-12-26 17:24:45,1900-01-00 00:00:00,dlink-615_EXT,40:86:CB:27:D2:0C,-34, WPA2 ,0.000000,0.000000,0.000,0.000,AP
2025-12-26 17:24:45,1900-01-00 00:00:00,dlink-615_EXT,40:86:CB:27:D2:0C,-34, WPA2 ,0.000000,0.000000,0.000,0.000,AP
2025-12-26 17:24:45,1900-01-00 00:00:00,dlink-615_EXT,40:86:CB:27:D2:0C,-34, WPA2 ,0.000000,0.000000,0.000,0.000,AP
2025-12-26 17:24:45,1900-01-00 00:00:00,dlink-615_EXT,40:86:CB:27:D2:0C,-34, WPA2 ,0.000000,0.000000,0.000,0.000,AP
2025-12-26 17:24:45,1900-01-00 00:00:00,dlink-615_EXT,40:86:CB:27:D2:0C,-34, WPA2 ,0.000000,0.000000,0.000,0.000,AP
2025-12-26 17:24:45,1900-01-00 00:00:00,dlink-615_EXT,40:86:CB:27:D2:0C,-36, WPA2 ,0.000000,0.000000,0.000,0.000,AP
2025-12-26 17:24:45,1900-01-00 00:00:00,,9C:2F:9D:82:20:A3,-45,,0.000000,0.000000,0.000,0.000,Client
2025-12-26 17:24:45,1900-01-00 00:00:00,dlink-615_EXT,40:86:CB:27:D2:0C,-35, WPA2 ,0.000000,0.000000,0.000,0.000,AP
2025-12-26 17:24:45,1900-01-00 00:00:00,dlink-615_EXT,40:86:CB:27:D2:0C,-35, WPA2 ,0.000000,0.000000,0.000,0.000,AP
2025-12-26 17:24:45,1900-01-00 00:00:00,dlink-615_EXT,40:86:CB:27:D2:0C,-35, WPA2 ,0.000000,0.000000,0.000,0.000,AP
2025-12-26 17:24:45,1900-01-00 00:00:00,,9C:2F:9D:82:20:A3,-44,,0.000000,0.000000,0.000,0.000,Client
2025-12-26 17:24:45,1900-01-00 00:00:00,dlink-615_EXT,40:86:CB:27:D2:0C,-33, WPA2 ,0.000000,0.000000,0.000,0.000,AP
2025-12-26 17:24:45,1900-01-00 00:00:00,dlink-615_EXT,40:86:CB:27:D2:0C,-33, WPA2 ,0.000000,0.000000,0.000,0.000,AP
2025-12-26 17:24:45,1900-01-00 00:00:00,dlink-615_EXT,40:86:CB:27:D2:0C,-37, WPA2 ,0.000000,0.000000,0.000,0.000,AP
2025-12-26 17:24:45,1900-01-00 00:00:00,dlink-615_EXT,40:86:CB:27:D2:0C,-36, WPA2 ,0.000000,0.000000,0.000,0.000,AP
2025-12-26 17:24:46,1900-01-00 00:00:00,dlink-615_EXT,40:86:CB:27:D2:0C,-33, WPA2 ,0.000000,0.000000,0.000,0.000,AP
2025-12-26 17:24:46,1900-01-00 00:00:00,dlink-615_EXT,40:86:CB:27:D2:0C,-36, WPA2 ,0.000000,0.000000,0.000,0.000,AP
2025-12-26 17:24:46,1900-01-00 00:00:00,dlink-615_EXT,40:86:CB:27:D2:0C,-33, WPA2 ,0.000000,0.000000,0.000,0.000,AP
2025-12-26 17:24:46,1900-01-00 00:00:00,dlink-615_EXT,40:86:CB:27:D2:0C,-35, WPA2 ,0.000000,0.000000,0.000,0.000,AP
2025-12-26 17:24:46,1900-01-00 00:00:00,dlink-615_EXT,40:86:CB:27:D2:0C,-37, WPA2 ,0.000000,0.000000,0.000,0.000,AP
2025-12-26 17:24:46,1900-01-00 00:00:00,dlink-615_EXT,40:86:CB:27:D2:0C,-33, WPA2 ,0.000000,0.000000,0.000,0.000,AP
2025-12-26 17:24:46,1900-01-00 00:00:00,dlink-615_EXT,40:86:CB:27:D2:0C,-34, WPA2 ,0.000000,0.000000,0.000,0.000,AP
2025-12-26 17:24:46,1900-01-00 00:00:00,dlink-615_EXT,40:86:CB:27:D2:0C,-33, WPA2 ,0.000000,0.000000,0.000,0.000,AP
2025-12-26 17:24:46,1900-01-00 00:00:00,dlink-615_EXT,40:86:CB:27:D2:0C,-37, WPA2 ,0.000000,0.000000,0.000,0.000,AP
2025-12-26 17:24:46,1900-01-00 00:00:00,dlink-615_EXT,40:86:CB:27:D2:0C,-37, WPA2 ,0.000000,0.000000,0.000,0.000,AP
2025-12-26 17:24:46,1900-01-00 00:00:00,dlink-615_EXT,40:86:CB:27:D2:0C,-34, WPA2 ,0.000000,0.000000,0.000,0.000,AP
2025-12-26 17:24:46,1900-01-00 00:00:00,dlink-615_EXT,40:86:CB:27:D2:0C,-37, WPA2 ,0.000000,0.000000,0.000,0.000,AP
2025-12-26 17:24:46,1900-01-00 00:00:00,dlink-615_EXT,40:86:CB:27:D2:0C,-34, WPA2 ,0.000000,0.000000,0.000,0.000,AP
2025-12-26 17:24:46,1900-01-00 00:00:00,dlink-615_EXT,40:86:CB:27:D2:0C,-35, WPA2 ,0.000000,0.000000,0.000,0.000,AP
2025-12-26 17:24:46,1900-01-00 00:00:00,dlink-615_EXT,40:86:CB:27:D2:0C,-34, WPA2 ,0.000000,0.000000,0.000,0.000,AP
2025-12-26 17:24:46,1900-01-00 00:00:00,dlink-615_EXT,40:86:CB:27:D2:0C,-35, WPA2 ,0.000000,0.000000,0.000,0.000,AP
2025-12-26 17:24:46,1900-01-00 00:00:00,dlink-615_EXT,40:86:CB:27:D2:0C,-33, WPA2 ,0.000000,0.000000,0.000,0.000,AP
2025-12-26 17:24:46,1900-01-00 00:00:00,,9C:2F:9D:82:20:A3,-45,,0.000000,0.000000,0.000,0.000,Client
2025-12-26 17:24:46,1900-01-00 00:00:00,dlink-615_EXT,40:86:CB:27:D2:0C,-34, WPA2 ,0.000000,0.000000,0.000,0.000,AP
2025-12-26 17:24:46,1900-01-00 00:00:00,dlink-615_EXT,40:86:CB:27:D2:0C,-37, WPA2 ,0.000000,0.000000,0.000,0.000,AP
2025-12-26 17:24:46,1900-01-00 00:00:00,dlink-615_EXT,40:86:CB:27:D2:0C,-34, WPA2 ,0.000000,0.000000,0.000,0.000,AP
2025-12-26 17:24:46,1900-01-00 00:00:00,,9C:2F:9D:82:20:A3,-45,,0.000000,0.000000,0.000,0.000,Client
2025-12-26 17:24:47,1900-01-00 00:00:00,dlink-615_EXT,40:86:CB:27:D2:0C,-36, WPA2 ,0.000000,0.000000,0.000,0.000,AP
2025-12-26 17:24:47,1900-01-00 00:00:00,dlink-615_EXT,40:86:CB:27:D2:0C,-35, WPA2 ,0.000000,0.000000,0.000,0.000,AP
2025-12-26 17:24:47,1900-01-00 00:00:00,dlink-615_EXT,40:86:CB:27:D2:0C,-35, WPA2 ,0.000000,0.000000,0.000,0.000,AP
2025-12-26 17:24:47,1900-01-00 00:00:00,dlink-615_EXT,40:86:CB:27:D2:0C,-36, WPA2 ,0.000000,0.000000,0.000,0.000,AP
2025-12-26 17:24:47,1900-01-00 00:00:00,dlink-615_EXT,40:86:CB:27:D2:0C,-34, WPA2 ,0.000000,0.000000,0.000,0.000,AP
2025-12-26 17:24:47,1900-01-00 00:00:00,dlink-615_EXT,40:86:CB:27:D2:0C,-35, WPA2 ,0.000000,0.000000,0.000,0.000,AP
2025-12-26 17:24:47,1900-01-00 00:00:00,dlink-615_EXT,40:86:CB:27:D2:0C,-35, WPA2 ,0.000000,0.000000,0.000,0.000,AP
2025-12-26 17:24:47,1900-01-00 00:00:00,dlink-615_EXT,40:86:CB:27:D2:0C,-34, WPA2 ,0.000000,0.000000,0.000,0.000,AP
2025-12-26 17:24:47,1900-01-00 00:00:00,dlink-615_EXT,40:86:CB:27:D2:0C,-33, WPA2 ,0.000000,0.000000,0.000,0.000,AP
2025-12-26 17:24:47,1900-01-00 00:00:00,dlink-615_EXT,40:86:CB:27:D2:0C,-34, WPA2 ,0.000000,0.000000,0.000,0.000,AP
2025-12-26 17:24:47,1900-01-00 00:00:00,dlink-615_EXT,40:86:CB:27:D2:0C,-35, WPA2 ,0.000000,0.000000,0.000,0.000,AP
2025-12-26 17:24:47,1900-01-00 00:00:00,dlink-615_EXT,40:86:CB:27:D2:0C,-36, WPA2 ,0.000000,0.000000,0.000,0.000,AP
2025-12-26 17:24:47,1900-01-00 00:00:00,,9C:2F:9D:82:20:A3,-40,,0.000000,0.000000,0.000,0.000,Client
2025-12-26 17:24:47,1900-01-00 00:00:00,dlink-615_EXT,40:86:CB:27:D2:0C,-35, WPA2 ,0.000000,0.000000,0.000,0.000,AP
2025-12-26 17:24:47,1900-01-00 00:00:00,dlink-615_EXT,40:86:CB:27:D2:0C,-38, WPA2 ,0.000000,0.000000,0.000,0.000,AP
2025-12-26 17:24:48,1900-01-00 00:00:00,dlink-615_EXT,40:86:CB:27:D2:0C,-36, WPA2 ,0.000000,0.000000,0.000,0.000,AP
2025-12-26 17:24:48,1900-01-00 00:00:00,,9C:2F:9D:82:20:A3,-39,,0.000000,0.000000,0.000,0.000,Client
2025-12-26 17:24:48,1900-01-00 00:00:00,dlink-615_EXT,40:86:CB:27:D2:0C,-35, WPA2 ,0.000000,0.000000,0.000,0.000,AP
2025-12-26 17:24:48,1900-01-00 00:00:00,dlink-615_EXT,40:86:CB:27:D2:0C,-39, WPA2 ,0.000000,0.000000,0.000,0.000,AP
2025-12-26 17:24:48,1900-01-00 00:00:00,dlink-615_EXT,40:86:CB:27:D2:0C,-37, WPA2 ,0.000000,0.000000,0.000,0.000,AP
2025-12-26 17:24:48,1900-01-00 00:00:00,,9C:2F:9D:82:20:A3,-38,,0.000000,0.000000,0.000,0.000,Client
2025-12-26 17:24:48,1900-01-00 00:00:00,dlink-615_EXT,40:86:CB:27:D2:0C,-39, WPA2 ,0.000000,0.000000,0.000,0.000,AP
2025-12-26 17:24:48,1900-01-00 00:00:00,dlink-615_EXT,40:86:CB:27:D2:0C,-36, WPA2 ,0.000000,0.000000,0.000,0.000,AP
2025-12-26 17:24:48,1900-01-00 00:00:00,,9C:2F:9D:82:20:A3,-40,,0.000000,0.000000,0.000,0.000,Client
2025-12-26 17:24:48,1900-01-00 00:00:00,dlink-615_EXT,40:86:CB:27:D2:0C,-36, WPA2 ,0.000000,0.000000,0.000,0.000,AP
2025-12-26 17:24:48,1900-01-00 00:00:00,dlink-615_EXT,40:86:CB:27:D2:0C,-39, WPA2 ,0.000000,0.000000,0.000,0.000,AP
2025-12-26 17:24:48,1900-01-00 00:00:00,dlink-615_EXT,40:86:CB:27:D2:0C,-37, WPA2 ,0.000000,0.000000,0.000,0.000,AP
2025-12-26 17:24:48,1900-01-00 00:00:00,dlink-615_EXT,40:86:CB:27:D2:0C,-40, WPA2 ,0.000000,0.000000,0.000,0.000,AP
2025-12-26 17:24:49,1900-01-00 00:00:00,dlink-615_EXT,40:86:CB:27:D2:0C,-35, WPA2 ,0.000000,0.000000,0.000,0.000,AP
2025-12-26 17:24:49,1900-01-00 00:00:00,dlink-615_EXT,40:86:CB:27:D2:0C,-37, WPA2 ,0.000000,0.000000,0.000,0.000,AP
2025-12-26 17:24:49,1900-01-00 00:00:00,dlink-615_EXT,40:86:CB:27:D2:0C,-38, WPA2 ,0.000000,0.000000,0.000,0.000,AP
2025-12-26 17:24:49,1900-01-00 00:00:00,dlink-615_EXT,40:86:CB:27:D2:0C,-37, WPA2 ,0.000000,0.000000,0.000,0.000,AP
2025-12-26 17:24:49,1900-01-00 00:00:00,,9C:2F:9D:82:20:A3,-45,,0.000000,0.000000,0.000,0.000,Client
2025-12-26 17:24:49,1900-01-00 00:00:00,dlink-615_EXT,40:86:CB:27:D2:0C,-37, WPA2 ,0.000000,0.000000,0.000,0.000,AP
2025-12-26 17:24:49,1900-01-00 00:00:00,,9C:2F:9D:82:20:A3,-42,,0.000000,0.000000,0.000,0.000,Client
2025-12-26 17:24:49,1900-01-00 00:00:00,dlink-615_EXT,40:86:CB:27:D2:0C,-38, WPA2 ,0.000000,0.000000,0.000,0.000,AP
2025-12-26 17:24:49,1900-01-00 00:00:00,dlink-615_EXT,40:86:CB:27:D2:0C,-37, WPA2 ,0.000000,0.000000,0.000,0.000,AP
2025-12-26 17:24:49,1900-01-00 00:00:00,,DC:A6:32:F8:A7:D6,-17,,0.000000,0.000000,0.000,0.000,Client
2025-12-26 17:24:49,1900-01-00 00:00:00,dlink-615_EXT,40:86:CB:27:D2:0C,-38, WPA2 ,0.000000,0.000000,0.000,0.000,AP
2025-12-26 17:24:49,1900-01-00 00:00:00,,DC:A6:32:F8:A7:D6,-18,,0.000000,0.000000,0.000,0.000,Client
2025-12-26 17:24:49,1900-01-00 00:00:00,dlink-615_EXT,40:86:CB:27:D2:0C,-39, WPA2 ,0.000000,0.000000,0.000,0.000,AP
2025-12-26 17:24:49,1900-01-00 00:00:00,dlink-615_EXT,40:86:CB:27:D2:0C,-38, WPA2 ,0.000000,0.000000,0.000,0.000,AP
2025-12-26 17:24:49,1900-01-00 00:00:00,dlink-615_EXT,40:86:CB:27:D2:0C,-37, WPA2 ,0.000000,0.000000,0.000,0.000,AP
2025-12-26 17:24:49,1900-01-00 00:00:00,,DC:A6:32:F8:A7:D6,-20,,0.000000,0.000000,0.000,0.000,Client
2025-12-26 17:24:49,1900-01-00 00:00:00,dlink-615_EXT,40:86:CB:27:D2:0C,-37, WPA2 ,0.000000,0.000000,0.000,0.000,AP
2025-12-26 17:24:49,1900-01-00 00:00:00,,9C:2F:9D:82:20:A3,-45,,0.000000,0.000000,0.000,0.000,Client
2025-12-26 17:24:49,1900-01-00 00:00:00,dlink-615_EXT,40:86:CB:27:D2:0C,-39, WPA2 ,0.000000,0.000000,0.000,0.000,AP
2025-12-26 17:24:50,1900-01-00 00:00:00,dlink-615_EXT,40:86:CB:27:D2:0C,-39, WPA2 ,0.000000,0.000000,0.000,0.000,AP
2025-12-26 17:24:50,1900-01-00 00:00:00,,9C:2F:9D:82:20:A3,-45,,0.000000,0.000000,0.000,0.000,Client
2025-12-26 17:24:50,1900-01-00 00:00:00,dlink-615_EXT,40:86:CB:27:D2:0C,-37, WPA2 ,0.000000,0.000000,0.000,0.000,AP
2025-12-26 17:24:50,1900-01-00 00:00:00,dlink-615_EXT,40:86:CB:27:D2:0C,-39, WPA2 ,0.000000,0.000000,0.000,0.000,AP
2025-12-26 17:24:50,1900-01-00 00:00:00,dlink-615_EXT,40:86:CB:27:D2:0C,-39, WPA2 ,0.000000,0.000000,0.000,0.000,AP
2025-12-26 17:24:50,1900-01-00 00:00:00,dlink-615_EXT,40:86:CB:27:D2:0C,-38, WPA2 ,0.000000,0.000000,0.000,0.000,AP
2025-12-26 17:24:50,1900-01-00 00:00:00,dlink-615_EXT,40:86:CB:27:D2:0C,-38, WPA2 ,0.000000,0.000000,0.000,0.000,AP
2025-12-26 17:24:50,1900-01-00 00:00:00,dlink-615_EXT,40:86:CB:27:D2:0C,-39, WPA2 ,0.000000,0.000000,0.000,0.000,AP
2025-12-26 17:24:50,1900-01-00 00:00:00,dlink-615_EXT,40:86:CB:27:D2:0C,-38, WPA2 ,0.000000,0.000000,0.000,0.000,AP
2025-12-26 17:24:50,1900-01-00 00:00:00,dlink-615_EXT,40:86:CB:27:D2:0C,-39, WPA2 ,0.000000,0.000000,0.000,0.000,AP
2025-12-26 17:24:50,1900-01-00 00:00:00,,DC:A6:32:F8:A7:D6,-20,,0.000000,0.000000,0.000,0.000,Client
2025-12-26 17:24:50,1900-01-00 00:00:00,dlink-615_EXT,40:86:CB:27:D2:0C,-38, WPA2 ,0.000000,0.000000,0.000,0.000,AP
2025-12-26 17:24:50,1900-01-00 00:00:00,dlink-615_EXT,40:86:CB:27:D2:0C,-37, WPA2 ,0.000000,0.000000,0.000,0.000,AP
2025-12-26 17:24:51,1900-01-00 00:00:00,dlink-615_EXT,40:86:CB:27:D2:0C,-38, WPA2 ,0.000000,0.000000,0.000,0.000,AP
2025-12-26 17:24:51,1900-01-00 00:00:00,dlink-615_EXT,40:86:CB:27:D2:0C,-38, WPA2 ,0.000000,0.000000,0.000,0.000,AP
2025-12-26 17:24:51,1900-01-00 00:00:00,dlink-615_EXT,40:86:CB:27:D2:0C,-39, WPA2 ,0.000000,0.000000,0.000,0.000,AP
2025-12-26 17:24:51,1900-01-00 00:00:00,dlink-615_EXT,40:86:CB:27:D2:0C,-37, WPA2 ,0.000000,0.000000,0.000,0.000,AP
2025-12-26 17:24:51,1900-01-00 00:00:00,dlink-615_EXT,40:86:CB:27:D2:0C,-39, WPA2 ,0.000000,0.000000,0.000,0.000,AP
2025-12-26 17:24:51,1900-01-00 00:00:00,,9C:2F:9D:82:20:A3,-45,,0.000000,0.000000,0.000,0.000,Client
2025-12-26 17:24:51,1900-01-00 00:00:00,dlink-615_EXT,40:86:CB:27:D2:0C,-39, WPA2 ,0.000000,0.000000,0.000,0.000,AP
2025-12-26 17:24:51,1900-01-00 00:00:00,dlink-615_EXT,40:86:CB:27:D2:0C,-39, WPA2 ,0.000000,0.000000,0.000,0.000,AP
2025-12-26 17:24:51,1900-01-00 00:00:00,,9C:2F:9D:82:20:A3,-46,,0.000000,0.000000,0.000,0.000,Client
2025-12-26 17:24:51,1900-01-00 00:00:00,dlink-615_EXT,40:86:CB:27:D2:0C,-38, WPA2 ,0.000000,0.000000,0.000,0.000,AP
2025-12-26 17:24:51,1900-01-00 00:00:00,dlink-615_EXT,40:86:CB:27:D2:0C,-37, WPA2 ,0.000000,0.000000,0.000,0.000,AP
2025-12-26 17:24:51,1900-01-00 00:00:00,,DC:A6:32:F8:A7:D6,-19,,0.000000,0.000000,0.000,0.000,Client
2025-12-26 17:24:51,1900-01-00 00:00:00,dlink-615_EXT,40:86:CB:27:D2:0C,-37, WPA2 ,0.000000,0.000000,0.000,0.000,AP
2025-12-26 17:24:51,1900-01-00 00:00:00,dlink-615_EXT,40:86:CB:27:D2:0C,-37, WPA2 ,0.000000,0.000000,0.000,0.000,AP
2025-12-26 17:24:52,1900-01-00 00:00:00,dlink-615_EXT,40:86:CB:27:D2:0C,-39, WPA2 ,0.000000,0.000000,0.000,0.000,AP
2025-12-26 17:24:52,1900-01-00 00:00:00,dlink-615_EXT,40:86:CB:27:D2:0C,-36, WPA2 ,0.000000,0.000000,0.000,0.000,AP
2025-12-26 17:24:52,1900-01-00 00:00:00,dlink-615_EXT,40:86:CB:27:D2:0C,-37, WPA2 ,0.000000,0.000000,0.000,0.000,AP
2025-12-26 17:24:52,1900-01-00 00:00:00,dlink-615_EXT,40:86:CB:27:D2:0C,-39, WPA2 ,0.000000,0.000000,0.000,0.000,AP
2025-12-26 17:24:52,1900-01-00 00:00:00,dlink-615_EXT,40:86:CB:27:D2:0C,-37, WPA2 ,0.000000,0.000000,0.000,0.000,AP
2025-12-26 17:24:52,1900-01-00 00:00:00,dlink-615_EXT,40:86:CB:27:D2:0C,-37, WPA2 ,0.000000,0.000000,0.000,0.000,AP
2025-12-26 17:24:52,1900-01-00 00:00:00,dlink-615_EXT,40:86:CB:27:D2:0C,-36, WPA2 ,0.000000,0.000000,0.000,0.000,AP
2025-12-26 17:24:52,1900-01-00 00:00:00,,9C:2F:9D:82:20:A3,-39,,0.000000,0.000000,0.000,0.000,Client
2025-12-26 17:24:52,1900-01-00 00:00:00,,D2:6F:12:2F:DE:3D,-32,,0.000000,0.000000,0.000,0.000,Client
2025-12-26 17:24:52,1900-01-00 00:00:00,dlink-615_EXT,40:86:CB:27:D2:0C,-38, WPA2 ,0.000000,0.000000,0.000,0.000,AP
2025-12-26 17:24:52,1900-01-00 00:00:00,,D2:6F:12:2F:DE:3D,-27,,0.000000,0.000000,0.000,0.000,Client
2025-12-26 17:24:52,1900-01-00 00:00:00,dlink-615_EXT,40:86:CB:27:D2:0C,-38, WPA2 ,0.000000,0.000000,0.000,0.000,AP
2025-12-26 17:24:52,1900-01-00 00:00:00,dlink-615_EXT,40:86:CB:27:D2:0C,-39, WPA2 ,0.000000,0.000000,0.000,0.000,AP
2025-12-26 17:24:52,1900-01-00 00:00:00,dlink-615_EXT,40:86:CB:27:D2:0C,-40, WPA2 ,0.000000,0.000000,0.000,0.000,AP
2025-12-26 17:24:52,1900-01-00 00:00:00,dlink-615_EXT,40:86:CB:27:D2:0C,-40, WPA2 ,0.000000,0.000000,0.000,0.000,AP
2025-12-26 17:24:52,1900-01-00 00:00:00,dlink-615_EXT,40:86:CB:27:D2:0C,-37, WPA2 ,0.000000,0.000000,0.000,0.000,AP
2025-12-26 17:24:52,1900-01-00 00:00:00,,D2:6F:12:2F:DE:3D,-28,,0.000000,0.000000,0.000,0.000,Client
2025-12-26 17:24:52,1900-01-00 00:00:00,dlink-615_EXT,40:86:CB:27:D2:0C,-38, WPA2 ,0.000000,0.000000,0.000,0.000,AP
2025-12-26 17:24:52,1900-01-00 00:00:00,,D2:6F:12:2F:DE:3D,-29,,0.000000,0.000000,0.000,0.000,Client
2025-12-26 17:24:52,1900-01-00 00:00:00,dlink-615_EXT,40:86:CB:27:D2:0C,-37, WPA2 ,0.000000,0.000000,0.000,0.000,AP
2025-12-26 17:24:52,1900-01-00 00:00:00,,D2:6F:12:2F:DE:3D,-28,,0.000000,0.000000,0.000,0.000,Client
2025-12-26 17:24:52,1900-01-00 00:00:00,,D2:6F:12:2F:DE:3D,-26,,0.000000,0.000000,0.000,0.000,Client
2025-12-26 17:24:52,1900-01-00 00:00:00,,D2:6F:12:2F:DE:3D,-25,,0.000000,0.000000,0.000,0.000,Client
2025-12-26 17:24:52,1900-01-00 00:00:00,,D2:6F:12:2F:DE:3D,-25,,0.000000,0.000000,0.000,0.000,Client
2025-12-26 17:24:52,1900-01-00 00:00:00,,9C:2F:9D:82:20:A3,-39,,0.000000,0.000000,0.000,0.000,Client
2025-12-26 17:24:52,1900-01-00 00:00:00,,D2:6F:12:2F:DE:3D,-25,,0.000000,0.000000,0.000,0.000,Client
2025-12-26 17:24:52,1900-01-00 00:00:00,dlink-615_EXT,40:86:CB:27:D2:0C,-37, WPA2 ,0.000000,0.000000,0.000,0.000,AP
2025-12-26 17:24:52,1900-01-00 00:00:00,dlink-615_EXT,40:86:CB:27:D2:0C,-33, WPA2 ,0.000000,0.000000,0.000,0.000,AP
2025-12-26 17:24:52,1900-01-00 00:00:00,dlink-615_EXT,40:86:CB:27:D2:0C,-38, WPA2 ,0.000000,0.000000,0.000,0.000,AP
2025-12-26 17:24:52,1900-01-00 00:00:00,,D2:6F:12:2F:DE:3D,-26,,0.000000,0.000000,0.000,0.000,Client
2025-12-26 17:24:52,1900-01-00 00:00:00,dlink-615_EXT,40:86:CB:27:D2:0C,-38, WPA2 ,0.000000,0.000000,0.000,0.000,AP
2025-12-26 17:24:52,1900-01-00 00:00:00,,D2:6F:12:2F:DE:3D,-27,,0.000000,0.000000,0.000,0.000,Client
2025-12-26 17:24:52,1900-01-00 00:00:00,,D2:6F:12:2F:DE:3D,-25,,0.000000,0.000000,0.000,0.000,Client
2025-12-26 17:24:52,1900-01-00 00:00:00,,D2:6F:12:2F:DE:3D,-25,,0.000000,0.000000,0.000,0.000,Client
2025-12-26 17:24:52,1900-01-00 00:00:00,,D2:6F:12:2F:DE:3D,-25,,0.000000,0.000000,0.000,0.000,Client
2025-12-26 17:24:52,1900-01-00 00:00:00,dlink-615_EXT,40:86:CB:27:D2:0C,-37, WPA2 ,0.000000,0.000000,0.000,0.000,AP
2025-12-26 17:24:52,1900-01-00 00:00:00,dlink-615_EXT,40:86:CB:27:D2:0C,-40, WPA2 ,0.000000,0.000000,0.000,0.000,AP
2025-12-26 17:24:52,1900-01-00 00:00:00,,9C:2F:9D:82:20:A3,-38,,0.000000,0.000000,0.000,0.000,Client
2025-12-26 17:24:52,1900-01-00 00:00:00,,D2:6F:12:2F:DE:3D,-25,,0.000000,0.000000,0.000,0.000,Client
2025-12-26 17:24:52,1900-01-00 00:00:00,,D2:6F:12:2F:DE:3D,-25,,0.000000,0.000000,0.000,0.000,Client
2025-12-26 17:24:52,1900-01-00 00:00:00,,D2:6F:12:2F:DE:3D,-27,,0.000000,0.000000,0.000,0.000,Client
2025-12-26 17:24:52,1900-01-00 00:00:00,,D2:6F:12:2F:DE:3D,-25,,0.000000,0.000000,0.000,0.000,Client
2025-12-26 17:24:52,1900-01-00 00:00:00,,D2:6F:12:2F:DE:3D,-27,,0.000000,0.000000,0.000,0.000,Client
2025-12-26 17:24:52,1900-01-00 00:00:00,,D2:6F:12:2F:DE:3D,-24,,0.000000,0.000000,0.000,0.000,Client
2025-12-26 17:24:52,1900-01-00 00:00:00,,D2:6F:12:2F:DE:3D,-27,,0.000000,0.000000,0.000,0.000,Client
2025-12-26 17:24:52,1900-01-00 00:00:00,,D2:6F:12:2F:DE:3D,-27,,0.000000,0.000000,0.000,0.000,Client
2025-12-26 17:24:52,1900-01-00 00:00:00,,D2:6F:12:2F:DE:3D,-27,,0.000000,0.000000,0.000,0.000,Client
2025-12-26 17:24:52,1900-01-00 00:00:00,,D2:6F:12:2F:DE:3D,-27,,0.000000,0.000000,0.000,0.000,Client
2025-12-26 17:24:52,1900-01-00 00:00:00,,D2:6F:12:2F:DE:3D,-27,,0.000000,0.000000,0.000,0.000,Client
2025-12-26 17:24:52,1900-01-00 00:00:00,,D2:6F:12:2F:DE:3D,-27,,0.000000,0.000000,0.000,0.000,Client
2025-12-26 17:24:52,1900-01-00 00:00:00,,D2:6F:12:2F:DE:3D,-27,,0.000000,0.000000,0.000,0.000,Client
2025-12-26 17:24:52,1900-01-00 00:00:00,,D2:6F:12:2F:DE:3D,-27,,0.000000,0.000000,0.000,0.000,Client
2025-12-26 17:24:52,1900-01-00 00:00:00,,D2:6F:12:2F:DE:3D,-27,,0.000000,0.000000,0.000,0.000,Client
2025-12-26 17:24:52,1900-01-00 00:00:00,,D2:6F:12:2F:DE:3D,-25,,0.000000,0.000000,0.000,0.000,Client
2025-12-26 17:24:52,1900-01-00 00:00:00,dlink-615_EXT,40:86:CB:27:D2:0C,-39, WPA2 ,0.000000,0.000000,0.000,0.000,AP
2025-12-26 17:24:52,1900-01-00 00:00:00,,D2:6F:12:2F:DE:3D,-27,,0.000000,0.000000,0.000,0.000,Client
2025-12-26 17:24:52,1900-01-00 00:00:00,,D2:6F:12:2F:DE:3D,-27,,0.000000,0.000000,0.000,0.000,Client
2025-12-26 17:24:52,1900-01-00 00:00:00,,D2:6F:12:2F:DE:3D,-27,,0.000000,0.000000,0.000,0.000,Client
2025-12-26 17:24:52,1900-01-00 00:00:00,,D2:6F:12:2F:DE:3D,-25,,0.000000,0.000000,0.000,0.000,Client
2025-12-26 17:24:52,1900-01-00 00:00:00,,D2:6F:12:2F:DE:3D,-25,,0.000000,0.000000,0.000,0.000,Client
2025-12-26 17:24:52,1900-01-00 00:00:00,,D2:6F:12:2F:DE:3D,-27,,0.000000,0.000000,0.000,0.000,Client
2025-12-26 17:24:52,1900-01-00 00:00:00,,D2:6F:12:2F:DE:3D,-25,,0.000000,0.000000,0.000,0.000,Client
2025-12-26 17:24:52,1900-01-00 00:00:00,,D2:6F:12:2F:DE:3D,-27,,0.000000,0.000000,0.000,0.000,Client
2025-12-26 17:24:52,1900-01-00 00:00:00,,D2:6F:12:2F:DE:3D,-27,,0.000000,0.000000,0.000,0.000,Client
2025-12-26 17:24:52,1900-01-00 00:00:00,,D2:6F:12:2F:DE:3D,-27,,0.000000,0.000000,0.000,0.000,Client
2025-12-26 17:24:52,1900-01-00 00:00:00,,D2:6F:12:2F:DE:3D,-27,,0.000000,0.000000,0.000,0.000,Client
2025-12-26 17:24:52,1900-01-00 00:00:00,,D2:6F:12:2F:DE:3D,-27,,0.000000,0.000000,0.000,0.000,Client
2025-12-26 17:24:52,1900-01-00 00:00:00,dlink-615_EXT,40:86:CB:27:D2:0C,-39, WPA2 ,0.000000,0.000000,0.000,0.000,AP
2025-12-26 17:24:52,1900-01-00 00:00:00,dlink-615_EXT,40:86:CB:27:D2:0C,-38, WPA2 ,0.000000,0.000000,0.000,0.000,AP
2025-12-26 17:24:52,1900-01-00 00:00:00,,DC:A6:32:F8:A7:D6,-20,,0.000000,0.000000,0.000,0.000,Client
2025-12-26 17:24:52,1900-01-00 00:00:00,,D2:6F:12:2F:DE:3D,-29,,0.000000,0.000000,0.000,0.000,Client
2025-12-26 17:24:52,1900-01-00 00:00:00,,D2:6F:12:2F:DE:3D,-26,,0.000000,0.000000,0.000,0.000,Client
2025-12-26 17:24:52,1900-01-00 00:00:00,,9C:2F:9D:82:20:A3,-39,,0.000000,0.000000,0.000,0.000,Client
2025-12-26 17:24:52,1900-01-00 00:00:00,,D2:6F:12:2F:DE:3D,-26,,0.000000,0.000000,0.000,0.000,Client
2025-12-26 17:24:52,1900-01-00 00:00:00,dlink-615_EXT,40:86:CB:27:D2:0C,-39, WPA2 ,0.000000,0.000000,0.000,0.000,AP
2025-12-26 17:24:52,1900-01-00 00:00:00,,D2:6F:12:2F:DE:3D,-27,,0.000000,0.000000,0.000,0.000,Client
2025-12-26 17:24:52,1900-01-00 00:00:00,,D2:6F:12:2F:DE:3D,-27,,0.000000,0.000000,0.000,0.000,Client
2025-12-26 17:24:52,1900-01-00 00:00:00,,D2:6F:12:2F:DE:3D,-27,,0.000000,0.000000,0.000,0.000,Client
2025-12-26 17:24:52,1900-01-00 00:00:00,,D2:6F:12:2F:DE:3D,-27,,0.000000,0.000000,0.000,0.000,Client
2025-12-26 17:24:52,1900-01-00 00:00:00,,D2:6F:12:2F:DE:3D,-27,,0.000000,0.000000,0.000,0.000,Client
2025-12-26 17:24:52,1900-01-00 00:00:00,,D2:6F:12:2F:DE:3D,-27,,0.000000,0.000000,0.000,0.000,Client
2025-12-26 17:24:52,1900-01-00 00:00:00,,D2:6F:12:2F:DE:3D,-25,,0.000000,0.000000,0.000,0.000,Client
2025-12-26 17:24:52,1900-01-00 00:00:00,,D2:6F:12:2F:DE:3D,-26,,0.000000,0.000000,0.000,0.000,Client
2025-12-26 17:24:52,1900-01-00 00:00:00,,D2:6F:12:2F:DE:3D,-26,,0.000000,0.000000,0.000,0.000,Client
2025-12-26 17:24:52,1900-01-00 00:00:00,,9C:2F:9D:82:20:A3,-43,,0.000000,0.000000,0.000,0.000,Client
2025-12-26 17:24:52,1900-01-00 00:00:00,dlink-615_EXT,40:86:CB:27:D2:0C,-38, WPA2 ,0.000000,0.000000,0.000,0.000,AP
2025-12-26 17:24:53,1900-01-00 00:00:00,,D2:6F:12:2F:DE:3D,-29,,0.000000,0.000000,0.000,0.000,Client
2025-12-26 17:24:53,1900-01-00 00:00:00,,D2:6F:12:2F:DE:3D,-27,,0.000000,0.000000,0.000,0.000,Client
2025-12-26 17:24:53,1900-01-00 00:00:00,,D2:6F:12:2F:DE:3D,-27,,0.000000,0.000000,0.000,0.000,Client
2025-12-26 17:24:53,1900-01-00 00:00:00,,D2:6F:12:2F:DE:3D,-26,,0.000000,0.000000,0.000,0.000,Client
2025-12-26 17:24:53,1900-01-00 00:00:00,,D2:6F:12:2F:DE:3D,-26,,0.000000,0.000000,0.000,0.000,Client
2025-12-26 17:24:53,1900-01-00 00:00:00,,D2:6F:12:2F:DE:3D,-26,,0.000000,0.000000,0.000,0.000,Client
2025-12-26 17:24:53,1900-01-00 00:00:00,,D2:6F:12:2F:DE:3D,-26,,0.000000,0.000000,0.000,0.000,Client
2025-12-26 17:24:53,1900-01-00 00:00:00,dlink-615_EXT,40:86:CB:27:D2:0C,-39, WPA2 ,0.000000,0.000000,0.000,0.000,AP
2025-12-26 17:24:53,1900-01-00 00:00:00,,9C:2F:9D:82:20:A3,-44,,0.000000,0.000000,0.000,0.000,Client
2025-12-26 17:24:53,1900-01-00 00:00:00,,D2:6F:12:2F:DE:3D,-28,,0.000000,0.000000,0.000,0.000,Client
2025-12-26 17:24:53,1900-01-00 00:00:00,,D2:6F:12:2F:DE:3D,-27,,0.000000,0.000000,0.000,0.000,Client
2025-12-26 17:24:53,1900-01-00 00:00:00,dlink-615_EXT,40:86:CB:27:D2:0C,-40, WPA2 ,0.000000,0.000000,0.000,0.000,AP
2025-12-26 17:24:53,1900-01-00 00:00:00,,D2:6F:12:2F:DE:3D,-27,,0.000000,0.000000,0.000,0.000,Client
2025-12-26 17:24:53,1900-01-00 00:00:00,dlink-615_EXT,40:86:CB:27:D2:0C,-37, WPA2 ,0.000000,0.000000,0.000,0.000,AP
2025-12-26 17:24:53,1900-01-00 00:00:00,,D2:6F:12:2F:DE:3D,-28,,0.000000,0.000000,0.000,0.000,Client
2025-12-26 17:24:53,1900-01-00 00:00:00,dlink-615_EXT,40:86:CB:27:D2:0C,-37, WPA2 ,0.000000,0.000000,0.000,0.000,AP
2025-12-26 17:24:53,1900-01-00 00:00:00,,D2:6F:12:2F:DE:3D,-28,,0.000000,0.000000,0.000,0.000,Client
2025-12-26 17:24:53,1900-01-00 00:00:00,,D2:6F:12:2F:DE:3D,-27,,0.000000,0.000000,0.000,0.000,Client
2025-12-26 17:24:53,1900-01-00 00:00:00,,D2:6F:12:2F:DE:3D,-27,,0.000000,0.000000,0.000,0.000,Client
2025-12-26 17:24:53,1900-01-00 00:00:00,,D2:6F:12:2F:DE:3D,-26,,0.000000,0.000000,0.000,0.000,Client
2025-12-26 17:24:53,1900-01-00 00:00:00,,D2:6F:12:2F:DE:3D,-26,,0.000000,0.000000,0.000,0.000,Client
2025-12-26 17:24:53,1900-01-00 00:00:00,,D2:6F:12:2F:DE:3D,-26,,0.000000,0.000000,0.000,0.000,Client
2025-12-26 17:24:53,1900-01-00 00:00:00,,D2:6F:12:2F:DE:3D,-26,,0.000000,0.000000,0.000,0.000,Client
2025-12-26 17:24:53,1900-01-00 00:00:00,dlink-615_EXT,40:86:CB:27:D2:0C,-38, WPA2 ,0.000000,0.000000,0.000,0.000,AP
2025-12-26 17:24:53,1900-01-00 00:00:00,,D2:6F:12:2F:DE:3D,-29,,0.000000,0.000000,0.000,0.000,Client
2025-12-26 17:24:53,1900-01-00 00:00:00,,D2:6F:12:2F:DE:3D,-39,,0.000000,0.000000,0.000,0.000,Client
2025-12-26 17:24:53,1900-01-00 00:00:00,,D2:6F:12:2F:DE:3D,-27,,0.000000,0.000000,0.000,0.000,Client
2025-12-26 17:24:53,1900-01-00 00:00:00,,D2:6F:12:2F:DE:3D,-26,,0.000000,0.000000,0.000,0.000,Client
2025-12-26 17:24:53,1900-01-00 00:00:00,,D2:6F:12:2F:DE:3D,-26,,0.000000,0.000000,0.000,0.000,Client
2025-12-26 17:24:53,1900-01-00 00:00:00,,D2:6F:12:2F:DE:3D,-26,,0.000000,0.000000,0.000,0.000,Client
2025-12-26 17:24:53,1900-01-00 00:00:00,,D2:6F:12:2F:DE:3D,-26,,0.000000,0.000000,0.000,0.000,Client
2025-12-26 17:24:53,1900-01-00 00:00:00,,D2:6F:12:2F:DE:3D,-26,,0.000000,0.000000,0.000,0.000,Client
2025-12-26 17:24:53,1900-01-00 00:00:00,,D2:6F:12:2F:DE:3D,-26,,0.000000,0.000000,0.000,0.000,Client
2025-12-26 17:24:53,1900-01-00 00:00:00,,D2:6F:12:2F:DE:3D,-26,,0.000000,0.000000,0.000,0.000,Client
2025-12-26 17:24:53,1900-01-00 00:00:00,dlink-615_EXT,40:86:CB:27:D2:0C,-39, WPA2 ,0.000000,0.000000,0.000,0.000,AP
2025-12-26 17:24:53,1900-01-00 00:00:00,,D2:6F:12:2F:DE:3D,-26,,0.000000,0.000000,0.000,0.000,Client
2025-12-26 17:24:53,1900-01-00 00:00:00,,D2:6F:12:2F:DE:3D,-26,,0.000000,0.000000,0.000,0.000,Client
2025-12-26 17:24:53,1900-01-00 00:00:00,,D2:6F:12:2F:DE:3D,-26,,0.000000,0.000000,0.000,0.000,Client
2025-12-26 17:24:53,1900-01-00 00:00:00,,D2:6F:12:2F:DE:3D,-26,,0.000000,0.000000,0.000,0.000,Client
2025-12-26 17:24:53,1900-01-00 00:00:00,,D2:6F:12:2F:DE:3D,-26,,0.000000,0.000000,0.000,0.000,Client
2025-12-26 17:24:53,1900-01-00 00:00:00,,D2:6F:12:2F:DE:3D,-26,,0.000000,0.000000,0.000,0.000,Client
2025-12-26 17:24:53,1900-01-00 00:00:00,,9C:2F:9D:82:20:A3,-40,,0.000000,0.000000,0.000,0.000,Client
2025-12-26 17:24:53,1900-01-00 00:00:00,,D2:6F:12:2F:DE:3D,-26,,0.000000,0.000000,0.000,0.000,Client
2025-12-26 17:24:53,1900-01-00 00:00:00,,D2:6F:12:2F:DE:3D,-26,,0.000000,0.000000,0.000,0.000,Client
2025-12-26 17:24:53,1900-01-00 00:00:00,,D2:6F:12:2F:DE:3D,-26,,0.000000,0.000000,0.000,0.000,Client
2025-12-26 17:24:53,1900-01-00 00:00:00,,D2:6F:12:2F:DE:3D,-26,,0.000000,0.000000,0.000,0.000,Client
2025-12-26 17:24:53,1900-01-00 00:00:00,,D2:6F:12:2F:DE:3D,-26,,0.000000,0.000000,0.000,0.000,Client
2025-12-26 17:24:53,1900-01-00 00:00:00,,D2:6F:12:2F:DE:3D,-26,,0.000000,0.000000,0.000,0.000,Client
2025-12-26 17:24:53,1900-01-00 00:00:00,,D2:6F:12:2F:DE:3D,-26,,0.000000,0.000000,0.000,0.000,Client
2025-12-26 17:24:53,1900-01-00 00:00:00,,D2:6F:12:2F:DE:3D,-26,,0.000000,0.000000,0.000,0.000,Client
2025-12-26 17:24:53,1900-01-00 00:00:00,,D2:6F:12:2F:DE:3D,-26,,0.000000,0.000000,0.000,0.000,Client
2025-12-26 17:24:53,1900-01-00 00:00:00,,D2:6F:12:2F:DE:3D,-26,,0.000000,0.000000,0.000,0.000,Client
2025-12-26 17:24:53,1900-01-00 00:00:00,,D2:6F:12:2F:DE:3D,-26,,0.000000,0.000000,0.000,0.000,Client
2025-12-26 17:24:53,1900-01-00 00:00:00,dlink-615_EXT,40:86:CB:27:D2:0C,-37, WPA2 ,0.000000,0.000000,0.000,0.000,AP
2025-12-26 17:24:53,1900-01-00 00:00:00,,D2:6F:12:2F:DE:3D,-26,,0.000000,0.000000,0.000,0.000,Client
2025-12-26 17:24:53,1900-01-00 00:00:00,,D2:6F:12:2F:DE:3D,-26,,0.000000,0.000000,0.000,0.000,Client
2025-12-26 17:24:53,1900-01-00 00:00:00,,D2:6F:12:2F:DE:3D,-26,,0.000000,0.000000,0.000,0.000,Client
2025-12-26 17:24:53,1900-01-00 00:00:00,,D2:6F:12:2F:DE:3D,-74,,0.000000,0.000000,0.000,0.000,Client
2025-12-26 17:24:53,1900-01-00 00:00:00,,D2:6F:12:2F:DE:3D,-26,,0.000000,0.000000,0.000,0.000,Client
2025-12-26 17:24:53,1900-01-00 00:00:00,,D2:6F:12:2F:DE:3D,-26,,0.000000,0.000000,0.000,0.000,Client
2025-12-26 17:24:53,1900-01-00 00:00:00,,D2:6F:12:2F:DE:3D,-26,,0.000000,0.000000,0.000,0.000,Client
2025-12-26 17:24:53,1900-01-00 00:00:00,,D2:6F:12:2F:DE:3D,-26,,0.000000,0.000000,0.000,0.000,Client
2025-12-26 17:24:53,1900-01-00 00:00:00,,D2:6F:12:2F:DE:3D,-26,,0.000000,0.000000,0.000,0.000,Client
2025-12-26 17:24:53,1900-01-00 00:00:00,,D2:6F:12:2F:DE:3D,-26,,0.000000,0.000000,0.000,0.000,Client
2025-12-26 17:24:53,1900-01-00 00:00:00,,D2:6F:12:2F:DE:3D,-26,,0.000000,0.000000,0.000,0.000,Client
2025-12-26 17:24:53,1900-01-00 00:00:00,,9C:2F:9D:82:20:A3,-39,,0.000000,0.000000,0.000,0.000,Client
2025-12-26 17:24:53,1900-01-00 00:00:00,dlink-615_EXT,40:86:CB:27:D2:0C,-36, WPA2 ,0.000000,0.000000,0.000,0.000,AP
2025-12-26 17:24:53,1900-01-00 00:00:00,,D2:6F:12:2F:DE:3D,-26,,0.000000,0.000000,0.000,0.000,Client
2025-12-26 17:24:53,1900-01-00 00:00:00,,D2:6F:12:2F:DE:3D,-26,,0.000000,0.000000,0.000,0.000,Client
2025-12-26 17:24:53,1900-01-00 00:00:00,,D2:6F:12:2F:DE:3D,-26,,0.000000,0.000000,0.000,0.000,Client
2025-12-26 17:24:53,1900-01-00 00:00:00,,D2:6F:12:2F:DE:3D,-26,,0.000000,0.000000,0.000,0.000,Client
2025-12-26 17:24:53,1900-01-00 00:00:00,dlink-615_EXT,40:86:CB:27:D2:0C,-37, WPA2 ,0.000000,0.000000,0.000,0.000,AP
2025-12-26 17:24:53,1900-01-00 00:00:00,dlink-615_EXT,40:86:CB:27:D2:0C,-37, WPA2 ,0.000000,0.000000,0.000,0.000,AP
2025-12-26 17:24:53,1900-01-00 00:00:00,dlink-615_EXT,40:86:CB:27:D2:0C,-39, WPA2 ,0.000000,0.000000,0.000,0.000,AP
2025-12-26 17:24:53,1900-01-00 00:00:00,,D2:6F:12:2F:DE:3D,-27,,0.000000,0.000000,0.000,0.000,Client
2025-12-26 17:24:53,1900-01-00 00:00:00,,D2:6F:12:2F:DE:3D,-25,,0.000000,0.000000,0.000,0.000,Client
2025-12-26 17:24:53,1900-01-00 00:00:00,,D2:6F:12:2F:DE:3D,-25,,0.000000,0.000000,0.000,0.000,Client
2025-12-26 17:24:53,1900-01-00 00:00:00,,D2:6F:12:2F:DE:3D,-25,,0.000000,0.000000,0.000,0.000,Client
2025-12-26 17:24:53,1900-01-00 00:00:00,,D2:6F:12:2F:DE:3D,-28,,0.000000,0.000000,0.000,0.000,Client
2025-12-26 17:24:53,1900-01-00 00:00:00,,D2:6F:12:2F:DE:3D,-25,,0.000000,0.000000,0.000,0.000,Client
2025-12-26 17:24:53,1900-01-00 00:00:00,,D2:6F:12:2F:DE:3D,-25,,0.000000,0.000000,0.000,0.000,Client
2025-12-26 17:24:53,1900-01-00 00:00:00,,D2:6F:12:2F:DE:3D,-25,,0.000000,0.000000,0.000,0.000,Client
2025-12-26 17:24:53,1900-01-00 00:00:00,dlink-615_EXT,40:86:CB:27:D2:0C,-36, WPA2 ,0.000000,0.000000,0.000,0.000,AP
2025-12-26 17:24:53,1900-01-00 00:00:00,,D2:6F:12:2F:DE:3D,-25,,0.000000,0.000000,0.000,0.000,Client
2025-12-26 17:24:53,1900-01-00 00:00:00,,D2:6F:12:2F:DE:3D,-25,,0.000000,0.000000,0.000,0.000,Client
2025-12-26 17:24:53,1900-01-00 00:00:00,,D2:6F:12:2F:DE:3D,-25,,0.000000,0.000000,0.000,0.000,Client
2025-12-26 17:24:53,1900-01-00 00:00:00,,D2:6F:12:2F:DE:3D,-25,,0.000000,0.000000,0.000,0.000,Client
2025-12-26 17:24:53,1900-01-00 00:00:00,,D2:6F:12:2F:DE:3D,-28,,0.000000,0.000000,0.000,0.000,Client
2025-12-26 17:24:53,1900-01-00 00:00:00,,D2:6F:12:2F:DE:3D,-25,,0.000000,0.000000,0.000,0.000,Client
2025-12-26 17:24:53,1900-01-00 00:00:00,,D2:6F:12:2F:DE:3D,-25,,0.000000,0.000000,0.000,0.000,Client
2025-12-26 17:24:53,1900-01-00 00:00:00,,D2:6F:12:2F:DE:3D,-25,,0.000000,0.000000,0.000,0.000,Client
2025-12-26 17:24:53,1900-01-00 00:00:00,,D2:6F:12:2F:DE:3D,-25,,0.000000,0.000000,0.000,0.000,Client
2025-12-26 17:24:53,1900-01-00 00:00:00,,D2:6F:12:2F:DE:3D,-25,,0.000000,0.000000,0.000,0.000,Client
2025-12-26 17:24:53,1900-01-00 00:00:00,,D2:6F:12:2F:DE:3D,-25,,0.000000,0.000000,0.000,0.000,Client
2025-12-26 17:24:53,1900-01-00 00:00:00,,D2:6F:12:2F:DE:3D,-25,,0.000000,0.000000,0.000,0.000,Client
2025-12-26 17:24:53,1900-01-00 00:00:00,,D2:6F:12:2F:DE:3D,-25,,0.000000,0.000000,0.000,0.000,Client
2025-12-26 17:24:53,1900-01-00 00:00:00,,D2:6F:12:2F:DE:3D,-25,,0.000000,0.000000,0.000,0.000,Client
2025-12-26 17:24:53,1900-01-00 00:00:00,,D2:6F:12:2F:DE:3D,-25,,0.000000,0.000000,0.000,0.000,Client
2025-12-26 17:24:53,1900-01-00 00:00:00,dlink-615_EXT,40:86:CB:27:D2:0C,-35, WPA2 ,0.000000,0.000000,0.000,0.000,AP
2025-12-26 17:24:53,1900-01-00 00:00:00,,DC:A6:32:F8:A7:D6,-22,,0.000000,0.000000,0.000,0.000,Client
2025-12-26 17:24:53,1900-01-00 00:00:00,dlink-615_EXT,40:86:CB:27:D2:0C,-37, WPA2 ,0.000000,0.000000,0.000,0.000,AP
2025-12-26 17:24:53,1900-01-00 00:00:00,,9C:2F:9D:82:20:A3,-44,,0.000000,0.000000,0.000,0.000,Client
2025-12-26 17:24:53,1900-01-00 00:00:00,,D2:6F:12:2F:DE:3D,-25,,0.000000,0.000000,0.000,0.000,Client
2025-12-26 17:24:53,1900-01-00 00:00:00,,D2:6F:12:2F:DE:3D,-25,,0.000000,0.000000,0.000,0.000,Client
2025-12-26 17:24:53,1900-01-00 00:00:00,,D2:6F:12:2F:DE:3D,-25,,0.000000,0.000000,0.000,0.000,Client
2025-12-26 17:24:53,1900-01-00 00:00:00,,D2:6F:12:2F:DE:3D,-25,,0.000000,0.000000,0.000,0.000,Client
2025-12-26 17:24:53,1900-01-00 00:00:00,,D2:6F:12:2F:DE:3D,-25,,0.000000,0.000000,0.000,0.000,Client
2025-12-26 17:24:53,1900-01-00 00:00:00,,D2:6F:12:2F:DE:3D,-25,,0.000000,0.000000,0.000,0.000,Client
2025-12-26 17:24:53,1900-01-00 00:00:00,,D2:6F:12:2F:DE:3D,-25,,0.000000,0.000000,0.000,0.000,Client
2025-12-26 17:24:53,1900-01-00 00:00:00,,D2:6F:12:2F:DE:3D,-25,,0.000000,0.000000,0.000,0.000,Client
2025-12-26 17:24:53,1900-01-00 00:00:00,,D2:6F:12:2F:DE:3D,-25,,0.000000,0.000000,0.000,0.000,Client
2025-12-26 17:24:53,1900-01-00 00:00:00,,D2:6F:12:2F:DE:3D,-28,,0.000000,0.000000,0.000,0.000,Client
2025-12-26 17:24:53,1900-01-00 00:00:00,,D2:6F:12:2F:DE:3D,-25,,0.000000,0.000000,0.000,0.000,Client
2025-12-26 17:24:53,1900-01-00 00:00:00,,D2:6F:12:2F:DE:3D,-25,,0.000000,0.000000,0.000,0.000,Client
2025-12-26 17:24:53,1900-01-00 00:00:00,,D2:6F:12:2F:DE:3D,-25,,0.000000,0.000000,0.000,0.000,Client
2025-12-26 17:24:53,1900-01-00 00:00:00,dlink-615_EXT,40:86:CB:27:D2:0C,-39, WPA2 ,0.000000,0.000000,0.000,0.000,AP
2025-12-26 17:24:53,1900-01-00 00:00:00,dlink-615_EXT,40:86:CB:27:D2:0C,-35, WPA2 ,0.000000,0.000000,0.000,0.000,AP
2025-12-26 17:24:53,1900-01-00 00:00:00,,D2:6F:12:2F:DE:3D,-25,,0.000000,0.000000,0.000,0.000,Client
2025-12-26 17:24:53,1900-01-00 00:00:00,,D2:6F:12:2F:DE:3D,-25,,0.000000,0.000000,0.000,0.000,Client
2025-12-26 17:24:53,1900-01-00 00:00:00,,D2:6F:12:2F:DE:3D,-25,,0.000000,0.000000,0.000,0.000,Client
2025-12-26 17:24:53,1900-01-00 00:00:00,,D2:6F:12:2F:DE:3D,-25,,0.000000,0.000000,0.000,0.000,Client
2025-12-26 17:24:53,1900-01-00 00:00:00,,9C:2F:9D:82:20:A3,-44,,0.000000,0.000000,0.000,0.000,Client
2025-12-26 17:24:53,1900-01-00 00:00:00,,D2:6F:12:2F:DE:3D,-25,,0.000000,0.000000,0.000,0.000,Client
2025-12-26 17:24:53,1900-01-00 00:00:00,,D2:6F:12:2F:DE:3D,-25,,0.000000,0.000000,0.000,0.000,Client
2025-12-26 17:24:53,1900-01-00 00:00:00,,D2:6F:12:2F:DE:3D,-25,,0.000000,0.000000,0.000,0.000,Client
2025-12-26 17:24:53,1900-01-00 00:00:00,,D2:6F:12:2F:DE:3D,-25,,0.000000,0.000000,0.000,0.000,Client
2025-12-26 17:24:53,1900-01-00 00:00:00,,D2:6F:12:2F:DE:3D,-25,,0.000000,0.000000,0.000,0.000,Client
2025-12-26 17:24:53,1900-01-00 00:00:00,,D2:6F:12:2F:DE:3D,-28,,0.000000,0.000000,0.000,0.000,Client
2025-12-26 17:24:53,1900-01-00 00:00:00,,D2:6F:12:2F:DE:3D,-25,,0.000000,0.000000,0.000,0.000,Client
2025-12-26 17:24:53,1900-01-00 00:00:00,,D2:6F:12:2F:DE:3D,-25,,0.000000,0.000000,0.000,0.000,Client
2025-12-26 17:24:54,1900-01-00 00:00:00,dlink-615_EXT,40:86:CB:27:D2:0C,-38, WPA2 ,0.000000,0.000000,0.000,0.000,AP
2025-12-26 17:24:54,1900-01-00 00:00:00,,D2:6F:12:2F:DE:3D,-25,,0.000000,0.000000,0.000,0.000,Client
2025-12-26 17:24:54,1900-01-00 00:00:00,,D2:6F:12:2F:DE:3D,-25,,0.000000,0.000000,0.000,0.000,Client
2025-12-26 17:24:54,1900-01-00 00:00:00,,D2:6F:12:2F:DE:3D,-25,,0.000000,0.000000,0.000,0.000,Client
2025-12-26 17:24:54,1900-01-00 00:00:00,,D2:6F:12:2F:DE:3D,-25,,0.000000,0.000000,0.000,0.000,Client
2025-12-26 17:24:54,1900-01-00 00:00:00,,D2:6F:12:2F:DE:3D,-26,,0.000000,0.000000,0.000,0.000,Client
2025-12-26 17:24:54,1900-01-00 00:00:00,,D2:6F:12:2F:DE:3D,-25,,0.000000,0.000000,0.000,0.000,Client
2025-12-26 17:24:54,1900-01-00 00:00:00,,D2:6F:12:2F:DE:3D,-25,,0.000000,0.000000,0.000,0.000,Client
2025-12-26 17:24:54,1900-01-00 00:00:00,,D2:6F:12:2F:DE:3D,-25,,0.000000,0.000000,0.000,0.000,Client
2025-12-26 17:24:54,1900-01-00 00:00:00,,D2:6F:12:2F:DE:3D,-26,,0.000000,0.000000,0.000,0.000,Client
2025-12-26 17:24:54,1900-01-00 00:00:00,,D2:6F:12:2F:DE:3D,-26,,0.000000,0.000000,0.000,0.000,Client
2025-12-26 17:24:54,1900-01-00 00:00:00,,D2:6F:12:2F:DE:3D,-26,,0.000000,0.000000,0.000,0.000,Client
2025-12-26 17:24:54,1900-01-00 00:00:00,,D2:6F:12:2F:DE:3D,-26,,0.000000,0.000000,0.000,0.000,Client
2025-12-26 17:24:54,1900-01-00 00:00:00,,D2:6F:12:2F:DE:3D,-26,,0.000000,0.000000,0.000,0.000,Client
2025-12-26 17:24:54,1900-01-00 00:00:00,,D2:6F:12:2F:DE:3D,-26,,0.000000,0.000000,0.000,0.000,Client
2025-12-26 17:24:54,1900-01-00 00:00:00,,D2:6F:12:2F:DE:3D,-28,,0.000000,0.000000,0.000,0.000,Client
2025-12-26 17:24:54,1900-01-00 00:00:00,dlink-615_EXT,40:86:CB:27:D2:0C,-36, WPA2 ,0.000000,0.000000,0.000,0.000,AP
2025-12-26 17:24:54,1900-01-00 00:00:00,,D2:6F:12:2F:DE:3D,-26,,0.000000,0.000000,0.000,0.000,Client
2025-12-26 17:24:54,1900-01-00 00:00:00,,D2:6F:12:2F:DE:3D,-28,,0.000000,0.000000,0.000,0.000,Client
2025-12-26 17:24:54,1900-01-00 00:00:00,,D2:6F:12:2F:DE:3D,-26,,0.000000,0.000000,0.000,0.000,Client
2025-12-26 17:24:54,1900-01-00 00:00:00,,D2:6F:12:2F:DE:3D,-26,,0.000000,0.000000,0.000,0.000,Client
2025-12-26 17:24:54,1900-01-00 00:00:00,,D2:6F:12:2F:DE:3D,-28,,0.000000,0.000000,0.000,0.000,Client
2025-12-26 17:24:54,1900-01-00 00:00:00,,D2:6F:12:2F:DE:3D,-28,,0.000000,0.000000,0.000,0.000,Client
2025-12-26 17:24:54,1900-01-00 00:00:00,,D2:6F:12:2F:DE:3D,-26,,0.000000,0.000000,0.000,0.000,Client
2025-12-26 17:24:54,1900-01-00 00:00:00,,D2:6F:12:2F:DE:3D,-26,,0.000000,0.000000,0.000,0.000,Client
2025-12-26 17:24:54,1900-01-00 00:00:00,,D2:6F:12:2F:DE:3D,-26,,0.000000,0.000000,0.000,0.000,Client
2025-12-26 17:24:54,1900-01-00 00:00:00,,D2:6F:12:2F:DE:3D,-26,,0.000000,0.000000,0.000,0.000,Client
2025-12-26 17:24:54,1900-01-00 00:00:00,,D2:6F:12:2F:DE:3D,-26,,0.000000,0.000000,0.000,0.000,Client
2025-12-26 17:24:54,1900-01-00 00:00:00,,D2:6F:12:2F:DE:3D,-26,,0.000000,0.000000,0.000,0.000,Client
2025-12-26 17:24:54,1900-01-00 00:00:00,dlink-615_EXT,40:86:CB:27:D2:0C,-37, WPA2 ,0.000000,0.000000,0.000,0.000,AP
2025-12-26 17:24:54,1900-01-00 00:00:00,,D2:6F:12:2F:DE:3D,-26,,0.000000,0.000000,0.000,0.000,Client
2025-12-26 17:24:54,1900-01-00 00:00:00,,D2:6F:12:2F:DE:3D,-26,,0.000000,0.000000,0.000,0.000,Client
2025-12-26 17:24:54,1900-01-00 00:00:00,,D2:6F:12:2F:DE:3D,-26,,0.000000,0.000000,0.000,0.000,Client
2025-12-26 17:24:54,1900-01-00 00:00:00,,D2:6F:12:2F:DE:3D,-26,,0.000000,0.000000,0.000,0.000,Client
2025-12-26 17:24:54,1900-01-00 00:00:00,,D2:6F:12:2F:DE:3D,-26,,0.000000,0.000000,0.000,0.000,Client
2025-12-26 17:24:54,1900-01-00 00:00:00,,D2:6F:12:2F:DE:3D,-26,,0.000000,0.000000,0.000,0.000,Client
2025-12-26 17:24:54,1900-01-00 00:00:00,,D2:6F:12:2F:DE:3D,-26,,0.000000,0.000000,0.000,0.000,Client
2025-12-26 17:24:54,1900-01-00 00:00:00,,D2:6F:12:2F:DE:3D,-26,,0.000000,0.000000,0.000,0.000,Client
2025-12-26 17:24:54,1900-01-00 00:00:00,,D2:6F:12:2F:DE:3D,-26,,0.000000,0.000000,0.000,0.000,Client
2025-12-26 17:24:54,1900-01-00 00:00:00,,D2:6F:12:2F:DE:3D,-26,,0.000000,0.000000,0.000,0.000,Client
2025-12-26 17:24:54,1900-01-00 00:00:00,,D2:6F:12:2F:DE:3D,-26,,0.000000,0.000000,0.000,0.000,Client
2025-12-26 17:24:54,1900-01-00 00:00:00,,D2:6F:12:2F:DE:3D,-26,,0.000000,0.000000,0.000,0.000,Client
2025-12-26 17:24:54,1900-01-00 00:00:00,dlink-615_EXT,40:86:CB:27:D2:0C,-36, WPA2 ,0.000000,0.000000,0.000,0.000,AP
2025-12-26 17:24:54,1900-01-00 00:00:00,dlink-615_EXT,40:86:CB:27:D2:0C,-39, WPA2 ,0.000000,0.000000,0.000,0.000,AP
2025-12-26 17:24:54,1900-01-00 00:00:00,,D2:6F:12:2F:DE:3D,-26,,0.000000,0.000000,0.000,0.000,Client
2025-12-26 17:24:54,1900-01-00 00:00:00,,D2:6F:12:2F:DE:3D,-26,,0.000000,0.000000,0.000,0.000,Client
2025-12-26 17:24:54,1900-01-00 00:00:00,,D2:6F:12:2F:DE:3D,-26,,0.000000,0.000000,0.000,0.000,Client
2025-12-26 17:24:54,1900-01-00 00:00:00,,D2:6F:12:2F:DE:3D,-26,,0.000000,0.000000,0.000,0.000,Client
2025-12-26 17:24:54,1900-01-00 00:00:00,,D2:6F:12:2F:DE:3D,-26,,0.000000,0.000000,0.000,0.000,Client
2025-12-26 17:24:54,1900-01-00 00:00:00,,D2:6F:12:2F:DE:3D,-26,,0.000000,0.000000,0.000,0.000,Client
2025-12-26 17:24:54,1900-01-00 00:00:00,,D2:6F:12:2F:DE:3D,-26,,0.000000,0.000000,0.000,0.000,Client
2025-12-26 17:24:54,1900-01-00 00:00:00,,D2:6F:12:2F:DE:3D,-26,,0.000000,0.000000,0.000,0.000,Client
2025-12-26 17:24:54,1900-01-00 00:00:00,,D2:6F:12:2F:DE:3D,-26,,0.000000,0.000000,0.000,0.000,Client
2025-12-26 17:24:54,1900-01-00 00:00:00,,D2:6F:12:2F:DE:3D,-28,,0.000000,0.000000,0.000,0.000,Client
2025-12-26 17:24:54,1900-01-00 00:00:00,,D2:6F:12:2F:DE:3D,-28,,0.000000,0.000000,0.000,0.000,Client
2025-12-26 17:24:54,1900-01-00 00:00:00,,D2:6F:12:2F:DE:3D,-28,,0.000000,0.000000,0.000,0.000,Client
2025-12-26 17:24:54,1900-01-00 00:00:00,,D2:6F:12:2F:DE:3D,-26,,0.000000,0.000000,0.000,0.000,Client
2025-12-26 17:24:54,1900-01-00 00:00:00,,D2:6F:12:2F:DE:3D,-26,,0.000000,0.000000,0.000,0.000,Client
2025-12-26 17:24:54,1900-01-00 00:00:00,,D2:6F:12:2F:DE:3D,-26,,0.000000,0.000000,0.000,0.000,Client
2025-12-26 17:24:54,1900-01-00 00:00:00,,D2:6F:12:2F:DE:3D,-26,,0.000000,0.000000,0.000,0.000,Client
2025-12-26 17:24:54,1900-01-00 00:00:00,,D2:6F:12:2F:DE:3D,-33,,0.000000,0.000000,0.000,0.000,Client
2025-12-26 17:24:54,1900-01-00 00:00:00,,D2:6F:12:2F:DE:3D,-33,,0.000000,0.000000,0.000,0.000,Client
2025-12-26 17:24:54,1900-01-00 00:00:00,,D2:6F:12:2F:DE:3D,-33,,0.000000,0.000000,0.000,0.000,Client
2025-12-26 17:24:54,1900-01-00 00:00:00,,D2:6F:12:2F:DE:3D,-33,,0.000000,0.000000,0.000,0.000,Client
2025-12-26 17:24:54,1900-01-00 00:00:00,dlink-615_EXT,40:86:CB:27:D2:0C,-37, WPA2 ,0.000000,0.000000,0.000,0.000,AP
2025-12-26 17:24:54,1900-01-00 00:00:00,,D2:6F:12:2F:DE:3D,-33,,0.000000,0.000000,0.000,0.000,Client
2025-12-26 17:24:54,1900-01-00 00:00:00,,D2:6F:12:2F:DE:3D,-33,,0.000000,0.000000,0.000,0.000,Client
2025-12-26 17:24:54,1900-01-00 00:00:00,,D2:6F:12:2F:DE:3D,-33,,0.000000,0.000000,0.000,0.000,Client
2025-12-26 17:24:54,1900-01-00 00:00:00,,D2:6F:12:2F:DE:3D,-33,,0.000000,0.000000,0.000,0.000,Client
2025-12-26 17:24:54,1900-01-00 00:00:00,,D2:6F:12:2F:DE:3D,-26,,0.000000,0.000000,0.000,0.000,Client
2025-12-26 17:24:54,1900-01-00 00:00:00,,D2:6F:12:2F:DE:3D,-26,,0.000000,0.000000,0.000,0.000,Client
2025-12-26 17:24:54,1900-01-00 00:00:00,,D2:6F:12:2F:DE:3D,-26,,0.000000,0.000000,0.000,0.000,Client
2025-12-26 17:24:54,1900-01-00 00:00:00,,D2:6F:12:2F:DE:3D,-33,,0.000000,0.000000,0.000,0.000,Client
2025-12-26 17:24:54,1900-01-00 00:00:00,dlink-615_EXT,40:86:CB:27:D2:0C,-37, WPA2 ,0.000000,0.000000,0.000,0.000,AP
2025-12-26 17:24:54,1900-01-00 00:00:00,,9C:2F:9D:82:20:A3,-45,,0.000000,0.000000,0.000,0.000,Client
2025-12-26 17:24:54,1900-01-00 00:00:00,,D2:6F:12:2F:DE:3D,-26,,0.000000,0.000000,0.000,0.000,Client
2025-12-26 17:24:54,1900-01-00 00:00:00,,D2:6F:12:2F:DE:3D,-26,,0.000000,0.000000,0.000,0.000,Client
2025-12-26 17:24:54,1900-01-00 00:00:00,,D2:6F:12:2F:DE:3D,-26,,0.000000,0.000000,0.000,0.000,Client
2025-12-26 17:24:54,1900-01-00 00:00:00,,D2:6F:12:2F:DE:3D,-26,,0.000000,0.000000,0.000,0.000,Client
2025-12-26 17:24:54,1900-01-00 00:00:00,dlink-615_EXT,40:86:CB:27:D2:0C,-35, WPA2 ,0.000000,0.000000,0.000,0.000,AP
2025-12-26 17:24:54,1900-01-00 00:00:00,,D2:6F:12:2F:DE:3D,-26,,0.000000,0.000000,0.000,0.000,Client
2025-12-26 17:24:54,1900-01-00 00:00:00,,D2:6F:12:2F:DE:3D,-26,,0.000000,0.000000,0.000,0.000,Client
2025-12-26 17:24:54,1900-01-00 00:00:00,,D2:6F:12:2F:DE:3D,-26,,0.000000,0.000000,0.000,0.000,Client
2025-12-26 17:24:54,1900-01-00 00:00:00,,D2:6F:12:2F:DE:3D,-26,,0.000000,0.000000,0.000,0.000,Client
2025-12-26 17:24:54,1900-01-00 00:00:00,,D2:6F:12:2F:DE:3D,-26,,0.000000,0.000000,0.000,0.000,Client
2025-12-26 17:24:54,1900-01-00 00:00:00,,D2:6F:12:2F:DE:3D,-28,,0.000000,0.000000,0.000,0.000,Client
2025-12-26 17:24:54,1900-01-00 00:00:00,,D2:6F:12:2F:DE:3D,-29,,0.000000,0.000000,0.000,0.000,Client
2025-12-26 17:24:54,1900-01-00 00:00:00,,D2:6F:12:2F:DE:3D,-26,,0.000000,0.000000,0.000,0.000,Client
2025-12-26 17:24:54,1900-01-00 00:00:00,dlink-615_EXT,40:86:CB:27:D2:0C,-39, WPA2 ,0.000000,0.000000,0.000,0.000,AP
2025-12-26 17:24:54,1900-01-00 00:00:00,,D2:6F:12:2F:DE:3D,-26,,0.000000,0.000000,0.000,0.000,Client
2025-12-26 17:24:54,1900-01-00 00:00:00,,D2:6F:12:2F:DE:3D,-28,,0.000000,0.000000,0.000,0.000,Client
2025-12-26 17:24:54,1900-01-00 00:00:00,,D2:6F:12:2F:DE:3D,-28,,0.000000,0.000000,0.000,0.000,Client
2025-12-26 17:24:54,1900-01-00 00:00:00,,D2:6F:12:2F:DE:3D,-26,,0.000000,0.000000,0.000,0.000,Client
2025-12-26 17:24:54,1900-01-00 00:00:00,,9C:2F:9D:82:20:A3,-44,,0.000000,0.000000,0.000,0.000,Client
2025-12-26 17:24:54,1900-01-00 00:00:00,,D2:6F:12:2F:DE:3D,-28,,0.000000,0.000000,0.000,0.000,Client
2025-12-26 17:24:54,1900-01-00 00:00:00,,D2:6F:12:2F:DE:3D,-26,,0.000000,0.000000,0.000,0.000,Client
2025-12-26 17:24:54,1900-01-00 00:00:00,,D2:6F:12:2F:DE:3D,-26,,0.000000,0.000000,0.000,0.000,Client
2025-12-26 17:24:54,1900-01-00 00:00:00,,D2:6F:12:2F:DE:3D,-26,,0.000000,0.000000,0.000,0.000,Client
2025-12-26 17:24:54,1900-01-00 00:00:00,,D2:6F:12:2F:DE:3D,-26,,0.000000,0.000000,0.000,0.000,Client
2025-12-26 17:24:54,1900-01-00 00:00:00,,D2:6F:12:2F:DE:3D,-28,,0.000000,0.000000,0.000,0.000,Client
2025-12-26 17:24:54,1900-01-00 00:00:00,,D2:6F:12:2F:DE:3D,-26,,0.000000,0.000000,0.000,0.000,Client
2025-12-26 17:24:54,1900-01-00 00:00:00,,D2:6F:12:2F:DE:3D,-26,,0.000000,0.000000,0.000,0.000,Client
2025-12-26 17:24:54,1900-01-00 00:00:00,,D2:6F:12:2F:DE:3D,-26,,0.000000,0.000000,0.000,0.000,Client
2025-12-26 17:24:54,1900-01-00 00:00:00,,D2:6F:12:2F:DE:3D,-26,,0.000000,0.000000,0.000,0.000,Client
2025-12-26 17:24:54,1900-01-00 00:00:00,,D2:6F:12:2F:DE:3D,-28,,0.000000,0.000000,0.000,0.000,Client
2025-12-26 17:24:54,1900-01-00 00:00:00,dlink-615_EXT,40:86:CB:27:D2:0C,-35, WPA2 ,0.000000,0.000000,0.000,0.000,AP
2025-12-26 17:24:54,1900-01-00 00:00:00,,D2:6F:12:2F:DE:3D,-26,,0.000000,0.000000,0.000,0.000,Client
2025-12-26 17:24:54,1900-01-00 00:00:00,,D2:6F:12:2F:DE:3D,-26,,0.000000,0.000000,0.000,0.000,Client
2025-12-26 17:24:54,1900-01-00 00:00:00,,D2:6F:12:2F:DE:3D,-26,,0.000000,0.000000,0.000,0.000,Client
2025-12-26 17:24:54,1900-01-00 00:00:00,,D2:6F:12:2F:DE:3D,-26,,0.000000,0.000000,0.000,0.000,Client
2025-12-26 17:24:54,1900-01-00 00:00:00,,D2:6F:12:2F:DE:3D,-26,,0.000000,0.000000,0.000,0.000,Client
2025-12-26 17:24:54,1900-01-00 00:00:00,,D2:6F:12:2F:DE:3D,-26,,0.000000,0.000000,0.000,0.000,Client
2025-12-26 17:24:54,1900-01-00 00:00:00,,D2:6F:12:2F:DE:3D,-26,,0.000000,0.000000,0.000,0.000,Client
2025-12-26 17:24:54,1900-01-00 00:00:00,,D2:6F:12:2F:DE:3D,-26,,0.000000,0.000000,0.000,0.000,Client
2025-12-26 17:24:54,1900-01-00 00:00:00,,D2:6F:12:2F:DE:3D,-26,,0.000000,0.000000,0.000,0.000,Client
2025-12-26 17:24:54,1900-01-00 00:00:00,dlink-615_EXT,40:86:CB:27:D2:0C,-36, WPA2 ,0.000000,0.000000,0.000,0.000,AP
2025-12-26 17:24:54,1900-01-00 00:00:00,,DC:A6:32:F8:A7:D6,-20,,0.000000,0.000000,0.000,0.000,Client
2025-12-26 17:24:54,1900-01-00 00:00:00,,D2:6F:12:2F:DE:3D,-26,,0.000000,0.000000,0.000,0.000,Client
2025-12-26 17:24:54,1900-01-00 00:00:00,,D2:6F:12:2F:DE:3D,-26,,0.000000,0.000000,0.000,0.000,Client
2025-12-26 17:24:54,1900-01-00 00:00:00,,D2:6F:12:2F:DE:3D,-26,,0.000000,0.000000,0.000,0.000,Client
2025-12-26 17:24:54,1900-01-00 00:00:00,,D2:6F:12:2F:DE:3D,-26,,0.000000,0.000000,0.000,0.000,Client
2025-12-26 17:24:54,1900-01-00 00:00:00,,D2:6F:12:2F:DE:3D,-28,,0.000000,0.000000,0.000,0.000,Client
2025-12-26 17:24:54,1900-01-00 00:00:00,,D2:6F:12:2F:DE:3D,-26,,0.000000,0.000000,0.000,0.000,Client
2025-12-26 17:24:54,1900-01-00 00:00:00,,D2:6F:12:2F:DE:3D,-26,,0.000000,0.000000,0.000,0.000,Client
2025-12-26 17:24:54,1900-01-00 00:00:00,,D2:6F:12:2F:DE:3D,-26,,0.000000,0.000000,0.000,0.000,Client
2025-12-26 17:24:54,1900-01-00 00:00:00,,D2:6F:12:2F:DE:3D,-26,,0.000000,0.000000,0.000,0.000,Client
2025-12-26 17:24:54,1900-01-00 00:00:00,,D2:6F:12:2F:DE:3D,-26,,0.000000,0.000000,0.000,0.000,Client
2025-12-26 17:24:54,1900-01-00 00:00:00,,D2:6F:12:2F:DE:3D,-26,,0.000000,0.000000,0.000,0.000,Client
2025-12-26 17:24:54,1900-01-00 00:00:00,dlink-615_EXT,40:86:CB:27:D2:0C,-33, WPA2 ,0.000000,0.000000,0.000,0.000,AP
2025-12-26 17:24:54,1900-01-00 00:00:00,,D2:6F:12:2F:DE:3D,-26,,0.000000,0.000000,0.000,0.000,Client
2025-12-26 17:24:54,1900-01-00 00:00:00,,D2:6F:12:2F:DE:3D,-26,,0.000000,0.000000,0.000,0.000,Client
2025-12-26 17:24:54,1900-01-00 00:00:00,,D2:6F:12:2F:DE:3D,-26,,0.000000,0.000000,0.000,0.000,Client
2025-12-26 17:24:54,1900-01-00 00:00:00,,D2:6F:12:2F:DE:3D,-26,,0.000000,0.000000,0.000,0.000,Client
2025-12-26 17:24:54,1900-01-00 00:00:00,,D2:6F:12:2F:DE:3D,-26,,0.000000,0.000000,0.000,0.000,Client
2025-12-26 17:24:54,1900-01-00 00:00:00,,D2:6F:12:2F:DE:3D,-26,,0.000000,0.000000,0.000,0.000,Client
2025-12-26 17:24:54,1900-01-00 00:00:00,,D2:6F:12:2F:DE:3D,-26,,0.000000,0.000000,0.000,0.000,Client
2025-12-26 17:24:54,1900-01-00 00:00:00,,D2:6F:12:2F:DE:3D,-26,,0.000000,0.000000,0.000,0.000,Client
2025-12-26 17:24:54,1900-01-00 00:00:00,,D2:6F:12:2F:DE:3D,-26,,0.000000,0.000000,0.000,0.000,Client
2025-12-26 17:24:54,1900-01-00 00:00:00,,D2:6F:12:2F:DE:3D,-26,,0.000000,0.000000,0.000,0.000,Client
2025-12-26 17:24:54,1900-01-00 00:00:00,,D2:6F:12:2F:DE:3D,-26,,0.000000,0.000000,0.000,0.000,Client
2025-12-26 17:24:54,1900-01-00 00:00:00,,D2:6F:12:2F:DE:3D,-26,,0.000000,0.000000,0.000,0.000,Client
2025-12-26 17:24:54,1900-01-00 00:00:00,,D2:6F:12:2F:DE:3D,-26,,0.000000,0.000000,0.000,0.000,Client
2025-12-26 17:24:54,1900-01-00 00:00:00,dlink-615_EXT,40:86:CB:27:D2:0C,-39, WPA2 ,0.000000,0.000000,0.000,0.000,AP
2025-12-26 17:24:54,1900-01-00 00:00:00,dlink-615_EXT,40:86:CB:27:D2:0C,-39, WPA2 ,0.000000,0.000000,0.000,0.000,AP
2025-12-26 17:24:54,1900-01-00 00:00:00,,D2:6F:12:2F:DE:3D,-26,,0.000000,0.000000,0.000,0.000,Client
2025-12-26 17:24:54,1900-01-00 00:00:00,,D2:6F:12:2F:DE:3D,-26,,0.000000,0.000000,0.000,0.000,Client
2025-12-26 17:24:54,1900-01-00 00:00:00,,D2:6F:12:2F:DE:3D,-26,,0.000000,0.000000,0.000,0.000,Client
2025-12-26 17:24:54,1900-01-00 00:00:00,,D2:6F:12:2F:DE:3D,-26,,0.000000,0.000000,0.000,0.000,Client
2025-12-26 17:24:54,1900-01-00 00:00:00,,D2:6F:12:2F:DE:3D,-26,,0.000000,0.000000,0.000,0.000,Client
2025-12-26 17:24:54,1900-01-00 00:00:00,,D2:6F:12:2F:DE:3D,-26,,0.000000,0.000000,0.000,0.000,Client
2025-12-26 17:24:54,1900-01-00 00:00:00,,D2:6F:12:2F:DE:3D,-26,,0.000000,0.000000,0.000,0.000,Client
2025-12-26 17:24:54,1900-01-00 00:00:00,,D2:6F:12:2F:DE:3D,-28,,0.000000,0.000000,0.000,0.000,Client
2025-12-26 17:24:54,1900-01-00 00:00:00,,D2:6F:12:2F:DE:3D,-26,,0.000000,0.000000,0.000,0.000,Client
2025-12-26 17:24:54,1900-01-00 00:00:00,,D2:6F:12:2F:DE:3D,-26,,0.000000,0.000000,0.000,0.000,Client
2025-12-26 17:24:54,1900-01-00 00:00:00,,D2:6F:12:2F:DE:3D,-26,,0.000000,0.000000,0.000,0.000,Client
2025-12-26 17:24:55,1900-01-00 00:00:00,,D2:6F:12:2F:DE:3D,-26,,0.000000,0.000000,0.000,0.000,Client
2025-12-26 17:24:55,1900-01-00 00:00:00,,D2:6F:12:2F:DE:3D,-26,,0.000000,0.000000,0.000,0.000,Client
2025-12-26 17:24:55,1900-01-00 00:00:00,,D2:6F:12:2F:DE:3D,-26,,0.000000,0.000000,0.000,0.000,Client
2025-12-26 17:24:55,1900-01-00 00:00:00,,D2:6F:12:2F:DE:3D,-26,,0.000000,0.000000,0.000,0.000,Client
2025-12-26 17:24:55,1900-01-00 00:00:00,,D2:6F:12:2F:DE:3D,-28,,0.000000,0.000000,0.000,0.000,Client
2025-12-26 17:24:55,1900-01-00 00:00:00,,D2:6F:12:2F:DE:3D,-26,,0.000000,0.000000,0.000,0.000,Client
2025-12-26 17:24:55,1900-01-00 00:00:00,,D2:6F:12:2F:DE:3D,-26,,0.000000,0.000000,0.000,0.000,Client
2025-12-26 17:24:55,1900-01-00 00:00:00,dlink-615_EXT,40:86:CB:27:D2:0C,-38, WPA2 ,0.000000,0.000000,0.000,0.000,AP
2025-12-26 17:24:55,1900-01-00 00:00:00,,D2:6F:12:2F:DE:3D,-26,,0.000000,0.000000,0.000,0.000,Client
2025-12-26 17:24:55,1900-01-00 00:00:00,,D2:6F:12:2F:DE:3D,-26,,0.000000,0.000000,0.000,0.000,Client
2025-12-26 17:24:55,1900-01-00 00:00:00,,D2:6F:12:2F:DE:3D,-28,,0.000000,0.000000,0.000,0.000,Client
2025-12-26 17:24:55,1900-01-00 00:00:00,,D2:6F:12:2F:DE:3D,-28,,0.000000,0.000000,0.000,0.000,Client
2025-12-26 17:24:55,1900-01-00 00:00:00,,D2:6F:12:2F:DE:3D,-28,,0.000000,0.000000,0.000,0.000,Client
2025-12-26 17:24:55,1900-01-00 00:00:00,,D2:6F:12:2F:DE:3D,-28,,0.000000,0.000000,0.000,0.000,Client
2025-12-26 17:24:55,1900-01-00 00:00:00,,D2:6F:12:2F:DE:3D,-26,,0.000000,0.000000,0.000,0.000,Client
2025-12-26 17:24:55,1900-01-00 00:00:00,,D2:6F:12:2F:DE:3D,-26,,0.000000,0.000000,0.000,0.000,Client
2025-12-26 17:24:55,1900-01-00 00:00:00,,D2:6F:12:2F:DE:3D,-26,,0.000000,0.000000,0.000,0.000,Client
2025-12-26 17:24:55,1900-01-00 00:00:00,,D2:6F:12:2F:DE:3D,-26,,0.000000,0.000000,0.000,0.000,Client
2025-12-26 17:24:55,1900-01-00 00:00:00,,D2:6F:12:2F:DE:3D,-26,,0.000000,0.000000,0.000,0.000,Client
2025-12-26 17:24:55,1900-01-00 00:00:00,,D2:6F:12:2F:DE:3D,-26,,0.000000,0.000000,0.000,0.000,Client
2025-12-26 17:24:55,1900-01-00 00:00:00,dlink-615_EXT,40:86:CB:27:D2:0C,-36, WPA2 ,0.000000,0.000000,0.000,0.000,AP
2025-12-26 17:24:55,1900-01-00 00:00:00,,D2:6F:12:2F:DE:3D,-73,,0.000000,0.000000,0.000,0.000,Client
2025-12-26 17:24:55,1900-01-00 00:00:00,,D2:6F:12:2F:DE:3D,-28,,0.000000,0.000000,0.000,0.000,Client
2025-12-26 17:24:55,1900-01-00 00:00:00,,D2:6F:12:2F:DE:3D,-26,,0.000000,0.000000,0.000,0.000,Client
2025-12-26 17:24:55,1900-01-00 00:00:00,,D2:6F:12:2F:DE:3D,-26,,0.000000,0.000000,0.000,0.000,Client
2025-12-26 17:24:55,1900-01-00 00:00:00,dlink-615_EXT,40:86:CB:27:D2:0C,-37, WPA2 ,0.000000,0.000000,0.000,0.000,AP
2025-12-26 17:24:55,1900-01-00 00:00:00,,D2:6F:12:2F:DE:3D,-28,,0.000000,0.000000,0.000,0.000,Client
2025-12-26 17:24:55,1900-01-00 00:00:00,,D2:6F:12:2F:DE:3D,-28,,0.000000,0.000000,0.000,0.000,Client
2025-12-26 17:24:55,1900-01-00 00:00:00,,D2:6F:12:2F:DE:3D,-26,,0.000000,0.000000,0.000,0.000,Client
2025-12-26 17:24:55,1900-01-00 00:00:00,,D2:6F:12:2F:DE:3D,-26,,0.000000,0.000000,0.000,0.000,Client
2025-12-26 17:24:55,1900-01-00 00:00:00,,D2:6F:12:2F:DE:3D,-26,,0.000000,0.000000,0.000,0.000,Client
2025-12-26 17:24:55,1900-01-00 00:00:00,,D2:6F:12:2F:DE:3D,-26,,0.000000,0.000000,0.000,0.000,Client
2025-12-26 17:24:55,1900-01-00 00:00:00,,D2:6F:12:2F:DE:3D,-26,,0.000000,0.000000,0.000,0.000,Client
2025-12-26 17:24:55,1900-01-00 00:00:00,,D2:6F:12:2F:DE:3D,-26,,0.000000,0.000000,0.000,0.000,Client
2025-12-26 17:24:55,1900-01-00 00:00:00,,D2:6F:12:2F:DE:3D,-26,,0.000000,0.000000,0.000,0.000,Client
2025-12-26 17:24:55,1900-01-00 00:00:00,dlink-615_EXT,40:86:CB:27:D2:0C,-38, WPA2 ,0.000000,0.000000,0.000,0.000,AP
2025-12-26 17:24:55,1900-01-00 00:00:00,dlink-615_EXT,40:86:CB:27:D2:0C,-38, WPA2 ,0.000000,0.000000,0.000,0.000,AP
2025-12-26 17:24:55,1900-01-00 00:00:00,dlink-615_EXT,40:86:CB:27:D2:0C,-36, WPA2 ,0.000000,0.000000,0.000,0.000,AP
2025-12-26 17:24:55,1900-01-00 00:00:00,,D2:6F:12:2F:DE:3D,-28,,0.000000,0.000000,0.000,0.000,Client
2025-12-26 17:24:55,1900-01-00 00:00:00,,D2:6F:12:2F:DE:3D,-26,,0.000000,0.000000,0.000,0.000,Client
2025-12-26 17:24:55,1900-01-00 00:00:00,,D2:6F:12:2F:DE:3D,-26,,0.000000,0.000000,0.000,0.000,Client
2025-12-26 17:24:55,1900-01-00 00:00:00,,D2:6F:12:2F:DE:3D,-26,,0.000000,0.000000,0.000,0.000,Client
2025-12-26 17:24:55,1900-01-00 00:00:00,,D2:6F:12:2F:DE:3D,-26,,0.000000,0.000000,0.000,0.000,Client
2025-12-26 17:24:55,1900-01-00 00:00:00,,D2:6F:12:2F:DE:3D,-26,,0.000000,0.000000,0.000,0.000,Client
2025-12-26 17:24:55,1900-01-00 00:00:00,dlink-615_EXT,40:86:CB:27:D2:0C,-36, WPA2 ,0.000000,0.000000,0.000,0.000,AP
2025-12-26 17:24:55,1900-01-00 00:00:00,,D2:6F:12:2F:DE:3D,-26,,0.000000,0.000000,0.000,0.000,Client
2025-12-26 17:24:55,1900-01-00 00:00:00,,D2:6F:12:2F:DE:3D,-26,,0.000000,0.000000,0.000,0.000,Client
2025-12-26 17:24:55,1900-01-00 00:00:00,,D2:6F:12:2F:DE:3D,-26,,0.000000,0.000000,0.000,0.000,Client
2025-12-26 17:24:55,1900-01-00 00:00:00,,D2:6F:12:2F:DE:3D,-26,,0.000000,0.000000,0.000,0.000,Client
2025-12-26 17:24:55,1900-01-00 00:00:00,,D2:6F:12:2F:DE:3D,-26,,0.000000,0.000000,0.000,0.000,Client
2025-12-26 17:24:55,1900-01-00 00:00:00,dlink-615_EXT,40:86:CB:27:D2:0C,-38, WPA2 ,0.000000,0.000000,0.000,0.000,AP
2025-12-26 17:24:55,1900-01-00 00:00:00,,D2:6F:12:2F:DE:3D,-26,,0.000000,0.000000,0.000,0.000,Client
2025-12-26 17:24:55,1900-01-00 00:00:00,,D2:6F:12:2F:DE:3D,-26,,0.000000,0.000000,0.000,0.000,Client
2025-12-26 17:24:55,1900-01-00 00:00:00,,D2:6F:12:2F:DE:3D,-26,,0.000000,0.000000,0.000,0.000,Client
2025-12-26 17:24:55,1900-01-00 00:00:00,,D2:6F:12:2F:DE:3D,-26,,0.000000,0.000000,0.000,0.000,Client
2025-12-26 17:24:55,1900-01-00 00:00:00,,D2:6F:12:2F:DE:3D,-26,,0.000000,0.000000,0.000,0.000,Client
2025-12-26 17:24:55,1900-01-00 00:00:00,,D2:6F:12:2F:DE:3D,-28,,0.000000,0.000000,0.000,0.000,Client
2025-12-26 17:24:55,1900-01-00 00:00:00,,D2:6F:12:2F:DE:3D,-26,,0.000000,0.000000,0.000,0.000,Client
2025-12-26 17:24:55,1900-01-00 00:00:00,dlink-615_EXT,40:86:CB:27:D2:0C,-39, WPA2 ,0.000000,0.000000,0.000,0.000,AP
2025-12-26 17:24:55,1900-01-00 00:00:00,,D2:6F:12:2F:DE:3D,-28,,0.000000,0.000000,0.000,0.000,Client
2025-12-26 17:24:55,1900-01-00 00:00:00,dlink-615_EXT,40:86:CB:27:D2:0C,-38, WPA2 ,0.000000,0.000000,0.000,0.000,AP
2025-12-26 17:24:55,1900-01-00 00:00:00,dlink-615_EXT,40:86:CB:27:D2:0C,-38, WPA2 ,0.000000,0.000000,0.000,0.000,AP
2025-12-26 17:24:55,1900-01-00 00:00:00,,9C:2F:9D:82:20:A3,-44,,0.000000,0.000000,0.000,0.000,Client
2025-12-26 17:24:55,1900-01-00 00:00:00,,D2:6F:12:2F:DE:3D,-27,,0.000000,0.000000,0.000,0.000,Client
2025-12-26 17:24:55,1900-01-00 00:00:00,,D2:6F:12:2F:DE:3D,-26,,0.000000,0.000000,0.000,0.000,Client
2025-12-26 17:24:55,1900-01-00 00:00:00,,D2:6F:12:2F:DE:3D,-36,,0.000000,0.000000,0.000,0.000,Client
2025-12-26 17:24:55,1900-01-00 00:00:00,,D2:6F:12:2F:DE:3D,-26,,0.000000,0.000000,0.000,0.000,Client
2025-12-26 17:24:55,1900-01-00 00:00:00,,D2:6F:12:2F:DE:3D,-26,,0.000000,0.000000,0.000,0.000,Client
2025-12-26 17:24:55,1900-01-00 00:00:00,,D2:6F:12:2F:DE:3D,-26,,0.000000,0.000000,0.000,0.000,Client
2025-12-26 17:24:55,1900-01-00 00:00:00,dlink-615_EXT,40:86:CB:27:D2:0C,-37, WPA2 ,0.000000,0.000000,0.000,0.000,AP
2025-12-26 17:24:55,1900-01-00 00:00:00,,D2:6F:12:2F:DE:3D,-27,,0.000000,0.000000,0.000,0.000,Client
2025-12-26 17:24:55,1900-01-00 00:00:00,,D2:6F:12:2F:DE:3D,-25,,0.000000,0.000000,0.000,0.000,Client
2025-12-26 17:24:55,1900-01-00 00:00:00,,D2:6F:12:2F:DE:3D,-27,,0.000000,0.000000,0.000,0.000,Client
2025-12-26 17:24:55,1900-01-00 00:00:00,,D2:6F:12:2F:DE:3D,-27,,0.000000,0.000000,0.000,0.000,Client
2025-12-26 17:24:55,1900-01-00 00:00:00,,D2:6F:12:2F:DE:3D,-25,,0.000000,0.000000,0.000,0.000,Client
2025-12-26 17:24:55,1900-01-00 00:00:00,,D2:6F:12:2F:DE:3D,-27,,0.000000,0.000000,0.000,0.000,Client
2025-12-26 17:24:55,1900-01-00 00:00:00,,D2:6F:12:2F:DE:3D,-26,,0.000000,0.000000,0.000,0.000,Client
2025-12-26 17:24:55,1900-01-00 00:00:00,dlink-615_EXT,40:86:CB:27:D2:0C,-38, WPA2 ,0.000000,0.000000,0.000,0.000,AP
2025-12-26 17:24:55,1900-01-00 00:00:00,,D2:6F:12:2F:DE:3D,-26,,0.000000,0.000000,0.000,0.000,Client
2025-12-26 17:24:55,1900-01-00 00:00:00,,D2:6F:12:2F:DE:3D,-28,,0.000000,0.000000,0.000,0.000,Client
2025-12-26 17:24:55,1900-01-00 00:00:00,dlink-615_EXT,40:86:CB:27:D2:0C,-38, WPA2 ,0.000000,0.000000,0.000,0.000,AP
2025-12-26 17:24:55,1900-01-00 00:00:00,,9C:2F:9D:82:20:A3,-45,,0.000000,0.000000,0.000,0.000,Client
2025-12-26 17:24:55,1900-01-00 00:00:00,dlink-615_EXT,40:86:CB:27:D2:0C,-38, WPA2 ,0.000000,0.000000,0.000,0.000,AP
2025-12-26 17:24:55,1900-01-00 00:00:00,dlink-615_EXT,40:86:CB:27:D2:0C,-39, WPA2 ,0.000000,0.000000,0.000,0.000,AP
2025-12-26 17:24:55,1900-01-00 00:00:00,,D2:6F:12:2F:DE:3D,-26,,0.000000,0.000000,0.000,0.000,Client
2025-12-26 17:24:55,1900-01-00 00:00:00,,D2:6F:12:2F:DE:3D,-26,,0.000000,0.000000,0.000,0.000,Client
2025-12-26 17:24:55,1900-01-00 00:00:00,dlink-615_EXT,40:86:CB:27:D2:0C,-36, WPA2 ,0.000000,0.000000,0.000,0.000,AP
2025-12-26 17:24:55,1900-01-00 00:00:00,,D2:6F:12:2F:DE:3D,-26,,0.000000,0.000000,0.000,0.000,Client
2025-12-26 17:24:55,1900-01-00 00:00:00,,D2:6F:12:2F:DE:3D,-26,,0.000000,0.000000,0.000,0.000,Client
2025-12-26 17:24:55,1900-01-00 00:00:00,,D2:6F:12:2F:DE:3D,-26,,0.000000,0.000000,0.000,0.000,Client
2025-12-26 17:24:55,1900-01-00 00:00:00,dlink-615_EXT,40:86:CB:27:D2:0C,-39, WPA2 ,0.000000,0.000000,0.000,0.000,AP
2025-12-26 17:24:55,1900-01-00 00:00:00,,D2:6F:12:2F:DE:3D,-26,,0.000000,0.000000,0.000,0.000,Client
2025-12-26 17:24:55,1900-01-00 00:00:00,,D2:6F:12:2F:DE:3D,-26,,0.000000,0.000000,0.000,0.000,Client
2025-12-26 17:24:55,1900-01-00 00:00:00,,D2:6F:12:2F:DE:3D,-26,,0.000000,0.000000,0.000,0.000,Client
2025-12-26 17:24:55,1900-01-00 00:00:00,,D2:6F:12:2F:DE:3D,-26,,0.000000,0.000000,0.000,0.000,Client
2025-12-26 17:24:55,1900-01-00 00:00:00,,D2:6F:12:2F:DE:3D,-26,,0.000000,0.000000,0.000,0.000,Client
2025-12-26 17:24:55,1900-01-00 00:00:00,,D2:6F:12:2F:DE:3D,-26,,0.000000,0.000000,0.000,0.000,Client
2025-12-26 17:24:55,1900-01-00 00:00:00,,D2:6F:12:2F:DE:3D,-28,,0.000000,0.000000,0.000,0.000,Client
2025-12-26 17:24:55,1900-01-00 00:00:00,,D2:6F:12:2F:DE:3D,-26,,0.000000,0.000000,0.000,0.000,Client
2025-12-26 17:24:55,1900-01-00 00:00:00,,D2:6F:12:2F:DE:3D,-26,,0.000000,0.000000,0.000,0.000,Client
2025-12-26 17:24:55,1900-01-00 00:00:00,,D2:6F:12:2F:DE:3D,-26,,0.000000,0.000000,0.000,0.000,Client
2025-12-26 17:24:55,1900-01-00 00:00:00,,D2:6F:12:2F:DE:3D,-26,,0.000000,0.000000,0.000,0.000,Client
2025-12-26 17:24:55,1900-01-00 00:00:00,,D2:6F:12:2F:DE:3D,-26,,0.000000,0.000000,0.000,0.000,Client
2025-12-26 17:24:55,1900-01-00 00:00:00,,D2:6F:12:2F:DE:3D,-26,,0.000000,0.000000,0.000,0.000,Client
2025-12-26 17:24:55,1900-01-00 00:00:00,,D2:6F:12:2F:DE:3D,-29,,0.000000,0.000000,0.000,0.000,Client
2025-12-26 17:24:55,1900-01-00 00:00:00,,D2:6F:12:2F:DE:3D,-28,,0.000000,0.000000,0.000,0.000,Client
2025-12-26 17:24:55,1900-01-00 00:00:00,,D2:6F:12:2F:DE:3D,-28,,0.000000,0.000000,0.000,0.000,Client
2025-12-26 17:24:55,1900-01-00 00:00:00,dlink-615_EXT,40:86:CB:27:D2:0C,-37, WPA2 ,0.000000,0.000000,0.000,0.000,AP
2025-12-26 17:24:55,1900-01-00 00:00:00,,D2:6F:12:2F:DE:3D,-28,,0.000000,0.000000,0.000,0.000,Client
2025-12-26 17:24:55,1900-01-00 00:00:00,,D2:6F:12:2F:DE:3D,-29,,0.000000,0.000000,0.000,0.000,Client
2025-12-26 17:24:56,1900-01-00 00:00:00,,9C:2F:9D:82:20:A3,-39,,0.000000,0.000000,0.000,0.000,Client
2025-12-26 17:24:56,1900-01-00 00:00:00,,D2:6F:12:2F:DE:3D,-29,,0.000000,0.000000,0.000,0.000,Client
2025-12-26 17:24:56,1900-01-00 00:00:00,dlink-615_EXT,40:86:CB:27:D2:0C,-35, WPA2 ,0.000000,0.000000,0.000,0.000,AP
2025-12-26 17:24:56,1900-01-00 00:00:00,,D2:6F:12:2F:DE:3D,-26,,0.000000,0.000000,0.000,0.000,Client
2025-12-26 17:24:56,1900-01-00 00:00:00,,D2:6F:12:2F:DE:3D,-26,,0.000000,0.000000,0.000,0.000,Client
2025-12-26 17:24:56,1900-01-00 00:00:00,,D2:6F:12:2F:DE:3D,-28,,0.000000,0.000000,0.000,0.000,Client
2025-12-26 17:24:56,1900-01-00 00:00:00,,9C:2F:9D:82:20:A3,-40,,0.000000,0.000000,0.000,0.000,Client
2025-12-26 17:24:56,1900-01-00 00:00:00,dlink-615_EXT,40:86:CB:27:D2:0C,-40, WPA2 ,0.000000,0.000000,0.000,0.000,AP
2025-12-26 17:24:56,1900-01-00 00:00:00,,D2:6F:12:2F:DE:3D,-27,,0.000000,0.000000,0.000,0.000,Client
2025-12-26 17:24:56,1900-01-00 00:00:00,,D2:6F:12:2F:DE:3D,-27,,0.000000,0.000000,0.000,0.000,Client
2025-12-26 17:24:56,1900-01-00 00:00:00,,D2:6F:12:2F:DE:3D,-28,,0.000000,0.000000,0.000,0.000,Client
2025-12-26 17:24:56,1900-01-00 00:00:00,,D2:6F:12:2F:DE:3D,-28,,0.000000,0.000000,0.000,0.000,Client
2025-12-26 17:24:56,1900-01-00 00:00:00,dlink-615_EXT,40:86:CB:27:D2:0C,-35, WPA2 ,0.000000,0.000000,0.000,0.000,AP
2025-12-26 17:24:56,1900-01-00 00:00:00,,D2:6F:12:2F:DE:3D,-26,,0.000000,0.000000,0.000,0.000,Client
2025-12-26 17:24:56,1900-01-00 00:00:00,,D2:6F:12:2F:DE:3D,-28,,0.000000,0.000000,0.000,0.000,Client
2025-12-26 17:24:56,1900-01-00 00:00:00,,D2:6F:12:2F:DE:3D,-26,,0.000000,0.000000,0.000,0.000,Client
2025-12-26 17:24:56,1900-01-00 00:00:00,,D2:6F:12:2F:DE:3D,-26,,0.000000,0.000000,0.000,0.000,Client
2025-12-26 17:24:56,1900-01-00 00:00:00,,D2:6F:12:2F:DE:3D,-26,,0.000000,0.000000,0.000,0.000,Client
2025-12-26 17:24:56,1900-01-00 00:00:00,,D2:6F:12:2F:DE:3D,-28,,0.000000,0.000000,0.000,0.000,Client
2025-12-26 17:24:56,1900-01-00 00:00:00,,D2:6F:12:2F:DE:3D,-26,,0.000000,0.000000,0.000,0.000,Client
2025-12-26 17:24:56,1900-01-00 00:00:00,,D2:6F:12:2F:DE:3D,-26,,0.000000,0.000000,0.000,0.000,Client
2025-12-26 17:24:56,1900-01-00 00:00:00,,D2:6F:12:2F:DE:3D,-26,,0.000000,0.000000,0.000,0.000,Client
2025-12-26 17:24:56,1900-01-00 00:00:00,dlink-615_EXT,40:86:CB:27:D2:0C,-35, WPA2 ,0.000000,0.000000,0.000,0.000,AP
2025-12-26 17:24:56,1900-01-00 00:00:00,,D2:6F:12:2F:DE:3D,-28,,0.000000,0.000000,0.000,0.000,Client
2025-12-26 17:24:56,1900-01-00 00:00:00,,D2:6F:12:2F:DE:3D,-26,,0.000000,0.000000,0.000,0.000,Client
2025-12-26 17:24:56,1900-01-00 00:00:00,,D2:6F:12:2F:DE:3D,-26,,0.000000,0.000000,0.000,0.000,Client
2025-12-26 17:24:56,1900-01-00 00:00:00,,D2:6F:12:2F:DE:3D,-26,,0.000000,0.000000,0.000,0.000,Client
2025-12-26 17:24:56,1900-01-00 00:00:00,,D2:6F:12:2F:DE:3D,-73,,0.000000,0.000000,0.000,0.000,Client
2025-12-26 17:24:56,1900-01-00 00:00:00,,D2:6F:12:2F:DE:3D,-26,,0.000000,0.000000,0.000,0.000,Client
2025-12-26 17:24:56,1900-01-00 00:00:00,,D2:6F:12:2F:DE:3D,-26,,0.000000,0.000000,0.000,0.000,Client
2025-12-26 17:24:56,1900-01-00 00:00:00,,D2:6F:12:2F:DE:3D,-26,,0.000000,0.000000,0.000,0.000,Client
2025-12-26 17:24:56,1900-01-00 00:00:00,,D2:6F:12:2F:DE:3D,-34,,0.000000,0.000000,0.000,0.000,Client
2025-12-26 17:24:56,1900-01-00 00:00:00,,D2:6F:12:2F:DE:3D,-36,,0.000000,0.000000,0.000,0.000,Client
2025-12-26 17:24:56,1900-01-00 00:00:00,,D2:6F:12:2F:DE:3D,-34,,0.000000,0.000000,0.000,0.000,Client
2025-12-26 17:24:56,1900-01-00 00:00:00,,D2:6F:12:2F:DE:3D,-36,,0.000000,0.000000,0.000,0.000,Client
2025-12-26 17:24:56,1900-01-00 00:00:00,dlink-615_EXT,40:86:CB:27:D2:0C,-35, WPA2 ,0.000000,0.000000,0.000,0.000,AP
2025-12-26 17:24:56,1900-01-00 00:00:00,,9C:2F:9D:82:20:A3,-46,,0.000000,0.000000,0.000,0.000,Client
2025-12-26 17:24:56,1900-01-00 00:00:00,,D2:6F:12:2F:DE:3D,-26,,0.000000,0.000000,0.000,0.000,Client
2025-12-26 17:24:56,1900-01-00 00:00:00,,D2:6F:12:2F:DE:3D,-26,,0.000000,0.000000,0.000,0.000,Client
2025-12-26 17:24:56,1900-01-00 00:00:00,,D2:6F:12:2F:DE:3D,-26,,0.000000,0.000000,0.000,0.000,Client
2025-12-26 17:24:56,1900-01-00 00:00:00,,D2:6F:12:2F:DE:3D,-26,,0.000000,0.000000,0.000,0.000,Client
2025-12-26 17:24:56,1900-01-00 00:00:00,,D2:6F:12:2F:DE:3D,-26,,0.000000,0.000000,0.000,0.000,Client
2025-12-26 17:24:56,1900-01-00 00:00:00,,D2:6F:12:2F:DE:3D,-26,,0.000000,0.000000,0.000,0.000,Client
2025-12-26 17:24:56,1900-01-00 00:00:00,,D2:6F:12:2F:DE:3D,-27,,0.000000,0.000000,0.000,0.000,Client
2025-12-26 17:24:56,1900-01-00 00:00:00,,D2:6F:12:2F:DE:3D,-27,,0.000000,0.000000,0.000,0.000,Client
2025-12-26 17:24:56,1900-01-00 00:00:00,,D2:6F:12:2F:DE:3D,-26,,0.000000,0.000000,0.000,0.000,Client
2025-12-26 17:24:56,1900-01-00 00:00:00,,D2:6F:12:2F:DE:3D,-26,,0.000000,0.000000,0.000,0.000,Client
2025-12-26 17:24:56,1900-01-00 00:00:00,,D2:6F:12:2F:DE:3D,-26,,0.000000,0.000000,0.000,0.000,Client
2025-12-26 17:24:56,1900-01-00 00:00:00,,D2:6F:12:2F:DE:3D,-26,,0.000000,0.000000,0.000,0.000,Client
2025-12-26 17:24:56,1900-01-00 00:00:00,,D2:6F:12:2F:DE:3D,-27,,0.000000,0.000000,0.000,0.000,Client
2025-12-26 17:24:56,1900-01-00 00:00:00,dlink-615_EXT,40:86:CB:27:D2:0C,-35, WPA2 ,0.000000,0.000000,0.000,0.000,AP
2025-12-26 17:24:56,1900-01-00 00:00:00,,D2:6F:12:2F:DE:3D,-26,,0.000000,0.000000,0.000,0.000,Client
2025-12-26 17:24:56,1900-01-00 00:00:00,,D2:6F:12:2F:DE:3D,-26,,0.000000,0.000000,0.000,0.000,Client
2025-12-26 17:24:56,1900-01-00 00:00:00,,D2:6F:12:2F:DE:3D,-26,,0.000000,0.000000,0.000,0.000,Client
2025-12-26 17:24:56,1900-01-00 00:00:00,,D2:6F:12:2F:DE:3D,-28,,0.000000,0.000000,0.000,0.000,Client
2025-12-26 17:24:56,1900-01-00 00:00:00,dlink-615_EXT,40:86:CB:27:D2:0C,-39, WPA2 ,0.000000,0.000000,0.000,0.000,AP
2025-12-26 17:24:56,1900-01-00 00:00:00,,9C:2F:9D:82:20:A3,-45,,0.000000,0.000000,0.000,0.000,Client
2025-12-26 17:24:56,1900-01-00 00:00:00,,D2:6F:12:2F:DE:3D,-26,,0.000000,0.000000,0.000,0.000,Client
2025-12-26 17:24:56,1900-01-00 00:00:00,,D2:6F:12:2F:DE:3D,-26,,0.000000,0.000000,0.000,0.000,Client
2025-12-26 17:24:56,1900-01-00 00:00:00,,D2:6F:12:2F:DE:3D,-26,,0.000000,0.000000,0.000,0.000,Client
2025-12-26 17:24:56,1900-01-00 00:00:00,,D2:6F:12:2F:DE:3D,-26,,0.000000,0.000000,0.000,0.000,Client
2025-12-26 17:24:56,1900-01-00 00:00:00,,D2:6F:12:2F:DE:3D,-26,,0.000000,0.000000,0.000,0.000,Client
2025-12-26 17:24:56,1900-01-00 00:00:00,,D2:6F:12:2F:DE:3D,-28,,0.000000,0.000000,0.000,0.000,Client
2025-12-26 17:24:56,1900-01-00 00:00:00,,D2:6F:12:2F:DE:3D,-26,,0.000000,0.000000,0.000,0.000,Client
2025-12-26 17:24:56,1900-01-00 00:00:00,,D2:6F:12:2F:DE:3D,-26,,0.000000,0.000000,0.000,0.000,Client
2025-12-26 17:24:56,1900-01-00 00:00:00,,D2:6F:12:2F:DE:3D,-26,,0.000000,0.000000,0.000,0.000,Client
2025-12-26 17:24:56,1900-01-00 00:00:00,,D2:6F:12:2F:DE:3D,-26,,0.000000,0.000000,0.000,0.000,Client
2025-12-26 17:24:56,1900-01-00 00:00:00,,D2:6F:12:2F:DE:3D,-26,,0.000000,0.000000,0.000,0.000,Client
2025-12-26 17:24:56,1900-01-00 00:00:00,,D2:6F:12:2F:DE:3D,-26,,0.000000,0.000000,0.000,0.000,Client
2025-12-26 17:24:56,1900-01-00 00:00:00,dlink-615_EXT,40:86:CB:27:D2:0C,-38, WPA2 ,0.000000,0.000000,0.000,0.000,AP
2025-12-26 17:24:56,1900-01-00 00:00:00,,D2:6F:12:2F:DE:3D,-26,,0.000000,0.000000,0.000,0.000,Client
2025-12-26 17:24:56,1900-01-00 00:00:00,,D2:6F:12:2F:DE:3D,-26,,0.000000,0.000000,0.000,0.000,Client
2025-12-26 17:24:56,1900-01-00 00:00:00,,D2:6F:12:2F:DE:3D,-26,,0.000000,0.000000,0.000,0.000,Client
2025-12-26 17:24:56,1900-01-00 00:00:00,,D2:6F:12:2F:DE:3D,-28,,0.000000,0.000000,0.000,0.000,Client
2025-12-26 17:24:56,1900-01-00 00:00:00,,D2:6F:12:2F:DE:3D,-26,,0.000000,0.000000,0.000,0.000,Client
2025-12-26 17:24:56,1900-01-00 00:00:00,,D2:6F:12:2F:DE:3D,-26,,0.000000,0.000000,0.000,0.000,Client
2025-12-26 17:24:56,1900-01-00 00:00:00,,D2:6F:12:2F:DE:3D,-26,,0.000000,0.000000,0.000,0.000,Client
2025-12-26 17:24:56,1900-01-00 00:00:00,,D2:6F:12:2F:DE:3D,-26,,0.000000,0.000000,0.000,0.000,Client
2025-12-26 17:24:56,1900-01-00 00:00:00,,D2:6F:12:2F:DE:3D,-26,,0.000000,0.000000,0.000,0.000,Client
2025-12-26 17:24:56,1900-01-00 00:00:00,,D2:6F:12:2F:DE:3D,-26,,0.000000,0.000000,0.000,0.000,Client
2025-12-26 17:24:56,1900-01-00 00:00:00,,D2:6F:12:2F:DE:3D,-26,,0.000000,0.000000,0.000,0.000,Client
2025-12-26 17:24:56,1900-01-00 00:00:00,,D2:6F:12:2F:DE:3D,-26,,0.000000,0.000000,0.000,0.000,Client
2025-12-26 17:24:56,1900-01-00 00:00:00,,9C:2F:9D:82:20:A3,-45,,0.000000,0.000000,0.000,0.000,Client
2025-12-26 17:24:56,1900-01-00 00:00:00,,D2:6F:12:2F:DE:3D,-28,,0.000000,0.000000,0.000,0.000,Client
2025-12-26 17:24:56,1900-01-00 00:00:00,,D2:6F:12:2F:DE:3D,-26,,0.000000,0.000000,0.000,0.000,Client
2025-12-26 17:24:56,1900-01-00 00:00:00,,D2:6F:12:2F:DE:3D,-26,,0.000000,0.000000,0.000,0.000,Client
2025-12-26 17:24:56,1900-01-00 00:00:00,,D2:6F:12:2F:DE:3D,-36,,0.000000,0.000000,0.000,0.000,Client
2025-12-26 17:24:56,1900-01-00 00:00:00,,D2:6F:12:2F:DE:3D,-28,,0.000000,0.000000,0.000,0.000,Client
2025-12-26 17:24:56,1900-01-00 00:00:00,,D2:6F:12:2F:DE:3D,-28,,0.000000,0.000000,0.000,0.000,Client
2025-12-26 17:24:56,1900-01-00 00:00:00,,D2:6F:12:2F:DE:3D,-26,,0.000000,0.000000,0.000,0.000,Client
2025-12-26 17:24:56,1900-01-00 00:00:00,,D2:6F:12:2F:DE:3D,-26,,0.000000,0.000000,0.000,0.000,Client
2025-12-26 17:24:56,1900-01-00 00:00:00,,D2:6F:12:2F:DE:3D,-26,,0.000000,0.000000,0.000,0.000,Client
2025-12-26 17:24:56,1900-01-00 00:00:00,,D2:6F:12:2F:DE:3D,-26,,0.000000,0.000000,0.000,0.000,Client
2025-12-26 17:24:56,1900-01-00 00:00:00,,D2:6F:12:2F:DE:3D,-26,,0.000000,0.000000,0.000,0.000,Client
2025-12-26 17:24:56,1900-01-00 00:00:00,,D2:6F:12:2F:DE:3D,-26,,0.000000,0.000000,0.000,0.000,Client
2025-12-26 17:24:56,1900-01-00 00:00:00,,D2:6F:12:2F:DE:3D,-26,,0.000000,0.000000,0.000,0.000,Client
2025-12-26 17:24:56,1900-01-00 00:00:00,,D2:6F:12:2F:DE:3D,-26,,0.000000,0.000000,0.000,0.000,Client
2025-12-26 17:24:56,1900-01-00 00:00:00,,D2:6F:12:2F:DE:3D,-76,,0.000000,0.000000,0.000,0.000,Client
2025-12-26 17:24:56,1900-01-00 00:00:00,,D2:6F:12:2F:DE:3D,-26,,0.000000,0.000000,0.000,0.000,Client
2025-12-26 17:24:56,1900-01-00 00:00:00,,D2:6F:12:2F:DE:3D,-28,,0.000000,0.000000,0.000,0.000,Client
2025-12-26 17:24:56,1900-01-00 00:00:00,,D2:6F:12:2F:DE:3D,-26,,0.000000,0.000000,0.000,0.000,Client
2025-12-26 17:24:56,1900-01-00 00:00:00,dlink-615_EXT,40:86:CB:27:D2:0C,-35, WPA2 ,0.000000,0.000000,0.000,0.000,AP
2025-12-26 17:24:56,1900-01-00 00:00:00,,D2:6F:12:2F:DE:3D,-26,,0.000000,0.000000,0.000,0.000,Client
2025-12-26 17:24:56,1900-01-00 00:00:00,,D2:6F:12:2F:DE:3D,-26,,0.000000,0.000000,0.000,0.000,Client
2025-12-26 17:24:56,1900-01-00 00:00:00,,D2:6F:12:2F:DE:3D,-26,,0.000000,0.000000,0.000,0.000,Client
2025-12-26 17:24:56,1900-01-00 00:00:00,,D2:6F:12:2F:DE:3D,-26,,0.000000,0.000000,0.000,0.000,Client
2025-12-26 17:24:56,1900-01-00 00:00:00,,9C:2F:9D:82:20:A3,-45,,0.000000,0.000000,0.000,0.000,Client
2025-12-26 17:24:56,1900-01-00 00:00:00,,D2:6F:12:2F:DE:3D,-28,,0.000000,0.000000,0.000,0.000,Client
2025-12-26 17:24:56,1900-01-00 00:00:00,,D2:6F:12:2F:DE:3D,-26,,0.000000,0.000000,0.000,0.000,Client
2025-12-26 17:24:56,1900-01-00 00:00:00,,D2:6F:12:2F:DE:3D,-26,,0.000000,0.000000,0.000,0.000,Client
2025-12-26 17:24:56,1900-01-00 00:00:00,,D2:6F:12:2F:DE:3D,-26,,0.000000,0.000000,0.000,0.000,Client
2025-12-26 17:24:56,1900-01-00 00:00:00,,D2:6F:12:2F:DE:3D,-26,,0.000000,0.000000,0.000,0.000,Client
2025-12-26 17:24:56,1900-01-00 00:00:00,,D2:6F:12:2F:DE:3D,-26,,0.000000,0.000000,0.000,0.000,Client
2025-12-26 17:24:56,1900-01-00 00:00:00,,D2:6F:12:2F:DE:3D,-26,,0.000000,0.000000,0.000,0.000,Client
2025-12-26 17:24:56,1900-01-00 00:00:00,,D2:6F:12:2F:DE:3D,-26,,0.000000,0.000000,0.000,0.000,Client
2025-12-26 17:24:56,1900-01-00 00:00:00,dlink-615_EXT,40:86:CB:27:D2:0C,-37, WPA2 ,0.000000,0.000000,0.000,0.000,AP
2025-12-26 17:24:56,1900-01-00 00:00:00,,D2:6F:12:2F:DE:3D,-26,,0.000000,0.000000,0.000,0.000,Client
2025-12-26 17:24:56,1900-01-00 00:00:00,,D2:6F:12:2F:DE:3D,-26,,0.000000,0.000000,0.000,0.000,Client
2025-12-26 17:24:56,1900-01-00 00:00:00,,D2:6F:12:2F:DE:3D,-26,,0.000000,0.000000,0.000,0.000,Client
2025-12-26 17:24:56,1900-01-00 00:00:00,,D2:6F:12:2F:DE:3D,-38,,0.000000,0.000000,0.000,0.000,Client
2025-12-26 17:24:57,1900-01-00 00:00:00,,D2:6F:12:2F:DE:3D,-26,,0.000000,0.000000,0.000,0.000,Client
2025-12-26 17:24:57,1900-01-00 00:00:00,,D2:6F:12:2F:DE:3D,-26,,0.000000,0.000000,0.000,0.000,Client
2025-12-26 17:24:57,1900-01-00 00:00:00,,D2:6F:12:2F:DE:3D,-26,,0.000000,0.000000,0.000,0.000,Client
2025-12-26 17:24:57,1900-01-00 00:00:00,,D2:6F:12:2F:DE:3D,-26,,0.000000,0.000000,0.000,0.000,Client
2025-12-26 17:24:57,1900-01-00 00:00:00,,D2:6F:12:2F:DE:3D,-26,,0.000000,0.000000,0.000,0.000,Client
2025-12-26 17:24:57,1900-01-00 00:00:00,,D2:6F:12:2F:DE:3D,-26,,0.000000,0.000000,0.000,0.000,Client
2025-12-26 17:24:57,1900-01-00 00:00:00,,D2:6F:12:2F:DE:3D,-26,,0.000000,0.000000,0.000,0.000,Client
2025-12-26 17:24:57,1900-01-00 00:00:00,,D2:6F:12:2F:DE:3D,-26,,0.000000,0.000000,0.000,0.000,Client
2025-12-26 17:24:57,1900-01-00 00:00:00,,D2:6F:12:2F:DE:3D,-26,,0.000000,0.000000,0.000,0.000,Client
2025-12-26 17:24:57,1900-01-00 00:00:00,dlink-615_EXT,40:86:CB:27:D2:0C,-35, WPA2 ,0.000000,0.000000,0.000,0.000,AP
2025-12-26 17:24:57,1900-01-00 00:00:00,,D2:6F:12:2F:DE:3D,-26,,0.000000,0.000000,0.000,0.000,Client
2025-12-26 17:24:57,1900-01-00 00:00:00,,D2:6F:12:2F:DE:3D,-26,,0.000000,0.000000,0.000,0.000,Client
2025-12-26 17:24:57,1900-01-00 00:00:00,,D2:6F:12:2F:DE:3D,-26,,0.000000,0.000000,0.000,0.000,Client
2025-12-26 17:24:57,1900-01-00 00:00:00,,D2:6F:12:2F:DE:3D,-26,,0.000000,0.000000,0.000,0.000,Client
2025-12-26 17:24:57,1900-01-00 00:00:00,,D2:6F:12:2F:DE:3D,-26,,0.000000,0.000000,0.000,0.000,Client
2025-12-26 17:24:57,1900-01-00 00:00:00,,D2:6F:12:2F:DE:3D,-28,,0.000000,0.000000,0.000,0.000,Client
2025-12-26 17:24:57,1900-01-00 00:00:00,,D2:6F:12:2F:DE:3D,-26,,0.000000,0.000000,0.000,0.000,Client
2025-12-26 17:24:57,1900-01-00 00:00:00,,D2:6F:12:2F:DE:3D,-26,,0.000000,0.000000,0.000,0.000,Client
2025-12-26 17:24:57,1900-01-00 00:00:00,,D2:6F:12:2F:DE:3D,-26,,0.000000,0.000000,0.000,0.000,Client
2025-12-26 17:24:57,1900-01-00 00:00:00,,D2:6F:12:2F:DE:3D,-26,,0.000000,0.000000,0.000,0.000,Client
2025-12-26 17:24:57,1900-01-00 00:00:00,,D2:6F:12:2F:DE:3D,-26,,0.000000,0.000000,0.000,0.000,Client
2025-12-26 17:24:57,1900-01-00 00:00:00,,D2:6F:12:2F:DE:3D,-26,,0.000000,0.000000,0.000,0.000,Client
2025-12-26 17:24:57,1900-01-00 00:00:00,,D2:6F:12:2F:DE:3D,-26,,0.000000,0.000000,0.000,0.000,Client
2025-12-26 17:24:57,1900-01-00 00:00:00,,D2:6F:12:2F:DE:3D,-28,,0.000000,0.000000,0.000,0.000,Client
2025-12-26 17:24:57,1900-01-00 00:00:00,dlink-615_EXT,40:86:CB:27:D2:0C,-36, WPA2 ,0.000000,0.000000,0.000,0.000,AP
2025-12-26 17:24:57,1900-01-00 00:00:00,,9C:2F:9D:82:20:A3,-45,,0.000000,0.000000,0.000,0.000,Client
2025-12-26 17:24:57,1900-01-00 00:00:00,,D2:6F:12:2F:DE:3D,-28,,0.000000,0.000000,0.000,0.000,Client
2025-12-26 17:24:57,1900-01-00 00:00:00,,D2:6F:12:2F:DE:3D,-26,,0.000000,0.000000,0.000,0.000,Client
2025-12-26 17:24:57,1900-01-00 00:00:00,,D2:6F:12:2F:DE:3D,-26,,0.000000,0.000000,0.000,0.000,Client
2025-12-26 17:24:57,1900-01-00 00:00:00,,D2:6F:12:2F:DE:3D,-26,,0.000000,0.000000,0.000,0.000,Client
2025-12-26 17:24:57,1900-01-00 00:00:00,,D2:6F:12:2F:DE:3D,-28,,0.000000,0.000000,0.000,0.000,Client
2025-12-26 17:24:57,1900-01-00 00:00:00,,D2:6F:12:2F:DE:3D,-26,,0.000000,0.000000,0.000,0.000,Client
2025-12-26 17:24:57,1900-01-00 00:00:00,,D2:6F:12:2F:DE:3D,-26,,0.000000,0.000000,0.000,0.000,Client
2025-12-26 17:24:57,1900-01-00 00:00:00,,D2:6F:12:2F:DE:3D,-26,,0.000000,0.000000,0.000,0.000,Client
2025-12-26 17:24:57,1900-01-00 00:00:00,,D2:6F:12:2F:DE:3D,-26,,0.000000,0.000000,0.000,0.000,Client
2025-12-26 17:24:57,1900-01-00 00:00:00,,D2:6F:12:2F:DE:3D,-28,,0.000000,0.000000,0.000,0.000,Client
2025-12-26 17:24:57,1900-01-00 00:00:00,,D2:6F:12:2F:DE:3D,-28,,0.000000,0.000000,0.000,0.000,Client
2025-12-26 17:24:57,1900-01-00 00:00:00,,D2:6F:12:2F:DE:3D,-28,,0.000000,0.000000,0.000,0.000,Client
2025-12-26 17:24:57,1900-01-00 00:00:00,,D2:6F:12:2F:DE:3D,-26,,0.000000,0.000000,0.000,0.000,Client
2025-12-26 17:24:57,1900-01-00 00:00:00,,D2:6F:12:2F:DE:3D,-26,,0.000000,0.000000,0.000,0.000,Client
2025-12-26 17:24:57,1900-01-00 00:00:00,,D2:6F:12:2F:DE:3D,-26,,0.000000,0.000000,0.000,0.000,Client
2025-12-26 17:24:57,1900-01-00 00:00:00,,D2:6F:12:2F:DE:3D,-26,,0.000000,0.000000,0.000,0.000,Client
2025-12-26 17:24:57,1900-01-00 00:00:00,dlink-615_EXT,40:86:CB:27:D2:0C,-37, WPA2 ,0.000000,0.000000,0.000,0.000,AP
2025-12-26 17:24:57,1900-01-00 00:00:00,,9C:2F:9D:82:20:A3,-45,,0.000000,0.000000,0.000,0.000,Client
2025-12-26 17:24:57,1900-01-00 00:00:00,,D2:6F:12:2F:DE:3D,-26,,0.000000,0.000000,0.000,0.000,Client
2025-12-26 17:24:57,1900-01-00 00:00:00,,D2:6F:12:2F:DE:3D,-26,,0.000000,0.000000,0.000,0.000,Client
2025-12-26 17:24:57,1900-01-00 00:00:00,,D2:6F:12:2F:DE:3D,-26,,0.000000,0.000000,0.000,0.000,Client
2025-12-26 17:24:57,1900-01-00 00:00:00,,D2:6F:12:2F:DE:3D,-26,,0.000000,0.000000,0.000,0.000,Client
2025-12-26 17:24:57,1900-01-00 00:00:00,,D2:6F:12:2F:DE:3D,-26,,0.000000,0.000000,0.000,0.000,Client
2025-12-26 17:24:57,1900-01-00 00:00:00,,D2:6F:12:2F:DE:3D,-26,,0.000000,0.000000,0.000,0.000,Client
2025-12-26 17:24:57,1900-01-00 00:00:00,,D2:6F:12:2F:DE:3D,-26,,0.000000,0.000000,0.000,0.000,Client
2025-12-26 17:24:57,1900-01-00 00:00:00,,D2:6F:12:2F:DE:3D,-26,,0.000000,0.000000,0.000,0.000,Client
2025-12-26 17:24:57,1900-01-00 00:00:00,,D2:6F:12:2F:DE:3D,-26,,0.000000,0.000000,0.000,0.000,Client
2025-12-26 17:24:57,1900-01-00 00:00:00,,D2:6F:12:2F:DE:3D,-28,,0.000000,0.000000,0.000,0.000,Client
2025-12-26 17:24:57,1900-01-00 00:00:00,,D2:6F:12:2F:DE:3D,-26,,0.000000,0.000000,0.000,0.000,Client
2025-12-26 17:24:57,1900-01-00 00:00:00,,D2:6F:12:2F:DE:3D,-26,,0.000000,0.000000,0.000,0.000,Client
2025-12-26 17:24:57,1900-01-00 00:00:00,,D2:6F:12:2F:DE:3D,-26,,0.000000,0.000000,0.000,0.000,Client
2025-12-26 17:24:57,1900-01-00 00:00:00,dlink-615_EXT,40:86:CB:27:D2:0C,-39, WPA2 ,0.000000,0.000000,0.000,0.000,AP
2025-12-26 17:24:57,1900-01-00 00:00:00,,D2:6F:12:2F:DE:3D,-26,,0.000000,0.000000,0.000,0.000,Client
2025-12-26 17:24:57,1900-01-00 00:00:00,,D2:6F:12:2F:DE:3D,-26,,0.000000,0.000000,0.000,0.000,Client
2025-12-26 17:24:57,1900-01-00 00:00:00,,D2:6F:12:2F:DE:3D,-26,,0.000000,0.000000,0.000,0.000,Client
2025-12-26 17:24:57,1900-01-00 00:00:00,,D2:6F:12:2F:DE:3D,-26,,0.000000,0.000000,0.000,0.000,Client
2025-12-26 17:24:57,1900-01-00 00:00:00,,D2:6F:12:2F:DE:3D,-26,,0.000000,0.000000,0.000,0.000,Client
2025-12-26 17:24:57,1900-01-00 00:00:00,,D2:6F:12:2F:DE:3D,-28,,0.000000,0.000000,0.000,0.000,Client
2025-12-26 17:24:57,1900-01-00 00:00:00,,D2:6F:12:2F:DE:3D,-26,,0.000000,0.000000,0.000,0.000,Client
2025-12-26 17:24:57,1900-01-00 00:00:00,,D2:6F:12:2F:DE:3D,-26,,0.000000,0.000000,0.000,0.000,Client
2025-12-26 17:24:57,1900-01-00 00:00:00,,D2:6F:12:2F:DE:3D,-26,,0.000000,0.000000,0.000,0.000,Client
2025-12-26 17:24:57,1900-01-00 00:00:00,,D2:6F:12:2F:DE:3D,-28,,0.000000,0.000000,0.000,0.000,Client
2025-12-26 17:24:57,1900-01-00 00:00:00,,D2:6F:12:2F:DE:3D,-28,,0.000000,0.000000,0.000,0.000,Client
2025-12-26 17:24:57,1900-01-00 00:00:00,,D2:6F:12:2F:DE:3D,-28,,0.000000,0.000000,0.000,0.000,Client
2025-12-26 17:24:57,1900-01-00 00:00:00,,D2:6F:12:2F:DE:3D,-28,,0.000000,0.000000,0.000,0.000,Client
2025-12-26 17:24:57,1900-01-00 00:00:00,,D2:6F:12:2F:DE:3D,-29,,0.000000,0.000000,0.000,0.000,Client
2025-12-26 17:24:57,1900-01-00 00:00:00,dlink-615_EXT,40:86:CB:27:D2:0C,-36, WPA2 ,0.000000,0.000000,0.000,0.000,AP
2025-12-26 17:24:57,1900-01-00 00:00:00,,D2:6F:12:2F:DE:3D,-30,,0.000000,0.000000,0.000,0.000,Client
2025-12-26 17:24:57,1900-01-00 00:00:00,,D2:6F:12:2F:DE:3D,-28,,0.000000,0.000000,0.000,0.000,Client
2025-12-26 17:24:57,1900-01-00 00:00:00,,D2:6F:12:2F:DE:3D,-28,,0.000000,0.000000,0.000,0.000,Client
2025-12-26 17:24:57,1900-01-00 00:00:00,,D2:6F:12:2F:DE:3D,-26,,0.000000,0.000000,0.000,0.000,Client
2025-12-26 17:24:57,1900-01-00 00:00:00,,D2:6F:12:2F:DE:3D,-26,,0.000000,0.000000,0.000,0.000,Client
2025-12-26 17:24:57,1900-01-00 00:00:00,,D2:6F:12:2F:DE:3D,-26,,0.000000,0.000000,0.000,0.000,Client
2025-12-26 17:24:57,1900-01-00 00:00:00,,D2:6F:12:2F:DE:3D,-26,,0.000000,0.000000,0.000,0.000,Client
2025-12-26 17:24:57,1900-01-00 00:00:00,,D2:6F:12:2F:DE:3D,-29,,0.000000,0.000000,0.000,0.000,Client
2025-12-26 17:24:57,1900-01-00 00:00:00,,D2:6F:12:2F:DE:3D,-26,,0.000000,0.000000,0.000,0.000,Client
2025-12-26 17:24:57,1900-01-00 00:00:00,,D2:6F:12:2F:DE:3D,-26,,0.000000,0.000000,0.000,0.000,Client
2025-12-26 17:24:57,1900-01-00 00:00:00,dlink-615_EXT,40:86:CB:27:D2:0C,-36, WPA2 ,0.000000,0.000000,0.000,0.000,AP
2025-12-26 17:24:57,1900-01-00 00:00:00,,D2:6F:12:2F:DE:3D,-26,,0.000000,0.000000,0.000,0.000,Client
2025-12-26 17:24:57,1900-01-00 00:00:00,,D2:6F:12:2F:DE:3D,-28,,0.000000,0.000000,0.000,0.000,Client
2025-12-26 17:24:57,1900-01-00 00:00:00,dlink-615_EXT,40:86:CB:27:D2:0C,-37, WPA2 ,0.000000,0.000000,0.000,0.000,AP
2025-12-26 17:24:57,1900-01-00 00:00:00,dlink-615_EXT,40:86:CB:27:D2:0C,-35, WPA2 ,0.000000,0.000000,0.000,0.000,AP
2025-12-26 17:24:57,1900-01-00 00:00:00,dlink-615_EXT,40:86:CB:27:D2:0C,-35, WPA2 ,0.000000,0.000000,0.000,0.000,AP
2025-12-26 17:24:57,1900-01-00 00:00:00,dlink-615_EXT,40:86:CB:27:D2:0C,-38, WPA2 ,0.000000,0.000000,0.000,0.000,AP
2025-12-26 17:24:57,1900-01-00 00:00:00,dlink-615_EXT,40:86:CB:27:D2:0C,-39, WPA2 ,0.000000,0.000000,0.000,0.000,AP
2025-12-26 17:24:57,1900-01-00 00:00:00,dlink-615_EXT,40:86:CB:27:D2:0C,-39, WPA2 ,0.000000,0.000000,0.000,0.000,AP
2025-12-26 17:24:57,1900-01-00 00:00:00,dlink-615_EXT,40:86:CB:27:D2:0C,-36, WPA2 ,0.000000,0.000000,0.000,0.000,AP
2025-12-26 17:24:57,1900-01-00 00:00:00,dlink-615_EXT,40:86:CB:27:D2:0C,-37, WPA2 ,0.000000,0.000000,0.000,0.000,AP
2025-12-26 17:24:57,1900-01-00 00:00:00,dlink-615_EXT,40:86:CB:27:D2:0C,-39, WPA2 ,0.000000,0.000000,0.000,0.000,AP
2025-12-26 17:24:57,1900-01-00 00:00:00,,D2:6F:12:2F:DE:3D,-28,,0.000000,0.000000,0.000,0.000,Client
2025-12-26 17:24:57,1900-01-00 00:00:00,,D2:6F:12:2F:DE:3D,-27,,0.000000,0.000000,0.000,0.000,Client
2025-12-26 17:24:57,1900-01-00 00:00:00,,D2:6F:12:2F:DE:3D,-29,,0.000000,0.000000,0.000,0.000,Client
2025-12-26 17:24:57,1900-01-00 00:00:00,dlink-615_EXT,40:86:CB:27:D2:0C,-36, WPA2 ,0.000000,0.000000,0.000,0.000,AP
2025-12-26 17:24:57,1900-01-00 00:00:00,,D2:6F:12:2F:DE:3D,-26,,0.000000,0.000000,0.000,0.000,Client
2025-12-26 17:24:57,1900-01-00 00:00:00,,D2:6F:12:2F:DE:3D,-26,,0.000000,0.000000,0.000,0.000,Client
2025-12-26 17:24:57,1900-01-00 00:00:00,,D2:6F:12:2F:DE:3D,-28,,0.000000,0.000000,0.000,0.000,Client
2025-12-26 17:24:57,1900-01-00 00:00:00,,D2:6F:12:2F:DE:3D,-28,,0.000000,0.000000,0.000,0.000,Client
2025-12-26 17:24:57,1900-01-00 00:00:00,,D2:6F:12:2F:DE:3D,-26,,0.000000,0.000000,0.000,0.000,Client
2025-12-26 17:24:57,1900-01-00 00:00:00,,D2:6F:12:2F:DE:3D,-26,,0.000000,0.000000,0.000,0.000,Client
2025-12-26 17:24:57,1900-01-00 00:00:00,,D2:6F:12:2F:DE:3D,-26,,0.000000,0.000000,0.000,0.000,Client
2025-12-26 17:24:57,1900-01-00 00:00:00,,D2:6F:12:2F:DE:3D,-26,,0.000000,0.000000,0.000,0.000,Client
2025-12-26 17:24:57,1900-01-00 00:00:00,,9C:2F:9D:82:20:A3,-45,,0.000000,0.000000,0.000,0.000,Client
2025-12-26 17:24:57,1900-01-00 00:00:00,dlink-615_EXT,40:86:CB:27:D2:0C,-38, WPA2 ,0.000000,0.000000,0.000,0.000,AP
2025-12-26 17:24:57,1900-01-00 00:00:00,,D2:6F:12:2F:DE:3D,-38,,0.000000,0.000000,0.000,0.000,Client
2025-12-26 17:24:57,1900-01-00 00:00:00,,D2:6F:12:2F:DE:3D,-26,,0.000000,0.000000,0.000,0.000,Client
2025-12-26 17:24:57,1900-01-00 00:00:00,,D2:6F:12:2F:DE:3D,-26,,0.000000,0.000000,0.000,0.000,Client
2025-12-26 17:24:57,1900-01-00 00:00:00,,D2:6F:12:2F:DE:3D,-26,,0.000000,0.000000,0.000,0.000,Client
2025-12-26 17:24:57,1900-01-00 00:00:00,,D2:6F:12:2F:DE:3D,-26,,0.000000,0.000000,0.000,0.000,Client
2025-12-26 17:24:57,1900-01-00 00:00:00,,D2:6F:12:2F:DE:3D,-26,,0.000000,0.000000,0.000,0.000,Client
2025-12-26 17:24:57,1900-01-00 00:00:00,,D2:6F:12:2F:DE:3D,-26,,0.000000,0.000000,0.000,0.000,Client
2025-12-26 17:24:57,1900-01-00 00:00:00,,D2:6F:12:2F:DE:3D,-26,,0.000000,0.000000,0.000,0.000,Client
2025-12-26 17:24:57,1900-01-00 00:00:00,,D2:6F:12:2F:DE:3D,-26,,0.000000,0.000000,0.000,0.000,Client
2025-12-26 17:24:57,1900-01-00 00:00:00,,D2:6F:12:2F:DE:3D,-26,,0.000000,0.000000,0.000,0.000,Client
2025-12-26 17:24:57,1900-01-00 00:00:00,,D2:6F:12:2F:DE:3D,-26,,0.000000,0.000000,0.000,0.000,Client
2025-12-26 17:24:57,1900-01-00 00:00:00,,D2:6F:12:2F:DE:3D,-26,,0.000000,0.000000,0.000,0.000,Client
2025-12-26 17:24:57,1900-01-00 00:00:00,dlink-615_EXT,40:86:CB:27:D2:0C,-39, WPA2 ,0.000000,0.000000,0.000,0.000,AP
2025-12-26 17:24:57,1900-01-00 00:00:00,,D2:6F:12:2F:DE:3D,-26,,0.000000,0.000000,0.000,0.000,Client
2025-12-26 17:24:57,1900-01-00 00:00:00,,D2:6F:12:2F:DE:3D,-26,,0.000000,0.000000,0.000,0.000,Client
2025-12-26 17:24:57,1900-01-00 00:00:00,,D2:6F:12:2F:DE:3D,-26,,0.000000,0.000000,0.000,0.000,Client
2025-12-26 17:24:57,1900-01-00 00:00:00,,D2:6F:12:2F:DE:3D,-26,,0.000000,0.000000,0.000,0.000,Client
2025-12-26 17:24:57,1900-01-00 00:00:00,,D2:6F:12:2F:DE:3D,-26,,0.000000,0.000000,0.000,0.000,Client
2025-12-26 17:24:57,1900-01-00 00:00:00,,D2:6F:12:2F:DE:3D,-28,,0.000000,0.000000,0.000,0.000,Client
2025-12-26 17:24:57,1900-01-00 00:00:00,,D2:6F:12:2F:DE:3D,-28,,0.000000,0.000000,0.000,0.000,Client
2025-12-26 17:24:58,1900-01-00 00:00:00,dlink-615_EXT,40:86:CB:27:D2:0C,-36, WPA2 ,0.000000,0.000000,0.000,0.000,AP
2025-12-26 17:24:58,1900-01-00 00:00:00,,9C:2F:9D:82:20:A3,-45,,0.000000,0.000000,0.000,0.000,Client
2025-12-26 17:24:58,1900-01-00 00:00:00,dlink-615_EXT,40:86:CB:27:D2:0C,-39, WPA2 ,0.000000,0.000000,0.000,0.000,AP
2025-12-26 17:24:58,1900-01-00 00:00:00,dlink-615_EXT,40:86:CB:27:D2:0C,-36, WPA2 ,0.000000,0.000000,0.000,0.000,AP
2025-12-26 17:24:58,1900-01-00 00:00:00,dlink-615_EXT,40:86:CB:27:D2:0C,-38, WPA2 ,0.000000,0.000000,0.000,0.000,AP
2025-12-26 17:24:58,1900-01-00 00:00:00,dlink-615_EXT,40:86:CB:27:D2:0C,-38, WPA2 ,0.000000,0.000000,0.000,0.000,AP
2025-12-26 17:24:58,1900-01-00 00:00:00,,D2:6F:12:2F:DE:3D,-28,,0.000000,0.000000,0.000,0.000,Client
2025-12-26 17:24:58,1900-01-00 00:00:00,dlink-615_EXT,40:86:CB:27:D2:0C,-38, WPA2 ,0.000000,0.000000,0.000,0.000,AP
2025-12-26 17:24:58,1900-01-00 00:00:00,dlink-615_EXT,40:86:CB:27:D2:0C,-38, WPA2 ,0.000000,0.000000,0.000,0.000,AP
2025-12-26 17:24:58,1900-01-00 00:00:00,,D2:6F:12:2F:DE:3D,-27,,0.000000,0.000000,0.000,0.000,Client
2025-12-26 17:24:58,1900-01-00 00:00:00,,D2:6F:12:2F:DE:3D,-26,,0.000000,0.000000,0.000,0.000,Client
2025-12-26 17:24:58,1900-01-00 00:00:00,,D2:6F:12:2F:DE:3D,-26,,0.000000,0.000000,0.000,0.000,Client
2025-12-26 17:24:58,1900-01-00 00:00:00,,9C:2F:9D:82:20:A3,-46,,0.000000,0.000000,0.000,0.000,Client
2025-12-26 17:24:58,1900-01-00 00:00:00,,D2:6F:12:2F:DE:3D,-26,,0.000000,0.000000,0.000,0.000,Client
2025-12-26 17:24:58,1900-01-00 00:00:00,,D2:6F:12:2F:DE:3D,-29,,0.000000,0.000000,0.000,0.000,Client
2025-12-26 17:24:58,1900-01-00 00:00:00,,D2:6F:12:2F:DE:3D,-26,,0.000000,0.000000,0.000,0.000,Client
2025-12-26 17:24:58,1900-01-00 00:00:00,,D2:6F:12:2F:DE:3D,-26,,0.000000,0.000000,0.000,0.000,Client
2025-12-26 17:24:58,1900-01-00 00:00:00,dlink-615_EXT,40:86:CB:27:D2:0C,-37, WPA2 ,0.000000,0.000000,0.000,0.000,AP
2025-12-26 17:24:58,1900-01-00 00:00:00,,D2:6F:12:2F:DE:3D,-25,,0.000000,0.000000,0.000,0.000,Client
2025-12-26 17:24:58,1900-01-00 00:00:00,,D2:6F:12:2F:DE:3D,-25,,0.000000,0.000000,0.000,0.000,Client
2025-12-26 17:24:58,1900-01-00 00:00:00,,D2:6F:12:2F:DE:3D,-25,,0.000000,0.000000,0.000,0.000,Client
2025-12-26 17:24:58,1900-01-00 00:00:00,,D2:6F:12:2F:DE:3D,-28,,0.000000,0.000000,0.000,0.000,Client
2025-12-26 17:24:58,1900-01-00 00:00:00,,9C:2F:9D:82:20:A3,-45,,0.000000,0.000000,0.000,0.000,Client
2025-12-26 17:24:58,1900-01-00 00:00:00,,D2:6F:12:2F:DE:3D,-25,,0.000000,0.000000,0.000,0.000,Client
2025-12-26 17:24:58,1900-01-00 00:00:00,,D2:6F:12:2F:DE:3D,-28,,0.000000,0.000000,0.000,0.000,Client
2025-12-26 17:24:58,1900-01-00 00:00:00,,D2:6F:12:2F:DE:3D,-27,,0.000000,0.000000,0.000,0.000,Client
2025-12-26 17:24:58,1900-01-00 00:00:00,,D2:6F:12:2F:DE:3D,-25,,0.000000,0.000000,0.000,0.000,Client
2025-12-26 17:24:58,1900-01-00 00:00:00,,D2:6F:12:2F:DE:3D,-27,,0.000000,0.000000,0.000,0.000,Client
2025-12-26 17:24:58,1900-01-00 00:00:00,,D2:6F:12:2F:DE:3D,-27,,0.000000,0.000000,0.000,0.000,Client
2025-12-26 17:24:58,1900-01-00 00:00:00,dlink-615_EXT,40:86:CB:27:D2:0C,-35, WPA2 ,0.000000,0.000000,0.000,0.000,AP
2025-12-26 17:24:58,1900-01-00 00:00:00,,D2:6F:12:2F:DE:3D,-27,,0.000000,0.000000,0.000,0.000,Client
2025-12-26 17:24:58,1900-01-00 00:00:00,,D2:6F:12:2F:DE:3D,-27,,0.000000,0.000000,0.000,0.000,Client
2025-12-26 17:24:58,1900-01-00 00:00:00,,D2:6F:12:2F:DE:3D,-27,,0.000000,0.000000,0.000,0.000,Client
2025-12-26 17:24:58,1900-01-00 00:00:00,,D2:6F:12:2F:DE:3D,-27,,0.000000,0.000000,0.000,0.000,Client
2025-12-26 17:24:58,1900-01-00 00:00:00,,D2:6F:12:2F:DE:3D,-27,,0.000000,0.000000,0.000,0.000,Client
2025-12-26 17:24:58,1900-01-00 00:00:00,,D2:6F:12:2F:DE:3D,-27,,0.000000,0.000000,0.000,0.000,Client
2025-12-26 17:24:58,1900-01-00 00:00:00,,D2:6F:12:2F:DE:3D,-27,,0.000000,0.000000,0.000,0.000,Client
2025-12-26 17:24:58,1900-01-00 00:00:00,,D2:6F:12:2F:DE:3D,-27,,0.000000,0.000000,0.000,0.000,Client
2025-12-26 17:24:58,1900-01-00 00:00:00,,D2:6F:12:2F:DE:3D,-27,,0.000000,0.000000,0.000,0.000,Client
2025-12-26 17:24:58,1900-01-00 00:00:00,dlink-615_EXT,40:86:CB:27:D2:0C,-36, WPA2 ,0.000000,0.000000,0.000,0.000,AP
2025-12-26 17:24:58,1900-01-00 00:00:00,,D2:6F:12:2F:DE:3D,-27,,0.000000,0.000000,0.000,0.000,Client
2025-12-26 17:24:58,1900-01-00 00:00:00,,D2:6F:12:2F:DE:3D,-28,,0.000000,0.000000,0.000,0.000,Client
2025-12-26 17:24:58,1900-01-00 00:00:00,,D2:6F:12:2F:DE:3D,-28,,0.000000,0.000000,0.000,0.000,Client
2025-12-26 17:24:58,1900-01-00 00:00:00,dlink-615_EXT,40:86:CB:27:D2:0C,-39, WPA2 ,0.000000,0.000000,0.000,0.000,AP
2025-12-26 17:24:58,1900-01-00 00:00:00,,D2:6F:12:2F:DE:3D,-28,,0.000000,0.000000,0.000,0.000,Client
2025-12-26 17:24:58,1900-01-00 00:00:00,,D2:6F:12:2F:DE:3D,-30,,0.000000,0.000000,0.000,0.000,Client
2025-12-26 17:24:58,1900-01-00 00:00:00,,D2:6F:12:2F:DE:3D,-30,,0.000000,0.000000,0.000,0.000,Client
2025-12-26 17:24:58,1900-01-00 00:00:00,,D2:6F:12:2F:DE:3D,-28,,0.000000,0.000000,0.000,0.000,Client
2025-12-26 17:24:59,1900-01-00 00:00:00,dlink-615_EXT,40:86:CB:27:D2:0C,-34, WPA2 ,0.000000,0.000000,0.000,0.000,AP
2025-12-26 17:24:59,1900-01-00 00:00:00,,9C:2F:9D:82:20:A3,-39,,0.000000,0.000000,0.000,0.000,Client
2025-12-26 17:24:59,1900-01-00 00:00:00,dlink-615_EXT,40:86:CB:27:D2:0C,-38, WPA2 ,0.000000,0.000000,0.000,0.000,AP
2025-12-26 17:24:59,1900-01-00 00:00:00,,D2:6F:12:2F:DE:3D,-29,,0.000000,0.000000,0.000,0.000,Client
2025-12-26 17:24:59,1900-01-00 00:00:00,,D2:6F:12:2F:DE:3D,-73,,0.000000,0.000000,0.000,0.000,Client
2025-12-26 17:24:59,1900-01-00 00:00:00,,9C:2F:9D:82:20:A3,-40,,0.000000,0.000000,0.000,0.000,Client
2025-12-26 17:24:59,1900-01-00 00:00:00,dlink-615_EXT,40:86:CB:27:D2:0C,-36, WPA2 ,0.000000,0.000000,0.000,0.000,AP
2025-12-26 17:24:59,1900-01-00 00:00:00,,D2:6F:12:2F:DE:3D,-29,,0.000000,0.000000,0.000,0.000,Client
2025-12-26 17:24:59,1900-01-00 00:00:00,,D2:6F:12:2F:DE:3D,-29,,0.000000,0.000000,0.000,0.000,Client
2025-12-26 17:24:59,1900-01-00 00:00:00,,D2:6F:12:2F:DE:3D,-29,,0.000000,0.000000,0.000,0.000,Client
2025-12-26 17:24:59,1900-01-00 00:00:00,,D2:6F:12:2F:DE:3D,-29,,0.000000,0.000000,0.000,0.000,Client
2025-12-26 17:24:59,1900-01-00 00:00:00,dlink-615_EXT,40:86:CB:27:D2:0C,-34, WPA2 ,0.000000,0.000000,0.000,0.000,AP
2025-12-26 17:24:59,1900-01-00 00:00:00,dlink-615_EXT,40:86:CB:27:D2:0C,-35, WPA2 ,0.000000,0.000000,0.000,0.000,AP
2025-12-26 17:24:59,1900-01-00 00:00:00,,9C:2F:9D:82:20:A3,-40,,0.000000,0.000000,0.000,0.000,Client
2025-12-26 17:24:59,1900-01-00 00:00:00,dlink-615_EXT,40:86:CB:27:D2:0C,-35, WPA2 ,0.000000,0.000000,0.000,0.000,AP
2025-12-26 17:24:59,1900-01-00 00:00:00,,D2:6F:12:2F:DE:3D,-28,,0.000000,0.000000,0.000,0.000,Client
2025-12-26 17:24:59,1900-01-00 00:00:00,,D2:6F:12:2F:DE:3D,-28,,0.000000,0.000000,0.000,0.000,Client
2025-12-26 17:24:59,1900-01-00 00:00:00,,D2:6F:12:2F:DE:3D,-31,,0.000000,0.000000,0.000,0.000,Client
2025-12-26 17:24:59,1900-01-00 00:00:00,,D2:6F:12:2F:DE:3D,-28,,0.000000,0.000000,0.000,0.000,Client
2025-12-26 17:24:59,1900-01-00 00:00:00,,DC:A6:32:F8:A7:D6,-19,,0.000000,0.000000,0.000,0.000,Client
2025-12-26 17:24:59,1900-01-00 00:00:00,dlink-615_EXT,40:86:CB:27:D2:0C,-34, WPA2 ,0.000000,0.000000,0.000,0.000,AP
2025-12-26 17:24:59,1900-01-00 00:00:00,,DC:A6:32:F8:A7:D6,-20,,0.000000,0.000000,0.000,0.000,Client
2025-12-26 17:24:59,1900-01-00 00:00:00,dlink-615_EXT,40:86:CB:27:D2:0C,-34, WPA2 ,0.000000,0.000000,0.000,0.000,AP
2025-12-26 17:24:59,1900-01-00 00:00:00,dlink-615_EXT,40:86:CB:27:D2:0C,-38, WPA2 ,0.000000,0.000000,0.000,0.000,AP
2025-12-26 17:24:59,1900-01-00 00:00:00,dlink-615_EXT,40:86:CB:27:D2:0C,-36, WPA2 ,0.000000,0.000000,0.000,0.000,AP
2025-12-26 17:24:59,1900-01-00 00:00:00,,DC:A6:32:F8:A7:D6,-18,,0.000000,0.000000,0.000,0.000,Client
2025-12-26 17:24:59,1900-01-00 00:00:00,dlink-615_EXT,40:86:CB:27:D2:0C,-36, WPA2 ,0.000000,0.000000,0.000,0.000,AP
2025-12-26 17:24:59,1900-01-00 00:00:00,,9C:2F:9D:82:20:A3,-40,,0.000000,0.000000,0.000,0.000,Client
2025-12-26 17:24:59,1900-01-00 00:00:00,,D2:6F:12:2F:DE:3D,-28,,0.000000,0.000000,0.000,0.000,Client
2025-12-26 17:24:59,1900-01-00 00:00:00,dlink-615_EXT,40:86:CB:27:D2:0C,-37, WPA2 ,0.000000,0.000000,0.000,0.000,AP
2025-12-26 17:24:59,1900-01-00 00:00:00,,D2:6F:12:2F:DE:3D,-28,,0.000000,0.000000,0.000,0.000,Client
2025-12-26 17:24:59,1900-01-00 00:00:00,,D2:6F:12:2F:DE:3D,-28,,0.000000,0.000000,0.000,0.000,Client
2025-12-26 17:24:59,1900-01-00 00:00:00,dlink-615_EXT,40:86:CB:27:D2:0C,-34, WPA2 ,0.000000,0.000000,0.000,0.000,AP
2025-12-26 17:24:59,1900-01-00 00:00:00,,D2:6F:12:2F:DE:3D,-28,,0.000000,0.000000,0.000,0.000,Client
2025-12-26 17:24:59,1900-01-00 00:00:00,,D2:6F:12:2F:DE:3D,-28,,0.000000,0.000000,0.000,0.000,Client
2025-12-26 17:24:59,1900-01-00 00:00:00,,D2:6F:12:2F:DE:3D,-28,,0.000000,0.000000,0.000,0.000,Client
2025-12-26 17:24:59,1900-01-00 00:00:00,,D2:6F:12:2F:DE:3D,-28,,0.000000,0.000000,0.000,0.000,Client
2025-12-26 17:24:59,1900-01-00 00:00:00,,D2:6F:12:2F:DE:3D,-28,,0.000000,0.000000,0.000,0.000,Client
2025-12-26 17:24:59,1900-01-00 00:00:00,dlink-615_EXT,40:86:CB:27:D2:0C,-35, WPA2 ,0.000000,0.000000,0.000,0.000,AP
2025-12-26 17:25:00,1900-01-00 00:00:00,dlink-615_EXT,40:86:CB:27:D2:0C,-34, WPA2 ,0.000000,0.000000,0.000,0.000,AP
2025-12-26 17:25:00,1900-01-00 00:00:00,,D2:6F:12:2F:DE:3D,-28,,0.000000,0.000000,0.000,0.000,Client
2025-12-26 17:25:00,1900-01-00 00:00:00,,D2:6F:12:2F:DE:3D,-28,,0.000000,0.000000,0.000,0.000,Client
2025-12-26 17:25:00,1900-01-00 00:00:00,,D2:6F:12:2F:DE:3D,-28,,0.000000,0.000000,0.000,0.000,Client
2025-12-26 17:25:00,1900-01-00 00:00:00,,D2:6F:12:2F:DE:3D,-28,,0.000000,0.000000,0.000,0.000,Client
2025-12-26 17:25:00,1900-01-00 00:00:00,dlink-615_EXT,40:86:CB:27:D2:0C,-38, WPA2 ,0.000000,0.000000,0.000,0.000,AP
2025-12-26 17:25:00,1900-01-00 00:00:00,,D2:6F:12:2F:DE:3D,-27,,0.000000,0.000000,0.000,0.000,Client
2025-12-26 17:25:00,1900-01-00 00:00:00,,D2:6F:12:2F:DE:3D,-26,,0.000000,0.000000,0.000,0.000,Client
2025-12-26 17:25:00,1900-01-00 00:00:00,dlink-615_EXT,40:86:CB:27:D2:0C,-35, WPA2 ,0.000000,0.000000,0.000,0.000,AP
2025-12-26 17:25:00,1900-01-00 00:00:00,dlink-615_EXT,40:86:CB:27:D2:0C,-35, WPA2 ,0.000000,0.000000,0.000,0.000,AP
2025-12-26 17:25:00,1900-01-00 00:00:00,,D2:6F:12:2F:DE:3D,-30,,0.000000,0.000000,0.000,0.000,Client
2025-12-26 17:25:00,1900-01-00 00:00:00,,D2:6F:12:2F:DE:3D,-28,,0.000000,0.000000,0.000,0.000,Client
2025-12-26 17:25:00,1900-01-00 00:00:00,,D2:6F:12:2F:DE:3D,-28,,0.000000,0.000000,0.000,0.000,Client
2025-12-26 17:25:00,1900-01-00 00:00:00,,D2:6F:12:2F:DE:3D,-28,,0.000000,0.000000,0.000,0.000,Client
2025-12-26 17:25:00,1900-01-00 00:00:00,dlink-615_EXT,40:86:CB:27:D2:0C,-34, WPA2 ,0.000000,0.000000,0.000,0.000,AP
2025-12-26 17:25:00,1900-01-00 00:00:00,,D2:6F:12:2F:DE:3D,-31,,0.000000,0.000000,0.000,0.000,Client
2025-12-26 17:25:00,1900-01-00 00:00:00,,D2:6F:12:2F:DE:3D,-31,,0.000000,0.000000,0.000,0.000,Client
2025-12-26 17:25:00,1900-01-00 00:00:00,,D2:6F:12:2F:DE:3D,-31,,0.000000,0.000000,0.000,0.000,Client
2025-12-26 17:25:00,1900-01-00 00:00:00,,D2:6F:12:2F:DE:3D,-32,,0.000000,0.000000,0.000,0.000,Client
2025-12-26 17:25:00,1900-01-00 00:00:00,dlink-615_EXT,40:86:CB:27:D2:0C,-34, WPA2 ,0.000000,0.000000,0.000,0.000,AP
2025-12-26 17:25:00,1900-01-00 00:00:00,dlink-615_EXT,40:86:CB:27:D2:0C,-33, WPA2 ,0.000000,0.000000,0.000,0.000,AP
2025-12-26 17:25:00,1900-01-00 00:00:00,,DC:A6:32:F8:A7:D6,-18,,0.000000,0.000000,0.000,0.000,Client
2025-12-26 17:25:00,1900-01-00 00:00:00,,D2:6F:12:2F:DE:3D,-32,,0.000000,0.000000,0.000,0.000,Client
2025-12-26 17:25:00,1900-01-00 00:00:00,,D2:6F:12:2F:DE:3D,-32,,0.000000,0.000000,0.000,0.000,Client
2025-12-26 17:25:00,1900-01-00 00:00:00,,D2:6F:12:2F:DE:3D,-31,,0.000000,0.000000,0.000,0.000,Client
2025-12-26 17:25:00,1900-01-00 00:00:00,,D2:6F:12:2F:DE:3D,-34,,0.000000,0.000000,0.000,0.000,Client
2025-12-26 17:25:00,1900-01-00 00:00:00,dlink-615_EXT,40:86:CB:27:D2:0C,-34, WPA2 ,0.000000,0.000000,0.000,0.000,AP
2025-12-26 17:25:00,1900-01-00 00:00:00,,D2:6F:12:2F:DE:3D,-33,,0.000000,0.000000,0.000,0.000,Client
2025-12-26 17:25:00,1900-01-00 00:00:00,,D2:6F:12:2F:DE:3D,-33,,0.000000,0.000000,0.000,0.000,Client
2025-12-26 17:25:00,1900-01-00 00:00:00,,D2:6F:12:2F:DE:3D,-33,,0.000000,0.000000,0.000,0.000,Client
2025-12-26 17:25:00,1900-01-00 00:00:00,,D2:6F:12:2F:DE:3D,-33,,0.000000,0.000000,0.000,0.000,Client
2025-12-26 17:25:00,1900-01-00 00:00:00,,D2:6F:12:2F:DE:3D,-34,,0.000000,0.000000,0.000,0.000,Client
2025-12-26 17:25:00,1900-01-00 00:00:00,,D2:6F:12:2F:DE:3D,-34,,0.000000,0.000000,0.000,0.000,Client
2025-12-26 17:25:00,1900-01-00 00:00:00,,D2:6F:12:2F:DE:3D,-34,,0.000000,0.000000,0.000,0.000,Client
2025-12-26 17:25:00,1900-01-00 00:00:00,dlink-615_EXT,40:86:CB:27:D2:0C,-34, WPA2 ,0.000000,0.000000,0.000,0.000,AP
2025-12-26 17:25:00,1900-01-00 00:00:00,,D2:6F:12:2F:DE:3D,-36,,0.000000,0.000000,0.000,0.000,Client
2025-12-26 17:25:00,1900-01-00 00:00:00,,D2:6F:12:2F:DE:3D,-37,,0.000000,0.000000,0.000,0.000,Client
2025-12-26 17:25:00,1900-01-00 00:00:00,,9C:2F:9D:82:20:A3,-41,,0.000000,0.000000,0.000,0.000,Client
2025-12-26 17:25:00,1900-01-00 00:00:00,dlink-615_EXT,40:86:CB:27:D2:0C,-38, WPA2 ,0.000000,0.000000,0.000,0.000,AP
2025-12-26 17:25:00,1900-01-00 00:00:00,,D2:6F:12:2F:DE:3D,-38,,0.000000,0.000000,0.000,0.000,Client
2025-12-26 17:25:00,1900-01-00 00:00:00,,D2:6F:12:2F:DE:3D,-38,,0.000000,0.000000,0.000,0.000,Client
2025-12-26 17:25:00,1900-01-00 00:00:00,,D2:6F:12:2F:DE:3D,-39,,0.000000,0.000000,0.000,0.000,Client
2025-12-26 17:25:00,1900-01-00 00:00:00,,D2:6F:12:2F:DE:3D,-38,,0.000000,0.000000,0.000,0.000,Client
2025-12-26 17:25:00,1900-01-00 00:00:00,,9C:2F:9D:82:20:A3,-40,,0.000000,0.000000,0.000,0.000,Client
2025-12-26 17:25:00,1900-01-00 00:00:00,dlink-615_EXT,40:86:CB:27:D2:0C,-34, WPA2 ,0.000000,0.000000,0.000,0.000,AP
2025-12-26 17:25:00,1900-01-00 00:00:00,dlink-615_EXT,40:86:CB:27:D2:0C,-34, WPA2 ,0.000000,0.000000,0.000,0.000,AP
2025-12-26 17:25:00,1900-01-00 00:00:00,dlink-615_EXT,40:86:CB:27:D2:0C,-35, WPA2 ,0.000000,0.000000,0.000,0.000,AP
2025-12-26 17:25:01,1900-01-00 00:00:00,dlink-615_EXT,40:86:CB:27:D2:0C,-35, WPA2 ,0.000000,0.000000,0.000,0.000,AP
2025-12-26 17:25:01,1900-01-00 00:00:00,dlink-615_EXT,40:86:CB:27:D2:0C,-36, WPA2 ,0.000000,0.000000,0.000,0.000,AP
2025-12-26 17:25:01,1900-01-00 00:00:00,dlink-615_EXT,40:86:CB:27:D2:0C,-33, WPA2 ,0.000000,0.000000,0.000,0.000,AP
2025-12-26 17:25:01,1900-01-00 00:00:00,,D2:6F:12:2F:DE:3D,-40,,0.000000,0.000000,0.000,0.000,Client
2025-12-26 17:25:01,1900-01-00 00:00:00,,D2:6F:12:2F:DE:3D,-40,,0.000000,0.000000,0.000,0.000,Client
2025-12-26 17:25:01,1900-01-00 00:00:00,,D2:6F:12:2F:DE:3D,-39,,0.000000,0.000000,0.000,0.000,Client
2025-12-26 17:25:01,1900-01-00 00:00:00,,D2:6F:12:2F:DE:3D,-40,,0.000000,0.000000,0.000,0.000,Client
2025-12-26 17:25:01,1900-01-00 00:00:00,,D2:6F:12:2F:DE:3D,-40,,0.000000,0.000000,0.000,0.000,Client
2025-12-26 17:25:01,1900-01-00 00:00:00,,D2:6F:12:2F:DE:3D,-39,,0.000000,0.000000,0.000,0.000,Client
2025-12-26 17:25:01,1900-01-00 00:00:00,,D2:6F:12:2F:DE:3D,-39,,0.000000,0.000000,0.000,0.000,Client
2025-12-26 17:25:01,1900-01-00 00:00:00,,D2:6F:12:2F:DE:3D,-39,,0.000000,0.000000,0.000,0.000,Client
2025-12-26 17:25:01,1900-01-00 00:00:00,,D2:6F:12:2F:DE:3D,-39,,0.000000,0.000000,0.000,0.000,Client
2025-12-26 17:25:01,1900-01-00 00:00:00,,D2:6F:12:2F:DE:3D,-39,,0.000000,0.000000,0.000,0.000,Client
2025-12-26 17:25:01,1900-01-00 00:00:00,,D2:6F:12:2F:DE:3D,-39,,0.000000,0.000000,0.000,0.000,Client
2025-12-26 17:25:01,1900-01-00 00:00:00,,D2:6F:12:2F:DE:3D,-39,,0.000000,0.000000,0.000,0.000,Client
2025-12-26 17:25:01,1900-01-00 00:00:00,,D2:6F:12:2F:DE:3D,-39,,0.000000,0.000000,0.000,0.000,Client
2025-12-26 17:25:01,1900-01-00 00:00:00,,D2:6F:12:2F:DE:3D,-39,,0.000000,0.000000,0.000,0.000,Client
2025-12-26 17:25:01,1900-01-00 00:00:00,,D2:6F:12:2F:DE:3D,-38,,0.000000,0.000000,0.000,0.000,Client
2025-12-26 17:25:01,1900-01-00 00:00:00,,D2:6F:12:2F:DE:3D,-39,,0.000000,0.000000,0.000,0.000,Client
2025-12-26 17:25:01,1900-01-00 00:00:00,,D2:6F:12:2F:DE:3D,-39,,0.000000,0.000000,0.000,0.000,Client
2025-12-26 17:25:01,1900-01-00 00:00:00,,D2:6F:12:2F:DE:3D,-38,,0.000000,0.000000,0.000,0.000,Client
2025-12-26 17:25:01,1900-01-00 00:00:00,,D2:6F:12:2F:DE:3D,-38,,0.000000,0.000000,0.000,0.000,Client
2025-12-26 17:25:01,1900-01-00 00:00:00,,D2:6F:12:2F:DE:3D,-38,,0.000000,0.000000,0.000,0.000,Client
2025-12-26 17:25:01,1900-01-00 00:00:00,,D2:6F:12:2F:DE:3D,-38,,0.000000,0.000000,0.000,0.000,Client
2025-12-26 17:25:01,1900-01-00 00:00:00,dlink-615_EXT,40:86:CB:27:D2:0C,-33, WPA2 ,0.000000,0.000000,0.000,0.000,AP
2025-12-26 17:25:01,1900-01-00 00:00:00,,9C:2F:9D:82:20:A3,-39,,0.000000,0.000000,0.000,0.000,Client
2025-12-26 17:25:01,1900-01-00 00:00:00,dlink-615_EXT,40:86:CB:27:D2:0C,-35, WPA2 ,0.000000,0.000000,0.000,0.000,AP
2025-12-26 17:25:01,1900-01-00 00:00:00,,9C:2F:9D:82:20:A3,-39,,0.000000,0.000000,0.000,0.000,Client
2025-12-26 17:25:01,1900-01-00 00:00:00,,D2:6F:12:2F:DE:3D,-30,,0.000000,0.000000,0.000,0.000,Client
2025-12-26 17:25:01,1900-01-00 00:00:00,,D2:6F:12:2F:DE:3D,-28,,0.000000,0.000000,0.000,0.000,Client
2025-12-26 17:25:01,1900-01-00 00:00:00,,D2:6F:12:2F:DE:3D,-28,,0.000000,0.000000,0.000,0.000,Client
2025-12-26 17:25:01,1900-01-00 00:00:00,,D2:6F:12:2F:DE:3D,-28,,0.000000,0.000000,0.000,0.000,Client
2025-12-26 17:25:01,1900-01-00 00:00:00,,D2:6F:12:2F:DE:3D,-26,,0.000000,0.000000,0.000,0.000,Client
2025-12-26 17:25:01,1900-01-00 00:00:00,dlink-615_EXT,40:86:CB:27:D2:0C,-35, WPA2 ,0.000000,0.000000,0.000,0.000,AP
2025-12-26 17:25:01,1900-01-00 00:00:00,,D2:6F:12:2F:DE:3D,-27,,0.000000,0.000000,0.000,0.000,Client
2025-12-26 17:25:01,1900-01-00 00:00:00,dlink-615_EXT,40:86:CB:27:D2:0C,-34, WPA2 ,0.000000,0.000000,0.000,0.000,AP
2025-12-26 17:25:01,1900-01-00 00:00:00,,D2:6F:12:2F:DE:3D,-32,,0.000000,0.000000,0.000,0.000,Client
2025-12-26 17:25:01,1900-01-00 00:00:00,,D2:6F:12:2F:DE:3D,-33,,0.000000,0.000000,0.000,0.000,Client
2025-12-26 17:25:01,1900-01-00 00:00:00,,D2:6F:12:2F:DE:3D,-33,,0.000000,0.000000,0.000,0.000,Client
2025-12-26 17:25:01,1900-01-00 00:00:00,dlink-615_EXT,40:86:CB:27:D2:0C,-35, WPA2 ,0.000000,0.000000,0.000,0.000,AP
2025-12-26 17:25:01,1900-01-00 00:00:00,,9C:2F:9D:82:20:A3,-42,,0.000000,0.000000,0.000,0.000,Client
2025-12-26 17:25:01,1900-01-00 00:00:00,,D2:6F:12:2F:DE:3D,-33,,0.000000,0.000000,0.000,0.000,Client
2025-12-26 17:25:01,1900-01-00 00:00:00,dlink-615_EXT,40:86:CB:27:D2:0C,-35, WPA2 ,0.000000,0.000000,0.000,0.000,AP
2025-12-26 17:25:01,1900-01-00 00:00:00,,DC:A6:32:F8:A7:D6,-18,,0.000000,0.000000,0.000,0.000,Client
2025-12-26 17:25:01,1900-01-00 00:00:00,,D2:6F:12:2F:DE:3D,-32,,0.000000,0.000000,0.000,0.000,Client
2025-12-26 17:25:01,1900-01-00 00:00:00,,D2:6F:12:2F:DE:3D,-33,,0.000000,0.000000,0.000,0.000,Client
2025-12-26 17:25:01,1900-01-00 00:00:00,,D2:6F:12:2F:DE:3D,-33,,0.000000,0.000000,0.000,0.000,Client
2025-12-26 17:25:01,1900-01-00 00:00:00,,D2:6F:12:2F:DE:3D,-33,,0.000000,0.000000,0.000,0.000,Client
2025-12-26 17:25:01,1900-01-00 00:00:00,dlink-615_EXT,40:86:CB:27:D2:0C,-33, WPA2 ,0.000000,0.000000,0.000,0.000,AP
2025-12-26 17:25:01,1900-01-00 00:00:00,,9C:2F:9D:82:20:A3,-42,,0.000000,0.000000,0.000,0.000,Client
2025-12-26 17:25:01,1900-01-00 00:00:00,,D2:6F:12:2F:DE:3D,-32,,0.000000,0.000000,0.000,0.000,Client
2025-12-26 17:25:01,1900-01-00 00:00:00,,D2:6F:12:2F:DE:3D,-31,,0.000000,0.000000,0.000,0.000,Client
2025-12-26 17:25:01,1900-01-00 00:00:00,,D2:6F:12:2F:DE:3D,-27,,0.000000,0.000000,0.000,0.000,Client
2025-12-26 17:25:01,1900-01-00 00:00:00,dlink-615_EXT,40:86:CB:27:D2:0C,-33, WPA2 ,0.000000,0.000000,0.000,0.000,AP
2025-12-26 17:25:01,1900-01-00 00:00:00,dlink-615_EXT,40:86:CB:27:D2:0C,-32, WPA2 ,0.000000,0.000000,0.000,0.000,AP
2025-12-26 17:25:01,1900-01-00 00:00:00,,D2:6F:12:2F:DE:3D,-27,,0.000000,0.000000,0.000,0.000,Client
2025-12-26 17:25:01,1900-01-00 00:00:00,,D2:6F:12:2F:DE:3D,-25,,0.000000,0.000000,0.000,0.000,Client
2025-12-26 17:25:01,1900-01-00 00:00:00,,D2:6F:12:2F:DE:3D,-26,,0.000000,0.000000,0.000,0.000,Client
2025-12-26 17:25:01,1900-01-00 00:00:00,,D2:6F:12:2F:DE:3D,-26,,0.000000,0.000000,0.000,0.000,Client
2025-12-26 17:25:01,1900-01-00 00:00:00,,D2:6F:12:2F:DE:3D,-24,,0.000000,0.000000,0.000,0.000,Client
2025-12-26 17:25:01,1900-01-00 00:00:00,,D2:6F:12:2F:DE:3D,-25,,0.000000,0.000000,0.000,0.000,Client
2025-12-26 17:25:01,1900-01-00 00:00:00,,D2:6F:12:2F:DE:3D,-24,,0.000000,0.000000,0.000,0.000,Client
2025-12-26 17:25:01,1900-01-00 00:00:00,,D2:6F:12:2F:DE:3D,-26,,0.000000,0.000000,0.000,0.000,Client
2025-12-26 17:25:01,1900-01-00 00:00:00,,D2:6F:12:2F:DE:3D,-26,,0.000000,0.000000,0.000,0.000,Client
2025-12-26 17:25:01,1900-01-00 00:00:00,,D2:6F:12:2F:DE:3D,-24,,0.000000,0.000000,0.000,0.000,Client
2025-12-26 17:25:01,1900-01-00 00:00:00,,D2:6F:12:2F:DE:3D,-24,,0.000000,0.000000,0.000,0.000,Client
2025-12-26 17:25:01,1900-01-00 00:00:00,,D2:6F:12:2F:DE:3D,-24,,0.000000,0.000000,0.000,0.000,Client
2025-12-26 17:25:01,1900-01-00 00:00:00,,D2:6F:12:2F:DE:3D,-25,,0.000000,0.000000,0.000,0.000,Client
2025-12-26 17:25:01,1900-01-00 00:00:00,,D2:6F:12:2F:DE:3D,-25,,0.000000,0.000000,0.000,0.000,Client
2025-12-26 17:25:01,1900-01-00 00:00:00,,D2:6F:12:2F:DE:3D,-26,,0.000000,0.000000,0.000,0.000,Client
2025-12-26 17:25:01,1900-01-00 00:00:00,,D2:6F:12:2F:DE:3D,-25,,0.000000,0.000000,0.000,0.000,Client
2025-12-26 17:25:01,1900-01-00 00:00:00,dlink-615_EXT,40:86:CB:27:D2:0C,-34, WPA2 ,0.000000,0.000000,0.000,0.000,AP
2025-12-26 17:25:01,1900-01-00 00:00:00,,D2:6F:12:2F:DE:3D,-25,,0.000000,0.000000,0.000,0.000,Client
2025-12-26 17:25:01,1900-01-00 00:00:00,,D2:6F:12:2F:DE:3D,-26,,0.000000,0.000000,0.000,0.000,Client
2025-12-26 17:25:02,1900-01-00 00:00:00,,D2:6F:12:2F:DE:3D,-24,,0.000000,0.000000,0.000,0.000,Client
2025-12-26 17:25:02,1900-01-00 00:00:00,,D2:6F:12:2F:DE:3D,-25,,0.000000,0.000000,0.000,0.000,Client
2025-12-26 17:25:02,1900-01-00 00:00:00,,D2:6F:12:2F:DE:3D,-25,,0.000000,0.000000,0.000,0.000,Client
2025-12-26 17:25:02,1900-01-00 00:00:00,dlink-615_EXT,40:86:CB:27:D2:0C,-35, WPA2 ,0.000000,0.000000,0.000,0.000,AP
2025-12-26 17:25:02,1900-01-00 00:00:00,,9C:2F:9D:82:20:A3,-45,,0.000000,0.000000,0.000,0.000,Client
2025-12-26 17:25:02,1900-01-00 00:00:00,dlink-615_EXT,40:86:CB:27:D2:0C,-37, WPA2 ,0.000000,0.000000,0.000,0.000,AP
2025-12-26 17:25:02,1900-01-00 00:00:00,,9C:2F:9D:82:20:A3,-44,,0.000000,0.000000,0.000,0.000,Client
2025-12-26 17:25:02,1900-01-00 00:00:00,dlink-615_EXT,40:86:CB:27:D2:0C,-37, WPA2 ,0.000000,0.000000,0.000,0.000,AP
2025-12-26 17:25:02,1900-01-00 00:00:00,,D2:6F:12:2F:DE:3D,-27,,0.000000,0.000000,0.000,0.000,Client
2025-12-26 17:25:02,1900-01-00 00:00:00,dlink-615_EXT,40:86:CB:27:D2:0C,-35, WPA2 ,0.000000,0.000000,0.000,0.000,AP
2025-12-26 17:25:02,1900-01-00 00:00:00,,D2:6F:12:2F:DE:3D,-25,,0.000000,0.000000,0.000,0.000,Client
2025-12-26 17:25:02,1900-01-00 00:00:00,dlink-615_EXT,40:86:CB:27:D2:0C,-35, WPA2 ,0.000000,0.000000,0.000,0.000,AP
2025-12-26 17:25:02,1900-01-00 00:00:00,dlink-615_EXT,40:86:CB:27:D2:0C,-37, WPA2 ,0.000000,0.000000,0.000,0.000,AP
2025-12-26 17:25:02,1900-01-00 00:00:00,dlink-615_EXT,40:86:CB:27:D2:0C,-35, WPA2 ,0.000000,0.000000,0.000,0.000,AP
2025-12-26 17:25:02,1900-01-00 00:00:00,,DC:A6:32:F8:A7:D6,-20,,0.000000,0.000000,0.000,0.000,Client
2025-12-26 17:25:02,1900-01-00 00:00:00,dlink-615_EXT,40:86:CB:27:D2:0C,-39, WPA2 ,0.000000,0.000000,0.000,0.000,AP
2025-12-26 17:25:02,1900-01-00 00:00:00,dlink-615_EXT,40:86:CB:27:D2:0C,-37, WPA2 ,0.000000,0.000000,0.000,0.000,AP
2025-12-26 17:25:02,1900-01-00 00:00:00,,D2:6F:12:2F:DE:3D,-28,,0.000000,0.000000,0.000,0.000,Client
2025-12-26 17:25:02,1900-01-00 00:00:00,,D2:6F:12:2F:DE:3D,-28,,0.000000,0.000000,0.000,0.000,Client
2025-12-26 17:25:02,1900-01-00 00:00:00,,D2:6F:12:2F:DE:3D,-26,,0.000000,0.000000,0.000,0.000,Client
2025-12-26 17:25:02,1900-01-00 00:00:00,,D2:6F:12:2F:DE:3D,-28,,0.000000,0.000000,0.000,0.000,Client
2025-12-26 17:25:02,1900-01-00 00:00:00,,D2:6F:12:2F:DE:3D,-26,,0.000000,0.000000,0.000,0.000,Client
2025-12-26 17:25:02,1900-01-00 00:00:00,dlink-615_EXT,40:86:CB:27:D2:0C,-35, WPA2 ,0.000000,0.000000,0.000,0.000,AP
2025-12-26 17:25:02,1900-01-00 00:00:00,dlink-615_EXT,40:86:CB:27:D2:0C,-37, WPA2 ,0.000000,0.000000,0.000,0.000,AP
2025-12-26 17:25:03,1900-01-00 00:00:00,dlink-615_EXT,40:86:CB:27:D2:0C,-35, WPA2 ,0.000000,0.000000,0.000,0.000,AP
2025-12-26 17:25:03,1900-01-00 00:00:00,dlink-615_EXT,40:86:CB:27:D2:0C,-35, WPA2 ,0.000000,0.000000,0.000,0.000,AP
2025-12-26 17:25:03,1900-01-00 00:00:00,dlink-615_EXT,40:86:CB:27:D2:0C,-33, WPA2 ,0.000000,0.000000,0.000,0.000,AP
2025-12-26 17:25:03,1900-01-00 00:00:00,dlink-615_EXT,40:86:CB:27:D2:0C,-33, WPA2 ,0.000000,0.000000,0.000,0.000,AP
2025-12-26 17:25:03,1900-01-00 00:00:00,dlink-615_EXT,40:86:CB:27:D2:0C,-33, WPA2 ,0.000000,0.000000,0.000,0.000,AP
2025-12-26 17:25:03,1900-01-00 00:00:00,dlink-615_EXT,40:86:CB:27:D2:0C,-33, WPA2 ,0.000000,0.000000,0.000,0.000,AP
2025-12-26 17:25:03,1900-01-00 00:00:00,dlink-615_EXT,40:86:CB:27:D2:0C,-36, WPA2 ,0.000000,0.000000,0.000,0.000,AP
2025-12-26 17:25:03,1900-01-00 00:00:00,dlink-615_EXT,40:86:CB:27:D2:0C,-37, WPA2 ,0.000000,0.000000,0.000,0.000,AP
2025-12-26 17:25:03,1900-01-00 00:00:00,dlink-615_EXT,40:86:CB:27:D2:0C,-34, WPA2 ,0.000000,0.000000,0.000,0.000,AP
2025-12-26 17:25:03,1900-01-00 00:00:00,dlink-615_EXT,40:86:CB:27:D2:0C,-35, WPA2 ,0.000000,0.000000,0.000,0.000,AP
2025-12-26 17:25:03,1900-01-00 00:00:00,,9C:2F:9D:82:20:A3,-42,,0.000000,0.000000,0.000,0.000,Client
2025-12-26 17:25:03,1900-01-00 00:00:00,dlink-615_EXT,40:86:CB:27:D2:0C,-35, WPA2 ,0.000000,0.000000,0.000,0.000,AP
2025-12-26 17:25:03,1900-01-00 00:00:00,,DC:A6:32:F8:A7:D6,-21,,0.000000,0.000000,0.000,0.000,Client
2025-12-26 17:25:03,1900-01-00 00:00:00,dlink-615_EXT,40:86:CB:27:D2:0C,-36, WPA2 ,0.000000,0.000000,0.000,0.000,AP
2025-12-26 17:25:03,1900-01-00 00:00:00,,9C:2F:9D:82:20:A3,-42,,0.000000,0.000000,0.000,0.000,Client
2025-12-26 17:25:03,1900-01-00 00:00:00,dlink-615_EXT,40:86:CB:27:D2:0C,-34, WPA2 ,0.000000,0.000000,0.000,0.000,AP
2025-12-26 17:25:03,1900-01-00 00:00:00,dlink-615_EXT,40:86:CB:27:D2:0C,-37, WPA2 ,0.000000,0.000000,0.000,0.000,AP
2025-12-26 17:25:03,1900-01-00 00:00:00,,9C:2F:9D:82:20:A3,-40,,0.000000,0.000000,0.000,0.000,Client
2025-12-26 17:25:03,1900-01-00 00:00:00,dlink-615_EXT,40:86:CB:27:D2:0C,-35, WPA2 ,0.000000,0.000000,0.000,0.000,AP
2025-12-26 17:25:04,1900-01-00 00:00:00,,9C:2F:9D:82:20:A3,-41,,0.000000,0.000000,0.000,0.000,Client
2025-12-26 17:25:04,1900-01-00 00:00:00,dlink-615_EXT,40:86:CB:27:D2:0C,-36, WPA2 ,0.000000,0.000000,0.000,0.000,AP
2025-12-26 17:25:04,1900-01-00 00:00:00,dlink-615_EXT,40:86:CB:27:D2:0C,-34, WPA2 ,0.000000,0.000000,0.000,0.000,AP
2025-12-26 17:25:04,1900-01-00 00:00:00,dlink-615_EXT,40:86:CB:27:D2:0C,-34, WPA2 ,0.000000,0.000000,0.000,0.000,AP
2025-12-26 17:25:04,1900-01-00 00:00:00,dlink-615_EXT,40:86:CB:27:D2:0C,-36, WPA2 ,0.000000,0.000000,0.000,0.000,AP
2025-12-26 17:25:04,1900-01-00 00:00:00,dlink-615_EXT,40:86:CB:27:D2:0C,-35, WPA2 ,0.000000,0.000000,0.000,0.000,AP
2025-12-26 17:25:04,1900-01-00 00:00:00,dlink-615_EXT,40:86:CB:27:D2:0C,-34, WPA2 ,0.000000,0.000000,0.000,0.000,AP
2025-12-26 17:25:04,1900-01-00 00:00:00,dlink-615_EXT,40:86:CB:27:D2:0C,-34, WPA2 ,0.000000,0.000000,0.000,0.000,AP
2025-12-26 17:25:04,1900-01-00 00:00:00,,DC:A6:32:F8:A7:D6,-20,,0.000000,0.000000,0.000,0.000,Client
2025-12-26 17:25:04,1900-01-00 00:00:00,dlink-615_EXT,40:86:CB:27:D2:0C,-34, WPA2 ,0.000000,0.000000,0.000,0.000,AP
2025-12-26 17:25:04,1900-01-00 00:00:00,,9C:2F:9D:82:20:A3,-40,,0.000000,0.000000,0.000,0.000,Client
2025-12-26 17:25:04,1900-01-00 00:00:00,dlink-615_EXT,40:86:CB:27:D2:0C,-35, WPA2 ,0.000000,0.000000,0.000,0.000,AP
2025-12-26 17:25:04,1900-01-00 00:00:00,,9C:2F:9D:82:20:A3,-42,,0.000000,0.000000,0.000,0.000,Client
2025-12-26 17:25:04,1900-01-00 00:00:00,,D2:6F:12:2F:DE:3D,-28,,0.000000,0.000000,0.000,0.000,Client
2025-12-26 17:25:04,1900-01-00 00:00:00,dlink-615_EXT,40:86:CB:27:D2:0C,-34, WPA2 ,0.000000,0.000000,0.000,0.000,AP
2025-12-26 17:25:04,1900-01-00 00:00:00,,D2:6F:12:2F:DE:3D,-27,,0.000000,0.000000,0.000,0.000,Client
2025-12-26 17:25:04,1900-01-00 00:00:00,dlink-615_EXT,40:86:CB:27:D2:0C,-33, WPA2 ,0.000000,0.000000,0.000,0.000,AP
2025-12-26 17:25:05,1900-01-00 00:00:00,dlink-615_EXT,40:86:CB:27:D2:0C,-34, WPA2 ,0.000000,0.000000,0.000,0.000,AP
2025-12-26 17:25:05,1900-01-00 00:00:00,dlink-615_EXT,40:86:CB:27:D2:0C,-36, WPA2 ,0.000000,0.000000,0.000,0.000,AP
2025-12-26 17:25:05,1900-01-00 00:00:00,,9C:2F:9D:82:20:A3,-40,,0.000000,0.000000,0.000,0.000,Client
2025-12-26 17:25:05,1900-01-00 00:00:00,,D2:6F:12:2F:DE:3D,-26,,0.000000,0.000000,0.000,0.000,Client
2025-12-26 17:25:05,1900-01-00 00:00:00,dlink-615_EXT,40:86:CB:27:D2:0C,-34, WPA2 ,0.000000,0.000000,0.000,0.000,AP
2025-12-26 17:25:05,1900-01-00 00:00:00,,9C:2F:9D:82:20:A3,-42,,0.000000,0.000000,0.000,0.000,Client
2025-12-26 17:25:05,1900-01-00 00:00:00,dlink-615_EXT,40:86:CB:27:D2:0C,-34, WPA2 ,0.000000,0.000000,0.000,0.000,AP
2025-12-26 17:25:05,1900-01-00 00:00:00,dlink-615_EXT,40:86:CB:27:D2:0C,-34, WPA2 ,0.000000,0.000000,0.000,0.000,AP
2025-12-26 17:25:05,1900-01-00 00:00:00,dlink-615_EXT,40:86:CB:27:D2:0C,-35, WPA2 ,0.000000,0.000000,0.000,0.000,AP
2025-12-26 17:25:05,1900-01-00 00:00:00,,9C:2F:9D:82:20:A3,-44,,0.000000,0.000000,0.000,0.000,Client
2025-12-26 17:25:05,1900-01-00 00:00:00,dlink-615_EXT,40:86:CB:27:D2:0C,-35, WPA2 ,0.000000,0.000000,0.000,0.000,AP
2025-12-26 17:25:05,1900-01-00 00:00:00,dlink-615_EXT,40:86:CB:27:D2:0C,-34, WPA2 ,0.000000,0.000000,0.000,0.000,AP
2025-12-26 17:25:05,1900-01-00 00:00:00,dlink-615_EXT,40:86:CB:27:D2:0C,-35, WPA2 ,0.000000,0.000000,0.000,0.000,AP
2025-12-26 17:25:05,1900-01-00 00:00:00,,D2:6F:12:2F:DE:3D,-28,,0.000000,0.000000,0.000,0.000,Client
2025-12-26 17:25:05,1900-01-00 00:00:00,dlink-615_EXT,40:86:CB:27:D2:0C,-36, WPA2 ,0.000000,0.000000,0.000,0.000,AP
2025-12-26 17:25:05,1900-01-00 00:00:00,,9C:2F:9D:82:20:A3,-43,,0.000000,0.000000,0.000,0.000,Client
2025-12-26 17:25:05,1900-01-00 00:00:00,dlink-615_EXT,40:86:CB:27:D2:0C,-35, WPA2 ,0.000000,0.000000,0.000,0.000,AP
2025-12-26 17:25:05,1900-01-00 00:00:00,,D2:6F:12:2F:DE:3D,-25,,0.000000,0.000000,0.000,0.000,Client
2025-12-26 17:25:05,1900-01-00 00:00:00,,D2:6F:12:2F:DE:3D,-25,,0.000000,0.000000,0.000,0.000,Client
2025-12-26 17:25:05,1900-01-00 00:00:00,,D2:6F:12:2F:DE:3D,-25,,0.000000,0.000000,0.000,0.000,Client
2025-12-26 17:25:05,1900-01-00 00:00:00,dlink-615_EXT,40:86:CB:27:D2:0C,-35, WPA2 ,0.000000,0.000000,0.000,0.000,AP
2025-12-26 17:25:05,1900-01-00 00:00:00,,D2:6F:12:2F:DE:3D,-27,,0.000000,0.000000,0.000,0.000,Client
2025-12-26 17:25:05,1900-01-00 00:00:00,,D2:6F:12:2F:DE:3D,-27,,0.000000,0.000000,0.000,0.000,Client
2025-12-26 17:25:05,1900-01-00 00:00:00,,D2:6F:12:2F:DE:3D,-27,,0.000000,0.000000,0.000,0.000,Client
2025-12-26 17:25:05,1900-01-00 00:00:00,,D2:6F:12:2F:DE:3D,-27,,0.000000,0.000000,0.000,0.000,Client
2025-12-26 17:25:05,1900-01-00 00:00:00,dlink-615_EXT,40:86:CB:27:D2:0C,-35, WPA2 ,0.000000,0.000000,0.000,0.000,AP
2025-12-26 17:25:06,1900-01-00 00:00:00,,D2:6F:12:2F:DE:3D,-27,,0.000000,0.000000,0.000,0.000,Client
2025-12-26 17:25:06,1900-01-00 00:00:00,,D2:6F:12:2F:DE:3D,-27,,0.000000,0.000000,0.000,0.000,Client
2025-12-26 17:25:06,1900-01-00 00:00:00,,D2:6F:12:2F:DE:3D,-27,,0.000000,0.000000,0.000,0.000,Client
2025-12-26 17:25:06,1900-01-00 00:00:00,,D2:6F:12:2F:DE:3D,-27,,0.000000,0.000000,0.000,0.000,Client
2025-12-26 17:25:06,1900-01-00 00:00:00,,D2:6F:12:2F:DE:3D,-73,,0.000000,0.000000,0.000,0.000,Client
2025-12-26 17:25:06,1900-01-00 00:00:00,,D2:6F:12:2F:DE:3D,-27,,0.000000,0.000000,0.000,0.000,Client
2025-12-26 17:25:06,1900-01-00 00:00:00,,D2:6F:12:2F:DE:3D,-27,,0.000000,0.000000,0.000,0.000,Client
2025-12-26 17:25:06,1900-01-00 00:00:00,,D2:6F:12:2F:DE:3D,-27,,0.000000,0.000000,0.000,0.000,Client
2025-12-26 17:25:06,1900-01-00 00:00:00,dlink-615_EXT,40:86:CB:27:D2:0C,-35, WPA2 ,0.000000,0.000000,0.000,0.000,AP
2025-12-26 17:25:06,1900-01-00 00:00:00,,D2:6F:12:2F:DE:3D,-25,,0.000000,0.000000,0.000,0.000,Client
2025-12-26 17:25:06,1900-01-00 00:00:00,dlink-615_EXT,40:86:CB:27:D2:0C,-37, WPA2 ,0.000000,0.000000,0.000,0.000,AP
2025-12-26 17:25:06,1900-01-00 00:00:00,,9C:2F:9D:82:20:A3,-42,,0.000000,0.000000,0.000,0.000,Client
2025-12-26 17:25:06,1900-01-00 00:00:00,dlink-615_EXT,40:86:CB:27:D2:0C,-35, WPA2 ,0.000000,0.000000,0.000,0.000,AP
2025-12-26 17:25:06,1900-01-00 00:00:00,,9C:2F:9D:82:20:A3,-42,,0.000000,0.000000,0.000,0.000,Client
2025-12-26 17:25:06,1900-01-00 00:00:00,,D2:6F:12:2F:DE:3D,-25,,0.000000,0.000000,0.000,0.000,Client
2025-12-26 17:25:06,1900-01-00 00:00:00,,D2:6F:12:2F:DE:3D,-26,,0.000000,0.000000,0.000,0.000,Client
2025-12-26 17:25:06,1900-01-00 00:00:00,,D2:6F:12:2F:DE:3D,-26,,0.000000,0.000000,0.000,0.000,Client
2025-12-26 17:25:06,1900-01-00 00:00:00,,D2:6F:12:2F:DE:3D,-27,,0.000000,0.000000,0.000,0.000,Client
2025-12-26 17:25:06,1900-01-00 00:00:00,,D2:6F:12:2F:DE:3D,-25,,0.000000,0.000000,0.000,0.000,Client
2025-12-26 17:25:06,1900-01-00 00:00:00,dlink-615_EXT,40:86:CB:27:D2:0C,-35, WPA2 ,0.000000,0.000000,0.000,0.000,AP
2025-12-26 17:25:06,1900-01-00 00:00:00,dlink-615_EXT,40:86:CB:27:D2:0C,-37, WPA2 ,0.000000,0.000000,0.000,0.000,AP
2025-12-26 17:25:06,1900-01-00 00:00:00,,D2:6F:12:2F:DE:3D,-24,,0.000000,0.000000,0.000,0.000,Client
2025-12-26 17:25:06,1900-01-00 00:00:00,dlink-615_EXT,40:86:CB:27:D2:0C,-37, WPA2 ,0.000000,0.000000,0.000,0.000,AP
2025-12-26 17:25:06,1900-01-00 00:00:00,dlink-615_EXT,40:86:CB:27:D2:0C,-36, WPA2 ,0.000000,0.000000,0.000,0.000,AP
2025-12-26 17:25:06,1900-01-00 00:00:00,dlink-615_EXT,40:86:CB:27:D2:0C,-36, WPA2 ,0.000000,0.000000,0.000,0.000,AP
2025-12-26 17:25:06,1900-01-00 00:00:00,dlink-615_EXT,40:86:CB:27:D2:0C,-37, WPA2 ,0.000000,0.000000,0.000,0.000,AP
2025-12-26 17:25:06,1900-01-00 00:00:00,dlink-615_EXT,40:86:CB:27:D2:0C,-37, WPA2 ,0.000000,0.000000,0.000,0.000,AP
2025-12-26 17:25:06,1900-01-00 00:00:00,,9C:2F:9D:82:20:A3,-39,,0.000000,0.000000,0.000,0.000,Client
2025-12-26 17:25:07,1900-01-00 00:00:00,dlink-615_EXT,40:86:CB:27:D2:0C,-37, WPA2 ,0.000000,0.000000,0.000,0.000,AP
2025-12-26 17:25:07,1900-01-00 00:00:00,,9C:2F:9D:82:20:A3,-40,,0.000000,0.000000,0.000,0.000,Client
2025-12-26 17:25:07,1900-01-00 00:00:00,dlink-615_EXT,40:86:CB:27:D2:0C,-36, WPA2 ,0.000000,0.000000,0.000,0.000,AP
2025-12-26 17:25:07,1900-01-00 00:00:00,dlink-615_EXT,40:86:CB:27:D2:0C,-35, WPA2 ,0.000000,0.000000,0.000,0.000,AP
2025-12-26 17:25:07,1900-01-00 00:00:00,dlink-615_EXT,40:86:CB:27:D2:0C,-36, WPA2 ,0.000000,0.000000,0.000,0.000,AP
2025-12-26 17:25:07,1900-01-00 00:00:00,dlink-615_EXT,40:86:CB:27:D2:0C,-37, WPA2 ,0.000000,0.000000,0.000,0.000,AP
2025-12-26 17:25:07,1900-01-00 00:00:00,dlink-615_EXT,40:86:CB:27:D2:0C,-37, WPA2 ,0.000000,0.000000,0.000,0.000,AP
2025-12-26 17:25:07,1900-01-00 00:00:00,dlink-615_EXT,40:86:CB:27:D2:0C,-37, WPA2 ,0.000000,0.000000,0.000,0.000,AP
2025-12-26 17:25:07,1900-01-00 00:00:00,dlink-615_EXT,40:86:CB:27:D2:0C,-37, WPA2 ,0.000000,0.000000,0.000,0.000,AP
2025-12-26 17:25:07,1900-01-00 00:00:00,dlink-615_EXT,40:86:CB:27:D2:0C,-39, WPA2 ,0.000000,0.000000,0.000,0.000,AP
2025-12-26 17:25:07,1900-01-00 00:00:00,dlink-615_EXT,40:86:CB:27:D2:0C,-38, WPA2 ,0.000000,0.000000,0.000,0.000,AP
2025-12-26 17:25:07,1900-01-00 00:00:00,dlink-615_EXT,40:86:CB:27:D2:0C,-37, WPA2 ,0.000000,0.000000,0.000,0.000,AP
2025-12-26 17:25:07,1900-01-00 00:00:00,dlink-615_EXT,40:86:CB:27:D2:0C,-34, WPA2 ,0.000000,0.000000,0.000,0.000,AP
2025-12-26 17:25:07,1900-01-00 00:00:00,dlink-615_EXT,40:86:CB:27:D2:0C,-36, WPA2 ,0.000000,0.000000,0.000,0.000,AP
2025-12-26 17:25:07,1900-01-00 00:00:00,dlink-615_EXT,40:86:CB:27:D2:0C,-34, WPA2 ,0.000000,0.000000,0.000,0.000,AP
2025-12-26 17:25:07,1900-01-00 00:00:00,,9C:2F:9D:82:20:A3,-41,,0.000000,0.000000,0.000,0.000,Client
2025-12-26 17:25:08,1900-01-00 00:00:00,dlink-615_EXT,40:86:CB:27:D2:0C,-34, WPA2 ,0.000000,0.000000,0.000,0.000,AP
2025-12-26 17:25:08,1900-01-00 00:00:00,dlink-615_EXT,40:86:CB:27:D2:0C,-35, WPA2 ,0.000000,0.000000,0.000,0.000,AP
2025-12-26 17:25:08,1900-01-00 00:00:00,,9C:2F:9D:82:20:A3,-43,,0.000000,0.000000,0.000,0.000,Client
2025-12-26 17:25:08,1900-01-00 00:00:00,dlink-615_EXT,40:86:CB:27:D2:0C,-35, WPA2 ,0.000000,0.000000,0.000,0.000,AP
2025-12-26 17:25:08,1900-01-00 00:00:00,,9C:2F:9D:82:20:A3,-43,,0.000000,0.000000,0.000,0.000,Client
2025-12-26 17:25:08,1900-01-00 00:00:00,dlink-615_EXT,40:86:CB:27:D2:0C,-34, WPA2 ,0.000000,0.000000,0.000,0.000,AP
2025-12-26 17:25:08,1900-01-00 00:00:00,,9C:2F:9D:82:20:A3,-43,,0.000000,0.000000,0.000,0.000,Client
2025-12-26 17:25:08,1900-01-00 00:00:00,,D2:6F:12:2F:DE:3D,-26,,0.000000,0.000000,0.000,0.000,Client
2025-12-26 17:25:08,1900-01-00 00:00:00,dlink-615_EXT,40:86:CB:27:D2:0C,-34, WPA2 ,0.000000,0.000000,0.000,0.000,AP
2025-12-26 17:25:08,1900-01-00 00:00:00,,9C:2F:9D:82:20:A3,-43,,0.000000,0.000000,0.000,0.000,Client
2025-12-26 17:25:08,1900-01-00 00:00:00,dlink-615_EXT,40:86:CB:27:D2:0C,-37, WPA2 ,0.000000,0.000000,0.000,0.000,AP
2025-12-26 17:25:08,1900-01-00 00:00:00,,D2:6F:12:2F:DE:3D,-25,,0.000000,0.000000,0.000,0.000,Client
2025-12-26 17:25:08,1900-01-00 00:00:00,,D2:6F:12:2F:DE:3D,-25,,0.000000,0.000000,0.000,0.000,Client
2025-12-26 17:25:08,1900-01-00 00:00:00,,D2:6F:12:2F:DE:3D,-25,,0.000000,0.000000,0.000,0.000,Client
2025-12-26 17:25:08,1900-01-00 00:00:00,,9C:2F:9D:82:20:A3,-44,,0.000000,0.000000,0.000,0.000,Client
2025-12-26 17:25:08,1900-01-00 00:00:00,,D2:6F:12:2F:DE:3D,-25,,0.000000,0.000000,0.000,0.000,Client
2025-12-26 17:25:08,1900-01-00 00:00:00,,D2:6F:12:2F:DE:3D,-24,,0.000000,0.000000,0.000,0.000,Client
2025-12-26 17:25:08,1900-01-00 00:00:00,dlink-615_EXT,40:86:CB:27:D2:0C,-35, WPA2 ,0.000000,0.000000,0.000,0.000,AP
2025-12-26 17:25:08,1900-01-00 00:00:00,,9C:2F:9D:82:20:A3,-42,,0.000000,0.000000,0.000,0.000,Client
2025-12-26 17:25:08,1900-01-00 00:00:00,dlink-615_EXT,40:86:CB:27:D2:0C,-34, WPA2 ,0.000000,0.000000,0.000,0.000,AP
2025-12-26 17:25:08,1900-01-00 00:00:00,,9C:2F:9D:82:20:A3,-40,,0.000000,0.000000,0.000,0.000,Client
2025-12-26 17:25:08,1900-01-00 00:00:00,dlink-615_EXT,40:86:CB:27:D2:0C,-34, WPA2 ,0.000000,0.000000,0.000,0.000,AP
2025-12-26 17:25:08,1900-01-00 00:00:00,dlink-615_EXT,40:86:CB:27:D2:0C,-34, WPA2 ,0.000000,0.000000,0.000,0.000,AP
2025-12-26 17:25:09,1900-01-00 00:00:00,dlink-615_EXT,40:86:CB:27:D2:0C,-35, WPA2 ,0.000000,0.000000,0.000,0.000,AP
2025-12-26 17:25:09,1900-01-00 00:00:00,dlink-615_EXT,40:86:CB:27:D2:0C,-34, WPA2 ,0.000000,0.000000,0.000,0.000,AP
2025-12-26 17:25:09,1900-01-00 00:00:00,dlink-615_EXT,40:86:CB:27:D2:0C,-34, WPA2 ,0.000000,0.000000,0.000,0.000,AP
2025-12-26 17:25:09,1900-01-00 00:00:00,dlink-615_EXT,40:86:CB:27:D2:0C,-34, WPA2 ,0.000000,0.000000,0.000,0.000,AP
2025-12-26 17:25:09,1900-01-00 00:00:00,dlink-615_EXT,40:86:CB:27:D2:0C,-34, WPA2 ,0.000000,0.000000,0.000,0.000,AP
2025-12-26 17:25:09,1900-01-00 00:00:00,dlink-615_EXT,40:86:CB:27:D2:0C,-35, WPA2 ,0.000000,0.000000,0.000,0.000,AP
2025-12-26 17:25:09,1900-01-00 00:00:00,dlink-615_EXT,40:86:CB:27:D2:0C,-34, WPA2 ,0.000000,0.000000,0.000,0.000,AP
2025-12-26 17:25:09,1900-01-00 00:00:00,,9C:2F:9D:82:20:A3,-43,,0.000000,0.000000,0.000,0.000,Client
2025-12-26 17:25:09,1900-01-00 00:00:00,dlink-615_EXT,40:86:CB:27:D2:0C,-34, WPA2 ,0.000000,0.000000,0.000,0.000,AP
2025-12-26 17:25:09,1900-01-00 00:00:00,dlink-615_EXT,40:86:CB:27:D2:0C,-35, WPA2 ,0.000000,0.000000,0.000,0.000,AP
2025-12-26 17:25:09,1900-01-00 00:00:00,dlink-615_EXT,40:86:CB:27:D2:0C,-34, WPA2 ,0.000000,0.000000,0.000,0.000,AP
2025-12-26 17:25:10,1900-01-00 00:00:00,dlink-615_EXT,40:86:CB:27:D2:0C,-34, WPA2 ,0.000000,0.000000,0.000,0.000,AP
2025-12-26 17:25:10,1900-01-00 00:00:00,dlink-615_EXT,40:86:CB:27:D2:0C,-36, WPA2 ,0.000000,0.000000,0.000,0.000,AP
2025-12-26 17:25:10,1900-01-00 00:00:00,dlink-615_EXT,40:86:CB:27:D2:0C,-36, WPA2 ,0.000000,0.000000,0.000,0.000,AP
2025-12-26 17:25:10,1900-01-00 00:00:00,dlink-615_EXT,40:86:CB:27:D2:0C,-34, WPA2 ,0.000000,0.000000,0.000,0.000,AP
2025-12-26 17:25:10,1900-01-00 00:00:00,,9C:2F:9D:82:20:A3,-42,,0.000000,0.000000,0.000,0.000,Client
2025-12-26 17:25:10,1900-01-00 00:00:00,dlink-615_EXT,40:86:CB:27:D2:0C,-34, WPA2 ,0.000000,0.000000,0.000,0.000,AP
2025-12-26 17:25:10,1900-01-00 00:00:00,dlink-615_EXT,40:86:CB:27:D2:0C,-34, WPA2 ,0.000000,0.000000,0.000,0.000,AP
2025-12-26 17:25:10,1900-01-00 00:00:00,,9C:2F:9D:82:20:A3,-39,,0.000000,0.000000,0.000,0.000,Client
2025-12-26 17:25:10,1900-01-00 00:00:00,dlink-615_EXT,40:86:CB:27:D2:0C,-35, WPA2 ,0.000000,0.000000,0.000,0.000,AP
2025-12-26 17:25:10,1900-01-00 00:00:00,dlink-615_EXT,40:86:CB:27:D2:0C,-35, WPA2 ,0.000000,0.000000,0.000,0.000,AP
2025-12-26 17:25:10,1900-01-00 00:00:00,,D2:6F:12:2F:DE:3D,-25,,0.000000,0.000000,0.000,0.000,Client
2025-12-26 17:25:10,1900-01-00 00:00:00,dlink-615_EXT,40:86:CB:27:D2:0C,-34, WPA2 ,0.000000,0.000000,0.000,0.000,AP
2025-12-26 17:25:11,1900-01-00 00:00:00,dlink-615_EXT,40:86:CB:27:D2:0C,-34, WPA2 ,0.000000,0.000000,0.000,0.000,AP
2025-12-26 17:25:11,1900-01-00 00:00:00,,D2:6F:12:2F:DE:3D,-24,,0.000000,0.000000,0.000,0.000,Client
2025-12-26 17:25:11,1900-01-00 00:00:00,,D2:6F:12:2F:DE:3D,-26,,0.000000,0.000000,0.000,0.000,Client
2025-12-26 17:25:11,1900-01-00 00:00:00,,D2:6F:12:2F:DE:3D,-24,,0.000000,0.000000,0.000,0.000,Client
2025-12-26 17:25:11,1900-01-00 00:00:00,,D2:6F:12:2F:DE:3D,-26,,0.000000,0.000000,0.000,0.000,Client
2025-12-26 17:25:11,1900-01-00 00:00:00,dlink-615_EXT,40:86:CB:27:D2:0C,-35, WPA2 ,0.000000,0.000000,0.000,0.000,AP
2025-12-26 17:25:11,1900-01-00 00:00:00,dlink-615_EXT,40:86:CB:27:D2:0C,-35, WPA2 ,0.000000,0.000000,0.000,0.000,AP
2025-12-26 17:25:11,1900-01-00 00:00:00,,9C:2F:9D:82:20:A3,-37,,0.000000,0.000000,0.000,0.000,Client
2025-12-26 17:25:11,1900-01-00 00:00:00,,9C:2F:9D:82:20:A3,-44,,0.000000,0.000000,0.000,0.000,Client
2025-12-26 17:25:11,1900-01-00 00:00:00,dlink-615_EXT,40:86:CB:27:D2:0C,-34, WPA2 ,0.000000,0.000000,0.000,0.000,AP
2025-12-26 17:25:11,1900-01-00 00:00:00,,D2:6F:12:2F:DE:3D,-28,,0.000000,0.000000,0.000,0.000,Client
2025-12-26 17:25:11,1900-01-00 00:00:00,,D2:6F:12:2F:DE:3D,-26,,0.000000,0.000000,0.000,0.000,Client
2025-12-26 17:25:11,1900-01-00 00:00:00,,D2:6F:12:2F:DE:3D,-26,,0.000000,0.000000,0.000,0.000,Client
2025-12-26 17:25:11,1900-01-00 00:00:00,,D2:6F:12:2F:DE:3D,-26,,0.000000,0.000000,0.000,0.000,Client
2025-12-26 17:25:11,1900-01-00 00:00:00,,D2:6F:12:2F:DE:3D,-26,,0.000000,0.000000,0.000,0.000,Client
2025-12-26 17:25:11,1900-01-00 00:00:00,dlink-615_EXT,40:86:CB:27:D2:0C,-36, WPA2 ,0.000000,0.000000,0.000,0.000,AP
2025-12-26 17:25:11,1900-01-00 00:00:00,,9C:2F:9D:82:20:A3,-41,,0.000000,0.000000,0.000,0.000,Client
2025-12-26 17:25:11,1900-01-00 00:00:00,dlink-615_EXT,40:86:CB:27:D2:0C,-36, WPA2 ,0.000000,0.000000,0.000,0.000,AP
2025-12-26 17:25:11,1900-01-00 00:00:00,,D2:6F:12:2F:DE:3D,-27,,0.000000,0.000000,0.000,0.000,Client
2025-12-26 17:25:11,1900-01-00 00:00:00,,D2:6F:12:2F:DE:3D,-27,,0.000000,0.000000,0.000,0.000,Client
2025-12-26 17:25:11,1900-01-00 00:00:00,,D2:6F:12:2F:DE:3D,-27,,0.000000,0.000000,0.000,0.000,Client
2025-12-26 17:25:11,1900-01-00 00:00:00,,D2:6F:12:2F:DE:3D,-27,,0.000000,0.000000,0.000,0.000,Client
2025-12-26 17:25:11,1900-01-00 00:00:00,dlink-615_EXT,40:86:CB:27:D2:0C,-34, WPA2 ,0.000000,0.000000,0.000,0.000,AP
2025-12-26 17:25:11,1900-01-00 00:00:00,dlink-615_EXT,40:86:CB:27:D2:0C,-34, WPA2 ,0.000000,0.000000,0.000,0.000,AP
2025-12-26 17:25:11,1900-01-00 00:00:00,dlink-615_EXT,40:86:CB:27:D2:0C,-34, WPA2 ,0.000000,0.000000,0.000,0.000,AP
2025-12-26 17:25:11,1900-01-00 00:00:00,,D2:6F:12:2F:DE:3D,-26,,0.000000,0.000000,0.000,0.000,Client
2025-12-26 17:25:11,1900-01-00 00:00:00,,D2:6F:12:2F:DE:3D,-29,,0.000000,0.000000,0.000,0.000,Client
2025-12-26 17:25:11,1900-01-00 00:00:00,dlink-615_EXT,40:86:CB:27:D2:0C,-35, WPA2 ,0.000000,0.000000,0.000,0.000,AP
2025-12-26 17:25:12,1900-01-00 00:00:00,,D2:6F:12:2F:DE:3D,-29,,0.000000,0.000000,0.000,0.000,Client
2025-12-26 17:25:12,1900-01-00 00:00:00,,D2:6F:12:2F:DE:3D,-29,,0.000000,0.000000,0.000,0.000,Client
2025-12-26 17:25:12,1900-01-00 00:00:00,,D2:6F:12:2F:DE:3D,-29,,0.000000,0.000000,0.000,0.000,Client
2025-12-26 17:25:12,1900-01-00 00:00:00,,D2:6F:12:2F:DE:3D,-26,,0.000000,0.000000,0.000,0.000,Client
2025-12-26 17:25:12,1900-01-00 00:00:00,,D2:6F:12:2F:DE:3D,-26,,0.000000,0.000000,0.000,0.000,Client
2025-12-26 17:25:12,1900-01-00 00:00:00,,D2:6F:12:2F:DE:3D,-26,,0.000000,0.000000,0.000,0.000,Client
2025-12-26 17:25:12,1900-01-00 00:00:00,,D2:6F:12:2F:DE:3D,-26,,0.000000,0.000000,0.000,0.000,Client
2025-12-26 17:25:12,1900-01-00 00:00:00,,D2:6F:12:2F:DE:3D,-26,,0.000000,0.000000,0.000,0.000,Client
2025-12-26 17:25:12,1900-01-00 00:00:00,dlink-615_EXT,40:86:CB:27:D2:0C,-35, WPA2 ,0.000000,0.000000,0.000,0.000,AP
2025-12-26 17:25:12,1900-01-00 00:00:00,dlink-615_EXT,40:86:CB:27:D2:0C,-34, WPA2 ,0.000000,0.000000,0.000,0.000,AP
2025-12-26 17:25:12,1900-01-00 00:00:00,,D2:6F:12:2F:DE:3D,-26,,0.000000,0.000000,0.000,0.000,Client
2025-12-26 17:25:12,1900-01-00 00:00:00,,D2:6F:12:2F:DE:3D,-28,,0.000000,0.000000,0.000,0.000,Client
2025-12-26 17:25:12,1900-01-00 00:00:00,,D2:6F:12:2F:DE:3D,-26,,0.000000,0.000000,0.000,0.000,Client
2025-12-26 17:25:12,1900-01-00 00:00:00,,D2:6F:12:2F:DE:3D,-26,,0.000000,0.000000,0.000,0.000,Client
2025-12-26 17:25:12,1900-01-00 00:00:00,dlink-615_EXT,40:86:CB:27:D2:0C,-33, WPA2 ,0.000000,0.000000,0.000,0.000,AP
2025-12-26 17:25:12,1900-01-00 00:00:00,dlink-615_EXT,40:86:CB:27:D2:0C,-36, WPA2 ,0.000000,0.000000,0.000,0.000,AP
2025-12-26 17:25:12,1900-01-00 00:00:00,,D2:6F:12:2F:DE:3D,-27,,0.000000,0.000000,0.000,0.000,Client
2025-12-26 17:25:12,1900-01-00 00:00:00,,D2:6F:12:2F:DE:3D,-27,,0.000000,0.000000,0.000,0.000,Client
2025-12-26 17:25:12,1900-01-00 00:00:00,,D2:6F:12:2F:DE:3D,-27,,0.000000,0.000000,0.000,0.000,Client
2025-12-26 17:25:12,1900-01-00 00:00:00,,D2:6F:12:2F:DE:3D,-27,,0.000000,0.000000,0.000,0.000,Client
2025-12-26 17:25:12,1900-01-00 00:00:00,dlink-615_EXT,40:86:CB:27:D2:0C,-34, WPA2 ,0.000000,0.000000,0.000,0.000,AP
2025-12-26 17:25:12,1900-01-00 00:00:00,,D2:6F:12:2F:DE:3D,-29,,0.000000,0.000000,0.000,0.000,Client
2025-12-26 17:25:12,1900-01-00 00:00:00,dlink-615_EXT,40:86:CB:27:D2:0C,-34, WPA2 ,0.000000,0.000000,0.000,0.000,AP
2025-12-26 17:25:12,1900-01-00 00:00:00,dlink-615_EXT,40:86:CB:27:D2:0C,-34, WPA2 ,0.000000,0.000000,0.000,0.000,AP
2025-12-26 17:25:12,1900-01-00 00:00:00,dlink-615_EXT,40:86:CB:27:D2:0C,-34, WPA2 ,0.000000,0.000000,0.000,0.000,AP
2025-12-26 17:25:12,1900-01-00 00:00:00,dlink-615_EXT,40:86:CB:27:D2:0C,-33, WPA2 ,0.000000,0.000000,0.000,0.000,AP
2025-12-26 17:25:12,1900-01-00 00:00:00,dlink-615_EXT,40:86:CB:27:D2:0C,-35, WPA2 ,0.000000,0.000000,0.000,0.000,AP
2025-12-26 17:25:12,1900-01-00 00:00:00,dlink-615_EXT,40:86:CB:27:D2:0C,-33, WPA2 ,0.000000,0.000000,0.000,0.000,AP
2025-12-26 17:25:12,1900-01-00 00:00:00,dlink-615_EXT,40:86:CB:27:D2:0C,-34, WPA2 ,0.000000,0.000000,0.000,0.000,AP
2025-12-26 17:25:12,1900-01-00 00:00:00,dlink-615_EXT,40:86:CB:27:D2:0C,-34, WPA2 ,0.000000,0.000000,0.000,0.000,AP
2025-12-26 17:25:13,1900-01-00 00:00:00,dlink-615_EXT,40:86:CB:27:D2:0C,-35, WPA2 ,0.000000,0.000000,0.000,0.000,AP
2025-12-26 17:25:13,1900-01-00 00:00:00,dlink-615_EXT,40:86:CB:27:D2:0C,-35, WPA2 ,0.000000,0.000000,0.000,0.000,AP
2025-12-26 17:25:13,1900-01-00 00:00:00,,D2:6F:12:2F:DE:3D,-25,,0.000000,0.000000,0.000,0.000,Client
2025-12-26 17:25:13,1900-01-00 00:00:00,,D2:6F:12:2F:DE:3D,-25,,0.000000,0.000000,0.000,0.000,Client
2025-12-26 17:25:13,1900-01-00 00:00:00,,D2:6F:12:2F:DE:3D,-25,,0.000000,0.000000,0.000,0.000,Client
2025-12-26 17:25:13,1900-01-00 00:00:00,,D2:6F:12:2F:DE:3D,-25,,0.000000,0.000000,0.000,0.000,Client
2025-12-26 17:25:13,1900-01-00 00:00:00,,D2:6F:12:2F:DE:3D,-25,,0.000000,0.000000,0.000,0.000,Client
2025-12-26 17:25:13,1900-01-00 00:00:00,dlink-615_EXT,40:86:CB:27:D2:0C,-34, WPA2 ,0.000000,0.000000,0.000,0.000,AP
2025-12-26 17:25:13,1900-01-00 00:00:00,dlink-615_EXT,40:86:CB:27:D2:0C,-34, WPA2 ,0.000000,0.000000,0.000,0.000,AP
2025-12-26 17:25:13,1900-01-00 00:00:00,dlink-615_EXT,40:86:CB:27:D2:0C,-33, WPA2 ,0.000000,0.000000,0.000,0.000,AP
2025-12-26 17:25:13,1900-01-00 00:00:00,,D2:6F:12:2F:DE:3D,-27,,0.000000,0.000000,0.000,0.000,Client
2025-12-26 17:25:13,1900-01-00 00:00:00,dlink-615_EXT,40:86:CB:27:D2:0C,-34, WPA2 ,0.000000,0.000000,0.000,0.000,AP
2025-12-26 17:25:13,1900-01-00 00:00:00,dlink-615_EXT,40:86:CB:27:D2:0C,-34, WPA2 ,0.000000,0.000000,0.000,0.000,AP
2025-12-26 17:25:13,1900-01-00 00:00:00,,9C:2F:9D:82:20:A3,-41,,0.000000,0.000000,0.000,0.000,Client
2025-12-26 17:25:13,1900-01-00 00:00:00,dlink-615_EXT,40:86:CB:27:D2:0C,-34, WPA2 ,0.000000,0.000000,0.000,0.000,AP
2025-12-26 17:25:13,1900-01-00 00:00:00,,9C:2F:9D:82:20:A3,-41,,0.000000,0.000000,0.000,0.000,Client
2025-12-26 17:25:13,1900-01-00 00:00:00,dlink-615_EXT,40:86:CB:27:D2:0C,-34, WPA2 ,0.000000,0.000000,0.000,0.000,AP
2025-12-26 17:25:13,1900-01-00 00:00:00,dlink-615_EXT,40:86:CB:27:D2:0C,-35, WPA2 ,0.000000,0.000000,0.000,0.000,AP
2025-12-26 17:25:14,1900-01-00 00:00:00,dlink-615_EXT,40:86:CB:27:D2:0C,-34, WPA2 ,0.000000,0.000000,0.000,0.000,AP
2025-12-26 17:25:14,1900-01-00 00:00:00,,9C:2F:9D:82:20:A3,-41,,0.000000,0.000000,0.000,0.000,Client
2025-12-26 17:25:14,1900-01-00 00:00:00,dlink-615_EXT,40:86:CB:27:D2:0C,-34, WPA2 ,0.000000,0.000000,0.000,0.000,AP
2025-12-26 17:25:14,1900-01-00 00:00:00,,9C:2F:9D:82:20:A3,-37,,0.000000,0.000000,0.000,0.000,Client
2025-12-26 17:25:14,1900-01-00 00:00:00,dlink-615_EXT,40:86:CB:27:D2:0C,-35, WPA2 ,0.000000,0.000000,0.000,0.000,AP
2025-12-26 17:25:14,1900-01-00 00:00:00,,9C:2F:9D:82:20:A3,-41,,0.000000,0.000000,0.000,0.000,Client
2025-12-26 17:25:14,1900-01-00 00:00:00,dlink-615_EXT,40:86:CB:27:D2:0C,-36, WPA2 ,0.000000,0.000000,0.000,0.000,AP
2025-12-26 17:25:14,1900-01-00 00:00:00,dlink-615_EXT,40:86:CB:27:D2:0C,-34, WPA2 ,0.000000,0.000000,0.000,0.000,AP
2025-12-26 17:25:14,1900-01-00 00:00:00,,9C:2F:9D:82:20:A3,-42,,0.000000,0.000000,0.000,0.000,Client
2025-12-26 17:25:14,1900-01-00 00:00:00,dlink-615_EXT,40:86:CB:27:D2:0C,-34, WPA2 ,0.000000,0.000000,0.000,0.000,AP
2025-12-26 17:25:14,1900-01-00 00:00:00,dlink-615_EXT,40:86:CB:27:D2:0C,-34, WPA2 ,0.000000,0.000000,0.000,0.000,AP
2025-12-26 17:25:14,1900-01-00 00:00:00,,9C:2F:9D:82:20:A3,-41,,0.000000,0.000000,0.000,0.000,Client
2025-12-26 17:25:14,1900-01-00 00:00:00,dlink-615_EXT,40:86:CB:27:D2:0C,-35, WPA2 ,0.000000,0.000000,0.000,0.000,AP
2025-12-26 17:25:14,1900-01-00 00:00:00,,9C:2F:9D:82:20:A3,-41,,0.000000,0.000000,0.000,0.000,Client
2025-12-26 17:25:14,1900-01-00 00:00:00,dlink-615_EXT,40:86:CB:27:D2:0C,-34, WPA2 ,0.000000,0.000000,0.000,0.000,AP
2025-12-26 17:25:15,1900-01-00 00:00:00,dlink-615_EXT,40:86:CB:27:D2:0C,-35, WPA2 ,0.000000,0.000000,0.000,0.000,AP
2025-12-26 17:25:15,1900-01-00 00:00:00,dlink-615_EXT,40:86:CB:27:D2:0C,-34, WPA2 ,0.000000,0.000000,0.000,0.000,AP
2025-12-26 17:25:15,1900-01-00 00:00:00,,9C:2F:9D:82:20:A3,-38,,0.000000,0.000000,0.000,0.000,Client
2025-12-26 17:25:15,1900-01-00 00:00:00,dlink-615_EXT,40:86:CB:27:D2:0C,-34, WPA2 ,0.000000,0.000000,0.000,0.000,AP
2025-12-26 17:25:15,1900-01-00 00:00:00,,9C:2F:9D:82:20:A3,-38,,0.000000,0.000000,0.000,0.000,Client
2025-12-26 17:25:15,1900-01-00 00:00:00,dlink-615_EXT,40:86:CB:27:D2:0C,-34, WPA2 ,0.000000,0.000000,0.000,0.000,AP
2025-12-26 17:25:15,1900-01-00 00:00:00,dlink-615_EXT,40:86:CB:27:D2:0C,-34, WPA2 ,0.000000,0.000000,0.000,0.000,AP
2025-12-26 17:25:15,1900-01-00 00:00:00,dlink-615_EXT,40:86:CB:27:D2:0C,-35, WPA2 ,0.000000,0.000000,0.000,0.000,AP
2025-12-26 17:25:15,1900-01-00 00:00:00,dlink-615_EXT,40:86:CB:27:D2:0C,-34, WPA2 ,0.000000,0.000000,0.000,0.000,AP
2025-12-26 17:25:15,1900-01-00 00:00:00,dlink-615_EXT,40:86:CB:27:D2:0C,-35, WPA2 ,0.000000,0.000000,0.000,0.000,AP
2025-12-26 17:25:15,1900-01-00 00:00:00,dlink-615_EXT,40:86:CB:27:D2:0C,-34, WPA2 ,0.000000,0.000000,0.000,0.000,AP
2025-12-26 17:25:15,1900-01-00 00:00:00,dlink-615_EXT,40:86:CB:27:D2:0C,-35, WPA2 ,0.000000,0.000000,0.000,0.000,AP
2025-12-26 17:25:15,1900-01-00 00:00:00,dlink-615_EXT,40:86:CB:27:D2:0C,-34, WPA2 ,0.000000,0.000000,0.000,0.000,AP
2025-12-26 17:25:16,1900-01-00 00:00:00,dlink-615_EXT,40:86:CB:27:D2:0C,-34, WPA2 ,0.000000,0.000000,0.000,0.000,AP
2025-12-26 17:25:16,1900-01-00 00:00:00,dlink-615_EXT,40:86:CB:27:D2:0C,-36, WPA2 ,0.000000,0.000000,0.000,0.000,AP
2025-12-26 17:25:16,1900-01-00 00:00:00,dlink-615_EXT,40:86:CB:27:D2:0C,-34, WPA2 ,0.000000,0.000000,0.000,0.000,AP
2025-12-26 17:25:16,1900-01-00 00:00:00,dlink-615_EXT,40:86:CB:27:D2:0C,-34, WPA2 ,0.000000,0.000000,0.000,0.000,AP
2025-12-26 17:25:16,1900-01-00 00:00:00,dlink-615_EXT,40:86:CB:27:D2:0C,-37, WPA2 ,0.000000,0.000000,0.000,0.000,AP
2025-12-26 17:25:16,1900-01-00 00:00:00,dlink-615_EXT,40:86:CB:27:D2:0C,-34, WPA2 ,0.000000,0.000000,0.000,0.000,AP
2025-12-26 17:25:16,1900-01-00 00:00:00,dlink-615_EXT,40:86:CB:27:D2:0C,-35, WPA2 ,0.000000,0.000000,0.000,0.000,AP
2025-12-26 17:25:16,1900-01-00 00:00:00,dlink-615_EXT,40:86:CB:27:D2:0C,-37, WPA2 ,0.000000,0.000000,0.000,0.000,AP
2025-12-26 17:25:16,1900-01-00 00:00:00,dlink-615_EXT,40:86:CB:27:D2:0C,-35, WPA2 ,0.000000,0.000000,0.000,0.000,AP
2025-12-26 17:25:16,1900-01-00 00:00:00,dlink-615_EXT,40:86:CB:27:D2:0C,-34, WPA2 ,0.000000,0.000000,0.000,0.000,AP
2025-12-26 17:25:16,1900-01-00 00:00:00,dlink-615_EXT,40:86:CB:27:D2:0C,-34, WPA2 ,0.000000,0.000000,0.000,0.000,AP
2025-12-26 17:25:17,1900-01-00 00:00:00,dlink-615_EXT,40:86:CB:27:D2:0C,-36, WPA2 ,0.000000,0.000000,0.000,0.000,AP
2025-12-26 17:25:17,1900-01-00 00:00:00,dlink-615_EXT,40:86:CB:27:D2:0C,-35, WPA2 ,0.000000,0.000000,0.000,0.000,AP
2025-12-26 17:25:17,1900-01-00 00:00:00,,9C:2F:9D:82:20:A3,-39,,0.000000,0.000000,0.000,0.000,Client
2025-12-26 17:25:17,1900-01-00 00:00:00,dlink-615_EXT,40:86:CB:27:D2:0C,-36, WPA2 ,0.000000,0.000000,0.000,0.000,AP
2025-12-26 17:25:17,1900-01-00 00:00:00,,9C:2F:9D:82:20:A3,-39,,0.000000,0.000000,0.000,0.000,Client
2025-12-26 17:25:17,1900-01-00 00:00:00,dlink-615_EXT,40:86:CB:27:D2:0C,-34, WPA2 ,0.000000,0.000000,0.000,0.000,AP
2025-12-26 17:25:17,1900-01-00 00:00:00,,D2:6F:12:2F:DE:3D,-25,,0.000000,0.000000,0.000,0.000,Client
2025-12-26 17:25:17,1900-01-00 00:00:00,dlink-615_EXT,40:86:CB:27:D2:0C,-34, WPA2 ,0.000000,0.000000,0.000,0.000,AP
2025-12-26 17:25:17,1900-01-00 00:00:00,,9C:2F:9D:82:20:A3,-42,,0.000000,0.000000,0.000,0.000,Client
2025-12-26 17:25:17,1900-01-00 00:00:00,dlink-615_EXT,40:86:CB:27:D2:0C,-36, WPA2 ,0.000000,0.000000,0.000,0.000,AP
2025-12-26 17:25:17,1900-01-00 00:00:00,,9C:2F:9D:82:20:A3,-41,,0.000000,0.000000,0.000,0.000,Client
2025-12-26 17:25:17,1900-01-00 00:00:00,,D2:6F:12:2F:DE:3D,-25,,0.000000,0.000000,0.000,0.000,Client
2025-12-26 17:25:17,1900-01-00 00:00:00,,D2:6F:12:2F:DE:3D,-25,,0.000000,0.000000,0.000,0.000,Client
2025-12-26 17:25:17,1900-01-00 00:00:00,,D2:6F:12:2F:DE:3D,-25,,0.000000,0.000000,0.000,0.000,Client
2025-12-26 17:25:17,1900-01-00 00:00:00,,D2:6F:12:2F:DE:3D,-24,,0.000000,0.000000,0.000,0.000,Client
2025-12-26 17:25:17,1900-01-00 00:00:00,,D2:6F:12:2F:DE:3D,-25,,0.000000,0.000000,0.000,0.000,Client
2025-12-26 17:25:17,1900-01-00 00:00:00,dlink-615_EXT,40:86:CB:27:D2:0C,-34, WPA2 ,0.000000,0.000000,0.000,0.000,AP
2025-12-26 17:25:17,1900-01-00 00:00:00,dlink-615_EXT,40:86:CB:27:D2:0C,-35, WPA2 ,0.000000,0.000000,0.000,0.000,AP
2025-12-26 17:25:17,1900-01-00 00:00:00,,D2:6F:12:2F:DE:3D,-26,,0.000000,0.000000,0.000,0.000,Client
2025-12-26 17:25:17,1900-01-00 00:00:00,,D2:6F:12:2F:DE:3D,-29,,0.000000,0.000000,0.000,0.000,Client
2025-12-26 17:25:17,1900-01-00 00:00:00,,D2:6F:12:2F:DE:3D,-29,,0.000000,0.000000,0.000,0.000,Client
2025-12-26 17:25:17,1900-01-00 00:00:00,,D2:6F:12:2F:DE:3D,-29,,0.000000,0.000000,0.000,0.000,Client
2025-12-26 17:25:17,1900-01-00 00:00:00,dlink-615_EXT,40:86:CB:27:D2:0C,-35, WPA2 ,0.000000,0.000000,0.000,0.000,AP
2025-12-26 17:25:18,1900-01-00 00:00:00,,D2:6F:12:2F:DE:3D,-26,,0.000000,0.000000,0.000,0.000,Client
2025-12-26 17:25:18,1900-01-00 00:00:00,,D2:6F:12:2F:DE:3D,-26,,0.000000,0.000000,0.000,0.000,Client
2025-12-26 17:25:18,1900-01-00 00:00:00,,D2:6F:12:2F:DE:3D,-26,,0.000000,0.000000,0.000,0.000,Client
2025-12-26 17:25:18,1900-01-00 00:00:00,,D2:6F:12:2F:DE:3D,-26,,0.000000,0.000000,0.000,0.000,Client
2025-12-26 17:25:18,1900-01-00 00:00:00,,D2:6F:12:2F:DE:3D,-26,,0.000000,0.000000,0.000,0.000,Client
2025-12-26 17:25:18,1900-01-00 00:00:00,,D2:6F:12:2F:DE:3D,-26,,0.000000,0.000000,0.000,0.000,Client
2025-12-26 17:25:18,1900-01-00 00:00:00,,D2:6F:12:2F:DE:3D,-26,,0.000000,0.000000,0.000,0.000,Client
2025-12-26 17:25:18,1900-01-00 00:00:00,,9C:2F:9D:82:20:A3,-38,,0.000000,0.000000,0.000,0.000,Client
2025-12-26 17:25:18,1900-01-00 00:00:00,dlink-615_EXT,40:86:CB:27:D2:0C,-35, WPA2 ,0.000000,0.000000,0.000,0.000,AP
